INFO 07-17 19:20:20 [model.py:621] Resolved architecture: GlmMoeDsaForCausalLM
INFO 07-17 19:20:20 [model.py:1786] Using max model len 400000
INFO 07-17 19:20:21 [cache.py:285] Using fp8_ds_mla data type to store kv cache. It reduces the GPU memory footprint and boosts the performance. Meanwhile, it may cause accuracy drop without a proper scaling factor
INFO 07-17 19:20:21 [scheduler.py:252] Chunked prefill is enabled with max_num_batched_tokens=8192.
INFO 07-17 19:20:21 [vllm.py:1096] Asynchronous scheduling is enabled.
INFO 07-17 19:20:21 [kernel.py:295] Final IR op priority after setting platform defaults: IrOpPriorityConfig(rms_norm=['native'], fused_add_rms_norm=['native'])
INFO 07-17 19:20:25 [compilation.py:312] Enabled custom fusions: allreduce_rms
{
  "machine_profile": {
    "fixed_hbm_allocations": {
      "baseline_cudagraph_upper_bound": 69793219,
      "baseline_non_torch_upper_bound": 681826058,
      "baseline_peak_activation_upper_bound": 1218696970,
      "observed_tiered_runtime_reconciliation": 2226232113
    },
    "fixed_host_allocations": {},
    "gpu_sm_count": 132,
    "hbm_capacity_bytes": 102006521856,
    "host_capacity_bytes": 127587581952,
    "machine": "JUPITER Booster GH200 rank-local NUMA domain",
    "measurement_source": "2026-07-16 baseline vLLM memory-profile logs plus 2026-07-17 tiered host-UVA startup; capacity is the physical 97281 MiB reported per GPU and runtime reconciliation is the measured final-allocation gap after releasing allocator cache",
    "path": "/e/project1/profound/alint77/vllm/agent_space/profiles/jupiter-gh200-baseline.json",
    "profile_version": 1,
    "sha256": "32a22c5baf8fac3922d16e479e8e0cca32724d02d8085465d12019f35f88224f"
  },
  "manifest": {
    "checkpoint_bytes": 387667154688,
    "checkpoint_expert_bytes": 19464240,
    "config_sha256": "5b6d942773fe1ffc81e28acc491bc6873acb061b4de24f3301784b71f8f1841c",
    "ep_size": 4,
    "index_sha256": "74d73bfaa26425beaf618342f4a0851b21d9198138b76bfb678f88164d987beb",
    "model_path": "/e/project1/profound/alint77/models/GLM-5.2-W4A16-55c92ae",
    "non_routed_bytes": 13953746688,
    "num_experts": 256,
    "rank_checkpoint_expert_bytes": [
      93428352000,
      93428352000,
      93428352000,
      93428352000
    ],
    "rank_runtime_expert_bytes": [
      93428160000,
      93428160000,
      93428160000,
      93428160000
    ],
    "routed_expert_bytes": 373713408000,
    "routed_layers": [
      3,
      4,
      5,
      6,
      7,
      8,
      9,
      10,
      11,
      12,
      13,
      14,
      15,
      16,
      17,
      18,
      19,
      20,
      21,
      22,
      23,
      24,
      25,
      26,
      27,
      28,
      29,
      30,
      31,
      32,
      33,
      34,
      35,
      36,
      37,
      38,
      39,
      40,
      41,
      42,
      43,
      44,
      45,
      46,
      47,
      48,
      49,
      50,
      51,
      52,
      53,
      54,
      55,
      56,
      57,
      58,
      59,
      60,
      61,
      62,
      63,
      64,
      65,
      66,
      67,
      68,
      69,
      70,
      71,
      72,
      73,
      74,
      75,
      76,
      77
    ],
    "runtime_expert_bytes": 19464200,
    "runtime_expert_format": "vllm_marlin_static_w4a16",
    "tensor_count": 175527
  },
  "non_routed_runtime": {
    "checkpoint_bytes": 13953746688,
    "dropped_checkpoint_bytes": 1068397056,
    "full_indexer_layers": [
      0,
      1,
      2,
      6,
      10,
      14,
      18,
      22,
      26,
      30,
      34,
      38,
      42,
      46,
      50,
      54,
      58,
      62,
      66,
      70,
      74
    ],
    "fusion_savings_bytes": 2496,
    "placement_counts": {
      "dropped": 285,
      "replicated": 1504,
      "tp_sharded": 938
    },
    "replicated_bytes": 1280365824,
    "runtime_bytes_per_rank": 4181609280,
    "tp_sharded_checkpoint_bytes": 11604983808,
    "tp_sharded_runtime_bytes": 2901245952,
    "tp_size": 4
  },
  "placement_profile": {
    "config_sha256": "5b6d942773fe1ffc81e28acc491bc6873acb061b4de24f3301784b71f8f1841c",
    "ep_size": 4,
    "heldout_request_count": 2,
    "hot_expert_slots_by_rank": [
      3176,
      3176,
      3176,
      3176
    ],
    "index_sha256": "74d73bfaa26425beaf618342f4a0851b21d9198138b76bfb678f88164d987beb",
    "num_experts": 256,
    "optimizer": "greedy-balanced-owner+frequency-residency-v1",
    "path": "/e/project1/profound/alint77/vllm/agent_space/experiments/2026-07-17-trace-placement/placement-profile.json",
    "routed_layer_count": 75,
    "sha256": "ec4c273cf7c5eb431737bc8dd2d18537aaa5a901e381cdd2ed9bc07cbcc9548b",
    "training_request_count": 6
  },
  "planning_seconds": 1.6459352600068087,
  "runtime_buffers": {
    "alignment_bytes": 663528,
    "conversion_scratch_bytes": 67108864,
    "global_num_experts": 256,
    "hidden_size": 6144,
    "intermediate_bytes": 3221225472,
    "intermediate_size": 2048,
    "local_num_experts": 64,
    "marlin_block_size": 64,
    "marlin_lock_bytes": 4224,
    "max_num_batched_tokens": 8192,
    "placement_map_bytes": 249600,
    "remap_bytes": 1048576,
    "routed_layer_count": 75,
    "sm_count": 132,
    "steady_hbm_bytes": 3223191400,
    "topk": 8
  },
  "scenarios": {
    "hbm": {
      "kv_cache": {
        "allocated_tokens": 400064,
        "block_size": 64,
        "hbm_bytes": 21579452160,
        "host_bytes": 0,
        "indexer_cache_bytes": 1108977408,
        "indexer_cache_tier": "hbm",
        "indexer_layer_count": 21,
        "indexer_layer_ids": [
          0,
          1,
          2,
          6,
          10,
          14,
          18,
          22,
          26,
          30,
          34,
          38,
          42,
          46,
          50,
          54,
          58,
          62,
          66,
          70,
          74
        ],
        "indexer_page_bytes_per_layer": 8448,
        "main_cache_bytes": 20470474752,
        "main_cache_dtype": "fp8_ds_mla",
        "main_cache_tier": "hbm",
        "main_layer_count": 78,
        "main_model_version": null,
        "main_page_bytes_per_layer": 41984,
        "main_spec_kind": "MLAAttentionSpec",
        "max_model_len": 400000,
        "num_blocks": 6251
      },
      "plans": [
        {
          "cold_allocation_kind": "pinned_uva",
          "cold_expert_bytes": 31609860800,
          "cold_expert_slots": 1624,
          "ep_rank": 0,
          "ep_size": 4,
          "expert_bytes": 19464200,
          "fixed_hbm_allocations": {
            "baseline_cudagraph_upper_bound": 69793219,
            "baseline_non_torch_upper_bound": 681826058,
            "baseline_peak_activation_upper_bound": 1218696970,
            "indexer_cache": 1108977408,
            "main_mla_cache": 20470474752,
            "non_routed_weights": 4181609280,
            "observed_tiered_runtime_reconciliation": 2226232113,
            "tiered_moe_runtime_buffers": 3223191400
          },
          "fixed_hbm_bytes": 33180801200,
          "fixed_host_allocations": {},
          "fixed_host_bytes": 0,
          "hbm_capacity_bytes": 102006521856,
          "hbm_reserve_bytes": 7000000000,
          "host_capacity_bytes": 127587581952,
          "host_reserve_bytes": 8000000000,
          "hot_expert_bytes": 61818299200,
          "hot_expert_slots": 3176,
          "layers": [
            {
              "cold_expert_ids": [
                9,
                16,
                29,
                31,
                44,
                45,
                55,
                69,
                75,
                86,
                88,
                92,
                96,
                105,
                107,
                109,
                121,
                133,
                153,
                155,
                156,
                159,
                168,
                188,
                208,
                210,
                219,
                229,
                244,
                253
              ],
              "hot_expert_ids": [
                2,
                3,
                4,
                7,
                13,
                15,
                19,
                22,
                23,
                28,
                52,
                70,
                73,
                90,
                97,
                100,
                110,
                114,
                127,
                128,
                135,
                136,
                149,
                152,
                158,
                160,
                161,
                180,
                185,
                190,
                201,
                218,
                233,
                238
              ],
              "layer_id": 3
            },
            {
              "cold_expert_ids": [
                33,
                54,
                71,
                115,
                117,
                126,
                128,
                149,
                230,
                254,
                255
              ],
              "hot_expert_ids": [
                0,
                13,
                14,
                15,
                18,
                28,
                37,
                47,
                63,
                67,
                76,
                77,
                79,
                82,
                83,
                85,
                87,
                93,
                95,
                96,
                99,
                108,
                109,
                113,
                122,
                134,
                139,
                146,
                152,
                154,
                155,
                164,
                167,
                168,
                177,
                187,
                191,
                192,
                194,
                199,
                200,
                204,
                206,
                208,
                210,
                212,
                227,
                231,
                232,
                234,
                239,
                247,
                253
              ],
              "layer_id": 4
            },
            {
              "cold_expert_ids": [
                18,
                36,
                102,
                185,
                210
              ],
              "hot_expert_ids": [
                0,
                6,
                7,
                10,
                11,
                23,
                27,
                33,
                35,
                39,
                42,
                48,
                60,
                63,
                68,
                69,
                73,
                78,
                80,
                91,
                103,
                106,
                107,
                116,
                120,
                123,
                128,
                138,
                145,
                147,
                151,
                152,
                155,
                161,
                163,
                167,
                168,
                169,
                172,
                174,
                180,
                190,
                194,
                196,
                197,
                205,
                207,
                208,
                209,
                211,
                212,
                219,
                223,
                232,
                234,
                241,
                243,
                247,
                249
              ],
              "layer_id": 5
            },
            {
              "cold_expert_ids": [
                242,
                245,
                251
              ],
              "hot_expert_ids": [
                1,
                19,
                21,
                22,
                31,
                35,
                39,
                42,
                44,
                48,
                52,
                54,
                57,
                60,
                64,
                69,
                73,
                74,
                80,
                83,
                85,
                92,
                99,
                103,
                107,
                108,
                110,
                114,
                115,
                125,
                130,
                131,
                133,
                141,
                152,
                156,
                158,
                161,
                163,
                170,
                172,
                186,
                189,
                195,
                198,
                199,
                200,
                207,
                209,
                216,
                219,
                222,
                227,
                229,
                231,
                234,
                235,
                239,
                243,
                244,
                255
              ],
              "layer_id": 6
            },
            {
              "cold_expert_ids": [
                13,
                27,
                52,
                169,
                188,
                242
              ],
              "hot_expert_ids": [
                1,
                2,
                6,
                8,
                12,
                21,
                24,
                25,
                26,
                33,
                44,
                46,
                50,
                53,
                55,
                69,
                70,
                74,
                75,
                89,
                90,
                91,
                100,
                102,
                103,
                108,
                111,
                114,
                120,
                121,
                123,
                125,
                134,
                138,
                139,
                140,
                141,
                146,
                150,
                151,
                164,
                170,
                183,
                192,
                195,
                204,
                208,
                214,
                215,
                221,
                222,
                223,
                232,
                240,
                241,
                243,
                247,
                254
              ],
              "layer_id": 7
            },
            {
              "cold_expert_ids": [
                5,
                61,
                91,
                103,
                120,
                133,
                134,
                160,
                171,
                178,
                233
              ],
              "hot_expert_ids": [
                7,
                10,
                11,
                13,
                16,
                17,
                23,
                24,
                29,
                30,
                37,
                46,
                47,
                60,
                62,
                66,
                67,
                70,
                71,
                74,
                79,
                81,
                89,
                92,
                97,
                101,
                121,
                124,
                127,
                135,
                139,
                145,
                149,
                154,
                163,
                167,
                187,
                193,
                198,
                203,
                204,
                206,
                210,
                211,
                215,
                221,
                225,
                226,
                236,
                244,
                248,
                250,
                252
              ],
              "layer_id": 8
            },
            {
              "cold_expert_ids": [
                56,
                97,
                156,
                197,
                206,
                213,
                240,
                254
              ],
              "hot_expert_ids": [
                5,
                9,
                15,
                17,
                22,
                25,
                32,
                39,
                44,
                46,
                52,
                53,
                57,
                59,
                64,
                65,
                69,
                78,
                80,
                83,
                85,
                87,
                89,
                90,
                95,
                96,
                106,
                107,
                109,
                115,
                116,
                137,
                139,
                141,
                148,
                151,
                160,
                167,
                170,
                174,
                177,
                180,
                181,
                190,
                191,
                200,
                204,
                209,
                220,
                223,
                230,
                232,
                234,
                235,
                243,
                247
              ],
              "layer_id": 9
            },
            {
              "cold_expert_ids": [
                28,
                41,
                60,
                73,
                96,
                142,
                177,
                182,
                206,
                228,
                243,
                253
              ],
              "hot_expert_ids": [
                1,
                4,
                5,
                7,
                12,
                13,
                14,
                34,
                38,
                45,
                51,
                52,
                55,
                56,
                58,
                61,
                66,
                69,
                75,
                76,
                93,
                98,
                102,
                105,
                111,
                115,
                117,
                118,
                120,
                121,
                122,
                123,
                127,
                144,
                149,
                153,
                165,
                170,
                175,
                180,
                184,
                197,
                207,
                209,
                210,
                211,
                212,
                230,
                231,
                235,
                240,
                249
              ],
              "layer_id": 10
            },
            {
              "cold_expert_ids": [
                34,
                55,
                92,
                112,
                122,
                131,
                145,
                153,
                185,
                216,
                251
              ],
              "hot_expert_ids": [
                1,
                3,
                8,
                10,
                11,
                12,
                15,
                23,
                33,
                37,
                41,
                48,
                53,
                56,
                58,
                60,
                70,
                72,
                79,
                82,
                85,
                87,
                97,
                101,
                102,
                103,
                118,
                141,
                142,
                149,
                150,
                155,
                167,
                172,
                175,
                176,
                180,
                184,
                194,
                197,
                200,
                202,
                204,
                208,
                222,
                225,
                228,
                229,
                236,
                238,
                239,
                242,
                245
              ],
              "layer_id": 11
            },
            {
              "cold_expert_ids": [
                12,
                18,
                24,
                38,
                41,
                46,
                57,
                60,
                61,
                62,
                65,
                72,
                82,
                107,
                115,
                119,
                126,
                127,
                129,
                134,
                145,
                146,
                172,
                177,
                248,
                249,
                250,
                254
              ],
              "hot_expert_ids": [
                0,
                1,
                8,
                19,
                33,
                49,
                64,
                78,
                89,
                93,
                99,
                100,
                102,
                108,
                113,
                114,
                120,
                128,
                130,
                133,
                139,
                143,
                148,
                156,
                157,
                160,
                167,
                169,
                183,
                184,
                190,
                197,
                221,
                225,
                228,
                246
              ],
              "layer_id": 12
            },
            {
              "cold_expert_ids": [
                8,
                35,
                57,
                80,
                84,
                130,
                137,
                143,
                165,
                166,
                250
              ],
              "hot_expert_ids": [
                10,
                11,
                13,
                21,
                24,
                28,
                33,
                36,
                39,
                42,
                54,
                56,
                61,
                66,
                76,
                81,
                93,
                101,
                114,
                115,
                116,
                117,
                119,
                124,
                125,
                136,
                141,
                150,
                153,
                160,
                169,
                170,
                188,
                191,
                199,
                202,
                203,
                206,
                210,
                212,
                213,
                221,
                224,
                225,
                232,
                234,
                235,
                236,
                240,
                242,
                244,
                248,
                252
              ],
              "layer_id": 13
            },
            {
              "cold_expert_ids": [
                21,
                28,
                32,
                45,
                120,
                130,
                136,
                166,
                176,
                218,
                226,
                227,
                230,
                238
              ],
              "hot_expert_ids": [
                25,
                30,
                34,
                39,
                46,
                51,
                53,
                55,
                61,
                63,
                65,
                70,
                72,
                74,
                76,
                79,
                80,
                83,
                91,
                94,
                95,
                96,
                98,
                101,
                111,
                112,
                118,
                124,
                127,
                133,
                134,
                150,
                162,
                179,
                180,
                182,
                195,
                196,
                197,
                200,
                203,
                206,
                211,
                219,
                222,
                231,
                234,
                235,
                237,
                247
              ],
              "layer_id": 14
            },
            {
              "cold_expert_ids": [
                0,
                38,
                40,
                42,
                51,
                64,
                69,
                99,
                101,
                112,
                116,
                119,
                129,
                138,
                149,
                153,
                161,
                169,
                182,
                188,
                199,
                203,
                207,
                208,
                233,
                236,
                238,
                253
              ],
              "hot_expert_ids": [
                1,
                7,
                10,
                19,
                25,
                29,
                32,
                43,
                45,
                63,
                68,
                74,
                80,
                85,
                88,
                91,
                92,
                94,
                103,
                111,
                125,
                128,
                137,
                142,
                145,
                162,
                167,
                172,
                186,
                198,
                204,
                222,
                228,
                230,
                241,
                244
              ],
              "layer_id": 15
            },
            {
              "cold_expert_ids": [
                15,
                20,
                30,
                46,
                47,
                49,
                50,
                59,
                62,
                70,
                82,
                88,
                91,
                104,
                111,
                121,
                139,
                156,
                162,
                182,
                195,
                196,
                212,
                213,
                241,
                249,
                254
              ],
              "hot_expert_ids": [
                3,
                6,
                12,
                13,
                28,
                57,
                58,
                60,
                68,
                69,
                78,
                84,
                94,
                100,
                105,
                108,
                110,
                112,
                115,
                118,
                120,
                124,
                132,
                140,
                146,
                150,
                152,
                154,
                158,
                174,
                186,
                201,
                207,
                209,
                230,
                237,
                242
              ],
              "layer_id": 16
            },
            {
              "cold_expert_ids": [
                19,
                20,
                25,
                31,
                40,
                43,
                47,
                53,
                57,
                62,
                64,
                69,
                85,
                109,
                113,
                117,
                131,
                136,
                143,
                145,
                150,
                153,
                165,
                183,
                187,
                209,
                221,
                239,
                242,
                249
              ],
              "hot_expert_ids": [
                14,
                15,
                18,
                27,
                29,
                37,
                44,
                50,
                59,
                72,
                74,
                77,
                92,
                103,
                116,
                119,
                121,
                124,
                129,
                130,
                137,
                141,
                149,
                156,
                157,
                164,
                168,
                170,
                176,
                181,
                201,
                204,
                208,
                248
              ],
              "layer_id": 17
            },
            {
              "cold_expert_ids": [
                2,
                9,
                14,
                15,
                21,
                46,
                48,
                60,
                64,
                76,
                109,
                111,
                138,
                145,
                146,
                151,
                153,
                173,
                182,
                184,
                191,
                193,
                228,
                251,
                255
              ],
              "hot_expert_ids": [
                1,
                3,
                18,
                27,
                28,
                31,
                41,
                44,
                62,
                77,
                95,
                96,
                113,
                124,
                130,
                139,
                143,
                148,
                154,
                156,
                157,
                160,
                166,
                170,
                171,
                178,
                186,
                195,
                198,
                207,
                210,
                212,
                230,
                233,
                234,
                236,
                241,
                246,
                253
              ],
              "layer_id": 18
            },
            {
              "cold_expert_ids": [
                4,
                10,
                12,
                21,
                54,
                66,
                67,
                80,
                81,
                94,
                113,
                117,
                127,
                141,
                147,
                162,
                164,
                179,
                184,
                188,
                191,
                201,
                217,
                246
              ],
              "hot_expert_ids": [
                11,
                14,
                16,
                19,
                22,
                23,
                26,
                37,
                40,
                42,
                59,
                62,
                64,
                68,
                77,
                82,
                86,
                98,
                99,
                100,
                106,
                116,
                124,
                126,
                143,
                145,
                149,
                155,
                166,
                173,
                183,
                185,
                187,
                205,
                213,
                216,
                222,
                225,
                241,
                245
              ],
              "layer_id": 19
            },
            {
              "cold_expert_ids": [
                0,
                2,
                11,
                16,
                17,
                21,
                42,
                43,
                45,
                68,
                79,
                80,
                86,
                95,
                98,
                104,
                106,
                108,
                109,
                115,
                131,
                136,
                150,
                152,
                165,
                167,
                170,
                184,
                189,
                203,
                223,
                227,
                236,
                244,
                250,
                253
              ],
              "hot_expert_ids": [
                3,
                12,
                28,
                39,
                57,
                60,
                63,
                65,
                77,
                84,
                102,
                119,
                120,
                128,
                132,
                158,
                168,
                171,
                182,
                185,
                186,
                190,
                198,
                201,
                209,
                216,
                221,
                241
              ],
              "layer_id": 20
            },
            {
              "cold_expert_ids": [
                1,
                6,
                16,
                21,
                23,
                29,
                37,
                38,
                41,
                43,
                45,
                58,
                61,
                63,
                74,
                126,
                134,
                135,
                143,
                156,
                159,
                160,
                168,
                190,
                193,
                195,
                197,
                198,
                204,
                208,
                209,
                219,
                222,
                253
              ],
              "hot_expert_ids": [
                20,
                31,
                56,
                59,
                65,
                68,
                73,
                79,
                82,
                89,
                94,
                104,
                109,
                121,
                122,
                127,
                128,
                132,
                155,
                165,
                166,
                179,
                187,
                201,
                202,
                214,
                216,
                225,
                235,
                245
              ],
              "layer_id": 21
            },
            {
              "cold_expert_ids": [
                1,
                17,
                19,
                20,
                27,
                63,
                67,
                74,
                95,
                103,
                116,
                117,
                118,
                146,
                157,
                166,
                181,
                212,
                214,
                223,
                229
              ],
              "hot_expert_ids": [
                5,
                10,
                12,
                18,
                23,
                26,
                29,
                30,
                34,
                45,
                72,
                80,
                86,
                93,
                94,
                96,
                104,
                107,
                108,
                115,
                125,
                143,
                159,
                162,
                163,
                164,
                167,
                168,
                169,
                170,
                171,
                173,
                180,
                190,
                192,
                201,
                205,
                210,
                211,
                217,
                219,
                245,
                246
              ],
              "layer_id": 22
            },
            {
              "cold_expert_ids": [
                9,
                11,
                18,
                22,
                48,
                107,
                128,
                167,
                168,
                209,
                223,
                250
              ],
              "hot_expert_ids": [
                0,
                2,
                4,
                7,
                16,
                23,
                32,
                46,
                47,
                66,
                68,
                70,
                75,
                77,
                79,
                80,
                82,
                84,
                91,
                96,
                97,
                104,
                106,
                109,
                114,
                120,
                126,
                133,
                135,
                143,
                145,
                148,
                150,
                155,
                156,
                178,
                184,
                185,
                201,
                203,
                206,
                208,
                211,
                219,
                220,
                224,
                230,
                233,
                239,
                240,
                241,
                254
              ],
              "layer_id": 23
            },
            {
              "cold_expert_ids": [
                0,
                100,
                124,
                129,
                130,
                133,
                208,
                214
              ],
              "hot_expert_ids": [
                2,
                3,
                8,
                18,
                19,
                23,
                25,
                33,
                38,
                45,
                49,
                53,
                62,
                63,
                68,
                73,
                74,
                90,
                93,
                97,
                102,
                103,
                104,
                111,
                115,
                117,
                125,
                135,
                142,
                143,
                145,
                148,
                156,
                165,
                168,
                169,
                175,
                180,
                183,
                187,
                190,
                199,
                201,
                210,
                219,
                223,
                227,
                229,
                232,
                233,
                235,
                237,
                242,
                252,
                253,
                254
              ],
              "layer_id": 24
            },
            {
              "cold_expert_ids": [
                8,
                15,
                16,
                29,
                46,
                97,
                139,
                201,
                207,
                223,
                232,
                243
              ],
              "hot_expert_ids": [
                1,
                17,
                22,
                25,
                26,
                30,
                35,
                36,
                37,
                42,
                47,
                50,
                55,
                57,
                58,
                70,
                74,
                87,
                91,
                96,
                99,
                106,
                109,
                114,
                121,
                124,
                140,
                147,
                153,
                158,
                159,
                165,
                178,
                180,
                182,
                183,
                184,
                188,
                189,
                200,
                203,
                204,
                216,
                218,
                226,
                239,
                242,
                244,
                247,
                248,
                249,
                254
              ],
              "layer_id": 25
            },
            {
              "cold_expert_ids": [
                4,
                7,
                47,
                51,
                52,
                120,
                130,
                134,
                137,
                173,
                201,
                227,
                253
              ],
              "hot_expert_ids": [
                1,
                3,
                28,
                34,
                37,
                39,
                40,
                45,
                49,
                57,
                58,
                70,
                71,
                73,
                77,
                84,
                95,
                97,
                105,
                106,
                109,
                122,
                125,
                126,
                129,
                131,
                132,
                139,
                140,
                142,
                144,
                154,
                170,
                172,
                176,
                181,
                183,
                189,
                191,
                217,
                220,
                223,
                226,
                228,
                232,
                234,
                236,
                238,
                240,
                245,
                246
              ],
              "layer_id": 26
            },
            {
              "cold_expert_ids": [
                3,
                6,
                15,
                21,
                22,
                55,
                60,
                108,
                125,
                133,
                139,
                160,
                167,
                169,
                170,
                192,
                205,
                217,
                247
              ],
              "hot_expert_ids": [
                8,
                11,
                16,
                27,
                30,
                39,
                43,
                45,
                47,
                49,
                51,
                61,
                65,
                75,
                79,
                81,
                87,
                90,
                92,
                96,
                98,
                116,
                120,
                128,
                130,
                132,
                134,
                152,
                158,
                161,
                165,
                182,
                201,
                204,
                209,
                212,
                216,
                219,
                221,
                234,
                237,
                238,
                239,
                244,
                250
              ],
              "layer_id": 27
            },
            {
              "cold_expert_ids": [
                12,
                13,
                20,
                83,
                118,
                130,
                131,
                144,
                189,
                205,
                225,
                236,
                242
              ],
              "hot_expert_ids": [
                2,
                9,
                15,
                16,
                30,
                37,
                41,
                47,
                53,
                55,
                73,
                76,
                78,
                90,
                91,
                108,
                109,
                115,
                127,
                133,
                151,
                155,
                156,
                157,
                158,
                162,
                165,
                166,
                167,
                170,
                181,
                185,
                188,
                190,
                191,
                197,
                198,
                202,
                209,
                214,
                215,
                217,
                219,
                221,
                226,
                232,
                239,
                240,
                247,
                250,
                255
              ],
              "layer_id": 28
            },
            {
              "cold_expert_ids": [
                17,
                23,
                38,
                50,
                53,
                56,
                79,
                82,
                90,
                106,
                107,
                123,
                132,
                145,
                147,
                212,
                215,
                224,
                243,
                249,
                250
              ],
              "hot_expert_ids": [
                10,
                13,
                24,
                29,
                32,
                35,
                40,
                41,
                42,
                51,
                55,
                58,
                64,
                68,
                72,
                73,
                81,
                84,
                85,
                88,
                97,
                102,
                103,
                109,
                122,
                127,
                129,
                130,
                138,
                142,
                162,
                179,
                201,
                209,
                211,
                216,
                218,
                225,
                226,
                234,
                237,
                238,
                240
              ],
              "layer_id": 29
            },
            {
              "cold_expert_ids": [
                1,
                3,
                11,
                73,
                77,
                79,
                109,
                113,
                121,
                125,
                161,
                199,
                201,
                212,
                223,
                233,
                249
              ],
              "hot_expert_ids": [
                0,
                8,
                15,
                26,
                33,
                37,
                54,
                57,
                65,
                66,
                67,
                75,
                80,
                82,
                85,
                88,
                91,
                92,
                96,
                102,
                108,
                118,
                127,
                128,
                140,
                142,
                143,
                148,
                151,
                163,
                167,
                169,
                179,
                180,
                188,
                190,
                191,
                193,
                202,
                210,
                215,
                227,
                239,
                240,
                243,
                252,
                253
              ],
              "layer_id": 30
            },
            {
              "cold_expert_ids": [
                1,
                16,
                22,
                24,
                43,
                48,
                54,
                60,
                63,
                65,
                68,
                70,
                86,
                91,
                126,
                162,
                178,
                179,
                199,
                214,
                229,
                232,
                251
              ],
              "hot_expert_ids": [
                0,
                4,
                6,
                11,
                12,
                45,
                47,
                51,
                52,
                58,
                61,
                66,
                71,
                72,
                81,
                83,
                85,
                88,
                102,
                104,
                108,
                115,
                116,
                132,
                138,
                150,
                154,
                158,
                170,
                171,
                188,
                207,
                211,
                216,
                223,
                226,
                230,
                231,
                239,
                240,
                243
              ],
              "layer_id": 31
            },
            {
              "cold_expert_ids": [
                4,
                6,
                30,
                34,
                35,
                44,
                50,
                58,
                59,
                63,
                72,
                99,
                103,
                113,
                117,
                127,
                131,
                145,
                154,
                162,
                186,
                210,
                211,
                223
              ],
              "hot_expert_ids": [
                0,
                2,
                10,
                11,
                22,
                24,
                26,
                27,
                29,
                39,
                46,
                48,
                57,
                61,
                80,
                107,
                108,
                109,
                114,
                119,
                125,
                135,
                149,
                150,
                153,
                165,
                173,
                174,
                178,
                192,
                193,
                200,
                206,
                209,
                218,
                222,
                226,
                236,
                241,
                248
              ],
              "layer_id": 32
            },
            {
              "cold_expert_ids": [
                0,
                2,
                14,
                24,
                25,
                42,
                47,
                62,
                64,
                70,
                71,
                99,
                102,
                115,
                122,
                124,
                135,
                187,
                193,
                220,
                227,
                248
              ],
              "hot_expert_ids": [
                1,
                10,
                13,
                16,
                17,
                18,
                19,
                48,
                54,
                55,
                57,
                79,
                81,
                82,
                85,
                87,
                90,
                108,
                109,
                114,
                145,
                147,
                153,
                162,
                166,
                171,
                174,
                181,
                192,
                199,
                203,
                205,
                209,
                215,
                219,
                221,
                224,
                225,
                236,
                237,
                253,
                254
              ],
              "layer_id": 33
            },
            {
              "cold_expert_ids": [
                10,
                14,
                39,
                43,
                52,
                59,
                67,
                77,
                83,
                84,
                91,
                107,
                110,
                111,
                119,
                166,
                188,
                206,
                226,
                232,
                243,
                249
              ],
              "hot_expert_ids": [
                2,
                3,
                4,
                5,
                7,
                19,
                23,
                25,
                26,
                30,
                31,
                36,
                46,
                47,
                53,
                61,
                79,
                90,
                94,
                95,
                96,
                103,
                104,
                106,
                112,
                116,
                118,
                125,
                130,
                132,
                138,
                148,
                151,
                163,
                203,
                214,
                217,
                221,
                238,
                242,
                246,
                250
              ],
              "layer_id": 34
            },
            {
              "cold_expert_ids": [
                1,
                8,
                10,
                16,
                20,
                32,
                43,
                53,
                57,
                65,
                72,
                76,
                83,
                86,
                94,
                107,
                108,
                123,
                140,
                145,
                148,
                184,
                187,
                205,
                240,
                249
              ],
              "hot_expert_ids": [
                19,
                30,
                35,
                36,
                39,
                40,
                44,
                45,
                62,
                73,
                75,
                79,
                80,
                89,
                99,
                101,
                102,
                104,
                115,
                118,
                119,
                120,
                141,
                156,
                161,
                177,
                186,
                189,
                201,
                203,
                208,
                213,
                217,
                232,
                236,
                246,
                251,
                253
              ],
              "layer_id": 35
            },
            {
              "cold_expert_ids": [
                2,
                4,
                9,
                26,
                40,
                42,
                44,
                62,
                67,
                74,
                84,
                100,
                120,
                127,
                133,
                149,
                169,
                180,
                197,
                232,
                236,
                237,
                249,
                250,
                252
              ],
              "hot_expert_ids": [
                7,
                16,
                19,
                27,
                34,
                47,
                55,
                58,
                59,
                64,
                65,
                69,
                71,
                77,
                88,
                103,
                106,
                111,
                116,
                122,
                130,
                139,
                143,
                144,
                154,
                156,
                164,
                170,
                178,
                191,
                201,
                204,
                205,
                206,
                213,
                218,
                226,
                229,
                242
              ],
              "layer_id": 36
            },
            {
              "cold_expert_ids": [
                2,
                18,
                35,
                51,
                57,
                60,
                78,
                104,
                117,
                120,
                142,
                162,
                167,
                173,
                175,
                184,
                191,
                211,
                239,
                247
              ],
              "hot_expert_ids": [
                1,
                6,
                10,
                17,
                24,
                27,
                34,
                37,
                39,
                42,
                43,
                45,
                50,
                66,
                71,
                75,
                81,
                88,
                90,
                94,
                96,
                99,
                102,
                110,
                118,
                126,
                134,
                143,
                148,
                171,
                172,
                176,
                182,
                187,
                190,
                196,
                199,
                218,
                219,
                224,
                240,
                249,
                253,
                254
              ],
              "layer_id": 37
            },
            {
              "cold_expert_ids": [
                5,
                10,
                19,
                21,
                31,
                56,
                62,
                74,
                78,
                84,
                89,
                93,
                97,
                120,
                128,
                196,
                219,
                228,
                237
              ],
              "hot_expert_ids": [
                7,
                13,
                20,
                26,
                28,
                30,
                33,
                46,
                51,
                54,
                60,
                65,
                70,
                72,
                79,
                83,
                87,
                92,
                96,
                98,
                100,
                114,
                115,
                132,
                143,
                147,
                154,
                159,
                163,
                178,
                185,
                201,
                209,
                211,
                213,
                220,
                223,
                227,
                229,
                235,
                240,
                241,
                242,
                248,
                251
              ],
              "layer_id": 38
            },
            {
              "cold_expert_ids": [
                0,
                4,
                6,
                25,
                27,
                34,
                46,
                51,
                95,
                106,
                107,
                123,
                127,
                140,
                149,
                151,
                154,
                167,
                177,
                203,
                221,
                223,
                228,
                251
              ],
              "hot_expert_ids": [
                10,
                18,
                23,
                48,
                49,
                53,
                61,
                71,
                87,
                93,
                99,
                102,
                108,
                110,
                111,
                122,
                126,
                138,
                146,
                147,
                156,
                158,
                159,
                160,
                164,
                165,
                176,
                183,
                189,
                190,
                192,
                200,
                202,
                207,
                211,
                216,
                237,
                245,
                249,
                252
              ],
              "layer_id": 39
            },
            {
              "cold_expert_ids": [
                20,
                21,
                26,
                55,
                56,
                59,
                83,
                90,
                92,
                96,
                97,
                101,
                102,
                105,
                106,
                119,
                136,
                137,
                143,
                157,
                160,
                172,
                195
              ],
              "hot_expert_ids": [
                2,
                4,
                5,
                27,
                30,
                32,
                37,
                53,
                57,
                78,
                88,
                107,
                110,
                130,
                142,
                149,
                153,
                154,
                158,
                162,
                163,
                171,
                174,
                179,
                183,
                184,
                185,
                189,
                190,
                201,
                207,
                222,
                232,
                236,
                240,
                243,
                246,
                248,
                249,
                250,
                255
              ],
              "layer_id": 40
            },
            {
              "cold_expert_ids": [
                3,
                9,
                27,
                55,
                62,
                71,
                91,
                92,
                102,
                103,
                110,
                127,
                132,
                136,
                138,
                173,
                197,
                202,
                203,
                211,
                213
              ],
              "hot_expert_ids": [
                14,
                18,
                19,
                29,
                33,
                35,
                37,
                43,
                46,
                50,
                54,
                65,
                67,
                73,
                78,
                80,
                85,
                93,
                100,
                104,
                105,
                112,
                116,
                126,
                141,
                145,
                149,
                154,
                155,
                158,
                162,
                174,
                175,
                184,
                189,
                201,
                204,
                219,
                223,
                224,
                231,
                238,
                248
              ],
              "layer_id": 41
            },
            {
              "cold_expert_ids": [
                14,
                16,
                18,
                35,
                42,
                60,
                85,
                88,
                116,
                122,
                132,
                135,
                141,
                172,
                181,
                185,
                187,
                197,
                213,
                216,
                238,
                249
              ],
              "hot_expert_ids": [
                4,
                6,
                9,
                13,
                23,
                24,
                26,
                27,
                34,
                38,
                39,
                40,
                52,
                57,
                64,
                77,
                79,
                81,
                82,
                105,
                107,
                108,
                109,
                110,
                113,
                126,
                131,
                137,
                145,
                156,
                164,
                167,
                186,
                193,
                196,
                220,
                222,
                228,
                241,
                245,
                248,
                251
              ],
              "layer_id": 42
            },
            {
              "cold_expert_ids": [
                35,
                50,
                65,
                68,
                71,
                112,
                135,
                148,
                155,
                171,
                182,
                195,
                200,
                217,
                223,
                236,
                244,
                247,
                251
              ],
              "hot_expert_ids": [
                1,
                2,
                8,
                10,
                13,
                18,
                20,
                22,
                32,
                37,
                40,
                44,
                45,
                58,
                64,
                74,
                82,
                92,
                95,
                103,
                105,
                106,
                107,
                116,
                121,
                132,
                134,
                139,
                143,
                144,
                156,
                174,
                181,
                187,
                191,
                192,
                207,
                215,
                218,
                222,
                229,
                232,
                234,
                239,
                252
              ],
              "layer_id": 43
            },
            {
              "cold_expert_ids": [
                6,
                19,
                46,
                51,
                72,
                87,
                107,
                122,
                144,
                158,
                183,
                186,
                197,
                198,
                204,
                241,
                255
              ],
              "hot_expert_ids": [
                3,
                10,
                14,
                15,
                25,
                27,
                28,
                31,
                37,
                42,
                52,
                69,
                89,
                91,
                94,
                98,
                101,
                102,
                105,
                110,
                113,
                114,
                124,
                126,
                131,
                132,
                141,
                146,
                154,
                166,
                170,
                191,
                201,
                202,
                206,
                208,
                209,
                211,
                215,
                216,
                217,
                223,
                228,
                231,
                234,
                238,
                239
              ],
              "layer_id": 44
            },
            {
              "cold_expert_ids": [
                3,
                22,
                51,
                60,
                63,
                64,
                71,
                88,
                95,
                113,
                116,
                151,
                166,
                179,
                191,
                192,
                193,
                203,
                225,
                250,
                253
              ],
              "hot_expert_ids": [
                1,
                2,
                6,
                9,
                15,
                27,
                28,
                35,
                55,
                58,
                66,
                72,
                74,
                80,
                83,
                85,
                89,
                103,
                105,
                117,
                131,
                132,
                142,
                147,
                156,
                158,
                162,
                177,
                185,
                194,
                195,
                204,
                209,
                217,
                221,
                224,
                230,
                235,
                236,
                240,
                241,
                247,
                251
              ],
              "layer_id": 45
            },
            {
              "cold_expert_ids": [
                15,
                17,
                24,
                27,
                30,
                37,
                72,
                84,
                103,
                135,
                137,
                144,
                146,
                165,
                168,
                176,
                197,
                210,
                223,
                235,
                249
              ],
              "hot_expert_ids": [
                3,
                5,
                8,
                23,
                36,
                40,
                44,
                50,
                52,
                53,
                56,
                58,
                59,
                68,
                71,
                79,
                91,
                94,
                101,
                109,
                112,
                117,
                124,
                126,
                129,
                130,
                131,
                136,
                143,
                160,
                171,
                173,
                181,
                187,
                188,
                191,
                194,
                198,
                224,
                225,
                230,
                236,
                244
              ],
              "layer_id": 46
            },
            {
              "cold_expert_ids": [
                0,
                10,
                30,
                94,
                113,
                126,
                142,
                152,
                155,
                158,
                162,
                167,
                187,
                194,
                200,
                203,
                226,
                231,
                252
              ],
              "hot_expert_ids": [
                2,
                8,
                12,
                14,
                25,
                31,
                33,
                34,
                35,
                46,
                47,
                55,
                59,
                66,
                67,
                72,
                78,
                83,
                86,
                97,
                98,
                102,
                112,
                118,
                124,
                127,
                132,
                154,
                157,
                166,
                170,
                174,
                179,
                188,
                195,
                196,
                207,
                214,
                218,
                224,
                227,
                235,
                244,
                251,
                255
              ],
              "layer_id": 47
            },
            {
              "cold_expert_ids": [
                13,
                15,
                20,
                25,
                37,
                46,
                83,
                90,
                97,
                100,
                101,
                106,
                124,
                146,
                162,
                173,
                180,
                210,
                247
              ],
              "hot_expert_ids": [
                0,
                3,
                7,
                10,
                18,
                21,
                40,
                45,
                51,
                56,
                59,
                84,
                86,
                91,
                98,
                105,
                114,
                119,
                123,
                125,
                126,
                133,
                147,
                149,
                152,
                153,
                159,
                161,
                174,
                184,
                190,
                193,
                196,
                199,
                203,
                207,
                217,
                219,
                220,
                223,
                225,
                227,
                228,
                229,
                237
              ],
              "layer_id": 48
            },
            {
              "cold_expert_ids": [
                9,
                13,
                17,
                30,
                60,
                68,
                114,
                129,
                148,
                159,
                162,
                173,
                182,
                187,
                205,
                214,
                218,
                229,
                245
              ],
              "hot_expert_ids": [
                7,
                8,
                15,
                18,
                21,
                29,
                37,
                38,
                39,
                40,
                55,
                62,
                71,
                73,
                75,
                80,
                85,
                90,
                103,
                104,
                106,
                109,
                121,
                124,
                136,
                146,
                150,
                155,
                166,
                168,
                177,
                185,
                190,
                195,
                216,
                221,
                223,
                230,
                235,
                241,
                243,
                246,
                247,
                251,
                253
              ],
              "layer_id": 49
            },
            {
              "cold_expert_ids": [
                70,
                74,
                83,
                87,
                94,
                103,
                110,
                121,
                130,
                147,
                172,
                187,
                196,
                227,
                235,
                237,
                239,
                246,
                255
              ],
              "hot_expert_ids": [
                6,
                8,
                16,
                19,
                35,
                43,
                44,
                56,
                67,
                68,
                72,
                73,
                88,
                92,
                93,
                97,
                114,
                119,
                127,
                132,
                154,
                157,
                158,
                159,
                161,
                164,
                168,
                169,
                171,
                173,
                174,
                180,
                186,
                193,
                205,
                208,
                214,
                216,
                220,
                221,
                224,
                231,
                233,
                252,
                254
              ],
              "layer_id": 50
            },
            {
              "cold_expert_ids": [
                29,
                61,
                69,
                93,
                102,
                114,
                118,
                159,
                160,
                162,
                163,
                167,
                177,
                178,
                198,
                200,
                201,
                205,
                210,
                214,
                230,
                240
              ],
              "hot_expert_ids": [
                2,
                5,
                9,
                13,
                15,
                20,
                27,
                32,
                36,
                42,
                45,
                51,
                59,
                65,
                68,
                78,
                85,
                89,
                99,
                123,
                124,
                129,
                131,
                132,
                133,
                140,
                143,
                145,
                149,
                157,
                161,
                183,
                195,
                202,
                217,
                220,
                225,
                231,
                239,
                242,
                247,
                252
              ],
              "layer_id": 51
            },
            {
              "cold_expert_ids": [
                2,
                14,
                15,
                22,
                28,
                35,
                48,
                70,
                97,
                113,
                115,
                126,
                134,
                154,
                188,
                204,
                206,
                222,
                228,
                230
              ],
              "hot_expert_ids": [
                6,
                7,
                9,
                11,
                26,
                30,
                38,
                44,
                49,
                52,
                56,
                66,
                68,
                76,
                85,
                89,
                98,
                107,
                111,
                120,
                142,
                146,
                148,
                150,
                158,
                165,
                166,
                167,
                174,
                182,
                183,
                185,
                187,
                192,
                205,
                208,
                209,
                219,
                227,
                229,
                238,
                240,
                246,
                253
              ],
              "layer_id": 52
            },
            {
              "cold_expert_ids": [
                18,
                19,
                20,
                30,
                36,
                55,
                57,
                155,
                158,
                169,
                171,
                205,
                214,
                224,
                246,
                247
              ],
              "hot_expert_ids": [
                4,
                10,
                25,
                31,
                32,
                37,
                38,
                40,
                52,
                62,
                70,
                77,
                82,
                86,
                89,
                99,
                104,
                122,
                124,
                128,
                133,
                136,
                137,
                139,
                140,
                142,
                144,
                146,
                149,
                151,
                152,
                163,
                166,
                170,
                176,
                178,
                183,
                197,
                211,
                212,
                217,
                218,
                222,
                229,
                231,
                243,
                252,
                254
              ],
              "layer_id": 53
            },
            {
              "cold_expert_ids": [
                6,
                8,
                10,
                11,
                13,
                14,
                64,
                65,
                80,
                84,
                106,
                107,
                108,
                116,
                119,
                120,
                133,
                164,
                183,
                214,
                232,
                242,
                245,
                247,
                254
              ],
              "hot_expert_ids": [
                1,
                3,
                17,
                22,
                27,
                36,
                40,
                41,
                42,
                47,
                52,
                60,
                68,
                73,
                75,
                83,
                90,
                91,
                103,
                111,
                114,
                123,
                145,
                154,
                175,
                179,
                180,
                186,
                198,
                202,
                203,
                204,
                205,
                211,
                213,
                218,
                222,
                227,
                250
              ],
              "layer_id": 54
            },
            {
              "cold_expert_ids": [
                3,
                6,
                31,
                67,
                71,
                75,
                97,
                102,
                107,
                111,
                147,
                150,
                154,
                163,
                175,
                177,
                195,
                206,
                214,
                240,
                242,
                250,
                253
              ],
              "hot_expert_ids": [
                11,
                18,
                19,
                25,
                40,
                42,
                47,
                53,
                65,
                66,
                73,
                81,
                87,
                88,
                96,
                118,
                120,
                123,
                127,
                129,
                135,
                156,
                159,
                171,
                186,
                188,
                190,
                202,
                207,
                209,
                212,
                216,
                220,
                225,
                229,
                230,
                237,
                238,
                239,
                248,
                254
              ],
              "layer_id": 55
            },
            {
              "cold_expert_ids": [
                3,
                4,
                14,
                17,
                59,
                63,
                74,
                81,
                87,
                92,
                111,
                125,
                129,
                145,
                183,
                199,
                205,
                212,
                221,
                232,
                244,
                246
              ],
              "hot_expert_ids": [
                2,
                18,
                23,
                28,
                37,
                40,
                47,
                48,
                49,
                51,
                62,
                64,
                67,
                85,
                94,
                95,
                99,
                109,
                110,
                115,
                119,
                120,
                134,
                136,
                146,
                153,
                154,
                160,
                161,
                169,
                170,
                175,
                184,
                186,
                194,
                203,
                207,
                210,
                214,
                224,
                236,
                239
              ],
              "layer_id": 56
            },
            {
              "cold_expert_ids": [
                12,
                13,
                43,
                47,
                55,
                61,
                62,
                77,
                84,
                85,
                89,
                119,
                123,
                175,
                176,
                188,
                197,
                198,
                204,
                225,
                229,
                232,
                239,
                254,
                255
              ],
              "hot_expert_ids": [
                1,
                10,
                18,
                19,
                20,
                24,
                28,
                35,
                39,
                58,
                67,
                71,
                74,
                86,
                87,
                93,
                100,
                105,
                107,
                114,
                116,
                126,
                128,
                129,
                140,
                141,
                148,
                159,
                181,
                182,
                184,
                196,
                200,
                201,
                208,
                216,
                219,
                236,
                251
              ],
              "layer_id": 57
            },
            {
              "cold_expert_ids": [
                1,
                8,
                10,
                13,
                14,
                45,
                50,
                78,
                81,
                88,
                93,
                102,
                104,
                116,
                122,
                137,
                148,
                149,
                164,
                165,
                180,
                193,
                215,
                219,
                223,
                250
              ],
              "hot_expert_ids": [
                0,
                12,
                31,
                33,
                38,
                44,
                53,
                54,
                58,
                63,
                64,
                65,
                66,
                73,
                74,
                76,
                83,
                91,
                97,
                100,
                111,
                121,
                130,
                135,
                139,
                140,
                154,
                162,
                176,
                186,
                189,
                199,
                202,
                207,
                218,
                228,
                251,
                253
              ],
              "layer_id": 58
            },
            {
              "cold_expert_ids": [
                4,
                15,
                21,
                23,
                26,
                35,
                41,
                47,
                51,
                69,
                75,
                78,
                91,
                109,
                111,
                153,
                177,
                188,
                196,
                233,
                237,
                245
              ],
              "hot_expert_ids": [
                0,
                1,
                5,
                13,
                18,
                19,
                20,
                24,
                29,
                30,
                38,
                58,
                89,
                105,
                113,
                115,
                121,
                125,
                141,
                148,
                155,
                156,
                160,
                172,
                175,
                181,
                182,
                184,
                189,
                191,
                194,
                195,
                204,
                216,
                217,
                220,
                221,
                228,
                229,
                236,
                246,
                251
              ],
              "layer_id": 59
            },
            {
              "cold_expert_ids": [
                49,
                63,
                67,
                74,
                77,
                100,
                113,
                122,
                151,
                160,
                180,
                209,
                212,
                220,
                224,
                229,
                239
              ],
              "hot_expert_ids": [
                0,
                2,
                5,
                13,
                18,
                20,
                25,
                41,
                42,
                45,
                52,
                54,
                58,
                59,
                62,
                68,
                70,
                73,
                76,
                94,
                97,
                98,
                104,
                123,
                128,
                138,
                141,
                144,
                153,
                161,
                165,
                169,
                174,
                176,
                178,
                183,
                185,
                188,
                189,
                200,
                203,
                213,
                217,
                223,
                232,
                235,
                253
              ],
              "layer_id": 60
            },
            {
              "cold_expert_ids": [
                0,
                21,
                31,
                42,
                56,
                58,
                61,
                72,
                74,
                77,
                95,
                101,
                125,
                131,
                133,
                152,
                177,
                186,
                194,
                196,
                230,
                234
              ],
              "hot_expert_ids": [
                3,
                14,
                17,
                19,
                22,
                26,
                27,
                44,
                49,
                50,
                51,
                57,
                60,
                68,
                81,
                104,
                107,
                118,
                124,
                138,
                144,
                148,
                157,
                165,
                168,
                173,
                174,
                180,
                181,
                182,
                183,
                192,
                199,
                207,
                212,
                214,
                227,
                229,
                236,
                239,
                253,
                255
              ],
              "layer_id": 61
            },
            {
              "cold_expert_ids": [
                11,
                19,
                25,
                36,
                64,
                65,
                66,
                76,
                84,
                89,
                119,
                141,
                150,
                157,
                177,
                201,
                207,
                243,
                254
              ],
              "hot_expert_ids": [
                8,
                14,
                28,
                33,
                37,
                39,
                47,
                48,
                52,
                55,
                62,
                68,
                69,
                79,
                87,
                93,
                106,
                115,
                116,
                118,
                128,
                131,
                132,
                135,
                144,
                147,
                152,
                156,
                160,
                167,
                172,
                174,
                178,
                186,
                195,
                196,
                213,
                215,
                216,
                221,
                229,
                230,
                235,
                251,
                255
              ],
              "layer_id": 62
            },
            {
              "cold_expert_ids": [
                29,
                33,
                43,
                49,
                64,
                86,
                101,
                112,
                114,
                119,
                122,
                124,
                138,
                141,
                146,
                177,
                190,
                205,
                224,
                225,
                240,
                241,
                244
              ],
              "hot_expert_ids": [
                3,
                16,
                32,
                47,
                62,
                65,
                69,
                72,
                73,
                77,
                92,
                110,
                113,
                116,
                142,
                143,
                145,
                148,
                152,
                161,
                162,
                163,
                171,
                173,
                176,
                189,
                207,
                209,
                213,
                216,
                218,
                221,
                222,
                223,
                227,
                233,
                235,
                236,
                246,
                251,
                254
              ],
              "layer_id": 63
            },
            {
              "cold_expert_ids": [
                9,
                14,
                16,
                41,
                78,
                87,
                97,
                106,
                110,
                127,
                137,
                142,
                149,
                154,
                162,
                168,
                174,
                190,
                197,
                226,
                227,
                232,
                240,
                244
              ],
              "hot_expert_ids": [
                3,
                17,
                24,
                27,
                42,
                43,
                44,
                49,
                56,
                62,
                64,
                66,
                75,
                79,
                80,
                84,
                90,
                102,
                118,
                119,
                126,
                132,
                133,
                135,
                138,
                141,
                143,
                155,
                167,
                170,
                175,
                179,
                186,
                201,
                214,
                216,
                222,
                242,
                246,
                248
              ],
              "layer_id": 64
            },
            {
              "cold_expert_ids": [
                5,
                16,
                18,
                20,
                23,
                44,
                63,
                64,
                68,
                77,
                81,
                100,
                130,
                150,
                154,
                161,
                174,
                178,
                192,
                193,
                194,
                206,
                214,
                251
              ],
              "hot_expert_ids": [
                6,
                13,
                21,
                32,
                42,
                45,
                46,
                47,
                48,
                50,
                51,
                55,
                56,
                58,
                74,
                89,
                96,
                108,
                117,
                133,
                139,
                141,
                151,
                152,
                156,
                160,
                162,
                170,
                182,
                186,
                189,
                203,
                205,
                211,
                220,
                223,
                224,
                231,
                237,
                254
              ],
              "layer_id": 65
            },
            {
              "cold_expert_ids": [
                11,
                18,
                21,
                26,
                31,
                33,
                48,
                49,
                50,
                76,
                79,
                101,
                107,
                110,
                113,
                116,
                129,
                139,
                143,
                148,
                151,
                152,
                208,
                219,
                224,
                230,
                233,
                234
              ],
              "hot_expert_ids": [
                3,
                28,
                29,
                58,
                59,
                67,
                74,
                75,
                90,
                92,
                103,
                108,
                118,
                126,
                130,
                131,
                137,
                144,
                146,
                149,
                161,
                176,
                177,
                182,
                194,
                195,
                198,
                201,
                211,
                214,
                220,
                221,
                223,
                226,
                240,
                243
              ],
              "layer_id": 66
            },
            {
              "cold_expert_ids": [
                25,
                32,
                38,
                51,
                53,
                61,
                74,
                76,
                80,
                93,
                98,
                112,
                118,
                119,
                122,
                164,
                165,
                194,
                206,
                221,
                236,
                237,
                239,
                242
              ],
              "hot_expert_ids": [
                2,
                5,
                9,
                11,
                22,
                37,
                43,
                58,
                59,
                63,
                65,
                72,
                79,
                82,
                92,
                99,
                102,
                106,
                107,
                143,
                146,
                147,
                159,
                162,
                173,
                175,
                188,
                192,
                196,
                203,
                204,
                215,
                220,
                223,
                228,
                231,
                232,
                235,
                243,
                246
              ],
              "layer_id": 67
            },
            {
              "cold_expert_ids": [
                30,
                33,
                34,
                35,
                37,
                49,
                66,
                69,
                78,
                80,
                102,
                103,
                106,
                113,
                114,
                119,
                122,
                126,
                127,
                129,
                134,
                159,
                163,
                164,
                167,
                171,
                181,
                185,
                218,
                223,
                226,
                228,
                229,
                230
              ],
              "hot_expert_ids": [
                3,
                6,
                13,
                22,
                38,
                43,
                54,
                59,
                68,
                83,
                86,
                89,
                91,
                107,
                109,
                135,
                145,
                149,
                153,
                155,
                170,
                173,
                177,
                189,
                195,
                201,
                221,
                225,
                236,
                251
              ],
              "layer_id": 68
            },
            {
              "cold_expert_ids": [
                8,
                10,
                14,
                15,
                45,
                56,
                57,
                60,
                68,
                69,
                77,
                81,
                91,
                106,
                119,
                122,
                127,
                140,
                156,
                164,
                167,
                177,
                180,
                186,
                187,
                208,
                210,
                211,
                212,
                217,
                229,
                237,
                239
              ],
              "hot_expert_ids": [
                5,
                12,
                16,
                25,
                44,
                46,
                59,
                85,
                87,
                88,
                101,
                102,
                105,
                110,
                134,
                139,
                146,
                158,
                173,
                174,
                190,
                200,
                201,
                202,
                204,
                219,
                222,
                228,
                233,
                244,
                248
              ],
              "layer_id": 69
            },
            {
              "cold_expert_ids": [
                4,
                17,
                29,
                47,
                54,
                69,
                73,
                86,
                104,
                114,
                132,
                143,
                152,
                158,
                172,
                176,
                183,
                198,
                199,
                203,
                208,
                235,
                237,
                249,
                252
              ],
              "hot_expert_ids": [
                9,
                11,
                12,
                20,
                37,
                41,
                46,
                51,
                63,
                68,
                71,
                83,
                87,
                89,
                92,
                95,
                97,
                109,
                112,
                115,
                117,
                136,
                141,
                142,
                145,
                151,
                159,
                160,
                161,
                162,
                177,
                179,
                181,
                209,
                219,
                239,
                242,
                243,
                253
              ],
              "layer_id": 70
            },
            {
              "cold_expert_ids": [
                0,
                16,
                32,
                45,
                53,
                66,
                68,
                86,
                93,
                107,
                109,
                122,
                136,
                145,
                146,
                148,
                150,
                154,
                176,
                183,
                190,
                203,
                206,
                207,
                212,
                221,
                222,
                231,
                243,
                251
              ],
              "hot_expert_ids": [
                4,
                10,
                34,
                38,
                46,
                50,
                51,
                59,
                62,
                82,
                84,
                88,
                103,
                112,
                117,
                121,
                125,
                127,
                128,
                129,
                131,
                133,
                135,
                139,
                168,
                169,
                187,
                188,
                208,
                218,
                233,
                234,
                245,
                250
              ],
              "layer_id": 71
            },
            {
              "cold_expert_ids": [
                9,
                15,
                22,
                42,
                49,
                54,
                63,
                66,
                71,
                102,
                112,
                113,
                115,
                118,
                121,
                142,
                165,
                186,
                187,
                188,
                200,
                207,
                218,
                220,
                227,
                233,
                241,
                255
              ],
              "hot_expert_ids": [
                7,
                14,
                18,
                44,
                50,
                58,
                67,
                68,
                74,
                80,
                87,
                88,
                98,
                100,
                101,
                110,
                114,
                123,
                124,
                149,
                150,
                166,
                168,
                174,
                179,
                190,
                193,
                194,
                209,
                213,
                216,
                228,
                237,
                238,
                250,
                253
              ],
              "layer_id": 72
            },
            {
              "cold_expert_ids": [
                4,
                7,
                15,
                16,
                32,
                48,
                56,
                60,
                71,
                84,
                89,
                100,
                112,
                117,
                120,
                135,
                140,
                141,
                142,
                148,
                150,
                154,
                158,
                173,
                191,
                199,
                201,
                203,
                208,
                225,
                231,
                244,
                249
              ],
              "hot_expert_ids": [
                3,
                9,
                11,
                17,
                20,
                23,
                61,
                64,
                67,
                72,
                81,
                97,
                102,
                103,
                118,
                123,
                132,
                137,
                139,
                157,
                159,
                160,
                174,
                185,
                188,
                194,
                195,
                200,
                220,
                230,
                245
              ],
              "layer_id": 73
            },
            {
              "cold_expert_ids": [
                8,
                9,
                13,
                15,
                31,
                33,
                48,
                49,
                52,
                57,
                61,
                65,
                82,
                87,
                92,
                96,
                110,
                119,
                128,
                137,
                144,
                147,
                168,
                172,
                173,
                181,
                191,
                206,
                222,
                230,
                234,
                236,
                237,
                250
              ],
              "hot_expert_ids": [
                10,
                34,
                50,
                68,
                69,
                73,
                80,
                81,
                85,
                94,
                102,
                108,
                109,
                118,
                130,
                135,
                138,
                139,
                140,
                150,
                161,
                162,
                186,
                193,
                195,
                208,
                213,
                227,
                229,
                232
              ],
              "layer_id": 74
            },
            {
              "cold_expert_ids": [
                6,
                8,
                10,
                15,
                22,
                23,
                24,
                34,
                43,
                52,
                56,
                62,
                63,
                75,
                76,
                80,
                84,
                93,
                101,
                106,
                118,
                123,
                135,
                144,
                145,
                151,
                152,
                167,
                182,
                185,
                188,
                194,
                202,
                225,
                226,
                232,
                245,
                246
              ],
              "hot_expert_ids": [
                3,
                4,
                11,
                13,
                33,
                36,
                40,
                46,
                64,
                72,
                78,
                87,
                99,
                103,
                120,
                163,
                171,
                183,
                186,
                187,
                190,
                197,
                198,
                218,
                219,
                252
              ],
              "layer_id": 75
            },
            {
              "cold_expert_ids": [
                2,
                12,
                13,
                18,
                19,
                30,
                31,
                46,
                48,
                57,
                69,
                82,
                92,
                100,
                101,
                102,
                103,
                107,
                116,
                119,
                124,
                127,
                130,
                133,
                138,
                140,
                155,
                180,
                200,
                203,
                215,
                218,
                242,
                252
              ],
              "hot_expert_ids": [
                1,
                11,
                14,
                16,
                17,
                23,
                54,
                58,
                65,
                77,
                79,
                95,
                108,
                110,
                123,
                131,
                137,
                168,
                176,
                177,
                186,
                196,
                198,
                214,
                217,
                219,
                229,
                234,
                253,
                255
              ],
              "layer_id": 76
            },
            {
              "cold_expert_ids": [
                1,
                4,
                5,
                9,
                11,
                18,
                19,
                26,
                41,
                68,
                71,
                76,
                82,
                91,
                97,
                102,
                115,
                118,
                126,
                134,
                138,
                146,
                151,
                153,
                160,
                167,
                176,
                182,
                186,
                195,
                201,
                217,
                222,
                237,
                244,
                245,
                246,
                248
              ],
              "hot_expert_ids": [
                2,
                6,
                29,
                32,
                43,
                48,
                53,
                55,
                60,
                66,
                72,
                90,
                93,
                103,
                107,
                129,
                137,
                159,
                161,
                165,
                183,
                194,
                203,
                207,
                225,
                227
              ],
              "layer_id": 77
            }
          ],
          "load_peak_hbm_bytes": 95066209264,
          "owned_expert_ids": [
            2,
            3,
            4,
            7,
            9,
            13,
            15,
            16,
            19,
            22,
            23,
            28,
            29,
            31,
            44,
            45,
            52,
            55,
            69,
            70,
            73,
            75,
            86,
            88,
            90,
            92,
            96,
            97,
            100,
            105,
            107,
            109,
            110,
            114,
            121,
            127,
            128,
            133,
            135,
            136,
            149,
            152,
            153,
            155,
            156,
            158,
            159,
            160,
            161,
            168,
            180,
            185,
            188,
            190,
            201,
            208,
            210,
            218,
            219,
            229,
            233,
            238,
            244,
            253
          ],
          "planned_hbm_bytes": 101999100400,
          "planned_host_bytes": 39609860800,
          "routed_layer_count": 75,
          "transient_hbm_bytes": 67108864
        },
        {
          "cold_allocation_kind": "pinned_uva",
          "cold_expert_bytes": 31609860800,
          "cold_expert_slots": 1624,
          "ep_rank": 1,
          "ep_size": 4,
          "expert_bytes": 19464200,
          "fixed_hbm_allocations": {
            "baseline_cudagraph_upper_bound": 69793219,
            "baseline_non_torch_upper_bound": 681826058,
            "baseline_peak_activation_upper_bound": 1218696970,
            "indexer_cache": 1108977408,
            "main_mla_cache": 20470474752,
            "non_routed_weights": 4181609280,
            "observed_tiered_runtime_reconciliation": 2226232113,
            "tiered_moe_runtime_buffers": 3223191400
          },
          "fixed_hbm_bytes": 33180801200,
          "fixed_host_allocations": {},
          "fixed_host_bytes": 0,
          "hbm_capacity_bytes": 102006521856,
          "hbm_reserve_bytes": 7000000000,
          "host_capacity_bytes": 127587581952,
          "host_reserve_bytes": 8000000000,
          "hot_expert_bytes": 61818299200,
          "hot_expert_slots": 3176,
          "layers": [
            {
              "cold_expert_ids": [
                25,
                33,
                39,
                40,
                46,
                48,
                49,
                59,
                60,
                66,
                79,
                104,
                106,
                108,
                112,
                119,
                134,
                137,
                143,
                162,
                164,
                173,
                187,
                200,
                209,
                212,
                225,
                228,
                232,
                254,
                255
              ],
              "hot_expert_ids": [
                5,
                8,
                11,
                17,
                21,
                26,
                37,
                50,
                57,
                61,
                72,
                78,
                87,
                93,
                95,
                99,
                115,
                126,
                150,
                170,
                172,
                183,
                186,
                191,
                195,
                205,
                211,
                217,
                223,
                236,
                239,
                245,
                251
              ],
              "layer_id": 3
            },
            {
              "cold_expert_ids": [
                8,
                36,
                50,
                58,
                143,
                163,
                184,
                196,
                207,
                213,
                221,
                229
              ],
              "hot_expert_ids": [
                1,
                5,
                6,
                12,
                27,
                30,
                39,
                43,
                45,
                48,
                49,
                57,
                62,
                84,
                86,
                91,
                97,
                101,
                111,
                119,
                123,
                124,
                125,
                130,
                138,
                140,
                141,
                156,
                160,
                161,
                162,
                165,
                172,
                173,
                174,
                175,
                179,
                181,
                183,
                193,
                195,
                197,
                201,
                214,
                215,
                218,
                224,
                226,
                241,
                245,
                248,
                252
              ],
              "layer_id": 4
            },
            {
              "cold_expert_ids": [
                28,
                58,
                182,
                218
              ],
              "hot_expert_ids": [
                9,
                15,
                20,
                24,
                29,
                34,
                41,
                44,
                45,
                49,
                51,
                54,
                55,
                65,
                67,
                77,
                86,
                92,
                94,
                95,
                98,
                99,
                101,
                112,
                114,
                119,
                121,
                122,
                126,
                127,
                132,
                134,
                135,
                137,
                142,
                143,
                157,
                159,
                165,
                166,
                173,
                176,
                188,
                192,
                195,
                198,
                199,
                200,
                202,
                214,
                215,
                216,
                217,
                221,
                224,
                231,
                238,
                248,
                251,
                252
              ],
              "layer_id": 5
            },
            {
              "cold_expert_ids": [
                2,
                38
              ],
              "hot_expert_ids": [
                3,
                5,
                8,
                13,
                14,
                18,
                23,
                28,
                33,
                34,
                36,
                37,
                40,
                45,
                50,
                56,
                66,
                70,
                78,
                79,
                81,
                89,
                96,
                98,
                101,
                102,
                104,
                105,
                106,
                109,
                111,
                112,
                116,
                117,
                120,
                122,
                128,
                129,
                134,
                139,
                143,
                151,
                155,
                157,
                164,
                165,
                167,
                171,
                175,
                178,
                190,
                191,
                194,
                196,
                202,
                205,
                212,
                214,
                220,
                221,
                241,
                249
              ],
              "layer_id": 6
            },
            {
              "cold_expert_ids": [
                49,
                51,
                71,
                88,
                94,
                177,
                185
              ],
              "hot_expert_ids": [
                11,
                17,
                20,
                32,
                37,
                42,
                43,
                47,
                48,
                63,
                65,
                66,
                86,
                87,
                95,
                97,
                101,
                104,
                107,
                109,
                110,
                113,
                115,
                116,
                118,
                130,
                132,
                133,
                135,
                137,
                142,
                144,
                145,
                148,
                155,
                156,
                157,
                165,
                171,
                174,
                175,
                189,
                193,
                198,
                202,
                203,
                205,
                210,
                211,
                216,
                218,
                219,
                225,
                230,
                234,
                250,
                251
              ],
              "layer_id": 7
            },
            {
              "cold_expert_ids": [
                15,
                35,
                51,
                72,
                84,
                104,
                128,
                147,
                161,
                170,
                173,
                213,
                223
              ],
              "hot_expert_ids": [
                0,
                1,
                4,
                8,
                19,
                21,
                27,
                34,
                43,
                48,
                49,
                52,
                54,
                57,
                76,
                77,
                80,
                102,
                111,
                112,
                114,
                116,
                117,
                119,
                123,
                129,
                136,
                141,
                146,
                162,
                166,
                169,
                172,
                175,
                180,
                182,
                189,
                192,
                197,
                200,
                201,
                205,
                216,
                224,
                231,
                237,
                241,
                242,
                243,
                246,
                253
              ],
              "layer_id": 8
            },
            {
              "cold_expert_ids": [
                12,
                92,
                93,
                140,
                188,
                202,
                226
              ],
              "hot_expert_ids": [
                10,
                19,
                20,
                23,
                26,
                28,
                35,
                41,
                45,
                54,
                55,
                58,
                60,
                61,
                62,
                73,
                75,
                88,
                99,
                100,
                101,
                104,
                108,
                113,
                118,
                120,
                122,
                123,
                127,
                128,
                130,
                132,
                138,
                144,
                150,
                154,
                155,
                162,
                164,
                168,
                169,
                176,
                182,
                193,
                207,
                208,
                211,
                214,
                217,
                221,
                224,
                228,
                229,
                231,
                233,
                244,
                255
              ],
              "layer_id": 9
            },
            {
              "cold_expert_ids": [
                18,
                53,
                62,
                67,
                131,
                158,
                187,
                221,
                223,
                246
              ],
              "hot_expert_ids": [
                3,
                16,
                21,
                22,
                23,
                27,
                29,
                31,
                32,
                35,
                39,
                40,
                46,
                48,
                63,
                72,
                77,
                80,
                82,
                85,
                88,
                92,
                94,
                103,
                107,
                110,
                113,
                116,
                129,
                132,
                137,
                138,
                143,
                152,
                157,
                166,
                174,
                176,
                189,
                193,
                194,
                195,
                201,
                208,
                213,
                214,
                232,
                234,
                236,
                237,
                242,
                251,
                252,
                255
              ],
              "layer_id": 10
            },
            {
              "cold_expert_ids": [
                7,
                19,
                20,
                22,
                40,
                44,
                77,
                94,
                168,
                195,
                212,
                214,
                219
              ],
              "hot_expert_ids": [
                0,
                2,
                4,
                5,
                17,
                26,
                35,
                49,
                61,
                62,
                67,
                75,
                88,
                96,
                104,
                105,
                107,
                109,
                114,
                123,
                128,
                129,
                133,
                140,
                144,
                151,
                161,
                166,
                173,
                179,
                181,
                183,
                189,
                198,
                199,
                201,
                206,
                209,
                210,
                211,
                213,
                220,
                224,
                226,
                231,
                233,
                244,
                246,
                248,
                252,
                253
              ],
              "layer_id": 11
            },
            {
              "cold_expert_ids": [
                2,
                7,
                10,
                14,
                15,
                36,
                44,
                54,
                84,
                96,
                104,
                105,
                112,
                122,
                125,
                136,
                140,
                150,
                158,
                159,
                161,
                162,
                166,
                170,
                213,
                222,
                232,
                233,
                234
              ],
              "hot_expert_ids": [
                6,
                13,
                23,
                40,
                43,
                52,
                66,
                68,
                69,
                71,
                73,
                74,
                81,
                90,
                91,
                110,
                117,
                118,
                123,
                131,
                149,
                163,
                165,
                175,
                176,
                191,
                192,
                207,
                214,
                217,
                224,
                231,
                236,
                237,
                252
              ],
              "layer_id": 12
            },
            {
              "cold_expert_ids": [
                22,
                44,
                64,
                91,
                103,
                128,
                154,
                179,
                208,
                231,
                255
              ],
              "hot_expert_ids": [
                0,
                3,
                6,
                9,
                16,
                17,
                20,
                26,
                32,
                38,
                46,
                53,
                59,
                65,
                69,
                70,
                71,
                73,
                82,
                97,
                99,
                113,
                118,
                126,
                133,
                138,
                140,
                144,
                146,
                147,
                152,
                157,
                161,
                164,
                171,
                173,
                177,
                180,
                182,
                189,
                194,
                196,
                198,
                209,
                211,
                216,
                219,
                220,
                222,
                223,
                226,
                251,
                254
              ],
              "layer_id": 13
            },
            {
              "cold_expert_ids": [
                13,
                19,
                31,
                78,
                114,
                115,
                123,
                169,
                187,
                190,
                221,
                243,
                245,
                246
              ],
              "hot_expert_ids": [
                0,
                5,
                10,
                12,
                14,
                16,
                24,
                29,
                36,
                41,
                44,
                54,
                57,
                66,
                67,
                81,
                86,
                87,
                89,
                90,
                93,
                97,
                99,
                100,
                102,
                103,
                104,
                107,
                109,
                121,
                125,
                141,
                142,
                146,
                153,
                167,
                170,
                172,
                175,
                181,
                184,
                192,
                194,
                207,
                210,
                212,
                225,
                232,
                241,
                254
              ],
              "layer_id": 14
            },
            {
              "cold_expert_ids": [
                8,
                15,
                17,
                21,
                27,
                31,
                35,
                54,
                78,
                87,
                107,
                109,
                136,
                139,
                141,
                156,
                165,
                180,
                185,
                215,
                216,
                225,
                227,
                231,
                234,
                247
              ],
              "hot_expert_ids": [
                2,
                5,
                13,
                14,
                22,
                26,
                28,
                37,
                50,
                55,
                61,
                73,
                79,
                81,
                95,
                96,
                106,
                113,
                117,
                123,
                127,
                130,
                132,
                134,
                151,
                152,
                160,
                164,
                175,
                193,
                196,
                205,
                213,
                219,
                220,
                229,
                239,
                242
              ],
              "layer_id": 15
            },
            {
              "cold_expert_ids": [
                5,
                25,
                32,
                33,
                38,
                55,
                92,
                95,
                96,
                98,
                116,
                117,
                130,
                133,
                149,
                169,
                171,
                176,
                179,
                185,
                189,
                206,
                219,
                223,
                224,
                236
              ],
              "hot_expert_ids": [
                8,
                11,
                14,
                16,
                23,
                24,
                27,
                41,
                54,
                72,
                74,
                77,
                93,
                106,
                113,
                122,
                125,
                129,
                142,
                145,
                147,
                151,
                164,
                175,
                177,
                178,
                192,
                193,
                197,
                198,
                202,
                204,
                214,
                221,
                226,
                243,
                251,
                255
              ],
              "layer_id": 16
            },
            {
              "cold_expert_ids": [
                2,
                26,
                33,
                34,
                38,
                49,
                56,
                79,
                81,
                83,
                87,
                93,
                94,
                98,
                146,
                151,
                159,
                160,
                162,
                166,
                189,
                193,
                197,
                207,
                211,
                225,
                227,
                228,
                235,
                252
              ],
              "hot_expert_ids": [
                0,
                4,
                5,
                10,
                22,
                28,
                61,
                63,
                66,
                71,
                73,
                76,
                99,
                105,
                115,
                123,
                134,
                144,
                154,
                172,
                173,
                185,
                191,
                202,
                205,
                206,
                223,
                224,
                229,
                233,
                237,
                240,
                246,
                247
              ],
              "layer_id": 17
            },
            {
              "cold_expert_ids": [
                10,
                23,
                24,
                34,
                37,
                50,
                55,
                61,
                78,
                82,
                88,
                92,
                93,
                120,
                122,
                159,
                180,
                188,
                194,
                202,
                209,
                213,
                238,
                242,
                254
              ],
              "hot_expert_ids": [
                0,
                5,
                16,
                25,
                38,
                57,
                59,
                66,
                69,
                70,
                80,
                103,
                105,
                107,
                108,
                112,
                114,
                115,
                121,
                125,
                133,
                136,
                149,
                163,
                167,
                175,
                187,
                192,
                196,
                214,
                215,
                218,
                219,
                222,
                224,
                226,
                232,
                244,
                250
              ],
              "layer_id": 18
            },
            {
              "cold_expert_ids": [
                8,
                15,
                27,
                44,
                48,
                52,
                60,
                88,
                89,
                119,
                140,
                142,
                148,
                161,
                180,
                192,
                194,
                195,
                204,
                250,
                254
              ],
              "hot_expert_ids": [
                1,
                2,
                7,
                9,
                25,
                32,
                39,
                49,
                50,
                55,
                61,
                65,
                79,
                105,
                112,
                114,
                121,
                122,
                130,
                134,
                136,
                154,
                156,
                163,
                167,
                168,
                170,
                178,
                186,
                190,
                193,
                199,
                212,
                214,
                215,
                228,
                229,
                232,
                243,
                244,
                247,
                249,
                255
              ],
              "layer_id": 19
            },
            {
              "cold_expert_ids": [
                6,
                8,
                13,
                15,
                23,
                32,
                59,
                74,
                89,
                90,
                100,
                101,
                105,
                111,
                112,
                117,
                118,
                122,
                127,
                134,
                138,
                141,
                144,
                145,
                160,
                179,
                199,
                202,
                207,
                211,
                215,
                219,
                222,
                228,
                239,
                252
              ],
              "hot_expert_ids": [
                4,
                33,
                35,
                61,
                62,
                70,
                72,
                78,
                96,
                99,
                116,
                121,
                126,
                139,
                147,
                162,
                166,
                192,
                193,
                197,
                200,
                213,
                233,
                235,
                237,
                238,
                243,
                255
              ],
              "layer_id": 20
            },
            {
              "cold_expert_ids": [
                9,
                18,
                22,
                24,
                35,
                39,
                44,
                46,
                48,
                49,
                53,
                57,
                67,
                70,
                72,
                80,
                81,
                83,
                91,
                101,
                115,
                129,
                131,
                142,
                144,
                154,
                203,
                213,
                220,
                227,
                228,
                231,
                250,
                252
              ],
              "hot_expert_ids": [
                8,
                11,
                12,
                17,
                19,
                28,
                40,
                50,
                54,
                69,
                92,
                102,
                112,
                116,
                123,
                137,
                141,
                150,
                173,
                174,
                175,
                184,
                230,
                237,
                241,
                243,
                244,
                247,
                248,
                254
              ],
              "layer_id": 21
            },
            {
              "cold_expert_ids": [
                3,
                21,
                44,
                46,
                55,
                56,
                58,
                92,
                114,
                130,
                131,
                138,
                141,
                150,
                152,
                160,
                165,
                176,
                182,
                183,
                209,
                249
              ],
              "hot_expert_ids": [
                8,
                11,
                24,
                25,
                35,
                39,
                40,
                43,
                47,
                53,
                57,
                59,
                66,
                69,
                73,
                76,
                77,
                83,
                91,
                98,
                99,
                102,
                109,
                113,
                122,
                124,
                126,
                128,
                129,
                136,
                144,
                147,
                148,
                172,
                175,
                184,
                198,
                221,
                235,
                239,
                241,
                242
              ],
              "layer_id": 22
            },
            {
              "cold_expert_ids": [
                14,
                36,
                50,
                52,
                54,
                64,
                69,
                105,
                131,
                132,
                226,
                249,
                253
              ],
              "hot_expert_ids": [
                3,
                5,
                13,
                17,
                20,
                25,
                27,
                34,
                35,
                37,
                40,
                44,
                57,
                63,
                67,
                72,
                78,
                81,
                98,
                101,
                102,
                103,
                112,
                121,
                122,
                124,
                127,
                130,
                140,
                141,
                159,
                174,
                180,
                181,
                186,
                189,
                192,
                193,
                197,
                216,
                217,
                221,
                222,
                228,
                231,
                238,
                242,
                243,
                245,
                248,
                251
              ],
              "layer_id": 23
            },
            {
              "cold_expert_ids": [
                1,
                17,
                46,
                59,
                159,
                192,
                245,
                248
              ],
              "hot_expert_ids": [
                4,
                6,
                13,
                24,
                28,
                37,
                43,
                44,
                55,
                56,
                65,
                66,
                69,
                76,
                78,
                80,
                81,
                85,
                86,
                95,
                96,
                107,
                121,
                122,
                123,
                128,
                136,
                137,
                141,
                147,
                149,
                150,
                152,
                153,
                163,
                167,
                172,
                173,
                179,
                182,
                186,
                189,
                194,
                195,
                202,
                207,
                209,
                216,
                222,
                230,
                231,
                236,
                241,
                246,
                247,
                255
              ],
              "layer_id": 24
            },
            {
              "cold_expert_ids": [
                7,
                12,
                28,
                60,
                67,
                68,
                112,
                117,
                130,
                163,
                170,
                192,
                219
              ],
              "hot_expert_ids": [
                2,
                4,
                6,
                11,
                20,
                21,
                33,
                49,
                51,
                53,
                66,
                69,
                72,
                75,
                76,
                79,
                81,
                83,
                86,
                93,
                95,
                100,
                104,
                110,
                111,
                115,
                120,
                123,
                127,
                131,
                142,
                155,
                156,
                157,
                161,
                164,
                166,
                181,
                199,
                211,
                214,
                220,
                228,
                234,
                235,
                238,
                241,
                250,
                251,
                253,
                255
              ],
              "layer_id": 25
            },
            {
              "cold_expert_ids": [
                8,
                81,
                86,
                96,
                101,
                123,
                150,
                155,
                165,
                180,
                209,
                229
              ],
              "hot_expert_ids": [
                0,
                9,
                10,
                15,
                18,
                21,
                23,
                27,
                29,
                32,
                36,
                41,
                43,
                44,
                48,
                50,
                54,
                64,
                65,
                67,
                74,
                76,
                79,
                80,
                82,
                88,
                92,
                93,
                99,
                117,
                119,
                121,
                128,
                138,
                143,
                152,
                160,
                168,
                177,
                182,
                187,
                188,
                192,
                196,
                207,
                211,
                213,
                219,
                225,
                230,
                231,
                250
              ],
              "layer_id": 26
            },
            {
              "cold_expert_ids": [
                25,
                38,
                46,
                54,
                62,
                78,
                94,
                97,
                124,
                127,
                135,
                164,
                177,
                180,
                202,
                241
              ],
              "hot_expert_ids": [
                5,
                17,
                18,
                20,
                24,
                26,
                28,
                33,
                35,
                53,
                56,
                58,
                66,
                70,
                82,
                95,
                100,
                105,
                109,
                113,
                117,
                118,
                126,
                137,
                140,
                141,
                142,
                148,
                150,
                153,
                154,
                156,
                163,
                173,
                176,
                188,
                189,
                190,
                196,
                203,
                210,
                213,
                215,
                225,
                240,
                242,
                246,
                253
              ],
              "layer_id": 27
            },
            {
              "cold_expert_ids": [
                32,
                39,
                45,
                129,
                136,
                145,
                193,
                229,
                234,
                244,
                249,
                251,
                253,
                254
              ],
              "hot_expert_ids": [
                1,
                18,
                19,
                22,
                23,
                25,
                31,
                34,
                36,
                42,
                44,
                50,
                72,
                74,
                75,
                77,
                84,
                98,
                103,
                117,
                119,
                124,
                134,
                139,
                142,
                148,
                149,
                159,
                173,
                174,
                176,
                182,
                183,
                192,
                194,
                196,
                206,
                208,
                210,
                211,
                212,
                218,
                220,
                223,
                224,
                227,
                230,
                235,
                238,
                241
              ],
              "layer_id": 28
            },
            {
              "cold_expert_ids": [
                6,
                22,
                30,
                52,
                54,
                61,
                65,
                91,
                92,
                101,
                114,
                137,
                148,
                149,
                167,
                180,
                206,
                228,
                244
              ],
              "hot_expert_ids": [
                2,
                11,
                16,
                18,
                21,
                36,
                39,
                44,
                57,
                63,
                67,
                71,
                75,
                76,
                77,
                93,
                95,
                99,
                100,
                111,
                117,
                118,
                125,
                135,
                150,
                153,
                156,
                174,
                176,
                178,
                185,
                190,
                193,
                196,
                198,
                203,
                204,
                219,
                221,
                222,
                231,
                236,
                246,
                252,
                255
              ],
              "layer_id": 29
            },
            {
              "cold_expert_ids": [
                12,
                40,
                47,
                51,
                101,
                115,
                117,
                119,
                124,
                132,
                134,
                136,
                144,
                155,
                204,
                216,
                250
              ],
              "hot_expert_ids": [
                18,
                19,
                20,
                21,
                38,
                41,
                42,
                44,
                48,
                56,
                63,
                64,
                68,
                78,
                83,
                84,
                86,
                95,
                98,
                99,
                106,
                110,
                139,
                147,
                157,
                158,
                164,
                170,
                171,
                175,
                177,
                178,
                184,
                185,
                196,
                206,
                214,
                224,
                225,
                228,
                230,
                232,
                238,
                241,
                245,
                247,
                251
              ],
              "layer_id": 30
            },
            {
              "cold_expert_ids": [
                5,
                37,
                41,
                67,
                82,
                89,
                95,
                96,
                122,
                130,
                135,
                137,
                149,
                156,
                159,
                165,
                175,
                180,
                184,
                205,
                208,
                222,
                241,
                246,
                248,
                250
              ],
              "hot_expert_ids": [
                3,
                7,
                10,
                15,
                19,
                56,
                57,
                73,
                74,
                75,
                90,
                101,
                103,
                107,
                111,
                113,
                127,
                128,
                131,
                152,
                153,
                157,
                164,
                168,
                181,
                183,
                193,
                196,
                212,
                213,
                218,
                220,
                225,
                227,
                242,
                244,
                247,
                249
              ],
              "layer_id": 31
            },
            {
              "cold_expert_ids": [
                8,
                16,
                38,
                49,
                75,
                78,
                81,
                110,
                128,
                148,
                158,
                171,
                172,
                181,
                188,
                197,
                205,
                214,
                227,
                229,
                238,
                246,
                250
              ],
              "hot_expert_ids": [
                7,
                20,
                21,
                23,
                40,
                45,
                47,
                51,
                74,
                76,
                79,
                85,
                89,
                91,
                95,
                96,
                100,
                101,
                105,
                106,
                111,
                120,
                126,
                132,
                151,
                164,
                166,
                167,
                175,
                177,
                185,
                187,
                189,
                195,
                216,
                230,
                231,
                234,
                242,
                244,
                245
              ],
              "layer_id": 32
            },
            {
              "cold_expert_ids": [
                65,
                67,
                69,
                73,
                103,
                104,
                110,
                120,
                123,
                128,
                132,
                138,
                144,
                146,
                151,
                152,
                155,
                158,
                184,
                206,
                216,
                222,
                231
              ],
              "hot_expert_ids": [
                3,
                4,
                5,
                7,
                8,
                20,
                27,
                28,
                30,
                32,
                33,
                37,
                38,
                40,
                43,
                49,
                75,
                76,
                100,
                107,
                111,
                113,
                129,
                134,
                159,
                172,
                179,
                182,
                183,
                189,
                190,
                197,
                198,
                210,
                211,
                218,
                228,
                233,
                235,
                240,
                250
              ],
              "layer_id": 33
            },
            {
              "cold_expert_ids": [
                0,
                41,
                50,
                64,
                69,
                86,
                97,
                108,
                113,
                121,
                135,
                139,
                143,
                154,
                155,
                179,
                184,
                189,
                198,
                207,
                234,
                252
              ],
              "hot_expert_ids": [
                11,
                12,
                15,
                29,
                33,
                38,
                40,
                42,
                49,
                54,
                63,
                78,
                99,
                100,
                115,
                123,
                131,
                146,
                150,
                153,
                159,
                162,
                171,
                172,
                177,
                181,
                183,
                192,
                194,
                195,
                202,
                210,
                216,
                218,
                222,
                225,
                227,
                230,
                236,
                237,
                241,
                253
              ],
              "layer_id": 34
            },
            {
              "cold_expert_ids": [
                9,
                12,
                13,
                31,
                37,
                49,
                60,
                67,
                95,
                128,
                129,
                135,
                138,
                139,
                149,
                150,
                151,
                154,
                155,
                174,
                183,
                185,
                204,
                219,
                225,
                237,
                255
              ],
              "hot_expert_ids": [
                0,
                3,
                6,
                18,
                29,
                34,
                42,
                50,
                59,
                68,
                74,
                87,
                96,
                103,
                109,
                125,
                126,
                131,
                133,
                144,
                146,
                157,
                160,
                169,
                172,
                175,
                182,
                188,
                191,
                197,
                209,
                214,
                223,
                228,
                238,
                239,
                252
              ],
              "layer_id": 35
            },
            {
              "cold_expert_ids": [
                20,
                25,
                36,
                41,
                52,
                73,
                81,
                89,
                90,
                91,
                94,
                97,
                124,
                132,
                136,
                158,
                166,
                176,
                181,
                183,
                208,
                209,
                243,
                255
              ],
              "hot_expert_ids": [
                5,
                28,
                37,
                46,
                75,
                82,
                92,
                98,
                99,
                101,
                102,
                104,
                107,
                108,
                115,
                121,
                125,
                126,
                134,
                135,
                140,
                147,
                160,
                161,
                163,
                171,
                177,
                187,
                189,
                199,
                211,
                215,
                219,
                220,
                227,
                234,
                240,
                244,
                248,
                251
              ],
              "layer_id": 36
            },
            {
              "cold_expert_ids": [
                16,
                28,
                49,
                59,
                61,
                62,
                65,
                67,
                82,
                97,
                116,
                129,
                147,
                152,
                178,
                197,
                204,
                206,
                220,
                246
              ],
              "hot_expert_ids": [
                4,
                5,
                8,
                14,
                15,
                31,
                33,
                41,
                46,
                56,
                68,
                70,
                77,
                84,
                91,
                93,
                98,
                103,
                108,
                115,
                121,
                125,
                127,
                128,
                131,
                146,
                158,
                161,
                165,
                169,
                183,
                192,
                205,
                213,
                215,
                221,
                222,
                225,
                228,
                233,
                235,
                248,
                250,
                251
              ],
              "layer_id": 37
            },
            {
              "cold_expert_ids": [
                17,
                29,
                38,
                66,
                77,
                80,
                99,
                108,
                110,
                123,
                134,
                144,
                145,
                150,
                164,
                170,
                175,
                183,
                198,
                236
              ],
              "hot_expert_ids": [
                0,
                15,
                24,
                32,
                36,
                41,
                44,
                50,
                57,
                61,
                71,
                73,
                81,
                85,
                94,
                95,
                102,
                104,
                113,
                119,
                121,
                127,
                140,
                141,
                151,
                153,
                161,
                169,
                176,
                177,
                180,
                184,
                186,
                188,
                189,
                192,
                193,
                205,
                212,
                216,
                234,
                244,
                245,
                250
              ],
              "layer_id": 38
            },
            {
              "cold_expert_ids": [
                40,
                43,
                50,
                52,
                54,
                60,
                62,
                89,
                112,
                114,
                116,
                125,
                134,
                144,
                166,
                169,
                188,
                196,
                205,
                232,
                236,
                240,
                248
              ],
              "hot_expert_ids": [
                1,
                24,
                31,
                32,
                33,
                45,
                63,
                64,
                68,
                75,
                79,
                84,
                86,
                104,
                109,
                117,
                121,
                130,
                132,
                135,
                137,
                163,
                170,
                171,
                174,
                175,
                180,
                181,
                185,
                191,
                197,
                212,
                222,
                225,
                230,
                231,
                233,
                238,
                244,
                247,
                250
              ],
              "layer_id": 39
            },
            {
              "cold_expert_ids": [
                1,
                23,
                33,
                51,
                54,
                60,
                80,
                86,
                115,
                118,
                122,
                141,
                150,
                161,
                170,
                176,
                186,
                204,
                213,
                218,
                229,
                231,
                241
              ],
              "hot_expert_ids": [
                6,
                14,
                16,
                22,
                25,
                29,
                40,
                45,
                47,
                50,
                62,
                66,
                70,
                76,
                84,
                89,
                98,
                109,
                113,
                114,
                120,
                125,
                126,
                128,
                129,
                135,
                147,
                165,
                181,
                188,
                198,
                203,
                205,
                211,
                215,
                216,
                219,
                223,
                235,
                237,
                247
              ],
              "layer_id": 40
            },
            {
              "cold_expert_ids": [
                10,
                36,
                58,
                76,
                77,
                108,
                113,
                124,
                133,
                137,
                146,
                153,
                161,
                163,
                166,
                169,
                188,
                199,
                206,
                207,
                237
              ],
              "hot_expert_ids": [
                7,
                11,
                23,
                25,
                28,
                34,
                47,
                48,
                49,
                52,
                53,
                56,
                59,
                60,
                63,
                75,
                83,
                89,
                90,
                98,
                107,
                111,
                117,
                118,
                119,
                129,
                144,
                147,
                148,
                151,
                152,
                164,
                167,
                168,
                177,
                195,
                225,
                235,
                239,
                240,
                243,
                254,
                255
              ],
              "layer_id": 41
            },
            {
              "cold_expert_ids": [
                29,
                53,
                61,
                67,
                72,
                75,
                94,
                125,
                148,
                154,
                165,
                169,
                174,
                198,
                208,
                212,
                221,
                223,
                244
              ],
              "hot_expert_ids": [
                1,
                10,
                11,
                21,
                30,
                43,
                44,
                45,
                55,
                58,
                69,
                71,
                76,
                78,
                80,
                92,
                93,
                97,
                103,
                106,
                118,
                119,
                124,
                136,
                138,
                140,
                159,
                161,
                166,
                173,
                175,
                176,
                180,
                183,
                188,
                191,
                192,
                203,
                218,
                227,
                230,
                235,
                239,
                254,
                255
              ],
              "layer_id": 42
            },
            {
              "cold_expert_ids": [
                9,
                11,
                38,
                43,
                89,
                94,
                125,
                164,
                167,
                173,
                198,
                205,
                212,
                221,
                227
              ],
              "hot_expert_ids": [
                3,
                4,
                17,
                19,
                34,
                36,
                39,
                42,
                51,
                56,
                59,
                60,
                66,
                70,
                75,
                84,
                85,
                93,
                96,
                97,
                115,
                118,
                123,
                133,
                140,
                141,
                142,
                145,
                146,
                150,
                169,
                170,
                176,
                177,
                180,
                183,
                188,
                193,
                194,
                201,
                204,
                208,
                211,
                219,
                237,
                241,
                242,
                248,
                255
              ],
              "layer_id": 43
            },
            {
              "cold_expert_ids": [
                20,
                21,
                45,
                54,
                61,
                68,
                81,
                88,
                111,
                117,
                125,
                147,
                172,
                173,
                181,
                219,
                224
              ],
              "hot_expert_ids": [
                0,
                7,
                8,
                18,
                24,
                26,
                29,
                33,
                36,
                47,
                48,
                49,
                50,
                55,
                56,
                59,
                78,
                79,
                82,
                96,
                100,
                103,
                108,
                119,
                121,
                127,
                129,
                130,
                139,
                149,
                165,
                179,
                180,
                190,
                193,
                194,
                199,
                207,
                213,
                214,
                225,
                226,
                242,
                243,
                249,
                251,
                253
              ],
              "layer_id": 44
            },
            {
              "cold_expert_ids": [
                10,
                13,
                17,
                32,
                65,
                69,
                81,
                91,
                92,
                134,
                137,
                143,
                157,
                165,
                181,
                199,
                211,
                219,
                228,
                242,
                249
              ],
              "hot_expert_ids": [
                12,
                14,
                16,
                18,
                19,
                33,
                40,
                43,
                50,
                54,
                56,
                62,
                68,
                75,
                94,
                99,
                100,
                102,
                108,
                109,
                111,
                112,
                114,
                118,
                128,
                129,
                133,
                135,
                139,
                144,
                149,
                155,
                163,
                173,
                176,
                202,
                212,
                216,
                222,
                226,
                238,
                239,
                252
              ],
              "layer_id": 45
            },
            {
              "cold_expert_ids": [
                6,
                7,
                28,
                51,
                73,
                77,
                87,
                133,
                141,
                151,
                153,
                169,
                201,
                204,
                208,
                212,
                217,
                239
              ],
              "hot_expert_ids": [
                1,
                12,
                13,
                14,
                22,
                25,
                35,
                39,
                42,
                45,
                48,
                54,
                61,
                63,
                65,
                66,
                69,
                74,
                78,
                83,
                88,
                95,
                104,
                105,
                106,
                111,
                114,
                116,
                120,
                142,
                145,
                174,
                182,
                186,
                193,
                200,
                202,
                207,
                209,
                214,
                227,
                232,
                246,
                248,
                253,
                254
              ],
              "layer_id": 46
            },
            {
              "cold_expert_ids": [
                5,
                24,
                36,
                54,
                92,
                106,
                107,
                108,
                123,
                136,
                138,
                164,
                168,
                178,
                229,
                240
              ],
              "hot_expert_ids": [
                11,
                13,
                18,
                19,
                20,
                37,
                39,
                40,
                43,
                45,
                48,
                49,
                58,
                62,
                70,
                71,
                95,
                99,
                100,
                103,
                116,
                119,
                121,
                122,
                133,
                134,
                137,
                141,
                147,
                156,
                172,
                176,
                177,
                183,
                191,
                193,
                197,
                198,
                208,
                210,
                211,
                215,
                225,
                234,
                236,
                237,
                241,
                247
              ],
              "layer_id": 47
            },
            {
              "cold_expert_ids": [
                26,
                32,
                34,
                36,
                49,
                62,
                74,
                94,
                102,
                107,
                116,
                129,
                138,
                144,
                145,
                158,
                175,
                215,
                235
              ],
              "hot_expert_ids": [
                1,
                2,
                5,
                19,
                28,
                43,
                50,
                53,
                55,
                57,
                67,
                69,
                71,
                79,
                81,
                85,
                92,
                95,
                115,
                117,
                120,
                121,
                137,
                140,
                151,
                160,
                167,
                169,
                177,
                183,
                186,
                189,
                191,
                202,
                206,
                208,
                216,
                218,
                222,
                232,
                239,
                242,
                245,
                251,
                252
              ],
              "layer_id": 48
            },
            {
              "cold_expert_ids": [
                1,
                4,
                5,
                27,
                47,
                50,
                76,
                87,
                95,
                97,
                102,
                105,
                107,
                111,
                116,
                147,
                167,
                183,
                197,
                236
              ],
              "hot_expert_ids": [
                0,
                3,
                12,
                19,
                22,
                26,
                32,
                42,
                43,
                65,
                69,
                88,
                96,
                98,
                100,
                101,
                117,
                123,
                130,
                131,
                139,
                141,
                142,
                149,
                154,
                156,
                165,
                169,
                170,
                175,
                179,
                181,
                184,
                188,
                208,
                210,
                212,
                225,
                228,
                233,
                234,
                242,
                254,
                255
              ],
              "layer_id": 49
            },
            {
              "cold_expert_ids": [
                2,
                7,
                32,
                34,
                42,
                57,
                79,
                95,
                107,
                123,
                126,
                146,
                148,
                195,
                198,
                202,
                218,
                222,
                249
              ],
              "hot_expert_ids": [
                3,
                9,
                10,
                11,
                24,
                25,
                28,
                38,
                39,
                40,
                48,
                53,
                55,
                61,
                62,
                64,
                69,
                71,
                75,
                76,
                77,
                78,
                80,
                84,
                90,
                98,
                102,
                111,
                133,
                160,
                163,
                176,
                178,
                179,
                184,
                191,
                192,
                200,
                207,
                209,
                211,
                217,
                234,
                245,
                248
              ],
              "layer_id": 50
            },
            {
              "cold_expert_ids": [
                23,
                40,
                54,
                101,
                104,
                119,
                125,
                144,
                150,
                151,
                155,
                192,
                193,
                194,
                208,
                211,
                219,
                222,
                223,
                233,
                241,
                243,
                244
              ],
              "hot_expert_ids": [
                8,
                11,
                14,
                21,
                26,
                31,
                37,
                38,
                39,
                41,
                44,
                46,
                47,
                53,
                60,
                66,
                74,
                79,
                84,
                87,
                92,
                95,
                100,
                103,
                106,
                110,
                111,
                134,
                138,
                148,
                170,
                172,
                173,
                176,
                182,
                196,
                203,
                209,
                212,
                218,
                227
              ],
              "layer_id": 51
            },
            {
              "cold_expert_ids": [
                12,
                18,
                25,
                36,
                63,
                87,
                102,
                109,
                119,
                124,
                128,
                135,
                156,
                161,
                169,
                193,
                198,
                225,
                245,
                250
              ],
              "hot_expert_ids": [
                0,
                4,
                19,
                21,
                39,
                41,
                43,
                47,
                51,
                53,
                57,
                58,
                78,
                88,
                92,
                94,
                96,
                103,
                106,
                108,
                110,
                123,
                125,
                130,
                144,
                147,
                153,
                168,
                173,
                177,
                184,
                194,
                200,
                202,
                211,
                215,
                218,
                233,
                235,
                237,
                239,
                242,
                247,
                249
              ],
              "layer_id": 52
            },
            {
              "cold_expert_ids": [
                13,
                33,
                41,
                61,
                64,
                113,
                138,
                147,
                157,
                162,
                181,
                185,
                187,
                193,
                201,
                203,
                204,
                221
              ],
              "hot_expert_ids": [
                1,
                2,
                17,
                24,
                27,
                35,
                39,
                44,
                51,
                63,
                72,
                73,
                76,
                79,
                90,
                92,
                94,
                97,
                98,
                108,
                121,
                125,
                127,
                130,
                132,
                134,
                141,
                145,
                150,
                154,
                156,
                160,
                189,
                196,
                216,
                220,
                223,
                227,
                232,
                236,
                239,
                240,
                242,
                245,
                248,
                253
              ],
              "layer_id": 53
            },
            {
              "cold_expert_ids": [
                21,
                35,
                37,
                45,
                63,
                76,
                78,
                81,
                82,
                98,
                117,
                135,
                139,
                143,
                161,
                170,
                171,
                173,
                174,
                181,
                201,
                225,
                243,
                255
              ],
              "hot_expert_ids": [
                7,
                26,
                29,
                32,
                34,
                39,
                44,
                49,
                58,
                61,
                67,
                79,
                96,
                105,
                115,
                118,
                130,
                132,
                137,
                140,
                142,
                149,
                152,
                157,
                160,
                163,
                176,
                188,
                193,
                195,
                197,
                200,
                216,
                221,
                224,
                226,
                229,
                237,
                240,
                246
              ],
              "layer_id": 54
            },
            {
              "cold_expert_ids": [
                5,
                12,
                13,
                34,
                35,
                39,
                46,
                51,
                69,
                105,
                119,
                136,
                137,
                141,
                143,
                144,
                146,
                174,
                181,
                199,
                217,
                226,
                246,
                251
              ],
              "hot_expert_ids": [
                1,
                10,
                20,
                32,
                36,
                52,
                54,
                56,
                60,
                61,
                82,
                89,
                99,
                103,
                106,
                126,
                130,
                134,
                138,
                142,
                145,
                152,
                161,
                164,
                166,
                173,
                176,
                185,
                192,
                208,
                213,
                221,
                231,
                232,
                234,
                235,
                244,
                245,
                247,
                255
              ],
              "layer_id": 55
            },
            {
              "cold_expert_ids": [
                0,
                25,
                45,
                53,
                77,
                89,
                98,
                113,
                123,
                133,
                148,
                151,
                157,
                168,
                197,
                200,
                211,
                217,
                237,
                242,
                254
              ],
              "hot_expert_ids": [
                6,
                9,
                10,
                16,
                19,
                29,
                46,
                68,
                69,
                79,
                82,
                96,
                97,
                100,
                102,
                103,
                114,
                121,
                122,
                127,
                135,
                139,
                141,
                152,
                156,
                159,
                164,
                167,
                177,
                189,
                201,
                204,
                222,
                223,
                226,
                230,
                231,
                233,
                238,
                243,
                249,
                251,
                252
              ],
              "layer_id": 56
            },
            {
              "cold_expert_ids": [
                0,
                5,
                7,
                37,
                38,
                50,
                63,
                66,
                81,
                82,
                106,
                118,
                122,
                127,
                144,
                153,
                164,
                165,
                171,
                193,
                199,
                205,
                210,
                243
              ],
              "hot_expert_ids": [
                2,
                3,
                17,
                22,
                29,
                34,
                44,
                45,
                51,
                64,
                68,
                73,
                94,
                95,
                99,
                102,
                109,
                117,
                120,
                136,
                149,
                152,
                161,
                162,
                168,
                174,
                183,
                189,
                191,
                209,
                212,
                226,
                227,
                228,
                231,
                244,
                247,
                249,
                250,
                253
              ],
              "layer_id": 57
            },
            {
              "cold_expert_ids": [
                23,
                24,
                26,
                34,
                51,
                55,
                61,
                89,
                98,
                106,
                109,
                114,
                119,
                134,
                161,
                167,
                168,
                195,
                208,
                211,
                213,
                224,
                226,
                233,
                238,
                240,
                255
              ],
              "hot_expert_ids": [
                5,
                11,
                21,
                30,
                36,
                57,
                59,
                68,
                87,
                105,
                107,
                113,
                120,
                126,
                127,
                132,
                136,
                144,
                158,
                159,
                166,
                170,
                183,
                185,
                187,
                191,
                192,
                197,
                201,
                212,
                216,
                221,
                231,
                235,
                247,
                248,
                249
              ],
              "layer_id": 58
            },
            {
              "cold_expert_ids": [
                8,
                11,
                16,
                48,
                74,
                88,
                93,
                112,
                133,
                146,
                178,
                185,
                187,
                199,
                214,
                232,
                234,
                241,
                253
              ],
              "hot_expert_ids": [
                9,
                10,
                12,
                14,
                22,
                25,
                31,
                39,
                45,
                56,
                57,
                62,
                80,
                95,
                97,
                100,
                107,
                114,
                116,
                118,
                120,
                131,
                132,
                135,
                140,
                149,
                152,
                154,
                159,
                164,
                165,
                173,
                183,
                193,
                198,
                201,
                205,
                207,
                210,
                211,
                218,
                222,
                231,
                239,
                240
              ],
              "layer_id": 59
            },
            {
              "cold_expert_ids": [
                21,
                26,
                29,
                56,
                64,
                65,
                79,
                96,
                119,
                124,
                145,
                146,
                148,
                156,
                159,
                171,
                214,
                226
              ],
              "hot_expert_ids": [
                4,
                7,
                9,
                15,
                23,
                24,
                30,
                32,
                35,
                38,
                40,
                46,
                48,
                55,
                60,
                66,
                71,
                81,
                88,
                91,
                93,
                108,
                109,
                117,
                126,
                127,
                130,
                133,
                139,
                157,
                162,
                172,
                187,
                192,
                195,
                205,
                207,
                211,
                230,
                237,
                240,
                247,
                249,
                250,
                254,
                255
              ],
              "layer_id": 60
            },
            {
              "cold_expert_ids": [
                23,
                62,
                89,
                91,
                93,
                96,
                97,
                108,
                114,
                123,
                129,
                135,
                158,
                193,
                195,
                209,
                215,
                228,
                243,
                244,
                245,
                252
              ],
              "hot_expert_ids": [
                4,
                20,
                25,
                29,
                32,
                41,
                55,
                59,
                70,
                75,
                79,
                88,
                94,
                102,
                103,
                111,
                115,
                119,
                121,
                130,
                136,
                141,
                143,
                146,
                147,
                149,
                171,
                175,
                179,
                185,
                187,
                197,
                201,
                216,
                217,
                219,
                223,
                237,
                241,
                242,
                247,
                249
              ],
              "layer_id": 61
            },
            {
              "cold_expert_ids": [
                40,
                60,
                61,
                72,
                95,
                100,
                101,
                111,
                122,
                138,
                158,
                163,
                171,
                191,
                194,
                205,
                209,
                218,
                223,
                226
              ],
              "hot_expert_ids": [
                2,
                7,
                22,
                26,
                31,
                35,
                45,
                73,
                74,
                78,
                80,
                85,
                97,
                109,
                113,
                114,
                117,
                120,
                124,
                125,
                137,
                139,
                146,
                153,
                161,
                173,
                175,
                176,
                180,
                182,
                184,
                185,
                189,
                190,
                199,
                200,
                206,
                208,
                211,
                220,
                222,
                234,
                236,
                246
              ],
              "layer_id": 62
            },
            {
              "cold_expert_ids": [
                8,
                19,
                24,
                54,
                61,
                66,
                74,
                79,
                88,
                98,
                105,
                107,
                123,
                134,
                136,
                150,
                187,
                202,
                217,
                234,
                238,
                250,
                255
              ],
              "hot_expert_ids": [
                0,
                11,
                14,
                20,
                34,
                39,
                42,
                55,
                57,
                81,
                83,
                85,
                94,
                96,
                97,
                99,
                104,
                108,
                117,
                120,
                127,
                128,
                131,
                132,
                133,
                144,
                156,
                165,
                169,
                170,
                174,
                181,
                188,
                192,
                197,
                208,
                211,
                212,
                220,
                237,
                253
              ],
              "layer_id": 63
            },
            {
              "cold_expert_ids": [
                0,
                12,
                31,
                34,
                35,
                54,
                60,
                65,
                70,
                72,
                83,
                101,
                105,
                109,
                112,
                157,
                180,
                188,
                202,
                206,
                208,
                236,
                239,
                241,
                254
              ],
              "hot_expert_ids": [
                2,
                5,
                7,
                11,
                21,
                28,
                38,
                39,
                47,
                59,
                68,
                69,
                89,
                91,
                93,
                114,
                115,
                117,
                120,
                129,
                136,
                146,
                151,
                166,
                172,
                178,
                181,
                183,
                194,
                200,
                209,
                213,
                221,
                225,
                230,
                231,
                233,
                243,
                247
              ],
              "layer_id": 64
            },
            {
              "cold_expert_ids": [
                2,
                17,
                22,
                25,
                29,
                30,
                62,
                65,
                66,
                67,
                95,
                98,
                105,
                110,
                138,
                200,
                201,
                202,
                221,
                225,
                234,
                239,
                247,
                253
              ],
              "hot_expert_ids": [
                0,
                3,
                9,
                10,
                19,
                24,
                37,
                40,
                59,
                73,
                76,
                79,
                80,
                82,
                86,
                91,
                93,
                107,
                119,
                134,
                136,
                147,
                166,
                167,
                184,
                187,
                197,
                199,
                204,
                209,
                215,
                218,
                229,
                232,
                236,
                241,
                242,
                246,
                249,
                250
              ],
              "layer_id": 65
            },
            {
              "cold_expert_ids": [
                2,
                7,
                15,
                16,
                27,
                30,
                32,
                40,
                64,
                65,
                69,
                87,
                89,
                93,
                98,
                100,
                105,
                121,
                125,
                127,
                132,
                133,
                150,
                159,
                204,
                212,
                231,
                244,
                248
              ],
              "hot_expert_ids": [
                1,
                4,
                8,
                12,
                35,
                37,
                45,
                46,
                52,
                62,
                63,
                73,
                84,
                114,
                117,
                124,
                136,
                140,
                153,
                154,
                157,
                165,
                171,
                173,
                174,
                175,
                187,
                191,
                197,
                206,
                215,
                245,
                247,
                251,
                253
              ],
              "layer_id": 66
            },
            {
              "cold_expert_ids": [
                12,
                23,
                24,
                54,
                62,
                69,
                75,
                105,
                116,
                121,
                124,
                128,
                158,
                166,
                169,
                170,
                172,
                186,
                211,
                214,
                219,
                222,
                233,
                245,
                247
              ],
              "hot_expert_ids": [
                16,
                18,
                39,
                40,
                47,
                49,
                55,
                60,
                77,
                84,
                85,
                87,
                88,
                95,
                108,
                111,
                115,
                125,
                126,
                127,
                131,
                141,
                149,
                153,
                156,
                174,
                176,
                184,
                191,
                201,
                205,
                207,
                218,
                224,
                240,
                241,
                250,
                251,
                254
              ],
              "layer_id": 67
            },
            {
              "cold_expert_ids": [
                9,
                32,
                39,
                46,
                56,
                72,
                74,
                75,
                95,
                121,
                124,
                140,
                142,
                144,
                146,
                147,
                158,
                162,
                169,
                174,
                180,
                192,
                200,
                206,
                209,
                219,
                233,
                235,
                237,
                238,
                241,
                244,
                252,
                253
              ],
              "hot_expert_ids": [
                5,
                16,
                19,
                28,
                41,
                60,
                71,
                76,
                92,
                99,
                100,
                132,
                136,
                152,
                154,
                161,
                172,
                176,
                179,
                183,
                191,
                197,
                202,
                203,
                204,
                212,
                220,
                222,
                243,
                246
              ],
              "layer_id": 68
            },
            {
              "cold_expert_ids": [
                6,
                9,
                29,
                42,
                55,
                63,
                66,
                72,
                84,
                100,
                111,
                121,
                126,
                129,
                130,
                136,
                157,
                162,
                182,
                189,
                191,
                194,
                197,
                198,
                207,
                214,
                215,
                218,
                223,
                231,
                242,
                246
              ],
              "hot_expert_ids": [
                3,
                7,
                11,
                28,
                34,
                35,
                37,
                43,
                50,
                74,
                78,
                94,
                96,
                103,
                107,
                112,
                115,
                116,
                117,
                143,
                147,
                150,
                172,
                178,
                181,
                192,
                199,
                205,
                225,
                226,
                247,
                255
              ],
              "layer_id": 69
            },
            {
              "cold_expert_ids": [
                1,
                2,
                7,
                19,
                23,
                28,
                50,
                55,
                79,
                102,
                110,
                129,
                130,
                133,
                163,
                168,
                178,
                185,
                196,
                215,
                223,
                225,
                241,
                248,
                255
              ],
              "hot_expert_ids": [
                5,
                8,
                22,
                30,
                34,
                45,
                56,
                59,
                72,
                76,
                78,
                81,
                93,
                98,
                99,
                100,
                101,
                118,
                121,
                122,
                123,
                126,
                144,
                156,
                169,
                187,
                188,
                189,
                191,
                192,
                195,
                211,
                216,
                221,
                232,
                234,
                246,
                247,
                251
              ],
              "layer_id": 70
            },
            {
              "cold_expert_ids": [
                15,
                17,
                24,
                29,
                35,
                36,
                42,
                52,
                56,
                61,
                65,
                73,
                78,
                99,
                110,
                114,
                147,
                157,
                158,
                167,
                192,
                193,
                199,
                204,
                205,
                220,
                229,
                241,
                242,
                247,
                249
              ],
              "hot_expert_ids": [
                8,
                9,
                11,
                13,
                18,
                21,
                33,
                39,
                43,
                70,
                81,
                85,
                100,
                102,
                106,
                111,
                118,
                126,
                160,
                165,
                166,
                171,
                177,
                180,
                182,
                194,
                195,
                198,
                201,
                211,
                227,
                232,
                255
              ],
              "layer_id": 71
            },
            {
              "cold_expert_ids": [
                5,
                12,
                19,
                26,
                28,
                36,
                55,
                76,
                85,
                89,
                103,
                104,
                108,
                116,
                122,
                126,
                133,
                134,
                137,
                161,
                163,
                189,
                191,
                221,
                225,
                229,
                243,
                245,
                251
              ],
              "hot_expert_ids": [
                0,
                8,
                20,
                27,
                35,
                41,
                48,
                52,
                53,
                77,
                79,
                83,
                93,
                96,
                105,
                128,
                131,
                136,
                141,
                143,
                147,
                151,
                155,
                157,
                158,
                162,
                164,
                170,
                171,
                178,
                192,
                206,
                208,
                236,
                254
              ],
              "layer_id": 72
            },
            {
              "cold_expert_ids": [
                10,
                13,
                19,
                22,
                29,
                33,
                49,
                69,
                74,
                76,
                77,
                79,
                82,
                93,
                94,
                95,
                114,
                121,
                124,
                149,
                151,
                161,
                163,
                177,
                178,
                204,
                206,
                207,
                209,
                212,
                226,
                239,
                251,
                255
              ],
              "hot_expert_ids": [
                0,
                8,
                18,
                41,
                42,
                45,
                46,
                50,
                58,
                68,
                73,
                83,
                86,
                90,
                91,
                119,
                127,
                129,
                131,
                147,
                162,
                164,
                184,
                193,
                202,
                213,
                215,
                218,
                221,
                235
              ],
              "layer_id": 73
            },
            {
              "cold_expert_ids": [
                3,
                5,
                6,
                23,
                32,
                38,
                46,
                55,
                76,
                104,
                107,
                111,
                112,
                114,
                116,
                120,
                122,
                126,
                142,
                149,
                156,
                157,
                174,
                175,
                180,
                192,
                194,
                196,
                214,
                219,
                226,
                231,
                235,
                243,
                244,
                249
              ],
              "hot_expert_ids": [
                1,
                4,
                11,
                18,
                24,
                25,
                30,
                37,
                41,
                59,
                66,
                71,
                86,
                88,
                97,
                98,
                131,
                136,
                154,
                159,
                184,
                198,
                224,
                228,
                241,
                246,
                247,
                255
              ],
              "layer_id": 74
            },
            {
              "cold_expert_ids": [
                16,
                26,
                28,
                32,
                39,
                47,
                48,
                53,
                60,
                61,
                68,
                77,
                82,
                86,
                88,
                92,
                110,
                112,
                117,
                122,
                127,
                137,
                138,
                142,
                154,
                156,
                159,
                160,
                164,
                165,
                168,
                207,
                208,
                209,
                211,
                223,
                230,
                231,
                241,
                242,
                253
              ],
              "hot_expert_ids": [
                9,
                14,
                19,
                20,
                35,
                57,
                65,
                71,
                89,
                115,
                125,
                133,
                136,
                149,
                157,
                173,
                176,
                189,
                193,
                196,
                220,
                228,
                244
              ],
              "layer_id": 75
            },
            {
              "cold_expert_ids": [
                5,
                25,
                29,
                32,
                33,
                40,
                52,
                61,
                66,
                70,
                80,
                83,
                85,
                104,
                105,
                109,
                114,
                115,
                132,
                142,
                143,
                144,
                145,
                150,
                151,
                156,
                160,
                166,
                171,
                174,
                175,
                194,
                197,
                209,
                211
              ],
              "hot_expert_ids": [
                21,
                24,
                38,
                62,
                67,
                74,
                81,
                90,
                98,
                99,
                106,
                129,
                134,
                141,
                148,
                157,
                163,
                170,
                172,
                179,
                182,
                202,
                220,
                221,
                238,
                239,
                247,
                251,
                254
              ],
              "layer_id": 76
            },
            {
              "cold_expert_ids": [
                15,
                17,
                22,
                23,
                30,
                34,
                37,
                39,
                51,
                58,
                61,
                78,
                92,
                94,
                101,
                105,
                114,
                116,
                120,
                132,
                139,
                143,
                149,
                155,
                156,
                171,
                180,
                187,
                188,
                192,
                193,
                209,
                210,
                211,
                215,
                218,
                224,
                226,
                229,
                230
              ],
              "hot_expert_ids": [
                0,
                8,
                13,
                25,
                42,
                57,
                79,
                84,
                85,
                88,
                111,
                112,
                122,
                142,
                145,
                158,
                163,
                169,
                199,
                206,
                221,
                241,
                251,
                254
              ],
              "layer_id": 77
            }
          ],
          "load_peak_hbm_bytes": 95066209264,
          "owned_expert_ids": [
            5,
            8,
            11,
            17,
            21,
            25,
            26,
            33,
            37,
            39,
            40,
            46,
            48,
            49,
            50,
            57,
            59,
            60,
            61,
            66,
            72,
            78,
            79,
            87,
            93,
            95,
            99,
            104,
            106,
            108,
            112,
            115,
            119,
            126,
            134,
            137,
            143,
            150,
            162,
            164,
            170,
            172,
            173,
            183,
            186,
            187,
            191,
            195,
            200,
            205,
            209,
            211,
            212,
            217,
            223,
            225,
            228,
            232,
            236,
            239,
            245,
            251,
            254,
            255
          ],
          "planned_hbm_bytes": 101999100400,
          "planned_host_bytes": 39609860800,
          "routed_layer_count": 75,
          "transient_hbm_bytes": 67108864
        },
        {
          "cold_allocation_kind": "pinned_uva",
          "cold_expert_bytes": 31609860800,
          "cold_expert_slots": 1624,
          "ep_rank": 2,
          "ep_size": 4,
          "expert_bytes": 19464200,
          "fixed_hbm_allocations": {
            "baseline_cudagraph_upper_bound": 69793219,
            "baseline_non_torch_upper_bound": 681826058,
            "baseline_peak_activation_upper_bound": 1218696970,
            "indexer_cache": 1108977408,
            "main_mla_cache": 20470474752,
            "non_routed_weights": 4181609280,
            "observed_tiered_runtime_reconciliation": 2226232113,
            "tiered_moe_runtime_buffers": 3223191400
          },
          "fixed_hbm_bytes": 33180801200,
          "fixed_host_allocations": {},
          "fixed_host_bytes": 0,
          "hbm_capacity_bytes": 102006521856,
          "hbm_reserve_bytes": 7000000000,
          "host_capacity_bytes": 127587581952,
          "host_reserve_bytes": 8000000000,
          "hot_expert_bytes": 61818299200,
          "hot_expert_slots": 3176,
          "layers": [
            {
              "cold_expert_ids": [
                12,
                32,
                36,
                53,
                56,
                65,
                68,
                71,
                76,
                80,
                84,
                111,
                122,
                124,
                132,
                141,
                142,
                146,
                165,
                171,
                178,
                182,
                189,
                197,
                198,
                204,
                207,
                226,
                230,
                241,
                249
              ],
              "hot_expert_ids": [
                14,
                34,
                41,
                58,
                63,
                77,
                83,
                89,
                94,
                98,
                101,
                116,
                118,
                123,
                130,
                131,
                147,
                163,
                166,
                177,
                179,
                181,
                193,
                203,
                214,
                215,
                216,
                224,
                240,
                242,
                243,
                246,
                248
              ],
              "layer_id": 3
            },
            {
              "cold_expert_ids": [
                3,
                20,
                26,
                52,
                98,
                133,
                135,
                144,
                159,
                222
              ],
              "hot_expert_ids": [
                4,
                10,
                11,
                19,
                21,
                22,
                24,
                25,
                34,
                38,
                40,
                41,
                42,
                46,
                53,
                55,
                59,
                61,
                65,
                68,
                70,
                78,
                100,
                103,
                104,
                106,
                110,
                116,
                118,
                120,
                121,
                131,
                136,
                145,
                148,
                157,
                158,
                178,
                180,
                185,
                186,
                190,
                198,
                203,
                205,
                217,
                223,
                228,
                235,
                237,
                240,
                242,
                243,
                246
              ],
              "layer_id": 4
            },
            {
              "cold_expert_ids": [
                46,
                70,
                90,
                144
              ],
              "hot_expert_ids": [
                1,
                3,
                4,
                8,
                12,
                13,
                14,
                16,
                17,
                30,
                31,
                32,
                47,
                50,
                53,
                62,
                71,
                74,
                75,
                76,
                87,
                88,
                93,
                96,
                97,
                110,
                111,
                113,
                115,
                117,
                124,
                131,
                133,
                141,
                146,
                149,
                153,
                158,
                160,
                170,
                171,
                177,
                179,
                181,
                183,
                184,
                189,
                206,
                213,
                220,
                222,
                226,
                227,
                228,
                233,
                236,
                240,
                242,
                244,
                255
              ],
              "layer_id": 5
            },
            {
              "cold_expert_ids": [
                67,
                84
              ],
              "hot_expert_ids": [
                4,
                11,
                12,
                15,
                16,
                20,
                24,
                29,
                30,
                32,
                41,
                47,
                51,
                58,
                59,
                62,
                63,
                71,
                75,
                77,
                82,
                86,
                93,
                118,
                121,
                123,
                124,
                135,
                137,
                140,
                147,
                150,
                153,
                160,
                162,
                166,
                173,
                174,
                176,
                177,
                179,
                184,
                187,
                193,
                197,
                201,
                204,
                206,
                210,
                218,
                223,
                224,
                226,
                232,
                236,
                238,
                240,
                246,
                247,
                250,
                253,
                254
              ],
              "layer_id": 6
            },
            {
              "cold_expert_ids": [
                60,
                163,
                197,
                231
              ],
              "hot_expert_ids": [
                0,
                5,
                16,
                22,
                23,
                28,
                34,
                35,
                38,
                39,
                41,
                54,
                56,
                57,
                58,
                59,
                62,
                67,
                72,
                73,
                76,
                77,
                78,
                82,
                85,
                92,
                99,
                105,
                112,
                119,
                126,
                129,
                131,
                143,
                147,
                152,
                154,
                158,
                159,
                161,
                173,
                178,
                179,
                181,
                182,
                187,
                191,
                199,
                200,
                201,
                217,
                227,
                235,
                236,
                238,
                244,
                245,
                248,
                249,
                252
              ],
              "layer_id": 7
            },
            {
              "cold_expert_ids": [
                14,
                28,
                44,
                86,
                87,
                107,
                155,
                158,
                181,
                191,
                208
              ],
              "hot_expert_ids": [
                12,
                20,
                22,
                26,
                31,
                36,
                45,
                50,
                53,
                56,
                59,
                63,
                65,
                68,
                73,
                75,
                78,
                82,
                88,
                90,
                95,
                96,
                98,
                105,
                113,
                115,
                122,
                126,
                131,
                137,
                140,
                142,
                156,
                157,
                165,
                174,
                179,
                185,
                186,
                195,
                202,
                209,
                212,
                217,
                219,
                222,
                227,
                229,
                238,
                239,
                245,
                254,
                255
              ],
              "layer_id": 8
            },
            {
              "cold_expert_ids": [
                3,
                49,
                51,
                66,
                135,
                189,
                241
              ],
              "hot_expert_ids": [
                1,
                6,
                11,
                13,
                14,
                16,
                29,
                36,
                37,
                38,
                42,
                43,
                68,
                70,
                71,
                76,
                77,
                79,
                81,
                82,
                86,
                91,
                94,
                98,
                102,
                103,
                105,
                110,
                112,
                114,
                119,
                126,
                131,
                134,
                143,
                145,
                147,
                149,
                153,
                157,
                161,
                163,
                165,
                178,
                186,
                187,
                192,
                198,
                201,
                216,
                222,
                236,
                237,
                238,
                248,
                249,
                253
              ],
              "layer_id": 9
            },
            {
              "cold_expert_ids": [
                10,
                24,
                108,
                125,
                141,
                148,
                154,
                168,
                202
              ],
              "hot_expert_ids": [
                6,
                8,
                9,
                19,
                20,
                30,
                33,
                37,
                43,
                50,
                68,
                78,
                86,
                90,
                91,
                95,
                97,
                99,
                100,
                101,
                104,
                112,
                114,
                119,
                134,
                135,
                136,
                139,
                145,
                146,
                150,
                151,
                155,
                156,
                163,
                167,
                178,
                185,
                200,
                203,
                205,
                215,
                217,
                219,
                222,
                224,
                229,
                233,
                238,
                239,
                245,
                247,
                248,
                250,
                254
              ],
              "layer_id": 10
            },
            {
              "cold_expert_ids": [
                18,
                30,
                71,
                81,
                124,
                147,
                159,
                165,
                170,
                174,
                186,
                247
              ],
              "hot_expert_ids": [
                6,
                13,
                14,
                21,
                25,
                31,
                32,
                42,
                43,
                46,
                52,
                59,
                63,
                65,
                66,
                68,
                69,
                78,
                83,
                86,
                90,
                91,
                106,
                111,
                113,
                115,
                119,
                120,
                125,
                132,
                136,
                139,
                143,
                148,
                160,
                162,
                163,
                169,
                171,
                178,
                190,
                191,
                193,
                196,
                205,
                217,
                227,
                232,
                235,
                237,
                240,
                250
              ],
              "layer_id": 11
            },
            {
              "cold_expert_ids": [
                5,
                11,
                16,
                20,
                22,
                29,
                32,
                37,
                55,
                77,
                79,
                94,
                132,
                135,
                178,
                181,
                185,
                188,
                189,
                193,
                196,
                198,
                215,
                223,
                226,
                238,
                241,
                243,
                253
              ],
              "hot_expert_ids": [
                3,
                9,
                31,
                42,
                47,
                58,
                67,
                85,
                101,
                103,
                109,
                111,
                116,
                138,
                151,
                154,
                168,
                180,
                182,
                186,
                195,
                200,
                201,
                203,
                206,
                208,
                210,
                211,
                219,
                227,
                230,
                235,
                239,
                242,
                244
              ],
              "layer_id": 12
            },
            {
              "cold_expert_ids": [
                29,
                55,
                58,
                68,
                96,
                98,
                142,
                183,
                195,
                200,
                247
              ],
              "hot_expert_ids": [
                5,
                15,
                19,
                23,
                31,
                40,
                41,
                43,
                45,
                50,
                52,
                60,
                63,
                78,
                83,
                85,
                87,
                89,
                90,
                94,
                95,
                102,
                106,
                108,
                112,
                129,
                131,
                132,
                148,
                149,
                155,
                163,
                168,
                174,
                175,
                176,
                178,
                184,
                185,
                186,
                187,
                192,
                193,
                204,
                205,
                207,
                215,
                218,
                228,
                239,
                243,
                246,
                249
              ],
              "layer_id": 13
            },
            {
              "cold_expert_ids": [
                17,
                20,
                23,
                56,
                75,
                84,
                88,
                149,
                157,
                188,
                193,
                217,
                220,
                250
              ],
              "hot_expert_ids": [
                1,
                2,
                4,
                7,
                8,
                9,
                11,
                26,
                35,
                38,
                47,
                48,
                50,
                58,
                59,
                60,
                62,
                73,
                77,
                85,
                113,
                117,
                119,
                126,
                128,
                131,
                137,
                140,
                143,
                144,
                154,
                155,
                160,
                164,
                168,
                174,
                183,
                185,
                189,
                198,
                202,
                204,
                209,
                214,
                229,
                239,
                244,
                248,
                249,
                251
              ],
              "layer_id": 14
            },
            {
              "cold_expert_ids": [
                18,
                33,
                34,
                46,
                49,
                53,
                62,
                71,
                77,
                90,
                118,
                147,
                150,
                159,
                163,
                166,
                190,
                192,
                194,
                202,
                210,
                224,
                226,
                232,
                240,
                246,
                250
              ],
              "hot_expert_ids": [
                3,
                4,
                12,
                16,
                23,
                24,
                30,
                39,
                47,
                48,
                56,
                58,
                60,
                65,
                70,
                72,
                83,
                84,
                86,
                98,
                120,
                126,
                140,
                143,
                148,
                158,
                170,
                173,
                181,
                187,
                189,
                206,
                212,
                214,
                237,
                245,
                248
              ],
              "layer_id": 15
            },
            {
              "cold_expert_ids": [
                1,
                21,
                29,
                34,
                53,
                61,
                63,
                71,
                83,
                99,
                123,
                126,
                157,
                170,
                173,
                183,
                208,
                216,
                217,
                225,
                227,
                228,
                233,
                240,
                244,
                250,
                253
              ],
              "hot_expert_ids": [
                2,
                4,
                7,
                9,
                36,
                40,
                45,
                51,
                52,
                66,
                75,
                81,
                86,
                89,
                97,
                109,
                131,
                134,
                135,
                141,
                144,
                159,
                166,
                167,
                172,
                180,
                181,
                184,
                187,
                188,
                191,
                203,
                210,
                218,
                222,
                245,
                248
              ],
              "layer_id": 16
            },
            {
              "cold_expert_ids": [
                3,
                6,
                21,
                35,
                48,
                52,
                54,
                78,
                90,
                95,
                100,
                106,
                108,
                112,
                118,
                122,
                142,
                155,
                174,
                177,
                186,
                192,
                195,
                198,
                210,
                212,
                217,
                245,
                251,
                254
              ],
              "hot_expert_ids": [
                1,
                7,
                12,
                13,
                32,
                55,
                60,
                65,
                67,
                75,
                80,
                84,
                88,
                89,
                97,
                101,
                102,
                125,
                128,
                132,
                140,
                148,
                163,
                179,
                180,
                182,
                190,
                203,
                213,
                215,
                216,
                218,
                231,
                250
              ],
              "layer_id": 17
            },
            {
              "cold_expert_ids": [
                12,
                20,
                22,
                29,
                40,
                51,
                56,
                74,
                79,
                81,
                87,
                116,
                123,
                126,
                128,
                144,
                152,
                161,
                172,
                181,
                206,
                211,
                220,
                221,
                240,
                243,
                248
              ],
              "hot_expert_ids": [
                7,
                17,
                19,
                30,
                32,
                35,
                47,
                53,
                68,
                83,
                86,
                89,
                90,
                91,
                98,
                100,
                102,
                110,
                134,
                135,
                137,
                142,
                155,
                169,
                174,
                179,
                185,
                190,
                199,
                203,
                216,
                217,
                223,
                227,
                237,
                245,
                247
              ],
              "layer_id": 18
            },
            {
              "cold_expert_ids": [
                3,
                6,
                20,
                28,
                33,
                46,
                70,
                96,
                103,
                111,
                115,
                129,
                131,
                150,
                175,
                209,
                211,
                218,
                223,
                224,
                230
              ],
              "hot_expert_ids": [
                13,
                24,
                31,
                34,
                35,
                41,
                53,
                63,
                72,
                76,
                90,
                91,
                93,
                95,
                101,
                109,
                110,
                123,
                125,
                128,
                139,
                157,
                160,
                165,
                171,
                174,
                182,
                189,
                196,
                198,
                200,
                203,
                206,
                208,
                220,
                221,
                227,
                233,
                237,
                239,
                242,
                248,
                253
              ],
              "layer_id": 19
            },
            {
              "cold_expert_ids": [
                10,
                18,
                19,
                20,
                22,
                29,
                34,
                37,
                40,
                50,
                67,
                91,
                94,
                107,
                113,
                123,
                125,
                130,
                148,
                149,
                153,
                154,
                157,
                181,
                183,
                196,
                206,
                214,
                217,
                218,
                224,
                225,
                229,
                230,
                242,
                245
              ],
              "hot_expert_ids": [
                1,
                14,
                24,
                31,
                36,
                38,
                47,
                53,
                54,
                55,
                56,
                71,
                73,
                76,
                82,
                87,
                88,
                92,
                103,
                133,
                142,
                155,
                156,
                163,
                174,
                191,
                195,
                212
              ],
              "layer_id": 20
            },
            {
              "cold_expert_ids": [
                10,
                13,
                30,
                62,
                64,
                66,
                77,
                85,
                87,
                93,
                97,
                98,
                99,
                105,
                124,
                125,
                133,
                139,
                147,
                148,
                152,
                153,
                162,
                169,
                170,
                177,
                185,
                189,
                206,
                215,
                217,
                221,
                229,
                239,
                251
              ],
              "hot_expert_ids": [
                5,
                15,
                34,
                42,
                47,
                52,
                71,
                75,
                76,
                88,
                95,
                100,
                103,
                110,
                114,
                138,
                149,
                163,
                171,
                181,
                183,
                186,
                196,
                205,
                211,
                226,
                233,
                238,
                249
              ],
              "layer_id": 21
            },
            {
              "cold_expert_ids": [
                7,
                78,
                88,
                120,
                132,
                133,
                135,
                153,
                177,
                178,
                191,
                194,
                195,
                203,
                208,
                213,
                225,
                228,
                232,
                236,
                250,
                251
              ],
              "hot_expert_ids": [
                0,
                2,
                9,
                13,
                15,
                28,
                37,
                41,
                42,
                49,
                50,
                60,
                61,
                62,
                65,
                68,
                75,
                82,
                90,
                100,
                111,
                119,
                123,
                139,
                158,
                174,
                179,
                185,
                186,
                187,
                202,
                204,
                215,
                218,
                222,
                231,
                233,
                237,
                240,
                243,
                244,
                247
              ],
              "layer_id": 22
            },
            {
              "cold_expert_ids": [
                41,
                62,
                74,
                83,
                86,
                87,
                89,
                134,
                139,
                146,
                161,
                225,
                252
              ],
              "hot_expert_ids": [
                8,
                15,
                19,
                21,
                24,
                26,
                28,
                31,
                38,
                39,
                42,
                43,
                45,
                49,
                51,
                55,
                58,
                59,
                73,
                85,
                90,
                94,
                95,
                111,
                113,
                123,
                125,
                136,
                152,
                154,
                157,
                160,
                165,
                170,
                171,
                172,
                177,
                183,
                190,
                191,
                194,
                198,
                200,
                204,
                205,
                213,
                227,
                229,
                234,
                237,
                244
              ],
              "layer_id": 23
            },
            {
              "cold_expert_ids": [
                40,
                47,
                67,
                79,
                113,
                126,
                140,
                197,
                228
              ],
              "hot_expert_ids": [
                5,
                7,
                9,
                10,
                12,
                15,
                16,
                26,
                27,
                29,
                30,
                31,
                34,
                36,
                50,
                52,
                54,
                58,
                60,
                64,
                70,
                72,
                82,
                83,
                87,
                94,
                99,
                101,
                110,
                116,
                118,
                131,
                132,
                139,
                144,
                146,
                151,
                155,
                158,
                164,
                174,
                181,
                185,
                188,
                191,
                193,
                196,
                200,
                203,
                213,
                218,
                220,
                225,
                234,
                250
              ],
              "layer_id": 24
            },
            {
              "cold_expert_ids": [
                61,
                90,
                119,
                137,
                143,
                146,
                149,
                171,
                185,
                212,
                215,
                222,
                236,
                252
              ],
              "hot_expert_ids": [
                0,
                9,
                10,
                19,
                31,
                38,
                41,
                44,
                48,
                52,
                59,
                63,
                64,
                71,
                73,
                78,
                80,
                85,
                89,
                105,
                108,
                116,
                128,
                132,
                136,
                150,
                151,
                154,
                160,
                162,
                173,
                174,
                179,
                186,
                187,
                190,
                191,
                194,
                195,
                197,
                198,
                202,
                205,
                208,
                210,
                213,
                225,
                229,
                231,
                240
              ],
              "layer_id": 25
            },
            {
              "cold_expert_ids": [
                17,
                110,
                113,
                124,
                147,
                149,
                159,
                161,
                171,
                195,
                210,
                241,
                247
              ],
              "hot_expert_ids": [
                14,
                16,
                20,
                25,
                31,
                33,
                35,
                38,
                42,
                46,
                56,
                62,
                63,
                72,
                87,
                91,
                98,
                102,
                103,
                104,
                108,
                118,
                127,
                135,
                136,
                141,
                148,
                158,
                162,
                163,
                164,
                166,
                167,
                169,
                174,
                175,
                179,
                186,
                190,
                193,
                200,
                202,
                205,
                214,
                215,
                216,
                218,
                242,
                243,
                244,
                249
              ],
              "layer_id": 26
            },
            {
              "cold_expert_ids": [
                7,
                52,
                59,
                63,
                67,
                71,
                73,
                84,
                121,
                157,
                172,
                211,
                224,
                230,
                235,
                243,
                254
              ],
              "hot_expert_ids": [
                4,
                10,
                19,
                29,
                36,
                41,
                42,
                44,
                50,
                57,
                68,
                72,
                74,
                83,
                85,
                89,
                91,
                99,
                104,
                111,
                112,
                114,
                115,
                123,
                131,
                136,
                143,
                145,
                146,
                155,
                162,
                168,
                171,
                179,
                195,
                197,
                200,
                207,
                218,
                220,
                227,
                228,
                229,
                231,
                232,
                233,
                252
              ],
              "layer_id": 27
            },
            {
              "cold_expert_ids": [
                3,
                7,
                26,
                40,
                46,
                57,
                67,
                94,
                96,
                141,
                146,
                153,
                228,
                248,
                252
              ],
              "hot_expert_ids": [
                0,
                5,
                6,
                8,
                10,
                14,
                24,
                29,
                33,
                38,
                48,
                56,
                66,
                68,
                70,
                87,
                89,
                92,
                95,
                97,
                99,
                101,
                102,
                104,
                110,
                111,
                121,
                122,
                132,
                137,
                138,
                140,
                143,
                150,
                152,
                154,
                161,
                163,
                168,
                169,
                178,
                201,
                204,
                213,
                222,
                233,
                237,
                245,
                246
              ],
              "layer_id": 28
            },
            {
              "cold_expert_ids": [
                3,
                43,
                48,
                69,
                78,
                96,
                141,
                144,
                172,
                173,
                177,
                182,
                183,
                200,
                214,
                217,
                220,
                227
              ],
              "hot_expert_ids": [
                8,
                9,
                15,
                25,
                26,
                28,
                33,
                59,
                66,
                74,
                86,
                89,
                113,
                115,
                116,
                119,
                120,
                131,
                134,
                136,
                140,
                143,
                151,
                154,
                155,
                157,
                158,
                168,
                169,
                175,
                181,
                184,
                186,
                191,
                192,
                194,
                195,
                207,
                210,
                223,
                232,
                241,
                242,
                245,
                247,
                251
              ],
              "layer_id": 29
            },
            {
              "cold_expert_ids": [
                7,
                13,
                23,
                31,
                46,
                49,
                62,
                74,
                107,
                131,
                145,
                149,
                168,
                183,
                205,
                217,
                220,
                246
              ],
              "hot_expert_ids": [
                6,
                10,
                16,
                24,
                28,
                29,
                32,
                35,
                39,
                45,
                58,
                59,
                60,
                71,
                76,
                81,
                89,
                94,
                97,
                100,
                104,
                126,
                129,
                133,
                137,
                156,
                159,
                160,
                162,
                165,
                173,
                176,
                187,
                189,
                195,
                200,
                203,
                208,
                211,
                213,
                218,
                219,
                221,
                222,
                234,
                242
              ],
              "layer_id": 30
            },
            {
              "cold_expert_ids": [
                2,
                18,
                20,
                21,
                36,
                39,
                42,
                59,
                87,
                100,
                109,
                123,
                134,
                142,
                144,
                145,
                160,
                182,
                187,
                215,
                217,
                219,
                228,
                233,
                236,
                254,
                255
              ],
              "hot_expert_ids": [
                13,
                14,
                25,
                26,
                28,
                30,
                31,
                33,
                34,
                46,
                49,
                55,
                62,
                79,
                94,
                97,
                110,
                114,
                117,
                118,
                119,
                121,
                133,
                136,
                139,
                143,
                148,
                161,
                185,
                194,
                200,
                203,
                210,
                224,
                234,
                235,
                245
              ],
              "layer_id": 31
            },
            {
              "cold_expert_ids": [
                12,
                13,
                28,
                52,
                53,
                54,
                62,
                71,
                112,
                115,
                116,
                123,
                179,
                180,
                191,
                219,
                220,
                224,
                233,
                243,
                247,
                251
              ],
              "hot_expert_ids": [
                3,
                5,
                9,
                14,
                15,
                18,
                36,
                41,
                55,
                60,
                67,
                73,
                82,
                83,
                86,
                88,
                90,
                93,
                94,
                97,
                98,
                102,
                118,
                121,
                122,
                130,
                133,
                138,
                156,
                157,
                190,
                194,
                196,
                199,
                204,
                207,
                215,
                217,
                225,
                235,
                239,
                240
              ],
              "layer_id": 32
            },
            {
              "cold_expert_ids": [
                9,
                22,
                26,
                44,
                72,
                80,
                95,
                101,
                105,
                118,
                143,
                156,
                160,
                161,
                163,
                165,
                178,
                180,
                185,
                200,
                223,
                238,
                246,
                247
              ],
              "hot_expert_ids": [
                29,
                31,
                35,
                41,
                50,
                52,
                56,
                60,
                74,
                89,
                94,
                96,
                125,
                126,
                130,
                131,
                136,
                137,
                150,
                154,
                157,
                167,
                168,
                169,
                170,
                186,
                191,
                194,
                207,
                208,
                212,
                226,
                234,
                239,
                242,
                243,
                244,
                245,
                249,
                255
              ],
              "layer_id": 33
            },
            {
              "cold_expert_ids": [
                34,
                37,
                56,
                73,
                74,
                75,
                89,
                93,
                101,
                114,
                147,
                152,
                158,
                161,
                164,
                167,
                182,
                205,
                211,
                235,
                239,
                254
              ],
              "hot_expert_ids": [
                6,
                9,
                20,
                32,
                35,
                45,
                51,
                55,
                58,
                62,
                65,
                70,
                71,
                76,
                81,
                82,
                87,
                88,
                124,
                126,
                127,
                133,
                134,
                142,
                149,
                156,
                160,
                170,
                175,
                180,
                191,
                196,
                197,
                201,
                204,
                213,
                229,
                231,
                244,
                247,
                248,
                251
              ],
              "layer_id": 34
            },
            {
              "cold_expert_ids": [
                26,
                38,
                48,
                51,
                54,
                64,
                66,
                70,
                77,
                88,
                92,
                113,
                114,
                134,
                153,
                162,
                166,
                171,
                179,
                190,
                194,
                195,
                200,
                211,
                218,
                231,
                242,
                243
              ],
              "hot_expert_ids": [
                2,
                4,
                5,
                11,
                15,
                21,
                24,
                27,
                46,
                47,
                52,
                58,
                61,
                84,
                91,
                98,
                100,
                124,
                136,
                163,
                164,
                176,
                180,
                181,
                193,
                199,
                210,
                215,
                220,
                226,
                227,
                230,
                234,
                244,
                248,
                250
              ],
              "layer_id": 35
            },
            {
              "cold_expert_ids": [
                1,
                3,
                6,
                10,
                21,
                29,
                43,
                70,
                72,
                114,
                123,
                128,
                138,
                141,
                142,
                159,
                168,
                174,
                185,
                192,
                195,
                223,
                228,
                230,
                247
              ],
              "hot_expert_ids": [
                0,
                11,
                31,
                32,
                38,
                53,
                60,
                66,
                79,
                85,
                93,
                105,
                110,
                112,
                129,
                137,
                148,
                150,
                151,
                153,
                155,
                162,
                165,
                172,
                175,
                179,
                184,
                186,
                188,
                203,
                210,
                214,
                216,
                238,
                239,
                241,
                245,
                246,
                253
              ],
              "layer_id": 36
            },
            {
              "cold_expert_ids": [
                0,
                12,
                29,
                53,
                80,
                89,
                105,
                107,
                113,
                151,
                155,
                156,
                180,
                188,
                189,
                198,
                200,
                210,
                234,
                242
              ],
              "hot_expert_ids": [
                9,
                13,
                19,
                21,
                22,
                30,
                32,
                44,
                54,
                58,
                64,
                72,
                86,
                95,
                112,
                114,
                119,
                124,
                133,
                139,
                141,
                144,
                145,
                149,
                150,
                153,
                154,
                160,
                163,
                166,
                170,
                181,
                185,
                194,
                202,
                203,
                212,
                214,
                230,
                231,
                238,
                243,
                245,
                255
              ],
              "layer_id": 37
            },
            {
              "cold_expert_ids": [
                34,
                43,
                45,
                59,
                88,
                106,
                107,
                112,
                124,
                138,
                157,
                190,
                191,
                197,
                214,
                215,
                221,
                231,
                233,
                246
              ],
              "hot_expert_ids": [
                2,
                3,
                6,
                8,
                12,
                14,
                22,
                23,
                27,
                40,
                47,
                53,
                58,
                64,
                68,
                75,
                86,
                91,
                116,
                117,
                130,
                133,
                135,
                146,
                149,
                155,
                158,
                160,
                165,
                166,
                173,
                179,
                181,
                182,
                200,
                202,
                206,
                207,
                208,
                217,
                226,
                238,
                253,
                255
              ],
              "layer_id": 38
            },
            {
              "cold_expert_ids": [
                2,
                5,
                42,
                59,
                67,
                80,
                90,
                98,
                113,
                118,
                145,
                148,
                153,
                168,
                179,
                182,
                184,
                206,
                208,
                217,
                234
              ],
              "hot_expert_ids": [
                8,
                13,
                14,
                16,
                20,
                36,
                41,
                47,
                56,
                57,
                73,
                78,
                81,
                82,
                92,
                97,
                100,
                103,
                105,
                119,
                120,
                128,
                129,
                136,
                141,
                143,
                152,
                157,
                161,
                172,
                173,
                178,
                186,
                187,
                195,
                215,
                226,
                229,
                235,
                241,
                242,
                253,
                255
              ],
              "layer_id": 39
            },
            {
              "cold_expert_ids": [
                7,
                24,
                41,
                67,
                81,
                103,
                124,
                131,
                139,
                148,
                152,
                167,
                191,
                192,
                197,
                200,
                210,
                214,
                225,
                228,
                233,
                253
              ],
              "hot_expert_ids": [
                0,
                8,
                10,
                15,
                18,
                28,
                31,
                34,
                35,
                36,
                38,
                46,
                49,
                52,
                63,
                64,
                91,
                93,
                99,
                108,
                132,
                134,
                138,
                140,
                144,
                145,
                146,
                156,
                175,
                180,
                182,
                193,
                196,
                199,
                202,
                208,
                209,
                226,
                227,
                230,
                239,
                245
              ],
              "layer_id": 40
            },
            {
              "cold_expert_ids": [
                2,
                16,
                61,
                79,
                87,
                115,
                130,
                140,
                156,
                165,
                176,
                186,
                193,
                215,
                222,
                242,
                244,
                250
              ],
              "hot_expert_ids": [
                1,
                4,
                5,
                17,
                20,
                22,
                26,
                31,
                38,
                41,
                51,
                57,
                64,
                74,
                84,
                94,
                96,
                97,
                99,
                114,
                122,
                131,
                135,
                139,
                142,
                143,
                150,
                159,
                160,
                172,
                178,
                181,
                183,
                194,
                196,
                200,
                208,
                217,
                221,
                228,
                229,
                233,
                234,
                241,
                246,
                247
              ],
              "layer_id": 41
            },
            {
              "cold_expert_ids": [
                2,
                22,
                33,
                54,
                89,
                96,
                100,
                115,
                133,
                134,
                144,
                152,
                168,
                199,
                202,
                219,
                226,
                232,
                250
              ],
              "hot_expert_ids": [
                3,
                17,
                25,
                36,
                37,
                47,
                48,
                49,
                56,
                62,
                65,
                68,
                73,
                74,
                90,
                98,
                102,
                112,
                117,
                130,
                139,
                142,
                153,
                155,
                163,
                171,
                177,
                178,
                179,
                182,
                184,
                189,
                201,
                204,
                205,
                206,
                207,
                209,
                210,
                214,
                215,
                225,
                234,
                240,
                253
              ],
              "layer_id": 42
            },
            {
              "cold_expert_ids": [
                26,
                28,
                54,
                73,
                126,
                128,
                137,
                138,
                147,
                168,
                178,
                203,
                233,
                238,
                245,
                249,
                253
              ],
              "hot_expert_ids": [
                14,
                16,
                21,
                23,
                29,
                30,
                31,
                46,
                47,
                52,
                53,
                55,
                57,
                61,
                69,
                77,
                78,
                79,
                80,
                81,
                86,
                91,
                98,
                99,
                104,
                108,
                110,
                113,
                114,
                119,
                122,
                130,
                153,
                162,
                163,
                165,
                166,
                175,
                189,
                190,
                196,
                209,
                226,
                231,
                243,
                250,
                254
              ],
              "layer_id": 43
            },
            {
              "cold_expert_ids": [
                1,
                4,
                30,
                38,
                43,
                60,
                115,
                138,
                145,
                155,
                160,
                163,
                177,
                187,
                192,
                227,
                240
              ],
              "hot_expert_ids": [
                2,
                9,
                12,
                13,
                16,
                23,
                41,
                44,
                62,
                65,
                71,
                73,
                74,
                75,
                77,
                84,
                92,
                97,
                99,
                120,
                123,
                128,
                134,
                136,
                143,
                150,
                151,
                156,
                161,
                164,
                169,
                176,
                182,
                188,
                195,
                200,
                203,
                229,
                230,
                233,
                237,
                244,
                245,
                246,
                248,
                250,
                254
              ],
              "layer_id": 44
            },
            {
              "cold_expert_ids": [
                23,
                29,
                36,
                38,
                48,
                49,
                59,
                79,
                87,
                98,
                115,
                153,
                167,
                180,
                189,
                206,
                232,
                233,
                237,
                243,
                245,
                248
              ],
              "hot_expert_ids": [
                0,
                5,
                11,
                24,
                30,
                31,
                34,
                39,
                41,
                42,
                52,
                57,
                73,
                77,
                78,
                86,
                90,
                93,
                106,
                110,
                121,
                138,
                145,
                146,
                150,
                152,
                154,
                160,
                164,
                168,
                170,
                175,
                182,
                188,
                197,
                200,
                208,
                220,
                223,
                231,
                254,
                255
              ],
              "layer_id": 45
            },
            {
              "cold_expert_ids": [
                2,
                18,
                26,
                64,
                80,
                82,
                85,
                86,
                113,
                167,
                177,
                178,
                203,
                205,
                206,
                222,
                240,
                243
              ],
              "hot_expert_ids": [
                0,
                11,
                16,
                19,
                20,
                21,
                29,
                33,
                41,
                49,
                55,
                57,
                60,
                75,
                89,
                92,
                93,
                96,
                98,
                100,
                102,
                108,
                115,
                118,
                119,
                122,
                148,
                155,
                158,
                159,
                161,
                162,
                163,
                170,
                172,
                179,
                180,
                184,
                196,
                211,
                215,
                220,
                233,
                241,
                245,
                251
              ],
              "layer_id": 46
            },
            {
              "cold_expert_ids": [
                26,
                51,
                61,
                73,
                79,
                91,
                139,
                146,
                153,
                163,
                165,
                180,
                204,
                220,
                230
              ],
              "hot_expert_ids": [
                1,
                3,
                6,
                7,
                9,
                15,
                16,
                22,
                27,
                28,
                42,
                44,
                50,
                52,
                56,
                63,
                64,
                65,
                75,
                76,
                81,
                85,
                88,
                96,
                104,
                114,
                130,
                135,
                140,
                143,
                144,
                149,
                150,
                161,
                181,
                186,
                199,
                202,
                205,
                206,
                217,
                222,
                233,
                238,
                245,
                246,
                248,
                250,
                254
              ],
              "layer_id": 47
            },
            {
              "cold_expert_ids": [
                42,
                75,
                77,
                80,
                111,
                128,
                143,
                165,
                166,
                181,
                185,
                194,
                195,
                230,
                236,
                241
              ],
              "hot_expert_ids": [
                4,
                12,
                14,
                17,
                22,
                23,
                24,
                27,
                30,
                31,
                33,
                35,
                39,
                41,
                48,
                60,
                61,
                64,
                73,
                96,
                104,
                109,
                132,
                134,
                135,
                139,
                142,
                150,
                154,
                156,
                157,
                168,
                171,
                172,
                178,
                179,
                182,
                188,
                192,
                200,
                212,
                213,
                221,
                240,
                243,
                246,
                250,
                254
              ],
              "layer_id": 48
            },
            {
              "cold_expert_ids": [
                24,
                53,
                61,
                78,
                91,
                115,
                120,
                143,
                153,
                157,
                161,
                198,
                199,
                209,
                224,
                231,
                244
              ],
              "hot_expert_ids": [
                6,
                25,
                31,
                36,
                45,
                48,
                49,
                52,
                54,
                56,
                58,
                59,
                66,
                67,
                77,
                83,
                84,
                92,
                108,
                119,
                132,
                137,
                138,
                140,
                145,
                158,
                160,
                163,
                171,
                180,
                189,
                191,
                192,
                193,
                200,
                202,
                204,
                206,
                207,
                213,
                215,
                219,
                222,
                232,
                237,
                239,
                248
              ],
              "layer_id": 49
            },
            {
              "cold_expert_ids": [
                18,
                37,
                41,
                46,
                96,
                106,
                109,
                124,
                139,
                149,
                150,
                152,
                153,
                165,
                213,
                238,
                241,
                243
              ],
              "hot_expert_ids": [
                1,
                5,
                13,
                15,
                17,
                20,
                21,
                22,
                23,
                27,
                29,
                33,
                51,
                52,
                63,
                66,
                81,
                82,
                86,
                89,
                101,
                108,
                115,
                120,
                129,
                134,
                135,
                137,
                138,
                142,
                145,
                166,
                170,
                181,
                185,
                189,
                194,
                199,
                223,
                225,
                226,
                228,
                236,
                240,
                250,
                251
              ],
              "layer_id": 50
            },
            {
              "cold_expert_ids": [
                1,
                22,
                48,
                50,
                52,
                55,
                67,
                76,
                86,
                96,
                136,
                146,
                147,
                158,
                169,
                174,
                206,
                224,
                226,
                235,
                250,
                255
              ],
              "hot_expert_ids": [
                10,
                16,
                17,
                18,
                24,
                34,
                35,
                43,
                49,
                57,
                72,
                73,
                81,
                90,
                94,
                97,
                98,
                105,
                108,
                115,
                116,
                121,
                127,
                137,
                141,
                153,
                164,
                165,
                166,
                171,
                175,
                179,
                181,
                187,
                191,
                204,
                228,
                232,
                236,
                248,
                249,
                253
              ],
              "layer_id": 51
            },
            {
              "cold_expert_ids": [
                20,
                34,
                40,
                79,
                91,
                104,
                118,
                121,
                157,
                160,
                172,
                175,
                176,
                180,
                190,
                197,
                201,
                232,
                234,
                244,
                255
              ],
              "hot_expert_ids": [
                1,
                3,
                8,
                17,
                24,
                27,
                31,
                50,
                62,
                72,
                74,
                75,
                77,
                82,
                83,
                86,
                90,
                93,
                95,
                100,
                116,
                129,
                131,
                145,
                151,
                152,
                163,
                164,
                170,
                181,
                186,
                191,
                196,
                199,
                210,
                214,
                216,
                221,
                223,
                231,
                241,
                252,
                254
              ],
              "layer_id": 52
            },
            {
              "cold_expert_ids": [
                0,
                7,
                26,
                54,
                68,
                69,
                87,
                100,
                111,
                112,
                115,
                135,
                143,
                191,
                199,
                226,
                237
              ],
              "hot_expert_ids": [
                3,
                9,
                12,
                16,
                21,
                22,
                23,
                42,
                45,
                48,
                49,
                53,
                60,
                65,
                71,
                80,
                81,
                84,
                88,
                91,
                93,
                95,
                96,
                102,
                103,
                106,
                114,
                116,
                118,
                129,
                131,
                148,
                153,
                161,
                164,
                172,
                177,
                188,
                200,
                207,
                208,
                225,
                230,
                234,
                238,
                249,
                255
              ],
              "layer_id": 53
            },
            {
              "cold_expert_ids": [
                5,
                12,
                33,
                46,
                57,
                66,
                69,
                86,
                88,
                92,
                99,
                101,
                109,
                113,
                131,
                134,
                136,
                144,
                150,
                187,
                189,
                191,
                196,
                199,
                248
              ],
              "hot_expert_ids": [
                9,
                15,
                18,
                19,
                20,
                28,
                31,
                38,
                51,
                53,
                56,
                59,
                74,
                77,
                89,
                93,
                100,
                110,
                121,
                126,
                138,
                141,
                146,
                155,
                156,
                159,
                172,
                177,
                185,
                206,
                220,
                228,
                234,
                238,
                239,
                244,
                251,
                252,
                253
              ],
              "layer_id": 54
            },
            {
              "cold_expert_ids": [
                0,
                14,
                21,
                24,
                38,
                44,
                48,
                70,
                84,
                85,
                92,
                94,
                98,
                100,
                117,
                132,
                133,
                167,
                197,
                204,
                211,
                233,
                249
              ],
              "hot_expert_ids": [
                8,
                16,
                22,
                26,
                33,
                37,
                45,
                49,
                57,
                58,
                62,
                63,
                72,
                77,
                78,
                80,
                86,
                90,
                116,
                121,
                125,
                139,
                148,
                168,
                170,
                182,
                189,
                191,
                193,
                196,
                198,
                200,
                201,
                205,
                210,
                218,
                219,
                222,
                224,
                227,
                243
              ],
              "layer_id": 55
            },
            {
              "cold_expert_ids": [
                5,
                8,
                21,
                24,
                34,
                54,
                55,
                57,
                66,
                70,
                93,
                116,
                130,
                138,
                162,
                171,
                173,
                178,
                181,
                188,
                198,
                229,
                250
              ],
              "hot_expert_ids": [
                1,
                11,
                15,
                20,
                35,
                36,
                58,
                65,
                71,
                84,
                90,
                91,
                101,
                104,
                105,
                107,
                112,
                128,
                131,
                140,
                147,
                158,
                163,
                179,
                185,
                187,
                190,
                191,
                195,
                208,
                215,
                218,
                225,
                228,
                234,
                235,
                245,
                247,
                248,
                253,
                255
              ],
              "layer_id": 56
            },
            {
              "cold_expert_ids": [
                4,
                9,
                11,
                14,
                23,
                25,
                26,
                33,
                36,
                65,
                75,
                76,
                104,
                134,
                135,
                138,
                150,
                156,
                167,
                170,
                178,
                179,
                190,
                213,
                240
              ],
              "hot_expert_ids": [
                21,
                30,
                40,
                41,
                42,
                53,
                57,
                59,
                79,
                88,
                90,
                96,
                108,
                125,
                132,
                137,
                139,
                143,
                145,
                154,
                160,
                172,
                186,
                187,
                194,
                203,
                207,
                211,
                214,
                215,
                217,
                221,
                224,
                230,
                233,
                237,
                241,
                248,
                252
              ],
              "layer_id": 57
            },
            {
              "cold_expert_ids": [
                6,
                7,
                35,
                37,
                39,
                41,
                70,
                71,
                77,
                85,
                94,
                117,
                118,
                128,
                133,
                141,
                142,
                153,
                178,
                204,
                209,
                232,
                236,
                244,
                245,
                252,
                254
              ],
              "hot_expert_ids": [
                2,
                16,
                17,
                19,
                22,
                25,
                28,
                43,
                46,
                48,
                49,
                75,
                79,
                86,
                112,
                115,
                124,
                125,
                143,
                150,
                152,
                169,
                173,
                174,
                179,
                181,
                184,
                188,
                196,
                217,
                222,
                225,
                229,
                237,
                242,
                243,
                246
              ],
              "layer_id": 58
            },
            {
              "cold_expert_ids": [
                2,
                17,
                32,
                86,
                90,
                94,
                104,
                117,
                123,
                124,
                163,
                171,
                186,
                202,
                206,
                230,
                235,
                238,
                244
              ],
              "hot_expert_ids": [
                3,
                6,
                27,
                33,
                40,
                42,
                43,
                44,
                49,
                52,
                54,
                59,
                66,
                67,
                68,
                76,
                79,
                84,
                87,
                92,
                98,
                103,
                119,
                129,
                130,
                139,
                150,
                151,
                158,
                162,
                167,
                168,
                170,
                176,
                197,
                208,
                209,
                213,
                219,
                224,
                226,
                242,
                250,
                252,
                255
              ],
              "layer_id": 59
            },
            {
              "cold_expert_ids": [
                11,
                31,
                44,
                61,
                75,
                112,
                114,
                118,
                129,
                136,
                142,
                143,
                149,
                173,
                179,
                241,
                242,
                251
              ],
              "hot_expert_ids": [
                8,
                16,
                19,
                27,
                34,
                43,
                50,
                53,
                57,
                69,
                78,
                82,
                89,
                92,
                99,
                101,
                106,
                110,
                116,
                125,
                147,
                152,
                154,
                158,
                163,
                168,
                175,
                181,
                186,
                191,
                193,
                194,
                201,
                206,
                208,
                210,
                218,
                221,
                228,
                231,
                234,
                238,
                243,
                244,
                246,
                248
              ],
              "layer_id": 60
            },
            {
              "cold_expert_ids": [
                5,
                6,
                18,
                24,
                30,
                36,
                52,
                53,
                67,
                78,
                80,
                82,
                85,
                98,
                117,
                120,
                137,
                163,
                167,
                169,
                202,
                208,
                246
              ],
              "hot_expert_ids": [
                1,
                2,
                8,
                9,
                10,
                13,
                33,
                34,
                35,
                38,
                46,
                47,
                64,
                71,
                73,
                87,
                92,
                99,
                116,
                122,
                126,
                127,
                128,
                132,
                140,
                154,
                155,
                160,
                161,
                162,
                166,
                170,
                184,
                189,
                190,
                200,
                206,
                210,
                220,
                232,
                251
              ],
              "layer_id": 61
            },
            {
              "cold_expert_ids": [
                0,
                3,
                30,
                32,
                34,
                41,
                50,
                63,
                98,
                102,
                107,
                127,
                151,
                154,
                170,
                187,
                188,
                247,
                253
              ],
              "hot_expert_ids": [
                1,
                5,
                6,
                9,
                10,
                15,
                18,
                29,
                38,
                43,
                44,
                51,
                58,
                67,
                70,
                77,
                86,
                88,
                92,
                94,
                96,
                103,
                105,
                110,
                112,
                126,
                140,
                149,
                159,
                164,
                169,
                179,
                183,
                202,
                203,
                210,
                212,
                214,
                219,
                227,
                228,
                237,
                238,
                242,
                248
              ],
              "layer_id": 62
            },
            {
              "cold_expert_ids": [
                2,
                9,
                17,
                25,
                27,
                28,
                31,
                56,
                67,
                78,
                89,
                91,
                95,
                118,
                125,
                153,
                158,
                175,
                179,
                182,
                193,
                200,
                229,
                239
              ],
              "hot_expert_ids": [
                10,
                13,
                15,
                21,
                26,
                36,
                37,
                40,
                45,
                50,
                53,
                63,
                70,
                75,
                76,
                82,
                84,
                93,
                109,
                111,
                115,
                121,
                126,
                130,
                147,
                157,
                159,
                160,
                164,
                172,
                178,
                186,
                191,
                194,
                199,
                204,
                210,
                230,
                232,
                247
              ],
              "layer_id": 63
            },
            {
              "cold_expert_ids": [
                10,
                18,
                22,
                26,
                30,
                32,
                36,
                57,
                92,
                108,
                113,
                116,
                122,
                125,
                128,
                130,
                145,
                164,
                165,
                193,
                203,
                211,
                218,
                228,
                255
              ],
              "hot_expert_ids": [
                1,
                6,
                8,
                13,
                15,
                23,
                25,
                29,
                33,
                40,
                53,
                55,
                61,
                63,
                71,
                74,
                86,
                88,
                94,
                95,
                123,
                131,
                147,
                148,
                152,
                163,
                171,
                176,
                195,
                198,
                204,
                207,
                210,
                212,
                215,
                220,
                224,
                234,
                250
              ],
              "layer_id": 64
            },
            {
              "cold_expert_ids": [
                7,
                15,
                27,
                34,
                35,
                52,
                60,
                78,
                83,
                109,
                111,
                115,
                118,
                124,
                132,
                140,
                145,
                157,
                164,
                165,
                176,
                228,
                238
              ],
              "hot_expert_ids": [
                4,
                8,
                14,
                33,
                43,
                53,
                54,
                71,
                72,
                75,
                84,
                85,
                87,
                88,
                92,
                94,
                97,
                99,
                103,
                106,
                112,
                114,
                128,
                135,
                143,
                144,
                148,
                153,
                163,
                168,
                169,
                175,
                181,
                196,
                210,
                217,
                219,
                226,
                230,
                235,
                255
              ],
              "layer_id": 65
            },
            {
              "cold_expert_ids": [
                5,
                13,
                14,
                41,
                43,
                47,
                60,
                61,
                68,
                70,
                77,
                82,
                97,
                99,
                109,
                135,
                142,
                145,
                156,
                167,
                184,
                186,
                188,
                189,
                190,
                192,
                196,
                203,
                205,
                246
              ],
              "hot_expert_ids": [
                0,
                9,
                10,
                17,
                25,
                38,
                44,
                51,
                53,
                72,
                80,
                83,
                88,
                95,
                112,
                128,
                134,
                158,
                160,
                162,
                163,
                169,
                172,
                179,
                185,
                193,
                207,
                218,
                225,
                227,
                236,
                237,
                239,
                250
              ],
              "layer_id": 66
            },
            {
              "cold_expert_ids": [
                0,
                3,
                4,
                7,
                8,
                19,
                29,
                33,
                35,
                46,
                50,
                68,
                91,
                123,
                129,
                144,
                145,
                154,
                161,
                168,
                183,
                189,
                190,
                234,
                252,
                253
              ],
              "hot_expert_ids": [
                10,
                26,
                27,
                31,
                44,
                48,
                52,
                57,
                78,
                81,
                90,
                97,
                104,
                130,
                132,
                133,
                134,
                139,
                142,
                150,
                163,
                167,
                177,
                178,
                181,
                182,
                187,
                198,
                200,
                208,
                209,
                210,
                212,
                213,
                217,
                229,
                244,
                248
              ],
              "layer_id": 67
            },
            {
              "cold_expert_ids": [
                4,
                17,
                18,
                23,
                27,
                29,
                63,
                67,
                79,
                82,
                84,
                90,
                98,
                115,
                125,
                130,
                141,
                156,
                160,
                165,
                175,
                184,
                188,
                193,
                198,
                208,
                210,
                213,
                214,
                215,
                239,
                242,
                248,
                255
              ],
              "hot_expert_ids": [
                0,
                2,
                8,
                10,
                11,
                15,
                21,
                25,
                26,
                42,
                52,
                62,
                77,
                94,
                96,
                97,
                105,
                110,
                111,
                139,
                151,
                157,
                186,
                194,
                196,
                199,
                207,
                217,
                234,
                247
              ],
              "layer_id": 68
            },
            {
              "cold_expert_ids": [
                0,
                20,
                23,
                27,
                48,
                49,
                52,
                53,
                54,
                62,
                64,
                67,
                73,
                76,
                80,
                108,
                132,
                148,
                149,
                152,
                159,
                161,
                165,
                176,
                196,
                203,
                206,
                213,
                238,
                241,
                249,
                252,
                253
              ],
              "hot_expert_ids": [
                17,
                21,
                30,
                41,
                47,
                51,
                58,
                70,
                71,
                93,
                95,
                97,
                99,
                104,
                113,
                114,
                120,
                123,
                138,
                141,
                155,
                166,
                170,
                179,
                195,
                220,
                224,
                227,
                234,
                236,
                243
              ],
              "layer_id": 69
            },
            {
              "cold_expert_ids": [
                18,
                21,
                24,
                27,
                36,
                65,
                70,
                82,
                85,
                91,
                96,
                106,
                125,
                135,
                153,
                164,
                166,
                182,
                184,
                190,
                193,
                205,
                207,
                226,
                227,
                233,
                250
              ],
              "hot_expert_ids": [
                13,
                14,
                15,
                26,
                32,
                33,
                39,
                40,
                43,
                58,
                62,
                67,
                84,
                94,
                105,
                107,
                111,
                113,
                116,
                119,
                127,
                128,
                131,
                149,
                150,
                154,
                155,
                157,
                167,
                194,
                202,
                206,
                220,
                222,
                230,
                238,
                245
              ],
              "layer_id": 70
            },
            {
              "cold_expert_ids": [
                1,
                3,
                14,
                25,
                31,
                54,
                57,
                67,
                69,
                72,
                74,
                75,
                80,
                95,
                101,
                115,
                116,
                119,
                120,
                137,
                152,
                159,
                170,
                185,
                189,
                214,
                215,
                216,
                223,
                236,
                252
              ],
              "hot_expert_ids": [
                7,
                19,
                22,
                28,
                30,
                37,
                40,
                41,
                60,
                63,
                89,
                92,
                104,
                113,
                123,
                124,
                132,
                138,
                140,
                141,
                155,
                163,
                164,
                179,
                184,
                210,
                219,
                225,
                226,
                235,
                240,
                244,
                246
              ],
              "layer_id": 71
            },
            {
              "cold_expert_ids": [
                1,
                23,
                25,
                29,
                38,
                40,
                43,
                56,
                59,
                61,
                65,
                78,
                111,
                127,
                148,
                154,
                160,
                173,
                183,
                196,
                197,
                201,
                204,
                211,
                212,
                215,
                230,
                232,
                246,
                252
              ],
              "hot_expert_ids": [
                2,
                4,
                6,
                13,
                31,
                32,
                34,
                37,
                39,
                57,
                60,
                69,
                82,
                84,
                91,
                95,
                99,
                106,
                120,
                130,
                138,
                145,
                153,
                156,
                159,
                172,
                185,
                199,
                205,
                219,
                239,
                240,
                247,
                249
              ],
              "layer_id": 72
            },
            {
              "cold_expert_ids": [
                27,
                34,
                35,
                36,
                47,
                51,
                52,
                62,
                87,
                92,
                98,
                99,
                106,
                109,
                111,
                113,
                125,
                126,
                134,
                136,
                145,
                156,
                169,
                170,
                175,
                181,
                190,
                214,
                216,
                234,
                236,
                237,
                238,
                248,
                250
              ],
              "hot_expert_ids": [
                2,
                24,
                25,
                26,
                37,
                43,
                57,
                59,
                65,
                70,
                85,
                88,
                108,
                110,
                128,
                138,
                143,
                146,
                167,
                168,
                182,
                189,
                196,
                205,
                219,
                228,
                233,
                242,
                252
              ],
              "layer_id": 73
            },
            {
              "cold_expert_ids": [
                0,
                2,
                12,
                21,
                27,
                29,
                40,
                42,
                47,
                53,
                70,
                75,
                83,
                84,
                106,
                113,
                125,
                127,
                143,
                160,
                163,
                170,
                178,
                179,
                183,
                187,
                189,
                210,
                211,
                216,
                217,
                225,
                252,
                254
              ],
              "hot_expert_ids": [
                7,
                16,
                35,
                36,
                51,
                54,
                64,
                89,
                91,
                93,
                100,
                101,
                115,
                117,
                133,
                134,
                141,
                151,
                166,
                171,
                176,
                188,
                215,
                218,
                233,
                238,
                239,
                240,
                242,
                253
              ],
              "layer_id": 74
            },
            {
              "cold_expert_ids": [
                0,
                7,
                18,
                25,
                38,
                50,
                51,
                54,
                58,
                66,
                74,
                79,
                90,
                91,
                104,
                105,
                108,
                111,
                121,
                124,
                131,
                139,
                148,
                169,
                172,
                178,
                191,
                199,
                203,
                205,
                215,
                216,
                227,
                233,
                235,
                236,
                243,
                249,
                254,
                255
              ],
              "hot_expert_ids": [
                2,
                12,
                55,
                67,
                70,
                85,
                98,
                102,
                107,
                113,
                114,
                119,
                126,
                129,
                141,
                153,
                155,
                210,
                213,
                214,
                222,
                238,
                239,
                240
              ],
              "layer_id": 75
            },
            {
              "cold_expert_ids": [
                20,
                28,
                35,
                44,
                45,
                51,
                68,
                75,
                76,
                93,
                94,
                96,
                117,
                126,
                128,
                135,
                139,
                153,
                159,
                161,
                162,
                190,
                191,
                201,
                210,
                213,
                216,
                223,
                225,
                227,
                228,
                230,
                240,
                243,
                246
              ],
              "hot_expert_ids": [
                0,
                8,
                15,
                26,
                34,
                36,
                39,
                42,
                43,
                53,
                71,
                84,
                86,
                112,
                118,
                121,
                146,
                149,
                178,
                185,
                192,
                195,
                205,
                208,
                212,
                231,
                233,
                236,
                245
              ],
              "layer_id": 76
            },
            {
              "cold_expert_ids": [
                10,
                16,
                27,
                33,
                35,
                44,
                49,
                50,
                54,
                62,
                63,
                67,
                69,
                75,
                96,
                106,
                108,
                123,
                128,
                131,
                135,
                136,
                157,
                168,
                175,
                179,
                181,
                184,
                190,
                196,
                197,
                205,
                208,
                228,
                231,
                232,
                234,
                238,
                249,
                250,
                255
              ],
              "hot_expert_ids": [
                7,
                14,
                28,
                36,
                38,
                40,
                77,
                86,
                89,
                98,
                99,
                104,
                119,
                121,
                125,
                148,
                150,
                152,
                162,
                164,
                202,
                213,
                216
              ],
              "layer_id": 77
            }
          ],
          "load_peak_hbm_bytes": 95066209264,
          "owned_expert_ids": [
            12,
            14,
            32,
            34,
            36,
            41,
            53,
            56,
            58,
            63,
            65,
            68,
            71,
            76,
            77,
            80,
            83,
            84,
            89,
            94,
            98,
            101,
            111,
            116,
            118,
            122,
            123,
            124,
            130,
            131,
            132,
            141,
            142,
            146,
            147,
            163,
            165,
            166,
            171,
            177,
            178,
            179,
            181,
            182,
            189,
            193,
            197,
            198,
            203,
            204,
            207,
            214,
            215,
            216,
            224,
            226,
            230,
            240,
            241,
            242,
            243,
            246,
            248,
            249
          ],
          "planned_hbm_bytes": 101999100400,
          "planned_host_bytes": 39609860800,
          "routed_layer_count": 75,
          "transient_hbm_bytes": 67108864
        },
        {
          "cold_allocation_kind": "pinned_uva",
          "cold_expert_bytes": 31609860800,
          "cold_expert_slots": 1624,
          "ep_rank": 3,
          "ep_size": 4,
          "expert_bytes": 19464200,
          "fixed_hbm_allocations": {
            "baseline_cudagraph_upper_bound": 69793219,
            "baseline_non_torch_upper_bound": 681826058,
            "baseline_peak_activation_upper_bound": 1218696970,
            "indexer_cache": 1108977408,
            "main_mla_cache": 20470474752,
            "non_routed_weights": 4181609280,
            "observed_tiered_runtime_reconciliation": 2226232113,
            "tiered_moe_runtime_buffers": 3223191400
          },
          "fixed_hbm_bytes": 33180801200,
          "fixed_host_allocations": {},
          "fixed_host_bytes": 0,
          "hbm_capacity_bytes": 102006521856,
          "hbm_reserve_bytes": 7000000000,
          "host_capacity_bytes": 127587581952,
          "host_reserve_bytes": 8000000000,
          "hot_expert_bytes": 61818299200,
          "hot_expert_slots": 3176,
          "layers": [
            {
              "cold_expert_ids": [
                1,
                10,
                24,
                35,
                38,
                42,
                43,
                51,
                54,
                64,
                67,
                74,
                85,
                91,
                103,
                138,
                139,
                144,
                151,
                154,
                176,
                184,
                192,
                194,
                202,
                221,
                222,
                231,
                234,
                235,
                247,
                252
              ],
              "hot_expert_ids": [
                0,
                6,
                18,
                20,
                27,
                30,
                47,
                62,
                81,
                82,
                102,
                113,
                117,
                120,
                125,
                129,
                140,
                145,
                148,
                157,
                167,
                169,
                174,
                175,
                196,
                199,
                206,
                213,
                220,
                227,
                237,
                250
              ],
              "layer_id": 3
            },
            {
              "cold_expert_ids": [
                9,
                17,
                23,
                31,
                73,
                74,
                105,
                127,
                132,
                233
              ],
              "hot_expert_ids": [
                2,
                7,
                16,
                29,
                32,
                35,
                44,
                51,
                56,
                60,
                64,
                66,
                69,
                72,
                75,
                80,
                81,
                88,
                89,
                90,
                92,
                94,
                102,
                107,
                112,
                114,
                129,
                137,
                142,
                147,
                150,
                151,
                153,
                166,
                169,
                170,
                171,
                176,
                182,
                188,
                189,
                202,
                209,
                211,
                216,
                219,
                220,
                225,
                236,
                238,
                244,
                249,
                250,
                251
              ],
              "layer_id": 4
            },
            {
              "cold_expert_ids": [
                40,
                52,
                136,
                140
              ],
              "hot_expert_ids": [
                2,
                5,
                19,
                21,
                22,
                25,
                26,
                37,
                38,
                43,
                56,
                57,
                59,
                61,
                64,
                66,
                72,
                79,
                81,
                82,
                83,
                84,
                85,
                89,
                100,
                104,
                105,
                108,
                109,
                118,
                125,
                129,
                130,
                139,
                148,
                150,
                154,
                156,
                162,
                164,
                175,
                178,
                186,
                187,
                191,
                193,
                201,
                203,
                204,
                225,
                229,
                230,
                235,
                237,
                239,
                245,
                246,
                250,
                253,
                254
              ],
              "layer_id": 5
            },
            {
              "cold_expert_ids": [
                126,
                185
              ],
              "hot_expert_ids": [
                0,
                6,
                7,
                9,
                10,
                17,
                25,
                26,
                27,
                43,
                46,
                49,
                53,
                55,
                61,
                65,
                68,
                72,
                76,
                87,
                88,
                90,
                91,
                94,
                95,
                97,
                100,
                113,
                119,
                127,
                132,
                136,
                138,
                142,
                144,
                145,
                146,
                148,
                149,
                154,
                159,
                168,
                169,
                180,
                181,
                182,
                183,
                188,
                192,
                203,
                208,
                211,
                213,
                215,
                217,
                225,
                228,
                230,
                233,
                237,
                248,
                252
              ],
              "layer_id": 6
            },
            {
              "cold_expert_ids": [
                7,
                18,
                68,
                196
              ],
              "hot_expert_ids": [
                3,
                4,
                9,
                10,
                14,
                15,
                19,
                29,
                30,
                31,
                36,
                40,
                45,
                61,
                64,
                79,
                80,
                81,
                83,
                84,
                93,
                96,
                98,
                106,
                117,
                122,
                124,
                127,
                128,
                136,
                149,
                153,
                160,
                162,
                166,
                167,
                168,
                172,
                176,
                180,
                184,
                186,
                190,
                194,
                206,
                207,
                209,
                212,
                213,
                220,
                224,
                226,
                228,
                229,
                233,
                237,
                239,
                246,
                253,
                255
              ],
              "layer_id": 7
            },
            {
              "cold_expert_ids": [
                6,
                9,
                39,
                55,
                93,
                125,
                150,
                151,
                199,
                207,
                251
              ],
              "hot_expert_ids": [
                2,
                3,
                18,
                25,
                32,
                33,
                38,
                40,
                41,
                42,
                58,
                64,
                69,
                83,
                85,
                94,
                99,
                100,
                106,
                108,
                109,
                110,
                118,
                130,
                132,
                138,
                143,
                144,
                148,
                152,
                153,
                159,
                164,
                168,
                176,
                177,
                183,
                184,
                188,
                190,
                194,
                196,
                214,
                218,
                220,
                228,
                230,
                232,
                234,
                235,
                240,
                247,
                249
              ],
              "layer_id": 8
            },
            {
              "cold_expert_ids": [
                0,
                8,
                21,
                195,
                212,
                219,
                242,
                245
              ],
              "hot_expert_ids": [
                2,
                4,
                7,
                18,
                24,
                27,
                30,
                31,
                33,
                34,
                40,
                47,
                48,
                50,
                63,
                67,
                72,
                74,
                84,
                111,
                117,
                121,
                124,
                125,
                129,
                133,
                136,
                142,
                146,
                152,
                158,
                159,
                166,
                171,
                172,
                173,
                175,
                179,
                183,
                184,
                185,
                194,
                196,
                199,
                203,
                205,
                210,
                215,
                218,
                225,
                227,
                239,
                246,
                250,
                251,
                252
              ],
              "layer_id": 9
            },
            {
              "cold_expert_ids": [
                47,
                87,
                124,
                133,
                173,
                191,
                192,
                198,
                218,
                225
              ],
              "hot_expert_ids": [
                0,
                2,
                11,
                15,
                17,
                25,
                26,
                36,
                42,
                44,
                49,
                54,
                57,
                59,
                64,
                65,
                70,
                71,
                74,
                79,
                81,
                83,
                84,
                89,
                106,
                109,
                126,
                128,
                130,
                140,
                147,
                159,
                160,
                161,
                162,
                164,
                169,
                171,
                172,
                179,
                181,
                183,
                186,
                188,
                190,
                196,
                199,
                204,
                216,
                220,
                226,
                227,
                241,
                244
              ],
              "layer_id": 10
            },
            {
              "cold_expert_ids": [
                27,
                74,
                76,
                100,
                108,
                127,
                152,
                157,
                187,
                188,
                192,
                241,
                249
              ],
              "hot_expert_ids": [
                9,
                16,
                24,
                28,
                29,
                36,
                38,
                39,
                45,
                47,
                50,
                51,
                54,
                57,
                64,
                73,
                80,
                84,
                89,
                93,
                95,
                98,
                99,
                110,
                116,
                117,
                121,
                126,
                130,
                134,
                135,
                137,
                138,
                146,
                154,
                156,
                158,
                164,
                177,
                182,
                203,
                207,
                215,
                218,
                221,
                223,
                230,
                234,
                243,
                254,
                255
              ],
              "layer_id": 11
            },
            {
              "cold_expert_ids": [
                17,
                25,
                27,
                28,
                30,
                39,
                45,
                48,
                51,
                59,
                63,
                87,
                88,
                98,
                106,
                121,
                124,
                137,
                147,
                152,
                171,
                174,
                187,
                199,
                204,
                212,
                216,
                240,
                251
              ],
              "hot_expert_ids": [
                4,
                21,
                26,
                34,
                35,
                50,
                53,
                56,
                70,
                75,
                76,
                80,
                83,
                86,
                92,
                95,
                97,
                141,
                142,
                144,
                153,
                155,
                164,
                173,
                179,
                194,
                202,
                205,
                209,
                218,
                220,
                229,
                245,
                247,
                255
              ],
              "layer_id": 12
            },
            {
              "cold_expert_ids": [
                34,
                67,
                77,
                122,
                127,
                151,
                190,
                214,
                217,
                230,
                253
              ],
              "hot_expert_ids": [
                1,
                2,
                4,
                7,
                12,
                14,
                18,
                25,
                27,
                30,
                37,
                47,
                48,
                49,
                51,
                62,
                72,
                74,
                75,
                79,
                86,
                88,
                92,
                100,
                104,
                105,
                107,
                109,
                110,
                111,
                120,
                121,
                123,
                134,
                135,
                139,
                145,
                156,
                158,
                159,
                162,
                167,
                172,
                181,
                197,
                201,
                227,
                229,
                233,
                237,
                238,
                241,
                245
              ],
              "layer_id": 13
            },
            {
              "cold_expert_ids": [
                18,
                37,
                43,
                68,
                69,
                71,
                116,
                132,
                145,
                148,
                158,
                186,
                228
              ],
              "hot_expert_ids": [
                3,
                6,
                15,
                22,
                27,
                33,
                40,
                42,
                49,
                52,
                64,
                82,
                92,
                105,
                106,
                108,
                110,
                122,
                129,
                135,
                138,
                139,
                147,
                151,
                152,
                156,
                159,
                161,
                163,
                165,
                171,
                173,
                177,
                178,
                191,
                199,
                201,
                205,
                208,
                213,
                215,
                216,
                223,
                224,
                233,
                236,
                240,
                242,
                252,
                253,
                255
              ],
              "layer_id": 14
            },
            {
              "cold_expert_ids": [
                6,
                44,
                89,
                100,
                102,
                104,
                110,
                121,
                124,
                157,
                168,
                171,
                177,
                178,
                179,
                191,
                197,
                201,
                209,
                217,
                218,
                221,
                223,
                235,
                243,
                249,
                251,
                252
              ],
              "hot_expert_ids": [
                9,
                11,
                20,
                36,
                41,
                52,
                57,
                59,
                66,
                67,
                75,
                76,
                82,
                93,
                97,
                105,
                108,
                114,
                115,
                122,
                131,
                133,
                135,
                144,
                146,
                154,
                155,
                174,
                176,
                183,
                184,
                195,
                200,
                211,
                254,
                255
              ],
              "layer_id": 15
            },
            {
              "cold_expert_ids": [
                0,
                10,
                18,
                42,
                44,
                48,
                56,
                79,
                80,
                87,
                103,
                114,
                127,
                137,
                138,
                143,
                161,
                165,
                194,
                211,
                220,
                229,
                231,
                232,
                234,
                238,
                247,
                252
              ],
              "hot_expert_ids": [
                17,
                19,
                22,
                26,
                31,
                35,
                37,
                39,
                43,
                64,
                65,
                67,
                73,
                76,
                85,
                90,
                101,
                102,
                107,
                119,
                128,
                136,
                148,
                153,
                155,
                160,
                163,
                168,
                190,
                199,
                200,
                205,
                215,
                235,
                239,
                246
              ],
              "layer_id": 16
            },
            {
              "cold_expert_ids": [
                8,
                9,
                16,
                17,
                45,
                46,
                51,
                68,
                70,
                91,
                107,
                111,
                120,
                127,
                135,
                147,
                158,
                161,
                169,
                175,
                178,
                188,
                222,
                226,
                230,
                236,
                241,
                244,
                253
              ],
              "hot_expert_ids": [
                11,
                23,
                24,
                30,
                36,
                39,
                41,
                42,
                58,
                82,
                86,
                96,
                104,
                110,
                114,
                126,
                133,
                138,
                139,
                152,
                167,
                171,
                184,
                194,
                196,
                199,
                200,
                214,
                219,
                220,
                232,
                234,
                238,
                243,
                255
              ],
              "layer_id": 17
            },
            {
              "cold_expert_ids": [
                4,
                26,
                42,
                43,
                45,
                58,
                63,
                72,
                73,
                85,
                99,
                101,
                104,
                106,
                129,
                131,
                141,
                158,
                165,
                183,
                189,
                197,
                208,
                235,
                249,
                252
              ],
              "hot_expert_ids": [
                6,
                8,
                11,
                13,
                33,
                36,
                39,
                49,
                52,
                54,
                65,
                67,
                71,
                75,
                84,
                94,
                97,
                117,
                118,
                119,
                127,
                132,
                140,
                147,
                150,
                162,
                164,
                168,
                176,
                177,
                200,
                201,
                204,
                205,
                225,
                229,
                231,
                239
              ],
              "layer_id": 18
            },
            {
              "cold_expert_ids": [
                17,
                29,
                38,
                51,
                57,
                83,
                84,
                87,
                132,
                133,
                137,
                158,
                159,
                169,
                177,
                226,
                231,
                234,
                240,
                251,
                252
              ],
              "hot_expert_ids": [
                0,
                5,
                18,
                30,
                36,
                43,
                45,
                47,
                56,
                58,
                69,
                71,
                73,
                74,
                75,
                78,
                85,
                92,
                97,
                102,
                104,
                107,
                108,
                118,
                120,
                135,
                138,
                144,
                146,
                151,
                152,
                153,
                172,
                176,
                181,
                197,
                202,
                207,
                210,
                219,
                235,
                236,
                238
              ],
              "layer_id": 19
            },
            {
              "cold_expert_ids": [
                5,
                7,
                26,
                30,
                44,
                46,
                51,
                58,
                66,
                69,
                93,
                97,
                110,
                124,
                129,
                137,
                140,
                151,
                159,
                161,
                164,
                169,
                173,
                175,
                176,
                177,
                188,
                194,
                208,
                210,
                220,
                234,
                240,
                246,
                247,
                249,
                251
              ],
              "hot_expert_ids": [
                9,
                25,
                27,
                41,
                48,
                49,
                52,
                64,
                75,
                81,
                83,
                85,
                114,
                135,
                143,
                146,
                172,
                178,
                180,
                187,
                204,
                205,
                226,
                231,
                232,
                248,
                254
              ],
              "layer_id": 20
            },
            {
              "cold_expert_ids": [
                0,
                4,
                25,
                27,
                32,
                36,
                86,
                90,
                106,
                108,
                117,
                118,
                119,
                130,
                146,
                151,
                158,
                161,
                164,
                167,
                172,
                178,
                180,
                182,
                191,
                192,
                194,
                200,
                207,
                212,
                218,
                223,
                234,
                240,
                255
              ],
              "hot_expert_ids": [
                2,
                3,
                7,
                14,
                26,
                33,
                51,
                55,
                60,
                78,
                84,
                96,
                107,
                111,
                113,
                120,
                136,
                140,
                145,
                157,
                176,
                188,
                199,
                210,
                224,
                232,
                236,
                242,
                246
              ],
              "layer_id": 21
            },
            {
              "cold_expert_ids": [
                4,
                16,
                22,
                32,
                33,
                51,
                71,
                81,
                85,
                101,
                105,
                106,
                110,
                121,
                127,
                137,
                145,
                149,
                155,
                156,
                188,
                224,
                230
              ],
              "hot_expert_ids": [
                6,
                14,
                31,
                36,
                38,
                48,
                52,
                54,
                64,
                70,
                79,
                84,
                87,
                89,
                97,
                112,
                134,
                140,
                142,
                151,
                154,
                161,
                189,
                193,
                196,
                197,
                199,
                200,
                206,
                207,
                216,
                220,
                226,
                227,
                234,
                238,
                248,
                252,
                253,
                254,
                255
              ],
              "layer_id": 22
            },
            {
              "cold_expert_ids": [
                30,
                61,
                93,
                108,
                118,
                138,
                153,
                179,
                187,
                195,
                212,
                232,
                246
              ],
              "hot_expert_ids": [
                1,
                6,
                10,
                12,
                29,
                33,
                53,
                56,
                60,
                65,
                71,
                76,
                88,
                92,
                99,
                100,
                110,
                115,
                116,
                117,
                119,
                129,
                137,
                142,
                144,
                147,
                149,
                151,
                158,
                162,
                163,
                164,
                166,
                169,
                173,
                175,
                176,
                182,
                188,
                196,
                199,
                202,
                207,
                210,
                214,
                215,
                218,
                235,
                236,
                247,
                255
              ],
              "layer_id": 23
            },
            {
              "cold_expert_ids": [
                11,
                41,
                57,
                91,
                92,
                119,
                177,
                206,
                226
              ],
              "hot_expert_ids": [
                14,
                20,
                21,
                22,
                32,
                35,
                39,
                42,
                48,
                51,
                61,
                71,
                75,
                77,
                84,
                88,
                89,
                98,
                105,
                106,
                108,
                109,
                112,
                114,
                120,
                127,
                134,
                138,
                154,
                157,
                160,
                161,
                162,
                166,
                170,
                171,
                176,
                178,
                184,
                198,
                204,
                205,
                211,
                212,
                215,
                217,
                221,
                224,
                238,
                239,
                240,
                243,
                244,
                249,
                251
              ],
              "layer_id": 24
            },
            {
              "cold_expert_ids": [
                14,
                54,
                62,
                65,
                98,
                118,
                134,
                135,
                138,
                141,
                144,
                217,
                245,
                246
              ],
              "hot_expert_ids": [
                3,
                5,
                13,
                18,
                23,
                24,
                27,
                32,
                34,
                39,
                40,
                43,
                45,
                56,
                77,
                82,
                84,
                88,
                92,
                94,
                101,
                102,
                103,
                107,
                113,
                122,
                125,
                126,
                129,
                133,
                145,
                148,
                152,
                167,
                168,
                169,
                172,
                175,
                176,
                177,
                193,
                196,
                206,
                209,
                221,
                224,
                227,
                230,
                233,
                237
              ],
              "layer_id": 25
            },
            {
              "cold_expert_ids": [
                11,
                75,
                94,
                114,
                146,
                153,
                185,
                194,
                197,
                206,
                208,
                248
              ],
              "hot_expert_ids": [
                2,
                5,
                6,
                12,
                13,
                19,
                22,
                24,
                26,
                30,
                53,
                55,
                59,
                60,
                61,
                66,
                68,
                69,
                78,
                83,
                85,
                89,
                90,
                100,
                107,
                111,
                112,
                115,
                116,
                133,
                145,
                151,
                156,
                157,
                178,
                184,
                198,
                199,
                203,
                204,
                212,
                221,
                222,
                224,
                233,
                235,
                237,
                239,
                251,
                252,
                254,
                255
              ],
              "layer_id": 26
            },
            {
              "cold_expert_ids": [
                12,
                13,
                37,
                40,
                80,
                101,
                102,
                119,
                129,
                138,
                187,
                193,
                199,
                206,
                236,
                245,
                248
              ],
              "hot_expert_ids": [
                0,
                1,
                2,
                9,
                14,
                23,
                31,
                32,
                34,
                48,
                64,
                69,
                76,
                77,
                86,
                88,
                93,
                103,
                106,
                107,
                110,
                122,
                144,
                147,
                149,
                151,
                159,
                166,
                174,
                175,
                178,
                181,
                183,
                184,
                185,
                186,
                191,
                194,
                198,
                208,
                214,
                222,
                223,
                226,
                249,
                251,
                255
              ],
              "layer_id": 27
            },
            {
              "cold_expert_ids": [
                4,
                17,
                65,
                86,
                105,
                120,
                164,
                171,
                172,
                184,
                187,
                199,
                231,
                243
              ],
              "hot_expert_ids": [
                11,
                21,
                27,
                28,
                35,
                43,
                49,
                51,
                52,
                54,
                58,
                59,
                60,
                61,
                62,
                63,
                64,
                69,
                71,
                79,
                80,
                81,
                82,
                85,
                88,
                93,
                100,
                106,
                107,
                112,
                113,
                114,
                116,
                123,
                125,
                126,
                128,
                135,
                147,
                160,
                175,
                177,
                179,
                180,
                186,
                195,
                200,
                203,
                207,
                216
              ],
              "layer_id": 28
            },
            {
              "cold_expert_ids": [
                4,
                14,
                19,
                34,
                37,
                45,
                46,
                70,
                87,
                104,
                152,
                161,
                165,
                166,
                189,
                197,
                213,
                229,
                235
              ],
              "hot_expert_ids": [
                0,
                1,
                5,
                7,
                12,
                20,
                27,
                31,
                47,
                49,
                60,
                62,
                80,
                83,
                94,
                98,
                105,
                108,
                110,
                112,
                121,
                124,
                126,
                128,
                133,
                139,
                146,
                159,
                160,
                163,
                164,
                170,
                171,
                187,
                188,
                199,
                202,
                205,
                208,
                230,
                233,
                239,
                248,
                253,
                254
              ],
              "layer_id": 29
            },
            {
              "cold_expert_ids": [
                5,
                9,
                25,
                50,
                69,
                72,
                90,
                103,
                122,
                141,
                153,
                186,
                192,
                194,
                197,
                207,
                226,
                229
              ],
              "hot_expert_ids": [
                2,
                4,
                14,
                17,
                22,
                27,
                30,
                34,
                36,
                43,
                52,
                53,
                55,
                61,
                70,
                87,
                93,
                105,
                111,
                112,
                114,
                116,
                120,
                123,
                130,
                135,
                138,
                146,
                150,
                152,
                154,
                166,
                172,
                174,
                181,
                182,
                198,
                209,
                231,
                235,
                236,
                237,
                244,
                248,
                254,
                255
              ],
              "layer_id": 30
            },
            {
              "cold_expert_ids": [
                9,
                27,
                29,
                44,
                53,
                69,
                77,
                105,
                112,
                129,
                146,
                151,
                155,
                167,
                169,
                173,
                186,
                190,
                191,
                192,
                195,
                197,
                209,
                238,
                252
              ],
              "hot_expert_ids": [
                8,
                17,
                23,
                32,
                35,
                38,
                40,
                50,
                64,
                76,
                78,
                80,
                84,
                92,
                93,
                98,
                99,
                106,
                120,
                124,
                125,
                140,
                141,
                147,
                163,
                166,
                172,
                174,
                176,
                177,
                189,
                198,
                201,
                202,
                204,
                206,
                221,
                237,
                253
              ],
              "layer_id": 31
            },
            {
              "cold_expert_ids": [
                19,
                25,
                56,
                65,
                68,
                77,
                87,
                134,
                140,
                141,
                142,
                159,
                169,
                201,
                208,
                212,
                249,
                252,
                253,
                254,
                255
              ],
              "hot_expert_ids": [
                1,
                17,
                31,
                32,
                33,
                37,
                42,
                43,
                64,
                66,
                69,
                70,
                84,
                92,
                104,
                124,
                129,
                136,
                137,
                139,
                143,
                144,
                146,
                147,
                152,
                155,
                160,
                161,
                163,
                168,
                170,
                176,
                182,
                183,
                184,
                198,
                202,
                203,
                213,
                221,
                228,
                232,
                237
              ],
              "layer_id": 32
            },
            {
              "cold_expert_ids": [
                6,
                11,
                12,
                15,
                36,
                45,
                59,
                61,
                66,
                77,
                78,
                93,
                98,
                116,
                119,
                139,
                142,
                177,
                195,
                201,
                204,
                251,
                252
              ],
              "hot_expert_ids": [
                21,
                23,
                34,
                39,
                46,
                51,
                53,
                58,
                63,
                68,
                83,
                84,
                86,
                88,
                91,
                92,
                97,
                106,
                112,
                117,
                121,
                127,
                133,
                140,
                141,
                148,
                149,
                164,
                173,
                175,
                176,
                188,
                196,
                202,
                213,
                214,
                217,
                229,
                230,
                232,
                241
              ],
              "layer_id": 33
            },
            {
              "cold_expert_ids": [
                1,
                18,
                21,
                24,
                48,
                57,
                60,
                85,
                92,
                98,
                109,
                117,
                144,
                145,
                165,
                173,
                190,
                200,
                215,
                219,
                223,
                233,
                255
              ],
              "hot_expert_ids": [
                8,
                13,
                16,
                17,
                22,
                27,
                28,
                44,
                66,
                68,
                72,
                80,
                102,
                105,
                120,
                122,
                128,
                129,
                136,
                137,
                140,
                141,
                157,
                168,
                169,
                174,
                176,
                178,
                185,
                186,
                187,
                193,
                199,
                208,
                209,
                212,
                220,
                224,
                228,
                240,
                245
              ],
              "layer_id": 34
            },
            {
              "cold_expert_ids": [
                7,
                17,
                22,
                23,
                25,
                28,
                33,
                55,
                69,
                121,
                130,
                143,
                159,
                168,
                170,
                178,
                192,
                206,
                207,
                212,
                216,
                221,
                222,
                224,
                233,
                241,
                245
              ],
              "hot_expert_ids": [
                14,
                41,
                56,
                63,
                71,
                78,
                81,
                82,
                85,
                90,
                93,
                97,
                105,
                106,
                110,
                111,
                112,
                116,
                117,
                122,
                127,
                132,
                137,
                142,
                147,
                152,
                158,
                165,
                167,
                173,
                196,
                198,
                202,
                229,
                235,
                247,
                254
              ],
              "layer_id": 35
            },
            {
              "cold_expert_ids": [
                12,
                15,
                17,
                22,
                24,
                33,
                45,
                48,
                49,
                50,
                61,
                80,
                109,
                131,
                173,
                182,
                190,
                198,
                202,
                212,
                217,
                222,
                231,
                233,
                254
              ],
              "hot_expert_ids": [
                8,
                13,
                14,
                18,
                23,
                30,
                35,
                39,
                51,
                54,
                56,
                57,
                63,
                68,
                76,
                78,
                83,
                86,
                87,
                95,
                96,
                113,
                117,
                118,
                119,
                145,
                146,
                152,
                157,
                167,
                193,
                194,
                196,
                200,
                207,
                221,
                224,
                225,
                235
              ],
              "layer_id": 36
            },
            {
              "cold_expert_ids": [
                3,
                25,
                36,
                55,
                101,
                106,
                109,
                111,
                122,
                123,
                138,
                140,
                157,
                179,
                201,
                207,
                216,
                226,
                236,
                252
              ],
              "hot_expert_ids": [
                7,
                11,
                20,
                23,
                26,
                38,
                40,
                47,
                48,
                52,
                63,
                69,
                73,
                74,
                76,
                79,
                83,
                85,
                87,
                92,
                100,
                130,
                132,
                135,
                136,
                137,
                159,
                164,
                168,
                174,
                177,
                186,
                193,
                195,
                208,
                209,
                217,
                223,
                227,
                229,
                232,
                237,
                241,
                244
              ],
              "layer_id": 37
            },
            {
              "cold_expert_ids": [
                11,
                55,
                67,
                101,
                103,
                109,
                111,
                122,
                125,
                126,
                129,
                131,
                168,
                174,
                195,
                204,
                210,
                218,
                225,
                230,
                239
              ],
              "hot_expert_ids": [
                1,
                4,
                9,
                16,
                18,
                25,
                35,
                37,
                39,
                42,
                48,
                49,
                52,
                63,
                69,
                76,
                82,
                90,
                105,
                118,
                136,
                137,
                139,
                142,
                148,
                152,
                156,
                162,
                167,
                171,
                172,
                187,
                194,
                199,
                203,
                222,
                224,
                232,
                243,
                247,
                249,
                252,
                254
              ],
              "layer_id": 38
            },
            {
              "cold_expert_ids": [
                3,
                7,
                12,
                15,
                17,
                58,
                69,
                77,
                83,
                94,
                101,
                124,
                139,
                193,
                194,
                201,
                218,
                239,
                246,
                254
              ],
              "hot_expert_ids": [
                9,
                11,
                19,
                21,
                22,
                26,
                28,
                29,
                30,
                35,
                37,
                38,
                39,
                44,
                55,
                65,
                66,
                70,
                72,
                74,
                76,
                85,
                88,
                91,
                96,
                115,
                131,
                133,
                142,
                150,
                155,
                162,
                198,
                199,
                204,
                209,
                210,
                213,
                214,
                219,
                220,
                224,
                227,
                243
              ],
              "layer_id": 39
            },
            {
              "cold_expert_ids": [
                11,
                17,
                19,
                44,
                48,
                71,
                73,
                74,
                75,
                79,
                82,
                111,
                112,
                123,
                127,
                133,
                155,
                169,
                177,
                220,
                242,
                252
              ],
              "hot_expert_ids": [
                3,
                9,
                12,
                13,
                39,
                42,
                43,
                58,
                61,
                65,
                68,
                69,
                72,
                77,
                85,
                87,
                94,
                95,
                100,
                104,
                116,
                117,
                121,
                151,
                159,
                164,
                166,
                168,
                173,
                178,
                187,
                194,
                206,
                212,
                217,
                221,
                224,
                234,
                238,
                244,
                251,
                254
              ],
              "layer_id": 40
            },
            {
              "cold_expert_ids": [
                13,
                24,
                30,
                32,
                44,
                45,
                70,
                125,
                128,
                170,
                180,
                187,
                190,
                198,
                214,
                220,
                227,
                230,
                249,
                252
              ],
              "hot_expert_ids": [
                0,
                6,
                8,
                12,
                15,
                21,
                39,
                40,
                42,
                66,
                68,
                69,
                72,
                81,
                82,
                86,
                88,
                95,
                101,
                106,
                109,
                120,
                121,
                123,
                134,
                157,
                171,
                179,
                182,
                185,
                191,
                192,
                205,
                209,
                210,
                212,
                216,
                218,
                226,
                232,
                236,
                245,
                251,
                253
              ],
              "layer_id": 41
            },
            {
              "cold_expert_ids": [
                15,
                32,
                41,
                51,
                59,
                66,
                101,
                104,
                123,
                127,
                128,
                129,
                143,
                151,
                160,
                170,
                231,
                247
              ],
              "hot_expert_ids": [
                0,
                5,
                7,
                8,
                12,
                19,
                20,
                28,
                31,
                46,
                50,
                63,
                70,
                83,
                84,
                86,
                87,
                91,
                95,
                99,
                111,
                114,
                120,
                121,
                146,
                147,
                149,
                150,
                157,
                158,
                162,
                190,
                194,
                195,
                200,
                211,
                217,
                224,
                229,
                233,
                236,
                237,
                242,
                243,
                246,
                252
              ],
              "layer_id": 42
            },
            {
              "cold_expert_ids": [
                5,
                49,
                100,
                109,
                111,
                117,
                151,
                157,
                161,
                185,
                199,
                206,
                210,
                216,
                240,
                246
              ],
              "hot_expert_ids": [
                0,
                6,
                7,
                12,
                15,
                24,
                25,
                27,
                33,
                41,
                48,
                62,
                63,
                67,
                72,
                76,
                83,
                87,
                88,
                90,
                101,
                102,
                120,
                124,
                127,
                129,
                131,
                136,
                149,
                152,
                154,
                158,
                159,
                160,
                172,
                179,
                184,
                186,
                197,
                202,
                213,
                214,
                220,
                224,
                225,
                228,
                230,
                235
              ],
              "layer_id": 43
            },
            {
              "cold_expert_ids": [
                17,
                22,
                64,
                66,
                86,
                142,
                157,
                159,
                168,
                175,
                185,
                189,
                205,
                210,
                220,
                236
              ],
              "hot_expert_ids": [
                5,
                11,
                32,
                34,
                35,
                39,
                40,
                53,
                57,
                58,
                63,
                67,
                70,
                76,
                80,
                83,
                85,
                90,
                93,
                95,
                104,
                106,
                109,
                112,
                116,
                118,
                133,
                135,
                137,
                140,
                148,
                152,
                153,
                162,
                167,
                171,
                174,
                178,
                184,
                196,
                212,
                218,
                221,
                222,
                232,
                235,
                247,
                252
              ],
              "layer_id": 44
            },
            {
              "cold_expert_ids": [
                4,
                7,
                21,
                26,
                44,
                46,
                47,
                70,
                82,
                84,
                96,
                119,
                120,
                125,
                126,
                127,
                140,
                148,
                184,
                186,
                198,
                229
              ],
              "hot_expert_ids": [
                8,
                20,
                25,
                37,
                45,
                53,
                61,
                67,
                76,
                97,
                101,
                104,
                107,
                122,
                123,
                124,
                130,
                136,
                141,
                159,
                161,
                169,
                171,
                172,
                174,
                178,
                183,
                187,
                190,
                196,
                201,
                205,
                207,
                210,
                213,
                214,
                215,
                218,
                227,
                234,
                244,
                246
              ],
              "layer_id": 45
            },
            {
              "cold_expert_ids": [
                4,
                32,
                38,
                43,
                81,
                107,
                138,
                139,
                140,
                149,
                150,
                195,
                213,
                216,
                221,
                226,
                229,
                231,
                250
              ],
              "hot_expert_ids": [
                9,
                10,
                31,
                34,
                46,
                47,
                62,
                67,
                70,
                76,
                90,
                97,
                99,
                110,
                121,
                123,
                125,
                127,
                128,
                132,
                134,
                147,
                152,
                154,
                156,
                157,
                164,
                166,
                175,
                183,
                185,
                189,
                190,
                192,
                199,
                218,
                219,
                228,
                234,
                237,
                238,
                242,
                247,
                252,
                255
              ],
              "layer_id": 46
            },
            {
              "cold_expert_ids": [
                32,
                53,
                69,
                84,
                90,
                110,
                151,
                160,
                173,
                175,
                185,
                212,
                216,
                228,
                239
              ],
              "hot_expert_ids": [
                4,
                17,
                21,
                23,
                29,
                38,
                41,
                57,
                60,
                68,
                74,
                77,
                80,
                82,
                87,
                89,
                93,
                101,
                105,
                109,
                111,
                115,
                117,
                120,
                125,
                128,
                129,
                131,
                145,
                148,
                159,
                169,
                171,
                182,
                184,
                189,
                190,
                192,
                201,
                209,
                213,
                219,
                221,
                223,
                232,
                242,
                243,
                249,
                253
              ],
              "layer_id": 47
            },
            {
              "cold_expert_ids": [
                6,
                8,
                11,
                16,
                65,
                70,
                72,
                78,
                122,
                127,
                164,
                170,
                197,
                211,
                214,
                253
              ],
              "hot_expert_ids": [
                9,
                29,
                38,
                44,
                47,
                52,
                54,
                58,
                63,
                66,
                68,
                76,
                82,
                87,
                88,
                89,
                93,
                99,
                103,
                108,
                110,
                112,
                113,
                118,
                130,
                131,
                136,
                141,
                148,
                155,
                163,
                176,
                187,
                198,
                201,
                204,
                205,
                209,
                224,
                226,
                231,
                233,
                234,
                238,
                244,
                248,
                249,
                255
              ],
              "layer_id": 48
            },
            {
              "cold_expert_ids": [
                11,
                16,
                28,
                110,
                126,
                135,
                151,
                152,
                186,
                211,
                220,
                227,
                238,
                250,
                252
              ],
              "hot_expert_ids": [
                2,
                10,
                14,
                20,
                23,
                33,
                34,
                35,
                41,
                44,
                46,
                51,
                57,
                63,
                64,
                70,
                72,
                74,
                79,
                81,
                82,
                86,
                89,
                93,
                94,
                99,
                112,
                113,
                118,
                122,
                125,
                127,
                128,
                133,
                134,
                144,
                164,
                172,
                174,
                176,
                178,
                194,
                196,
                201,
                203,
                217,
                226,
                240,
                249
              ],
              "layer_id": 49
            },
            {
              "cold_expert_ids": [
                0,
                14,
                49,
                50,
                58,
                100,
                112,
                118,
                140,
                155,
                167,
                177,
                182,
                190,
                203,
                212,
                215,
                219,
                232
              ],
              "hot_expert_ids": [
                4,
                12,
                26,
                30,
                31,
                36,
                45,
                47,
                54,
                59,
                60,
                65,
                85,
                91,
                99,
                104,
                105,
                113,
                116,
                117,
                122,
                125,
                128,
                131,
                136,
                141,
                143,
                144,
                151,
                156,
                162,
                175,
                183,
                188,
                197,
                201,
                204,
                206,
                210,
                229,
                230,
                242,
                244,
                247,
                253
              ],
              "layer_id": 50
            },
            {
              "cold_expert_ids": [
                6,
                12,
                28,
                30,
                56,
                62,
                63,
                83,
                88,
                91,
                109,
                113,
                126,
                154,
                168,
                213,
                215,
                216,
                234,
                251,
                254
              ],
              "hot_expert_ids": [
                0,
                3,
                4,
                7,
                19,
                25,
                33,
                58,
                64,
                70,
                71,
                75,
                77,
                80,
                82,
                107,
                112,
                117,
                120,
                122,
                128,
                130,
                135,
                139,
                142,
                152,
                156,
                180,
                184,
                185,
                186,
                188,
                189,
                190,
                197,
                199,
                207,
                221,
                229,
                237,
                238,
                245,
                246
              ],
              "layer_id": 51
            },
            {
              "cold_expert_ids": [
                13,
                37,
                45,
                54,
                64,
                67,
                84,
                99,
                101,
                114,
                139,
                149,
                159,
                171,
                179,
                203,
                207,
                212,
                226,
                243,
                251
              ],
              "hot_expert_ids": [
                5,
                10,
                16,
                23,
                29,
                32,
                33,
                42,
                46,
                55,
                59,
                60,
                61,
                65,
                69,
                71,
                73,
                80,
                81,
                105,
                112,
                117,
                122,
                127,
                132,
                133,
                136,
                137,
                138,
                140,
                141,
                143,
                155,
                162,
                178,
                189,
                195,
                213,
                217,
                220,
                224,
                236,
                248
              ],
              "layer_id": 52
            },
            {
              "cold_expert_ids": [
                5,
                14,
                15,
                34,
                66,
                105,
                117,
                126,
                167,
                168,
                173,
                179,
                192,
                213,
                235
              ],
              "hot_expert_ids": [
                6,
                8,
                11,
                28,
                29,
                43,
                46,
                47,
                50,
                56,
                58,
                59,
                67,
                74,
                75,
                78,
                83,
                85,
                101,
                107,
                109,
                110,
                119,
                120,
                123,
                159,
                165,
                174,
                175,
                180,
                182,
                184,
                186,
                190,
                194,
                195,
                198,
                202,
                206,
                209,
                210,
                215,
                219,
                228,
                233,
                241,
                244,
                250,
                251
              ],
              "layer_id": 53
            },
            {
              "cold_expert_ids": [
                2,
                43,
                54,
                55,
                85,
                94,
                95,
                102,
                104,
                122,
                124,
                162,
                182,
                184,
                192,
                209,
                212,
                215,
                217,
                223,
                233,
                235,
                236,
                241,
                249
              ],
              "hot_expert_ids": [
                0,
                4,
                16,
                23,
                24,
                25,
                30,
                48,
                50,
                62,
                70,
                71,
                72,
                87,
                97,
                112,
                125,
                127,
                128,
                129,
                147,
                148,
                151,
                153,
                158,
                165,
                166,
                167,
                168,
                169,
                178,
                190,
                194,
                207,
                208,
                210,
                219,
                230,
                231
              ],
              "layer_id": 54
            },
            {
              "cold_expert_ids": [
                2,
                4,
                29,
                30,
                55,
                59,
                76,
                79,
                95,
                108,
                109,
                112,
                115,
                124,
                128,
                140,
                149,
                157,
                162,
                165,
                172,
                180,
                187,
                223
              ],
              "hot_expert_ids": [
                7,
                9,
                15,
                17,
                23,
                27,
                28,
                41,
                43,
                50,
                64,
                68,
                74,
                83,
                91,
                93,
                101,
                104,
                110,
                113,
                114,
                122,
                131,
                151,
                153,
                155,
                158,
                160,
                169,
                178,
                179,
                183,
                184,
                194,
                203,
                215,
                228,
                236,
                241,
                252
              ],
              "layer_id": 55
            },
            {
              "cold_expert_ids": [
                12,
                26,
                27,
                30,
                41,
                52,
                56,
                72,
                80,
                88,
                108,
                117,
                118,
                155,
                166,
                174,
                180,
                182,
                192,
                202,
                213,
                216,
                240
              ],
              "hot_expert_ids": [
                7,
                13,
                22,
                31,
                32,
                33,
                38,
                39,
                42,
                43,
                44,
                50,
                60,
                61,
                73,
                75,
                76,
                78,
                83,
                86,
                106,
                124,
                126,
                132,
                137,
                142,
                143,
                144,
                149,
                150,
                165,
                172,
                176,
                193,
                196,
                206,
                209,
                219,
                220,
                227,
                241
              ],
              "layer_id": 56
            },
            {
              "cold_expert_ids": [
                6,
                8,
                16,
                31,
                32,
                52,
                56,
                69,
                70,
                78,
                80,
                97,
                101,
                124,
                130,
                155,
                169,
                173,
                180,
                185,
                195,
                220,
                223,
                238,
                245
              ],
              "hot_expert_ids": [
                15,
                27,
                46,
                48,
                49,
                54,
                60,
                72,
                83,
                91,
                92,
                98,
                103,
                110,
                111,
                112,
                113,
                115,
                121,
                131,
                133,
                142,
                146,
                147,
                151,
                157,
                158,
                163,
                166,
                177,
                192,
                202,
                206,
                218,
                222,
                234,
                235,
                242,
                246
              ],
              "layer_id": 57
            },
            {
              "cold_expert_ids": [
                3,
                9,
                15,
                27,
                42,
                56,
                62,
                69,
                82,
                90,
                92,
                95,
                96,
                99,
                101,
                108,
                123,
                129,
                146,
                155,
                156,
                157,
                182,
                203,
                206,
                214,
                220,
                241
              ],
              "hot_expert_ids": [
                4,
                18,
                20,
                29,
                32,
                40,
                47,
                52,
                60,
                67,
                72,
                80,
                84,
                103,
                110,
                131,
                138,
                145,
                147,
                151,
                160,
                163,
                171,
                172,
                175,
                177,
                190,
                194,
                198,
                200,
                205,
                210,
                227,
                230,
                234,
                239
              ],
              "layer_id": 58
            },
            {
              "cold_expert_ids": [
                7,
                34,
                37,
                63,
                72,
                82,
                102,
                134,
                136,
                137,
                138,
                142,
                144,
                147,
                161,
                203,
                215,
                249
              ],
              "hot_expert_ids": [
                28,
                36,
                46,
                50,
                53,
                55,
                60,
                61,
                64,
                65,
                70,
                71,
                73,
                77,
                81,
                83,
                85,
                96,
                99,
                101,
                106,
                108,
                110,
                122,
                126,
                127,
                128,
                143,
                145,
                157,
                166,
                169,
                174,
                179,
                180,
                190,
                192,
                200,
                212,
                223,
                225,
                227,
                243,
                247,
                248,
                254
              ],
              "layer_id": 59
            },
            {
              "cold_expert_ids": [
                12,
                22,
                39,
                84,
                105,
                107,
                111,
                120,
                131,
                137,
                140,
                150,
                155,
                182,
                190,
                199,
                227,
                245
              ],
              "hot_expert_ids": [
                1,
                3,
                6,
                10,
                14,
                17,
                28,
                33,
                36,
                37,
                47,
                51,
                72,
                80,
                83,
                85,
                86,
                87,
                90,
                95,
                102,
                103,
                115,
                121,
                132,
                134,
                135,
                164,
                166,
                167,
                170,
                177,
                184,
                196,
                197,
                198,
                202,
                204,
                215,
                216,
                219,
                222,
                225,
                233,
                236,
                252
              ],
              "layer_id": 60
            },
            {
              "cold_expert_ids": [
                7,
                12,
                28,
                37,
                40,
                43,
                54,
                63,
                69,
                86,
                100,
                105,
                106,
                139,
                150,
                159,
                172,
                205,
                213,
                218,
                221,
                235
              ],
              "hot_expert_ids": [
                11,
                15,
                16,
                39,
                45,
                48,
                65,
                66,
                76,
                83,
                84,
                90,
                109,
                110,
                112,
                113,
                134,
                142,
                145,
                151,
                153,
                156,
                164,
                176,
                178,
                188,
                191,
                198,
                203,
                204,
                211,
                222,
                224,
                225,
                226,
                231,
                233,
                238,
                240,
                248,
                250,
                254
              ],
              "layer_id": 61
            },
            {
              "cold_expert_ids": [
                16,
                24,
                27,
                42,
                49,
                54,
                56,
                71,
                75,
                123,
                133,
                142,
                162,
                165,
                181,
                198,
                204,
                245
              ],
              "hot_expert_ids": [
                4,
                12,
                13,
                17,
                20,
                21,
                23,
                46,
                53,
                57,
                59,
                81,
                82,
                83,
                90,
                91,
                99,
                104,
                108,
                121,
                129,
                130,
                134,
                136,
                143,
                145,
                148,
                155,
                166,
                168,
                192,
                193,
                197,
                217,
                224,
                225,
                231,
                232,
                233,
                239,
                240,
                241,
                244,
                249,
                250,
                252
              ],
              "layer_id": 62
            },
            {
              "cold_expert_ids": [
                6,
                7,
                22,
                30,
                38,
                58,
                71,
                100,
                102,
                129,
                135,
                140,
                151,
                154,
                155,
                166,
                168,
                183,
                184,
                195,
                214,
                219,
                242,
                248
              ],
              "hot_expert_ids": [
                1,
                4,
                5,
                12,
                18,
                23,
                35,
                41,
                44,
                46,
                48,
                51,
                52,
                59,
                60,
                68,
                80,
                87,
                90,
                103,
                106,
                137,
                139,
                149,
                167,
                180,
                185,
                196,
                198,
                201,
                203,
                206,
                215,
                226,
                228,
                231,
                243,
                245,
                249,
                252
              ],
              "layer_id": 63
            },
            {
              "cold_expert_ids": [
                4,
                51,
                52,
                67,
                73,
                81,
                82,
                96,
                98,
                104,
                111,
                124,
                134,
                150,
                160,
                173,
                177,
                182,
                187,
                219,
                223,
                229,
                235,
                251,
                253
              ],
              "hot_expert_ids": [
                19,
                20,
                37,
                45,
                46,
                48,
                50,
                58,
                76,
                77,
                85,
                99,
                100,
                103,
                107,
                121,
                139,
                140,
                144,
                153,
                156,
                158,
                159,
                161,
                169,
                184,
                185,
                189,
                191,
                192,
                196,
                199,
                205,
                217,
                237,
                238,
                245,
                249,
                252
              ],
              "layer_id": 64
            },
            {
              "cold_expert_ids": [
                11,
                12,
                36,
                41,
                49,
                70,
                90,
                101,
                104,
                121,
                122,
                137,
                171,
                177,
                179,
                180,
                183,
                185,
                190,
                191,
                216,
                240,
                243,
                252
              ],
              "hot_expert_ids": [
                1,
                26,
                28,
                31,
                38,
                39,
                57,
                61,
                69,
                102,
                113,
                116,
                120,
                123,
                125,
                126,
                127,
                129,
                131,
                142,
                146,
                149,
                155,
                158,
                159,
                172,
                173,
                188,
                195,
                198,
                207,
                208,
                212,
                213,
                222,
                227,
                233,
                244,
                245,
                248
              ],
              "layer_id": 65
            },
            {
              "cold_expert_ids": [
                20,
                23,
                36,
                56,
                57,
                71,
                81,
                86,
                96,
                111,
                120,
                122,
                123,
                147,
                164,
                170,
                199,
                202,
                213,
                216,
                217,
                222,
                228,
                229,
                232,
                235,
                241,
                249,
                252,
                254,
                255
              ],
              "hot_expert_ids": [
                6,
                19,
                22,
                24,
                34,
                39,
                42,
                54,
                55,
                66,
                78,
                85,
                91,
                94,
                102,
                104,
                106,
                115,
                119,
                138,
                141,
                155,
                166,
                168,
                178,
                180,
                181,
                183,
                200,
                209,
                210,
                238,
                242
              ],
              "layer_id": 66
            },
            {
              "cold_expert_ids": [
                13,
                14,
                20,
                21,
                30,
                34,
                41,
                45,
                56,
                66,
                86,
                89,
                136,
                137,
                151,
                155,
                157,
                185,
                197,
                199,
                202,
                216,
                225,
                226,
                249
              ],
              "hot_expert_ids": [
                1,
                6,
                15,
                17,
                28,
                36,
                42,
                64,
                67,
                70,
                71,
                73,
                83,
                94,
                96,
                100,
                101,
                103,
                109,
                110,
                113,
                114,
                117,
                120,
                135,
                138,
                140,
                148,
                152,
                160,
                171,
                179,
                180,
                193,
                195,
                227,
                230,
                238,
                255
              ],
              "layer_id": 67
            },
            {
              "cold_expert_ids": [
                14,
                24,
                31,
                40,
                44,
                47,
                50,
                51,
                53,
                57,
                58,
                65,
                81,
                87,
                88,
                93,
                104,
                108,
                112,
                117,
                118,
                120,
                131,
                137,
                148,
                150,
                182,
                190,
                211,
                216,
                227,
                231,
                232,
                240,
                254
              ],
              "hot_expert_ids": [
                1,
                7,
                12,
                20,
                36,
                45,
                48,
                55,
                61,
                64,
                70,
                73,
                85,
                101,
                116,
                123,
                128,
                133,
                138,
                143,
                166,
                168,
                178,
                187,
                205,
                224,
                245,
                249,
                250
              ],
              "layer_id": 68
            },
            {
              "cold_expert_ids": [
                1,
                24,
                26,
                31,
                32,
                33,
                36,
                38,
                40,
                61,
                75,
                82,
                83,
                89,
                90,
                118,
                124,
                135,
                137,
                153,
                154,
                160,
                163,
                175,
                183,
                184,
                185,
                188,
                193,
                209,
                230,
                235,
                240
              ],
              "hot_expert_ids": [
                2,
                4,
                13,
                18,
                19,
                22,
                39,
                65,
                79,
                86,
                92,
                98,
                109,
                125,
                128,
                131,
                133,
                142,
                144,
                145,
                151,
                168,
                169,
                171,
                216,
                221,
                232,
                245,
                250,
                251,
                254
              ],
              "layer_id": 69
            },
            {
              "cold_expert_ids": [
                10,
                31,
                38,
                44,
                53,
                77,
                80,
                108,
                120,
                134,
                138,
                139,
                140,
                146,
                147,
                165,
                171,
                173,
                175,
                197,
                204,
                210,
                217,
                218,
                236,
                244,
                254
              ],
              "hot_expert_ids": [
                0,
                3,
                6,
                16,
                25,
                35,
                42,
                48,
                49,
                52,
                57,
                60,
                61,
                64,
                66,
                74,
                75,
                88,
                90,
                103,
                124,
                137,
                148,
                170,
                174,
                180,
                186,
                200,
                201,
                212,
                213,
                214,
                224,
                228,
                229,
                231,
                240
              ],
              "layer_id": 70
            },
            {
              "cold_expert_ids": [
                2,
                5,
                6,
                12,
                23,
                44,
                48,
                58,
                64,
                71,
                76,
                77,
                79,
                83,
                94,
                96,
                98,
                105,
                108,
                134,
                142,
                144,
                153,
                162,
                173,
                175,
                178,
                197,
                209,
                213,
                224
              ],
              "hot_expert_ids": [
                20,
                26,
                27,
                47,
                49,
                55,
                87,
                90,
                91,
                97,
                130,
                143,
                149,
                151,
                156,
                161,
                172,
                174,
                181,
                186,
                191,
                196,
                200,
                202,
                217,
                228,
                230,
                237,
                238,
                239,
                248,
                253,
                254
              ],
              "layer_id": 71
            },
            {
              "cold_expert_ids": [
                11,
                17,
                21,
                24,
                33,
                45,
                46,
                62,
                70,
                72,
                73,
                92,
                94,
                107,
                109,
                119,
                125,
                135,
                140,
                144,
                169,
                176,
                181,
                184,
                195,
                222,
                224,
                226,
                231
              ],
              "hot_expert_ids": [
                3,
                10,
                16,
                30,
                47,
                51,
                64,
                75,
                81,
                86,
                90,
                97,
                117,
                129,
                132,
                139,
                146,
                152,
                167,
                175,
                177,
                180,
                182,
                198,
                202,
                203,
                210,
                214,
                217,
                223,
                234,
                235,
                242,
                244,
                248
              ],
              "layer_id": 72
            },
            {
              "cold_expert_ids": [
                5,
                6,
                12,
                14,
                31,
                39,
                40,
                53,
                63,
                75,
                101,
                105,
                107,
                115,
                116,
                122,
                130,
                144,
                152,
                155,
                165,
                172,
                192,
                197,
                198,
                211,
                217,
                222,
                224,
                227,
                241,
                246,
                247,
                254
              ],
              "hot_expert_ids": [
                1,
                21,
                28,
                30,
                38,
                44,
                54,
                55,
                66,
                78,
                80,
                96,
                104,
                133,
                153,
                166,
                171,
                176,
                179,
                180,
                183,
                186,
                187,
                210,
                223,
                229,
                232,
                240,
                243,
                253
              ],
              "layer_id": 73
            },
            {
              "cold_expert_ids": [
                17,
                19,
                20,
                26,
                39,
                45,
                56,
                62,
                63,
                72,
                74,
                79,
                90,
                95,
                99,
                123,
                129,
                132,
                153,
                158,
                164,
                167,
                169,
                177,
                185,
                190,
                197,
                199,
                200,
                203,
                204,
                220,
                245,
                248,
                251
              ],
              "hot_expert_ids": [
                14,
                22,
                28,
                43,
                44,
                58,
                60,
                67,
                77,
                78,
                103,
                105,
                121,
                124,
                145,
                146,
                148,
                152,
                155,
                165,
                182,
                201,
                202,
                205,
                207,
                209,
                212,
                221,
                223
              ],
              "layer_id": 74
            },
            {
              "cold_expert_ids": [
                1,
                5,
                21,
                29,
                30,
                37,
                41,
                42,
                44,
                45,
                49,
                59,
                73,
                81,
                83,
                94,
                96,
                97,
                100,
                109,
                128,
                132,
                134,
                143,
                147,
                158,
                161,
                166,
                174,
                177,
                181,
                195,
                200,
                204,
                221,
                224,
                229,
                234,
                237,
                247,
                248
              ],
              "hot_expert_ids": [
                17,
                27,
                31,
                69,
                95,
                116,
                130,
                140,
                146,
                150,
                162,
                170,
                175,
                179,
                180,
                184,
                192,
                201,
                206,
                212,
                217,
                250,
                251
              ],
              "layer_id": 75
            },
            {
              "cold_expert_ids": [
                6,
                7,
                9,
                22,
                27,
                55,
                56,
                59,
                64,
                73,
                78,
                87,
                89,
                111,
                113,
                120,
                122,
                125,
                136,
                147,
                152,
                154,
                158,
                164,
                167,
                173,
                181,
                187,
                193,
                206,
                222,
                226,
                232,
                235,
                237,
                241,
                249
              ],
              "hot_expert_ids": [
                3,
                4,
                10,
                37,
                41,
                47,
                49,
                50,
                60,
                63,
                72,
                88,
                91,
                97,
                165,
                169,
                183,
                184,
                188,
                189,
                199,
                204,
                207,
                224,
                244,
                248,
                250
              ],
              "layer_id": 76
            },
            {
              "cold_expert_ids": [
                3,
                12,
                20,
                45,
                47,
                56,
                64,
                65,
                70,
                73,
                74,
                80,
                81,
                83,
                87,
                95,
                100,
                109,
                110,
                117,
                133,
                141,
                144,
                147,
                154,
                166,
                172,
                173,
                174,
                178,
                185,
                189,
                198,
                200,
                204,
                220,
                223,
                236,
                239,
                242,
                243,
                253
              ],
              "hot_expert_ids": [
                21,
                24,
                31,
                46,
                52,
                59,
                113,
                124,
                127,
                130,
                140,
                170,
                177,
                191,
                212,
                214,
                219,
                233,
                235,
                240,
                247,
                252
              ],
              "layer_id": 77
            }
          ],
          "load_peak_hbm_bytes": 95066209264,
          "owned_expert_ids": [
            0,
            1,
            6,
            10,
            18,
            20,
            24,
            27,
            30,
            35,
            38,
            42,
            43,
            47,
            51,
            54,
            62,
            64,
            67,
            74,
            81,
            82,
            85,
            91,
            102,
            103,
            113,
            117,
            120,
            125,
            129,
            138,
            139,
            140,
            144,
            145,
            148,
            151,
            154,
            157,
            167,
            169,
            174,
            175,
            176,
            184,
            192,
            194,
            196,
            199,
            202,
            206,
            213,
            220,
            221,
            222,
            227,
            231,
            234,
            235,
            237,
            247,
            250,
            252
          ],
          "planned_hbm_bytes": 101999100400,
          "planned_host_bytes": 39609860800,
          "routed_layer_count": 75,
          "transient_hbm_bytes": 67108864
        }
      ]
    }
  }
}
