(EngineCore pid=1720144) /e/project1/profound/alint77/vllm/vllm/v1/executor/multiproc_executor.py:139: UserWarning: Failed to get the IP address, using 0.0.0.0 by default. The value can be set by the environment variable VLLM_HOST_IP or HOST_IP.
(EngineCore pid=1720144)   mq_connect_ip = get_ip()
[W725 14:02:09.358075609 socket.cpp:764] [c10d] The client socket cannot be initialized to connect to [localhost]:57339 (errno: 97 - Address family not supported by protocol).
[W725 14:02:10.666644545 socket.cpp:764] [c10d] The client socket cannot be initialized to connect to [localhost]:57339 (errno: 97 - Address family not supported by protocol).
[W725 14:02:10.666675840 socket.cpp:764] [c10d] The client socket cannot be initialized to connect to [localhost]:57339 (errno: 97 - Address family not supported by protocol).
[W725 14:02:10.666743295 socket.cpp:764] [c10d] The client socket cannot be initialized to connect to [localhost]:57339 (errno: 97 - Address family not supported by protocol).
(Worker_TP0_EP0 pid=1720418) Loading safetensors checkpoint shards:   0% Completed | 0/11 [00:00<?, ?it/s]
(Worker_TP0_EP0 pid=1720418) Loading safetensors checkpoint shards:  27% Completed | 3/11 [00:00<00:00, 10.17it/s]
(Worker_TP0_EP0 pid=1720418) Loading safetensors checkpoint shards:  27% Completed | 3/11 [00:20<00:00, 10.17it/s]
(Worker_TP0_EP0 pid=1720418) Loading safetensors checkpoint shards:  36% Completed | 4/11 [01:45<03:59, 34.16s/it]
(Worker_TP0_EP0 pid=1720418) Loading safetensors checkpoint shards:  45% Completed | 5/11 [03:29<05:36, 56.05s/it]
(Worker_TP0_EP0 pid=1720418) Loading safetensors checkpoint shards:  55% Completed | 6/11 [05:15<05:57, 71.58s/it]
(Worker_TP0_EP0 pid=1720418) Loading safetensors checkpoint shards:  64% Completed | 7/11 [07:01<05:28, 82.22s/it]
(Worker_TP0_EP0 pid=1720418) Loading safetensors checkpoint shards:  73% Completed | 8/11 [08:46<04:27, 89.16s/it]
(Worker_TP0_EP0 pid=1720418) Loading safetensors checkpoint shards:  82% Completed | 9/11 [10:30<03:07, 93.61s/it]
(Worker_TP0_EP0 pid=1720418) Loading safetensors checkpoint shards:  91% Completed | 10/11 [12:15<01:37, 97.02s/it]
(Worker_TP0_EP0 pid=1720418) Loading safetensors checkpoint shards: 100% Completed | 11/11 [13:33<00:00, 91.42s/it]
(Worker_TP0_EP0 pid=1720418) Loading safetensors checkpoint shards: 100% Completed | 11/11 [13:33<00:00, 73.99s/it]
(Worker_TP0_EP0 pid=1720418) 
(Worker_TP0_EP0 pid=1720418) Loading safetensors checkpoint shards:   0% Completed | 0/1 [00:00<?, ?it/s]
(Worker_TP0_EP0 pid=1720418) Loading safetensors checkpoint shards: 100% Completed | 1/1 [00:00<00:00,  2.01it/s]
(Worker_TP0_EP0 pid=1720418) Loading safetensors checkpoint shards: 100% Completed | 1/1 [00:00<00:00,  2.01it/s]
(Worker_TP0_EP0 pid=1720418) 
(Worker_TP3_EP3 pid=1720424) /e/project1/profound/alint77/vllm/.venv/lib/python3.12/site-packages/torch/_inductor/select_algorithm.py:3686: UserWarning: TypedStorage is deprecated. It will be removed in the future and UntypedStorage will be the only storage class. This should only matter to you if you are using storages directly.  To access UntypedStorage directly, use tensor.untyped_storage() instead of tensor.storage()
(Worker_TP3_EP3 pid=1720424)   current_out_size = out_base.storage().size()
(Worker_TP2_EP2 pid=1720422) /e/project1/profound/alint77/vllm/.venv/lib/python3.12/site-packages/torch/_inductor/select_algorithm.py:3686: UserWarning: TypedStorage is deprecated. It will be removed in the future and UntypedStorage will be the only storage class. This should only matter to you if you are using storages directly.  To access UntypedStorage directly, use tensor.untyped_storage() instead of tensor.storage()
(Worker_TP2_EP2 pid=1720422)   current_out_size = out_base.storage().size()
(Worker_TP1_EP1 pid=1720420) /e/project1/profound/alint77/vllm/.venv/lib/python3.12/site-packages/torch/_inductor/select_algorithm.py:3686: UserWarning: TypedStorage is deprecated. It will be removed in the future and UntypedStorage will be the only storage class. This should only matter to you if you are using storages directly.  To access UntypedStorage directly, use tensor.untyped_storage() instead of tensor.storage()
(Worker_TP1_EP1 pid=1720420)   current_out_size = out_base.storage().size()
(Worker_TP0_EP0 pid=1720418) /e/project1/profound/alint77/vllm/.venv/lib/python3.12/site-packages/torch/_inductor/select_algorithm.py:3686: UserWarning: TypedStorage is deprecated. It will be removed in the future and UntypedStorage will be the only storage class. This should only matter to you if you are using storages directly.  To access UntypedStorage directly, use tensor.untyped_storage() instead of tensor.storage()
(Worker_TP0_EP0 pid=1720418)   current_out_size = out_base.storage().size()
(Worker_TP1_EP1 pid=1720420) Autotune Choices Stats:
(Worker_TP1_EP1 pid=1720420) {"num_choices": 28, "num_triton_choices": 18, "best_kernel": "mm", "best_time": 0.008383999578654766, "best_triton_pos": 10, "best_triton_time": 0.01635199971497059, "best_triton_kernel": "triton_mm_4", "best_triton_kernel_desc": "ACC_TYPE='tl.float32', ALLOW_TF32=False, BLOCK_K=128, BLOCK_M=16, BLOCK_N=32, EVEN_K=True, GROUP_M=8, USE_FAST_ACCUM=False, num_stages=5, num_warps=2"}
(Worker_TP1_EP1 pid=1720420) AUTOTUNE mm(8x6144, 6144x160)
(Worker_TP1_EP1 pid=1720420) strides: [6144, 1], [1, 6144]
(Worker_TP1_EP1 pid=1720420) dtypes: torch.bfloat16, torch.bfloat16
(Worker_TP1_EP1 pid=1720420)   mm 0.0084 ms 100.0% 
(Worker_TP1_EP1 pid=1720420)   decompose_k_mm_24_split_3 0.0084 ms 100.0% k_split=24
(Worker_TP1_EP1 pid=1720420)   decompose_k_mm_16_split_7 0.0084 ms 100.0% k_split=16
(Worker_TP1_EP1 pid=1720420)   decompose_k_mm_32_split_8 0.0084 ms 99.2% k_split=32
(Worker_TP1_EP1 pid=1720420)   decompose_k_mm_12_split_2 0.0087 ms 96.3% k_split=12
(Worker_TP1_EP1 pid=1720420)   decompose_k_mm_8_split_6 0.0089 ms 94.6% k_split=8
(Worker_TP1_EP1 pid=1720420)   decompose_k_mm_6_split_1 0.0091 ms 92.3% k_split=6
(Worker_TP1_EP1 pid=1720420)   decompose_k_mm_4_split_5 0.0094 ms 89.4% k_split=4
(Worker_TP1_EP1 pid=1720420)   decompose_k_mm_3_split_0 0.0098 ms 85.6% k_split=3
(Worker_TP1_EP1 pid=1720420)   decompose_k_mm_2_split_4 0.0111 ms 75.7% k_split=2
(Worker_TP1_EP1 pid=1720420) SingleProcess AUTOTUNE benchmarking takes 5.9025 seconds and 1.5894 seconds precompiling for 28 choices
(Worker_TP0_EP0 pid=1720418) Autotune Choices Stats:
(Worker_TP0_EP0 pid=1720418) {"num_choices": 28, "num_triton_choices": 18, "best_kernel": "decompose_k_mm_32_split_8", "best_kernel_desc": "k_split=32", "best_time": 0.008352000266313553, "best_triton_pos": 8, "best_triton_time": 0.01664000004529953, "best_triton_kernel": "triton_mm_4", "best_triton_kernel_desc": "ACC_TYPE='tl.float32', ALLOW_TF32=False, BLOCK_K=128, BLOCK_M=16, BLOCK_N=32, EVEN_K=True, GROUP_M=8, USE_FAST_ACCUM=False, num_stages=5, num_warps=2"}
(Worker_TP0_EP0 pid=1720418) AUTOTUNE mm(8x6144, 6144x160)
(Worker_TP0_EP0 pid=1720418) strides: [6144, 1], [1, 6144]
(Worker_TP0_EP0 pid=1720418) dtypes: torch.bfloat16, torch.bfloat16
(Worker_TP0_EP0 pid=1720418)   decompose_k_mm_32_split_8 0.0084 ms 100.0% k_split=32
(Worker_TP0_EP0 pid=1720418)   decompose_k_mm_12_split_2 0.0085 ms 97.8% k_split=12
(Worker_TP0_EP0 pid=1720418)   decompose_k_mm_16_split_7 0.0086 ms 97.4% k_split=16
(Worker_TP0_EP0 pid=1720418)   mm 0.0087 ms 96.3% 
(Worker_TP0_EP0 pid=1720418)   decompose_k_mm_6_split_1 0.0089 ms 94.2% k_split=6
(Worker_TP0_EP0 pid=1720418)   decompose_k_mm_8_split_6 0.0089 ms 93.5% k_split=8
(Worker_TP0_EP0 pid=1720418)   decompose_k_mm_4_split_5 0.0093 ms 89.7% k_split=4
(Worker_TP0_EP0 pid=1720418)   decompose_k_mm_3_split_0 0.0100 ms 83.9% k_split=3
(Worker_TP0_EP0 pid=1720418)   triton_mm_4 0.0166 ms 50.2% ACC_TYPE='tl.float32', ALLOW_TF32=False, BLOCK_K=128, BLOCK_M=16, BLOCK_N=32, EVEN_K=True, GROUP_M=8, USE_FAST_ACCUM=False, num_stages=5, num_warps=2
(Worker_TP0_EP0 pid=1720418)   triton_mm_8 0.0169 ms 49.4% ACC_TYPE='tl.float32', ALLOW_TF32=False, BLOCK_K=128, BLOCK_M=16, BLOCK_N=64, EVEN_K=True, GROUP_M=8, USE_FAST_ACCUM=False, num_stages=5, num_warps=4
(Worker_TP0_EP0 pid=1720418) SingleProcess AUTOTUNE benchmarking takes 5.9900 seconds and 1.6106 seconds precompiling for 28 choices
(Worker_TP1_EP1 pid=1720420) Autotune Choices Stats:
(Worker_TP1_EP1 pid=1720420) {"num_choices": 19, "num_triton_choices": 18, "best_kernel": "triton_mm_22", "best_kernel_desc": "ACC_TYPE='tl.float32', ALLOW_TF32=False, BLOCK_K=128, BLOCK_M=16, BLOCK_N=32, EVEN_K=True, GROUP_M=8, USE_FAST_ACCUM=False, num_stages=5, num_warps=2", "best_time": 0.011231999844312668, "best_triton_pos": 0}
(Worker_TP1_EP1 pid=1720420) AUTOTUNE mm(8x2048, 2048x4096)
(Worker_TP1_EP1 pid=1720420) strides: [2048, 1], [1, 2048]
(Worker_TP1_EP1 pid=1720420) dtypes: torch.bfloat16, torch.bfloat16
(Worker_TP1_EP1 pid=1720420)   triton_mm_22 0.0112 ms 100.0% ACC_TYPE='tl.float32', ALLOW_TF32=False, BLOCK_K=128, BLOCK_M=16, BLOCK_N=32, EVEN_K=True, GROUP_M=8, USE_FAST_ACCUM=False, num_stages=5, num_warps=2
(Worker_TP1_EP1 pid=1720420)   mm 0.0115 ms 97.5% 
(Worker_TP1_EP1 pid=1720420)   triton_mm_26 0.0118 ms 95.4% ACC_TYPE='tl.float32', ALLOW_TF32=False, BLOCK_K=128, BLOCK_M=16, BLOCK_N=64, EVEN_K=True, GROUP_M=8, USE_FAST_ACCUM=False, num_stages=5, num_warps=4
(Worker_TP1_EP1 pid=1720420)   triton_mm_30 0.0139 ms 80.7% ACC_TYPE='tl.float32', ALLOW_TF32=False, BLOCK_K=128, BLOCK_M=16, BLOCK_N=128, EVEN_K=True, GROUP_M=8, USE_FAST_ACCUM=False, num_stages=4, num_warps=4
(Worker_TP1_EP1 pid=1720420)   triton_mm_35 0.0142 ms 79.2% ACC_TYPE='tl.float32', ALLOW_TF32=False, BLOCK_K=128, BLOCK_M=16, BLOCK_N=128, EVEN_K=True, GROUP_M=8, USE_FAST_ACCUM=False, num_stages=4, num_warps=8
(Worker_TP1_EP1 pid=1720420)   triton_mm_34 0.0148 ms 76.1% ACC_TYPE='tl.float32', ALLOW_TF32=False, BLOCK_K=64, BLOCK_M=16, BLOCK_N=128, EVEN_K=True, GROUP_M=8, USE_FAST_ACCUM=False, num_stages=5, num_warps=8
(Worker_TP1_EP1 pid=1720420)   triton_mm_25 0.0185 ms 60.6% ACC_TYPE='tl.float32', ALLOW_TF32=False, BLOCK_K=64, BLOCK_M=16, BLOCK_N=64, EVEN_K=True, GROUP_M=8, USE_FAST_ACCUM=False, num_stages=3, num_warps=4
(Worker_TP1_EP1 pid=1720420)   triton_mm_21 0.0187 ms 60.2% ACC_TYPE='tl.float32', ALLOW_TF32=False, BLOCK_K=32, BLOCK_M=16, BLOCK_N=32, EVEN_K=True, GROUP_M=8, USE_FAST_ACCUM=False, num_stages=5, num_warps=2
(Worker_TP1_EP1 pid=1720420)   triton_mm_19 0.0190 ms 59.1% ACC_TYPE='tl.float32', ALLOW_TF32=False, BLOCK_K=128, BLOCK_M=16, BLOCK_N=32, EVEN_K=True, GROUP_M=8, USE_FAST_ACCUM=False, num_stages=2, num_warps=2
(Worker_TP1_EP1 pid=1720420)   triton_mm_20 0.0194 ms 57.8% ACC_TYPE='tl.float32', ALLOW_TF32=False, BLOCK_K=32, BLOCK_M=16, BLOCK_N=64, EVEN_K=True, GROUP_M=8, USE_FAST_ACCUM=False, num_stages=5, num_warps=4
(Worker_TP1_EP1 pid=1720420) SingleProcess AUTOTUNE benchmarking takes 0.1487 seconds and 0.0004 seconds precompiling for 19 choices
(Worker_TP0_EP0 pid=1720418) Autotune Choices Stats:
(Worker_TP0_EP0 pid=1720418) {"num_choices": 19, "num_triton_choices": 18, "best_kernel": "triton_mm_22", "best_kernel_desc": "ACC_TYPE='tl.float32', ALLOW_TF32=False, BLOCK_K=128, BLOCK_M=16, BLOCK_N=32, EVEN_K=True, GROUP_M=8, USE_FAST_ACCUM=False, num_stages=5, num_warps=2", "best_time": 0.011455999687314034, "best_triton_pos": 0}
(Worker_TP0_EP0 pid=1720418) AUTOTUNE mm(8x2048, 2048x4096)
(Worker_TP0_EP0 pid=1720418) strides: [2048, 1], [1, 2048]
(Worker_TP0_EP0 pid=1720418) dtypes: torch.bfloat16, torch.bfloat16
(Worker_TP0_EP0 pid=1720418)   triton_mm_22 0.0115 ms 100.0% ACC_TYPE='tl.float32', ALLOW_TF32=False, BLOCK_K=128, BLOCK_M=16, BLOCK_N=32, EVEN_K=True, GROUP_M=8, USE_FAST_ACCUM=False, num_stages=5, num_warps=2
(Worker_TP0_EP0 pid=1720418)   triton_mm_26 0.0123 ms 93.2% ACC_TYPE='tl.float32', ALLOW_TF32=False, BLOCK_K=128, BLOCK_M=16, BLOCK_N=64, EVEN_K=True, GROUP_M=8, USE_FAST_ACCUM=False, num_stages=5, num_warps=4
(Worker_TP0_EP0 pid=1720418)   triton_mm_35 0.0140 ms 82.1% ACC_TYPE='tl.float32', ALLOW_TF32=False, BLOCK_K=128, BLOCK_M=16, BLOCK_N=128, EVEN_K=True, GROUP_M=8, USE_FAST_ACCUM=False, num_stages=4, num_warps=8
(Worker_TP0_EP0 pid=1720418)   triton_mm_30 0.0146 ms 78.5% ACC_TYPE='tl.float32', ALLOW_TF32=False, BLOCK_K=128, BLOCK_M=16, BLOCK_N=128, EVEN_K=True, GROUP_M=8, USE_FAST_ACCUM=False, num_stages=4, num_warps=4
(Worker_TP0_EP0 pid=1720418)   triton_mm_34 0.0157 ms 72.8% ACC_TYPE='tl.float32', ALLOW_TF32=False, BLOCK_K=64, BLOCK_M=16, BLOCK_N=128, EVEN_K=True, GROUP_M=8, USE_FAST_ACCUM=False, num_stages=5, num_warps=8
(Worker_TP0_EP0 pid=1720418)   triton_mm_19 0.0187 ms 61.3% ACC_TYPE='tl.float32', ALLOW_TF32=False, BLOCK_K=128, BLOCK_M=16, BLOCK_N=32, EVEN_K=True, GROUP_M=8, USE_FAST_ACCUM=False, num_stages=2, num_warps=2
(Worker_TP0_EP0 pid=1720418)   triton_mm_21 0.0194 ms 59.2% ACC_TYPE='tl.float32', ALLOW_TF32=False, BLOCK_K=32, BLOCK_M=16, BLOCK_N=32, EVEN_K=True, GROUP_M=8, USE_FAST_ACCUM=False, num_stages=5, num_warps=2
(Worker_TP0_EP0 pid=1720418)   triton_mm_25 0.0194 ms 59.2% ACC_TYPE='tl.float32', ALLOW_TF32=False, BLOCK_K=64, BLOCK_M=16, BLOCK_N=64, EVEN_K=True, GROUP_M=8, USE_FAST_ACCUM=False, num_stages=3, num_warps=4
(Worker_TP0_EP0 pid=1720418)   triton_mm_29 0.0205 ms 55.9% ACC_TYPE='tl.float32', ALLOW_TF32=False, BLOCK_K=64, BLOCK_M=16, BLOCK_N=128, EVEN_K=True, GROUP_M=8, USE_FAST_ACCUM=False, num_stages=3, num_warps=4
(Worker_TP0_EP0 pid=1720418)   triton_mm_20 0.0208 ms 55.2% ACC_TYPE='tl.float32', ALLOW_TF32=False, BLOCK_K=32, BLOCK_M=16, BLOCK_N=64, EVEN_K=True, GROUP_M=8, USE_FAST_ACCUM=False, num_stages=5, num_warps=4
(Worker_TP0_EP0 pid=1720418) SingleProcess AUTOTUNE benchmarking takes 0.1537 seconds and 0.0005 seconds precompiling for 19 choices
(Worker_TP2_EP2 pid=1720422) Autotune Choices Stats:
(Worker_TP2_EP2 pid=1720422) {"num_choices": 28, "num_triton_choices": 18, "best_kernel": "decompose_k_mm_24_split_3", "best_kernel_desc": "k_split=24", "best_time": 0.007903999648988247, "best_triton_pos": 10, "best_triton_time": 0.016383999958634377, "best_triton_kernel": "triton_mm_8", "best_triton_kernel_desc": "ACC_TYPE='tl.float32', ALLOW_TF32=False, BLOCK_K=128, BLOCK_M=16, BLOCK_N=64, EVEN_K=True, GROUP_M=8, USE_FAST_ACCUM=False, num_stages=5, num_warps=4"}
(Worker_TP2_EP2 pid=1720422) AUTOTUNE mm(8x6144, 6144x160)
(Worker_TP2_EP2 pid=1720422) strides: [6144, 1], [1, 6144]
(Worker_TP2_EP2 pid=1720422) dtypes: torch.bfloat16, torch.bfloat16
(Worker_TP2_EP2 pid=1720422)   decompose_k_mm_24_split_3 0.0079 ms 100.0% k_split=24
(Worker_TP2_EP2 pid=1720422)   decompose_k_mm_32_split_8 0.0080 ms 99.2% k_split=32
(Worker_TP2_EP2 pid=1720422)   decompose_k_mm_16_split_7 0.0080 ms 98.4% k_split=16
(Worker_TP2_EP2 pid=1720422)   decompose_k_mm_12_split_2 0.0082 ms 96.1% k_split=12
(Worker_TP2_EP2 pid=1720422)   mm 0.0083 ms 95.4% 
(Worker_TP2_EP2 pid=1720422)   decompose_k_mm_8_split_6 0.0084 ms 93.6% k_split=8
(Worker_TP2_EP2 pid=1720422)   decompose_k_mm_6_split_1 0.0085 ms 93.2% k_split=6
(Worker_TP2_EP2 pid=1720422)   decompose_k_mm_4_split_5 0.0091 ms 87.0% k_split=4
(Worker_TP2_EP2 pid=1720422)   decompose_k_mm_3_split_0 0.0095 ms 83.4% k_split=3
(Worker_TP2_EP2 pid=1720422)   decompose_k_mm_2_split_4 0.0108 ms 72.9% k_split=2
(Worker_TP2_EP2 pid=1720422) SingleProcess AUTOTUNE benchmarking takes 6.3385 seconds and 1.5652 seconds precompiling for 28 choices
(Worker_TP3_EP3 pid=1720424) Autotune Choices Stats:
(Worker_TP3_EP3 pid=1720424) {"num_choices": 28, "num_triton_choices": 18, "best_kernel": "decompose_k_mm_24_split_3", "best_kernel_desc": "k_split=24", "best_time": 0.007840000092983246, "best_triton_pos": 10, "best_triton_time": 0.016287999227643013, "best_triton_kernel": "triton_mm_4", "best_triton_kernel_desc": "ACC_TYPE='tl.float32', ALLOW_TF32=False, BLOCK_K=128, BLOCK_M=16, BLOCK_N=32, EVEN_K=True, GROUP_M=8, USE_FAST_ACCUM=False, num_stages=5, num_warps=2"}
(Worker_TP3_EP3 pid=1720424) AUTOTUNE mm(8x6144, 6144x160)
(Worker_TP3_EP3 pid=1720424) strides: [6144, 1], [1, 6144]
(Worker_TP3_EP3 pid=1720424) dtypes: torch.bfloat16, torch.bfloat16
(Worker_TP3_EP3 pid=1720424)   decompose_k_mm_24_split_3 0.0078 ms 100.0% k_split=24
(Worker_TP3_EP3 pid=1720424)   decompose_k_mm_32_split_8 0.0080 ms 98.0% k_split=32
(Worker_TP3_EP3 pid=1720424)   decompose_k_mm_12_split_2 0.0082 ms 96.1% k_split=12
(Worker_TP3_EP3 pid=1720424)   mm 0.0082 ms 95.7% 
(Worker_TP3_EP3 pid=1720424)   decompose_k_mm_16_split_7 0.0082 ms 95.7% k_split=16
(Worker_TP3_EP3 pid=1720424)   decompose_k_mm_8_split_6 0.0083 ms 94.2% k_split=8
(Worker_TP3_EP3 pid=1720424)   decompose_k_mm_6_split_1 0.0087 ms 90.4% k_split=6
(Worker_TP3_EP3 pid=1720424)   decompose_k_mm_4_split_5 0.0090 ms 86.9% k_split=4
(Worker_TP3_EP3 pid=1720424)   decompose_k_mm_3_split_0 0.0093 ms 83.9% k_split=3
(Worker_TP3_EP3 pid=1720424)   decompose_k_mm_2_split_4 0.0108 ms 72.5% k_split=2
(Worker_TP3_EP3 pid=1720424) SingleProcess AUTOTUNE benchmarking takes 6.5090 seconds and 1.5274 seconds precompiling for 28 choices
(Worker_TP2_EP2 pid=1720422) Autotune Choices Stats:
(Worker_TP2_EP2 pid=1720422) {"num_choices": 19, "num_triton_choices": 18, "best_kernel": "triton_mm_22", "best_kernel_desc": "ACC_TYPE='tl.float32', ALLOW_TF32=False, BLOCK_K=128, BLOCK_M=16, BLOCK_N=32, EVEN_K=True, GROUP_M=8, USE_FAST_ACCUM=False, num_stages=5, num_warps=2", "best_time": 0.010975999757647514, "best_triton_pos": 0}
(Worker_TP2_EP2 pid=1720422) AUTOTUNE mm(8x2048, 2048x4096)
(Worker_TP2_EP2 pid=1720422) strides: [2048, 1], [1, 2048]
(Worker_TP2_EP2 pid=1720422) dtypes: torch.bfloat16, torch.bfloat16
(Worker_TP2_EP2 pid=1720422)   triton_mm_22 0.0110 ms 100.0% ACC_TYPE='tl.float32', ALLOW_TF32=False, BLOCK_K=128, BLOCK_M=16, BLOCK_N=32, EVEN_K=True, GROUP_M=8, USE_FAST_ACCUM=False, num_stages=5, num_warps=2
(Worker_TP2_EP2 pid=1720422)   mm 0.0114 ms 96.1% 
(Worker_TP2_EP2 pid=1720422)   triton_mm_26 0.0115 ms 95.3% ACC_TYPE='tl.float32', ALLOW_TF32=False, BLOCK_K=128, BLOCK_M=16, BLOCK_N=64, EVEN_K=True, GROUP_M=8, USE_FAST_ACCUM=False, num_stages=5, num_warps=4
(Worker_TP2_EP2 pid=1720422)   triton_mm_30 0.0137 ms 80.1% ACC_TYPE='tl.float32', ALLOW_TF32=False, BLOCK_K=128, BLOCK_M=16, BLOCK_N=128, EVEN_K=True, GROUP_M=8, USE_FAST_ACCUM=False, num_stages=4, num_warps=4
(Worker_TP2_EP2 pid=1720422)   triton_mm_35 0.0137 ms 80.0% ACC_TYPE='tl.float32', ALLOW_TF32=False, BLOCK_K=128, BLOCK_M=16, BLOCK_N=128, EVEN_K=True, GROUP_M=8, USE_FAST_ACCUM=False, num_stages=4, num_warps=8
(Worker_TP2_EP2 pid=1720422)   triton_mm_34 0.0146 ms 75.2% ACC_TYPE='tl.float32', ALLOW_TF32=False, BLOCK_K=64, BLOCK_M=16, BLOCK_N=128, EVEN_K=True, GROUP_M=8, USE_FAST_ACCUM=False, num_stages=5, num_warps=8
(Worker_TP2_EP2 pid=1720422)   triton_mm_21 0.0184 ms 59.5% ACC_TYPE='tl.float32', ALLOW_TF32=False, BLOCK_K=32, BLOCK_M=16, BLOCK_N=32, EVEN_K=True, GROUP_M=8, USE_FAST_ACCUM=False, num_stages=5, num_warps=2
(Worker_TP2_EP2 pid=1720422)   triton_mm_25 0.0186 ms 59.0% ACC_TYPE='tl.float32', ALLOW_TF32=False, BLOCK_K=64, BLOCK_M=16, BLOCK_N=64, EVEN_K=True, GROUP_M=8, USE_FAST_ACCUM=False, num_stages=3, num_warps=4
(Worker_TP2_EP2 pid=1720422)   triton_mm_19 0.0189 ms 58.1% ACC_TYPE='tl.float32', ALLOW_TF32=False, BLOCK_K=128, BLOCK_M=16, BLOCK_N=32, EVEN_K=True, GROUP_M=8, USE_FAST_ACCUM=False, num_stages=2, num_warps=2
(Worker_TP2_EP2 pid=1720422)   triton_mm_20 0.0191 ms 57.4% ACC_TYPE='tl.float32', ALLOW_TF32=False, BLOCK_K=32, BLOCK_M=16, BLOCK_N=64, EVEN_K=True, GROUP_M=8, USE_FAST_ACCUM=False, num_stages=5, num_warps=4
(Worker_TP2_EP2 pid=1720422) SingleProcess AUTOTUNE benchmarking takes 0.1464 seconds and 0.0004 seconds precompiling for 19 choices
(Worker_TP3_EP3 pid=1720424) Autotune Choices Stats:
(Worker_TP3_EP3 pid=1720424) {"num_choices": 19, "num_triton_choices": 18, "best_kernel": "triton_mm_22", "best_kernel_desc": "ACC_TYPE='tl.float32', ALLOW_TF32=False, BLOCK_K=128, BLOCK_M=16, BLOCK_N=32, EVEN_K=True, GROUP_M=8, USE_FAST_ACCUM=False, num_stages=5, num_warps=2", "best_time": 0.010879999957978725, "best_triton_pos": 0}
(Worker_TP3_EP3 pid=1720424) AUTOTUNE mm(8x2048, 2048x4096)
(Worker_TP3_EP3 pid=1720424) strides: [2048, 1], [1, 2048]
(Worker_TP3_EP3 pid=1720424) dtypes: torch.bfloat16, torch.bfloat16
(Worker_TP3_EP3 pid=1720424)   triton_mm_22 0.0109 ms 100.0% ACC_TYPE='tl.float32', ALLOW_TF32=False, BLOCK_K=128, BLOCK_M=16, BLOCK_N=32, EVEN_K=True, GROUP_M=8, USE_FAST_ACCUM=False, num_stages=5, num_warps=2
(Worker_TP3_EP3 pid=1720424)   mm 0.0112 ms 97.4% 
(Worker_TP3_EP3 pid=1720424)   triton_mm_26 0.0114 ms 95.2% ACC_TYPE='tl.float32', ALLOW_TF32=False, BLOCK_K=128, BLOCK_M=16, BLOCK_N=64, EVEN_K=True, GROUP_M=8, USE_FAST_ACCUM=False, num_stages=5, num_warps=4
(Worker_TP3_EP3 pid=1720424)   triton_mm_30 0.0134 ms 81.0% ACC_TYPE='tl.float32', ALLOW_TF32=False, BLOCK_K=128, BLOCK_M=16, BLOCK_N=128, EVEN_K=True, GROUP_M=8, USE_FAST_ACCUM=False, num_stages=4, num_warps=4
(Worker_TP3_EP3 pid=1720424)   triton_mm_35 0.0136 ms 80.2% ACC_TYPE='tl.float32', ALLOW_TF32=False, BLOCK_K=128, BLOCK_M=16, BLOCK_N=128, EVEN_K=True, GROUP_M=8, USE_FAST_ACCUM=False, num_stages=4, num_warps=8
(Worker_TP3_EP3 pid=1720424)   triton_mm_34 0.0143 ms 75.9% ACC_TYPE='tl.float32', ALLOW_TF32=False, BLOCK_K=64, BLOCK_M=16, BLOCK_N=128, EVEN_K=True, GROUP_M=8, USE_FAST_ACCUM=False, num_stages=5, num_warps=8
(Worker_TP3_EP3 pid=1720424)   triton_mm_21 0.0180 ms 60.3% ACC_TYPE='tl.float32', ALLOW_TF32=False, BLOCK_K=32, BLOCK_M=16, BLOCK_N=32, EVEN_K=True, GROUP_M=8, USE_FAST_ACCUM=False, num_stages=5, num_warps=2
(Worker_TP3_EP3 pid=1720424)   triton_mm_25 0.0186 ms 58.6% ACC_TYPE='tl.float32', ALLOW_TF32=False, BLOCK_K=64, BLOCK_M=16, BLOCK_N=64, EVEN_K=True, GROUP_M=8, USE_FAST_ACCUM=False, num_stages=3, num_warps=4
(Worker_TP3_EP3 pid=1720424)   triton_mm_19 0.0186 ms 58.4% ACC_TYPE='tl.float32', ALLOW_TF32=False, BLOCK_K=128, BLOCK_M=16, BLOCK_N=32, EVEN_K=True, GROUP_M=8, USE_FAST_ACCUM=False, num_stages=2, num_warps=2
(Worker_TP3_EP3 pid=1720424)   triton_mm_20 0.0188 ms 57.8% ACC_TYPE='tl.float32', ALLOW_TF32=False, BLOCK_K=32, BLOCK_M=16, BLOCK_N=64, EVEN_K=True, GROUP_M=8, USE_FAST_ACCUM=False, num_stages=5, num_warps=4
(Worker_TP3_EP3 pid=1720424) SingleProcess AUTOTUNE benchmarking takes 0.1464 seconds and 0.0004 seconds precompiling for 19 choices
(Worker_TP1_EP1 pid=1720420) Autotune Choices Stats:
(Worker_TP1_EP1 pid=1720420) {"num_choices": 28, "num_triton_choices": 18, "best_kernel": "decompose_k_mm_32_split_17", "best_kernel_desc": "k_split=32", "best_time": 0.008511999621987343, "best_triton_pos": 10, "best_triton_time": 0.01648000068962574, "best_triton_kernel": "triton_mm_40", "best_triton_kernel_desc": "ACC_TYPE='tl.float32', ALLOW_TF32=False, BLOCK_K=128, BLOCK_M=16, BLOCK_N=32, EVEN_K=True, GROUP_M=8, USE_FAST_ACCUM=False, num_stages=5, num_warps=2"}
(Worker_TP1_EP1 pid=1720420) AUTOTUNE mm(8x6144, 6144x160)
(Worker_TP1_EP1 pid=1720420) strides: [6144, 1], [1, 6144]
(Worker_TP1_EP1 pid=1720420) dtypes: torch.bfloat16, torch.bfloat16
(Worker_TP1_EP1 pid=1720420)   decompose_k_mm_32_split_17 0.0085 ms 100.0% k_split=32
(Worker_TP1_EP1 pid=1720420)   decompose_k_mm_16_split_16 0.0086 ms 99.3% k_split=16
(Worker_TP1_EP1 pid=1720420)   mm 0.0087 ms 98.2% 
(Worker_TP1_EP1 pid=1720420)   decompose_k_mm_12_split_11 0.0088 ms 96.4% k_split=12
(Worker_TP1_EP1 pid=1720420)   decompose_k_mm_8_split_15 0.0089 ms 95.7% k_split=8
(Worker_TP1_EP1 pid=1720420)   decompose_k_mm_24_split_12 0.0089 ms 95.3% k_split=24
(Worker_TP1_EP1 pid=1720420)   decompose_k_mm_6_split_10 0.0091 ms 93.7% k_split=6
(Worker_TP1_EP1 pid=1720420)   decompose_k_mm_4_split_14 0.0092 ms 92.0% k_split=4
(Worker_TP1_EP1 pid=1720420)   decompose_k_mm_3_split_9 0.0098 ms 87.2% k_split=3
(Worker_TP1_EP1 pid=1720420)   decompose_k_mm_2_split_13 0.0109 ms 77.8% k_split=2
(Worker_TP1_EP1 pid=1720420) SingleProcess AUTOTUNE benchmarking takes 1.6379 seconds and 0.0002 seconds precompiling for 28 choices
(Worker_TP1_EP1 pid=1720420) Autotune Choices Stats:
(Worker_TP1_EP1 pid=1720420) {"num_choices": 19, "num_triton_choices": 18, "best_kernel": "triton_mm_58", "best_kernel_desc": "ACC_TYPE='tl.float32', ALLOW_TF32=False, BLOCK_K=128, BLOCK_M=16, BLOCK_N=32, EVEN_K=True, GROUP_M=8, USE_FAST_ACCUM=False, num_stages=5, num_warps=2", "best_time": 0.011136000044643879, "best_triton_pos": 0}
(Worker_TP1_EP1 pid=1720420) AUTOTUNE mm(8x2048, 2048x4096)
(Worker_TP1_EP1 pid=1720420) strides: [2048, 1], [1, 2048]
(Worker_TP1_EP1 pid=1720420) dtypes: torch.bfloat16, torch.bfloat16
(Worker_TP1_EP1 pid=1720420)   triton_mm_58 0.0111 ms 100.0% ACC_TYPE='tl.float32', ALLOW_TF32=False, BLOCK_K=128, BLOCK_M=16, BLOCK_N=32, EVEN_K=True, GROUP_M=8, USE_FAST_ACCUM=False, num_stages=5, num_warps=2
(Worker_TP1_EP1 pid=1720420)   mm 0.0116 ms 96.4% 
(Worker_TP1_EP1 pid=1720420)   triton_mm_62 0.0118 ms 94.6% ACC_TYPE='tl.float32', ALLOW_TF32=False, BLOCK_K=128, BLOCK_M=16, BLOCK_N=64, EVEN_K=True, GROUP_M=8, USE_FAST_ACCUM=False, num_stages=5, num_warps=4
(Worker_TP1_EP1 pid=1720420)   triton_mm_66 0.0137 ms 81.1% ACC_TYPE='tl.float32', ALLOW_TF32=False, BLOCK_K=128, BLOCK_M=16, BLOCK_N=128, EVEN_K=True, GROUP_M=8, USE_FAST_ACCUM=False, num_stages=4, num_warps=4
(Worker_TP1_EP1 pid=1720420)   triton_mm_71 0.0138 ms 80.6% ACC_TYPE='tl.float32', ALLOW_TF32=False, BLOCK_K=128, BLOCK_M=16, BLOCK_N=128, EVEN_K=True, GROUP_M=8, USE_FAST_ACCUM=False, num_stages=4, num_warps=8
(Worker_TP1_EP1 pid=1720420)   triton_mm_70 0.0150 ms 74.4% ACC_TYPE='tl.float32', ALLOW_TF32=False, BLOCK_K=64, BLOCK_M=16, BLOCK_N=128, EVEN_K=True, GROUP_M=8, USE_FAST_ACCUM=False, num_stages=5, num_warps=8
(Worker_TP1_EP1 pid=1720420)   triton_mm_57 0.0186 ms 59.9% ACC_TYPE='tl.float32', ALLOW_TF32=False, BLOCK_K=32, BLOCK_M=16, BLOCK_N=32, EVEN_K=True, GROUP_M=8, USE_FAST_ACCUM=False, num_stages=5, num_warps=2
(Worker_TP1_EP1 pid=1720420)   triton_mm_55 0.0187 ms 59.7% ACC_TYPE='tl.float32', ALLOW_TF32=False, BLOCK_K=128, BLOCK_M=16, BLOCK_N=32, EVEN_K=True, GROUP_M=8, USE_FAST_ACCUM=False, num_stages=2, num_warps=2
(Worker_TP1_EP1 pid=1720420)   triton_mm_61 0.0190 ms 58.6% ACC_TYPE='tl.float32', ALLOW_TF32=False, BLOCK_K=64, BLOCK_M=16, BLOCK_N=64, EVEN_K=True, GROUP_M=8, USE_FAST_ACCUM=False, num_stages=3, num_warps=4
(Worker_TP1_EP1 pid=1720420)   triton_mm_56 0.0193 ms 57.6% ACC_TYPE='tl.float32', ALLOW_TF32=False, BLOCK_K=32, BLOCK_M=16, BLOCK_N=64, EVEN_K=True, GROUP_M=8, USE_FAST_ACCUM=False, num_stages=5, num_warps=4
(Worker_TP1_EP1 pid=1720420) SingleProcess AUTOTUNE benchmarking takes 0.1462 seconds and 0.0002 seconds precompiling for 19 choices
(Worker_TP0_EP0 pid=1720418) Autotune Choices Stats:
(Worker_TP0_EP0 pid=1720418) {"num_choices": 28, "num_triton_choices": 18, "best_kernel": "decompose_k_mm_24_split_12", "best_kernel_desc": "k_split=24", "best_time": 0.008511999621987343, "best_triton_pos": 9, "best_triton_time": 0.016416000202298164, "best_triton_kernel": "triton_mm_40", "best_triton_kernel_desc": "ACC_TYPE='tl.float32', ALLOW_TF32=False, BLOCK_K=128, BLOCK_M=16, BLOCK_N=32, EVEN_K=True, GROUP_M=8, USE_FAST_ACCUM=False, num_stages=5, num_warps=2"}
(Worker_TP0_EP0 pid=1720418) AUTOTUNE mm(8x6144, 6144x160)
(Worker_TP0_EP0 pid=1720418) strides: [6144, 1], [1, 6144]
(Worker_TP0_EP0 pid=1720418) dtypes: torch.bfloat16, torch.bfloat16
(Worker_TP0_EP0 pid=1720418)   decompose_k_mm_24_split_12 0.0085 ms 100.0% k_split=24
(Worker_TP0_EP0 pid=1720418)   decompose_k_mm_16_split_16 0.0085 ms 100.0% k_split=16
(Worker_TP0_EP0 pid=1720418)   mm 0.0087 ms 98.2% 
(Worker_TP0_EP0 pid=1720418)   decompose_k_mm_12_split_11 0.0087 ms 98.2% k_split=12
(Worker_TP0_EP0 pid=1720418)   decompose_k_mm_6_split_10 0.0088 ms 96.4% k_split=6
(Worker_TP0_EP0 pid=1720418)   decompose_k_mm_8_split_15 0.0091 ms 93.7% k_split=8
(Worker_TP0_EP0 pid=1720418)   decompose_k_mm_4_split_14 0.0092 ms 93.0% k_split=4
(Worker_TP0_EP0 pid=1720418)   decompose_k_mm_3_split_9 0.0101 ms 84.4% k_split=3
(Worker_TP0_EP0 pid=1720418)   decompose_k_mm_2_split_13 0.0110 ms 77.3% k_split=2
(Worker_TP0_EP0 pid=1720418)   triton_mm_40 0.0164 ms 51.9% ACC_TYPE='tl.float32', ALLOW_TF32=False, BLOCK_K=128, BLOCK_M=16, BLOCK_N=32, EVEN_K=True, GROUP_M=8, USE_FAST_ACCUM=False, num_stages=5, num_warps=2
(Worker_TP0_EP0 pid=1720418) SingleProcess AUTOTUNE benchmarking takes 1.2681 seconds and 0.0002 seconds precompiling for 28 choices
(Worker_TP2_EP2 pid=1720422) Autotune Choices Stats:
(Worker_TP2_EP2 pid=1720422) {"num_choices": 28, "num_triton_choices": 18, "best_kernel": "decompose_k_mm_32_split_17", "best_kernel_desc": "k_split=32", "best_time": 0.007968000136315823, "best_triton_pos": 9, "best_triton_time": 0.016416000202298164, "best_triton_kernel": "triton_mm_40", "best_triton_kernel_desc": "ACC_TYPE='tl.float32', ALLOW_TF32=False, BLOCK_K=128, BLOCK_M=16, BLOCK_N=32, EVEN_K=True, GROUP_M=8, USE_FAST_ACCUM=False, num_stages=5, num_warps=2"}
(Worker_TP2_EP2 pid=1720422) AUTOTUNE mm(8x6144, 6144x160)
(Worker_TP2_EP2 pid=1720422) strides: [6144, 1], [1, 6144]
(Worker_TP2_EP2 pid=1720422) dtypes: torch.bfloat16, torch.bfloat16
(Worker_TP2_EP2 pid=1720422)   decompose_k_mm_32_split_17 0.0080 ms 100.0% k_split=32
(Worker_TP2_EP2 pid=1720422)   decompose_k_mm_24_split_12 0.0082 ms 96.9% k_split=24
(Worker_TP2_EP2 pid=1720422)   mm 0.0084 ms 94.7% 
(Worker_TP2_EP2 pid=1720422)   decompose_k_mm_12_split_11 0.0084 ms 94.7% k_split=12
(Worker_TP2_EP2 pid=1720422)   decompose_k_mm_6_split_10 0.0086 ms 92.9% k_split=6
(Worker_TP2_EP2 pid=1720422)   decompose_k_mm_8_split_15 0.0088 ms 90.5% k_split=8
(Worker_TP2_EP2 pid=1720422)   decompose_k_mm_4_split_14 0.0091 ms 87.7% k_split=4
(Worker_TP2_EP2 pid=1720422)   decompose_k_mm_3_split_9 0.0098 ms 81.4% k_split=3
(Worker_TP2_EP2 pid=1720422)   decompose_k_mm_2_split_13 0.0111 ms 71.8% k_split=2
(Worker_TP2_EP2 pid=1720422)   triton_mm_40 0.0164 ms 48.5% ACC_TYPE='tl.float32', ALLOW_TF32=False, BLOCK_K=128, BLOCK_M=16, BLOCK_N=32, EVEN_K=True, GROUP_M=8, USE_FAST_ACCUM=False, num_stages=5, num_warps=2
(Worker_TP2_EP2 pid=1720422) SingleProcess AUTOTUNE benchmarking takes 1.2761 seconds and 0.0002 seconds precompiling for 28 choices
(Worker_TP0_EP0 pid=1720418) Autotune Choices Stats:
(Worker_TP0_EP0 pid=1720418) {"num_choices": 19, "num_triton_choices": 18, "best_kernel": "triton_mm_58", "best_kernel_desc": "ACC_TYPE='tl.float32', ALLOW_TF32=False, BLOCK_K=128, BLOCK_M=16, BLOCK_N=32, EVEN_K=True, GROUP_M=8, USE_FAST_ACCUM=False, num_stages=5, num_warps=2", "best_time": 0.011392000131309032, "best_triton_pos": 0}
(Worker_TP0_EP0 pid=1720418) AUTOTUNE mm(8x2048, 2048x4096)
(Worker_TP0_EP0 pid=1720418) strides: [2048, 1], [1, 2048]
(Worker_TP0_EP0 pid=1720418) dtypes: torch.bfloat16, torch.bfloat16
(Worker_TP0_EP0 pid=1720418)   triton_mm_58 0.0114 ms 100.0% ACC_TYPE='tl.float32', ALLOW_TF32=False, BLOCK_K=128, BLOCK_M=16, BLOCK_N=32, EVEN_K=True, GROUP_M=8, USE_FAST_ACCUM=False, num_stages=5, num_warps=2
(Worker_TP0_EP0 pid=1720418)   mm 0.0115 ms 99.2% 
(Worker_TP0_EP0 pid=1720418)   triton_mm_62 0.0124 ms 92.2% ACC_TYPE='tl.float32', ALLOW_TF32=False, BLOCK_K=128, BLOCK_M=16, BLOCK_N=64, EVEN_K=True, GROUP_M=8, USE_FAST_ACCUM=False, num_stages=5, num_warps=4
(Worker_TP0_EP0 pid=1720418)   triton_mm_71 0.0141 ms 80.9% ACC_TYPE='tl.float32', ALLOW_TF32=False, BLOCK_K=128, BLOCK_M=16, BLOCK_N=128, EVEN_K=True, GROUP_M=8, USE_FAST_ACCUM=False, num_stages=4, num_warps=8
(Worker_TP0_EP0 pid=1720418)   triton_mm_66 0.0141 ms 80.7% ACC_TYPE='tl.float32', ALLOW_TF32=False, BLOCK_K=128, BLOCK_M=16, BLOCK_N=128, EVEN_K=True, GROUP_M=8, USE_FAST_ACCUM=False, num_stages=4, num_warps=4
(Worker_TP0_EP0 pid=1720418)   triton_mm_70 0.0156 ms 73.0% ACC_TYPE='tl.float32', ALLOW_TF32=False, BLOCK_K=64, BLOCK_M=16, BLOCK_N=128, EVEN_K=True, GROUP_M=8, USE_FAST_ACCUM=False, num_stages=5, num_warps=8
(Worker_TP0_EP0 pid=1720418)   triton_mm_55 0.0188 ms 60.5% ACC_TYPE='tl.float32', ALLOW_TF32=False, BLOCK_K=128, BLOCK_M=16, BLOCK_N=32, EVEN_K=True, GROUP_M=8, USE_FAST_ACCUM=False, num_stages=2, num_warps=2
(Worker_TP0_EP0 pid=1720418)   triton_mm_61 0.0193 ms 58.9% ACC_TYPE='tl.float32', ALLOW_TF32=False, BLOCK_K=64, BLOCK_M=16, BLOCK_N=64, EVEN_K=True, GROUP_M=8, USE_FAST_ACCUM=False, num_stages=3, num_warps=4
(Worker_TP0_EP0 pid=1720418)   triton_mm_57 0.0195 ms 58.4% ACC_TYPE='tl.float32', ALLOW_TF32=False, BLOCK_K=32, BLOCK_M=16, BLOCK_N=32, EVEN_K=True, GROUP_M=8, USE_FAST_ACCUM=False, num_stages=5, num_warps=2
(Worker_TP0_EP0 pid=1720418)   triton_mm_65 0.0203 ms 56.2% ACC_TYPE='tl.float32', ALLOW_TF32=False, BLOCK_K=64, BLOCK_M=16, BLOCK_N=128, EVEN_K=True, GROUP_M=8, USE_FAST_ACCUM=False, num_stages=3, num_warps=4
(Worker_TP0_EP0 pid=1720418) SingleProcess AUTOTUNE benchmarking takes 0.1466 seconds and 0.0002 seconds precompiling for 19 choices
(Worker_TP2_EP2 pid=1720422) Autotune Choices Stats:
(Worker_TP2_EP2 pid=1720422) {"num_choices": 19, "num_triton_choices": 18, "best_kernel": "triton_mm_58", "best_kernel_desc": "ACC_TYPE='tl.float32', ALLOW_TF32=False, BLOCK_K=128, BLOCK_M=16, BLOCK_N=32, EVEN_K=True, GROUP_M=8, USE_FAST_ACCUM=False, num_stages=5, num_warps=2", "best_time": 0.010944000445306301, "best_triton_pos": 0}
(Worker_TP2_EP2 pid=1720422) AUTOTUNE mm(8x2048, 2048x4096)
(Worker_TP2_EP2 pid=1720422) strides: [2048, 1], [1, 2048]
(Worker_TP2_EP2 pid=1720422) dtypes: torch.bfloat16, torch.bfloat16
(Worker_TP2_EP2 pid=1720422)   triton_mm_58 0.0109 ms 100.0% ACC_TYPE='tl.float32', ALLOW_TF32=False, BLOCK_K=128, BLOCK_M=16, BLOCK_N=32, EVEN_K=True, GROUP_M=8, USE_FAST_ACCUM=False, num_stages=5, num_warps=2
(Worker_TP2_EP2 pid=1720422)   mm 0.0113 ms 97.2% 
(Worker_TP2_EP2 pid=1720422)   triton_mm_62 0.0116 ms 94.0% ACC_TYPE='tl.float32', ALLOW_TF32=False, BLOCK_K=128, BLOCK_M=16, BLOCK_N=64, EVEN_K=True, GROUP_M=8, USE_FAST_ACCUM=False, num_stages=5, num_warps=4
(Worker_TP2_EP2 pid=1720422)   triton_mm_71 0.0137 ms 80.1% ACC_TYPE='tl.float32', ALLOW_TF32=False, BLOCK_K=128, BLOCK_M=16, BLOCK_N=128, EVEN_K=True, GROUP_M=8, USE_FAST_ACCUM=False, num_stages=4, num_warps=8
(Worker_TP2_EP2 pid=1720422)   triton_mm_66 0.0139 ms 78.6% ACC_TYPE='tl.float32', ALLOW_TF32=False, BLOCK_K=128, BLOCK_M=16, BLOCK_N=128, EVEN_K=True, GROUP_M=8, USE_FAST_ACCUM=False, num_stages=4, num_warps=4
(Worker_TP2_EP2 pid=1720422)   triton_mm_70 0.0148 ms 74.2% ACC_TYPE='tl.float32', ALLOW_TF32=False, BLOCK_K=64, BLOCK_M=16, BLOCK_N=128, EVEN_K=True, GROUP_M=8, USE_FAST_ACCUM=False, num_stages=5, num_warps=8
(Worker_TP2_EP2 pid=1720422)   triton_mm_57 0.0182 ms 60.1% ACC_TYPE='tl.float32', ALLOW_TF32=False, BLOCK_K=32, BLOCK_M=16, BLOCK_N=32, EVEN_K=True, GROUP_M=8, USE_FAST_ACCUM=False, num_stages=5, num_warps=2
(Worker_TP2_EP2 pid=1720422)   triton_mm_55 0.0183 ms 59.7% ACC_TYPE='tl.float32', ALLOW_TF32=False, BLOCK_K=128, BLOCK_M=16, BLOCK_N=32, EVEN_K=True, GROUP_M=8, USE_FAST_ACCUM=False, num_stages=2, num_warps=2
(Worker_TP2_EP2 pid=1720422)   triton_mm_61 0.0184 ms 59.5% ACC_TYPE='tl.float32', ALLOW_TF32=False, BLOCK_K=64, BLOCK_M=16, BLOCK_N=64, EVEN_K=True, GROUP_M=8, USE_FAST_ACCUM=False, num_stages=3, num_warps=4
(Worker_TP2_EP2 pid=1720422)   triton_mm_56 0.0193 ms 56.7% ACC_TYPE='tl.float32', ALLOW_TF32=False, BLOCK_K=32, BLOCK_M=16, BLOCK_N=64, EVEN_K=True, GROUP_M=8, USE_FAST_ACCUM=False, num_stages=5, num_warps=4
(Worker_TP2_EP2 pid=1720422) SingleProcess AUTOTUNE benchmarking takes 0.1443 seconds and 0.0002 seconds precompiling for 19 choices
(Worker_TP1_EP1 pid=1720420) Autotune Choices Stats:
(Worker_TP1_EP1 pid=1720420) {"num_choices": 28, "num_triton_choices": 18, "best_kernel": "decompose_k_mm_16_split_25", "best_kernel_desc": "k_split=16", "best_time": 0.008383999578654766, "best_triton_pos": 10, "best_triton_time": 0.016607999801635742, "best_triton_kernel": "triton_mm_76", "best_triton_kernel_desc": "ACC_TYPE='tl.float32', ALLOW_TF32=False, BLOCK_K=128, BLOCK_M=16, BLOCK_N=32, EVEN_K=True, GROUP_M=8, USE_FAST_ACCUM=False, num_stages=5, num_warps=2"}
(Worker_TP1_EP1 pid=1720420) AUTOTUNE mm(8x6144, 6144x160)
(Worker_TP1_EP1 pid=1720420) strides: [6144, 1], [1, 6144]
(Worker_TP1_EP1 pid=1720420) dtypes: torch.bfloat16, torch.bfloat16
(Worker_TP1_EP1 pid=1720420)   decompose_k_mm_16_split_25 0.0084 ms 100.0% k_split=16
(Worker_TP1_EP1 pid=1720420)   decompose_k_mm_32_split_26 0.0084 ms 100.0% k_split=32
(Worker_TP1_EP1 pid=1720420)   decompose_k_mm_24_split_21 0.0084 ms 99.6% k_split=24
(Worker_TP1_EP1 pid=1720420)   decompose_k_mm_12_split_20 0.0086 ms 97.4% k_split=12
(Worker_TP1_EP1 pid=1720420)   mm 0.0087 ms 96.3% 
(Worker_TP1_EP1 pid=1720420)   decompose_k_mm_6_split_19 0.0091 ms 92.6% k_split=6
(Worker_TP1_EP1 pid=1720420)   decompose_k_mm_8_split_24 0.0094 ms 89.4% k_split=8
(Worker_TP1_EP1 pid=1720420)   decompose_k_mm_4_split_23 0.0094 ms 89.1% k_split=4
(Worker_TP1_EP1 pid=1720420)   decompose_k_mm_3_split_18 0.0101 ms 82.9% k_split=3
(Worker_TP1_EP1 pid=1720420)   decompose_k_mm_2_split_22 0.0111 ms 75.3% k_split=2
(Worker_TP1_EP1 pid=1720420) SingleProcess AUTOTUNE benchmarking takes 1.9945 seconds and 0.0002 seconds precompiling for 28 choices
(Worker_TP1_EP1 pid=1720420) Autotune Choices Stats:
(Worker_TP1_EP1 pid=1720420) {"num_choices": 19, "num_triton_choices": 18, "best_kernel": "triton_mm_94", "best_kernel_desc": "ACC_TYPE='tl.float32', ALLOW_TF32=False, BLOCK_K=128, BLOCK_M=16, BLOCK_N=32, EVEN_K=True, GROUP_M=8, USE_FAST_ACCUM=False, num_stages=5, num_warps=2", "best_time": 0.011136000044643879, "best_triton_pos": 0}
(Worker_TP1_EP1 pid=1720420) AUTOTUNE mm(8x2048, 2048x4096)
(Worker_TP1_EP1 pid=1720420) strides: [2048, 1], [1, 2048]
(Worker_TP1_EP1 pid=1720420) dtypes: torch.bfloat16, torch.bfloat16
(Worker_TP1_EP1 pid=1720420)   triton_mm_94 0.0111 ms 100.0% ACC_TYPE='tl.float32', ALLOW_TF32=False, BLOCK_K=128, BLOCK_M=16, BLOCK_N=32, EVEN_K=True, GROUP_M=8, USE_FAST_ACCUM=False, num_stages=5, num_warps=2
(Worker_TP1_EP1 pid=1720420)   mm 0.0117 ms 95.1% 
(Worker_TP1_EP1 pid=1720420)   triton_mm_98 0.0117 ms 94.8% ACC_TYPE='tl.float32', ALLOW_TF32=False, BLOCK_K=128, BLOCK_M=16, BLOCK_N=64, EVEN_K=True, GROUP_M=8, USE_FAST_ACCUM=False, num_stages=5, num_warps=4
(Worker_TP1_EP1 pid=1720420)   triton_mm_102 0.0140 ms 79.8% ACC_TYPE='tl.float32', ALLOW_TF32=False, BLOCK_K=128, BLOCK_M=16, BLOCK_N=128, EVEN_K=True, GROUP_M=8, USE_FAST_ACCUM=False, num_stages=4, num_warps=4
(Worker_TP1_EP1 pid=1720420)   triton_mm_107 0.0142 ms 78.2% ACC_TYPE='tl.float32', ALLOW_TF32=False, BLOCK_K=128, BLOCK_M=16, BLOCK_N=128, EVEN_K=True, GROUP_M=8, USE_FAST_ACCUM=False, num_stages=4, num_warps=8
(Worker_TP1_EP1 pid=1720420)   triton_mm_106 0.0149 ms 74.5% ACC_TYPE='tl.float32', ALLOW_TF32=False, BLOCK_K=64, BLOCK_M=16, BLOCK_N=128, EVEN_K=True, GROUP_M=8, USE_FAST_ACCUM=False, num_stages=5, num_warps=8
(Worker_TP1_EP1 pid=1720420)   triton_mm_91 0.0187 ms 59.6% ACC_TYPE='tl.float32', ALLOW_TF32=False, BLOCK_K=128, BLOCK_M=16, BLOCK_N=32, EVEN_K=True, GROUP_M=8, USE_FAST_ACCUM=False, num_stages=2, num_warps=2
(Worker_TP1_EP1 pid=1720420)   triton_mm_93 0.0188 ms 59.3% ACC_TYPE='tl.float32', ALLOW_TF32=False, BLOCK_K=32, BLOCK_M=16, BLOCK_N=32, EVEN_K=True, GROUP_M=8, USE_FAST_ACCUM=False, num_stages=5, num_warps=2
(Worker_TP1_EP1 pid=1720420)   triton_mm_97 0.0190 ms 58.5% ACC_TYPE='tl.float32', ALLOW_TF32=False, BLOCK_K=64, BLOCK_M=16, BLOCK_N=64, EVEN_K=True, GROUP_M=8, USE_FAST_ACCUM=False, num_stages=3, num_warps=4
(Worker_TP1_EP1 pid=1720420)   triton_mm_92 0.0194 ms 57.4% ACC_TYPE='tl.float32', ALLOW_TF32=False, BLOCK_K=32, BLOCK_M=16, BLOCK_N=64, EVEN_K=True, GROUP_M=8, USE_FAST_ACCUM=False, num_stages=5, num_warps=4
(Worker_TP1_EP1 pid=1720420) SingleProcess AUTOTUNE benchmarking takes 0.1472 seconds and 0.0001 seconds precompiling for 19 choices
(Worker_TP0_EP0 pid=1720418) Autotune Choices Stats:
(Worker_TP0_EP0 pid=1720418) {"num_choices": 28, "num_triton_choices": 18, "best_kernel": "decompose_k_mm_24_split_21", "best_kernel_desc": "k_split=24", "best_time": 0.008608000352978706, "best_triton_pos": 8, "best_triton_time": 0.016672000288963318, "best_triton_kernel": "triton_mm_80", "best_triton_kernel_desc": "ACC_TYPE='tl.float32', ALLOW_TF32=False, BLOCK_K=128, BLOCK_M=16, BLOCK_N=64, EVEN_K=True, GROUP_M=8, USE_FAST_ACCUM=False, num_stages=5, num_warps=4"}
(Worker_TP0_EP0 pid=1720418) AUTOTUNE mm(8x6144, 6144x160)
(Worker_TP0_EP0 pid=1720418) strides: [6144, 1], [1, 6144]
(Worker_TP0_EP0 pid=1720418) dtypes: torch.bfloat16, torch.bfloat16
(Worker_TP0_EP0 pid=1720418)   decompose_k_mm_24_split_21 0.0086 ms 100.0% k_split=24
(Worker_TP0_EP0 pid=1720418)   decompose_k_mm_12_split_20 0.0087 ms 99.3% k_split=12
(Worker_TP0_EP0 pid=1720418)   mm 0.0087 ms 98.9% 
(Worker_TP0_EP0 pid=1720418)   decompose_k_mm_16_split_25 0.0088 ms 97.8% k_split=16
(Worker_TP0_EP0 pid=1720418)   decompose_k_mm_6_split_19 0.0089 ms 97.1% k_split=6
(Worker_TP0_EP0 pid=1720418)   decompose_k_mm_4_split_23 0.0095 ms 90.6% k_split=4
(Worker_TP0_EP0 pid=1720418)   decompose_k_mm_3_split_18 0.0101 ms 85.1% k_split=3
(Worker_TP0_EP0 pid=1720418)   decompose_k_mm_2_split_22 0.0110 ms 78.2% k_split=2
(Worker_TP0_EP0 pid=1720418)   triton_mm_80 0.0167 ms 51.6% ACC_TYPE='tl.float32', ALLOW_TF32=False, BLOCK_K=128, BLOCK_M=16, BLOCK_N=64, EVEN_K=True, GROUP_M=8, USE_FAST_ACCUM=False, num_stages=5, num_warps=4
(Worker_TP0_EP0 pid=1720418)   triton_mm_76 0.0225 ms 38.2% ACC_TYPE='tl.float32', ALLOW_TF32=False, BLOCK_K=128, BLOCK_M=16, BLOCK_N=32, EVEN_K=True, GROUP_M=8, USE_FAST_ACCUM=False, num_stages=5, num_warps=2
(Worker_TP0_EP0 pid=1720418) SingleProcess AUTOTUNE benchmarking takes 2.1532 seconds and 0.0002 seconds precompiling for 28 choices
(Worker_TP0_EP0 pid=1720418) Autotune Choices Stats:
(Worker_TP0_EP0 pid=1720418) {"num_choices": 19, "num_triton_choices": 18, "best_kernel": "triton_mm_94", "best_kernel_desc": "ACC_TYPE='tl.float32', ALLOW_TF32=False, BLOCK_K=128, BLOCK_M=16, BLOCK_N=32, EVEN_K=True, GROUP_M=8, USE_FAST_ACCUM=False, num_stages=5, num_warps=2", "best_time": 0.011455999687314034, "best_triton_pos": 0}
(Worker_TP0_EP0 pid=1720418) AUTOTUNE mm(8x2048, 2048x4096)
(Worker_TP0_EP0 pid=1720418) strides: [2048, 1], [1, 2048]
(Worker_TP0_EP0 pid=1720418) dtypes: torch.bfloat16, torch.bfloat16
(Worker_TP0_EP0 pid=1720418)   triton_mm_94 0.0115 ms 100.0% ACC_TYPE='tl.float32', ALLOW_TF32=False, BLOCK_K=128, BLOCK_M=16, BLOCK_N=32, EVEN_K=True, GROUP_M=8, USE_FAST_ACCUM=False, num_stages=5, num_warps=2
(Worker_TP0_EP0 pid=1720418)   triton_mm_98 0.0122 ms 94.2% ACC_TYPE='tl.float32', ALLOW_TF32=False, BLOCK_K=128, BLOCK_M=16, BLOCK_N=64, EVEN_K=True, GROUP_M=8, USE_FAST_ACCUM=False, num_stages=5, num_warps=4
(Worker_TP0_EP0 pid=1720418)   triton_mm_102 0.0142 ms 80.8% ACC_TYPE='tl.float32', ALLOW_TF32=False, BLOCK_K=128, BLOCK_M=16, BLOCK_N=128, EVEN_K=True, GROUP_M=8, USE_FAST_ACCUM=False, num_stages=4, num_warps=4
(Worker_TP0_EP0 pid=1720418)   triton_mm_106 0.0156 ms 73.7% ACC_TYPE='tl.float32', ALLOW_TF32=False, BLOCK_K=64, BLOCK_M=16, BLOCK_N=128, EVEN_K=True, GROUP_M=8, USE_FAST_ACCUM=False, num_stages=5, num_warps=8
(Worker_TP0_EP0 pid=1720418)   triton_mm_107 0.0172 ms 66.4% ACC_TYPE='tl.float32', ALLOW_TF32=False, BLOCK_K=128, BLOCK_M=16, BLOCK_N=128, EVEN_K=True, GROUP_M=8, USE_FAST_ACCUM=False, num_stages=4, num_warps=8
(Worker_TP0_EP0 pid=1720418)   triton_mm_97 0.0193 ms 59.5% ACC_TYPE='tl.float32', ALLOW_TF32=False, BLOCK_K=64, BLOCK_M=16, BLOCK_N=64, EVEN_K=True, GROUP_M=8, USE_FAST_ACCUM=False, num_stages=3, num_warps=4
(Worker_TP0_EP0 pid=1720418)   triton_mm_93 0.0193 ms 59.4% ACC_TYPE='tl.float32', ALLOW_TF32=False, BLOCK_K=32, BLOCK_M=16, BLOCK_N=32, EVEN_K=True, GROUP_M=8, USE_FAST_ACCUM=False, num_stages=5, num_warps=2
(Worker_TP0_EP0 pid=1720418)   triton_mm_101 0.0202 ms 56.6% ACC_TYPE='tl.float32', ALLOW_TF32=False, BLOCK_K=64, BLOCK_M=16, BLOCK_N=128, EVEN_K=True, GROUP_M=8, USE_FAST_ACCUM=False, num_stages=3, num_warps=4
(Worker_TP0_EP0 pid=1720418)   triton_mm_92 0.0203 ms 56.4% ACC_TYPE='tl.float32', ALLOW_TF32=False, BLOCK_K=32, BLOCK_M=16, BLOCK_N=64, EVEN_K=True, GROUP_M=8, USE_FAST_ACCUM=False, num_stages=5, num_warps=4
(Worker_TP0_EP0 pid=1720418)   triton_mm_91 0.0234 ms 48.9% ACC_TYPE='tl.float32', ALLOW_TF32=False, BLOCK_K=128, BLOCK_M=16, BLOCK_N=32, EVEN_K=True, GROUP_M=8, USE_FAST_ACCUM=False, num_stages=2, num_warps=2
(Worker_TP0_EP0 pid=1720418) SingleProcess AUTOTUNE benchmarking takes 0.1593 seconds and 0.0002 seconds precompiling for 19 choices
(Worker_TP1_EP1 pid=1720420) Autotune Choices Stats:
(Worker_TP1_EP1 pid=1720420) {"num_choices": 28, "num_triton_choices": 18, "best_kernel": "decompose_k_mm_24_split_30", "best_kernel_desc": "k_split=24", "best_time": 0.008415999822318554, "best_triton_pos": 10, "best_triton_time": 0.01648000068962574, "best_triton_kernel": "triton_mm_112", "best_triton_kernel_desc": "ACC_TYPE='tl.float32', ALLOW_TF32=False, BLOCK_K=128, BLOCK_M=16, BLOCK_N=32, EVEN_K=True, GROUP_M=8, USE_FAST_ACCUM=False, num_stages=5, num_warps=2"}
(Worker_TP1_EP1 pid=1720420) AUTOTUNE mm(8x6144, 6144x160)
(Worker_TP1_EP1 pid=1720420) strides: [6144, 1], [1, 6144]
(Worker_TP1_EP1 pid=1720420) dtypes: torch.bfloat16, torch.bfloat16
(Worker_TP1_EP1 pid=1720420)   decompose_k_mm_24_split_30 0.0084 ms 100.0% k_split=24
(Worker_TP1_EP1 pid=1720420)   decompose_k_mm_32_split_35 0.0085 ms 99.2% k_split=32
(Worker_TP1_EP1 pid=1720420)   decompose_k_mm_12_split_29 0.0085 ms 98.5% k_split=12
(Worker_TP1_EP1 pid=1720420)   mm 0.0086 ms 97.8% 
(Worker_TP1_EP1 pid=1720420)   decompose_k_mm_16_split_34 0.0087 ms 96.7% k_split=16
(Worker_TP1_EP1 pid=1720420)   decompose_k_mm_8_split_33 0.0089 ms 94.9% k_split=8
(Worker_TP1_EP1 pid=1720420)   decompose_k_mm_6_split_28 0.0093 ms 90.4% k_split=6
(Worker_TP1_EP1 pid=1720420)   decompose_k_mm_4_split_32 0.0095 ms 88.6% k_split=4
(Worker_TP1_EP1 pid=1720420)   decompose_k_mm_3_split_27 0.0098 ms 86.2% k_split=3
(Worker_TP1_EP1 pid=1720420)   decompose_k_mm_2_split_31 0.0110 ms 76.5% k_split=2
(Worker_TP1_EP1 pid=1720420) SingleProcess AUTOTUNE benchmarking takes 1.2582 seconds and 0.0002 seconds precompiling for 28 choices
(Worker_TP1_EP1 pid=1720420) Autotune Choices Stats:
(Worker_TP1_EP1 pid=1720420) {"num_choices": 19, "num_triton_choices": 18, "best_kernel": "triton_mm_130", "best_kernel_desc": "ACC_TYPE='tl.float32', ALLOW_TF32=False, BLOCK_K=128, BLOCK_M=16, BLOCK_N=32, EVEN_K=True, GROUP_M=8, USE_FAST_ACCUM=False, num_stages=5, num_warps=2", "best_time": 0.011231999844312668, "best_triton_pos": 0}
(Worker_TP1_EP1 pid=1720420) AUTOTUNE mm(8x2048, 2048x4096)
(Worker_TP1_EP1 pid=1720420) strides: [2048, 1], [1, 2048]
(Worker_TP1_EP1 pid=1720420) dtypes: torch.bfloat16, torch.bfloat16
(Worker_TP1_EP1 pid=1720420)   triton_mm_130 0.0112 ms 100.0% ACC_TYPE='tl.float32', ALLOW_TF32=False, BLOCK_K=128, BLOCK_M=16, BLOCK_N=32, EVEN_K=True, GROUP_M=8, USE_FAST_ACCUM=False, num_stages=5, num_warps=2
(Worker_TP1_EP1 pid=1720420)   mm 0.0115 ms 98.0% 
(Worker_TP1_EP1 pid=1720420)   triton_mm_134 0.0118 ms 95.4% ACC_TYPE='tl.float32', ALLOW_TF32=False, BLOCK_K=128, BLOCK_M=16, BLOCK_N=64, EVEN_K=True, GROUP_M=8, USE_FAST_ACCUM=False, num_stages=5, num_warps=4
(Worker_TP1_EP1 pid=1720420)   triton_mm_138 0.0137 ms 81.8% ACC_TYPE='tl.float32', ALLOW_TF32=False, BLOCK_K=128, BLOCK_M=16, BLOCK_N=128, EVEN_K=True, GROUP_M=8, USE_FAST_ACCUM=False, num_stages=4, num_warps=4
(Worker_TP1_EP1 pid=1720420)   triton_mm_143 0.0139 ms 81.1% ACC_TYPE='tl.float32', ALLOW_TF32=False, BLOCK_K=128, BLOCK_M=16, BLOCK_N=128, EVEN_K=True, GROUP_M=8, USE_FAST_ACCUM=False, num_stages=4, num_warps=8
(Worker_TP1_EP1 pid=1720420)   triton_mm_142 0.0149 ms 75.5% ACC_TYPE='tl.float32', ALLOW_TF32=False, BLOCK_K=64, BLOCK_M=16, BLOCK_N=128, EVEN_K=True, GROUP_M=8, USE_FAST_ACCUM=False, num_stages=5, num_warps=8
(Worker_TP1_EP1 pid=1720420)   triton_mm_129 0.0186 ms 60.4% ACC_TYPE='tl.float32', ALLOW_TF32=False, BLOCK_K=32, BLOCK_M=16, BLOCK_N=32, EVEN_K=True, GROUP_M=8, USE_FAST_ACCUM=False, num_stages=5, num_warps=2
(Worker_TP1_EP1 pid=1720420)   triton_mm_133 0.0188 ms 59.7% ACC_TYPE='tl.float32', ALLOW_TF32=False, BLOCK_K=64, BLOCK_M=16, BLOCK_N=64, EVEN_K=True, GROUP_M=8, USE_FAST_ACCUM=False, num_stages=3, num_warps=4
(Worker_TP1_EP1 pid=1720420)   triton_mm_127 0.0189 ms 59.4% ACC_TYPE='tl.float32', ALLOW_TF32=False, BLOCK_K=128, BLOCK_M=16, BLOCK_N=32, EVEN_K=True, GROUP_M=8, USE_FAST_ACCUM=False, num_stages=2, num_warps=2
(Worker_TP1_EP1 pid=1720420)   triton_mm_128 0.0194 ms 58.0% ACC_TYPE='tl.float32', ALLOW_TF32=False, BLOCK_K=32, BLOCK_M=16, BLOCK_N=64, EVEN_K=True, GROUP_M=8, USE_FAST_ACCUM=False, num_stages=5, num_warps=4
(Worker_TP1_EP1 pid=1720420) SingleProcess AUTOTUNE benchmarking takes 0.1458 seconds and 0.0002 seconds precompiling for 19 choices
(Worker_TP2_EP2 pid=1720422) Autotune Choices Stats:
(Worker_TP2_EP2 pid=1720422) {"num_choices": 19, "num_triton_choices": 18, "best_kernel": "mm", "best_time": 0.02070399932563305, "best_triton_pos": 1, "best_triton_time": 0.023584000766277313, "best_triton_kernel": "triton_mm_184", "best_triton_kernel_desc": "ACC_TYPE='tl.float32', ALLOW_TF32=False, BLOCK_K=128, BLOCK_M=16, BLOCK_N=32, EVEN_K=True, GROUP_M=8, USE_FAST_ACCUM=False, num_stages=5, num_warps=2"}
(Worker_TP2_EP2 pid=1720422) AUTOTUNE mm(8x6144, 6144x3072)
(Worker_TP2_EP2 pid=1720422) strides: [6144, 1], [1, 6144]
(Worker_TP2_EP2 pid=1720422) dtypes: torch.bfloat16, torch.bfloat16
(Worker_TP2_EP2 pid=1720422)   mm 0.0207 ms 100.0% 
(Worker_TP2_EP2 pid=1720422)   triton_mm_184 0.0236 ms 87.8% ACC_TYPE='tl.float32', ALLOW_TF32=False, BLOCK_K=128, BLOCK_M=16, BLOCK_N=32, EVEN_K=True, GROUP_M=8, USE_FAST_ACCUM=False, num_stages=5, num_warps=2
(Worker_TP2_EP2 pid=1720422)   triton_mm_188 0.0248 ms 83.4% ACC_TYPE='tl.float32', ALLOW_TF32=False, BLOCK_K=128, BLOCK_M=16, BLOCK_N=64, EVEN_K=True, GROUP_M=8, USE_FAST_ACCUM=False, num_stages=5, num_warps=4
(Worker_TP2_EP2 pid=1720422)   triton_mm_192 0.0284 ms 72.9% ACC_TYPE='tl.float32', ALLOW_TF32=False, BLOCK_K=128, BLOCK_M=16, BLOCK_N=128, EVEN_K=True, GROUP_M=8, USE_FAST_ACCUM=False, num_stages=4, num_warps=4
(Worker_TP2_EP2 pid=1720422)   triton_mm_197 0.0307 ms 67.4% ACC_TYPE='tl.float32', ALLOW_TF32=False, BLOCK_K=128, BLOCK_M=16, BLOCK_N=128, EVEN_K=True, GROUP_M=8, USE_FAST_ACCUM=False, num_stages=4, num_warps=8
(Worker_TP2_EP2 pid=1720422)   triton_mm_196 0.0343 ms 60.3% ACC_TYPE='tl.float32', ALLOW_TF32=False, BLOCK_K=64, BLOCK_M=16, BLOCK_N=128, EVEN_K=True, GROUP_M=8, USE_FAST_ACCUM=False, num_stages=5, num_warps=8
(Worker_TP2_EP2 pid=1720422)   triton_mm_183 0.0470 ms 44.1% ACC_TYPE='tl.float32', ALLOW_TF32=False, BLOCK_K=32, BLOCK_M=16, BLOCK_N=32, EVEN_K=True, GROUP_M=8, USE_FAST_ACCUM=False, num_stages=5, num_warps=2
(Worker_TP2_EP2 pid=1720422)   triton_mm_187 0.0484 ms 42.8% ACC_TYPE='tl.float32', ALLOW_TF32=False, BLOCK_K=64, BLOCK_M=16, BLOCK_N=64, EVEN_K=True, GROUP_M=8, USE_FAST_ACCUM=False, num_stages=3, num_warps=4
(Worker_TP2_EP2 pid=1720422)   triton_mm_182 0.0491 ms 42.2% ACC_TYPE='tl.float32', ALLOW_TF32=False, BLOCK_K=32, BLOCK_M=16, BLOCK_N=64, EVEN_K=True, GROUP_M=8, USE_FAST_ACCUM=False, num_stages=5, num_warps=4
(Worker_TP2_EP2 pid=1720422)   triton_mm_181 0.0493 ms 42.0% ACC_TYPE='tl.float32', ALLOW_TF32=False, BLOCK_K=128, BLOCK_M=16, BLOCK_N=32, EVEN_K=True, GROUP_M=8, USE_FAST_ACCUM=False, num_stages=2, num_warps=2
(Worker_TP2_EP2 pid=1720422) SingleProcess AUTOTUNE benchmarking takes 0.2564 seconds and 1.9361 seconds precompiling for 19 choices
(Worker_TP3_EP3 pid=1720424) Autotune Choices Stats:
(Worker_TP3_EP3 pid=1720424) {"num_choices": 19, "num_triton_choices": 18, "best_kernel": "mm", "best_time": 0.020735999569296837, "best_triton_pos": 1, "best_triton_time": 0.023871999233961105, "best_triton_kernel": "triton_mm_184", "best_triton_kernel_desc": "ACC_TYPE='tl.float32', ALLOW_TF32=False, BLOCK_K=128, BLOCK_M=16, BLOCK_N=32, EVEN_K=True, GROUP_M=8, USE_FAST_ACCUM=False, num_stages=5, num_warps=2"}
(Worker_TP3_EP3 pid=1720424) AUTOTUNE mm(8x6144, 6144x3072)
(Worker_TP3_EP3 pid=1720424) strides: [6144, 1], [1, 6144]
(Worker_TP3_EP3 pid=1720424) dtypes: torch.bfloat16, torch.bfloat16
(Worker_TP3_EP3 pid=1720424)   mm 0.0207 ms 100.0% 
(Worker_TP3_EP3 pid=1720424)   triton_mm_184 0.0239 ms 86.9% ACC_TYPE='tl.float32', ALLOW_TF32=False, BLOCK_K=128, BLOCK_M=16, BLOCK_N=32, EVEN_K=True, GROUP_M=8, USE_FAST_ACCUM=False, num_stages=5, num_warps=2
(Worker_TP3_EP3 pid=1720424)   triton_mm_188 0.0250 ms 82.9% ACC_TYPE='tl.float32', ALLOW_TF32=False, BLOCK_K=128, BLOCK_M=16, BLOCK_N=64, EVEN_K=True, GROUP_M=8, USE_FAST_ACCUM=False, num_stages=5, num_warps=4
(Worker_TP3_EP3 pid=1720424)   triton_mm_192 0.0284 ms 73.1% ACC_TYPE='tl.float32', ALLOW_TF32=False, BLOCK_K=128, BLOCK_M=16, BLOCK_N=128, EVEN_K=True, GROUP_M=8, USE_FAST_ACCUM=False, num_stages=4, num_warps=4
(Worker_TP3_EP3 pid=1720424)   triton_mm_197 0.0303 ms 68.4% ACC_TYPE='tl.float32', ALLOW_TF32=False, BLOCK_K=128, BLOCK_M=16, BLOCK_N=128, EVEN_K=True, GROUP_M=8, USE_FAST_ACCUM=False, num_stages=4, num_warps=8
(Worker_TP3_EP3 pid=1720424)   triton_mm_196 0.0344 ms 60.2% ACC_TYPE='tl.float32', ALLOW_TF32=False, BLOCK_K=64, BLOCK_M=16, BLOCK_N=128, EVEN_K=True, GROUP_M=8, USE_FAST_ACCUM=False, num_stages=5, num_warps=8
(Worker_TP3_EP3 pid=1720424)   triton_mm_183 0.0468 ms 44.4% ACC_TYPE='tl.float32', ALLOW_TF32=False, BLOCK_K=32, BLOCK_M=16, BLOCK_N=32, EVEN_K=True, GROUP_M=8, USE_FAST_ACCUM=False, num_stages=5, num_warps=2
(Worker_TP3_EP3 pid=1720424)   triton_mm_187 0.0481 ms 43.1% ACC_TYPE='tl.float32', ALLOW_TF32=False, BLOCK_K=64, BLOCK_M=16, BLOCK_N=64, EVEN_K=True, GROUP_M=8, USE_FAST_ACCUM=False, num_stages=3, num_warps=4
(Worker_TP3_EP3 pid=1720424)   triton_mm_181 0.0492 ms 42.1% ACC_TYPE='tl.float32', ALLOW_TF32=False, BLOCK_K=128, BLOCK_M=16, BLOCK_N=32, EVEN_K=True, GROUP_M=8, USE_FAST_ACCUM=False, num_stages=2, num_warps=2
(Worker_TP3_EP3 pid=1720424)   triton_mm_182 0.0495 ms 41.9% ACC_TYPE='tl.float32', ALLOW_TF32=False, BLOCK_K=32, BLOCK_M=16, BLOCK_N=64, EVEN_K=True, GROUP_M=8, USE_FAST_ACCUM=False, num_stages=5, num_warps=4
(Worker_TP3_EP3 pid=1720424) SingleProcess AUTOTUNE benchmarking takes 0.2412 seconds and 2.0073 seconds precompiling for 19 choices
(Worker_TP0_EP0 pid=1720418) Autotune Choices Stats:
(Worker_TP0_EP0 pid=1720418) {"num_choices": 19, "num_triton_choices": 18, "best_kernel": "mm", "best_time": 0.020959999412298203, "best_triton_pos": 1, "best_triton_time": 0.024191999807953835, "best_triton_kernel": "triton_mm_184", "best_triton_kernel_desc": "ACC_TYPE='tl.float32', ALLOW_TF32=False, BLOCK_K=128, BLOCK_M=16, BLOCK_N=32, EVEN_K=True, GROUP_M=8, USE_FAST_ACCUM=False, num_stages=5, num_warps=2"}
(Worker_TP0_EP0 pid=1720418) AUTOTUNE mm(8x6144, 6144x3072)
(Worker_TP0_EP0 pid=1720418) strides: [6144, 1], [1, 6144]
(Worker_TP0_EP0 pid=1720418) dtypes: torch.bfloat16, torch.bfloat16
(Worker_TP0_EP0 pid=1720418)   mm 0.0210 ms 100.0% 
(Worker_TP0_EP0 pid=1720418)   triton_mm_184 0.0242 ms 86.6% ACC_TYPE='tl.float32', ALLOW_TF32=False, BLOCK_K=128, BLOCK_M=16, BLOCK_N=32, EVEN_K=True, GROUP_M=8, USE_FAST_ACCUM=False, num_stages=5, num_warps=2
(Worker_TP0_EP0 pid=1720418)   triton_mm_188 0.0250 ms 83.9% ACC_TYPE='tl.float32', ALLOW_TF32=False, BLOCK_K=128, BLOCK_M=16, BLOCK_N=64, EVEN_K=True, GROUP_M=8, USE_FAST_ACCUM=False, num_stages=5, num_warps=4
(Worker_TP0_EP0 pid=1720418)   triton_mm_192 0.0286 ms 73.2% ACC_TYPE='tl.float32', ALLOW_TF32=False, BLOCK_K=128, BLOCK_M=16, BLOCK_N=128, EVEN_K=True, GROUP_M=8, USE_FAST_ACCUM=False, num_stages=4, num_warps=4
(Worker_TP0_EP0 pid=1720418)   triton_mm_197 0.0304 ms 68.9% ACC_TYPE='tl.float32', ALLOW_TF32=False, BLOCK_K=128, BLOCK_M=16, BLOCK_N=128, EVEN_K=True, GROUP_M=8, USE_FAST_ACCUM=False, num_stages=4, num_warps=8
(Worker_TP0_EP0 pid=1720418)   triton_mm_196 0.0345 ms 60.8% ACC_TYPE='tl.float32', ALLOW_TF32=False, BLOCK_K=64, BLOCK_M=16, BLOCK_N=128, EVEN_K=True, GROUP_M=8, USE_FAST_ACCUM=False, num_stages=5, num_warps=8
(Worker_TP0_EP0 pid=1720418)   triton_mm_183 0.0466 ms 45.0% ACC_TYPE='tl.float32', ALLOW_TF32=False, BLOCK_K=32, BLOCK_M=16, BLOCK_N=32, EVEN_K=True, GROUP_M=8, USE_FAST_ACCUM=False, num_stages=5, num_warps=2
(Worker_TP0_EP0 pid=1720418)   triton_mm_187 0.0484 ms 43.3% ACC_TYPE='tl.float32', ALLOW_TF32=False, BLOCK_K=64, BLOCK_M=16, BLOCK_N=64, EVEN_K=True, GROUP_M=8, USE_FAST_ACCUM=False, num_stages=3, num_warps=4
(Worker_TP0_EP0 pid=1720418)   triton_mm_181 0.0493 ms 42.5% ACC_TYPE='tl.float32', ALLOW_TF32=False, BLOCK_K=128, BLOCK_M=16, BLOCK_N=32, EVEN_K=True, GROUP_M=8, USE_FAST_ACCUM=False, num_stages=2, num_warps=2
(Worker_TP0_EP0 pid=1720418)   triton_mm_182 0.0497 ms 42.2% ACC_TYPE='tl.float32', ALLOW_TF32=False, BLOCK_K=32, BLOCK_M=16, BLOCK_N=64, EVEN_K=True, GROUP_M=8, USE_FAST_ACCUM=False, num_stages=5, num_warps=4
(Worker_TP0_EP0 pid=1720418) SingleProcess AUTOTUNE benchmarking takes 0.2375 seconds and 1.9859 seconds precompiling for 19 choices
(Worker_TP1_EP1 pid=1720420) Autotune Choices Stats:
(Worker_TP1_EP1 pid=1720420) {"num_choices": 19, "num_triton_choices": 18, "best_kernel": "mm", "best_time": 0.020959999412298203, "best_triton_pos": 1, "best_triton_time": 0.024288000538945198, "best_triton_kernel": "triton_mm_184", "best_triton_kernel_desc": "ACC_TYPE='tl.float32', ALLOW_TF32=False, BLOCK_K=128, BLOCK_M=16, BLOCK_N=32, EVEN_K=True, GROUP_M=8, USE_FAST_ACCUM=False, num_stages=5, num_warps=2"}
(Worker_TP1_EP1 pid=1720420) AUTOTUNE mm(8x6144, 6144x3072)
(Worker_TP1_EP1 pid=1720420) strides: [6144, 1], [1, 6144]
(Worker_TP1_EP1 pid=1720420) dtypes: torch.bfloat16, torch.bfloat16
(Worker_TP1_EP1 pid=1720420)   mm 0.0210 ms 100.0% 
(Worker_TP1_EP1 pid=1720420)   triton_mm_184 0.0243 ms 86.3% ACC_TYPE='tl.float32', ALLOW_TF32=False, BLOCK_K=128, BLOCK_M=16, BLOCK_N=32, EVEN_K=True, GROUP_M=8, USE_FAST_ACCUM=False, num_stages=5, num_warps=2
(Worker_TP1_EP1 pid=1720420)   triton_mm_188 0.0252 ms 83.3% ACC_TYPE='tl.float32', ALLOW_TF32=False, BLOCK_K=128, BLOCK_M=16, BLOCK_N=64, EVEN_K=True, GROUP_M=8, USE_FAST_ACCUM=False, num_stages=5, num_warps=4
(Worker_TP1_EP1 pid=1720420)   triton_mm_192 0.0289 ms 72.6% ACC_TYPE='tl.float32', ALLOW_TF32=False, BLOCK_K=128, BLOCK_M=16, BLOCK_N=128, EVEN_K=True, GROUP_M=8, USE_FAST_ACCUM=False, num_stages=4, num_warps=4
(Worker_TP1_EP1 pid=1720420)   triton_mm_197 0.0308 ms 67.9% ACC_TYPE='tl.float32', ALLOW_TF32=False, BLOCK_K=128, BLOCK_M=16, BLOCK_N=128, EVEN_K=True, GROUP_M=8, USE_FAST_ACCUM=False, num_stages=4, num_warps=8
(Worker_TP1_EP1 pid=1720420)   triton_mm_196 0.0349 ms 60.0% ACC_TYPE='tl.float32', ALLOW_TF32=False, BLOCK_K=64, BLOCK_M=16, BLOCK_N=128, EVEN_K=True, GROUP_M=8, USE_FAST_ACCUM=False, num_stages=5, num_warps=8
(Worker_TP1_EP1 pid=1720420)   triton_mm_183 0.0467 ms 44.9% ACC_TYPE='tl.float32', ALLOW_TF32=False, BLOCK_K=32, BLOCK_M=16, BLOCK_N=32, EVEN_K=True, GROUP_M=8, USE_FAST_ACCUM=False, num_stages=5, num_warps=2
(Worker_TP1_EP1 pid=1720420)   triton_mm_187 0.0485 ms 43.2% ACC_TYPE='tl.float32', ALLOW_TF32=False, BLOCK_K=64, BLOCK_M=16, BLOCK_N=64, EVEN_K=True, GROUP_M=8, USE_FAST_ACCUM=False, num_stages=3, num_warps=4
(Worker_TP1_EP1 pid=1720420)   triton_mm_181 0.0490 ms 42.8% ACC_TYPE='tl.float32', ALLOW_TF32=False, BLOCK_K=128, BLOCK_M=16, BLOCK_N=32, EVEN_K=True, GROUP_M=8, USE_FAST_ACCUM=False, num_stages=2, num_warps=2
(Worker_TP1_EP1 pid=1720420)   triton_mm_182 0.0501 ms 41.8% ACC_TYPE='tl.float32', ALLOW_TF32=False, BLOCK_K=32, BLOCK_M=16, BLOCK_N=64, EVEN_K=True, GROUP_M=8, USE_FAST_ACCUM=False, num_stages=5, num_warps=4
(Worker_TP1_EP1 pid=1720420) SingleProcess AUTOTUNE benchmarking takes 0.2415 seconds and 2.0703 seconds precompiling for 19 choices
(Worker_TP0_EP0 pid=1720418) Autotune Choices Stats:
(Worker_TP0_EP0 pid=1720418) {"num_choices": 19, "num_triton_choices": 18, "best_kernel": "triton_mm_206", "best_kernel_desc": "ACC_TYPE='tl.float32', ALLOW_TF32=False, BLOCK_K=128, BLOCK_M=16, BLOCK_N=64, EVEN_K=True, GROUP_M=8, USE_FAST_ACCUM=False, num_stages=5, num_warps=4", "best_time": 0.009568000212311745, "best_triton_pos": 0}
(Worker_TP0_EP0 pid=1720418) AUTOTUNE mm(8x1024, 1024x6144)
(Worker_TP0_EP0 pid=1720418) strides: [1024, 1], [1, 1024]
(Worker_TP0_EP0 pid=1720418) dtypes: torch.bfloat16, torch.bfloat16
(Worker_TP0_EP0 pid=1720418)   triton_mm_206 0.0096 ms 100.0% ACC_TYPE='tl.float32', ALLOW_TF32=False, BLOCK_K=128, BLOCK_M=16, BLOCK_N=64, EVEN_K=True, GROUP_M=8, USE_FAST_ACCUM=False, num_stages=5, num_warps=4
(Worker_TP0_EP0 pid=1720418)   triton_mm_202 0.0097 ms 98.7% ACC_TYPE='tl.float32', ALLOW_TF32=False, BLOCK_K=128, BLOCK_M=16, BLOCK_N=32, EVEN_K=True, GROUP_M=8, USE_FAST_ACCUM=False, num_stages=5, num_warps=2
(Worker_TP0_EP0 pid=1720418)   mm 0.0099 ms 96.5% 
(Worker_TP0_EP0 pid=1720418)   triton_mm_210 0.0101 ms 94.9% ACC_TYPE='tl.float32', ALLOW_TF32=False, BLOCK_K=128, BLOCK_M=16, BLOCK_N=128, EVEN_K=True, GROUP_M=8, USE_FAST_ACCUM=False, num_stages=4, num_warps=4
(Worker_TP0_EP0 pid=1720418)   triton_mm_215 0.0105 ms 91.2% ACC_TYPE='tl.float32', ALLOW_TF32=False, BLOCK_K=128, BLOCK_M=16, BLOCK_N=128, EVEN_K=True, GROUP_M=8, USE_FAST_ACCUM=False, num_stages=4, num_warps=8
(Worker_TP0_EP0 pid=1720418)   triton_mm_214 0.0109 ms 87.4% ACC_TYPE='tl.float32', ALLOW_TF32=False, BLOCK_K=64, BLOCK_M=16, BLOCK_N=128, EVEN_K=True, GROUP_M=8, USE_FAST_ACCUM=False, num_stages=5, num_warps=8
(Worker_TP0_EP0 pid=1720418)   triton_mm_205 0.0123 ms 78.1% ACC_TYPE='tl.float32', ALLOW_TF32=False, BLOCK_K=64, BLOCK_M=16, BLOCK_N=64, EVEN_K=True, GROUP_M=8, USE_FAST_ACCUM=False, num_stages=3, num_warps=4
(Worker_TP0_EP0 pid=1720418)   triton_mm_201 0.0125 ms 76.7% ACC_TYPE='tl.float32', ALLOW_TF32=False, BLOCK_K=32, BLOCK_M=16, BLOCK_N=32, EVEN_K=True, GROUP_M=8, USE_FAST_ACCUM=False, num_stages=5, num_warps=2
(Worker_TP0_EP0 pid=1720418)   triton_mm_199 0.0126 ms 75.7% ACC_TYPE='tl.float32', ALLOW_TF32=False, BLOCK_K=128, BLOCK_M=16, BLOCK_N=32, EVEN_K=True, GROUP_M=8, USE_FAST_ACCUM=False, num_stages=2, num_warps=2
(Worker_TP0_EP0 pid=1720418)   triton_mm_200 0.0127 ms 75.5% ACC_TYPE='tl.float32', ALLOW_TF32=False, BLOCK_K=32, BLOCK_M=16, BLOCK_N=64, EVEN_K=True, GROUP_M=8, USE_FAST_ACCUM=False, num_stages=5, num_warps=4
(Worker_TP0_EP0 pid=1720418) SingleProcess AUTOTUNE benchmarking takes 0.1457 seconds and 2.3153 seconds precompiling for 19 choices
(Worker_TP0_EP0 pid=1720418) Autotune Choices Stats:
(Worker_TP0_EP0 pid=1720418) {"num_choices": 19, "num_triton_choices": 18, "best_kernel": "mm", "best_time": 0.03359999880194664, "best_triton_pos": 1, "best_triton_time": 0.034304000437259674, "best_triton_kernel": "triton_mm_220", "best_triton_kernel_desc": "ACC_TYPE='tl.float32', ALLOW_TF32=False, BLOCK_K=128, BLOCK_M=16, BLOCK_N=32, EVEN_K=True, GROUP_M=8, USE_FAST_ACCUM=False, num_stages=5, num_warps=2"}
(Worker_TP0_EP0 pid=1720418) AUTOTUNE mm(8x6144, 6144x6144)
(Worker_TP0_EP0 pid=1720418) strides: [6144, 1], [1, 6144]
(Worker_TP0_EP0 pid=1720418) dtypes: torch.bfloat16, torch.bfloat16
(Worker_TP0_EP0 pid=1720418)   mm 0.0336 ms 100.0% 
(Worker_TP0_EP0 pid=1720418)   triton_mm_220 0.0343 ms 97.9% ACC_TYPE='tl.float32', ALLOW_TF32=False, BLOCK_K=128, BLOCK_M=16, BLOCK_N=32, EVEN_K=True, GROUP_M=8, USE_FAST_ACCUM=False, num_stages=5, num_warps=2
(Worker_TP0_EP0 pid=1720418)   triton_mm_224 0.0347 ms 96.9% ACC_TYPE='tl.float32', ALLOW_TF32=False, BLOCK_K=128, BLOCK_M=16, BLOCK_N=64, EVEN_K=True, GROUP_M=8, USE_FAST_ACCUM=False, num_stages=5, num_warps=4
(Worker_TP0_EP0 pid=1720418)   triton_mm_233 0.0394 ms 85.2% ACC_TYPE='tl.float32', ALLOW_TF32=False, BLOCK_K=128, BLOCK_M=16, BLOCK_N=128, EVEN_K=True, GROUP_M=8, USE_FAST_ACCUM=False, num_stages=4, num_warps=8
(Worker_TP0_EP0 pid=1720418)   triton_mm_228 0.0426 ms 78.9% ACC_TYPE='tl.float32', ALLOW_TF32=False, BLOCK_K=128, BLOCK_M=16, BLOCK_N=128, EVEN_K=True, GROUP_M=8, USE_FAST_ACCUM=False, num_stages=4, num_warps=4
(Worker_TP0_EP0 pid=1720418)   triton_mm_232 0.0442 ms 76.0% ACC_TYPE='tl.float32', ALLOW_TF32=False, BLOCK_K=64, BLOCK_M=16, BLOCK_N=128, EVEN_K=True, GROUP_M=8, USE_FAST_ACCUM=False, num_stages=5, num_warps=8
(Worker_TP0_EP0 pid=1720418)   triton_mm_219 0.0533 ms 63.0% ACC_TYPE='tl.float32', ALLOW_TF32=False, BLOCK_K=32, BLOCK_M=16, BLOCK_N=32, EVEN_K=True, GROUP_M=8, USE_FAST_ACCUM=False, num_stages=5, num_warps=2
(Worker_TP0_EP0 pid=1720418)   triton_mm_217 0.0543 ms 61.9% ACC_TYPE='tl.float32', ALLOW_TF32=False, BLOCK_K=128, BLOCK_M=16, BLOCK_N=32, EVEN_K=True, GROUP_M=8, USE_FAST_ACCUM=False, num_stages=2, num_warps=2
(Worker_TP0_EP0 pid=1720418)   triton_mm_223 0.0554 ms 60.6% ACC_TYPE='tl.float32', ALLOW_TF32=False, BLOCK_K=64, BLOCK_M=16, BLOCK_N=64, EVEN_K=True, GROUP_M=8, USE_FAST_ACCUM=False, num_stages=3, num_warps=4
(Worker_TP0_EP0 pid=1720418)   triton_mm_218 0.0565 ms 59.4% ACC_TYPE='tl.float32', ALLOW_TF32=False, BLOCK_K=32, BLOCK_M=16, BLOCK_N=64, EVEN_K=True, GROUP_M=8, USE_FAST_ACCUM=False, num_stages=5, num_warps=4
(Worker_TP0_EP0 pid=1720418) SingleProcess AUTOTUNE benchmarking takes 0.2487 seconds and 0.0002 seconds precompiling for 19 choices
(Worker_TP2_EP2 pid=1720422) Autotune Choices Stats:
(Worker_TP2_EP2 pid=1720422) {"num_choices": 19, "num_triton_choices": 18, "best_kernel": "triton_mm_202", "best_kernel_desc": "ACC_TYPE='tl.float32', ALLOW_TF32=False, BLOCK_K=128, BLOCK_M=16, BLOCK_N=32, EVEN_K=True, GROUP_M=8, USE_FAST_ACCUM=False, num_stages=5, num_warps=2", "best_time": 0.009184000082314014, "best_triton_pos": 0}
(Worker_TP2_EP2 pid=1720422) AUTOTUNE mm(8x1024, 1024x6144)
(Worker_TP2_EP2 pid=1720422) strides: [1024, 1], [1, 1024]
(Worker_TP2_EP2 pid=1720422) dtypes: torch.bfloat16, torch.bfloat16
(Worker_TP2_EP2 pid=1720422)   triton_mm_202 0.0092 ms 100.0% ACC_TYPE='tl.float32', ALLOW_TF32=False, BLOCK_K=128, BLOCK_M=16, BLOCK_N=32, EVEN_K=True, GROUP_M=8, USE_FAST_ACCUM=False, num_stages=5, num_warps=2
(Worker_TP2_EP2 pid=1720422)   triton_mm_206 0.0092 ms 99.7% ACC_TYPE='tl.float32', ALLOW_TF32=False, BLOCK_K=128, BLOCK_M=16, BLOCK_N=64, EVEN_K=True, GROUP_M=8, USE_FAST_ACCUM=False, num_stages=5, num_warps=4
(Worker_TP2_EP2 pid=1720422)   mm 0.0096 ms 95.3% 
(Worker_TP2_EP2 pid=1720422)   triton_mm_210 0.0103 ms 89.1% ACC_TYPE='tl.float32', ALLOW_TF32=False, BLOCK_K=128, BLOCK_M=16, BLOCK_N=128, EVEN_K=True, GROUP_M=8, USE_FAST_ACCUM=False, num_stages=4, num_warps=4
(Worker_TP2_EP2 pid=1720422)   triton_mm_215 0.0104 ms 88.3% ACC_TYPE='tl.float32', ALLOW_TF32=False, BLOCK_K=128, BLOCK_M=16, BLOCK_N=128, EVEN_K=True, GROUP_M=8, USE_FAST_ACCUM=False, num_stages=4, num_warps=8
(Worker_TP2_EP2 pid=1720422)   triton_mm_214 0.0109 ms 84.4% ACC_TYPE='tl.float32', ALLOW_TF32=False, BLOCK_K=64, BLOCK_M=16, BLOCK_N=128, EVEN_K=True, GROUP_M=8, USE_FAST_ACCUM=False, num_stages=5, num_warps=8
(Worker_TP2_EP2 pid=1720422)   triton_mm_205 0.0121 ms 76.1% ACC_TYPE='tl.float32', ALLOW_TF32=False, BLOCK_K=64, BLOCK_M=16, BLOCK_N=64, EVEN_K=True, GROUP_M=8, USE_FAST_ACCUM=False, num_stages=3, num_warps=4
(Worker_TP2_EP2 pid=1720422)   triton_mm_201 0.0122 ms 75.3% ACC_TYPE='tl.float32', ALLOW_TF32=False, BLOCK_K=32, BLOCK_M=16, BLOCK_N=32, EVEN_K=True, GROUP_M=8, USE_FAST_ACCUM=False, num_stages=5, num_warps=2
(Worker_TP2_EP2 pid=1720422)   triton_mm_199 0.0123 ms 74.5% ACC_TYPE='tl.float32', ALLOW_TF32=False, BLOCK_K=128, BLOCK_M=16, BLOCK_N=32, EVEN_K=True, GROUP_M=8, USE_FAST_ACCUM=False, num_stages=2, num_warps=2
(Worker_TP2_EP2 pid=1720422)   triton_mm_200 0.0127 ms 72.3% ACC_TYPE='tl.float32', ALLOW_TF32=False, BLOCK_K=32, BLOCK_M=16, BLOCK_N=64, EVEN_K=True, GROUP_M=8, USE_FAST_ACCUM=False, num_stages=5, num_warps=4
(Worker_TP2_EP2 pid=1720422) SingleProcess AUTOTUNE benchmarking takes 0.1446 seconds and 2.3230 seconds precompiling for 19 choices
(Worker_TP3_EP3 pid=1720424) Autotune Choices Stats:
(Worker_TP3_EP3 pid=1720424) {"num_choices": 19, "num_triton_choices": 18, "best_kernel": "triton_mm_206", "best_kernel_desc": "ACC_TYPE='tl.float32', ALLOW_TF32=False, BLOCK_K=128, BLOCK_M=16, BLOCK_N=64, EVEN_K=True, GROUP_M=8, USE_FAST_ACCUM=False, num_stages=5, num_warps=4", "best_time": 0.009088000282645226, "best_triton_pos": 0}
(Worker_TP3_EP3 pid=1720424) AUTOTUNE mm(8x1024, 1024x6144)
(Worker_TP3_EP3 pid=1720424) strides: [1024, 1], [1, 1024]
(Worker_TP3_EP3 pid=1720424) dtypes: torch.bfloat16, torch.bfloat16
(Worker_TP3_EP3 pid=1720424)   triton_mm_206 0.0091 ms 100.0% ACC_TYPE='tl.float32', ALLOW_TF32=False, BLOCK_K=128, BLOCK_M=16, BLOCK_N=64, EVEN_K=True, GROUP_M=8, USE_FAST_ACCUM=False, num_stages=5, num_warps=4
(Worker_TP3_EP3 pid=1720424)   triton_mm_202 0.0091 ms 99.6% ACC_TYPE='tl.float32', ALLOW_TF32=False, BLOCK_K=128, BLOCK_M=16, BLOCK_N=32, EVEN_K=True, GROUP_M=8, USE_FAST_ACCUM=False, num_stages=5, num_warps=2
(Worker_TP3_EP3 pid=1720424)   mm 0.0097 ms 93.4% 
(Worker_TP3_EP3 pid=1720424)   triton_mm_210 0.0100 ms 90.4% ACC_TYPE='tl.float32', ALLOW_TF32=False, BLOCK_K=128, BLOCK_M=16, BLOCK_N=128, EVEN_K=True, GROUP_M=8, USE_FAST_ACCUM=False, num_stages=4, num_warps=4
(Worker_TP3_EP3 pid=1720424)   triton_mm_215 0.0103 ms 88.5% ACC_TYPE='tl.float32', ALLOW_TF32=False, BLOCK_K=128, BLOCK_M=16, BLOCK_N=128, EVEN_K=True, GROUP_M=8, USE_FAST_ACCUM=False, num_stages=4, num_warps=8
(Worker_TP3_EP3 pid=1720424)   triton_mm_214 0.0106 ms 85.5% ACC_TYPE='tl.float32', ALLOW_TF32=False, BLOCK_K=64, BLOCK_M=16, BLOCK_N=128, EVEN_K=True, GROUP_M=8, USE_FAST_ACCUM=False, num_stages=5, num_warps=8
(Worker_TP3_EP3 pid=1720424)   triton_mm_205 0.0120 ms 75.5% ACC_TYPE='tl.float32', ALLOW_TF32=False, BLOCK_K=64, BLOCK_M=16, BLOCK_N=64, EVEN_K=True, GROUP_M=8, USE_FAST_ACCUM=False, num_stages=3, num_warps=4
(Worker_TP3_EP3 pid=1720424)   triton_mm_201 0.0124 ms 73.4% ACC_TYPE='tl.float32', ALLOW_TF32=False, BLOCK_K=32, BLOCK_M=16, BLOCK_N=32, EVEN_K=True, GROUP_M=8, USE_FAST_ACCUM=False, num_stages=5, num_warps=2
(Worker_TP3_EP3 pid=1720424)   triton_mm_199 0.0124 ms 73.0% ACC_TYPE='tl.float32', ALLOW_TF32=False, BLOCK_K=128, BLOCK_M=16, BLOCK_N=32, EVEN_K=True, GROUP_M=8, USE_FAST_ACCUM=False, num_stages=2, num_warps=2
(Worker_TP3_EP3 pid=1720424)   triton_mm_200 0.0125 ms 72.8% ACC_TYPE='tl.float32', ALLOW_TF32=False, BLOCK_K=32, BLOCK_M=16, BLOCK_N=64, EVEN_K=True, GROUP_M=8, USE_FAST_ACCUM=False, num_stages=5, num_warps=4
(Worker_TP3_EP3 pid=1720424) SingleProcess AUTOTUNE benchmarking takes 0.1282 seconds and 2.4112 seconds precompiling for 19 choices
(Worker_TP0_EP0 pid=1720418) Autotune Choices Stats:
(Worker_TP0_EP0 pid=1720418) {"num_choices": 19, "num_triton_choices": 18, "best_kernel": "triton_mm_238", "best_kernel_desc": "ACC_TYPE='tl.float32', ALLOW_TF32=False, BLOCK_K=128, BLOCK_M=16, BLOCK_N=32, EVEN_K=True, GROUP_M=8, USE_FAST_ACCUM=False, num_stages=5, num_warps=2", "best_time": 0.019551999866962433, "best_triton_pos": 0}
(Worker_TP0_EP0 pid=1720418) AUTOTUNE mm(8x3072, 3072x6144)
(Worker_TP0_EP0 pid=1720418) strides: [3072, 1], [1, 3072]
(Worker_TP0_EP0 pid=1720418) dtypes: torch.bfloat16, torch.bfloat16
(Worker_TP0_EP0 pid=1720418)   triton_mm_238 0.0196 ms 100.0% ACC_TYPE='tl.float32', ALLOW_TF32=False, BLOCK_K=128, BLOCK_M=16, BLOCK_N=32, EVEN_K=True, GROUP_M=8, USE_FAST_ACCUM=False, num_stages=5, num_warps=2
(Worker_TP0_EP0 pid=1720418)   mm 0.0197 ms 99.2% 
(Worker_TP0_EP0 pid=1720418)   triton_mm_242 0.0198 ms 98.9% ACC_TYPE='tl.float32', ALLOW_TF32=False, BLOCK_K=128, BLOCK_M=16, BLOCK_N=64, EVEN_K=True, GROUP_M=8, USE_FAST_ACCUM=False, num_stages=5, num_warps=4
(Worker_TP0_EP0 pid=1720418)   triton_mm_251 0.0228 ms 85.6% ACC_TYPE='tl.float32', ALLOW_TF32=False, BLOCK_K=128, BLOCK_M=16, BLOCK_N=128, EVEN_K=True, GROUP_M=8, USE_FAST_ACCUM=False, num_stages=4, num_warps=8
(Worker_TP0_EP0 pid=1720418)   triton_mm_246 0.0247 ms 79.0% ACC_TYPE='tl.float32', ALLOW_TF32=False, BLOCK_K=128, BLOCK_M=16, BLOCK_N=128, EVEN_K=True, GROUP_M=8, USE_FAST_ACCUM=False, num_stages=4, num_warps=4
(Worker_TP0_EP0 pid=1720418)   triton_mm_250 0.0254 ms 77.0% ACC_TYPE='tl.float32', ALLOW_TF32=False, BLOCK_K=64, BLOCK_M=16, BLOCK_N=128, EVEN_K=True, GROUP_M=8, USE_FAST_ACCUM=False, num_stages=5, num_warps=8
(Worker_TP0_EP0 pid=1720418)   triton_mm_235 0.0301 ms 64.9% ACC_TYPE='tl.float32', ALLOW_TF32=False, BLOCK_K=128, BLOCK_M=16, BLOCK_N=32, EVEN_K=True, GROUP_M=8, USE_FAST_ACCUM=False, num_stages=2, num_warps=2
(Worker_TP0_EP0 pid=1720418)   triton_mm_241 0.0308 ms 63.4% ACC_TYPE='tl.float32', ALLOW_TF32=False, BLOCK_K=64, BLOCK_M=16, BLOCK_N=64, EVEN_K=True, GROUP_M=8, USE_FAST_ACCUM=False, num_stages=3, num_warps=4
(Worker_TP0_EP0 pid=1720418)   triton_mm_237 0.0323 ms 60.6% ACC_TYPE='tl.float32', ALLOW_TF32=False, BLOCK_K=32, BLOCK_M=16, BLOCK_N=32, EVEN_K=True, GROUP_M=8, USE_FAST_ACCUM=False, num_stages=5, num_warps=2
(Worker_TP0_EP0 pid=1720418)   triton_mm_236 0.0336 ms 58.1% ACC_TYPE='tl.float32', ALLOW_TF32=False, BLOCK_K=32, BLOCK_M=16, BLOCK_N=64, EVEN_K=True, GROUP_M=8, USE_FAST_ACCUM=False, num_stages=5, num_warps=4
(Worker_TP0_EP0 pid=1720418) SingleProcess AUTOTUNE benchmarking takes 0.1772 seconds and 0.0002 seconds precompiling for 19 choices
(Worker_TP1_EP1 pid=1720420) Autotune Choices Stats:
(Worker_TP1_EP1 pid=1720420) {"num_choices": 19, "num_triton_choices": 18, "best_kernel": "triton_mm_206", "best_kernel_desc": "ACC_TYPE='tl.float32', ALLOW_TF32=False, BLOCK_K=128, BLOCK_M=16, BLOCK_N=64, EVEN_K=True, GROUP_M=8, USE_FAST_ACCUM=False, num_stages=5, num_warps=4", "best_time": 0.009119999594986439, "best_triton_pos": 0}
(Worker_TP1_EP1 pid=1720420) AUTOTUNE mm(8x1024, 1024x6144)
(Worker_TP1_EP1 pid=1720420) strides: [1024, 1], [1, 1024]
(Worker_TP1_EP1 pid=1720420) dtypes: torch.bfloat16, torch.bfloat16
(Worker_TP1_EP1 pid=1720420)   triton_mm_206 0.0091 ms 100.0% ACC_TYPE='tl.float32', ALLOW_TF32=False, BLOCK_K=128, BLOCK_M=16, BLOCK_N=64, EVEN_K=True, GROUP_M=8, USE_FAST_ACCUM=False, num_stages=5, num_warps=4
(Worker_TP1_EP1 pid=1720420)   triton_mm_202 0.0093 ms 97.9% ACC_TYPE='tl.float32', ALLOW_TF32=False, BLOCK_K=128, BLOCK_M=16, BLOCK_N=32, EVEN_K=True, GROUP_M=8, USE_FAST_ACCUM=False, num_stages=5, num_warps=2
(Worker_TP1_EP1 pid=1720420)   mm 0.0100 ms 91.1% 
(Worker_TP1_EP1 pid=1720420)   triton_mm_210 0.0102 ms 89.1% ACC_TYPE='tl.float32', ALLOW_TF32=False, BLOCK_K=128, BLOCK_M=16, BLOCK_N=128, EVEN_K=True, GROUP_M=8, USE_FAST_ACCUM=False, num_stages=4, num_warps=4
(Worker_TP1_EP1 pid=1720420)   triton_mm_215 0.0105 ms 86.9% ACC_TYPE='tl.float32', ALLOW_TF32=False, BLOCK_K=128, BLOCK_M=16, BLOCK_N=128, EVEN_K=True, GROUP_M=8, USE_FAST_ACCUM=False, num_stages=4, num_warps=8
(Worker_TP1_EP1 pid=1720420)   triton_mm_214 0.0106 ms 85.8% ACC_TYPE='tl.float32', ALLOW_TF32=False, BLOCK_K=64, BLOCK_M=16, BLOCK_N=128, EVEN_K=True, GROUP_M=8, USE_FAST_ACCUM=False, num_stages=5, num_warps=8
(Worker_TP1_EP1 pid=1720420)   triton_mm_205 0.0122 ms 74.8% ACC_TYPE='tl.float32', ALLOW_TF32=False, BLOCK_K=64, BLOCK_M=16, BLOCK_N=64, EVEN_K=True, GROUP_M=8, USE_FAST_ACCUM=False, num_stages=3, num_warps=4
(Worker_TP1_EP1 pid=1720420)   triton_mm_200 0.0125 ms 72.7% ACC_TYPE='tl.float32', ALLOW_TF32=False, BLOCK_K=32, BLOCK_M=16, BLOCK_N=64, EVEN_K=True, GROUP_M=8, USE_FAST_ACCUM=False, num_stages=5, num_warps=4
(Worker_TP1_EP1 pid=1720420)   triton_mm_199 0.0126 ms 72.2% ACC_TYPE='tl.float32', ALLOW_TF32=False, BLOCK_K=128, BLOCK_M=16, BLOCK_N=32, EVEN_K=True, GROUP_M=8, USE_FAST_ACCUM=False, num_stages=2, num_warps=2
(Worker_TP1_EP1 pid=1720420)   triton_mm_201 0.0127 ms 71.8% ACC_TYPE='tl.float32', ALLOW_TF32=False, BLOCK_K=32, BLOCK_M=16, BLOCK_N=32, EVEN_K=True, GROUP_M=8, USE_FAST_ACCUM=False, num_stages=5, num_warps=2
(Worker_TP1_EP1 pid=1720420) SingleProcess AUTOTUNE benchmarking takes 0.1273 seconds and 2.5620 seconds precompiling for 19 choices
(Worker_TP0_EP0 pid=1720418) Autotune Choices Stats:
(Worker_TP0_EP0 pid=1720418) {"num_choices": 19, "num_triton_choices": 18, "best_kernel": "mm", "best_time": 0.020800000056624413, "best_triton_pos": 1, "best_triton_time": 0.024032000452280045, "best_triton_kernel": "triton_mm_256", "best_triton_kernel_desc": "ACC_TYPE='tl.float32', ALLOW_TF32=False, BLOCK_K=128, BLOCK_M=16, BLOCK_N=32, EVEN_K=True, GROUP_M=8, USE_FAST_ACCUM=False, num_stages=5, num_warps=2"}
(Worker_TP2_EP2 pid=1720422) Autotune Choices Stats:
(Worker_TP2_EP2 pid=1720422) {"num_choices": 19, "num_triton_choices": 18, "best_kernel": "mm", "best_time": 0.033440001308918, "best_triton_pos": 1, "best_triton_time": 0.0342399999499321, "best_triton_kernel": "triton_mm_220", "best_triton_kernel_desc": "ACC_TYPE='tl.float32', ALLOW_TF32=False, BLOCK_K=128, BLOCK_M=16, BLOCK_N=32, EVEN_K=True, GROUP_M=8, USE_FAST_ACCUM=False, num_stages=5, num_warps=2"}
(Worker_TP0_EP0 pid=1720418) AUTOTUNE mm(8x6144, 6144x3072)
(Worker_TP0_EP0 pid=1720418) strides: [6144, 1], [1, 6144]
(Worker_TP0_EP0 pid=1720418) dtypes: torch.bfloat16, torch.bfloat16
(Worker_TP0_EP0 pid=1720418)   mm 0.0208 ms 100.0% 
(Worker_TP0_EP0 pid=1720418)   triton_mm_256 0.0240 ms 86.6% ACC_TYPE='tl.float32', ALLOW_TF32=False, BLOCK_K=128, BLOCK_M=16, BLOCK_N=32, EVEN_K=True, GROUP_M=8, USE_FAST_ACCUM=False, num_stages=5, num_warps=2
(Worker_TP0_EP0 pid=1720418)   triton_mm_260 0.0250 ms 83.2% ACC_TYPE='tl.float32', ALLOW_TF32=False, BLOCK_K=128, BLOCK_M=16, BLOCK_N=64, EVEN_K=True, GROUP_M=8, USE_FAST_ACCUM=False, num_stages=5, num_warps=4
(Worker_TP0_EP0 pid=1720418)   triton_mm_264 0.0286 ms 72.7% ACC_TYPE='tl.float32', ALLOW_TF32=False, BLOCK_K=128, BLOCK_M=16, BLOCK_N=128, EVEN_K=True, GROUP_M=8, USE_FAST_ACCUM=False, num_stages=4, num_warps=4
(Worker_TP0_EP0 pid=1720418)   triton_mm_269 0.0306 ms 68.1% ACC_TYPE='tl.float32', ALLOW_TF32=False, BLOCK_K=128, BLOCK_M=16, BLOCK_N=128, EVEN_K=True, GROUP_M=8, USE_FAST_ACCUM=False, num_stages=4, num_warps=8
(Worker_TP0_EP0 pid=1720418)   triton_mm_268 0.0345 ms 60.3% ACC_TYPE='tl.float32', ALLOW_TF32=False, BLOCK_K=64, BLOCK_M=16, BLOCK_N=128, EVEN_K=True, GROUP_M=8, USE_FAST_ACCUM=False, num_stages=5, num_warps=8
(Worker_TP0_EP0 pid=1720418)   triton_mm_255 0.0469 ms 44.3% ACC_TYPE='tl.float32', ALLOW_TF32=False, BLOCK_K=32, BLOCK_M=16, BLOCK_N=32, EVEN_K=True, GROUP_M=8, USE_FAST_ACCUM=False, num_stages=5, num_warps=2
(Worker_TP0_EP0 pid=1720418)   triton_mm_259 0.0484 ms 43.0% ACC_TYPE='tl.float32', ALLOW_TF32=False, BLOCK_K=64, BLOCK_M=16, BLOCK_N=64, EVEN_K=True, GROUP_M=8, USE_FAST_ACCUM=False, num_stages=3, num_warps=4
(Worker_TP0_EP0 pid=1720418)   triton_mm_253 0.0494 ms 42.1% ACC_TYPE='tl.float32', ALLOW_TF32=False, BLOCK_K=128, BLOCK_M=16, BLOCK_N=32, EVEN_K=True, GROUP_M=8, USE_FAST_ACCUM=False, num_stages=2, num_warps=2
(Worker_TP0_EP0 pid=1720418)   triton_mm_254 0.0497 ms 41.9% ACC_TYPE='tl.float32', ALLOW_TF32=False, BLOCK_K=32, BLOCK_M=16, BLOCK_N=64, EVEN_K=True, GROUP_M=8, USE_FAST_ACCUM=False, num_stages=5, num_warps=4
(Worker_TP0_EP0 pid=1720418) SingleProcess AUTOTUNE benchmarking takes 0.2355 seconds and 0.0000 seconds precompiling for 19 choices
(Worker_TP2_EP2 pid=1720422) AUTOTUNE mm(8x6144, 6144x6144)
(Worker_TP2_EP2 pid=1720422) strides: [6144, 1], [1, 6144]
(Worker_TP2_EP2 pid=1720422) dtypes: torch.bfloat16, torch.bfloat16
(Worker_TP2_EP2 pid=1720422)   mm 0.0334 ms 100.0% 
(Worker_TP2_EP2 pid=1720422)   triton_mm_220 0.0342 ms 97.7% ACC_TYPE='tl.float32', ALLOW_TF32=False, BLOCK_K=128, BLOCK_M=16, BLOCK_N=32, EVEN_K=True, GROUP_M=8, USE_FAST_ACCUM=False, num_stages=5, num_warps=2
(Worker_TP2_EP2 pid=1720422)   triton_mm_224 0.0346 ms 96.7% ACC_TYPE='tl.float32', ALLOW_TF32=False, BLOCK_K=128, BLOCK_M=16, BLOCK_N=64, EVEN_K=True, GROUP_M=8, USE_FAST_ACCUM=False, num_stages=5, num_warps=4
(Worker_TP2_EP2 pid=1720422)   triton_mm_233 0.0394 ms 84.8% ACC_TYPE='tl.float32', ALLOW_TF32=False, BLOCK_K=128, BLOCK_M=16, BLOCK_N=128, EVEN_K=True, GROUP_M=8, USE_FAST_ACCUM=False, num_stages=4, num_warps=8
(Worker_TP2_EP2 pid=1720422)   triton_mm_228 0.0426 ms 78.6% ACC_TYPE='tl.float32', ALLOW_TF32=False, BLOCK_K=128, BLOCK_M=16, BLOCK_N=128, EVEN_K=True, GROUP_M=8, USE_FAST_ACCUM=False, num_stages=4, num_warps=4
(Worker_TP2_EP2 pid=1720422)   triton_mm_232 0.0443 ms 75.6% ACC_TYPE='tl.float32', ALLOW_TF32=False, BLOCK_K=64, BLOCK_M=16, BLOCK_N=128, EVEN_K=True, GROUP_M=8, USE_FAST_ACCUM=False, num_stages=5, num_warps=8
(Worker_TP2_EP2 pid=1720422)   triton_mm_219 0.0531 ms 63.0% ACC_TYPE='tl.float32', ALLOW_TF32=False, BLOCK_K=32, BLOCK_M=16, BLOCK_N=32, EVEN_K=True, GROUP_M=8, USE_FAST_ACCUM=False, num_stages=5, num_warps=2
(Worker_TP2_EP2 pid=1720422)   triton_mm_217 0.0544 ms 61.4% ACC_TYPE='tl.float32', ALLOW_TF32=False, BLOCK_K=128, BLOCK_M=16, BLOCK_N=32, EVEN_K=True, GROUP_M=8, USE_FAST_ACCUM=False, num_stages=2, num_warps=2
(Worker_TP2_EP2 pid=1720422)   triton_mm_223 0.0552 ms 60.6% ACC_TYPE='tl.float32', ALLOW_TF32=False, BLOCK_K=64, BLOCK_M=16, BLOCK_N=64, EVEN_K=True, GROUP_M=8, USE_FAST_ACCUM=False, num_stages=3, num_warps=4
(Worker_TP2_EP2 pid=1720422)   triton_mm_218 0.0560 ms 59.7% ACC_TYPE='tl.float32', ALLOW_TF32=False, BLOCK_K=32, BLOCK_M=16, BLOCK_N=64, EVEN_K=True, GROUP_M=8, USE_FAST_ACCUM=False, num_stages=5, num_warps=4
(Worker_TP2_EP2 pid=1720422) SingleProcess AUTOTUNE benchmarking takes 0.2463 seconds and 0.0002 seconds precompiling for 19 choices
(Worker_TP3_EP3 pid=1720424) Autotune Choices Stats:
(Worker_TP3_EP3 pid=1720424) {"num_choices": 19, "num_triton_choices": 18, "best_kernel": "triton_mm_220", "best_kernel_desc": "ACC_TYPE='tl.float32', ALLOW_TF32=False, BLOCK_K=128, BLOCK_M=16, BLOCK_N=32, EVEN_K=True, GROUP_M=8, USE_FAST_ACCUM=False, num_stages=5, num_warps=2", "best_time": 0.03363199904561043, "best_triton_pos": 0}
(Worker_TP3_EP3 pid=1720424) AUTOTUNE mm(8x6144, 6144x6144)
(Worker_TP3_EP3 pid=1720424) strides: [6144, 1], [1, 6144]
(Worker_TP3_EP3 pid=1720424) dtypes: torch.bfloat16, torch.bfloat16
(Worker_TP3_EP3 pid=1720424)   triton_mm_220 0.0336 ms 100.0% ACC_TYPE='tl.float32', ALLOW_TF32=False, BLOCK_K=128, BLOCK_M=16, BLOCK_N=32, EVEN_K=True, GROUP_M=8, USE_FAST_ACCUM=False, num_stages=5, num_warps=2
(Worker_TP3_EP3 pid=1720424)   mm 0.0339 ms 99.3% 
(Worker_TP3_EP3 pid=1720424)   triton_mm_224 0.0341 ms 98.7% ACC_TYPE='tl.float32', ALLOW_TF32=False, BLOCK_K=128, BLOCK_M=16, BLOCK_N=64, EVEN_K=True, GROUP_M=8, USE_FAST_ACCUM=False, num_stages=5, num_warps=4
(Worker_TP3_EP3 pid=1720424)   triton_mm_233 0.0396 ms 85.0% ACC_TYPE='tl.float32', ALLOW_TF32=False, BLOCK_K=128, BLOCK_M=16, BLOCK_N=128, EVEN_K=True, GROUP_M=8, USE_FAST_ACCUM=False, num_stages=4, num_warps=8
(Worker_TP3_EP3 pid=1720424)   triton_mm_228 0.0422 ms 79.7% ACC_TYPE='tl.float32', ALLOW_TF32=False, BLOCK_K=128, BLOCK_M=16, BLOCK_N=128, EVEN_K=True, GROUP_M=8, USE_FAST_ACCUM=False, num_stages=4, num_warps=4
(Worker_TP3_EP3 pid=1720424)   triton_mm_232 0.0437 ms 76.9% ACC_TYPE='tl.float32', ALLOW_TF32=False, BLOCK_K=64, BLOCK_M=16, BLOCK_N=128, EVEN_K=True, GROUP_M=8, USE_FAST_ACCUM=False, num_stages=5, num_warps=8
(Worker_TP3_EP3 pid=1720424)   triton_mm_219 0.0532 ms 63.2% ACC_TYPE='tl.float32', ALLOW_TF32=False, BLOCK_K=32, BLOCK_M=16, BLOCK_N=32, EVEN_K=True, GROUP_M=8, USE_FAST_ACCUM=False, num_stages=5, num_warps=2
(Worker_TP3_EP3 pid=1720424)   triton_mm_217 0.0545 ms 61.8% ACC_TYPE='tl.float32', ALLOW_TF32=False, BLOCK_K=128, BLOCK_M=16, BLOCK_N=32, EVEN_K=True, GROUP_M=8, USE_FAST_ACCUM=False, num_stages=2, num_warps=2
(Worker_TP3_EP3 pid=1720424)   triton_mm_223 0.0555 ms 60.6% ACC_TYPE='tl.float32', ALLOW_TF32=False, BLOCK_K=64, BLOCK_M=16, BLOCK_N=64, EVEN_K=True, GROUP_M=8, USE_FAST_ACCUM=False, num_stages=3, num_warps=4
(Worker_TP3_EP3 pid=1720424)   triton_mm_218 0.0556 ms 60.4% ACC_TYPE='tl.float32', ALLOW_TF32=False, BLOCK_K=32, BLOCK_M=16, BLOCK_N=64, EVEN_K=True, GROUP_M=8, USE_FAST_ACCUM=False, num_stages=5, num_warps=4
(Worker_TP3_EP3 pid=1720424) SingleProcess AUTOTUNE benchmarking takes 0.2472 seconds and 0.0002 seconds precompiling for 19 choices
(Worker_TP1_EP1 pid=1720420) Autotune Choices Stats:
(Worker_TP1_EP1 pid=1720420) {"num_choices": 19, "num_triton_choices": 18, "best_kernel": "triton_mm_220", "best_kernel_desc": "ACC_TYPE='tl.float32', ALLOW_TF32=False, BLOCK_K=128, BLOCK_M=16, BLOCK_N=32, EVEN_K=True, GROUP_M=8, USE_FAST_ACCUM=False, num_stages=5, num_warps=2", "best_time": 0.034015998244285583, "best_triton_pos": 0}
(Worker_TP1_EP1 pid=1720420) AUTOTUNE mm(8x6144, 6144x6144)
(Worker_TP1_EP1 pid=1720420) strides: [6144, 1], [1, 6144]
(Worker_TP1_EP1 pid=1720420) dtypes: torch.bfloat16, torch.bfloat16
(Worker_TP1_EP1 pid=1720420)   triton_mm_220 0.0340 ms 100.0% ACC_TYPE='tl.float32', ALLOW_TF32=False, BLOCK_K=128, BLOCK_M=16, BLOCK_N=32, EVEN_K=True, GROUP_M=8, USE_FAST_ACCUM=False, num_stages=5, num_warps=2
(Worker_TP1_EP1 pid=1720420)   mm 0.0340 ms 99.9% 
(Worker_TP1_EP1 pid=1720420)   triton_mm_224 0.0343 ms 99.1% ACC_TYPE='tl.float32', ALLOW_TF32=False, BLOCK_K=128, BLOCK_M=16, BLOCK_N=64, EVEN_K=True, GROUP_M=8, USE_FAST_ACCUM=False, num_stages=5, num_warps=4
(Worker_TP1_EP1 pid=1720420)   triton_mm_233 0.0394 ms 86.4% ACC_TYPE='tl.float32', ALLOW_TF32=False, BLOCK_K=128, BLOCK_M=16, BLOCK_N=128, EVEN_K=True, GROUP_M=8, USE_FAST_ACCUM=False, num_stages=4, num_warps=8
(Worker_TP1_EP1 pid=1720420)   triton_mm_228 0.0424 ms 80.3% ACC_TYPE='tl.float32', ALLOW_TF32=False, BLOCK_K=128, BLOCK_M=16, BLOCK_N=128, EVEN_K=True, GROUP_M=8, USE_FAST_ACCUM=False, num_stages=4, num_warps=4
(Worker_TP1_EP1 pid=1720420)   triton_mm_232 0.0440 ms 77.4% ACC_TYPE='tl.float32', ALLOW_TF32=False, BLOCK_K=64, BLOCK_M=16, BLOCK_N=128, EVEN_K=True, GROUP_M=8, USE_FAST_ACCUM=False, num_stages=5, num_warps=8
(Worker_TP1_EP1 pid=1720420)   triton_mm_219 0.0538 ms 63.2% ACC_TYPE='tl.float32', ALLOW_TF32=False, BLOCK_K=32, BLOCK_M=16, BLOCK_N=32, EVEN_K=True, GROUP_M=8, USE_FAST_ACCUM=False, num_stages=5, num_warps=2
(Worker_TP1_EP1 pid=1720420)   triton_mm_217 0.0550 ms 61.9% ACC_TYPE='tl.float32', ALLOW_TF32=False, BLOCK_K=128, BLOCK_M=16, BLOCK_N=32, EVEN_K=True, GROUP_M=8, USE_FAST_ACCUM=False, num_stages=2, num_warps=2
(Worker_TP1_EP1 pid=1720420)   triton_mm_218 0.0557 ms 61.1% ACC_TYPE='tl.float32', ALLOW_TF32=False, BLOCK_K=32, BLOCK_M=16, BLOCK_N=64, EVEN_K=True, GROUP_M=8, USE_FAST_ACCUM=False, num_stages=5, num_warps=4
(Worker_TP1_EP1 pid=1720420)   triton_mm_223 0.0559 ms 60.8% ACC_TYPE='tl.float32', ALLOW_TF32=False, BLOCK_K=64, BLOCK_M=16, BLOCK_N=64, EVEN_K=True, GROUP_M=8, USE_FAST_ACCUM=False, num_stages=3, num_warps=4
(Worker_TP1_EP1 pid=1720420) SingleProcess AUTOTUNE benchmarking takes 0.2486 seconds and 0.0002 seconds precompiling for 19 choices
(Worker_TP2_EP2 pid=1720422) Autotune Choices Stats:
(Worker_TP2_EP2 pid=1720422) {"num_choices": 19, "num_triton_choices": 18, "best_kernel": "triton_mm_238", "best_kernel_desc": "ACC_TYPE='tl.float32', ALLOW_TF32=False, BLOCK_K=128, BLOCK_M=16, BLOCK_N=32, EVEN_K=True, GROUP_M=8, USE_FAST_ACCUM=False, num_stages=5, num_warps=2", "best_time": 0.01926399953663349, "best_triton_pos": 0}
(Worker_TP2_EP2 pid=1720422) AUTOTUNE mm(8x3072, 3072x6144)
(Worker_TP2_EP2 pid=1720422) strides: [3072, 1], [1, 3072]
(Worker_TP2_EP2 pid=1720422) dtypes: torch.bfloat16, torch.bfloat16
(Worker_TP2_EP2 pid=1720422)   triton_mm_238 0.0193 ms 100.0% ACC_TYPE='tl.float32', ALLOW_TF32=False, BLOCK_K=128, BLOCK_M=16, BLOCK_N=32, EVEN_K=True, GROUP_M=8, USE_FAST_ACCUM=False, num_stages=5, num_warps=2
(Worker_TP2_EP2 pid=1720422)   triton_mm_242 0.0196 ms 98.5% ACC_TYPE='tl.float32', ALLOW_TF32=False, BLOCK_K=128, BLOCK_M=16, BLOCK_N=64, EVEN_K=True, GROUP_M=8, USE_FAST_ACCUM=False, num_stages=5, num_warps=4
(Worker_TP2_EP2 pid=1720422)   mm 0.0196 ms 98.4% 
(Worker_TP2_EP2 pid=1720422)   triton_mm_251 0.0226 ms 85.4% ACC_TYPE='tl.float32', ALLOW_TF32=False, BLOCK_K=128, BLOCK_M=16, BLOCK_N=128, EVEN_K=True, GROUP_M=8, USE_FAST_ACCUM=False, num_stages=4, num_warps=8
(Worker_TP2_EP2 pid=1720422)   triton_mm_246 0.0245 ms 78.5% ACC_TYPE='tl.float32', ALLOW_TF32=False, BLOCK_K=128, BLOCK_M=16, BLOCK_N=128, EVEN_K=True, GROUP_M=8, USE_FAST_ACCUM=False, num_stages=4, num_warps=4
(Worker_TP2_EP2 pid=1720422)   triton_mm_250 0.0253 ms 76.0% ACC_TYPE='tl.float32', ALLOW_TF32=False, BLOCK_K=64, BLOCK_M=16, BLOCK_N=128, EVEN_K=True, GROUP_M=8, USE_FAST_ACCUM=False, num_stages=5, num_warps=8
(Worker_TP2_EP2 pid=1720422)   triton_mm_235 0.0300 ms 64.2% ACC_TYPE='tl.float32', ALLOW_TF32=False, BLOCK_K=128, BLOCK_M=16, BLOCK_N=32, EVEN_K=True, GROUP_M=8, USE_FAST_ACCUM=False, num_stages=2, num_warps=2
(Worker_TP2_EP2 pid=1720422)   triton_mm_241 0.0309 ms 62.4% ACC_TYPE='tl.float32', ALLOW_TF32=False, BLOCK_K=64, BLOCK_M=16, BLOCK_N=64, EVEN_K=True, GROUP_M=8, USE_FAST_ACCUM=False, num_stages=3, num_warps=4
(Worker_TP2_EP2 pid=1720422)   triton_mm_237 0.0319 ms 60.3% ACC_TYPE='tl.float32', ALLOW_TF32=False, BLOCK_K=32, BLOCK_M=16, BLOCK_N=32, EVEN_K=True, GROUP_M=8, USE_FAST_ACCUM=False, num_stages=5, num_warps=2
(Worker_TP2_EP2 pid=1720422)   triton_mm_245 0.0335 ms 57.6% ACC_TYPE='tl.float32', ALLOW_TF32=False, BLOCK_K=64, BLOCK_M=16, BLOCK_N=128, EVEN_K=True, GROUP_M=8, USE_FAST_ACCUM=False, num_stages=3, num_warps=4
(Worker_TP2_EP2 pid=1720422) SingleProcess AUTOTUNE benchmarking takes 0.1751 seconds and 0.0002 seconds precompiling for 19 choices
(Worker_TP3_EP3 pid=1720424) Autotune Choices Stats:
(Worker_TP3_EP3 pid=1720424) {"num_choices": 19, "num_triton_choices": 18, "best_kernel": "triton_mm_238", "best_kernel_desc": "ACC_TYPE='tl.float32', ALLOW_TF32=False, BLOCK_K=128, BLOCK_M=16, BLOCK_N=32, EVEN_K=True, GROUP_M=8, USE_FAST_ACCUM=False, num_stages=5, num_warps=2", "best_time": 0.019360000267624855, "best_triton_pos": 0}
(Worker_TP3_EP3 pid=1720424) AUTOTUNE mm(8x3072, 3072x6144)
(Worker_TP3_EP3 pid=1720424) strides: [3072, 1], [1, 3072]
(Worker_TP3_EP3 pid=1720424) dtypes: torch.bfloat16, torch.bfloat16
(Worker_TP3_EP3 pid=1720424)   triton_mm_238 0.0194 ms 100.0% ACC_TYPE='tl.float32', ALLOW_TF32=False, BLOCK_K=128, BLOCK_M=16, BLOCK_N=32, EVEN_K=True, GROUP_M=8, USE_FAST_ACCUM=False, num_stages=5, num_warps=2
(Worker_TP3_EP3 pid=1720424)   mm 0.0194 ms 99.8% 
(Worker_TP3_EP3 pid=1720424)   triton_mm_242 0.0195 ms 99.3% ACC_TYPE='tl.float32', ALLOW_TF32=False, BLOCK_K=128, BLOCK_M=16, BLOCK_N=64, EVEN_K=True, GROUP_M=8, USE_FAST_ACCUM=False, num_stages=5, num_warps=4
(Worker_TP3_EP3 pid=1720424)   triton_mm_251 0.0228 ms 84.9% ACC_TYPE='tl.float32', ALLOW_TF32=False, BLOCK_K=128, BLOCK_M=16, BLOCK_N=128, EVEN_K=True, GROUP_M=8, USE_FAST_ACCUM=False, num_stages=4, num_warps=8
(Worker_TP3_EP3 pid=1720424)   triton_mm_246 0.0243 ms 79.8% ACC_TYPE='tl.float32', ALLOW_TF32=False, BLOCK_K=128, BLOCK_M=16, BLOCK_N=128, EVEN_K=True, GROUP_M=8, USE_FAST_ACCUM=False, num_stages=4, num_warps=4
(Worker_TP3_EP3 pid=1720424)   triton_mm_250 0.0250 ms 77.4% ACC_TYPE='tl.float32', ALLOW_TF32=False, BLOCK_K=64, BLOCK_M=16, BLOCK_N=128, EVEN_K=True, GROUP_M=8, USE_FAST_ACCUM=False, num_stages=5, num_warps=8
(Worker_TP3_EP3 pid=1720424)   triton_mm_235 0.0301 ms 64.4% ACC_TYPE='tl.float32', ALLOW_TF32=False, BLOCK_K=128, BLOCK_M=16, BLOCK_N=32, EVEN_K=True, GROUP_M=8, USE_FAST_ACCUM=False, num_stages=2, num_warps=2
(Worker_TP3_EP3 pid=1720424)   triton_mm_241 0.0308 ms 62.8% ACC_TYPE='tl.float32', ALLOW_TF32=False, BLOCK_K=64, BLOCK_M=16, BLOCK_N=64, EVEN_K=True, GROUP_M=8, USE_FAST_ACCUM=False, num_stages=3, num_warps=4
(Worker_TP3_EP3 pid=1720424)   triton_mm_237 0.0323 ms 60.0% ACC_TYPE='tl.float32', ALLOW_TF32=False, BLOCK_K=32, BLOCK_M=16, BLOCK_N=32, EVEN_K=True, GROUP_M=8, USE_FAST_ACCUM=False, num_stages=5, num_warps=2
(Worker_TP3_EP3 pid=1720424)   triton_mm_236 0.0331 ms 58.6% ACC_TYPE='tl.float32', ALLOW_TF32=False, BLOCK_K=32, BLOCK_M=16, BLOCK_N=64, EVEN_K=True, GROUP_M=8, USE_FAST_ACCUM=False, num_stages=5, num_warps=4
(Worker_TP3_EP3 pid=1720424) SingleProcess AUTOTUNE benchmarking takes 0.2491 seconds and 0.0002 seconds precompiling for 19 choices
(Worker_TP1_EP1 pid=1720420) Autotune Choices Stats:
(Worker_TP1_EP1 pid=1720420) {"num_choices": 19, "num_triton_choices": 18, "best_kernel": "triton_mm_238", "best_kernel_desc": "ACC_TYPE='tl.float32', ALLOW_TF32=False, BLOCK_K=128, BLOCK_M=16, BLOCK_N=32, EVEN_K=True, GROUP_M=8, USE_FAST_ACCUM=False, num_stages=5, num_warps=2", "best_time": 0.019487999379634857, "best_triton_pos": 0}
(Worker_TP1_EP1 pid=1720420) AUTOTUNE mm(8x3072, 3072x6144)
(Worker_TP1_EP1 pid=1720420) strides: [3072, 1], [1, 3072]
(Worker_TP1_EP1 pid=1720420) dtypes: torch.bfloat16, torch.bfloat16
(Worker_TP1_EP1 pid=1720420)   triton_mm_238 0.0195 ms 100.0% ACC_TYPE='tl.float32', ALLOW_TF32=False, BLOCK_K=128, BLOCK_M=16, BLOCK_N=32, EVEN_K=True, GROUP_M=8, USE_FAST_ACCUM=False, num_stages=5, num_warps=2
(Worker_TP1_EP1 pid=1720420)   triton_mm_242 0.0197 ms 99.0% ACC_TYPE='tl.float32', ALLOW_TF32=False, BLOCK_K=128, BLOCK_M=16, BLOCK_N=64, EVEN_K=True, GROUP_M=8, USE_FAST_ACCUM=False, num_stages=5, num_warps=4
(Worker_TP1_EP1 pid=1720420)   mm 0.0199 ms 98.1% 
(Worker_TP1_EP1 pid=1720420)   triton_mm_251 0.0232 ms 84.1% ACC_TYPE='tl.float32', ALLOW_TF32=False, BLOCK_K=128, BLOCK_M=16, BLOCK_N=128, EVEN_K=True, GROUP_M=8, USE_FAST_ACCUM=False, num_stages=4, num_warps=8
(Worker_TP1_EP1 pid=1720420)   triton_mm_246 0.0245 ms 79.6% ACC_TYPE='tl.float32', ALLOW_TF32=False, BLOCK_K=128, BLOCK_M=16, BLOCK_N=128, EVEN_K=True, GROUP_M=8, USE_FAST_ACCUM=False, num_stages=4, num_warps=4
(Worker_TP1_EP1 pid=1720420)   triton_mm_250 0.0253 ms 76.9% ACC_TYPE='tl.float32', ALLOW_TF32=False, BLOCK_K=64, BLOCK_M=16, BLOCK_N=128, EVEN_K=True, GROUP_M=8, USE_FAST_ACCUM=False, num_stages=5, num_warps=8
(Worker_TP1_EP1 pid=1720420)   triton_mm_235 0.0308 ms 63.4% ACC_TYPE='tl.float32', ALLOW_TF32=False, BLOCK_K=128, BLOCK_M=16, BLOCK_N=32, EVEN_K=True, GROUP_M=8, USE_FAST_ACCUM=False, num_stages=2, num_warps=2
(Worker_TP1_EP1 pid=1720420)   triton_mm_241 0.0312 ms 62.5% ACC_TYPE='tl.float32', ALLOW_TF32=False, BLOCK_K=64, BLOCK_M=16, BLOCK_N=64, EVEN_K=True, GROUP_M=8, USE_FAST_ACCUM=False, num_stages=3, num_warps=4
(Worker_TP1_EP1 pid=1720420)   triton_mm_237 0.0325 ms 59.9% ACC_TYPE='tl.float32', ALLOW_TF32=False, BLOCK_K=32, BLOCK_M=16, BLOCK_N=32, EVEN_K=True, GROUP_M=8, USE_FAST_ACCUM=False, num_stages=5, num_warps=2
(Worker_TP1_EP1 pid=1720420)   triton_mm_236 0.0335 ms 58.2% ACC_TYPE='tl.float32', ALLOW_TF32=False, BLOCK_K=32, BLOCK_M=16, BLOCK_N=64, EVEN_K=True, GROUP_M=8, USE_FAST_ACCUM=False, num_stages=5, num_warps=4
(Worker_TP1_EP1 pid=1720420) SingleProcess AUTOTUNE benchmarking takes 0.1769 seconds and 0.0002 seconds precompiling for 19 choices
(Worker_TP2_EP2 pid=1720422) Autotune Choices Stats:
(Worker_TP2_EP2 pid=1720422) {"num_choices": 19, "num_triton_choices": 18, "best_kernel": "mm", "best_time": 0.02070399932563305, "best_triton_pos": 1, "best_triton_time": 0.023840000852942467, "best_triton_kernel": "triton_mm_256", "best_triton_kernel_desc": "ACC_TYPE='tl.float32', ALLOW_TF32=False, BLOCK_K=128, BLOCK_M=16, BLOCK_N=32, EVEN_K=True, GROUP_M=8, USE_FAST_ACCUM=False, num_stages=5, num_warps=2"}
(Worker_TP2_EP2 pid=1720422) AUTOTUNE mm(8x6144, 6144x3072)
(Worker_TP2_EP2 pid=1720422) strides: [6144, 1], [1, 6144]
(Worker_TP2_EP2 pid=1720422) dtypes: torch.bfloat16, torch.bfloat16
(Worker_TP2_EP2 pid=1720422)   mm 0.0207 ms 100.0% 
(Worker_TP2_EP2 pid=1720422)   triton_mm_256 0.0238 ms 86.8% ACC_TYPE='tl.float32', ALLOW_TF32=False, BLOCK_K=128, BLOCK_M=16, BLOCK_N=32, EVEN_K=True, GROUP_M=8, USE_FAST_ACCUM=False, num_stages=5, num_warps=2
(Worker_TP2_EP2 pid=1720422)   triton_mm_260 0.0249 ms 83.1% ACC_TYPE='tl.float32', ALLOW_TF32=False, BLOCK_K=128, BLOCK_M=16, BLOCK_N=64, EVEN_K=True, GROUP_M=8, USE_FAST_ACCUM=False, num_stages=5, num_warps=4
(Worker_TP2_EP2 pid=1720422)   triton_mm_264 0.0290 ms 71.5% ACC_TYPE='tl.float32', ALLOW_TF32=False, BLOCK_K=128, BLOCK_M=16, BLOCK_N=128, EVEN_K=True, GROUP_M=8, USE_FAST_ACCUM=False, num_stages=4, num_warps=4
(Worker_TP2_EP2 pid=1720422)   triton_mm_269 0.0305 ms 67.9% ACC_TYPE='tl.float32', ALLOW_TF32=False, BLOCK_K=128, BLOCK_M=16, BLOCK_N=128, EVEN_K=True, GROUP_M=8, USE_FAST_ACCUM=False, num_stages=4, num_warps=8
(Worker_TP2_EP2 pid=1720422)   triton_mm_268 0.0345 ms 60.0% ACC_TYPE='tl.float32', ALLOW_TF32=False, BLOCK_K=64, BLOCK_M=16, BLOCK_N=128, EVEN_K=True, GROUP_M=8, USE_FAST_ACCUM=False, num_stages=5, num_warps=8
(Worker_TP2_EP2 pid=1720422)   triton_mm_255 0.0468 ms 44.2% ACC_TYPE='tl.float32', ALLOW_TF32=False, BLOCK_K=32, BLOCK_M=16, BLOCK_N=32, EVEN_K=True, GROUP_M=8, USE_FAST_ACCUM=False, num_stages=5, num_warps=2
(Worker_TP2_EP2 pid=1720422)   triton_mm_259 0.0483 ms 42.9% ACC_TYPE='tl.float32', ALLOW_TF32=False, BLOCK_K=64, BLOCK_M=16, BLOCK_N=64, EVEN_K=True, GROUP_M=8, USE_FAST_ACCUM=False, num_stages=3, num_warps=4
(Worker_TP2_EP2 pid=1720422)   triton_mm_253 0.0495 ms 41.8% ACC_TYPE='tl.float32', ALLOW_TF32=False, BLOCK_K=128, BLOCK_M=16, BLOCK_N=32, EVEN_K=True, GROUP_M=8, USE_FAST_ACCUM=False, num_stages=2, num_warps=2
(Worker_TP2_EP2 pid=1720422)   triton_mm_254 0.0497 ms 41.7% ACC_TYPE='tl.float32', ALLOW_TF32=False, BLOCK_K=32, BLOCK_M=16, BLOCK_N=64, EVEN_K=True, GROUP_M=8, USE_FAST_ACCUM=False, num_stages=5, num_warps=4
(Worker_TP2_EP2 pid=1720422) SingleProcess AUTOTUNE benchmarking takes 0.2344 seconds and 0.0000 seconds precompiling for 19 choices
(Worker_TP3_EP3 pid=1720424) Autotune Choices Stats:
(Worker_TP3_EP3 pid=1720424) {"num_choices": 19, "num_triton_choices": 18, "best_kernel": "mm", "best_time": 0.020608000457286835, "best_triton_pos": 1, "best_triton_time": 0.023871999233961105, "best_triton_kernel": "triton_mm_256", "best_triton_kernel_desc": "ACC_TYPE='tl.float32', ALLOW_TF32=False, BLOCK_K=128, BLOCK_M=16, BLOCK_N=32, EVEN_K=True, GROUP_M=8, USE_FAST_ACCUM=False, num_stages=5, num_warps=2"}
(Worker_TP3_EP3 pid=1720424) AUTOTUNE mm(8x6144, 6144x3072)
(Worker_TP3_EP3 pid=1720424) strides: [6144, 1], [1, 6144]
(Worker_TP3_EP3 pid=1720424) dtypes: torch.bfloat16, torch.bfloat16
(Worker_TP3_EP3 pid=1720424)   mm 0.0206 ms 100.0% 
(Worker_TP3_EP3 pid=1720424)   triton_mm_256 0.0239 ms 86.3% ACC_TYPE='tl.float32', ALLOW_TF32=False, BLOCK_K=128, BLOCK_M=16, BLOCK_N=32, EVEN_K=True, GROUP_M=8, USE_FAST_ACCUM=False, num_stages=5, num_warps=2
(Worker_TP3_EP3 pid=1720424)   triton_mm_260 0.0248 ms 83.1% ACC_TYPE='tl.float32', ALLOW_TF32=False, BLOCK_K=128, BLOCK_M=16, BLOCK_N=64, EVEN_K=True, GROUP_M=8, USE_FAST_ACCUM=False, num_stages=5, num_warps=4
(Worker_TP3_EP3 pid=1720424)   triton_mm_264 0.0286 ms 72.1% ACC_TYPE='tl.float32', ALLOW_TF32=False, BLOCK_K=128, BLOCK_M=16, BLOCK_N=128, EVEN_K=True, GROUP_M=8, USE_FAST_ACCUM=False, num_stages=4, num_warps=4
(Worker_TP3_EP3 pid=1720424)   triton_mm_269 0.0305 ms 67.5% ACC_TYPE='tl.float32', ALLOW_TF32=False, BLOCK_K=128, BLOCK_M=16, BLOCK_N=128, EVEN_K=True, GROUP_M=8, USE_FAST_ACCUM=False, num_stages=4, num_warps=8
(Worker_TP3_EP3 pid=1720424)   triton_mm_268 0.0341 ms 60.5% ACC_TYPE='tl.float32', ALLOW_TF32=False, BLOCK_K=64, BLOCK_M=16, BLOCK_N=128, EVEN_K=True, GROUP_M=8, USE_FAST_ACCUM=False, num_stages=5, num_warps=8
(Worker_TP3_EP3 pid=1720424)   triton_mm_255 0.0469 ms 44.0% ACC_TYPE='tl.float32', ALLOW_TF32=False, BLOCK_K=32, BLOCK_M=16, BLOCK_N=32, EVEN_K=True, GROUP_M=8, USE_FAST_ACCUM=False, num_stages=5, num_warps=2
(Worker_TP3_EP3 pid=1720424)   triton_mm_259 0.0484 ms 42.6% ACC_TYPE='tl.float32', ALLOW_TF32=False, BLOCK_K=64, BLOCK_M=16, BLOCK_N=64, EVEN_K=True, GROUP_M=8, USE_FAST_ACCUM=False, num_stages=3, num_warps=4
(Worker_TP3_EP3 pid=1720424)   triton_mm_253 0.0493 ms 41.8% ACC_TYPE='tl.float32', ALLOW_TF32=False, BLOCK_K=128, BLOCK_M=16, BLOCK_N=32, EVEN_K=True, GROUP_M=8, USE_FAST_ACCUM=False, num_stages=2, num_warps=2
(Worker_TP3_EP3 pid=1720424)   triton_mm_254 0.0495 ms 41.6% ACC_TYPE='tl.float32', ALLOW_TF32=False, BLOCK_K=32, BLOCK_M=16, BLOCK_N=64, EVEN_K=True, GROUP_M=8, USE_FAST_ACCUM=False, num_stages=5, num_warps=4
(Worker_TP3_EP3 pid=1720424) SingleProcess AUTOTUNE benchmarking takes 0.2364 seconds and 0.0000 seconds precompiling for 19 choices
(Worker_TP2_EP2 pid=1720422) Autotune Choices Stats:
(Worker_TP2_EP2 pid=1720422) {"num_choices": 19, "num_triton_choices": 18, "best_kernel": "triton_mm_278", "best_kernel_desc": "ACC_TYPE='tl.float32', ALLOW_TF32=False, BLOCK_K=128, BLOCK_M=16, BLOCK_N=64, EVEN_K=True, GROUP_M=8, USE_FAST_ACCUM=False, num_stages=5, num_warps=4", "best_time": 0.00902399979531765, "best_triton_pos": 0}
(Worker_TP2_EP2 pid=1720422) AUTOTUNE mm(8x1024, 1024x6144)
(Worker_TP2_EP2 pid=1720422) strides: [1024, 1], [1, 1024]
(Worker_TP2_EP2 pid=1720422) dtypes: torch.bfloat16, torch.bfloat16
(Worker_TP2_EP2 pid=1720422)   triton_mm_278 0.0090 ms 100.0% ACC_TYPE='tl.float32', ALLOW_TF32=False, BLOCK_K=128, BLOCK_M=16, BLOCK_N=64, EVEN_K=True, GROUP_M=8, USE_FAST_ACCUM=False, num_stages=5, num_warps=4
(Worker_TP2_EP2 pid=1720422)   triton_mm_274 0.0091 ms 99.6% ACC_TYPE='tl.float32', ALLOW_TF32=False, BLOCK_K=128, BLOCK_M=16, BLOCK_N=32, EVEN_K=True, GROUP_M=8, USE_FAST_ACCUM=False, num_stages=5, num_warps=2
(Worker_TP2_EP2 pid=1720422)   mm 0.0099 ms 91.0% 
(Worker_TP2_EP2 pid=1720422)   triton_mm_282 0.0100 ms 90.4% ACC_TYPE='tl.float32', ALLOW_TF32=False, BLOCK_K=128, BLOCK_M=16, BLOCK_N=128, EVEN_K=True, GROUP_M=8, USE_FAST_ACCUM=False, num_stages=4, num_warps=4
(Worker_TP2_EP2 pid=1720422)   triton_mm_287 0.0105 ms 86.2% ACC_TYPE='tl.float32', ALLOW_TF32=False, BLOCK_K=128, BLOCK_M=16, BLOCK_N=128, EVEN_K=True, GROUP_M=8, USE_FAST_ACCUM=False, num_stages=4, num_warps=8
(Worker_TP2_EP2 pid=1720422)   triton_mm_286 0.0106 ms 84.9% ACC_TYPE='tl.float32', ALLOW_TF32=False, BLOCK_K=64, BLOCK_M=16, BLOCK_N=128, EVEN_K=True, GROUP_M=8, USE_FAST_ACCUM=False, num_stages=5, num_warps=8
(Worker_TP2_EP2 pid=1720422)   triton_mm_273 0.0122 ms 74.0% ACC_TYPE='tl.float32', ALLOW_TF32=False, BLOCK_K=32, BLOCK_M=16, BLOCK_N=32, EVEN_K=True, GROUP_M=8, USE_FAST_ACCUM=False, num_stages=5, num_warps=2
(Worker_TP2_EP2 pid=1720422)   triton_mm_277 0.0122 ms 73.8% ACC_TYPE='tl.float32', ALLOW_TF32=False, BLOCK_K=64, BLOCK_M=16, BLOCK_N=64, EVEN_K=True, GROUP_M=8, USE_FAST_ACCUM=False, num_stages=3, num_warps=4
(Worker_TP2_EP2 pid=1720422)   triton_mm_271 0.0125 ms 72.3% ACC_TYPE='tl.float32', ALLOW_TF32=False, BLOCK_K=128, BLOCK_M=16, BLOCK_N=32, EVEN_K=True, GROUP_M=8, USE_FAST_ACCUM=False, num_stages=2, num_warps=2
(Worker_TP2_EP2 pid=1720422)   triton_mm_272 0.0125 ms 72.1% ACC_TYPE='tl.float32', ALLOW_TF32=False, BLOCK_K=32, BLOCK_M=16, BLOCK_N=64, EVEN_K=True, GROUP_M=8, USE_FAST_ACCUM=False, num_stages=5, num_warps=4
(Worker_TP2_EP2 pid=1720422) SingleProcess AUTOTUNE benchmarking takes 0.1264 seconds and 0.0000 seconds precompiling for 19 choices
(Worker_TP2_EP2 pid=1720422) Autotune Choices Stats:
(Worker_TP2_EP2 pid=1720422) {"num_choices": 19, "num_triton_choices": 18, "best_kernel": "mm", "best_time": 0.033695999532938004, "best_triton_pos": 1, "best_triton_time": 0.033984001725912094, "best_triton_kernel": "triton_mm_296", "best_triton_kernel_desc": "ACC_TYPE='tl.float32', ALLOW_TF32=False, BLOCK_K=128, BLOCK_M=16, BLOCK_N=64, EVEN_K=True, GROUP_M=8, USE_FAST_ACCUM=False, num_stages=5, num_warps=4"}
(Worker_TP2_EP2 pid=1720422) AUTOTUNE mm(8x6144, 6144x6144)
(Worker_TP2_EP2 pid=1720422) strides: [6144, 1], [1, 6144]
(Worker_TP2_EP2 pid=1720422) dtypes: torch.bfloat16, torch.bfloat16
(Worker_TP2_EP2 pid=1720422)   mm 0.0337 ms 100.0% 
(Worker_TP2_EP2 pid=1720422)   triton_mm_296 0.0340 ms 99.2% ACC_TYPE='tl.float32', ALLOW_TF32=False, BLOCK_K=128, BLOCK_M=16, BLOCK_N=64, EVEN_K=True, GROUP_M=8, USE_FAST_ACCUM=False, num_stages=5, num_warps=4
(Worker_TP2_EP2 pid=1720422)   triton_mm_292 0.0340 ms 99.1% ACC_TYPE='tl.float32', ALLOW_TF32=False, BLOCK_K=128, BLOCK_M=16, BLOCK_N=32, EVEN_K=True, GROUP_M=8, USE_FAST_ACCUM=False, num_stages=5, num_warps=2
(Worker_TP2_EP2 pid=1720422)   triton_mm_305 0.0396 ms 85.1% ACC_TYPE='tl.float32', ALLOW_TF32=False, BLOCK_K=128, BLOCK_M=16, BLOCK_N=128, EVEN_K=True, GROUP_M=8, USE_FAST_ACCUM=False, num_stages=4, num_warps=8
(Worker_TP2_EP2 pid=1720422)   triton_mm_300 0.0422 ms 79.9% ACC_TYPE='tl.float32', ALLOW_TF32=False, BLOCK_K=128, BLOCK_M=16, BLOCK_N=128, EVEN_K=True, GROUP_M=8, USE_FAST_ACCUM=False, num_stages=4, num_warps=4
(Worker_TP2_EP2 pid=1720422)   triton_mm_304 0.0440 ms 76.6% ACC_TYPE='tl.float32', ALLOW_TF32=False, BLOCK_K=64, BLOCK_M=16, BLOCK_N=128, EVEN_K=True, GROUP_M=8, USE_FAST_ACCUM=False, num_stages=5, num_warps=8
(Worker_TP2_EP2 pid=1720422)   triton_mm_291 0.0538 ms 62.6% ACC_TYPE='tl.float32', ALLOW_TF32=False, BLOCK_K=32, BLOCK_M=16, BLOCK_N=32, EVEN_K=True, GROUP_M=8, USE_FAST_ACCUM=False, num_stages=5, num_warps=2
(Worker_TP2_EP2 pid=1720422)   triton_mm_289 0.0545 ms 61.8% ACC_TYPE='tl.float32', ALLOW_TF32=False, BLOCK_K=128, BLOCK_M=16, BLOCK_N=32, EVEN_K=True, GROUP_M=8, USE_FAST_ACCUM=False, num_stages=2, num_warps=2
(Worker_TP2_EP2 pid=1720422)   triton_mm_295 0.0556 ms 60.7% ACC_TYPE='tl.float32', ALLOW_TF32=False, BLOCK_K=64, BLOCK_M=16, BLOCK_N=64, EVEN_K=True, GROUP_M=8, USE_FAST_ACCUM=False, num_stages=3, num_warps=4
(Worker_TP2_EP2 pid=1720422)   triton_mm_290 0.0557 ms 60.5% ACC_TYPE='tl.float32', ALLOW_TF32=False, BLOCK_K=32, BLOCK_M=16, BLOCK_N=64, EVEN_K=True, GROUP_M=8, USE_FAST_ACCUM=False, num_stages=5, num_warps=4
(Worker_TP2_EP2 pid=1720422) SingleProcess AUTOTUNE benchmarking takes 0.2455 seconds and 0.0000 seconds precompiling for 19 choices
(Worker_TP0_EP0 pid=1720418) Autotune Choices Stats:
(Worker_TP0_EP0 pid=1720418) {"num_choices": 19, "num_triton_choices": 18, "best_kernel": "triton_mm_310", "best_kernel_desc": "ACC_TYPE='tl.float32', ALLOW_TF32=False, BLOCK_K=128, BLOCK_M=16, BLOCK_N=32, EVEN_K=True, GROUP_M=8, USE_FAST_ACCUM=False, num_stages=5, num_warps=2", "best_time": 0.019360000267624855, "best_triton_pos": 0}
(Worker_TP0_EP0 pid=1720418) AUTOTUNE mm(8x3072, 3072x6144)
(Worker_TP0_EP0 pid=1720418) strides: [3072, 1], [1, 3072]
(Worker_TP0_EP0 pid=1720418) dtypes: torch.bfloat16, torch.bfloat16
(Worker_TP0_EP0 pid=1720418)   triton_mm_310 0.0194 ms 100.0% ACC_TYPE='tl.float32', ALLOW_TF32=False, BLOCK_K=128, BLOCK_M=16, BLOCK_N=32, EVEN_K=True, GROUP_M=8, USE_FAST_ACCUM=False, num_stages=5, num_warps=2
(Worker_TP0_EP0 pid=1720418)   triton_mm_314 0.0196 ms 98.9% ACC_TYPE='tl.float32', ALLOW_TF32=False, BLOCK_K=128, BLOCK_M=16, BLOCK_N=64, EVEN_K=True, GROUP_M=8, USE_FAST_ACCUM=False, num_stages=5, num_warps=4
(Worker_TP0_EP0 pid=1720418)   mm 0.0199 ms 97.3% 
(Worker_TP0_EP0 pid=1720418)   triton_mm_323 0.0227 ms 85.2% ACC_TYPE='tl.float32', ALLOW_TF32=False, BLOCK_K=128, BLOCK_M=16, BLOCK_N=128, EVEN_K=True, GROUP_M=8, USE_FAST_ACCUM=False, num_stages=4, num_warps=8
(Worker_TP0_EP0 pid=1720418)   triton_mm_318 0.0242 ms 80.0% ACC_TYPE='tl.float32', ALLOW_TF32=False, BLOCK_K=128, BLOCK_M=16, BLOCK_N=128, EVEN_K=True, GROUP_M=8, USE_FAST_ACCUM=False, num_stages=4, num_warps=4
(Worker_TP0_EP0 pid=1720418)   triton_mm_322 0.0250 ms 77.5% ACC_TYPE='tl.float32', ALLOW_TF32=False, BLOCK_K=64, BLOCK_M=16, BLOCK_N=128, EVEN_K=True, GROUP_M=8, USE_FAST_ACCUM=False, num_stages=5, num_warps=8
(Worker_TP0_EP0 pid=1720418)   triton_mm_307 0.0301 ms 64.4% ACC_TYPE='tl.float32', ALLOW_TF32=False, BLOCK_K=128, BLOCK_M=16, BLOCK_N=32, EVEN_K=True, GROUP_M=8, USE_FAST_ACCUM=False, num_stages=2, num_warps=2
(Worker_TP0_EP0 pid=1720418)   triton_mm_313 0.0315 ms 61.5% ACC_TYPE='tl.float32', ALLOW_TF32=False, BLOCK_K=64, BLOCK_M=16, BLOCK_N=64, EVEN_K=True, GROUP_M=8, USE_FAST_ACCUM=False, num_stages=3, num_warps=4
(Worker_TP0_EP0 pid=1720418)   triton_mm_309 0.0327 ms 59.1% ACC_TYPE='tl.float32', ALLOW_TF32=False, BLOCK_K=32, BLOCK_M=16, BLOCK_N=32, EVEN_K=True, GROUP_M=8, USE_FAST_ACCUM=False, num_stages=5, num_warps=2
(Worker_TP0_EP0 pid=1720418)   triton_mm_308 0.0332 ms 58.3% ACC_TYPE='tl.float32', ALLOW_TF32=False, BLOCK_K=32, BLOCK_M=16, BLOCK_N=64, EVEN_K=True, GROUP_M=8, USE_FAST_ACCUM=False, num_stages=5, num_warps=4
(Worker_TP0_EP0 pid=1720418) SingleProcess AUTOTUNE benchmarking takes 0.1797 seconds and 0.0000 seconds precompiling for 19 choices
(Worker_TP2_EP2 pid=1720422) Autotune Choices Stats:
(Worker_TP2_EP2 pid=1720422) {"num_choices": 19, "num_triton_choices": 18, "best_kernel": "triton_mm_310", "best_kernel_desc": "ACC_TYPE='tl.float32', ALLOW_TF32=False, BLOCK_K=128, BLOCK_M=16, BLOCK_N=32, EVEN_K=True, GROUP_M=8, USE_FAST_ACCUM=False, num_stages=5, num_warps=2", "best_time": 0.019328000023961067, "best_triton_pos": 0}
(Worker_TP2_EP2 pid=1720422) AUTOTUNE mm(8x3072, 3072x6144)
(Worker_TP2_EP2 pid=1720422) strides: [3072, 1], [1, 3072]
(Worker_TP2_EP2 pid=1720422) dtypes: torch.bfloat16, torch.bfloat16
(Worker_TP2_EP2 pid=1720422)   triton_mm_310 0.0193 ms 100.0% ACC_TYPE='tl.float32', ALLOW_TF32=False, BLOCK_K=128, BLOCK_M=16, BLOCK_N=32, EVEN_K=True, GROUP_M=8, USE_FAST_ACCUM=False, num_stages=5, num_warps=2
(Worker_TP2_EP2 pid=1720422)   triton_mm_314 0.0194 ms 99.7% ACC_TYPE='tl.float32', ALLOW_TF32=False, BLOCK_K=128, BLOCK_M=16, BLOCK_N=64, EVEN_K=True, GROUP_M=8, USE_FAST_ACCUM=False, num_stages=5, num_warps=4
(Worker_TP2_EP2 pid=1720422)   mm 0.0198 ms 97.4% 
(Worker_TP2_EP2 pid=1720422)   triton_mm_323 0.0230 ms 84.1% ACC_TYPE='tl.float32', ALLOW_TF32=False, BLOCK_K=128, BLOCK_M=16, BLOCK_N=128, EVEN_K=True, GROUP_M=8, USE_FAST_ACCUM=False, num_stages=4, num_warps=8
(Worker_TP2_EP2 pid=1720422)   triton_mm_318 0.0242 ms 79.9% ACC_TYPE='tl.float32', ALLOW_TF32=False, BLOCK_K=128, BLOCK_M=16, BLOCK_N=128, EVEN_K=True, GROUP_M=8, USE_FAST_ACCUM=False, num_stages=4, num_warps=4
(Worker_TP2_EP2 pid=1720422)   triton_mm_322 0.0250 ms 77.4% ACC_TYPE='tl.float32', ALLOW_TF32=False, BLOCK_K=64, BLOCK_M=16, BLOCK_N=128, EVEN_K=True, GROUP_M=8, USE_FAST_ACCUM=False, num_stages=5, num_warps=8
(Worker_TP2_EP2 pid=1720422)   triton_mm_307 0.0305 ms 63.4% ACC_TYPE='tl.float32', ALLOW_TF32=False, BLOCK_K=128, BLOCK_M=16, BLOCK_N=32, EVEN_K=True, GROUP_M=8, USE_FAST_ACCUM=False, num_stages=2, num_warps=2
(Worker_TP2_EP2 pid=1720422)   triton_mm_313 0.0311 ms 62.1% ACC_TYPE='tl.float32', ALLOW_TF32=False, BLOCK_K=64, BLOCK_M=16, BLOCK_N=64, EVEN_K=True, GROUP_M=8, USE_FAST_ACCUM=False, num_stages=3, num_warps=4
(Worker_TP2_EP2 pid=1720422)   triton_mm_309 0.0323 ms 59.8% ACC_TYPE='tl.float32', ALLOW_TF32=False, BLOCK_K=32, BLOCK_M=16, BLOCK_N=32, EVEN_K=True, GROUP_M=8, USE_FAST_ACCUM=False, num_stages=5, num_warps=2
(Worker_TP2_EP2 pid=1720422)   triton_mm_308 0.0332 ms 58.2% ACC_TYPE='tl.float32', ALLOW_TF32=False, BLOCK_K=32, BLOCK_M=16, BLOCK_N=64, EVEN_K=True, GROUP_M=8, USE_FAST_ACCUM=False, num_stages=5, num_warps=4
(Worker_TP2_EP2 pid=1720422) SingleProcess AUTOTUNE benchmarking takes 0.1750 seconds and 0.0000 seconds precompiling for 19 choices
(Worker_TP1_EP1 pid=1720420) Autotune Choices Stats:
(Worker_TP1_EP1 pid=1720420) {"num_choices": 19, "num_triton_choices": 18, "best_kernel": "triton_mm_278", "best_kernel_desc": "ACC_TYPE='tl.float32', ALLOW_TF32=False, BLOCK_K=128, BLOCK_M=16, BLOCK_N=64, EVEN_K=True, GROUP_M=8, USE_FAST_ACCUM=False, num_stages=5, num_warps=4", "best_time": 0.009184000082314014, "best_triton_pos": 0}
(Worker_TP1_EP1 pid=1720420) AUTOTUNE mm(8x1024, 1024x6144)
(Worker_TP1_EP1 pid=1720420) strides: [1024, 1], [1, 1024]
(Worker_TP1_EP1 pid=1720420) dtypes: torch.bfloat16, torch.bfloat16
(Worker_TP1_EP1 pid=1720420)   triton_mm_278 0.0092 ms 100.0% ACC_TYPE='tl.float32', ALLOW_TF32=False, BLOCK_K=128, BLOCK_M=16, BLOCK_N=64, EVEN_K=True, GROUP_M=8, USE_FAST_ACCUM=False, num_stages=5, num_warps=4
(Worker_TP1_EP1 pid=1720420)   triton_mm_274 0.0093 ms 98.6% ACC_TYPE='tl.float32', ALLOW_TF32=False, BLOCK_K=128, BLOCK_M=16, BLOCK_N=32, EVEN_K=True, GROUP_M=8, USE_FAST_ACCUM=False, num_stages=5, num_warps=2
(Worker_TP1_EP1 pid=1720420)   mm 0.0098 ms 93.8% 
(Worker_TP1_EP1 pid=1720420)   triton_mm_282 0.0103 ms 88.9% ACC_TYPE='tl.float32', ALLOW_TF32=False, BLOCK_K=128, BLOCK_M=16, BLOCK_N=128, EVEN_K=True, GROUP_M=8, USE_FAST_ACCUM=False, num_stages=4, num_warps=4
(Worker_TP1_EP1 pid=1720420)   triton_mm_287 0.0104 ms 88.6% ACC_TYPE='tl.float32', ALLOW_TF32=False, BLOCK_K=128, BLOCK_M=16, BLOCK_N=128, EVEN_K=True, GROUP_M=8, USE_FAST_ACCUM=False, num_stages=4, num_warps=8
(Worker_TP1_EP1 pid=1720420)   triton_mm_286 0.0109 ms 84.4% ACC_TYPE='tl.float32', ALLOW_TF32=False, BLOCK_K=64, BLOCK_M=16, BLOCK_N=128, EVEN_K=True, GROUP_M=8, USE_FAST_ACCUM=False, num_stages=5, num_warps=8
(Worker_TP1_EP1 pid=1720420)   triton_mm_273 0.0121 ms 75.7% ACC_TYPE='tl.float32', ALLOW_TF32=False, BLOCK_K=32, BLOCK_M=16, BLOCK_N=32, EVEN_K=True, GROUP_M=8, USE_FAST_ACCUM=False, num_stages=5, num_warps=2
(Worker_TP1_EP1 pid=1720420)   triton_mm_277 0.0122 ms 75.3% ACC_TYPE='tl.float32', ALLOW_TF32=False, BLOCK_K=64, BLOCK_M=16, BLOCK_N=64, EVEN_K=True, GROUP_M=8, USE_FAST_ACCUM=False, num_stages=3, num_warps=4
(Worker_TP1_EP1 pid=1720420)   triton_mm_272 0.0125 ms 73.6% ACC_TYPE='tl.float32', ALLOW_TF32=False, BLOCK_K=32, BLOCK_M=16, BLOCK_N=64, EVEN_K=True, GROUP_M=8, USE_FAST_ACCUM=False, num_stages=5, num_warps=4
(Worker_TP1_EP1 pid=1720420)   triton_mm_271 0.0125 ms 73.2% ACC_TYPE='tl.float32', ALLOW_TF32=False, BLOCK_K=128, BLOCK_M=16, BLOCK_N=32, EVEN_K=True, GROUP_M=8, USE_FAST_ACCUM=False, num_stages=2, num_warps=2
(Worker_TP1_EP1 pid=1720420) SingleProcess AUTOTUNE benchmarking takes 0.1275 seconds and 0.0000 seconds precompiling for 19 choices
(Worker_TP1_EP1 pid=1720420) Autotune Choices Stats:
(Worker_TP1_EP1 pid=1720420) {"num_choices": 19, "num_triton_choices": 18, "best_kernel": "mm", "best_time": 0.03363199904561043, "best_triton_pos": 1, "best_triton_time": 0.03420799970626831, "best_triton_kernel": "triton_mm_292", "best_triton_kernel_desc": "ACC_TYPE='tl.float32', ALLOW_TF32=False, BLOCK_K=128, BLOCK_M=16, BLOCK_N=32, EVEN_K=True, GROUP_M=8, USE_FAST_ACCUM=False, num_stages=5, num_warps=2"}
(Worker_TP1_EP1 pid=1720420) AUTOTUNE mm(8x6144, 6144x6144)
(Worker_TP1_EP1 pid=1720420) strides: [6144, 1], [1, 6144]
(Worker_TP1_EP1 pid=1720420) dtypes: torch.bfloat16, torch.bfloat16
(Worker_TP1_EP1 pid=1720420)   mm 0.0336 ms 100.0% 
(Worker_TP1_EP1 pid=1720420)   triton_mm_292 0.0342 ms 98.3% ACC_TYPE='tl.float32', ALLOW_TF32=False, BLOCK_K=128, BLOCK_M=16, BLOCK_N=32, EVEN_K=True, GROUP_M=8, USE_FAST_ACCUM=False, num_stages=5, num_warps=2
(Worker_TP1_EP1 pid=1720420)   triton_mm_296 0.0348 ms 96.7% ACC_TYPE='tl.float32', ALLOW_TF32=False, BLOCK_K=128, BLOCK_M=16, BLOCK_N=64, EVEN_K=True, GROUP_M=8, USE_FAST_ACCUM=False, num_stages=5, num_warps=4
(Worker_TP1_EP1 pid=1720420)   triton_mm_305 0.0396 ms 84.9% ACC_TYPE='tl.float32', ALLOW_TF32=False, BLOCK_K=128, BLOCK_M=16, BLOCK_N=128, EVEN_K=True, GROUP_M=8, USE_FAST_ACCUM=False, num_stages=4, num_warps=8
(Worker_TP1_EP1 pid=1720420)   triton_mm_300 0.0429 ms 78.4% ACC_TYPE='tl.float32', ALLOW_TF32=False, BLOCK_K=128, BLOCK_M=16, BLOCK_N=128, EVEN_K=True, GROUP_M=8, USE_FAST_ACCUM=False, num_stages=4, num_warps=4
(Worker_TP1_EP1 pid=1720420)   triton_mm_304 0.0444 ms 75.8% ACC_TYPE='tl.float32', ALLOW_TF32=False, BLOCK_K=64, BLOCK_M=16, BLOCK_N=128, EVEN_K=True, GROUP_M=8, USE_FAST_ACCUM=False, num_stages=5, num_warps=8
(Worker_TP1_EP1 pid=1720420)   triton_mm_291 0.0535 ms 62.8% ACC_TYPE='tl.float32', ALLOW_TF32=False, BLOCK_K=32, BLOCK_M=16, BLOCK_N=32, EVEN_K=True, GROUP_M=8, USE_FAST_ACCUM=False, num_stages=5, num_warps=2
(Worker_TP1_EP1 pid=1720420)   triton_mm_289 0.0544 ms 61.8% ACC_TYPE='tl.float32', ALLOW_TF32=False, BLOCK_K=128, BLOCK_M=16, BLOCK_N=32, EVEN_K=True, GROUP_M=8, USE_FAST_ACCUM=False, num_stages=2, num_warps=2
(Worker_TP1_EP1 pid=1720420)   triton_mm_295 0.0553 ms 60.8% ACC_TYPE='tl.float32', ALLOW_TF32=False, BLOCK_K=64, BLOCK_M=16, BLOCK_N=64, EVEN_K=True, GROUP_M=8, USE_FAST_ACCUM=False, num_stages=3, num_warps=4
(Worker_TP1_EP1 pid=1720420)   triton_mm_290 0.0565 ms 59.5% ACC_TYPE='tl.float32', ALLOW_TF32=False, BLOCK_K=32, BLOCK_M=16, BLOCK_N=64, EVEN_K=True, GROUP_M=8, USE_FAST_ACCUM=False, num_stages=5, num_warps=4
(Worker_TP1_EP1 pid=1720420) SingleProcess AUTOTUNE benchmarking takes 0.2480 seconds and 0.0000 seconds precompiling for 19 choices
(Worker_TP1_EP1 pid=1720420) Autotune Choices Stats:
(Worker_TP1_EP1 pid=1720420) {"num_choices": 19, "num_triton_choices": 18, "best_kernel": "mm", "best_time": 0.019551999866962433, "best_triton_pos": 1, "best_triton_time": 0.0197759997099638, "best_triton_kernel": "triton_mm_310", "best_triton_kernel_desc": "ACC_TYPE='tl.float32', ALLOW_TF32=False, BLOCK_K=128, BLOCK_M=16, BLOCK_N=32, EVEN_K=True, GROUP_M=8, USE_FAST_ACCUM=False, num_stages=5, num_warps=2"}
(Worker_TP1_EP1 pid=1720420) AUTOTUNE mm(8x3072, 3072x6144)
(Worker_TP1_EP1 pid=1720420) strides: [3072, 1], [1, 3072]
(Worker_TP1_EP1 pid=1720420) dtypes: torch.bfloat16, torch.bfloat16
(Worker_TP1_EP1 pid=1720420)   mm 0.0196 ms 100.0% 
(Worker_TP1_EP1 pid=1720420)   triton_mm_310 0.0198 ms 98.9% ACC_TYPE='tl.float32', ALLOW_TF32=False, BLOCK_K=128, BLOCK_M=16, BLOCK_N=32, EVEN_K=True, GROUP_M=8, USE_FAST_ACCUM=False, num_stages=5, num_warps=2
(Worker_TP1_EP1 pid=1720420)   triton_mm_314 0.0200 ms 97.9% ACC_TYPE='tl.float32', ALLOW_TF32=False, BLOCK_K=128, BLOCK_M=16, BLOCK_N=64, EVEN_K=True, GROUP_M=8, USE_FAST_ACCUM=False, num_stages=5, num_warps=4
(Worker_TP1_EP1 pid=1720420)   triton_mm_323 0.0228 ms 85.7% ACC_TYPE='tl.float32', ALLOW_TF32=False, BLOCK_K=128, BLOCK_M=16, BLOCK_N=128, EVEN_K=True, GROUP_M=8, USE_FAST_ACCUM=False, num_stages=4, num_warps=8
(Worker_TP1_EP1 pid=1720420)   triton_mm_318 0.0248 ms 78.9% ACC_TYPE='tl.float32', ALLOW_TF32=False, BLOCK_K=128, BLOCK_M=16, BLOCK_N=128, EVEN_K=True, GROUP_M=8, USE_FAST_ACCUM=False, num_stages=4, num_warps=4
(Worker_TP1_EP1 pid=1720420)   triton_mm_322 0.0257 ms 76.0% ACC_TYPE='tl.float32', ALLOW_TF32=False, BLOCK_K=64, BLOCK_M=16, BLOCK_N=128, EVEN_K=True, GROUP_M=8, USE_FAST_ACCUM=False, num_stages=5, num_warps=8
(Worker_TP1_EP1 pid=1720420)   triton_mm_307 0.0301 ms 64.9% ACC_TYPE='tl.float32', ALLOW_TF32=False, BLOCK_K=128, BLOCK_M=16, BLOCK_N=32, EVEN_K=True, GROUP_M=8, USE_FAST_ACCUM=False, num_stages=2, num_warps=2
(Worker_TP1_EP1 pid=1720420)   triton_mm_313 0.0307 ms 63.6% ACC_TYPE='tl.float32', ALLOW_TF32=False, BLOCK_K=64, BLOCK_M=16, BLOCK_N=64, EVEN_K=True, GROUP_M=8, USE_FAST_ACCUM=False, num_stages=3, num_warps=4
(Worker_TP1_EP1 pid=1720420)   triton_mm_309 0.0324 ms 60.4% ACC_TYPE='tl.float32', ALLOW_TF32=False, BLOCK_K=32, BLOCK_M=16, BLOCK_N=32, EVEN_K=True, GROUP_M=8, USE_FAST_ACCUM=False, num_stages=5, num_warps=2
(Worker_TP1_EP1 pid=1720420)   triton_mm_317 0.0337 ms 58.0% ACC_TYPE='tl.float32', ALLOW_TF32=False, BLOCK_K=64, BLOCK_M=16, BLOCK_N=128, EVEN_K=True, GROUP_M=8, USE_FAST_ACCUM=False, num_stages=3, num_warps=4
(Worker_TP1_EP1 pid=1720420) SingleProcess AUTOTUNE benchmarking takes 0.1770 seconds and 0.0000 seconds precompiling for 19 choices
(Worker_TP0_EP0 pid=1720418) 2026-07-25 14:19:51,985 - INFO - autotuner.py:651 - flashinfer.jit: [Autotuner]: Autotuning process starts ...
(Worker_TP1_EP1 pid=1720420) 2026-07-25 14:19:52,010 - INFO - autotuner.py:651 - flashinfer.jit: [Autotuner]: Autotuning process starts ...
(Worker_TP2_EP2 pid=1720422) 2026-07-25 14:19:52,117 - INFO - autotuner.py:651 - flashinfer.jit: [Autotuner]: Autotuning process starts ...
(Worker_TP3_EP3 pid=1720424) 2026-07-25 14:19:52,162 - INFO - autotuner.py:651 - flashinfer.jit: [Autotuner]: Autotuning process starts ...
(Worker_TP2_EP2 pid=1720422) 2026-07-25 14:19:58,492 - INFO - autotuner.py:674 - flashinfer.jit: [Autotuner]: Autotuning process ends
(Worker_TP3_EP3 pid=1720424) 2026-07-25 14:19:58,492 - INFO - autotuner.py:674 - flashinfer.jit: [Autotuner]: Autotuning process ends
(Worker_TP1_EP1 pid=1720420) 2026-07-25 14:19:58,492 - INFO - autotuner.py:674 - flashinfer.jit: [Autotuner]: Autotuning process ends
(Worker_TP0_EP0 pid=1720418) 2026-07-25 14:19:58,494 - INFO - autotuner.py:674 - flashinfer.jit: [Autotuner]: Autotuning process ends
(Worker_TP0_EP0 pid=1720418) Capturing CUDA graphs (PIECEWISE):   0%|          | 0/1 [00:00<?, ?it/s]Capturing CUDA graphs (PIECEWISE): 100%|██████████| 1/1 [00:11<00:00, 11.64s/it]Capturing CUDA graphs (PIECEWISE): 100%|██████████| 1/1 [00:11<00:00, 11.64s/it]
(Worker_TP0_EP0 pid=1720418) Capturing CUDA graphs (FULL):   0%|          | 0/1 [00:00<?, ?it/s]Capturing CUDA graphs (FULL): 100%|██████████| 1/1 [00:00<00:00,  1.63it/s]Capturing CUDA graphs (FULL): 100%|██████████| 1/1 [00:00<00:00,  1.63it/s]
(APIServer pid=1718628) INFO:     Started server process [1718628]
(APIServer pid=1718628) INFO:     Waiting for application startup.
(APIServer pid=1718628) INFO:     Application startup complete.
(APIServer pid=1718628) INFO:     Shutting down
(APIServer pid=1718628) INFO:     Shutting down
