(EngineCore pid=1342085) /e/project1/profound/alint77/vllm/vllm/v1/executor/multiproc_executor.py:139: UserWarning: Failed to get the IP address, using 0.0.0.0 by default. The value can be set by the environment variable VLLM_HOST_IP or HOST_IP.
(EngineCore pid=1342085)   mq_connect_ip = get_ip()
[W725 12:11:14.901233704 socket.cpp:764] [c10d] The client socket cannot be initialized to connect to [localhost]:40711 (errno: 97 - Address family not supported by protocol).
[W725 12:11:15.164568483 socket.cpp:764] [c10d] The client socket cannot be initialized to connect to [localhost]:40711 (errno: 97 - Address family not supported by protocol).
[W725 12:11:15.164724031 socket.cpp:764] [c10d] The client socket cannot be initialized to connect to [localhost]:40711 (errno: 97 - Address family not supported by protocol).
[W725 12:11:15.164777150 socket.cpp:764] [c10d] The client socket cannot be initialized to connect to [localhost]:40711 (errno: 97 - Address family not supported by protocol).
(Worker_TP0_EP0 pid=1342361) Loading safetensors checkpoint shards:   0% Completed | 0/11 [00:00<?, ?it/s]
(Worker_TP0_EP0 pid=1342361) Loading safetensors checkpoint shards:  27% Completed | 3/11 [00:00<00:00, 11.54it/s]
(Worker_TP0_EP0 pid=1342361) Loading safetensors checkpoint shards:  27% Completed | 3/11 [00:20<00:00, 11.54it/s]
(Worker_TP0_EP0 pid=1342361) Loading safetensors checkpoint shards:  36% Completed | 4/11 [02:14<05:03, 43.34s/it]
(Worker_TP0_EP0 pid=1342361) Loading safetensors checkpoint shards:  45% Completed | 5/11 [04:33<07:21, 73.53s/it]
(Worker_TP0_EP0 pid=1342361) Loading safetensors checkpoint shards:  55% Completed | 6/11 [06:50<07:45, 93.19s/it]
(Worker_TP0_EP0 pid=1342361) Loading safetensors checkpoint shards:  64% Completed | 7/11 [09:41<07:49, 117.28s/it]
(Worker_TP0_EP0 pid=1342361) Loading safetensors checkpoint shards:  73% Completed | 8/11 [12:36<06:44, 134.73s/it]
(Worker_TP0_EP0 pid=1342361) Loading safetensors checkpoint shards:  82% Completed | 9/11 [14:45<04:26, 133.12s/it]
(Worker_TP0_EP0 pid=1342361) Loading safetensors checkpoint shards:  91% Completed | 10/11 [16:50<02:10, 130.56s/it]
(Worker_TP0_EP0 pid=1342361) Loading safetensors checkpoint shards: 100% Completed | 11/11 [18:24<00:00, 119.65s/it]
(Worker_TP0_EP0 pid=1342361) Loading safetensors checkpoint shards: 100% Completed | 11/11 [18:24<00:00, 100.44s/it]
(Worker_TP0_EP0 pid=1342361) 
(Worker_TP0_EP0 pid=1342361) Loading safetensors checkpoint shards:   0% Completed | 0/1 [00:00<?, ?it/s]
(Worker_TP0_EP0 pid=1342361) Loading safetensors checkpoint shards: 100% Completed | 1/1 [00:00<00:00,  1.80it/s]
(Worker_TP0_EP0 pid=1342361) Loading safetensors checkpoint shards: 100% Completed | 1/1 [00:00<00:00,  1.80it/s]
(Worker_TP0_EP0 pid=1342361) 
(Worker_TP1_EP1 pid=1342363) /e/project1/profound/alint77/vllm/.venv/lib/python3.12/site-packages/torch/_inductor/select_algorithm.py:3686: UserWarning: TypedStorage is deprecated. It will be removed in the future and UntypedStorage will be the only storage class. This should only matter to you if you are using storages directly.  To access UntypedStorage directly, use tensor.untyped_storage() instead of tensor.storage()
(Worker_TP1_EP1 pid=1342363)   current_out_size = out_base.storage().size()
(Worker_TP2_EP2 pid=1342365) /e/project1/profound/alint77/vllm/.venv/lib/python3.12/site-packages/torch/_inductor/select_algorithm.py:3686: UserWarning: TypedStorage is deprecated. It will be removed in the future and UntypedStorage will be the only storage class. This should only matter to you if you are using storages directly.  To access UntypedStorage directly, use tensor.untyped_storage() instead of tensor.storage()
(Worker_TP2_EP2 pid=1342365)   current_out_size = out_base.storage().size()
(Worker_TP3_EP3 pid=1342367) /e/project1/profound/alint77/vllm/.venv/lib/python3.12/site-packages/torch/_inductor/select_algorithm.py:3686: UserWarning: TypedStorage is deprecated. It will be removed in the future and UntypedStorage will be the only storage class. This should only matter to you if you are using storages directly.  To access UntypedStorage directly, use tensor.untyped_storage() instead of tensor.storage()
(Worker_TP3_EP3 pid=1342367)   current_out_size = out_base.storage().size()
(Worker_TP0_EP0 pid=1342361) /e/project1/profound/alint77/vllm/.venv/lib/python3.12/site-packages/torch/_inductor/select_algorithm.py:3686: UserWarning: TypedStorage is deprecated. It will be removed in the future and UntypedStorage will be the only storage class. This should only matter to you if you are using storages directly.  To access UntypedStorage directly, use tensor.untyped_storage() instead of tensor.storage()
(Worker_TP0_EP0 pid=1342361)   current_out_size = out_base.storage().size()
(Worker_TP2_EP2 pid=1342365) Autotune Choices Stats:
(Worker_TP2_EP2 pid=1342365) {"num_choices": 28, "num_triton_choices": 18, "best_kernel": "decompose_k_mm_24_split_3", "best_kernel_desc": "k_split=24", "best_time": 0.008448000065982342, "best_triton_pos": 10, "best_triton_time": 0.017632000148296356, "best_triton_kernel": "triton_mm_4", "best_triton_kernel_desc": "ACC_TYPE='tl.float32', ALLOW_TF32=False, BLOCK_K=128, BLOCK_M=16, BLOCK_N=32, EVEN_K=True, GROUP_M=8, USE_FAST_ACCUM=False, num_stages=5, num_warps=2"}
(Worker_TP2_EP2 pid=1342365) AUTOTUNE mm(9x6144, 6144x160)
(Worker_TP2_EP2 pid=1342365) strides: [6144, 1], [1, 6144]
(Worker_TP2_EP2 pid=1342365) dtypes: torch.bfloat16, torch.bfloat16
(Worker_TP2_EP2 pid=1342365)   decompose_k_mm_24_split_3 0.0084 ms 100.0% k_split=24
(Worker_TP2_EP2 pid=1342365)   decompose_k_mm_12_split_2 0.0085 ms 99.2% k_split=12
(Worker_TP2_EP2 pid=1342365)   mm 0.0086 ms 98.1% 
(Worker_TP2_EP2 pid=1342365)   decompose_k_mm_16_split_7 0.0086 ms 98.1% k_split=16
(Worker_TP2_EP2 pid=1342365)   decompose_k_mm_32_split_8 0.0086 ms 97.8% k_split=32
(Worker_TP2_EP2 pid=1342365)   decompose_k_mm_8_split_6 0.0089 ms 94.6% k_split=8
(Worker_TP2_EP2 pid=1342365)   decompose_k_mm_6_split_1 0.0090 ms 94.0% k_split=6
(Worker_TP2_EP2 pid=1342365)   decompose_k_mm_4_split_5 0.0096 ms 88.3% k_split=4
(Worker_TP2_EP2 pid=1342365)   decompose_k_mm_3_split_0 0.0102 ms 82.8% k_split=3
(Worker_TP2_EP2 pid=1342365)   decompose_k_mm_2_split_4 0.0111 ms 76.1% k_split=2
(Worker_TP2_EP2 pid=1342365) SingleProcess AUTOTUNE benchmarking takes 5.2305 seconds and 1.4532 seconds precompiling for 28 choices
(Worker_TP2_EP2 pid=1342365) Autotune Choices Stats:
(Worker_TP2_EP2 pid=1342365) {"num_choices": 19, "num_triton_choices": 18, "best_kernel": "triton_mm_22", "best_kernel_desc": "ACC_TYPE='tl.float32', ALLOW_TF32=False, BLOCK_K=128, BLOCK_M=16, BLOCK_N=32, EVEN_K=True, GROUP_M=8, USE_FAST_ACCUM=False, num_stages=5, num_warps=2", "best_time": 0.011136000044643879, "best_triton_pos": 0}
(Worker_TP2_EP2 pid=1342365) AUTOTUNE mm(9x2048, 2048x4096)
(Worker_TP2_EP2 pid=1342365) strides: [2048, 1], [1, 2048]
(Worker_TP2_EP2 pid=1342365) dtypes: torch.bfloat16, torch.bfloat16
(Worker_TP2_EP2 pid=1342365)   triton_mm_22 0.0111 ms 100.0% ACC_TYPE='tl.float32', ALLOW_TF32=False, BLOCK_K=128, BLOCK_M=16, BLOCK_N=32, EVEN_K=True, GROUP_M=8, USE_FAST_ACCUM=False, num_stages=5, num_warps=2
(Worker_TP2_EP2 pid=1342365)   triton_mm_26 0.0115 ms 96.7% ACC_TYPE='tl.float32', ALLOW_TF32=False, BLOCK_K=128, BLOCK_M=16, BLOCK_N=64, EVEN_K=True, GROUP_M=8, USE_FAST_ACCUM=False, num_stages=5, num_warps=4
(Worker_TP2_EP2 pid=1342365)   mm 0.0118 ms 94.1% 
(Worker_TP2_EP2 pid=1342365)   triton_mm_30 0.0138 ms 80.9% ACC_TYPE='tl.float32', ALLOW_TF32=False, BLOCK_K=128, BLOCK_M=16, BLOCK_N=128, EVEN_K=True, GROUP_M=8, USE_FAST_ACCUM=False, num_stages=4, num_warps=4
(Worker_TP2_EP2 pid=1342365)   triton_mm_35 0.0138 ms 80.7% ACC_TYPE='tl.float32', ALLOW_TF32=False, BLOCK_K=128, BLOCK_M=16, BLOCK_N=128, EVEN_K=True, GROUP_M=8, USE_FAST_ACCUM=False, num_stages=4, num_warps=8
(Worker_TP2_EP2 pid=1342365)   triton_mm_34 0.0149 ms 74.5% ACC_TYPE='tl.float32', ALLOW_TF32=False, BLOCK_K=64, BLOCK_M=16, BLOCK_N=128, EVEN_K=True, GROUP_M=8, USE_FAST_ACCUM=False, num_stages=5, num_warps=8
(Worker_TP2_EP2 pid=1342365)   triton_mm_21 0.0185 ms 60.3% ACC_TYPE='tl.float32', ALLOW_TF32=False, BLOCK_K=32, BLOCK_M=16, BLOCK_N=32, EVEN_K=True, GROUP_M=8, USE_FAST_ACCUM=False, num_stages=5, num_warps=2
(Worker_TP2_EP2 pid=1342365)   triton_mm_25 0.0185 ms 60.2% ACC_TYPE='tl.float32', ALLOW_TF32=False, BLOCK_K=64, BLOCK_M=16, BLOCK_N=64, EVEN_K=True, GROUP_M=8, USE_FAST_ACCUM=False, num_stages=3, num_warps=4
(Worker_TP2_EP2 pid=1342365)   triton_mm_19 0.0189 ms 59.0% ACC_TYPE='tl.float32', ALLOW_TF32=False, BLOCK_K=128, BLOCK_M=16, BLOCK_N=32, EVEN_K=True, GROUP_M=8, USE_FAST_ACCUM=False, num_stages=2, num_warps=2
(Worker_TP2_EP2 pid=1342365)   triton_mm_20 0.0194 ms 57.5% ACC_TYPE='tl.float32', ALLOW_TF32=False, BLOCK_K=32, BLOCK_M=16, BLOCK_N=64, EVEN_K=True, GROUP_M=8, USE_FAST_ACCUM=False, num_stages=5, num_warps=4
(Worker_TP2_EP2 pid=1342365) SingleProcess AUTOTUNE benchmarking takes 0.1484 seconds and 0.0004 seconds precompiling for 19 choices
(Worker_TP1_EP1 pid=1342363) Autotune Choices Stats:
(Worker_TP1_EP1 pid=1342363) {"num_choices": 28, "num_triton_choices": 18, "best_kernel": "decompose_k_mm_16_split_7", "best_kernel_desc": "k_split=16", "best_time": 0.007903999648988247, "best_triton_pos": 10, "best_triton_time": 0.017343999817967415, "best_triton_kernel": "triton_mm_4", "best_triton_kernel_desc": "ACC_TYPE='tl.float32', ALLOW_TF32=False, BLOCK_K=128, BLOCK_M=16, BLOCK_N=32, EVEN_K=True, GROUP_M=8, USE_FAST_ACCUM=False, num_stages=5, num_warps=2"}
(Worker_TP1_EP1 pid=1342363) AUTOTUNE mm(9x6144, 6144x160)
(Worker_TP1_EP1 pid=1342363) strides: [6144, 1], [1, 6144]
(Worker_TP1_EP1 pid=1342363) dtypes: torch.bfloat16, torch.bfloat16
(Worker_TP1_EP1 pid=1342363)   decompose_k_mm_16_split_7 0.0079 ms 100.0% k_split=16
(Worker_TP1_EP1 pid=1342363)   decompose_k_mm_24_split_3 0.0080 ms 98.4% k_split=24
(Worker_TP1_EP1 pid=1342363)   decompose_k_mm_32_split_8 0.0080 ms 98.4% k_split=32
(Worker_TP1_EP1 pid=1342363)   decompose_k_mm_12_split_2 0.0082 ms 96.5% k_split=12
(Worker_TP1_EP1 pid=1342363)   mm 0.0083 ms 95.0% 
(Worker_TP1_EP1 pid=1342363)   decompose_k_mm_8_split_6 0.0086 ms 91.8% k_split=8
(Worker_TP1_EP1 pid=1342363)   decompose_k_mm_6_split_1 0.0086 ms 91.5% k_split=6
(Worker_TP1_EP1 pid=1342363)   decompose_k_mm_4_split_5 0.0090 ms 88.2% k_split=4
(Worker_TP1_EP1 pid=1342363)   decompose_k_mm_3_split_0 0.0096 ms 82.1% k_split=3
(Worker_TP1_EP1 pid=1342363)   decompose_k_mm_2_split_4 0.0109 ms 72.6% k_split=2
(Worker_TP1_EP1 pid=1342363) SingleProcess AUTOTUNE benchmarking takes 5.7644 seconds and 1.3682 seconds precompiling for 28 choices
(Worker_TP1_EP1 pid=1342363) Autotune Choices Stats:
(Worker_TP1_EP1 pid=1342363) {"num_choices": 19, "num_triton_choices": 18, "best_kernel": "triton_mm_22", "best_kernel_desc": "ACC_TYPE='tl.float32', ALLOW_TF32=False, BLOCK_K=128, BLOCK_M=16, BLOCK_N=32, EVEN_K=True, GROUP_M=8, USE_FAST_ACCUM=False, num_stages=5, num_warps=2", "best_time": 0.01104000024497509, "best_triton_pos": 0}
(Worker_TP1_EP1 pid=1342363) AUTOTUNE mm(9x2048, 2048x4096)
(Worker_TP1_EP1 pid=1342363) strides: [2048, 1], [1, 2048]
(Worker_TP1_EP1 pid=1342363) dtypes: torch.bfloat16, torch.bfloat16
(Worker_TP1_EP1 pid=1342363)   triton_mm_22 0.0110 ms 100.0% ACC_TYPE='tl.float32', ALLOW_TF32=False, BLOCK_K=128, BLOCK_M=16, BLOCK_N=32, EVEN_K=True, GROUP_M=8, USE_FAST_ACCUM=False, num_stages=5, num_warps=2
(Worker_TP1_EP1 pid=1342363)   triton_mm_26 0.0115 ms 96.4% ACC_TYPE='tl.float32', ALLOW_TF32=False, BLOCK_K=128, BLOCK_M=16, BLOCK_N=64, EVEN_K=True, GROUP_M=8, USE_FAST_ACCUM=False, num_stages=5, num_warps=4
(Worker_TP1_EP1 pid=1342363)   mm 0.0117 ms 94.0% 
(Worker_TP1_EP1 pid=1342363)   triton_mm_30 0.0136 ms 81.4% ACC_TYPE='tl.float32', ALLOW_TF32=False, BLOCK_K=128, BLOCK_M=16, BLOCK_N=128, EVEN_K=True, GROUP_M=8, USE_FAST_ACCUM=False, num_stages=4, num_warps=4
(Worker_TP1_EP1 pid=1342363)   triton_mm_35 0.0138 ms 80.0% ACC_TYPE='tl.float32', ALLOW_TF32=False, BLOCK_K=128, BLOCK_M=16, BLOCK_N=128, EVEN_K=True, GROUP_M=8, USE_FAST_ACCUM=False, num_stages=4, num_warps=8
(Worker_TP1_EP1 pid=1342363)   triton_mm_34 0.0146 ms 75.7% ACC_TYPE='tl.float32', ALLOW_TF32=False, BLOCK_K=64, BLOCK_M=16, BLOCK_N=128, EVEN_K=True, GROUP_M=8, USE_FAST_ACCUM=False, num_stages=5, num_warps=8
(Worker_TP1_EP1 pid=1342363)   triton_mm_21 0.0184 ms 60.1% ACC_TYPE='tl.float32', ALLOW_TF32=False, BLOCK_K=32, BLOCK_M=16, BLOCK_N=32, EVEN_K=True, GROUP_M=8, USE_FAST_ACCUM=False, num_stages=5, num_warps=2
(Worker_TP1_EP1 pid=1342363)   triton_mm_25 0.0185 ms 59.8% ACC_TYPE='tl.float32', ALLOW_TF32=False, BLOCK_K=64, BLOCK_M=16, BLOCK_N=64, EVEN_K=True, GROUP_M=8, USE_FAST_ACCUM=False, num_stages=3, num_warps=4
(Worker_TP1_EP1 pid=1342363)   triton_mm_19 0.0188 ms 58.6% ACC_TYPE='tl.float32', ALLOW_TF32=False, BLOCK_K=128, BLOCK_M=16, BLOCK_N=32, EVEN_K=True, GROUP_M=8, USE_FAST_ACCUM=False, num_stages=2, num_warps=2
(Worker_TP1_EP1 pid=1342363)   triton_mm_20 0.0190 ms 58.1% ACC_TYPE='tl.float32', ALLOW_TF32=False, BLOCK_K=32, BLOCK_M=16, BLOCK_N=64, EVEN_K=True, GROUP_M=8, USE_FAST_ACCUM=False, num_stages=5, num_warps=4
(Worker_TP1_EP1 pid=1342363) SingleProcess AUTOTUNE benchmarking takes 0.1458 seconds and 0.0004 seconds precompiling for 19 choices
(Worker_TP3_EP3 pid=1342367) Autotune Choices Stats:
(Worker_TP3_EP3 pid=1342367) {"num_choices": 28, "num_triton_choices": 18, "best_kernel": "decompose_k_mm_24_split_3", "best_kernel_desc": "k_split=24", "best_time": 0.008128000423312187, "best_triton_pos": 10, "best_triton_time": 0.017472000792622566, "best_triton_kernel": "triton_mm_4", "best_triton_kernel_desc": "ACC_TYPE='tl.float32', ALLOW_TF32=False, BLOCK_K=128, BLOCK_M=16, BLOCK_N=32, EVEN_K=True, GROUP_M=8, USE_FAST_ACCUM=False, num_stages=5, num_warps=2"}
(Worker_TP3_EP3 pid=1342367) AUTOTUNE mm(9x6144, 6144x160)
(Worker_TP3_EP3 pid=1342367) strides: [6144, 1], [1, 6144]
(Worker_TP3_EP3 pid=1342367) dtypes: torch.bfloat16, torch.bfloat16
(Worker_TP3_EP3 pid=1342367)   decompose_k_mm_24_split_3 0.0081 ms 100.0% k_split=24
(Worker_TP3_EP3 pid=1342367)   decompose_k_mm_16_split_7 0.0083 ms 98.1% k_split=16
(Worker_TP3_EP3 pid=1342367)   mm 0.0084 ms 96.9% 
(Worker_TP3_EP3 pid=1342367)   decompose_k_mm_12_split_2 0.0085 ms 95.1% k_split=12
(Worker_TP3_EP3 pid=1342367)   decompose_k_mm_32_split_8 0.0086 ms 94.1% k_split=32
(Worker_TP3_EP3 pid=1342367)   decompose_k_mm_8_split_6 0.0087 ms 93.4% k_split=8
(Worker_TP3_EP3 pid=1342367)   decompose_k_mm_6_split_1 0.0088 ms 92.7% k_split=6
(Worker_TP3_EP3 pid=1342367)   decompose_k_mm_4_split_5 0.0092 ms 88.2% k_split=4
(Worker_TP3_EP3 pid=1342367)   decompose_k_mm_3_split_0 0.0100 ms 81.4% k_split=3
(Worker_TP3_EP3 pid=1342367)   decompose_k_mm_2_split_4 0.0111 ms 73.4% k_split=2
(Worker_TP3_EP3 pid=1342367) SingleProcess AUTOTUNE benchmarking takes 6.2061 seconds and 1.4749 seconds precompiling for 28 choices
(Worker_TP3_EP3 pid=1342367) Autotune Choices Stats:
(Worker_TP3_EP3 pid=1342367) {"num_choices": 19, "num_triton_choices": 18, "best_kernel": "triton_mm_22", "best_kernel_desc": "ACC_TYPE='tl.float32', ALLOW_TF32=False, BLOCK_K=128, BLOCK_M=16, BLOCK_N=32, EVEN_K=True, GROUP_M=8, USE_FAST_ACCUM=False, num_stages=5, num_warps=2", "best_time": 0.01104000024497509, "best_triton_pos": 0}
(Worker_TP3_EP3 pid=1342367) AUTOTUNE mm(9x2048, 2048x4096)
(Worker_TP3_EP3 pid=1342367) strides: [2048, 1], [1, 2048]
(Worker_TP3_EP3 pid=1342367) dtypes: torch.bfloat16, torch.bfloat16
(Worker_TP3_EP3 pid=1342367)   triton_mm_22 0.0110 ms 100.0% ACC_TYPE='tl.float32', ALLOW_TF32=False, BLOCK_K=128, BLOCK_M=16, BLOCK_N=32, EVEN_K=True, GROUP_M=8, USE_FAST_ACCUM=False, num_stages=5, num_warps=2
(Worker_TP3_EP3 pid=1342367)   triton_mm_26 0.0113 ms 97.5% ACC_TYPE='tl.float32', ALLOW_TF32=False, BLOCK_K=128, BLOCK_M=16, BLOCK_N=64, EVEN_K=True, GROUP_M=8, USE_FAST_ACCUM=False, num_stages=5, num_warps=4
(Worker_TP3_EP3 pid=1342367)   mm 0.0117 ms 94.5% 
(Worker_TP3_EP3 pid=1342367)   triton_mm_30 0.0137 ms 80.4% ACC_TYPE='tl.float32', ALLOW_TF32=False, BLOCK_K=128, BLOCK_M=16, BLOCK_N=128, EVEN_K=True, GROUP_M=8, USE_FAST_ACCUM=False, num_stages=4, num_warps=4
(Worker_TP3_EP3 pid=1342367)   triton_mm_35 0.0138 ms 80.0% ACC_TYPE='tl.float32', ALLOW_TF32=False, BLOCK_K=128, BLOCK_M=16, BLOCK_N=128, EVEN_K=True, GROUP_M=8, USE_FAST_ACCUM=False, num_stages=4, num_warps=8
(Worker_TP3_EP3 pid=1342367)   triton_mm_34 0.0148 ms 74.4% ACC_TYPE='tl.float32', ALLOW_TF32=False, BLOCK_K=64, BLOCK_M=16, BLOCK_N=128, EVEN_K=True, GROUP_M=8, USE_FAST_ACCUM=False, num_stages=5, num_warps=8
(Worker_TP3_EP3 pid=1342367)   triton_mm_25 0.0183 ms 60.2% ACC_TYPE='tl.float32', ALLOW_TF32=False, BLOCK_K=64, BLOCK_M=16, BLOCK_N=64, EVEN_K=True, GROUP_M=8, USE_FAST_ACCUM=False, num_stages=3, num_warps=4
(Worker_TP3_EP3 pid=1342367)   triton_mm_21 0.0187 ms 59.2% ACC_TYPE='tl.float32', ALLOW_TF32=False, BLOCK_K=32, BLOCK_M=16, BLOCK_N=32, EVEN_K=True, GROUP_M=8, USE_FAST_ACCUM=False, num_stages=5, num_warps=2
(Worker_TP3_EP3 pid=1342367)   triton_mm_19 0.0189 ms 58.4% ACC_TYPE='tl.float32', ALLOW_TF32=False, BLOCK_K=128, BLOCK_M=16, BLOCK_N=32, EVEN_K=True, GROUP_M=8, USE_FAST_ACCUM=False, num_stages=2, num_warps=2
(Worker_TP3_EP3 pid=1342367)   triton_mm_20 0.0192 ms 57.6% ACC_TYPE='tl.float32', ALLOW_TF32=False, BLOCK_K=32, BLOCK_M=16, BLOCK_N=64, EVEN_K=True, GROUP_M=8, USE_FAST_ACCUM=False, num_stages=5, num_warps=4
(Worker_TP3_EP3 pid=1342367) SingleProcess AUTOTUNE benchmarking takes 0.1472 seconds and 0.0004 seconds precompiling for 19 choices
(Worker_TP0_EP0 pid=1342361) Autotune Choices Stats:
(Worker_TP0_EP0 pid=1342361) {"num_choices": 28, "num_triton_choices": 18, "best_kernel": "decompose_k_mm_32_split_8", "best_kernel_desc": "k_split=32", "best_time": 0.008352000266313553, "best_triton_pos": 9, "best_triton_time": 0.017696000635623932, "best_triton_kernel": "triton_mm_4", "best_triton_kernel_desc": "ACC_TYPE='tl.float32', ALLOW_TF32=False, BLOCK_K=128, BLOCK_M=16, BLOCK_N=32, EVEN_K=True, GROUP_M=8, USE_FAST_ACCUM=False, num_stages=5, num_warps=2"}
(Worker_TP0_EP0 pid=1342361) AUTOTUNE mm(9x6144, 6144x160)
(Worker_TP0_EP0 pid=1342361) strides: [6144, 1], [1, 6144]
(Worker_TP0_EP0 pid=1342361) dtypes: torch.bfloat16, torch.bfloat16
(Worker_TP0_EP0 pid=1342361)   decompose_k_mm_32_split_8 0.0084 ms 100.0% k_split=32
(Worker_TP0_EP0 pid=1342361)   mm 0.0085 ms 98.1% 
(Worker_TP0_EP0 pid=1342361)   decompose_k_mm_16_split_7 0.0085 ms 98.1% k_split=16
(Worker_TP0_EP0 pid=1342361)   decompose_k_mm_12_split_2 0.0086 ms 97.0% k_split=12
(Worker_TP0_EP0 pid=1342361)   decompose_k_mm_8_split_6 0.0091 ms 92.2% k_split=8
(Worker_TP0_EP0 pid=1342361)   decompose_k_mm_6_split_1 0.0094 ms 88.8% k_split=6
(Worker_TP0_EP0 pid=1342361)   decompose_k_mm_4_split_5 0.0096 ms 87.3% k_split=4
(Worker_TP0_EP0 pid=1342361)   decompose_k_mm_3_split_0 0.0109 ms 76.8% k_split=3
(Worker_TP0_EP0 pid=1342361)   decompose_k_mm_2_split_4 0.0113 ms 73.9% k_split=2
(Worker_TP0_EP0 pid=1342361)   triton_mm_4 0.0177 ms 47.2% ACC_TYPE='tl.float32', ALLOW_TF32=False, BLOCK_K=128, BLOCK_M=16, BLOCK_N=32, EVEN_K=True, GROUP_M=8, USE_FAST_ACCUM=False, num_stages=5, num_warps=2
(Worker_TP0_EP0 pid=1342361) SingleProcess AUTOTUNE benchmarking takes 6.9159 seconds and 1.4804 seconds precompiling for 28 choices
(Worker_TP0_EP0 pid=1342361) Autotune Choices Stats:
(Worker_TP0_EP0 pid=1342361) {"num_choices": 19, "num_triton_choices": 18, "best_kernel": "triton_mm_22", "best_kernel_desc": "ACC_TYPE='tl.float32', ALLOW_TF32=False, BLOCK_K=128, BLOCK_M=16, BLOCK_N=32, EVEN_K=True, GROUP_M=8, USE_FAST_ACCUM=False, num_stages=5, num_warps=2", "best_time": 0.011008000001311302, "best_triton_pos": 0}
(Worker_TP0_EP0 pid=1342361) AUTOTUNE mm(9x2048, 2048x4096)
(Worker_TP0_EP0 pid=1342361) strides: [2048, 1], [1, 2048]
(Worker_TP0_EP0 pid=1342361) dtypes: torch.bfloat16, torch.bfloat16
(Worker_TP0_EP0 pid=1342361)   triton_mm_22 0.0110 ms 100.0% ACC_TYPE='tl.float32', ALLOW_TF32=False, BLOCK_K=128, BLOCK_M=16, BLOCK_N=32, EVEN_K=True, GROUP_M=8, USE_FAST_ACCUM=False, num_stages=5, num_warps=2
(Worker_TP0_EP0 pid=1342361)   mm 0.0116 ms 95.0% 
(Worker_TP0_EP0 pid=1342361)   triton_mm_26 0.0118 ms 93.5% ACC_TYPE='tl.float32', ALLOW_TF32=False, BLOCK_K=128, BLOCK_M=16, BLOCK_N=64, EVEN_K=True, GROUP_M=8, USE_FAST_ACCUM=False, num_stages=5, num_warps=4
(Worker_TP0_EP0 pid=1342361)   triton_mm_35 0.0136 ms 81.1% ACC_TYPE='tl.float32', ALLOW_TF32=False, BLOCK_K=128, BLOCK_M=16, BLOCK_N=128, EVEN_K=True, GROUP_M=8, USE_FAST_ACCUM=False, num_stages=4, num_warps=8
(Worker_TP0_EP0 pid=1342361)   triton_mm_30 0.0136 ms 80.8% ACC_TYPE='tl.float32', ALLOW_TF32=False, BLOCK_K=128, BLOCK_M=16, BLOCK_N=128, EVEN_K=True, GROUP_M=8, USE_FAST_ACCUM=False, num_stages=4, num_warps=4
(Worker_TP0_EP0 pid=1342361)   triton_mm_34 0.0150 ms 73.5% ACC_TYPE='tl.float32', ALLOW_TF32=False, BLOCK_K=64, BLOCK_M=16, BLOCK_N=128, EVEN_K=True, GROUP_M=8, USE_FAST_ACCUM=False, num_stages=5, num_warps=8
(Worker_TP0_EP0 pid=1342361)   triton_mm_21 0.0183 ms 60.0% ACC_TYPE='tl.float32', ALLOW_TF32=False, BLOCK_K=32, BLOCK_M=16, BLOCK_N=32, EVEN_K=True, GROUP_M=8, USE_FAST_ACCUM=False, num_stages=5, num_warps=2
(Worker_TP0_EP0 pid=1342361)   triton_mm_25 0.0183 ms 60.0% ACC_TYPE='tl.float32', ALLOW_TF32=False, BLOCK_K=64, BLOCK_M=16, BLOCK_N=64, EVEN_K=True, GROUP_M=8, USE_FAST_ACCUM=False, num_stages=3, num_warps=4
(Worker_TP0_EP0 pid=1342361)   triton_mm_19 0.0186 ms 59.3% ACC_TYPE='tl.float32', ALLOW_TF32=False, BLOCK_K=128, BLOCK_M=16, BLOCK_N=32, EVEN_K=True, GROUP_M=8, USE_FAST_ACCUM=False, num_stages=2, num_warps=2
(Worker_TP0_EP0 pid=1342361)   triton_mm_20 0.0195 ms 56.5% ACC_TYPE='tl.float32', ALLOW_TF32=False, BLOCK_K=32, BLOCK_M=16, BLOCK_N=64, EVEN_K=True, GROUP_M=8, USE_FAST_ACCUM=False, num_stages=5, num_warps=4
(Worker_TP0_EP0 pid=1342361) SingleProcess AUTOTUNE benchmarking takes 0.1510 seconds and 0.0004 seconds precompiling for 19 choices
(Worker_TP1_EP1 pid=1342363) Autotune Choices Stats:
(Worker_TP1_EP1 pid=1342363) {"num_choices": 28, "num_triton_choices": 18, "best_kernel": "decompose_k_mm_32_split_17", "best_kernel_desc": "k_split=32", "best_time": 0.008063999935984612, "best_triton_pos": 9, "best_triton_time": 0.01724799908697605, "best_triton_kernel": "triton_mm_40", "best_triton_kernel_desc": "ACC_TYPE='tl.float32', ALLOW_TF32=False, BLOCK_K=128, BLOCK_M=16, BLOCK_N=32, EVEN_K=True, GROUP_M=8, USE_FAST_ACCUM=False, num_stages=5, num_warps=2"}
(Worker_TP1_EP1 pid=1342363) AUTOTUNE mm(9x6144, 6144x160)
(Worker_TP1_EP1 pid=1342363) strides: [6144, 1], [1, 6144]
(Worker_TP1_EP1 pid=1342363) dtypes: torch.bfloat16, torch.bfloat16
(Worker_TP1_EP1 pid=1342363)   decompose_k_mm_32_split_17 0.0081 ms 100.0% k_split=32
(Worker_TP1_EP1 pid=1342363)   decompose_k_mm_12_split_11 0.0084 ms 95.5% k_split=12
(Worker_TP1_EP1 pid=1342363)   mm 0.0085 ms 95.1% 
(Worker_TP1_EP1 pid=1342363)   decompose_k_mm_24_split_12 0.0085 ms 95.1% k_split=24
(Worker_TP1_EP1 pid=1342363)   decompose_k_mm_6_split_10 0.0087 ms 92.3% k_split=6
(Worker_TP1_EP1 pid=1342363)   decompose_k_mm_8_split_15 0.0088 ms 92.0% k_split=8
(Worker_TP1_EP1 pid=1342363)   decompose_k_mm_4_split_14 0.0091 ms 89.0% k_split=4
(Worker_TP1_EP1 pid=1342363)   decompose_k_mm_3_split_9 0.0095 ms 84.6% k_split=3
(Worker_TP1_EP1 pid=1342363)   decompose_k_mm_2_split_13 0.0109 ms 74.1% k_split=2
(Worker_TP1_EP1 pid=1342363)   triton_mm_40 0.0172 ms 46.8% ACC_TYPE='tl.float32', ALLOW_TF32=False, BLOCK_K=128, BLOCK_M=16, BLOCK_N=32, EVEN_K=True, GROUP_M=8, USE_FAST_ACCUM=False, num_stages=5, num_warps=2
(Worker_TP1_EP1 pid=1342363) SingleProcess AUTOTUNE benchmarking takes 1.8989 seconds and 0.0002 seconds precompiling for 28 choices
(Worker_TP1_EP1 pid=1342363) Autotune Choices Stats:
(Worker_TP1_EP1 pid=1342363) {"num_choices": 19, "num_triton_choices": 18, "best_kernel": "triton_mm_58", "best_kernel_desc": "ACC_TYPE='tl.float32', ALLOW_TF32=False, BLOCK_K=128, BLOCK_M=16, BLOCK_N=32, EVEN_K=True, GROUP_M=8, USE_FAST_ACCUM=False, num_stages=5, num_warps=2", "best_time": 0.011103999800980091, "best_triton_pos": 0}
(Worker_TP1_EP1 pid=1342363) AUTOTUNE mm(9x2048, 2048x4096)
(Worker_TP1_EP1 pid=1342363) strides: [2048, 1], [1, 2048]
(Worker_TP1_EP1 pid=1342363) dtypes: torch.bfloat16, torch.bfloat16
(Worker_TP1_EP1 pid=1342363)   triton_mm_58 0.0111 ms 100.0% ACC_TYPE='tl.float32', ALLOW_TF32=False, BLOCK_K=128, BLOCK_M=16, BLOCK_N=32, EVEN_K=True, GROUP_M=8, USE_FAST_ACCUM=False, num_stages=5, num_warps=2
(Worker_TP1_EP1 pid=1342363)   mm 0.0115 ms 96.7% 
(Worker_TP1_EP1 pid=1342363)   triton_mm_62 0.0116 ms 96.1% ACC_TYPE='tl.float32', ALLOW_TF32=False, BLOCK_K=128, BLOCK_M=16, BLOCK_N=64, EVEN_K=True, GROUP_M=8, USE_FAST_ACCUM=False, num_stages=5, num_warps=4
(Worker_TP1_EP1 pid=1342363)   triton_mm_71 0.0136 ms 81.8% ACC_TYPE='tl.float32', ALLOW_TF32=False, BLOCK_K=128, BLOCK_M=16, BLOCK_N=128, EVEN_K=True, GROUP_M=8, USE_FAST_ACCUM=False, num_stages=4, num_warps=8
(Worker_TP1_EP1 pid=1342363)   triton_mm_66 0.0136 ms 81.6% ACC_TYPE='tl.float32', ALLOW_TF32=False, BLOCK_K=128, BLOCK_M=16, BLOCK_N=128, EVEN_K=True, GROUP_M=8, USE_FAST_ACCUM=False, num_stages=4, num_warps=4
(Worker_TP1_EP1 pid=1342363)   triton_mm_70 0.0149 ms 74.6% ACC_TYPE='tl.float32', ALLOW_TF32=False, BLOCK_K=64, BLOCK_M=16, BLOCK_N=128, EVEN_K=True, GROUP_M=8, USE_FAST_ACCUM=False, num_stages=5, num_warps=8
(Worker_TP1_EP1 pid=1342363)   triton_mm_57 0.0182 ms 60.9% ACC_TYPE='tl.float32', ALLOW_TF32=False, BLOCK_K=32, BLOCK_M=16, BLOCK_N=32, EVEN_K=True, GROUP_M=8, USE_FAST_ACCUM=False, num_stages=5, num_warps=2
(Worker_TP1_EP1 pid=1342363)   triton_mm_61 0.0183 ms 60.8% ACC_TYPE='tl.float32', ALLOW_TF32=False, BLOCK_K=64, BLOCK_M=16, BLOCK_N=64, EVEN_K=True, GROUP_M=8, USE_FAST_ACCUM=False, num_stages=3, num_warps=4
(Worker_TP1_EP1 pid=1342363)   triton_mm_55 0.0185 ms 60.0% ACC_TYPE='tl.float32', ALLOW_TF32=False, BLOCK_K=128, BLOCK_M=16, BLOCK_N=32, EVEN_K=True, GROUP_M=8, USE_FAST_ACCUM=False, num_stages=2, num_warps=2
(Worker_TP1_EP1 pid=1342363)   triton_mm_56 0.0191 ms 58.2% ACC_TYPE='tl.float32', ALLOW_TF32=False, BLOCK_K=32, BLOCK_M=16, BLOCK_N=64, EVEN_K=True, GROUP_M=8, USE_FAST_ACCUM=False, num_stages=5, num_warps=4
(Worker_TP1_EP1 pid=1342363) SingleProcess AUTOTUNE benchmarking takes 0.1446 seconds and 0.0003 seconds precompiling for 19 choices
(Worker_TP3_EP3 pid=1342367) Autotune Choices Stats:
(Worker_TP3_EP3 pid=1342367) {"num_choices": 28, "num_triton_choices": 18, "best_kernel": "decompose_k_mm_32_split_17", "best_kernel_desc": "k_split=32", "best_time": 0.008352000266313553, "best_triton_pos": 9, "best_triton_time": 0.017311999574303627, "best_triton_kernel": "triton_mm_40", "best_triton_kernel_desc": "ACC_TYPE='tl.float32', ALLOW_TF32=False, BLOCK_K=128, BLOCK_M=16, BLOCK_N=32, EVEN_K=True, GROUP_M=8, USE_FAST_ACCUM=False, num_stages=5, num_warps=2"}
(Worker_TP3_EP3 pid=1342367) AUTOTUNE mm(9x6144, 6144x160)
(Worker_TP3_EP3 pid=1342367) strides: [6144, 1], [1, 6144]
(Worker_TP3_EP3 pid=1342367) dtypes: torch.bfloat16, torch.bfloat16
(Worker_TP3_EP3 pid=1342367)   decompose_k_mm_32_split_17 0.0084 ms 100.0% k_split=32
(Worker_TP3_EP3 pid=1342367)   decompose_k_mm_12_split_11 0.0085 ms 97.8% k_split=12
(Worker_TP3_EP3 pid=1342367)   decompose_k_mm_24_split_12 0.0086 ms 96.7% k_split=24
(Worker_TP3_EP3 pid=1342367)   decompose_k_mm_6_split_10 0.0088 ms 95.3% k_split=6
(Worker_TP3_EP3 pid=1342367)   mm 0.0089 ms 93.5% 
(Worker_TP3_EP3 pid=1342367)   decompose_k_mm_8_split_15 0.0089 ms 93.5% k_split=8
(Worker_TP3_EP3 pid=1342367)   decompose_k_mm_4_split_14 0.0094 ms 89.1% k_split=4
(Worker_TP3_EP3 pid=1342367)   decompose_k_mm_3_split_9 0.0097 ms 85.9% k_split=3
(Worker_TP3_EP3 pid=1342367)   decompose_k_mm_2_split_13 0.0111 ms 75.4% k_split=2
(Worker_TP3_EP3 pid=1342367)   triton_mm_40 0.0173 ms 48.2% ACC_TYPE='tl.float32', ALLOW_TF32=False, BLOCK_K=128, BLOCK_M=16, BLOCK_N=32, EVEN_K=True, GROUP_M=8, USE_FAST_ACCUM=False, num_stages=5, num_warps=2
(Worker_TP3_EP3 pid=1342367) SingleProcess AUTOTUNE benchmarking takes 1.8951 seconds and 0.0002 seconds precompiling for 28 choices
(Worker_TP2_EP2 pid=1342365) Autotune Choices Stats:
(Worker_TP2_EP2 pid=1342365) {"num_choices": 28, "num_triton_choices": 18, "best_kernel": "decompose_k_mm_24_split_12", "best_kernel_desc": "k_split=24", "best_time": 0.008608000352978706, "best_triton_pos": 9, "best_triton_time": 0.01772800087928772, "best_triton_kernel": "triton_mm_40", "best_triton_kernel_desc": "ACC_TYPE='tl.float32', ALLOW_TF32=False, BLOCK_K=128, BLOCK_M=16, BLOCK_N=32, EVEN_K=True, GROUP_M=8, USE_FAST_ACCUM=False, num_stages=5, num_warps=2"}
(Worker_TP2_EP2 pid=1342365) AUTOTUNE mm(9x6144, 6144x160)
(Worker_TP2_EP2 pid=1342365) strides: [6144, 1], [1, 6144]
(Worker_TP2_EP2 pid=1342365) dtypes: torch.bfloat16, torch.bfloat16
(Worker_TP2_EP2 pid=1342365)   decompose_k_mm_24_split_12 0.0086 ms 100.0% k_split=24
(Worker_TP2_EP2 pid=1342365)   decompose_k_mm_16_split_16 0.0088 ms 98.2% k_split=16
(Worker_TP2_EP2 pid=1342365)   mm 0.0089 ms 96.8% 
(Worker_TP2_EP2 pid=1342365)   decompose_k_mm_12_split_11 0.0090 ms 95.7% k_split=12
(Worker_TP2_EP2 pid=1342365)   decompose_k_mm_8_split_15 0.0091 ms 94.4% k_split=8
(Worker_TP2_EP2 pid=1342365)   decompose_k_mm_6_split_10 0.0093 ms 92.4% k_split=6
(Worker_TP2_EP2 pid=1342365)   decompose_k_mm_4_split_14 0.0095 ms 90.9% k_split=4
(Worker_TP2_EP2 pid=1342365)   decompose_k_mm_3_split_9 0.0102 ms 84.6% k_split=3
(Worker_TP2_EP2 pid=1342365)   decompose_k_mm_2_split_13 0.0114 ms 75.4% k_split=2
(Worker_TP2_EP2 pid=1342365)   triton_mm_40 0.0177 ms 48.6% ACC_TYPE='tl.float32', ALLOW_TF32=False, BLOCK_K=128, BLOCK_M=16, BLOCK_N=32, EVEN_K=True, GROUP_M=8, USE_FAST_ACCUM=False, num_stages=5, num_warps=2
(Worker_TP2_EP2 pid=1342365) SingleProcess AUTOTUNE benchmarking takes 2.2661 seconds and 0.0002 seconds precompiling for 28 choices
(Worker_TP3_EP3 pid=1342367) Autotune Choices Stats:
(Worker_TP3_EP3 pid=1342367) {"num_choices": 19, "num_triton_choices": 18, "best_kernel": "triton_mm_58", "best_kernel_desc": "ACC_TYPE='tl.float32', ALLOW_TF32=False, BLOCK_K=128, BLOCK_M=16, BLOCK_N=32, EVEN_K=True, GROUP_M=8, USE_FAST_ACCUM=False, num_stages=5, num_warps=2", "best_time": 0.011136000044643879, "best_triton_pos": 0}
(Worker_TP3_EP3 pid=1342367) AUTOTUNE mm(9x2048, 2048x4096)
(Worker_TP3_EP3 pid=1342367) strides: [2048, 1], [1, 2048]
(Worker_TP3_EP3 pid=1342367) dtypes: torch.bfloat16, torch.bfloat16
(Worker_TP3_EP3 pid=1342367)   triton_mm_58 0.0111 ms 100.0% ACC_TYPE='tl.float32', ALLOW_TF32=False, BLOCK_K=128, BLOCK_M=16, BLOCK_N=32, EVEN_K=True, GROUP_M=8, USE_FAST_ACCUM=False, num_stages=5, num_warps=2
(Worker_TP3_EP3 pid=1342367)   mm 0.0114 ms 97.8% 
(Worker_TP3_EP3 pid=1342367)   triton_mm_62 0.0115 ms 96.9% ACC_TYPE='tl.float32', ALLOW_TF32=False, BLOCK_K=128, BLOCK_M=16, BLOCK_N=64, EVEN_K=True, GROUP_M=8, USE_FAST_ACCUM=False, num_stages=5, num_warps=4
(Worker_TP3_EP3 pid=1342367)   triton_mm_71 0.0136 ms 81.9% ACC_TYPE='tl.float32', ALLOW_TF32=False, BLOCK_K=128, BLOCK_M=16, BLOCK_N=128, EVEN_K=True, GROUP_M=8, USE_FAST_ACCUM=False, num_stages=4, num_warps=8
(Worker_TP3_EP3 pid=1342367)   triton_mm_66 0.0138 ms 80.7% ACC_TYPE='tl.float32', ALLOW_TF32=False, BLOCK_K=128, BLOCK_M=16, BLOCK_N=128, EVEN_K=True, GROUP_M=8, USE_FAST_ACCUM=False, num_stages=4, num_warps=4
(Worker_TP3_EP3 pid=1342367)   triton_mm_70 0.0149 ms 74.7% ACC_TYPE='tl.float32', ALLOW_TF32=False, BLOCK_K=64, BLOCK_M=16, BLOCK_N=128, EVEN_K=True, GROUP_M=8, USE_FAST_ACCUM=False, num_stages=5, num_warps=8
(Worker_TP3_EP3 pid=1342367)   triton_mm_61 0.0183 ms 60.7% ACC_TYPE='tl.float32', ALLOW_TF32=False, BLOCK_K=64, BLOCK_M=16, BLOCK_N=64, EVEN_K=True, GROUP_M=8, USE_FAST_ACCUM=False, num_stages=3, num_warps=4
(Worker_TP3_EP3 pid=1342367)   triton_mm_57 0.0184 ms 60.4% ACC_TYPE='tl.float32', ALLOW_TF32=False, BLOCK_K=32, BLOCK_M=16, BLOCK_N=32, EVEN_K=True, GROUP_M=8, USE_FAST_ACCUM=False, num_stages=5, num_warps=2
(Worker_TP3_EP3 pid=1342367)   triton_mm_55 0.0185 ms 60.1% ACC_TYPE='tl.float32', ALLOW_TF32=False, BLOCK_K=128, BLOCK_M=16, BLOCK_N=32, EVEN_K=True, GROUP_M=8, USE_FAST_ACCUM=False, num_stages=2, num_warps=2
(Worker_TP3_EP3 pid=1342367)   triton_mm_56 0.0192 ms 58.1% ACC_TYPE='tl.float32', ALLOW_TF32=False, BLOCK_K=32, BLOCK_M=16, BLOCK_N=64, EVEN_K=True, GROUP_M=8, USE_FAST_ACCUM=False, num_stages=5, num_warps=4
(Worker_TP3_EP3 pid=1342367) SingleProcess AUTOTUNE benchmarking takes 0.1465 seconds and 0.0002 seconds precompiling for 19 choices
(Worker_TP2_EP2 pid=1342365) Autotune Choices Stats:
(Worker_TP2_EP2 pid=1342365) {"num_choices": 19, "num_triton_choices": 18, "best_kernel": "triton_mm_58", "best_kernel_desc": "ACC_TYPE='tl.float32', ALLOW_TF32=False, BLOCK_K=128, BLOCK_M=16, BLOCK_N=32, EVEN_K=True, GROUP_M=8, USE_FAST_ACCUM=False, num_stages=5, num_warps=2", "best_time": 0.011168000288307667, "best_triton_pos": 0}
(Worker_TP2_EP2 pid=1342365) AUTOTUNE mm(9x2048, 2048x4096)
(Worker_TP2_EP2 pid=1342365) strides: [2048, 1], [1, 2048]
(Worker_TP2_EP2 pid=1342365) dtypes: torch.bfloat16, torch.bfloat16
(Worker_TP2_EP2 pid=1342365)   triton_mm_58 0.0112 ms 100.0% ACC_TYPE='tl.float32', ALLOW_TF32=False, BLOCK_K=128, BLOCK_M=16, BLOCK_N=32, EVEN_K=True, GROUP_M=8, USE_FAST_ACCUM=False, num_stages=5, num_warps=2
(Worker_TP2_EP2 pid=1342365)   mm 0.0116 ms 96.4% 
(Worker_TP2_EP2 pid=1342365)   triton_mm_62 0.0118 ms 94.6% ACC_TYPE='tl.float32', ALLOW_TF32=False, BLOCK_K=128, BLOCK_M=16, BLOCK_N=64, EVEN_K=True, GROUP_M=8, USE_FAST_ACCUM=False, num_stages=5, num_warps=4
(Worker_TP2_EP2 pid=1342365)   triton_mm_71 0.0137 ms 81.4% ACC_TYPE='tl.float32', ALLOW_TF32=False, BLOCK_K=128, BLOCK_M=16, BLOCK_N=128, EVEN_K=True, GROUP_M=8, USE_FAST_ACCUM=False, num_stages=4, num_warps=8
(Worker_TP2_EP2 pid=1342365)   triton_mm_66 0.0138 ms 81.2% ACC_TYPE='tl.float32', ALLOW_TF32=False, BLOCK_K=128, BLOCK_M=16, BLOCK_N=128, EVEN_K=True, GROUP_M=8, USE_FAST_ACCUM=False, num_stages=4, num_warps=4
(Worker_TP2_EP2 pid=1342365)   triton_mm_70 0.0149 ms 74.7% ACC_TYPE='tl.float32', ALLOW_TF32=False, BLOCK_K=64, BLOCK_M=16, BLOCK_N=128, EVEN_K=True, GROUP_M=8, USE_FAST_ACCUM=False, num_stages=5, num_warps=8
(Worker_TP2_EP2 pid=1342365)   triton_mm_55 0.0185 ms 60.4% ACC_TYPE='tl.float32', ALLOW_TF32=False, BLOCK_K=128, BLOCK_M=16, BLOCK_N=32, EVEN_K=True, GROUP_M=8, USE_FAST_ACCUM=False, num_stages=2, num_warps=2
(Worker_TP2_EP2 pid=1342365)   triton_mm_57 0.0185 ms 60.4% ACC_TYPE='tl.float32', ALLOW_TF32=False, BLOCK_K=32, BLOCK_M=16, BLOCK_N=32, EVEN_K=True, GROUP_M=8, USE_FAST_ACCUM=False, num_stages=5, num_warps=2
(Worker_TP2_EP2 pid=1342365)   triton_mm_61 0.0186 ms 60.1% ACC_TYPE='tl.float32', ALLOW_TF32=False, BLOCK_K=64, BLOCK_M=16, BLOCK_N=64, EVEN_K=True, GROUP_M=8, USE_FAST_ACCUM=False, num_stages=3, num_warps=4
(Worker_TP2_EP2 pid=1342365)   triton_mm_56 0.0196 ms 57.0% ACC_TYPE='tl.float32', ALLOW_TF32=False, BLOCK_K=32, BLOCK_M=16, BLOCK_N=64, EVEN_K=True, GROUP_M=8, USE_FAST_ACCUM=False, num_stages=5, num_warps=4
(Worker_TP2_EP2 pid=1342365) SingleProcess AUTOTUNE benchmarking takes 0.1480 seconds and 0.0002 seconds precompiling for 19 choices
(Worker_TP1_EP1 pid=1342363) Autotune Choices Stats:
(Worker_TP1_EP1 pid=1342363) {"num_choices": 28, "num_triton_choices": 18, "best_kernel": "decompose_k_mm_32_split_26", "best_kernel_desc": "k_split=32", "best_time": 0.008128000423312187, "best_triton_pos": 9, "best_triton_time": 0.01740800030529499, "best_triton_kernel": "triton_mm_76", "best_triton_kernel_desc": "ACC_TYPE='tl.float32', ALLOW_TF32=False, BLOCK_K=128, BLOCK_M=16, BLOCK_N=32, EVEN_K=True, GROUP_M=8, USE_FAST_ACCUM=False, num_stages=5, num_warps=2"}
(Worker_TP1_EP1 pid=1342363) AUTOTUNE mm(9x6144, 6144x160)
(Worker_TP1_EP1 pid=1342363) strides: [6144, 1], [1, 6144]
(Worker_TP1_EP1 pid=1342363) dtypes: torch.bfloat16, torch.bfloat16
(Worker_TP1_EP1 pid=1342363)   decompose_k_mm_32_split_26 0.0081 ms 100.0% k_split=32
(Worker_TP1_EP1 pid=1342363)   decompose_k_mm_24_split_21 0.0082 ms 99.6% k_split=24
(Worker_TP1_EP1 pid=1342363)   decompose_k_mm_12_split_20 0.0083 ms 98.4% k_split=12
(Worker_TP1_EP1 pid=1342363)   decompose_k_mm_16_split_25 0.0084 ms 96.9% k_split=16
(Worker_TP1_EP1 pid=1342363)   decompose_k_mm_6_split_19 0.0088 ms 92.7% k_split=6
(Worker_TP1_EP1 pid=1342363)   decompose_k_mm_8_split_24 0.0089 ms 91.7% k_split=8
(Worker_TP1_EP1 pid=1342363)   decompose_k_mm_4_split_23 0.0090 ms 90.1% k_split=4
(Worker_TP1_EP1 pid=1342363)   decompose_k_mm_3_split_18 0.0094 ms 86.1% k_split=3
(Worker_TP1_EP1 pid=1342363)   decompose_k_mm_2_split_22 0.0110 ms 74.1% k_split=2
(Worker_TP1_EP1 pid=1342363)   triton_mm_76 0.0174 ms 46.7% ACC_TYPE='tl.float32', ALLOW_TF32=False, BLOCK_K=128, BLOCK_M=16, BLOCK_N=32, EVEN_K=True, GROUP_M=8, USE_FAST_ACCUM=False, num_stages=5, num_warps=2
(Worker_TP1_EP1 pid=1342363) SingleProcess AUTOTUNE benchmarking takes 0.8432 seconds and 0.0002 seconds precompiling for 28 choices
(Worker_TP1_EP1 pid=1342363) Autotune Choices Stats:
(Worker_TP1_EP1 pid=1342363) {"num_choices": 19, "num_triton_choices": 18, "best_kernel": "triton_mm_94", "best_kernel_desc": "ACC_TYPE='tl.float32', ALLOW_TF32=False, BLOCK_K=128, BLOCK_M=16, BLOCK_N=32, EVEN_K=True, GROUP_M=8, USE_FAST_ACCUM=False, num_stages=5, num_warps=2", "best_time": 0.011168000288307667, "best_triton_pos": 0}
(Worker_TP1_EP1 pid=1342363) AUTOTUNE mm(9x2048, 2048x4096)
(Worker_TP1_EP1 pid=1342363) strides: [2048, 1], [1, 2048]
(Worker_TP1_EP1 pid=1342363) dtypes: torch.bfloat16, torch.bfloat16
(Worker_TP1_EP1 pid=1342363)   triton_mm_94 0.0112 ms 100.0% ACC_TYPE='tl.float32', ALLOW_TF32=False, BLOCK_K=128, BLOCK_M=16, BLOCK_N=32, EVEN_K=True, GROUP_M=8, USE_FAST_ACCUM=False, num_stages=5, num_warps=2
(Worker_TP1_EP1 pid=1342363)   mm 0.0115 ms 97.5% 
(Worker_TP1_EP1 pid=1342363)   triton_mm_98 0.0116 ms 95.9% ACC_TYPE='tl.float32', ALLOW_TF32=False, BLOCK_K=128, BLOCK_M=16, BLOCK_N=64, EVEN_K=True, GROUP_M=8, USE_FAST_ACCUM=False, num_stages=5, num_warps=4
(Worker_TP1_EP1 pid=1342363)   triton_mm_107 0.0136 ms 82.1% ACC_TYPE='tl.float32', ALLOW_TF32=False, BLOCK_K=128, BLOCK_M=16, BLOCK_N=128, EVEN_K=True, GROUP_M=8, USE_FAST_ACCUM=False, num_stages=4, num_warps=8
(Worker_TP1_EP1 pid=1342363)   triton_mm_102 0.0138 ms 81.2% ACC_TYPE='tl.float32', ALLOW_TF32=False, BLOCK_K=128, BLOCK_M=16, BLOCK_N=128, EVEN_K=True, GROUP_M=8, USE_FAST_ACCUM=False, num_stages=4, num_warps=4
(Worker_TP1_EP1 pid=1342363)   triton_mm_106 0.0149 ms 74.9% ACC_TYPE='tl.float32', ALLOW_TF32=False, BLOCK_K=64, BLOCK_M=16, BLOCK_N=128, EVEN_K=True, GROUP_M=8, USE_FAST_ACCUM=False, num_stages=5, num_warps=8
(Worker_TP1_EP1 pid=1342363)   triton_mm_97 0.0182 ms 61.3% ACC_TYPE='tl.float32', ALLOW_TF32=False, BLOCK_K=64, BLOCK_M=16, BLOCK_N=64, EVEN_K=True, GROUP_M=8, USE_FAST_ACCUM=False, num_stages=3, num_warps=4
(Worker_TP1_EP1 pid=1342363)   triton_mm_93 0.0183 ms 61.0% ACC_TYPE='tl.float32', ALLOW_TF32=False, BLOCK_K=32, BLOCK_M=16, BLOCK_N=32, EVEN_K=True, GROUP_M=8, USE_FAST_ACCUM=False, num_stages=5, num_warps=2
(Worker_TP1_EP1 pid=1342363)   triton_mm_91 0.0186 ms 60.2% ACC_TYPE='tl.float32', ALLOW_TF32=False, BLOCK_K=128, BLOCK_M=16, BLOCK_N=32, EVEN_K=True, GROUP_M=8, USE_FAST_ACCUM=False, num_stages=2, num_warps=2
(Worker_TP1_EP1 pid=1342363)   triton_mm_92 0.0192 ms 58.2% ACC_TYPE='tl.float32', ALLOW_TF32=False, BLOCK_K=32, BLOCK_M=16, BLOCK_N=64, EVEN_K=True, GROUP_M=8, USE_FAST_ACCUM=False, num_stages=5, num_warps=4
(Worker_TP1_EP1 pid=1342363) SingleProcess AUTOTUNE benchmarking takes 0.1445 seconds and 0.0002 seconds precompiling for 19 choices
(Worker_TP3_EP3 pid=1342367) Autotune Choices Stats:
(Worker_TP3_EP3 pid=1342367) {"num_choices": 28, "num_triton_choices": 18, "best_kernel": "decompose_k_mm_24_split_21", "best_kernel_desc": "k_split=24", "best_time": 0.008287999778985977, "best_triton_pos": 9, "best_triton_time": 0.01740800030529499, "best_triton_kernel": "triton_mm_76", "best_triton_kernel_desc": "ACC_TYPE='tl.float32', ALLOW_TF32=False, BLOCK_K=128, BLOCK_M=16, BLOCK_N=32, EVEN_K=True, GROUP_M=8, USE_FAST_ACCUM=False, num_stages=5, num_warps=2"}
(Worker_TP3_EP3 pid=1342367) AUTOTUNE mm(9x6144, 6144x160)
(Worker_TP3_EP3 pid=1342367) strides: [6144, 1], [1, 6144]
(Worker_TP3_EP3 pid=1342367) dtypes: torch.bfloat16, torch.bfloat16
(Worker_TP3_EP3 pid=1342367)   decompose_k_mm_24_split_21 0.0083 ms 100.0% k_split=24
(Worker_TP3_EP3 pid=1342367)   mm 0.0084 ms 98.1% 
(Worker_TP3_EP3 pid=1342367)   decompose_k_mm_32_split_26 0.0086 ms 96.6% k_split=32
(Worker_TP3_EP3 pid=1342367)   decompose_k_mm_12_split_20 0.0088 ms 94.5% k_split=12
(Worker_TP3_EP3 pid=1342367)   decompose_k_mm_8_split_24 0.0090 ms 91.8% k_split=8
(Worker_TP3_EP3 pid=1342367)   decompose_k_mm_6_split_19 0.0091 ms 91.5% k_split=6
(Worker_TP3_EP3 pid=1342367)   decompose_k_mm_4_split_23 0.0093 ms 89.0% k_split=4
(Worker_TP3_EP3 pid=1342367)   decompose_k_mm_3_split_18 0.0101 ms 82.0% k_split=3
(Worker_TP3_EP3 pid=1342367)   decompose_k_mm_2_split_22 0.0110 ms 75.1% k_split=2
(Worker_TP3_EP3 pid=1342367)   triton_mm_76 0.0174 ms 47.6% ACC_TYPE='tl.float32', ALLOW_TF32=False, BLOCK_K=128, BLOCK_M=16, BLOCK_N=32, EVEN_K=True, GROUP_M=8, USE_FAST_ACCUM=False, num_stages=5, num_warps=2
(Worker_TP3_EP3 pid=1342367) SingleProcess AUTOTUNE benchmarking takes 1.3513 seconds and 0.0002 seconds precompiling for 28 choices
(Worker_TP3_EP3 pid=1342367) Autotune Choices Stats:
(Worker_TP3_EP3 pid=1342367) {"num_choices": 19, "num_triton_choices": 18, "best_kernel": "triton_mm_94", "best_kernel_desc": "ACC_TYPE='tl.float32', ALLOW_TF32=False, BLOCK_K=128, BLOCK_M=16, BLOCK_N=32, EVEN_K=True, GROUP_M=8, USE_FAST_ACCUM=False, num_stages=5, num_warps=2", "best_time": 0.010975999757647514, "best_triton_pos": 0}
(Worker_TP3_EP3 pid=1342367) AUTOTUNE mm(9x2048, 2048x4096)
(Worker_TP3_EP3 pid=1342367) strides: [2048, 1], [1, 2048]
(Worker_TP3_EP3 pid=1342367) dtypes: torch.bfloat16, torch.bfloat16
(Worker_TP3_EP3 pid=1342367)   triton_mm_94 0.0110 ms 100.0% ACC_TYPE='tl.float32', ALLOW_TF32=False, BLOCK_K=128, BLOCK_M=16, BLOCK_N=32, EVEN_K=True, GROUP_M=8, USE_FAST_ACCUM=False, num_stages=5, num_warps=2
(Worker_TP3_EP3 pid=1342367)   mm 0.0115 ms 95.8% 
(Worker_TP3_EP3 pid=1342367)   triton_mm_98 0.0115 ms 95.3% ACC_TYPE='tl.float32', ALLOW_TF32=False, BLOCK_K=128, BLOCK_M=16, BLOCK_N=64, EVEN_K=True, GROUP_M=8, USE_FAST_ACCUM=False, num_stages=5, num_warps=4
(Worker_TP3_EP3 pid=1342367)   triton_mm_107 0.0136 ms 80.9% ACC_TYPE='tl.float32', ALLOW_TF32=False, BLOCK_K=128, BLOCK_M=16, BLOCK_N=128, EVEN_K=True, GROUP_M=8, USE_FAST_ACCUM=False, num_stages=4, num_warps=8
(Worker_TP3_EP3 pid=1342367)   triton_mm_102 0.0140 ms 78.7% ACC_TYPE='tl.float32', ALLOW_TF32=False, BLOCK_K=128, BLOCK_M=16, BLOCK_N=128, EVEN_K=True, GROUP_M=8, USE_FAST_ACCUM=False, num_stages=4, num_warps=4
(Worker_TP3_EP3 pid=1342367)   triton_mm_106 0.0150 ms 73.0% ACC_TYPE='tl.float32', ALLOW_TF32=False, BLOCK_K=64, BLOCK_M=16, BLOCK_N=128, EVEN_K=True, GROUP_M=8, USE_FAST_ACCUM=False, num_stages=5, num_warps=8
(Worker_TP3_EP3 pid=1342367)   triton_mm_93 0.0183 ms 59.9% ACC_TYPE='tl.float32', ALLOW_TF32=False, BLOCK_K=32, BLOCK_M=16, BLOCK_N=32, EVEN_K=True, GROUP_M=8, USE_FAST_ACCUM=False, num_stages=5, num_warps=2
(Worker_TP3_EP3 pid=1342367)   triton_mm_97 0.0183 ms 59.9% ACC_TYPE='tl.float32', ALLOW_TF32=False, BLOCK_K=64, BLOCK_M=16, BLOCK_N=64, EVEN_K=True, GROUP_M=8, USE_FAST_ACCUM=False, num_stages=3, num_warps=4
(Worker_TP3_EP3 pid=1342367)   triton_mm_91 0.0184 ms 59.5% ACC_TYPE='tl.float32', ALLOW_TF32=False, BLOCK_K=128, BLOCK_M=16, BLOCK_N=32, EVEN_K=True, GROUP_M=8, USE_FAST_ACCUM=False, num_stages=2, num_warps=2
(Worker_TP3_EP3 pid=1342367)   triton_mm_92 0.0194 ms 56.6% ACC_TYPE='tl.float32', ALLOW_TF32=False, BLOCK_K=32, BLOCK_M=16, BLOCK_N=64, EVEN_K=True, GROUP_M=8, USE_FAST_ACCUM=False, num_stages=5, num_warps=4
(Worker_TP3_EP3 pid=1342367) SingleProcess AUTOTUNE benchmarking takes 0.1477 seconds and 0.0002 seconds precompiling for 19 choices
(Worker_TP1_EP1 pid=1342363) Autotune Choices Stats:
(Worker_TP1_EP1 pid=1342363) {"num_choices": 28, "num_triton_choices": 18, "best_kernel": "decompose_k_mm_32_split_35", "best_kernel_desc": "k_split=32", "best_time": 0.008128000423312187, "best_triton_pos": 10, "best_triton_time": 0.017535999417304993, "best_triton_kernel": "triton_mm_112", "best_triton_kernel_desc": "ACC_TYPE='tl.float32', ALLOW_TF32=False, BLOCK_K=128, BLOCK_M=16, BLOCK_N=32, EVEN_K=True, GROUP_M=8, USE_FAST_ACCUM=False, num_stages=5, num_warps=2"}
(Worker_TP1_EP1 pid=1342363) AUTOTUNE mm(9x6144, 6144x160)
(Worker_TP1_EP1 pid=1342363) strides: [6144, 1], [1, 6144]
(Worker_TP1_EP1 pid=1342363) dtypes: torch.bfloat16, torch.bfloat16
(Worker_TP1_EP1 pid=1342363)   decompose_k_mm_32_split_35 0.0081 ms 100.0% k_split=32
(Worker_TP1_EP1 pid=1342363)   decompose_k_mm_16_split_34 0.0082 ms 98.8% k_split=16
(Worker_TP1_EP1 pid=1342363)   decompose_k_mm_24_split_30 0.0085 ms 95.5% k_split=24
(Worker_TP1_EP1 pid=1342363)   decompose_k_mm_12_split_29 0.0086 ms 94.1% k_split=12
(Worker_TP1_EP1 pid=1342363)   mm 0.0088 ms 92.7% 
(Worker_TP1_EP1 pid=1342363)   decompose_k_mm_8_split_33 0.0088 ms 92.4% k_split=8
(Worker_TP1_EP1 pid=1342363)   decompose_k_mm_6_split_28 0.0090 ms 90.4% k_split=6
(Worker_TP1_EP1 pid=1342363)   decompose_k_mm_4_split_32 0.0090 ms 90.4% k_split=4
(Worker_TP1_EP1 pid=1342363)   decompose_k_mm_3_split_27 0.0096 ms 84.4% k_split=3
(Worker_TP1_EP1 pid=1342363)   decompose_k_mm_2_split_31 0.0118 ms 68.6% k_split=2
(Worker_TP1_EP1 pid=1342363) SingleProcess AUTOTUNE benchmarking takes 0.8613 seconds and 0.0002 seconds precompiling for 28 choices
(Worker_TP1_EP1 pid=1342363) Autotune Choices Stats:
(Worker_TP1_EP1 pid=1342363) {"num_choices": 19, "num_triton_choices": 18, "best_kernel": "triton_mm_130", "best_kernel_desc": "ACC_TYPE='tl.float32', ALLOW_TF32=False, BLOCK_K=128, BLOCK_M=16, BLOCK_N=32, EVEN_K=True, GROUP_M=8, USE_FAST_ACCUM=False, num_stages=5, num_warps=2", "best_time": 0.01119999960064888, "best_triton_pos": 0}
(Worker_TP1_EP1 pid=1342363) AUTOTUNE mm(9x2048, 2048x4096)
(Worker_TP1_EP1 pid=1342363) strides: [2048, 1], [1, 2048]
(Worker_TP1_EP1 pid=1342363) dtypes: torch.bfloat16, torch.bfloat16
(Worker_TP1_EP1 pid=1342363)   triton_mm_130 0.0112 ms 100.0% ACC_TYPE='tl.float32', ALLOW_TF32=False, BLOCK_K=128, BLOCK_M=16, BLOCK_N=32, EVEN_K=True, GROUP_M=8, USE_FAST_ACCUM=False, num_stages=5, num_warps=2
(Worker_TP1_EP1 pid=1342363)   mm 0.0114 ms 98.0% 
(Worker_TP1_EP1 pid=1342363)   triton_mm_134 0.0116 ms 96.7% ACC_TYPE='tl.float32', ALLOW_TF32=False, BLOCK_K=128, BLOCK_M=16, BLOCK_N=64, EVEN_K=True, GROUP_M=8, USE_FAST_ACCUM=False, num_stages=5, num_warps=4
(Worker_TP1_EP1 pid=1342363)   triton_mm_143 0.0136 ms 82.4% ACC_TYPE='tl.float32', ALLOW_TF32=False, BLOCK_K=128, BLOCK_M=16, BLOCK_N=128, EVEN_K=True, GROUP_M=8, USE_FAST_ACCUM=False, num_stages=4, num_warps=8
(Worker_TP1_EP1 pid=1342363)   triton_mm_138 0.0140 ms 80.3% ACC_TYPE='tl.float32', ALLOW_TF32=False, BLOCK_K=128, BLOCK_M=16, BLOCK_N=128, EVEN_K=True, GROUP_M=8, USE_FAST_ACCUM=False, num_stages=4, num_warps=4
(Worker_TP1_EP1 pid=1342363)   triton_mm_142 0.0147 ms 76.1% ACC_TYPE='tl.float32', ALLOW_TF32=False, BLOCK_K=64, BLOCK_M=16, BLOCK_N=128, EVEN_K=True, GROUP_M=8, USE_FAST_ACCUM=False, num_stages=5, num_warps=8
(Worker_TP1_EP1 pid=1342363)   triton_mm_133 0.0181 ms 61.7% ACC_TYPE='tl.float32', ALLOW_TF32=False, BLOCK_K=64, BLOCK_M=16, BLOCK_N=64, EVEN_K=True, GROUP_M=8, USE_FAST_ACCUM=False, num_stages=3, num_warps=4
(Worker_TP1_EP1 pid=1342363)   triton_mm_129 0.0183 ms 61.3% ACC_TYPE='tl.float32', ALLOW_TF32=False, BLOCK_K=32, BLOCK_M=16, BLOCK_N=32, EVEN_K=True, GROUP_M=8, USE_FAST_ACCUM=False, num_stages=5, num_warps=2
(Worker_TP1_EP1 pid=1342363)   triton_mm_127 0.0185 ms 60.6% ACC_TYPE='tl.float32', ALLOW_TF32=False, BLOCK_K=128, BLOCK_M=16, BLOCK_N=32, EVEN_K=True, GROUP_M=8, USE_FAST_ACCUM=False, num_stages=2, num_warps=2
(Worker_TP1_EP1 pid=1342363)   triton_mm_128 0.0190 ms 58.8% ACC_TYPE='tl.float32', ALLOW_TF32=False, BLOCK_K=32, BLOCK_M=16, BLOCK_N=64, EVEN_K=True, GROUP_M=8, USE_FAST_ACCUM=False, num_stages=5, num_warps=4
(Worker_TP1_EP1 pid=1342363) SingleProcess AUTOTUNE benchmarking takes 0.1446 seconds and 0.0002 seconds precompiling for 19 choices
(Worker_TP2_EP2 pid=1342365) Autotune Choices Stats:
(Worker_TP2_EP2 pid=1342365) {"num_choices": 19, "num_triton_choices": 18, "best_kernel": "mm", "best_time": 0.021247999742627144, "best_triton_pos": 1, "best_triton_time": 0.024191999807953835, "best_triton_kernel": "triton_mm_184", "best_triton_kernel_desc": "ACC_TYPE='tl.float32', ALLOW_TF32=False, BLOCK_K=128, BLOCK_M=16, BLOCK_N=32, EVEN_K=True, GROUP_M=8, USE_FAST_ACCUM=False, num_stages=5, num_warps=2"}
(Worker_TP2_EP2 pid=1342365) AUTOTUNE mm(9x6144, 6144x3072)
(Worker_TP2_EP2 pid=1342365) strides: [6144, 1], [1, 6144]
(Worker_TP2_EP2 pid=1342365) dtypes: torch.bfloat16, torch.bfloat16
(Worker_TP2_EP2 pid=1342365)   mm 0.0212 ms 100.0% 
(Worker_TP2_EP2 pid=1342365)   triton_mm_184 0.0242 ms 87.8% ACC_TYPE='tl.float32', ALLOW_TF32=False, BLOCK_K=128, BLOCK_M=16, BLOCK_N=32, EVEN_K=True, GROUP_M=8, USE_FAST_ACCUM=False, num_stages=5, num_warps=2
(Worker_TP2_EP2 pid=1342365)   triton_mm_188 0.0249 ms 85.5% ACC_TYPE='tl.float32', ALLOW_TF32=False, BLOCK_K=128, BLOCK_M=16, BLOCK_N=64, EVEN_K=True, GROUP_M=8, USE_FAST_ACCUM=False, num_stages=5, num_warps=4
(Worker_TP2_EP2 pid=1342365)   triton_mm_192 0.0287 ms 73.9% ACC_TYPE='tl.float32', ALLOW_TF32=False, BLOCK_K=128, BLOCK_M=16, BLOCK_N=128, EVEN_K=True, GROUP_M=8, USE_FAST_ACCUM=False, num_stages=4, num_warps=4
(Worker_TP2_EP2 pid=1342365)   triton_mm_197 0.0310 ms 68.6% ACC_TYPE='tl.float32', ALLOW_TF32=False, BLOCK_K=128, BLOCK_M=16, BLOCK_N=128, EVEN_K=True, GROUP_M=8, USE_FAST_ACCUM=False, num_stages=4, num_warps=8
(Worker_TP2_EP2 pid=1342365)   triton_mm_196 0.0346 ms 61.4% ACC_TYPE='tl.float32', ALLOW_TF32=False, BLOCK_K=64, BLOCK_M=16, BLOCK_N=128, EVEN_K=True, GROUP_M=8, USE_FAST_ACCUM=False, num_stages=5, num_warps=8
(Worker_TP2_EP2 pid=1342365)   triton_mm_183 0.0478 ms 44.4% ACC_TYPE='tl.float32', ALLOW_TF32=False, BLOCK_K=32, BLOCK_M=16, BLOCK_N=32, EVEN_K=True, GROUP_M=8, USE_FAST_ACCUM=False, num_stages=5, num_warps=2
(Worker_TP2_EP2 pid=1342365)   triton_mm_187 0.0485 ms 43.8% ACC_TYPE='tl.float32', ALLOW_TF32=False, BLOCK_K=64, BLOCK_M=16, BLOCK_N=64, EVEN_K=True, GROUP_M=8, USE_FAST_ACCUM=False, num_stages=3, num_warps=4
(Worker_TP2_EP2 pid=1342365)   triton_mm_182 0.0496 ms 42.8% ACC_TYPE='tl.float32', ALLOW_TF32=False, BLOCK_K=32, BLOCK_M=16, BLOCK_N=64, EVEN_K=True, GROUP_M=8, USE_FAST_ACCUM=False, num_stages=5, num_warps=4
(Worker_TP2_EP2 pid=1342365)   triton_mm_181 0.0497 ms 42.8% ACC_TYPE='tl.float32', ALLOW_TF32=False, BLOCK_K=128, BLOCK_M=16, BLOCK_N=32, EVEN_K=True, GROUP_M=8, USE_FAST_ACCUM=False, num_stages=2, num_warps=2
(Worker_TP2_EP2 pid=1342365) SingleProcess AUTOTUNE benchmarking takes 0.2489 seconds and 1.9782 seconds precompiling for 19 choices
(Worker_TP0_EP0 pid=1342361) Autotune Choices Stats:
(Worker_TP0_EP0 pid=1342361) {"num_choices": 19, "num_triton_choices": 18, "best_kernel": "mm", "best_time": 0.021344000473618507, "best_triton_pos": 1, "best_triton_time": 0.02396799996495247, "best_triton_kernel": "triton_mm_184", "best_triton_kernel_desc": "ACC_TYPE='tl.float32', ALLOW_TF32=False, BLOCK_K=128, BLOCK_M=16, BLOCK_N=32, EVEN_K=True, GROUP_M=8, USE_FAST_ACCUM=False, num_stages=5, num_warps=2"}
(Worker_TP0_EP0 pid=1342361) AUTOTUNE mm(9x6144, 6144x3072)
(Worker_TP0_EP0 pid=1342361) strides: [6144, 1], [1, 6144]
(Worker_TP0_EP0 pid=1342361) dtypes: torch.bfloat16, torch.bfloat16
(Worker_TP0_EP0 pid=1342361)   mm 0.0213 ms 100.0% 
(Worker_TP0_EP0 pid=1342361)   triton_mm_184 0.0240 ms 89.1% ACC_TYPE='tl.float32', ALLOW_TF32=False, BLOCK_K=128, BLOCK_M=16, BLOCK_N=32, EVEN_K=True, GROUP_M=8, USE_FAST_ACCUM=False, num_stages=5, num_warps=2
(Worker_TP0_EP0 pid=1342361)   triton_mm_188 0.0248 ms 86.1% ACC_TYPE='tl.float32', ALLOW_TF32=False, BLOCK_K=128, BLOCK_M=16, BLOCK_N=64, EVEN_K=True, GROUP_M=8, USE_FAST_ACCUM=False, num_stages=5, num_warps=4
(Worker_TP0_EP0 pid=1342361)   triton_mm_192 0.0289 ms 73.9% ACC_TYPE='tl.float32', ALLOW_TF32=False, BLOCK_K=128, BLOCK_M=16, BLOCK_N=128, EVEN_K=True, GROUP_M=8, USE_FAST_ACCUM=False, num_stages=4, num_warps=4
(Worker_TP0_EP0 pid=1342361)   triton_mm_197 0.0311 ms 68.7% ACC_TYPE='tl.float32', ALLOW_TF32=False, BLOCK_K=128, BLOCK_M=16, BLOCK_N=128, EVEN_K=True, GROUP_M=8, USE_FAST_ACCUM=False, num_stages=4, num_warps=8
(Worker_TP0_EP0 pid=1342361)   triton_mm_196 0.0346 ms 61.7% ACC_TYPE='tl.float32', ALLOW_TF32=False, BLOCK_K=64, BLOCK_M=16, BLOCK_N=128, EVEN_K=True, GROUP_M=8, USE_FAST_ACCUM=False, num_stages=5, num_warps=8
(Worker_TP0_EP0 pid=1342361)   triton_mm_183 0.0476 ms 44.8% ACC_TYPE='tl.float32', ALLOW_TF32=False, BLOCK_K=32, BLOCK_M=16, BLOCK_N=32, EVEN_K=True, GROUP_M=8, USE_FAST_ACCUM=False, num_stages=5, num_warps=2
(Worker_TP0_EP0 pid=1342361)   triton_mm_187 0.0484 ms 44.1% ACC_TYPE='tl.float32', ALLOW_TF32=False, BLOCK_K=64, BLOCK_M=16, BLOCK_N=64, EVEN_K=True, GROUP_M=8, USE_FAST_ACCUM=False, num_stages=3, num_warps=4
(Worker_TP0_EP0 pid=1342361)   triton_mm_181 0.0496 ms 43.1% ACC_TYPE='tl.float32', ALLOW_TF32=False, BLOCK_K=128, BLOCK_M=16, BLOCK_N=32, EVEN_K=True, GROUP_M=8, USE_FAST_ACCUM=False, num_stages=2, num_warps=2
(Worker_TP0_EP0 pid=1342361)   triton_mm_182 0.0496 ms 43.0% ACC_TYPE='tl.float32', ALLOW_TF32=False, BLOCK_K=32, BLOCK_M=16, BLOCK_N=64, EVEN_K=True, GROUP_M=8, USE_FAST_ACCUM=False, num_stages=5, num_warps=4
(Worker_TP0_EP0 pid=1342361) SingleProcess AUTOTUNE benchmarking takes 0.2421 seconds and 2.0000 seconds precompiling for 19 choices
(Worker_TP3_EP3 pid=1342367) Autotune Choices Stats:
(Worker_TP3_EP3 pid=1342367) {"num_choices": 19, "num_triton_choices": 18, "best_kernel": "mm", "best_time": 0.02160000056028366, "best_triton_pos": 1, "best_triton_time": 0.024191999807953835, "best_triton_kernel": "triton_mm_184", "best_triton_kernel_desc": "ACC_TYPE='tl.float32', ALLOW_TF32=False, BLOCK_K=128, BLOCK_M=16, BLOCK_N=32, EVEN_K=True, GROUP_M=8, USE_FAST_ACCUM=False, num_stages=5, num_warps=2"}
(Worker_TP3_EP3 pid=1342367) AUTOTUNE mm(9x6144, 6144x3072)
(Worker_TP3_EP3 pid=1342367) strides: [6144, 1], [1, 6144]
(Worker_TP3_EP3 pid=1342367) dtypes: torch.bfloat16, torch.bfloat16
(Worker_TP3_EP3 pid=1342367)   mm 0.0216 ms 100.0% 
(Worker_TP3_EP3 pid=1342367)   triton_mm_184 0.0242 ms 89.3% ACC_TYPE='tl.float32', ALLOW_TF32=False, BLOCK_K=128, BLOCK_M=16, BLOCK_N=32, EVEN_K=True, GROUP_M=8, USE_FAST_ACCUM=False, num_stages=5, num_warps=2
(Worker_TP3_EP3 pid=1342367)   triton_mm_188 0.0247 ms 87.3% ACC_TYPE='tl.float32', ALLOW_TF32=False, BLOCK_K=128, BLOCK_M=16, BLOCK_N=64, EVEN_K=True, GROUP_M=8, USE_FAST_ACCUM=False, num_stages=5, num_warps=4
(Worker_TP3_EP3 pid=1342367)   triton_mm_192 0.0290 ms 74.5% ACC_TYPE='tl.float32', ALLOW_TF32=False, BLOCK_K=128, BLOCK_M=16, BLOCK_N=128, EVEN_K=True, GROUP_M=8, USE_FAST_ACCUM=False, num_stages=4, num_warps=4
(Worker_TP3_EP3 pid=1342367)   triton_mm_197 0.0306 ms 70.7% ACC_TYPE='tl.float32', ALLOW_TF32=False, BLOCK_K=128, BLOCK_M=16, BLOCK_N=128, EVEN_K=True, GROUP_M=8, USE_FAST_ACCUM=False, num_stages=4, num_warps=8
(Worker_TP3_EP3 pid=1342367)   triton_mm_196 0.0350 ms 61.8% ACC_TYPE='tl.float32', ALLOW_TF32=False, BLOCK_K=64, BLOCK_M=16, BLOCK_N=128, EVEN_K=True, GROUP_M=8, USE_FAST_ACCUM=False, num_stages=5, num_warps=8
(Worker_TP3_EP3 pid=1342367)   triton_mm_183 0.0465 ms 46.4% ACC_TYPE='tl.float32', ALLOW_TF32=False, BLOCK_K=32, BLOCK_M=16, BLOCK_N=32, EVEN_K=True, GROUP_M=8, USE_FAST_ACCUM=False, num_stages=5, num_warps=2
(Worker_TP3_EP3 pid=1342367)   triton_mm_187 0.0482 ms 44.8% ACC_TYPE='tl.float32', ALLOW_TF32=False, BLOCK_K=64, BLOCK_M=16, BLOCK_N=64, EVEN_K=True, GROUP_M=8, USE_FAST_ACCUM=False, num_stages=3, num_warps=4
(Worker_TP3_EP3 pid=1342367)   triton_mm_181 0.0490 ms 44.1% ACC_TYPE='tl.float32', ALLOW_TF32=False, BLOCK_K=128, BLOCK_M=16, BLOCK_N=32, EVEN_K=True, GROUP_M=8, USE_FAST_ACCUM=False, num_stages=2, num_warps=2
(Worker_TP3_EP3 pid=1342367)   triton_mm_182 0.0499 ms 43.3% ACC_TYPE='tl.float32', ALLOW_TF32=False, BLOCK_K=32, BLOCK_M=16, BLOCK_N=64, EVEN_K=True, GROUP_M=8, USE_FAST_ACCUM=False, num_stages=5, num_warps=4
(Worker_TP3_EP3 pid=1342367) SingleProcess AUTOTUNE benchmarking takes 0.2398 seconds and 2.0384 seconds precompiling for 19 choices
(Worker_TP1_EP1 pid=1342363) Autotune Choices Stats:
(Worker_TP1_EP1 pid=1342363) {"num_choices": 19, "num_triton_choices": 18, "best_kernel": "mm", "best_time": 0.021344000473618507, "best_triton_pos": 1, "best_triton_time": 0.023744000121951103, "best_triton_kernel": "triton_mm_184", "best_triton_kernel_desc": "ACC_TYPE='tl.float32', ALLOW_TF32=False, BLOCK_K=128, BLOCK_M=16, BLOCK_N=32, EVEN_K=True, GROUP_M=8, USE_FAST_ACCUM=False, num_stages=5, num_warps=2"}
(Worker_TP1_EP1 pid=1342363) AUTOTUNE mm(9x6144, 6144x3072)
(Worker_TP1_EP1 pid=1342363) strides: [6144, 1], [1, 6144]
(Worker_TP1_EP1 pid=1342363) dtypes: torch.bfloat16, torch.bfloat16
(Worker_TP1_EP1 pid=1342363)   mm 0.0213 ms 100.0% 
(Worker_TP1_EP1 pid=1342363)   triton_mm_184 0.0237 ms 89.9% ACC_TYPE='tl.float32', ALLOW_TF32=False, BLOCK_K=128, BLOCK_M=16, BLOCK_N=32, EVEN_K=True, GROUP_M=8, USE_FAST_ACCUM=False, num_stages=5, num_warps=2
(Worker_TP1_EP1 pid=1342363)   triton_mm_188 0.0248 ms 86.1% ACC_TYPE='tl.float32', ALLOW_TF32=False, BLOCK_K=128, BLOCK_M=16, BLOCK_N=64, EVEN_K=True, GROUP_M=8, USE_FAST_ACCUM=False, num_stages=5, num_warps=4
(Worker_TP1_EP1 pid=1342363)   triton_mm_192 0.0288 ms 74.1% ACC_TYPE='tl.float32', ALLOW_TF32=False, BLOCK_K=128, BLOCK_M=16, BLOCK_N=128, EVEN_K=True, GROUP_M=8, USE_FAST_ACCUM=False, num_stages=4, num_warps=4
(Worker_TP1_EP1 pid=1342363)   triton_mm_197 0.0306 ms 69.7% ACC_TYPE='tl.float32', ALLOW_TF32=False, BLOCK_K=128, BLOCK_M=16, BLOCK_N=128, EVEN_K=True, GROUP_M=8, USE_FAST_ACCUM=False, num_stages=4, num_warps=8
(Worker_TP1_EP1 pid=1342363)   triton_mm_196 0.0346 ms 61.6% ACC_TYPE='tl.float32', ALLOW_TF32=False, BLOCK_K=64, BLOCK_M=16, BLOCK_N=128, EVEN_K=True, GROUP_M=8, USE_FAST_ACCUM=False, num_stages=5, num_warps=8
(Worker_TP1_EP1 pid=1342363)   triton_mm_183 0.0465 ms 45.9% ACC_TYPE='tl.float32', ALLOW_TF32=False, BLOCK_K=32, BLOCK_M=16, BLOCK_N=32, EVEN_K=True, GROUP_M=8, USE_FAST_ACCUM=False, num_stages=5, num_warps=2
(Worker_TP1_EP1 pid=1342363)   triton_mm_187 0.0483 ms 44.2% ACC_TYPE='tl.float32', ALLOW_TF32=False, BLOCK_K=64, BLOCK_M=16, BLOCK_N=64, EVEN_K=True, GROUP_M=8, USE_FAST_ACCUM=False, num_stages=3, num_warps=4
(Worker_TP1_EP1 pid=1342363)   triton_mm_181 0.0487 ms 43.8% ACC_TYPE='tl.float32', ALLOW_TF32=False, BLOCK_K=128, BLOCK_M=16, BLOCK_N=32, EVEN_K=True, GROUP_M=8, USE_FAST_ACCUM=False, num_stages=2, num_warps=2
(Worker_TP1_EP1 pid=1342363)   triton_mm_182 0.0497 ms 42.9% ACC_TYPE='tl.float32', ALLOW_TF32=False, BLOCK_K=32, BLOCK_M=16, BLOCK_N=64, EVEN_K=True, GROUP_M=8, USE_FAST_ACCUM=False, num_stages=5, num_warps=4
(Worker_TP1_EP1 pid=1342363) SingleProcess AUTOTUNE benchmarking takes 0.2368 seconds and 2.0921 seconds precompiling for 19 choices
(Worker_TP1_EP1 pid=1342363) Autotune Choices Stats:
(Worker_TP1_EP1 pid=1342363) {"num_choices": 19, "num_triton_choices": 18, "best_kernel": "triton_mm_206", "best_kernel_desc": "ACC_TYPE='tl.float32', ALLOW_TF32=False, BLOCK_K=128, BLOCK_M=16, BLOCK_N=64, EVEN_K=True, GROUP_M=8, USE_FAST_ACCUM=False, num_stages=5, num_warps=4", "best_time": 0.009119999594986439, "best_triton_pos": 0}
(Worker_TP1_EP1 pid=1342363) AUTOTUNE mm(9x1024, 1024x6144)
(Worker_TP1_EP1 pid=1342363) strides: [1024, 1], [1, 1024]
(Worker_TP1_EP1 pid=1342363) dtypes: torch.bfloat16, torch.bfloat16
(Worker_TP1_EP1 pid=1342363)   triton_mm_206 0.0091 ms 100.0% ACC_TYPE='tl.float32', ALLOW_TF32=False, BLOCK_K=128, BLOCK_M=16, BLOCK_N=64, EVEN_K=True, GROUP_M=8, USE_FAST_ACCUM=False, num_stages=5, num_warps=4
(Worker_TP1_EP1 pid=1342363)   triton_mm_202 0.0093 ms 98.3% ACC_TYPE='tl.float32', ALLOW_TF32=False, BLOCK_K=128, BLOCK_M=16, BLOCK_N=32, EVEN_K=True, GROUP_M=8, USE_FAST_ACCUM=False, num_stages=5, num_warps=2
(Worker_TP1_EP1 pid=1342363)   mm 0.0098 ms 93.1% 
(Worker_TP1_EP1 pid=1342363)   triton_mm_210 0.0100 ms 91.6% ACC_TYPE='tl.float32', ALLOW_TF32=False, BLOCK_K=128, BLOCK_M=16, BLOCK_N=128, EVEN_K=True, GROUP_M=8, USE_FAST_ACCUM=False, num_stages=4, num_warps=4
(Worker_TP1_EP1 pid=1342363)   triton_mm_215 0.0105 ms 87.2% ACC_TYPE='tl.float32', ALLOW_TF32=False, BLOCK_K=128, BLOCK_M=16, BLOCK_N=128, EVEN_K=True, GROUP_M=8, USE_FAST_ACCUM=False, num_stages=4, num_warps=8
(Worker_TP1_EP1 pid=1342363)   triton_mm_214 0.0107 ms 85.6% ACC_TYPE='tl.float32', ALLOW_TF32=False, BLOCK_K=64, BLOCK_M=16, BLOCK_N=128, EVEN_K=True, GROUP_M=8, USE_FAST_ACCUM=False, num_stages=5, num_warps=8
(Worker_TP1_EP1 pid=1342363)   triton_mm_199 0.0120 ms 75.8% ACC_TYPE='tl.float32', ALLOW_TF32=False, BLOCK_K=128, BLOCK_M=16, BLOCK_N=32, EVEN_K=True, GROUP_M=8, USE_FAST_ACCUM=False, num_stages=2, num_warps=2
(Worker_TP1_EP1 pid=1342363)   triton_mm_205 0.0121 ms 75.4% ACC_TYPE='tl.float32', ALLOW_TF32=False, BLOCK_K=64, BLOCK_M=16, BLOCK_N=64, EVEN_K=True, GROUP_M=8, USE_FAST_ACCUM=False, num_stages=3, num_warps=4
(Worker_TP1_EP1 pid=1342363)   triton_mm_201 0.0123 ms 74.0% ACC_TYPE='tl.float32', ALLOW_TF32=False, BLOCK_K=32, BLOCK_M=16, BLOCK_N=32, EVEN_K=True, GROUP_M=8, USE_FAST_ACCUM=False, num_stages=5, num_warps=2
(Worker_TP2_EP2 pid=1342365) Autotune Choices Stats:
(Worker_TP1_EP1 pid=1342363)   triton_mm_200 0.0125 ms 73.1% ACC_TYPE='tl.float32', ALLOW_TF32=False, BLOCK_K=32, BLOCK_M=16, BLOCK_N=64, EVEN_K=True, GROUP_M=8, USE_FAST_ACCUM=False, num_stages=5, num_warps=4
(Worker_TP2_EP2 pid=1342365) {"num_choices": 19, "num_triton_choices": 18, "best_kernel": "triton_mm_202", "best_kernel_desc": "ACC_TYPE='tl.float32', ALLOW_TF32=False, BLOCK_K=128, BLOCK_M=16, BLOCK_N=32, EVEN_K=True, GROUP_M=8, USE_FAST_ACCUM=False, num_stages=5, num_warps=2", "best_time": 0.009472000412642956, "best_triton_pos": 0}
(Worker_TP1_EP1 pid=1342363) SingleProcess AUTOTUNE benchmarking takes 0.1307 seconds and 2.3762 seconds precompiling for 19 choices
(Worker_TP2_EP2 pid=1342365) AUTOTUNE mm(9x1024, 1024x6144)
(Worker_TP2_EP2 pid=1342365) strides: [1024, 1], [1, 1024]
(Worker_TP2_EP2 pid=1342365) dtypes: torch.bfloat16, torch.bfloat16
(Worker_TP2_EP2 pid=1342365)   triton_mm_202 0.0095 ms 100.0% ACC_TYPE='tl.float32', ALLOW_TF32=False, BLOCK_K=128, BLOCK_M=16, BLOCK_N=32, EVEN_K=True, GROUP_M=8, USE_FAST_ACCUM=False, num_stages=5, num_warps=2
(Worker_TP2_EP2 pid=1342365)   triton_mm_206 0.0095 ms 100.0% ACC_TYPE='tl.float32', ALLOW_TF32=False, BLOCK_K=128, BLOCK_M=16, BLOCK_N=64, EVEN_K=True, GROUP_M=8, USE_FAST_ACCUM=False, num_stages=5, num_warps=4
(Worker_TP2_EP2 pid=1342365)   mm 0.0099 ms 96.1% 
(Worker_TP2_EP2 pid=1342365)   triton_mm_210 0.0104 ms 90.8% ACC_TYPE='tl.float32', ALLOW_TF32=False, BLOCK_K=128, BLOCK_M=16, BLOCK_N=128, EVEN_K=True, GROUP_M=8, USE_FAST_ACCUM=False, num_stages=4, num_warps=4
(Worker_TP2_EP2 pid=1342365)   triton_mm_215 0.0105 ms 90.0% ACC_TYPE='tl.float32', ALLOW_TF32=False, BLOCK_K=128, BLOCK_M=16, BLOCK_N=128, EVEN_K=True, GROUP_M=8, USE_FAST_ACCUM=False, num_stages=4, num_warps=8
(Worker_TP2_EP2 pid=1342365)   triton_mm_214 0.0111 ms 85.1% ACC_TYPE='tl.float32', ALLOW_TF32=False, BLOCK_K=64, BLOCK_M=16, BLOCK_N=128, EVEN_K=True, GROUP_M=8, USE_FAST_ACCUM=False, num_stages=5, num_warps=8
(Worker_TP2_EP2 pid=1342365)   triton_mm_205 0.0121 ms 78.3% ACC_TYPE='tl.float32', ALLOW_TF32=False, BLOCK_K=64, BLOCK_M=16, BLOCK_N=64, EVEN_K=True, GROUP_M=8, USE_FAST_ACCUM=False, num_stages=3, num_warps=4
(Worker_TP2_EP2 pid=1342365)   triton_mm_199 0.0123 ms 77.1% ACC_TYPE='tl.float32', ALLOW_TF32=False, BLOCK_K=128, BLOCK_M=16, BLOCK_N=32, EVEN_K=True, GROUP_M=8, USE_FAST_ACCUM=False, num_stages=2, num_warps=2
(Worker_TP2_EP2 pid=1342365)   triton_mm_201 0.0123 ms 76.9% ACC_TYPE='tl.float32', ALLOW_TF32=False, BLOCK_K=32, BLOCK_M=16, BLOCK_N=32, EVEN_K=True, GROUP_M=8, USE_FAST_ACCUM=False, num_stages=5, num_warps=2
(Worker_TP2_EP2 pid=1342365)   triton_mm_200 0.0126 ms 75.1% ACC_TYPE='tl.float32', ALLOW_TF32=False, BLOCK_K=32, BLOCK_M=16, BLOCK_N=64, EVEN_K=True, GROUP_M=8, USE_FAST_ACCUM=False, num_stages=5, num_warps=4
(Worker_TP2_EP2 pid=1342365) SingleProcess AUTOTUNE benchmarking takes 0.1648 seconds and 2.3508 seconds precompiling for 19 choices
(Worker_TP0_EP0 pid=1342361) Autotune Choices Stats:
(Worker_TP0_EP0 pid=1342361) {"num_choices": 19, "num_triton_choices": 18, "best_kernel": "triton_mm_206", "best_kernel_desc": "ACC_TYPE='tl.float32', ALLOW_TF32=False, BLOCK_K=128, BLOCK_M=16, BLOCK_N=64, EVEN_K=True, GROUP_M=8, USE_FAST_ACCUM=False, num_stages=5, num_warps=4", "best_time": 0.009151999838650227, "best_triton_pos": 0}
(Worker_TP0_EP0 pid=1342361) AUTOTUNE mm(9x1024, 1024x6144)
(Worker_TP0_EP0 pid=1342361) strides: [1024, 1], [1, 1024]
(Worker_TP0_EP0 pid=1342361) dtypes: torch.bfloat16, torch.bfloat16
(Worker_TP0_EP0 pid=1342361)   triton_mm_206 0.0092 ms 100.0% ACC_TYPE='tl.float32', ALLOW_TF32=False, BLOCK_K=128, BLOCK_M=16, BLOCK_N=64, EVEN_K=True, GROUP_M=8, USE_FAST_ACCUM=False, num_stages=5, num_warps=4
(Worker_TP0_EP0 pid=1342361)   triton_mm_202 0.0092 ms 99.0% ACC_TYPE='tl.float32', ALLOW_TF32=False, BLOCK_K=128, BLOCK_M=16, BLOCK_N=32, EVEN_K=True, GROUP_M=8, USE_FAST_ACCUM=False, num_stages=5, num_warps=2
(Worker_TP0_EP0 pid=1342361)   triton_mm_210 0.0102 ms 89.4% ACC_TYPE='tl.float32', ALLOW_TF32=False, BLOCK_K=128, BLOCK_M=16, BLOCK_N=128, EVEN_K=True, GROUP_M=8, USE_FAST_ACCUM=False, num_stages=4, num_warps=4
(Worker_TP0_EP0 pid=1342361)   triton_mm_215 0.0106 ms 86.1% ACC_TYPE='tl.float32', ALLOW_TF32=False, BLOCK_K=128, BLOCK_M=16, BLOCK_N=128, EVEN_K=True, GROUP_M=8, USE_FAST_ACCUM=False, num_stages=4, num_warps=8
(Worker_TP0_EP0 pid=1342361)   triton_mm_214 0.0107 ms 85.9% ACC_TYPE='tl.float32', ALLOW_TF32=False, BLOCK_K=64, BLOCK_M=16, BLOCK_N=128, EVEN_K=True, GROUP_M=8, USE_FAST_ACCUM=False, num_stages=5, num_warps=8
(Worker_TP0_EP0 pid=1342361)   triton_mm_199 0.0123 ms 74.5% ACC_TYPE='tl.float32', ALLOW_TF32=False, BLOCK_K=128, BLOCK_M=16, BLOCK_N=32, EVEN_K=True, GROUP_M=8, USE_FAST_ACCUM=False, num_stages=2, num_warps=2
(Worker_TP0_EP0 pid=1342361)   triton_mm_200 0.0123 ms 74.3% ACC_TYPE='tl.float32', ALLOW_TF32=False, BLOCK_K=32, BLOCK_M=16, BLOCK_N=64, EVEN_K=True, GROUP_M=8, USE_FAST_ACCUM=False, num_stages=5, num_warps=4
(Worker_TP0_EP0 pid=1342361)   triton_mm_205 0.0125 ms 73.3% ACC_TYPE='tl.float32', ALLOW_TF32=False, BLOCK_K=64, BLOCK_M=16, BLOCK_N=64, EVEN_K=True, GROUP_M=8, USE_FAST_ACCUM=False, num_stages=3, num_warps=4
(Worker_TP0_EP0 pid=1342361)   triton_mm_201 0.0125 ms 73.1% ACC_TYPE='tl.float32', ALLOW_TF32=False, BLOCK_K=32, BLOCK_M=16, BLOCK_N=32, EVEN_K=True, GROUP_M=8, USE_FAST_ACCUM=False, num_stages=5, num_warps=2
(Worker_TP0_EP0 pid=1342361)   triton_mm_209 0.0131 ms 69.9% ACC_TYPE='tl.float32', ALLOW_TF32=False, BLOCK_K=64, BLOCK_M=16, BLOCK_N=128, EVEN_K=True, GROUP_M=8, USE_FAST_ACCUM=False, num_stages=3, num_warps=4
(Worker_TP0_EP0 pid=1342361) SingleProcess AUTOTUNE benchmarking takes 0.1316 seconds and 2.5379 seconds precompiling for 19 choices
(Worker_TP3_EP3 pid=1342367) Autotune Choices Stats:
(Worker_TP3_EP3 pid=1342367) {"num_choices": 19, "num_triton_choices": 18, "best_kernel": "triton_mm_206", "best_kernel_desc": "ACC_TYPE='tl.float32', ALLOW_TF32=False, BLOCK_K=128, BLOCK_M=16, BLOCK_N=64, EVEN_K=True, GROUP_M=8, USE_FAST_ACCUM=False, num_stages=5, num_warps=4", "best_time": 0.009088000282645226, "best_triton_pos": 0}
(Worker_TP3_EP3 pid=1342367) AUTOTUNE mm(9x1024, 1024x6144)
(Worker_TP3_EP3 pid=1342367) strides: [1024, 1], [1, 1024]
(Worker_TP3_EP3 pid=1342367) dtypes: torch.bfloat16, torch.bfloat16
(Worker_TP3_EP3 pid=1342367)   triton_mm_206 0.0091 ms 100.0% ACC_TYPE='tl.float32', ALLOW_TF32=False, BLOCK_K=128, BLOCK_M=16, BLOCK_N=64, EVEN_K=True, GROUP_M=8, USE_FAST_ACCUM=False, num_stages=5, num_warps=4
(Worker_TP3_EP3 pid=1342367)   triton_mm_202 0.0092 ms 99.3% ACC_TYPE='tl.float32', ALLOW_TF32=False, BLOCK_K=128, BLOCK_M=16, BLOCK_N=32, EVEN_K=True, GROUP_M=8, USE_FAST_ACCUM=False, num_stages=5, num_warps=2
(Worker_TP3_EP3 pid=1342367)   mm 0.0098 ms 92.5% 
(Worker_TP3_EP3 pid=1342367)   triton_mm_210 0.0099 ms 91.9% ACC_TYPE='tl.float32', ALLOW_TF32=False, BLOCK_K=128, BLOCK_M=16, BLOCK_N=128, EVEN_K=True, GROUP_M=8, USE_FAST_ACCUM=False, num_stages=4, num_warps=4
(Worker_TP3_EP3 pid=1342367)   triton_mm_215 0.0102 ms 88.8% ACC_TYPE='tl.float32', ALLOW_TF32=False, BLOCK_K=128, BLOCK_M=16, BLOCK_N=128, EVEN_K=True, GROUP_M=8, USE_FAST_ACCUM=False, num_stages=4, num_warps=8
(Worker_TP3_EP3 pid=1342367)   triton_mm_214 0.0107 ms 85.0% ACC_TYPE='tl.float32', ALLOW_TF32=False, BLOCK_K=64, BLOCK_M=16, BLOCK_N=128, EVEN_K=True, GROUP_M=8, USE_FAST_ACCUM=False, num_stages=5, num_warps=8
(Worker_TP3_EP3 pid=1342367)   triton_mm_199 0.0120 ms 75.5% ACC_TYPE='tl.float32', ALLOW_TF32=False, BLOCK_K=128, BLOCK_M=16, BLOCK_N=32, EVEN_K=True, GROUP_M=8, USE_FAST_ACCUM=False, num_stages=2, num_warps=2
(Worker_TP3_EP3 pid=1342367)   triton_mm_205 0.0122 ms 74.7% ACC_TYPE='tl.float32', ALLOW_TF32=False, BLOCK_K=64, BLOCK_M=16, BLOCK_N=64, EVEN_K=True, GROUP_M=8, USE_FAST_ACCUM=False, num_stages=3, num_warps=4
(Worker_TP3_EP3 pid=1342367)   triton_mm_201 0.0122 ms 74.5% ACC_TYPE='tl.float32', ALLOW_TF32=False, BLOCK_K=32, BLOCK_M=16, BLOCK_N=32, EVEN_K=True, GROUP_M=8, USE_FAST_ACCUM=False, num_stages=5, num_warps=2
(Worker_TP3_EP3 pid=1342367)   triton_mm_200 0.0124 ms 73.6% ACC_TYPE='tl.float32', ALLOW_TF32=False, BLOCK_K=32, BLOCK_M=16, BLOCK_N=64, EVEN_K=True, GROUP_M=8, USE_FAST_ACCUM=False, num_stages=5, num_warps=4
(Worker_TP3_EP3 pid=1342367) SingleProcess AUTOTUNE benchmarking takes 0.1276 seconds and 2.4362 seconds precompiling for 19 choices
(Worker_TP1_EP1 pid=1342363) Autotune Choices Stats:
(Worker_TP1_EP1 pid=1342363) {"num_choices": 19, "num_triton_choices": 18, "best_kernel": "triton_mm_220", "best_kernel_desc": "ACC_TYPE='tl.float32', ALLOW_TF32=False, BLOCK_K=128, BLOCK_M=16, BLOCK_N=32, EVEN_K=True, GROUP_M=8, USE_FAST_ACCUM=False, num_stages=5, num_warps=2", "best_time": 0.034015998244285583, "best_triton_pos": 0}
(Worker_TP1_EP1 pid=1342363) AUTOTUNE mm(9x6144, 6144x6144)
(Worker_TP1_EP1 pid=1342363) strides: [6144, 1], [1, 6144]
(Worker_TP1_EP1 pid=1342363) dtypes: torch.bfloat16, torch.bfloat16
(Worker_TP1_EP1 pid=1342363)   triton_mm_220 0.0340 ms 100.0% ACC_TYPE='tl.float32', ALLOW_TF32=False, BLOCK_K=128, BLOCK_M=16, BLOCK_N=32, EVEN_K=True, GROUP_M=8, USE_FAST_ACCUM=False, num_stages=5, num_warps=2
(Worker_TP1_EP1 pid=1342363)   triton_mm_224 0.0340 ms 100.0% ACC_TYPE='tl.float32', ALLOW_TF32=False, BLOCK_K=128, BLOCK_M=16, BLOCK_N=64, EVEN_K=True, GROUP_M=8, USE_FAST_ACCUM=False, num_stages=5, num_warps=4
(Worker_TP1_EP1 pid=1342363)   mm 0.0341 ms 99.8% 
(Worker_TP1_EP1 pid=1342363)   triton_mm_228 0.0380 ms 89.4% ACC_TYPE='tl.float32', ALLOW_TF32=False, BLOCK_K=128, BLOCK_M=16, BLOCK_N=128, EVEN_K=True, GROUP_M=8, USE_FAST_ACCUM=False, num_stages=4, num_warps=4
(Worker_TP1_EP1 pid=1342363)   triton_mm_233 0.0393 ms 86.6% ACC_TYPE='tl.float32', ALLOW_TF32=False, BLOCK_K=128, BLOCK_M=16, BLOCK_N=128, EVEN_K=True, GROUP_M=8, USE_FAST_ACCUM=False, num_stages=4, num_warps=8
(Worker_TP1_EP1 pid=1342363)   triton_mm_232 0.0435 ms 78.2% ACC_TYPE='tl.float32', ALLOW_TF32=False, BLOCK_K=64, BLOCK_M=16, BLOCK_N=128, EVEN_K=True, GROUP_M=8, USE_FAST_ACCUM=False, num_stages=5, num_warps=8
(Worker_TP1_EP1 pid=1342363)   triton_mm_219 0.0538 ms 63.3% ACC_TYPE='tl.float32', ALLOW_TF32=False, BLOCK_K=32, BLOCK_M=16, BLOCK_N=32, EVEN_K=True, GROUP_M=8, USE_FAST_ACCUM=False, num_stages=5, num_warps=2
(Worker_TP1_EP1 pid=1342363)   triton_mm_217 0.0549 ms 61.9% ACC_TYPE='tl.float32', ALLOW_TF32=False, BLOCK_K=128, BLOCK_M=16, BLOCK_N=32, EVEN_K=True, GROUP_M=8, USE_FAST_ACCUM=False, num_stages=2, num_warps=2
(Worker_TP1_EP1 pid=1342363)   triton_mm_223 0.0553 ms 61.5% ACC_TYPE='tl.float32', ALLOW_TF32=False, BLOCK_K=64, BLOCK_M=16, BLOCK_N=64, EVEN_K=True, GROUP_M=8, USE_FAST_ACCUM=False, num_stages=3, num_warps=4
(Worker_TP1_EP1 pid=1342363)   triton_mm_218 0.0556 ms 61.2% ACC_TYPE='tl.float32', ALLOW_TF32=False, BLOCK_K=32, BLOCK_M=16, BLOCK_N=64, EVEN_K=True, GROUP_M=8, USE_FAST_ACCUM=False, num_stages=5, num_warps=4
(Worker_TP1_EP1 pid=1342363) SingleProcess AUTOTUNE benchmarking takes 0.2459 seconds and 0.0002 seconds precompiling for 19 choices
(Worker_TP2_EP2 pid=1342365) Autotune Choices Stats:
(Worker_TP2_EP2 pid=1342365) {"num_choices": 19, "num_triton_choices": 18, "best_kernel": "mm", "best_time": 0.033504001796245575, "best_triton_pos": 1, "best_triton_time": 0.03388800099492073, "best_triton_kernel": "triton_mm_220", "best_triton_kernel_desc": "ACC_TYPE='tl.float32', ALLOW_TF32=False, BLOCK_K=128, BLOCK_M=16, BLOCK_N=32, EVEN_K=True, GROUP_M=8, USE_FAST_ACCUM=False, num_stages=5, num_warps=2"}
(Worker_TP2_EP2 pid=1342365) AUTOTUNE mm(9x6144, 6144x6144)
(Worker_TP2_EP2 pid=1342365) strides: [6144, 1], [1, 6144]
(Worker_TP2_EP2 pid=1342365) dtypes: torch.bfloat16, torch.bfloat16
(Worker_TP2_EP2 pid=1342365)   mm 0.0335 ms 100.0% 
(Worker_TP2_EP2 pid=1342365)   triton_mm_220 0.0339 ms 98.9% ACC_TYPE='tl.float32', ALLOW_TF32=False, BLOCK_K=128, BLOCK_M=16, BLOCK_N=32, EVEN_K=True, GROUP_M=8, USE_FAST_ACCUM=False, num_stages=5, num_warps=2
(Worker_TP2_EP2 pid=1342365)   triton_mm_224 0.0343 ms 97.6% ACC_TYPE='tl.float32', ALLOW_TF32=False, BLOCK_K=128, BLOCK_M=16, BLOCK_N=64, EVEN_K=True, GROUP_M=8, USE_FAST_ACCUM=False, num_stages=5, num_warps=4
(Worker_TP2_EP2 pid=1342365)   triton_mm_228 0.0389 ms 86.0% ACC_TYPE='tl.float32', ALLOW_TF32=False, BLOCK_K=128, BLOCK_M=16, BLOCK_N=128, EVEN_K=True, GROUP_M=8, USE_FAST_ACCUM=False, num_stages=4, num_warps=4
(Worker_TP2_EP2 pid=1342365)   triton_mm_233 0.0392 ms 85.4% ACC_TYPE='tl.float32', ALLOW_TF32=False, BLOCK_K=128, BLOCK_M=16, BLOCK_N=128, EVEN_K=True, GROUP_M=8, USE_FAST_ACCUM=False, num_stages=4, num_warps=8
(Worker_TP2_EP2 pid=1342365)   triton_mm_232 0.0443 ms 75.6% ACC_TYPE='tl.float32', ALLOW_TF32=False, BLOCK_K=64, BLOCK_M=16, BLOCK_N=128, EVEN_K=True, GROUP_M=8, USE_FAST_ACCUM=False, num_stages=5, num_warps=8
(Worker_TP2_EP2 pid=1342365)   triton_mm_219 0.0536 ms 62.5% ACC_TYPE='tl.float32', ALLOW_TF32=False, BLOCK_K=32, BLOCK_M=16, BLOCK_N=32, EVEN_K=True, GROUP_M=8, USE_FAST_ACCUM=False, num_stages=5, num_warps=2
(Worker_TP2_EP2 pid=1342365)   triton_mm_217 0.0546 ms 61.4% ACC_TYPE='tl.float32', ALLOW_TF32=False, BLOCK_K=128, BLOCK_M=16, BLOCK_N=32, EVEN_K=True, GROUP_M=8, USE_FAST_ACCUM=False, num_stages=2, num_warps=2
(Worker_TP2_EP2 pid=1342365)   triton_mm_223 0.0552 ms 60.7% ACC_TYPE='tl.float32', ALLOW_TF32=False, BLOCK_K=64, BLOCK_M=16, BLOCK_N=64, EVEN_K=True, GROUP_M=8, USE_FAST_ACCUM=False, num_stages=3, num_warps=4
(Worker_TP2_EP2 pid=1342365)   triton_mm_218 0.0560 ms 59.8% ACC_TYPE='tl.float32', ALLOW_TF32=False, BLOCK_K=32, BLOCK_M=16, BLOCK_N=64, EVEN_K=True, GROUP_M=8, USE_FAST_ACCUM=False, num_stages=5, num_warps=4
(Worker_TP2_EP2 pid=1342365) SingleProcess AUTOTUNE benchmarking takes 0.2493 seconds and 0.0002 seconds precompiling for 19 choices
(Worker_TP0_EP0 pid=1342361) Autotune Choices Stats:
(Worker_TP0_EP0 pid=1342361) {"num_choices": 19, "num_triton_choices": 18, "best_kernel": "mm", "best_time": 0.0342399999499321, "best_triton_pos": 1, "best_triton_time": 0.0342399999499321, "best_triton_kernel": "triton_mm_224", "best_triton_kernel_desc": "ACC_TYPE='tl.float32', ALLOW_TF32=False, BLOCK_K=128, BLOCK_M=16, BLOCK_N=64, EVEN_K=True, GROUP_M=8, USE_FAST_ACCUM=False, num_stages=5, num_warps=4"}
(Worker_TP0_EP0 pid=1342361) AUTOTUNE mm(9x6144, 6144x6144)
(Worker_TP0_EP0 pid=1342361) strides: [6144, 1], [1, 6144]
(Worker_TP0_EP0 pid=1342361) dtypes: torch.bfloat16, torch.bfloat16
(Worker_TP0_EP0 pid=1342361)   mm 0.0342 ms 100.0% 
(Worker_TP0_EP0 pid=1342361)   triton_mm_224 0.0342 ms 100.0% ACC_TYPE='tl.float32', ALLOW_TF32=False, BLOCK_K=128, BLOCK_M=16, BLOCK_N=64, EVEN_K=True, GROUP_M=8, USE_FAST_ACCUM=False, num_stages=5, num_warps=4
(Worker_TP0_EP0 pid=1342361)   triton_mm_220 0.0343 ms 99.9% ACC_TYPE='tl.float32', ALLOW_TF32=False, BLOCK_K=128, BLOCK_M=16, BLOCK_N=32, EVEN_K=True, GROUP_M=8, USE_FAST_ACCUM=False, num_stages=5, num_warps=2
(Worker_TP0_EP0 pid=1342361)   triton_mm_228 0.0384 ms 89.1% ACC_TYPE='tl.float32', ALLOW_TF32=False, BLOCK_K=128, BLOCK_M=16, BLOCK_N=128, EVEN_K=True, GROUP_M=8, USE_FAST_ACCUM=False, num_stages=4, num_warps=4
(Worker_TP0_EP0 pid=1342361)   triton_mm_233 0.0397 ms 86.2% ACC_TYPE='tl.float32', ALLOW_TF32=False, BLOCK_K=128, BLOCK_M=16, BLOCK_N=128, EVEN_K=True, GROUP_M=8, USE_FAST_ACCUM=False, num_stages=4, num_warps=8
(Worker_TP0_EP0 pid=1342361)   triton_mm_232 0.0439 ms 78.0% ACC_TYPE='tl.float32', ALLOW_TF32=False, BLOCK_K=64, BLOCK_M=16, BLOCK_N=128, EVEN_K=True, GROUP_M=8, USE_FAST_ACCUM=False, num_stages=5, num_warps=8
(Worker_TP0_EP0 pid=1342361)   triton_mm_219 0.0537 ms 63.8% ACC_TYPE='tl.float32', ALLOW_TF32=False, BLOCK_K=32, BLOCK_M=16, BLOCK_N=32, EVEN_K=True, GROUP_M=8, USE_FAST_ACCUM=False, num_stages=5, num_warps=2
(Worker_TP0_EP0 pid=1342361)   triton_mm_217 0.0543 ms 63.1% ACC_TYPE='tl.float32', ALLOW_TF32=False, BLOCK_K=128, BLOCK_M=16, BLOCK_N=32, EVEN_K=True, GROUP_M=8, USE_FAST_ACCUM=False, num_stages=2, num_warps=2
(Worker_TP0_EP0 pid=1342361)   triton_mm_223 0.0557 ms 61.4% ACC_TYPE='tl.float32', ALLOW_TF32=False, BLOCK_K=64, BLOCK_M=16, BLOCK_N=64, EVEN_K=True, GROUP_M=8, USE_FAST_ACCUM=False, num_stages=3, num_warps=4
(Worker_TP0_EP0 pid=1342361)   triton_mm_218 0.0560 ms 61.2% ACC_TYPE='tl.float32', ALLOW_TF32=False, BLOCK_K=32, BLOCK_M=16, BLOCK_N=64, EVEN_K=True, GROUP_M=8, USE_FAST_ACCUM=False, num_stages=5, num_warps=4
(Worker_TP0_EP0 pid=1342361) SingleProcess AUTOTUNE benchmarking takes 0.2482 seconds and 0.0002 seconds precompiling for 19 choices
(Worker_TP1_EP1 pid=1342363) Autotune Choices Stats:
(Worker_TP1_EP1 pid=1342363) {"num_choices": 19, "num_triton_choices": 18, "best_kernel": "triton_mm_238", "best_kernel_desc": "ACC_TYPE='tl.float32', ALLOW_TF32=False, BLOCK_K=128, BLOCK_M=16, BLOCK_N=32, EVEN_K=True, GROUP_M=8, USE_FAST_ACCUM=False, num_stages=5, num_warps=2", "best_time": 0.019392000511288643, "best_triton_pos": 0}
(Worker_TP1_EP1 pid=1342363) AUTOTUNE mm(9x3072, 3072x6144)
(Worker_TP1_EP1 pid=1342363) strides: [3072, 1], [1, 3072]
(Worker_TP1_EP1 pid=1342363) dtypes: torch.bfloat16, torch.bfloat16
(Worker_TP1_EP1 pid=1342363)   triton_mm_238 0.0194 ms 100.0% ACC_TYPE='tl.float32', ALLOW_TF32=False, BLOCK_K=128, BLOCK_M=16, BLOCK_N=32, EVEN_K=True, GROUP_M=8, USE_FAST_ACCUM=False, num_stages=5, num_warps=2
(Worker_TP1_EP1 pid=1342363)   triton_mm_242 0.0194 ms 99.8% ACC_TYPE='tl.float32', ALLOW_TF32=False, BLOCK_K=128, BLOCK_M=16, BLOCK_N=64, EVEN_K=True, GROUP_M=8, USE_FAST_ACCUM=False, num_stages=5, num_warps=4
(Worker_TP1_EP1 pid=1342363)   mm 0.0196 ms 98.9% 
(Worker_TP1_EP1 pid=1342363)   triton_mm_246 0.0221 ms 87.7% ACC_TYPE='tl.float32', ALLOW_TF32=False, BLOCK_K=128, BLOCK_M=16, BLOCK_N=128, EVEN_K=True, GROUP_M=8, USE_FAST_ACCUM=False, num_stages=4, num_warps=4
(Worker_TP1_EP1 pid=1342363)   triton_mm_251 0.0230 ms 84.3% ACC_TYPE='tl.float32', ALLOW_TF32=False, BLOCK_K=128, BLOCK_M=16, BLOCK_N=128, EVEN_K=True, GROUP_M=8, USE_FAST_ACCUM=False, num_stages=4, num_warps=8
(Worker_TP1_EP1 pid=1342363)   triton_mm_250 0.0251 ms 77.4% ACC_TYPE='tl.float32', ALLOW_TF32=False, BLOCK_K=64, BLOCK_M=16, BLOCK_N=128, EVEN_K=True, GROUP_M=8, USE_FAST_ACCUM=False, num_stages=5, num_warps=8
(Worker_TP1_EP1 pid=1342363)   triton_mm_235 0.0306 ms 63.4% ACC_TYPE='tl.float32', ALLOW_TF32=False, BLOCK_K=128, BLOCK_M=16, BLOCK_N=32, EVEN_K=True, GROUP_M=8, USE_FAST_ACCUM=False, num_stages=2, num_warps=2
(Worker_TP1_EP1 pid=1342363)   triton_mm_241 0.0311 ms 62.4% ACC_TYPE='tl.float32', ALLOW_TF32=False, BLOCK_K=64, BLOCK_M=16, BLOCK_N=64, EVEN_K=True, GROUP_M=8, USE_FAST_ACCUM=False, num_stages=3, num_warps=4
(Worker_TP1_EP1 pid=1342363)   triton_mm_237 0.0327 ms 59.4% ACC_TYPE='tl.float32', ALLOW_TF32=False, BLOCK_K=32, BLOCK_M=16, BLOCK_N=32, EVEN_K=True, GROUP_M=8, USE_FAST_ACCUM=False, num_stages=5, num_warps=2
(Worker_TP1_EP1 pid=1342363)   triton_mm_236 0.0334 ms 58.1% ACC_TYPE='tl.float32', ALLOW_TF32=False, BLOCK_K=32, BLOCK_M=16, BLOCK_N=64, EVEN_K=True, GROUP_M=8, USE_FAST_ACCUM=False, num_stages=5, num_warps=4
(Worker_TP1_EP1 pid=1342363) SingleProcess AUTOTUNE benchmarking takes 0.1739 seconds and 0.0002 seconds precompiling for 19 choices
(Worker_TP2_EP2 pid=1342365) Autotune Choices Stats:
(Worker_TP2_EP2 pid=1342365) {"num_choices": 19, "num_triton_choices": 18, "best_kernel": "mm", "best_time": 0.019487999379634857, "best_triton_pos": 1, "best_triton_time": 0.019711999222636223, "best_triton_kernel": "triton_mm_238", "best_triton_kernel_desc": "ACC_TYPE='tl.float32', ALLOW_TF32=False, BLOCK_K=128, BLOCK_M=16, BLOCK_N=32, EVEN_K=True, GROUP_M=8, USE_FAST_ACCUM=False, num_stages=5, num_warps=2"}
(Worker_TP2_EP2 pid=1342365) AUTOTUNE mm(9x3072, 3072x6144)
(Worker_TP2_EP2 pid=1342365) strides: [3072, 1], [1, 3072]
(Worker_TP2_EP2 pid=1342365) dtypes: torch.bfloat16, torch.bfloat16
(Worker_TP2_EP2 pid=1342365)   mm 0.0195 ms 100.0% 
(Worker_TP2_EP2 pid=1342365)   triton_mm_238 0.0197 ms 98.9% ACC_TYPE='tl.float32', ALLOW_TF32=False, BLOCK_K=128, BLOCK_M=16, BLOCK_N=32, EVEN_K=True, GROUP_M=8, USE_FAST_ACCUM=False, num_stages=5, num_warps=2
(Worker_TP2_EP2 pid=1342365)   triton_mm_242 0.0197 ms 98.7% ACC_TYPE='tl.float32', ALLOW_TF32=False, BLOCK_K=128, BLOCK_M=16, BLOCK_N=64, EVEN_K=True, GROUP_M=8, USE_FAST_ACCUM=False, num_stages=5, num_warps=4
(Worker_TP2_EP2 pid=1342365)   triton_mm_246 0.0226 ms 86.1% ACC_TYPE='tl.float32', ALLOW_TF32=False, BLOCK_K=128, BLOCK_M=16, BLOCK_N=128, EVEN_K=True, GROUP_M=8, USE_FAST_ACCUM=False, num_stages=4, num_warps=4
(Worker_TP2_EP2 pid=1342365)   triton_mm_251 0.0228 ms 85.3% ACC_TYPE='tl.float32', ALLOW_TF32=False, BLOCK_K=128, BLOCK_M=16, BLOCK_N=128, EVEN_K=True, GROUP_M=8, USE_FAST_ACCUM=False, num_stages=4, num_warps=8
(Worker_TP2_EP2 pid=1342365)   triton_mm_250 0.0258 ms 75.6% ACC_TYPE='tl.float32', ALLOW_TF32=False, BLOCK_K=64, BLOCK_M=16, BLOCK_N=128, EVEN_K=True, GROUP_M=8, USE_FAST_ACCUM=False, num_stages=5, num_warps=8
(Worker_TP2_EP2 pid=1342365)   triton_mm_235 0.0303 ms 64.2% ACC_TYPE='tl.float32', ALLOW_TF32=False, BLOCK_K=128, BLOCK_M=16, BLOCK_N=32, EVEN_K=True, GROUP_M=8, USE_FAST_ACCUM=False, num_stages=2, num_warps=2
(Worker_TP2_EP2 pid=1342365)   triton_mm_241 0.0310 ms 62.9% ACC_TYPE='tl.float32', ALLOW_TF32=False, BLOCK_K=64, BLOCK_M=16, BLOCK_N=64, EVEN_K=True, GROUP_M=8, USE_FAST_ACCUM=False, num_stages=3, num_warps=4
(Worker_TP2_EP2 pid=1342365)   triton_mm_237 0.0324 ms 60.2% ACC_TYPE='tl.float32', ALLOW_TF32=False, BLOCK_K=32, BLOCK_M=16, BLOCK_N=32, EVEN_K=True, GROUP_M=8, USE_FAST_ACCUM=False, num_stages=5, num_warps=2
(Worker_TP2_EP2 pid=1342365)   triton_mm_236 0.0336 ms 57.9% ACC_TYPE='tl.float32', ALLOW_TF32=False, BLOCK_K=32, BLOCK_M=16, BLOCK_N=64, EVEN_K=True, GROUP_M=8, USE_FAST_ACCUM=False, num_stages=5, num_warps=4
(Worker_TP2_EP2 pid=1342365) SingleProcess AUTOTUNE benchmarking takes 0.1791 seconds and 0.0002 seconds precompiling for 19 choices
(Worker_TP3_EP3 pid=1342367) Autotune Choices Stats:
(Worker_TP3_EP3 pid=1342367) {"num_choices": 19, "num_triton_choices": 18, "best_kernel": "mm", "best_time": 0.03392000123858452, "best_triton_pos": 1, "best_triton_time": 0.033952001482248306, "best_triton_kernel": "triton_mm_220", "best_triton_kernel_desc": "ACC_TYPE='tl.float32', ALLOW_TF32=False, BLOCK_K=128, BLOCK_M=16, BLOCK_N=32, EVEN_K=True, GROUP_M=8, USE_FAST_ACCUM=False, num_stages=5, num_warps=2"}
(Worker_TP3_EP3 pid=1342367) AUTOTUNE mm(9x6144, 6144x6144)
(Worker_TP3_EP3 pid=1342367) strides: [6144, 1], [1, 6144]
(Worker_TP3_EP3 pid=1342367) dtypes: torch.bfloat16, torch.bfloat16
(Worker_TP3_EP3 pid=1342367)   mm 0.0339 ms 100.0% 
(Worker_TP3_EP3 pid=1342367)   triton_mm_220 0.0340 ms 99.9% ACC_TYPE='tl.float32', ALLOW_TF32=False, BLOCK_K=128, BLOCK_M=16, BLOCK_N=32, EVEN_K=True, GROUP_M=8, USE_FAST_ACCUM=False, num_stages=5, num_warps=2
(Worker_TP3_EP3 pid=1342367)   triton_mm_224 0.0343 ms 99.0% ACC_TYPE='tl.float32', ALLOW_TF32=False, BLOCK_K=128, BLOCK_M=16, BLOCK_N=64, EVEN_K=True, GROUP_M=8, USE_FAST_ACCUM=False, num_stages=5, num_warps=4
(Worker_TP3_EP3 pid=1342367)   triton_mm_228 0.0381 ms 89.0% ACC_TYPE='tl.float32', ALLOW_TF32=False, BLOCK_K=128, BLOCK_M=16, BLOCK_N=128, EVEN_K=True, GROUP_M=8, USE_FAST_ACCUM=False, num_stages=4, num_warps=4
(Worker_TP3_EP3 pid=1342367)   triton_mm_233 0.0394 ms 86.0% ACC_TYPE='tl.float32', ALLOW_TF32=False, BLOCK_K=128, BLOCK_M=16, BLOCK_N=128, EVEN_K=True, GROUP_M=8, USE_FAST_ACCUM=False, num_stages=4, num_warps=8
(Worker_TP3_EP3 pid=1342367)   triton_mm_232 0.0436 ms 77.8% ACC_TYPE='tl.float32', ALLOW_TF32=False, BLOCK_K=64, BLOCK_M=16, BLOCK_N=128, EVEN_K=True, GROUP_M=8, USE_FAST_ACCUM=False, num_stages=5, num_warps=8
(Worker_TP3_EP3 pid=1342367)   triton_mm_219 0.0539 ms 62.9% ACC_TYPE='tl.float32', ALLOW_TF32=False, BLOCK_K=32, BLOCK_M=16, BLOCK_N=32, EVEN_K=True, GROUP_M=8, USE_FAST_ACCUM=False, num_stages=5, num_warps=2
(Worker_TP3_EP3 pid=1342367)   triton_mm_217 0.0551 ms 61.6% ACC_TYPE='tl.float32', ALLOW_TF32=False, BLOCK_K=128, BLOCK_M=16, BLOCK_N=32, EVEN_K=True, GROUP_M=8, USE_FAST_ACCUM=False, num_stages=2, num_warps=2
(Worker_TP3_EP3 pid=1342367)   triton_mm_223 0.0553 ms 61.4% ACC_TYPE='tl.float32', ALLOW_TF32=False, BLOCK_K=64, BLOCK_M=16, BLOCK_N=64, EVEN_K=True, GROUP_M=8, USE_FAST_ACCUM=False, num_stages=3, num_warps=4
(Worker_TP3_EP3 pid=1342367)   triton_mm_218 0.0554 ms 61.3% ACC_TYPE='tl.float32', ALLOW_TF32=False, BLOCK_K=32, BLOCK_M=16, BLOCK_N=64, EVEN_K=True, GROUP_M=8, USE_FAST_ACCUM=False, num_stages=5, num_warps=4
(Worker_TP3_EP3 pid=1342367) SingleProcess AUTOTUNE benchmarking takes 0.2479 seconds and 0.0002 seconds precompiling for 19 choices
(Worker_TP0_EP0 pid=1342361) Autotune Choices Stats:
(Worker_TP0_EP0 pid=1342361) {"num_choices": 19, "num_triton_choices": 18, "best_kernel": "triton_mm_238", "best_kernel_desc": "ACC_TYPE='tl.float32', ALLOW_TF32=False, BLOCK_K=128, BLOCK_M=16, BLOCK_N=32, EVEN_K=True, GROUP_M=8, USE_FAST_ACCUM=False, num_stages=5, num_warps=2", "best_time": 0.019519999623298645, "best_triton_pos": 0}
(Worker_TP0_EP0 pid=1342361) AUTOTUNE mm(9x3072, 3072x6144)
(Worker_TP0_EP0 pid=1342361) strides: [3072, 1], [1, 3072]
(Worker_TP0_EP0 pid=1342361) dtypes: torch.bfloat16, torch.bfloat16
(Worker_TP0_EP0 pid=1342361)   triton_mm_238 0.0195 ms 100.0% ACC_TYPE='tl.float32', ALLOW_TF32=False, BLOCK_K=128, BLOCK_M=16, BLOCK_N=32, EVEN_K=True, GROUP_M=8, USE_FAST_ACCUM=False, num_stages=5, num_warps=2
(Worker_TP0_EP0 pid=1342361)   triton_mm_242 0.0197 ms 98.9% ACC_TYPE='tl.float32', ALLOW_TF32=False, BLOCK_K=128, BLOCK_M=16, BLOCK_N=64, EVEN_K=True, GROUP_M=8, USE_FAST_ACCUM=False, num_stages=5, num_warps=4
(Worker_TP0_EP0 pid=1342361)   mm 0.0201 ms 97.3% 
(Worker_TP0_EP0 pid=1342361)   triton_mm_246 0.0222 ms 88.0% ACC_TYPE='tl.float32', ALLOW_TF32=False, BLOCK_K=128, BLOCK_M=16, BLOCK_N=128, EVEN_K=True, GROUP_M=8, USE_FAST_ACCUM=False, num_stages=4, num_warps=4
(Worker_TP0_EP0 pid=1342361)   triton_mm_251 0.0234 ms 83.4% ACC_TYPE='tl.float32', ALLOW_TF32=False, BLOCK_K=128, BLOCK_M=16, BLOCK_N=128, EVEN_K=True, GROUP_M=8, USE_FAST_ACCUM=False, num_stages=4, num_warps=8
(Worker_TP0_EP0 pid=1342361)   triton_mm_250 0.0252 ms 77.4% ACC_TYPE='tl.float32', ALLOW_TF32=False, BLOCK_K=64, BLOCK_M=16, BLOCK_N=128, EVEN_K=True, GROUP_M=8, USE_FAST_ACCUM=False, num_stages=5, num_warps=8
(Worker_TP0_EP0 pid=1342361)   triton_mm_235 0.0307 ms 63.5% ACC_TYPE='tl.float32', ALLOW_TF32=False, BLOCK_K=128, BLOCK_M=16, BLOCK_N=32, EVEN_K=True, GROUP_M=8, USE_FAST_ACCUM=False, num_stages=2, num_warps=2
(Worker_TP0_EP0 pid=1342361)   triton_mm_241 0.0314 ms 62.1% ACC_TYPE='tl.float32', ALLOW_TF32=False, BLOCK_K=64, BLOCK_M=16, BLOCK_N=64, EVEN_K=True, GROUP_M=8, USE_FAST_ACCUM=False, num_stages=3, num_warps=4
(Worker_TP0_EP0 pid=1342361)   triton_mm_237 0.0324 ms 60.2% ACC_TYPE='tl.float32', ALLOW_TF32=False, BLOCK_K=32, BLOCK_M=16, BLOCK_N=32, EVEN_K=True, GROUP_M=8, USE_FAST_ACCUM=False, num_stages=5, num_warps=2
(Worker_TP0_EP0 pid=1342361)   triton_mm_236 0.0333 ms 58.6% ACC_TYPE='tl.float32', ALLOW_TF32=False, BLOCK_K=32, BLOCK_M=16, BLOCK_N=64, EVEN_K=True, GROUP_M=8, USE_FAST_ACCUM=False, num_stages=5, num_warps=4
(Worker_TP0_EP0 pid=1342361) SingleProcess AUTOTUNE benchmarking takes 0.1787 seconds and 0.0002 seconds precompiling for 19 choices
(Worker_TP3_EP3 pid=1342367) Autotune Choices Stats:
(Worker_TP3_EP3 pid=1342367) {"num_choices": 19, "num_triton_choices": 18, "best_kernel": "triton_mm_242", "best_kernel_desc": "ACC_TYPE='tl.float32', ALLOW_TF32=False, BLOCK_K=128, BLOCK_M=16, BLOCK_N=64, EVEN_K=True, GROUP_M=8, USE_FAST_ACCUM=False, num_stages=5, num_warps=4", "best_time": 0.019392000511288643, "best_triton_pos": 0}
(Worker_TP3_EP3 pid=1342367) AUTOTUNE mm(9x3072, 3072x6144)
(Worker_TP3_EP3 pid=1342367) strides: [3072, 1], [1, 3072]
(Worker_TP3_EP3 pid=1342367) dtypes: torch.bfloat16, torch.bfloat16
(Worker_TP3_EP3 pid=1342367)   triton_mm_242 0.0194 ms 100.0% ACC_TYPE='tl.float32', ALLOW_TF32=False, BLOCK_K=128, BLOCK_M=16, BLOCK_N=64, EVEN_K=True, GROUP_M=8, USE_FAST_ACCUM=False, num_stages=5, num_warps=4
(Worker_TP3_EP3 pid=1342367)   triton_mm_238 0.0195 ms 99.5% ACC_TYPE='tl.float32', ALLOW_TF32=False, BLOCK_K=128, BLOCK_M=16, BLOCK_N=32, EVEN_K=True, GROUP_M=8, USE_FAST_ACCUM=False, num_stages=5, num_warps=2
(Worker_TP3_EP3 pid=1342367)   mm 0.0199 ms 97.6% 
(Worker_TP3_EP3 pid=1342367)   triton_mm_246 0.0220 ms 88.0% ACC_TYPE='tl.float32', ALLOW_TF32=False, BLOCK_K=128, BLOCK_M=16, BLOCK_N=128, EVEN_K=True, GROUP_M=8, USE_FAST_ACCUM=False, num_stages=4, num_warps=4
(Worker_TP3_EP3 pid=1342367)   triton_mm_251 0.0231 ms 84.0% ACC_TYPE='tl.float32', ALLOW_TF32=False, BLOCK_K=128, BLOCK_M=16, BLOCK_N=128, EVEN_K=True, GROUP_M=8, USE_FAST_ACCUM=False, num_stages=4, num_warps=8
(Worker_TP3_EP3 pid=1342367)   triton_mm_250 0.0250 ms 77.5% ACC_TYPE='tl.float32', ALLOW_TF32=False, BLOCK_K=64, BLOCK_M=16, BLOCK_N=128, EVEN_K=True, GROUP_M=8, USE_FAST_ACCUM=False, num_stages=5, num_warps=8
(Worker_TP3_EP3 pid=1342367)   triton_mm_235 0.0305 ms 63.7% ACC_TYPE='tl.float32', ALLOW_TF32=False, BLOCK_K=128, BLOCK_M=16, BLOCK_N=32, EVEN_K=True, GROUP_M=8, USE_FAST_ACCUM=False, num_stages=2, num_warps=2
(Worker_TP3_EP3 pid=1342367)   triton_mm_241 0.0311 ms 62.3% ACC_TYPE='tl.float32', ALLOW_TF32=False, BLOCK_K=64, BLOCK_M=16, BLOCK_N=64, EVEN_K=True, GROUP_M=8, USE_FAST_ACCUM=False, num_stages=3, num_warps=4
(Worker_TP3_EP3 pid=1342367)   triton_mm_237 0.0326 ms 59.5% ACC_TYPE='tl.float32', ALLOW_TF32=False, BLOCK_K=32, BLOCK_M=16, BLOCK_N=32, EVEN_K=True, GROUP_M=8, USE_FAST_ACCUM=False, num_stages=5, num_warps=2
(Worker_TP3_EP3 pid=1342367)   triton_mm_236 0.0333 ms 58.2% ACC_TYPE='tl.float32', ALLOW_TF32=False, BLOCK_K=32, BLOCK_M=16, BLOCK_N=64, EVEN_K=True, GROUP_M=8, USE_FAST_ACCUM=False, num_stages=5, num_warps=4
(Worker_TP3_EP3 pid=1342367) SingleProcess AUTOTUNE benchmarking takes 0.1768 seconds and 0.0002 seconds precompiling for 19 choices
(Worker_TP2_EP2 pid=1342365) Autotune Choices Stats:
(Worker_TP2_EP2 pid=1342365) {"num_choices": 19, "num_triton_choices": 18, "best_kernel": "mm", "best_time": 0.021247999742627144, "best_triton_pos": 1, "best_triton_time": 0.024512000381946564, "best_triton_kernel": "triton_mm_256", "best_triton_kernel_desc": "ACC_TYPE='tl.float32', ALLOW_TF32=False, BLOCK_K=128, BLOCK_M=16, BLOCK_N=32, EVEN_K=True, GROUP_M=8, USE_FAST_ACCUM=False, num_stages=5, num_warps=2"}
(Worker_TP2_EP2 pid=1342365) AUTOTUNE mm(9x6144, 6144x3072)
(Worker_TP2_EP2 pid=1342365) strides: [6144, 1], [1, 6144]
(Worker_TP2_EP2 pid=1342365) dtypes: torch.bfloat16, torch.bfloat16
(Worker_TP2_EP2 pid=1342365)   mm 0.0212 ms 100.0% 
(Worker_TP2_EP2 pid=1342365)   triton_mm_256 0.0245 ms 86.7% ACC_TYPE='tl.float32', ALLOW_TF32=False, BLOCK_K=128, BLOCK_M=16, BLOCK_N=32, EVEN_K=True, GROUP_M=8, USE_FAST_ACCUM=False, num_stages=5, num_warps=2
(Worker_TP2_EP2 pid=1342365)   triton_mm_260 0.0250 ms 84.9% ACC_TYPE='tl.float32', ALLOW_TF32=False, BLOCK_K=128, BLOCK_M=16, BLOCK_N=64, EVEN_K=True, GROUP_M=8, USE_FAST_ACCUM=False, num_stages=5, num_warps=4
(Worker_TP2_EP2 pid=1342365)   triton_mm_264 0.0292 ms 72.9% ACC_TYPE='tl.float32', ALLOW_TF32=False, BLOCK_K=128, BLOCK_M=16, BLOCK_N=128, EVEN_K=True, GROUP_M=8, USE_FAST_ACCUM=False, num_stages=4, num_warps=4
(Worker_TP2_EP2 pid=1342365)   triton_mm_269 0.0309 ms 68.7% ACC_TYPE='tl.float32', ALLOW_TF32=False, BLOCK_K=128, BLOCK_M=16, BLOCK_N=128, EVEN_K=True, GROUP_M=8, USE_FAST_ACCUM=False, num_stages=4, num_warps=8
(Worker_TP2_EP2 pid=1342365)   triton_mm_268 0.0349 ms 60.8% ACC_TYPE='tl.float32', ALLOW_TF32=False, BLOCK_K=64, BLOCK_M=16, BLOCK_N=128, EVEN_K=True, GROUP_M=8, USE_FAST_ACCUM=False, num_stages=5, num_warps=8
(Worker_TP2_EP2 pid=1342365)   triton_mm_255 0.0472 ms 45.0% ACC_TYPE='tl.float32', ALLOW_TF32=False, BLOCK_K=32, BLOCK_M=16, BLOCK_N=32, EVEN_K=True, GROUP_M=8, USE_FAST_ACCUM=False, num_stages=5, num_warps=2
(Worker_TP2_EP2 pid=1342365)   triton_mm_259 0.0485 ms 43.8% ACC_TYPE='tl.float32', ALLOW_TF32=False, BLOCK_K=64, BLOCK_M=16, BLOCK_N=64, EVEN_K=True, GROUP_M=8, USE_FAST_ACCUM=False, num_stages=3, num_warps=4
(Worker_TP2_EP2 pid=1342365)   triton_mm_253 0.0495 ms 42.9% ACC_TYPE='tl.float32', ALLOW_TF32=False, BLOCK_K=128, BLOCK_M=16, BLOCK_N=32, EVEN_K=True, GROUP_M=8, USE_FAST_ACCUM=False, num_stages=2, num_warps=2
(Worker_TP2_EP2 pid=1342365)   triton_mm_254 0.0500 ms 42.5% ACC_TYPE='tl.float32', ALLOW_TF32=False, BLOCK_K=32, BLOCK_M=16, BLOCK_N=64, EVEN_K=True, GROUP_M=8, USE_FAST_ACCUM=False, num_stages=5, num_warps=4
(Worker_TP2_EP2 pid=1342365) SingleProcess AUTOTUNE benchmarking takes 0.2392 seconds and 0.0000 seconds precompiling for 19 choices
(Worker_TP0_EP0 pid=1342361) Autotune Choices Stats:
(Worker_TP0_EP0 pid=1342361) {"num_choices": 19, "num_triton_choices": 18, "best_kernel": "mm", "best_time": 0.021407999098300934, "best_triton_pos": 1, "best_triton_time": 0.02396799996495247, "best_triton_kernel": "triton_mm_256", "best_triton_kernel_desc": "ACC_TYPE='tl.float32', ALLOW_TF32=False, BLOCK_K=128, BLOCK_M=16, BLOCK_N=32, EVEN_K=True, GROUP_M=8, USE_FAST_ACCUM=False, num_stages=5, num_warps=2"}
(Worker_TP0_EP0 pid=1342361) AUTOTUNE mm(9x6144, 6144x3072)
(Worker_TP0_EP0 pid=1342361) strides: [6144, 1], [1, 6144]
(Worker_TP0_EP0 pid=1342361) dtypes: torch.bfloat16, torch.bfloat16
(Worker_TP0_EP0 pid=1342361)   mm 0.0214 ms 100.0% 
(Worker_TP0_EP0 pid=1342361)   triton_mm_256 0.0240 ms 89.3% ACC_TYPE='tl.float32', ALLOW_TF32=False, BLOCK_K=128, BLOCK_M=16, BLOCK_N=32, EVEN_K=True, GROUP_M=8, USE_FAST_ACCUM=False, num_stages=5, num_warps=2
(Worker_TP0_EP0 pid=1342361)   triton_mm_260 0.0247 ms 86.5% ACC_TYPE='tl.float32', ALLOW_TF32=False, BLOCK_K=128, BLOCK_M=16, BLOCK_N=64, EVEN_K=True, GROUP_M=8, USE_FAST_ACCUM=False, num_stages=5, num_warps=4
(Worker_TP0_EP0 pid=1342361)   triton_mm_264 0.0286 ms 74.9% ACC_TYPE='tl.float32', ALLOW_TF32=False, BLOCK_K=128, BLOCK_M=16, BLOCK_N=128, EVEN_K=True, GROUP_M=8, USE_FAST_ACCUM=False, num_stages=4, num_warps=4
(Worker_TP0_EP0 pid=1342361)   triton_mm_269 0.0309 ms 69.2% ACC_TYPE='tl.float32', ALLOW_TF32=False, BLOCK_K=128, BLOCK_M=16, BLOCK_N=128, EVEN_K=True, GROUP_M=8, USE_FAST_ACCUM=False, num_stages=4, num_warps=8
(Worker_TP0_EP0 pid=1342361)   triton_mm_268 0.0345 ms 62.1% ACC_TYPE='tl.float32', ALLOW_TF32=False, BLOCK_K=64, BLOCK_M=16, BLOCK_N=128, EVEN_K=True, GROUP_M=8, USE_FAST_ACCUM=False, num_stages=5, num_warps=8
(Worker_TP0_EP0 pid=1342361)   triton_mm_255 0.0478 ms 44.8% ACC_TYPE='tl.float32', ALLOW_TF32=False, BLOCK_K=32, BLOCK_M=16, BLOCK_N=32, EVEN_K=True, GROUP_M=8, USE_FAST_ACCUM=False, num_stages=5, num_warps=2
(Worker_TP0_EP0 pid=1342361)   triton_mm_259 0.0488 ms 43.9% ACC_TYPE='tl.float32', ALLOW_TF32=False, BLOCK_K=64, BLOCK_M=16, BLOCK_N=64, EVEN_K=True, GROUP_M=8, USE_FAST_ACCUM=False, num_stages=3, num_warps=4
(Worker_TP0_EP0 pid=1342361)   triton_mm_254 0.0493 ms 43.4% ACC_TYPE='tl.float32', ALLOW_TF32=False, BLOCK_K=32, BLOCK_M=16, BLOCK_N=64, EVEN_K=True, GROUP_M=8, USE_FAST_ACCUM=False, num_stages=5, num_warps=4
(Worker_TP0_EP0 pid=1342361)   triton_mm_253 0.0500 ms 42.8% ACC_TYPE='tl.float32', ALLOW_TF32=False, BLOCK_K=128, BLOCK_M=16, BLOCK_N=32, EVEN_K=True, GROUP_M=8, USE_FAST_ACCUM=False, num_stages=2, num_warps=2
(Worker_TP0_EP0 pid=1342361) SingleProcess AUTOTUNE benchmarking takes 0.2386 seconds and 0.0000 seconds precompiling for 19 choices
(Worker_TP3_EP3 pid=1342367) Autotune Choices Stats:
(Worker_TP3_EP3 pid=1342367) {"num_choices": 19, "num_triton_choices": 18, "best_kernel": "mm", "best_time": 0.021247999742627144, "best_triton_pos": 1, "best_triton_time": 0.02393599972128868, "best_triton_kernel": "triton_mm_256", "best_triton_kernel_desc": "ACC_TYPE='tl.float32', ALLOW_TF32=False, BLOCK_K=128, BLOCK_M=16, BLOCK_N=32, EVEN_K=True, GROUP_M=8, USE_FAST_ACCUM=False, num_stages=5, num_warps=2"}
(Worker_TP3_EP3 pid=1342367) AUTOTUNE mm(9x6144, 6144x3072)
(Worker_TP3_EP3 pid=1342367) strides: [6144, 1], [1, 6144]
(Worker_TP3_EP3 pid=1342367) dtypes: torch.bfloat16, torch.bfloat16
(Worker_TP3_EP3 pid=1342367)   mm 0.0212 ms 100.0% 
(Worker_TP3_EP3 pid=1342367)   triton_mm_256 0.0239 ms 88.8% ACC_TYPE='tl.float32', ALLOW_TF32=False, BLOCK_K=128, BLOCK_M=16, BLOCK_N=32, EVEN_K=True, GROUP_M=8, USE_FAST_ACCUM=False, num_stages=5, num_warps=2
(Worker_TP3_EP3 pid=1342367)   triton_mm_260 0.0246 ms 86.5% ACC_TYPE='tl.float32', ALLOW_TF32=False, BLOCK_K=128, BLOCK_M=16, BLOCK_N=64, EVEN_K=True, GROUP_M=8, USE_FAST_ACCUM=False, num_stages=5, num_warps=4
(Worker_TP3_EP3 pid=1342367)   triton_mm_264 0.0287 ms 74.0% ACC_TYPE='tl.float32', ALLOW_TF32=False, BLOCK_K=128, BLOCK_M=16, BLOCK_N=128, EVEN_K=True, GROUP_M=8, USE_FAST_ACCUM=False, num_stages=4, num_warps=4
(Worker_TP3_EP3 pid=1342367)   triton_mm_269 0.0310 ms 68.5% ACC_TYPE='tl.float32', ALLOW_TF32=False, BLOCK_K=128, BLOCK_M=16, BLOCK_N=128, EVEN_K=True, GROUP_M=8, USE_FAST_ACCUM=False, num_stages=4, num_warps=8
(Worker_TP3_EP3 pid=1342367)   triton_mm_268 0.0344 ms 61.8% ACC_TYPE='tl.float32', ALLOW_TF32=False, BLOCK_K=64, BLOCK_M=16, BLOCK_N=128, EVEN_K=True, GROUP_M=8, USE_FAST_ACCUM=False, num_stages=5, num_warps=8
(Worker_TP3_EP3 pid=1342367)   triton_mm_255 0.0469 ms 45.3% ACC_TYPE='tl.float32', ALLOW_TF32=False, BLOCK_K=32, BLOCK_M=16, BLOCK_N=32, EVEN_K=True, GROUP_M=8, USE_FAST_ACCUM=False, num_stages=5, num_warps=2
(Worker_TP3_EP3 pid=1342367)   triton_mm_259 0.0488 ms 43.6% ACC_TYPE='tl.float32', ALLOW_TF32=False, BLOCK_K=64, BLOCK_M=16, BLOCK_N=64, EVEN_K=True, GROUP_M=8, USE_FAST_ACCUM=False, num_stages=3, num_warps=4
(Worker_TP3_EP3 pid=1342367)   triton_mm_253 0.0492 ms 43.1% ACC_TYPE='tl.float32', ALLOW_TF32=False, BLOCK_K=128, BLOCK_M=16, BLOCK_N=32, EVEN_K=True, GROUP_M=8, USE_FAST_ACCUM=False, num_stages=2, num_warps=2
(Worker_TP3_EP3 pid=1342367)   triton_mm_254 0.0493 ms 43.1% ACC_TYPE='tl.float32', ALLOW_TF32=False, BLOCK_K=32, BLOCK_M=16, BLOCK_N=64, EVEN_K=True, GROUP_M=8, USE_FAST_ACCUM=False, num_stages=5, num_warps=4
(Worker_TP3_EP3 pid=1342367) SingleProcess AUTOTUNE benchmarking takes 0.2361 seconds and 0.0000 seconds precompiling for 19 choices
(Worker_TP1_EP1 pid=1342363) Autotune Choices Stats:
(Worker_TP1_EP1 pid=1342363) {"num_choices": 19, "num_triton_choices": 18, "best_kernel": "triton_mm_278", "best_kernel_desc": "ACC_TYPE='tl.float32', ALLOW_TF32=False, BLOCK_K=128, BLOCK_M=16, BLOCK_N=64, EVEN_K=True, GROUP_M=8, USE_FAST_ACCUM=False, num_stages=5, num_warps=4", "best_time": 0.009216000325977802, "best_triton_pos": 0}
(Worker_TP1_EP1 pid=1342363) AUTOTUNE mm(9x1024, 1024x6144)
(Worker_TP1_EP1 pid=1342363) strides: [1024, 1], [1, 1024]
(Worker_TP1_EP1 pid=1342363) dtypes: torch.bfloat16, torch.bfloat16
(Worker_TP1_EP1 pid=1342363)   triton_mm_278 0.0092 ms 100.0% ACC_TYPE='tl.float32', ALLOW_TF32=False, BLOCK_K=128, BLOCK_M=16, BLOCK_N=64, EVEN_K=True, GROUP_M=8, USE_FAST_ACCUM=False, num_stages=5, num_warps=4
(Worker_TP1_EP1 pid=1342363)   triton_mm_274 0.0093 ms 98.6% ACC_TYPE='tl.float32', ALLOW_TF32=False, BLOCK_K=128, BLOCK_M=16, BLOCK_N=32, EVEN_K=True, GROUP_M=8, USE_FAST_ACCUM=False, num_stages=5, num_warps=2
(Worker_TP1_EP1 pid=1342363)   triton_mm_282 0.0101 ms 91.1% ACC_TYPE='tl.float32', ALLOW_TF32=False, BLOCK_K=128, BLOCK_M=16, BLOCK_N=128, EVEN_K=True, GROUP_M=8, USE_FAST_ACCUM=False, num_stages=4, num_warps=4
(Worker_TP1_EP1 pid=1342363)   triton_mm_287 0.0101 ms 90.9% ACC_TYPE='tl.float32', ALLOW_TF32=False, BLOCK_K=128, BLOCK_M=16, BLOCK_N=128, EVEN_K=True, GROUP_M=8, USE_FAST_ACCUM=False, num_stages=4, num_warps=8
(Worker_TP1_EP1 pid=1342363)   triton_mm_286 0.0106 ms 87.0% ACC_TYPE='tl.float32', ALLOW_TF32=False, BLOCK_K=64, BLOCK_M=16, BLOCK_N=128, EVEN_K=True, GROUP_M=8, USE_FAST_ACCUM=False, num_stages=5, num_warps=8
(Worker_TP1_EP1 pid=1342363)   triton_mm_277 0.0119 ms 77.2% ACC_TYPE='tl.float32', ALLOW_TF32=False, BLOCK_K=64, BLOCK_M=16, BLOCK_N=64, EVEN_K=True, GROUP_M=8, USE_FAST_ACCUM=False, num_stages=3, num_warps=4
(Worker_TP1_EP1 pid=1342363)   triton_mm_271 0.0122 ms 75.8% ACC_TYPE='tl.float32', ALLOW_TF32=False, BLOCK_K=128, BLOCK_M=16, BLOCK_N=32, EVEN_K=True, GROUP_M=8, USE_FAST_ACCUM=False, num_stages=2, num_warps=2
(Worker_TP1_EP1 pid=1342363)   triton_mm_273 0.0122 ms 75.4% ACC_TYPE='tl.float32', ALLOW_TF32=False, BLOCK_K=32, BLOCK_M=16, BLOCK_N=32, EVEN_K=True, GROUP_M=8, USE_FAST_ACCUM=False, num_stages=5, num_warps=2
(Worker_TP1_EP1 pid=1342363)   triton_mm_281 0.0124 ms 74.0% ACC_TYPE='tl.float32', ALLOW_TF32=False, BLOCK_K=64, BLOCK_M=16, BLOCK_N=128, EVEN_K=True, GROUP_M=8, USE_FAST_ACCUM=False, num_stages=3, num_warps=4
(Worker_TP1_EP1 pid=1342363)   triton_mm_272 0.0125 ms 73.8% ACC_TYPE='tl.float32', ALLOW_TF32=False, BLOCK_K=32, BLOCK_M=16, BLOCK_N=64, EVEN_K=True, GROUP_M=8, USE_FAST_ACCUM=False, num_stages=5, num_warps=4
(Worker_TP1_EP1 pid=1342363) SingleProcess AUTOTUNE benchmarking takes 0.1266 seconds and 0.0000 seconds precompiling for 19 choices
(Worker_TP2_EP2 pid=1342365) Autotune Choices Stats:
(Worker_TP2_EP2 pid=1342365) {"num_choices": 19, "num_triton_choices": 18, "best_kernel": "mm", "best_time": 0.033695999532938004, "best_triton_pos": 1, "best_triton_time": 0.0342399999499321, "best_triton_kernel": "triton_mm_292", "best_triton_kernel_desc": "ACC_TYPE='tl.float32', ALLOW_TF32=False, BLOCK_K=128, BLOCK_M=16, BLOCK_N=32, EVEN_K=True, GROUP_M=8, USE_FAST_ACCUM=False, num_stages=5, num_warps=2"}
(Worker_TP2_EP2 pid=1342365) AUTOTUNE mm(9x6144, 6144x6144)
(Worker_TP2_EP2 pid=1342365) strides: [6144, 1], [1, 6144]
(Worker_TP2_EP2 pid=1342365) dtypes: torch.bfloat16, torch.bfloat16
(Worker_TP2_EP2 pid=1342365)   mm 0.0337 ms 100.0% 
(Worker_TP2_EP2 pid=1342365)   triton_mm_292 0.0342 ms 98.4% ACC_TYPE='tl.float32', ALLOW_TF32=False, BLOCK_K=128, BLOCK_M=16, BLOCK_N=32, EVEN_K=True, GROUP_M=8, USE_FAST_ACCUM=False, num_stages=5, num_warps=2
(Worker_TP2_EP2 pid=1342365)   triton_mm_296 0.0344 ms 97.9% ACC_TYPE='tl.float32', ALLOW_TF32=False, BLOCK_K=128, BLOCK_M=16, BLOCK_N=64, EVEN_K=True, GROUP_M=8, USE_FAST_ACCUM=False, num_stages=5, num_warps=4
(Worker_TP2_EP2 pid=1342365)   triton_mm_300 0.0388 ms 86.8% ACC_TYPE='tl.float32', ALLOW_TF32=False, BLOCK_K=128, BLOCK_M=16, BLOCK_N=128, EVEN_K=True, GROUP_M=8, USE_FAST_ACCUM=False, num_stages=4, num_warps=4
(Worker_TP2_EP2 pid=1342365)   triton_mm_305 0.0396 ms 85.0% ACC_TYPE='tl.float32', ALLOW_TF32=False, BLOCK_K=128, BLOCK_M=16, BLOCK_N=128, EVEN_K=True, GROUP_M=8, USE_FAST_ACCUM=False, num_stages=4, num_warps=8
(Worker_TP2_EP2 pid=1342365)   triton_mm_304 0.0440 ms 76.5% ACC_TYPE='tl.float32', ALLOW_TF32=False, BLOCK_K=64, BLOCK_M=16, BLOCK_N=128, EVEN_K=True, GROUP_M=8, USE_FAST_ACCUM=False, num_stages=5, num_warps=8
(Worker_TP2_EP2 pid=1342365)   triton_mm_291 0.0539 ms 62.5% ACC_TYPE='tl.float32', ALLOW_TF32=False, BLOCK_K=32, BLOCK_M=16, BLOCK_N=32, EVEN_K=True, GROUP_M=8, USE_FAST_ACCUM=False, num_stages=5, num_warps=2
(Worker_TP2_EP2 pid=1342365)   triton_mm_289 0.0548 ms 61.5% ACC_TYPE='tl.float32', ALLOW_TF32=False, BLOCK_K=128, BLOCK_M=16, BLOCK_N=32, EVEN_K=True, GROUP_M=8, USE_FAST_ACCUM=False, num_stages=2, num_warps=2
(Worker_TP2_EP2 pid=1342365)   triton_mm_295 0.0549 ms 61.3% ACC_TYPE='tl.float32', ALLOW_TF32=False, BLOCK_K=64, BLOCK_M=16, BLOCK_N=64, EVEN_K=True, GROUP_M=8, USE_FAST_ACCUM=False, num_stages=3, num_warps=4
(Worker_TP2_EP2 pid=1342365)   triton_mm_290 0.0560 ms 60.2% ACC_TYPE='tl.float32', ALLOW_TF32=False, BLOCK_K=32, BLOCK_M=16, BLOCK_N=64, EVEN_K=True, GROUP_M=8, USE_FAST_ACCUM=False, num_stages=5, num_warps=4
(Worker_TP2_EP2 pid=1342365) SingleProcess AUTOTUNE benchmarking takes 0.2527 seconds and 0.0000 seconds precompiling for 19 choices
(Worker_TP1_EP1 pid=1342363) Autotune Choices Stats:
(Worker_TP1_EP1 pid=1342363) {"num_choices": 19, "num_triton_choices": 18, "best_kernel": "mm", "best_time": 0.03379200026392937, "best_triton_pos": 1, "best_triton_time": 0.033824000507593155, "best_triton_kernel": "triton_mm_292", "best_triton_kernel_desc": "ACC_TYPE='tl.float32', ALLOW_TF32=False, BLOCK_K=128, BLOCK_M=16, BLOCK_N=32, EVEN_K=True, GROUP_M=8, USE_FAST_ACCUM=False, num_stages=5, num_warps=2"}
(Worker_TP1_EP1 pid=1342363) AUTOTUNE mm(9x6144, 6144x6144)
(Worker_TP1_EP1 pid=1342363) strides: [6144, 1], [1, 6144]
(Worker_TP1_EP1 pid=1342363) dtypes: torch.bfloat16, torch.bfloat16
(Worker_TP1_EP1 pid=1342363)   mm 0.0338 ms 100.0% 
(Worker_TP1_EP1 pid=1342363)   triton_mm_292 0.0338 ms 99.9% ACC_TYPE='tl.float32', ALLOW_TF32=False, BLOCK_K=128, BLOCK_M=16, BLOCK_N=32, EVEN_K=True, GROUP_M=8, USE_FAST_ACCUM=False, num_stages=5, num_warps=2
(Worker_TP1_EP1 pid=1342363)   triton_mm_296 0.0345 ms 98.1% ACC_TYPE='tl.float32', ALLOW_TF32=False, BLOCK_K=128, BLOCK_M=16, BLOCK_N=64, EVEN_K=True, GROUP_M=8, USE_FAST_ACCUM=False, num_stages=5, num_warps=4
(Worker_TP1_EP1 pid=1342363)   triton_mm_300 0.0382 ms 88.4% ACC_TYPE='tl.float32', ALLOW_TF32=False, BLOCK_K=128, BLOCK_M=16, BLOCK_N=128, EVEN_K=True, GROUP_M=8, USE_FAST_ACCUM=False, num_stages=4, num_warps=4
(Worker_TP1_EP1 pid=1342363)   triton_mm_305 0.0389 ms 86.8% ACC_TYPE='tl.float32', ALLOW_TF32=False, BLOCK_K=128, BLOCK_M=16, BLOCK_N=128, EVEN_K=True, GROUP_M=8, USE_FAST_ACCUM=False, num_stages=4, num_warps=8
(Worker_TP1_EP1 pid=1342363)   triton_mm_304 0.0438 ms 77.1% ACC_TYPE='tl.float32', ALLOW_TF32=False, BLOCK_K=64, BLOCK_M=16, BLOCK_N=128, EVEN_K=True, GROUP_M=8, USE_FAST_ACCUM=False, num_stages=5, num_warps=8
(Worker_TP1_EP1 pid=1342363)   triton_mm_291 0.0532 ms 63.5% ACC_TYPE='tl.float32', ALLOW_TF32=False, BLOCK_K=32, BLOCK_M=16, BLOCK_N=32, EVEN_K=True, GROUP_M=8, USE_FAST_ACCUM=False, num_stages=5, num_warps=2
(Worker_TP1_EP1 pid=1342363)   triton_mm_289 0.0545 ms 62.0% ACC_TYPE='tl.float32', ALLOW_TF32=False, BLOCK_K=128, BLOCK_M=16, BLOCK_N=32, EVEN_K=True, GROUP_M=8, USE_FAST_ACCUM=False, num_stages=2, num_warps=2
(Worker_TP1_EP1 pid=1342363)   triton_mm_295 0.0551 ms 61.4% ACC_TYPE='tl.float32', ALLOW_TF32=False, BLOCK_K=64, BLOCK_M=16, BLOCK_N=64, EVEN_K=True, GROUP_M=8, USE_FAST_ACCUM=False, num_stages=3, num_warps=4
(Worker_TP1_EP1 pid=1342363)   triton_mm_290 0.0556 ms 60.8% ACC_TYPE='tl.float32', ALLOW_TF32=False, BLOCK_K=32, BLOCK_M=16, BLOCK_N=64, EVEN_K=True, GROUP_M=8, USE_FAST_ACCUM=False, num_stages=5, num_warps=4
(Worker_TP1_EP1 pid=1342363) SingleProcess AUTOTUNE benchmarking takes 0.2456 seconds and 0.0000 seconds precompiling for 19 choices
(Worker_TP2_EP2 pid=1342365) Autotune Choices Stats:
(Worker_TP2_EP2 pid=1342365) {"num_choices": 19, "num_triton_choices": 18, "best_kernel": "mm", "best_time": 0.019360000267624855, "best_triton_pos": 1, "best_triton_time": 0.01990400068461895, "best_triton_kernel": "triton_mm_314", "best_triton_kernel_desc": "ACC_TYPE='tl.float32', ALLOW_TF32=False, BLOCK_K=128, BLOCK_M=16, BLOCK_N=64, EVEN_K=True, GROUP_M=8, USE_FAST_ACCUM=False, num_stages=5, num_warps=4"}
(Worker_TP2_EP2 pid=1342365) AUTOTUNE mm(9x3072, 3072x6144)
(Worker_TP2_EP2 pid=1342365) strides: [3072, 1], [1, 3072]
(Worker_TP2_EP2 pid=1342365) dtypes: torch.bfloat16, torch.bfloat16
(Worker_TP2_EP2 pid=1342365)   mm 0.0194 ms 100.0% 
(Worker_TP2_EP2 pid=1342365)   triton_mm_314 0.0199 ms 97.3% ACC_TYPE='tl.float32', ALLOW_TF32=False, BLOCK_K=128, BLOCK_M=16, BLOCK_N=64, EVEN_K=True, GROUP_M=8, USE_FAST_ACCUM=False, num_stages=5, num_warps=4
(Worker_TP2_EP2 pid=1342365)   triton_mm_310 0.0199 ms 97.1% ACC_TYPE='tl.float32', ALLOW_TF32=False, BLOCK_K=128, BLOCK_M=16, BLOCK_N=32, EVEN_K=True, GROUP_M=8, USE_FAST_ACCUM=False, num_stages=5, num_warps=2
(Worker_TP2_EP2 pid=1342365)   triton_mm_318 0.0228 ms 85.1% ACC_TYPE='tl.float32', ALLOW_TF32=False, BLOCK_K=128, BLOCK_M=16, BLOCK_N=128, EVEN_K=True, GROUP_M=8, USE_FAST_ACCUM=False, num_stages=4, num_warps=4
(Worker_TP2_EP2 pid=1342365)   triton_mm_323 0.0230 ms 84.1% ACC_TYPE='tl.float32', ALLOW_TF32=False, BLOCK_K=128, BLOCK_M=16, BLOCK_N=128, EVEN_K=True, GROUP_M=8, USE_FAST_ACCUM=False, num_stages=4, num_warps=8
(Worker_TP2_EP2 pid=1342365)   triton_mm_322 0.0257 ms 75.2% ACC_TYPE='tl.float32', ALLOW_TF32=False, BLOCK_K=64, BLOCK_M=16, BLOCK_N=128, EVEN_K=True, GROUP_M=8, USE_FAST_ACCUM=False, num_stages=5, num_warps=8
(Worker_TP2_EP2 pid=1342365)   triton_mm_307 0.0304 ms 63.6% ACC_TYPE='tl.float32', ALLOW_TF32=False, BLOCK_K=128, BLOCK_M=16, BLOCK_N=32, EVEN_K=True, GROUP_M=8, USE_FAST_ACCUM=False, num_stages=2, num_warps=2
(Worker_TP2_EP2 pid=1342365)   triton_mm_313 0.0310 ms 62.5% ACC_TYPE='tl.float32', ALLOW_TF32=False, BLOCK_K=64, BLOCK_M=16, BLOCK_N=64, EVEN_K=True, GROUP_M=8, USE_FAST_ACCUM=False, num_stages=3, num_warps=4
(Worker_TP2_EP2 pid=1342365)   triton_mm_309 0.0325 ms 59.5% ACC_TYPE='tl.float32', ALLOW_TF32=False, BLOCK_K=32, BLOCK_M=16, BLOCK_N=32, EVEN_K=True, GROUP_M=8, USE_FAST_ACCUM=False, num_stages=5, num_warps=2
(Worker_TP2_EP2 pid=1342365)   triton_mm_308 0.0336 ms 57.7% ACC_TYPE='tl.float32', ALLOW_TF32=False, BLOCK_K=32, BLOCK_M=16, BLOCK_N=64, EVEN_K=True, GROUP_M=8, USE_FAST_ACCUM=False, num_stages=5, num_warps=4
(Worker_TP2_EP2 pid=1342365) SingleProcess AUTOTUNE benchmarking takes 0.1797 seconds and 0.0000 seconds precompiling for 19 choices
(Worker_TP1_EP1 pid=1342363) Autotune Choices Stats:
(Worker_TP1_EP1 pid=1342363) {"num_choices": 19, "num_triton_choices": 18, "best_kernel": "mm", "best_time": 0.019487999379634857, "best_triton_pos": 1, "best_triton_time": 0.019487999379634857, "best_triton_kernel": "triton_mm_310", "best_triton_kernel_desc": "ACC_TYPE='tl.float32', ALLOW_TF32=False, BLOCK_K=128, BLOCK_M=16, BLOCK_N=32, EVEN_K=True, GROUP_M=8, USE_FAST_ACCUM=False, num_stages=5, num_warps=2"}
(Worker_TP1_EP1 pid=1342363) AUTOTUNE mm(9x3072, 3072x6144)
(Worker_TP1_EP1 pid=1342363) strides: [3072, 1], [1, 3072]
(Worker_TP1_EP1 pid=1342363) dtypes: torch.bfloat16, torch.bfloat16
(Worker_TP1_EP1 pid=1342363)   mm 0.0195 ms 100.0% 
(Worker_TP1_EP1 pid=1342363)   triton_mm_310 0.0195 ms 100.0% ACC_TYPE='tl.float32', ALLOW_TF32=False, BLOCK_K=128, BLOCK_M=16, BLOCK_N=32, EVEN_K=True, GROUP_M=8, USE_FAST_ACCUM=False, num_stages=5, num_warps=2
(Worker_TP1_EP1 pid=1342363)   triton_mm_314 0.0195 ms 99.8% ACC_TYPE='tl.float32', ALLOW_TF32=False, BLOCK_K=128, BLOCK_M=16, BLOCK_N=64, EVEN_K=True, GROUP_M=8, USE_FAST_ACCUM=False, num_stages=5, num_warps=4
(Worker_TP1_EP1 pid=1342363)   triton_mm_318 0.0223 ms 87.4% ACC_TYPE='tl.float32', ALLOW_TF32=False, BLOCK_K=128, BLOCK_M=16, BLOCK_N=128, EVEN_K=True, GROUP_M=8, USE_FAST_ACCUM=False, num_stages=4, num_warps=4
(Worker_TP1_EP1 pid=1342363)   triton_mm_323 0.0226 ms 86.1% ACC_TYPE='tl.float32', ALLOW_TF32=False, BLOCK_K=128, BLOCK_M=16, BLOCK_N=128, EVEN_K=True, GROUP_M=8, USE_FAST_ACCUM=False, num_stages=4, num_warps=8
(Worker_TP1_EP1 pid=1342363)   triton_mm_322 0.0253 ms 77.0% ACC_TYPE='tl.float32', ALLOW_TF32=False, BLOCK_K=64, BLOCK_M=16, BLOCK_N=128, EVEN_K=True, GROUP_M=8, USE_FAST_ACCUM=False, num_stages=5, num_warps=8
(Worker_TP1_EP1 pid=1342363)   triton_mm_307 0.0301 ms 64.6% ACC_TYPE='tl.float32', ALLOW_TF32=False, BLOCK_K=128, BLOCK_M=16, BLOCK_N=32, EVEN_K=True, GROUP_M=8, USE_FAST_ACCUM=False, num_stages=2, num_warps=2
(Worker_TP1_EP1 pid=1342363)   triton_mm_313 0.0307 ms 63.6% ACC_TYPE='tl.float32', ALLOW_TF32=False, BLOCK_K=64, BLOCK_M=16, BLOCK_N=64, EVEN_K=True, GROUP_M=8, USE_FAST_ACCUM=False, num_stages=3, num_warps=4
(Worker_TP1_EP1 pid=1342363)   triton_mm_309 0.0324 ms 60.1% ACC_TYPE='tl.float32', ALLOW_TF32=False, BLOCK_K=32, BLOCK_M=16, BLOCK_N=32, EVEN_K=True, GROUP_M=8, USE_FAST_ACCUM=False, num_stages=5, num_warps=2
(Worker_TP1_EP1 pid=1342363)   triton_mm_308 0.0335 ms 58.2% ACC_TYPE='tl.float32', ALLOW_TF32=False, BLOCK_K=32, BLOCK_M=16, BLOCK_N=64, EVEN_K=True, GROUP_M=8, USE_FAST_ACCUM=False, num_stages=5, num_warps=4
(Worker_TP1_EP1 pid=1342363) SingleProcess AUTOTUNE benchmarking takes 0.1746 seconds and 0.0000 seconds precompiling for 19 choices
(Worker_TP0_EP0 pid=1342361) Autotune Choices Stats:
(Worker_TP0_EP0 pid=1342361) {"num_choices": 19, "num_triton_choices": 18, "best_kernel": "triton_mm_278", "best_kernel_desc": "ACC_TYPE='tl.float32', ALLOW_TF32=False, BLOCK_K=128, BLOCK_M=16, BLOCK_N=64, EVEN_K=True, GROUP_M=8, USE_FAST_ACCUM=False, num_stages=5, num_warps=4", "best_time": 0.009119999594986439, "best_triton_pos": 0}
(Worker_TP0_EP0 pid=1342361) AUTOTUNE mm(9x1024, 1024x6144)
(Worker_TP0_EP0 pid=1342361) strides: [1024, 1], [1, 1024]
(Worker_TP0_EP0 pid=1342361) dtypes: torch.bfloat16, torch.bfloat16
(Worker_TP0_EP0 pid=1342361)   triton_mm_278 0.0091 ms 100.0% ACC_TYPE='tl.float32', ALLOW_TF32=False, BLOCK_K=128, BLOCK_M=16, BLOCK_N=64, EVEN_K=True, GROUP_M=8, USE_FAST_ACCUM=False, num_stages=5, num_warps=4
(Worker_TP0_EP0 pid=1342361)   triton_mm_274 0.0093 ms 98.3% ACC_TYPE='tl.float32', ALLOW_TF32=False, BLOCK_K=128, BLOCK_M=16, BLOCK_N=32, EVEN_K=True, GROUP_M=8, USE_FAST_ACCUM=False, num_stages=5, num_warps=2
(Worker_TP0_EP0 pid=1342361)   mm 0.0099 ms 92.5% 
(Worker_TP0_EP0 pid=1342361)   triton_mm_282 0.0102 ms 89.3% ACC_TYPE='tl.float32', ALLOW_TF32=False, BLOCK_K=128, BLOCK_M=16, BLOCK_N=128, EVEN_K=True, GROUP_M=8, USE_FAST_ACCUM=False, num_stages=4, num_warps=4
(Worker_TP0_EP0 pid=1342361)   triton_mm_287 0.0104 ms 88.0% ACC_TYPE='tl.float32', ALLOW_TF32=False, BLOCK_K=128, BLOCK_M=16, BLOCK_N=128, EVEN_K=True, GROUP_M=8, USE_FAST_ACCUM=False, num_stages=4, num_warps=8
(Worker_TP0_EP0 pid=1342361)   triton_mm_286 0.0108 ms 84.6% ACC_TYPE='tl.float32', ALLOW_TF32=False, BLOCK_K=64, BLOCK_M=16, BLOCK_N=128, EVEN_K=True, GROUP_M=8, USE_FAST_ACCUM=False, num_stages=5, num_warps=8
(Worker_TP0_EP0 pid=1342361)   triton_mm_277 0.0122 ms 75.0% ACC_TYPE='tl.float32', ALLOW_TF32=False, BLOCK_K=64, BLOCK_M=16, BLOCK_N=64, EVEN_K=True, GROUP_M=8, USE_FAST_ACCUM=False, num_stages=3, num_warps=4
(Worker_TP0_EP0 pid=1342361)   triton_mm_273 0.0122 ms 74.8% ACC_TYPE='tl.float32', ALLOW_TF32=False, BLOCK_K=32, BLOCK_M=16, BLOCK_N=32, EVEN_K=True, GROUP_M=8, USE_FAST_ACCUM=False, num_stages=5, num_warps=2
(Worker_TP0_EP0 pid=1342361)   triton_mm_271 0.0122 ms 74.6% ACC_TYPE='tl.float32', ALLOW_TF32=False, BLOCK_K=128, BLOCK_M=16, BLOCK_N=32, EVEN_K=True, GROUP_M=8, USE_FAST_ACCUM=False, num_stages=2, num_warps=2
(Worker_TP0_EP0 pid=1342361)   triton_mm_272 0.0126 ms 72.5% ACC_TYPE='tl.float32', ALLOW_TF32=False, BLOCK_K=32, BLOCK_M=16, BLOCK_N=64, EVEN_K=True, GROUP_M=8, USE_FAST_ACCUM=False, num_stages=5, num_warps=4
(Worker_TP0_EP0 pid=1342361) SingleProcess AUTOTUNE benchmarking takes 0.1287 seconds and 0.0000 seconds precompiling for 19 choices
(Worker_TP0_EP0 pid=1342361) Autotune Choices Stats:
(Worker_TP0_EP0 pid=1342361) {"num_choices": 19, "num_triton_choices": 18, "best_kernel": "mm", "best_time": 0.03388800099492073, "best_triton_pos": 1, "best_triton_time": 0.0344959981739521, "best_triton_kernel": "triton_mm_296", "best_triton_kernel_desc": "ACC_TYPE='tl.float32', ALLOW_TF32=False, BLOCK_K=128, BLOCK_M=16, BLOCK_N=64, EVEN_K=True, GROUP_M=8, USE_FAST_ACCUM=False, num_stages=5, num_warps=4"}
(Worker_TP0_EP0 pid=1342361) AUTOTUNE mm(9x6144, 6144x6144)
(Worker_TP0_EP0 pid=1342361) strides: [6144, 1], [1, 6144]
(Worker_TP0_EP0 pid=1342361) dtypes: torch.bfloat16, torch.bfloat16
(Worker_TP0_EP0 pid=1342361)   mm 0.0339 ms 100.0% 
(Worker_TP0_EP0 pid=1342361)   triton_mm_296 0.0345 ms 98.2% ACC_TYPE='tl.float32', ALLOW_TF32=False, BLOCK_K=128, BLOCK_M=16, BLOCK_N=64, EVEN_K=True, GROUP_M=8, USE_FAST_ACCUM=False, num_stages=5, num_warps=4
(Worker_TP0_EP0 pid=1342361)   triton_mm_292 0.0348 ms 97.5% ACC_TYPE='tl.float32', ALLOW_TF32=False, BLOCK_K=128, BLOCK_M=16, BLOCK_N=32, EVEN_K=True, GROUP_M=8, USE_FAST_ACCUM=False, num_stages=5, num_warps=2
(Worker_TP0_EP0 pid=1342361)   triton_mm_300 0.0386 ms 87.7% ACC_TYPE='tl.float32', ALLOW_TF32=False, BLOCK_K=128, BLOCK_M=16, BLOCK_N=128, EVEN_K=True, GROUP_M=8, USE_FAST_ACCUM=False, num_stages=4, num_warps=4
(Worker_TP0_EP0 pid=1342361)   triton_mm_305 0.0395 ms 85.7% ACC_TYPE='tl.float32', ALLOW_TF32=False, BLOCK_K=128, BLOCK_M=16, BLOCK_N=128, EVEN_K=True, GROUP_M=8, USE_FAST_ACCUM=False, num_stages=4, num_warps=8
(Worker_TP0_EP0 pid=1342361)   triton_mm_304 0.0444 ms 76.4% ACC_TYPE='tl.float32', ALLOW_TF32=False, BLOCK_K=64, BLOCK_M=16, BLOCK_N=128, EVEN_K=True, GROUP_M=8, USE_FAST_ACCUM=False, num_stages=5, num_warps=8
(Worker_TP0_EP0 pid=1342361)   triton_mm_291 0.0533 ms 63.6% ACC_TYPE='tl.float32', ALLOW_TF32=False, BLOCK_K=32, BLOCK_M=16, BLOCK_N=32, EVEN_K=True, GROUP_M=8, USE_FAST_ACCUM=False, num_stages=5, num_warps=2
(Worker_TP0_EP0 pid=1342361)   triton_mm_289 0.0548 ms 61.8% ACC_TYPE='tl.float32', ALLOW_TF32=False, BLOCK_K=128, BLOCK_M=16, BLOCK_N=32, EVEN_K=True, GROUP_M=8, USE_FAST_ACCUM=False, num_stages=2, num_warps=2
(Worker_TP0_EP0 pid=1342361)   triton_mm_295 0.0555 ms 61.1% ACC_TYPE='tl.float32', ALLOW_TF32=False, BLOCK_K=64, BLOCK_M=16, BLOCK_N=64, EVEN_K=True, GROUP_M=8, USE_FAST_ACCUM=False, num_stages=3, num_warps=4
(Worker_TP0_EP0 pid=1342361)   triton_mm_290 0.0563 ms 60.2% ACC_TYPE='tl.float32', ALLOW_TF32=False, BLOCK_K=32, BLOCK_M=16, BLOCK_N=64, EVEN_K=True, GROUP_M=8, USE_FAST_ACCUM=False, num_stages=5, num_warps=4
(Worker_TP0_EP0 pid=1342361) SingleProcess AUTOTUNE benchmarking takes 0.2501 seconds and 0.0000 seconds precompiling for 19 choices
(Worker_TP0_EP0 pid=1342361) Autotune Choices Stats:
(Worker_TP0_EP0 pid=1342361) {"num_choices": 19, "num_triton_choices": 18, "best_kernel": "triton_mm_310", "best_kernel_desc": "ACC_TYPE='tl.float32', ALLOW_TF32=False, BLOCK_K=128, BLOCK_M=16, BLOCK_N=32, EVEN_K=True, GROUP_M=8, USE_FAST_ACCUM=False, num_stages=5, num_warps=2", "best_time": 0.019840000197291374, "best_triton_pos": 0}
(Worker_TP0_EP0 pid=1342361) AUTOTUNE mm(9x3072, 3072x6144)
(Worker_TP0_EP0 pid=1342361) strides: [3072, 1], [1, 3072]
(Worker_TP0_EP0 pid=1342361) dtypes: torch.bfloat16, torch.bfloat16
(Worker_TP0_EP0 pid=1342361)   triton_mm_310 0.0198 ms 100.0% ACC_TYPE='tl.float32', ALLOW_TF32=False, BLOCK_K=128, BLOCK_M=16, BLOCK_N=32, EVEN_K=True, GROUP_M=8, USE_FAST_ACCUM=False, num_stages=5, num_warps=2
(Worker_TP0_EP0 pid=1342361)   triton_mm_314 0.0199 ms 99.5% ACC_TYPE='tl.float32', ALLOW_TF32=False, BLOCK_K=128, BLOCK_M=16, BLOCK_N=64, EVEN_K=True, GROUP_M=8, USE_FAST_ACCUM=False, num_stages=5, num_warps=4
(Worker_TP0_EP0 pid=1342361)   triton_mm_318 0.0224 ms 88.4% ACC_TYPE='tl.float32', ALLOW_TF32=False, BLOCK_K=128, BLOCK_M=16, BLOCK_N=128, EVEN_K=True, GROUP_M=8, USE_FAST_ACCUM=False, num_stages=4, num_warps=4
(Worker_TP0_EP0 pid=1342361)   triton_mm_323 0.0229 ms 86.5% ACC_TYPE='tl.float32', ALLOW_TF32=False, BLOCK_K=128, BLOCK_M=16, BLOCK_N=128, EVEN_K=True, GROUP_M=8, USE_FAST_ACCUM=False, num_stages=4, num_warps=8
(Worker_TP0_EP0 pid=1342361)   triton_mm_322 0.0254 ms 78.1% ACC_TYPE='tl.float32', ALLOW_TF32=False, BLOCK_K=64, BLOCK_M=16, BLOCK_N=128, EVEN_K=True, GROUP_M=8, USE_FAST_ACCUM=False, num_stages=5, num_warps=8
(Worker_TP0_EP0 pid=1342361)   triton_mm_307 0.0305 ms 65.1% ACC_TYPE='tl.float32', ALLOW_TF32=False, BLOCK_K=128, BLOCK_M=16, BLOCK_N=32, EVEN_K=True, GROUP_M=8, USE_FAST_ACCUM=False, num_stages=2, num_warps=2
(Worker_TP0_EP0 pid=1342361)   triton_mm_313 0.0310 ms 64.0% ACC_TYPE='tl.float32', ALLOW_TF32=False, BLOCK_K=64, BLOCK_M=16, BLOCK_N=64, EVEN_K=True, GROUP_M=8, USE_FAST_ACCUM=False, num_stages=3, num_warps=4
(Worker_TP0_EP0 pid=1342361)   triton_mm_309 0.0323 ms 61.5% ACC_TYPE='tl.float32', ALLOW_TF32=False, BLOCK_K=32, BLOCK_M=16, BLOCK_N=32, EVEN_K=True, GROUP_M=8, USE_FAST_ACCUM=False, num_stages=5, num_warps=2
(Worker_TP0_EP0 pid=1342361)   triton_mm_308 0.0336 ms 59.0% ACC_TYPE='tl.float32', ALLOW_TF32=False, BLOCK_K=32, BLOCK_M=16, BLOCK_N=64, EVEN_K=True, GROUP_M=8, USE_FAST_ACCUM=False, num_stages=5, num_warps=4
(Worker_TP0_EP0 pid=1342361)   triton_mm_317 0.0347 ms 57.2% ACC_TYPE='tl.float32', ALLOW_TF32=False, BLOCK_K=64, BLOCK_M=16, BLOCK_N=128, EVEN_K=True, GROUP_M=8, USE_FAST_ACCUM=False, num_stages=3, num_warps=4
(Worker_TP0_EP0 pid=1342361) SingleProcess AUTOTUNE benchmarking takes 0.1880 seconds and 0.0001 seconds precompiling for 19 choices
(EngineCore pid=1342085) Process EngineCore:
(EngineCore pid=1342085) Traceback (most recent call last):
(EngineCore pid=1342085)   File "/e/home/jusers/naeimitabiei1/jupiter/.local/share/uv/python/cpython-3.12.13-linux-aarch64-gnu/lib/python3.12/multiprocessing/process.py", line 314, in _bootstrap
(EngineCore pid=1342085)     self.run()
(EngineCore pid=1342085)   File "/e/home/jusers/naeimitabiei1/jupiter/.local/share/uv/python/cpython-3.12.13-linux-aarch64-gnu/lib/python3.12/multiprocessing/process.py", line 108, in run
(EngineCore pid=1342085)     self._target(*self._args, **self._kwargs)
(EngineCore pid=1342085)   File "/e/project1/profound/alint77/vllm/vllm/v1/engine/core.py", line 1334, in run_engine_core
(EngineCore pid=1342085)     raise e
(EngineCore pid=1342085)   File "/e/project1/profound/alint77/vllm/vllm/v1/engine/core.py", line 1299, in run_engine_core
(EngineCore pid=1342085)     engine_core = EngineCoreProc(*args, engine_index=dp_rank, **kwargs)
(EngineCore pid=1342085)                   ^^^^^^^^^^^^^^^^^^^^^^^^^^^^^^^^^^^^^^^^^^^^^^^^^^^^^
(EngineCore pid=1342085)   File "/e/project1/profound/alint77/vllm/vllm/tracing/otel.py", line 178, in sync_wrapper
(EngineCore pid=1342085)     return func(*args, **kwargs)
(EngineCore pid=1342085)            ^^^^^^^^^^^^^^^^^^^^^
(EngineCore pid=1342085)   File "/e/project1/profound/alint77/vllm/vllm/v1/engine/core.py", line 1065, in __init__
(EngineCore pid=1342085)     super().__init__(
(EngineCore pid=1342085)   File "/e/project1/profound/alint77/vllm/vllm/v1/engine/core.py", line 136, in __init__
(EngineCore pid=1342085)     kv_cache_config = self._initialize_kv_caches(vllm_config)
(EngineCore pid=1342085)                       ^^^^^^^^^^^^^^^^^^^^^^^^^^^^^^^^^^^^^^^
(EngineCore pid=1342085)   File "/e/project1/profound/alint77/vllm/vllm/tracing/otel.py", line 178, in sync_wrapper
(EngineCore pid=1342085)     return func(*args, **kwargs)
(EngineCore pid=1342085)            ^^^^^^^^^^^^^^^^^^^^^
(EngineCore pid=1342085)   File "/e/project1/profound/alint77/vllm/vllm/v1/engine/core.py", line 297, in _initialize_kv_caches
(EngineCore pid=1342085)     kv_cache_configs = get_kv_cache_configs(
(EngineCore pid=1342085)                        ^^^^^^^^^^^^^^^^^^^^^
(EngineCore pid=1342085)   File "/e/project1/profound/alint77/vllm/vllm/v1/core/kv_cache_utils.py", line 2113, in get_kv_cache_configs
(EngineCore pid=1342085)     global_kv_cache_groups = get_kv_cache_groups(vllm_config, merged_kv_cache_specs)
(EngineCore pid=1342085)                              ^^^^^^^^^^^^^^^^^^^^^^^^^^^^^^^^^^^^^^^^^^^^^^^^^^^^^^^
(EngineCore pid=1342085)   File "/e/project1/profound/alint77/vllm/vllm/v1/core/kv_cache_utils.py", line 1804, in get_kv_cache_groups
(EngineCore pid=1342085)     filtered_spec = unify_kv_cache_spec_page_size(filtered_spec)
(EngineCore pid=1342085)                     ^^^^^^^^^^^^^^^^^^^^^^^^^^^^^^^^^^^^^^^^^^^^
(EngineCore pid=1342085)   File "/e/project1/profound/alint77/vllm/vllm/v1/core/kv_cache_utils.py", line 1121, in unify_kv_cache_spec_page_size
(EngineCore pid=1342085)     raise NotImplementedError(
(EngineCore pid=1342085) NotImplementedError: Layer model.layers.0.self_attn.indexer.k_cache: page size is not divisible by the maximum page size and cannot be padded. Padding is only supported for attention layers whose backend indexes KV pages by the block stride (indexes_kv_by_block_stride is True).
(APIServer pid=1340662) Traceback (most recent call last):
(APIServer pid=1340662)   File "/e/project1/profound/alint77/vllm/.venv/bin/vllm", line 10, in <module>
(APIServer pid=1340662)     sys.exit(main())
(APIServer pid=1340662)              ^^^^^^
(APIServer pid=1340662)   File "/e/project1/profound/alint77/vllm/vllm/entrypoints/cli/main.py", line 95, in main
(APIServer pid=1340662)     args.dispatch_function(args)
(APIServer pid=1340662)   File "/e/project1/profound/alint77/vllm/vllm/entrypoints/cli/serve.py", line 162, in cmd
(APIServer pid=1340662)     uvloop.run(run_server(args))
(APIServer pid=1340662)   File "/e/project1/profound/alint77/vllm/.venv/lib/python3.12/site-packages/uvloop/__init__.py", line 96, in run
(APIServer pid=1340662)     return __asyncio.run(
(APIServer pid=1340662)            ^^^^^^^^^^^^^^
(APIServer pid=1340662)   File "/e/home/jusers/naeimitabiei1/jupiter/.local/share/uv/python/cpython-3.12.13-linux-aarch64-gnu/lib/python3.12/asyncio/runners.py", line 195, in run
(APIServer pid=1340662)     return runner.run(main)
(APIServer pid=1340662)            ^^^^^^^^^^^^^^^^
(APIServer pid=1340662)   File "/e/home/jusers/naeimitabiei1/jupiter/.local/share/uv/python/cpython-3.12.13-linux-aarch64-gnu/lib/python3.12/asyncio/runners.py", line 118, in run
(APIServer pid=1340662)     return self._loop.run_until_complete(task)
(APIServer pid=1340662)            ^^^^^^^^^^^^^^^^^^^^^^^^^^^^^^^^^^^
(APIServer pid=1340662)   File "uvloop/loop.pyx", line 1518, in uvloop.loop.Loop.run_until_complete
(APIServer pid=1340662)   File "/e/project1/profound/alint77/vllm/.venv/lib/python3.12/site-packages/uvloop/__init__.py", line 48, in wrapper
(APIServer pid=1340662)     return await main
(APIServer pid=1340662)            ^^^^^^^^^^
(APIServer pid=1340662)   File "/e/project1/profound/alint77/vllm/vllm/entrypoints/openai/api_server.py", line 759, in run_server
(APIServer pid=1340662)     await run_server_worker(listen_address, sock, args, **uvicorn_kwargs)
(APIServer pid=1340662)   File "/e/project1/profound/alint77/vllm/vllm/entrypoints/openai/api_server.py", line 773, in run_server_worker
(APIServer pid=1340662)     async with build_async_engine_client(
(APIServer pid=1340662)                ^^^^^^^^^^^^^^^^^^^^^^^^^^
(APIServer pid=1340662)   File "/e/home/jusers/naeimitabiei1/jupiter/.local/share/uv/python/cpython-3.12.13-linux-aarch64-gnu/lib/python3.12/contextlib.py", line 210, in __aenter__
(APIServer pid=1340662)     return await anext(self.gen)
(APIServer pid=1340662)            ^^^^^^^^^^^^^^^^^^^^^
(APIServer pid=1340662)   File "/e/project1/profound/alint77/vllm/vllm/entrypoints/openai/api_server.py", line 139, in build_async_engine_client
(APIServer pid=1340662)     async with build_async_engine_client_from_engine_args(
(APIServer pid=1340662)                ^^^^^^^^^^^^^^^^^^^^^^^^^^^^^^^^^^^^^^^^^^^
(APIServer pid=1340662)   File "/e/home/jusers/naeimitabiei1/jupiter/.local/share/uv/python/cpython-3.12.13-linux-aarch64-gnu/lib/python3.12/contextlib.py", line 210, in __aenter__
(APIServer pid=1340662)     return await anext(self.gen)
(APIServer pid=1340662)            ^^^^^^^^^^^^^^^^^^^^^
(APIServer pid=1340662)   File "/e/project1/profound/alint77/vllm/vllm/entrypoints/openai/api_server.py", line 175, in build_async_engine_client_from_engine_args
(APIServer pid=1340662)     async_llm = AsyncLLM.from_vllm_config(
(APIServer pid=1340662)                 ^^^^^^^^^^^^^^^^^^^^^^^^^^
(APIServer pid=1340662)   File "/e/project1/profound/alint77/vllm/vllm/v1/engine/async_llm.py", line 217, in from_vllm_config
(APIServer pid=1340662)     return cls(
(APIServer pid=1340662)            ^^^^
(APIServer pid=1340662)   File "/e/project1/profound/alint77/vllm/vllm/v1/engine/async_llm.py", line 146, in __init__
(APIServer pid=1340662)     self.engine_core = EngineCoreClient.make_async_mp_client(
(APIServer pid=1340662)                        ^^^^^^^^^^^^^^^^^^^^^^^^^^^^^^^^^^^^^^
(APIServer pid=1340662)   File "/e/project1/profound/alint77/vllm/vllm/tracing/otel.py", line 178, in sync_wrapper
(APIServer pid=1340662)     return func(*args, **kwargs)
(APIServer pid=1340662)            ^^^^^^^^^^^^^^^^^^^^^
(APIServer pid=1340662)   File "/e/project1/profound/alint77/vllm/vllm/v1/engine/core_client.py", line 132, in make_async_mp_client
(APIServer pid=1340662)     return AsyncMPClient(*client_args)
(APIServer pid=1340662)            ^^^^^^^^^^^^^^^^^^^^^^^^^^^
(APIServer pid=1340662)   File "/e/project1/profound/alint77/vllm/vllm/tracing/otel.py", line 178, in sync_wrapper
(APIServer pid=1340662)     return func(*args, **kwargs)
(APIServer pid=1340662)            ^^^^^^^^^^^^^^^^^^^^^
(APIServer pid=1340662)   File "/e/project1/profound/alint77/vllm/vllm/v1/engine/core_client.py", line 963, in __init__
(APIServer pid=1340662)     super().__init__(
(APIServer pid=1340662)   File "/e/project1/profound/alint77/vllm/vllm/v1/engine/core_client.py", line 573, in __init__
(APIServer pid=1340662)     with launch_core_engines(
(APIServer pid=1340662)          ^^^^^^^^^^^^^^^^^^^^
(APIServer pid=1340662)   File "/e/home/jusers/naeimitabiei1/jupiter/.local/share/uv/python/cpython-3.12.13-linux-aarch64-gnu/lib/python3.12/contextlib.py", line 144, in __exit__
(APIServer pid=1340662)     next(self.gen)
(APIServer pid=1340662)   File "/e/project1/profound/alint77/vllm/vllm/v1/engine/utils.py", line 1213, in launch_core_engines
(APIServer pid=1340662)     wait_for_engine_startup(
(APIServer pid=1340662)   File "/e/project1/profound/alint77/vllm/vllm/v1/engine/utils.py", line 1272, in wait_for_engine_startup
(APIServer pid=1340662)     raise RuntimeError(
(APIServer pid=1340662) RuntimeError: Engine core initialization failed. See root cause above. Failed core proc(s): {}
/e/home/jusers/naeimitabiei1/jupiter/.local/share/uv/python/cpython-3.12.13-linux-aarch64-gnu/lib/python3.12/multiprocessing/resource_tracker.py:279: UserWarning: resource_tracker: There appear to be 4 leaked shared_memory objects to clean up at shutdown
  warnings.warn('resource_tracker: There appear to be %d '
