(EngineCore pid=1103921) /e/project1/profound/alint77/vllm/vllm/v1/executor/multiproc_executor.py:139: UserWarning: Failed to get the IP address, using 0.0.0.0 by default. The value can be set by the environment variable VLLM_HOST_IP or HOST_IP.
(EngineCore pid=1103921)   mq_connect_ip = get_ip()
[W725 14:47:07.575401323 socket.cpp:764] [c10d] The client socket cannot be initialized to connect to [localhost]:42765 (errno: 97 - Address family not supported by protocol).
[W725 14:47:07.797732181 socket.cpp:764] [c10d] The client socket cannot be initialized to connect to [localhost]:42765 (errno: 97 - Address family not supported by protocol).
[W725 14:47:07.798027120 socket.cpp:764] [c10d] The client socket cannot be initialized to connect to [localhost]:42765 (errno: 97 - Address family not supported by protocol).
[W725 14:47:07.798069231 socket.cpp:764] [c10d] The client socket cannot be initialized to connect to [localhost]:42765 (errno: 97 - Address family not supported by protocol).
(Worker_TP0_EP0 pid=1104197) Loading safetensors checkpoint shards:   0% Completed | 0/11 [00:00<?, ?it/s]
(Worker_TP0_EP0 pid=1104197) Loading safetensors checkpoint shards:  27% Completed | 3/11 [00:00<00:00, 13.96it/s]
(Worker_TP0_EP0 pid=1104197) Loading safetensors checkpoint shards:  27% Completed | 3/11 [00:20<00:00, 13.96it/s]
(Worker_TP0_EP0 pid=1104197) Loading safetensors checkpoint shards:  36% Completed | 4/11 [01:58<04:28, 38.29s/it]
(Worker_TP0_EP0 pid=1104197) Loading safetensors checkpoint shards:  45% Completed | 5/11 [04:01<06:28, 64.83s/it]
(Worker_TP0_EP0 pid=1104197) Loading safetensors checkpoint shards:  55% Completed | 6/11 [06:04<06:55, 83.11s/it]
(Worker_TP0_EP0 pid=1104197) Loading safetensors checkpoint shards:  64% Completed | 7/11 [08:09<06:23, 95.78s/it]
(Worker_TP0_EP0 pid=1104197) Loading safetensors checkpoint shards:  73% Completed | 8/11 [10:09<05:10, 103.35s/it]
(Worker_TP0_EP0 pid=1104197) Loading safetensors checkpoint shards:  82% Completed | 9/11 [12:13<03:39, 109.67s/it]
(Worker_TP0_EP0 pid=1104197) Loading safetensors checkpoint shards:  91% Completed | 10/11 [14:15<01:53, 113.42s/it]
(Worker_TP0_EP0 pid=1104197) Loading safetensors checkpoint shards: 100% Completed | 11/11 [15:50<00:00, 107.63s/it]
(Worker_TP0_EP0 pid=1104197) Loading safetensors checkpoint shards: 100% Completed | 11/11 [15:50<00:00, 86.38s/it]
(Worker_TP0_EP0 pid=1104197)  
(Worker_TP0_EP0 pid=1104197) Loading safetensors checkpoint shards:   0% Completed | 0/1 [00:00<?, ?it/s]
(Worker_TP0_EP0 pid=1104197) Loading safetensors checkpoint shards: 100% Completed | 1/1 [00:00<00:00,  1.71it/s]
(Worker_TP0_EP0 pid=1104197) Loading safetensors checkpoint shards: 100% Completed | 1/1 [00:00<00:00,  1.71it/s]
(Worker_TP0_EP0 pid=1104197) 
(Worker_TP2_EP2 pid=1104201) /e/project1/profound/alint77/vllm/.venv/lib/python3.12/site-packages/torch/_inductor/select_algorithm.py:3686: UserWarning: TypedStorage is deprecated. It will be removed in the future and UntypedStorage will be the only storage class. This should only matter to you if you are using storages directly.  To access UntypedStorage directly, use tensor.untyped_storage() instead of tensor.storage()
(Worker_TP2_EP2 pid=1104201)   current_out_size = out_base.storage().size()
(Worker_TP1_EP1 pid=1104199) /e/project1/profound/alint77/vllm/.venv/lib/python3.12/site-packages/torch/_inductor/select_algorithm.py:3686: UserWarning: TypedStorage is deprecated. It will be removed in the future and UntypedStorage will be the only storage class. This should only matter to you if you are using storages directly.  To access UntypedStorage directly, use tensor.untyped_storage() instead of tensor.storage()
(Worker_TP1_EP1 pid=1104199)   current_out_size = out_base.storage().size()
(Worker_TP3_EP3 pid=1104203) /e/project1/profound/alint77/vllm/.venv/lib/python3.12/site-packages/torch/_inductor/select_algorithm.py:3686: UserWarning: TypedStorage is deprecated. It will be removed in the future and UntypedStorage will be the only storage class. This should only matter to you if you are using storages directly.  To access UntypedStorage directly, use tensor.untyped_storage() instead of tensor.storage()
(Worker_TP3_EP3 pid=1104203)   current_out_size = out_base.storage().size()
(Worker_TP0_EP0 pid=1104197) /e/project1/profound/alint77/vllm/.venv/lib/python3.12/site-packages/torch/_inductor/select_algorithm.py:3686: UserWarning: TypedStorage is deprecated. It will be removed in the future and UntypedStorage will be the only storage class. This should only matter to you if you are using storages directly.  To access UntypedStorage directly, use tensor.untyped_storage() instead of tensor.storage()
(Worker_TP0_EP0 pid=1104197)   current_out_size = out_base.storage().size()
(Worker_TP1_EP1 pid=1104199) Autotune Choices Stats:
(Worker_TP1_EP1 pid=1104199) {"num_choices": 28, "num_triton_choices": 18, "best_kernel": "decompose_k_mm_32_split_8", "best_kernel_desc": "k_split=32", "best_time": 0.007968000136315823, "best_triton_pos": 10, "best_triton_time": 0.016383999958634377, "best_triton_kernel": "triton_mm_4", "best_triton_kernel_desc": "ACC_TYPE='tl.float32', ALLOW_TF32=False, BLOCK_K=128, BLOCK_M=16, BLOCK_N=32, EVEN_K=True, GROUP_M=8, USE_FAST_ACCUM=False, num_stages=5, num_warps=2"}
(Worker_TP1_EP1 pid=1104199) AUTOTUNE mm(8x6144, 6144x160)
(Worker_TP1_EP1 pid=1104199) strides: [6144, 1], [1, 6144]
(Worker_TP1_EP1 pid=1104199) dtypes: torch.bfloat16, torch.bfloat16
(Worker_TP1_EP1 pid=1104199)   decompose_k_mm_32_split_8 0.0080 ms 100.0% k_split=32
(Worker_TP1_EP1 pid=1104199)   decompose_k_mm_24_split_3 0.0080 ms 99.2% k_split=24
(Worker_TP1_EP1 pid=1104199)   decompose_k_mm_16_split_7 0.0080 ms 99.2% k_split=16
(Worker_TP1_EP1 pid=1104199)   decompose_k_mm_12_split_2 0.0084 ms 95.4% k_split=12
(Worker_TP1_EP1 pid=1104199)   mm 0.0085 ms 94.0% 
(Worker_TP1_EP1 pid=1104199)   decompose_k_mm_8_split_6 0.0088 ms 90.9% k_split=8
(Worker_TP1_EP1 pid=1104199)   decompose_k_mm_6_split_1 0.0088 ms 90.5% k_split=6
(Worker_TP1_EP1 pid=1104199)   decompose_k_mm_4_split_5 0.0092 ms 87.1% k_split=4
(Worker_TP1_EP1 pid=1104199)   decompose_k_mm_3_split_0 0.0097 ms 82.5% k_split=3
(Worker_TP1_EP1 pid=1104199)   decompose_k_mm_2_split_4 0.0108 ms 73.5% k_split=2
(Worker_TP1_EP1 pid=1104199) SingleProcess AUTOTUNE benchmarking takes 5.7033 seconds and 1.5294 seconds precompiling for 28 choices
(Worker_TP1_EP1 pid=1104199) Autotune Choices Stats:
(Worker_TP1_EP1 pid=1104199) {"num_choices": 19, "num_triton_choices": 18, "best_kernel": "triton_mm_22", "best_kernel_desc": "ACC_TYPE='tl.float32', ALLOW_TF32=False, BLOCK_K=128, BLOCK_M=16, BLOCK_N=32, EVEN_K=True, GROUP_M=8, USE_FAST_ACCUM=False, num_stages=5, num_warps=2", "best_time": 0.011103999800980091, "best_triton_pos": 0}
(Worker_TP1_EP1 pid=1104199) AUTOTUNE mm(8x2048, 2048x4096)
(Worker_TP1_EP1 pid=1104199) strides: [2048, 1], [1, 2048]
(Worker_TP1_EP1 pid=1104199) dtypes: torch.bfloat16, torch.bfloat16
(Worker_TP1_EP1 pid=1104199)   triton_mm_22 0.0111 ms 100.0% ACC_TYPE='tl.float32', ALLOW_TF32=False, BLOCK_K=128, BLOCK_M=16, BLOCK_N=32, EVEN_K=True, GROUP_M=8, USE_FAST_ACCUM=False, num_stages=5, num_warps=2
(Worker_TP1_EP1 pid=1104199)   triton_mm_26 0.0115 ms 96.4% ACC_TYPE='tl.float32', ALLOW_TF32=False, BLOCK_K=128, BLOCK_M=16, BLOCK_N=64, EVEN_K=True, GROUP_M=8, USE_FAST_ACCUM=False, num_stages=5, num_warps=4
(Worker_TP1_EP1 pid=1104199)   mm 0.0116 ms 95.6% 
(Worker_TP1_EP1 pid=1104199)   triton_mm_30 0.0136 ms 81.6% ACC_TYPE='tl.float32', ALLOW_TF32=False, BLOCK_K=128, BLOCK_M=16, BLOCK_N=128, EVEN_K=True, GROUP_M=8, USE_FAST_ACCUM=False, num_stages=4, num_warps=4
(Worker_TP1_EP1 pid=1104199)   triton_mm_35 0.0139 ms 80.0% ACC_TYPE='tl.float32', ALLOW_TF32=False, BLOCK_K=128, BLOCK_M=16, BLOCK_N=128, EVEN_K=True, GROUP_M=8, USE_FAST_ACCUM=False, num_stages=4, num_warps=8
(Worker_TP1_EP1 pid=1104199)   triton_mm_34 0.0146 ms 75.9% ACC_TYPE='tl.float32', ALLOW_TF32=False, BLOCK_K=64, BLOCK_M=16, BLOCK_N=128, EVEN_K=True, GROUP_M=8, USE_FAST_ACCUM=False, num_stages=5, num_warps=8
(Worker_TP1_EP1 pid=1104199)   triton_mm_21 0.0186 ms 59.7% ACC_TYPE='tl.float32', ALLOW_TF32=False, BLOCK_K=32, BLOCK_M=16, BLOCK_N=32, EVEN_K=True, GROUP_M=8, USE_FAST_ACCUM=False, num_stages=5, num_warps=2
(Worker_TP1_EP1 pid=1104199)   triton_mm_25 0.0186 ms 59.6% ACC_TYPE='tl.float32', ALLOW_TF32=False, BLOCK_K=64, BLOCK_M=16, BLOCK_N=64, EVEN_K=True, GROUP_M=8, USE_FAST_ACCUM=False, num_stages=3, num_warps=4
(Worker_TP1_EP1 pid=1104199)   triton_mm_19 0.0189 ms 58.8% ACC_TYPE='tl.float32', ALLOW_TF32=False, BLOCK_K=128, BLOCK_M=16, BLOCK_N=32, EVEN_K=True, GROUP_M=8, USE_FAST_ACCUM=False, num_stages=2, num_warps=2
(Worker_TP1_EP1 pid=1104199)   triton_mm_20 0.0193 ms 57.6% ACC_TYPE='tl.float32', ALLOW_TF32=False, BLOCK_K=32, BLOCK_M=16, BLOCK_N=64, EVEN_K=True, GROUP_M=8, USE_FAST_ACCUM=False, num_stages=5, num_warps=4
(Worker_TP1_EP1 pid=1104199) SingleProcess AUTOTUNE benchmarking takes 0.1490 seconds and 0.0004 seconds precompiling for 19 choices
(Worker_TP2_EP2 pid=1104201) Autotune Choices Stats:
(Worker_TP2_EP2 pid=1104201) {"num_choices": 28, "num_triton_choices": 18, "best_kernel": "decompose_k_mm_32_split_8", "best_kernel_desc": "k_split=32", "best_time": 0.008287999778985977, "best_triton_pos": 10, "best_triton_time": 0.016416000202298164, "best_triton_kernel": "triton_mm_4", "best_triton_kernel_desc": "ACC_TYPE='tl.float32', ALLOW_TF32=False, BLOCK_K=128, BLOCK_M=16, BLOCK_N=32, EVEN_K=True, GROUP_M=8, USE_FAST_ACCUM=False, num_stages=5, num_warps=2"}
(Worker_TP2_EP2 pid=1104201) AUTOTUNE mm(8x6144, 6144x160)
(Worker_TP2_EP2 pid=1104201) strides: [6144, 1], [1, 6144]
(Worker_TP2_EP2 pid=1104201) dtypes: torch.bfloat16, torch.bfloat16
(Worker_TP2_EP2 pid=1104201)   decompose_k_mm_32_split_8 0.0083 ms 100.0% k_split=32
(Worker_TP2_EP2 pid=1104201)   decompose_k_mm_24_split_3 0.0084 ms 99.2% k_split=24
(Worker_TP2_EP2 pid=1104201)   decompose_k_mm_16_split_7 0.0085 ms 97.7% k_split=16
(Worker_TP2_EP2 pid=1104201)   decompose_k_mm_12_split_2 0.0086 ms 95.9% k_split=12
(Worker_TP2_EP2 pid=1104201)   decompose_k_mm_6_split_1 0.0089 ms 93.5% k_split=6
(Worker_TP2_EP2 pid=1104201)   decompose_k_mm_8_split_6 0.0089 ms 93.2% k_split=8
(Worker_TP2_EP2 pid=1104201)   mm 0.0090 ms 92.5% 
(Worker_TP2_EP2 pid=1104201)   decompose_k_mm_4_split_5 0.0093 ms 88.7% k_split=4
(Worker_TP2_EP2 pid=1104201)   decompose_k_mm_3_split_0 0.0098 ms 84.6% k_split=3
(Worker_TP2_EP2 pid=1104201)   decompose_k_mm_2_split_4 0.0112 ms 73.8% k_split=2
(Worker_TP2_EP2 pid=1104201) SingleProcess AUTOTUNE benchmarking takes 6.3439 seconds and 1.4922 seconds precompiling for 28 choices
(Worker_TP2_EP2 pid=1104201) Autotune Choices Stats:
(Worker_TP2_EP2 pid=1104201) {"num_choices": 19, "num_triton_choices": 18, "best_kernel": "triton_mm_22", "best_kernel_desc": "ACC_TYPE='tl.float32', ALLOW_TF32=False, BLOCK_K=128, BLOCK_M=16, BLOCK_N=32, EVEN_K=True, GROUP_M=8, USE_FAST_ACCUM=False, num_stages=5, num_warps=2", "best_time": 0.011071999557316303, "best_triton_pos": 0}
(Worker_TP2_EP2 pid=1104201) AUTOTUNE mm(8x2048, 2048x4096)
(Worker_TP2_EP2 pid=1104201) strides: [2048, 1], [1, 2048]
(Worker_TP2_EP2 pid=1104201) dtypes: torch.bfloat16, torch.bfloat16
(Worker_TP2_EP2 pid=1104201)   triton_mm_22 0.0111 ms 100.0% ACC_TYPE='tl.float32', ALLOW_TF32=False, BLOCK_K=128, BLOCK_M=16, BLOCK_N=32, EVEN_K=True, GROUP_M=8, USE_FAST_ACCUM=False, num_stages=5, num_warps=2
(Worker_TP2_EP2 pid=1104201)   mm 0.0115 ms 96.1% 
(Worker_TP2_EP2 pid=1104201)   triton_mm_26 0.0117 ms 94.5% ACC_TYPE='tl.float32', ALLOW_TF32=False, BLOCK_K=128, BLOCK_M=16, BLOCK_N=64, EVEN_K=True, GROUP_M=8, USE_FAST_ACCUM=False, num_stages=5, num_warps=4
(Worker_TP2_EP2 pid=1104201)   triton_mm_30 0.0137 ms 80.7% ACC_TYPE='tl.float32', ALLOW_TF32=False, BLOCK_K=128, BLOCK_M=16, BLOCK_N=128, EVEN_K=True, GROUP_M=8, USE_FAST_ACCUM=False, num_stages=4, num_warps=4
(Worker_TP2_EP2 pid=1104201)   triton_mm_35 0.0140 ms 79.0% ACC_TYPE='tl.float32', ALLOW_TF32=False, BLOCK_K=128, BLOCK_M=16, BLOCK_N=128, EVEN_K=True, GROUP_M=8, USE_FAST_ACCUM=False, num_stages=4, num_warps=8
(Worker_TP2_EP2 pid=1104201)   triton_mm_34 0.0148 ms 74.9% ACC_TYPE='tl.float32', ALLOW_TF32=False, BLOCK_K=64, BLOCK_M=16, BLOCK_N=128, EVEN_K=True, GROUP_M=8, USE_FAST_ACCUM=False, num_stages=5, num_warps=8
(Worker_TP2_EP2 pid=1104201)   triton_mm_21 0.0185 ms 60.0% ACC_TYPE='tl.float32', ALLOW_TF32=False, BLOCK_K=32, BLOCK_M=16, BLOCK_N=32, EVEN_K=True, GROUP_M=8, USE_FAST_ACCUM=False, num_stages=5, num_warps=2
(Worker_TP2_EP2 pid=1104201)   triton_mm_19 0.0186 ms 59.7% ACC_TYPE='tl.float32', ALLOW_TF32=False, BLOCK_K=128, BLOCK_M=16, BLOCK_N=32, EVEN_K=True, GROUP_M=8, USE_FAST_ACCUM=False, num_stages=2, num_warps=2
(Worker_TP2_EP2 pid=1104201)   triton_mm_25 0.0189 ms 58.5% ACC_TYPE='tl.float32', ALLOW_TF32=False, BLOCK_K=64, BLOCK_M=16, BLOCK_N=64, EVEN_K=True, GROUP_M=8, USE_FAST_ACCUM=False, num_stages=3, num_warps=4
(Worker_TP2_EP2 pid=1104201)   triton_mm_20 0.0194 ms 57.1% ACC_TYPE='tl.float32', ALLOW_TF32=False, BLOCK_K=32, BLOCK_M=16, BLOCK_N=64, EVEN_K=True, GROUP_M=8, USE_FAST_ACCUM=False, num_stages=5, num_warps=4
(Worker_TP2_EP2 pid=1104201) SingleProcess AUTOTUNE benchmarking takes 0.1492 seconds and 0.0004 seconds precompiling for 19 choices
(Worker_TP3_EP3 pid=1104203) Autotune Choices Stats:
(Worker_TP3_EP3 pid=1104203) {"num_choices": 28, "num_triton_choices": 18, "best_kernel": "decompose_k_mm_32_split_8", "best_kernel_desc": "k_split=32", "best_time": 0.0080960001796484, "best_triton_pos": 10, "best_triton_time": 0.016256000846624374, "best_triton_kernel": "triton_mm_4", "best_triton_kernel_desc": "ACC_TYPE='tl.float32', ALLOW_TF32=False, BLOCK_K=128, BLOCK_M=16, BLOCK_N=32, EVEN_K=True, GROUP_M=8, USE_FAST_ACCUM=False, num_stages=5, num_warps=2"}
(Worker_TP3_EP3 pid=1104203) AUTOTUNE mm(8x6144, 6144x160)
(Worker_TP3_EP3 pid=1104203) strides: [6144, 1], [1, 6144]
(Worker_TP3_EP3 pid=1104203) dtypes: torch.bfloat16, torch.bfloat16
(Worker_TP3_EP3 pid=1104203)   decompose_k_mm_32_split_8 0.0081 ms 100.0% k_split=32
(Worker_TP3_EP3 pid=1104203)   decompose_k_mm_24_split_3 0.0082 ms 99.2% k_split=24
(Worker_TP3_EP3 pid=1104203)   decompose_k_mm_16_split_7 0.0082 ms 99.2% k_split=16
(Worker_TP3_EP3 pid=1104203)   decompose_k_mm_12_split_2 0.0082 ms 98.4% k_split=12
(Worker_TP3_EP3 pid=1104203)   mm 0.0083 ms 97.3% 
(Worker_TP3_EP3 pid=1104203)   decompose_k_mm_8_split_6 0.0087 ms 92.7% k_split=8
(Worker_TP3_EP3 pid=1104203)   decompose_k_mm_6_split_1 0.0089 ms 91.3% k_split=6
(Worker_TP3_EP3 pid=1104203)   decompose_k_mm_4_split_5 0.0094 ms 85.8% k_split=4
(Worker_TP3_EP3 pid=1104203)   decompose_k_mm_3_split_0 0.0096 ms 84.3% k_split=3
(Worker_TP3_EP3 pid=1104203)   decompose_k_mm_2_split_4 0.0109 ms 74.2% k_split=2
(Worker_TP3_EP3 pid=1104203) SingleProcess AUTOTUNE benchmarking takes 6.5333 seconds and 1.5324 seconds precompiling for 28 choices
(Worker_TP3_EP3 pid=1104203) Autotune Choices Stats:
(Worker_TP3_EP3 pid=1104203) {"num_choices": 19, "num_triton_choices": 18, "best_kernel": "triton_mm_22", "best_kernel_desc": "ACC_TYPE='tl.float32', ALLOW_TF32=False, BLOCK_K=128, BLOCK_M=16, BLOCK_N=32, EVEN_K=True, GROUP_M=8, USE_FAST_ACCUM=False, num_stages=5, num_warps=2", "best_time": 0.011008000001311302, "best_triton_pos": 0}
(Worker_TP3_EP3 pid=1104203) AUTOTUNE mm(8x2048, 2048x4096)
(Worker_TP3_EP3 pid=1104203) strides: [2048, 1], [1, 2048]
(Worker_TP3_EP3 pid=1104203) dtypes: torch.bfloat16, torch.bfloat16
(Worker_TP3_EP3 pid=1104203)   triton_mm_22 0.0110 ms 100.0% ACC_TYPE='tl.float32', ALLOW_TF32=False, BLOCK_K=128, BLOCK_M=16, BLOCK_N=32, EVEN_K=True, GROUP_M=8, USE_FAST_ACCUM=False, num_stages=5, num_warps=2
(Worker_TP3_EP3 pid=1104203)   mm 0.0116 ms 95.0% 
(Worker_TP3_EP3 pid=1104203)   triton_mm_26 0.0116 ms 94.8% ACC_TYPE='tl.float32', ALLOW_TF32=False, BLOCK_K=128, BLOCK_M=16, BLOCK_N=64, EVEN_K=True, GROUP_M=8, USE_FAST_ACCUM=False, num_stages=5, num_warps=4
(Worker_TP3_EP3 pid=1104203)   triton_mm_35 0.0139 ms 79.1% ACC_TYPE='tl.float32', ALLOW_TF32=False, BLOCK_K=128, BLOCK_M=16, BLOCK_N=128, EVEN_K=True, GROUP_M=8, USE_FAST_ACCUM=False, num_stages=4, num_warps=8
(Worker_TP3_EP3 pid=1104203)   triton_mm_30 0.0140 ms 78.9% ACC_TYPE='tl.float32', ALLOW_TF32=False, BLOCK_K=128, BLOCK_M=16, BLOCK_N=128, EVEN_K=True, GROUP_M=8, USE_FAST_ACCUM=False, num_stages=4, num_warps=4
(Worker_TP3_EP3 pid=1104203)   triton_mm_34 0.0149 ms 73.7% ACC_TYPE='tl.float32', ALLOW_TF32=False, BLOCK_K=64, BLOCK_M=16, BLOCK_N=128, EVEN_K=True, GROUP_M=8, USE_FAST_ACCUM=False, num_stages=5, num_warps=8
(Worker_TP3_EP3 pid=1104203)   triton_mm_19 0.0187 ms 59.0% ACC_TYPE='tl.float32', ALLOW_TF32=False, BLOCK_K=128, BLOCK_M=16, BLOCK_N=32, EVEN_K=True, GROUP_M=8, USE_FAST_ACCUM=False, num_stages=2, num_warps=2
(Worker_TP3_EP3 pid=1104203)   triton_mm_21 0.0189 ms 58.3% ACC_TYPE='tl.float32', ALLOW_TF32=False, BLOCK_K=32, BLOCK_M=16, BLOCK_N=32, EVEN_K=True, GROUP_M=8, USE_FAST_ACCUM=False, num_stages=5, num_warps=2
(Worker_TP3_EP3 pid=1104203)   triton_mm_25 0.0189 ms 58.3% ACC_TYPE='tl.float32', ALLOW_TF32=False, BLOCK_K=64, BLOCK_M=16, BLOCK_N=64, EVEN_K=True, GROUP_M=8, USE_FAST_ACCUM=False, num_stages=3, num_warps=4
(Worker_TP3_EP3 pid=1104203)   triton_mm_20 0.0193 ms 57.1% ACC_TYPE='tl.float32', ALLOW_TF32=False, BLOCK_K=32, BLOCK_M=16, BLOCK_N=64, EVEN_K=True, GROUP_M=8, USE_FAST_ACCUM=False, num_stages=5, num_warps=4
(Worker_TP3_EP3 pid=1104203) SingleProcess AUTOTUNE benchmarking takes 0.1481 seconds and 0.0004 seconds precompiling for 19 choices
(Worker_TP0_EP0 pid=1104197) Autotune Choices Stats:
(Worker_TP0_EP0 pid=1104197) {"num_choices": 28, "num_triton_choices": 18, "best_kernel": "decompose_k_mm_24_split_3", "best_kernel_desc": "k_split=24", "best_time": 0.008191999979317188, "best_triton_pos": 6, "best_triton_time": 0.016704000532627106, "best_triton_kernel": "triton_mm_8", "best_triton_kernel_desc": "ACC_TYPE='tl.float32', ALLOW_TF32=False, BLOCK_K=128, BLOCK_M=16, BLOCK_N=64, EVEN_K=True, GROUP_M=8, USE_FAST_ACCUM=False, num_stages=5, num_warps=4"}
(Worker_TP0_EP0 pid=1104197) AUTOTUNE mm(8x6144, 6144x160)
(Worker_TP0_EP0 pid=1104197) strides: [6144, 1], [1, 6144]
(Worker_TP0_EP0 pid=1104197) dtypes: torch.bfloat16, torch.bfloat16
(Worker_TP0_EP0 pid=1104197)   decompose_k_mm_24_split_3 0.0082 ms 100.0% k_split=24
(Worker_TP0_EP0 pid=1104197)   decompose_k_mm_32_split_8 0.0084 ms 97.7% k_split=32
(Worker_TP0_EP0 pid=1104197)   mm 0.0087 ms 93.8% 
(Worker_TP0_EP0 pid=1104197)   decompose_k_mm_8_split_6 0.0089 ms 92.1% k_split=8
(Worker_TP0_EP0 pid=1104197)   decompose_k_mm_4_split_5 0.0094 ms 87.1% k_split=4
(Worker_TP0_EP0 pid=1104197)   decompose_k_mm_2_split_4 0.0111 ms 73.6% k_split=2
(Worker_TP0_EP0 pid=1104197)   triton_mm_8 0.0167 ms 49.0% ACC_TYPE='tl.float32', ALLOW_TF32=False, BLOCK_K=128, BLOCK_M=16, BLOCK_N=64, EVEN_K=True, GROUP_M=8, USE_FAST_ACCUM=False, num_stages=5, num_warps=4
(Worker_TP0_EP0 pid=1104197)   triton_mm_4 0.0188 ms 43.5% ACC_TYPE='tl.float32', ALLOW_TF32=False, BLOCK_K=128, BLOCK_M=16, BLOCK_N=32, EVEN_K=True, GROUP_M=8, USE_FAST_ACCUM=False, num_stages=5, num_warps=2
(Worker_TP0_EP0 pid=1104197)   triton_mm_12 0.0239 ms 34.2% ACC_TYPE='tl.float32', ALLOW_TF32=False, BLOCK_K=128, BLOCK_M=16, BLOCK_N=128, EVEN_K=True, GROUP_M=8, USE_FAST_ACCUM=False, num_stages=4, num_warps=4
(Worker_TP0_EP0 pid=1104197)   triton_mm_17 0.0283 ms 28.9% ACC_TYPE='tl.float32', ALLOW_TF32=False, BLOCK_K=128, BLOCK_M=16, BLOCK_N=128, EVEN_K=True, GROUP_M=8, USE_FAST_ACCUM=False, num_stages=4, num_warps=8
(Worker_TP0_EP0 pid=1104197) SingleProcess AUTOTUNE benchmarking takes 7.5038 seconds and 1.7086 seconds precompiling for 28 choices
(Worker_TP0_EP0 pid=1104197) Autotune Choices Stats:
(Worker_TP0_EP0 pid=1104197) {"num_choices": 19, "num_triton_choices": 18, "best_kernel": "mm", "best_time": 0.011264000087976456, "best_triton_pos": 1, "best_triton_time": 0.011807999573647976, "best_triton_kernel": "triton_mm_26", "best_triton_kernel_desc": "ACC_TYPE='tl.float32', ALLOW_TF32=False, BLOCK_K=128, BLOCK_M=16, BLOCK_N=64, EVEN_K=True, GROUP_M=8, USE_FAST_ACCUM=False, num_stages=5, num_warps=4"}
(Worker_TP0_EP0 pid=1104197) AUTOTUNE mm(8x2048, 2048x4096)
(Worker_TP0_EP0 pid=1104197) strides: [2048, 1], [1, 2048]
(Worker_TP0_EP0 pid=1104197) dtypes: torch.bfloat16, torch.bfloat16
(Worker_TP0_EP0 pid=1104197)   mm 0.0113 ms 100.0% 
(Worker_TP0_EP0 pid=1104197)   triton_mm_26 0.0118 ms 95.4% ACC_TYPE='tl.float32', ALLOW_TF32=False, BLOCK_K=128, BLOCK_M=16, BLOCK_N=64, EVEN_K=True, GROUP_M=8, USE_FAST_ACCUM=False, num_stages=5, num_warps=4
(Worker_TP0_EP0 pid=1104197)   triton_mm_35 0.0139 ms 81.1% ACC_TYPE='tl.float32', ALLOW_TF32=False, BLOCK_K=128, BLOCK_M=16, BLOCK_N=128, EVEN_K=True, GROUP_M=8, USE_FAST_ACCUM=False, num_stages=4, num_warps=8
(Worker_TP0_EP0 pid=1104197)   triton_mm_30 0.0142 ms 79.5% ACC_TYPE='tl.float32', ALLOW_TF32=False, BLOCK_K=128, BLOCK_M=16, BLOCK_N=128, EVEN_K=True, GROUP_M=8, USE_FAST_ACCUM=False, num_stages=4, num_warps=4
(Worker_TP0_EP0 pid=1104197)   triton_mm_34 0.0150 ms 74.9% ACC_TYPE='tl.float32', ALLOW_TF32=False, BLOCK_K=64, BLOCK_M=16, BLOCK_N=128, EVEN_K=True, GROUP_M=8, USE_FAST_ACCUM=False, num_stages=5, num_warps=8
(Worker_TP0_EP0 pid=1104197)   triton_mm_22 0.0155 ms 72.9% ACC_TYPE='tl.float32', ALLOW_TF32=False, BLOCK_K=128, BLOCK_M=16, BLOCK_N=32, EVEN_K=True, GROUP_M=8, USE_FAST_ACCUM=False, num_stages=5, num_warps=2
(Worker_TP0_EP0 pid=1104197)   triton_mm_25 0.0187 ms 60.3% ACC_TYPE='tl.float32', ALLOW_TF32=False, BLOCK_K=64, BLOCK_M=16, BLOCK_N=64, EVEN_K=True, GROUP_M=8, USE_FAST_ACCUM=False, num_stages=3, num_warps=4
(Worker_TP0_EP0 pid=1104197)   triton_mm_29 0.0198 ms 56.8% ACC_TYPE='tl.float32', ALLOW_TF32=False, BLOCK_K=64, BLOCK_M=16, BLOCK_N=128, EVEN_K=True, GROUP_M=8, USE_FAST_ACCUM=False, num_stages=3, num_warps=4
(Worker_TP0_EP0 pid=1104197)   triton_mm_32 0.0231 ms 48.8% ACC_TYPE='tl.float32', ALLOW_TF32=False, BLOCK_K=32, BLOCK_M=16, BLOCK_N=64, EVEN_K=True, GROUP_M=8, USE_FAST_ACCUM=False, num_stages=4, num_warps=4
(Worker_TP0_EP0 pid=1104197)   triton_mm_21 0.0240 ms 46.9% ACC_TYPE='tl.float32', ALLOW_TF32=False, BLOCK_K=32, BLOCK_M=16, BLOCK_N=32, EVEN_K=True, GROUP_M=8, USE_FAST_ACCUM=False, num_stages=5, num_warps=2
(Worker_TP0_EP0 pid=1104197) SingleProcess AUTOTUNE benchmarking takes 0.1621 seconds and 0.0004 seconds precompiling for 19 choices
(Worker_TP3_EP3 pid=1104203) Autotune Choices Stats:
(Worker_TP3_EP3 pid=1104203) {"num_choices": 28, "num_triton_choices": 18, "best_kernel": "decompose_k_mm_12_split_11", "best_kernel_desc": "k_split=12", "best_time": 0.008191999979317188, "best_triton_pos": 9, "best_triton_time": 0.016448000445961952, "best_triton_kernel": "triton_mm_40", "best_triton_kernel_desc": "ACC_TYPE='tl.float32', ALLOW_TF32=False, BLOCK_K=128, BLOCK_M=16, BLOCK_N=32, EVEN_K=True, GROUP_M=8, USE_FAST_ACCUM=False, num_stages=5, num_warps=2"}
(Worker_TP3_EP3 pid=1104203) AUTOTUNE mm(8x6144, 6144x160)
(Worker_TP3_EP3 pid=1104203) strides: [6144, 1], [1, 6144]
(Worker_TP3_EP3 pid=1104203) dtypes: torch.bfloat16, torch.bfloat16
(Worker_TP3_EP3 pid=1104203)   decompose_k_mm_12_split_11 0.0082 ms 100.0% k_split=12
(Worker_TP3_EP3 pid=1104203)   decompose_k_mm_16_split_16 0.0082 ms 100.0% k_split=16
(Worker_TP3_EP3 pid=1104203)   decompose_k_mm_24_split_12 0.0083 ms 98.8% k_split=24
(Worker_TP3_EP3 pid=1104203)   mm 0.0085 ms 96.2% 
(Worker_TP3_EP3 pid=1104203)   decompose_k_mm_32_split_17 0.0085 ms 96.2% k_split=32
(Worker_TP3_EP3 pid=1104203)   decompose_k_mm_6_split_10 0.0087 ms 93.8% k_split=6
(Worker_TP3_EP3 pid=1104203)   decompose_k_mm_8_split_15 0.0090 ms 90.8% k_split=8
(Worker_TP3_EP3 pid=1104203)   decompose_k_mm_4_split_14 0.0094 ms 87.4% k_split=4
(Worker_TP3_EP3 pid=1104203)   decompose_k_mm_3_split_9 0.0098 ms 83.7% k_split=3
(Worker_TP3_EP3 pid=1104203)   triton_mm_40 0.0164 ms 49.8% ACC_TYPE='tl.float32', ALLOW_TF32=False, BLOCK_K=128, BLOCK_M=16, BLOCK_N=32, EVEN_K=True, GROUP_M=8, USE_FAST_ACCUM=False, num_stages=5, num_warps=2
(Worker_TP3_EP3 pid=1104203) SingleProcess AUTOTUNE benchmarking takes 1.6515 seconds and 0.0002 seconds precompiling for 28 choices
(Worker_TP3_EP3 pid=1104203) Autotune Choices Stats:
(Worker_TP3_EP3 pid=1104203) {"num_choices": 19, "num_triton_choices": 18, "best_kernel": "mm", "best_time": 0.011136000044643879, "best_triton_pos": 1, "best_triton_time": 0.01119999960064888, "best_triton_kernel": "triton_mm_58", "best_triton_kernel_desc": "ACC_TYPE='tl.float32', ALLOW_TF32=False, BLOCK_K=128, BLOCK_M=16, BLOCK_N=32, EVEN_K=True, GROUP_M=8, USE_FAST_ACCUM=False, num_stages=5, num_warps=2"}
(Worker_TP3_EP3 pid=1104203) AUTOTUNE mm(8x2048, 2048x4096)
(Worker_TP3_EP3 pid=1104203) strides: [2048, 1], [1, 2048]
(Worker_TP3_EP3 pid=1104203) dtypes: torch.bfloat16, torch.bfloat16
(Worker_TP3_EP3 pid=1104203)   mm 0.0111 ms 100.0% 
(Worker_TP3_EP3 pid=1104203)   triton_mm_58 0.0112 ms 99.4% ACC_TYPE='tl.float32', ALLOW_TF32=False, BLOCK_K=128, BLOCK_M=16, BLOCK_N=32, EVEN_K=True, GROUP_M=8, USE_FAST_ACCUM=False, num_stages=5, num_warps=2
(Worker_TP3_EP3 pid=1104203)   triton_mm_62 0.0117 ms 95.1% ACC_TYPE='tl.float32', ALLOW_TF32=False, BLOCK_K=128, BLOCK_M=16, BLOCK_N=64, EVEN_K=True, GROUP_M=8, USE_FAST_ACCUM=False, num_stages=5, num_warps=4
(Worker_TP3_EP3 pid=1104203)   triton_mm_71 0.0138 ms 80.6% ACC_TYPE='tl.float32', ALLOW_TF32=False, BLOCK_K=128, BLOCK_M=16, BLOCK_N=128, EVEN_K=True, GROUP_M=8, USE_FAST_ACCUM=False, num_stages=4, num_warps=8
(Worker_TP3_EP3 pid=1104203)   triton_mm_66 0.0141 ms 78.9% ACC_TYPE='tl.float32', ALLOW_TF32=False, BLOCK_K=128, BLOCK_M=16, BLOCK_N=128, EVEN_K=True, GROUP_M=8, USE_FAST_ACCUM=False, num_stages=4, num_warps=4
(Worker_TP3_EP3 pid=1104203)   triton_mm_70 0.0152 ms 73.1% ACC_TYPE='tl.float32', ALLOW_TF32=False, BLOCK_K=64, BLOCK_M=16, BLOCK_N=128, EVEN_K=True, GROUP_M=8, USE_FAST_ACCUM=False, num_stages=5, num_warps=8
(Worker_TP3_EP3 pid=1104203)   triton_mm_55 0.0185 ms 60.2% ACC_TYPE='tl.float32', ALLOW_TF32=False, BLOCK_K=128, BLOCK_M=16, BLOCK_N=32, EVEN_K=True, GROUP_M=8, USE_FAST_ACCUM=False, num_stages=2, num_warps=2
(Worker_TP3_EP3 pid=1104203)   triton_mm_61 0.0185 ms 60.1% ACC_TYPE='tl.float32', ALLOW_TF32=False, BLOCK_K=64, BLOCK_M=16, BLOCK_N=64, EVEN_K=True, GROUP_M=8, USE_FAST_ACCUM=False, num_stages=3, num_warps=4
(Worker_TP3_EP3 pid=1104203)   triton_mm_57 0.0187 ms 59.5% ACC_TYPE='tl.float32', ALLOW_TF32=False, BLOCK_K=32, BLOCK_M=16, BLOCK_N=32, EVEN_K=True, GROUP_M=8, USE_FAST_ACCUM=False, num_stages=5, num_warps=2
(Worker_TP3_EP3 pid=1104203)   triton_mm_56 0.0197 ms 56.6% ACC_TYPE='tl.float32', ALLOW_TF32=False, BLOCK_K=32, BLOCK_M=16, BLOCK_N=64, EVEN_K=True, GROUP_M=8, USE_FAST_ACCUM=False, num_stages=5, num_warps=4
(Worker_TP3_EP3 pid=1104203) SingleProcess AUTOTUNE benchmarking takes 0.1464 seconds and 0.0002 seconds precompiling for 19 choices
(Worker_TP1_EP1 pid=1104199) Autotune Choices Stats:
(Worker_TP1_EP1 pid=1104199) {"num_choices": 28, "num_triton_choices": 18, "best_kernel": "decompose_k_mm_32_split_17", "best_kernel_desc": "k_split=32", "best_time": 0.008031999692320824, "best_triton_pos": 10, "best_triton_time": 0.016543999314308167, "best_triton_kernel": "triton_mm_40", "best_triton_kernel_desc": "ACC_TYPE='tl.float32', ALLOW_TF32=False, BLOCK_K=128, BLOCK_M=16, BLOCK_N=32, EVEN_K=True, GROUP_M=8, USE_FAST_ACCUM=False, num_stages=5, num_warps=2"}
(Worker_TP1_EP1 pid=1104199) AUTOTUNE mm(8x6144, 6144x160)
(Worker_TP1_EP1 pid=1104199) strides: [6144, 1], [1, 6144]
(Worker_TP1_EP1 pid=1104199) dtypes: torch.bfloat16, torch.bfloat16
(Worker_TP1_EP1 pid=1104199)   decompose_k_mm_32_split_17 0.0080 ms 100.0% k_split=32
(Worker_TP1_EP1 pid=1104199)   decompose_k_mm_24_split_12 0.0083 ms 96.9% k_split=24
(Worker_TP1_EP1 pid=1104199)   decompose_k_mm_16_split_16 0.0084 ms 95.8% k_split=16
(Worker_TP1_EP1 pid=1104199)   mm 0.0087 ms 92.3% 
(Worker_TP1_EP1 pid=1104199)   decompose_k_mm_12_split_11 0.0087 ms 91.9% k_split=12
(Worker_TP1_EP1 pid=1104199)   decompose_k_mm_8_split_15 0.0088 ms 91.3% k_split=8
(Worker_TP1_EP1 pid=1104199)   decompose_k_mm_6_split_10 0.0089 ms 90.3% k_split=6
(Worker_TP1_EP1 pid=1104199)   decompose_k_mm_4_split_14 0.0091 ms 88.1% k_split=4
(Worker_TP1_EP1 pid=1104199)   decompose_k_mm_3_split_9 0.0097 ms 83.1% k_split=3
(Worker_TP1_EP1 pid=1104199)   decompose_k_mm_2_split_13 0.0109 ms 73.8% k_split=2
(Worker_TP1_EP1 pid=1104199) SingleProcess AUTOTUNE benchmarking takes 1.6649 seconds and 0.0002 seconds precompiling for 28 choices
(Worker_TP1_EP1 pid=1104199) Autotune Choices Stats:
(Worker_TP1_EP1 pid=1104199) {"num_choices": 19, "num_triton_choices": 18, "best_kernel": "mm", "best_time": 0.011296000331640244, "best_triton_pos": 1, "best_triton_time": 0.011392000131309032, "best_triton_kernel": "triton_mm_58", "best_triton_kernel_desc": "ACC_TYPE='tl.float32', ALLOW_TF32=False, BLOCK_K=128, BLOCK_M=16, BLOCK_N=32, EVEN_K=True, GROUP_M=8, USE_FAST_ACCUM=False, num_stages=5, num_warps=2"}
(Worker_TP1_EP1 pid=1104199) AUTOTUNE mm(8x2048, 2048x4096)
(Worker_TP1_EP1 pid=1104199) strides: [2048, 1], [1, 2048]
(Worker_TP1_EP1 pid=1104199) dtypes: torch.bfloat16, torch.bfloat16
(Worker_TP1_EP1 pid=1104199)   mm 0.0113 ms 100.0% 
(Worker_TP1_EP1 pid=1104199)   triton_mm_58 0.0114 ms 99.2% ACC_TYPE='tl.float32', ALLOW_TF32=False, BLOCK_K=128, BLOCK_M=16, BLOCK_N=32, EVEN_K=True, GROUP_M=8, USE_FAST_ACCUM=False, num_stages=5, num_warps=2
(Worker_TP1_EP1 pid=1104199)   triton_mm_62 0.0117 ms 96.2% ACC_TYPE='tl.float32', ALLOW_TF32=False, BLOCK_K=128, BLOCK_M=16, BLOCK_N=64, EVEN_K=True, GROUP_M=8, USE_FAST_ACCUM=False, num_stages=5, num_warps=4
(Worker_TP1_EP1 pid=1104199)   triton_mm_71 0.0137 ms 82.7% ACC_TYPE='tl.float32', ALLOW_TF32=False, BLOCK_K=128, BLOCK_M=16, BLOCK_N=128, EVEN_K=True, GROUP_M=8, USE_FAST_ACCUM=False, num_stages=4, num_warps=8
(Worker_TP1_EP1 pid=1104199)   triton_mm_66 0.0138 ms 81.9% ACC_TYPE='tl.float32', ALLOW_TF32=False, BLOCK_K=128, BLOCK_M=16, BLOCK_N=128, EVEN_K=True, GROUP_M=8, USE_FAST_ACCUM=False, num_stages=4, num_warps=4
(Worker_TP1_EP1 pid=1104199)   triton_mm_70 0.0151 ms 74.9% ACC_TYPE='tl.float32', ALLOW_TF32=False, BLOCK_K=64, BLOCK_M=16, BLOCK_N=128, EVEN_K=True, GROUP_M=8, USE_FAST_ACCUM=False, num_stages=5, num_warps=8
(Worker_TP1_EP1 pid=1104199)   triton_mm_57 0.0183 ms 61.7% ACC_TYPE='tl.float32', ALLOW_TF32=False, BLOCK_K=32, BLOCK_M=16, BLOCK_N=32, EVEN_K=True, GROUP_M=8, USE_FAST_ACCUM=False, num_stages=5, num_warps=2
(Worker_TP1_EP1 pid=1104199)   triton_mm_55 0.0185 ms 61.2% ACC_TYPE='tl.float32', ALLOW_TF32=False, BLOCK_K=128, BLOCK_M=16, BLOCK_N=32, EVEN_K=True, GROUP_M=8, USE_FAST_ACCUM=False, num_stages=2, num_warps=2
(Worker_TP1_EP1 pid=1104199)   triton_mm_61 0.0185 ms 61.1% ACC_TYPE='tl.float32', ALLOW_TF32=False, BLOCK_K=64, BLOCK_M=16, BLOCK_N=64, EVEN_K=True, GROUP_M=8, USE_FAST_ACCUM=False, num_stages=3, num_warps=4
(Worker_TP1_EP1 pid=1104199)   triton_mm_56 0.0196 ms 57.7% ACC_TYPE='tl.float32', ALLOW_TF32=False, BLOCK_K=32, BLOCK_M=16, BLOCK_N=64, EVEN_K=True, GROUP_M=8, USE_FAST_ACCUM=False, num_stages=5, num_warps=4
(Worker_TP1_EP1 pid=1104199) SingleProcess AUTOTUNE benchmarking takes 0.1460 seconds and 0.0002 seconds precompiling for 19 choices
(Worker_TP2_EP2 pid=1104201) Autotune Choices Stats:
(Worker_TP2_EP2 pid=1104201) {"num_choices": 28, "num_triton_choices": 18, "best_kernel": "decompose_k_mm_32_split_17", "best_kernel_desc": "k_split=32", "best_time": 0.008383999578654766, "best_triton_pos": 10, "best_triton_time": 0.016448000445961952, "best_triton_kernel": "triton_mm_40", "best_triton_kernel_desc": "ACC_TYPE='tl.float32', ALLOW_TF32=False, BLOCK_K=128, BLOCK_M=16, BLOCK_N=32, EVEN_K=True, GROUP_M=8, USE_FAST_ACCUM=False, num_stages=5, num_warps=2"}
(Worker_TP2_EP2 pid=1104201) AUTOTUNE mm(8x6144, 6144x160)
(Worker_TP2_EP2 pid=1104201) strides: [6144, 1], [1, 6144]
(Worker_TP2_EP2 pid=1104201) dtypes: torch.bfloat16, torch.bfloat16
(Worker_TP2_EP2 pid=1104201)   decompose_k_mm_32_split_17 0.0084 ms 100.0% k_split=32
(Worker_TP2_EP2 pid=1104201)   mm 0.0085 ms 98.9% 
(Worker_TP2_EP2 pid=1104201)   decompose_k_mm_16_split_16 0.0087 ms 96.3% k_split=16
(Worker_TP2_EP2 pid=1104201)   decompose_k_mm_24_split_12 0.0088 ms 95.6% k_split=24
(Worker_TP2_EP2 pid=1104201)   decompose_k_mm_12_split_11 0.0089 ms 93.9% k_split=12
(Worker_TP2_EP2 pid=1104201)   decompose_k_mm_8_split_15 0.0089 ms 93.9% k_split=8
(Worker_TP2_EP2 pid=1104201)   decompose_k_mm_6_split_10 0.0091 ms 91.9% k_split=6
(Worker_TP2_EP2 pid=1104201)   decompose_k_mm_4_split_14 0.0093 ms 90.3% k_split=4
(Worker_TP2_EP2 pid=1104201)   decompose_k_mm_3_split_9 0.0101 ms 83.2% k_split=3
(Worker_TP2_EP2 pid=1104201)   decompose_k_mm_2_split_13 0.0111 ms 75.3% k_split=2
(Worker_TP2_EP2 pid=1104201) SingleProcess AUTOTUNE benchmarking takes 1.9317 seconds and 0.0002 seconds precompiling for 28 choices
(Worker_TP2_EP2 pid=1104201) Autotune Choices Stats:
(Worker_TP2_EP2 pid=1104201) {"num_choices": 19, "num_triton_choices": 18, "best_kernel": "triton_mm_58", "best_kernel_desc": "ACC_TYPE='tl.float32', ALLOW_TF32=False, BLOCK_K=128, BLOCK_M=16, BLOCK_N=32, EVEN_K=True, GROUP_M=8, USE_FAST_ACCUM=False, num_stages=5, num_warps=2", "best_time": 0.011136000044643879, "best_triton_pos": 0}
(Worker_TP2_EP2 pid=1104201) AUTOTUNE mm(8x2048, 2048x4096)
(Worker_TP2_EP2 pid=1104201) strides: [2048, 1], [1, 2048]
(Worker_TP2_EP2 pid=1104201) dtypes: torch.bfloat16, torch.bfloat16
(Worker_TP2_EP2 pid=1104201)   triton_mm_58 0.0111 ms 100.0% ACC_TYPE='tl.float32', ALLOW_TF32=False, BLOCK_K=128, BLOCK_M=16, BLOCK_N=32, EVEN_K=True, GROUP_M=8, USE_FAST_ACCUM=False, num_stages=5, num_warps=2
(Worker_TP2_EP2 pid=1104201)   mm 0.0113 ms 98.9% 
(Worker_TP2_EP2 pid=1104201)   triton_mm_62 0.0120 ms 92.8% ACC_TYPE='tl.float32', ALLOW_TF32=False, BLOCK_K=128, BLOCK_M=16, BLOCK_N=64, EVEN_K=True, GROUP_M=8, USE_FAST_ACCUM=False, num_stages=5, num_warps=4
(Worker_TP2_EP2 pid=1104201)   triton_mm_71 0.0135 ms 82.7% ACC_TYPE='tl.float32', ALLOW_TF32=False, BLOCK_K=128, BLOCK_M=16, BLOCK_N=128, EVEN_K=True, GROUP_M=8, USE_FAST_ACCUM=False, num_stages=4, num_warps=8
(Worker_TP2_EP2 pid=1104201)   triton_mm_66 0.0140 ms 79.8% ACC_TYPE='tl.float32', ALLOW_TF32=False, BLOCK_K=128, BLOCK_M=16, BLOCK_N=128, EVEN_K=True, GROUP_M=8, USE_FAST_ACCUM=False, num_stages=4, num_warps=4
(Worker_TP2_EP2 pid=1104201)   triton_mm_70 0.0150 ms 74.4% ACC_TYPE='tl.float32', ALLOW_TF32=False, BLOCK_K=64, BLOCK_M=16, BLOCK_N=128, EVEN_K=True, GROUP_M=8, USE_FAST_ACCUM=False, num_stages=5, num_warps=8
(Worker_TP2_EP2 pid=1104201)   triton_mm_57 0.0184 ms 60.6% ACC_TYPE='tl.float32', ALLOW_TF32=False, BLOCK_K=32, BLOCK_M=16, BLOCK_N=32, EVEN_K=True, GROUP_M=8, USE_FAST_ACCUM=False, num_stages=5, num_warps=2
(Worker_TP2_EP2 pid=1104201)   triton_mm_55 0.0186 ms 59.9% ACC_TYPE='tl.float32', ALLOW_TF32=False, BLOCK_K=128, BLOCK_M=16, BLOCK_N=32, EVEN_K=True, GROUP_M=8, USE_FAST_ACCUM=False, num_stages=2, num_warps=2
(Worker_TP2_EP2 pid=1104201)   triton_mm_61 0.0187 ms 59.7% ACC_TYPE='tl.float32', ALLOW_TF32=False, BLOCK_K=64, BLOCK_M=16, BLOCK_N=64, EVEN_K=True, GROUP_M=8, USE_FAST_ACCUM=False, num_stages=3, num_warps=4
(Worker_TP2_EP2 pid=1104201)   triton_mm_56 0.0195 ms 57.1% ACC_TYPE='tl.float32', ALLOW_TF32=False, BLOCK_K=32, BLOCK_M=16, BLOCK_N=64, EVEN_K=True, GROUP_M=8, USE_FAST_ACCUM=False, num_stages=5, num_warps=4
(Worker_TP2_EP2 pid=1104201) SingleProcess AUTOTUNE benchmarking takes 0.1476 seconds and 0.0002 seconds precompiling for 19 choices
(Worker_TP3_EP3 pid=1104203) Autotune Choices Stats:
(Worker_TP3_EP3 pid=1104203) {"num_choices": 28, "num_triton_choices": 18, "best_kernel": "decompose_k_mm_12_split_20", "best_kernel_desc": "k_split=12", "best_time": 0.008415999822318554, "best_triton_pos": 10, "best_triton_time": 0.016416000202298164, "best_triton_kernel": "triton_mm_76", "best_triton_kernel_desc": "ACC_TYPE='tl.float32', ALLOW_TF32=False, BLOCK_K=128, BLOCK_M=16, BLOCK_N=32, EVEN_K=True, GROUP_M=8, USE_FAST_ACCUM=False, num_stages=5, num_warps=2"}
(Worker_TP3_EP3 pid=1104203) AUTOTUNE mm(8x6144, 6144x160)
(Worker_TP3_EP3 pid=1104203) strides: [6144, 1], [1, 6144]
(Worker_TP3_EP3 pid=1104203) dtypes: torch.bfloat16, torch.bfloat16
(Worker_TP3_EP3 pid=1104203)   decompose_k_mm_12_split_20 0.0084 ms 100.0% k_split=12
(Worker_TP3_EP3 pid=1104203)   decompose_k_mm_24_split_21 0.0084 ms 100.0% k_split=24
(Worker_TP3_EP3 pid=1104203)   mm 0.0085 ms 99.2% 
(Worker_TP3_EP3 pid=1104203)   decompose_k_mm_16_split_25 0.0086 ms 98.1% k_split=16
(Worker_TP3_EP3 pid=1104203)   decompose_k_mm_8_split_24 0.0086 ms 97.8% k_split=8
(Worker_TP3_EP3 pid=1104203)   decompose_k_mm_6_split_19 0.0089 ms 94.9% k_split=6
(Worker_TP3_EP3 pid=1104203)   decompose_k_mm_32_split_26 0.0090 ms 93.3% k_split=32
(Worker_TP3_EP3 pid=1104203)   decompose_k_mm_4_split_23 0.0093 ms 90.7% k_split=4
(Worker_TP3_EP3 pid=1104203)   decompose_k_mm_3_split_18 0.0098 ms 86.2% k_split=3
(Worker_TP3_EP3 pid=1104203)   decompose_k_mm_2_split_22 0.0109 ms 76.9% k_split=2
(Worker_TP3_EP3 pid=1104203) SingleProcess AUTOTUNE benchmarking takes 1.2631 seconds and 0.0002 seconds precompiling for 28 choices
(Worker_TP3_EP3 pid=1104203) Autotune Choices Stats:
(Worker_TP3_EP3 pid=1104203) {"num_choices": 19, "num_triton_choices": 18, "best_kernel": "triton_mm_94", "best_kernel_desc": "ACC_TYPE='tl.float32', ALLOW_TF32=False, BLOCK_K=128, BLOCK_M=16, BLOCK_N=32, EVEN_K=True, GROUP_M=8, USE_FAST_ACCUM=False, num_stages=5, num_warps=2", "best_time": 0.011008000001311302, "best_triton_pos": 0}
(Worker_TP3_EP3 pid=1104203) AUTOTUNE mm(8x2048, 2048x4096)
(Worker_TP3_EP3 pid=1104203) strides: [2048, 1], [1, 2048]
(Worker_TP3_EP3 pid=1104203) dtypes: torch.bfloat16, torch.bfloat16
(Worker_TP3_EP3 pid=1104203)   triton_mm_94 0.0110 ms 100.0% ACC_TYPE='tl.float32', ALLOW_TF32=False, BLOCK_K=128, BLOCK_M=16, BLOCK_N=32, EVEN_K=True, GROUP_M=8, USE_FAST_ACCUM=False, num_stages=5, num_warps=2
(Worker_TP3_EP3 pid=1104203)   mm 0.0113 ms 97.2% 
(Worker_TP3_EP3 pid=1104203)   triton_mm_98 0.0116 ms 94.5% ACC_TYPE='tl.float32', ALLOW_TF32=False, BLOCK_K=128, BLOCK_M=16, BLOCK_N=64, EVEN_K=True, GROUP_M=8, USE_FAST_ACCUM=False, num_stages=5, num_warps=4
(Worker_TP3_EP3 pid=1104203)   triton_mm_107 0.0139 ms 79.4% ACC_TYPE='tl.float32', ALLOW_TF32=False, BLOCK_K=128, BLOCK_M=16, BLOCK_N=128, EVEN_K=True, GROUP_M=8, USE_FAST_ACCUM=False, num_stages=4, num_warps=8
(Worker_TP3_EP3 pid=1104203)   triton_mm_102 0.0140 ms 78.5% ACC_TYPE='tl.float32', ALLOW_TF32=False, BLOCK_K=128, BLOCK_M=16, BLOCK_N=128, EVEN_K=True, GROUP_M=8, USE_FAST_ACCUM=False, num_stages=4, num_warps=4
(Worker_TP3_EP3 pid=1104203)   triton_mm_106 0.0149 ms 74.0% ACC_TYPE='tl.float32', ALLOW_TF32=False, BLOCK_K=64, BLOCK_M=16, BLOCK_N=128, EVEN_K=True, GROUP_M=8, USE_FAST_ACCUM=False, num_stages=5, num_warps=8
(Worker_TP3_EP3 pid=1104203)   triton_mm_93 0.0188 ms 58.7% ACC_TYPE='tl.float32', ALLOW_TF32=False, BLOCK_K=32, BLOCK_M=16, BLOCK_N=32, EVEN_K=True, GROUP_M=8, USE_FAST_ACCUM=False, num_stages=5, num_warps=2
(Worker_TP3_EP3 pid=1104203)   triton_mm_97 0.0188 ms 58.6% ACC_TYPE='tl.float32', ALLOW_TF32=False, BLOCK_K=64, BLOCK_M=16, BLOCK_N=64, EVEN_K=True, GROUP_M=8, USE_FAST_ACCUM=False, num_stages=3, num_warps=4
(Worker_TP3_EP3 pid=1104203)   triton_mm_91 0.0189 ms 58.1% ACC_TYPE='tl.float32', ALLOW_TF32=False, BLOCK_K=128, BLOCK_M=16, BLOCK_N=32, EVEN_K=True, GROUP_M=8, USE_FAST_ACCUM=False, num_stages=2, num_warps=2
(Worker_TP3_EP3 pid=1104203)   triton_mm_92 0.0195 ms 56.4% ACC_TYPE='tl.float32', ALLOW_TF32=False, BLOCK_K=32, BLOCK_M=16, BLOCK_N=64, EVEN_K=True, GROUP_M=8, USE_FAST_ACCUM=False, num_stages=5, num_warps=4
(Worker_TP3_EP3 pid=1104203) SingleProcess AUTOTUNE benchmarking takes 0.1460 seconds and 0.0001 seconds precompiling for 19 choices
(Worker_TP1_EP1 pid=1104199) Autotune Choices Stats:
(Worker_TP1_EP1 pid=1104199) {"num_choices": 28, "num_triton_choices": 18, "best_kernel": "decompose_k_mm_24_split_21", "best_kernel_desc": "k_split=24", "best_time": 0.008287999778985977, "best_triton_pos": 9, "best_triton_time": 0.01635199971497059, "best_triton_kernel": "triton_mm_76", "best_triton_kernel_desc": "ACC_TYPE='tl.float32', ALLOW_TF32=False, BLOCK_K=128, BLOCK_M=16, BLOCK_N=32, EVEN_K=True, GROUP_M=8, USE_FAST_ACCUM=False, num_stages=5, num_warps=2"}
(Worker_TP1_EP1 pid=1104199) AUTOTUNE mm(8x6144, 6144x160)
(Worker_TP1_EP1 pid=1104199) strides: [6144, 1], [1, 6144]
(Worker_TP1_EP1 pid=1104199) dtypes: torch.bfloat16, torch.bfloat16
(Worker_TP1_EP1 pid=1104199)   decompose_k_mm_24_split_21 0.0083 ms 100.0% k_split=24
(Worker_TP1_EP1 pid=1104199)   decompose_k_mm_16_split_25 0.0083 ms 99.6% k_split=16
(Worker_TP1_EP1 pid=1104199)   decompose_k_mm_12_split_20 0.0084 ms 99.2% k_split=12
(Worker_TP1_EP1 pid=1104199)   mm 0.0085 ms 97.0% 
(Worker_TP1_EP1 pid=1104199)   decompose_k_mm_8_split_24 0.0088 ms 94.2% k_split=8
(Worker_TP1_EP1 pid=1104199)   decompose_k_mm_6_split_19 0.0088 ms 93.8% k_split=6
(Worker_TP1_EP1 pid=1104199)   decompose_k_mm_4_split_23 0.0092 ms 89.9% k_split=4
(Worker_TP1_EP1 pid=1104199)   decompose_k_mm_3_split_18 0.0097 ms 85.8% k_split=3
(Worker_TP1_EP1 pid=1104199)   decompose_k_mm_2_split_22 0.0109 ms 76.2% k_split=2
(Worker_TP1_EP1 pid=1104199)   triton_mm_76 0.0164 ms 50.7% ACC_TYPE='tl.float32', ALLOW_TF32=False, BLOCK_K=128, BLOCK_M=16, BLOCK_N=32, EVEN_K=True, GROUP_M=8, USE_FAST_ACCUM=False, num_stages=5, num_warps=2
(Worker_TP1_EP1 pid=1104199) SingleProcess AUTOTUNE benchmarking takes 1.1013 seconds and 0.0002 seconds precompiling for 28 choices
(Worker_TP1_EP1 pid=1104199) Autotune Choices Stats:
(Worker_TP1_EP1 pid=1104199) {"num_choices": 19, "num_triton_choices": 18, "best_kernel": "triton_mm_94", "best_kernel_desc": "ACC_TYPE='tl.float32', ALLOW_TF32=False, BLOCK_K=128, BLOCK_M=16, BLOCK_N=32, EVEN_K=True, GROUP_M=8, USE_FAST_ACCUM=False, num_stages=5, num_warps=2", "best_time": 0.011103999800980091, "best_triton_pos": 0}
(Worker_TP1_EP1 pid=1104199) AUTOTUNE mm(8x2048, 2048x4096)
(Worker_TP1_EP1 pid=1104199) strides: [2048, 1], [1, 2048]
(Worker_TP1_EP1 pid=1104199) dtypes: torch.bfloat16, torch.bfloat16
(Worker_TP1_EP1 pid=1104199)   triton_mm_94 0.0111 ms 100.0% ACC_TYPE='tl.float32', ALLOW_TF32=False, BLOCK_K=128, BLOCK_M=16, BLOCK_N=32, EVEN_K=True, GROUP_M=8, USE_FAST_ACCUM=False, num_stages=5, num_warps=2
(Worker_TP1_EP1 pid=1104199)   mm 0.0115 ms 96.9% 
(Worker_TP1_EP1 pid=1104199)   triton_mm_98 0.0116 ms 95.3% ACC_TYPE='tl.float32', ALLOW_TF32=False, BLOCK_K=128, BLOCK_M=16, BLOCK_N=64, EVEN_K=True, GROUP_M=8, USE_FAST_ACCUM=False, num_stages=5, num_warps=4
(Worker_TP1_EP1 pid=1104199)   triton_mm_102 0.0137 ms 80.9% ACC_TYPE='tl.float32', ALLOW_TF32=False, BLOCK_K=128, BLOCK_M=16, BLOCK_N=128, EVEN_K=True, GROUP_M=8, USE_FAST_ACCUM=False, num_stages=4, num_warps=4
(Worker_TP1_EP1 pid=1104199)   triton_mm_107 0.0140 ms 79.0% ACC_TYPE='tl.float32', ALLOW_TF32=False, BLOCK_K=128, BLOCK_M=16, BLOCK_N=128, EVEN_K=True, GROUP_M=8, USE_FAST_ACCUM=False, num_stages=4, num_warps=8
(Worker_TP1_EP1 pid=1104199)   triton_mm_106 0.0146 ms 75.9% ACC_TYPE='tl.float32', ALLOW_TF32=False, BLOCK_K=64, BLOCK_M=16, BLOCK_N=128, EVEN_K=True, GROUP_M=8, USE_FAST_ACCUM=False, num_stages=5, num_warps=8
(Worker_TP1_EP1 pid=1104199)   triton_mm_97 0.0185 ms 60.1% ACC_TYPE='tl.float32', ALLOW_TF32=False, BLOCK_K=64, BLOCK_M=16, BLOCK_N=64, EVEN_K=True, GROUP_M=8, USE_FAST_ACCUM=False, num_stages=3, num_warps=4
(Worker_TP1_EP1 pid=1104199)   triton_mm_91 0.0187 ms 59.4% ACC_TYPE='tl.float32', ALLOW_TF32=False, BLOCK_K=128, BLOCK_M=16, BLOCK_N=32, EVEN_K=True, GROUP_M=8, USE_FAST_ACCUM=False, num_stages=2, num_warps=2
(Worker_TP1_EP1 pid=1104199)   triton_mm_93 0.0187 ms 59.4% ACC_TYPE='tl.float32', ALLOW_TF32=False, BLOCK_K=32, BLOCK_M=16, BLOCK_N=32, EVEN_K=True, GROUP_M=8, USE_FAST_ACCUM=False, num_stages=5, num_warps=2
(Worker_TP1_EP1 pid=1104199)   triton_mm_92 0.0193 ms 57.6% ACC_TYPE='tl.float32', ALLOW_TF32=False, BLOCK_K=32, BLOCK_M=16, BLOCK_N=64, EVEN_K=True, GROUP_M=8, USE_FAST_ACCUM=False, num_stages=5, num_warps=4
(Worker_TP1_EP1 pid=1104199) SingleProcess AUTOTUNE benchmarking takes 0.1460 seconds and 0.0002 seconds precompiling for 19 choices
(Worker_TP1_EP1 pid=1104199) Autotune Choices Stats:
(Worker_TP1_EP1 pid=1104199) {"num_choices": 19, "num_triton_choices": 18, "best_kernel": "mm", "best_time": 0.02070399932563305, "best_triton_pos": 1, "best_triton_time": 0.02412799932062626, "best_triton_kernel": "triton_mm_184", "best_triton_kernel_desc": "ACC_TYPE='tl.float32', ALLOW_TF32=False, BLOCK_K=128, BLOCK_M=16, BLOCK_N=32, EVEN_K=True, GROUP_M=8, USE_FAST_ACCUM=False, num_stages=5, num_warps=2"}
(Worker_TP1_EP1 pid=1104199) AUTOTUNE mm(8x6144, 6144x3072)
(Worker_TP1_EP1 pid=1104199) strides: [6144, 1], [1, 6144]
(Worker_TP1_EP1 pid=1104199) dtypes: torch.bfloat16, torch.bfloat16
(Worker_TP1_EP1 pid=1104199)   mm 0.0207 ms 100.0% 
(Worker_TP1_EP1 pid=1104199)   triton_mm_184 0.0241 ms 85.8% ACC_TYPE='tl.float32', ALLOW_TF32=False, BLOCK_K=128, BLOCK_M=16, BLOCK_N=32, EVEN_K=True, GROUP_M=8, USE_FAST_ACCUM=False, num_stages=5, num_warps=2
(Worker_TP1_EP1 pid=1104199)   triton_mm_188 0.0250 ms 82.8% ACC_TYPE='tl.float32', ALLOW_TF32=False, BLOCK_K=128, BLOCK_M=16, BLOCK_N=64, EVEN_K=True, GROUP_M=8, USE_FAST_ACCUM=False, num_stages=5, num_warps=4
(Worker_TP1_EP1 pid=1104199)   triton_mm_192 0.0290 ms 71.5% ACC_TYPE='tl.float32', ALLOW_TF32=False, BLOCK_K=128, BLOCK_M=16, BLOCK_N=128, EVEN_K=True, GROUP_M=8, USE_FAST_ACCUM=False, num_stages=4, num_warps=4
(Worker_TP1_EP1 pid=1104199)   triton_mm_197 0.0305 ms 67.9% ACC_TYPE='tl.float32', ALLOW_TF32=False, BLOCK_K=128, BLOCK_M=16, BLOCK_N=128, EVEN_K=True, GROUP_M=8, USE_FAST_ACCUM=False, num_stages=4, num_warps=8
(Worker_TP1_EP1 pid=1104199)   triton_mm_196 0.0346 ms 59.8% ACC_TYPE='tl.float32', ALLOW_TF32=False, BLOCK_K=64, BLOCK_M=16, BLOCK_N=128, EVEN_K=True, GROUP_M=8, USE_FAST_ACCUM=False, num_stages=5, num_warps=8
(Worker_TP1_EP1 pid=1104199)   triton_mm_183 0.0470 ms 44.0% ACC_TYPE='tl.float32', ALLOW_TF32=False, BLOCK_K=32, BLOCK_M=16, BLOCK_N=32, EVEN_K=True, GROUP_M=8, USE_FAST_ACCUM=False, num_stages=5, num_warps=2
(Worker_TP1_EP1 pid=1104199)   triton_mm_187 0.0483 ms 42.9% ACC_TYPE='tl.float32', ALLOW_TF32=False, BLOCK_K=64, BLOCK_M=16, BLOCK_N=64, EVEN_K=True, GROUP_M=8, USE_FAST_ACCUM=False, num_stages=3, num_warps=4
(Worker_TP1_EP1 pid=1104199)   triton_mm_181 0.0493 ms 42.0% ACC_TYPE='tl.float32', ALLOW_TF32=False, BLOCK_K=128, BLOCK_M=16, BLOCK_N=32, EVEN_K=True, GROUP_M=8, USE_FAST_ACCUM=False, num_stages=2, num_warps=2
(Worker_TP1_EP1 pid=1104199)   triton_mm_182 0.0500 ms 41.4% ACC_TYPE='tl.float32', ALLOW_TF32=False, BLOCK_K=32, BLOCK_M=16, BLOCK_N=64, EVEN_K=True, GROUP_M=8, USE_FAST_ACCUM=False, num_stages=5, num_warps=4
(Worker_TP1_EP1 pid=1104199) SingleProcess AUTOTUNE benchmarking takes 0.2520 seconds and 2.1456 seconds precompiling for 19 choices
(Worker_TP3_EP3 pid=1104203) Autotune Choices Stats:
(Worker_TP3_EP3 pid=1104203) {"num_choices": 19, "num_triton_choices": 18, "best_kernel": "mm", "best_time": 0.020735999569296837, "best_triton_pos": 1, "best_triton_time": 0.024191999807953835, "best_triton_kernel": "triton_mm_184", "best_triton_kernel_desc": "ACC_TYPE='tl.float32', ALLOW_TF32=False, BLOCK_K=128, BLOCK_M=16, BLOCK_N=32, EVEN_K=True, GROUP_M=8, USE_FAST_ACCUM=False, num_stages=5, num_warps=2"}
(Worker_TP3_EP3 pid=1104203) AUTOTUNE mm(8x6144, 6144x3072)
(Worker_TP3_EP3 pid=1104203) strides: [6144, 1], [1, 6144]
(Worker_TP3_EP3 pid=1104203) dtypes: torch.bfloat16, torch.bfloat16
(Worker_TP3_EP3 pid=1104203)   mm 0.0207 ms 100.0% 
(Worker_TP3_EP3 pid=1104203)   triton_mm_184 0.0242 ms 85.7% ACC_TYPE='tl.float32', ALLOW_TF32=False, BLOCK_K=128, BLOCK_M=16, BLOCK_N=32, EVEN_K=True, GROUP_M=8, USE_FAST_ACCUM=False, num_stages=5, num_warps=2
(Worker_TP3_EP3 pid=1104203)   triton_mm_188 0.0251 ms 82.7% ACC_TYPE='tl.float32', ALLOW_TF32=False, BLOCK_K=128, BLOCK_M=16, BLOCK_N=64, EVEN_K=True, GROUP_M=8, USE_FAST_ACCUM=False, num_stages=5, num_warps=4
(Worker_TP3_EP3 pid=1104203)   triton_mm_192 0.0288 ms 72.1% ACC_TYPE='tl.float32', ALLOW_TF32=False, BLOCK_K=128, BLOCK_M=16, BLOCK_N=128, EVEN_K=True, GROUP_M=8, USE_FAST_ACCUM=False, num_stages=4, num_warps=4
(Worker_TP3_EP3 pid=1104203)   triton_mm_197 0.0307 ms 67.6% ACC_TYPE='tl.float32', ALLOW_TF32=False, BLOCK_K=128, BLOCK_M=16, BLOCK_N=128, EVEN_K=True, GROUP_M=8, USE_FAST_ACCUM=False, num_stages=4, num_warps=8
(Worker_TP3_EP3 pid=1104203)   triton_mm_196 0.0348 ms 59.7% ACC_TYPE='tl.float32', ALLOW_TF32=False, BLOCK_K=64, BLOCK_M=16, BLOCK_N=128, EVEN_K=True, GROUP_M=8, USE_FAST_ACCUM=False, num_stages=5, num_warps=8
(Worker_TP3_EP3 pid=1104203)   triton_mm_183 0.0470 ms 44.1% ACC_TYPE='tl.float32', ALLOW_TF32=False, BLOCK_K=32, BLOCK_M=16, BLOCK_N=32, EVEN_K=True, GROUP_M=8, USE_FAST_ACCUM=False, num_stages=5, num_warps=2
(Worker_TP3_EP3 pid=1104203)   triton_mm_187 0.0480 ms 43.2% ACC_TYPE='tl.float32', ALLOW_TF32=False, BLOCK_K=64, BLOCK_M=16, BLOCK_N=64, EVEN_K=True, GROUP_M=8, USE_FAST_ACCUM=False, num_stages=3, num_warps=4
(Worker_TP3_EP3 pid=1104203)   triton_mm_181 0.0491 ms 42.2% ACC_TYPE='tl.float32', ALLOW_TF32=False, BLOCK_K=128, BLOCK_M=16, BLOCK_N=32, EVEN_K=True, GROUP_M=8, USE_FAST_ACCUM=False, num_stages=2, num_warps=2
(Worker_TP3_EP3 pid=1104203)   triton_mm_182 0.0496 ms 41.8% ACC_TYPE='tl.float32', ALLOW_TF32=False, BLOCK_K=32, BLOCK_M=16, BLOCK_N=64, EVEN_K=True, GROUP_M=8, USE_FAST_ACCUM=False, num_stages=5, num_warps=4
(Worker_TP3_EP3 pid=1104203) SingleProcess AUTOTUNE benchmarking takes 0.2386 seconds and 2.2353 seconds precompiling for 19 choices
(Worker_TP2_EP2 pid=1104201) Autotune Choices Stats:
(Worker_TP2_EP2 pid=1104201) {"num_choices": 19, "num_triton_choices": 18, "best_kernel": "mm", "best_time": 0.020864000543951988, "best_triton_pos": 1, "best_triton_time": 0.023871999233961105, "best_triton_kernel": "triton_mm_184", "best_triton_kernel_desc": "ACC_TYPE='tl.float32', ALLOW_TF32=False, BLOCK_K=128, BLOCK_M=16, BLOCK_N=32, EVEN_K=True, GROUP_M=8, USE_FAST_ACCUM=False, num_stages=5, num_warps=2"}
(Worker_TP2_EP2 pid=1104201) AUTOTUNE mm(8x6144, 6144x3072)
(Worker_TP2_EP2 pid=1104201) strides: [6144, 1], [1, 6144]
(Worker_TP2_EP2 pid=1104201) dtypes: torch.bfloat16, torch.bfloat16
(Worker_TP2_EP2 pid=1104201)   mm 0.0209 ms 100.0% 
(Worker_TP2_EP2 pid=1104201)   triton_mm_184 0.0239 ms 87.4% ACC_TYPE='tl.float32', ALLOW_TF32=False, BLOCK_K=128, BLOCK_M=16, BLOCK_N=32, EVEN_K=True, GROUP_M=8, USE_FAST_ACCUM=False, num_stages=5, num_warps=2
(Worker_TP2_EP2 pid=1104201)   triton_mm_188 0.0248 ms 84.1% ACC_TYPE='tl.float32', ALLOW_TF32=False, BLOCK_K=128, BLOCK_M=16, BLOCK_N=64, EVEN_K=True, GROUP_M=8, USE_FAST_ACCUM=False, num_stages=5, num_warps=4
(Worker_TP2_EP2 pid=1104201)   triton_mm_192 0.0285 ms 73.3% ACC_TYPE='tl.float32', ALLOW_TF32=False, BLOCK_K=128, BLOCK_M=16, BLOCK_N=128, EVEN_K=True, GROUP_M=8, USE_FAST_ACCUM=False, num_stages=4, num_warps=4
(Worker_TP2_EP2 pid=1104201)   triton_mm_197 0.0308 ms 67.8% ACC_TYPE='tl.float32', ALLOW_TF32=False, BLOCK_K=128, BLOCK_M=16, BLOCK_N=128, EVEN_K=True, GROUP_M=8, USE_FAST_ACCUM=False, num_stages=4, num_warps=8
(Worker_TP2_EP2 pid=1104201)   triton_mm_196 0.0343 ms 60.8% ACC_TYPE='tl.float32', ALLOW_TF32=False, BLOCK_K=64, BLOCK_M=16, BLOCK_N=128, EVEN_K=True, GROUP_M=8, USE_FAST_ACCUM=False, num_stages=5, num_warps=8
(Worker_TP2_EP2 pid=1104201)   triton_mm_183 0.0469 ms 44.4% ACC_TYPE='tl.float32', ALLOW_TF32=False, BLOCK_K=32, BLOCK_M=16, BLOCK_N=32, EVEN_K=True, GROUP_M=8, USE_FAST_ACCUM=False, num_stages=5, num_warps=2
(Worker_TP2_EP2 pid=1104201)   triton_mm_187 0.0484 ms 43.1% ACC_TYPE='tl.float32', ALLOW_TF32=False, BLOCK_K=64, BLOCK_M=16, BLOCK_N=64, EVEN_K=True, GROUP_M=8, USE_FAST_ACCUM=False, num_stages=3, num_warps=4
(Worker_TP2_EP2 pid=1104201)   triton_mm_181 0.0492 ms 42.4% ACC_TYPE='tl.float32', ALLOW_TF32=False, BLOCK_K=128, BLOCK_M=16, BLOCK_N=32, EVEN_K=True, GROUP_M=8, USE_FAST_ACCUM=False, num_stages=2, num_warps=2
(Worker_TP2_EP2 pid=1104201)   triton_mm_182 0.0492 ms 42.4% ACC_TYPE='tl.float32', ALLOW_TF32=False, BLOCK_K=32, BLOCK_M=16, BLOCK_N=64, EVEN_K=True, GROUP_M=8, USE_FAST_ACCUM=False, num_stages=5, num_warps=4
(Worker_TP2_EP2 pid=1104201) SingleProcess AUTOTUNE benchmarking takes 0.2415 seconds and 2.2392 seconds precompiling for 19 choices
(Worker_TP0_EP0 pid=1104197) Autotune Choices Stats:
(Worker_TP0_EP0 pid=1104197) {"num_choices": 19, "num_triton_choices": 18, "best_kernel": "mm", "best_time": 0.020800000056624413, "best_triton_pos": 1, "best_triton_time": 0.02380800060927868, "best_triton_kernel": "triton_mm_184", "best_triton_kernel_desc": "ACC_TYPE='tl.float32', ALLOW_TF32=False, BLOCK_K=128, BLOCK_M=16, BLOCK_N=32, EVEN_K=True, GROUP_M=8, USE_FAST_ACCUM=False, num_stages=5, num_warps=2"}
(Worker_TP0_EP0 pid=1104197) AUTOTUNE mm(8x6144, 6144x3072)
(Worker_TP0_EP0 pid=1104197) strides: [6144, 1], [1, 6144]
(Worker_TP0_EP0 pid=1104197) dtypes: torch.bfloat16, torch.bfloat16
(Worker_TP0_EP0 pid=1104197)   mm 0.0208 ms 100.0% 
(Worker_TP0_EP0 pid=1104197)   triton_mm_184 0.0238 ms 87.4% ACC_TYPE='tl.float32', ALLOW_TF32=False, BLOCK_K=128, BLOCK_M=16, BLOCK_N=32, EVEN_K=True, GROUP_M=8, USE_FAST_ACCUM=False, num_stages=5, num_warps=2
(Worker_TP0_EP0 pid=1104197)   triton_mm_188 0.0246 ms 84.4% ACC_TYPE='tl.float32', ALLOW_TF32=False, BLOCK_K=128, BLOCK_M=16, BLOCK_N=64, EVEN_K=True, GROUP_M=8, USE_FAST_ACCUM=False, num_stages=5, num_warps=4
(Worker_TP0_EP0 pid=1104197)   triton_mm_192 0.0283 ms 73.5% ACC_TYPE='tl.float32', ALLOW_TF32=False, BLOCK_K=128, BLOCK_M=16, BLOCK_N=128, EVEN_K=True, GROUP_M=8, USE_FAST_ACCUM=False, num_stages=4, num_warps=4
(Worker_TP0_EP0 pid=1104197)   triton_mm_197 0.0308 ms 67.5% ACC_TYPE='tl.float32', ALLOW_TF32=False, BLOCK_K=128, BLOCK_M=16, BLOCK_N=128, EVEN_K=True, GROUP_M=8, USE_FAST_ACCUM=False, num_stages=4, num_warps=8
(Worker_TP0_EP0 pid=1104197)   triton_mm_196 0.0344 ms 60.5% ACC_TYPE='tl.float32', ALLOW_TF32=False, BLOCK_K=64, BLOCK_M=16, BLOCK_N=128, EVEN_K=True, GROUP_M=8, USE_FAST_ACCUM=False, num_stages=5, num_warps=8
(Worker_TP0_EP0 pid=1104197)   triton_mm_183 0.0468 ms 44.5% ACC_TYPE='tl.float32', ALLOW_TF32=False, BLOCK_K=32, BLOCK_M=16, BLOCK_N=32, EVEN_K=True, GROUP_M=8, USE_FAST_ACCUM=False, num_stages=5, num_warps=2
(Worker_TP0_EP0 pid=1104197)   triton_mm_187 0.0486 ms 42.8% ACC_TYPE='tl.float32', ALLOW_TF32=False, BLOCK_K=64, BLOCK_M=16, BLOCK_N=64, EVEN_K=True, GROUP_M=8, USE_FAST_ACCUM=False, num_stages=3, num_warps=4
(Worker_TP0_EP0 pid=1104197)   triton_mm_182 0.0494 ms 42.1% ACC_TYPE='tl.float32', ALLOW_TF32=False, BLOCK_K=32, BLOCK_M=16, BLOCK_N=64, EVEN_K=True, GROUP_M=8, USE_FAST_ACCUM=False, num_stages=5, num_warps=4
(Worker_TP0_EP0 pid=1104197)   triton_mm_181 0.0495 ms 42.0% ACC_TYPE='tl.float32', ALLOW_TF32=False, BLOCK_K=128, BLOCK_M=16, BLOCK_N=32, EVEN_K=True, GROUP_M=8, USE_FAST_ACCUM=False, num_stages=2, num_warps=2
(Worker_TP0_EP0 pid=1104197) SingleProcess AUTOTUNE benchmarking takes 0.2403 seconds and 2.2547 seconds precompiling for 19 choices
(Worker_TP1_EP1 pid=1104199) Autotune Choices Stats:
(Worker_TP1_EP1 pid=1104199) {"num_choices": 19, "num_triton_choices": 18, "best_kernel": "triton_mm_206", "best_kernel_desc": "ACC_TYPE='tl.float32', ALLOW_TF32=False, BLOCK_K=128, BLOCK_M=16, BLOCK_N=64, EVEN_K=True, GROUP_M=8, USE_FAST_ACCUM=False, num_stages=5, num_warps=4", "best_time": 0.009184000082314014, "best_triton_pos": 0}
(Worker_TP1_EP1 pid=1104199) AUTOTUNE mm(8x1024, 1024x6144)
(Worker_TP1_EP1 pid=1104199) strides: [1024, 1], [1, 1024]
(Worker_TP1_EP1 pid=1104199) dtypes: torch.bfloat16, torch.bfloat16
(Worker_TP1_EP1 pid=1104199)   triton_mm_206 0.0092 ms 100.0% ACC_TYPE='tl.float32', ALLOW_TF32=False, BLOCK_K=128, BLOCK_M=16, BLOCK_N=64, EVEN_K=True, GROUP_M=8, USE_FAST_ACCUM=False, num_stages=5, num_warps=4
(Worker_TP1_EP1 pid=1104199)   triton_mm_202 0.0093 ms 98.3% ACC_TYPE='tl.float32', ALLOW_TF32=False, BLOCK_K=128, BLOCK_M=16, BLOCK_N=32, EVEN_K=True, GROUP_M=8, USE_FAST_ACCUM=False, num_stages=5, num_warps=2
(Worker_TP1_EP1 pid=1104199)   mm 0.0100 ms 92.3% 
(Worker_TP1_EP1 pid=1104199)   triton_mm_210 0.0100 ms 91.4% ACC_TYPE='tl.float32', ALLOW_TF32=False, BLOCK_K=128, BLOCK_M=16, BLOCK_N=128, EVEN_K=True, GROUP_M=8, USE_FAST_ACCUM=False, num_stages=4, num_warps=4
(Worker_TP1_EP1 pid=1104199)   triton_mm_215 0.0105 ms 87.5% ACC_TYPE='tl.float32', ALLOW_TF32=False, BLOCK_K=128, BLOCK_M=16, BLOCK_N=128, EVEN_K=True, GROUP_M=8, USE_FAST_ACCUM=False, num_stages=4, num_warps=8
(Worker_TP1_EP1 pid=1104199)   triton_mm_214 0.0106 ms 87.0% ACC_TYPE='tl.float32', ALLOW_TF32=False, BLOCK_K=64, BLOCK_M=16, BLOCK_N=128, EVEN_K=True, GROUP_M=8, USE_FAST_ACCUM=False, num_stages=5, num_warps=8
(Worker_TP1_EP1 pid=1104199)   triton_mm_205 0.0121 ms 76.1% ACC_TYPE='tl.float32', ALLOW_TF32=False, BLOCK_K=64, BLOCK_M=16, BLOCK_N=64, EVEN_K=True, GROUP_M=8, USE_FAST_ACCUM=False, num_stages=3, num_warps=4
(Worker_TP1_EP1 pid=1104199)   triton_mm_199 0.0124 ms 74.2% ACC_TYPE='tl.float32', ALLOW_TF32=False, BLOCK_K=128, BLOCK_M=16, BLOCK_N=32, EVEN_K=True, GROUP_M=8, USE_FAST_ACCUM=False, num_stages=2, num_warps=2
(Worker_TP1_EP1 pid=1104199)   triton_mm_200 0.0124 ms 74.0% ACC_TYPE='tl.float32', ALLOW_TF32=False, BLOCK_K=32, BLOCK_M=16, BLOCK_N=64, EVEN_K=True, GROUP_M=8, USE_FAST_ACCUM=False, num_stages=5, num_warps=4
(Worker_TP1_EP1 pid=1104199)   triton_mm_201 0.0124 ms 74.0% ACC_TYPE='tl.float32', ALLOW_TF32=False, BLOCK_K=32, BLOCK_M=16, BLOCK_N=32, EVEN_K=True, GROUP_M=8, USE_FAST_ACCUM=False, num_stages=5, num_warps=2
(Worker_TP1_EP1 pid=1104199) SingleProcess AUTOTUNE benchmarking takes 0.1247 seconds and 2.5365 seconds precompiling for 19 choices
(Worker_TP3_EP3 pid=1104203) Autotune Choices Stats:
(Worker_TP3_EP3 pid=1104203) {"num_choices": 19, "num_triton_choices": 18, "best_kernel": "triton_mm_206", "best_kernel_desc": "ACC_TYPE='tl.float32', ALLOW_TF32=False, BLOCK_K=128, BLOCK_M=16, BLOCK_N=64, EVEN_K=True, GROUP_M=8, USE_FAST_ACCUM=False, num_stages=5, num_warps=4", "best_time": 0.009056000038981438, "best_triton_pos": 0}
(Worker_TP3_EP3 pid=1104203) AUTOTUNE mm(8x1024, 1024x6144)
(Worker_TP3_EP3 pid=1104203) strides: [1024, 1], [1, 1024]
(Worker_TP3_EP3 pid=1104203) dtypes: torch.bfloat16, torch.bfloat16
(Worker_TP3_EP3 pid=1104203)   triton_mm_206 0.0091 ms 100.0% ACC_TYPE='tl.float32', ALLOW_TF32=False, BLOCK_K=128, BLOCK_M=16, BLOCK_N=64, EVEN_K=True, GROUP_M=8, USE_FAST_ACCUM=False, num_stages=5, num_warps=4
(Worker_TP3_EP3 pid=1104203)   triton_mm_202 0.0092 ms 98.6% ACC_TYPE='tl.float32', ALLOW_TF32=False, BLOCK_K=128, BLOCK_M=16, BLOCK_N=32, EVEN_K=True, GROUP_M=8, USE_FAST_ACCUM=False, num_stages=5, num_warps=2
(Worker_TP3_EP3 pid=1104203)   mm 0.0099 ms 91.9% 
(Worker_TP3_EP3 pid=1104203)   triton_mm_210 0.0099 ms 91.9% ACC_TYPE='tl.float32', ALLOW_TF32=False, BLOCK_K=128, BLOCK_M=16, BLOCK_N=128, EVEN_K=True, GROUP_M=8, USE_FAST_ACCUM=False, num_stages=4, num_warps=4
(Worker_TP3_EP3 pid=1104203)   triton_mm_215 0.0106 ms 85.8% ACC_TYPE='tl.float32', ALLOW_TF32=False, BLOCK_K=128, BLOCK_M=16, BLOCK_N=128, EVEN_K=True, GROUP_M=8, USE_FAST_ACCUM=False, num_stages=4, num_warps=8
(Worker_TP3_EP3 pid=1104203)   triton_mm_214 0.0107 ms 84.7% ACC_TYPE='tl.float32', ALLOW_TF32=False, BLOCK_K=64, BLOCK_M=16, BLOCK_N=128, EVEN_K=True, GROUP_M=8, USE_FAST_ACCUM=False, num_stages=5, num_warps=8
(Worker_TP3_EP3 pid=1104203)   triton_mm_205 0.0120 ms 75.3% ACC_TYPE='tl.float32', ALLOW_TF32=False, BLOCK_K=64, BLOCK_M=16, BLOCK_N=64, EVEN_K=True, GROUP_M=8, USE_FAST_ACCUM=False, num_stages=3, num_warps=4
(Worker_TP3_EP3 pid=1104203)   triton_mm_200 0.0123 ms 73.5% ACC_TYPE='tl.float32', ALLOW_TF32=False, BLOCK_K=32, BLOCK_M=16, BLOCK_N=64, EVEN_K=True, GROUP_M=8, USE_FAST_ACCUM=False, num_stages=5, num_warps=4
(Worker_TP3_EP3 pid=1104203)   triton_mm_201 0.0123 ms 73.5% ACC_TYPE='tl.float32', ALLOW_TF32=False, BLOCK_K=32, BLOCK_M=16, BLOCK_N=32, EVEN_K=True, GROUP_M=8, USE_FAST_ACCUM=False, num_stages=5, num_warps=2
(Worker_TP3_EP3 pid=1104203)   triton_mm_199 0.0126 ms 72.0% ACC_TYPE='tl.float32', ALLOW_TF32=False, BLOCK_K=128, BLOCK_M=16, BLOCK_N=32, EVEN_K=True, GROUP_M=8, USE_FAST_ACCUM=False, num_stages=2, num_warps=2
(Worker_TP3_EP3 pid=1104203) SingleProcess AUTOTUNE benchmarking takes 0.1286 seconds and 2.3464 seconds precompiling for 19 choices
(Worker_TP1_EP1 pid=1104199) Autotune Choices Stats:
(Worker_TP1_EP1 pid=1104199) {"num_choices": 19, "num_triton_choices": 18, "best_kernel": "mm", "best_time": 0.033695999532938004, "best_triton_pos": 1, "best_triton_time": 0.03379200026392937, "best_triton_kernel": "triton_mm_220", "best_triton_kernel_desc": "ACC_TYPE='tl.float32', ALLOW_TF32=False, BLOCK_K=128, BLOCK_M=16, BLOCK_N=32, EVEN_K=True, GROUP_M=8, USE_FAST_ACCUM=False, num_stages=5, num_warps=2"}
(Worker_TP1_EP1 pid=1104199) AUTOTUNE mm(8x6144, 6144x6144)
(Worker_TP1_EP1 pid=1104199) strides: [6144, 1], [1, 6144]
(Worker_TP1_EP1 pid=1104199) dtypes: torch.bfloat16, torch.bfloat16
(Worker_TP1_EP1 pid=1104199)   mm 0.0337 ms 100.0% 
(Worker_TP1_EP1 pid=1104199)   triton_mm_220 0.0338 ms 99.7% ACC_TYPE='tl.float32', ALLOW_TF32=False, BLOCK_K=128, BLOCK_M=16, BLOCK_N=32, EVEN_K=True, GROUP_M=8, USE_FAST_ACCUM=False, num_stages=5, num_warps=2
(Worker_TP1_EP1 pid=1104199)   triton_mm_224 0.0341 ms 98.8% ACC_TYPE='tl.float32', ALLOW_TF32=False, BLOCK_K=128, BLOCK_M=16, BLOCK_N=64, EVEN_K=True, GROUP_M=8, USE_FAST_ACCUM=False, num_stages=5, num_warps=4
(Worker_TP1_EP1 pid=1104199)   triton_mm_233 0.0396 ms 85.1% ACC_TYPE='tl.float32', ALLOW_TF32=False, BLOCK_K=128, BLOCK_M=16, BLOCK_N=128, EVEN_K=True, GROUP_M=8, USE_FAST_ACCUM=False, num_stages=4, num_warps=8
(Worker_TP1_EP1 pid=1104199)   triton_mm_228 0.0420 ms 80.2% ACC_TYPE='tl.float32', ALLOW_TF32=False, BLOCK_K=128, BLOCK_M=16, BLOCK_N=128, EVEN_K=True, GROUP_M=8, USE_FAST_ACCUM=False, num_stages=4, num_warps=4
(Worker_TP1_EP1 pid=1104199)   triton_mm_232 0.0441 ms 76.5% ACC_TYPE='tl.float32', ALLOW_TF32=False, BLOCK_K=64, BLOCK_M=16, BLOCK_N=128, EVEN_K=True, GROUP_M=8, USE_FAST_ACCUM=False, num_stages=5, num_warps=8
(Worker_TP1_EP1 pid=1104199)   triton_mm_219 0.0536 ms 62.8% ACC_TYPE='tl.float32', ALLOW_TF32=False, BLOCK_K=32, BLOCK_M=16, BLOCK_N=32, EVEN_K=True, GROUP_M=8, USE_FAST_ACCUM=False, num_stages=5, num_warps=2
(Worker_TP1_EP1 pid=1104199)   triton_mm_217 0.0547 ms 61.7% ACC_TYPE='tl.float32', ALLOW_TF32=False, BLOCK_K=128, BLOCK_M=16, BLOCK_N=32, EVEN_K=True, GROUP_M=8, USE_FAST_ACCUM=False, num_stages=2, num_warps=2
(Worker_TP1_EP1 pid=1104199)   triton_mm_218 0.0556 ms 60.6% ACC_TYPE='tl.float32', ALLOW_TF32=False, BLOCK_K=32, BLOCK_M=16, BLOCK_N=64, EVEN_K=True, GROUP_M=8, USE_FAST_ACCUM=False, num_stages=5, num_warps=4
(Worker_TP1_EP1 pid=1104199)   triton_mm_223 0.0556 ms 60.6% ACC_TYPE='tl.float32', ALLOW_TF32=False, BLOCK_K=64, BLOCK_M=16, BLOCK_N=64, EVEN_K=True, GROUP_M=8, USE_FAST_ACCUM=False, num_stages=3, num_warps=4
(Worker_TP1_EP1 pid=1104199) SingleProcess AUTOTUNE benchmarking takes 0.2480 seconds and 0.0002 seconds precompiling for 19 choices
(Worker_TP3_EP3 pid=1104203) Autotune Choices Stats:
(Worker_TP3_EP3 pid=1104203) {"num_choices": 19, "num_triton_choices": 18, "best_kernel": "mm", "best_time": 0.03359999880194664, "best_triton_pos": 1, "best_triton_time": 0.033952001482248306, "best_triton_kernel": "triton_mm_220", "best_triton_kernel_desc": "ACC_TYPE='tl.float32', ALLOW_TF32=False, BLOCK_K=128, BLOCK_M=16, BLOCK_N=32, EVEN_K=True, GROUP_M=8, USE_FAST_ACCUM=False, num_stages=5, num_warps=2"}
(Worker_TP3_EP3 pid=1104203) AUTOTUNE mm(8x6144, 6144x6144)
(Worker_TP3_EP3 pid=1104203) strides: [6144, 1], [1, 6144]
(Worker_TP3_EP3 pid=1104203) dtypes: torch.bfloat16, torch.bfloat16
(Worker_TP3_EP3 pid=1104203)   mm 0.0336 ms 100.0% 
(Worker_TP3_EP3 pid=1104203)   triton_mm_220 0.0340 ms 99.0% ACC_TYPE='tl.float32', ALLOW_TF32=False, BLOCK_K=128, BLOCK_M=16, BLOCK_N=32, EVEN_K=True, GROUP_M=8, USE_FAST_ACCUM=False, num_stages=5, num_warps=2
(Worker_TP3_EP3 pid=1104203)   triton_mm_224 0.0343 ms 97.9% ACC_TYPE='tl.float32', ALLOW_TF32=False, BLOCK_K=128, BLOCK_M=16, BLOCK_N=64, EVEN_K=True, GROUP_M=8, USE_FAST_ACCUM=False, num_stages=5, num_warps=4
(Worker_TP3_EP3 pid=1104203)   triton_mm_233 0.0396 ms 84.9% ACC_TYPE='tl.float32', ALLOW_TF32=False, BLOCK_K=128, BLOCK_M=16, BLOCK_N=128, EVEN_K=True, GROUP_M=8, USE_FAST_ACCUM=False, num_stages=4, num_warps=8
(Worker_TP3_EP3 pid=1104203)   triton_mm_228 0.0425 ms 79.1% ACC_TYPE='tl.float32', ALLOW_TF32=False, BLOCK_K=128, BLOCK_M=16, BLOCK_N=128, EVEN_K=True, GROUP_M=8, USE_FAST_ACCUM=False, num_stages=4, num_warps=4
(Worker_TP3_EP3 pid=1104203)   triton_mm_232 0.0437 ms 76.8% ACC_TYPE='tl.float32', ALLOW_TF32=False, BLOCK_K=64, BLOCK_M=16, BLOCK_N=128, EVEN_K=True, GROUP_M=8, USE_FAST_ACCUM=False, num_stages=5, num_warps=8
(Worker_TP3_EP3 pid=1104203)   triton_mm_219 0.0529 ms 63.5% ACC_TYPE='tl.float32', ALLOW_TF32=False, BLOCK_K=32, BLOCK_M=16, BLOCK_N=32, EVEN_K=True, GROUP_M=8, USE_FAST_ACCUM=False, num_stages=5, num_warps=2
(Worker_TP3_EP3 pid=1104203)   triton_mm_217 0.0545 ms 61.6% ACC_TYPE='tl.float32', ALLOW_TF32=False, BLOCK_K=128, BLOCK_M=16, BLOCK_N=32, EVEN_K=True, GROUP_M=8, USE_FAST_ACCUM=False, num_stages=2, num_warps=2
(Worker_TP3_EP3 pid=1104203)   triton_mm_223 0.0553 ms 60.7% ACC_TYPE='tl.float32', ALLOW_TF32=False, BLOCK_K=64, BLOCK_M=16, BLOCK_N=64, EVEN_K=True, GROUP_M=8, USE_FAST_ACCUM=False, num_stages=3, num_warps=4
(Worker_TP3_EP3 pid=1104203)   triton_mm_218 0.0558 ms 60.2% ACC_TYPE='tl.float32', ALLOW_TF32=False, BLOCK_K=32, BLOCK_M=16, BLOCK_N=64, EVEN_K=True, GROUP_M=8, USE_FAST_ACCUM=False, num_stages=5, num_warps=4
(Worker_TP3_EP3 pid=1104203) SingleProcess AUTOTUNE benchmarking takes 0.2488 seconds and 0.0002 seconds precompiling for 19 choices
(Worker_TP1_EP1 pid=1104199) Autotune Choices Stats:
(Worker_TP1_EP1 pid=1104199) {"num_choices": 19, "num_triton_choices": 18, "best_kernel": "mm", "best_time": 0.019487999379634857, "best_triton_pos": 1, "best_triton_time": 0.019487999379634857, "best_triton_kernel": "triton_mm_238", "best_triton_kernel_desc": "ACC_TYPE='tl.float32', ALLOW_TF32=False, BLOCK_K=128, BLOCK_M=16, BLOCK_N=32, EVEN_K=True, GROUP_M=8, USE_FAST_ACCUM=False, num_stages=5, num_warps=2"}
(Worker_TP1_EP1 pid=1104199) AUTOTUNE mm(8x3072, 3072x6144)
(Worker_TP1_EP1 pid=1104199) strides: [3072, 1], [1, 3072]
(Worker_TP1_EP1 pid=1104199) dtypes: torch.bfloat16, torch.bfloat16
(Worker_TP1_EP1 pid=1104199)   mm 0.0195 ms 100.0% 
(Worker_TP1_EP1 pid=1104199)   triton_mm_238 0.0195 ms 100.0% ACC_TYPE='tl.float32', ALLOW_TF32=False, BLOCK_K=128, BLOCK_M=16, BLOCK_N=32, EVEN_K=True, GROUP_M=8, USE_FAST_ACCUM=False, num_stages=5, num_warps=2
(Worker_TP1_EP1 pid=1104199)   triton_mm_242 0.0196 ms 99.5% ACC_TYPE='tl.float32', ALLOW_TF32=False, BLOCK_K=128, BLOCK_M=16, BLOCK_N=64, EVEN_K=True, GROUP_M=8, USE_FAST_ACCUM=False, num_stages=5, num_warps=4
(Worker_TP1_EP1 pid=1104199)   triton_mm_251 0.0233 ms 83.7% ACC_TYPE='tl.float32', ALLOW_TF32=False, BLOCK_K=128, BLOCK_M=16, BLOCK_N=128, EVEN_K=True, GROUP_M=8, USE_FAST_ACCUM=False, num_stages=4, num_warps=8
(Worker_TP1_EP1 pid=1104199)   triton_mm_246 0.0241 ms 80.8% ACC_TYPE='tl.float32', ALLOW_TF32=False, BLOCK_K=128, BLOCK_M=16, BLOCK_N=128, EVEN_K=True, GROUP_M=8, USE_FAST_ACCUM=False, num_stages=4, num_warps=4
(Worker_TP1_EP1 pid=1104199)   triton_mm_250 0.0252 ms 77.2% ACC_TYPE='tl.float32', ALLOW_TF32=False, BLOCK_K=64, BLOCK_M=16, BLOCK_N=128, EVEN_K=True, GROUP_M=8, USE_FAST_ACCUM=False, num_stages=5, num_warps=8
(Worker_TP1_EP1 pid=1104199)   triton_mm_235 0.0305 ms 64.0% ACC_TYPE='tl.float32', ALLOW_TF32=False, BLOCK_K=128, BLOCK_M=16, BLOCK_N=32, EVEN_K=True, GROUP_M=8, USE_FAST_ACCUM=False, num_stages=2, num_warps=2
(Worker_TP1_EP1 pid=1104199)   triton_mm_241 0.0312 ms 62.5% ACC_TYPE='tl.float32', ALLOW_TF32=False, BLOCK_K=64, BLOCK_M=16, BLOCK_N=64, EVEN_K=True, GROUP_M=8, USE_FAST_ACCUM=False, num_stages=3, num_warps=4
(Worker_TP1_EP1 pid=1104199)   triton_mm_237 0.0327 ms 59.6% ACC_TYPE='tl.float32', ALLOW_TF32=False, BLOCK_K=32, BLOCK_M=16, BLOCK_N=32, EVEN_K=True, GROUP_M=8, USE_FAST_ACCUM=False, num_stages=5, num_warps=2
(Worker_TP1_EP1 pid=1104199)   triton_mm_236 0.0334 ms 58.3% ACC_TYPE='tl.float32', ALLOW_TF32=False, BLOCK_K=32, BLOCK_M=16, BLOCK_N=64, EVEN_K=True, GROUP_M=8, USE_FAST_ACCUM=False, num_stages=5, num_warps=4
(Worker_TP1_EP1 pid=1104199) SingleProcess AUTOTUNE benchmarking takes 0.1774 seconds and 0.0002 seconds precompiling for 19 choices
(Worker_TP3_EP3 pid=1104203) Autotune Choices Stats:
(Worker_TP3_EP3 pid=1104203) {"num_choices": 19, "num_triton_choices": 18, "best_kernel": "triton_mm_238", "best_kernel_desc": "ACC_TYPE='tl.float32', ALLOW_TF32=False, BLOCK_K=128, BLOCK_M=16, BLOCK_N=32, EVEN_K=True, GROUP_M=8, USE_FAST_ACCUM=False, num_stages=5, num_warps=2", "best_time": 0.019519999623298645, "best_triton_pos": 0}
(Worker_TP3_EP3 pid=1104203) AUTOTUNE mm(8x3072, 3072x6144)
(Worker_TP3_EP3 pid=1104203) strides: [3072, 1], [1, 3072]
(Worker_TP3_EP3 pid=1104203) dtypes: torch.bfloat16, torch.bfloat16
(Worker_TP3_EP3 pid=1104203)   triton_mm_238 0.0195 ms 100.0% ACC_TYPE='tl.float32', ALLOW_TF32=False, BLOCK_K=128, BLOCK_M=16, BLOCK_N=32, EVEN_K=True, GROUP_M=8, USE_FAST_ACCUM=False, num_stages=5, num_warps=2
(Worker_TP3_EP3 pid=1104203)   triton_mm_242 0.0196 ms 99.5% ACC_TYPE='tl.float32', ALLOW_TF32=False, BLOCK_K=128, BLOCK_M=16, BLOCK_N=64, EVEN_K=True, GROUP_M=8, USE_FAST_ACCUM=False, num_stages=5, num_warps=4
(Worker_TP3_EP3 pid=1104203)   mm 0.0198 ms 98.5% 
(Worker_TP3_EP3 pid=1104203)   triton_mm_251 0.0231 ms 84.4% ACC_TYPE='tl.float32', ALLOW_TF32=False, BLOCK_K=128, BLOCK_M=16, BLOCK_N=128, EVEN_K=True, GROUP_M=8, USE_FAST_ACCUM=False, num_stages=4, num_warps=8
(Worker_TP3_EP3 pid=1104203)   triton_mm_246 0.0244 ms 80.1% ACC_TYPE='tl.float32', ALLOW_TF32=False, BLOCK_K=128, BLOCK_M=16, BLOCK_N=128, EVEN_K=True, GROUP_M=8, USE_FAST_ACCUM=False, num_stages=4, num_warps=4
(Worker_TP3_EP3 pid=1104203)   triton_mm_250 0.0251 ms 77.9% ACC_TYPE='tl.float32', ALLOW_TF32=False, BLOCK_K=64, BLOCK_M=16, BLOCK_N=128, EVEN_K=True, GROUP_M=8, USE_FAST_ACCUM=False, num_stages=5, num_warps=8
(Worker_TP3_EP3 pid=1104203)   triton_mm_235 0.0305 ms 63.9% ACC_TYPE='tl.float32', ALLOW_TF32=False, BLOCK_K=128, BLOCK_M=16, BLOCK_N=32, EVEN_K=True, GROUP_M=8, USE_FAST_ACCUM=False, num_stages=2, num_warps=2
(Worker_TP3_EP3 pid=1104203)   triton_mm_241 0.0310 ms 63.0% ACC_TYPE='tl.float32', ALLOW_TF32=False, BLOCK_K=64, BLOCK_M=16, BLOCK_N=64, EVEN_K=True, GROUP_M=8, USE_FAST_ACCUM=False, num_stages=3, num_warps=4
(Worker_TP3_EP3 pid=1104203)   triton_mm_237 0.0326 ms 59.9% ACC_TYPE='tl.float32', ALLOW_TF32=False, BLOCK_K=32, BLOCK_M=16, BLOCK_N=32, EVEN_K=True, GROUP_M=8, USE_FAST_ACCUM=False, num_stages=5, num_warps=2
(Worker_TP3_EP3 pid=1104203)   triton_mm_236 0.0332 ms 58.8% ACC_TYPE='tl.float32', ALLOW_TF32=False, BLOCK_K=32, BLOCK_M=16, BLOCK_N=64, EVEN_K=True, GROUP_M=8, USE_FAST_ACCUM=False, num_stages=5, num_warps=4
(Worker_TP3_EP3 pid=1104203) SingleProcess AUTOTUNE benchmarking takes 0.1773 seconds and 0.0002 seconds precompiling for 19 choices
(Worker_TP2_EP2 pid=1104201) Autotune Choices Stats:
(Worker_TP2_EP2 pid=1104201) {"num_choices": 19, "num_triton_choices": 18, "best_kernel": "triton_mm_206", "best_kernel_desc": "ACC_TYPE='tl.float32', ALLOW_TF32=False, BLOCK_K=128, BLOCK_M=16, BLOCK_N=64, EVEN_K=True, GROUP_M=8, USE_FAST_ACCUM=False, num_stages=5, num_warps=4", "best_time": 0.009184000082314014, "best_triton_pos": 0}
(Worker_TP2_EP2 pid=1104201) AUTOTUNE mm(8x1024, 1024x6144)
(Worker_TP2_EP2 pid=1104201) strides: [1024, 1], [1, 1024]
(Worker_TP2_EP2 pid=1104201) dtypes: torch.bfloat16, torch.bfloat16
(Worker_TP2_EP2 pid=1104201)   triton_mm_206 0.0092 ms 100.0% ACC_TYPE='tl.float32', ALLOW_TF32=False, BLOCK_K=128, BLOCK_M=16, BLOCK_N=64, EVEN_K=True, GROUP_M=8, USE_FAST_ACCUM=False, num_stages=5, num_warps=4
(Worker_TP2_EP2 pid=1104201)   triton_mm_202 0.0093 ms 98.3% ACC_TYPE='tl.float32', ALLOW_TF32=False, BLOCK_K=128, BLOCK_M=16, BLOCK_N=32, EVEN_K=True, GROUP_M=8, USE_FAST_ACCUM=False, num_stages=5, num_warps=2
(Worker_TP2_EP2 pid=1104201)   mm 0.0096 ms 95.7% 
(Worker_TP2_EP2 pid=1104201)   triton_mm_215 0.0103 ms 89.4% ACC_TYPE='tl.float32', ALLOW_TF32=False, BLOCK_K=128, BLOCK_M=16, BLOCK_N=128, EVEN_K=True, GROUP_M=8, USE_FAST_ACCUM=False, num_stages=4, num_warps=8
(Worker_TP2_EP2 pid=1104201)   triton_mm_210 0.0103 ms 88.9% ACC_TYPE='tl.float32', ALLOW_TF32=False, BLOCK_K=128, BLOCK_M=16, BLOCK_N=128, EVEN_K=True, GROUP_M=8, USE_FAST_ACCUM=False, num_stages=4, num_warps=4
(Worker_TP2_EP2 pid=1104201)   triton_mm_214 0.0108 ms 85.4% ACC_TYPE='tl.float32', ALLOW_TF32=False, BLOCK_K=64, BLOCK_M=16, BLOCK_N=128, EVEN_K=True, GROUP_M=8, USE_FAST_ACCUM=False, num_stages=5, num_warps=8
(Worker_TP2_EP2 pid=1104201)   triton_mm_201 0.0121 ms 75.7% ACC_TYPE='tl.float32', ALLOW_TF32=False, BLOCK_K=32, BLOCK_M=16, BLOCK_N=32, EVEN_K=True, GROUP_M=8, USE_FAST_ACCUM=False, num_stages=5, num_warps=2
(Worker_TP2_EP2 pid=1104201)   triton_mm_205 0.0121 ms 75.7% ACC_TYPE='tl.float32', ALLOW_TF32=False, BLOCK_K=64, BLOCK_M=16, BLOCK_N=64, EVEN_K=True, GROUP_M=8, USE_FAST_ACCUM=False, num_stages=3, num_warps=4
(Worker_TP2_EP2 pid=1104201)   triton_mm_200 0.0124 ms 74.4% ACC_TYPE='tl.float32', ALLOW_TF32=False, BLOCK_K=32, BLOCK_M=16, BLOCK_N=64, EVEN_K=True, GROUP_M=8, USE_FAST_ACCUM=False, num_stages=5, num_warps=4
(Worker_TP2_EP2 pid=1104201)   triton_mm_199 0.0124 ms 74.0% ACC_TYPE='tl.float32', ALLOW_TF32=False, BLOCK_K=128, BLOCK_M=16, BLOCK_N=32, EVEN_K=True, GROUP_M=8, USE_FAST_ACCUM=False, num_stages=2, num_warps=2
(Worker_TP2_EP2 pid=1104201) SingleProcess AUTOTUNE benchmarking takes 0.1252 seconds and 2.5329 seconds precompiling for 19 choices
(Worker_TP1_EP1 pid=1104199) Autotune Choices Stats:
(Worker_TP1_EP1 pid=1104199) {"num_choices": 19, "num_triton_choices": 18, "best_kernel": "mm", "best_time": 0.020767999812960625, "best_triton_pos": 1, "best_triton_time": 0.02380800060927868, "best_triton_kernel": "triton_mm_256", "best_triton_kernel_desc": "ACC_TYPE='tl.float32', ALLOW_TF32=False, BLOCK_K=128, BLOCK_M=16, BLOCK_N=32, EVEN_K=True, GROUP_M=8, USE_FAST_ACCUM=False, num_stages=5, num_warps=2"}
(Worker_TP1_EP1 pid=1104199) AUTOTUNE mm(8x6144, 6144x3072)
(Worker_TP1_EP1 pid=1104199) strides: [6144, 1], [1, 6144]
(Worker_TP1_EP1 pid=1104199) dtypes: torch.bfloat16, torch.bfloat16
(Worker_TP1_EP1 pid=1104199)   mm 0.0208 ms 100.0% 
(Worker_TP1_EP1 pid=1104199)   triton_mm_256 0.0238 ms 87.2% ACC_TYPE='tl.float32', ALLOW_TF32=False, BLOCK_K=128, BLOCK_M=16, BLOCK_N=32, EVEN_K=True, GROUP_M=8, USE_FAST_ACCUM=False, num_stages=5, num_warps=2
(Worker_TP1_EP1 pid=1104199)   triton_mm_260 0.0245 ms 84.6% ACC_TYPE='tl.float32', ALLOW_TF32=False, BLOCK_K=128, BLOCK_M=16, BLOCK_N=64, EVEN_K=True, GROUP_M=8, USE_FAST_ACCUM=False, num_stages=5, num_warps=4
(Worker_TP1_EP1 pid=1104199)   triton_mm_264 0.0286 ms 72.6% ACC_TYPE='tl.float32', ALLOW_TF32=False, BLOCK_K=128, BLOCK_M=16, BLOCK_N=128, EVEN_K=True, GROUP_M=8, USE_FAST_ACCUM=False, num_stages=4, num_warps=4
(Worker_TP1_EP1 pid=1104199)   triton_mm_269 0.0308 ms 67.4% ACC_TYPE='tl.float32', ALLOW_TF32=False, BLOCK_K=128, BLOCK_M=16, BLOCK_N=128, EVEN_K=True, GROUP_M=8, USE_FAST_ACCUM=False, num_stages=4, num_warps=8
(Worker_TP1_EP1 pid=1104199)   triton_mm_268 0.0343 ms 60.5% ACC_TYPE='tl.float32', ALLOW_TF32=False, BLOCK_K=64, BLOCK_M=16, BLOCK_N=128, EVEN_K=True, GROUP_M=8, USE_FAST_ACCUM=False, num_stages=5, num_warps=8
(Worker_TP1_EP1 pid=1104199)   triton_mm_255 0.0471 ms 44.1% ACC_TYPE='tl.float32', ALLOW_TF32=False, BLOCK_K=32, BLOCK_M=16, BLOCK_N=32, EVEN_K=True, GROUP_M=8, USE_FAST_ACCUM=False, num_stages=5, num_warps=2
(Worker_TP1_EP1 pid=1104199)   triton_mm_259 0.0486 ms 42.8% ACC_TYPE='tl.float32', ALLOW_TF32=False, BLOCK_K=64, BLOCK_M=16, BLOCK_N=64, EVEN_K=True, GROUP_M=8, USE_FAST_ACCUM=False, num_stages=3, num_warps=4
(Worker_TP1_EP1 pid=1104199)   triton_mm_253 0.0494 ms 42.1% ACC_TYPE='tl.float32', ALLOW_TF32=False, BLOCK_K=128, BLOCK_M=16, BLOCK_N=32, EVEN_K=True, GROUP_M=8, USE_FAST_ACCUM=False, num_stages=2, num_warps=2
(Worker_TP1_EP1 pid=1104199)   triton_mm_254 0.0494 ms 42.0% ACC_TYPE='tl.float32', ALLOW_TF32=False, BLOCK_K=32, BLOCK_M=16, BLOCK_N=64, EVEN_K=True, GROUP_M=8, USE_FAST_ACCUM=False, num_stages=5, num_warps=4
(Worker_TP1_EP1 pid=1104199) SingleProcess AUTOTUNE benchmarking takes 0.2369 seconds and 0.0000 seconds precompiling for 19 choices
(Worker_TP0_EP0 pid=1104197) Autotune Choices Stats:
(Worker_TP0_EP0 pid=1104197) {"num_choices": 19, "num_triton_choices": 18, "best_kernel": "triton_mm_206", "best_kernel_desc": "ACC_TYPE='tl.float32', ALLOW_TF32=False, BLOCK_K=128, BLOCK_M=16, BLOCK_N=64, EVEN_K=True, GROUP_M=8, USE_FAST_ACCUM=False, num_stages=5, num_warps=4", "best_time": 0.009216000325977802, "best_triton_pos": 0}
(Worker_TP0_EP0 pid=1104197) AUTOTUNE mm(8x1024, 1024x6144)
(Worker_TP0_EP0 pid=1104197) strides: [1024, 1], [1, 1024]
(Worker_TP0_EP0 pid=1104197) dtypes: torch.bfloat16, torch.bfloat16
(Worker_TP0_EP0 pid=1104197)   triton_mm_206 0.0092 ms 100.0% ACC_TYPE='tl.float32', ALLOW_TF32=False, BLOCK_K=128, BLOCK_M=16, BLOCK_N=64, EVEN_K=True, GROUP_M=8, USE_FAST_ACCUM=False, num_stages=5, num_warps=4
(Worker_TP0_EP0 pid=1104197)   triton_mm_202 0.0093 ms 99.3% ACC_TYPE='tl.float32', ALLOW_TF32=False, BLOCK_K=128, BLOCK_M=16, BLOCK_N=32, EVEN_K=True, GROUP_M=8, USE_FAST_ACCUM=False, num_stages=5, num_warps=2
(Worker_TP0_EP0 pid=1104197)   mm 0.0098 ms 93.8% 
(Worker_TP0_EP0 pid=1104197)   triton_mm_210 0.0101 ms 91.4% ACC_TYPE='tl.float32', ALLOW_TF32=False, BLOCK_K=128, BLOCK_M=16, BLOCK_N=128, EVEN_K=True, GROUP_M=8, USE_FAST_ACCUM=False, num_stages=4, num_warps=4
(Worker_TP0_EP0 pid=1104197)   triton_mm_215 0.0105 ms 87.8% ACC_TYPE='tl.float32', ALLOW_TF32=False, BLOCK_K=128, BLOCK_M=16, BLOCK_N=128, EVEN_K=True, GROUP_M=8, USE_FAST_ACCUM=False, num_stages=4, num_warps=8
(Worker_TP0_EP0 pid=1104197)   triton_mm_214 0.0108 ms 85.7% ACC_TYPE='tl.float32', ALLOW_TF32=False, BLOCK_K=64, BLOCK_M=16, BLOCK_N=128, EVEN_K=True, GROUP_M=8, USE_FAST_ACCUM=False, num_stages=5, num_warps=8
(Worker_TP0_EP0 pid=1104197)   triton_mm_205 0.0122 ms 75.8% ACC_TYPE='tl.float32', ALLOW_TF32=False, BLOCK_K=64, BLOCK_M=16, BLOCK_N=64, EVEN_K=True, GROUP_M=8, USE_FAST_ACCUM=False, num_stages=3, num_warps=4
(Worker_TP0_EP0 pid=1104197)   triton_mm_201 0.0122 ms 75.4% ACC_TYPE='tl.float32', ALLOW_TF32=False, BLOCK_K=32, BLOCK_M=16, BLOCK_N=32, EVEN_K=True, GROUP_M=8, USE_FAST_ACCUM=False, num_stages=5, num_warps=2
(Worker_TP0_EP0 pid=1104197)   triton_mm_199 0.0125 ms 73.7% ACC_TYPE='tl.float32', ALLOW_TF32=False, BLOCK_K=128, BLOCK_M=16, BLOCK_N=32, EVEN_K=True, GROUP_M=8, USE_FAST_ACCUM=False, num_stages=2, num_warps=2
(Worker_TP0_EP0 pid=1104197)   triton_mm_200 0.0126 ms 73.3% ACC_TYPE='tl.float32', ALLOW_TF32=False, BLOCK_K=32, BLOCK_M=16, BLOCK_N=64, EVEN_K=True, GROUP_M=8, USE_FAST_ACCUM=False, num_stages=5, num_warps=4
(Worker_TP0_EP0 pid=1104197) SingleProcess AUTOTUNE benchmarking takes 0.1472 seconds and 2.3992 seconds precompiling for 19 choices
(Worker_TP3_EP3 pid=1104203) Autotune Choices Stats:
(Worker_TP3_EP3 pid=1104203) {"num_choices": 19, "num_triton_choices": 18, "best_kernel": "mm", "best_time": 0.020735999569296837, "best_triton_pos": 1, "best_triton_time": 0.024064000695943832, "best_triton_kernel": "triton_mm_256", "best_triton_kernel_desc": "ACC_TYPE='tl.float32', ALLOW_TF32=False, BLOCK_K=128, BLOCK_M=16, BLOCK_N=32, EVEN_K=True, GROUP_M=8, USE_FAST_ACCUM=False, num_stages=5, num_warps=2"}
(Worker_TP3_EP3 pid=1104203) AUTOTUNE mm(8x6144, 6144x3072)
(Worker_TP3_EP3 pid=1104203) strides: [6144, 1], [1, 6144]
(Worker_TP3_EP3 pid=1104203) dtypes: torch.bfloat16, torch.bfloat16
(Worker_TP3_EP3 pid=1104203)   mm 0.0207 ms 100.0% 
(Worker_TP3_EP3 pid=1104203)   triton_mm_256 0.0241 ms 86.2% ACC_TYPE='tl.float32', ALLOW_TF32=False, BLOCK_K=128, BLOCK_M=16, BLOCK_N=32, EVEN_K=True, GROUP_M=8, USE_FAST_ACCUM=False, num_stages=5, num_warps=2
(Worker_TP3_EP3 pid=1104203)   triton_mm_260 0.0249 ms 83.3% ACC_TYPE='tl.float32', ALLOW_TF32=False, BLOCK_K=128, BLOCK_M=16, BLOCK_N=64, EVEN_K=True, GROUP_M=8, USE_FAST_ACCUM=False, num_stages=5, num_warps=4
(Worker_TP3_EP3 pid=1104203)   triton_mm_264 0.0288 ms 72.1% ACC_TYPE='tl.float32', ALLOW_TF32=False, BLOCK_K=128, BLOCK_M=16, BLOCK_N=128, EVEN_K=True, GROUP_M=8, USE_FAST_ACCUM=False, num_stages=4, num_warps=4
(Worker_TP3_EP3 pid=1104203)   triton_mm_269 0.0308 ms 67.4% ACC_TYPE='tl.float32', ALLOW_TF32=False, BLOCK_K=128, BLOCK_M=16, BLOCK_N=128, EVEN_K=True, GROUP_M=8, USE_FAST_ACCUM=False, num_stages=4, num_warps=8
(Worker_TP3_EP3 pid=1104203)   triton_mm_268 0.0344 ms 60.3% ACC_TYPE='tl.float32', ALLOW_TF32=False, BLOCK_K=64, BLOCK_M=16, BLOCK_N=128, EVEN_K=True, GROUP_M=8, USE_FAST_ACCUM=False, num_stages=5, num_warps=8
(Worker_TP3_EP3 pid=1104203)   triton_mm_255 0.0471 ms 44.0% ACC_TYPE='tl.float32', ALLOW_TF32=False, BLOCK_K=32, BLOCK_M=16, BLOCK_N=32, EVEN_K=True, GROUP_M=8, USE_FAST_ACCUM=False, num_stages=5, num_warps=2
(Worker_TP3_EP3 pid=1104203)   triton_mm_259 0.0486 ms 42.7% ACC_TYPE='tl.float32', ALLOW_TF32=False, BLOCK_K=64, BLOCK_M=16, BLOCK_N=64, EVEN_K=True, GROUP_M=8, USE_FAST_ACCUM=False, num_stages=3, num_warps=4
(Worker_TP3_EP3 pid=1104203)   triton_mm_254 0.0495 ms 41.9% ACC_TYPE='tl.float32', ALLOW_TF32=False, BLOCK_K=32, BLOCK_M=16, BLOCK_N=64, EVEN_K=True, GROUP_M=8, USE_FAST_ACCUM=False, num_stages=5, num_warps=4
(Worker_TP3_EP3 pid=1104203)   triton_mm_253 0.0496 ms 41.8% ACC_TYPE='tl.float32', ALLOW_TF32=False, BLOCK_K=128, BLOCK_M=16, BLOCK_N=32, EVEN_K=True, GROUP_M=8, USE_FAST_ACCUM=False, num_stages=2, num_warps=2
(Worker_TP3_EP3 pid=1104203) SingleProcess AUTOTUNE benchmarking takes 0.2364 seconds and 0.0000 seconds precompiling for 19 choices
(Worker_TP2_EP2 pid=1104201) Autotune Choices Stats:
(Worker_TP2_EP2 pid=1104201) {"num_choices": 19, "num_triton_choices": 18, "best_kernel": "mm", "best_time": 0.03363199904561043, "best_triton_pos": 1, "best_triton_time": 0.03446400165557861, "best_triton_kernel": "triton_mm_220", "best_triton_kernel_desc": "ACC_TYPE='tl.float32', ALLOW_TF32=False, BLOCK_K=128, BLOCK_M=16, BLOCK_N=32, EVEN_K=True, GROUP_M=8, USE_FAST_ACCUM=False, num_stages=5, num_warps=2"}
(Worker_TP2_EP2 pid=1104201) AUTOTUNE mm(8x6144, 6144x6144)
(Worker_TP2_EP2 pid=1104201) strides: [6144, 1], [1, 6144]
(Worker_TP2_EP2 pid=1104201) dtypes: torch.bfloat16, torch.bfloat16
(Worker_TP2_EP2 pid=1104201)   mm 0.0336 ms 100.0% 
(Worker_TP2_EP2 pid=1104201)   triton_mm_220 0.0345 ms 97.6% ACC_TYPE='tl.float32', ALLOW_TF32=False, BLOCK_K=128, BLOCK_M=16, BLOCK_N=32, EVEN_K=True, GROUP_M=8, USE_FAST_ACCUM=False, num_stages=5, num_warps=2
(Worker_TP2_EP2 pid=1104201)   triton_mm_224 0.0345 ms 97.6% ACC_TYPE='tl.float32', ALLOW_TF32=False, BLOCK_K=128, BLOCK_M=16, BLOCK_N=64, EVEN_K=True, GROUP_M=8, USE_FAST_ACCUM=False, num_stages=5, num_warps=4
(Worker_TP2_EP2 pid=1104201)   triton_mm_233 0.0392 ms 85.8% ACC_TYPE='tl.float32', ALLOW_TF32=False, BLOCK_K=128, BLOCK_M=16, BLOCK_N=128, EVEN_K=True, GROUP_M=8, USE_FAST_ACCUM=False, num_stages=4, num_warps=8
(Worker_TP2_EP2 pid=1104201)   triton_mm_228 0.0425 ms 79.1% ACC_TYPE='tl.float32', ALLOW_TF32=False, BLOCK_K=128, BLOCK_M=16, BLOCK_N=128, EVEN_K=True, GROUP_M=8, USE_FAST_ACCUM=False, num_stages=4, num_warps=4
(Worker_TP2_EP2 pid=1104201)   triton_mm_232 0.0441 ms 76.2% ACC_TYPE='tl.float32', ALLOW_TF32=False, BLOCK_K=64, BLOCK_M=16, BLOCK_N=128, EVEN_K=True, GROUP_M=8, USE_FAST_ACCUM=False, num_stages=5, num_warps=8
(Worker_TP2_EP2 pid=1104201)   triton_mm_219 0.0530 ms 63.5% ACC_TYPE='tl.float32', ALLOW_TF32=False, BLOCK_K=32, BLOCK_M=16, BLOCK_N=32, EVEN_K=True, GROUP_M=8, USE_FAST_ACCUM=False, num_stages=5, num_warps=2
(Worker_TP2_EP2 pid=1104201)   triton_mm_217 0.0540 ms 62.2% ACC_TYPE='tl.float32', ALLOW_TF32=False, BLOCK_K=128, BLOCK_M=16, BLOCK_N=32, EVEN_K=True, GROUP_M=8, USE_FAST_ACCUM=False, num_stages=2, num_warps=2
(Worker_TP2_EP2 pid=1104201)   triton_mm_223 0.0550 ms 61.1% ACC_TYPE='tl.float32', ALLOW_TF32=False, BLOCK_K=64, BLOCK_M=16, BLOCK_N=64, EVEN_K=True, GROUP_M=8, USE_FAST_ACCUM=False, num_stages=3, num_warps=4
(Worker_TP2_EP2 pid=1104201)   triton_mm_218 0.0557 ms 60.3% ACC_TYPE='tl.float32', ALLOW_TF32=False, BLOCK_K=32, BLOCK_M=16, BLOCK_N=64, EVEN_K=True, GROUP_M=8, USE_FAST_ACCUM=False, num_stages=5, num_warps=4
(Worker_TP2_EP2 pid=1104201) SingleProcess AUTOTUNE benchmarking takes 0.2474 seconds and 0.0002 seconds precompiling for 19 choices
(Worker_TP0_EP0 pid=1104197) Autotune Choices Stats:
(Worker_TP0_EP0 pid=1104197) {"num_choices": 19, "num_triton_choices": 18, "best_kernel": "triton_mm_220", "best_kernel_desc": "ACC_TYPE='tl.float32', ALLOW_TF32=False, BLOCK_K=128, BLOCK_M=16, BLOCK_N=32, EVEN_K=True, GROUP_M=8, USE_FAST_ACCUM=False, num_stages=5, num_warps=2", "best_time": 0.03388800099492073, "best_triton_pos": 0}
(Worker_TP0_EP0 pid=1104197) AUTOTUNE mm(8x6144, 6144x6144)
(Worker_TP0_EP0 pid=1104197) strides: [6144, 1], [1, 6144]
(Worker_TP0_EP0 pid=1104197) dtypes: torch.bfloat16, torch.bfloat16
(Worker_TP0_EP0 pid=1104197)   triton_mm_220 0.0339 ms 100.0% ACC_TYPE='tl.float32', ALLOW_TF32=False, BLOCK_K=128, BLOCK_M=16, BLOCK_N=32, EVEN_K=True, GROUP_M=8, USE_FAST_ACCUM=False, num_stages=5, num_warps=2
(Worker_TP0_EP0 pid=1104197)   triton_mm_224 0.0342 ms 99.2% ACC_TYPE='tl.float32', ALLOW_TF32=False, BLOCK_K=128, BLOCK_M=16, BLOCK_N=64, EVEN_K=True, GROUP_M=8, USE_FAST_ACCUM=False, num_stages=5, num_warps=4
(Worker_TP0_EP0 pid=1104197)   triton_mm_233 0.0397 ms 85.3% ACC_TYPE='tl.float32', ALLOW_TF32=False, BLOCK_K=128, BLOCK_M=16, BLOCK_N=128, EVEN_K=True, GROUP_M=8, USE_FAST_ACCUM=False, num_stages=4, num_warps=8
(Worker_TP0_EP0 pid=1104197)   mm 0.0410 ms 82.6% 
(Worker_TP0_EP0 pid=1104197)   triton_mm_228 0.0426 ms 79.6% ACC_TYPE='tl.float32', ALLOW_TF32=False, BLOCK_K=128, BLOCK_M=16, BLOCK_N=128, EVEN_K=True, GROUP_M=8, USE_FAST_ACCUM=False, num_stages=4, num_warps=4
(Worker_TP0_EP0 pid=1104197)   triton_mm_232 0.0440 ms 77.0% ACC_TYPE='tl.float32', ALLOW_TF32=False, BLOCK_K=64, BLOCK_M=16, BLOCK_N=128, EVEN_K=True, GROUP_M=8, USE_FAST_ACCUM=False, num_stages=5, num_warps=8
(Worker_TP0_EP0 pid=1104197)   triton_mm_219 0.0538 ms 63.0% ACC_TYPE='tl.float32', ALLOW_TF32=False, BLOCK_K=32, BLOCK_M=16, BLOCK_N=32, EVEN_K=True, GROUP_M=8, USE_FAST_ACCUM=False, num_stages=5, num_warps=2
(Worker_TP0_EP0 pid=1104197)   triton_mm_217 0.0544 ms 62.3% ACC_TYPE='tl.float32', ALLOW_TF32=False, BLOCK_K=128, BLOCK_M=16, BLOCK_N=32, EVEN_K=True, GROUP_M=8, USE_FAST_ACCUM=False, num_stages=2, num_warps=2
(Worker_TP0_EP0 pid=1104197)   triton_mm_223 0.0554 ms 61.2% ACC_TYPE='tl.float32', ALLOW_TF32=False, BLOCK_K=64, BLOCK_M=16, BLOCK_N=64, EVEN_K=True, GROUP_M=8, USE_FAST_ACCUM=False, num_stages=3, num_warps=4
(Worker_TP0_EP0 pid=1104197)   triton_mm_218 0.0557 ms 60.9% ACC_TYPE='tl.float32', ALLOW_TF32=False, BLOCK_K=32, BLOCK_M=16, BLOCK_N=64, EVEN_K=True, GROUP_M=8, USE_FAST_ACCUM=False, num_stages=5, num_warps=4
(Worker_TP0_EP0 pid=1104197) SingleProcess AUTOTUNE benchmarking takes 0.2523 seconds and 0.0002 seconds precompiling for 19 choices
(Worker_TP2_EP2 pid=1104201) Autotune Choices Stats:
(Worker_TP2_EP2 pid=1104201) {"num_choices": 19, "num_triton_choices": 18, "best_kernel": "mm", "best_time": 0.019648000597953796, "best_triton_pos": 1, "best_triton_time": 0.019648000597953796, "best_triton_kernel": "triton_mm_238", "best_triton_kernel_desc": "ACC_TYPE='tl.float32', ALLOW_TF32=False, BLOCK_K=128, BLOCK_M=16, BLOCK_N=32, EVEN_K=True, GROUP_M=8, USE_FAST_ACCUM=False, num_stages=5, num_warps=2"}
(Worker_TP2_EP2 pid=1104201) AUTOTUNE mm(8x3072, 3072x6144)
(Worker_TP2_EP2 pid=1104201) strides: [3072, 1], [1, 3072]
(Worker_TP2_EP2 pid=1104201) dtypes: torch.bfloat16, torch.bfloat16
(Worker_TP2_EP2 pid=1104201)   mm 0.0196 ms 100.0% 
(Worker_TP2_EP2 pid=1104201)   triton_mm_238 0.0196 ms 100.0% ACC_TYPE='tl.float32', ALLOW_TF32=False, BLOCK_K=128, BLOCK_M=16, BLOCK_N=32, EVEN_K=True, GROUP_M=8, USE_FAST_ACCUM=False, num_stages=5, num_warps=2
(Worker_TP2_EP2 pid=1104201)   triton_mm_242 0.0199 ms 98.7% ACC_TYPE='tl.float32', ALLOW_TF32=False, BLOCK_K=128, BLOCK_M=16, BLOCK_N=64, EVEN_K=True, GROUP_M=8, USE_FAST_ACCUM=False, num_stages=5, num_warps=4
(Worker_TP2_EP2 pid=1104201)   triton_mm_251 0.0228 ms 86.2% ACC_TYPE='tl.float32', ALLOW_TF32=False, BLOCK_K=128, BLOCK_M=16, BLOCK_N=128, EVEN_K=True, GROUP_M=8, USE_FAST_ACCUM=False, num_stages=4, num_warps=8
(Worker_TP2_EP2 pid=1104201)   triton_mm_246 0.0246 ms 79.9% ACC_TYPE='tl.float32', ALLOW_TF32=False, BLOCK_K=128, BLOCK_M=16, BLOCK_N=128, EVEN_K=True, GROUP_M=8, USE_FAST_ACCUM=False, num_stages=4, num_warps=4
(Worker_TP2_EP2 pid=1104201)   triton_mm_250 0.0253 ms 77.5% ACC_TYPE='tl.float32', ALLOW_TF32=False, BLOCK_K=64, BLOCK_M=16, BLOCK_N=128, EVEN_K=True, GROUP_M=8, USE_FAST_ACCUM=False, num_stages=5, num_warps=8
(Worker_TP2_EP2 pid=1104201)   triton_mm_235 0.0302 ms 65.0% ACC_TYPE='tl.float32', ALLOW_TF32=False, BLOCK_K=128, BLOCK_M=16, BLOCK_N=32, EVEN_K=True, GROUP_M=8, USE_FAST_ACCUM=False, num_stages=2, num_warps=2
(Worker_TP2_EP2 pid=1104201)   triton_mm_241 0.0306 ms 64.2% ACC_TYPE='tl.float32', ALLOW_TF32=False, BLOCK_K=64, BLOCK_M=16, BLOCK_N=64, EVEN_K=True, GROUP_M=8, USE_FAST_ACCUM=False, num_stages=3, num_warps=4
(Worker_TP2_EP2 pid=1104201)   triton_mm_237 0.0321 ms 61.2% ACC_TYPE='tl.float32', ALLOW_TF32=False, BLOCK_K=32, BLOCK_M=16, BLOCK_N=32, EVEN_K=True, GROUP_M=8, USE_FAST_ACCUM=False, num_stages=5, num_warps=2
(Worker_TP2_EP2 pid=1104201)   triton_mm_245 0.0335 ms 58.6% ACC_TYPE='tl.float32', ALLOW_TF32=False, BLOCK_K=64, BLOCK_M=16, BLOCK_N=128, EVEN_K=True, GROUP_M=8, USE_FAST_ACCUM=False, num_stages=3, num_warps=4
(Worker_TP2_EP2 pid=1104201) SingleProcess AUTOTUNE benchmarking takes 0.1771 seconds and 0.0002 seconds precompiling for 19 choices
(Worker_TP0_EP0 pid=1104197) Autotune Choices Stats:
(Worker_TP0_EP0 pid=1104197) {"num_choices": 19, "num_triton_choices": 18, "best_kernel": "triton_mm_238", "best_kernel_desc": "ACC_TYPE='tl.float32', ALLOW_TF32=False, BLOCK_K=128, BLOCK_M=16, BLOCK_N=32, EVEN_K=True, GROUP_M=8, USE_FAST_ACCUM=False, num_stages=5, num_warps=2", "best_time": 0.019487999379634857, "best_triton_pos": 0}
(Worker_TP0_EP0 pid=1104197) AUTOTUNE mm(8x3072, 3072x6144)
(Worker_TP0_EP0 pid=1104197) strides: [3072, 1], [1, 3072]
(Worker_TP0_EP0 pid=1104197) dtypes: torch.bfloat16, torch.bfloat16
(Worker_TP0_EP0 pid=1104197)   triton_mm_238 0.0195 ms 100.0% ACC_TYPE='tl.float32', ALLOW_TF32=False, BLOCK_K=128, BLOCK_M=16, BLOCK_N=32, EVEN_K=True, GROUP_M=8, USE_FAST_ACCUM=False, num_stages=5, num_warps=2
(Worker_TP0_EP0 pid=1104197)   triton_mm_242 0.0198 ms 98.2% ACC_TYPE='tl.float32', ALLOW_TF32=False, BLOCK_K=128, BLOCK_M=16, BLOCK_N=64, EVEN_K=True, GROUP_M=8, USE_FAST_ACCUM=False, num_stages=5, num_warps=4
(Worker_TP0_EP0 pid=1104197)   mm 0.0199 ms 97.8% 
(Worker_TP0_EP0 pid=1104197)   triton_mm_251 0.0231 ms 84.5% ACC_TYPE='tl.float32', ALLOW_TF32=False, BLOCK_K=128, BLOCK_M=16, BLOCK_N=128, EVEN_K=True, GROUP_M=8, USE_FAST_ACCUM=False, num_stages=4, num_warps=8
(Worker_TP0_EP0 pid=1104197)   triton_mm_246 0.0244 ms 79.7% ACC_TYPE='tl.float32', ALLOW_TF32=False, BLOCK_K=128, BLOCK_M=16, BLOCK_N=128, EVEN_K=True, GROUP_M=8, USE_FAST_ACCUM=False, num_stages=4, num_warps=4
(Worker_TP0_EP0 pid=1104197)   triton_mm_250 0.0252 ms 77.2% ACC_TYPE='tl.float32', ALLOW_TF32=False, BLOCK_K=64, BLOCK_M=16, BLOCK_N=128, EVEN_K=True, GROUP_M=8, USE_FAST_ACCUM=False, num_stages=5, num_warps=8
(Worker_TP0_EP0 pid=1104197)   triton_mm_235 0.0307 ms 63.6% ACC_TYPE='tl.float32', ALLOW_TF32=False, BLOCK_K=128, BLOCK_M=16, BLOCK_N=32, EVEN_K=True, GROUP_M=8, USE_FAST_ACCUM=False, num_stages=2, num_warps=2
(Worker_TP0_EP0 pid=1104197)   triton_mm_241 0.0312 ms 62.5% ACC_TYPE='tl.float32', ALLOW_TF32=False, BLOCK_K=64, BLOCK_M=16, BLOCK_N=64, EVEN_K=True, GROUP_M=8, USE_FAST_ACCUM=False, num_stages=3, num_warps=4
(Worker_TP0_EP0 pid=1104197)   triton_mm_237 0.0327 ms 59.6% ACC_TYPE='tl.float32', ALLOW_TF32=False, BLOCK_K=32, BLOCK_M=16, BLOCK_N=32, EVEN_K=True, GROUP_M=8, USE_FAST_ACCUM=False, num_stages=5, num_warps=2
(Worker_TP0_EP0 pid=1104197)   triton_mm_236 0.0333 ms 58.4% ACC_TYPE='tl.float32', ALLOW_TF32=False, BLOCK_K=32, BLOCK_M=16, BLOCK_N=64, EVEN_K=True, GROUP_M=8, USE_FAST_ACCUM=False, num_stages=5, num_warps=4
(Worker_TP0_EP0 pid=1104197) SingleProcess AUTOTUNE benchmarking takes 0.1790 seconds and 0.0002 seconds precompiling for 19 choices
(Worker_TP2_EP2 pid=1104201) Autotune Choices Stats:
(Worker_TP2_EP2 pid=1104201) {"num_choices": 19, "num_triton_choices": 18, "best_kernel": "mm", "best_time": 0.02070399932563305, "best_triton_pos": 1, "best_triton_time": 0.024320000782608986, "best_triton_kernel": "triton_mm_256", "best_triton_kernel_desc": "ACC_TYPE='tl.float32', ALLOW_TF32=False, BLOCK_K=128, BLOCK_M=16, BLOCK_N=32, EVEN_K=True, GROUP_M=8, USE_FAST_ACCUM=False, num_stages=5, num_warps=2"}
(Worker_TP2_EP2 pid=1104201) AUTOTUNE mm(8x6144, 6144x3072)
(Worker_TP2_EP2 pid=1104201) strides: [6144, 1], [1, 6144]
(Worker_TP2_EP2 pid=1104201) dtypes: torch.bfloat16, torch.bfloat16
(Worker_TP2_EP2 pid=1104201)   mm 0.0207 ms 100.0% 
(Worker_TP2_EP2 pid=1104201)   triton_mm_256 0.0243 ms 85.1% ACC_TYPE='tl.float32', ALLOW_TF32=False, BLOCK_K=128, BLOCK_M=16, BLOCK_N=32, EVEN_K=True, GROUP_M=8, USE_FAST_ACCUM=False, num_stages=5, num_warps=2
(Worker_TP2_EP2 pid=1104201)   triton_mm_260 0.0248 ms 83.4% ACC_TYPE='tl.float32', ALLOW_TF32=False, BLOCK_K=128, BLOCK_M=16, BLOCK_N=64, EVEN_K=True, GROUP_M=8, USE_FAST_ACCUM=False, num_stages=5, num_warps=4
(Worker_TP2_EP2 pid=1104201)   triton_mm_264 0.0289 ms 71.7% ACC_TYPE='tl.float32', ALLOW_TF32=False, BLOCK_K=128, BLOCK_M=16, BLOCK_N=128, EVEN_K=True, GROUP_M=8, USE_FAST_ACCUM=False, num_stages=4, num_warps=4
(Worker_TP2_EP2 pid=1104201)   triton_mm_269 0.0306 ms 67.7% ACC_TYPE='tl.float32', ALLOW_TF32=False, BLOCK_K=128, BLOCK_M=16, BLOCK_N=128, EVEN_K=True, GROUP_M=8, USE_FAST_ACCUM=False, num_stages=4, num_warps=8
(Worker_TP2_EP2 pid=1104201)   triton_mm_268 0.0345 ms 60.0% ACC_TYPE='tl.float32', ALLOW_TF32=False, BLOCK_K=64, BLOCK_M=16, BLOCK_N=128, EVEN_K=True, GROUP_M=8, USE_FAST_ACCUM=False, num_stages=5, num_warps=8
(Worker_TP2_EP2 pid=1104201)   triton_mm_255 0.0465 ms 44.5% ACC_TYPE='tl.float32', ALLOW_TF32=False, BLOCK_K=32, BLOCK_M=16, BLOCK_N=32, EVEN_K=True, GROUP_M=8, USE_FAST_ACCUM=False, num_stages=5, num_warps=2
(Worker_TP2_EP2 pid=1104201)   triton_mm_259 0.0484 ms 42.8% ACC_TYPE='tl.float32', ALLOW_TF32=False, BLOCK_K=64, BLOCK_M=16, BLOCK_N=64, EVEN_K=True, GROUP_M=8, USE_FAST_ACCUM=False, num_stages=3, num_warps=4
(Worker_TP2_EP2 pid=1104201)   triton_mm_253 0.0489 ms 42.3% ACC_TYPE='tl.float32', ALLOW_TF32=False, BLOCK_K=128, BLOCK_M=16, BLOCK_N=32, EVEN_K=True, GROUP_M=8, USE_FAST_ACCUM=False, num_stages=2, num_warps=2
(Worker_TP2_EP2 pid=1104201)   triton_mm_254 0.0496 ms 41.8% ACC_TYPE='tl.float32', ALLOW_TF32=False, BLOCK_K=32, BLOCK_M=16, BLOCK_N=64, EVEN_K=True, GROUP_M=8, USE_FAST_ACCUM=False, num_stages=5, num_warps=4
(Worker_TP2_EP2 pid=1104201) SingleProcess AUTOTUNE benchmarking takes 0.2364 seconds and 0.0000 seconds precompiling for 19 choices
(Worker_TP3_EP3 pid=1104203) Autotune Choices Stats:
(Worker_TP3_EP3 pid=1104203) {"num_choices": 19, "num_triton_choices": 18, "best_kernel": "triton_mm_274", "best_kernel_desc": "ACC_TYPE='tl.float32', ALLOW_TF32=False, BLOCK_K=128, BLOCK_M=16, BLOCK_N=32, EVEN_K=True, GROUP_M=8, USE_FAST_ACCUM=False, num_stages=5, num_warps=2", "best_time": 0.009216000325977802, "best_triton_pos": 0}
(Worker_TP3_EP3 pid=1104203) AUTOTUNE mm(8x1024, 1024x6144)
(Worker_TP3_EP3 pid=1104203) strides: [1024, 1], [1, 1024]
(Worker_TP3_EP3 pid=1104203) dtypes: torch.bfloat16, torch.bfloat16
(Worker_TP3_EP3 pid=1104203)   triton_mm_274 0.0092 ms 100.0% ACC_TYPE='tl.float32', ALLOW_TF32=False, BLOCK_K=128, BLOCK_M=16, BLOCK_N=32, EVEN_K=True, GROUP_M=8, USE_FAST_ACCUM=False, num_stages=5, num_warps=2
(Worker_TP3_EP3 pid=1104203)   triton_mm_278 0.0092 ms 99.7% ACC_TYPE='tl.float32', ALLOW_TF32=False, BLOCK_K=128, BLOCK_M=16, BLOCK_N=64, EVEN_K=True, GROUP_M=8, USE_FAST_ACCUM=False, num_stages=5, num_warps=4
(Worker_TP3_EP3 pid=1104203)   mm 0.0097 ms 95.4% 
(Worker_TP3_EP3 pid=1104203)   triton_mm_282 0.0102 ms 90.6% ACC_TYPE='tl.float32', ALLOW_TF32=False, BLOCK_K=128, BLOCK_M=16, BLOCK_N=128, EVEN_K=True, GROUP_M=8, USE_FAST_ACCUM=False, num_stages=4, num_warps=4
(Worker_TP3_EP3 pid=1104203)   triton_mm_287 0.0103 ms 89.2% ACC_TYPE='tl.float32', ALLOW_TF32=False, BLOCK_K=128, BLOCK_M=16, BLOCK_N=128, EVEN_K=True, GROUP_M=8, USE_FAST_ACCUM=False, num_stages=4, num_warps=8
(Worker_TP3_EP3 pid=1104203)   triton_mm_286 0.0105 ms 87.5% ACC_TYPE='tl.float32', ALLOW_TF32=False, BLOCK_K=64, BLOCK_M=16, BLOCK_N=128, EVEN_K=True, GROUP_M=8, USE_FAST_ACCUM=False, num_stages=5, num_warps=8
(Worker_TP3_EP3 pid=1104203)   triton_mm_277 0.0120 ms 77.0% ACC_TYPE='tl.float32', ALLOW_TF32=False, BLOCK_K=64, BLOCK_M=16, BLOCK_N=64, EVEN_K=True, GROUP_M=8, USE_FAST_ACCUM=False, num_stages=3, num_warps=4
(Worker_TP3_EP3 pid=1104203)   triton_mm_273 0.0120 ms 76.8% ACC_TYPE='tl.float32', ALLOW_TF32=False, BLOCK_K=32, BLOCK_M=16, BLOCK_N=32, EVEN_K=True, GROUP_M=8, USE_FAST_ACCUM=False, num_stages=5, num_warps=2
(Worker_TP3_EP3 pid=1104203)   triton_mm_271 0.0124 ms 74.4% ACC_TYPE='tl.float32', ALLOW_TF32=False, BLOCK_K=128, BLOCK_M=16, BLOCK_N=32, EVEN_K=True, GROUP_M=8, USE_FAST_ACCUM=False, num_stages=2, num_warps=2
(Worker_TP3_EP3 pid=1104203)   triton_mm_272 0.0125 ms 73.8% ACC_TYPE='tl.float32', ALLOW_TF32=False, BLOCK_K=32, BLOCK_M=16, BLOCK_N=64, EVEN_K=True, GROUP_M=8, USE_FAST_ACCUM=False, num_stages=5, num_warps=4
(Worker_TP3_EP3 pid=1104203) SingleProcess AUTOTUNE benchmarking takes 0.1271 seconds and 0.0000 seconds precompiling for 19 choices
(Worker_TP3_EP3 pid=1104203) Autotune Choices Stats:
(Worker_TP3_EP3 pid=1104203) {"num_choices": 19, "num_triton_choices": 18, "best_kernel": "mm", "best_time": 0.033824000507593155, "best_triton_pos": 1, "best_triton_time": 0.03411199897527695, "best_triton_kernel": "triton_mm_292", "best_triton_kernel_desc": "ACC_TYPE='tl.float32', ALLOW_TF32=False, BLOCK_K=128, BLOCK_M=16, BLOCK_N=32, EVEN_K=True, GROUP_M=8, USE_FAST_ACCUM=False, num_stages=5, num_warps=2"}
(Worker_TP3_EP3 pid=1104203) AUTOTUNE mm(8x6144, 6144x6144)
(Worker_TP3_EP3 pid=1104203) strides: [6144, 1], [1, 6144]
(Worker_TP3_EP3 pid=1104203) dtypes: torch.bfloat16, torch.bfloat16
(Worker_TP3_EP3 pid=1104203)   mm 0.0338 ms 100.0% 
(Worker_TP3_EP3 pid=1104203)   triton_mm_292 0.0341 ms 99.2% ACC_TYPE='tl.float32', ALLOW_TF32=False, BLOCK_K=128, BLOCK_M=16, BLOCK_N=32, EVEN_K=True, GROUP_M=8, USE_FAST_ACCUM=False, num_stages=5, num_warps=2
(Worker_TP3_EP3 pid=1104203)   triton_mm_296 0.0345 ms 98.0% ACC_TYPE='tl.float32', ALLOW_TF32=False, BLOCK_K=128, BLOCK_M=16, BLOCK_N=64, EVEN_K=True, GROUP_M=8, USE_FAST_ACCUM=False, num_stages=5, num_warps=4
(Worker_TP3_EP3 pid=1104203)   triton_mm_305 0.0391 ms 86.5% ACC_TYPE='tl.float32', ALLOW_TF32=False, BLOCK_K=128, BLOCK_M=16, BLOCK_N=128, EVEN_K=True, GROUP_M=8, USE_FAST_ACCUM=False, num_stages=4, num_warps=8
(Worker_TP3_EP3 pid=1104203)   triton_mm_300 0.0426 ms 79.5% ACC_TYPE='tl.float32', ALLOW_TF32=False, BLOCK_K=128, BLOCK_M=16, BLOCK_N=128, EVEN_K=True, GROUP_M=8, USE_FAST_ACCUM=False, num_stages=4, num_warps=4
(Worker_TP3_EP3 pid=1104203)   triton_mm_304 0.0442 ms 76.5% ACC_TYPE='tl.float32', ALLOW_TF32=False, BLOCK_K=64, BLOCK_M=16, BLOCK_N=128, EVEN_K=True, GROUP_M=8, USE_FAST_ACCUM=False, num_stages=5, num_warps=8
(Worker_TP3_EP3 pid=1104203)   triton_mm_291 0.0531 ms 63.8% ACC_TYPE='tl.float32', ALLOW_TF32=False, BLOCK_K=32, BLOCK_M=16, BLOCK_N=32, EVEN_K=True, GROUP_M=8, USE_FAST_ACCUM=False, num_stages=5, num_warps=2
(Worker_TP3_EP3 pid=1104203)   triton_mm_289 0.0544 ms 62.2% ACC_TYPE='tl.float32', ALLOW_TF32=False, BLOCK_K=128, BLOCK_M=16, BLOCK_N=32, EVEN_K=True, GROUP_M=8, USE_FAST_ACCUM=False, num_stages=2, num_warps=2
(Worker_TP3_EP3 pid=1104203)   triton_mm_295 0.0548 ms 61.7% ACC_TYPE='tl.float32', ALLOW_TF32=False, BLOCK_K=64, BLOCK_M=16, BLOCK_N=64, EVEN_K=True, GROUP_M=8, USE_FAST_ACCUM=False, num_stages=3, num_warps=4
(Worker_TP3_EP3 pid=1104203)   triton_mm_290 0.0562 ms 60.2% ACC_TYPE='tl.float32', ALLOW_TF32=False, BLOCK_K=32, BLOCK_M=16, BLOCK_N=64, EVEN_K=True, GROUP_M=8, USE_FAST_ACCUM=False, num_stages=5, num_warps=4
(Worker_TP3_EP3 pid=1104203) SingleProcess AUTOTUNE benchmarking takes 0.2477 seconds and 0.0000 seconds precompiling for 19 choices
(Worker_TP3_EP3 pid=1104203) Autotune Choices Stats:
(Worker_TP3_EP3 pid=1104203) {"num_choices": 19, "num_triton_choices": 18, "best_kernel": "mm", "best_time": 0.019360000267624855, "best_triton_pos": 1, "best_triton_time": 0.01945599913597107, "best_triton_kernel": "triton_mm_310", "best_triton_kernel_desc": "ACC_TYPE='tl.float32', ALLOW_TF32=False, BLOCK_K=128, BLOCK_M=16, BLOCK_N=32, EVEN_K=True, GROUP_M=8, USE_FAST_ACCUM=False, num_stages=5, num_warps=2"}
(Worker_TP3_EP3 pid=1104203) AUTOTUNE mm(8x3072, 3072x6144)
(Worker_TP3_EP3 pid=1104203) strides: [3072, 1], [1, 3072]
(Worker_TP3_EP3 pid=1104203) dtypes: torch.bfloat16, torch.bfloat16
(Worker_TP3_EP3 pid=1104203)   mm 0.0194 ms 100.0% 
(Worker_TP3_EP3 pid=1104203)   triton_mm_310 0.0195 ms 99.5% ACC_TYPE='tl.float32', ALLOW_TF32=False, BLOCK_K=128, BLOCK_M=16, BLOCK_N=32, EVEN_K=True, GROUP_M=8, USE_FAST_ACCUM=False, num_stages=5, num_warps=2
(Worker_TP3_EP3 pid=1104203)   triton_mm_314 0.0199 ms 97.1% ACC_TYPE='tl.float32', ALLOW_TF32=False, BLOCK_K=128, BLOCK_M=16, BLOCK_N=64, EVEN_K=True, GROUP_M=8, USE_FAST_ACCUM=False, num_stages=5, num_warps=4
(Worker_TP3_EP3 pid=1104203)   triton_mm_323 0.0228 ms 85.0% ACC_TYPE='tl.float32', ALLOW_TF32=False, BLOCK_K=128, BLOCK_M=16, BLOCK_N=128, EVEN_K=True, GROUP_M=8, USE_FAST_ACCUM=False, num_stages=4, num_warps=8
(Worker_TP3_EP3 pid=1104203)   triton_mm_318 0.0245 ms 79.0% ACC_TYPE='tl.float32', ALLOW_TF32=False, BLOCK_K=128, BLOCK_M=16, BLOCK_N=128, EVEN_K=True, GROUP_M=8, USE_FAST_ACCUM=False, num_stages=4, num_warps=4
(Worker_TP3_EP3 pid=1104203)   triton_mm_322 0.0257 ms 75.4% ACC_TYPE='tl.float32', ALLOW_TF32=False, BLOCK_K=64, BLOCK_M=16, BLOCK_N=128, EVEN_K=True, GROUP_M=8, USE_FAST_ACCUM=False, num_stages=5, num_warps=8
(Worker_TP3_EP3 pid=1104203)   triton_mm_307 0.0302 ms 64.1% ACC_TYPE='tl.float32', ALLOW_TF32=False, BLOCK_K=128, BLOCK_M=16, BLOCK_N=32, EVEN_K=True, GROUP_M=8, USE_FAST_ACCUM=False, num_stages=2, num_warps=2
(Worker_TP3_EP3 pid=1104203)   triton_mm_313 0.0308 ms 62.8% ACC_TYPE='tl.float32', ALLOW_TF32=False, BLOCK_K=64, BLOCK_M=16, BLOCK_N=64, EVEN_K=True, GROUP_M=8, USE_FAST_ACCUM=False, num_stages=3, num_warps=4
(Worker_TP3_EP3 pid=1104203)   triton_mm_309 0.0321 ms 60.4% ACC_TYPE='tl.float32', ALLOW_TF32=False, BLOCK_K=32, BLOCK_M=16, BLOCK_N=32, EVEN_K=True, GROUP_M=8, USE_FAST_ACCUM=False, num_stages=5, num_warps=2
(Worker_TP3_EP3 pid=1104203)   triton_mm_308 0.0333 ms 58.1% ACC_TYPE='tl.float32', ALLOW_TF32=False, BLOCK_K=32, BLOCK_M=16, BLOCK_N=64, EVEN_K=True, GROUP_M=8, USE_FAST_ACCUM=False, num_stages=5, num_warps=4
(Worker_TP3_EP3 pid=1104203) SingleProcess AUTOTUNE benchmarking takes 0.1773 seconds and 0.0000 seconds precompiling for 19 choices
(Worker_TP0_EP0 pid=1104197) Autotune Choices Stats:
(Worker_TP0_EP0 pid=1104197) {"num_choices": 19, "num_triton_choices": 18, "best_kernel": "triton_mm_278", "best_kernel_desc": "ACC_TYPE='tl.float32', ALLOW_TF32=False, BLOCK_K=128, BLOCK_M=16, BLOCK_N=64, EVEN_K=True, GROUP_M=8, USE_FAST_ACCUM=False, num_stages=5, num_warps=4", "best_time": 0.009151999838650227, "best_triton_pos": 0}
(Worker_TP0_EP0 pid=1104197) AUTOTUNE mm(8x1024, 1024x6144)
(Worker_TP0_EP0 pid=1104197) strides: [1024, 1], [1, 1024]
(Worker_TP0_EP0 pid=1104197) dtypes: torch.bfloat16, torch.bfloat16
(Worker_TP0_EP0 pid=1104197)   triton_mm_278 0.0092 ms 100.0% ACC_TYPE='tl.float32', ALLOW_TF32=False, BLOCK_K=128, BLOCK_M=16, BLOCK_N=64, EVEN_K=True, GROUP_M=8, USE_FAST_ACCUM=False, num_stages=5, num_warps=4
(Worker_TP0_EP0 pid=1104197)   triton_mm_274 0.0092 ms 99.0% ACC_TYPE='tl.float32', ALLOW_TF32=False, BLOCK_K=128, BLOCK_M=16, BLOCK_N=32, EVEN_K=True, GROUP_M=8, USE_FAST_ACCUM=False, num_stages=5, num_warps=2
(Worker_TP0_EP0 pid=1104197)   mm 0.0102 ms 89.9% 
(Worker_TP0_EP0 pid=1104197)   triton_mm_287 0.0104 ms 88.0% ACC_TYPE='tl.float32', ALLOW_TF32=False, BLOCK_K=128, BLOCK_M=16, BLOCK_N=128, EVEN_K=True, GROUP_M=8, USE_FAST_ACCUM=False, num_stages=4, num_warps=8
(Worker_TP0_EP0 pid=1104197)   triton_mm_282 0.0104 ms 87.7% ACC_TYPE='tl.float32', ALLOW_TF32=False, BLOCK_K=128, BLOCK_M=16, BLOCK_N=128, EVEN_K=True, GROUP_M=8, USE_FAST_ACCUM=False, num_stages=4, num_warps=4
(Worker_TP0_EP0 pid=1104197)   triton_mm_286 0.0106 ms 86.1% ACC_TYPE='tl.float32', ALLOW_TF32=False, BLOCK_K=64, BLOCK_M=16, BLOCK_N=128, EVEN_K=True, GROUP_M=8, USE_FAST_ACCUM=False, num_stages=5, num_warps=8
(Worker_TP0_EP0 pid=1104197)   triton_mm_277 0.0121 ms 75.5% ACC_TYPE='tl.float32', ALLOW_TF32=False, BLOCK_K=64, BLOCK_M=16, BLOCK_N=64, EVEN_K=True, GROUP_M=8, USE_FAST_ACCUM=False, num_stages=3, num_warps=4
(Worker_TP0_EP0 pid=1104197)   triton_mm_273 0.0124 ms 74.1% ACC_TYPE='tl.float32', ALLOW_TF32=False, BLOCK_K=32, BLOCK_M=16, BLOCK_N=32, EVEN_K=True, GROUP_M=8, USE_FAST_ACCUM=False, num_stages=5, num_warps=2
(Worker_TP0_EP0 pid=1104197)   triton_mm_271 0.0125 ms 73.1% ACC_TYPE='tl.float32', ALLOW_TF32=False, BLOCK_K=128, BLOCK_M=16, BLOCK_N=32, EVEN_K=True, GROUP_M=8, USE_FAST_ACCUM=False, num_stages=2, num_warps=2
(Worker_TP0_EP0 pid=1104197)   triton_mm_272 0.0125 ms 73.1% ACC_TYPE='tl.float32', ALLOW_TF32=False, BLOCK_K=32, BLOCK_M=16, BLOCK_N=64, EVEN_K=True, GROUP_M=8, USE_FAST_ACCUM=False, num_stages=5, num_warps=4
(Worker_TP0_EP0 pid=1104197) SingleProcess AUTOTUNE benchmarking takes 0.1300 seconds and 0.0000 seconds precompiling for 19 choices
(Worker_TP0_EP0 pid=1104197) Autotune Choices Stats:
(Worker_TP0_EP0 pid=1104197) {"num_choices": 19, "num_triton_choices": 18, "best_kernel": "mm", "best_time": 0.03363199904561043, "best_triton_pos": 1, "best_triton_time": 0.03433600068092346, "best_triton_kernel": "triton_mm_292", "best_triton_kernel_desc": "ACC_TYPE='tl.float32', ALLOW_TF32=False, BLOCK_K=128, BLOCK_M=16, BLOCK_N=32, EVEN_K=True, GROUP_M=8, USE_FAST_ACCUM=False, num_stages=5, num_warps=2"}
(Worker_TP0_EP0 pid=1104197) AUTOTUNE mm(8x6144, 6144x6144)
(Worker_TP0_EP0 pid=1104197) strides: [6144, 1], [1, 6144]
(Worker_TP0_EP0 pid=1104197) dtypes: torch.bfloat16, torch.bfloat16
(Worker_TP0_EP0 pid=1104197)   mm 0.0336 ms 100.0% 
(Worker_TP0_EP0 pid=1104197)   triton_mm_292 0.0343 ms 97.9% ACC_TYPE='tl.float32', ALLOW_TF32=False, BLOCK_K=128, BLOCK_M=16, BLOCK_N=32, EVEN_K=True, GROUP_M=8, USE_FAST_ACCUM=False, num_stages=5, num_warps=2
(Worker_TP0_EP0 pid=1104197)   triton_mm_296 0.0347 ms 96.9% ACC_TYPE='tl.float32', ALLOW_TF32=False, BLOCK_K=128, BLOCK_M=16, BLOCK_N=64, EVEN_K=True, GROUP_M=8, USE_FAST_ACCUM=False, num_stages=5, num_warps=4
(Worker_TP0_EP0 pid=1104197)   triton_mm_305 0.0394 ms 85.4% ACC_TYPE='tl.float32', ALLOW_TF32=False, BLOCK_K=128, BLOCK_M=16, BLOCK_N=128, EVEN_K=True, GROUP_M=8, USE_FAST_ACCUM=False, num_stages=4, num_warps=8
(Worker_TP0_EP0 pid=1104197)   triton_mm_300 0.0422 ms 79.7% ACC_TYPE='tl.float32', ALLOW_TF32=False, BLOCK_K=128, BLOCK_M=16, BLOCK_N=128, EVEN_K=True, GROUP_M=8, USE_FAST_ACCUM=False, num_stages=4, num_warps=4
(Worker_TP0_EP0 pid=1104197)   triton_mm_304 0.0437 ms 76.9% ACC_TYPE='tl.float32', ALLOW_TF32=False, BLOCK_K=64, BLOCK_M=16, BLOCK_N=128, EVEN_K=True, GROUP_M=8, USE_FAST_ACCUM=False, num_stages=5, num_warps=8
(Worker_TP0_EP0 pid=1104197)   triton_mm_291 0.0535 ms 62.9% ACC_TYPE='tl.float32', ALLOW_TF32=False, BLOCK_K=32, BLOCK_M=16, BLOCK_N=32, EVEN_K=True, GROUP_M=8, USE_FAST_ACCUM=False, num_stages=5, num_warps=2
(Worker_TP0_EP0 pid=1104197)   triton_mm_289 0.0541 ms 62.2% ACC_TYPE='tl.float32', ALLOW_TF32=False, BLOCK_K=128, BLOCK_M=16, BLOCK_N=32, EVEN_K=True, GROUP_M=8, USE_FAST_ACCUM=False, num_stages=2, num_warps=2
(Worker_TP0_EP0 pid=1104197)   triton_mm_295 0.0549 ms 61.2% ACC_TYPE='tl.float32', ALLOW_TF32=False, BLOCK_K=64, BLOCK_M=16, BLOCK_N=64, EVEN_K=True, GROUP_M=8, USE_FAST_ACCUM=False, num_stages=3, num_warps=4
(Worker_TP0_EP0 pid=1104197)   triton_mm_290 0.0561 ms 60.0% ACC_TYPE='tl.float32', ALLOW_TF32=False, BLOCK_K=32, BLOCK_M=16, BLOCK_N=64, EVEN_K=True, GROUP_M=8, USE_FAST_ACCUM=False, num_stages=5, num_warps=4
(Worker_TP0_EP0 pid=1104197) SingleProcess AUTOTUNE benchmarking takes 0.2478 seconds and 0.0000 seconds precompiling for 19 choices
(Worker_TP0_EP0 pid=1104197) Autotune Choices Stats:
(Worker_TP0_EP0 pid=1104197) {"num_choices": 19, "num_triton_choices": 18, "best_kernel": "mm", "best_time": 0.01961600035429001, "best_triton_pos": 1, "best_triton_time": 0.019936000928282738, "best_triton_kernel": "triton_mm_314", "best_triton_kernel_desc": "ACC_TYPE='tl.float32', ALLOW_TF32=False, BLOCK_K=128, BLOCK_M=16, BLOCK_N=64, EVEN_K=True, GROUP_M=8, USE_FAST_ACCUM=False, num_stages=5, num_warps=4"}
(Worker_TP0_EP0 pid=1104197) AUTOTUNE mm(8x3072, 3072x6144)
(Worker_TP0_EP0 pid=1104197) strides: [3072, 1], [1, 3072]
(Worker_TP0_EP0 pid=1104197) dtypes: torch.bfloat16, torch.bfloat16
(Worker_TP0_EP0 pid=1104197)   mm 0.0196 ms 100.0% 
(Worker_TP0_EP0 pid=1104197)   triton_mm_314 0.0199 ms 98.4% ACC_TYPE='tl.float32', ALLOW_TF32=False, BLOCK_K=128, BLOCK_M=16, BLOCK_N=64, EVEN_K=True, GROUP_M=8, USE_FAST_ACCUM=False, num_stages=5, num_warps=4
(Worker_TP0_EP0 pid=1104197)   triton_mm_310 0.0200 ms 98.1% ACC_TYPE='tl.float32', ALLOW_TF32=False, BLOCK_K=128, BLOCK_M=16, BLOCK_N=32, EVEN_K=True, GROUP_M=8, USE_FAST_ACCUM=False, num_stages=5, num_warps=2
(Worker_TP0_EP0 pid=1104197)   triton_mm_323 0.0229 ms 85.7% ACC_TYPE='tl.float32', ALLOW_TF32=False, BLOCK_K=128, BLOCK_M=16, BLOCK_N=128, EVEN_K=True, GROUP_M=8, USE_FAST_ACCUM=False, num_stages=4, num_warps=8
(Worker_TP0_EP0 pid=1104197)   triton_mm_318 0.0247 ms 79.3% ACC_TYPE='tl.float32', ALLOW_TF32=False, BLOCK_K=128, BLOCK_M=16, BLOCK_N=128, EVEN_K=True, GROUP_M=8, USE_FAST_ACCUM=False, num_stages=4, num_warps=4
(Worker_TP0_EP0 pid=1104197)   triton_mm_322 0.0252 ms 77.7% ACC_TYPE='tl.float32', ALLOW_TF32=False, BLOCK_K=64, BLOCK_M=16, BLOCK_N=128, EVEN_K=True, GROUP_M=8, USE_FAST_ACCUM=False, num_stages=5, num_warps=8
(Worker_TP0_EP0 pid=1104197)   triton_mm_307 0.0303 ms 64.8% ACC_TYPE='tl.float32', ALLOW_TF32=False, BLOCK_K=128, BLOCK_M=16, BLOCK_N=32, EVEN_K=True, GROUP_M=8, USE_FAST_ACCUM=False, num_stages=2, num_warps=2
(Worker_TP0_EP0 pid=1104197)   triton_mm_313 0.0309 ms 63.5% ACC_TYPE='tl.float32', ALLOW_TF32=False, BLOCK_K=64, BLOCK_M=16, BLOCK_N=64, EVEN_K=True, GROUP_M=8, USE_FAST_ACCUM=False, num_stages=3, num_warps=4
(Worker_TP0_EP0 pid=1104197)   triton_mm_309 0.0323 ms 60.8% ACC_TYPE='tl.float32', ALLOW_TF32=False, BLOCK_K=32, BLOCK_M=16, BLOCK_N=32, EVEN_K=True, GROUP_M=8, USE_FAST_ACCUM=False, num_stages=5, num_warps=2
(Worker_TP0_EP0 pid=1104197)   triton_mm_317 0.0335 ms 58.6% ACC_TYPE='tl.float32', ALLOW_TF32=False, BLOCK_K=64, BLOCK_M=16, BLOCK_N=128, EVEN_K=True, GROUP_M=8, USE_FAST_ACCUM=False, num_stages=3, num_warps=4
(Worker_TP0_EP0 pid=1104197) SingleProcess AUTOTUNE benchmarking takes 0.1789 seconds and 0.0000 seconds precompiling for 19 choices
(Worker_TP2_EP2 pid=1104201) 2026-07-25 15:07:14,346 - INFO - autotuner.py:651 - flashinfer.jit: [Autotuner]: Autotuning process starts ...
(Worker_TP0_EP0 pid=1104197) 2026-07-25 15:07:14,435 - INFO - autotuner.py:651 - flashinfer.jit: [Autotuner]: Autotuning process starts ...
(Worker_TP1_EP1 pid=1104199) 2026-07-25 15:07:14,441 - INFO - autotuner.py:651 - flashinfer.jit: [Autotuner]: Autotuning process starts ...
(Worker_TP3_EP3 pid=1104203) 2026-07-25 15:07:14,572 - INFO - autotuner.py:651 - flashinfer.jit: [Autotuner]: Autotuning process starts ...
(Worker_TP3_EP3 pid=1104203) 2026-07-25 15:07:21,181 - INFO - autotuner.py:674 - flashinfer.jit: [Autotuner]: Autotuning process ends
(Worker_TP2_EP2 pid=1104201) 2026-07-25 15:07:21,181 - INFO - autotuner.py:674 - flashinfer.jit: [Autotuner]: Autotuning process ends
(Worker_TP1_EP1 pid=1104199) 2026-07-25 15:07:21,182 - INFO - autotuner.py:674 - flashinfer.jit: [Autotuner]: Autotuning process ends
(Worker_TP0_EP0 pid=1104197) 2026-07-25 15:07:21,185 - INFO - autotuner.py:674 - flashinfer.jit: [Autotuner]: Autotuning process ends
(Worker_TP0_EP0 pid=1104197) Capturing CUDA graphs (PIECEWISE):   0%|          | 0/1 [00:00<?, ?it/s]Capturing CUDA graphs (PIECEWISE): 100%|██████████| 1/1 [00:13<00:00, 13.03s/it]Capturing CUDA graphs (PIECEWISE): 100%|██████████| 1/1 [00:13<00:00, 13.03s/it]
(Worker_TP0_EP0 pid=1104197) Capturing CUDA graphs (FULL):   0%|          | 0/1 [00:00<?, ?it/s]Capturing CUDA graphs (FULL): 100%|██████████| 1/1 [00:02<00:00,  2.16s/it]Capturing CUDA graphs (FULL): 100%|██████████| 1/1 [00:02<00:00,  2.16s/it]
(Worker_TP0_EP0 pid=1104197) Capturing dspark CUDA graphs (FULL):   0%|          | 0/1 [00:00<?, ?it/s]Capturing dspark CUDA graphs (FULL): 100%|██████████| 1/1 [00:00<00:00, 77.35it/s]
(APIServer pid=1102394) INFO:     Started server process [1102394]
(APIServer pid=1102394) INFO:     Waiting for application startup.
(APIServer pid=1102394) INFO:     Application startup complete.
(APIServer pid=1102394) INFO:     Shutting down
(APIServer pid=1102394) INFO:     Waiting for application shutdown.
(APIServer pid=1102394) INFO:     Shutting down
