2026/09/23 00:46:36.541, 0, 93714, 97871
2026/09/23 00:46:36.541, 1, 93722, 97871
2026/09/23 00:46:36.541, 2, 93722, 97871
2026/09/23 00:46:36.541, 3, 93713, 97871
2026/09/23 00:46:36.741, 0, 93714, 97871
2026/09/23 00:46:36.741, 1, 93722, 97871
2026/09/23 00:46:36.741, 2, 93722, 97871
2026/09/23 00:46:36.741, 3, 93713, 97871
2026/09/23 00:46:36.941, 0, 93714, 97871
2026/09/23 00:46:36.941, 1, 93722, 97871
2026/09/23 00:46:36.941, 2, 93722, 97871
2026/09/23 00:46:36.941, 3, 93713, 97871
2026/09/23 00:46:37.141, 0, 93714, 97871
2026/09/23 00:46:37.142, 1, 93722, 97871
2026/09/23 00:46:37.142, 2, 93722, 97871
2026/09/23 00:46:37.142, 3, 93713, 97871
2026/09/23 00:46:37.342, 0, 93714, 97871
2026/09/23 00:46:37.342, 1, 93722, 97871
2026/09/23 00:46:37.342, 2, 93722, 97871
2026/09/23 00:46:37.342, 3, 93713, 97871
2026/09/23 00:46:37.542, 0, 93714, 97871
2026/09/23 00:46:37.542, 1, 93722, 97871
2026/09/23 00:46:37.542, 2, 93722, 97871
2026/09/23 00:46:37.542, 3, 93713, 97871
2026/09/23 00:46:37.742, 0, 93714, 97871
2026/09/23 00:46:37.742, 1, 93722, 97871
2026/09/23 00:46:37.742, 2, 93722, 97871
2026/09/23 00:46:37.742, 3, 93713, 97871
2026/09/23 00:46:37.942, 0, 93714, 97871
2026/09/23 00:46:37.942, 1, 93722, 97871
2026/09/23 00:46:37.943, 2, 93722, 97871
2026/09/23 00:46:37.943, 3, 93713, 97871
2026/09/23 00:46:38.143, 0, 93714, 97871
2026/09/23 00:46:38.143, 1, 93722, 97871
2026/09/23 00:46:38.143, 2, 93722, 97871
2026/09/23 00:46:38.143, 3, 93713, 97871
2026/09/23 00:46:38.343, 0, 93714, 97871
2026/09/23 00:46:38.343, 1, 93722, 97871
2026/09/23 00:46:38.343, 2, 93722, 97871
2026/09/23 00:46:38.343, 3, 93713, 97871
2026/09/23 00:46:38.543, 0, 93714, 97871
2026/09/23 00:46:38.566, 1, 93722, 97871
2026/09/23 00:46:38.598, 2, 93722, 97871
2026/09/23 00:46:38.598, 3, 93713, 97871
2026/09/23 00:46:38.798, 0, 93714, 97871
2026/09/23 00:46:38.830, 1, 93722, 97871
2026/09/23 00:46:38.861, 2, 93722, 97871
2026/09/23 00:46:38.879, 3, 93713, 97871
2026/09/23 00:46:39.079, 0, 93714, 97871
2026/09/23 00:46:39.079, 1, 93722, 97871
2026/09/23 00:46:39.079, 2, 93722, 97871
2026/09/23 00:46:39.079, 3, 93713, 97871
2026/09/23 00:46:39.279, 0, 93714, 97871
2026/09/23 00:46:39.279, 1, 93722, 97871
2026/09/23 00:46:39.279, 2, 93722, 97871
2026/09/23 00:46:39.279, 3, 93713, 97871
2026/09/23 00:46:39.479, 0, 93714, 97871
2026/09/23 00:46:39.479, 1, 93722, 97871
2026/09/23 00:46:39.479, 2, 93722, 97871
2026/09/23 00:46:39.479, 3, 93713, 97871
2026/09/23 00:46:39.679, 0, 93714, 97871
2026/09/23 00:46:39.679, 1, 93722, 97871
2026/09/23 00:46:39.679, 2, 93722, 97871
2026/09/23 00:46:39.679, 3, 93713, 97871
2026/09/23 00:46:39.880, 0, 93714, 97871
2026/09/23 00:46:39.880, 1, 93722, 97871
2026/09/23 00:46:39.880, 2, 93722, 97871
2026/09/23 00:46:39.880, 3, 93713, 97871
2026/09/23 00:46:40.080, 0, 93714, 97871
2026/09/23 00:46:40.101, 1, 93722, 97871
2026/09/23 00:46:40.101, 2, 93722, 97871
2026/09/23 00:46:40.101, 3, 93713, 97871
2026/09/23 00:46:40.301, 0, 93714, 97871
2026/09/23 00:46:40.301, 1, 93722, 97871
2026/09/23 00:46:40.301, 2, 93722, 97871
2026/09/23 00:46:40.301, 3, 93713, 97871
2026/09/23 00:46:40.501, 0, 93714, 97871
2026/09/23 00:46:40.501, 1, 93722, 97871
2026/09/23 00:46:40.501, 2, 93722, 97871
2026/09/23 00:46:40.501, 3, 93713, 97871
2026/09/23 00:46:40.701, 0, 93714, 97871
2026/09/23 00:46:40.701, 1, 93722, 97871
2026/09/23 00:46:40.701, 2, 93722, 97871
2026/09/23 00:46:40.701, 3, 93713, 97871
2026/09/23 00:46:40.901, 0, 93714, 97871
2026/09/23 00:46:40.901, 1, 93722, 97871
2026/09/23 00:46:40.901, 2, 93722, 97871
2026/09/23 00:46:40.901, 3, 93713, 97871
2026/09/23 00:46:41.101, 0, 93714, 97871
2026/09/23 00:46:41.101, 1, 93722, 97871
2026/09/23 00:46:41.101, 2, 93722, 97871
2026/09/23 00:46:41.102, 3, 93713, 97871
2026/09/23 00:46:41.302, 0, 93714, 97871
2026/09/23 00:46:41.302, 1, 93722, 97871
2026/09/23 00:46:41.302, 2, 93722, 97871
2026/09/23 00:46:41.302, 3, 93713, 97871
2026/09/23 00:46:41.502, 0, 93714, 97871
2026/09/23 00:46:41.556, 1, 93722, 97871
2026/09/23 00:46:41.556, 2, 93722, 97871
2026/09/23 00:46:41.556, 3, 93713, 97871
2026/09/23 00:46:41.756, 0, 93714, 97871
2026/09/23 00:46:41.756, 1, 93722, 97871
2026/09/23 00:46:41.756, 2, 93722, 97871
2026/09/23 00:46:41.756, 3, 93713, 97871
2026/09/23 00:46:41.956, 0, 93714, 97871
2026/09/23 00:46:41.956, 1, 93722, 97871
2026/09/23 00:46:41.956, 2, 93722, 97871
2026/09/23 00:46:41.956, 3, 93713, 97871
2026/09/23 00:46:42.156, 0, 93714, 97871
2026/09/23 00:46:42.156, 1, 93722, 97871
2026/09/23 00:46:42.156, 2, 93722, 97871
2026/09/23 00:46:42.156, 3, 93713, 97871
2026/09/23 00:46:42.356, 0, 93714, 97871
2026/09/23 00:46:42.356, 1, 93722, 97871
2026/09/23 00:46:42.356, 2, 93722, 97871
2026/09/23 00:46:42.356, 3, 93713, 97871
2026/09/23 00:46:42.556, 0, 93714, 97871
2026/09/23 00:46:42.557, 1, 93722, 97871
2026/09/23 00:46:42.557, 2, 93722, 97871
2026/09/23 00:46:42.557, 3, 93713, 97871
2026/09/23 00:46:42.757, 0, 93714, 97871
2026/09/23 00:46:42.757, 1, 93722, 97871
2026/09/23 00:46:42.757, 2, 93722, 97871
2026/09/23 00:46:42.757, 3, 93713, 97871
2026/09/23 00:46:42.957, 0, 93714, 97871
2026/09/23 00:46:42.957, 1, 93722, 97871
2026/09/23 00:46:42.957, 2, 93722, 97871
2026/09/23 00:46:42.957, 3, 93713, 97871
2026/09/23 00:46:43.157, 0, 93714, 97871
2026/09/23 00:46:43.157, 1, 93722, 97871
2026/09/23 00:46:43.157, 2, 93722, 97871
2026/09/23 00:46:43.157, 3, 93713, 97871
2026/09/23 00:46:43.357, 0, 93714, 97871
2026/09/23 00:46:43.357, 1, 93722, 97871
2026/09/23 00:46:43.357, 2, 93722, 97871
2026/09/23 00:46:43.357, 3, 93713, 97871
2026/09/23 00:46:43.558, 0, 93714, 97871
2026/09/23 00:46:43.558, 1, 93722, 97871
2026/09/23 00:46:43.558, 2, 93722, 97871
2026/09/23 00:46:43.558, 3, 93713, 97871
2026/09/23 00:46:43.758, 0, 93714, 97871
2026/09/23 00:46:43.758, 1, 93722, 97871
2026/09/23 00:46:43.758, 2, 93722, 97871
2026/09/23 00:46:43.758, 3, 93713, 97871
2026/09/23 00:46:43.958, 0, 93714, 97871
2026/09/23 00:46:43.958, 1, 93722, 97871
2026/09/23 00:46:43.958, 2, 93722, 97871
2026/09/23 00:46:43.958, 3, 93713, 97871
2026/09/23 00:46:44.158, 0, 93714, 97871
2026/09/23 00:46:44.158, 1, 93722, 97871
2026/09/23 00:46:44.158, 2, 93722, 97871
2026/09/23 00:46:44.158, 3, 93713, 97871
2026/09/23 00:46:44.358, 0, 93714, 97871
2026/09/23 00:46:44.358, 1, 93722, 97871
2026/09/23 00:46:44.358, 2, 93722, 97871
2026/09/23 00:46:44.358, 3, 93713, 97871
2026/09/23 00:46:44.558, 0, 93714, 97871
2026/09/23 00:46:44.558, 1, 93722, 97871
2026/09/23 00:46:44.558, 2, 93722, 97871
2026/09/23 00:46:44.559, 3, 93713, 97871
2026/09/23 00:46:44.759, 0, 93714, 97871
2026/09/23 00:46:44.759, 1, 93722, 97871
2026/09/23 00:46:44.759, 2, 93722, 97871
2026/09/23 00:46:44.759, 3, 93713, 97871
2026/09/23 00:46:44.959, 0, 93714, 97871
2026/09/23 00:46:44.959, 1, 93722, 97871
2026/09/23 00:46:44.959, 2, 93722, 97871
2026/09/23 00:46:44.959, 3, 93713, 97871
2026/09/23 00:46:45.159, 0, 93714, 97871
2026/09/23 00:46:45.159, 1, 93722, 97871
2026/09/23 00:46:45.159, 2, 93722, 97871
2026/09/23 00:46:45.159, 3, 93713, 97871
2026/09/23 00:46:45.359, 0, 93714, 97871
2026/09/23 00:46:45.360, 1, 93722, 97871
2026/09/23 00:46:45.360, 2, 93722, 97871
2026/09/23 00:46:45.360, 3, 93713, 97871
2026/09/23 00:46:45.560, 0, 93714, 97871
2026/09/23 00:46:45.560, 1, 93722, 97871
2026/09/23 00:46:45.560, 2, 93722, 97871
2026/09/23 00:46:45.560, 3, 93713, 97871
2026/09/23 00:46:45.760, 0, 93714, 97871
2026/09/23 00:46:45.760, 1, 93722, 97871
2026/09/23 00:46:45.760, 2, 93722, 97871
2026/09/23 00:46:45.760, 3, 93713, 97871
2026/09/23 00:46:45.960, 0, 93714, 97871
2026/09/23 00:46:45.960, 1, 93722, 97871
2026/09/23 00:46:45.960, 2, 93722, 97871
2026/09/23 00:46:45.961, 3, 93713, 97871
2026/09/23 00:46:46.161, 0, 93714, 97871
2026/09/23 00:46:46.161, 1, 93722, 97871
2026/09/23 00:46:46.161, 2, 93722, 97871
2026/09/23 00:46:46.161, 3, 93713, 97871
2026/09/23 00:46:46.361, 0, 93714, 97871
2026/09/23 00:46:46.361, 1, 93722, 97871
2026/09/23 00:46:46.361, 2, 93722, 97871
2026/09/23 00:46:46.361, 3, 93713, 97871
2026/09/23 00:46:46.561, 0, 93714, 97871
2026/09/23 00:46:46.561, 1, 93722, 97871
2026/09/23 00:46:46.561, 2, 93722, 97871
2026/09/23 00:46:46.561, 3, 93713, 97871
2026/09/23 00:46:46.761, 0, 93714, 97871
2026/09/23 00:46:46.762, 1, 93722, 97871
2026/09/23 00:46:46.762, 2, 93722, 97871
2026/09/23 00:46:46.762, 3, 93713, 97871
2026/09/23 00:46:46.962, 0, 93714, 97871
2026/09/23 00:46:46.962, 1, 93722, 97871
2026/09/23 00:46:46.962, 2, 93722, 97871
2026/09/23 00:46:46.962, 3, 93713, 97871
2026/09/23 00:46:47.162, 0, 93714, 97871
2026/09/23 00:46:47.162, 1, 93722, 97871
2026/09/23 00:46:47.162, 2, 93722, 97871
2026/09/23 00:46:47.162, 3, 93713, 97871
2026/09/23 00:46:47.362, 0, 93714, 97871
2026/09/23 00:46:47.362, 1, 93722, 97871
2026/09/23 00:46:47.362, 2, 93722, 97871
2026/09/23 00:46:47.362, 3, 93713, 97871
2026/09/23 00:46:47.563, 0, 93714, 97871
2026/09/23 00:46:47.563, 1, 93722, 97871
2026/09/23 00:46:47.563, 2, 93722, 97871
2026/09/23 00:46:47.563, 3, 93713, 97871
2026/09/23 00:46:47.763, 0, 93714, 97871
2026/09/23 00:46:47.763, 1, 93722, 97871
2026/09/23 00:46:47.763, 2, 93722, 97871
2026/09/23 00:46:47.763, 3, 93713, 97871
2026/09/23 00:46:47.963, 0, 93714, 97871
2026/09/23 00:46:47.963, 1, 93722, 97871
2026/09/23 00:46:47.963, 2, 93722, 97871
2026/09/23 00:46:47.963, 3, 93713, 97871
2026/09/23 00:46:48.164, 0, 93714, 97871
2026/09/23 00:46:48.164, 1, 93722, 97871
2026/09/23 00:46:48.164, 2, 93722, 97871
2026/09/23 00:46:48.164, 3, 93713, 97871
2026/09/23 00:46:48.364, 0, 93714, 97871
2026/09/23 00:46:48.364, 1, 93722, 97871
2026/09/23 00:46:48.364, 2, 93722, 97871
2026/09/23 00:46:48.364, 3, 93713, 97871
2026/09/23 00:46:48.564, 0, 93714, 97871
2026/09/23 00:46:48.564, 1, 93722, 97871
2026/09/23 00:46:48.564, 2, 93722, 97871
2026/09/23 00:46:48.564, 3, 93713, 97871
2026/09/23 00:46:48.764, 0, 93714, 97871
2026/09/23 00:46:48.764, 1, 93722, 97871
2026/09/23 00:46:48.764, 2, 93722, 97871
2026/09/23 00:46:48.764, 3, 93713, 97871
2026/09/23 00:46:48.965, 0, 93714, 97871
2026/09/23 00:46:48.965, 1, 93722, 97871
2026/09/23 00:46:48.965, 2, 93722, 97871
2026/09/23 00:46:48.965, 3, 93713, 97871
2026/09/23 00:46:49.165, 0, 93714, 97871
2026/09/23 00:46:49.165, 1, 93722, 97871
2026/09/23 00:46:49.165, 2, 93722, 97871
2026/09/23 00:46:49.165, 3, 93713, 97871
2026/09/23 00:46:49.365, 0, 93714, 97871
2026/09/23 00:46:49.365, 1, 93722, 97871
2026/09/23 00:46:49.365, 2, 93722, 97871
2026/09/23 00:46:49.365, 3, 93713, 97871
2026/09/23 00:46:49.565, 0, 93714, 97871
2026/09/23 00:46:49.566, 1, 93722, 97871
2026/09/23 00:46:49.566, 2, 93722, 97871
2026/09/23 00:46:49.566, 3, 93713, 97871
2026/09/23 00:46:49.766, 0, 93714, 97871
2026/09/23 00:46:49.766, 1, 93722, 97871
2026/09/23 00:46:49.766, 2, 93722, 97871
2026/09/23 00:46:49.766, 3, 93713, 97871
2026/09/23 00:46:49.966, 0, 93714, 97871
2026/09/23 00:46:49.966, 1, 93722, 97871
2026/09/23 00:46:49.966, 2, 93722, 97871
2026/09/23 00:46:49.966, 3, 93713, 97871
2026/09/23 00:46:50.166, 0, 93714, 97871
2026/09/23 00:46:50.166, 1, 93722, 97871
2026/09/23 00:46:50.166, 2, 93722, 97871
2026/09/23 00:46:50.166, 3, 93713, 97871
2026/09/23 00:46:50.366, 0, 93714, 97871
2026/09/23 00:46:50.366, 1, 93722, 97871
2026/09/23 00:46:50.367, 2, 93722, 97871
2026/09/23 00:46:50.367, 3, 93713, 97871
2026/09/23 00:46:50.567, 0, 93714, 97871
2026/09/23 00:46:50.567, 1, 93722, 97871
2026/09/23 00:46:50.567, 2, 93722, 97871
2026/09/23 00:46:50.567, 3, 93713, 97871
2026/09/23 00:46:50.767, 0, 93714, 97871
2026/09/23 00:46:50.767, 1, 93722, 97871
2026/09/23 00:46:50.767, 2, 93722, 97871
2026/09/23 00:46:50.767, 3, 93713, 97871
2026/09/23 00:46:50.967, 0, 93714, 97871
2026/09/23 00:46:50.967, 1, 93722, 97871
2026/09/23 00:46:50.967, 2, 93722, 97871
2026/09/23 00:46:50.967, 3, 93713, 97871
2026/09/23 00:46:51.167, 0, 93714, 97871
2026/09/23 00:46:51.168, 1, 93722, 97871
2026/09/23 00:46:51.168, 2, 93722, 97871
2026/09/23 00:46:51.168, 3, 93713, 97871
2026/09/23 00:46:51.368, 0, 93714, 97871
2026/09/23 00:46:51.368, 1, 93722, 97871
2026/09/23 00:46:51.368, 2, 93722, 97871
2026/09/23 00:46:51.368, 3, 93713, 97871
2026/09/23 00:46:51.568, 0, 93714, 97871
2026/09/23 00:46:51.568, 1, 93722, 97871
2026/09/23 00:46:51.568, 2, 93722, 97871
2026/09/23 00:46:51.568, 3, 93713, 97871
2026/09/23 00:46:51.768, 0, 93714, 97871
2026/09/23 00:46:51.769, 1, 93722, 97871
2026/09/23 00:46:51.769, 2, 93722, 97871
2026/09/23 00:46:51.769, 3, 93713, 97871
2026/09/23 00:46:51.969, 0, 94262, 97871
2026/09/23 00:46:51.969, 1, 94270, 97871
2026/09/23 00:46:51.969, 2, 94270, 97871
2026/09/23 00:46:51.969, 3, 94261, 97871
2026/09/23 00:46:52.169, 0, 94262, 97871
2026/09/23 00:46:52.169, 1, 94270, 97871
2026/09/23 00:46:52.169, 2, 94270, 97871
2026/09/23 00:46:52.169, 3, 94261, 97871
2026/09/23 00:46:52.369, 0, 94262, 97871
2026/09/23 00:46:52.369, 1, 94270, 97871
2026/09/23 00:46:52.369, 2, 94270, 97871
2026/09/23 00:46:52.370, 3, 94261, 97871
2026/09/23 00:46:52.570, 0, 94262, 97871
2026/09/23 00:46:52.570, 1, 94270, 97871
2026/09/23 00:46:52.570, 2, 94270, 97871
2026/09/23 00:46:52.570, 3, 94261, 97871
2026/09/23 00:46:52.770, 0, 94262, 97871
2026/09/23 00:46:52.770, 1, 94270, 97871
2026/09/23 00:46:52.770, 2, 94270, 97871
2026/09/23 00:46:52.770, 3, 94261, 97871
2026/09/23 00:46:52.970, 0, 94262, 97871
2026/09/23 00:46:52.970, 1, 94270, 97871
2026/09/23 00:46:52.970, 2, 94270, 97871
2026/09/23 00:46:52.970, 3, 94261, 97871
2026/09/23 00:46:53.170, 0, 94262, 97871
2026/09/23 00:46:53.170, 1, 94270, 97871
2026/09/23 00:46:53.171, 2, 94270, 97871
2026/09/23 00:46:53.171, 3, 94261, 97871
2026/09/23 00:46:53.371, 0, 94262, 97871
2026/09/23 00:46:53.371, 1, 94270, 97871
2026/09/23 00:46:53.371, 2, 94270, 97871
2026/09/23 00:46:53.371, 3, 94261, 97871
2026/09/23 00:46:53.571, 0, 94262, 97871
2026/09/23 00:46:53.571, 1, 94270, 97871
2026/09/23 00:46:53.571, 2, 94270, 97871
2026/09/23 00:46:53.571, 3, 94261, 97871
2026/09/23 00:46:53.771, 0, 94262, 97871
2026/09/23 00:46:53.771, 1, 94270, 97871
2026/09/23 00:46:53.771, 2, 94270, 97871
2026/09/23 00:46:53.771, 3, 94261, 97871
2026/09/23 00:46:53.971, 0, 94262, 97871
2026/09/23 00:46:53.972, 1, 94270, 97871
2026/09/23 00:46:53.972, 2, 94270, 97871
2026/09/23 00:46:53.972, 3, 94261, 97871
2026/09/23 00:46:54.172, 0, 94262, 97871
2026/09/23 00:46:54.172, 1, 94270, 97871
2026/09/23 00:46:54.172, 2, 94270, 97871
2026/09/23 00:46:54.172, 3, 94261, 97871
2026/09/23 00:46:54.372, 0, 94262, 97871
2026/09/23 00:46:54.372, 1, 94270, 97871
2026/09/23 00:46:54.372, 2, 94270, 97871
2026/09/23 00:46:54.372, 3, 94261, 97871
2026/09/23 00:46:54.572, 0, 94262, 97871
2026/09/23 00:46:54.572, 1, 94270, 97871
2026/09/23 00:46:54.572, 2, 94270, 97871
2026/09/23 00:46:54.572, 3, 94261, 97871
2026/09/23 00:46:54.772, 0, 94262, 97871
2026/09/23 00:46:54.773, 1, 94270, 97871
2026/09/23 00:46:54.773, 2, 94270, 97871
2026/09/23 00:46:54.773, 3, 94261, 97871
2026/09/23 00:46:54.973, 0, 94262, 97871
2026/09/23 00:46:54.973, 1, 94270, 97871
2026/09/23 00:46:54.973, 2, 94270, 97871
2026/09/23 00:46:54.973, 3, 94261, 97871
2026/09/23 00:46:55.173, 0, 94262, 97871
2026/09/23 00:46:55.173, 1, 94270, 97871
2026/09/23 00:46:55.173, 2, 94270, 97871
2026/09/23 00:46:55.173, 3, 94261, 97871
2026/09/23 00:46:55.373, 0, 94262, 97871
2026/09/23 00:46:55.373, 1, 94270, 97871
2026/09/23 00:46:55.373, 2, 94270, 97871
2026/09/23 00:46:55.373, 3, 94261, 97871
2026/09/23 00:46:55.574, 0, 94262, 97871
2026/09/23 00:46:55.574, 1, 94270, 97871
2026/09/23 00:46:55.574, 2, 94270, 97871
2026/09/23 00:46:55.574, 3, 94261, 97871
2026/09/23 00:46:55.774, 0, 94262, 97871
2026/09/23 00:46:55.774, 1, 94270, 97871
2026/09/23 00:46:55.774, 2, 94270, 97871
2026/09/23 00:46:55.774, 3, 94261, 97871
2026/09/23 00:46:55.974, 0, 94262, 97871
2026/09/23 00:46:55.974, 1, 94270, 97871
2026/09/23 00:46:55.974, 2, 94270, 97871
2026/09/23 00:46:55.974, 3, 94261, 97871
2026/09/23 00:46:56.174, 0, 94262, 97871
2026/09/23 00:46:56.174, 1, 94270, 97871
2026/09/23 00:46:56.174, 2, 94270, 97871
2026/09/23 00:46:56.174, 3, 94261, 97871
2026/09/23 00:46:56.375, 0, 94262, 97871
2026/09/23 00:46:56.375, 1, 94270, 97871
2026/09/23 00:46:56.375, 2, 94270, 97871
2026/09/23 00:46:56.375, 3, 94261, 97871
2026/09/23 00:46:56.575, 0, 94438, 97871
2026/09/23 00:46:56.575, 1, 94446, 97871
2026/09/23 00:46:56.575, 2, 94446, 97871
2026/09/23 00:46:56.575, 3, 94437, 97871
2026/09/23 00:46:56.775, 0, 94438, 97871
2026/09/23 00:46:56.775, 1, 94446, 97871
2026/09/23 00:46:56.775, 2, 94446, 97871
2026/09/23 00:46:56.775, 3, 94437, 97871
2026/09/23 00:46:56.975, 0, 94748, 97871
2026/09/23 00:46:56.975, 1, 94756, 97871
2026/09/23 00:46:56.975, 2, 94756, 97871
2026/09/23 00:46:56.976, 3, 94747, 97871
2026/09/23 00:46:57.176, 0, 94748, 97871
2026/09/23 00:46:57.176, 1, 94756, 97871
2026/09/23 00:46:57.176, 2, 94756, 97871
2026/09/23 00:46:57.176, 3, 94747, 97871
2026/09/23 00:46:57.376, 0, 94748, 97871
2026/09/23 00:46:57.376, 1, 94756, 97871
2026/09/23 00:46:57.376, 2, 94756, 97871
2026/09/23 00:46:57.376, 3, 94747, 97871
2026/09/23 00:46:57.576, 0, 94748, 97871
2026/09/23 00:46:57.576, 1, 94756, 97871
2026/09/23 00:46:57.577, 2, 94756, 97871
2026/09/23 00:46:57.577, 3, 94747, 97871
2026/09/23 00:46:57.777, 0, 94748, 97871
2026/09/23 00:46:57.777, 1, 94756, 97871
2026/09/23 00:46:57.777, 2, 94756, 97871
2026/09/23 00:46:57.777, 3, 94747, 97871
2026/09/23 00:46:57.977, 0, 94748, 97871
2026/09/23 00:46:57.977, 1, 94756, 97871
2026/09/23 00:46:57.977, 2, 94756, 97871
2026/09/23 00:46:57.977, 3, 94747, 97871
2026/09/23 00:46:58.178, 0, 94748, 97871
2026/09/23 00:46:58.178, 1, 94756, 97871
2026/09/23 00:46:58.178, 2, 94756, 97871
2026/09/23 00:46:58.178, 3, 94747, 97871
2026/09/23 00:46:58.378, 0, 94748, 97871
2026/09/23 00:46:58.378, 1, 94756, 97871
2026/09/23 00:46:58.378, 2, 94756, 97871
2026/09/23 00:46:58.378, 3, 94747, 97871
2026/09/23 00:46:58.578, 0, 94748, 97871
2026/09/23 00:46:58.578, 1, 94756, 97871
2026/09/23 00:46:58.579, 2, 94756, 97871
2026/09/23 00:46:58.579, 3, 94747, 97871
2026/09/23 00:46:58.779, 0, 94748, 97871
2026/09/23 00:46:58.779, 1, 94756, 97871
2026/09/23 00:46:58.779, 2, 94756, 97871
2026/09/23 00:46:58.779, 3, 94747, 97871
2026/09/23 00:46:58.979, 0, 94748, 97871
2026/09/23 00:46:58.979, 1, 94756, 97871
2026/09/23 00:46:58.979, 2, 94756, 97871
2026/09/23 00:46:58.979, 3, 94747, 97871
2026/09/23 00:46:59.180, 0, 94748, 97871
2026/09/23 00:46:59.180, 1, 94756, 97871
2026/09/23 00:46:59.180, 2, 94756, 97871
2026/09/23 00:46:59.180, 3, 94747, 97871
2026/09/23 00:46:59.380, 0, 94748, 97871
2026/09/23 00:46:59.380, 1, 94756, 97871
2026/09/23 00:46:59.380, 2, 94756, 97871
2026/09/23 00:46:59.380, 3, 94747, 97871
2026/09/23 00:46:59.580, 0, 94748, 97871
2026/09/23 00:46:59.580, 1, 94756, 97871
2026/09/23 00:46:59.580, 2, 94756, 97871
2026/09/23 00:46:59.581, 3, 94747, 97871
2026/09/23 00:46:59.781, 0, 94748, 97871
2026/09/23 00:46:59.781, 1, 94756, 97871
2026/09/23 00:46:59.781, 2, 94756, 97871
2026/09/23 00:46:59.781, 3, 94747, 97871
2026/09/23 00:46:59.981, 0, 94748, 97871
2026/09/23 00:46:59.981, 1, 94756, 97871
2026/09/23 00:46:59.981, 2, 94756, 97871
2026/09/23 00:46:59.981, 3, 94747, 97871
2026/09/23 00:47:00.182, 0, 94748, 97871
2026/09/23 00:47:00.182, 1, 94756, 97871
2026/09/23 00:47:00.182, 2, 94756, 97871
2026/09/23 00:47:00.182, 3, 94747, 97871
2026/09/23 00:47:00.382, 0, 94748, 97871
2026/09/23 00:47:00.382, 1, 94756, 97871
2026/09/23 00:47:00.382, 2, 94756, 97871
2026/09/23 00:47:00.382, 3, 94747, 97871
2026/09/23 00:47:00.582, 0, 94748, 97871
2026/09/23 00:47:00.582, 1, 94756, 97871
2026/09/23 00:47:00.583, 2, 94756, 97871
2026/09/23 00:47:00.583, 3, 94747, 97871
2026/09/23 00:47:00.783, 0, 94748, 97871
2026/09/23 00:47:00.783, 1, 94756, 97871
2026/09/23 00:47:00.783, 2, 94756, 97871
2026/09/23 00:47:00.783, 3, 94747, 97871
2026/09/23 00:47:00.983, 0, 94748, 97871
2026/09/23 00:47:00.983, 1, 94756, 97871
2026/09/23 00:47:00.983, 2, 94756, 97871
2026/09/23 00:47:00.983, 3, 94747, 97871
2026/09/23 00:47:01.183, 0, 94748, 97871
2026/09/23 00:47:01.183, 1, 94756, 97871
2026/09/23 00:47:01.183, 2, 94756, 97871
2026/09/23 00:47:01.183, 3, 94747, 97871
2026/09/23 00:47:01.384, 0, 94748, 97871
2026/09/23 00:47:01.384, 1, 94756, 97871
2026/09/23 00:47:01.384, 2, 94756, 97871
2026/09/23 00:47:01.384, 3, 94747, 97871
2026/09/23 00:47:01.584, 0, 94748, 97871
2026/09/23 00:47:01.584, 1, 94756, 97871
2026/09/23 00:47:01.584, 2, 94756, 97871
2026/09/23 00:47:01.584, 3, 94747, 97871
2026/09/23 00:47:01.784, 0, 94748, 97871
2026/09/23 00:47:01.784, 1, 94756, 97871
2026/09/23 00:47:01.785, 2, 94756, 97871
2026/09/23 00:47:01.785, 3, 94747, 97871
2026/09/23 00:47:01.985, 0, 94748, 97871
2026/09/23 00:47:01.985, 1, 94756, 97871
2026/09/23 00:47:01.985, 2, 94756, 97871
2026/09/23 00:47:01.985, 3, 94747, 97871
2026/09/23 00:47:02.185, 0, 94748, 97871
2026/09/23 00:47:02.185, 1, 94756, 97871
2026/09/23 00:47:02.185, 2, 94756, 97871
2026/09/23 00:47:02.185, 3, 94747, 97871
2026/09/23 00:47:02.385, 0, 94748, 97871
2026/09/23 00:47:02.385, 1, 94756, 97871
2026/09/23 00:47:02.385, 2, 94756, 97871
2026/09/23 00:47:02.385, 3, 94747, 97871
2026/09/23 00:47:02.585, 0, 94748, 97871
2026/09/23 00:47:02.586, 1, 94756, 97871
2026/09/23 00:47:02.586, 2, 94756, 97871
2026/09/23 00:47:02.586, 3, 94747, 97871
2026/09/23 00:47:02.786, 0, 94748, 97871
2026/09/23 00:47:02.786, 1, 94756, 97871
2026/09/23 00:47:02.786, 2, 94756, 97871
2026/09/23 00:47:02.786, 3, 94747, 97871
2026/09/23 00:47:02.986, 0, 94748, 97871
2026/09/23 00:47:02.986, 1, 94756, 97871
2026/09/23 00:47:02.986, 2, 94756, 97871
2026/09/23 00:47:02.986, 3, 94747, 97871
2026/09/23 00:47:03.186, 0, 94748, 97871
2026/09/23 00:47:03.186, 1, 94756, 97871
2026/09/23 00:47:03.187, 2, 94756, 97871
2026/09/23 00:47:03.187, 3, 94747, 97871
2026/09/23 00:47:03.387, 0, 94748, 97871
2026/09/23 00:47:03.387, 1, 94756, 97871
2026/09/23 00:47:03.387, 2, 94756, 97871
2026/09/23 00:47:03.387, 3, 94747, 97871
2026/09/23 00:47:03.587, 0, 94748, 97871
2026/09/23 00:47:03.587, 1, 94756, 97871
2026/09/23 00:47:03.587, 2, 94756, 97871
2026/09/23 00:47:03.587, 3, 94747, 97871
2026/09/23 00:47:03.787, 0, 94748, 97871
2026/09/23 00:47:03.787, 1, 94756, 97871
2026/09/23 00:47:03.787, 2, 94756, 97871
2026/09/23 00:47:03.787, 3, 94747, 97871
2026/09/23 00:47:03.987, 0, 94748, 97871
2026/09/23 00:47:03.987, 1, 94756, 97871
2026/09/23 00:47:03.987, 2, 94756, 97871
2026/09/23 00:47:03.987, 3, 94747, 97871
2026/09/23 00:47:04.188, 0, 94748, 97871
2026/09/23 00:47:04.188, 1, 94756, 97871
2026/09/23 00:47:04.188, 2, 94756, 97871
2026/09/23 00:47:04.188, 3, 94747, 97871
2026/09/23 00:47:04.388, 0, 94748, 97871
2026/09/23 00:47:04.388, 1, 94756, 97871
2026/09/23 00:47:04.388, 2, 94756, 97871
2026/09/23 00:47:04.388, 3, 94747, 97871
2026/09/23 00:47:04.588, 0, 94748, 97871
2026/09/23 00:47:04.588, 1, 94756, 97871
2026/09/23 00:47:04.588, 2, 94756, 97871
2026/09/23 00:47:04.588, 3, 94747, 97871
2026/09/23 00:47:04.788, 0, 94748, 97871
2026/09/23 00:47:04.818, 1, 94756, 97871
2026/09/23 00:47:04.850, 2, 94756, 97871
2026/09/23 00:47:04.850, 3, 94747, 97871
2026/09/23 00:47:05.050, 0, 94748, 97871
2026/09/23 00:47:05.077, 1, 94756, 97871
2026/09/23 00:47:05.106, 2, 94756, 97871
2026/09/23 00:47:05.123, 3, 94747, 97871
2026/09/23 00:47:05.323, 0, 94748, 97871
2026/09/23 00:47:05.323, 1, 94756, 97871
2026/09/23 00:47:05.323, 2, 94756, 97871
2026/09/23 00:47:05.323, 3, 94747, 97871
2026/09/23 00:47:05.524, 0, 94748, 97871
2026/09/23 00:47:05.524, 1, 94756, 97871
2026/09/23 00:47:05.524, 2, 94756, 97871
2026/09/23 00:47:05.524, 3, 94747, 97871
2026/09/23 00:47:05.724, 0, 94748, 97871
2026/09/23 00:47:05.724, 1, 94756, 97871
2026/09/23 00:47:05.724, 2, 94756, 97871
2026/09/23 00:47:05.724, 3, 94747, 97871
2026/09/23 00:47:05.924, 0, 94748, 97871
2026/09/23 00:47:05.924, 1, 94756, 97871
2026/09/23 00:47:05.924, 2, 94756, 97871
2026/09/23 00:47:05.924, 3, 94747, 97871
2026/09/23 00:47:06.124, 0, 94748, 97871
2026/09/23 00:47:06.124, 1, 94756, 97871
2026/09/23 00:47:06.124, 2, 94756, 97871
2026/09/23 00:47:06.124, 3, 94747, 97871
2026/09/23 00:47:06.325, 0, 94748, 97871
2026/09/23 00:47:06.325, 1, 94756, 97871
2026/09/23 00:47:06.325, 2, 94756, 97871
2026/09/23 00:47:06.325, 3, 94747, 97871
2026/09/23 00:47:06.525, 0, 94748, 97871
2026/09/23 00:47:06.525, 1, 94756, 97871
2026/09/23 00:47:06.525, 2, 94756, 97871
2026/09/23 00:47:06.525, 3, 94747, 97871
2026/09/23 00:47:06.725, 0, 94748, 97871
2026/09/23 00:47:06.752, 1, 94756, 97871
2026/09/23 00:47:06.788, 2, 94756, 97871
2026/09/23 00:47:06.821, 3, 94747, 97871
2026/09/23 00:47:07.021, 0, 94748, 97871
2026/09/23 00:47:07.021, 1, 94756, 97871
2026/09/23 00:47:07.021, 2, 94756, 97871
2026/09/23 00:47:07.021, 3, 94747, 97871
2026/09/23 00:47:07.221, 0, 94748, 97871
2026/09/23 00:47:07.221, 1, 94756, 97871
2026/09/23 00:47:07.221, 2, 94756, 97871
2026/09/23 00:47:07.221, 3, 94747, 97871
2026/09/23 00:47:07.421, 0, 94748, 97871
2026/09/23 00:47:07.421, 1, 94756, 97871
2026/09/23 00:47:07.421, 2, 94756, 97871
2026/09/23 00:47:07.421, 3, 94747, 97871
2026/09/23 00:47:07.622, 0, 94748, 97871
2026/09/23 00:47:07.622, 1, 94756, 97871
2026/09/23 00:47:07.622, 2, 94756, 97871
2026/09/23 00:47:07.622, 3, 94747, 97871
2026/09/23 00:47:07.822, 0, 94748, 97871
2026/09/23 00:47:07.822, 1, 94756, 97871
2026/09/23 00:47:07.822, 2, 94756, 97871
2026/09/23 00:47:07.822, 3, 94747, 97871
2026/09/23 00:47:08.022, 0, 94748, 97871
2026/09/23 00:47:08.022, 1, 94756, 97871
2026/09/23 00:47:08.022, 2, 94756, 97871
2026/09/23 00:47:08.022, 3, 94747, 97871
2026/09/23 00:47:08.222, 0, 94748, 97871
2026/09/23 00:47:08.222, 1, 94756, 97871
2026/09/23 00:47:08.222, 2, 94756, 97871
2026/09/23 00:47:08.222, 3, 94747, 97871
2026/09/23 00:47:08.422, 0, 94748, 97871
2026/09/23 00:47:08.423, 1, 94756, 97871
2026/09/23 00:47:08.423, 2, 94756, 97871
2026/09/23 00:47:08.423, 3, 94747, 97871
2026/09/23 00:47:08.623, 0, 94748, 97871
2026/09/23 00:47:08.623, 1, 94756, 97871
2026/09/23 00:47:08.623, 2, 94756, 97871
2026/09/23 00:47:08.623, 3, 94747, 97871
2026/09/23 00:47:08.823, 0, 94748, 97871
2026/09/23 00:47:08.823, 1, 94756, 97871
2026/09/23 00:47:08.823, 2, 94756, 97871
2026/09/23 00:47:08.823, 3, 94747, 97871
2026/09/23 00:47:09.023, 0, 94748, 97871
2026/09/23 00:47:09.023, 1, 94756, 97871
2026/09/23 00:47:09.023, 2, 94756, 97871
2026/09/23 00:47:09.023, 3, 94747, 97871
2026/09/23 00:47:09.223, 0, 94748, 97871
2026/09/23 00:47:09.223, 1, 94756, 97871
2026/09/23 00:47:09.224, 2, 94756, 97871
2026/09/23 00:47:09.224, 3, 94747, 97871
2026/09/23 00:47:09.424, 0, 94748, 97871
2026/09/23 00:47:09.424, 1, 94756, 97871
2026/09/23 00:47:09.424, 2, 94756, 97871
2026/09/23 00:47:09.424, 3, 94747, 97871
2026/09/23 00:47:09.624, 0, 94748, 97871
2026/09/23 00:47:09.624, 1, 94756, 97871
2026/09/23 00:47:09.624, 2, 94756, 97871
2026/09/23 00:47:09.624, 3, 94747, 97871
2026/09/23 00:47:09.824, 0, 94748, 97871
2026/09/23 00:47:09.824, 1, 94756, 97871
2026/09/23 00:47:09.824, 2, 94756, 97871
2026/09/23 00:47:09.824, 3, 94747, 97871
2026/09/23 00:47:10.024, 0, 94748, 97871
2026/09/23 00:47:10.024, 1, 94756, 97871
2026/09/23 00:47:10.025, 2, 94756, 97871
2026/09/23 00:47:10.025, 3, 94747, 97871
2026/09/23 00:47:10.225, 0, 94748, 97871
2026/09/23 00:47:10.225, 1, 94756, 97871
2026/09/23 00:47:10.225, 2, 94756, 97871
2026/09/23 00:47:10.225, 3, 94747, 97871
2026/09/23 00:47:10.425, 0, 94748, 97871
2026/09/23 00:47:10.425, 1, 94756, 97871
2026/09/23 00:47:10.425, 2, 94756, 97871
2026/09/23 00:47:10.425, 3, 94747, 97871
2026/09/23 00:47:10.625, 0, 94748, 97871
2026/09/23 00:47:10.625, 1, 94756, 97871
2026/09/23 00:47:10.625, 2, 94756, 97871
2026/09/23 00:47:10.625, 3, 94747, 97871
2026/09/23 00:47:10.825, 0, 94748, 97871
2026/09/23 00:47:10.825, 1, 94756, 97871
2026/09/23 00:47:10.826, 2, 94756, 97871
2026/09/23 00:47:10.826, 3, 94747, 97871
2026/09/23 00:47:11.026, 0, 94748, 97871
2026/09/23 00:47:11.026, 1, 94756, 97871
2026/09/23 00:47:11.026, 2, 94756, 97871
2026/09/23 00:47:11.026, 3, 94747, 97871
2026/09/23 00:47:11.226, 0, 94748, 97871
2026/09/23 00:47:11.226, 1, 94756, 97871
2026/09/23 00:47:11.226, 2, 94756, 97871
2026/09/23 00:47:11.226, 3, 94747, 97871
2026/09/23 00:47:11.426, 0, 94748, 97871
2026/09/23 00:47:11.426, 1, 94756, 97871
2026/09/23 00:47:11.426, 2, 94756, 97871
2026/09/23 00:47:11.426, 3, 94747, 97871
2026/09/23 00:47:11.626, 0, 94748, 97871
2026/09/23 00:47:11.627, 1, 94756, 97871
2026/09/23 00:47:11.627, 2, 94756, 97871
2026/09/23 00:47:11.627, 3, 94747, 97871
2026/09/23 00:47:11.827, 0, 94748, 97871
2026/09/23 00:47:11.827, 1, 94756, 97871
2026/09/23 00:47:11.827, 2, 94756, 97871
2026/09/23 00:47:11.827, 3, 94747, 97871
2026/09/23 00:47:12.027, 0, 94748, 97871
2026/09/23 00:47:12.027, 1, 94756, 97871
2026/09/23 00:47:12.027, 2, 94756, 97871
2026/09/23 00:47:12.027, 3, 94747, 97871
2026/09/23 00:47:12.227, 0, 94748, 97871
2026/09/23 00:47:12.227, 1, 94756, 97871
2026/09/23 00:47:12.227, 2, 94756, 97871
2026/09/23 00:47:12.227, 3, 94747, 97871
2026/09/23 00:47:12.427, 0, 94748, 97871
2026/09/23 00:47:12.428, 1, 94756, 97871
2026/09/23 00:47:12.428, 2, 94756, 97871
2026/09/23 00:47:12.428, 3, 94747, 97871
2026/09/23 00:47:12.628, 0, 94748, 97871
2026/09/23 00:47:12.628, 1, 94756, 97871
2026/09/23 00:47:12.628, 2, 94756, 97871
2026/09/23 00:47:12.628, 3, 94747, 97871
2026/09/23 00:47:12.828, 0, 94748, 97871
2026/09/23 00:47:12.828, 1, 94756, 97871
2026/09/23 00:47:12.829, 2, 94756, 97871
2026/09/23 00:47:12.829, 3, 94747, 97871
2026/09/23 00:47:13.029, 0, 94748, 97871
2026/09/23 00:47:13.029, 1, 94756, 97871
2026/09/23 00:47:13.029, 2, 94756, 97871
2026/09/23 00:47:13.029, 3, 94747, 97871
2026/09/23 00:47:13.229, 0, 94748, 97871
2026/09/23 00:47:13.229, 1, 94756, 97871
2026/09/23 00:47:13.229, 2, 94756, 97871
2026/09/23 00:47:13.230, 3, 94747, 97871
2026/09/23 00:47:13.430, 0, 94748, 97871
2026/09/23 00:47:13.430, 1, 94756, 97871
2026/09/23 00:47:13.430, 2, 94756, 97871
2026/09/23 00:47:13.430, 3, 94747, 97871
2026/09/23 00:47:13.630, 0, 94748, 97871
2026/09/23 00:47:13.630, 1, 94756, 97871
2026/09/23 00:47:13.630, 2, 94756, 97871
2026/09/23 00:47:13.630, 3, 94747, 97871
2026/09/23 00:47:13.830, 0, 94748, 97871
2026/09/23 00:47:13.830, 1, 94756, 97871
2026/09/23 00:47:13.830, 2, 94756, 97871
2026/09/23 00:47:13.831, 3, 94747, 97871
2026/09/23 00:47:14.031, 0, 94748, 97871
2026/09/23 00:47:14.031, 1, 94756, 97871
2026/09/23 00:47:14.031, 2, 94756, 97871
2026/09/23 00:47:14.031, 3, 94747, 97871
2026/09/23 00:47:14.231, 0, 94748, 97871
2026/09/23 00:47:14.231, 1, 94756, 97871
2026/09/23 00:47:14.231, 2, 94756, 97871
2026/09/23 00:47:14.231, 3, 94747, 97871
2026/09/23 00:47:14.431, 0, 94748, 97871
2026/09/23 00:47:14.432, 1, 94756, 97871
2026/09/23 00:47:14.432, 2, 94756, 97871
2026/09/23 00:47:14.432, 3, 94747, 97871
2026/09/23 00:47:14.632, 0, 94748, 97871
2026/09/23 00:47:14.632, 1, 94756, 97871
2026/09/23 00:47:14.632, 2, 94756, 97871
2026/09/23 00:47:14.632, 3, 94747, 97871
2026/09/23 00:47:14.832, 0, 94748, 97871
2026/09/23 00:47:14.832, 1, 94756, 97871
2026/09/23 00:47:14.832, 2, 94756, 97871
2026/09/23 00:47:14.832, 3, 94747, 97871
2026/09/23 00:47:15.032, 0, 94748, 97871
2026/09/23 00:47:15.033, 1, 94756, 97871
2026/09/23 00:47:15.033, 2, 94756, 97871
2026/09/23 00:47:15.033, 3, 94747, 97871
2026/09/23 00:47:15.233, 0, 94748, 97871
2026/09/23 00:47:15.233, 1, 94756, 97871
2026/09/23 00:47:15.233, 2, 94756, 97871
2026/09/23 00:47:15.233, 3, 94747, 97871
2026/09/23 00:47:15.433, 0, 94748, 97871
2026/09/23 00:47:15.433, 1, 94756, 97871
2026/09/23 00:47:15.433, 2, 94756, 97871
2026/09/23 00:47:15.433, 3, 94747, 97871
2026/09/23 00:47:15.633, 0, 94748, 97871
2026/09/23 00:47:15.633, 1, 94756, 97871
2026/09/23 00:47:15.633, 2, 94756, 97871
2026/09/23 00:47:15.633, 3, 94747, 97871
2026/09/23 00:47:15.833, 0, 94748, 97871
2026/09/23 00:47:15.834, 1, 94756, 97871
2026/09/23 00:47:15.834, 2, 94756, 97871
2026/09/23 00:47:15.834, 3, 94747, 97871
2026/09/23 00:47:16.034, 0, 94748, 97871
2026/09/23 00:47:16.034, 1, 94756, 97871
2026/09/23 00:47:16.034, 2, 94756, 97871
2026/09/23 00:47:16.034, 3, 94747, 97871
2026/09/23 00:47:16.234, 0, 94748, 97871
2026/09/23 00:47:16.234, 1, 94756, 97871
2026/09/23 00:47:16.234, 2, 94756, 97871
2026/09/23 00:47:16.234, 3, 94747, 97871
2026/09/23 00:47:16.434, 0, 94748, 97871
2026/09/23 00:47:16.434, 1, 94756, 97871
2026/09/23 00:47:16.434, 2, 94756, 97871
2026/09/23 00:47:16.434, 3, 94747, 97871
2026/09/23 00:47:16.634, 0, 94748, 97871
2026/09/23 00:47:16.634, 1, 94756, 97871
2026/09/23 00:47:16.634, 2, 94756, 97871
2026/09/23 00:47:16.634, 3, 94747, 97871
2026/09/23 00:47:16.835, 0, 94748, 97871
2026/09/23 00:47:16.835, 1, 94756, 97871
2026/09/23 00:47:16.835, 2, 94756, 97871
2026/09/23 00:47:16.835, 3, 94747, 97871
2026/09/23 00:47:17.035, 0, 94748, 97871
2026/09/23 00:47:17.035, 1, 94756, 97871
2026/09/23 00:47:17.035, 2, 94756, 97871
2026/09/23 00:47:17.035, 3, 94747, 97871
2026/09/23 00:47:17.235, 0, 94748, 97871
2026/09/23 00:47:17.235, 1, 94756, 97871
2026/09/23 00:47:17.235, 2, 94756, 97871
2026/09/23 00:47:17.235, 3, 94747, 97871
2026/09/23 00:47:17.435, 0, 94748, 97871
2026/09/23 00:47:17.436, 1, 94756, 97871
2026/09/23 00:47:17.436, 2, 94756, 97871
2026/09/23 00:47:17.436, 3, 94747, 97871
2026/09/23 00:47:17.636, 0, 94748, 97871
2026/09/23 00:47:17.636, 1, 94756, 97871
2026/09/23 00:47:17.636, 2, 94756, 97871
2026/09/23 00:47:17.636, 3, 94747, 97871
2026/09/23 00:47:17.836, 0, 94748, 97871
2026/09/23 00:47:17.836, 1, 94756, 97871
2026/09/23 00:47:17.836, 2, 94756, 97871
2026/09/23 00:47:17.836, 3, 94747, 97871
2026/09/23 00:47:18.036, 0, 94748, 97871
2026/09/23 00:47:18.036, 1, 94756, 97871
2026/09/23 00:47:18.036, 2, 94756, 97871
2026/09/23 00:47:18.036, 3, 94747, 97871
2026/09/23 00:47:18.237, 0, 94748, 97871
2026/09/23 00:47:18.237, 1, 94756, 97871
2026/09/23 00:47:18.237, 2, 94756, 97871
2026/09/23 00:47:18.237, 3, 94747, 97871
2026/09/23 00:47:18.437, 0, 94748, 97871
2026/09/23 00:47:18.437, 1, 94756, 97871
2026/09/23 00:47:18.437, 2, 94756, 97871
2026/09/23 00:47:18.437, 3, 94747, 97871
2026/09/23 00:47:18.637, 0, 94748, 97871
2026/09/23 00:47:18.637, 1, 94756, 97871
2026/09/23 00:47:18.637, 2, 94756, 97871
2026/09/23 00:47:18.637, 3, 94747, 97871
2026/09/23 00:47:18.837, 0, 94748, 97871
2026/09/23 00:47:18.837, 1, 94756, 97871
2026/09/23 00:47:18.837, 2, 94756, 97871
2026/09/23 00:47:18.837, 3, 94747, 97871
2026/09/23 00:47:19.037, 0, 94748, 97871
2026/09/23 00:47:19.037, 1, 94756, 97871
2026/09/23 00:47:19.038, 2, 94756, 97871
2026/09/23 00:47:19.038, 3, 94747, 97871
2026/09/23 00:47:19.238, 0, 94748, 97871
2026/09/23 00:47:19.238, 1, 94756, 97871
2026/09/23 00:47:19.238, 2, 94756, 97871
2026/09/23 00:47:19.238, 3, 94747, 97871
2026/09/23 00:47:19.438, 0, 94748, 97871
2026/09/23 00:47:19.438, 1, 94756, 97871
2026/09/23 00:47:19.438, 2, 94756, 97871
2026/09/23 00:47:19.438, 3, 94747, 97871
2026/09/23 00:47:19.638, 0, 94748, 97871
2026/09/23 00:47:19.638, 1, 94756, 97871
2026/09/23 00:47:19.638, 2, 94756, 97871
2026/09/23 00:47:19.638, 3, 94747, 97871
2026/09/23 00:47:19.838, 0, 94748, 97871
2026/09/23 00:47:19.839, 1, 94756, 97871
2026/09/23 00:47:19.839, 2, 94756, 97871
2026/09/23 00:47:19.839, 3, 94747, 97871
2026/09/23 00:47:20.039, 0, 94748, 97871
2026/09/23 00:47:20.039, 1, 94756, 97871
2026/09/23 00:47:20.039, 2, 94756, 97871
2026/09/23 00:47:20.039, 3, 94747, 97871
2026/09/23 00:47:20.239, 0, 94748, 97871
2026/09/23 00:47:20.239, 1, 94756, 97871
2026/09/23 00:47:20.239, 2, 94756, 97871
2026/09/23 00:47:20.239, 3, 94747, 97871
2026/09/23 00:47:20.440, 0, 94748, 97871
2026/09/23 00:47:20.440, 1, 94756, 97871
2026/09/23 00:47:20.440, 2, 94756, 97871
2026/09/23 00:47:20.440, 3, 94747, 97871
2026/09/23 00:47:20.640, 0, 94748, 97871
2026/09/23 00:47:20.640, 1, 94756, 97871
2026/09/23 00:47:20.640, 2, 94756, 97871
2026/09/23 00:47:20.640, 3, 94747, 97871
2026/09/23 00:47:20.840, 0, 94748, 97871
2026/09/23 00:47:20.840, 1, 94756, 97871
2026/09/23 00:47:20.840, 2, 94756, 97871
2026/09/23 00:47:20.841, 3, 94747, 97871
2026/09/23 00:47:21.041, 0, 94748, 97871
2026/09/23 00:47:21.041, 1, 94756, 97871
2026/09/23 00:47:21.041, 2, 94756, 97871
2026/09/23 00:47:21.041, 3, 94747, 97871
2026/09/23 00:47:21.241, 0, 94748, 97871
2026/09/23 00:47:21.241, 1, 94756, 97871
2026/09/23 00:47:21.241, 2, 94756, 97871
2026/09/23 00:47:21.241, 3, 94747, 97871
2026/09/23 00:47:21.441, 0, 94748, 97871
2026/09/23 00:47:21.441, 1, 94756, 97871
2026/09/23 00:47:21.441, 2, 94756, 97871
2026/09/23 00:47:21.442, 3, 94747, 97871
2026/09/23 00:47:21.642, 0, 94748, 97871
2026/09/23 00:47:21.642, 1, 94756, 97871
2026/09/23 00:47:21.642, 2, 94756, 97871
2026/09/23 00:47:21.642, 3, 94747, 97871
2026/09/23 00:47:21.842, 0, 94748, 97871
2026/09/23 00:47:21.842, 1, 94756, 97871
2026/09/23 00:47:21.842, 2, 94756, 97871
2026/09/23 00:47:21.842, 3, 94747, 97871
2026/09/23 00:47:22.042, 0, 94748, 97871
2026/09/23 00:47:22.042, 1, 94756, 97871
2026/09/23 00:47:22.043, 2, 94756, 97871
2026/09/23 00:47:22.043, 3, 94747, 97871
2026/09/23 00:47:22.243, 0, 94748, 97871
2026/09/23 00:47:22.243, 1, 94756, 97871
2026/09/23 00:47:22.243, 2, 94756, 97871
2026/09/23 00:47:22.243, 3, 94747, 97871
2026/09/23 00:47:22.443, 0, 94748, 97871
2026/09/23 00:47:22.443, 1, 94756, 97871
2026/09/23 00:47:22.443, 2, 94756, 97871
2026/09/23 00:47:22.443, 3, 94747, 97871
2026/09/23 00:47:22.643, 0, 94748, 97871
2026/09/23 00:47:22.643, 1, 94756, 97871
2026/09/23 00:47:22.643, 2, 94756, 97871
2026/09/23 00:47:22.644, 3, 94747, 97871
2026/09/23 00:47:22.844, 0, 94748, 97871
2026/09/23 00:47:22.844, 1, 94756, 97871
2026/09/23 00:47:22.844, 2, 94756, 97871
2026/09/23 00:47:22.844, 3, 94747, 97871
2026/09/23 00:47:23.044, 0, 94748, 97871
2026/09/23 00:47:23.044, 1, 94756, 97871
2026/09/23 00:47:23.044, 2, 94756, 97871
2026/09/23 00:47:23.044, 3, 94747, 97871
2026/09/23 00:47:23.244, 0, 94748, 97871
2026/09/23 00:47:23.244, 1, 94756, 97871
2026/09/23 00:47:23.244, 2, 94756, 97871
2026/09/23 00:47:23.244, 3, 94747, 97871
2026/09/23 00:47:23.445, 0, 94748, 97871
2026/09/23 00:47:23.445, 1, 94756, 97871
2026/09/23 00:47:23.445, 2, 94756, 97871
2026/09/23 00:47:23.445, 3, 94747, 97871
2026/09/23 00:47:23.645, 0, 94748, 97871
2026/09/23 00:47:23.645, 1, 94756, 97871
2026/09/23 00:47:23.645, 2, 94756, 97871
2026/09/23 00:47:23.645, 3, 94747, 97871
2026/09/23 00:47:23.845, 0, 94748, 97871
2026/09/23 00:47:23.845, 1, 94756, 97871
2026/09/23 00:47:23.845, 2, 94756, 97871
2026/09/23 00:47:23.845, 3, 94747, 97871
2026/09/23 00:47:24.046, 0, 94748, 97871
2026/09/23 00:47:24.046, 1, 94756, 97871
2026/09/23 00:47:24.046, 2, 94756, 97871
2026/09/23 00:47:24.046, 3, 94747, 97871
2026/09/23 00:47:24.246, 0, 94748, 97871
2026/09/23 00:47:24.246, 1, 94756, 97871
2026/09/23 00:47:24.246, 2, 94756, 97871
2026/09/23 00:47:24.246, 3, 94747, 97871
2026/09/23 00:47:24.446, 0, 94748, 97871
2026/09/23 00:47:24.446, 1, 94756, 97871
2026/09/23 00:47:24.446, 2, 94756, 97871
2026/09/23 00:47:24.446, 3, 94747, 97871
2026/09/23 00:47:24.646, 0, 94748, 97871
2026/09/23 00:47:24.647, 1, 94756, 97871
2026/09/23 00:47:24.647, 2, 94756, 97871
2026/09/23 00:47:24.647, 3, 94747, 97871
2026/09/23 00:47:24.847, 0, 94748, 97871
2026/09/23 00:47:24.847, 1, 94756, 97871
2026/09/23 00:47:24.847, 2, 94756, 97871
2026/09/23 00:47:24.847, 3, 94747, 97871
2026/09/23 00:47:25.047, 0, 94748, 97871
2026/09/23 00:47:25.047, 1, 94756, 97871
2026/09/23 00:47:25.047, 2, 94756, 97871
2026/09/23 00:47:25.047, 3, 94747, 97871
2026/09/23 00:47:25.247, 0, 94748, 97871
2026/09/23 00:47:25.248, 1, 94756, 97871
2026/09/23 00:47:25.248, 2, 94756, 97871
2026/09/23 00:47:25.248, 3, 94747, 97871
2026/09/23 00:47:25.448, 0, 94748, 97871
2026/09/23 00:47:25.448, 1, 94756, 97871
2026/09/23 00:47:25.448, 2, 94756, 97871
2026/09/23 00:47:25.448, 3, 94747, 97871
2026/09/23 00:47:25.648, 0, 94748, 97871
2026/09/23 00:47:25.648, 1, 94756, 97871
2026/09/23 00:47:25.648, 2, 94756, 97871
2026/09/23 00:47:25.648, 3, 94747, 97871
2026/09/23 00:47:25.848, 0, 94748, 97871
2026/09/23 00:47:25.849, 1, 94756, 97871
2026/09/23 00:47:25.849, 2, 94756, 97871
2026/09/23 00:47:25.849, 3, 94747, 97871
2026/09/23 00:47:26.049, 0, 94748, 97871
2026/09/23 00:47:26.049, 1, 94756, 97871
2026/09/23 00:47:26.049, 2, 94756, 97871
2026/09/23 00:47:26.049, 3, 94747, 97871
2026/09/23 00:47:26.249, 0, 94748, 97871
2026/09/23 00:47:26.249, 1, 94756, 97871
2026/09/23 00:47:26.249, 2, 94756, 97871
2026/09/23 00:47:26.249, 3, 94747, 97871
2026/09/23 00:47:26.449, 0, 94748, 97871
2026/09/23 00:47:26.449, 1, 94756, 97871
2026/09/23 00:47:26.449, 2, 94756, 97871
2026/09/23 00:47:26.449, 3, 94747, 97871
2026/09/23 00:47:26.650, 0, 94748, 97871
2026/09/23 00:47:26.650, 1, 94756, 97871
2026/09/23 00:47:26.650, 2, 94756, 97871
2026/09/23 00:47:26.650, 3, 94747, 97871
2026/09/23 00:47:26.850, 0, 94748, 97871
2026/09/23 00:47:26.850, 1, 94756, 97871
2026/09/23 00:47:26.850, 2, 94756, 97871
2026/09/23 00:47:26.850, 3, 94747, 97871
2026/09/23 00:47:27.050, 0, 94748, 97871
2026/09/23 00:47:27.050, 1, 94756, 97871
2026/09/23 00:47:27.050, 2, 94756, 97871
2026/09/23 00:47:27.050, 3, 94747, 97871
2026/09/23 00:47:27.250, 0, 94748, 97871
2026/09/23 00:47:27.251, 1, 94756, 97871
2026/09/23 00:47:27.251, 2, 94756, 97871
2026/09/23 00:47:27.251, 3, 94747, 97871
2026/09/23 00:47:27.451, 0, 94748, 97871
2026/09/23 00:47:27.451, 1, 94756, 97871
2026/09/23 00:47:27.451, 2, 94756, 97871
2026/09/23 00:47:27.451, 3, 94747, 97871
2026/09/23 00:47:27.651, 0, 94748, 97871
2026/09/23 00:47:27.651, 1, 94756, 97871
2026/09/23 00:47:27.651, 2, 94756, 97871
2026/09/23 00:47:27.651, 3, 94747, 97871
2026/09/23 00:47:27.851, 0, 94748, 97871
2026/09/23 00:47:27.851, 1, 94756, 97871
2026/09/23 00:47:27.852, 2, 94756, 97871
2026/09/23 00:47:27.852, 3, 94747, 97871
2026/09/23 00:47:28.052, 0, 94748, 97871
2026/09/23 00:47:28.052, 1, 94756, 97871
2026/09/23 00:47:28.052, 2, 94756, 97871
2026/09/23 00:47:28.052, 3, 94747, 97871
2026/09/23 00:47:28.252, 0, 94748, 97871
2026/09/23 00:47:28.252, 1, 94756, 97871
2026/09/23 00:47:28.252, 2, 94756, 97871
2026/09/23 00:47:28.252, 3, 94747, 97871
2026/09/23 00:47:28.452, 0, 94748, 97871
2026/09/23 00:47:28.453, 1, 94756, 97871
2026/09/23 00:47:28.453, 2, 94756, 97871
2026/09/23 00:47:28.453, 3, 94747, 97871
2026/09/23 00:47:28.653, 0, 94748, 97871
2026/09/23 00:47:28.653, 1, 94756, 97871
2026/09/23 00:47:28.653, 2, 94756, 97871
2026/09/23 00:47:28.653, 3, 94747, 97871
2026/09/23 00:47:28.853, 0, 94748, 97871
2026/09/23 00:47:28.853, 1, 94756, 97871
2026/09/23 00:47:28.853, 2, 94756, 97871
2026/09/23 00:47:28.853, 3, 94747, 97871
2026/09/23 00:47:29.053, 0, 94748, 97871
2026/09/23 00:47:29.053, 1, 94756, 97871
2026/09/23 00:47:29.053, 2, 94756, 97871
2026/09/23 00:47:29.054, 3, 94747, 97871
2026/09/23 00:47:29.254, 0, 94748, 97871
2026/09/23 00:47:29.254, 1, 94756, 97871
2026/09/23 00:47:29.254, 2, 94756, 97871
2026/09/23 00:47:29.254, 3, 94747, 97871
2026/09/23 00:47:29.454, 0, 94748, 97871
2026/09/23 00:47:29.454, 1, 94756, 97871
2026/09/23 00:47:29.454, 2, 94756, 97871
2026/09/23 00:47:29.454, 3, 94747, 97871
2026/09/23 00:47:29.654, 0, 94748, 97871
2026/09/23 00:47:29.654, 1, 94756, 97871
2026/09/23 00:47:29.655, 2, 94756, 97871
2026/09/23 00:47:29.655, 3, 94747, 97871
2026/09/23 00:47:29.855, 0, 94748, 97871
2026/09/23 00:47:29.855, 1, 94756, 97871
2026/09/23 00:47:29.855, 2, 94756, 97871
2026/09/23 00:47:29.855, 3, 94747, 97871
2026/09/23 00:47:30.055, 0, 94748, 97871
2026/09/23 00:47:30.055, 1, 94756, 97871
2026/09/23 00:47:30.055, 2, 94756, 97871
2026/09/23 00:47:30.055, 3, 94747, 97871
2026/09/23 00:47:30.255, 0, 94748, 97871
2026/09/23 00:47:30.255, 1, 94756, 97871
2026/09/23 00:47:30.255, 2, 94756, 97871
2026/09/23 00:47:30.256, 3, 94747, 97871
2026/09/23 00:47:30.456, 0, 94748, 97871
2026/09/23 00:47:30.456, 1, 94756, 97871
2026/09/23 00:47:30.456, 2, 94756, 97871
2026/09/23 00:47:30.456, 3, 94747, 97871
2026/09/23 00:47:30.656, 0, 94748, 97871
2026/09/23 00:47:30.656, 1, 94756, 97871
2026/09/23 00:47:30.656, 2, 94756, 97871
2026/09/23 00:47:30.656, 3, 94747, 97871
2026/09/23 00:47:30.856, 0, 94748, 97871
2026/09/23 00:47:30.856, 1, 94756, 97871
2026/09/23 00:47:30.856, 2, 94756, 97871
2026/09/23 00:47:30.857, 3, 94747, 97871
2026/09/23 00:47:31.057, 0, 94748, 97871
2026/09/23 00:47:31.057, 1, 94756, 97871
2026/09/23 00:47:31.057, 2, 94756, 97871
2026/09/23 00:47:31.057, 3, 94747, 97871
2026/09/23 00:47:31.257, 0, 94748, 97871
2026/09/23 00:47:31.257, 1, 94756, 97871
2026/09/23 00:47:31.257, 2, 94756, 97871
2026/09/23 00:47:31.257, 3, 94747, 97871
2026/09/23 00:47:31.457, 0, 94748, 97871
2026/09/23 00:47:31.457, 1, 94756, 97871
2026/09/23 00:47:31.457, 2, 94756, 97871
2026/09/23 00:47:31.458, 3, 94747, 97871
2026/09/23 00:47:31.658, 0, 94748, 97871
2026/09/23 00:47:31.658, 1, 94756, 97871
2026/09/23 00:47:31.658, 2, 94756, 97871
2026/09/23 00:47:31.658, 3, 94747, 97871
2026/09/23 00:47:31.858, 0, 94748, 97871
2026/09/23 00:47:31.858, 1, 94756, 97871
2026/09/23 00:47:31.858, 2, 94756, 97871
2026/09/23 00:47:31.858, 3, 94747, 97871
2026/09/23 00:47:32.058, 0, 94748, 97871
2026/09/23 00:47:32.058, 1, 94756, 97871
2026/09/23 00:47:32.058, 2, 94756, 97871
2026/09/23 00:47:32.059, 3, 94747, 97871
2026/09/23 00:47:32.259, 0, 94748, 97871
2026/09/23 00:47:32.259, 1, 94756, 97871
2026/09/23 00:47:32.259, 2, 94756, 97871
2026/09/23 00:47:32.259, 3, 94747, 97871
2026/09/23 00:47:32.459, 0, 94748, 97871
2026/09/23 00:47:32.459, 1, 94756, 97871
2026/09/23 00:47:32.459, 2, 94756, 97871
2026/09/23 00:47:32.459, 3, 94747, 97871
2026/09/23 00:47:32.659, 0, 94748, 97871
2026/09/23 00:47:32.659, 1, 94756, 97871
2026/09/23 00:47:32.659, 2, 94756, 97871
2026/09/23 00:47:32.659, 3, 94747, 97871
2026/09/23 00:47:32.859, 0, 94748, 97871
2026/09/23 00:47:32.860, 1, 94756, 97871
2026/09/23 00:47:32.860, 2, 94756, 97871
2026/09/23 00:47:32.860, 3, 94747, 97871
2026/09/23 00:47:33.060, 0, 94748, 97871
2026/09/23 00:47:33.060, 1, 94756, 97871
2026/09/23 00:47:33.060, 2, 94756, 97871
2026/09/23 00:47:33.060, 3, 94747, 97871
2026/09/23 00:47:33.260, 0, 94748, 97871
2026/09/23 00:47:33.260, 1, 94756, 97871
2026/09/23 00:47:33.260, 2, 94756, 97871
2026/09/23 00:47:33.260, 3, 94747, 97871
2026/09/23 00:47:33.460, 0, 94748, 97871
2026/09/23 00:47:33.460, 1, 94756, 97871
2026/09/23 00:47:33.461, 2, 94756, 97871
2026/09/23 00:47:33.461, 3, 94747, 97871
2026/09/23 00:47:33.661, 0, 94748, 97871
2026/09/23 00:47:33.661, 1, 94756, 97871
2026/09/23 00:47:33.661, 2, 94756, 97871
2026/09/23 00:47:33.661, 3, 94747, 97871
2026/09/23 00:47:33.861, 0, 94748, 97871
2026/09/23 00:47:33.861, 1, 94756, 97871
2026/09/23 00:47:33.861, 2, 94756, 97871
2026/09/23 00:47:33.861, 3, 94747, 97871
2026/09/23 00:47:34.062, 0, 94748, 97871
2026/09/23 00:47:34.062, 1, 94756, 97871
2026/09/23 00:47:34.062, 2, 94756, 97871
2026/09/23 00:47:34.062, 3, 94747, 97871
2026/09/23 00:47:34.262, 0, 94748, 97871
2026/09/23 00:47:34.262, 1, 94756, 97871
2026/09/23 00:47:34.262, 2, 94756, 97871
2026/09/23 00:47:34.262, 3, 94747, 97871
2026/09/23 00:47:34.462, 0, 94748, 97871
2026/09/23 00:47:34.462, 1, 94756, 97871
2026/09/23 00:47:34.462, 2, 94756, 97871
2026/09/23 00:47:34.462, 3, 94747, 97871
2026/09/23 00:47:34.663, 0, 94748, 97871
2026/09/23 00:47:34.663, 1, 94756, 97871
2026/09/23 00:47:34.663, 2, 94756, 97871
2026/09/23 00:47:34.663, 3, 94747, 97871
2026/09/23 00:47:34.863, 0, 94748, 97871
2026/09/23 00:47:34.863, 1, 94756, 97871
2026/09/23 00:47:34.863, 2, 94756, 97871
2026/09/23 00:47:34.863, 3, 94747, 97871
2026/09/23 00:47:35.063, 0, 94748, 97871
2026/09/23 00:47:35.063, 1, 94756, 97871
2026/09/23 00:47:35.064, 2, 94756, 97871
2026/09/23 00:47:35.064, 3, 94747, 97871
2026/09/23 00:47:35.264, 0, 94748, 97871
2026/09/23 00:47:35.264, 1, 94756, 97871
2026/09/23 00:47:35.264, 2, 94756, 97871
2026/09/23 00:47:35.264, 3, 94747, 97871
2026/09/23 00:47:35.464, 0, 94748, 97871
2026/09/23 00:47:35.464, 1, 94756, 97871
2026/09/23 00:47:35.464, 2, 94756, 97871
2026/09/23 00:47:35.464, 3, 94747, 97871
2026/09/23 00:47:35.664, 0, 94748, 97871
2026/09/23 00:47:35.664, 1, 94756, 97871
2026/09/23 00:47:35.664, 2, 94756, 97871
2026/09/23 00:47:35.665, 3, 94747, 97871
2026/09/23 00:47:35.865, 0, 94748, 97871
2026/09/23 00:47:35.865, 1, 94756, 97871
2026/09/23 00:47:35.865, 2, 94756, 97871
2026/09/23 00:47:35.865, 3, 94747, 97871
2026/09/23 00:47:36.065, 0, 94748, 97871
2026/09/23 00:47:36.065, 1, 94756, 97871
2026/09/23 00:47:36.065, 2, 94756, 97871
2026/09/23 00:47:36.065, 3, 94747, 97871
2026/09/23 00:47:36.265, 0, 94748, 97871
2026/09/23 00:47:36.265, 1, 94756, 97871
2026/09/23 00:47:36.266, 2, 94756, 97871
2026/09/23 00:47:36.266, 3, 94747, 97871
2026/09/23 00:47:36.466, 0, 94748, 97871
2026/09/23 00:47:36.466, 1, 94756, 97871
2026/09/23 00:47:36.466, 2, 94756, 97871
2026/09/23 00:47:36.466, 3, 94747, 97871
2026/09/23 00:47:36.666, 0, 94748, 97871
2026/09/23 00:47:36.666, 1, 94756, 97871
2026/09/23 00:47:36.666, 2, 94756, 97871
2026/09/23 00:47:36.666, 3, 94747, 97871
2026/09/23 00:47:36.866, 0, 94748, 97871
2026/09/23 00:47:36.867, 1, 94756, 97871
2026/09/23 00:47:36.867, 2, 94756, 97871
2026/09/23 00:47:36.867, 3, 94747, 97871
2026/09/23 00:47:37.067, 0, 94748, 97871
2026/09/23 00:47:37.067, 1, 94756, 97871
2026/09/23 00:47:37.067, 2, 94756, 97871
2026/09/23 00:47:37.067, 3, 94747, 97871
2026/09/23 00:47:37.267, 0, 94748, 97871
2026/09/23 00:47:37.267, 1, 94756, 97871
2026/09/23 00:47:37.267, 2, 94756, 97871
2026/09/23 00:47:37.267, 3, 94747, 97871
2026/09/23 00:47:37.467, 0, 94748, 97871
2026/09/23 00:47:37.468, 1, 94756, 97871
2026/09/23 00:47:37.468, 2, 94756, 97871
2026/09/23 00:47:37.468, 3, 94747, 97871
2026/09/23 00:47:37.668, 0, 94748, 97871
2026/09/23 00:47:37.668, 1, 94756, 97871
2026/09/23 00:47:37.668, 2, 94756, 97871
2026/09/23 00:47:37.668, 3, 94747, 97871
2026/09/23 00:47:37.868, 0, 94748, 97871
2026/09/23 00:47:37.868, 1, 94756, 97871
2026/09/23 00:47:37.868, 2, 94756, 97871
2026/09/23 00:47:37.868, 3, 94747, 97871
2026/09/23 00:47:38.068, 0, 94748, 97871
2026/09/23 00:47:38.068, 1, 94756, 97871
2026/09/23 00:47:38.069, 2, 94756, 97871
2026/09/23 00:47:38.069, 3, 94747, 97871
2026/09/23 00:47:38.269, 0, 94748, 97871
2026/09/23 00:47:38.269, 1, 94756, 97871
2026/09/23 00:47:38.269, 2, 94756, 97871
2026/09/23 00:47:38.269, 3, 94747, 97871
2026/09/23 00:47:38.469, 0, 94748, 97871
2026/09/23 00:47:38.469, 1, 94756, 97871
2026/09/23 00:47:38.469, 2, 94756, 97871
2026/09/23 00:47:38.469, 3, 94747, 97871
2026/09/23 00:47:38.670, 0, 94748, 97871
2026/09/23 00:47:38.670, 1, 94756, 97871
2026/09/23 00:47:38.670, 2, 94756, 97871
2026/09/23 00:47:38.670, 3, 94747, 97871
2026/09/23 00:47:38.870, 0, 94748, 97871
2026/09/23 00:47:38.870, 1, 94756, 97871
2026/09/23 00:47:38.870, 2, 94756, 97871
2026/09/23 00:47:38.870, 3, 94747, 97871
2026/09/23 00:47:39.070, 0, 94748, 97871
2026/09/23 00:47:39.070, 1, 94756, 97871
2026/09/23 00:47:39.071, 2, 94756, 97871
2026/09/23 00:47:39.071, 3, 94747, 97871
2026/09/23 00:47:39.271, 0, 94748, 97871
2026/09/23 00:47:39.271, 1, 94756, 97871
2026/09/23 00:47:39.271, 2, 94756, 97871
2026/09/23 00:47:39.271, 3, 94747, 97871
2026/09/23 00:47:39.471, 0, 94748, 97871
2026/09/23 00:47:39.471, 1, 94756, 97871
2026/09/23 00:47:39.471, 2, 94756, 97871
2026/09/23 00:47:39.471, 3, 94747, 97871
2026/09/23 00:47:39.671, 0, 94748, 97871
2026/09/23 00:47:39.672, 1, 94756, 97871
2026/09/23 00:47:39.672, 2, 94756, 97871
2026/09/23 00:47:39.672, 3, 94747, 97871
2026/09/23 00:47:39.872, 0, 94748, 97871
2026/09/23 00:47:39.872, 1, 94756, 97871
2026/09/23 00:47:39.872, 2, 94756, 97871
2026/09/23 00:47:39.872, 3, 94747, 97871
2026/09/23 00:47:40.072, 0, 94748, 97871
2026/09/23 00:47:40.072, 1, 94756, 97871
2026/09/23 00:47:40.072, 2, 94756, 97871
2026/09/23 00:47:40.072, 3, 94747, 97871
2026/09/23 00:47:40.273, 0, 94748, 97871
2026/09/23 00:47:40.273, 1, 94756, 97871
2026/09/23 00:47:40.273, 2, 94756, 97871
2026/09/23 00:47:40.273, 3, 94747, 97871
2026/09/23 00:47:40.473, 0, 94748, 97871
2026/09/23 00:47:40.473, 1, 94756, 97871
2026/09/23 00:47:40.473, 2, 94756, 97871
2026/09/23 00:47:40.473, 3, 94747, 97871
2026/09/23 00:47:40.673, 0, 94748, 97871
2026/09/23 00:47:40.673, 1, 94756, 97871
2026/09/23 00:47:40.673, 2, 94756, 97871
2026/09/23 00:47:40.674, 3, 94747, 97871
2026/09/23 00:47:40.874, 0, 94748, 97871
2026/09/23 00:47:40.874, 1, 94756, 97871
2026/09/23 00:47:40.874, 2, 94756, 97871
2026/09/23 00:47:40.874, 3, 94747, 97871
2026/09/23 00:47:41.074, 0, 94748, 97871
2026/09/23 00:47:41.074, 1, 94756, 97871
2026/09/23 00:47:41.074, 2, 94756, 97871
2026/09/23 00:47:41.074, 3, 94747, 97871
2026/09/23 00:47:41.274, 0, 94748, 97871
2026/09/23 00:47:41.274, 1, 94756, 97871
2026/09/23 00:47:41.275, 2, 94756, 97871
2026/09/23 00:47:41.275, 3, 94747, 97871
2026/09/23 00:47:41.475, 0, 94748, 97871
2026/09/23 00:47:41.475, 1, 94756, 97871
2026/09/23 00:47:41.475, 2, 94756, 97871
2026/09/23 00:47:41.475, 3, 94747, 97871
2026/09/23 00:47:41.675, 0, 94748, 97871
2026/09/23 00:47:41.675, 1, 94756, 97871
2026/09/23 00:47:41.675, 2, 94756, 97871
2026/09/23 00:47:41.675, 3, 94747, 97871
2026/09/23 00:47:41.875, 0, 94748, 97871
2026/09/23 00:47:41.875, 1, 94756, 97871
2026/09/23 00:47:41.875, 2, 94756, 97871
2026/09/23 00:47:41.876, 3, 94747, 97871
2026/09/23 00:47:42.076, 0, 94748, 97871
2026/09/23 00:47:42.076, 1, 94756, 97871
2026/09/23 00:47:42.076, 2, 94756, 97871
2026/09/23 00:47:42.076, 3, 94747, 97871
2026/09/23 00:47:42.276, 0, 94748, 97871
2026/09/23 00:47:42.276, 1, 94756, 97871
2026/09/23 00:47:42.276, 2, 94756, 97871
2026/09/23 00:47:42.276, 3, 94747, 97871
2026/09/23 00:47:42.477, 0, 94748, 97871
2026/09/23 00:47:42.477, 1, 94756, 97871
2026/09/23 00:47:42.477, 2, 94756, 97871
2026/09/23 00:47:42.477, 3, 94747, 97871
2026/09/23 00:47:42.677, 0, 94748, 97871
2026/09/23 00:47:42.677, 1, 94756, 97871
2026/09/23 00:47:42.677, 2, 94756, 97871
2026/09/23 00:47:42.677, 3, 94747, 97871
2026/09/23 00:47:42.877, 0, 94748, 97871
2026/09/23 00:47:42.877, 1, 94756, 97871
2026/09/23 00:47:42.878, 2, 94756, 97871
2026/09/23 00:47:42.878, 3, 94747, 97871
2026/09/23 00:47:43.078, 0, 94748, 97871
2026/09/23 00:47:43.078, 1, 94756, 97871
2026/09/23 00:47:43.078, 2, 94756, 97871
2026/09/23 00:47:43.078, 3, 94747, 97871
2026/09/23 00:47:43.278, 0, 94748, 97871
2026/09/23 00:47:43.278, 1, 94756, 97871
2026/09/23 00:47:43.278, 2, 94756, 97871
2026/09/23 00:47:43.278, 3, 94747, 97871
2026/09/23 00:47:43.478, 0, 94748, 97871
2026/09/23 00:47:43.479, 1, 94756, 97871
2026/09/23 00:47:43.479, 2, 94756, 97871
2026/09/23 00:47:43.479, 3, 94747, 97871
2026/09/23 00:47:43.679, 0, 94748, 97871
2026/09/23 00:47:43.679, 1, 94756, 97871
2026/09/23 00:47:43.679, 2, 94756, 97871
2026/09/23 00:47:43.679, 3, 94747, 97871
2026/09/23 00:47:43.879, 0, 94748, 97871
2026/09/23 00:47:43.879, 1, 94756, 97871
2026/09/23 00:47:43.879, 2, 94756, 97871
2026/09/23 00:47:43.879, 3, 94747, 97871
2026/09/23 00:47:44.079, 0, 94748, 97871
2026/09/23 00:47:44.079, 1, 94756, 97871
2026/09/23 00:47:44.080, 2, 94756, 97871
2026/09/23 00:47:44.080, 3, 94747, 97871
2026/09/23 00:47:44.280, 0, 94748, 97871
2026/09/23 00:47:44.280, 1, 94756, 97871
2026/09/23 00:47:44.280, 2, 94756, 97871
2026/09/23 00:47:44.280, 3, 94747, 97871
2026/09/23 00:47:44.480, 0, 94748, 97871
2026/09/23 00:47:44.480, 1, 94756, 97871
2026/09/23 00:47:44.480, 2, 94756, 97871
2026/09/23 00:47:44.480, 3, 94747, 97871
2026/09/23 00:47:44.680, 0, 94748, 97871
2026/09/23 00:47:44.681, 1, 94756, 97871
2026/09/23 00:47:44.681, 2, 94756, 97871
2026/09/23 00:47:44.681, 3, 94747, 97871
2026/09/23 00:47:44.881, 0, 94748, 97871
2026/09/23 00:47:44.881, 1, 94756, 97871
2026/09/23 00:47:44.881, 2, 94756, 97871
2026/09/23 00:47:44.881, 3, 94747, 97871
2026/09/23 00:47:45.081, 0, 94748, 97871
2026/09/23 00:47:45.081, 1, 94756, 97871
2026/09/23 00:47:45.081, 2, 94756, 97871
2026/09/23 00:47:45.081, 3, 94747, 97871
2026/09/23 00:47:45.281, 0, 94748, 97871
2026/09/23 00:47:45.281, 1, 94756, 97871
2026/09/23 00:47:45.281, 2, 94756, 97871
2026/09/23 00:47:45.281, 3, 94747, 97871
2026/09/23 00:47:45.482, 0, 94748, 97871
2026/09/23 00:47:45.482, 1, 94756, 97871
2026/09/23 00:47:45.482, 2, 94756, 97871
2026/09/23 00:47:45.482, 3, 94747, 97871
2026/09/23 00:47:45.682, 0, 94748, 97871
2026/09/23 00:47:45.682, 1, 94756, 97871
2026/09/23 00:47:45.682, 2, 94756, 97871
2026/09/23 00:47:45.682, 3, 94747, 97871
2026/09/23 00:47:45.882, 0, 94748, 97871
2026/09/23 00:47:45.882, 1, 94756, 97871
2026/09/23 00:47:45.882, 2, 94756, 97871
2026/09/23 00:47:45.883, 3, 94747, 97871
2026/09/23 00:47:46.083, 0, 94748, 97871
2026/09/23 00:47:46.083, 1, 94756, 97871
2026/09/23 00:47:46.083, 2, 94756, 97871
2026/09/23 00:47:46.083, 3, 94747, 97871
2026/09/23 00:47:46.283, 0, 94748, 97871
2026/09/23 00:47:46.283, 1, 94756, 97871
2026/09/23 00:47:46.283, 2, 94756, 97871
2026/09/23 00:47:46.283, 3, 94747, 97871
2026/09/23 00:47:46.483, 0, 94748, 97871
2026/09/23 00:47:46.483, 1, 94756, 97871
2026/09/23 00:47:46.483, 2, 94756, 97871
2026/09/23 00:47:46.483, 3, 94747, 97871
2026/09/23 00:47:46.683, 0, 94748, 97871
2026/09/23 00:47:46.684, 1, 94756, 97871
2026/09/23 00:47:46.684, 2, 94756, 97871
2026/09/23 00:47:46.684, 3, 94747, 97871
2026/09/23 00:47:46.884, 0, 94748, 97871
2026/09/23 00:47:46.884, 1, 94756, 97871
2026/09/23 00:47:46.884, 2, 94756, 97871
2026/09/23 00:47:46.884, 3, 94747, 97871
2026/09/23 00:47:47.084, 0, 94748, 97871
2026/09/23 00:47:47.084, 1, 94756, 97871
2026/09/23 00:47:47.084, 2, 94756, 97871
2026/09/23 00:47:47.084, 3, 94747, 97871
2026/09/23 00:47:47.284, 0, 94748, 97871
2026/09/23 00:47:47.285, 1, 94756, 97871
2026/09/23 00:47:47.285, 2, 94756, 97871
2026/09/23 00:47:47.285, 3, 94747, 97871
2026/09/23 00:47:47.485, 0, 94748, 97871
2026/09/23 00:47:47.485, 1, 94756, 97871
2026/09/23 00:47:47.485, 2, 94756, 97871
2026/09/23 00:47:47.485, 3, 94747, 97871
2026/09/23 00:47:47.685, 0, 94748, 97871
2026/09/23 00:47:47.685, 1, 94756, 97871
2026/09/23 00:47:47.685, 2, 94756, 97871
2026/09/23 00:47:47.685, 3, 94747, 97871
2026/09/23 00:47:47.886, 0, 94748, 97871
2026/09/23 00:47:47.886, 1, 94756, 97871
2026/09/23 00:47:47.886, 2, 94756, 97871
2026/09/23 00:47:47.886, 3, 94747, 97871
2026/09/23 00:47:48.086, 0, 94748, 97871
2026/09/23 00:47:48.086, 1, 94756, 97871
2026/09/23 00:47:48.086, 2, 94756, 97871
2026/09/23 00:47:48.086, 3, 94747, 97871
2026/09/23 00:47:48.286, 0, 94748, 97871
2026/09/23 00:47:48.287, 1, 94756, 97871
2026/09/23 00:47:48.287, 2, 94756, 97871
2026/09/23 00:47:48.287, 3, 94747, 97871
2026/09/23 00:47:48.487, 0, 94748, 97871
2026/09/23 00:47:48.487, 1, 94756, 97871
2026/09/23 00:47:48.487, 2, 94756, 97871
2026/09/23 00:47:48.487, 3, 94747, 97871
2026/09/23 00:47:48.687, 0, 94748, 97871
2026/09/23 00:47:48.687, 1, 94756, 97871
2026/09/23 00:47:48.687, 2, 94756, 97871
2026/09/23 00:47:48.687, 3, 94747, 97871
2026/09/23 00:47:48.887, 0, 94748, 97871
2026/09/23 00:47:48.888, 1, 94756, 97871
2026/09/23 00:47:48.888, 2, 94756, 97871
2026/09/23 00:47:48.888, 3, 94747, 97871
2026/09/23 00:47:49.088, 0, 94748, 97871
2026/09/23 00:47:49.088, 1, 94756, 97871
2026/09/23 00:47:49.088, 2, 94756, 97871
2026/09/23 00:47:49.088, 3, 94747, 97871
2026/09/23 00:47:49.288, 0, 94748, 97871
2026/09/23 00:47:49.288, 1, 94756, 97871
2026/09/23 00:47:49.288, 2, 94756, 97871
2026/09/23 00:47:49.289, 3, 94747, 97871
2026/09/23 00:47:49.489, 0, 94748, 97871
2026/09/23 00:47:49.489, 1, 94756, 97871
2026/09/23 00:47:49.489, 2, 94756, 97871
2026/09/23 00:47:49.489, 3, 94747, 97871
2026/09/23 00:47:49.689, 0, 94748, 97871
2026/09/23 00:47:49.689, 1, 94756, 97871
2026/09/23 00:47:49.689, 2, 94756, 97871
2026/09/23 00:47:49.689, 3, 94747, 97871
2026/09/23 00:47:49.889, 0, 94748, 97871
2026/09/23 00:47:49.889, 1, 94756, 97871
2026/09/23 00:47:49.889, 2, 94756, 97871
2026/09/23 00:47:49.889, 3, 94747, 97871
2026/09/23 00:47:50.090, 0, 94748, 97871
2026/09/23 00:47:50.090, 1, 94756, 97871
2026/09/23 00:47:50.090, 2, 94756, 97871
2026/09/23 00:47:50.090, 3, 94747, 97871
2026/09/23 00:47:50.290, 0, 94748, 97871
2026/09/23 00:47:50.290, 1, 94756, 97871
2026/09/23 00:47:50.290, 2, 94756, 97871
2026/09/23 00:47:50.290, 3, 94747, 97871
2026/09/23 00:47:50.490, 0, 94748, 97871
2026/09/23 00:47:50.490, 1, 94756, 97871
2026/09/23 00:47:50.490, 2, 94756, 97871
2026/09/23 00:47:50.490, 3, 94747, 97871
2026/09/23 00:47:50.691, 0, 94748, 97871
2026/09/23 00:47:50.691, 1, 94756, 97871
2026/09/23 00:47:50.691, 2, 94756, 97871
2026/09/23 00:47:50.691, 3, 94747, 97871
2026/09/23 00:47:50.891, 0, 94748, 97871
2026/09/23 00:47:50.891, 1, 94756, 97871
2026/09/23 00:47:50.891, 2, 94756, 97871
2026/09/23 00:47:50.891, 3, 94747, 97871
2026/09/23 00:47:51.091, 0, 94748, 97871
2026/09/23 00:47:51.091, 1, 94756, 97871
2026/09/23 00:47:51.091, 2, 94756, 97871
2026/09/23 00:47:51.091, 3, 94747, 97871
2026/09/23 00:47:51.292, 0, 94748, 97871
2026/09/23 00:47:51.292, 1, 94756, 97871
2026/09/23 00:47:51.292, 2, 94756, 97871
2026/09/23 00:47:51.292, 3, 94747, 97871
2026/09/23 00:47:51.492, 0, 94748, 97871
2026/09/23 00:47:51.492, 1, 94756, 97871
2026/09/23 00:47:51.492, 2, 94756, 97871
2026/09/23 00:47:51.492, 3, 94747, 97871
2026/09/23 00:47:51.692, 0, 94748, 97871
2026/09/23 00:47:51.692, 1, 94756, 97871
2026/09/23 00:47:51.692, 2, 94756, 97871
2026/09/23 00:47:51.692, 3, 94747, 97871
2026/09/23 00:47:51.893, 0, 94748, 97871
2026/09/23 00:47:51.893, 1, 94756, 97871
2026/09/23 00:47:51.893, 2, 94756, 97871
2026/09/23 00:47:51.893, 3, 94747, 97871
2026/09/23 00:47:52.093, 0, 94748, 97871
2026/09/23 00:47:52.093, 1, 94756, 97871
2026/09/23 00:47:52.093, 2, 94756, 97871
2026/09/23 00:47:52.093, 3, 94747, 97871
2026/09/23 00:47:52.293, 0, 94748, 97871
2026/09/23 00:47:52.293, 1, 94756, 97871
2026/09/23 00:47:52.293, 2, 94756, 97871
2026/09/23 00:47:52.293, 3, 94747, 97871
2026/09/23 00:47:52.494, 0, 94748, 97871
2026/09/23 00:47:52.494, 1, 94756, 97871
2026/09/23 00:47:52.494, 2, 94756, 97871
2026/09/23 00:47:52.494, 3, 94747, 97871
2026/09/23 00:47:52.694, 0, 94748, 97871
2026/09/23 00:47:52.694, 1, 94756, 97871
2026/09/23 00:47:52.694, 2, 94756, 97871
2026/09/23 00:47:52.694, 3, 94747, 97871
2026/09/23 00:47:52.894, 0, 94748, 97871
2026/09/23 00:47:52.894, 1, 94756, 97871
2026/09/23 00:47:52.895, 2, 94756, 97871
2026/09/23 00:47:52.895, 3, 94747, 97871
2026/09/23 00:47:53.095, 0, 94748, 97871
2026/09/23 00:47:53.095, 1, 94756, 97871
2026/09/23 00:47:53.095, 2, 94756, 97871
2026/09/23 00:47:53.095, 3, 94747, 97871
2026/09/23 00:47:53.295, 0, 94748, 97871
2026/09/23 00:47:53.295, 1, 94756, 97871
2026/09/23 00:47:53.295, 2, 94756, 97871
2026/09/23 00:47:53.295, 3, 94747, 97871
2026/09/23 00:47:53.496, 0, 94748, 97871
2026/09/23 00:47:53.496, 1, 94756, 97871
2026/09/23 00:47:53.496, 2, 94756, 97871
2026/09/23 00:47:53.496, 3, 94747, 97871
2026/09/23 00:47:53.696, 0, 94748, 97871
2026/09/23 00:47:53.696, 1, 94756, 97871
2026/09/23 00:47:53.696, 2, 94756, 97871
2026/09/23 00:47:53.696, 3, 94747, 97871
2026/09/23 00:47:53.896, 0, 94748, 97871
2026/09/23 00:47:53.896, 1, 94756, 97871
2026/09/23 00:47:53.896, 2, 94756, 97871
2026/09/23 00:47:53.896, 3, 94747, 97871
2026/09/23 00:47:54.097, 0, 94748, 97871
2026/09/23 00:47:54.097, 1, 94756, 97871
2026/09/23 00:47:54.097, 2, 94756, 97871
2026/09/23 00:47:54.097, 3, 94747, 97871
2026/09/23 00:47:54.297, 0, 94748, 97871
2026/09/23 00:47:54.297, 1, 94756, 97871
2026/09/23 00:47:54.297, 2, 94756, 97871
2026/09/23 00:47:54.297, 3, 94747, 97871
2026/09/23 00:47:54.497, 0, 94748, 97871
2026/09/23 00:47:54.497, 1, 94756, 97871
2026/09/23 00:47:54.497, 2, 94756, 97871
2026/09/23 00:47:54.497, 3, 94747, 97871
2026/09/23 00:47:54.698, 0, 94748, 97871
2026/09/23 00:47:54.698, 1, 94756, 97871
2026/09/23 00:47:54.698, 2, 94756, 97871
2026/09/23 00:47:54.698, 3, 94747, 97871
2026/09/23 00:47:54.898, 0, 94748, 97871
2026/09/23 00:47:54.898, 1, 94756, 97871
2026/09/23 00:47:54.898, 2, 94756, 97871
2026/09/23 00:47:54.898, 3, 94747, 97871
2026/09/23 00:47:55.098, 0, 94748, 97871
2026/09/23 00:47:55.098, 1, 94756, 97871
2026/09/23 00:47:55.098, 2, 94756, 97871
2026/09/23 00:47:55.098, 3, 94747, 97871
2026/09/23 00:47:55.298, 0, 94748, 97871
2026/09/23 00:47:55.298, 1, 94756, 97871
2026/09/23 00:47:55.299, 2, 94756, 97871
2026/09/23 00:47:55.299, 3, 94747, 97871
2026/09/23 00:47:55.499, 0, 94748, 97871
2026/09/23 00:47:55.499, 1, 94756, 97871
2026/09/23 00:47:55.499, 2, 94756, 97871
2026/09/23 00:47:55.499, 3, 94747, 97871
2026/09/23 00:47:55.699, 0, 94748, 97871
2026/09/23 00:47:55.699, 1, 94756, 97871
2026/09/23 00:47:55.699, 2, 94756, 97871
2026/09/23 00:47:55.699, 3, 94747, 97871
2026/09/23 00:47:55.899, 0, 94748, 97871
2026/09/23 00:47:55.899, 1, 94756, 97871
2026/09/23 00:47:55.899, 2, 94756, 97871
2026/09/23 00:47:55.899, 3, 94747, 97871
2026/09/23 00:47:56.100, 0, 94748, 97871
2026/09/23 00:47:56.100, 1, 94756, 97871
2026/09/23 00:47:56.100, 2, 94756, 97871
2026/09/23 00:47:56.100, 3, 94747, 97871
2026/09/23 00:47:56.300, 0, 94748, 97871
2026/09/23 00:47:56.300, 1, 94756, 97871
2026/09/23 00:47:56.300, 2, 94756, 97871
2026/09/23 00:47:56.300, 3, 94747, 97871
2026/09/23 00:47:56.500, 0, 94748, 97871
2026/09/23 00:47:56.500, 1, 94756, 97871
2026/09/23 00:47:56.500, 2, 94756, 97871
2026/09/23 00:47:56.500, 3, 94747, 97871
2026/09/23 00:47:56.700, 0, 94748, 97871
2026/09/23 00:47:56.701, 1, 94756, 97871
2026/09/23 00:47:56.701, 2, 94756, 97871
2026/09/23 00:47:56.701, 3, 94747, 97871
2026/09/23 00:47:56.901, 0, 94748, 97871
2026/09/23 00:47:56.901, 1, 94756, 97871
2026/09/23 00:47:56.901, 2, 94756, 97871
2026/09/23 00:47:56.901, 3, 94747, 97871
2026/09/23 00:47:57.101, 0, 94748, 97871
2026/09/23 00:47:57.101, 1, 94756, 97871
2026/09/23 00:47:57.101, 2, 94756, 97871
2026/09/23 00:47:57.101, 3, 94747, 97871
2026/09/23 00:47:57.301, 0, 94748, 97871
2026/09/23 00:47:57.302, 1, 94756, 97871
2026/09/23 00:47:57.302, 2, 94756, 97871
2026/09/23 00:47:57.302, 3, 94747, 97871
2026/09/23 00:47:57.502, 0, 94748, 97871
2026/09/23 00:47:57.502, 1, 94756, 97871
2026/09/23 00:47:57.502, 2, 94756, 97871
2026/09/23 00:47:57.502, 3, 94747, 97871
2026/09/23 00:47:57.702, 0, 94748, 97871
2026/09/23 00:47:57.702, 1, 94756, 97871
2026/09/23 00:47:57.702, 2, 94756, 97871
2026/09/23 00:47:57.702, 3, 94747, 97871
2026/09/23 00:47:57.902, 0, 94748, 97871
2026/09/23 00:47:57.902, 1, 94756, 97871
2026/09/23 00:47:57.903, 2, 94756, 97871
2026/09/23 00:47:57.903, 3, 94747, 97871
2026/09/23 00:47:58.103, 0, 94748, 97871
2026/09/23 00:47:58.103, 1, 94756, 97871
2026/09/23 00:47:58.103, 2, 94756, 97871
2026/09/23 00:47:58.103, 3, 94747, 97871
2026/09/23 00:47:58.303, 0, 94748, 97871
2026/09/23 00:47:58.303, 1, 94756, 97871
2026/09/23 00:47:58.303, 2, 94756, 97871
2026/09/23 00:47:58.303, 3, 94747, 97871
2026/09/23 00:47:58.503, 0, 94748, 97871
2026/09/23 00:47:58.504, 1, 94756, 97871
2026/09/23 00:47:58.504, 2, 94756, 97871
2026/09/23 00:47:58.504, 3, 94747, 97871
2026/09/23 00:47:58.704, 0, 94748, 97871
2026/09/23 00:47:58.704, 1, 94756, 97871
2026/09/23 00:47:58.704, 2, 94756, 97871
2026/09/23 00:47:58.704, 3, 94747, 97871
2026/09/23 00:47:58.904, 0, 94748, 97871
2026/09/23 00:47:58.904, 1, 94756, 97871
2026/09/23 00:47:58.904, 2, 94756, 97871
2026/09/23 00:47:58.904, 3, 94747, 97871
2026/09/23 00:47:59.104, 0, 94748, 97871
2026/09/23 00:47:59.104, 1, 94756, 97871
2026/09/23 00:47:59.105, 2, 94756, 97871
2026/09/23 00:47:59.105, 3, 94747, 97871
2026/09/23 00:47:59.305, 0, 94748, 97871
2026/09/23 00:47:59.305, 1, 94756, 97871
2026/09/23 00:47:59.305, 2, 94756, 97871
2026/09/23 00:47:59.305, 3, 94747, 97871
2026/09/23 00:47:59.505, 0, 94748, 97871
2026/09/23 00:47:59.505, 1, 94756, 97871
2026/09/23 00:47:59.505, 2, 94756, 97871
2026/09/23 00:47:59.505, 3, 94747, 97871
2026/09/23 00:47:59.705, 0, 94748, 97871
2026/09/23 00:47:59.705, 1, 94756, 97871
2026/09/23 00:47:59.706, 2, 94756, 97871
2026/09/23 00:47:59.706, 3, 94747, 97871
2026/09/23 00:47:59.906, 0, 94748, 97871
2026/09/23 00:47:59.906, 1, 94756, 97871
2026/09/23 00:47:59.906, 2, 94756, 97871
2026/09/23 00:47:59.906, 3, 94747, 97871
2026/09/23 00:48:00.106, 0, 94748, 97871
2026/09/23 00:48:00.106, 1, 94756, 97871
2026/09/23 00:48:00.106, 2, 94756, 97871
2026/09/23 00:48:00.106, 3, 94747, 97871
2026/09/23 00:48:00.306, 0, 94748, 97871
2026/09/23 00:48:00.307, 1, 94756, 97871
2026/09/23 00:48:00.307, 2, 94756, 97871
2026/09/23 00:48:00.307, 3, 94747, 97871
2026/09/23 00:48:00.507, 0, 94748, 97871
2026/09/23 00:48:00.507, 1, 94756, 97871
2026/09/23 00:48:00.507, 2, 94756, 97871
2026/09/23 00:48:00.507, 3, 94747, 97871
2026/09/23 00:48:00.707, 0, 94748, 97871
2026/09/23 00:48:00.707, 1, 94756, 97871
2026/09/23 00:48:00.707, 2, 94756, 97871
2026/09/23 00:48:00.707, 3, 94747, 97871
2026/09/23 00:48:00.907, 0, 94748, 97871
2026/09/23 00:48:00.907, 1, 94756, 97871
2026/09/23 00:48:00.908, 2, 94756, 97871
2026/09/23 00:48:00.908, 3, 94747, 97871
2026/09/23 00:48:01.108, 0, 94748, 97871
2026/09/23 00:48:01.108, 1, 94756, 97871
2026/09/23 00:48:01.108, 2, 94756, 97871
2026/09/23 00:48:01.108, 3, 94747, 97871
2026/09/23 00:48:01.308, 0, 94748, 97871
2026/09/23 00:48:01.308, 1, 94756, 97871
2026/09/23 00:48:01.308, 2, 94756, 97871
2026/09/23 00:48:01.308, 3, 94747, 97871
2026/09/23 00:48:01.508, 0, 94748, 97871
2026/09/23 00:48:01.508, 1, 94756, 97871
2026/09/23 00:48:01.509, 2, 94756, 97871
2026/09/23 00:48:01.509, 3, 94747, 97871
2026/09/23 00:48:01.709, 0, 94748, 97871
2026/09/23 00:48:01.709, 1, 94756, 97871
2026/09/23 00:48:01.709, 2, 94756, 97871
2026/09/23 00:48:01.709, 3, 94747, 97871
2026/09/23 00:48:01.909, 0, 94748, 97871
2026/09/23 00:48:01.909, 1, 94756, 97871
2026/09/23 00:48:01.909, 2, 94756, 97871
2026/09/23 00:48:01.909, 3, 94747, 97871
2026/09/23 00:48:02.109, 0, 94748, 97871
2026/09/23 00:48:02.109, 1, 94756, 97871
2026/09/23 00:48:02.109, 2, 94756, 97871
2026/09/23 00:48:02.109, 3, 94747, 97871
2026/09/23 00:48:02.310, 0, 94748, 97871
2026/09/23 00:48:02.310, 1, 94756, 97871
2026/09/23 00:48:02.310, 2, 94756, 97871
2026/09/23 00:48:02.310, 3, 94747, 97871
2026/09/23 00:48:02.510, 0, 94748, 97871
2026/09/23 00:48:02.510, 1, 94756, 97871
2026/09/23 00:48:02.510, 2, 94756, 97871
2026/09/23 00:48:02.510, 3, 94747, 97871
2026/09/23 00:48:02.710, 0, 94748, 97871
2026/09/23 00:48:02.710, 1, 94756, 97871
2026/09/23 00:48:02.710, 2, 94756, 97871
2026/09/23 00:48:02.710, 3, 94747, 97871
2026/09/23 00:48:02.911, 0, 94748, 97871
2026/09/23 00:48:02.911, 1, 94756, 97871
2026/09/23 00:48:02.911, 2, 94756, 97871
2026/09/23 00:48:02.911, 3, 94747, 97871
2026/09/23 00:48:03.111, 0, 94748, 97871
2026/09/23 00:48:03.111, 1, 94756, 97871
2026/09/23 00:48:03.111, 2, 94756, 97871
2026/09/23 00:48:03.111, 3, 94747, 97871
2026/09/23 00:48:03.311, 0, 94748, 97871
2026/09/23 00:48:03.311, 1, 94756, 97871
2026/09/23 00:48:03.311, 2, 94756, 97871
2026/09/23 00:48:03.311, 3, 94747, 97871
2026/09/23 00:48:03.511, 0, 94748, 97871
2026/09/23 00:48:03.511, 1, 94756, 97871
2026/09/23 00:48:03.512, 2, 94756, 97871
2026/09/23 00:48:03.512, 3, 94747, 97871
2026/09/23 00:48:03.712, 0, 94748, 97871
2026/09/23 00:48:03.712, 1, 94756, 97871
2026/09/23 00:48:03.712, 2, 94756, 97871
2026/09/23 00:48:03.712, 3, 94747, 97871
2026/09/23 00:48:03.912, 0, 94748, 97871
2026/09/23 00:48:03.912, 1, 94756, 97871
2026/09/23 00:48:03.912, 2, 94756, 97871
2026/09/23 00:48:03.912, 3, 94747, 97871
2026/09/23 00:48:04.112, 0, 94748, 97871
2026/09/23 00:48:04.112, 1, 94756, 97871
2026/09/23 00:48:04.112, 2, 94756, 97871
2026/09/23 00:48:04.112, 3, 94747, 97871
2026/09/23 00:48:04.313, 0, 94748, 97871
2026/09/23 00:48:04.313, 1, 94756, 97871
2026/09/23 00:48:04.313, 2, 94756, 97871
2026/09/23 00:48:04.313, 3, 94747, 97871
2026/09/23 00:48:04.513, 0, 94748, 97871
2026/09/23 00:48:04.513, 1, 94756, 97871
2026/09/23 00:48:04.513, 2, 94756, 97871
2026/09/23 00:48:04.513, 3, 94747, 97871
2026/09/23 00:48:04.713, 0, 94748, 97871
2026/09/23 00:48:04.713, 1, 94756, 97871
2026/09/23 00:48:04.714, 2, 94756, 97871
2026/09/23 00:48:04.714, 3, 94747, 97871
2026/09/23 00:48:04.914, 0, 94748, 97871
2026/09/23 00:48:04.914, 1, 94756, 97871
2026/09/23 00:48:04.914, 2, 94756, 97871
2026/09/23 00:48:04.914, 3, 94747, 97871
2026/09/23 00:48:05.114, 0, 94748, 97871
2026/09/23 00:48:05.114, 1, 94756, 97871
2026/09/23 00:48:05.114, 2, 94756, 97871
2026/09/23 00:48:05.114, 3, 94747, 97871
2026/09/23 00:48:05.314, 0, 94748, 97871
2026/09/23 00:48:05.314, 1, 94756, 97871
2026/09/23 00:48:05.315, 2, 94756, 97871
2026/09/23 00:48:05.315, 3, 94747, 97871
2026/09/23 00:48:05.515, 0, 94748, 97871
2026/09/23 00:48:05.515, 1, 94756, 97871
2026/09/23 00:48:05.515, 2, 94756, 97871
2026/09/23 00:48:05.515, 3, 94747, 97871
2026/09/23 00:48:05.715, 0, 94748, 97871
2026/09/23 00:48:05.715, 1, 94756, 97871
2026/09/23 00:48:05.715, 2, 94756, 97871
2026/09/23 00:48:05.715, 3, 94747, 97871
2026/09/23 00:48:05.915, 0, 94748, 97871
2026/09/23 00:48:05.915, 1, 94756, 97871
2026/09/23 00:48:05.915, 2, 94756, 97871
2026/09/23 00:48:05.915, 3, 94747, 97871
2026/09/23 00:48:06.116, 0, 94748, 97871
2026/09/23 00:48:06.116, 1, 94756, 97871
2026/09/23 00:48:06.116, 2, 94756, 97871
2026/09/23 00:48:06.116, 3, 94747, 97871
2026/09/23 00:48:06.316, 0, 94748, 97871
2026/09/23 00:48:06.316, 1, 94756, 97871
2026/09/23 00:48:06.316, 2, 94756, 97871
2026/09/23 00:48:06.316, 3, 94747, 97871
2026/09/23 00:48:06.516, 0, 94748, 97871
2026/09/23 00:48:06.516, 1, 94756, 97871
2026/09/23 00:48:06.516, 2, 94756, 97871
2026/09/23 00:48:06.516, 3, 94747, 97871
2026/09/23 00:48:06.716, 0, 94748, 97871
2026/09/23 00:48:06.716, 1, 94756, 97871
2026/09/23 00:48:06.716, 2, 94756, 97871
2026/09/23 00:48:06.717, 3, 94747, 97871
2026/09/23 00:48:06.917, 0, 94748, 97871
2026/09/23 00:48:06.917, 1, 94756, 97871
2026/09/23 00:48:06.917, 2, 94756, 97871
2026/09/23 00:48:06.917, 3, 94747, 97871
2026/09/23 00:48:07.117, 0, 94748, 97871
2026/09/23 00:48:07.117, 1, 94756, 97871
2026/09/23 00:48:07.117, 2, 94756, 97871
2026/09/23 00:48:07.117, 3, 94747, 97871
2026/09/23 00:48:07.317, 0, 94748, 97871
2026/09/23 00:48:07.318, 1, 94756, 97871
2026/09/23 00:48:07.318, 2, 94756, 97871
2026/09/23 00:48:07.318, 3, 94747, 97871
2026/09/23 00:48:07.518, 0, 94748, 97871
2026/09/23 00:48:07.518, 1, 94756, 97871
2026/09/23 00:48:07.518, 2, 94756, 97871
2026/09/23 00:48:07.518, 3, 94747, 97871
2026/09/23 00:48:07.718, 0, 94748, 97871
2026/09/23 00:48:07.718, 1, 94756, 97871
2026/09/23 00:48:07.718, 2, 94756, 97871
2026/09/23 00:48:07.718, 3, 94747, 97871
2026/09/23 00:48:07.918, 0, 94748, 97871
2026/09/23 00:48:07.919, 1, 94756, 97871
2026/09/23 00:48:07.919, 2, 94756, 97871
2026/09/23 00:48:07.919, 3, 94747, 97871
2026/09/23 00:48:08.119, 0, 94748, 97871
2026/09/23 00:48:08.119, 1, 94756, 97871
2026/09/23 00:48:08.119, 2, 94756, 97871
2026/09/23 00:48:08.119, 3, 94747, 97871
2026/09/23 00:48:08.319, 0, 94748, 97871
2026/09/23 00:48:08.319, 1, 94756, 97871
2026/09/23 00:48:08.319, 2, 94756, 97871
2026/09/23 00:48:08.319, 3, 94747, 97871
2026/09/23 00:48:08.519, 0, 94748, 97871
2026/09/23 00:48:08.519, 1, 94756, 97871
2026/09/23 00:48:08.520, 2, 94756, 97871
2026/09/23 00:48:08.520, 3, 94747, 97871
2026/09/23 00:48:08.720, 0, 94748, 97871
2026/09/23 00:48:08.720, 1, 94756, 97871
2026/09/23 00:48:08.720, 2, 94756, 97871
2026/09/23 00:48:08.720, 3, 94747, 97871
2026/09/23 00:48:08.920, 0, 94748, 97871
2026/09/23 00:48:08.920, 1, 94756, 97871
2026/09/23 00:48:08.920, 2, 94756, 97871
2026/09/23 00:48:08.920, 3, 94747, 97871
2026/09/23 00:48:09.120, 0, 94748, 97871
2026/09/23 00:48:09.120, 1, 94756, 97871
2026/09/23 00:48:09.120, 2, 94756, 97871
2026/09/23 00:48:09.120, 3, 94747, 97871
2026/09/23 00:48:09.320, 0, 94748, 97871
2026/09/23 00:48:09.321, 1, 94756, 97871
2026/09/23 00:48:09.321, 2, 94756, 97871
2026/09/23 00:48:09.321, 3, 94747, 97871
2026/09/23 00:48:09.521, 0, 94748, 97871
2026/09/23 00:48:09.521, 1, 94756, 97871
2026/09/23 00:48:09.521, 2, 94756, 97871
2026/09/23 00:48:09.521, 3, 94747, 97871
2026/09/23 00:48:09.721, 0, 94748, 97871
2026/09/23 00:48:09.721, 1, 94756, 97871
2026/09/23 00:48:09.721, 2, 94756, 97871
2026/09/23 00:48:09.721, 3, 94747, 97871
2026/09/23 00:48:09.921, 0, 94748, 97871
2026/09/23 00:48:09.922, 1, 94756, 97871
2026/09/23 00:48:09.922, 2, 94756, 97871
2026/09/23 00:48:09.922, 3, 94747, 97871
2026/09/23 00:48:10.122, 0, 94748, 97871
2026/09/23 00:48:10.122, 1, 94756, 97871
2026/09/23 00:48:10.122, 2, 94756, 97871
2026/09/23 00:48:10.122, 3, 94747, 97871
2026/09/23 00:48:10.322, 0, 94748, 97871
2026/09/23 00:48:10.322, 1, 94756, 97871
2026/09/23 00:48:10.322, 2, 94756, 97871
2026/09/23 00:48:10.322, 3, 94747, 97871
2026/09/23 00:48:10.523, 0, 94748, 97871
2026/09/23 00:48:10.523, 1, 94756, 97871
2026/09/23 00:48:10.523, 2, 94756, 97871
2026/09/23 00:48:10.523, 3, 94747, 97871
2026/09/23 00:48:10.723, 0, 94748, 97871
2026/09/23 00:48:10.723, 1, 94756, 97871
2026/09/23 00:48:10.723, 2, 94756, 97871
2026/09/23 00:48:10.723, 3, 94747, 97871
2026/09/23 00:48:10.923, 0, 94748, 97871
2026/09/23 00:48:10.923, 1, 94756, 97871
2026/09/23 00:48:10.923, 2, 94756, 97871
2026/09/23 00:48:10.923, 3, 94747, 97871
2026/09/23 00:48:11.123, 0, 94748, 97871
2026/09/23 00:48:11.123, 1, 94756, 97871
2026/09/23 00:48:11.123, 2, 94756, 97871
2026/09/23 00:48:11.124, 3, 94747, 97871
2026/09/23 00:48:11.324, 0, 94748, 97871
2026/09/23 00:48:11.324, 1, 94756, 97871
2026/09/23 00:48:11.324, 2, 94756, 97871
2026/09/23 00:48:11.324, 3, 94747, 97871
2026/09/23 00:48:11.524, 0, 94748, 97871
2026/09/23 00:48:11.524, 1, 94756, 97871
2026/09/23 00:48:11.524, 2, 94756, 97871
2026/09/23 00:48:11.524, 3, 94747, 97871
2026/09/23 00:48:11.725, 0, 94748, 97871
2026/09/23 00:48:11.725, 1, 94756, 97871
2026/09/23 00:48:11.725, 2, 94756, 97871
2026/09/23 00:48:11.725, 3, 94747, 97871
2026/09/23 00:48:11.925, 0, 94748, 97871
2026/09/23 00:48:11.925, 1, 94756, 97871
2026/09/23 00:48:11.925, 2, 94756, 97871
2026/09/23 00:48:11.925, 3, 94747, 97871
2026/09/23 00:48:12.125, 0, 94748, 97871
2026/09/23 00:48:12.125, 1, 94756, 97871
2026/09/23 00:48:12.125, 2, 94756, 97871
2026/09/23 00:48:12.125, 3, 94747, 97871
2026/09/23 00:48:12.326, 0, 94748, 97871
2026/09/23 00:48:12.326, 1, 94756, 97871
2026/09/23 00:48:12.326, 2, 94756, 97871
2026/09/23 00:48:12.326, 3, 94747, 97871
2026/09/23 00:48:12.526, 0, 94748, 97871
2026/09/23 00:48:12.526, 1, 94756, 97871
2026/09/23 00:48:12.526, 2, 94756, 97871
2026/09/23 00:48:12.526, 3, 94747, 97871
2026/09/23 00:48:12.726, 0, 94748, 97871
2026/09/23 00:48:12.726, 1, 94756, 97871
2026/09/23 00:48:12.726, 2, 94756, 97871
2026/09/23 00:48:12.727, 3, 94747, 97871
2026/09/23 00:48:12.927, 0, 94748, 97871
2026/09/23 00:48:12.927, 1, 94756, 97871
2026/09/23 00:48:12.927, 2, 94756, 97871
2026/09/23 00:48:12.927, 3, 94747, 97871
2026/09/23 00:48:13.127, 0, 94748, 97871
2026/09/23 00:48:13.127, 1, 94756, 97871
2026/09/23 00:48:13.127, 2, 94756, 97871
2026/09/23 00:48:13.127, 3, 94747, 97871
2026/09/23 00:48:13.327, 0, 94748, 97871
2026/09/23 00:48:13.327, 1, 94756, 97871
2026/09/23 00:48:13.328, 2, 94756, 97871
2026/09/23 00:48:13.328, 3, 94747, 97871
2026/09/23 00:48:13.528, 0, 94748, 97871
2026/09/23 00:48:13.528, 1, 94756, 97871
2026/09/23 00:48:13.528, 2, 94756, 97871
2026/09/23 00:48:13.528, 3, 94747, 97871
2026/09/23 00:48:13.728, 0, 94748, 97871
2026/09/23 00:48:13.728, 1, 94756, 97871
2026/09/23 00:48:13.728, 2, 94756, 97871
2026/09/23 00:48:13.728, 3, 94747, 97871
2026/09/23 00:48:13.928, 0, 94748, 97871
2026/09/23 00:48:13.929, 1, 94756, 97871
2026/09/23 00:48:13.929, 2, 94756, 97871
2026/09/23 00:48:13.929, 3, 94747, 97871
2026/09/23 00:48:14.129, 0, 94748, 97871
2026/09/23 00:48:14.129, 1, 94756, 97871
2026/09/23 00:48:14.129, 2, 94756, 97871
2026/09/23 00:48:14.129, 3, 94747, 97871
2026/09/23 00:48:14.329, 0, 94748, 97871
2026/09/23 00:48:14.329, 1, 94756, 97871
2026/09/23 00:48:14.329, 2, 94756, 97871
2026/09/23 00:48:14.329, 3, 94747, 97871
2026/09/23 00:48:14.529, 0, 94748, 97871
2026/09/23 00:48:14.530, 1, 94756, 97871
2026/09/23 00:48:14.530, 2, 94756, 97871
2026/09/23 00:48:14.530, 3, 94747, 97871
2026/09/23 00:48:14.730, 0, 94748, 97871
2026/09/23 00:48:14.730, 1, 94756, 97871
2026/09/23 00:48:14.730, 2, 94756, 97871
2026/09/23 00:48:14.730, 3, 94747, 97871
2026/09/23 00:48:14.930, 0, 94748, 97871
2026/09/23 00:48:14.930, 1, 94756, 97871
2026/09/23 00:48:14.930, 2, 94756, 97871
2026/09/23 00:48:14.930, 3, 94747, 97871
2026/09/23 00:48:15.130, 0, 94748, 97871
2026/09/23 00:48:15.131, 1, 94756, 97871
2026/09/23 00:48:15.131, 2, 94756, 97871
2026/09/23 00:48:15.131, 3, 94747, 97871
2026/09/23 00:48:15.331, 0, 94748, 97871
2026/09/23 00:48:15.331, 1, 94756, 97871
2026/09/23 00:48:15.331, 2, 94756, 97871
2026/09/23 00:48:15.331, 3, 94747, 97871
2026/09/23 00:48:15.531, 0, 94748, 97871
2026/09/23 00:48:15.531, 1, 94756, 97871
2026/09/23 00:48:15.531, 2, 94756, 97871
2026/09/23 00:48:15.531, 3, 94747, 97871
2026/09/23 00:48:15.731, 0, 94748, 97871
2026/09/23 00:48:15.732, 1, 94756, 97871
2026/09/23 00:48:15.732, 2, 94756, 97871
2026/09/23 00:48:15.732, 3, 94747, 97871
2026/09/23 00:48:15.932, 0, 94748, 97871
2026/09/23 00:48:15.932, 1, 94756, 97871
2026/09/23 00:48:15.932, 2, 94756, 97871
2026/09/23 00:48:15.932, 3, 94747, 97871
2026/09/23 00:48:16.132, 0, 94748, 97871
2026/09/23 00:48:16.132, 1, 94756, 97871
2026/09/23 00:48:16.132, 2, 94756, 97871
2026/09/23 00:48:16.132, 3, 94747, 97871
2026/09/23 00:48:16.333, 0, 94748, 97871
2026/09/23 00:48:16.333, 1, 94756, 97871
2026/09/23 00:48:16.333, 2, 94756, 97871
2026/09/23 00:48:16.333, 3, 94747, 97871
2026/09/23 00:48:16.533, 0, 94748, 97871
2026/09/23 00:48:16.533, 1, 94756, 97871
2026/09/23 00:48:16.533, 2, 94756, 97871
2026/09/23 00:48:16.534, 3, 94747, 97871
2026/09/23 00:48:16.734, 0, 94748, 97871
2026/09/23 00:48:16.734, 1, 94756, 97871
2026/09/23 00:48:16.734, 2, 94756, 97871
2026/09/23 00:48:16.734, 3, 94747, 97871
2026/09/23 00:48:16.934, 0, 94748, 97871
2026/09/23 00:48:16.934, 1, 94756, 97871
2026/09/23 00:48:16.934, 2, 94756, 97871
2026/09/23 00:48:16.934, 3, 94747, 97871
2026/09/23 00:48:17.134, 0, 94748, 97871
2026/09/23 00:48:17.134, 1, 94756, 97871
2026/09/23 00:48:17.134, 2, 94756, 97871
2026/09/23 00:48:17.135, 3, 94747, 97871
2026/09/23 00:48:17.335, 0, 94748, 97871
2026/09/23 00:48:17.335, 1, 94756, 97871
2026/09/23 00:48:17.335, 2, 94756, 97871
2026/09/23 00:48:17.335, 3, 94747, 97871
2026/09/23 00:48:17.535, 0, 94748, 97871
2026/09/23 00:48:17.535, 1, 94756, 97871
2026/09/23 00:48:17.535, 2, 94756, 97871
2026/09/23 00:48:17.535, 3, 94747, 97871
2026/09/23 00:48:17.735, 0, 94748, 97871
2026/09/23 00:48:17.735, 1, 94756, 97871
2026/09/23 00:48:17.735, 2, 94756, 97871
2026/09/23 00:48:17.735, 3, 94747, 97871
2026/09/23 00:48:17.936, 0, 94748, 97871
2026/09/23 00:48:17.936, 1, 94756, 97871
2026/09/23 00:48:17.936, 2, 94756, 97871
2026/09/23 00:48:17.936, 3, 94747, 97871
2026/09/23 00:48:18.136, 0, 94748, 97871
2026/09/23 00:48:18.136, 1, 94756, 97871
2026/09/23 00:48:18.136, 2, 94756, 97871
2026/09/23 00:48:18.136, 3, 94747, 97871
2026/09/23 00:48:18.336, 0, 94748, 97871
2026/09/23 00:48:18.337, 1, 94756, 97871
2026/09/23 00:48:18.337, 2, 94756, 97871
2026/09/23 00:48:18.337, 3, 94747, 97871
2026/09/23 00:48:18.537, 0, 94748, 97871
2026/09/23 00:48:18.537, 1, 94756, 97871
2026/09/23 00:48:18.537, 2, 94756, 97871
2026/09/23 00:48:18.537, 3, 94747, 97871
2026/09/23 00:48:18.737, 0, 94748, 97871
2026/09/23 00:48:18.737, 1, 94756, 97871
2026/09/23 00:48:18.737, 2, 94756, 97871
2026/09/23 00:48:18.737, 3, 94747, 97871
2026/09/23 00:48:18.937, 0, 94748, 97871
2026/09/23 00:48:18.938, 1, 94756, 97871
2026/09/23 00:48:18.938, 2, 94756, 97871
2026/09/23 00:48:18.938, 3, 94747, 97871
2026/09/23 00:48:19.138, 0, 94748, 97871
2026/09/23 00:48:19.138, 1, 94756, 97871
2026/09/23 00:48:19.138, 2, 94756, 97871
2026/09/23 00:48:19.138, 3, 94747, 97871
2026/09/23 00:48:19.338, 0, 94748, 97871
2026/09/23 00:48:19.338, 1, 94756, 97871
2026/09/23 00:48:19.338, 2, 94756, 97871
2026/09/23 00:48:19.338, 3, 94747, 97871
2026/09/23 00:48:19.539, 0, 94748, 97871
2026/09/23 00:48:19.539, 1, 94756, 97871
2026/09/23 00:48:19.539, 2, 94756, 97871
2026/09/23 00:48:19.539, 3, 94747, 97871
2026/09/23 00:48:19.739, 0, 94748, 97871
2026/09/23 00:48:19.739, 1, 94756, 97871
2026/09/23 00:48:19.739, 2, 94756, 97871
2026/09/23 00:48:19.739, 3, 94747, 97871
2026/09/23 00:48:19.939, 0, 94748, 97871
2026/09/23 00:48:19.939, 1, 94756, 97871
2026/09/23 00:48:19.939, 2, 94756, 97871
2026/09/23 00:48:19.939, 3, 94747, 97871
2026/09/23 00:48:20.140, 0, 94748, 97871
2026/09/23 00:48:20.140, 1, 94756, 97871
2026/09/23 00:48:20.140, 2, 94756, 97871
2026/09/23 00:48:20.140, 3, 94747, 97871
2026/09/23 00:48:20.340, 0, 94748, 97871
2026/09/23 00:48:20.340, 1, 94756, 97871
2026/09/23 00:48:20.340, 2, 94756, 97871
2026/09/23 00:48:20.340, 3, 94747, 97871
2026/09/23 00:48:20.540, 0, 94748, 97871
2026/09/23 00:48:20.540, 1, 94756, 97871
2026/09/23 00:48:20.541, 2, 94756, 97871
2026/09/23 00:48:20.541, 3, 94747, 97871
2026/09/23 00:48:20.741, 0, 94748, 97871
2026/09/23 00:48:20.741, 1, 94756, 97871
2026/09/23 00:48:20.741, 2, 94756, 97871
2026/09/23 00:48:20.741, 3, 94747, 97871
2026/09/23 00:48:20.941, 0, 94748, 97871
2026/09/23 00:48:20.941, 1, 94756, 97871
2026/09/23 00:48:20.941, 2, 94756, 97871
2026/09/23 00:48:20.941, 3, 94747, 97871
2026/09/23 00:48:21.141, 0, 94748, 97871
2026/09/23 00:48:21.142, 1, 94756, 97871
2026/09/23 00:48:21.142, 2, 94756, 97871
2026/09/23 00:48:21.142, 3, 94747, 97871
2026/09/23 00:48:21.342, 0, 94748, 97871
2026/09/23 00:48:21.342, 1, 94756, 97871
2026/09/23 00:48:21.342, 2, 94756, 97871
2026/09/23 00:48:21.342, 3, 94747, 97871
2026/09/23 00:48:21.542, 0, 94748, 97871
2026/09/23 00:48:21.542, 1, 94756, 97871
2026/09/23 00:48:21.542, 2, 94756, 97871
2026/09/23 00:48:21.542, 3, 94747, 97871
2026/09/23 00:48:21.742, 0, 94748, 97871
2026/09/23 00:48:21.742, 1, 94756, 97871
2026/09/23 00:48:21.743, 2, 94756, 97871
2026/09/23 00:48:21.743, 3, 94747, 97871
2026/09/23 00:48:21.943, 0, 94748, 97871
2026/09/23 00:48:21.943, 1, 94756, 97871
2026/09/23 00:48:21.943, 2, 94756, 97871
2026/09/23 00:48:21.943, 3, 94747, 97871
2026/09/23 00:48:22.143, 0, 94748, 97871
2026/09/23 00:48:22.143, 1, 94756, 97871
2026/09/23 00:48:22.143, 2, 94756, 97871
2026/09/23 00:48:22.143, 3, 94747, 97871
2026/09/23 00:48:22.343, 0, 94748, 97871
2026/09/23 00:48:22.344, 1, 94756, 97871
2026/09/23 00:48:22.344, 2, 94756, 97871
2026/09/23 00:48:22.344, 3, 94747, 97871
2026/09/23 00:48:22.544, 0, 94748, 97871
2026/09/23 00:48:22.544, 1, 94756, 97871
2026/09/23 00:48:22.544, 2, 94756, 97871
2026/09/23 00:48:22.544, 3, 94747, 97871
2026/09/23 00:48:22.744, 0, 94748, 97871
2026/09/23 00:48:22.744, 1, 94756, 97871
2026/09/23 00:48:22.744, 2, 94756, 97871
2026/09/23 00:48:22.744, 3, 94747, 97871
2026/09/23 00:48:22.945, 0, 94748, 97871
2026/09/23 00:48:22.945, 1, 94756, 97871
2026/09/23 00:48:22.945, 2, 94756, 97871
2026/09/23 00:48:22.945, 3, 94747, 97871
2026/09/23 00:48:23.145, 0, 94748, 97871
2026/09/23 00:48:23.145, 1, 94756, 97871
2026/09/23 00:48:23.145, 2, 94756, 97871
2026/09/23 00:48:23.145, 3, 94747, 97871
2026/09/23 00:48:23.345, 0, 94748, 97871
2026/09/23 00:48:23.345, 1, 94756, 97871
2026/09/23 00:48:23.345, 2, 94756, 97871
2026/09/23 00:48:23.345, 3, 94747, 97871
2026/09/23 00:48:23.545, 0, 94748, 97871
2026/09/23 00:48:23.545, 1, 94756, 97871
2026/09/23 00:48:23.545, 2, 94756, 97871
2026/09/23 00:48:23.546, 3, 94747, 97871
2026/09/23 00:48:23.746, 0, 94748, 97871
2026/09/23 00:48:23.746, 1, 94756, 97871
2026/09/23 00:48:23.746, 2, 94756, 97871
2026/09/23 00:48:23.746, 3, 94747, 97871
2026/09/23 00:48:23.946, 0, 94748, 97871
2026/09/23 00:48:23.946, 1, 94756, 97871
2026/09/23 00:48:23.946, 2, 94756, 97871
2026/09/23 00:48:23.946, 3, 94747, 97871
2026/09/23 00:48:24.146, 0, 94748, 97871
2026/09/23 00:48:24.146, 1, 94756, 97871
2026/09/23 00:48:24.146, 2, 94756, 97871
2026/09/23 00:48:24.146, 3, 94747, 97871
2026/09/23 00:48:24.347, 0, 94748, 97871
2026/09/23 00:48:24.347, 1, 94756, 97871
2026/09/23 00:48:24.347, 2, 94756, 97871
2026/09/23 00:48:24.347, 3, 94747, 97871
2026/09/23 00:48:24.547, 0, 94748, 97871
2026/09/23 00:48:24.547, 1, 94756, 97871
2026/09/23 00:48:24.547, 2, 94756, 97871
2026/09/23 00:48:24.547, 3, 94747, 97871
2026/09/23 00:48:24.747, 0, 94748, 97871
2026/09/23 00:48:24.747, 1, 94756, 97871
2026/09/23 00:48:24.747, 2, 94756, 97871
2026/09/23 00:48:24.747, 3, 94747, 97871
2026/09/23 00:48:24.947, 0, 94748, 97871
2026/09/23 00:48:24.947, 1, 94756, 97871
2026/09/23 00:48:24.948, 2, 94756, 97871
2026/09/23 00:48:24.948, 3, 94747, 97871
2026/09/23 00:48:25.148, 0, 94748, 97871
2026/09/23 00:48:25.148, 1, 94756, 97871
2026/09/23 00:48:25.148, 2, 94756, 97871
2026/09/23 00:48:25.148, 3, 94747, 97871
2026/09/23 00:48:25.348, 0, 94748, 97871
2026/09/23 00:48:25.348, 1, 94756, 97871
2026/09/23 00:48:25.348, 2, 94756, 97871
2026/09/23 00:48:25.348, 3, 94747, 97871
2026/09/23 00:48:25.548, 0, 94748, 97871
2026/09/23 00:48:25.548, 1, 94756, 97871
2026/09/23 00:48:25.548, 2, 94756, 97871
2026/09/23 00:48:25.548, 3, 94747, 97871
2026/09/23 00:48:25.748, 0, 94748, 97871
2026/09/23 00:48:25.748, 1, 94756, 97871
2026/09/23 00:48:25.749, 2, 94756, 97871
2026/09/23 00:48:25.749, 3, 94747, 97871
2026/09/23 00:48:25.949, 0, 94748, 97871
2026/09/23 00:48:25.949, 1, 94756, 97871
2026/09/23 00:48:25.949, 2, 94756, 97871
2026/09/23 00:48:25.949, 3, 94747, 97871
2026/09/23 00:48:26.149, 0, 94748, 97871
2026/09/23 00:48:26.149, 1, 94756, 97871
2026/09/23 00:48:26.149, 2, 94756, 97871
2026/09/23 00:48:26.149, 3, 94747, 97871
2026/09/23 00:48:26.349, 0, 94748, 97871
2026/09/23 00:48:26.349, 1, 94756, 97871
2026/09/23 00:48:26.349, 2, 94756, 97871
2026/09/23 00:48:26.350, 3, 94747, 97871
2026/09/23 00:48:26.550, 0, 94748, 97871
2026/09/23 00:48:26.550, 1, 94756, 97871
2026/09/23 00:48:26.550, 2, 94756, 97871
2026/09/23 00:48:26.550, 3, 94747, 97871
2026/09/23 00:48:26.750, 0, 94748, 97871
2026/09/23 00:48:26.750, 1, 94756, 97871
2026/09/23 00:48:26.750, 2, 94756, 97871
2026/09/23 00:48:26.750, 3, 94747, 97871
2026/09/23 00:48:26.950, 0, 94748, 97871
2026/09/23 00:48:26.950, 1, 94756, 97871
2026/09/23 00:48:26.950, 2, 94756, 97871
2026/09/23 00:48:26.950, 3, 94747, 97871
2026/09/23 00:48:27.150, 0, 94748, 97871
2026/09/23 00:48:27.151, 1, 94756, 97871
2026/09/23 00:48:27.151, 2, 94756, 97871
2026/09/23 00:48:27.151, 3, 94747, 97871
2026/09/23 00:48:27.351, 0, 94748, 97871
2026/09/23 00:48:27.351, 1, 94756, 97871
2026/09/23 00:48:27.351, 2, 94756, 97871
2026/09/23 00:48:27.351, 3, 94747, 97871
2026/09/23 00:48:27.551, 0, 94748, 97871
2026/09/23 00:48:27.551, 1, 94756, 97871
2026/09/23 00:48:27.551, 2, 94756, 97871
2026/09/23 00:48:27.551, 3, 94747, 97871
2026/09/23 00:48:27.751, 0, 94748, 97871
2026/09/23 00:48:27.751, 1, 94756, 97871
2026/09/23 00:48:27.751, 2, 94756, 97871
2026/09/23 00:48:27.752, 3, 94747, 97871
2026/09/23 00:48:27.952, 0, 94748, 97871
2026/09/23 00:48:27.952, 1, 94756, 97871
2026/09/23 00:48:27.952, 2, 94756, 97871
2026/09/23 00:48:27.952, 3, 94747, 97871
2026/09/23 00:48:28.152, 0, 94748, 97871
2026/09/23 00:48:28.152, 1, 94756, 97871
2026/09/23 00:48:28.152, 2, 94756, 97871
2026/09/23 00:48:28.152, 3, 94747, 97871
2026/09/23 00:48:28.352, 0, 94748, 97871
2026/09/23 00:48:28.352, 1, 94756, 97871
2026/09/23 00:48:28.352, 2, 94756, 97871
2026/09/23 00:48:28.353, 3, 94747, 97871
2026/09/23 00:48:28.553, 0, 94748, 97871
2026/09/23 00:48:28.553, 1, 94756, 97871
2026/09/23 00:48:28.553, 2, 94756, 97871
2026/09/23 00:48:28.553, 3, 94747, 97871
2026/09/23 00:48:28.753, 0, 94748, 97871
2026/09/23 00:48:28.753, 1, 94756, 97871
2026/09/23 00:48:28.753, 2, 94756, 97871
2026/09/23 00:48:28.753, 3, 94747, 97871
2026/09/23 00:48:28.953, 0, 94748, 97871
2026/09/23 00:48:28.953, 1, 94756, 97871
2026/09/23 00:48:28.953, 2, 94756, 97871
2026/09/23 00:48:28.953, 3, 94747, 97871
2026/09/23 00:48:29.153, 0, 94748, 97871
2026/09/23 00:48:29.154, 1, 94756, 97871
2026/09/23 00:48:29.154, 2, 94756, 97871
2026/09/23 00:48:29.154, 3, 94747, 97871
2026/09/23 00:48:29.354, 0, 94748, 97871
2026/09/23 00:48:29.354, 1, 94756, 97871
2026/09/23 00:48:29.354, 2, 94756, 97871
2026/09/23 00:48:29.354, 3, 94747, 97871
2026/09/23 00:48:29.554, 0, 94748, 97871
2026/09/23 00:48:29.554, 1, 94756, 97871
2026/09/23 00:48:29.554, 2, 94756, 97871
2026/09/23 00:48:29.554, 3, 94747, 97871
2026/09/23 00:48:29.754, 0, 94748, 97871
2026/09/23 00:48:29.754, 1, 94756, 97871
2026/09/23 00:48:29.755, 2, 94756, 97871
2026/09/23 00:48:29.755, 3, 94747, 97871
2026/09/23 00:48:29.955, 0, 94748, 97871
2026/09/23 00:48:29.955, 1, 94756, 97871
2026/09/23 00:48:29.955, 2, 94756, 97871
2026/09/23 00:48:29.955, 3, 94747, 97871
2026/09/23 00:48:30.155, 0, 94748, 97871
2026/09/23 00:48:30.155, 1, 94756, 97871
2026/09/23 00:48:30.155, 2, 94756, 97871
2026/09/23 00:48:30.155, 3, 94747, 97871
2026/09/23 00:48:30.355, 0, 94748, 97871
2026/09/23 00:48:30.355, 1, 94756, 97871
2026/09/23 00:48:30.355, 2, 94756, 97871
2026/09/23 00:48:30.355, 3, 94747, 97871
2026/09/23 00:48:30.556, 0, 94748, 97871
2026/09/23 00:48:30.556, 1, 94756, 97871
2026/09/23 00:48:30.556, 2, 94756, 97871
2026/09/23 00:48:30.556, 3, 94747, 97871
2026/09/23 00:48:30.756, 0, 94748, 97871
2026/09/23 00:48:30.756, 1, 94756, 97871
2026/09/23 00:48:30.756, 2, 94756, 97871
2026/09/23 00:48:30.756, 3, 94747, 97871
2026/09/23 00:48:30.956, 0, 94748, 97871
2026/09/23 00:48:30.956, 1, 94756, 97871
2026/09/23 00:48:30.956, 2, 94756, 97871
2026/09/23 00:48:30.956, 3, 94747, 97871
2026/09/23 00:48:31.156, 0, 94748, 97871
2026/09/23 00:48:31.157, 1, 94756, 97871
2026/09/23 00:48:31.157, 2, 94756, 97871
2026/09/23 00:48:31.157, 3, 94747, 97871
2026/09/23 00:48:31.357, 0, 94748, 97871
2026/09/23 00:48:31.357, 1, 94756, 97871
2026/09/23 00:48:31.357, 2, 94756, 97871
2026/09/23 00:48:31.357, 3, 94747, 97871
2026/09/23 00:48:31.557, 0, 94748, 97871
2026/09/23 00:48:31.557, 1, 94756, 97871
2026/09/23 00:48:31.557, 2, 94756, 97871
2026/09/23 00:48:31.557, 3, 94747, 97871
2026/09/23 00:48:31.757, 0, 94748, 97871
2026/09/23 00:48:31.758, 1, 94756, 97871
2026/09/23 00:48:31.758, 2, 94756, 97871
2026/09/23 00:48:31.758, 3, 94747, 97871
2026/09/23 00:48:31.958, 0, 94748, 97871
2026/09/23 00:48:31.958, 1, 94756, 97871
2026/09/23 00:48:31.958, 2, 94756, 97871
2026/09/23 00:48:31.958, 3, 94747, 97871
2026/09/23 00:48:32.158, 0, 94748, 97871
2026/09/23 00:48:32.158, 1, 94756, 97871
2026/09/23 00:48:32.158, 2, 94756, 97871
2026/09/23 00:48:32.158, 3, 94747, 97871
2026/09/23 00:48:32.358, 0, 94748, 97871
2026/09/23 00:48:32.358, 1, 94756, 97871
2026/09/23 00:48:32.359, 2, 94756, 97871
2026/09/23 00:48:32.359, 3, 94747, 97871
2026/09/23 00:48:32.559, 0, 94748, 97871
2026/09/23 00:48:32.559, 1, 94756, 97871
2026/09/23 00:48:32.559, 2, 94756, 97871
2026/09/23 00:48:32.559, 3, 94747, 97871
2026/09/23 00:48:32.759, 0, 94748, 97871
2026/09/23 00:48:32.759, 1, 94756, 97871
2026/09/23 00:48:32.759, 2, 94756, 97871
2026/09/23 00:48:32.759, 3, 94747, 97871
2026/09/23 00:48:32.959, 0, 94748, 97871
2026/09/23 00:48:32.959, 1, 94756, 97871
2026/09/23 00:48:32.959, 2, 94756, 97871
2026/09/23 00:48:32.959, 3, 94747, 97871
2026/09/23 00:48:33.160, 0, 94748, 97871
2026/09/23 00:48:33.160, 1, 94756, 97871
2026/09/23 00:48:33.160, 2, 94756, 97871
2026/09/23 00:48:33.160, 3, 94747, 97871
2026/09/23 00:48:33.360, 0, 94748, 97871
2026/09/23 00:48:33.360, 1, 94756, 97871
2026/09/23 00:48:33.360, 2, 94756, 97871
2026/09/23 00:48:33.360, 3, 94747, 97871
2026/09/23 00:48:33.560, 0, 94748, 97871
2026/09/23 00:48:33.560, 1, 94756, 97871
2026/09/23 00:48:33.560, 2, 94756, 97871
2026/09/23 00:48:33.560, 3, 94747, 97871
2026/09/23 00:48:33.760, 0, 94748, 97871
2026/09/23 00:48:33.761, 1, 94756, 97871
2026/09/23 00:48:33.761, 2, 94756, 97871
2026/09/23 00:48:33.761, 3, 94747, 97871
2026/09/23 00:48:33.961, 0, 94748, 97871
2026/09/23 00:48:33.961, 1, 94756, 97871
2026/09/23 00:48:33.961, 2, 94756, 97871
2026/09/23 00:48:33.961, 3, 94747, 97871
2026/09/23 00:48:34.161, 0, 94748, 97871
2026/09/23 00:48:34.161, 1, 94756, 97871
2026/09/23 00:48:34.161, 2, 94756, 97871
2026/09/23 00:48:34.161, 3, 94747, 97871
2026/09/23 00:48:34.361, 0, 94748, 97871
2026/09/23 00:48:34.361, 1, 94756, 97871
2026/09/23 00:48:34.361, 2, 94756, 97871
2026/09/23 00:48:34.361, 3, 94747, 97871
2026/09/23 00:48:34.562, 0, 94748, 97871
2026/09/23 00:48:34.562, 1, 94756, 97871
2026/09/23 00:48:34.562, 2, 94756, 97871
2026/09/23 00:48:34.562, 3, 94747, 97871
2026/09/23 00:48:34.762, 0, 94748, 97871
2026/09/23 00:48:34.762, 1, 94756, 97871
2026/09/23 00:48:34.762, 2, 94756, 97871
2026/09/23 00:48:34.762, 3, 94747, 97871
2026/09/23 00:48:34.962, 0, 94748, 97871
2026/09/23 00:48:34.962, 1, 94756, 97871
2026/09/23 00:48:34.962, 2, 94756, 97871
2026/09/23 00:48:34.962, 3, 94747, 97871
2026/09/23 00:48:35.162, 0, 94748, 97871
2026/09/23 00:48:35.163, 1, 94756, 97871
2026/09/23 00:48:35.163, 2, 94756, 97871
2026/09/23 00:48:35.163, 3, 94747, 97871
2026/09/23 00:48:35.363, 0, 94748, 97871
2026/09/23 00:48:35.363, 1, 94756, 97871
2026/09/23 00:48:35.363, 2, 94756, 97871
2026/09/23 00:48:35.363, 3, 94747, 97871
2026/09/23 00:48:35.563, 0, 94748, 97871
2026/09/23 00:48:35.563, 1, 94756, 97871
2026/09/23 00:48:35.563, 2, 94756, 97871
2026/09/23 00:48:35.563, 3, 94747, 97871
2026/09/23 00:48:35.763, 0, 94748, 97871
2026/09/23 00:48:35.763, 1, 94756, 97871
2026/09/23 00:48:35.763, 2, 94756, 97871
2026/09/23 00:48:35.764, 3, 94747, 97871
2026/09/23 00:48:35.964, 0, 94748, 97871
2026/09/23 00:48:35.964, 1, 94756, 97871
2026/09/23 00:48:35.964, 2, 94756, 97871
2026/09/23 00:48:35.964, 3, 94747, 97871
2026/09/23 00:48:36.164, 0, 94748, 97871
2026/09/23 00:48:36.164, 1, 94756, 97871
2026/09/23 00:48:36.164, 2, 94756, 97871
2026/09/23 00:48:36.164, 3, 94747, 97871
2026/09/23 00:48:36.364, 0, 94748, 97871
2026/09/23 00:48:36.364, 1, 94756, 97871
2026/09/23 00:48:36.364, 2, 94756, 97871
2026/09/23 00:48:36.364, 3, 94747, 97871
2026/09/23 00:48:36.564, 0, 94748, 97871
2026/09/23 00:48:36.565, 1, 94756, 97871
2026/09/23 00:48:36.565, 2, 94756, 97871
2026/09/23 00:48:36.565, 3, 94747, 97871
2026/09/23 00:48:36.765, 0, 94748, 97871
2026/09/23 00:48:36.765, 1, 94756, 97871
2026/09/23 00:48:36.765, 2, 94756, 97871
2026/09/23 00:48:36.765, 3, 94747, 97871
2026/09/23 00:48:36.965, 0, 94748, 97871
2026/09/23 00:48:36.965, 1, 94756, 97871
2026/09/23 00:48:36.965, 2, 94756, 97871
2026/09/23 00:48:36.965, 3, 94747, 97871
2026/09/23 00:48:37.165, 0, 94748, 97871
2026/09/23 00:48:37.165, 1, 94756, 97871
2026/09/23 00:48:37.165, 2, 94756, 97871
2026/09/23 00:48:37.166, 3, 94747, 97871
2026/09/23 00:48:37.366, 0, 94748, 97871
2026/09/23 00:48:37.366, 1, 94756, 97871
2026/09/23 00:48:37.366, 2, 94756, 97871
2026/09/23 00:48:37.366, 3, 94747, 97871
2026/09/23 00:48:37.566, 0, 94748, 97871
2026/09/23 00:48:37.566, 1, 94756, 97871
2026/09/23 00:48:37.566, 2, 94756, 97871
2026/09/23 00:48:37.566, 3, 94747, 97871
2026/09/23 00:48:37.766, 0, 94748, 97871
2026/09/23 00:48:37.766, 1, 94756, 97871
2026/09/23 00:48:37.766, 2, 94756, 97871
2026/09/23 00:48:37.766, 3, 94747, 97871
2026/09/23 00:48:37.967, 0, 94748, 97871
2026/09/23 00:48:37.967, 1, 94756, 97871
2026/09/23 00:48:37.967, 2, 94756, 97871
2026/09/23 00:48:37.967, 3, 94747, 97871
2026/09/23 00:48:38.167, 0, 94748, 97871
2026/09/23 00:48:38.167, 1, 94756, 97871
2026/09/23 00:48:38.167, 2, 94756, 97871
2026/09/23 00:48:38.167, 3, 94747, 97871
2026/09/23 00:48:38.367, 0, 94748, 97871
2026/09/23 00:48:38.367, 1, 94756, 97871
2026/09/23 00:48:38.367, 2, 94756, 97871
2026/09/23 00:48:38.367, 3, 94747, 97871
2026/09/23 00:48:38.568, 0, 94748, 97871
2026/09/23 00:48:38.568, 1, 94756, 97871
2026/09/23 00:48:38.568, 2, 94756, 97871
2026/09/23 00:48:38.568, 3, 94747, 97871
2026/09/23 00:48:38.768, 0, 94748, 97871
2026/09/23 00:48:38.768, 1, 94756, 97871
2026/09/23 00:48:38.768, 2, 94756, 97871
2026/09/23 00:48:38.768, 3, 94747, 97871
2026/09/23 00:48:38.968, 0, 94748, 97871
2026/09/23 00:48:38.968, 1, 94756, 97871
2026/09/23 00:48:38.968, 2, 94756, 97871
2026/09/23 00:48:38.968, 3, 94747, 97871
2026/09/23 00:48:39.169, 0, 94748, 97871
2026/09/23 00:48:39.169, 1, 94756, 97871
2026/09/23 00:48:39.169, 2, 94756, 97871
2026/09/23 00:48:39.169, 3, 94747, 97871
2026/09/23 00:48:39.369, 0, 94748, 97871
2026/09/23 00:48:39.369, 1, 94756, 97871
2026/09/23 00:48:39.369, 2, 94756, 97871
2026/09/23 00:48:39.369, 3, 94747, 97871
2026/09/23 00:48:39.569, 0, 94748, 97871
2026/09/23 00:48:39.569, 1, 94756, 97871
2026/09/23 00:48:39.569, 2, 94756, 97871
2026/09/23 00:48:39.569, 3, 94747, 97871
2026/09/23 00:48:39.769, 0, 94748, 97871
2026/09/23 00:48:39.769, 1, 94756, 97871
2026/09/23 00:48:39.769, 2, 94756, 97871
2026/09/23 00:48:39.769, 3, 94747, 97871
2026/09/23 00:48:39.970, 0, 94748, 97871
2026/09/23 00:48:39.970, 1, 94756, 97871
2026/09/23 00:48:39.970, 2, 94756, 97871
2026/09/23 00:48:39.970, 3, 94747, 97871
2026/09/23 00:48:40.170, 0, 94748, 97871
2026/09/23 00:48:40.170, 1, 94756, 97871
2026/09/23 00:48:40.170, 2, 94756, 97871
2026/09/23 00:48:40.170, 3, 94747, 97871
2026/09/23 00:48:40.370, 0, 94748, 97871
2026/09/23 00:48:40.370, 1, 94756, 97871
2026/09/23 00:48:40.370, 2, 94756, 97871
2026/09/23 00:48:40.370, 3, 94747, 97871
2026/09/23 00:48:40.570, 0, 94748, 97871
2026/09/23 00:48:40.571, 1, 94756, 97871
2026/09/23 00:48:40.571, 2, 94756, 97871
2026/09/23 00:48:40.571, 3, 94747, 97871
2026/09/23 00:48:40.771, 0, 94748, 97871
2026/09/23 00:48:40.771, 1, 94756, 97871
2026/09/23 00:48:40.771, 2, 94756, 97871
2026/09/23 00:48:40.771, 3, 94747, 97871
2026/09/23 00:48:40.971, 0, 94748, 97871
2026/09/23 00:48:40.971, 1, 94756, 97871
2026/09/23 00:48:40.971, 2, 94756, 97871
2026/09/23 00:48:40.971, 3, 94747, 97871
2026/09/23 00:48:41.171, 0, 94748, 97871
2026/09/23 00:48:41.172, 1, 94756, 97871
2026/09/23 00:48:41.172, 2, 94756, 97871
2026/09/23 00:48:41.172, 3, 94747, 97871
2026/09/23 00:48:41.372, 0, 94748, 97871
2026/09/23 00:48:41.372, 1, 94756, 97871
2026/09/23 00:48:41.372, 2, 94756, 97871
2026/09/23 00:48:41.372, 3, 94747, 97871
2026/09/23 00:48:41.572, 0, 94748, 97871
2026/09/23 00:48:41.572, 1, 94756, 97871
2026/09/23 00:48:41.572, 2, 94756, 97871
2026/09/23 00:48:41.572, 3, 94747, 97871
2026/09/23 00:48:41.772, 0, 94748, 97871
2026/09/23 00:48:41.772, 1, 94756, 97871
2026/09/23 00:48:41.772, 2, 94756, 97871
2026/09/23 00:48:41.773, 3, 94747, 97871
2026/09/23 00:48:41.973, 0, 94748, 97871
2026/09/23 00:48:41.973, 1, 94756, 97871
2026/09/23 00:48:41.973, 2, 94756, 97871
2026/09/23 00:48:41.973, 3, 94747, 97871
2026/09/23 00:48:42.173, 0, 94748, 97871
2026/09/23 00:48:42.173, 1, 94756, 97871
2026/09/23 00:48:42.173, 2, 94756, 97871
2026/09/23 00:48:42.173, 3, 94747, 97871
2026/09/23 00:48:42.373, 0, 94748, 97871
2026/09/23 00:48:42.373, 1, 94756, 97871
2026/09/23 00:48:42.373, 2, 94756, 97871
2026/09/23 00:48:42.373, 3, 94747, 97871
2026/09/23 00:48:42.573, 0, 94748, 97871
2026/09/23 00:48:42.574, 1, 94756, 97871
2026/09/23 00:48:42.574, 2, 94756, 97871
2026/09/23 00:48:42.574, 3, 94747, 97871
2026/09/23 00:48:42.774, 0, 94748, 97871
2026/09/23 00:48:42.774, 1, 94756, 97871
2026/09/23 00:48:42.774, 2, 94756, 97871
2026/09/23 00:48:42.774, 3, 94747, 97871
2026/09/23 00:48:42.974, 0, 94748, 97871
2026/09/23 00:48:42.974, 1, 94756, 97871
2026/09/23 00:48:42.974, 2, 94756, 97871
2026/09/23 00:48:42.974, 3, 94747, 97871
2026/09/23 00:48:43.174, 0, 94748, 97871
2026/09/23 00:48:43.175, 1, 94756, 97871
2026/09/23 00:48:43.175, 2, 94756, 97871
2026/09/23 00:48:43.175, 3, 94747, 97871
2026/09/23 00:48:43.375, 0, 94748, 97871
2026/09/23 00:48:43.375, 1, 94756, 97871
2026/09/23 00:48:43.375, 2, 94756, 97871
2026/09/23 00:48:43.375, 3, 94747, 97871
2026/09/23 00:48:43.575, 0, 94748, 97871
2026/09/23 00:48:43.575, 1, 94756, 97871
2026/09/23 00:48:43.575, 2, 94756, 97871
2026/09/23 00:48:43.575, 3, 94747, 97871
2026/09/23 00:48:43.775, 0, 94748, 97871
2026/09/23 00:48:43.775, 1, 94756, 97871
2026/09/23 00:48:43.775, 2, 94756, 97871
2026/09/23 00:48:43.775, 3, 94747, 97871
2026/09/23 00:48:43.976, 0, 94748, 97871
2026/09/23 00:48:43.976, 1, 94756, 97871
2026/09/23 00:48:43.976, 2, 94756, 97871
2026/09/23 00:48:43.976, 3, 94747, 97871
2026/09/23 00:48:44.176, 0, 94748, 97871
2026/09/23 00:48:44.176, 1, 94756, 97871
2026/09/23 00:48:44.176, 2, 94756, 97871
2026/09/23 00:48:44.176, 3, 94747, 97871
2026/09/23 00:48:44.376, 0, 94748, 97871
2026/09/23 00:48:44.377, 1, 94756, 97871
2026/09/23 00:48:44.377, 2, 94756, 97871
2026/09/23 00:48:44.377, 3, 94747, 97871
2026/09/23 00:48:44.577, 0, 94748, 97871
2026/09/23 00:48:44.577, 1, 94756, 97871
2026/09/23 00:48:44.577, 2, 94756, 97871
2026/09/23 00:48:44.577, 3, 94747, 97871
2026/09/23 00:48:44.777, 0, 94748, 97871
2026/09/23 00:48:44.777, 1, 94756, 97871
2026/09/23 00:48:44.777, 2, 94756, 97871
2026/09/23 00:48:44.777, 3, 94747, 97871
2026/09/23 00:48:44.978, 0, 94748, 97871
2026/09/23 00:48:44.978, 1, 94756, 97871
2026/09/23 00:48:44.978, 2, 94756, 97871
2026/09/23 00:48:44.978, 3, 94747, 97871
2026/09/23 00:48:45.178, 0, 94748, 97871
2026/09/23 00:48:45.178, 1, 94756, 97871
2026/09/23 00:48:45.178, 2, 94756, 97871
2026/09/23 00:48:45.178, 3, 94747, 97871
2026/09/23 00:48:45.378, 0, 94748, 97871
2026/09/23 00:48:45.378, 1, 94756, 97871
2026/09/23 00:48:45.378, 2, 94756, 97871
2026/09/23 00:48:45.378, 3, 94747, 97871
2026/09/23 00:48:45.579, 0, 94748, 97871
2026/09/23 00:48:45.579, 1, 94756, 97871
2026/09/23 00:48:45.579, 2, 94756, 97871
2026/09/23 00:48:45.579, 3, 94747, 97871
2026/09/23 00:48:45.779, 0, 94748, 97871
2026/09/23 00:48:45.779, 1, 94756, 97871
2026/09/23 00:48:45.779, 2, 94756, 97871
2026/09/23 00:48:45.779, 3, 94747, 97871
2026/09/23 00:48:45.979, 0, 94748, 97871
2026/09/23 00:48:45.979, 1, 94756, 97871
2026/09/23 00:48:45.979, 2, 94756, 97871
2026/09/23 00:48:45.979, 3, 94747, 97871
2026/09/23 00:48:46.180, 0, 94748, 97871
2026/09/23 00:48:46.180, 1, 94756, 97871
2026/09/23 00:48:46.180, 2, 94756, 97871
2026/09/23 00:48:46.180, 3, 94747, 97871
2026/09/23 00:48:46.380, 0, 94748, 97871
2026/09/23 00:48:46.380, 1, 94756, 97871
2026/09/23 00:48:46.380, 2, 94756, 97871
2026/09/23 00:48:46.380, 3, 94747, 97871
2026/09/23 00:48:46.580, 0, 94748, 97871
2026/09/23 00:48:46.580, 1, 94756, 97871
2026/09/23 00:48:46.581, 2, 94756, 97871
2026/09/23 00:48:46.581, 3, 94747, 97871
2026/09/23 00:48:46.781, 0, 94748, 97871
2026/09/23 00:48:46.781, 1, 94756, 97871
2026/09/23 00:48:46.781, 2, 94756, 97871
2026/09/23 00:48:46.781, 3, 94747, 97871
2026/09/23 00:48:46.981, 0, 94748, 97871
2026/09/23 00:48:46.981, 1, 94756, 97871
2026/09/23 00:48:46.981, 2, 94756, 97871
2026/09/23 00:48:46.981, 3, 94747, 97871
2026/09/23 00:48:47.181, 0, 94748, 97871
2026/09/23 00:48:47.182, 1, 94756, 97871
2026/09/23 00:48:47.182, 2, 94756, 97871
2026/09/23 00:48:47.182, 3, 94747, 97871
2026/09/23 00:48:47.382, 0, 94748, 97871
2026/09/23 00:48:47.382, 1, 94756, 97871
2026/09/23 00:48:47.382, 2, 94756, 97871
2026/09/23 00:48:47.382, 3, 94747, 97871
2026/09/23 00:48:47.582, 0, 94748, 97871
2026/09/23 00:48:47.582, 1, 94756, 97871
2026/09/23 00:48:47.582, 2, 94756, 97871
2026/09/23 00:48:47.582, 3, 94747, 97871
2026/09/23 00:48:47.782, 0, 94748, 97871
2026/09/23 00:48:47.782, 1, 94756, 97871
2026/09/23 00:48:47.782, 2, 94756, 97871
2026/09/23 00:48:47.783, 3, 94747, 97871
2026/09/23 00:48:47.983, 0, 94748, 97871
2026/09/23 00:48:47.983, 1, 94756, 97871
2026/09/23 00:48:47.983, 2, 94756, 97871
2026/09/23 00:48:47.983, 3, 94747, 97871
2026/09/23 00:48:48.183, 0, 94748, 97871
2026/09/23 00:48:48.183, 1, 94756, 97871
2026/09/23 00:48:48.183, 2, 94756, 97871
2026/09/23 00:48:48.183, 3, 94747, 97871
2026/09/23 00:48:48.383, 0, 94748, 97871
2026/09/23 00:48:48.383, 1, 94756, 97871
2026/09/23 00:48:48.383, 2, 94756, 97871
2026/09/23 00:48:48.383, 3, 94747, 97871
2026/09/23 00:48:48.584, 0, 94748, 97871
2026/09/23 00:48:48.584, 1, 94756, 97871
2026/09/23 00:48:48.584, 2, 94756, 97871
2026/09/23 00:48:48.584, 3, 94747, 97871
2026/09/23 00:48:48.784, 0, 94748, 97871
2026/09/23 00:48:48.784, 1, 94756, 97871
2026/09/23 00:48:48.784, 2, 94756, 97871
2026/09/23 00:48:48.784, 3, 94747, 97871
2026/09/23 00:48:48.984, 0, 94748, 97871
2026/09/23 00:48:48.984, 1, 94756, 97871
2026/09/23 00:48:48.984, 2, 94756, 97871
2026/09/23 00:48:48.984, 3, 94747, 97871
2026/09/23 00:48:49.185, 0, 94748, 97871
2026/09/23 00:48:49.185, 1, 94756, 97871
2026/09/23 00:48:49.185, 2, 94756, 97871
2026/09/23 00:48:49.185, 3, 94747, 97871
2026/09/23 00:48:49.385, 0, 94748, 97871
2026/09/23 00:48:49.385, 1, 94756, 97871
2026/09/23 00:48:49.385, 2, 94756, 97871
2026/09/23 00:48:49.385, 3, 94747, 97871
2026/09/23 00:48:49.585, 0, 94748, 97871
2026/09/23 00:48:49.585, 1, 94756, 97871
2026/09/23 00:48:49.585, 2, 94756, 97871
2026/09/23 00:48:49.585, 3, 94747, 97871
2026/09/23 00:48:49.785, 0, 94748, 97871
2026/09/23 00:48:49.786, 1, 94756, 97871
2026/09/23 00:48:49.786, 2, 94756, 97871
2026/09/23 00:48:49.786, 3, 94747, 97871
2026/09/23 00:48:49.986, 0, 94748, 97871
2026/09/23 00:48:49.986, 1, 94756, 97871
2026/09/23 00:48:49.986, 2, 94756, 97871
2026/09/23 00:48:49.986, 3, 94747, 97871
2026/09/23 00:48:50.186, 0, 94748, 97871
2026/09/23 00:48:50.186, 1, 94756, 97871
2026/09/23 00:48:50.186, 2, 94756, 97871
2026/09/23 00:48:50.186, 3, 94747, 97871
2026/09/23 00:48:50.386, 0, 94748, 97871
2026/09/23 00:48:50.387, 1, 94756, 97871
2026/09/23 00:48:50.387, 2, 94756, 97871
2026/09/23 00:48:50.387, 3, 94747, 97871
2026/09/23 00:48:50.587, 0, 94748, 97871
2026/09/23 00:48:50.587, 1, 94756, 97871
2026/09/23 00:48:50.587, 2, 94756, 97871
2026/09/23 00:48:50.587, 3, 94747, 97871
2026/09/23 00:48:50.787, 0, 94748, 97871
2026/09/23 00:48:50.787, 1, 94756, 97871
2026/09/23 00:48:50.787, 2, 94756, 97871
2026/09/23 00:48:50.788, 3, 94747, 97871
2026/09/23 00:48:50.988, 0, 94748, 97871
2026/09/23 00:48:50.988, 1, 94756, 97871
2026/09/23 00:48:50.988, 2, 94756, 97871
2026/09/23 00:48:50.988, 3, 94747, 97871
2026/09/23 00:48:51.188, 0, 94748, 97871
2026/09/23 00:48:51.188, 1, 94756, 97871
2026/09/23 00:48:51.188, 2, 94756, 97871
2026/09/23 00:48:51.188, 3, 94747, 97871
2026/09/23 00:48:51.388, 0, 94748, 97871
2026/09/23 00:48:51.388, 1, 94756, 97871
2026/09/23 00:48:51.388, 2, 94756, 97871
2026/09/23 00:48:51.389, 3, 94747, 97871
2026/09/23 00:48:51.589, 0, 94748, 97871
2026/09/23 00:48:51.589, 1, 94756, 97871
2026/09/23 00:48:51.589, 2, 94756, 97871
2026/09/23 00:48:51.589, 3, 94747, 97871
2026/09/23 00:48:51.789, 0, 94748, 97871
2026/09/23 00:48:51.789, 1, 94756, 97871
2026/09/23 00:48:51.789, 2, 94756, 97871
2026/09/23 00:48:51.789, 3, 94747, 97871
2026/09/23 00:48:51.989, 0, 94748, 97871
2026/09/23 00:48:51.989, 1, 94756, 97871
2026/09/23 00:48:51.989, 2, 94756, 97871
2026/09/23 00:48:51.989, 3, 94747, 97871
2026/09/23 00:48:52.190, 0, 94748, 97871
2026/09/23 00:48:52.190, 1, 94756, 97871
2026/09/23 00:48:52.190, 2, 94756, 97871
2026/09/23 00:48:52.190, 3, 94747, 97871
2026/09/23 00:48:52.390, 0, 94748, 97871
2026/09/23 00:48:52.390, 1, 94756, 97871
2026/09/23 00:48:52.390, 2, 94756, 97871
2026/09/23 00:48:52.390, 3, 94747, 97871
2026/09/23 00:48:52.590, 0, 94748, 97871
2026/09/23 00:48:52.591, 1, 94756, 97871
2026/09/23 00:48:52.591, 2, 94756, 97871
2026/09/23 00:48:52.591, 3, 94747, 97871
2026/09/23 00:48:52.791, 0, 94748, 97871
2026/09/23 00:48:52.791, 1, 94756, 97871
2026/09/23 00:48:52.791, 2, 94756, 97871
2026/09/23 00:48:52.791, 3, 94747, 97871
2026/09/23 00:48:52.991, 0, 94748, 97871
2026/09/23 00:48:52.991, 1, 94756, 97871
2026/09/23 00:48:52.991, 2, 94756, 97871
2026/09/23 00:48:52.991, 3, 94747, 97871
2026/09/23 00:48:53.192, 0, 94748, 97871
2026/09/23 00:48:53.192, 1, 94756, 97871
2026/09/23 00:48:53.192, 2, 94756, 97871
2026/09/23 00:48:53.192, 3, 94747, 97871
2026/09/23 00:48:53.392, 0, 94748, 97871
2026/09/23 00:48:53.392, 1, 94756, 97871
2026/09/23 00:48:53.392, 2, 94756, 97871
2026/09/23 00:48:53.392, 3, 94747, 97871
2026/09/23 00:48:53.592, 0, 94748, 97871
2026/09/23 00:48:53.593, 1, 94756, 97871
2026/09/23 00:48:53.593, 2, 94756, 97871
2026/09/23 00:48:53.593, 3, 94747, 97871
2026/09/23 00:48:53.793, 0, 94748, 97871
2026/09/23 00:48:53.793, 1, 94756, 97871
2026/09/23 00:48:53.793, 2, 94756, 97871
2026/09/23 00:48:53.793, 3, 94747, 97871
2026/09/23 00:48:53.993, 0, 94748, 97871
2026/09/23 00:48:53.993, 1, 94756, 97871
2026/09/23 00:48:53.993, 2, 94756, 97871
2026/09/23 00:48:53.993, 3, 94747, 97871
2026/09/23 00:48:54.193, 0, 94748, 97871
2026/09/23 00:48:54.194, 1, 94756, 97871
2026/09/23 00:48:54.194, 2, 94756, 97871
2026/09/23 00:48:54.194, 3, 94747, 97871
2026/09/23 00:48:54.394, 0, 94748, 97871
2026/09/23 00:48:54.394, 1, 94756, 97871
2026/09/23 00:48:54.394, 2, 94756, 97871
2026/09/23 00:48:54.394, 3, 94747, 97871
2026/09/23 00:48:54.594, 0, 94748, 97871
2026/09/23 00:48:54.594, 1, 94756, 97871
2026/09/23 00:48:54.594, 2, 94756, 97871
2026/09/23 00:48:54.594, 3, 94747, 97871
2026/09/23 00:48:54.794, 0, 94748, 97871
2026/09/23 00:48:54.794, 1, 94756, 97871
2026/09/23 00:48:54.795, 2, 94756, 97871
2026/09/23 00:48:54.795, 3, 94747, 97871
2026/09/23 00:48:54.995, 0, 94748, 97871
2026/09/23 00:48:54.995, 1, 94756, 97871
2026/09/23 00:48:54.995, 2, 94756, 97871
2026/09/23 00:48:54.995, 3, 94747, 97871
2026/09/23 00:48:55.195, 0, 94748, 97871
2026/09/23 00:48:55.195, 1, 94756, 97871
2026/09/23 00:48:55.195, 2, 94756, 97871
2026/09/23 00:48:55.195, 3, 94747, 97871
2026/09/23 00:48:55.396, 0, 94748, 97871
2026/09/23 00:48:55.396, 1, 94756, 97871
2026/09/23 00:48:55.396, 2, 94756, 97871
2026/09/23 00:48:55.396, 3, 94747, 97871
2026/09/23 00:48:55.596, 0, 94748, 97871
2026/09/23 00:48:55.596, 1, 94756, 97871
2026/09/23 00:48:55.596, 2, 94756, 97871
2026/09/23 00:48:55.596, 3, 94747, 97871
2026/09/23 00:48:55.796, 0, 94748, 97871
2026/09/23 00:48:55.796, 1, 94756, 97871
2026/09/23 00:48:55.797, 2, 94756, 97871
2026/09/23 00:48:55.797, 3, 94747, 97871
2026/09/23 00:48:55.997, 0, 94748, 97871
2026/09/23 00:48:55.997, 1, 94756, 97871
2026/09/23 00:48:55.997, 2, 94756, 97871
2026/09/23 00:48:55.997, 3, 94747, 97871
2026/09/23 00:48:56.197, 0, 94748, 97871
2026/09/23 00:48:56.197, 1, 94756, 97871
2026/09/23 00:48:56.197, 2, 94756, 97871
2026/09/23 00:48:56.197, 3, 94747, 97871
2026/09/23 00:48:56.397, 0, 94748, 97871
2026/09/23 00:48:56.397, 1, 94756, 97871
2026/09/23 00:48:56.398, 2, 94756, 97871
2026/09/23 00:48:56.398, 3, 94747, 97871
2026/09/23 00:48:56.598, 0, 94748, 97871
2026/09/23 00:48:56.598, 1, 94756, 97871
2026/09/23 00:48:56.598, 2, 94756, 97871
2026/09/23 00:48:56.598, 3, 94747, 97871
2026/09/23 00:48:56.798, 0, 94748, 97871
2026/09/23 00:48:56.798, 1, 94756, 97871
2026/09/23 00:48:56.798, 2, 94756, 97871
2026/09/23 00:48:56.798, 3, 94747, 97871
2026/09/23 00:48:56.998, 0, 94748, 97871
2026/09/23 00:48:56.999, 1, 94756, 97871
2026/09/23 00:48:56.999, 2, 94756, 97871
2026/09/23 00:48:56.999, 3, 94747, 97871
2026/09/23 00:48:57.199, 0, 94748, 97871
2026/09/23 00:48:57.199, 1, 94756, 97871
2026/09/23 00:48:57.199, 2, 94756, 97871
2026/09/23 00:48:57.199, 3, 94747, 97871
2026/09/23 00:48:57.399, 0, 94748, 97871
2026/09/23 00:48:57.399, 1, 94756, 97871
2026/09/23 00:48:57.399, 2, 94756, 97871
2026/09/23 00:48:57.399, 3, 94747, 97871
2026/09/23 00:48:57.600, 0, 94748, 97871
2026/09/23 00:48:57.600, 1, 94756, 97871
2026/09/23 00:48:57.600, 2, 94756, 97871
2026/09/23 00:48:57.600, 3, 94747, 97871
2026/09/23 00:48:57.800, 0, 94748, 97871
2026/09/23 00:48:57.800, 1, 94756, 97871
2026/09/23 00:48:57.800, 2, 94756, 97871
2026/09/23 00:48:57.800, 3, 94747, 97871
2026/09/23 00:48:58.000, 0, 94748, 97871
2026/09/23 00:48:58.000, 1, 94756, 97871
2026/09/23 00:48:58.000, 2, 94756, 97871
2026/09/23 00:48:58.001, 3, 94747, 97871
2026/09/23 00:48:58.201, 0, 94748, 97871
2026/09/23 00:48:58.201, 1, 94756, 97871
2026/09/23 00:48:58.201, 2, 94756, 97871
2026/09/23 00:48:58.201, 3, 94747, 97871
2026/09/23 00:48:58.401, 0, 94748, 97871
2026/09/23 00:48:58.401, 1, 94756, 97871
2026/09/23 00:48:58.401, 2, 94756, 97871
2026/09/23 00:48:58.401, 3, 94747, 97871
2026/09/23 00:48:58.601, 0, 94748, 97871
2026/09/23 00:48:58.602, 1, 94756, 97871
2026/09/23 00:48:58.602, 2, 94756, 97871
2026/09/23 00:48:58.602, 3, 94747, 97871
2026/09/23 00:48:58.802, 0, 94748, 97871
2026/09/23 00:48:58.802, 1, 94756, 97871
2026/09/23 00:48:58.802, 2, 94756, 97871
2026/09/23 00:48:58.802, 3, 94747, 97871
2026/09/23 00:48:59.002, 0, 94748, 97871
2026/09/23 00:48:59.002, 1, 94756, 97871
2026/09/23 00:48:59.002, 2, 94756, 97871
2026/09/23 00:48:59.002, 3, 94747, 97871
2026/09/23 00:48:59.202, 0, 94748, 97871
2026/09/23 00:48:59.203, 1, 94756, 97871
2026/09/23 00:48:59.203, 2, 94756, 97871
2026/09/23 00:48:59.203, 3, 94747, 97871
2026/09/23 00:48:59.403, 0, 94748, 97871
2026/09/23 00:48:59.403, 1, 94756, 97871
2026/09/23 00:48:59.403, 2, 94756, 97871
2026/09/23 00:48:59.403, 3, 94747, 97871
2026/09/23 00:48:59.604, 0, 94748, 97871
2026/09/23 00:48:59.604, 1, 94756, 97871
2026/09/23 00:48:59.604, 2, 94756, 97871
2026/09/23 00:48:59.604, 3, 94747, 97871
2026/09/23 00:48:59.804, 0, 94748, 97871
2026/09/23 00:48:59.804, 1, 94756, 97871
2026/09/23 00:48:59.804, 2, 94756, 97871
2026/09/23 00:48:59.804, 3, 94747, 97871
2026/09/23 00:49:00.004, 0, 94748, 97871
2026/09/23 00:49:00.005, 1, 94756, 97871
2026/09/23 00:49:00.005, 2, 94756, 97871
2026/09/23 00:49:00.005, 3, 94747, 97871
2026/09/23 00:49:00.205, 0, 94748, 97871
2026/09/23 00:49:00.205, 1, 94756, 97871
2026/09/23 00:49:00.205, 2, 94756, 97871
2026/09/23 00:49:00.205, 3, 94747, 97871
2026/09/23 00:49:00.405, 0, 94748, 97871
2026/09/23 00:49:00.405, 1, 94756, 97871
2026/09/23 00:49:00.405, 2, 94756, 97871
2026/09/23 00:49:00.405, 3, 94747, 97871
2026/09/23 00:49:00.605, 0, 94748, 97871
2026/09/23 00:49:00.606, 1, 94756, 97871
2026/09/23 00:49:00.606, 2, 94756, 97871
2026/09/23 00:49:00.606, 3, 94747, 97871
2026/09/23 00:49:00.806, 0, 94748, 97871
2026/09/23 00:49:00.806, 1, 94756, 97871
2026/09/23 00:49:00.806, 2, 94756, 97871
2026/09/23 00:49:00.806, 3, 94747, 97871
2026/09/23 00:49:01.006, 0, 94748, 97871
2026/09/23 00:49:01.006, 1, 94756, 97871
2026/09/23 00:49:01.006, 2, 94756, 97871
2026/09/23 00:49:01.006, 3, 94747, 97871
2026/09/23 00:49:01.206, 0, 94748, 97871
2026/09/23 00:49:01.207, 1, 94756, 97871
2026/09/23 00:49:01.207, 2, 94756, 97871
2026/09/23 00:49:01.207, 3, 94747, 97871
2026/09/23 00:49:01.407, 0, 94748, 97871
2026/09/23 00:49:01.407, 1, 94756, 97871
2026/09/23 00:49:01.407, 2, 94756, 97871
2026/09/23 00:49:01.407, 3, 94747, 97871
2026/09/23 00:49:01.607, 0, 94748, 97871
2026/09/23 00:49:01.607, 1, 94756, 97871
2026/09/23 00:49:01.607, 2, 94756, 97871
2026/09/23 00:49:01.607, 3, 94747, 97871
2026/09/23 00:49:01.807, 0, 94748, 97871
2026/09/23 00:49:01.808, 1, 94756, 97871
2026/09/23 00:49:01.808, 2, 94756, 97871
2026/09/23 00:49:01.808, 3, 94747, 97871
2026/09/23 00:49:02.008, 0, 94748, 97871
2026/09/23 00:49:02.008, 1, 94756, 97871
2026/09/23 00:49:02.008, 2, 94756, 97871
2026/09/23 00:49:02.008, 3, 94747, 97871
2026/09/23 00:49:02.208, 0, 94748, 97871
2026/09/23 00:49:02.208, 1, 94756, 97871
2026/09/23 00:49:02.208, 2, 94756, 97871
2026/09/23 00:49:02.208, 3, 94747, 97871
2026/09/23 00:49:02.409, 0, 94748, 97871
2026/09/23 00:49:02.409, 1, 94756, 97871
2026/09/23 00:49:02.409, 2, 94756, 97871
2026/09/23 00:49:02.409, 3, 94747, 97871
2026/09/23 00:49:02.609, 0, 94748, 97871
2026/09/23 00:49:02.609, 1, 94756, 97871
2026/09/23 00:49:02.609, 2, 94756, 97871
2026/09/23 00:49:02.609, 3, 94747, 97871
2026/09/23 00:49:02.809, 0, 94748, 97871
2026/09/23 00:49:02.809, 1, 94756, 97871
2026/09/23 00:49:02.809, 2, 94756, 97871
2026/09/23 00:49:02.809, 3, 94747, 97871
2026/09/23 00:49:03.009, 0, 94748, 97871
2026/09/23 00:49:03.010, 1, 94756, 97871
2026/09/23 00:49:03.010, 2, 94756, 97871
2026/09/23 00:49:03.010, 3, 94747, 97871
2026/09/23 00:49:03.210, 0, 94748, 97871
2026/09/23 00:49:03.210, 1, 94756, 97871
2026/09/23 00:49:03.210, 2, 94756, 97871
2026/09/23 00:49:03.210, 3, 94747, 97871
2026/09/23 00:49:03.410, 0, 94748, 97871
2026/09/23 00:49:03.410, 1, 94756, 97871
2026/09/23 00:49:03.410, 2, 94756, 97871
2026/09/23 00:49:03.410, 3, 94747, 97871
2026/09/23 00:49:03.610, 0, 94748, 97871
2026/09/23 00:49:03.611, 1, 94756, 97871
2026/09/23 00:49:03.611, 2, 94756, 97871
2026/09/23 00:49:03.611, 3, 94747, 97871
2026/09/23 00:49:03.811, 0, 94748, 97871
2026/09/23 00:49:03.811, 1, 94756, 97871
2026/09/23 00:49:03.811, 2, 94756, 97871
2026/09/23 00:49:03.811, 3, 94747, 97871
2026/09/23 00:49:04.011, 0, 94748, 97871
2026/09/23 00:49:04.011, 1, 94756, 97871
2026/09/23 00:49:04.011, 2, 94756, 97871
2026/09/23 00:49:04.011, 3, 94747, 97871
2026/09/23 00:49:04.212, 0, 94748, 97871
2026/09/23 00:49:04.212, 1, 94756, 97871
2026/09/23 00:49:04.212, 2, 94756, 97871
2026/09/23 00:49:04.212, 3, 94747, 97871
2026/09/23 00:49:04.412, 0, 94748, 97871
2026/09/23 00:49:04.412, 1, 94756, 97871
2026/09/23 00:49:04.412, 2, 94756, 97871
2026/09/23 00:49:04.412, 3, 94747, 97871
2026/09/23 00:49:04.612, 0, 94748, 97871
2026/09/23 00:49:04.612, 1, 94756, 97871
2026/09/23 00:49:04.613, 2, 94756, 97871
2026/09/23 00:49:04.613, 3, 94747, 97871
2026/09/23 00:49:04.813, 0, 94748, 97871
2026/09/23 00:49:04.813, 1, 94756, 97871
2026/09/23 00:49:04.813, 2, 94756, 97871
2026/09/23 00:49:04.813, 3, 94747, 97871
2026/09/23 00:49:05.013, 0, 94748, 97871
2026/09/23 00:49:05.013, 1, 94756, 97871
2026/09/23 00:49:05.013, 2, 94756, 97871
2026/09/23 00:49:05.013, 3, 94747, 97871
2026/09/23 00:49:05.213, 0, 94748, 97871
2026/09/23 00:49:05.213, 1, 94756, 97871
2026/09/23 00:49:05.213, 2, 94756, 97871
2026/09/23 00:49:05.213, 3, 94747, 97871
2026/09/23 00:49:05.413, 0, 94748, 97871
2026/09/23 00:49:05.413, 1, 94756, 97871
2026/09/23 00:49:05.414, 2, 94756, 97871
2026/09/23 00:49:05.414, 3, 94747, 97871
2026/09/23 00:49:05.614, 0, 94748, 97871
2026/09/23 00:49:05.614, 1, 94756, 97871
2026/09/23 00:49:05.614, 2, 94756, 97871
2026/09/23 00:49:05.614, 3, 94747, 97871
2026/09/23 00:49:05.814, 0, 94748, 97871
2026/09/23 00:49:05.814, 1, 94756, 97871
2026/09/23 00:49:05.814, 2, 94756, 97871
2026/09/23 00:49:05.814, 3, 94747, 97871
2026/09/23 00:49:06.014, 0, 94748, 97871
2026/09/23 00:49:06.014, 1, 94756, 97871
2026/09/23 00:49:06.014, 2, 94756, 97871
2026/09/23 00:49:06.014, 3, 94747, 97871
2026/09/23 00:49:06.215, 0, 94748, 97871
2026/09/23 00:49:06.215, 1, 94756, 97871
2026/09/23 00:49:06.215, 2, 94756, 97871
2026/09/23 00:49:06.215, 3, 94747, 97871
2026/09/23 00:49:06.415, 0, 94748, 97871
2026/09/23 00:49:06.415, 1, 94756, 97871
2026/09/23 00:49:06.415, 2, 94756, 97871
2026/09/23 00:49:06.415, 3, 94747, 97871
2026/09/23 00:49:06.615, 0, 94748, 97871
2026/09/23 00:49:06.615, 1, 94756, 97871
2026/09/23 00:49:06.615, 2, 94756, 97871
2026/09/23 00:49:06.616, 3, 94747, 97871
2026/09/23 00:49:06.816, 0, 94748, 97871
2026/09/23 00:49:06.816, 1, 94756, 97871
2026/09/23 00:49:06.816, 2, 94756, 97871
2026/09/23 00:49:06.816, 3, 94747, 97871
2026/09/23 00:49:07.016, 0, 94748, 97871
2026/09/23 00:49:07.016, 1, 94756, 97871
2026/09/23 00:49:07.016, 2, 94756, 97871
2026/09/23 00:49:07.016, 3, 94747, 97871
2026/09/23 00:49:07.216, 0, 94748, 97871
2026/09/23 00:49:07.217, 1, 94756, 97871
2026/09/23 00:49:07.217, 2, 94756, 97871
2026/09/23 00:49:07.217, 3, 94747, 97871
2026/09/23 00:49:07.417, 0, 94748, 97871
2026/09/23 00:49:07.417, 1, 94756, 97871
2026/09/23 00:49:07.417, 2, 94756, 97871
2026/09/23 00:49:07.417, 3, 94747, 97871
2026/09/23 00:49:07.617, 0, 94748, 97871
2026/09/23 00:49:07.617, 1, 94756, 97871
2026/09/23 00:49:07.617, 2, 94756, 97871
2026/09/23 00:49:07.617, 3, 94747, 97871
2026/09/23 00:49:07.817, 0, 94748, 97871
2026/09/23 00:49:07.818, 1, 94756, 97871
2026/09/23 00:49:07.818, 2, 94756, 97871
2026/09/23 00:49:07.818, 3, 94747, 97871
2026/09/23 00:49:08.018, 0, 94748, 97871
2026/09/23 00:49:08.018, 1, 94756, 97871
2026/09/23 00:49:08.018, 2, 94756, 97871
2026/09/23 00:49:08.018, 3, 94747, 97871
2026/09/23 00:49:08.218, 0, 94748, 97871
2026/09/23 00:49:08.218, 1, 94756, 97871
2026/09/23 00:49:08.218, 2, 94756, 97871
2026/09/23 00:49:08.218, 3, 94747, 97871
2026/09/23 00:49:08.418, 0, 94748, 97871
2026/09/23 00:49:08.419, 1, 94756, 97871
2026/09/23 00:49:08.419, 2, 94756, 97871
2026/09/23 00:49:08.419, 3, 94747, 97871
2026/09/23 00:49:08.619, 0, 94748, 97871
2026/09/23 00:49:08.619, 1, 94756, 97871
2026/09/23 00:49:08.619, 2, 94756, 97871
2026/09/23 00:49:08.619, 3, 94747, 97871
2026/09/23 00:49:08.819, 0, 94748, 97871
2026/09/23 00:49:08.819, 1, 94756, 97871
2026/09/23 00:49:08.819, 2, 94756, 97871
2026/09/23 00:49:08.819, 3, 94747, 97871
2026/09/23 00:49:09.019, 0, 94748, 97871
2026/09/23 00:49:09.020, 1, 94756, 97871
2026/09/23 00:49:09.020, 2, 94756, 97871
2026/09/23 00:49:09.020, 3, 94747, 97871
2026/09/23 00:49:09.220, 0, 94748, 97871
2026/09/23 00:49:09.220, 1, 94756, 97871
2026/09/23 00:49:09.220, 2, 94756, 97871
2026/09/23 00:49:09.220, 3, 94747, 97871
2026/09/23 00:49:09.420, 0, 94748, 97871
2026/09/23 00:49:09.420, 1, 94756, 97871
2026/09/23 00:49:09.420, 2, 94756, 97871
2026/09/23 00:49:09.420, 3, 94747, 97871
2026/09/23 00:49:09.621, 0, 94748, 97871
2026/09/23 00:49:09.621, 1, 94756, 97871
2026/09/23 00:49:09.621, 2, 94756, 97871
2026/09/23 00:49:09.621, 3, 94747, 97871
2026/09/23 00:49:09.821, 0, 94748, 97871
2026/09/23 00:49:09.821, 1, 94756, 97871
2026/09/23 00:49:09.821, 2, 94756, 97871
2026/09/23 00:49:09.821, 3, 94747, 97871
2026/09/23 00:49:10.021, 0, 94748, 97871
2026/09/23 00:49:10.021, 1, 94756, 97871
2026/09/23 00:49:10.021, 2, 94756, 97871
2026/09/23 00:49:10.022, 3, 94747, 97871
2026/09/23 00:49:10.222, 0, 94748, 97871
2026/09/23 00:49:10.222, 1, 94756, 97871
2026/09/23 00:49:10.222, 2, 94756, 97871
2026/09/23 00:49:10.222, 3, 94747, 97871
2026/09/23 00:49:10.422, 0, 94748, 97871
2026/09/23 00:49:10.422, 1, 94756, 97871
2026/09/23 00:49:10.422, 2, 94756, 97871
2026/09/23 00:49:10.422, 3, 94747, 97871
2026/09/23 00:49:10.623, 0, 94748, 97871
2026/09/23 00:49:10.623, 1, 94756, 97871
2026/09/23 00:49:10.623, 2, 94756, 97871
2026/09/23 00:49:10.623, 3, 94747, 97871
2026/09/23 00:49:10.823, 0, 94748, 97871
2026/09/23 00:49:10.823, 1, 94756, 97871
2026/09/23 00:49:10.823, 2, 94756, 97871
2026/09/23 00:49:10.823, 3, 94747, 97871
2026/09/23 00:49:11.023, 0, 94748, 97871
2026/09/23 00:49:11.023, 1, 94756, 97871
2026/09/23 00:49:11.023, 2, 94756, 97871
2026/09/23 00:49:11.023, 3, 94747, 97871
2026/09/23 00:49:11.224, 0, 94748, 97871
2026/09/23 00:49:11.224, 1, 94756, 97871
2026/09/23 00:49:11.224, 2, 94756, 97871
2026/09/23 00:49:11.224, 3, 94747, 97871
2026/09/23 00:49:11.424, 0, 94748, 97871
2026/09/23 00:49:11.424, 1, 94756, 97871
2026/09/23 00:49:11.424, 2, 94756, 97871
2026/09/23 00:49:11.424, 3, 94747, 97871
2026/09/23 00:49:11.624, 0, 94748, 97871
2026/09/23 00:49:11.624, 1, 94756, 97871
2026/09/23 00:49:11.624, 2, 94756, 97871
2026/09/23 00:49:11.624, 3, 94747, 97871
2026/09/23 00:49:11.824, 0, 94748, 97871
2026/09/23 00:49:11.825, 1, 94756, 97871
2026/09/23 00:49:11.825, 2, 94756, 97871
2026/09/23 00:49:11.825, 3, 94747, 97871
2026/09/23 00:49:12.025, 0, 94748, 97871
2026/09/23 00:49:12.025, 1, 94756, 97871
2026/09/23 00:49:12.025, 2, 94756, 97871
2026/09/23 00:49:12.025, 3, 94747, 97871
2026/09/23 00:49:12.225, 0, 94748, 97871
2026/09/23 00:49:12.225, 1, 94756, 97871
2026/09/23 00:49:12.225, 2, 94756, 97871
2026/09/23 00:49:12.226, 3, 94747, 97871
2026/09/23 00:49:12.426, 0, 94748, 97871
2026/09/23 00:49:12.426, 1, 94756, 97871
2026/09/23 00:49:12.426, 2, 94756, 97871
2026/09/23 00:49:12.426, 3, 94747, 97871
2026/09/23 00:49:12.626, 0, 94748, 97871
2026/09/23 00:49:12.626, 1, 94756, 97871
2026/09/23 00:49:12.626, 2, 94756, 97871
2026/09/23 00:49:12.626, 3, 94747, 97871
2026/09/23 00:49:12.826, 0, 94748, 97871
2026/09/23 00:49:12.827, 1, 94756, 97871
2026/09/23 00:49:12.827, 2, 94756, 97871
2026/09/23 00:49:12.827, 3, 94747, 97871
2026/09/23 00:49:13.027, 0, 94748, 97871
2026/09/23 00:49:13.027, 1, 94756, 97871
2026/09/23 00:49:13.027, 2, 94756, 97871
2026/09/23 00:49:13.027, 3, 94747, 97871
2026/09/23 00:49:13.227, 0, 94748, 97871
2026/09/23 00:49:13.227, 1, 94756, 97871
2026/09/23 00:49:13.227, 2, 94756, 97871
2026/09/23 00:49:13.227, 3, 94747, 97871
2026/09/23 00:49:13.428, 0, 94748, 97871
2026/09/23 00:49:13.428, 1, 94756, 97871
2026/09/23 00:49:13.428, 2, 94756, 97871
2026/09/23 00:49:13.428, 3, 94747, 97871
2026/09/23 00:49:13.628, 0, 94748, 97871
2026/09/23 00:49:13.628, 1, 94756, 97871
2026/09/23 00:49:13.628, 2, 94756, 97871
2026/09/23 00:49:13.628, 3, 94747, 97871
2026/09/23 00:49:13.828, 0, 94748, 97871
2026/09/23 00:49:13.828, 1, 94756, 97871
2026/09/23 00:49:13.828, 2, 94756, 97871
2026/09/23 00:49:13.829, 3, 94747, 97871
2026/09/23 00:49:14.029, 0, 94748, 97871
2026/09/23 00:49:14.029, 1, 94756, 97871
2026/09/23 00:49:14.029, 2, 94756, 97871
2026/09/23 00:49:14.029, 3, 94747, 97871
2026/09/23 00:49:14.229, 0, 94748, 97871
2026/09/23 00:49:14.229, 1, 94756, 97871
2026/09/23 00:49:14.229, 2, 94756, 97871
2026/09/23 00:49:14.229, 3, 94747, 97871
2026/09/23 00:49:14.429, 0, 94748, 97871
2026/09/23 00:49:14.429, 1, 94756, 97871
2026/09/23 00:49:14.430, 2, 94756, 97871
2026/09/23 00:49:14.430, 3, 94747, 97871
2026/09/23 00:49:14.630, 0, 94748, 97871
2026/09/23 00:49:14.630, 1, 94756, 97871
2026/09/23 00:49:14.630, 2, 94756, 97871
2026/09/23 00:49:14.630, 3, 94747, 97871
2026/09/23 00:49:14.830, 0, 94748, 97871
2026/09/23 00:49:14.830, 1, 94756, 97871
2026/09/23 00:49:14.830, 2, 94756, 97871
2026/09/23 00:49:14.830, 3, 94747, 97871
2026/09/23 00:49:15.030, 0, 94748, 97871
2026/09/23 00:49:15.031, 1, 94756, 97871
2026/09/23 00:49:15.031, 2, 94756, 97871
2026/09/23 00:49:15.031, 3, 94747, 97871
2026/09/23 00:49:15.231, 0, 94748, 97871
2026/09/23 00:49:15.231, 1, 94756, 97871
2026/09/23 00:49:15.231, 2, 94756, 97871
2026/09/23 00:49:15.231, 3, 94747, 97871
2026/09/23 00:49:15.431, 0, 94748, 97871
2026/09/23 00:49:15.431, 1, 94756, 97871
2026/09/23 00:49:15.431, 2, 94756, 97871
2026/09/23 00:49:15.432, 3, 94747, 97871
2026/09/23 00:49:15.632, 0, 94748, 97871
2026/09/23 00:49:15.632, 1, 94756, 97871
2026/09/23 00:49:15.632, 2, 94756, 97871
2026/09/23 00:49:15.632, 3, 94747, 97871
2026/09/23 00:49:15.832, 0, 94748, 97871
2026/09/23 00:49:15.832, 1, 94756, 97871
2026/09/23 00:49:15.832, 2, 94756, 97871
2026/09/23 00:49:15.832, 3, 94747, 97871
2026/09/23 00:49:16.032, 0, 94748, 97871
2026/09/23 00:49:16.032, 1, 94756, 97871
2026/09/23 00:49:16.033, 2, 94756, 97871
2026/09/23 00:49:16.033, 3, 94747, 97871
2026/09/23 00:49:16.233, 0, 94748, 97871
2026/09/23 00:49:16.233, 1, 94756, 97871
2026/09/23 00:49:16.233, 2, 94756, 97871
2026/09/23 00:49:16.233, 3, 94747, 97871
2026/09/23 00:49:16.433, 0, 94748, 97871
2026/09/23 00:49:16.433, 1, 94756, 97871
2026/09/23 00:49:16.433, 2, 94756, 97871
2026/09/23 00:49:16.433, 3, 94747, 97871
2026/09/23 00:49:16.634, 0, 94748, 97871
2026/09/23 00:49:16.634, 1, 94756, 97871
2026/09/23 00:49:16.634, 2, 94756, 97871
2026/09/23 00:49:16.634, 3, 94747, 97871
2026/09/23 00:49:16.834, 0, 94748, 97871
2026/09/23 00:49:16.834, 1, 94756, 97871
2026/09/23 00:49:16.834, 2, 94756, 97871
2026/09/23 00:49:16.834, 3, 94747, 97871
2026/09/23 00:49:17.034, 0, 94748, 97871
2026/09/23 00:49:17.034, 1, 94756, 97871
2026/09/23 00:49:17.035, 2, 94756, 97871
2026/09/23 00:49:17.035, 3, 94747, 97871
2026/09/23 00:49:17.235, 0, 94748, 97871
2026/09/23 00:49:17.235, 1, 94756, 97871
2026/09/23 00:49:17.235, 2, 94756, 97871
2026/09/23 00:49:17.235, 3, 94747, 97871
2026/09/23 00:49:17.435, 0, 94748, 97871
2026/09/23 00:49:17.435, 1, 94756, 97871
2026/09/23 00:49:17.435, 2, 94756, 97871
2026/09/23 00:49:17.435, 3, 94747, 97871
2026/09/23 00:49:17.635, 0, 94748, 97871
2026/09/23 00:49:17.635, 1, 94756, 97871
2026/09/23 00:49:17.636, 2, 94756, 97871
2026/09/23 00:49:17.636, 3, 94747, 97871
2026/09/23 00:49:17.836, 0, 94748, 97871
2026/09/23 00:49:17.836, 1, 94756, 97871
2026/09/23 00:49:17.836, 2, 94756, 97871
2026/09/23 00:49:17.836, 3, 94747, 97871
2026/09/23 00:49:18.036, 0, 94748, 97871
2026/09/23 00:49:18.036, 1, 94756, 97871
2026/09/23 00:49:18.036, 2, 94756, 97871
2026/09/23 00:49:18.036, 3, 94747, 97871
2026/09/23 00:49:18.236, 0, 94748, 97871
2026/09/23 00:49:18.237, 1, 94756, 97871
2026/09/23 00:49:18.237, 2, 94756, 97871
2026/09/23 00:49:18.237, 3, 94747, 97871
2026/09/23 00:49:18.437, 0, 94748, 97871
2026/09/23 00:49:18.437, 1, 94756, 97871
2026/09/23 00:49:18.437, 2, 94756, 97871
2026/09/23 00:49:18.437, 3, 94747, 97871
2026/09/23 00:49:18.637, 0, 94748, 97871
2026/09/23 00:49:18.637, 1, 94756, 97871
2026/09/23 00:49:18.637, 2, 94756, 97871
2026/09/23 00:49:18.637, 3, 94747, 97871
2026/09/23 00:49:18.837, 0, 94748, 97871
2026/09/23 00:49:18.838, 1, 94756, 97871
2026/09/23 00:49:18.838, 2, 94756, 97871
2026/09/23 00:49:18.838, 3, 94747, 97871
2026/09/23 00:49:19.038, 0, 94748, 97871
2026/09/23 00:49:19.038, 1, 94756, 97871
2026/09/23 00:49:19.038, 2, 94756, 97871
2026/09/23 00:49:19.038, 3, 94747, 97871
2026/09/23 00:49:19.238, 0, 94748, 97871
2026/09/23 00:49:19.238, 1, 94756, 97871
2026/09/23 00:49:19.238, 2, 94756, 97871
2026/09/23 00:49:19.238, 3, 94747, 97871
2026/09/23 00:49:19.439, 0, 94748, 97871
2026/09/23 00:49:19.439, 1, 94756, 97871
2026/09/23 00:49:19.439, 2, 94756, 97871
2026/09/23 00:49:19.439, 3, 94747, 97871
2026/09/23 00:49:19.639, 0, 94748, 97871
2026/09/23 00:49:19.639, 1, 94756, 97871
2026/09/23 00:49:19.639, 2, 94756, 97871
2026/09/23 00:49:19.639, 3, 94747, 97871
2026/09/23 00:49:19.839, 0, 94748, 97871
2026/09/23 00:49:19.839, 1, 94756, 97871
2026/09/23 00:49:19.839, 2, 94756, 97871
2026/09/23 00:49:19.840, 3, 94747, 97871
2026/09/23 00:49:20.040, 0, 94748, 97871
2026/09/23 00:49:20.040, 1, 94756, 97871
2026/09/23 00:49:20.040, 2, 94756, 97871
2026/09/23 00:49:20.040, 3, 94747, 97871
2026/09/23 00:49:20.240, 0, 94748, 97871
2026/09/23 00:49:20.240, 1, 94756, 97871
2026/09/23 00:49:20.240, 2, 94756, 97871
2026/09/23 00:49:20.240, 3, 94747, 97871
2026/09/23 00:49:20.440, 0, 94748, 97871
2026/09/23 00:49:20.441, 1, 94756, 97871
2026/09/23 00:49:20.441, 2, 94756, 97871
2026/09/23 00:49:20.441, 3, 94747, 97871
2026/09/23 00:49:20.641, 0, 94748, 97871
2026/09/23 00:49:20.641, 1, 94756, 97871
2026/09/23 00:49:20.641, 2, 94756, 97871
2026/09/23 00:49:20.641, 3, 94747, 97871
2026/09/23 00:49:20.841, 0, 94748, 97871
2026/09/23 00:49:20.841, 1, 94756, 97871
2026/09/23 00:49:20.841, 2, 94756, 97871
2026/09/23 00:49:20.841, 3, 94747, 97871
2026/09/23 00:49:21.042, 0, 94748, 97871
2026/09/23 00:49:21.042, 1, 94756, 97871
2026/09/23 00:49:21.042, 2, 94756, 97871
2026/09/23 00:49:21.042, 3, 94747, 97871
2026/09/23 00:49:21.242, 0, 94748, 97871
2026/09/23 00:49:21.242, 1, 94756, 97871
2026/09/23 00:49:21.242, 2, 94756, 97871
2026/09/23 00:49:21.242, 3, 94747, 97871
2026/09/23 00:49:21.442, 0, 94748, 97871
2026/09/23 00:49:21.442, 1, 94756, 97871
2026/09/23 00:49:21.443, 2, 94756, 97871
2026/09/23 00:49:21.443, 3, 94747, 97871
2026/09/23 00:49:21.643, 0, 94748, 97871
2026/09/23 00:49:21.643, 1, 94756, 97871
2026/09/23 00:49:21.643, 2, 94756, 97871
2026/09/23 00:49:21.643, 3, 94747, 97871
2026/09/23 00:49:21.843, 0, 94748, 97871
2026/09/23 00:49:21.843, 1, 94756, 97871
2026/09/23 00:49:21.843, 2, 94756, 97871
2026/09/23 00:49:21.843, 3, 94747, 97871
2026/09/23 00:49:22.043, 0, 94748, 97871
2026/09/23 00:49:22.043, 1, 94756, 97871
2026/09/23 00:49:22.044, 2, 94756, 97871
2026/09/23 00:49:22.044, 3, 94747, 97871
2026/09/23 00:49:22.244, 0, 94748, 97871
2026/09/23 00:49:22.244, 1, 94756, 97871
2026/09/23 00:49:22.244, 2, 94756, 97871
2026/09/23 00:49:22.244, 3, 94747, 97871
2026/09/23 00:49:22.444, 0, 94748, 97871
2026/09/23 00:49:22.444, 1, 94756, 97871
2026/09/23 00:49:22.444, 2, 94756, 97871
2026/09/23 00:49:22.445, 3, 94747, 97871
2026/09/23 00:49:22.645, 0, 94748, 97871
2026/09/23 00:49:22.645, 1, 94756, 97871
2026/09/23 00:49:22.645, 2, 94756, 97871
2026/09/23 00:49:22.645, 3, 94747, 97871
2026/09/23 00:49:22.845, 0, 94748, 97871
2026/09/23 00:49:22.845, 1, 94756, 97871
2026/09/23 00:49:22.845, 2, 94756, 97871
2026/09/23 00:49:22.845, 3, 94747, 97871
2026/09/23 00:49:23.045, 0, 94748, 97871
2026/09/23 00:49:23.045, 1, 94756, 97871
2026/09/23 00:49:23.046, 2, 94756, 97871
2026/09/23 00:49:23.046, 3, 94747, 97871
2026/09/23 00:49:23.246, 0, 94748, 97871
2026/09/23 00:49:23.246, 1, 94756, 97871
2026/09/23 00:49:23.246, 2, 94756, 97871
2026/09/23 00:49:23.246, 3, 94747, 97871
2026/09/23 00:49:23.446, 0, 94748, 97871
2026/09/23 00:49:23.446, 1, 94756, 97871
2026/09/23 00:49:23.446, 2, 94756, 97871
2026/09/23 00:49:23.446, 3, 94747, 97871
2026/09/23 00:49:23.647, 0, 94748, 97871
2026/09/23 00:49:23.647, 1, 94756, 97871
2026/09/23 00:49:23.647, 2, 94756, 97871
2026/09/23 00:49:23.647, 3, 94747, 97871
2026/09/23 00:49:23.847, 0, 94748, 97871
2026/09/23 00:49:23.847, 1, 94756, 97871
2026/09/23 00:49:23.847, 2, 94756, 97871
2026/09/23 00:49:23.847, 3, 94747, 97871
2026/09/23 00:49:24.047, 0, 94748, 97871
2026/09/23 00:49:24.047, 1, 94756, 97871
2026/09/23 00:49:24.048, 2, 94756, 97871
2026/09/23 00:49:24.048, 3, 94747, 97871
2026/09/23 00:49:24.248, 0, 94748, 97871
2026/09/23 00:49:24.248, 1, 94756, 97871
2026/09/23 00:49:24.248, 2, 94756, 97871
2026/09/23 00:49:24.248, 3, 94747, 97871
2026/09/23 00:49:24.448, 0, 94748, 97871
2026/09/23 00:49:24.448, 1, 94756, 97871
2026/09/23 00:49:24.448, 2, 94756, 97871
2026/09/23 00:49:24.448, 3, 94747, 97871
2026/09/23 00:49:24.648, 0, 94748, 97871
2026/09/23 00:49:24.648, 1, 94756, 97871
2026/09/23 00:49:24.649, 2, 94756, 97871
2026/09/23 00:49:24.649, 3, 94747, 97871
2026/09/23 00:49:24.849, 0, 94748, 97871
2026/09/23 00:49:24.849, 1, 94756, 97871
2026/09/23 00:49:24.849, 2, 94756, 97871
2026/09/23 00:49:24.849, 3, 94747, 97871
2026/09/23 00:49:25.049, 0, 94748, 97871
2026/09/23 00:49:25.049, 1, 94756, 97871
2026/09/23 00:49:25.049, 2, 94756, 97871
2026/09/23 00:49:25.049, 3, 94747, 97871
2026/09/23 00:49:25.249, 0, 94748, 97871
2026/09/23 00:49:25.249, 1, 94756, 97871
2026/09/23 00:49:25.249, 2, 94756, 97871
2026/09/23 00:49:25.249, 3, 94747, 97871
2026/09/23 00:49:25.449, 0, 94748, 97871
2026/09/23 00:49:25.449, 1, 94756, 97871
2026/09/23 00:49:25.449, 2, 94756, 97871
2026/09/23 00:49:25.449, 3, 94747, 97871
2026/09/23 00:49:25.650, 0, 94748, 97871
2026/09/23 00:49:25.650, 1, 94756, 97871
2026/09/23 00:49:25.650, 2, 94756, 97871
2026/09/23 00:49:25.650, 3, 94747, 97871
2026/09/23 00:49:25.850, 0, 94748, 97871
2026/09/23 00:49:25.850, 1, 94756, 97871
2026/09/23 00:49:25.850, 2, 94756, 97871
2026/09/23 00:49:25.850, 3, 94747, 97871
2026/09/23 00:49:26.050, 0, 94748, 97871
2026/09/23 00:49:26.050, 1, 94756, 97871
2026/09/23 00:49:26.050, 2, 94756, 97871
2026/09/23 00:49:26.050, 3, 94747, 97871
2026/09/23 00:49:26.251, 0, 94748, 97871
2026/09/23 00:49:26.251, 1, 94756, 97871
2026/09/23 00:49:26.251, 2, 94756, 97871
2026/09/23 00:49:26.251, 3, 94747, 97871
2026/09/23 00:49:26.451, 0, 94748, 97871
2026/09/23 00:49:26.451, 1, 94756, 97871
2026/09/23 00:49:26.451, 2, 94756, 97871
2026/09/23 00:49:26.451, 3, 94747, 97871
2026/09/23 00:49:26.651, 0, 94748, 97871
2026/09/23 00:49:26.651, 1, 94756, 97871
2026/09/23 00:49:26.651, 2, 94756, 97871
2026/09/23 00:49:26.651, 3, 94747, 97871
2026/09/23 00:49:26.851, 0, 94748, 97871
2026/09/23 00:49:26.851, 1, 94756, 97871
2026/09/23 00:49:26.852, 2, 94756, 97871
2026/09/23 00:49:26.852, 3, 94747, 97871
2026/09/23 00:49:27.052, 0, 94748, 97871
2026/09/23 00:49:27.052, 1, 94756, 97871
2026/09/23 00:49:27.052, 2, 94756, 97871
2026/09/23 00:49:27.052, 3, 94747, 97871
2026/09/23 00:49:27.252, 0, 94748, 97871
2026/09/23 00:49:27.252, 1, 94756, 97871
2026/09/23 00:49:27.252, 2, 94756, 97871
2026/09/23 00:49:27.252, 3, 94747, 97871
2026/09/23 00:49:27.452, 0, 94748, 97871
2026/09/23 00:49:27.452, 1, 94756, 97871
2026/09/23 00:49:27.452, 2, 94756, 97871
2026/09/23 00:49:27.452, 3, 94747, 97871
2026/09/23 00:49:27.652, 0, 94748, 97871
2026/09/23 00:49:27.653, 1, 94756, 97871
2026/09/23 00:49:27.653, 2, 94756, 97871
2026/09/23 00:49:27.653, 3, 94747, 97871
2026/09/23 00:49:27.853, 0, 94748, 97871
2026/09/23 00:49:27.853, 1, 94756, 97871
2026/09/23 00:49:27.853, 2, 94756, 97871
2026/09/23 00:49:27.853, 3, 94747, 97871
2026/09/23 00:49:28.053, 0, 94748, 97871
2026/09/23 00:49:28.053, 1, 94756, 97871
2026/09/23 00:49:28.053, 2, 94756, 97871
2026/09/23 00:49:28.053, 3, 94747, 97871
2026/09/23 00:49:28.253, 0, 94748, 97871
2026/09/23 00:49:28.253, 1, 94756, 97871
2026/09/23 00:49:28.253, 2, 94756, 97871
2026/09/23 00:49:28.253, 3, 94747, 97871
2026/09/23 00:49:28.453, 0, 94748, 97871
2026/09/23 00:49:28.453, 1, 94756, 97871
2026/09/23 00:49:28.453, 2, 94756, 97871
2026/09/23 00:49:28.454, 3, 94747, 97871
2026/09/23 00:49:28.654, 0, 94748, 97871
2026/09/23 00:49:28.654, 1, 94756, 97871
2026/09/23 00:49:28.654, 2, 94756, 97871
2026/09/23 00:49:28.654, 3, 94747, 97871
2026/09/23 00:49:28.854, 0, 94748, 97871
2026/09/23 00:49:28.854, 1, 94756, 97871
2026/09/23 00:49:28.854, 2, 94756, 97871
2026/09/23 00:49:28.854, 3, 94747, 97871
2026/09/23 00:49:29.054, 0, 94748, 97871
2026/09/23 00:49:29.054, 1, 94756, 97871
2026/09/23 00:49:29.054, 2, 94756, 97871
2026/09/23 00:49:29.054, 3, 94747, 97871
2026/09/23 00:49:29.254, 0, 94748, 97871
2026/09/23 00:49:29.254, 1, 94756, 97871
2026/09/23 00:49:29.254, 2, 94756, 97871
2026/09/23 00:49:29.254, 3, 94747, 97871
2026/09/23 00:49:29.454, 0, 94748, 97871
2026/09/23 00:49:29.455, 1, 94756, 97871
2026/09/23 00:49:29.455, 2, 94756, 97871
2026/09/23 00:49:29.455, 3, 94747, 97871
2026/09/23 00:49:29.655, 0, 94748, 97871
2026/09/23 00:49:29.655, 1, 94756, 97871
2026/09/23 00:49:29.655, 2, 94756, 97871
2026/09/23 00:49:29.655, 3, 94747, 97871
2026/09/23 00:49:29.855, 0, 94748, 97871
2026/09/23 00:49:29.855, 1, 94756, 97871
2026/09/23 00:49:29.855, 2, 94756, 97871
2026/09/23 00:49:29.855, 3, 94747, 97871
2026/09/23 00:49:30.055, 0, 94748, 97871
2026/09/23 00:49:30.055, 1, 94756, 97871
2026/09/23 00:49:30.056, 2, 94756, 97871
2026/09/23 00:49:30.056, 3, 94747, 97871
2026/09/23 00:49:30.256, 0, 94748, 97871
2026/09/23 00:49:30.256, 1, 94756, 97871
2026/09/23 00:49:30.256, 2, 94756, 97871
2026/09/23 00:49:30.256, 3, 94747, 97871
2026/09/23 00:49:30.456, 0, 94748, 97871
2026/09/23 00:49:30.456, 1, 94756, 97871
2026/09/23 00:49:30.456, 2, 94756, 97871
2026/09/23 00:49:30.456, 3, 94747, 97871
2026/09/23 00:49:30.656, 0, 94748, 97871
2026/09/23 00:49:30.656, 1, 94756, 97871
2026/09/23 00:49:30.657, 2, 94756, 97871
2026/09/23 00:49:30.657, 3, 94747, 97871
2026/09/23 00:49:30.857, 0, 94748, 97871
2026/09/23 00:49:30.857, 1, 94756, 97871
2026/09/23 00:49:30.857, 2, 94756, 97871
2026/09/23 00:49:30.857, 3, 94747, 97871
2026/09/23 00:49:31.057, 0, 94748, 97871
2026/09/23 00:49:31.057, 1, 94756, 97871
2026/09/23 00:49:31.057, 2, 94756, 97871
2026/09/23 00:49:31.057, 3, 94747, 97871
2026/09/23 00:49:31.257, 0, 94748, 97871
2026/09/23 00:49:31.257, 1, 94756, 97871
2026/09/23 00:49:31.257, 2, 94756, 97871
2026/09/23 00:49:31.257, 3, 94747, 97871
2026/09/23 00:49:31.458, 0, 94748, 97871
2026/09/23 00:49:31.458, 1, 94756, 97871
2026/09/23 00:49:31.458, 2, 94756, 97871
2026/09/23 00:49:31.458, 3, 94747, 97871
2026/09/23 00:49:31.658, 0, 94748, 97871
2026/09/23 00:49:31.658, 1, 94756, 97871
2026/09/23 00:49:31.658, 2, 94756, 97871
2026/09/23 00:49:31.658, 3, 94747, 97871
2026/09/23 00:49:31.858, 0, 94748, 97871
2026/09/23 00:49:31.858, 1, 94756, 97871
2026/09/23 00:49:31.858, 2, 94756, 97871
2026/09/23 00:49:31.858, 3, 94747, 97871
2026/09/23 00:49:32.058, 0, 94748, 97871
2026/09/23 00:49:32.059, 1, 94756, 97871
2026/09/23 00:49:32.059, 2, 94756, 97871
2026/09/23 00:49:32.059, 3, 94747, 97871
2026/09/23 00:49:32.259, 0, 94748, 97871
2026/09/23 00:49:32.259, 1, 94756, 97871
2026/09/23 00:49:32.259, 2, 94756, 97871
2026/09/23 00:49:32.259, 3, 94747, 97871
2026/09/23 00:49:32.459, 0, 94748, 97871
2026/09/23 00:49:32.459, 1, 94756, 97871
2026/09/23 00:49:32.459, 2, 94756, 97871
2026/09/23 00:49:32.459, 3, 94747, 97871
2026/09/23 00:49:32.659, 0, 94748, 97871
2026/09/23 00:49:32.659, 1, 94756, 97871
2026/09/23 00:49:32.659, 2, 94756, 97871
2026/09/23 00:49:32.659, 3, 94747, 97871
2026/09/23 00:49:32.859, 0, 94748, 97871
2026/09/23 00:49:32.860, 1, 94756, 97871
2026/09/23 00:49:32.860, 2, 94756, 97871
2026/09/23 00:49:32.860, 3, 94747, 97871
2026/09/23 00:49:33.060, 0, 94748, 97871
2026/09/23 00:49:33.060, 1, 94756, 97871
2026/09/23 00:49:33.060, 2, 94756, 97871
2026/09/23 00:49:33.060, 3, 94747, 97871
2026/09/23 00:49:33.260, 0, 94748, 97871
2026/09/23 00:49:33.260, 1, 94756, 97871
2026/09/23 00:49:33.260, 2, 94756, 97871
2026/09/23 00:49:33.261, 3, 94747, 97871
2026/09/23 00:49:33.461, 0, 94748, 97871
2026/09/23 00:49:33.461, 1, 94756, 97871
2026/09/23 00:49:33.461, 2, 94756, 97871
2026/09/23 00:49:33.461, 3, 94747, 97871
2026/09/23 00:49:33.661, 0, 94748, 97871
2026/09/23 00:49:33.661, 1, 94756, 97871
2026/09/23 00:49:33.661, 2, 94756, 97871
2026/09/23 00:49:33.661, 3, 94747, 97871
2026/09/23 00:49:33.861, 0, 94748, 97871
2026/09/23 00:49:33.861, 1, 94756, 97871
2026/09/23 00:49:33.861, 2, 94756, 97871
2026/09/23 00:49:33.862, 3, 94747, 97871
2026/09/23 00:49:34.062, 0, 94748, 97871
2026/09/23 00:49:34.062, 1, 94756, 97871
2026/09/23 00:49:34.062, 2, 94756, 97871
2026/09/23 00:49:34.062, 3, 94747, 97871
2026/09/23 00:49:34.262, 0, 94748, 97871
2026/09/23 00:49:34.262, 1, 94756, 97871
2026/09/23 00:49:34.262, 2, 94756, 97871
2026/09/23 00:49:34.262, 3, 94747, 97871
2026/09/23 00:49:34.462, 0, 94748, 97871
2026/09/23 00:49:34.463, 1, 94756, 97871
2026/09/23 00:49:34.463, 2, 94756, 97871
2026/09/23 00:49:34.463, 3, 94747, 97871
2026/09/23 00:49:34.663, 0, 94748, 97871
2026/09/23 00:49:34.663, 1, 94756, 97871
2026/09/23 00:49:34.663, 2, 94756, 97871
2026/09/23 00:49:34.663, 3, 94747, 97871
2026/09/23 00:49:34.863, 0, 94748, 97871
2026/09/23 00:49:34.863, 1, 94756, 97871
2026/09/23 00:49:34.863, 2, 94756, 97871
2026/09/23 00:49:34.863, 3, 94747, 97871
2026/09/23 00:49:35.064, 0, 94748, 97871
2026/09/23 00:49:35.064, 1, 94756, 97871
2026/09/23 00:49:35.064, 2, 94756, 97871
2026/09/23 00:49:35.064, 3, 94747, 97871
2026/09/23 00:49:35.264, 0, 94748, 97871
2026/09/23 00:49:35.264, 1, 94756, 97871
2026/09/23 00:49:35.264, 2, 94756, 97871
2026/09/23 00:49:35.264, 3, 94747, 97871
2026/09/23 00:49:35.464, 0, 94748, 97871
2026/09/23 00:49:35.464, 1, 94756, 97871
2026/09/23 00:49:35.464, 2, 94756, 97871
2026/09/23 00:49:35.464, 3, 94747, 97871
2026/09/23 00:49:35.665, 0, 94748, 97871
2026/09/23 00:49:35.665, 1, 94756, 97871
2026/09/23 00:49:35.665, 2, 94756, 97871
2026/09/23 00:49:35.665, 3, 94747, 97871
2026/09/23 00:49:35.865, 0, 94748, 97871
2026/09/23 00:49:35.865, 1, 94756, 97871
2026/09/23 00:49:35.865, 2, 94756, 97871
2026/09/23 00:49:35.865, 3, 94747, 97871
2026/09/23 00:49:36.065, 0, 94748, 97871
2026/09/23 00:49:36.065, 1, 94756, 97871
2026/09/23 00:49:36.065, 2, 94756, 97871
2026/09/23 00:49:36.065, 3, 94747, 97871
2026/09/23 00:49:36.266, 0, 94748, 97871
2026/09/23 00:49:36.266, 1, 94756, 97871
2026/09/23 00:49:36.266, 2, 94756, 97871
2026/09/23 00:49:36.266, 3, 94747, 97871
2026/09/23 00:49:36.466, 0, 94748, 97871
2026/09/23 00:49:36.466, 1, 94756, 97871
2026/09/23 00:49:36.466, 2, 94756, 97871
2026/09/23 00:49:36.466, 3, 94747, 97871
2026/09/23 00:49:36.666, 0, 94748, 97871
2026/09/23 00:49:36.666, 1, 94756, 97871
2026/09/23 00:49:36.667, 2, 94756, 97871
2026/09/23 00:49:36.667, 3, 94747, 97871
2026/09/23 00:49:36.867, 0, 94748, 97871
2026/09/23 00:49:36.867, 1, 94756, 97871
2026/09/23 00:49:36.867, 2, 94756, 97871
2026/09/23 00:49:36.867, 3, 94747, 97871
2026/09/23 00:49:37.067, 0, 94748, 97871
2026/09/23 00:49:37.067, 1, 94756, 97871
2026/09/23 00:49:37.067, 2, 94756, 97871
2026/09/23 00:49:37.067, 3, 94747, 97871
2026/09/23 00:49:37.267, 0, 94748, 97871
2026/09/23 00:49:37.267, 1, 94756, 97871
2026/09/23 00:49:37.267, 2, 94756, 97871
2026/09/23 00:49:37.267, 3, 94747, 97871
2026/09/23 00:49:37.468, 0, 94748, 97871
2026/09/23 00:49:37.468, 1, 94756, 97871
2026/09/23 00:49:37.468, 2, 94756, 97871
2026/09/23 00:49:37.468, 3, 94747, 97871
2026/09/23 00:49:37.668, 0, 94748, 97871
2026/09/23 00:49:37.668, 1, 94756, 97871
2026/09/23 00:49:37.668, 2, 94756, 97871
2026/09/23 00:49:37.668, 3, 94747, 97871
2026/09/23 00:49:37.868, 0, 94748, 97871
2026/09/23 00:49:37.868, 1, 94756, 97871
2026/09/23 00:49:37.868, 2, 94756, 97871
2026/09/23 00:49:37.868, 3, 94747, 97871
2026/09/23 00:49:38.069, 0, 94748, 97871
2026/09/23 00:49:38.069, 1, 94756, 97871
2026/09/23 00:49:38.069, 2, 94756, 97871
2026/09/23 00:49:38.069, 3, 94747, 97871
2026/09/23 00:49:38.269, 0, 94748, 97871
2026/09/23 00:49:38.269, 1, 94756, 97871
2026/09/23 00:49:38.269, 2, 94756, 97871
2026/09/23 00:49:38.269, 3, 94747, 97871
2026/09/23 00:49:38.469, 0, 94748, 97871
2026/09/23 00:49:38.469, 1, 94756, 97871
2026/09/23 00:49:38.469, 2, 94756, 97871
2026/09/23 00:49:38.469, 3, 94747, 97871
2026/09/23 00:49:38.670, 0, 94748, 97871
2026/09/23 00:49:38.670, 1, 94756, 97871
2026/09/23 00:49:38.670, 2, 94756, 97871
2026/09/23 00:49:38.670, 3, 94747, 97871
2026/09/23 00:49:38.870, 0, 94748, 97871
2026/09/23 00:49:38.870, 1, 94756, 97871
2026/09/23 00:49:38.870, 2, 94756, 97871
2026/09/23 00:49:38.870, 3, 94747, 97871
2026/09/23 00:49:39.070, 0, 94748, 97871
2026/09/23 00:49:39.070, 1, 94756, 97871
2026/09/23 00:49:39.070, 2, 94756, 97871
2026/09/23 00:49:39.071, 3, 94747, 97871
2026/09/23 00:49:39.271, 0, 94748, 97871
2026/09/23 00:49:39.271, 1, 94756, 97871
2026/09/23 00:49:39.271, 2, 94756, 97871
2026/09/23 00:49:39.271, 3, 94747, 97871
2026/09/23 00:49:39.471, 0, 94748, 97871
2026/09/23 00:49:39.471, 1, 94756, 97871
2026/09/23 00:49:39.471, 2, 94756, 97871
2026/09/23 00:49:39.471, 3, 94747, 97871
2026/09/23 00:49:39.671, 0, 94748, 97871
2026/09/23 00:49:39.671, 1, 94756, 97871
2026/09/23 00:49:39.671, 2, 94756, 97871
2026/09/23 00:49:39.672, 3, 94747, 97871
2026/09/23 00:49:39.872, 0, 94748, 97871
2026/09/23 00:49:39.872, 1, 94756, 97871
2026/09/23 00:49:39.872, 2, 94756, 97871
2026/09/23 00:49:39.872, 3, 94747, 97871
2026/09/23 00:49:40.072, 0, 94748, 97871
2026/09/23 00:49:40.072, 1, 94756, 97871
2026/09/23 00:49:40.072, 2, 94756, 97871
2026/09/23 00:49:40.072, 3, 94747, 97871
2026/09/23 00:49:40.272, 0, 94748, 97871
2026/09/23 00:49:40.273, 1, 94756, 97871
2026/09/23 00:49:40.273, 2, 94756, 97871
2026/09/23 00:49:40.273, 3, 94747, 97871
2026/09/23 00:49:40.473, 0, 94748, 97871
2026/09/23 00:49:40.473, 1, 94756, 97871
2026/09/23 00:49:40.473, 2, 94756, 97871
2026/09/23 00:49:40.473, 3, 94747, 97871
2026/09/23 00:49:40.673, 0, 94748, 97871
2026/09/23 00:49:40.673, 1, 94756, 97871
2026/09/23 00:49:40.673, 2, 94756, 97871
2026/09/23 00:49:40.673, 3, 94747, 97871
2026/09/23 00:49:40.874, 0, 94748, 97871
2026/09/23 00:49:40.874, 1, 94756, 97871
2026/09/23 00:49:40.874, 2, 94756, 97871
2026/09/23 00:49:40.874, 3, 94747, 97871
2026/09/23 00:49:41.074, 0, 94748, 97871
2026/09/23 00:49:41.074, 1, 94756, 97871
2026/09/23 00:49:41.074, 2, 94756, 97871
2026/09/23 00:49:41.074, 3, 94747, 97871
2026/09/23 00:49:41.274, 0, 94748, 97871
2026/09/23 00:49:41.274, 1, 94756, 97871
2026/09/23 00:49:41.274, 2, 94756, 97871
2026/09/23 00:49:41.274, 3, 94747, 97871
2026/09/23 00:49:41.475, 0, 94748, 97871
2026/09/23 00:49:41.475, 1, 94756, 97871
2026/09/23 00:49:41.475, 2, 94756, 97871
2026/09/23 00:49:41.475, 3, 94747, 97871
2026/09/23 00:49:41.675, 0, 94748, 97871
2026/09/23 00:49:41.675, 1, 94756, 97871
2026/09/23 00:49:41.675, 2, 94756, 97871
2026/09/23 00:49:41.675, 3, 94747, 97871
2026/09/23 00:49:41.875, 0, 94748, 97871
2026/09/23 00:49:41.875, 1, 94756, 97871
2026/09/23 00:49:41.875, 2, 94756, 97871
2026/09/23 00:49:41.875, 3, 94747, 97871
2026/09/23 00:49:42.076, 0, 94748, 97871
2026/09/23 00:49:42.076, 1, 94756, 97871
2026/09/23 00:49:42.076, 2, 94756, 97871
2026/09/23 00:49:42.076, 3, 94747, 97871
2026/09/23 00:49:42.276, 0, 94748, 97871
2026/09/23 00:49:42.276, 1, 94756, 97871
2026/09/23 00:49:42.276, 2, 94756, 97871
2026/09/23 00:49:42.276, 3, 94747, 97871
2026/09/23 00:49:42.476, 0, 94748, 97871
2026/09/23 00:49:42.476, 1, 94756, 97871
2026/09/23 00:49:42.476, 2, 94756, 97871
2026/09/23 00:49:42.477, 3, 94747, 97871
2026/09/23 00:49:42.677, 0, 94748, 97871
2026/09/23 00:49:42.677, 1, 94756, 97871
2026/09/23 00:49:42.677, 2, 94756, 97871
2026/09/23 00:49:42.677, 3, 94747, 97871
2026/09/23 00:49:42.877, 0, 94748, 97871
2026/09/23 00:49:42.877, 1, 94756, 97871
2026/09/23 00:49:42.877, 2, 94756, 97871
2026/09/23 00:49:42.877, 3, 94747, 97871
2026/09/23 00:49:43.077, 0, 94748, 97871
2026/09/23 00:49:43.078, 1, 94756, 97871
2026/09/23 00:49:43.078, 2, 94756, 97871
2026/09/23 00:49:43.078, 3, 94747, 97871
2026/09/23 00:49:43.278, 0, 94748, 97871
2026/09/23 00:49:43.278, 1, 94756, 97871
2026/09/23 00:49:43.278, 2, 94756, 97871
2026/09/23 00:49:43.278, 3, 94747, 97871
2026/09/23 00:49:43.478, 0, 94748, 97871
2026/09/23 00:49:43.478, 1, 94756, 97871
2026/09/23 00:49:43.478, 2, 94756, 97871
2026/09/23 00:49:43.478, 3, 94747, 97871
2026/09/23 00:49:43.678, 0, 94748, 97871
2026/09/23 00:49:43.678, 1, 94756, 97871
2026/09/23 00:49:43.678, 2, 94756, 97871
2026/09/23 00:49:43.678, 3, 94747, 97871
2026/09/23 00:49:43.879, 0, 94748, 97871
2026/09/23 00:49:43.879, 1, 94756, 97871
2026/09/23 00:49:43.879, 2, 94756, 97871
2026/09/23 00:49:43.879, 3, 94747, 97871
2026/09/23 00:49:44.079, 0, 94748, 97871
2026/09/23 00:49:44.079, 1, 94756, 97871
2026/09/23 00:49:44.079, 2, 94756, 97871
2026/09/23 00:49:44.079, 3, 94747, 97871
2026/09/23 00:49:44.279, 0, 94748, 97871
2026/09/23 00:49:44.279, 1, 94756, 97871
2026/09/23 00:49:44.279, 2, 94756, 97871
2026/09/23 00:49:44.280, 3, 94747, 97871
2026/09/23 00:49:44.480, 0, 94748, 97871
2026/09/23 00:49:44.480, 1, 94756, 97871
2026/09/23 00:49:44.480, 2, 94756, 97871
2026/09/23 00:49:44.480, 3, 94747, 97871
2026/09/23 00:49:44.680, 0, 94748, 97871
2026/09/23 00:49:44.680, 1, 94756, 97871
2026/09/23 00:49:44.680, 2, 94756, 97871
2026/09/23 00:49:44.680, 3, 94747, 97871
2026/09/23 00:49:44.881, 0, 94748, 97871
2026/09/23 00:49:44.881, 1, 94756, 97871
2026/09/23 00:49:44.881, 2, 94756, 97871
2026/09/23 00:49:44.881, 3, 94747, 97871
2026/09/23 00:49:45.081, 0, 94748, 97871
2026/09/23 00:49:45.081, 1, 94756, 97871
2026/09/23 00:49:45.081, 2, 94756, 97871
2026/09/23 00:49:45.081, 3, 94747, 97871
2026/09/23 00:49:45.281, 0, 94748, 97871
2026/09/23 00:49:45.281, 1, 94756, 97871
2026/09/23 00:49:45.281, 2, 94756, 97871
2026/09/23 00:49:45.281, 3, 94747, 97871
2026/09/23 00:49:45.482, 0, 94748, 97871
2026/09/23 00:49:45.482, 1, 94756, 97871
2026/09/23 00:49:45.482, 2, 94756, 97871
2026/09/23 00:49:45.482, 3, 94747, 97871
2026/09/23 00:49:45.682, 0, 94748, 97871
2026/09/23 00:49:45.682, 1, 94756, 97871
2026/09/23 00:49:45.682, 2, 94756, 97871
2026/09/23 00:49:45.682, 3, 94747, 97871
2026/09/23 00:49:45.882, 0, 94748, 97871
2026/09/23 00:49:45.883, 1, 94756, 97871
2026/09/23 00:49:45.883, 2, 94756, 97871
2026/09/23 00:49:45.883, 3, 94747, 97871
2026/09/23 00:49:46.083, 0, 94748, 97871
2026/09/23 00:49:46.083, 1, 94756, 97871
2026/09/23 00:49:46.083, 2, 94756, 97871
2026/09/23 00:49:46.083, 3, 94747, 97871
2026/09/23 00:49:46.283, 0, 94748, 97871
2026/09/23 00:49:46.283, 1, 94756, 97871
2026/09/23 00:49:46.283, 2, 94756, 97871
2026/09/23 00:49:46.283, 3, 94747, 97871
2026/09/23 00:49:46.483, 0, 94748, 97871
2026/09/23 00:49:46.484, 1, 94756, 97871
2026/09/23 00:49:46.484, 2, 94756, 97871
2026/09/23 00:49:46.484, 3, 94747, 97871
2026/09/23 00:49:46.684, 0, 94748, 97871
2026/09/23 00:49:46.684, 1, 94756, 97871
2026/09/23 00:49:46.684, 2, 94756, 97871
2026/09/23 00:49:46.684, 3, 94747, 97871
2026/09/23 00:49:46.884, 0, 94748, 97871
2026/09/23 00:49:46.884, 1, 94756, 97871
2026/09/23 00:49:46.884, 2, 94756, 97871
2026/09/23 00:49:46.884, 3, 94747, 97871
2026/09/23 00:49:47.085, 0, 94748, 97871
2026/09/23 00:49:47.085, 1, 94756, 97871
2026/09/23 00:49:47.085, 2, 94756, 97871
2026/09/23 00:49:47.085, 3, 94747, 97871
2026/09/23 00:49:47.285, 0, 94748, 97871
2026/09/23 00:49:47.285, 1, 94756, 97871
2026/09/23 00:49:47.285, 2, 94756, 97871
2026/09/23 00:49:47.285, 3, 94747, 97871
2026/09/23 00:49:47.485, 0, 94748, 97871
2026/09/23 00:49:47.485, 1, 94756, 97871
2026/09/23 00:49:47.486, 2, 94756, 97871
2026/09/23 00:49:47.486, 3, 94747, 97871
2026/09/23 00:49:47.686, 0, 94748, 97871
2026/09/23 00:49:47.686, 1, 94756, 97871
2026/09/23 00:49:47.686, 2, 94756, 97871
2026/09/23 00:49:47.686, 3, 94747, 97871
2026/09/23 00:49:47.886, 0, 94748, 97871
2026/09/23 00:49:47.886, 1, 94756, 97871
2026/09/23 00:49:47.886, 2, 94756, 97871
2026/09/23 00:49:47.886, 3, 94747, 97871
2026/09/23 00:49:48.086, 0, 94748, 97871
2026/09/23 00:49:48.086, 1, 94756, 97871
2026/09/23 00:49:48.086, 2, 94756, 97871
2026/09/23 00:49:48.087, 3, 94747, 97871
2026/09/23 00:49:48.287, 0, 94748, 97871
2026/09/23 00:49:48.287, 1, 94756, 97871
2026/09/23 00:49:48.287, 2, 94756, 97871
2026/09/23 00:49:48.287, 3, 94747, 97871
2026/09/23 00:49:48.487, 0, 94748, 97871
2026/09/23 00:49:48.487, 1, 94756, 97871
2026/09/23 00:49:48.487, 2, 94756, 97871
2026/09/23 00:49:48.487, 3, 94747, 97871
2026/09/23 00:49:48.687, 0, 94748, 97871
2026/09/23 00:49:48.687, 1, 94756, 97871
2026/09/23 00:49:48.687, 2, 94756, 97871
2026/09/23 00:49:48.687, 3, 94747, 97871
2026/09/23 00:49:48.888, 0, 94748, 97871
2026/09/23 00:49:48.888, 1, 94756, 97871
2026/09/23 00:49:48.888, 2, 94756, 97871
2026/09/23 00:49:48.888, 3, 94747, 97871
2026/09/23 00:49:49.088, 0, 94748, 97871
2026/09/23 00:49:49.088, 1, 94756, 97871
2026/09/23 00:49:49.088, 2, 94756, 97871
2026/09/23 00:49:49.088, 3, 94747, 97871
2026/09/23 00:49:49.288, 0, 94748, 97871
2026/09/23 00:49:49.288, 1, 94756, 97871
2026/09/23 00:49:49.288, 2, 94756, 97871
2026/09/23 00:49:49.288, 3, 94747, 97871
2026/09/23 00:49:49.488, 0, 94748, 97871
2026/09/23 00:49:49.489, 1, 94756, 97871
2026/09/23 00:49:49.489, 2, 94756, 97871
2026/09/23 00:49:49.489, 3, 94747, 97871
2026/09/23 00:49:49.689, 0, 94748, 97871
2026/09/23 00:49:49.689, 1, 94756, 97871
2026/09/23 00:49:49.689, 2, 94756, 97871
2026/09/23 00:49:49.689, 3, 94747, 97871
2026/09/23 00:49:49.889, 0, 94748, 97871
2026/09/23 00:49:49.889, 1, 94756, 97871
2026/09/23 00:49:49.889, 2, 94756, 97871
2026/09/23 00:49:49.889, 3, 94747, 97871
2026/09/23 00:49:50.090, 0, 94748, 97871
2026/09/23 00:49:50.090, 1, 94756, 97871
2026/09/23 00:49:50.090, 2, 94756, 97871
2026/09/23 00:49:50.090, 3, 94747, 97871
2026/09/23 00:49:50.290, 0, 94748, 97871
2026/09/23 00:49:50.290, 1, 94756, 97871
2026/09/23 00:49:50.290, 2, 94756, 97871
2026/09/23 00:49:50.290, 3, 94747, 97871
2026/09/23 00:49:50.490, 0, 94748, 97871
2026/09/23 00:49:50.490, 1, 94756, 97871
2026/09/23 00:49:50.490, 2, 94756, 97871
2026/09/23 00:49:50.490, 3, 94747, 97871
2026/09/23 00:49:50.690, 0, 94748, 97871
2026/09/23 00:49:50.691, 1, 94756, 97871
2026/09/23 00:49:50.691, 2, 94756, 97871
2026/09/23 00:49:50.691, 3, 94747, 97871
2026/09/23 00:49:50.891, 0, 94748, 97871
2026/09/23 00:49:50.891, 1, 94756, 97871
2026/09/23 00:49:50.891, 2, 94756, 97871
2026/09/23 00:49:50.891, 3, 94747, 97871
2026/09/23 00:49:51.091, 0, 94748, 97871
2026/09/23 00:49:51.091, 1, 94756, 97871
2026/09/23 00:49:51.091, 2, 94756, 97871
2026/09/23 00:49:51.091, 3, 94747, 97871
2026/09/23 00:49:51.291, 0, 94748, 97871
2026/09/23 00:49:51.291, 1, 94756, 97871
2026/09/23 00:49:51.291, 2, 94756, 97871
2026/09/23 00:49:51.292, 3, 94747, 97871
2026/09/23 00:49:51.492, 0, 94748, 97871
2026/09/23 00:49:51.492, 1, 94756, 97871
2026/09/23 00:49:51.492, 2, 94756, 97871
2026/09/23 00:49:51.492, 3, 94747, 97871
2026/09/23 00:49:51.692, 0, 94748, 97871
2026/09/23 00:49:51.692, 1, 94756, 97871
2026/09/23 00:49:51.692, 2, 94756, 97871
2026/09/23 00:49:51.692, 3, 94747, 97871
2026/09/23 00:49:51.892, 0, 94748, 97871
2026/09/23 00:49:51.892, 1, 94756, 97871
2026/09/23 00:49:51.892, 2, 94756, 97871
2026/09/23 00:49:51.892, 3, 94747, 97871
2026/09/23 00:49:52.093, 0, 94748, 97871
2026/09/23 00:49:52.093, 1, 94756, 97871
2026/09/23 00:49:52.093, 2, 94756, 97871
2026/09/23 00:49:52.093, 3, 94747, 97871
2026/09/23 00:49:52.293, 0, 94748, 97871
2026/09/23 00:49:52.293, 1, 94756, 97871
2026/09/23 00:49:52.293, 2, 94756, 97871
2026/09/23 00:49:52.293, 3, 94747, 97871
2026/09/23 00:49:52.493, 0, 94748, 97871
2026/09/23 00:49:52.493, 1, 94756, 97871
2026/09/23 00:49:52.493, 2, 94756, 97871
2026/09/23 00:49:52.493, 3, 94747, 97871
2026/09/23 00:49:52.693, 0, 94748, 97871
2026/09/23 00:49:52.694, 1, 94756, 97871
2026/09/23 00:49:52.694, 2, 94756, 97871
2026/09/23 00:49:52.694, 3, 94747, 97871
2026/09/23 00:49:52.894, 0, 94748, 97871
2026/09/23 00:49:52.894, 1, 94756, 97871
2026/09/23 00:49:52.894, 2, 94756, 97871
2026/09/23 00:49:52.894, 3, 94747, 97871
2026/09/23 00:49:53.094, 0, 94748, 97871
2026/09/23 00:49:53.094, 1, 94756, 97871
2026/09/23 00:49:53.094, 2, 94756, 97871
2026/09/23 00:49:53.094, 3, 94747, 97871
2026/09/23 00:49:53.294, 0, 94748, 97871
2026/09/23 00:49:53.295, 1, 94756, 97871
2026/09/23 00:49:53.295, 2, 94756, 97871
2026/09/23 00:49:53.295, 3, 94747, 97871
2026/09/23 00:49:53.495, 0, 94748, 97871
2026/09/23 00:49:53.495, 1, 94756, 97871
2026/09/23 00:49:53.495, 2, 94756, 97871
2026/09/23 00:49:53.495, 3, 94747, 97871
2026/09/23 00:49:53.695, 0, 94748, 97871
2026/09/23 00:49:53.695, 1, 94756, 97871
2026/09/23 00:49:53.695, 2, 94756, 97871
2026/09/23 00:49:53.695, 3, 94747, 97871
2026/09/23 00:49:53.895, 0, 94748, 97871
2026/09/23 00:49:53.896, 1, 94756, 97871
2026/09/23 00:49:53.896, 2, 94756, 97871
2026/09/23 00:49:53.896, 3, 94747, 97871
2026/09/23 00:49:54.096, 0, 94748, 97871
2026/09/23 00:49:54.096, 1, 94756, 97871
2026/09/23 00:49:54.096, 2, 94756, 97871
2026/09/23 00:49:54.096, 3, 94747, 97871
2026/09/23 00:49:54.296, 0, 94748, 97871
2026/09/23 00:49:54.296, 1, 94756, 97871
2026/09/23 00:49:54.296, 2, 94756, 97871
2026/09/23 00:49:54.296, 3, 94747, 97871
2026/09/23 00:49:54.496, 0, 94748, 97871
2026/09/23 00:49:54.497, 1, 94756, 97871
2026/09/23 00:49:54.497, 2, 94756, 97871
2026/09/23 00:49:54.497, 3, 94747, 97871
2026/09/23 00:49:54.697, 0, 94748, 97871
2026/09/23 00:49:54.697, 1, 94756, 97871
2026/09/23 00:49:54.697, 2, 94756, 97871
2026/09/23 00:49:54.697, 3, 94747, 97871
2026/09/23 00:49:54.897, 0, 94748, 97871
2026/09/23 00:49:54.897, 1, 94756, 97871
2026/09/23 00:49:54.897, 2, 94756, 97871
2026/09/23 00:49:54.897, 3, 94747, 97871
2026/09/23 00:49:55.097, 0, 94748, 97871
2026/09/23 00:49:55.098, 1, 94756, 97871
2026/09/23 00:49:55.098, 2, 94756, 97871
2026/09/23 00:49:55.098, 3, 94747, 97871
2026/09/23 00:49:55.298, 0, 94748, 97871
2026/09/23 00:49:55.298, 1, 94756, 97871
2026/09/23 00:49:55.298, 2, 94756, 97871
2026/09/23 00:49:55.298, 3, 94747, 97871
2026/09/23 00:49:55.498, 0, 94748, 97871
2026/09/23 00:49:55.498, 1, 94756, 97871
2026/09/23 00:49:55.498, 2, 94756, 97871
2026/09/23 00:49:55.498, 3, 94747, 97871
2026/09/23 00:49:55.699, 0, 94748, 97871
2026/09/23 00:49:55.699, 1, 94756, 97871
2026/09/23 00:49:55.699, 2, 94756, 97871
2026/09/23 00:49:55.699, 3, 94747, 97871
2026/09/23 00:49:55.899, 0, 94748, 97871
2026/09/23 00:49:55.899, 1, 94756, 97871
2026/09/23 00:49:55.899, 2, 94756, 97871
2026/09/23 00:49:55.899, 3, 94747, 97871
2026/09/23 00:49:56.099, 0, 94748, 97871
2026/09/23 00:49:56.099, 1, 94756, 97871
2026/09/23 00:49:56.099, 2, 94756, 97871
2026/09/23 00:49:56.100, 3, 94747, 97871
2026/09/23 00:49:56.300, 0, 94748, 97871
2026/09/23 00:49:56.300, 1, 94756, 97871
2026/09/23 00:49:56.300, 2, 94756, 97871
2026/09/23 00:49:56.300, 3, 94747, 97871
2026/09/23 00:49:56.500, 0, 94748, 97871
2026/09/23 00:49:56.500, 1, 94756, 97871
2026/09/23 00:49:56.500, 2, 94756, 97871
2026/09/23 00:49:56.500, 3, 94747, 97871
2026/09/23 00:49:56.700, 0, 94748, 97871
2026/09/23 00:49:56.700, 1, 94756, 97871
2026/09/23 00:49:56.700, 2, 94756, 97871
2026/09/23 00:49:56.701, 3, 94747, 97871
2026/09/23 00:49:56.901, 0, 94748, 97871
2026/09/23 00:49:56.901, 1, 94756, 97871
2026/09/23 00:49:56.901, 2, 94756, 97871
2026/09/23 00:49:56.901, 3, 94747, 97871
2026/09/23 00:49:57.101, 0, 94748, 97871
2026/09/23 00:49:57.101, 1, 94756, 97871
2026/09/23 00:49:57.101, 2, 94756, 97871
2026/09/23 00:49:57.101, 3, 94747, 97871
2026/09/23 00:49:57.301, 0, 94748, 97871
2026/09/23 00:49:57.301, 1, 94756, 97871
2026/09/23 00:49:57.301, 2, 94756, 97871
2026/09/23 00:49:57.302, 3, 94747, 97871
2026/09/23 00:49:57.502, 0, 94748, 97871
2026/09/23 00:49:57.502, 1, 94756, 97871
2026/09/23 00:49:57.502, 2, 94756, 97871
2026/09/23 00:49:57.502, 3, 94747, 97871
2026/09/23 00:49:57.702, 0, 94748, 97871
2026/09/23 00:49:57.702, 1, 94756, 97871
2026/09/23 00:49:57.702, 2, 94756, 97871
2026/09/23 00:49:57.702, 3, 94747, 97871
2026/09/23 00:49:57.902, 0, 94748, 97871
2026/09/23 00:49:57.902, 1, 94756, 97871
2026/09/23 00:49:57.902, 2, 94756, 97871
2026/09/23 00:49:57.902, 3, 94747, 97871
2026/09/23 00:49:58.102, 0, 94748, 97871
2026/09/23 00:49:58.103, 1, 94756, 97871
2026/09/23 00:49:58.103, 2, 94756, 97871
2026/09/23 00:49:58.103, 3, 94747, 97871
2026/09/23 00:49:58.303, 0, 94748, 97871
2026/09/23 00:49:58.303, 1, 94756, 97871
2026/09/23 00:49:58.303, 2, 94756, 97871
2026/09/23 00:49:58.303, 3, 94747, 97871
2026/09/23 00:49:58.503, 0, 94748, 97871
2026/09/23 00:49:58.503, 1, 94756, 97871
2026/09/23 00:49:58.503, 2, 94756, 97871
2026/09/23 00:49:58.503, 3, 94747, 97871
2026/09/23 00:49:58.703, 0, 94748, 97871
2026/09/23 00:49:58.703, 1, 94756, 97871
2026/09/23 00:49:58.703, 2, 94756, 97871
2026/09/23 00:49:58.703, 3, 94747, 97871
2026/09/23 00:49:58.903, 0, 94748, 97871
2026/09/23 00:49:58.904, 1, 94756, 97871
2026/09/23 00:49:58.904, 2, 94756, 97871
2026/09/23 00:49:58.904, 3, 94747, 97871
2026/09/23 00:49:59.104, 0, 94748, 97871
2026/09/23 00:49:59.104, 1, 94756, 97871
2026/09/23 00:49:59.104, 2, 94756, 97871
2026/09/23 00:49:59.104, 3, 94747, 97871
2026/09/23 00:49:59.304, 0, 94748, 97871
2026/09/23 00:49:59.304, 1, 94756, 97871
2026/09/23 00:49:59.304, 2, 94756, 97871
2026/09/23 00:49:59.304, 3, 94747, 97871
2026/09/23 00:49:59.504, 0, 94748, 97871
2026/09/23 00:49:59.504, 1, 94756, 97871
2026/09/23 00:49:59.504, 2, 94756, 97871
2026/09/23 00:49:59.504, 3, 94747, 97871
2026/09/23 00:49:59.705, 0, 94748, 97871
2026/09/23 00:49:59.705, 1, 94756, 97871
2026/09/23 00:49:59.705, 2, 94756, 97871
2026/09/23 00:49:59.705, 3, 94747, 97871
2026/09/23 00:49:59.905, 0, 94748, 97871
2026/09/23 00:49:59.905, 1, 94756, 97871
2026/09/23 00:49:59.905, 2, 94756, 97871
2026/09/23 00:49:59.905, 3, 94747, 97871
2026/09/23 00:50:00.105, 0, 94748, 97871
2026/09/23 00:50:00.105, 1, 94756, 97871
2026/09/23 00:50:00.105, 2, 94756, 97871
2026/09/23 00:50:00.105, 3, 94747, 97871
2026/09/23 00:50:00.305, 0, 94748, 97871
2026/09/23 00:50:00.306, 1, 94756, 97871
2026/09/23 00:50:00.306, 2, 94756, 97871
2026/09/23 00:50:00.306, 3, 94747, 97871
2026/09/23 00:50:00.506, 0, 94748, 97871
2026/09/23 00:50:00.506, 1, 94756, 97871
2026/09/23 00:50:00.506, 2, 94756, 97871
2026/09/23 00:50:00.506, 3, 94747, 97871
2026/09/23 00:50:00.706, 0, 94748, 97871
2026/09/23 00:50:00.706, 1, 94756, 97871
2026/09/23 00:50:00.706, 2, 94756, 97871
2026/09/23 00:50:00.706, 3, 94747, 97871
2026/09/23 00:50:00.906, 0, 94748, 97871
2026/09/23 00:50:00.906, 1, 94756, 97871
2026/09/23 00:50:00.906, 2, 94756, 97871
2026/09/23 00:50:00.907, 3, 94747, 97871
2026/09/23 00:50:01.107, 0, 94748, 97871
2026/09/23 00:50:01.107, 1, 94756, 97871
2026/09/23 00:50:01.107, 2, 94756, 97871
2026/09/23 00:50:01.107, 3, 94747, 97871
2026/09/23 00:50:01.307, 0, 94748, 97871
2026/09/23 00:50:01.307, 1, 94756, 97871
2026/09/23 00:50:01.307, 2, 94756, 97871
2026/09/23 00:50:01.307, 3, 94747, 97871
2026/09/23 00:50:01.507, 0, 94748, 97871
2026/09/23 00:50:01.507, 1, 94756, 97871
2026/09/23 00:50:01.507, 2, 94756, 97871
2026/09/23 00:50:01.507, 3, 94747, 97871
2026/09/23 00:50:01.707, 0, 94748, 97871
2026/09/23 00:50:01.707, 1, 94756, 97871
2026/09/23 00:50:01.708, 2, 94756, 97871
2026/09/23 00:50:01.708, 3, 94747, 97871
2026/09/23 00:50:01.908, 0, 94748, 97871
2026/09/23 00:50:01.908, 1, 94756, 97871
2026/09/23 00:50:01.908, 2, 94756, 97871
2026/09/23 00:50:01.908, 3, 94747, 97871
2026/09/23 00:50:02.108, 0, 94748, 97871
2026/09/23 00:50:02.108, 1, 94756, 97871
2026/09/23 00:50:02.108, 2, 94756, 97871
2026/09/23 00:50:02.108, 3, 94747, 97871
2026/09/23 00:50:02.308, 0, 94748, 97871
2026/09/23 00:50:02.308, 1, 94756, 97871
2026/09/23 00:50:02.308, 2, 94756, 97871
2026/09/23 00:50:02.308, 3, 94747, 97871
2026/09/23 00:50:02.508, 0, 94748, 97871
2026/09/23 00:50:02.508, 1, 94756, 97871
2026/09/23 00:50:02.509, 2, 94756, 97871
2026/09/23 00:50:02.509, 3, 94747, 97871
2026/09/23 00:50:02.709, 0, 94748, 97871
2026/09/23 00:50:02.709, 1, 94756, 97871
2026/09/23 00:50:02.709, 2, 94756, 97871
2026/09/23 00:50:02.709, 3, 94747, 97871
2026/09/23 00:50:02.909, 0, 94748, 97871
2026/09/23 00:50:02.909, 1, 94756, 97871
2026/09/23 00:50:02.909, 2, 94756, 97871
2026/09/23 00:50:02.909, 3, 94747, 97871
2026/09/23 00:50:03.109, 0, 94748, 97871
2026/09/23 00:50:03.109, 1, 94756, 97871
2026/09/23 00:50:03.110, 2, 94756, 97871
2026/09/23 00:50:03.110, 3, 94747, 97871
2026/09/23 00:50:03.310, 0, 94748, 97871
2026/09/23 00:50:03.310, 1, 94756, 97871
2026/09/23 00:50:03.310, 2, 94756, 97871
2026/09/23 00:50:03.310, 3, 94747, 97871
2026/09/23 00:50:03.510, 0, 94748, 97871
2026/09/23 00:50:03.510, 1, 94756, 97871
2026/09/23 00:50:03.510, 2, 94756, 97871
2026/09/23 00:50:03.510, 3, 94747, 97871
2026/09/23 00:50:03.710, 0, 94748, 97871
2026/09/23 00:50:03.710, 1, 94756, 97871
2026/09/23 00:50:03.710, 2, 94756, 97871
2026/09/23 00:50:03.710, 3, 94747, 97871
2026/09/23 00:50:03.911, 0, 94748, 97871
2026/09/23 00:50:03.911, 1, 94756, 97871
2026/09/23 00:50:03.911, 2, 94756, 97871
2026/09/23 00:50:03.911, 3, 94747, 97871
2026/09/23 00:50:04.111, 0, 94748, 97871
2026/09/23 00:50:04.111, 1, 94756, 97871
2026/09/23 00:50:04.111, 2, 94756, 97871
2026/09/23 00:50:04.111, 3, 94747, 97871
2026/09/23 00:50:04.311, 0, 94748, 97871
2026/09/23 00:50:04.311, 1, 94756, 97871
2026/09/23 00:50:04.311, 2, 94756, 97871
2026/09/23 00:50:04.311, 3, 94747, 97871
2026/09/23 00:50:04.511, 0, 94748, 97871
2026/09/23 00:50:04.511, 1, 94756, 97871
2026/09/23 00:50:04.511, 2, 94756, 97871
2026/09/23 00:50:04.511, 3, 94747, 97871
2026/09/23 00:50:04.712, 0, 94748, 97871
2026/09/23 00:50:04.712, 1, 94756, 97871
2026/09/23 00:50:04.712, 2, 94756, 97871
2026/09/23 00:50:04.712, 3, 94747, 97871
2026/09/23 00:50:04.912, 0, 94748, 97871
2026/09/23 00:50:04.912, 1, 94756, 97871
2026/09/23 00:50:04.912, 2, 94756, 97871
2026/09/23 00:50:04.912, 3, 94747, 97871
2026/09/23 00:50:05.112, 0, 94748, 97871
2026/09/23 00:50:05.112, 1, 94756, 97871
2026/09/23 00:50:05.112, 2, 94756, 97871
2026/09/23 00:50:05.112, 3, 94747, 97871
2026/09/23 00:50:05.312, 0, 94748, 97871
2026/09/23 00:50:05.313, 1, 94756, 97871
2026/09/23 00:50:05.313, 2, 94756, 97871
2026/09/23 00:50:05.313, 3, 94747, 97871
2026/09/23 00:50:05.513, 0, 94748, 97871
2026/09/23 00:50:05.513, 1, 94756, 97871
2026/09/23 00:50:05.513, 2, 94756, 97871
2026/09/23 00:50:05.513, 3, 94747, 97871
2026/09/23 00:50:05.713, 0, 94748, 97871
2026/09/23 00:50:05.713, 1, 94756, 97871
2026/09/23 00:50:05.713, 2, 94756, 97871
2026/09/23 00:50:05.713, 3, 94747, 97871
2026/09/23 00:50:05.914, 0, 94748, 97871
2026/09/23 00:50:05.914, 1, 94756, 97871
2026/09/23 00:50:05.914, 2, 94756, 97871
2026/09/23 00:50:05.914, 3, 94747, 97871
2026/09/23 00:50:06.114, 0, 94748, 97871
2026/09/23 00:50:06.114, 1, 94756, 97871
2026/09/23 00:50:06.114, 2, 94756, 97871
2026/09/23 00:50:06.114, 3, 94747, 97871
2026/09/23 00:50:06.314, 0, 94748, 97871
2026/09/23 00:50:06.314, 1, 94756, 97871
2026/09/23 00:50:06.314, 2, 94756, 97871
2026/09/23 00:50:06.314, 3, 94747, 97871
2026/09/23 00:50:06.514, 0, 94748, 97871
2026/09/23 00:50:06.515, 1, 94756, 97871
2026/09/23 00:50:06.515, 2, 94756, 97871
2026/09/23 00:50:06.515, 3, 94747, 97871
2026/09/23 00:50:06.715, 0, 94748, 97871
2026/09/23 00:50:06.715, 1, 94756, 97871
2026/09/23 00:50:06.715, 2, 94756, 97871
2026/09/23 00:50:06.715, 3, 94747, 97871
2026/09/23 00:50:06.915, 0, 94748, 97871
2026/09/23 00:50:06.915, 1, 94756, 97871
2026/09/23 00:50:06.915, 2, 94756, 97871
2026/09/23 00:50:06.915, 3, 94747, 97871
2026/09/23 00:50:07.116, 0, 94748, 97871
2026/09/23 00:50:07.116, 1, 94756, 97871
2026/09/23 00:50:07.116, 2, 94756, 97871
2026/09/23 00:50:07.116, 3, 94747, 97871
2026/09/23 00:50:07.316, 0, 94748, 97871
2026/09/23 00:50:07.316, 1, 94756, 97871
2026/09/23 00:50:07.316, 2, 94756, 97871
2026/09/23 00:50:07.316, 3, 94747, 97871
2026/09/23 00:50:07.516, 0, 94748, 97871
2026/09/23 00:50:07.516, 1, 94756, 97871
2026/09/23 00:50:07.516, 2, 94756, 97871
2026/09/23 00:50:07.516, 3, 94747, 97871
2026/09/23 00:50:07.716, 0, 94748, 97871
2026/09/23 00:50:07.717, 1, 94756, 97871
2026/09/23 00:50:07.717, 2, 94756, 97871
2026/09/23 00:50:07.717, 3, 94747, 97871
2026/09/23 00:50:07.917, 0, 94748, 97871
2026/09/23 00:50:07.917, 1, 94756, 97871
2026/09/23 00:50:07.917, 2, 94756, 97871
2026/09/23 00:50:07.917, 3, 94747, 97871
2026/09/23 00:50:08.117, 0, 94748, 97871
2026/09/23 00:50:08.117, 1, 94756, 97871
2026/09/23 00:50:08.117, 2, 94756, 97871
2026/09/23 00:50:08.118, 3, 94747, 97871
2026/09/23 00:50:08.318, 0, 94748, 97871
2026/09/23 00:50:08.318, 1, 94756, 97871
2026/09/23 00:50:08.318, 2, 94756, 97871
2026/09/23 00:50:08.318, 3, 94747, 97871
2026/09/23 00:50:08.518, 0, 94748, 97871
2026/09/23 00:50:08.518, 1, 94756, 97871
2026/09/23 00:50:08.518, 2, 94756, 97871
2026/09/23 00:50:08.518, 3, 94747, 97871
2026/09/23 00:50:08.718, 0, 94748, 97871
2026/09/23 00:50:08.719, 1, 94756, 97871
2026/09/23 00:50:08.719, 2, 94756, 97871
2026/09/23 00:50:08.719, 3, 94747, 97871
2026/09/23 00:50:08.919, 0, 94748, 97871
2026/09/23 00:50:08.919, 1, 94756, 97871
2026/09/23 00:50:08.919, 2, 94756, 97871
2026/09/23 00:50:08.919, 3, 94747, 97871
2026/09/23 00:50:09.119, 0, 94748, 97871
2026/09/23 00:50:09.119, 1, 94756, 97871
2026/09/23 00:50:09.119, 2, 94756, 97871
2026/09/23 00:50:09.119, 3, 94747, 97871
2026/09/23 00:50:09.319, 0, 94748, 97871
2026/09/23 00:50:09.320, 1, 94756, 97871
2026/09/23 00:50:09.320, 2, 94756, 97871
2026/09/23 00:50:09.320, 3, 94747, 97871
2026/09/23 00:50:09.520, 0, 94748, 97871
2026/09/23 00:50:09.520, 1, 94756, 97871
2026/09/23 00:50:09.520, 2, 94756, 97871
2026/09/23 00:50:09.520, 3, 94747, 97871
2026/09/23 00:50:09.720, 0, 94748, 97871
2026/09/23 00:50:09.720, 1, 94756, 97871
2026/09/23 00:50:09.720, 2, 94756, 97871
2026/09/23 00:50:09.720, 3, 94747, 97871
2026/09/23 00:50:09.921, 0, 94748, 97871
2026/09/23 00:50:09.921, 1, 94756, 97871
2026/09/23 00:50:09.921, 2, 94756, 97871
2026/09/23 00:50:09.921, 3, 94747, 97871
2026/09/23 00:50:10.121, 0, 94748, 97871
2026/09/23 00:50:10.121, 1, 94756, 97871
2026/09/23 00:50:10.121, 2, 94756, 97871
2026/09/23 00:50:10.121, 3, 94747, 97871
2026/09/23 00:50:10.321, 0, 94748, 97871
2026/09/23 00:50:10.321, 1, 94756, 97871
2026/09/23 00:50:10.321, 2, 94756, 97871
2026/09/23 00:50:10.321, 3, 94747, 97871
2026/09/23 00:50:10.521, 0, 94748, 97871
2026/09/23 00:50:10.522, 1, 94756, 97871
2026/09/23 00:50:10.522, 2, 94756, 97871
2026/09/23 00:50:10.522, 3, 94747, 97871
2026/09/23 00:50:10.722, 0, 94748, 97871
2026/09/23 00:50:10.722, 1, 94756, 97871
2026/09/23 00:50:10.722, 2, 94756, 97871
2026/09/23 00:50:10.722, 3, 94747, 97871
2026/09/23 00:50:10.922, 0, 94748, 97871
2026/09/23 00:50:10.922, 1, 94756, 97871
2026/09/23 00:50:10.922, 2, 94756, 97871
2026/09/23 00:50:10.922, 3, 94747, 97871
2026/09/23 00:50:11.122, 0, 94748, 97871
2026/09/23 00:50:11.123, 1, 94756, 97871
2026/09/23 00:50:11.123, 2, 94756, 97871
2026/09/23 00:50:11.123, 3, 94747, 97871
2026/09/23 00:50:11.323, 0, 94748, 97871
2026/09/23 00:50:11.323, 1, 94756, 97871
2026/09/23 00:50:11.323, 2, 94756, 97871
2026/09/23 00:50:11.323, 3, 94747, 97871
2026/09/23 00:50:11.523, 0, 94748, 97871
2026/09/23 00:50:11.523, 1, 94756, 97871
2026/09/23 00:50:11.523, 2, 94756, 97871
2026/09/23 00:50:11.523, 3, 94747, 97871
2026/09/23 00:50:11.723, 0, 94748, 97871
2026/09/23 00:50:11.723, 1, 94756, 97871
2026/09/23 00:50:11.723, 2, 94756, 97871
2026/09/23 00:50:11.724, 3, 94747, 97871
2026/09/23 00:50:11.924, 0, 94748, 97871
2026/09/23 00:50:11.924, 1, 94756, 97871
2026/09/23 00:50:11.924, 2, 94756, 97871
2026/09/23 00:50:11.924, 3, 94747, 97871
2026/09/23 00:50:12.124, 0, 94748, 97871
2026/09/23 00:50:12.124, 1, 94756, 97871
2026/09/23 00:50:12.124, 2, 94756, 97871
2026/09/23 00:50:12.124, 3, 94747, 97871
2026/09/23 00:50:12.324, 0, 94748, 97871
2026/09/23 00:50:12.324, 1, 94756, 97871
2026/09/23 00:50:12.324, 2, 94756, 97871
2026/09/23 00:50:12.324, 3, 94747, 97871
2026/09/23 00:50:12.525, 0, 94748, 97871
2026/09/23 00:50:12.525, 1, 94756, 97871
2026/09/23 00:50:12.525, 2, 94756, 97871
2026/09/23 00:50:12.525, 3, 94747, 97871
2026/09/23 00:50:12.725, 0, 94748, 97871
2026/09/23 00:50:12.725, 1, 94756, 97871
2026/09/23 00:50:12.725, 2, 94756, 97871
2026/09/23 00:50:12.725, 3, 94747, 97871
2026/09/23 00:50:12.925, 0, 94748, 97871
2026/09/23 00:50:12.926, 1, 94756, 97871
2026/09/23 00:50:12.926, 2, 94756, 97871
2026/09/23 00:50:12.926, 3, 94747, 97871
2026/09/23 00:50:13.126, 0, 94748, 97871
2026/09/23 00:50:13.126, 1, 94756, 97871
2026/09/23 00:50:13.126, 2, 94756, 97871
2026/09/23 00:50:13.126, 3, 94747, 97871
2026/09/23 00:50:13.326, 0, 94748, 97871
2026/09/23 00:50:13.326, 1, 94756, 97871
2026/09/23 00:50:13.326, 2, 94756, 97871
2026/09/23 00:50:13.326, 3, 94747, 97871
2026/09/23 00:50:13.527, 0, 94748, 97871
2026/09/23 00:50:13.527, 1, 94756, 97871
2026/09/23 00:50:13.527, 2, 94756, 97871
2026/09/23 00:50:13.527, 3, 94747, 97871
2026/09/23 00:50:13.727, 0, 94748, 97871
2026/09/23 00:50:13.727, 1, 94756, 97871
2026/09/23 00:50:13.727, 2, 94756, 97871
2026/09/23 00:50:13.727, 3, 94747, 97871
2026/09/23 00:50:13.927, 0, 94748, 97871
2026/09/23 00:50:13.927, 1, 94756, 97871
2026/09/23 00:50:13.928, 2, 94756, 97871
2026/09/23 00:50:13.928, 3, 94747, 97871
2026/09/23 00:50:14.128, 0, 94748, 97871
2026/09/23 00:50:14.128, 1, 94756, 97871
2026/09/23 00:50:14.128, 2, 94756, 97871
2026/09/23 00:50:14.128, 3, 94747, 97871
2026/09/23 00:50:14.328, 0, 94748, 97871
2026/09/23 00:50:14.328, 1, 94756, 97871
2026/09/23 00:50:14.328, 2, 94756, 97871
2026/09/23 00:50:14.328, 3, 94747, 97871
2026/09/23 00:50:14.528, 0, 94748, 97871
2026/09/23 00:50:14.528, 1, 94756, 97871
2026/09/23 00:50:14.528, 2, 94756, 97871
2026/09/23 00:50:14.528, 3, 94747, 97871
2026/09/23 00:50:14.729, 0, 94748, 97871
2026/09/23 00:50:14.729, 1, 94756, 97871
2026/09/23 00:50:14.729, 2, 94756, 97871
2026/09/23 00:50:14.729, 3, 94747, 97871
2026/09/23 00:50:14.929, 0, 94748, 97871
2026/09/23 00:50:14.929, 1, 94756, 97871
2026/09/23 00:50:14.929, 2, 94756, 97871
2026/09/23 00:50:14.929, 3, 94747, 97871
2026/09/23 00:50:15.129, 0, 94748, 97871
2026/09/23 00:50:15.129, 1, 94756, 97871
2026/09/23 00:50:15.129, 2, 94756, 97871
2026/09/23 00:50:15.129, 3, 94747, 97871
2026/09/23 00:50:15.329, 0, 94748, 97871
2026/09/23 00:50:15.329, 1, 94756, 97871
2026/09/23 00:50:15.329, 2, 94756, 97871
2026/09/23 00:50:15.329, 3, 94747, 97871
2026/09/23 00:50:15.530, 0, 94748, 97871
2026/09/23 00:50:15.530, 1, 94756, 97871
2026/09/23 00:50:15.530, 2, 94756, 97871
2026/09/23 00:50:15.530, 3, 94747, 97871
2026/09/23 00:50:15.730, 0, 94748, 97871
2026/09/23 00:50:15.756, 1, 94756, 97871
2026/09/23 00:50:15.787, 2, 94756, 97871
2026/09/23 00:50:15.787, 3, 94747, 97871
2026/09/23 00:50:15.987, 0, 94748, 97871
2026/09/23 00:50:16.012, 1, 94756, 97871
2026/09/23 00:50:16.040, 2, 94756, 97871
2026/09/23 00:50:16.058, 3, 94747, 97871
2026/09/23 00:50:16.258, 0, 94748, 97871
2026/09/23 00:50:16.258, 1, 94756, 97871
2026/09/23 00:50:16.258, 2, 94756, 97871
2026/09/23 00:50:16.258, 3, 94747, 97871
2026/09/23 00:50:16.459, 0, 94748, 97871
2026/09/23 00:50:16.459, 1, 94756, 97871
2026/09/23 00:50:16.459, 2, 94756, 97871
2026/09/23 00:50:16.459, 3, 94747, 97871
2026/09/23 00:50:16.659, 0, 94748, 97871
2026/09/23 00:50:16.659, 1, 94756, 97871
2026/09/23 00:50:16.659, 2, 94756, 97871
2026/09/23 00:50:16.659, 3, 94747, 97871
2026/09/23 00:50:16.859, 0, 94748, 97871
2026/09/23 00:50:16.859, 1, 94756, 97871
2026/09/23 00:50:16.859, 2, 94756, 97871
2026/09/23 00:50:16.859, 3, 94747, 97871
2026/09/23 00:50:17.059, 0, 94748, 97871
2026/09/23 00:50:17.059, 1, 94756, 97871
2026/09/23 00:50:17.059, 2, 94756, 97871
2026/09/23 00:50:17.060, 3, 94747, 97871
2026/09/23 00:50:17.260, 0, 94748, 97871
2026/09/23 00:50:17.260, 1, 94756, 97871
2026/09/23 00:50:17.260, 2, 94756, 97871
2026/09/23 00:50:17.260, 3, 94747, 97871
2026/09/23 00:50:17.460, 0, 94748, 97871
2026/09/23 00:50:17.460, 1, 94756, 97871
2026/09/23 00:50:17.460, 2, 94756, 97871
2026/09/23 00:50:17.460, 3, 94747, 97871
2026/09/23 00:50:17.660, 0, 94748, 97871
2026/09/23 00:50:17.660, 1, 94756, 97871
2026/09/23 00:50:17.660, 2, 94756, 97871
2026/09/23 00:50:17.660, 3, 94747, 97871
2026/09/23 00:50:17.860, 0, 94748, 97871
2026/09/23 00:50:17.861, 1, 94756, 97871
2026/09/23 00:50:17.861, 2, 94756, 97871
2026/09/23 00:50:17.861, 3, 94747, 97871
2026/09/23 00:50:18.061, 0, 94748, 97871
2026/09/23 00:50:18.061, 1, 94756, 97871
2026/09/23 00:50:18.061, 2, 94756, 97871
2026/09/23 00:50:18.061, 3, 94747, 97871
2026/09/23 00:50:18.261, 0, 94748, 97871
2026/09/23 00:50:18.261, 1, 94756, 97871
2026/09/23 00:50:18.261, 2, 94756, 97871
2026/09/23 00:50:18.261, 3, 94747, 97871
2026/09/23 00:50:18.461, 0, 94748, 97871
2026/09/23 00:50:18.461, 1, 94756, 97871
2026/09/23 00:50:18.461, 2, 94756, 97871
2026/09/23 00:50:18.461, 3, 94747, 97871
2026/09/23 00:50:18.661, 0, 94748, 97871
2026/09/23 00:50:18.662, 1, 94756, 97871
2026/09/23 00:50:18.662, 2, 94756, 97871
2026/09/23 00:50:18.662, 3, 94747, 97871
2026/09/23 00:50:18.862, 0, 94748, 97871
2026/09/23 00:50:18.862, 1, 94756, 97871
2026/09/23 00:50:18.862, 2, 94756, 97871
2026/09/23 00:50:18.862, 3, 94747, 97871
2026/09/23 00:50:19.062, 0, 94748, 97871
2026/09/23 00:50:19.062, 1, 94756, 97871
2026/09/23 00:50:19.062, 2, 94756, 97871
2026/09/23 00:50:19.062, 3, 94747, 97871
2026/09/23 00:50:19.262, 0, 94748, 97871
2026/09/23 00:50:19.262, 1, 94756, 97871
2026/09/23 00:50:19.262, 2, 94756, 97871
2026/09/23 00:50:19.262, 3, 94747, 97871
2026/09/23 00:50:19.462, 0, 94748, 97871
2026/09/23 00:50:19.462, 1, 94756, 97871
2026/09/23 00:50:19.463, 2, 94756, 97871
2026/09/23 00:50:19.463, 3, 94747, 97871
2026/09/23 00:50:19.663, 0, 94748, 97871
2026/09/23 00:50:19.663, 1, 94756, 97871
2026/09/23 00:50:19.663, 2, 94756, 97871
2026/09/23 00:50:19.663, 3, 94747, 97871
2026/09/23 00:50:19.863, 0, 94748, 97871
2026/09/23 00:50:19.863, 1, 94756, 97871
2026/09/23 00:50:19.863, 2, 94756, 97871
2026/09/23 00:50:19.863, 3, 94747, 97871
2026/09/23 00:50:20.063, 0, 94748, 97871
2026/09/23 00:50:20.063, 1, 94756, 97871
2026/09/23 00:50:20.063, 2, 94756, 97871
2026/09/23 00:50:20.063, 3, 94747, 97871
2026/09/23 00:50:20.263, 0, 94748, 97871
2026/09/23 00:50:20.263, 1, 94756, 97871
2026/09/23 00:50:20.264, 2, 94756, 97871
2026/09/23 00:50:20.264, 3, 94747, 97871
2026/09/23 00:50:20.464, 0, 94748, 97871
2026/09/23 00:50:20.464, 1, 94756, 97871
2026/09/23 00:50:20.464, 2, 94756, 97871
2026/09/23 00:50:20.464, 3, 94747, 97871
2026/09/23 00:50:20.664, 0, 94748, 97871
2026/09/23 00:50:20.664, 1, 94756, 97871
2026/09/23 00:50:20.664, 2, 94756, 97871
2026/09/23 00:50:20.664, 3, 94747, 97871
2026/09/23 00:50:20.864, 0, 94748, 97871
2026/09/23 00:50:20.864, 1, 94756, 97871
2026/09/23 00:50:20.864, 2, 94756, 97871
2026/09/23 00:50:20.864, 3, 94747, 97871
2026/09/23 00:50:21.064, 0, 94748, 97871
2026/09/23 00:50:21.064, 1, 94756, 97871
2026/09/23 00:50:21.065, 2, 94756, 97871
2026/09/23 00:50:21.065, 3, 94747, 97871
2026/09/23 00:50:21.265, 0, 94748, 97871
2026/09/23 00:50:21.265, 1, 94756, 97871
2026/09/23 00:50:21.265, 2, 94756, 97871
2026/09/23 00:50:21.265, 3, 94747, 97871
2026/09/23 00:50:21.465, 0, 94748, 97871
2026/09/23 00:50:21.465, 1, 94756, 97871
2026/09/23 00:50:21.465, 2, 94756, 97871
2026/09/23 00:50:21.465, 3, 94747, 97871
2026/09/23 00:50:21.665, 0, 94748, 97871
2026/09/23 00:50:21.665, 1, 94756, 97871
2026/09/23 00:50:21.665, 2, 94756, 97871
2026/09/23 00:50:21.665, 3, 94747, 97871
2026/09/23 00:50:21.865, 0, 94748, 97871
2026/09/23 00:50:21.865, 1, 94756, 97871
2026/09/23 00:50:21.866, 2, 94756, 97871
2026/09/23 00:50:21.866, 3, 94747, 97871
2026/09/23 00:50:22.066, 0, 94748, 97871
2026/09/23 00:50:22.066, 1, 94756, 97871
2026/09/23 00:50:22.066, 2, 94756, 97871
2026/09/23 00:50:22.066, 3, 94747, 97871
2026/09/23 00:50:22.266, 0, 94748, 97871
2026/09/23 00:50:22.266, 1, 94756, 97871
2026/09/23 00:50:22.266, 2, 94756, 97871
2026/09/23 00:50:22.266, 3, 94747, 97871
2026/09/23 00:50:22.466, 0, 94748, 97871
2026/09/23 00:50:22.466, 1, 94756, 97871
2026/09/23 00:50:22.466, 2, 94756, 97871
2026/09/23 00:50:22.466, 3, 94747, 97871
2026/09/23 00:50:22.666, 0, 94748, 97871
2026/09/23 00:50:22.667, 1, 94756, 97871
2026/09/23 00:50:22.667, 2, 94756, 97871
2026/09/23 00:50:22.667, 3, 94747, 97871
2026/09/23 00:50:22.867, 0, 94748, 97871
2026/09/23 00:50:22.867, 1, 94756, 97871
2026/09/23 00:50:22.867, 2, 94756, 97871
2026/09/23 00:50:22.867, 3, 94747, 97871
2026/09/23 00:50:23.067, 0, 94748, 97871
2026/09/23 00:50:23.067, 1, 94756, 97871
2026/09/23 00:50:23.067, 2, 94756, 97871
2026/09/23 00:50:23.067, 3, 94747, 97871
2026/09/23 00:50:23.267, 0, 94748, 97871
2026/09/23 00:50:23.267, 1, 94756, 97871
2026/09/23 00:50:23.267, 2, 94756, 97871
2026/09/23 00:50:23.267, 3, 94747, 97871
2026/09/23 00:50:23.467, 0, 94748, 97871
2026/09/23 00:50:23.467, 1, 94756, 97871
2026/09/23 00:50:23.468, 2, 94756, 97871
2026/09/23 00:50:23.468, 3, 94747, 97871
2026/09/23 00:50:23.668, 0, 94748, 97871
2026/09/23 00:50:23.668, 1, 94756, 97871
2026/09/23 00:50:23.668, 2, 94756, 97871
2026/09/23 00:50:23.668, 3, 94747, 97871
2026/09/23 00:50:23.868, 0, 94748, 97871
2026/09/23 00:50:23.868, 1, 94756, 97871
2026/09/23 00:50:23.868, 2, 94756, 97871
2026/09/23 00:50:23.868, 3, 94747, 97871
2026/09/23 00:50:24.068, 0, 94748, 97871
2026/09/23 00:50:24.068, 1, 94756, 97871
2026/09/23 00:50:24.068, 2, 94756, 97871
2026/09/23 00:50:24.068, 3, 94747, 97871
2026/09/23 00:50:24.268, 0, 94748, 97871
2026/09/23 00:50:24.268, 1, 94756, 97871
2026/09/23 00:50:24.268, 2, 94756, 97871
2026/09/23 00:50:24.268, 3, 94747, 97871
2026/09/23 00:50:24.468, 0, 94748, 97871
2026/09/23 00:50:24.469, 1, 94756, 97871
2026/09/23 00:50:24.469, 2, 94756, 97871
2026/09/23 00:50:24.469, 3, 94747, 97871
2026/09/23 00:50:24.669, 0, 94748, 97871
2026/09/23 00:50:24.669, 1, 94756, 97871
2026/09/23 00:50:24.669, 2, 94756, 97871
2026/09/23 00:50:24.669, 3, 94747, 97871
2026/09/23 00:50:24.869, 0, 94748, 97871
2026/09/23 00:50:24.869, 1, 94756, 97871
2026/09/23 00:50:24.869, 2, 94756, 97871
2026/09/23 00:50:24.869, 3, 94747, 97871
2026/09/23 00:50:25.069, 0, 94748, 97871
2026/09/23 00:50:25.069, 1, 94756, 97871
2026/09/23 00:50:25.069, 2, 94756, 97871
2026/09/23 00:50:25.069, 3, 94747, 97871
2026/09/23 00:50:25.269, 0, 94748, 97871
2026/09/23 00:50:25.269, 1, 94756, 97871
2026/09/23 00:50:25.269, 2, 94756, 97871
2026/09/23 00:50:25.269, 3, 94747, 97871
2026/09/23 00:50:25.470, 0, 94748, 97871
2026/09/23 00:50:25.470, 1, 94756, 97871
2026/09/23 00:50:25.470, 2, 94756, 97871
2026/09/23 00:50:25.470, 3, 94747, 97871
2026/09/23 00:50:25.670, 0, 94748, 97871
2026/09/23 00:50:25.670, 1, 94756, 97871
2026/09/23 00:50:25.670, 2, 94756, 97871
2026/09/23 00:50:25.670, 3, 94747, 97871
2026/09/23 00:50:25.870, 0, 94748, 97871
2026/09/23 00:50:25.870, 1, 94756, 97871
2026/09/23 00:50:25.870, 2, 94756, 97871
2026/09/23 00:50:25.870, 3, 94747, 97871
2026/09/23 00:50:26.070, 0, 94748, 97871
2026/09/23 00:50:26.070, 1, 94756, 97871
2026/09/23 00:50:26.070, 2, 94756, 97871
2026/09/23 00:50:26.070, 3, 94747, 97871
2026/09/23 00:50:26.271, 0, 94748, 97871
2026/09/23 00:50:26.271, 1, 94756, 97871
2026/09/23 00:50:26.271, 2, 94756, 97871
2026/09/23 00:50:26.271, 3, 94747, 97871
2026/09/23 00:50:26.471, 0, 94748, 97871
2026/09/23 00:50:26.471, 1, 94756, 97871
2026/09/23 00:50:26.471, 2, 94756, 97871
2026/09/23 00:50:26.471, 3, 94747, 97871
2026/09/23 00:50:26.671, 0, 94748, 97871
2026/09/23 00:50:26.671, 1, 94756, 97871
2026/09/23 00:50:26.671, 2, 94756, 97871
2026/09/23 00:50:26.671, 3, 94747, 97871
2026/09/23 00:50:26.871, 0, 95262, 97871
2026/09/23 00:50:26.871, 1, 95270, 97871
2026/09/23 00:50:26.871, 2, 95270, 97871
2026/09/23 00:50:26.871, 3, 95261, 97871
2026/09/23 00:50:27.071, 0, 95358, 97871
2026/09/23 00:50:27.072, 1, 95366, 97871
2026/09/23 00:50:27.072, 2, 95366, 97871
2026/09/23 00:50:27.072, 3, 95357, 97871
2026/09/23 00:50:27.272, 0, 95838, 97871
2026/09/23 00:50:27.272, 1, 95846, 97871
2026/09/23 00:50:27.272, 2, 95846, 97871
2026/09/23 00:50:27.272, 3, 95837, 97871
2026/09/23 00:50:27.472, 0, 95838, 97871
2026/09/23 00:50:27.472, 1, 95846, 97871
2026/09/23 00:50:27.472, 2, 95846, 97871
2026/09/23 00:50:27.472, 3, 95837, 97871
2026/09/23 00:50:27.672, 0, 95838, 97871
2026/09/23 00:50:27.672, 1, 95846, 97871
2026/09/23 00:50:27.672, 2, 95846, 97871
2026/09/23 00:50:27.672, 3, 95837, 97871
2026/09/23 00:50:27.872, 0, 95838, 97871
2026/09/23 00:50:27.872, 1, 95846, 97871
2026/09/23 00:50:27.872, 2, 95846, 97871
2026/09/23 00:50:27.872, 3, 95837, 97871
2026/09/23 00:50:28.073, 0, 95838, 97871
2026/09/23 00:50:28.073, 1, 95846, 97871
2026/09/23 00:50:28.073, 2, 95846, 97871
2026/09/23 00:50:28.073, 3, 95837, 97871
2026/09/23 00:50:28.273, 0, 96318, 97871
2026/09/23 00:50:28.273, 1, 96326, 97871
2026/09/23 00:50:28.273, 2, 96326, 97871
2026/09/23 00:50:28.273, 3, 96317, 97871
2026/09/23 00:50:28.473, 0, 96318, 97871
2026/09/23 00:50:28.473, 1, 96326, 97871
2026/09/23 00:50:28.473, 2, 96326, 97871
2026/09/23 00:50:28.473, 3, 96317, 97871
2026/09/23 00:50:28.673, 0, 96318, 97871
2026/09/23 00:50:28.673, 1, 96326, 97871
2026/09/23 00:50:28.673, 2, 96326, 97871
2026/09/23 00:50:28.673, 3, 96317, 97871
2026/09/23 00:50:28.873, 0, 96318, 97871
2026/09/23 00:50:28.873, 1, 96326, 97871
2026/09/23 00:50:28.873, 2, 96326, 97871
2026/09/23 00:50:28.873, 3, 96317, 97871
2026/09/23 00:50:29.074, 0, 96318, 97871
2026/09/23 00:50:29.074, 1, 96326, 97871
2026/09/23 00:50:29.074, 2, 96326, 97871
2026/09/23 00:50:29.074, 3, 96317, 97871
2026/09/23 00:50:29.274, 0, 96318, 97871
2026/09/23 00:50:29.274, 1, 96326, 97871
2026/09/23 00:50:29.274, 2, 96326, 97871
2026/09/23 00:50:29.274, 3, 96317, 97871
2026/09/23 00:50:29.474, 0, 96318, 97871
2026/09/23 00:50:29.474, 1, 96326, 97871
2026/09/23 00:50:29.474, 2, 96326, 97871
2026/09/23 00:50:29.474, 3, 96317, 97871
2026/09/23 00:50:29.674, 0, 96318, 97871
2026/09/23 00:50:29.674, 1, 96326, 97871
2026/09/23 00:50:29.674, 2, 96326, 97871
2026/09/23 00:50:29.674, 3, 96317, 97871
2026/09/23 00:50:29.874, 0, 96318, 97871
2026/09/23 00:50:29.874, 1, 96326, 97871
2026/09/23 00:50:29.874, 2, 96326, 97871
2026/09/23 00:50:29.874, 3, 96317, 97871
2026/09/23 00:50:30.075, 0, 96318, 97871
2026/09/23 00:50:30.075, 1, 96326, 97871
2026/09/23 00:50:30.075, 2, 96326, 97871
2026/09/23 00:50:30.075, 3, 96317, 97871
2026/09/23 00:50:30.275, 0, 96318, 97871
2026/09/23 00:50:30.275, 1, 96326, 97871
2026/09/23 00:50:30.275, 2, 96326, 97871
2026/09/23 00:50:30.275, 3, 96317, 97871
2026/09/23 00:50:30.475, 0, 96318, 97871
2026/09/23 00:50:30.475, 1, 96326, 97871
2026/09/23 00:50:30.475, 2, 96326, 97871
2026/09/23 00:50:30.475, 3, 96317, 97871
2026/09/23 00:50:30.675, 0, 96318, 97871
2026/09/23 00:50:30.675, 1, 96326, 97871
2026/09/23 00:50:30.675, 2, 96326, 97871
2026/09/23 00:50:30.675, 3, 96317, 97871
2026/09/23 00:50:30.875, 0, 96318, 97871
2026/09/23 00:50:30.875, 1, 96326, 97871
2026/09/23 00:50:30.876, 2, 96326, 97871
2026/09/23 00:50:30.876, 3, 96317, 97871
2026/09/23 00:50:31.076, 0, 96318, 97871
2026/09/23 00:50:31.076, 1, 96326, 97871
2026/09/23 00:50:31.076, 2, 96326, 97871
2026/09/23 00:50:31.076, 3, 96317, 97871
2026/09/23 00:50:31.276, 0, 96318, 97871
2026/09/23 00:50:31.276, 1, 96326, 97871
2026/09/23 00:50:31.276, 2, 96326, 97871
2026/09/23 00:50:31.276, 3, 96317, 97871
2026/09/23 00:50:31.476, 0, 96318, 97871
2026/09/23 00:50:31.476, 1, 96326, 97871
2026/09/23 00:50:31.477, 2, 96326, 97871
2026/09/23 00:50:31.477, 3, 96317, 97871
2026/09/23 00:50:31.677, 0, 96318, 97871
2026/09/23 00:50:31.677, 1, 96326, 97871
2026/09/23 00:50:31.677, 2, 96326, 97871
2026/09/23 00:50:31.677, 3, 96317, 97871
2026/09/23 00:50:31.877, 0, 96318, 97871
2026/09/23 00:50:31.877, 1, 96326, 97871
2026/09/23 00:50:31.877, 2, 96326, 97871
2026/09/23 00:50:31.877, 3, 96317, 97871
2026/09/23 00:50:32.077, 0, 96318, 97871
2026/09/23 00:50:32.077, 1, 96326, 97871
2026/09/23 00:50:32.077, 2, 96326, 97871
2026/09/23 00:50:32.077, 3, 96317, 97871
2026/09/23 00:50:32.277, 0, 96318, 97871
2026/09/23 00:50:32.277, 1, 96326, 97871
2026/09/23 00:50:32.277, 2, 96326, 97871
2026/09/23 00:50:32.277, 3, 96317, 97871
2026/09/23 00:50:32.477, 0, 96318, 97871
2026/09/23 00:50:32.478, 1, 96326, 97871
2026/09/23 00:50:32.478, 2, 96326, 97871
2026/09/23 00:50:32.478, 3, 96317, 97871
2026/09/23 00:50:32.678, 0, 96318, 97871
2026/09/23 00:50:32.678, 1, 96326, 97871
2026/09/23 00:50:32.678, 2, 96326, 97871
2026/09/23 00:50:32.678, 3, 96317, 97871
2026/09/23 00:50:32.878, 0, 96318, 97871
2026/09/23 00:50:32.878, 1, 96326, 97871
2026/09/23 00:50:32.878, 2, 96326, 97871
2026/09/23 00:50:32.878, 3, 96317, 97871
2026/09/23 00:50:33.078, 0, 96318, 97871
2026/09/23 00:50:33.078, 1, 96326, 97871
2026/09/23 00:50:33.078, 2, 96326, 97871
2026/09/23 00:50:33.078, 3, 96317, 97871
2026/09/23 00:50:33.278, 0, 96318, 97871
2026/09/23 00:50:33.278, 1, 96326, 97871
2026/09/23 00:50:33.278, 2, 96326, 97871
2026/09/23 00:50:33.278, 3, 96317, 97871
2026/09/23 00:50:33.479, 0, 96318, 97871
2026/09/23 00:50:33.479, 1, 96326, 97871
2026/09/23 00:50:33.479, 2, 96326, 97871
2026/09/23 00:50:33.479, 3, 96317, 97871
2026/09/23 00:50:33.679, 0, 96318, 97871
2026/09/23 00:50:33.679, 1, 96326, 97871
2026/09/23 00:50:33.679, 2, 96326, 97871
2026/09/23 00:50:33.679, 3, 96317, 97871
2026/09/23 00:50:33.879, 0, 96318, 97871
2026/09/23 00:50:33.879, 1, 96326, 97871
2026/09/23 00:50:33.879, 2, 96326, 97871
2026/09/23 00:50:33.879, 3, 96317, 97871
2026/09/23 00:50:34.079, 0, 96318, 97871
2026/09/23 00:50:34.079, 1, 96326, 97871
2026/09/23 00:50:34.079, 2, 96326, 97871
2026/09/23 00:50:34.079, 3, 96317, 97871
2026/09/23 00:50:34.279, 0, 96318, 97871
2026/09/23 00:50:34.279, 1, 96326, 97871
2026/09/23 00:50:34.279, 2, 96326, 97871
2026/09/23 00:50:34.279, 3, 96317, 97871
2026/09/23 00:50:34.480, 0, 96318, 97871
2026/09/23 00:50:34.480, 1, 96326, 97871
2026/09/23 00:50:34.480, 2, 96326, 97871
2026/09/23 00:50:34.480, 3, 96317, 97871
2026/09/23 00:50:34.680, 0, 96318, 97871
2026/09/23 00:50:34.680, 1, 96326, 97871
2026/09/23 00:50:34.680, 2, 96326, 97871
2026/09/23 00:50:34.680, 3, 96317, 97871
2026/09/23 00:50:34.880, 0, 96318, 97871
2026/09/23 00:50:34.880, 1, 96326, 97871
2026/09/23 00:50:34.880, 2, 96326, 97871
2026/09/23 00:50:34.880, 3, 96317, 97871
2026/09/23 00:50:35.080, 0, 96318, 97871
2026/09/23 00:50:35.080, 1, 96326, 97871
2026/09/23 00:50:35.080, 2, 96326, 97871
2026/09/23 00:50:35.080, 3, 96317, 97871
2026/09/23 00:50:35.280, 0, 96318, 97871
2026/09/23 00:50:35.281, 1, 96326, 97871
2026/09/23 00:50:35.281, 2, 96326, 97871
2026/09/23 00:50:35.281, 3, 96317, 97871
2026/09/23 00:50:35.481, 0, 96318, 97871
2026/09/23 00:50:35.481, 1, 96326, 97871
2026/09/23 00:50:35.481, 2, 96326, 97871
2026/09/23 00:50:35.481, 3, 96317, 97871
2026/09/23 00:50:35.681, 0, 96318, 97871
2026/09/23 00:50:35.681, 1, 96326, 97871
2026/09/23 00:50:35.681, 2, 96326, 97871
2026/09/23 00:50:35.681, 3, 96317, 97871
2026/09/23 00:50:35.881, 0, 96318, 97871
2026/09/23 00:50:35.881, 1, 96326, 97871
2026/09/23 00:50:35.881, 2, 96326, 97871
2026/09/23 00:50:35.881, 3, 96317, 97871
2026/09/23 00:50:36.081, 0, 96318, 97871
2026/09/23 00:50:36.082, 1, 96326, 97871
2026/09/23 00:50:36.082, 2, 96326, 97871
2026/09/23 00:50:36.082, 3, 96317, 97871
2026/09/23 00:50:36.282, 0, 96318, 97871
2026/09/23 00:50:36.282, 1, 96326, 97871
2026/09/23 00:50:36.282, 2, 96326, 97871
2026/09/23 00:50:36.282, 3, 96317, 97871
2026/09/23 00:50:36.482, 0, 96318, 97871
2026/09/23 00:50:36.482, 1, 96326, 97871
2026/09/23 00:50:36.482, 2, 96326, 97871
2026/09/23 00:50:36.482, 3, 96317, 97871
2026/09/23 00:50:36.682, 0, 96318, 97871
2026/09/23 00:50:36.682, 1, 96326, 97871
2026/09/23 00:50:36.682, 2, 96326, 97871
2026/09/23 00:50:36.682, 3, 96317, 97871
2026/09/23 00:50:36.883, 0, 96318, 97871
2026/09/23 00:50:36.883, 1, 96326, 97871
2026/09/23 00:50:36.883, 2, 96326, 97871
2026/09/23 00:50:36.883, 3, 96317, 97871
2026/09/23 00:50:37.083, 0, 96318, 97871
2026/09/23 00:50:37.083, 1, 96326, 97871
2026/09/23 00:50:37.083, 2, 96326, 97871
2026/09/23 00:50:37.083, 3, 96317, 97871
2026/09/23 00:50:37.283, 0, 96318, 97871
2026/09/23 00:50:37.283, 1, 96326, 97871
2026/09/23 00:50:37.283, 2, 96326, 97871
2026/09/23 00:50:37.283, 3, 96317, 97871
2026/09/23 00:50:37.483, 0, 96318, 97871
2026/09/23 00:50:37.505, 1, 96326, 97871
2026/09/23 00:50:37.538, 2, 96326, 97871
2026/09/23 00:50:37.538, 3, 96317, 97871
2026/09/23 00:50:37.738, 0, 96318, 97871
2026/09/23 00:50:37.738, 1, 96326, 97871
2026/09/23 00:50:37.738, 2, 96326, 97871
2026/09/23 00:50:37.738, 3, 96317, 97871
2026/09/23 00:50:37.938, 0, 96318, 97871
2026/09/23 00:50:37.938, 1, 96326, 97871
2026/09/23 00:50:37.938, 2, 96326, 97871
2026/09/23 00:50:37.938, 3, 96317, 97871
2026/09/23 00:50:38.138, 0, 96318, 97871
2026/09/23 00:50:38.138, 1, 96326, 97871
2026/09/23 00:50:38.138, 2, 96326, 97871
2026/09/23 00:50:38.138, 3, 96317, 97871
2026/09/23 00:50:38.338, 0, 96318, 97871
2026/09/23 00:50:38.338, 1, 96326, 97871
2026/09/23 00:50:38.339, 2, 96326, 97871
2026/09/23 00:50:38.339, 3, 96317, 97871
2026/09/23 00:50:38.539, 0, 96318, 97871
2026/09/23 00:50:38.539, 1, 96326, 97871
2026/09/23 00:50:38.539, 2, 96326, 97871
2026/09/23 00:50:38.539, 3, 96317, 97871
2026/09/23 00:50:38.739, 0, 96318, 97871
2026/09/23 00:50:38.739, 1, 96326, 97871
2026/09/23 00:50:38.739, 2, 96326, 97871
2026/09/23 00:50:38.739, 3, 96317, 97871
2026/09/23 00:50:38.939, 0, 96318, 97871
2026/09/23 00:50:38.939, 1, 96326, 97871
2026/09/23 00:50:38.939, 2, 96326, 97871
2026/09/23 00:50:38.939, 3, 96317, 97871
2026/09/23 00:50:39.139, 0, 96318, 97871
2026/09/23 00:50:39.139, 1, 96326, 97871
2026/09/23 00:50:39.139, 2, 96326, 97871
2026/09/23 00:50:39.139, 3, 96317, 97871
2026/09/23 00:50:39.340, 0, 96318, 97871
2026/09/23 00:50:39.340, 1, 96326, 97871
2026/09/23 00:50:39.340, 2, 96326, 97871
2026/09/23 00:50:39.340, 3, 96317, 97871
2026/09/23 00:50:39.540, 0, 96318, 97871
2026/09/23 00:50:39.540, 1, 96326, 97871
2026/09/23 00:50:39.540, 2, 96326, 97871
2026/09/23 00:50:39.540, 3, 96317, 97871
2026/09/23 00:50:39.740, 0, 96318, 97871
2026/09/23 00:50:39.740, 1, 96326, 97871
2026/09/23 00:50:39.740, 2, 96326, 97871
2026/09/23 00:50:39.740, 3, 96317, 97871
2026/09/23 00:50:39.940, 0, 96318, 97871
2026/09/23 00:50:39.940, 1, 96326, 97871
2026/09/23 00:50:39.940, 2, 96326, 97871
2026/09/23 00:50:39.940, 3, 96317, 97871
2026/09/23 00:50:40.140, 0, 96318, 97871
2026/09/23 00:50:40.141, 1, 96326, 97871
2026/09/23 00:50:40.141, 2, 96326, 97871
2026/09/23 00:50:40.141, 3, 96317, 97871
2026/09/23 00:50:40.341, 0, 96318, 97871
2026/09/23 00:50:40.341, 1, 96326, 97871
2026/09/23 00:50:40.341, 2, 96326, 97871
2026/09/23 00:50:40.341, 3, 96317, 97871
2026/09/23 00:50:40.541, 0, 96318, 97871
2026/09/23 00:50:40.541, 1, 96326, 97871
2026/09/23 00:50:40.541, 2, 96326, 97871
2026/09/23 00:50:40.541, 3, 96317, 97871
2026/09/23 00:50:40.741, 0, 96318, 97871
2026/09/23 00:50:40.741, 1, 96326, 97871
2026/09/23 00:50:40.741, 2, 96326, 97871
2026/09/23 00:50:40.741, 3, 96317, 97871
2026/09/23 00:50:40.941, 0, 96318, 97871
2026/09/23 00:50:40.941, 1, 96326, 97871
2026/09/23 00:50:40.941, 2, 96326, 97871
2026/09/23 00:50:40.941, 3, 96317, 97871
2026/09/23 00:50:41.142, 0, 96318, 97871
2026/09/23 00:50:41.142, 1, 96326, 97871
2026/09/23 00:50:41.142, 2, 96326, 97871
2026/09/23 00:50:41.142, 3, 96317, 97871
2026/09/23 00:50:41.342, 0, 96318, 97871
2026/09/23 00:50:41.342, 1, 96326, 97871
2026/09/23 00:50:41.342, 2, 96326, 97871
2026/09/23 00:50:41.342, 3, 96317, 97871
2026/09/23 00:50:41.542, 0, 96318, 97871
2026/09/23 00:50:41.542, 1, 96326, 97871
2026/09/23 00:50:41.542, 2, 96326, 97871
2026/09/23 00:50:41.542, 3, 96317, 97871
2026/09/23 00:50:41.742, 0, 96318, 97871
2026/09/23 00:50:41.742, 1, 96326, 97871
2026/09/23 00:50:41.742, 2, 96326, 97871
2026/09/23 00:50:41.742, 3, 96317, 97871
2026/09/23 00:50:41.942, 0, 96318, 97871
2026/09/23 00:50:41.943, 1, 96326, 97871
2026/09/23 00:50:41.943, 2, 96326, 97871
2026/09/23 00:50:41.943, 3, 96317, 97871
2026/09/23 00:50:42.143, 0, 96318, 97871
2026/09/23 00:50:42.143, 1, 96326, 97871
2026/09/23 00:50:42.143, 2, 96326, 97871
2026/09/23 00:50:42.143, 3, 96317, 97871
2026/09/23 00:50:42.343, 0, 96318, 97871
2026/09/23 00:50:42.343, 1, 96326, 97871
2026/09/23 00:50:42.343, 2, 96326, 97871
2026/09/23 00:50:42.343, 3, 96317, 97871
2026/09/23 00:50:42.543, 0, 96318, 97871
2026/09/23 00:50:42.543, 1, 96326, 97871
2026/09/23 00:50:42.543, 2, 96326, 97871
2026/09/23 00:50:42.543, 3, 96317, 97871
2026/09/23 00:50:42.744, 0, 96318, 97871
2026/09/23 00:50:42.744, 1, 96326, 97871
2026/09/23 00:50:42.744, 2, 96326, 97871
2026/09/23 00:50:42.744, 3, 96317, 97871
2026/09/23 00:50:42.944, 0, 96318, 97871
2026/09/23 00:50:42.944, 1, 96326, 97871
2026/09/23 00:50:42.944, 2, 96326, 97871
2026/09/23 00:50:42.944, 3, 96317, 97871
2026/09/23 00:50:43.144, 0, 96318, 97871
2026/09/23 00:50:43.144, 1, 96326, 97871
2026/09/23 00:50:43.144, 2, 96326, 97871
2026/09/23 00:50:43.144, 3, 96317, 97871
2026/09/23 00:50:43.344, 0, 96318, 97871
2026/09/23 00:50:43.344, 1, 96326, 97871
2026/09/23 00:50:43.344, 2, 96326, 97871
2026/09/23 00:50:43.344, 3, 96317, 97871
2026/09/23 00:50:43.545, 0, 96318, 97871
2026/09/23 00:50:43.545, 1, 96326, 97871
2026/09/23 00:50:43.545, 2, 96326, 97871
2026/09/23 00:50:43.545, 3, 96317, 97871
2026/09/23 00:50:43.745, 0, 96318, 97871
2026/09/23 00:50:43.745, 1, 96326, 97871
2026/09/23 00:50:43.745, 2, 96326, 97871
2026/09/23 00:50:43.745, 3, 96317, 97871
2026/09/23 00:50:43.945, 0, 96318, 97871
2026/09/23 00:50:43.945, 1, 96326, 97871
2026/09/23 00:50:43.945, 2, 96326, 97871
2026/09/23 00:50:43.945, 3, 96317, 97871
2026/09/23 00:50:44.145, 0, 96318, 97871
2026/09/23 00:50:44.145, 1, 96326, 97871
2026/09/23 00:50:44.145, 2, 96326, 97871
2026/09/23 00:50:44.145, 3, 96317, 97871
2026/09/23 00:50:44.346, 0, 96318, 97871
2026/09/23 00:50:44.346, 1, 96326, 97871
2026/09/23 00:50:44.346, 2, 96326, 97871
2026/09/23 00:50:44.346, 3, 96317, 97871
2026/09/23 00:50:44.546, 0, 96318, 97871
2026/09/23 00:50:44.546, 1, 96326, 97871
2026/09/23 00:50:44.546, 2, 96326, 97871
2026/09/23 00:50:44.546, 3, 96317, 97871
2026/09/23 00:50:44.746, 0, 96318, 97871
2026/09/23 00:50:44.746, 1, 96326, 97871
2026/09/23 00:50:44.746, 2, 96326, 97871
2026/09/23 00:50:44.746, 3, 96317, 97871
2026/09/23 00:50:44.946, 0, 96318, 97871
2026/09/23 00:50:44.946, 1, 96326, 97871
2026/09/23 00:50:44.946, 2, 96326, 97871
2026/09/23 00:50:44.947, 3, 96317, 97871
2026/09/23 00:50:45.147, 0, 96318, 97871
2026/09/23 00:50:45.147, 1, 96326, 97871
2026/09/23 00:50:45.147, 2, 96326, 97871
2026/09/23 00:50:45.147, 3, 96317, 97871
2026/09/23 00:50:45.347, 0, 96318, 97871
2026/09/23 00:50:45.347, 1, 96326, 97871
2026/09/23 00:50:45.347, 2, 96326, 97871
2026/09/23 00:50:45.347, 3, 96317, 97871
2026/09/23 00:50:45.547, 0, 96318, 97871
2026/09/23 00:50:45.547, 1, 96326, 97871
2026/09/23 00:50:45.547, 2, 96326, 97871
2026/09/23 00:50:45.547, 3, 96317, 97871
2026/09/23 00:50:45.747, 0, 96318, 97871
2026/09/23 00:50:45.747, 1, 96326, 97871
2026/09/23 00:50:45.747, 2, 96326, 97871
2026/09/23 00:50:45.747, 3, 96317, 97871
2026/09/23 00:50:45.948, 0, 96318, 97871
2026/09/23 00:50:45.948, 1, 96326, 97871
2026/09/23 00:50:45.948, 2, 96326, 97871
2026/09/23 00:50:45.948, 3, 96317, 97871
2026/09/23 00:50:46.148, 0, 96318, 97871
2026/09/23 00:50:46.148, 1, 96326, 97871
2026/09/23 00:50:46.148, 2, 96326, 97871
2026/09/23 00:50:46.148, 3, 96317, 97871
2026/09/23 00:50:46.348, 0, 96318, 97871
2026/09/23 00:50:46.348, 1, 96326, 97871
2026/09/23 00:50:46.348, 2, 96326, 97871
2026/09/23 00:50:46.348, 3, 96317, 97871
2026/09/23 00:50:46.548, 0, 96318, 97871
2026/09/23 00:50:46.548, 1, 96326, 97871
2026/09/23 00:50:46.549, 2, 96326, 97871
2026/09/23 00:50:46.549, 3, 96317, 97871
2026/09/23 00:50:46.749, 0, 96318, 97871
2026/09/23 00:50:46.749, 1, 96326, 97871
2026/09/23 00:50:46.749, 2, 96326, 97871
2026/09/23 00:50:46.749, 3, 96317, 97871
2026/09/23 00:50:46.949, 0, 96318, 97871
2026/09/23 00:50:46.949, 1, 96326, 97871
2026/09/23 00:50:46.949, 2, 96326, 97871
2026/09/23 00:50:46.949, 3, 96317, 97871
2026/09/23 00:50:47.149, 0, 96318, 97871
2026/09/23 00:50:47.149, 1, 96326, 97871
2026/09/23 00:50:47.149, 2, 96326, 97871
2026/09/23 00:50:47.149, 3, 96317, 97871
2026/09/23 00:50:47.349, 0, 96318, 97871
2026/09/23 00:50:47.349, 1, 96326, 97871
2026/09/23 00:50:47.350, 2, 96326, 97871
2026/09/23 00:50:47.350, 3, 96317, 97871
2026/09/23 00:50:47.550, 0, 96318, 97871
2026/09/23 00:50:47.550, 1, 96326, 97871
2026/09/23 00:50:47.550, 2, 96326, 97871
2026/09/23 00:50:47.550, 3, 96317, 97871
2026/09/23 00:50:47.750, 0, 96318, 97871
2026/09/23 00:50:47.750, 1, 96326, 97871
2026/09/23 00:50:47.750, 2, 96326, 97871
2026/09/23 00:50:47.750, 3, 96317, 97871
2026/09/23 00:50:47.950, 0, 96318, 97871
2026/09/23 00:50:47.950, 1, 96326, 97871
2026/09/23 00:50:47.950, 2, 96326, 97871
2026/09/23 00:50:47.950, 3, 96317, 97871
2026/09/23 00:50:48.150, 0, 96318, 97871
2026/09/23 00:50:48.150, 1, 96326, 97871
2026/09/23 00:50:48.151, 2, 96326, 97871
2026/09/23 00:50:48.151, 3, 96317, 97871
2026/09/23 00:50:48.351, 0, 96318, 97871
2026/09/23 00:50:48.351, 1, 96326, 97871
2026/09/23 00:50:48.351, 2, 96326, 97871
2026/09/23 00:50:48.351, 3, 96317, 97871
2026/09/23 00:50:48.551, 0, 96318, 97871
2026/09/23 00:50:48.551, 1, 96326, 97871
2026/09/23 00:50:48.551, 2, 96326, 97871
2026/09/23 00:50:48.551, 3, 96317, 97871
2026/09/23 00:50:48.751, 0, 96318, 97871
2026/09/23 00:50:48.751, 1, 96326, 97871
2026/09/23 00:50:48.751, 2, 96326, 97871
2026/09/23 00:50:48.751, 3, 96317, 97871
2026/09/23 00:50:48.951, 0, 96318, 97871
2026/09/23 00:50:48.951, 1, 96326, 97871
2026/09/23 00:50:48.951, 2, 96326, 97871
2026/09/23 00:50:48.952, 3, 96317, 97871
2026/09/23 00:50:49.152, 0, 96318, 97871
2026/09/23 00:50:49.152, 1, 96326, 97871
2026/09/23 00:50:49.152, 2, 96326, 97871
2026/09/23 00:50:49.152, 3, 96317, 97871
2026/09/23 00:50:49.352, 0, 96318, 97871
2026/09/23 00:50:49.352, 1, 96326, 97871
2026/09/23 00:50:49.352, 2, 96326, 97871
2026/09/23 00:50:49.352, 3, 96317, 97871
2026/09/23 00:50:49.552, 0, 96318, 97871
2026/09/23 00:50:49.552, 1, 96326, 97871
2026/09/23 00:50:49.552, 2, 96326, 97871
2026/09/23 00:50:49.552, 3, 96317, 97871
2026/09/23 00:50:49.752, 0, 96318, 97871
2026/09/23 00:50:49.752, 1, 96326, 97871
2026/09/23 00:50:49.752, 2, 96326, 97871
2026/09/23 00:50:49.753, 3, 96317, 97871
2026/09/23 00:50:49.953, 0, 96318, 97871
2026/09/23 00:50:49.953, 1, 96326, 97871
2026/09/23 00:50:49.953, 2, 96326, 97871
2026/09/23 00:50:49.953, 3, 96317, 97871
2026/09/23 00:50:50.153, 0, 96318, 97871
2026/09/23 00:50:50.153, 1, 96326, 97871
2026/09/23 00:50:50.153, 2, 96326, 97871
2026/09/23 00:50:50.153, 3, 96317, 97871
2026/09/23 00:50:50.353, 0, 96318, 97871
2026/09/23 00:50:50.353, 1, 96326, 97871
2026/09/23 00:50:50.353, 2, 96326, 97871
2026/09/23 00:50:50.353, 3, 96317, 97871
2026/09/23 00:50:50.553, 0, 96318, 97871
2026/09/23 00:50:50.553, 1, 96326, 97871
2026/09/23 00:50:50.553, 2, 96326, 97871
2026/09/23 00:50:50.553, 3, 96317, 97871
2026/09/23 00:50:50.754, 0, 96318, 97871
2026/09/23 00:50:50.754, 1, 96326, 97871
2026/09/23 00:50:50.754, 2, 96326, 97871
2026/09/23 00:50:50.754, 3, 96317, 97871
2026/09/23 00:50:50.954, 0, 96318, 97871
2026/09/23 00:50:50.954, 1, 96326, 97871
2026/09/23 00:50:50.954, 2, 96326, 97871
2026/09/23 00:50:50.954, 3, 96317, 97871
2026/09/23 00:50:51.154, 0, 96318, 97871
2026/09/23 00:50:51.154, 1, 96326, 97871
2026/09/23 00:50:51.154, 2, 96326, 97871
2026/09/23 00:50:51.154, 3, 96317, 97871
2026/09/23 00:50:51.354, 0, 96318, 97871
2026/09/23 00:50:51.354, 1, 96326, 97871
2026/09/23 00:50:51.354, 2, 96326, 97871
2026/09/23 00:50:51.354, 3, 96317, 97871
2026/09/23 00:50:51.554, 0, 96318, 97871
2026/09/23 00:50:51.555, 1, 96326, 97871
2026/09/23 00:50:51.555, 2, 96326, 97871
2026/09/23 00:50:51.555, 3, 96317, 97871
2026/09/23 00:50:51.755, 0, 96318, 97871
2026/09/23 00:50:51.755, 1, 96326, 97871
2026/09/23 00:50:51.755, 2, 96326, 97871
2026/09/23 00:50:51.755, 3, 96317, 97871
2026/09/23 00:50:51.955, 0, 96318, 97871
2026/09/23 00:50:51.955, 1, 96326, 97871
2026/09/23 00:50:51.955, 2, 96326, 97871
2026/09/23 00:50:51.955, 3, 96317, 97871
2026/09/23 00:50:52.155, 0, 96318, 97871
2026/09/23 00:50:52.155, 1, 96326, 97871
2026/09/23 00:50:52.155, 2, 96326, 97871
2026/09/23 00:50:52.155, 3, 96317, 97871
2026/09/23 00:50:52.355, 0, 96318, 97871
2026/09/23 00:50:52.355, 1, 96326, 97871
2026/09/23 00:50:52.355, 2, 96326, 97871
2026/09/23 00:50:52.356, 3, 96317, 97871
2026/09/23 00:50:52.556, 0, 96318, 97871
2026/09/23 00:50:52.556, 1, 96326, 97871
2026/09/23 00:50:52.556, 2, 96326, 97871
2026/09/23 00:50:52.556, 3, 96317, 97871
2026/09/23 00:50:52.756, 0, 96318, 97871
2026/09/23 00:50:52.756, 1, 96326, 97871
2026/09/23 00:50:52.756, 2, 96326, 97871
2026/09/23 00:50:52.756, 3, 96317, 97871
2026/09/23 00:50:52.956, 0, 96318, 97871
2026/09/23 00:50:52.956, 1, 96326, 97871
2026/09/23 00:50:52.956, 2, 96326, 97871
2026/09/23 00:50:52.956, 3, 96317, 97871
2026/09/23 00:50:53.157, 0, 96318, 97871
2026/09/23 00:50:53.157, 1, 96326, 97871
2026/09/23 00:50:53.157, 2, 96326, 97871
2026/09/23 00:50:53.157, 3, 96317, 97871
2026/09/23 00:50:53.357, 0, 96318, 97871
2026/09/23 00:50:53.357, 1, 96326, 97871
2026/09/23 00:50:53.357, 2, 96326, 97871
2026/09/23 00:50:53.357, 3, 96317, 97871
2026/09/23 00:50:53.557, 0, 96318, 97871
2026/09/23 00:50:53.557, 1, 96326, 97871
2026/09/23 00:50:53.557, 2, 96326, 97871
2026/09/23 00:50:53.557, 3, 96317, 97871
2026/09/23 00:50:53.757, 0, 96318, 97871
2026/09/23 00:50:53.757, 1, 96326, 97871
2026/09/23 00:50:53.757, 2, 96326, 97871
2026/09/23 00:50:53.757, 3, 96317, 97871
2026/09/23 00:50:53.957, 0, 96318, 97871
2026/09/23 00:50:53.958, 1, 96326, 97871
2026/09/23 00:50:53.958, 2, 96326, 97871
2026/09/23 00:50:53.958, 3, 96317, 97871
2026/09/23 00:50:54.158, 0, 96318, 97871
2026/09/23 00:50:54.158, 1, 96326, 97871
2026/09/23 00:50:54.158, 2, 96326, 97871
2026/09/23 00:50:54.158, 3, 96317, 97871
2026/09/23 00:50:54.358, 0, 96318, 97871
2026/09/23 00:50:54.358, 1, 96326, 97871
2026/09/23 00:50:54.358, 2, 96326, 97871
2026/09/23 00:50:54.358, 3, 96317, 97871
2026/09/23 00:50:54.558, 0, 96318, 97871
2026/09/23 00:50:54.558, 1, 96326, 97871
2026/09/23 00:50:54.558, 2, 96326, 97871
2026/09/23 00:50:54.558, 3, 96317, 97871
2026/09/23 00:50:54.758, 0, 96318, 97871
2026/09/23 00:50:54.758, 1, 96326, 97871
2026/09/23 00:50:54.758, 2, 96326, 97871
2026/09/23 00:50:54.759, 3, 96317, 97871
2026/09/23 00:50:54.959, 0, 96318, 97871
2026/09/23 00:50:54.959, 1, 96326, 97871
2026/09/23 00:50:54.959, 2, 96326, 97871
2026/09/23 00:50:54.959, 3, 96317, 97871
2026/09/23 00:50:55.159, 0, 96318, 97871
2026/09/23 00:50:55.159, 1, 96326, 97871
2026/09/23 00:50:55.159, 2, 96326, 97871
2026/09/23 00:50:55.159, 3, 96317, 97871
2026/09/23 00:50:55.359, 0, 96318, 97871
2026/09/23 00:50:55.359, 1, 96326, 97871
2026/09/23 00:50:55.359, 2, 96326, 97871
2026/09/23 00:50:55.359, 3, 96317, 97871
2026/09/23 00:50:55.559, 0, 96318, 97871
2026/09/23 00:50:55.559, 1, 96326, 97871
2026/09/23 00:50:55.559, 2, 96326, 97871
2026/09/23 00:50:55.559, 3, 96317, 97871
2026/09/23 00:50:55.759, 0, 96318, 97871
2026/09/23 00:50:55.760, 1, 96326, 97871
2026/09/23 00:50:55.760, 2, 96326, 97871
2026/09/23 00:50:55.760, 3, 96317, 97871
2026/09/23 00:50:55.960, 0, 96318, 97871
2026/09/23 00:50:55.960, 1, 96326, 97871
2026/09/23 00:50:55.960, 2, 96326, 97871
2026/09/23 00:50:55.960, 3, 96317, 97871
2026/09/23 00:50:56.160, 0, 96318, 97871
2026/09/23 00:50:56.160, 1, 96326, 97871
2026/09/23 00:50:56.160, 2, 96326, 97871
2026/09/23 00:50:56.160, 3, 96317, 97871
2026/09/23 00:50:56.360, 0, 96318, 97871
2026/09/23 00:50:56.360, 1, 96326, 97871
2026/09/23 00:50:56.360, 2, 96326, 97871
2026/09/23 00:50:56.360, 3, 96317, 97871
2026/09/23 00:50:56.560, 0, 96318, 97871
2026/09/23 00:50:56.560, 1, 96326, 97871
2026/09/23 00:50:56.561, 2, 96326, 97871
2026/09/23 00:50:56.561, 3, 96317, 97871
2026/09/23 00:50:56.761, 0, 96318, 97871
2026/09/23 00:50:56.761, 1, 96326, 97871
2026/09/23 00:50:56.761, 2, 96326, 97871
2026/09/23 00:50:56.761, 3, 96317, 97871
2026/09/23 00:50:56.961, 0, 96318, 97871
2026/09/23 00:50:56.961, 1, 96326, 97871
2026/09/23 00:50:56.961, 2, 96326, 97871
2026/09/23 00:50:56.961, 3, 96317, 97871
2026/09/23 00:50:57.161, 0, 96318, 97871
2026/09/23 00:50:57.161, 1, 96326, 97871
2026/09/23 00:50:57.161, 2, 96326, 97871
2026/09/23 00:50:57.161, 3, 96317, 97871
2026/09/23 00:50:57.361, 0, 96318, 97871
2026/09/23 00:50:57.361, 1, 96326, 97871
2026/09/23 00:50:57.361, 2, 96326, 97871
2026/09/23 00:50:57.361, 3, 96317, 97871
2026/09/23 00:50:57.562, 0, 96318, 97871
2026/09/23 00:50:57.562, 1, 96326, 97871
2026/09/23 00:50:57.562, 2, 96326, 97871
2026/09/23 00:50:57.562, 3, 96317, 97871
2026/09/23 00:50:57.762, 0, 96318, 97871
2026/09/23 00:50:57.762, 1, 96326, 97871
2026/09/23 00:50:57.762, 2, 96326, 97871
2026/09/23 00:50:57.762, 3, 96317, 97871
2026/09/23 00:50:57.962, 0, 96318, 97871
2026/09/23 00:50:57.962, 1, 96326, 97871
2026/09/23 00:50:57.962, 2, 96326, 97871
2026/09/23 00:50:57.962, 3, 96317, 97871
2026/09/23 00:50:58.162, 0, 96318, 97871
2026/09/23 00:50:58.162, 1, 96326, 97871
2026/09/23 00:50:58.162, 2, 96326, 97871
2026/09/23 00:50:58.162, 3, 96317, 97871
2026/09/23 00:50:58.362, 0, 96318, 97871
2026/09/23 00:50:58.363, 1, 96326, 97871
2026/09/23 00:50:58.363, 2, 96326, 97871
2026/09/23 00:50:58.363, 3, 96317, 97871
2026/09/23 00:50:58.563, 0, 96318, 97871
2026/09/23 00:50:58.563, 1, 96326, 97871
2026/09/23 00:50:58.563, 2, 96326, 97871
2026/09/23 00:50:58.563, 3, 96317, 97871
2026/09/23 00:50:58.763, 0, 96318, 97871
2026/09/23 00:50:58.763, 1, 96326, 97871
2026/09/23 00:50:58.763, 2, 96326, 97871
2026/09/23 00:50:58.763, 3, 96317, 97871
2026/09/23 00:50:58.963, 0, 96318, 97871
2026/09/23 00:50:58.963, 1, 96326, 97871
2026/09/23 00:50:58.963, 2, 96326, 97871
2026/09/23 00:50:58.963, 3, 96317, 97871
2026/09/23 00:50:59.163, 0, 96318, 97871
2026/09/23 00:50:59.163, 1, 96326, 97871
2026/09/23 00:50:59.163, 2, 96326, 97871
2026/09/23 00:50:59.163, 3, 96317, 97871
2026/09/23 00:50:59.364, 0, 96318, 97871
2026/09/23 00:50:59.364, 1, 96326, 97871
2026/09/23 00:50:59.364, 2, 96326, 97871
2026/09/23 00:50:59.364, 3, 96317, 97871
2026/09/23 00:50:59.564, 0, 96318, 97871
2026/09/23 00:50:59.564, 1, 96326, 97871
2026/09/23 00:50:59.564, 2, 96326, 97871
2026/09/23 00:50:59.564, 3, 96317, 97871
2026/09/23 00:50:59.764, 0, 96318, 97871
2026/09/23 00:50:59.764, 1, 96326, 97871
2026/09/23 00:50:59.764, 2, 96326, 97871
2026/09/23 00:50:59.764, 3, 96317, 97871
2026/09/23 00:50:59.964, 0, 96318, 97871
2026/09/23 00:50:59.964, 1, 96326, 97871
2026/09/23 00:50:59.964, 2, 96326, 97871
2026/09/23 00:50:59.964, 3, 96317, 97871
2026/09/23 00:51:00.165, 0, 96318, 97871
2026/09/23 00:51:00.165, 1, 96326, 97871
2026/09/23 00:51:00.165, 2, 96326, 97871
2026/09/23 00:51:00.165, 3, 96317, 97871
2026/09/23 00:51:00.365, 0, 96318, 97871
2026/09/23 00:51:00.365, 1, 96326, 97871
2026/09/23 00:51:00.365, 2, 96326, 97871
2026/09/23 00:51:00.365, 3, 96317, 97871
2026/09/23 00:51:00.565, 0, 96318, 97871
2026/09/23 00:51:00.565, 1, 96326, 97871
2026/09/23 00:51:00.565, 2, 96326, 97871
2026/09/23 00:51:00.565, 3, 96317, 97871
2026/09/23 00:51:00.765, 0, 96318, 97871
2026/09/23 00:51:00.765, 1, 96326, 97871
2026/09/23 00:51:00.765, 2, 96326, 97871
2026/09/23 00:51:00.765, 3, 96317, 97871
2026/09/23 00:51:00.966, 0, 96318, 97871
2026/09/23 00:51:00.966, 1, 96326, 97871
2026/09/23 00:51:00.966, 2, 96326, 97871
2026/09/23 00:51:00.966, 3, 96317, 97871
2026/09/23 00:51:01.166, 0, 96318, 97871
2026/09/23 00:51:01.166, 1, 96326, 97871
2026/09/23 00:51:01.166, 2, 96326, 97871
2026/09/23 00:51:01.166, 3, 96317, 97871
2026/09/23 00:51:01.366, 0, 96318, 97871
2026/09/23 00:51:01.366, 1, 96326, 97871
2026/09/23 00:51:01.366, 2, 96326, 97871
2026/09/23 00:51:01.366, 3, 96317, 97871
2026/09/23 00:51:01.566, 0, 96318, 97871
2026/09/23 00:51:01.566, 1, 96326, 97871
2026/09/23 00:51:01.566, 2, 96326, 97871
2026/09/23 00:51:01.566, 3, 96317, 97871
2026/09/23 00:51:01.767, 0, 96318, 97871
2026/09/23 00:51:01.767, 1, 96326, 97871
2026/09/23 00:51:01.767, 2, 96326, 97871
2026/09/23 00:51:01.767, 3, 96317, 97871
2026/09/23 00:51:01.967, 0, 96318, 97871
2026/09/23 00:51:01.967, 1, 96326, 97871
2026/09/23 00:51:01.967, 2, 96326, 97871
2026/09/23 00:51:01.967, 3, 96317, 97871
2026/09/23 00:51:02.167, 0, 96318, 97871
2026/09/23 00:51:02.167, 1, 96326, 97871
2026/09/23 00:51:02.167, 2, 96326, 97871
2026/09/23 00:51:02.167, 3, 96317, 97871
2026/09/23 00:51:02.367, 0, 96318, 97871
2026/09/23 00:51:02.367, 1, 96326, 97871
2026/09/23 00:51:02.367, 2, 96326, 97871
2026/09/23 00:51:02.367, 3, 96317, 97871
2026/09/23 00:51:02.567, 0, 96318, 97871
2026/09/23 00:51:02.568, 1, 96326, 97871
2026/09/23 00:51:02.568, 2, 96326, 97871
2026/09/23 00:51:02.568, 3, 96317, 97871
2026/09/23 00:51:02.768, 0, 96318, 97871
2026/09/23 00:51:02.768, 1, 96326, 97871
2026/09/23 00:51:02.768, 2, 96326, 97871
2026/09/23 00:51:02.768, 3, 96317, 97871
2026/09/23 00:51:02.968, 0, 96318, 97871
2026/09/23 00:51:02.968, 1, 96326, 97871
2026/09/23 00:51:02.968, 2, 96326, 97871
2026/09/23 00:51:02.968, 3, 96317, 97871
2026/09/23 00:51:03.168, 0, 96318, 97871
2026/09/23 00:51:03.168, 1, 96326, 97871
2026/09/23 00:51:03.168, 2, 96326, 97871
2026/09/23 00:51:03.168, 3, 96317, 97871
2026/09/23 00:51:03.368, 0, 96318, 97871
2026/09/23 00:51:03.368, 1, 96326, 97871
2026/09/23 00:51:03.369, 2, 96326, 97871
2026/09/23 00:51:03.369, 3, 96317, 97871
2026/09/23 00:51:03.569, 0, 96318, 97871
2026/09/23 00:51:03.569, 1, 96326, 97871
2026/09/23 00:51:03.569, 2, 96326, 97871
2026/09/23 00:51:03.569, 3, 96317, 97871
2026/09/23 00:51:03.769, 0, 96318, 97871
2026/09/23 00:51:03.769, 1, 96326, 97871
2026/09/23 00:51:03.769, 2, 96326, 97871
2026/09/23 00:51:03.769, 3, 96317, 97871
2026/09/23 00:51:03.969, 0, 96320, 97871
2026/09/23 00:51:03.969, 1, 96328, 97871
2026/09/23 00:51:03.969, 2, 96328, 97871
2026/09/23 00:51:03.969, 3, 96319, 97871
2026/09/23 00:51:04.169, 0, 96320, 97871
2026/09/23 00:51:04.170, 1, 96328, 97871
2026/09/23 00:51:04.170, 2, 96328, 97871
2026/09/23 00:51:04.170, 3, 96319, 97871
2026/09/23 00:51:04.370, 0, 96320, 97871
2026/09/23 00:51:04.370, 1, 96328, 97871
2026/09/23 00:51:04.370, 2, 96328, 97871
2026/09/23 00:51:04.370, 3, 96319, 97871
2026/09/23 00:51:04.570, 0, 96320, 97871
2026/09/23 00:51:04.570, 1, 96328, 97871
2026/09/23 00:51:04.570, 2, 96328, 97871
2026/09/23 00:51:04.570, 3, 96319, 97871
2026/09/23 00:51:04.770, 0, 96320, 97871
2026/09/23 00:51:04.771, 1, 96328, 97871
2026/09/23 00:51:04.771, 2, 96328, 97871
2026/09/23 00:51:04.771, 3, 96319, 97871
2026/09/23 00:51:04.971, 0, 96320, 97871
2026/09/23 00:51:04.971, 1, 96328, 97871
2026/09/23 00:51:04.971, 2, 96328, 97871
2026/09/23 00:51:04.971, 3, 96319, 97871
2026/09/23 00:51:05.171, 0, 96320, 97871
2026/09/23 00:51:05.171, 1, 96328, 97871
2026/09/23 00:51:05.171, 2, 96328, 97871
2026/09/23 00:51:05.171, 3, 96319, 97871
2026/09/23 00:51:05.371, 0, 96320, 97871
2026/09/23 00:51:05.371, 1, 96328, 97871
2026/09/23 00:51:05.371, 2, 96328, 97871
2026/09/23 00:51:05.371, 3, 96319, 97871
2026/09/23 00:51:05.571, 0, 96320, 97871
2026/09/23 00:51:05.571, 1, 96328, 97871
2026/09/23 00:51:05.572, 2, 96328, 97871
2026/09/23 00:51:05.572, 3, 96319, 97871
2026/09/23 00:51:05.772, 0, 96320, 97871
2026/09/23 00:51:05.772, 1, 96328, 97871
2026/09/23 00:51:05.772, 2, 96328, 97871
2026/09/23 00:51:05.772, 3, 96319, 97871
2026/09/23 00:51:05.972, 0, 96320, 97871
2026/09/23 00:51:05.972, 1, 96328, 97871
2026/09/23 00:51:05.972, 2, 96328, 97871
2026/09/23 00:51:05.972, 3, 96319, 97871
2026/09/23 00:51:06.172, 0, 96320, 97871
2026/09/23 00:51:06.172, 1, 96328, 97871
2026/09/23 00:51:06.172, 2, 96328, 97871
2026/09/23 00:51:06.172, 3, 96319, 97871
2026/09/23 00:51:06.372, 0, 96320, 97871
2026/09/23 00:51:06.372, 1, 96328, 97871
2026/09/23 00:51:06.372, 2, 96328, 97871
2026/09/23 00:51:06.372, 3, 96319, 97871
2026/09/23 00:51:06.573, 0, 96320, 97871
2026/09/23 00:51:06.573, 1, 96328, 97871
2026/09/23 00:51:06.573, 2, 96328, 97871
2026/09/23 00:51:06.573, 3, 96319, 97871
2026/09/23 00:51:06.773, 0, 96320, 97871
2026/09/23 00:51:06.773, 1, 96328, 97871
2026/09/23 00:51:06.773, 2, 96328, 97871
2026/09/23 00:51:06.773, 3, 96319, 97871
2026/09/23 00:51:06.973, 0, 96320, 97871
2026/09/23 00:51:06.973, 1, 96328, 97871
2026/09/23 00:51:06.973, 2, 96328, 97871
2026/09/23 00:51:06.973, 3, 96319, 97871
2026/09/23 00:51:07.173, 0, 96320, 97871
2026/09/23 00:51:07.173, 1, 96328, 97871
2026/09/23 00:51:07.173, 2, 96328, 97871
2026/09/23 00:51:07.173, 3, 96319, 97871
2026/09/23 00:51:07.373, 0, 96320, 97871
2026/09/23 00:51:07.374, 1, 96328, 97871
2026/09/23 00:51:07.374, 2, 96328, 97871
2026/09/23 00:51:07.374, 3, 96319, 97871
2026/09/23 00:51:07.574, 0, 96320, 97871
2026/09/23 00:51:07.574, 1, 96328, 97871
2026/09/23 00:51:07.574, 2, 96328, 97871
2026/09/23 00:51:07.574, 3, 96319, 97871
2026/09/23 00:51:07.774, 0, 96320, 97871
2026/09/23 00:51:07.774, 1, 96328, 97871
2026/09/23 00:51:07.774, 2, 96328, 97871
2026/09/23 00:51:07.774, 3, 96319, 97871
2026/09/23 00:51:07.974, 0, 96320, 97871
2026/09/23 00:51:07.974, 1, 96328, 97871
2026/09/23 00:51:07.974, 2, 96328, 97871
2026/09/23 00:51:07.974, 3, 96319, 97871
2026/09/23 00:51:08.174, 0, 96320, 97871
2026/09/23 00:51:08.174, 1, 96328, 97871
2026/09/23 00:51:08.174, 2, 96328, 97871
2026/09/23 00:51:08.175, 3, 96319, 97871
2026/09/23 00:51:08.375, 0, 96320, 97871
2026/09/23 00:51:08.375, 1, 96328, 97871
2026/09/23 00:51:08.375, 2, 96328, 97871
2026/09/23 00:51:08.375, 3, 96319, 97871
2026/09/23 00:51:08.575, 0, 96320, 97871
2026/09/23 00:51:08.575, 1, 96328, 97871
2026/09/23 00:51:08.575, 2, 96328, 97871
2026/09/23 00:51:08.575, 3, 96319, 97871
2026/09/23 00:51:08.775, 0, 96320, 97871
2026/09/23 00:51:08.775, 1, 96328, 97871
2026/09/23 00:51:08.775, 2, 96328, 97871
2026/09/23 00:51:08.775, 3, 96319, 97871
2026/09/23 00:51:08.975, 0, 96320, 97871
2026/09/23 00:51:08.975, 1, 96328, 97871
2026/09/23 00:51:08.975, 2, 96328, 97871
2026/09/23 00:51:08.975, 3, 96319, 97871
2026/09/23 00:51:09.175, 0, 96320, 97871
2026/09/23 00:51:09.176, 1, 96328, 97871
2026/09/23 00:51:09.176, 2, 96328, 97871
2026/09/23 00:51:09.176, 3, 96319, 97871
2026/09/23 00:51:09.376, 0, 96320, 97871
2026/09/23 00:51:09.376, 1, 96328, 97871
2026/09/23 00:51:09.376, 2, 96328, 97871
2026/09/23 00:51:09.376, 3, 96319, 97871
2026/09/23 00:51:09.576, 0, 96320, 97871
2026/09/23 00:51:09.576, 1, 96328, 97871
2026/09/23 00:51:09.576, 2, 96328, 97871
2026/09/23 00:51:09.576, 3, 96319, 97871
2026/09/23 00:51:09.776, 0, 96320, 97871
2026/09/23 00:51:09.776, 1, 96328, 97871
2026/09/23 00:51:09.776, 2, 96328, 97871
2026/09/23 00:51:09.776, 3, 96319, 97871
2026/09/23 00:51:09.976, 0, 96320, 97871
2026/09/23 00:51:09.976, 1, 96328, 97871
2026/09/23 00:51:09.977, 2, 96328, 97871
2026/09/23 00:51:09.977, 3, 96319, 97871
2026/09/23 00:51:10.177, 0, 96320, 97871
2026/09/23 00:51:10.177, 1, 96328, 97871
2026/09/23 00:51:10.177, 2, 96328, 97871
2026/09/23 00:51:10.177, 3, 96319, 97871
2026/09/23 00:51:10.377, 0, 96320, 97871
2026/09/23 00:51:10.377, 1, 96328, 97871
2026/09/23 00:51:10.377, 2, 96328, 97871
2026/09/23 00:51:10.377, 3, 96319, 97871
2026/09/23 00:51:10.577, 0, 96320, 97871
2026/09/23 00:51:10.577, 1, 96328, 97871
2026/09/23 00:51:10.577, 2, 96328, 97871
2026/09/23 00:51:10.577, 3, 96319, 97871
2026/09/23 00:51:10.777, 0, 96320, 97871
2026/09/23 00:51:10.777, 1, 96328, 97871
2026/09/23 00:51:10.777, 2, 96328, 97871
2026/09/23 00:51:10.777, 3, 96319, 97871
2026/09/23 00:51:10.978, 0, 96320, 97871
2026/09/23 00:51:10.978, 1, 96328, 97871
2026/09/23 00:51:10.978, 2, 96328, 97871
2026/09/23 00:51:10.978, 3, 96319, 97871
2026/09/23 00:51:11.178, 0, 96320, 97871
2026/09/23 00:51:11.178, 1, 96328, 97871
2026/09/23 00:51:11.178, 2, 96328, 97871
2026/09/23 00:51:11.178, 3, 96319, 97871
2026/09/23 00:51:11.378, 0, 96320, 97871
2026/09/23 00:51:11.378, 1, 96328, 97871
2026/09/23 00:51:11.378, 2, 96328, 97871
2026/09/23 00:51:11.378, 3, 96319, 97871
2026/09/23 00:51:11.578, 0, 96320, 97871
2026/09/23 00:51:11.578, 1, 96328, 97871
2026/09/23 00:51:11.578, 2, 96328, 97871
2026/09/23 00:51:11.578, 3, 96319, 97871
2026/09/23 00:51:11.778, 0, 96320, 97871
2026/09/23 00:51:11.778, 1, 96328, 97871
2026/09/23 00:51:11.779, 2, 96328, 97871
2026/09/23 00:51:11.779, 3, 96319, 97871
2026/09/23 00:51:11.979, 0, 96320, 97871
2026/09/23 00:51:11.979, 1, 96328, 97871
2026/09/23 00:51:11.979, 2, 96328, 97871
2026/09/23 00:51:11.979, 3, 96319, 97871
2026/09/23 00:51:12.179, 0, 96320, 97871
2026/09/23 00:51:12.179, 1, 96328, 97871
2026/09/23 00:51:12.179, 2, 96328, 97871
2026/09/23 00:51:12.179, 3, 96319, 97871
2026/09/23 00:51:12.379, 0, 96320, 97871
2026/09/23 00:51:12.379, 1, 96328, 97871
2026/09/23 00:51:12.379, 2, 96328, 97871
2026/09/23 00:51:12.379, 3, 96319, 97871
2026/09/23 00:51:12.579, 0, 96320, 97871
2026/09/23 00:51:12.579, 1, 96328, 97871
2026/09/23 00:51:12.579, 2, 96328, 97871
2026/09/23 00:51:12.579, 3, 96319, 97871
2026/09/23 00:51:12.780, 0, 96320, 97871
2026/09/23 00:51:12.780, 1, 96328, 97871
2026/09/23 00:51:12.780, 2, 96328, 97871
2026/09/23 00:51:12.780, 3, 96319, 97871
2026/09/23 00:51:12.980, 0, 96320, 97871
2026/09/23 00:51:12.980, 1, 96328, 97871
2026/09/23 00:51:12.980, 2, 96328, 97871
2026/09/23 00:51:12.980, 3, 96319, 97871
2026/09/23 00:51:13.180, 0, 96320, 97871
2026/09/23 00:51:13.180, 1, 96328, 97871
2026/09/23 00:51:13.180, 2, 96328, 97871
2026/09/23 00:51:13.180, 3, 96319, 97871
2026/09/23 00:51:13.380, 0, 96320, 97871
2026/09/23 00:51:13.380, 1, 96328, 97871
2026/09/23 00:51:13.380, 2, 96328, 97871
2026/09/23 00:51:13.380, 3, 96319, 97871
2026/09/23 00:51:13.581, 0, 96320, 97871
2026/09/23 00:51:13.581, 1, 96328, 97871
2026/09/23 00:51:13.581, 2, 96328, 97871
2026/09/23 00:51:13.581, 3, 96319, 97871
2026/09/23 00:51:13.781, 0, 96320, 97871
2026/09/23 00:51:13.781, 1, 96328, 97871
2026/09/23 00:51:13.781, 2, 96328, 97871
2026/09/23 00:51:13.781, 3, 96319, 97871
2026/09/23 00:51:13.981, 0, 96320, 97871
2026/09/23 00:51:13.981, 1, 96328, 97871
2026/09/23 00:51:13.981, 2, 96328, 97871
2026/09/23 00:51:13.981, 3, 96319, 97871
2026/09/23 00:51:14.181, 0, 96320, 97871
2026/09/23 00:51:14.181, 1, 96328, 97871
2026/09/23 00:51:14.181, 2, 96328, 97871
2026/09/23 00:51:14.181, 3, 96319, 97871
2026/09/23 00:51:14.382, 0, 96320, 97871
2026/09/23 00:51:14.382, 1, 96328, 97871
2026/09/23 00:51:14.382, 2, 96328, 97871
2026/09/23 00:51:14.382, 3, 96319, 97871
2026/09/23 00:51:14.582, 0, 96320, 97871
2026/09/23 00:51:14.582, 1, 96328, 97871
2026/09/23 00:51:14.582, 2, 96328, 97871
2026/09/23 00:51:14.582, 3, 96319, 97871
2026/09/23 00:51:14.782, 0, 96320, 97871
2026/09/23 00:51:14.782, 1, 96328, 97871
2026/09/23 00:51:14.782, 2, 96328, 97871
2026/09/23 00:51:14.782, 3, 96319, 97871
2026/09/23 00:51:14.982, 0, 96320, 97871
2026/09/23 00:51:14.982, 1, 96328, 97871
2026/09/23 00:51:14.982, 2, 96328, 97871
2026/09/23 00:51:14.982, 3, 96319, 97871
2026/09/23 00:51:15.182, 0, 96320, 97871
2026/09/23 00:51:15.182, 1, 96328, 97871
2026/09/23 00:51:15.183, 2, 96328, 97871
2026/09/23 00:51:15.183, 3, 96319, 97871
2026/09/23 00:51:15.383, 0, 96320, 97871
2026/09/23 00:51:15.383, 1, 96328, 97871
2026/09/23 00:51:15.383, 2, 96328, 97871
2026/09/23 00:51:15.383, 3, 96319, 97871
2026/09/23 00:51:15.583, 0, 96320, 97871
2026/09/23 00:51:15.583, 1, 96328, 97871
2026/09/23 00:51:15.583, 2, 96328, 97871
2026/09/23 00:51:15.583, 3, 96319, 97871
2026/09/23 00:51:15.783, 0, 96320, 97871
2026/09/23 00:51:15.783, 1, 96328, 97871
2026/09/23 00:51:15.783, 2, 96328, 97871
2026/09/23 00:51:15.783, 3, 96319, 97871
2026/09/23 00:51:15.983, 0, 96320, 97871
2026/09/23 00:51:15.983, 1, 96328, 97871
2026/09/23 00:51:15.983, 2, 96328, 97871
2026/09/23 00:51:15.983, 3, 96319, 97871
2026/09/23 00:51:16.184, 0, 96320, 97871
2026/09/23 00:51:16.184, 1, 96328, 97871
2026/09/23 00:51:16.184, 2, 96328, 97871
2026/09/23 00:51:16.184, 3, 96319, 97871
2026/09/23 00:51:16.384, 0, 96320, 97871
2026/09/23 00:51:16.384, 1, 96328, 97871
2026/09/23 00:51:16.384, 2, 96328, 97871
2026/09/23 00:51:16.384, 3, 96319, 97871
2026/09/23 00:51:16.584, 0, 96320, 97871
2026/09/23 00:51:16.584, 1, 96328, 97871
2026/09/23 00:51:16.584, 2, 96328, 97871
2026/09/23 00:51:16.584, 3, 96319, 97871
2026/09/23 00:51:16.784, 0, 96320, 97871
2026/09/23 00:51:16.784, 1, 96328, 97871
2026/09/23 00:51:16.784, 2, 96328, 97871
2026/09/23 00:51:16.784, 3, 96319, 97871
2026/09/23 00:51:16.985, 0, 96320, 97871
2026/09/23 00:51:16.985, 1, 96328, 97871
2026/09/23 00:51:16.985, 2, 96328, 97871
2026/09/23 00:51:16.985, 3, 96319, 97871
2026/09/23 00:51:17.185, 0, 96320, 97871
2026/09/23 00:51:17.185, 1, 96328, 97871
2026/09/23 00:51:17.185, 2, 96328, 97871
2026/09/23 00:51:17.185, 3, 96319, 97871
2026/09/23 00:51:17.385, 0, 96320, 97871
2026/09/23 00:51:17.385, 1, 96328, 97871
2026/09/23 00:51:17.385, 2, 96328, 97871
2026/09/23 00:51:17.385, 3, 96319, 97871
2026/09/23 00:51:17.585, 0, 96320, 97871
2026/09/23 00:51:17.585, 1, 96328, 97871
2026/09/23 00:51:17.585, 2, 96328, 97871
2026/09/23 00:51:17.585, 3, 96319, 97871
2026/09/23 00:51:17.785, 0, 96320, 97871
2026/09/23 00:51:17.785, 1, 96328, 97871
2026/09/23 00:51:17.786, 2, 96328, 97871
2026/09/23 00:51:17.786, 3, 96319, 97871
2026/09/23 00:51:17.986, 0, 96320, 97871
2026/09/23 00:51:17.986, 1, 96328, 97871
2026/09/23 00:51:17.986, 2, 96328, 97871
2026/09/23 00:51:17.986, 3, 96319, 97871
2026/09/23 00:51:18.186, 0, 96320, 97871
2026/09/23 00:51:18.186, 1, 96328, 97871
2026/09/23 00:51:18.186, 2, 96328, 97871
2026/09/23 00:51:18.186, 3, 96319, 97871
2026/09/23 00:51:18.386, 0, 96320, 97871
2026/09/23 00:51:18.386, 1, 96328, 97871
2026/09/23 00:51:18.386, 2, 96328, 97871
2026/09/23 00:51:18.386, 3, 96319, 97871
2026/09/23 00:51:18.586, 0, 96320, 97871
2026/09/23 00:51:18.586, 1, 96328, 97871
2026/09/23 00:51:18.586, 2, 96328, 97871
2026/09/23 00:51:18.586, 3, 96319, 97871
2026/09/23 00:51:18.787, 0, 96320, 97871
2026/09/23 00:51:18.787, 1, 96328, 97871
2026/09/23 00:51:18.787, 2, 96328, 97871
2026/09/23 00:51:18.787, 3, 96319, 97871
2026/09/23 00:51:18.987, 0, 96320, 97871
2026/09/23 00:51:18.987, 1, 96328, 97871
2026/09/23 00:51:18.987, 2, 96328, 97871
2026/09/23 00:51:18.987, 3, 96319, 97871
2026/09/23 00:51:19.187, 0, 96320, 97871
2026/09/23 00:51:19.187, 1, 96328, 97871
2026/09/23 00:51:19.187, 2, 96328, 97871
2026/09/23 00:51:19.187, 3, 96319, 97871
2026/09/23 00:51:19.387, 0, 96320, 97871
2026/09/23 00:51:19.387, 1, 96328, 97871
2026/09/23 00:51:19.387, 2, 96328, 97871
2026/09/23 00:51:19.387, 3, 96319, 97871
2026/09/23 00:51:19.587, 0, 96320, 97871
2026/09/23 00:51:19.587, 1, 96328, 97871
2026/09/23 00:51:19.587, 2, 96328, 97871
2026/09/23 00:51:19.588, 3, 96319, 97871
2026/09/23 00:51:19.788, 0, 96320, 97871
2026/09/23 00:51:19.788, 1, 96328, 97871
2026/09/23 00:51:19.788, 2, 96328, 97871
2026/09/23 00:51:19.788, 3, 96319, 97871
2026/09/23 00:51:19.988, 0, 96320, 97871
2026/09/23 00:51:19.988, 1, 96328, 97871
2026/09/23 00:51:19.988, 2, 96328, 97871
2026/09/23 00:51:19.988, 3, 96319, 97871
2026/09/23 00:51:20.188, 0, 96320, 97871
2026/09/23 00:51:20.188, 1, 96328, 97871
2026/09/23 00:51:20.188, 2, 96328, 97871
2026/09/23 00:51:20.188, 3, 96319, 97871
2026/09/23 00:51:20.388, 0, 96320, 97871
2026/09/23 00:51:20.388, 1, 96328, 97871
2026/09/23 00:51:20.388, 2, 96328, 97871
2026/09/23 00:51:20.388, 3, 96319, 97871
2026/09/23 00:51:20.589, 0, 96320, 97871
2026/09/23 00:51:20.589, 1, 96328, 97871
2026/09/23 00:51:20.589, 2, 96328, 97871
2026/09/23 00:51:20.589, 3, 96319, 97871
2026/09/23 00:51:20.789, 0, 96320, 97871
2026/09/23 00:51:20.789, 1, 96328, 97871
2026/09/23 00:51:20.789, 2, 96328, 97871
2026/09/23 00:51:20.789, 3, 96319, 97871
2026/09/23 00:51:20.989, 0, 96320, 97871
2026/09/23 00:51:20.989, 1, 96328, 97871
2026/09/23 00:51:20.989, 2, 96328, 97871
2026/09/23 00:51:20.989, 3, 96319, 97871
2026/09/23 00:51:21.189, 0, 96320, 97871
2026/09/23 00:51:21.189, 1, 96328, 97871
2026/09/23 00:51:21.189, 2, 96328, 97871
2026/09/23 00:51:21.189, 3, 96319, 97871
2026/09/23 00:51:21.389, 0, 96320, 97871
2026/09/23 00:51:21.389, 1, 96328, 97871
2026/09/23 00:51:21.389, 2, 96328, 97871
2026/09/23 00:51:21.390, 3, 96319, 97871
2026/09/23 00:51:21.590, 0, 96320, 97871
2026/09/23 00:51:21.590, 1, 96328, 97871
2026/09/23 00:51:21.590, 2, 96328, 97871
2026/09/23 00:51:21.590, 3, 96319, 97871
2026/09/23 00:51:21.790, 0, 96320, 97871
2026/09/23 00:51:21.790, 1, 96328, 97871
2026/09/23 00:51:21.790, 2, 96328, 97871
2026/09/23 00:51:21.790, 3, 96319, 97871
2026/09/23 00:51:21.990, 0, 96320, 97871
2026/09/23 00:51:21.990, 1, 96328, 97871
2026/09/23 00:51:21.990, 2, 96328, 97871
2026/09/23 00:51:21.990, 3, 96319, 97871
2026/09/23 00:51:22.190, 0, 96320, 97871
2026/09/23 00:51:22.190, 1, 96328, 97871
2026/09/23 00:51:22.190, 2, 96328, 97871
2026/09/23 00:51:22.190, 3, 96319, 97871
2026/09/23 00:51:22.391, 0, 96320, 97871
2026/09/23 00:51:22.391, 1, 96328, 97871
2026/09/23 00:51:22.391, 2, 96328, 97871
2026/09/23 00:51:22.391, 3, 96319, 97871
2026/09/23 00:51:22.591, 0, 96320, 97871
2026/09/23 00:51:22.591, 1, 96328, 97871
2026/09/23 00:51:22.591, 2, 96328, 97871
2026/09/23 00:51:22.591, 3, 96319, 97871
2026/09/23 00:51:22.791, 0, 96320, 97871
2026/09/23 00:51:22.791, 1, 96328, 97871
2026/09/23 00:51:22.791, 2, 96328, 97871
2026/09/23 00:51:22.791, 3, 96319, 97871
2026/09/23 00:51:22.991, 0, 96320, 97871
2026/09/23 00:51:22.991, 1, 96328, 97871
2026/09/23 00:51:22.991, 2, 96328, 97871
2026/09/23 00:51:22.991, 3, 96319, 97871
2026/09/23 00:51:23.191, 0, 96320, 97871
2026/09/23 00:51:23.192, 1, 96328, 97871
2026/09/23 00:51:23.192, 2, 96328, 97871
2026/09/23 00:51:23.192, 3, 96319, 97871
2026/09/23 00:51:23.392, 0, 96320, 97871
2026/09/23 00:51:23.392, 1, 96328, 97871
2026/09/23 00:51:23.392, 2, 96328, 97871
2026/09/23 00:51:23.392, 3, 96319, 97871
2026/09/23 00:51:23.592, 0, 96320, 97871
2026/09/23 00:51:23.592, 1, 96328, 97871
2026/09/23 00:51:23.592, 2, 96328, 97871
2026/09/23 00:51:23.592, 3, 96319, 97871
2026/09/23 00:51:23.792, 0, 96320, 97871
2026/09/23 00:51:23.792, 1, 96328, 97871
2026/09/23 00:51:23.792, 2, 96328, 97871
2026/09/23 00:51:23.792, 3, 96319, 97871
2026/09/23 00:51:23.993, 0, 96320, 97871
2026/09/23 00:51:23.993, 1, 96328, 97871
2026/09/23 00:51:23.993, 2, 96328, 97871
2026/09/23 00:51:23.993, 3, 96319, 97871
2026/09/23 00:51:24.193, 0, 96320, 97871
2026/09/23 00:51:24.193, 1, 96328, 97871
2026/09/23 00:51:24.193, 2, 96328, 97871
2026/09/23 00:51:24.193, 3, 96319, 97871
2026/09/23 00:51:24.393, 0, 96320, 97871
2026/09/23 00:51:24.393, 1, 96328, 97871
2026/09/23 00:51:24.393, 2, 96328, 97871
2026/09/23 00:51:24.393, 3, 96319, 97871
2026/09/23 00:51:24.593, 0, 96320, 97871
2026/09/23 00:51:24.593, 1, 96328, 97871
2026/09/23 00:51:24.593, 2, 96328, 97871
2026/09/23 00:51:24.594, 3, 96319, 97871
2026/09/23 00:51:24.794, 0, 96320, 97871
2026/09/23 00:51:24.794, 1, 96328, 97871
2026/09/23 00:51:24.794, 2, 96328, 97871
2026/09/23 00:51:24.794, 3, 96319, 97871
2026/09/23 00:51:24.994, 0, 96320, 97871
2026/09/23 00:51:24.994, 1, 96328, 97871
2026/09/23 00:51:24.994, 2, 96328, 97871
2026/09/23 00:51:24.994, 3, 96319, 97871
2026/09/23 00:51:25.194, 0, 96320, 97871
2026/09/23 00:51:25.218, 1, 96328, 97871
2026/09/23 00:51:25.253, 2, 96328, 97871
2026/09/23 00:51:25.285, 3, 96319, 97871
2026/09/23 00:51:25.485, 0, 96320, 97871
2026/09/23 00:51:25.522, 1, 96328, 97871
2026/09/23 00:51:25.552, 2, 96328, 97871
2026/09/23 00:51:25.568, 3, 96319, 97871
2026/09/23 00:51:25.769, 0, 96320, 97871
2026/09/23 00:51:25.769, 1, 96328, 97871
2026/09/23 00:51:25.769, 2, 96328, 97871
2026/09/23 00:51:25.769, 3, 96319, 97871
2026/09/23 00:51:25.969, 0, 96320, 97871
2026/09/23 00:51:25.969, 1, 96328, 97871
2026/09/23 00:51:25.969, 2, 96328, 97871
2026/09/23 00:51:25.969, 3, 96319, 97871
2026/09/23 00:51:26.169, 0, 96320, 97871
2026/09/23 00:51:26.169, 1, 96328, 97871
2026/09/23 00:51:26.169, 2, 96328, 97871
2026/09/23 00:51:26.169, 3, 96319, 97871
2026/09/23 00:51:26.369, 0, 96320, 97871
2026/09/23 00:51:26.369, 1, 96328, 97871
2026/09/23 00:51:26.369, 2, 96328, 97871
2026/09/23 00:51:26.369, 3, 96319, 97871
2026/09/23 00:51:26.570, 0, 96320, 97871
2026/09/23 00:51:26.599, 1, 96328, 97871
2026/09/23 00:51:26.629, 2, 96328, 97871
2026/09/23 00:51:26.647, 3, 96319, 97871
2026/09/23 00:51:26.847, 0, 96320, 97871
2026/09/23 00:51:26.847, 1, 96328, 97871
2026/09/23 00:51:26.847, 2, 96328, 97871
2026/09/23 00:51:26.847, 3, 96319, 97871
2026/09/23 00:51:27.048, 0, 96320, 97871
2026/09/23 00:51:27.048, 1, 96328, 97871
2026/09/23 00:51:27.048, 2, 96328, 97871
2026/09/23 00:51:27.048, 3, 96319, 97871
2026/09/23 00:51:27.248, 0, 96320, 97871
2026/09/23 00:51:27.248, 1, 96328, 97871
2026/09/23 00:51:27.248, 2, 96328, 97871
2026/09/23 00:51:27.248, 3, 96319, 97871
2026/09/23 00:51:27.448, 0, 96320, 97871
2026/09/23 00:51:27.448, 1, 96328, 97871
2026/09/23 00:51:27.448, 2, 96328, 97871
2026/09/23 00:51:27.448, 3, 96319, 97871
2026/09/23 00:51:27.648, 0, 96320, 97871
2026/09/23 00:51:27.648, 1, 96328, 97871
2026/09/23 00:51:27.648, 2, 96328, 97871
2026/09/23 00:51:27.648, 3, 96319, 97871
2026/09/23 00:51:27.849, 0, 96320, 97871
2026/09/23 00:51:27.849, 1, 96328, 97871
2026/09/23 00:51:27.849, 2, 96328, 97871
2026/09/23 00:51:27.849, 3, 96319, 97871
2026/09/23 00:51:28.049, 0, 96320, 97871
2026/09/23 00:51:28.049, 1, 96328, 97871
2026/09/23 00:51:28.049, 2, 96328, 97871
2026/09/23 00:51:28.049, 3, 96319, 97871
2026/09/23 00:51:28.249, 0, 96320, 97871
2026/09/23 00:51:28.249, 1, 96328, 97871
2026/09/23 00:51:28.249, 2, 96328, 97871
2026/09/23 00:51:28.249, 3, 96319, 97871
2026/09/23 00:51:28.449, 0, 96320, 97871
2026/09/23 00:51:28.449, 1, 96328, 97871
2026/09/23 00:51:28.449, 2, 96328, 97871
2026/09/23 00:51:28.449, 3, 96319, 97871
2026/09/23 00:51:28.650, 0, 96320, 97871
2026/09/23 00:51:28.650, 1, 96328, 97871
2026/09/23 00:51:28.650, 2, 96328, 97871
2026/09/23 00:51:28.650, 3, 96319, 97871
2026/09/23 00:51:28.850, 0, 96320, 97871
2026/09/23 00:51:28.850, 1, 96328, 97871
2026/09/23 00:51:28.850, 2, 96328, 97871
2026/09/23 00:51:28.850, 3, 96319, 97871
2026/09/23 00:51:29.050, 0, 96320, 97871
2026/09/23 00:51:29.050, 1, 96328, 97871
2026/09/23 00:51:29.050, 2, 96328, 97871
2026/09/23 00:51:29.050, 3, 96319, 97871
2026/09/23 00:51:29.250, 0, 96320, 97871
2026/09/23 00:51:29.250, 1, 96328, 97871
2026/09/23 00:51:29.250, 2, 96328, 97871
2026/09/23 00:51:29.250, 3, 96319, 97871
2026/09/23 00:51:29.450, 0, 96320, 97871
2026/09/23 00:51:29.451, 1, 96328, 97871
2026/09/23 00:51:29.451, 2, 96328, 97871
2026/09/23 00:51:29.451, 3, 96319, 97871
2026/09/23 00:51:29.651, 0, 96320, 97871
2026/09/23 00:51:29.651, 1, 96328, 97871
2026/09/23 00:51:29.651, 2, 96328, 97871
2026/09/23 00:51:29.651, 3, 96319, 97871
2026/09/23 00:51:29.851, 0, 96320, 97871
2026/09/23 00:51:29.851, 1, 96328, 97871
2026/09/23 00:51:29.851, 2, 96328, 97871
2026/09/23 00:51:29.851, 3, 96319, 97871
2026/09/23 00:51:30.051, 0, 96320, 97871
2026/09/23 00:51:30.051, 1, 96328, 97871
2026/09/23 00:51:30.051, 2, 96328, 97871
2026/09/23 00:51:30.051, 3, 96319, 97871
2026/09/23 00:51:30.251, 0, 96320, 97871
2026/09/23 00:51:30.252, 1, 96328, 97871
2026/09/23 00:51:30.252, 2, 96328, 97871
2026/09/23 00:51:30.252, 3, 96319, 97871
2026/09/23 00:51:30.452, 0, 96320, 97871
2026/09/23 00:51:30.452, 1, 96328, 97871
2026/09/23 00:51:30.452, 2, 96328, 97871
2026/09/23 00:51:30.452, 3, 96319, 97871
2026/09/23 00:51:30.652, 0, 96320, 97871
2026/09/23 00:51:30.652, 1, 96328, 97871
2026/09/23 00:51:30.652, 2, 96328, 97871
2026/09/23 00:51:30.652, 3, 96319, 97871
2026/09/23 00:51:30.852, 0, 96320, 97871
2026/09/23 00:51:30.852, 1, 96328, 97871
2026/09/23 00:51:30.852, 2, 96328, 97871
2026/09/23 00:51:30.852, 3, 96319, 97871
2026/09/23 00:51:31.052, 0, 96320, 97871
2026/09/23 00:51:31.053, 1, 96328, 97871
2026/09/23 00:51:31.053, 2, 96328, 97871
2026/09/23 00:51:31.053, 3, 96319, 97871
2026/09/23 00:51:31.253, 0, 96320, 97871
2026/09/23 00:51:31.253, 1, 96328, 97871
2026/09/23 00:51:31.253, 2, 96328, 97871
2026/09/23 00:51:31.253, 3, 96319, 97871
2026/09/23 00:51:31.453, 0, 96320, 97871
2026/09/23 00:51:31.453, 1, 96328, 97871
2026/09/23 00:51:31.453, 2, 96328, 97871
2026/09/23 00:51:31.453, 3, 96319, 97871
2026/09/23 00:51:31.653, 0, 96320, 97871
2026/09/23 00:51:31.653, 1, 96328, 97871
2026/09/23 00:51:31.653, 2, 96328, 97871
2026/09/23 00:51:31.653, 3, 96319, 97871
2026/09/23 00:51:31.853, 0, 96320, 97871
2026/09/23 00:51:31.853, 1, 96328, 97871
2026/09/23 00:51:31.854, 2, 96328, 97871
2026/09/23 00:51:31.854, 3, 96319, 97871
2026/09/23 00:51:32.054, 0, 96320, 97871
2026/09/23 00:51:32.054, 1, 96328, 97871
2026/09/23 00:51:32.054, 2, 96328, 97871
2026/09/23 00:51:32.054, 3, 96319, 97871
2026/09/23 00:51:32.254, 0, 96320, 97871
2026/09/23 00:51:32.254, 1, 96328, 97871
2026/09/23 00:51:32.254, 2, 96328, 97871
2026/09/23 00:51:32.254, 3, 96319, 97871
2026/09/23 00:51:32.454, 0, 96320, 97871
2026/09/23 00:51:32.454, 1, 96328, 97871
2026/09/23 00:51:32.454, 2, 96328, 97871
2026/09/23 00:51:32.454, 3, 96319, 97871
2026/09/23 00:51:32.654, 0, 96320, 97871
2026/09/23 00:51:32.654, 1, 96328, 97871
2026/09/23 00:51:32.654, 2, 96328, 97871
2026/09/23 00:51:32.654, 3, 96319, 97871
2026/09/23 00:51:32.855, 0, 96320, 97871
2026/09/23 00:51:32.855, 1, 96328, 97871
2026/09/23 00:51:32.855, 2, 96328, 97871
2026/09/23 00:51:32.855, 3, 96319, 97871
2026/09/23 00:51:33.055, 0, 96320, 97871
2026/09/23 00:51:33.055, 1, 96328, 97871
2026/09/23 00:51:33.055, 2, 96328, 97871
2026/09/23 00:51:33.055, 3, 96319, 97871
2026/09/23 00:51:33.255, 0, 96320, 97871
2026/09/23 00:51:33.255, 1, 96328, 97871
2026/09/23 00:51:33.255, 2, 96328, 97871
2026/09/23 00:51:33.255, 3, 96319, 97871
2026/09/23 00:51:33.455, 0, 96320, 97871
2026/09/23 00:51:33.455, 1, 96328, 97871
2026/09/23 00:51:33.455, 2, 96328, 97871
2026/09/23 00:51:33.455, 3, 96319, 97871
2026/09/23 00:51:33.656, 0, 96320, 97871
2026/09/23 00:51:33.656, 1, 96328, 97871
2026/09/23 00:51:33.656, 2, 96328, 97871
2026/09/23 00:51:33.656, 3, 96319, 97871
2026/09/23 00:51:33.856, 0, 96320, 97871
2026/09/23 00:51:33.856, 1, 96328, 97871
2026/09/23 00:51:33.856, 2, 96328, 97871
2026/09/23 00:51:33.856, 3, 96319, 97871
2026/09/23 00:51:34.056, 0, 96320, 97871
2026/09/23 00:51:34.056, 1, 96328, 97871
2026/09/23 00:51:34.056, 2, 96328, 97871
2026/09/23 00:51:34.056, 3, 96319, 97871
2026/09/23 00:51:34.256, 0, 96320, 97871
2026/09/23 00:51:34.256, 1, 96328, 97871
2026/09/23 00:51:34.256, 2, 96328, 97871
2026/09/23 00:51:34.256, 3, 96319, 97871
2026/09/23 00:51:34.456, 0, 96320, 97871
2026/09/23 00:51:34.457, 1, 96328, 97871
2026/09/23 00:51:34.457, 2, 96328, 97871
2026/09/23 00:51:34.457, 3, 96319, 97871
2026/09/23 00:51:34.657, 0, 96320, 97871
2026/09/23 00:51:34.657, 1, 96328, 97871
2026/09/23 00:51:34.657, 2, 96328, 97871
2026/09/23 00:51:34.657, 3, 96319, 97871
2026/09/23 00:51:34.857, 0, 96320, 97871
2026/09/23 00:51:34.857, 1, 96328, 97871
2026/09/23 00:51:34.857, 2, 96328, 97871
2026/09/23 00:51:34.857, 3, 96319, 97871
2026/09/23 00:51:35.057, 0, 96320, 97871
2026/09/23 00:51:35.057, 1, 96328, 97871
2026/09/23 00:51:35.057, 2, 96328, 97871
2026/09/23 00:51:35.057, 3, 96319, 97871
2026/09/23 00:51:35.257, 0, 96320, 97871
2026/09/23 00:51:35.258, 1, 96328, 97871
2026/09/23 00:51:35.258, 2, 96328, 97871
2026/09/23 00:51:35.258, 3, 96319, 97871
2026/09/23 00:51:35.458, 0, 96320, 97871
2026/09/23 00:51:35.458, 1, 96328, 97871
2026/09/23 00:51:35.458, 2, 96328, 97871
2026/09/23 00:51:35.458, 3, 96319, 97871
2026/09/23 00:51:35.658, 0, 96320, 97871
2026/09/23 00:51:35.658, 1, 96328, 97871
2026/09/23 00:51:35.658, 2, 96328, 97871
2026/09/23 00:51:35.658, 3, 96319, 97871
2026/09/23 00:51:35.858, 0, 96320, 97871
2026/09/23 00:51:35.858, 1, 96328, 97871
2026/09/23 00:51:35.858, 2, 96328, 97871
2026/09/23 00:51:35.858, 3, 96319, 97871
2026/09/23 00:51:36.058, 0, 96320, 97871
2026/09/23 00:51:36.059, 1, 96328, 97871
2026/09/23 00:51:36.059, 2, 96328, 97871
2026/09/23 00:51:36.059, 3, 96319, 97871
2026/09/23 00:51:36.259, 0, 96320, 97871
2026/09/23 00:51:36.259, 1, 96328, 97871
2026/09/23 00:51:36.259, 2, 96328, 97871
2026/09/23 00:51:36.259, 3, 96319, 97871
2026/09/23 00:51:36.459, 0, 96320, 97871
2026/09/23 00:51:36.459, 1, 96328, 97871
2026/09/23 00:51:36.459, 2, 96328, 97871
2026/09/23 00:51:36.459, 3, 96319, 97871
2026/09/23 00:51:36.659, 0, 96320, 97871
2026/09/23 00:51:36.659, 1, 96328, 97871
2026/09/23 00:51:36.659, 2, 96328, 97871
2026/09/23 00:51:36.659, 3, 96319, 97871
2026/09/23 00:51:36.859, 0, 96320, 97871
2026/09/23 00:51:36.859, 1, 96328, 97871
2026/09/23 00:51:36.859, 2, 96328, 97871
2026/09/23 00:51:36.860, 3, 96319, 97871
2026/09/23 00:51:37.060, 0, 96320, 97871
2026/09/23 00:51:37.060, 1, 96328, 97871
2026/09/23 00:51:37.060, 2, 96328, 97871
2026/09/23 00:51:37.060, 3, 96319, 97871
2026/09/23 00:51:37.260, 0, 96320, 97871
2026/09/23 00:51:37.260, 1, 96328, 97871
2026/09/23 00:51:37.260, 2, 96328, 97871
2026/09/23 00:51:37.260, 3, 96319, 97871
2026/09/23 00:51:37.460, 0, 96320, 97871
2026/09/23 00:51:37.460, 1, 96328, 97871
2026/09/23 00:51:37.460, 2, 96328, 97871
2026/09/23 00:51:37.460, 3, 96319, 97871
2026/09/23 00:51:37.660, 0, 96320, 97871
2026/09/23 00:51:37.660, 1, 96328, 97871
2026/09/23 00:51:37.660, 2, 96328, 97871
2026/09/23 00:51:37.660, 3, 96319, 97871
2026/09/23 00:51:37.861, 0, 96320, 97871
2026/09/23 00:51:37.861, 1, 96328, 97871
2026/09/23 00:51:37.861, 2, 96328, 97871
2026/09/23 00:51:37.861, 3, 96319, 97871
2026/09/23 00:51:38.061, 0, 96320, 97871
2026/09/23 00:51:38.061, 1, 96328, 97871
2026/09/23 00:51:38.061, 2, 96328, 97871
2026/09/23 00:51:38.061, 3, 96319, 97871
2026/09/23 00:51:38.261, 0, 96320, 97871
2026/09/23 00:51:38.261, 1, 96328, 97871
2026/09/23 00:51:38.261, 2, 96328, 97871
2026/09/23 00:51:38.261, 3, 96319, 97871
2026/09/23 00:51:38.461, 0, 96320, 97871
2026/09/23 00:51:38.461, 1, 96328, 97871
2026/09/23 00:51:38.461, 2, 96328, 97871
2026/09/23 00:51:38.462, 3, 96319, 97871
2026/09/23 00:51:38.662, 0, 96320, 97871
2026/09/23 00:51:38.662, 1, 96328, 97871
2026/09/23 00:51:38.662, 2, 96328, 97871
2026/09/23 00:51:38.662, 3, 96319, 97871
2026/09/23 00:51:38.862, 0, 96320, 97871
2026/09/23 00:51:38.862, 1, 96328, 97871
2026/09/23 00:51:38.862, 2, 96328, 97871
2026/09/23 00:51:38.862, 3, 96319, 97871
2026/09/23 00:51:39.062, 0, 96320, 97871
2026/09/23 00:51:39.062, 1, 96328, 97871
2026/09/23 00:51:39.062, 2, 96328, 97871
2026/09/23 00:51:39.062, 3, 96319, 97871
2026/09/23 00:51:39.262, 0, 96320, 97871
2026/09/23 00:51:39.262, 1, 96328, 97871
2026/09/23 00:51:39.262, 2, 96328, 97871
2026/09/23 00:51:39.263, 3, 96319, 97871
2026/09/23 00:51:39.463, 0, 96320, 97871
2026/09/23 00:51:39.463, 1, 96328, 97871
2026/09/23 00:51:39.463, 2, 96328, 97871
2026/09/23 00:51:39.463, 3, 96319, 97871
2026/09/23 00:51:39.663, 0, 96320, 97871
2026/09/23 00:51:39.663, 1, 96328, 97871
2026/09/23 00:51:39.663, 2, 96328, 97871
2026/09/23 00:51:39.663, 3, 96319, 97871
2026/09/23 00:51:39.863, 0, 96320, 97871
2026/09/23 00:51:39.863, 1, 96328, 97871
2026/09/23 00:51:39.863, 2, 96328, 97871
2026/09/23 00:51:39.863, 3, 96319, 97871
2026/09/23 00:51:40.063, 0, 96320, 97871
2026/09/23 00:51:40.063, 1, 96328, 97871
2026/09/23 00:51:40.063, 2, 96328, 97871
2026/09/23 00:51:40.064, 3, 96319, 97871
2026/09/23 00:51:40.264, 0, 96320, 97871
2026/09/23 00:51:40.264, 1, 96328, 97871
2026/09/23 00:51:40.264, 2, 96328, 97871
2026/09/23 00:51:40.264, 3, 96319, 97871
2026/09/23 00:51:40.464, 0, 96320, 97871
2026/09/23 00:51:40.464, 1, 96328, 97871
2026/09/23 00:51:40.464, 2, 96328, 97871
2026/09/23 00:51:40.464, 3, 96319, 97871
2026/09/23 00:51:40.664, 0, 96320, 97871
2026/09/23 00:51:40.664, 1, 96328, 97871
2026/09/23 00:51:40.664, 2, 96328, 97871
2026/09/23 00:51:40.664, 3, 96319, 97871
2026/09/23 00:51:40.864, 0, 96320, 97871
2026/09/23 00:51:40.864, 1, 96328, 97871
2026/09/23 00:51:40.864, 2, 96328, 97871
2026/09/23 00:51:40.864, 3, 96319, 97871
2026/09/23 00:51:41.064, 0, 96320, 97871
2026/09/23 00:51:41.065, 1, 96328, 97871
2026/09/23 00:51:41.065, 2, 96328, 97871
2026/09/23 00:51:41.065, 3, 96319, 97871
2026/09/23 00:51:41.265, 0, 96320, 97871
2026/09/23 00:51:41.265, 1, 96328, 97871
2026/09/23 00:51:41.265, 2, 96328, 97871
2026/09/23 00:51:41.265, 3, 96319, 97871
2026/09/23 00:51:41.465, 0, 96320, 97871
2026/09/23 00:51:41.465, 1, 96328, 97871
2026/09/23 00:51:41.465, 2, 96328, 97871
2026/09/23 00:51:41.465, 3, 96319, 97871
2026/09/23 00:51:41.665, 0, 96320, 97871
2026/09/23 00:51:41.665, 1, 96328, 97871
2026/09/23 00:51:41.665, 2, 96328, 97871
2026/09/23 00:51:41.665, 3, 96319, 97871
2026/09/23 00:51:41.865, 0, 96320, 97871
2026/09/23 00:51:41.866, 1, 96328, 97871
2026/09/23 00:51:41.866, 2, 96328, 97871
2026/09/23 00:51:41.866, 3, 96319, 97871
2026/09/23 00:51:42.066, 0, 96320, 97871
2026/09/23 00:51:42.066, 1, 96328, 97871
2026/09/23 00:51:42.066, 2, 96328, 97871
2026/09/23 00:51:42.066, 3, 96319, 97871
2026/09/23 00:51:42.266, 0, 96320, 97871
2026/09/23 00:51:42.266, 1, 96328, 97871
2026/09/23 00:51:42.266, 2, 96328, 97871
2026/09/23 00:51:42.266, 3, 96319, 97871
2026/09/23 00:51:42.466, 0, 96320, 97871
2026/09/23 00:51:42.466, 1, 96328, 97871
2026/09/23 00:51:42.466, 2, 96328, 97871
2026/09/23 00:51:42.466, 3, 96319, 97871
2026/09/23 00:51:42.666, 0, 96320, 97871
2026/09/23 00:51:42.666, 1, 96328, 97871
2026/09/23 00:51:42.666, 2, 96328, 97871
2026/09/23 00:51:42.666, 3, 96319, 97871
2026/09/23 00:51:42.867, 0, 96320, 97871
2026/09/23 00:51:42.867, 1, 96328, 97871
2026/09/23 00:51:42.867, 2, 96328, 97871
2026/09/23 00:51:42.867, 3, 96319, 97871
2026/09/23 00:51:43.067, 0, 96320, 97871
2026/09/23 00:51:43.067, 1, 96328, 97871
2026/09/23 00:51:43.067, 2, 96328, 97871
2026/09/23 00:51:43.067, 3, 96319, 97871
2026/09/23 00:51:43.267, 0, 96320, 97871
2026/09/23 00:51:43.267, 1, 96328, 97871
2026/09/23 00:51:43.267, 2, 96328, 97871
2026/09/23 00:51:43.267, 3, 96319, 97871
2026/09/23 00:51:43.467, 0, 96320, 97871
2026/09/23 00:51:43.467, 1, 96328, 97871
2026/09/23 00:51:43.467, 2, 96328, 97871
2026/09/23 00:51:43.467, 3, 96319, 97871
2026/09/23 00:51:43.668, 0, 96320, 97871
2026/09/23 00:51:43.668, 1, 96328, 97871
2026/09/23 00:51:43.668, 2, 96328, 97871
2026/09/23 00:51:43.668, 3, 96319, 97871
2026/09/23 00:51:43.868, 0, 96320, 97871
2026/09/23 00:51:43.868, 1, 96328, 97871
2026/09/23 00:51:43.868, 2, 96328, 97871
2026/09/23 00:51:43.868, 3, 96319, 97871
2026/09/23 00:51:44.068, 0, 96320, 97871
2026/09/23 00:51:44.068, 1, 96328, 97871
2026/09/23 00:51:44.068, 2, 96328, 97871
2026/09/23 00:51:44.068, 3, 96319, 97871
2026/09/23 00:51:44.268, 0, 96320, 97871
2026/09/23 00:51:44.268, 1, 96328, 97871
2026/09/23 00:51:44.268, 2, 96328, 97871
2026/09/23 00:51:44.268, 3, 96319, 97871
2026/09/23 00:51:44.468, 0, 96320, 97871
2026/09/23 00:51:44.468, 1, 96328, 97871
2026/09/23 00:51:44.469, 2, 96328, 97871
2026/09/23 00:51:44.469, 3, 96319, 97871
2026/09/23 00:51:44.669, 0, 96320, 97871
2026/09/23 00:51:44.669, 1, 96328, 97871
2026/09/23 00:51:44.669, 2, 96328, 97871
2026/09/23 00:51:44.669, 3, 96319, 97871
2026/09/23 00:51:44.869, 0, 96320, 97871
2026/09/23 00:51:44.869, 1, 96328, 97871
2026/09/23 00:51:44.869, 2, 96328, 97871
2026/09/23 00:51:44.869, 3, 96319, 97871
2026/09/23 00:51:45.069, 0, 96320, 97871
2026/09/23 00:51:45.069, 1, 96328, 97871
2026/09/23 00:51:45.069, 2, 96328, 97871
2026/09/23 00:51:45.069, 3, 96319, 97871
2026/09/23 00:51:45.269, 0, 96320, 97871
2026/09/23 00:51:45.269, 1, 96328, 97871
2026/09/23 00:51:45.269, 2, 96328, 97871
2026/09/23 00:51:45.269, 3, 96319, 97871
2026/09/23 00:51:45.470, 0, 96320, 97871
2026/09/23 00:51:45.470, 1, 96328, 97871
2026/09/23 00:51:45.470, 2, 96328, 97871
2026/09/23 00:51:45.470, 3, 96319, 97871
2026/09/23 00:51:45.670, 0, 96320, 97871
2026/09/23 00:51:45.670, 1, 96328, 97871
2026/09/23 00:51:45.670, 2, 96328, 97871
2026/09/23 00:51:45.670, 3, 96319, 97871
2026/09/23 00:51:45.870, 0, 96320, 97871
2026/09/23 00:51:45.870, 1, 96328, 97871
2026/09/23 00:51:45.870, 2, 96328, 97871
2026/09/23 00:51:45.870, 3, 96319, 97871
2026/09/23 00:51:46.070, 0, 96320, 97871
2026/09/23 00:51:46.070, 1, 96328, 97871
2026/09/23 00:51:46.070, 2, 96328, 97871
2026/09/23 00:51:46.070, 3, 96319, 97871
2026/09/23 00:51:46.271, 0, 96320, 97871
2026/09/23 00:51:46.271, 1, 96328, 97871
2026/09/23 00:51:46.271, 2, 96328, 97871
2026/09/23 00:51:46.271, 3, 96319, 97871
2026/09/23 00:51:46.471, 0, 96320, 97871
2026/09/23 00:51:46.471, 1, 96328, 97871
2026/09/23 00:51:46.471, 2, 96328, 97871
2026/09/23 00:51:46.471, 3, 96319, 97871
2026/09/23 00:51:46.671, 0, 96320, 97871
2026/09/23 00:51:46.671, 1, 96328, 97871
2026/09/23 00:51:46.671, 2, 96328, 97871
2026/09/23 00:51:46.671, 3, 96319, 97871
2026/09/23 00:51:46.871, 0, 96320, 97871
2026/09/23 00:51:46.871, 1, 96328, 97871
2026/09/23 00:51:46.871, 2, 96328, 97871
2026/09/23 00:51:46.871, 3, 96319, 97871
2026/09/23 00:51:47.071, 0, 96320, 97871
2026/09/23 00:51:47.072, 1, 96328, 97871
2026/09/23 00:51:47.072, 2, 96328, 97871
2026/09/23 00:51:47.072, 3, 96319, 97871
2026/09/23 00:51:47.272, 0, 96320, 97871
2026/09/23 00:51:47.272, 1, 96328, 97871
2026/09/23 00:51:47.272, 2, 96328, 97871
2026/09/23 00:51:47.272, 3, 96319, 97871
2026/09/23 00:51:47.472, 0, 96320, 97871
2026/09/23 00:51:47.472, 1, 96328, 97871
2026/09/23 00:51:47.472, 2, 96328, 97871
2026/09/23 00:51:47.472, 3, 96319, 97871
2026/09/23 00:51:47.672, 0, 96320, 97871
2026/09/23 00:51:47.672, 1, 96328, 97871
2026/09/23 00:51:47.672, 2, 96328, 97871
2026/09/23 00:51:47.672, 3, 96319, 97871
2026/09/23 00:51:47.872, 0, 96320, 97871
2026/09/23 00:51:47.873, 1, 96328, 97871
2026/09/23 00:51:47.873, 2, 96328, 97871
2026/09/23 00:51:47.873, 3, 96319, 97871
2026/09/23 00:51:48.073, 0, 96320, 97871
2026/09/23 00:51:48.073, 1, 96328, 97871
2026/09/23 00:51:48.073, 2, 96328, 97871
2026/09/23 00:51:48.073, 3, 96319, 97871
2026/09/23 00:51:48.273, 0, 96320, 97871
2026/09/23 00:51:48.273, 1, 96328, 97871
2026/09/23 00:51:48.273, 2, 96328, 97871
2026/09/23 00:51:48.273, 3, 96319, 97871
2026/09/23 00:51:48.473, 0, 96320, 97871
2026/09/23 00:51:48.473, 1, 96328, 97871
2026/09/23 00:51:48.473, 2, 96328, 97871
2026/09/23 00:51:48.473, 3, 96319, 97871
2026/09/23 00:51:48.673, 0, 96320, 97871
2026/09/23 00:51:48.674, 1, 96328, 97871
2026/09/23 00:51:48.674, 2, 96328, 97871
2026/09/23 00:51:48.674, 3, 96319, 97871
2026/09/23 00:51:48.874, 0, 96320, 97871
2026/09/23 00:51:48.874, 1, 96328, 97871
2026/09/23 00:51:48.874, 2, 96328, 97871
2026/09/23 00:51:48.874, 3, 96319, 97871
2026/09/23 00:51:49.074, 0, 96320, 97871
2026/09/23 00:51:49.074, 1, 96328, 97871
2026/09/23 00:51:49.074, 2, 96328, 97871
2026/09/23 00:51:49.074, 3, 96319, 97871
2026/09/23 00:51:49.274, 0, 96320, 97871
2026/09/23 00:51:49.274, 1, 96328, 97871
2026/09/23 00:51:49.274, 2, 96328, 97871
2026/09/23 00:51:49.274, 3, 96319, 97871
2026/09/23 00:51:49.474, 0, 96320, 97871
2026/09/23 00:51:49.474, 1, 96328, 97871
2026/09/23 00:51:49.474, 2, 96328, 97871
2026/09/23 00:51:49.474, 3, 96319, 97871
2026/09/23 00:51:49.675, 0, 96320, 97871
2026/09/23 00:51:49.675, 1, 96328, 97871
2026/09/23 00:51:49.675, 2, 96328, 97871
2026/09/23 00:51:49.675, 3, 96319, 97871
2026/09/23 00:51:49.875, 0, 96320, 97871
2026/09/23 00:51:49.875, 1, 96328, 97871
2026/09/23 00:51:49.875, 2, 96328, 97871
2026/09/23 00:51:49.875, 3, 96319, 97871
2026/09/23 00:51:50.075, 0, 96320, 97871
2026/09/23 00:51:50.075, 1, 96328, 97871
2026/09/23 00:51:50.075, 2, 96328, 97871
2026/09/23 00:51:50.075, 3, 96319, 97871
2026/09/23 00:51:50.275, 0, 96320, 97871
2026/09/23 00:51:50.275, 1, 96328, 97871
2026/09/23 00:51:50.275, 2, 96328, 97871
2026/09/23 00:51:50.275, 3, 96319, 97871
2026/09/23 00:51:50.475, 0, 96320, 97871
2026/09/23 00:51:50.476, 1, 96328, 97871
2026/09/23 00:51:50.476, 2, 96328, 97871
2026/09/23 00:51:50.476, 3, 96319, 97871
2026/09/23 00:51:50.676, 0, 96320, 97871
2026/09/23 00:51:50.676, 1, 96328, 97871
2026/09/23 00:51:50.676, 2, 96328, 97871
2026/09/23 00:51:50.676, 3, 96319, 97871
2026/09/23 00:51:50.876, 0, 96320, 97871
2026/09/23 00:51:50.876, 1, 96328, 97871
2026/09/23 00:51:50.876, 2, 96328, 97871
2026/09/23 00:51:50.876, 3, 96319, 97871
2026/09/23 00:51:51.076, 0, 96320, 97871
2026/09/23 00:51:51.076, 1, 96328, 97871
2026/09/23 00:51:51.076, 2, 96328, 97871
2026/09/23 00:51:51.076, 3, 96319, 97871
2026/09/23 00:51:51.276, 0, 96320, 97871
2026/09/23 00:51:51.276, 1, 96328, 97871
2026/09/23 00:51:51.276, 2, 96328, 97871
2026/09/23 00:51:51.276, 3, 96319, 97871
2026/09/23 00:51:51.477, 0, 96320, 97871
2026/09/23 00:51:51.477, 1, 96328, 97871
2026/09/23 00:51:51.477, 2, 96328, 97871
2026/09/23 00:51:51.477, 3, 96319, 97871
2026/09/23 00:51:51.677, 0, 96320, 97871
2026/09/23 00:51:51.677, 1, 96328, 97871
2026/09/23 00:51:51.677, 2, 96328, 97871
2026/09/23 00:51:51.677, 3, 96319, 97871
2026/09/23 00:51:51.877, 0, 96320, 97871
2026/09/23 00:51:51.877, 1, 96328, 97871
2026/09/23 00:51:51.877, 2, 96328, 97871
2026/09/23 00:51:51.877, 3, 96319, 97871
2026/09/23 00:51:52.077, 0, 96320, 97871
2026/09/23 00:51:52.077, 1, 96328, 97871
2026/09/23 00:51:52.077, 2, 96328, 97871
2026/09/23 00:51:52.077, 3, 96319, 97871
2026/09/23 00:51:52.277, 0, 96320, 97871
2026/09/23 00:51:52.278, 1, 96328, 97871
2026/09/23 00:51:52.278, 2, 96328, 97871
2026/09/23 00:51:52.278, 3, 96319, 97871
2026/09/23 00:51:52.478, 0, 96320, 97871
2026/09/23 00:51:52.478, 1, 96328, 97871
2026/09/23 00:51:52.478, 2, 96328, 97871
2026/09/23 00:51:52.478, 3, 96319, 97871
2026/09/23 00:51:52.678, 0, 96320, 97871
2026/09/23 00:51:52.678, 1, 96328, 97871
2026/09/23 00:51:52.678, 2, 96328, 97871
2026/09/23 00:51:52.678, 3, 96319, 97871
2026/09/23 00:51:52.878, 0, 96320, 97871
2026/09/23 00:51:52.878, 1, 96328, 97871
2026/09/23 00:51:52.878, 2, 96328, 97871
2026/09/23 00:51:52.878, 3, 96319, 97871
2026/09/23 00:51:53.078, 0, 96320, 97871
2026/09/23 00:51:53.079, 1, 96328, 97871
2026/09/23 00:51:53.079, 2, 96328, 97871
2026/09/23 00:51:53.079, 3, 96319, 97871
2026/09/23 00:51:53.279, 0, 96320, 97871
2026/09/23 00:51:53.279, 1, 96328, 97871
2026/09/23 00:51:53.279, 2, 96328, 97871
2026/09/23 00:51:53.279, 3, 96319, 97871
2026/09/23 00:51:53.479, 0, 96320, 97871
2026/09/23 00:51:53.479, 1, 96328, 97871
2026/09/23 00:51:53.479, 2, 96328, 97871
2026/09/23 00:51:53.479, 3, 96319, 97871
2026/09/23 00:51:53.679, 0, 96320, 97871
2026/09/23 00:51:53.679, 1, 96328, 97871
2026/09/23 00:51:53.679, 2, 96328, 97871
2026/09/23 00:51:53.679, 3, 96319, 97871
2026/09/23 00:51:53.879, 0, 96320, 97871
2026/09/23 00:51:53.879, 1, 96328, 97871
2026/09/23 00:51:53.880, 2, 96328, 97871
2026/09/23 00:51:53.880, 3, 96319, 97871
2026/09/23 00:51:54.080, 0, 96320, 97871
2026/09/23 00:51:54.080, 1, 96328, 97871
2026/09/23 00:51:54.080, 2, 96328, 97871
2026/09/23 00:51:54.080, 3, 96319, 97871
2026/09/23 00:51:54.280, 0, 96320, 97871
2026/09/23 00:51:54.280, 1, 96328, 97871
2026/09/23 00:51:54.280, 2, 96328, 97871
2026/09/23 00:51:54.280, 3, 96319, 97871
2026/09/23 00:51:54.480, 0, 96320, 97871
2026/09/23 00:51:54.480, 1, 96328, 97871
2026/09/23 00:51:54.480, 2, 96328, 97871
2026/09/23 00:51:54.480, 3, 96319, 97871
2026/09/23 00:51:54.680, 0, 96320, 97871
2026/09/23 00:51:54.680, 1, 96328, 97871
2026/09/23 00:51:54.680, 2, 96328, 97871
2026/09/23 00:51:54.681, 3, 96319, 97871
2026/09/23 00:51:54.881, 0, 96320, 97871
2026/09/23 00:51:54.881, 1, 96328, 97871
2026/09/23 00:51:54.881, 2, 96328, 97871
2026/09/23 00:51:54.881, 3, 96319, 97871
2026/09/23 00:51:55.081, 0, 96320, 97871
2026/09/23 00:51:55.081, 1, 96328, 97871
2026/09/23 00:51:55.081, 2, 96328, 97871
2026/09/23 00:51:55.081, 3, 96319, 97871
2026/09/23 00:51:55.281, 0, 96320, 97871
2026/09/23 00:51:55.281, 1, 96328, 97871
2026/09/23 00:51:55.281, 2, 96328, 97871
2026/09/23 00:51:55.281, 3, 96319, 97871
2026/09/23 00:51:55.481, 0, 96320, 97871
2026/09/23 00:51:55.481, 1, 96328, 97871
2026/09/23 00:51:55.481, 2, 96328, 97871
2026/09/23 00:51:55.481, 3, 96319, 97871
2026/09/23 00:51:55.681, 0, 96320, 97871
2026/09/23 00:51:55.682, 1, 96328, 97871
2026/09/23 00:51:55.682, 2, 96328, 97871
2026/09/23 00:51:55.682, 3, 96319, 97871
2026/09/23 00:51:55.882, 0, 96320, 97871
2026/09/23 00:51:55.882, 1, 96328, 97871
2026/09/23 00:51:55.882, 2, 96328, 97871
2026/09/23 00:51:55.882, 3, 96319, 97871
2026/09/23 00:51:56.082, 0, 96320, 97871
2026/09/23 00:51:56.082, 1, 96328, 97871
2026/09/23 00:51:56.082, 2, 96328, 97871
2026/09/23 00:51:56.082, 3, 96319, 97871
2026/09/23 00:51:56.282, 0, 96320, 97871
2026/09/23 00:51:56.282, 1, 96328, 97871
2026/09/23 00:51:56.282, 2, 96328, 97871
2026/09/23 00:51:56.282, 3, 96319, 97871
2026/09/23 00:51:56.483, 0, 96320, 97871
2026/09/23 00:51:56.483, 1, 96328, 97871
2026/09/23 00:51:56.483, 2, 96328, 97871
2026/09/23 00:51:56.483, 3, 96319, 97871
2026/09/23 00:51:56.683, 0, 96320, 97871
2026/09/23 00:51:56.683, 1, 96328, 97871
2026/09/23 00:51:56.683, 2, 96328, 97871
2026/09/23 00:51:56.683, 3, 96319, 97871
2026/09/23 00:51:56.883, 0, 96320, 97871
2026/09/23 00:51:56.883, 1, 96328, 97871
2026/09/23 00:51:56.883, 2, 96328, 97871
2026/09/23 00:51:56.883, 3, 96319, 97871
2026/09/23 00:51:57.083, 0, 96320, 97871
2026/09/23 00:51:57.083, 1, 96328, 97871
2026/09/23 00:51:57.083, 2, 96328, 97871
2026/09/23 00:51:57.083, 3, 96319, 97871
2026/09/23 00:51:57.283, 0, 96320, 97871
2026/09/23 00:51:57.283, 1, 96328, 97871
2026/09/23 00:51:57.283, 2, 96328, 97871
2026/09/23 00:51:57.284, 3, 96319, 97871
2026/09/23 00:51:57.484, 0, 96320, 97871
2026/09/23 00:51:57.484, 1, 96328, 97871
2026/09/23 00:51:57.484, 2, 96328, 97871
2026/09/23 00:51:57.484, 3, 96319, 97871
2026/09/23 00:51:57.684, 0, 96320, 97871
2026/09/23 00:51:57.684, 1, 96328, 97871
2026/09/23 00:51:57.684, 2, 96328, 97871
2026/09/23 00:51:57.684, 3, 96319, 97871
2026/09/23 00:51:57.884, 0, 96320, 97871
2026/09/23 00:51:57.884, 1, 96328, 97871
2026/09/23 00:51:57.884, 2, 96328, 97871
2026/09/23 00:51:57.884, 3, 96319, 97871
2026/09/23 00:51:58.084, 0, 96320, 97871
2026/09/23 00:51:58.084, 1, 96328, 97871
2026/09/23 00:51:58.084, 2, 96328, 97871
2026/09/23 00:51:58.084, 3, 96319, 97871
2026/09/23 00:51:58.285, 0, 96320, 97871
2026/09/23 00:51:58.285, 1, 96328, 97871
2026/09/23 00:51:58.285, 2, 96328, 97871
2026/09/23 00:51:58.285, 3, 96319, 97871
2026/09/23 00:51:58.485, 0, 96320, 97871
2026/09/23 00:51:58.485, 1, 96328, 97871
2026/09/23 00:51:58.485, 2, 96328, 97871
2026/09/23 00:51:58.485, 3, 96319, 97871
2026/09/23 00:51:58.685, 0, 96320, 97871
2026/09/23 00:51:58.685, 1, 96328, 97871
2026/09/23 00:51:58.685, 2, 96328, 97871
2026/09/23 00:51:58.685, 3, 96319, 97871
2026/09/23 00:51:58.885, 0, 96320, 97871
2026/09/23 00:51:58.885, 1, 96328, 97871
2026/09/23 00:51:58.885, 2, 96328, 97871
2026/09/23 00:51:58.885, 3, 96319, 97871
2026/09/23 00:51:59.085, 0, 96320, 97871
2026/09/23 00:51:59.086, 1, 96328, 97871
2026/09/23 00:51:59.086, 2, 96328, 97871
2026/09/23 00:51:59.086, 3, 96319, 97871
2026/09/23 00:51:59.286, 0, 96320, 97871
2026/09/23 00:51:59.286, 1, 96328, 97871
2026/09/23 00:51:59.286, 2, 96328, 97871
2026/09/23 00:51:59.286, 3, 96319, 97871
2026/09/23 00:51:59.486, 0, 96320, 97871
2026/09/23 00:51:59.486, 1, 96328, 97871
2026/09/23 00:51:59.486, 2, 96328, 97871
2026/09/23 00:51:59.486, 3, 96319, 97871
2026/09/23 00:51:59.686, 0, 96320, 97871
2026/09/23 00:51:59.686, 1, 96328, 97871
2026/09/23 00:51:59.686, 2, 96328, 97871
2026/09/23 00:51:59.686, 3, 96319, 97871
2026/09/23 00:51:59.886, 0, 96320, 97871
2026/09/23 00:51:59.886, 1, 96328, 97871
2026/09/23 00:51:59.887, 2, 96328, 97871
2026/09/23 00:51:59.887, 3, 96319, 97871
2026/09/23 00:52:00.087, 0, 96320, 97871
2026/09/23 00:52:00.087, 1, 96328, 97871
2026/09/23 00:52:00.087, 2, 96328, 97871
2026/09/23 00:52:00.087, 3, 96319, 97871
2026/09/23 00:52:00.287, 0, 96320, 97871
2026/09/23 00:52:00.287, 1, 96328, 97871
2026/09/23 00:52:00.287, 2, 96328, 97871
2026/09/23 00:52:00.287, 3, 96319, 97871
2026/09/23 00:52:00.487, 0, 96320, 97871
2026/09/23 00:52:00.487, 1, 96328, 97871
2026/09/23 00:52:00.487, 2, 96328, 97871
2026/09/23 00:52:00.487, 3, 96319, 97871
2026/09/23 00:52:00.687, 0, 96320, 97871
2026/09/23 00:52:00.687, 1, 96328, 97871
2026/09/23 00:52:00.687, 2, 96328, 97871
2026/09/23 00:52:00.688, 3, 96319, 97871
2026/09/23 00:52:00.888, 0, 96320, 97871
2026/09/23 00:52:00.888, 1, 96328, 97871
2026/09/23 00:52:00.888, 2, 96328, 97871
2026/09/23 00:52:00.888, 3, 96319, 97871
2026/09/23 00:52:01.088, 0, 96320, 97871
2026/09/23 00:52:01.088, 1, 96328, 97871
2026/09/23 00:52:01.088, 2, 96328, 97871
2026/09/23 00:52:01.088, 3, 96319, 97871
2026/09/23 00:52:01.288, 0, 96320, 97871
2026/09/23 00:52:01.288, 1, 96328, 97871
2026/09/23 00:52:01.288, 2, 96328, 97871
2026/09/23 00:52:01.288, 3, 96319, 97871
2026/09/23 00:52:01.488, 0, 96320, 97871
2026/09/23 00:52:01.488, 1, 96328, 97871
2026/09/23 00:52:01.488, 2, 96328, 97871
2026/09/23 00:52:01.488, 3, 96319, 97871
2026/09/23 00:52:01.689, 0, 96320, 97871
2026/09/23 00:52:01.689, 1, 96328, 97871
2026/09/23 00:52:01.689, 2, 96328, 97871
2026/09/23 00:52:01.689, 3, 96319, 97871
2026/09/23 00:52:01.889, 0, 96320, 97871
2026/09/23 00:52:01.889, 1, 96328, 97871
2026/09/23 00:52:01.889, 2, 96328, 97871
2026/09/23 00:52:01.889, 3, 96319, 97871
2026/09/23 00:52:02.089, 0, 96320, 97871
2026/09/23 00:52:02.089, 1, 96328, 97871
2026/09/23 00:52:02.089, 2, 96328, 97871
2026/09/23 00:52:02.089, 3, 96319, 97871
2026/09/23 00:52:02.289, 0, 96320, 97871
2026/09/23 00:52:02.289, 1, 96328, 97871
2026/09/23 00:52:02.289, 2, 96328, 97871
2026/09/23 00:52:02.289, 3, 96319, 97871
2026/09/23 00:52:02.490, 0, 96320, 97871
2026/09/23 00:52:02.490, 1, 96328, 97871
2026/09/23 00:52:02.490, 2, 96328, 97871
2026/09/23 00:52:02.490, 3, 96319, 97871
2026/09/23 00:52:02.690, 0, 96320, 97871
2026/09/23 00:52:02.690, 1, 96328, 97871
2026/09/23 00:52:02.690, 2, 96328, 97871
2026/09/23 00:52:02.690, 3, 96319, 97871
2026/09/23 00:52:02.890, 0, 96320, 97871
2026/09/23 00:52:02.890, 1, 96328, 97871
2026/09/23 00:52:02.890, 2, 96328, 97871
2026/09/23 00:52:02.890, 3, 96319, 97871
2026/09/23 00:52:03.090, 0, 96320, 97871
2026/09/23 00:52:03.090, 1, 96328, 97871
2026/09/23 00:52:03.090, 2, 96328, 97871
2026/09/23 00:52:03.090, 3, 96319, 97871
2026/09/23 00:52:03.290, 0, 96320, 97871
2026/09/23 00:52:03.291, 1, 96328, 97871
2026/09/23 00:52:03.291, 2, 96328, 97871
2026/09/23 00:52:03.291, 3, 96319, 97871
2026/09/23 00:52:03.491, 0, 96320, 97871
2026/09/23 00:52:03.491, 1, 96328, 97871
2026/09/23 00:52:03.491, 2, 96328, 97871
2026/09/23 00:52:03.491, 3, 96319, 97871
2026/09/23 00:52:03.691, 0, 96320, 97871
2026/09/23 00:52:03.691, 1, 96328, 97871
2026/09/23 00:52:03.691, 2, 96328, 97871
2026/09/23 00:52:03.691, 3, 96319, 97871
2026/09/23 00:52:03.891, 0, 96320, 97871
2026/09/23 00:52:03.891, 1, 96328, 97871
2026/09/23 00:52:03.891, 2, 96328, 97871
2026/09/23 00:52:03.891, 3, 96319, 97871
2026/09/23 00:52:04.091, 0, 96320, 97871
2026/09/23 00:52:04.091, 1, 96328, 97871
2026/09/23 00:52:04.091, 2, 96328, 97871
2026/09/23 00:52:04.091, 3, 96319, 97871
2026/09/23 00:52:04.292, 0, 96320, 97871
2026/09/23 00:52:04.292, 1, 96328, 97871
2026/09/23 00:52:04.292, 2, 96328, 97871
2026/09/23 00:52:04.292, 3, 96319, 97871
2026/09/23 00:52:04.492, 0, 96320, 97871
2026/09/23 00:52:04.492, 1, 96328, 97871
2026/09/23 00:52:04.492, 2, 96328, 97871
2026/09/23 00:52:04.492, 3, 96319, 97871
2026/09/23 00:52:04.692, 0, 96320, 97871
2026/09/23 00:52:04.692, 1, 96328, 97871
2026/09/23 00:52:04.692, 2, 96328, 97871
2026/09/23 00:52:04.692, 3, 96319, 97871
2026/09/23 00:52:04.892, 0, 96320, 97871
2026/09/23 00:52:04.892, 1, 96328, 97871
2026/09/23 00:52:04.892, 2, 96328, 97871
2026/09/23 00:52:04.892, 3, 96319, 97871
2026/09/23 00:52:05.092, 0, 96320, 97871
2026/09/23 00:52:05.093, 1, 96328, 97871
2026/09/23 00:52:05.093, 2, 96328, 97871
2026/09/23 00:52:05.093, 3, 96319, 97871
2026/09/23 00:52:05.293, 0, 96320, 97871
2026/09/23 00:52:05.293, 1, 96328, 97871
2026/09/23 00:52:05.293, 2, 96328, 97871
2026/09/23 00:52:05.293, 3, 96319, 97871
2026/09/23 00:52:05.493, 0, 96320, 97871
2026/09/23 00:52:05.493, 1, 96328, 97871
2026/09/23 00:52:05.493, 2, 96328, 97871
2026/09/23 00:52:05.493, 3, 96319, 97871
2026/09/23 00:52:05.693, 0, 96320, 97871
2026/09/23 00:52:05.693, 1, 96328, 97871
2026/09/23 00:52:05.693, 2, 96328, 97871
2026/09/23 00:52:05.693, 3, 96319, 97871
2026/09/23 00:52:05.893, 0, 96320, 97871
2026/09/23 00:52:05.894, 1, 96328, 97871
2026/09/23 00:52:05.894, 2, 96328, 97871
2026/09/23 00:52:05.894, 3, 96319, 97871
2026/09/23 00:52:06.094, 0, 96320, 97871
2026/09/23 00:52:06.094, 1, 96328, 97871
2026/09/23 00:52:06.094, 2, 96328, 97871
2026/09/23 00:52:06.094, 3, 96319, 97871
2026/09/23 00:52:06.294, 0, 96320, 97871
2026/09/23 00:52:06.294, 1, 96328, 97871
2026/09/23 00:52:06.294, 2, 96328, 97871
2026/09/23 00:52:06.294, 3, 96319, 97871
2026/09/23 00:52:06.494, 0, 96320, 97871
2026/09/23 00:52:06.494, 1, 96328, 97871
2026/09/23 00:52:06.494, 2, 96328, 97871
2026/09/23 00:52:06.494, 3, 96319, 97871
2026/09/23 00:52:06.694, 0, 96320, 97871
2026/09/23 00:52:06.695, 1, 96328, 97871
2026/09/23 00:52:06.695, 2, 96328, 97871
2026/09/23 00:52:06.695, 3, 96319, 97871
2026/09/23 00:52:06.895, 0, 96320, 97871
2026/09/23 00:52:06.895, 1, 96328, 97871
2026/09/23 00:52:06.895, 2, 96328, 97871
2026/09/23 00:52:06.895, 3, 96319, 97871
2026/09/23 00:52:07.095, 0, 96320, 97871
2026/09/23 00:52:07.095, 1, 96328, 97871
2026/09/23 00:52:07.095, 2, 96328, 97871
2026/09/23 00:52:07.095, 3, 96319, 97871
2026/09/23 00:52:07.295, 0, 96320, 97871
2026/09/23 00:52:07.295, 1, 96328, 97871
2026/09/23 00:52:07.295, 2, 96328, 97871
2026/09/23 00:52:07.295, 3, 96319, 97871
2026/09/23 00:52:07.495, 0, 96320, 97871
2026/09/23 00:52:07.495, 1, 96328, 97871
2026/09/23 00:52:07.495, 2, 96328, 97871
2026/09/23 00:52:07.496, 3, 96319, 97871
2026/09/23 00:52:07.696, 0, 96320, 97871
2026/09/23 00:52:07.696, 1, 96328, 97871
2026/09/23 00:52:07.696, 2, 96328, 97871
2026/09/23 00:52:07.696, 3, 96319, 97871
2026/09/23 00:52:07.896, 0, 96320, 97871
2026/09/23 00:52:07.896, 1, 96328, 97871
2026/09/23 00:52:07.896, 2, 96328, 97871
2026/09/23 00:52:07.896, 3, 96319, 97871
2026/09/23 00:52:08.096, 0, 96320, 97871
2026/09/23 00:52:08.096, 1, 96328, 97871
2026/09/23 00:52:08.096, 2, 96328, 97871
2026/09/23 00:52:08.096, 3, 96319, 97871
2026/09/23 00:52:08.296, 0, 96320, 97871
2026/09/23 00:52:08.296, 1, 96328, 97871
2026/09/23 00:52:08.296, 2, 96328, 97871
2026/09/23 00:52:08.296, 3, 96319, 97871
2026/09/23 00:52:08.497, 0, 96320, 97871
2026/09/23 00:52:08.497, 1, 96328, 97871
2026/09/23 00:52:08.497, 2, 96328, 97871
2026/09/23 00:52:08.497, 3, 96319, 97871
2026/09/23 00:52:08.697, 0, 96320, 97871
2026/09/23 00:52:08.697, 1, 96328, 97871
2026/09/23 00:52:08.697, 2, 96328, 97871
2026/09/23 00:52:08.697, 3, 96319, 97871
2026/09/23 00:52:08.897, 0, 96320, 97871
2026/09/23 00:52:08.897, 1, 96328, 97871
2026/09/23 00:52:08.897, 2, 96328, 97871
2026/09/23 00:52:08.897, 3, 96319, 97871
2026/09/23 00:52:09.097, 0, 96320, 97871
2026/09/23 00:52:09.097, 1, 96328, 97871
2026/09/23 00:52:09.097, 2, 96328, 97871
2026/09/23 00:52:09.097, 3, 96319, 97871
2026/09/23 00:52:09.297, 0, 96320, 97871
2026/09/23 00:52:09.298, 1, 96328, 97871
2026/09/23 00:52:09.298, 2, 96328, 97871
2026/09/23 00:52:09.298, 3, 96319, 97871
2026/09/23 00:52:09.498, 0, 96320, 97871
2026/09/23 00:52:09.498, 1, 96328, 97871
2026/09/23 00:52:09.498, 2, 96328, 97871
2026/09/23 00:52:09.498, 3, 96319, 97871
2026/09/23 00:52:09.698, 0, 96320, 97871
2026/09/23 00:52:09.698, 1, 96328, 97871
2026/09/23 00:52:09.698, 2, 96328, 97871
2026/09/23 00:52:09.698, 3, 96319, 97871
2026/09/23 00:52:09.898, 0, 96320, 97871
2026/09/23 00:52:09.898, 1, 96328, 97871
2026/09/23 00:52:09.898, 2, 96328, 97871
2026/09/23 00:52:09.898, 3, 96319, 97871
2026/09/23 00:52:10.098, 0, 96320, 97871
2026/09/23 00:52:10.098, 1, 96328, 97871
2026/09/23 00:52:10.099, 2, 96328, 97871
2026/09/23 00:52:10.099, 3, 96319, 97871
2026/09/23 00:52:10.299, 0, 96320, 97871
2026/09/23 00:52:10.299, 1, 96328, 97871
2026/09/23 00:52:10.299, 2, 96328, 97871
2026/09/23 00:52:10.299, 3, 96319, 97871
2026/09/23 00:52:10.499, 0, 96320, 97871
2026/09/23 00:52:10.499, 1, 96328, 97871
2026/09/23 00:52:10.499, 2, 96328, 97871
2026/09/23 00:52:10.499, 3, 96319, 97871
2026/09/23 00:52:10.699, 0, 96320, 97871
2026/09/23 00:52:10.699, 1, 96328, 97871
2026/09/23 00:52:10.699, 2, 96328, 97871
2026/09/23 00:52:10.699, 3, 96319, 97871
2026/09/23 00:52:10.899, 0, 96320, 97871
2026/09/23 00:52:10.899, 1, 96328, 97871
2026/09/23 00:52:10.899, 2, 96328, 97871
2026/09/23 00:52:10.899, 3, 96319, 97871
2026/09/23 00:52:11.100, 0, 96320, 97871
2026/09/23 00:52:11.100, 1, 96328, 97871
2026/09/23 00:52:11.100, 2, 96328, 97871
2026/09/23 00:52:11.100, 3, 96319, 97871
2026/09/23 00:52:11.300, 0, 96320, 97871
2026/09/23 00:52:11.300, 1, 96328, 97871
2026/09/23 00:52:11.300, 2, 96328, 97871
2026/09/23 00:52:11.300, 3, 96319, 97871
2026/09/23 00:52:11.500, 0, 96320, 97871
2026/09/23 00:52:11.500, 1, 96328, 97871
2026/09/23 00:52:11.500, 2, 96328, 97871
2026/09/23 00:52:11.500, 3, 96319, 97871
2026/09/23 00:52:11.700, 0, 96320, 97871
2026/09/23 00:52:11.700, 1, 96328, 97871
2026/09/23 00:52:11.700, 2, 96328, 97871
2026/09/23 00:52:11.700, 3, 96319, 97871
2026/09/23 00:52:11.901, 0, 96320, 97871
2026/09/23 00:52:11.901, 1, 96328, 97871
2026/09/23 00:52:11.901, 2, 96328, 97871
2026/09/23 00:52:11.901, 3, 96319, 97871
2026/09/23 00:52:12.101, 0, 96320, 97871
2026/09/23 00:52:12.101, 1, 96328, 97871
2026/09/23 00:52:12.101, 2, 96328, 97871
2026/09/23 00:52:12.101, 3, 96319, 97871
2026/09/23 00:52:12.301, 0, 96320, 97871
2026/09/23 00:52:12.301, 1, 96328, 97871
2026/09/23 00:52:12.301, 2, 96328, 97871
2026/09/23 00:52:12.301, 3, 96319, 97871
2026/09/23 00:52:12.501, 0, 96320, 97871
2026/09/23 00:52:12.501, 1, 96328, 97871
2026/09/23 00:52:12.502, 2, 96328, 97871
2026/09/23 00:52:12.502, 3, 96319, 97871
2026/09/23 00:52:12.702, 0, 96320, 97871
2026/09/23 00:52:12.702, 1, 96328, 97871
2026/09/23 00:52:12.702, 2, 96328, 97871
2026/09/23 00:52:12.702, 3, 96319, 97871
2026/09/23 00:52:12.902, 0, 96320, 97871
2026/09/23 00:52:12.902, 1, 96328, 97871
2026/09/23 00:52:12.902, 2, 96328, 97871
2026/09/23 00:52:12.902, 3, 96319, 97871
2026/09/23 00:52:13.102, 0, 96320, 97871
2026/09/23 00:52:13.102, 1, 96328, 97871
2026/09/23 00:52:13.102, 2, 96328, 97871
2026/09/23 00:52:13.102, 3, 96319, 97871
2026/09/23 00:52:13.302, 0, 96320, 97871
2026/09/23 00:52:13.302, 1, 96328, 97871
2026/09/23 00:52:13.303, 2, 96328, 97871
2026/09/23 00:52:13.303, 3, 96319, 97871
2026/09/23 00:52:13.503, 0, 96320, 97871
2026/09/23 00:52:13.503, 1, 96328, 97871
2026/09/23 00:52:13.503, 2, 96328, 97871
2026/09/23 00:52:13.503, 3, 96319, 97871
2026/09/23 00:52:13.703, 0, 96320, 97871
2026/09/23 00:52:13.703, 1, 96328, 97871
2026/09/23 00:52:13.703, 2, 96328, 97871
2026/09/23 00:52:13.703, 3, 96319, 97871
2026/09/23 00:52:13.903, 0, 96320, 97871
2026/09/23 00:52:13.903, 1, 96328, 97871
2026/09/23 00:52:13.903, 2, 96328, 97871
2026/09/23 00:52:13.903, 3, 96319, 97871
2026/09/23 00:52:14.103, 0, 96320, 97871
2026/09/23 00:52:14.103, 1, 96328, 97871
2026/09/23 00:52:14.104, 2, 96328, 97871
2026/09/23 00:52:14.104, 3, 96319, 97871
2026/09/23 00:52:14.304, 0, 96320, 97871
2026/09/23 00:52:14.304, 1, 96328, 97871
2026/09/23 00:52:14.304, 2, 96328, 97871
2026/09/23 00:52:14.304, 3, 96319, 97871
2026/09/23 00:52:14.504, 0, 96320, 97871
2026/09/23 00:52:14.504, 1, 96328, 97871
2026/09/23 00:52:14.504, 2, 96328, 97871
2026/09/23 00:52:14.504, 3, 96319, 97871
2026/09/23 00:52:14.704, 0, 96320, 97871
2026/09/23 00:52:14.704, 1, 96328, 97871
2026/09/23 00:52:14.704, 2, 96328, 97871
2026/09/23 00:52:14.704, 3, 96319, 97871
2026/09/23 00:52:14.904, 0, 96320, 97871
2026/09/23 00:52:14.904, 1, 96328, 97871
2026/09/23 00:52:14.904, 2, 96328, 97871
2026/09/23 00:52:14.905, 3, 96319, 97871
2026/09/23 00:52:15.105, 0, 96320, 97871
2026/09/23 00:52:15.105, 1, 96328, 97871
2026/09/23 00:52:15.105, 2, 96328, 97871
2026/09/23 00:52:15.105, 3, 96319, 97871
2026/09/23 00:52:15.305, 0, 96320, 97871
2026/09/23 00:52:15.305, 1, 96328, 97871
2026/09/23 00:52:15.305, 2, 96328, 97871
2026/09/23 00:52:15.305, 3, 96319, 97871
2026/09/23 00:52:15.505, 0, 96320, 97871
2026/09/23 00:52:15.505, 1, 96328, 97871
2026/09/23 00:52:15.505, 2, 96328, 97871
2026/09/23 00:52:15.505, 3, 96319, 97871
2026/09/23 00:52:15.705, 0, 96320, 97871
2026/09/23 00:52:15.705, 1, 96328, 97871
2026/09/23 00:52:15.705, 2, 96328, 97871
2026/09/23 00:52:15.705, 3, 96319, 97871
2026/09/23 00:52:15.906, 0, 96320, 97871
2026/09/23 00:52:15.906, 1, 96328, 97871
2026/09/23 00:52:15.906, 2, 96328, 97871
2026/09/23 00:52:15.906, 3, 96319, 97871
2026/09/23 00:52:16.106, 0, 96320, 97871
2026/09/23 00:52:16.106, 1, 96328, 97871
2026/09/23 00:52:16.106, 2, 96328, 97871
2026/09/23 00:52:16.106, 3, 96319, 97871
2026/09/23 00:52:16.306, 0, 96320, 97871
2026/09/23 00:52:16.306, 1, 96328, 97871
2026/09/23 00:52:16.306, 2, 96328, 97871
2026/09/23 00:52:16.306, 3, 96319, 97871
2026/09/23 00:52:16.506, 0, 96320, 97871
2026/09/23 00:52:16.506, 1, 96328, 97871
2026/09/23 00:52:16.506, 2, 96328, 97871
2026/09/23 00:52:16.506, 3, 96319, 97871
2026/09/23 00:52:16.706, 0, 96320, 97871
2026/09/23 00:52:16.707, 1, 96328, 97871
2026/09/23 00:52:16.707, 2, 96328, 97871
2026/09/23 00:52:16.707, 3, 96319, 97871
2026/09/23 00:52:16.907, 0, 96320, 97871
2026/09/23 00:52:16.907, 1, 96328, 97871
2026/09/23 00:52:16.907, 2, 96328, 97871
2026/09/23 00:52:16.907, 3, 96319, 97871
2026/09/23 00:52:17.107, 0, 96320, 97871
2026/09/23 00:52:17.107, 1, 96328, 97871
2026/09/23 00:52:17.107, 2, 96328, 97871
2026/09/23 00:52:17.107, 3, 96319, 97871
2026/09/23 00:52:17.307, 0, 96320, 97871
2026/09/23 00:52:17.307, 1, 96328, 97871
2026/09/23 00:52:17.307, 2, 96328, 97871
2026/09/23 00:52:17.307, 3, 96319, 97871
2026/09/23 00:52:17.507, 0, 96320, 97871
2026/09/23 00:52:17.507, 1, 96328, 97871
2026/09/23 00:52:17.508, 2, 96328, 97871
2026/09/23 00:52:17.508, 3, 96319, 97871
2026/09/23 00:52:17.708, 0, 96320, 97871
2026/09/23 00:52:17.708, 1, 96328, 97871
2026/09/23 00:52:17.708, 2, 96328, 97871
2026/09/23 00:52:17.708, 3, 96319, 97871
2026/09/23 00:52:17.908, 0, 96320, 97871
2026/09/23 00:52:17.908, 1, 96328, 97871
2026/09/23 00:52:17.908, 2, 96328, 97871
2026/09/23 00:52:17.908, 3, 96319, 97871
2026/09/23 00:52:18.108, 0, 96320, 97871
2026/09/23 00:52:18.108, 1, 96328, 97871
2026/09/23 00:52:18.108, 2, 96328, 97871
2026/09/23 00:52:18.108, 3, 96319, 97871
2026/09/23 00:52:18.308, 0, 96320, 97871
2026/09/23 00:52:18.308, 1, 96328, 97871
2026/09/23 00:52:18.309, 2, 96328, 97871
2026/09/23 00:52:18.309, 3, 96319, 97871
2026/09/23 00:52:18.509, 0, 96320, 97871
2026/09/23 00:52:18.509, 1, 96328, 97871
2026/09/23 00:52:18.509, 2, 96328, 97871
2026/09/23 00:52:18.509, 3, 96319, 97871
2026/09/23 00:52:18.709, 0, 96320, 97871
2026/09/23 00:52:18.709, 1, 96328, 97871
2026/09/23 00:52:18.709, 2, 96328, 97871
2026/09/23 00:52:18.709, 3, 96319, 97871
2026/09/23 00:52:18.909, 0, 96320, 97871
2026/09/23 00:52:18.909, 1, 96328, 97871
2026/09/23 00:52:18.909, 2, 96328, 97871
2026/09/23 00:52:18.909, 3, 96319, 97871
2026/09/23 00:52:19.110, 0, 96320, 97871
2026/09/23 00:52:19.110, 1, 96328, 97871
2026/09/23 00:52:19.110, 2, 96328, 97871
2026/09/23 00:52:19.110, 3, 96319, 97871
2026/09/23 00:52:19.310, 0, 96320, 97871
2026/09/23 00:52:19.310, 1, 96328, 97871
2026/09/23 00:52:19.310, 2, 96328, 97871
2026/09/23 00:52:19.310, 3, 96319, 97871
2026/09/23 00:52:19.510, 0, 96320, 97871
2026/09/23 00:52:19.510, 1, 96328, 97871
2026/09/23 00:52:19.510, 2, 96328, 97871
2026/09/23 00:52:19.510, 3, 96319, 97871
2026/09/23 00:52:19.710, 0, 96320, 97871
2026/09/23 00:52:19.711, 1, 96328, 97871
2026/09/23 00:52:19.711, 2, 96328, 97871
2026/09/23 00:52:19.711, 3, 96319, 97871
2026/09/23 00:52:19.911, 0, 96320, 97871
2026/09/23 00:52:19.911, 1, 96328, 97871
2026/09/23 00:52:19.911, 2, 96328, 97871
2026/09/23 00:52:19.911, 3, 96319, 97871
2026/09/23 00:52:20.111, 0, 96320, 97871
2026/09/23 00:52:20.111, 1, 96328, 97871
2026/09/23 00:52:20.111, 2, 96328, 97871
2026/09/23 00:52:20.111, 3, 96319, 97871
2026/09/23 00:52:20.311, 0, 96320, 97871
2026/09/23 00:52:20.311, 1, 96328, 97871
2026/09/23 00:52:20.311, 2, 96328, 97871
2026/09/23 00:52:20.311, 3, 96319, 97871
2026/09/23 00:52:20.511, 0, 96320, 97871
2026/09/23 00:52:20.511, 1, 96328, 97871
2026/09/23 00:52:20.512, 2, 96328, 97871
2026/09/23 00:52:20.512, 3, 96319, 97871
2026/09/23 00:52:20.712, 0, 96320, 97871
2026/09/23 00:52:20.712, 1, 96328, 97871
2026/09/23 00:52:20.712, 2, 96328, 97871
2026/09/23 00:52:20.712, 3, 96319, 97871
2026/09/23 00:52:20.912, 0, 96320, 97871
2026/09/23 00:52:20.912, 1, 96328, 97871
2026/09/23 00:52:20.912, 2, 96328, 97871
2026/09/23 00:52:20.912, 3, 96319, 97871
2026/09/23 00:52:21.112, 0, 96320, 97871
2026/09/23 00:52:21.112, 1, 96328, 97871
2026/09/23 00:52:21.112, 2, 96328, 97871
2026/09/23 00:52:21.112, 3, 96319, 97871
2026/09/23 00:52:21.312, 0, 96320, 97871
2026/09/23 00:52:21.312, 1, 96328, 97871
2026/09/23 00:52:21.312, 2, 96328, 97871
2026/09/23 00:52:21.312, 3, 96319, 97871
2026/09/23 00:52:21.513, 0, 96320, 97871
2026/09/23 00:52:21.513, 1, 96328, 97871
2026/09/23 00:52:21.513, 2, 96328, 97871
2026/09/23 00:52:21.513, 3, 96319, 97871
2026/09/23 00:52:21.713, 0, 96320, 97871
2026/09/23 00:52:21.713, 1, 96328, 97871
2026/09/23 00:52:21.713, 2, 96328, 97871
2026/09/23 00:52:21.713, 3, 96319, 97871
2026/09/23 00:52:21.913, 0, 96320, 97871
2026/09/23 00:52:21.913, 1, 96328, 97871
2026/09/23 00:52:21.913, 2, 96328, 97871
2026/09/23 00:52:21.913, 3, 96319, 97871
2026/09/23 00:52:22.113, 0, 96320, 97871
2026/09/23 00:52:22.113, 1, 96328, 97871
2026/09/23 00:52:22.113, 2, 96328, 97871
2026/09/23 00:52:22.113, 3, 96319, 97871
2026/09/23 00:52:22.313, 0, 96320, 97871
2026/09/23 00:52:22.313, 1, 96328, 97871
2026/09/23 00:52:22.314, 2, 96328, 97871
2026/09/23 00:52:22.314, 3, 96319, 97871
2026/09/23 00:52:22.514, 0, 96320, 97871
2026/09/23 00:52:22.514, 1, 96328, 97871
2026/09/23 00:52:22.514, 2, 96328, 97871
2026/09/23 00:52:22.514, 3, 96319, 97871
2026/09/23 00:52:22.714, 0, 96320, 97871
2026/09/23 00:52:22.714, 1, 96328, 97871
2026/09/23 00:52:22.714, 2, 96328, 97871
2026/09/23 00:52:22.714, 3, 96319, 97871
2026/09/23 00:52:22.914, 0, 96320, 97871
2026/09/23 00:52:22.914, 1, 96328, 97871
2026/09/23 00:52:22.914, 2, 96328, 97871
2026/09/23 00:52:22.914, 3, 96319, 97871
2026/09/23 00:52:23.114, 0, 96320, 97871
2026/09/23 00:52:23.114, 1, 96328, 97871
2026/09/23 00:52:23.114, 2, 96328, 97871
2026/09/23 00:52:23.114, 3, 96319, 97871
2026/09/23 00:52:23.315, 0, 96320, 97871
2026/09/23 00:52:23.315, 1, 96328, 97871
2026/09/23 00:52:23.315, 2, 96328, 97871
2026/09/23 00:52:23.315, 3, 96319, 97871
2026/09/23 00:52:23.515, 0, 96320, 97871
2026/09/23 00:52:23.515, 1, 96328, 97871
2026/09/23 00:52:23.515, 2, 96328, 97871
2026/09/23 00:52:23.515, 3, 96319, 97871
2026/09/23 00:52:23.715, 0, 96320, 97871
2026/09/23 00:52:23.715, 1, 96328, 97871
2026/09/23 00:52:23.715, 2, 96328, 97871
2026/09/23 00:52:23.715, 3, 96319, 97871
2026/09/23 00:52:23.915, 0, 96320, 97871
2026/09/23 00:52:23.915, 1, 96328, 97871
2026/09/23 00:52:23.915, 2, 96328, 97871
2026/09/23 00:52:23.915, 3, 96319, 97871
2026/09/23 00:52:24.116, 0, 96320, 97871
2026/09/23 00:52:24.116, 1, 96328, 97871
2026/09/23 00:52:24.116, 2, 96328, 97871
2026/09/23 00:52:24.116, 3, 96319, 97871
2026/09/23 00:52:24.316, 0, 96320, 97871
2026/09/23 00:52:24.316, 1, 96328, 97871
2026/09/23 00:52:24.316, 2, 96328, 97871
2026/09/23 00:52:24.316, 3, 96319, 97871
2026/09/23 00:52:24.516, 0, 96320, 97871
2026/09/23 00:52:24.516, 1, 96328, 97871
2026/09/23 00:52:24.516, 2, 96328, 97871
2026/09/23 00:52:24.516, 3, 96319, 97871
2026/09/23 00:52:24.716, 0, 96320, 97871
2026/09/23 00:52:24.716, 1, 96328, 97871
2026/09/23 00:52:24.716, 2, 96328, 97871
2026/09/23 00:52:24.716, 3, 96319, 97871
2026/09/23 00:52:24.916, 0, 96320, 97871
2026/09/23 00:52:24.916, 1, 96328, 97871
2026/09/23 00:52:24.917, 2, 96328, 97871
2026/09/23 00:52:24.917, 3, 96319, 97871
2026/09/23 00:52:25.117, 0, 96320, 97871
2026/09/23 00:52:25.117, 1, 96328, 97871
2026/09/23 00:52:25.117, 2, 96328, 97871
2026/09/23 00:52:25.117, 3, 96319, 97871
2026/09/23 00:52:25.317, 0, 96320, 97871
2026/09/23 00:52:25.317, 1, 96328, 97871
2026/09/23 00:52:25.317, 2, 96328, 97871
2026/09/23 00:52:25.317, 3, 96319, 97871
2026/09/23 00:52:25.517, 0, 96320, 97871
2026/09/23 00:52:25.517, 1, 96328, 97871
2026/09/23 00:52:25.517, 2, 96328, 97871
2026/09/23 00:52:25.517, 3, 96319, 97871
2026/09/23 00:52:25.717, 0, 96320, 97871
2026/09/23 00:52:25.717, 1, 96328, 97871
2026/09/23 00:52:25.717, 2, 96328, 97871
2026/09/23 00:52:25.717, 3, 96319, 97871
2026/09/23 00:52:25.917, 0, 96320, 97871
2026/09/23 00:52:25.918, 1, 96328, 97871
2026/09/23 00:52:25.918, 2, 96328, 97871
2026/09/23 00:52:25.918, 3, 96319, 97871
2026/09/23 00:52:26.118, 0, 96320, 97871
2026/09/23 00:52:26.118, 1, 96328, 97871
2026/09/23 00:52:26.118, 2, 96328, 97871
2026/09/23 00:52:26.118, 3, 96319, 97871
2026/09/23 00:52:26.318, 0, 96320, 97871
2026/09/23 00:52:26.318, 1, 96328, 97871
2026/09/23 00:52:26.318, 2, 96328, 97871
2026/09/23 00:52:26.318, 3, 96319, 97871
2026/09/23 00:52:26.518, 0, 96320, 97871
2026/09/23 00:52:26.518, 1, 96328, 97871
2026/09/23 00:52:26.518, 2, 96328, 97871
2026/09/23 00:52:26.518, 3, 96319, 97871
2026/09/23 00:52:26.718, 0, 96320, 97871
2026/09/23 00:52:26.718, 1, 96328, 97871
2026/09/23 00:52:26.718, 2, 96328, 97871
2026/09/23 00:52:26.719, 3, 96319, 97871
2026/09/23 00:52:26.919, 0, 96320, 97871
2026/09/23 00:52:26.919, 1, 96328, 97871
2026/09/23 00:52:26.919, 2, 96328, 97871
2026/09/23 00:52:26.919, 3, 96319, 97871
2026/09/23 00:52:27.119, 0, 96320, 97871
2026/09/23 00:52:27.119, 1, 96328, 97871
2026/09/23 00:52:27.119, 2, 96328, 97871
2026/09/23 00:52:27.119, 3, 96319, 97871
2026/09/23 00:52:27.319, 0, 96320, 97871
2026/09/23 00:52:27.319, 1, 96328, 97871
2026/09/23 00:52:27.319, 2, 96328, 97871
2026/09/23 00:52:27.319, 3, 96319, 97871
2026/09/23 00:52:27.519, 0, 96320, 97871
2026/09/23 00:52:27.519, 1, 96328, 97871
2026/09/23 00:52:27.519, 2, 96328, 97871
2026/09/23 00:52:27.519, 3, 96319, 97871
2026/09/23 00:52:27.720, 0, 96320, 97871
2026/09/23 00:52:27.720, 1, 96328, 97871
2026/09/23 00:52:27.720, 2, 96328, 97871
2026/09/23 00:52:27.720, 3, 96319, 97871
2026/09/23 00:52:27.920, 0, 96320, 97871
2026/09/23 00:52:27.920, 1, 96328, 97871
2026/09/23 00:52:27.920, 2, 96328, 97871
2026/09/23 00:52:27.920, 3, 96319, 97871
2026/09/23 00:52:28.120, 0, 96320, 97871
2026/09/23 00:52:28.120, 1, 96328, 97871
2026/09/23 00:52:28.120, 2, 96328, 97871
2026/09/23 00:52:28.120, 3, 96319, 97871
2026/09/23 00:52:28.320, 0, 96320, 97871
2026/09/23 00:52:28.320, 1, 96328, 97871
2026/09/23 00:52:28.320, 2, 96328, 97871
2026/09/23 00:52:28.320, 3, 96319, 97871
2026/09/23 00:52:28.520, 0, 96320, 97871
2026/09/23 00:52:28.520, 1, 96328, 97871
2026/09/23 00:52:28.521, 2, 96328, 97871
2026/09/23 00:52:28.521, 3, 96319, 97871
2026/09/23 00:52:28.721, 0, 96320, 97871
2026/09/23 00:52:28.721, 1, 96328, 97871
2026/09/23 00:52:28.721, 2, 96328, 97871
2026/09/23 00:52:28.721, 3, 96319, 97871
2026/09/23 00:52:28.921, 0, 96320, 97871
2026/09/23 00:52:28.921, 1, 96328, 97871
2026/09/23 00:52:28.921, 2, 96328, 97871
2026/09/23 00:52:28.921, 3, 96319, 97871
2026/09/23 00:52:29.121, 0, 96320, 97871
2026/09/23 00:52:29.121, 1, 96328, 97871
2026/09/23 00:52:29.121, 2, 96328, 97871
2026/09/23 00:52:29.121, 3, 96319, 97871
2026/09/23 00:52:29.321, 0, 96320, 97871
2026/09/23 00:52:29.321, 1, 96328, 97871
2026/09/23 00:52:29.321, 2, 96328, 97871
2026/09/23 00:52:29.321, 3, 96319, 97871
2026/09/23 00:52:29.521, 0, 96320, 97871
2026/09/23 00:52:29.522, 1, 96328, 97871
2026/09/23 00:52:29.522, 2, 96328, 97871
2026/09/23 00:52:29.522, 3, 96319, 97871
2026/09/23 00:52:29.722, 0, 96320, 97871
2026/09/23 00:52:29.722, 1, 96328, 97871
2026/09/23 00:52:29.722, 2, 96328, 97871
2026/09/23 00:52:29.722, 3, 96319, 97871
2026/09/23 00:52:29.922, 0, 96320, 97871
2026/09/23 00:52:29.922, 1, 96328, 97871
2026/09/23 00:52:29.922, 2, 96328, 97871
2026/09/23 00:52:29.922, 3, 96319, 97871
2026/09/23 00:52:30.122, 0, 96320, 97871
2026/09/23 00:52:30.122, 1, 96328, 97871
2026/09/23 00:52:30.122, 2, 96328, 97871
2026/09/23 00:52:30.122, 3, 96319, 97871
2026/09/23 00:52:30.322, 0, 96320, 97871
2026/09/23 00:52:30.322, 1, 96328, 97871
2026/09/23 00:52:30.322, 2, 96328, 97871
2026/09/23 00:52:30.323, 3, 96319, 97871
2026/09/23 00:52:30.523, 0, 96320, 97871
2026/09/23 00:52:30.523, 1, 96328, 97871
2026/09/23 00:52:30.523, 2, 96328, 97871
2026/09/23 00:52:30.523, 3, 96319, 97871
2026/09/23 00:52:30.723, 0, 96320, 97871
2026/09/23 00:52:30.723, 1, 96328, 97871
2026/09/23 00:52:30.723, 2, 96328, 97871
2026/09/23 00:52:30.723, 3, 96319, 97871
2026/09/23 00:52:30.923, 0, 96320, 97871
2026/09/23 00:52:30.923, 1, 96328, 97871
2026/09/23 00:52:30.923, 2, 96328, 97871
2026/09/23 00:52:30.923, 3, 96319, 97871
2026/09/23 00:52:31.123, 0, 96320, 97871
2026/09/23 00:52:31.123, 1, 96328, 97871
2026/09/23 00:52:31.123, 2, 96328, 97871
2026/09/23 00:52:31.123, 3, 96319, 97871
2026/09/23 00:52:31.324, 0, 96320, 97871
2026/09/23 00:52:31.324, 1, 96328, 97871
2026/09/23 00:52:31.324, 2, 96328, 97871
2026/09/23 00:52:31.324, 3, 96319, 97871
2026/09/23 00:52:31.524, 0, 96320, 97871
2026/09/23 00:52:31.524, 1, 96328, 97871
2026/09/23 00:52:31.524, 2, 96328, 97871
2026/09/23 00:52:31.524, 3, 96319, 97871
2026/09/23 00:52:31.724, 0, 96320, 97871
2026/09/23 00:52:31.724, 1, 96328, 97871
2026/09/23 00:52:31.724, 2, 96328, 97871
2026/09/23 00:52:31.724, 3, 96319, 97871
2026/09/23 00:52:31.924, 0, 96320, 97871
2026/09/23 00:52:31.924, 1, 96328, 97871
2026/09/23 00:52:31.924, 2, 96328, 97871
2026/09/23 00:52:31.924, 3, 96319, 97871
2026/09/23 00:52:32.124, 0, 96320, 97871
2026/09/23 00:52:32.125, 1, 96328, 97871
2026/09/23 00:52:32.125, 2, 96328, 97871
2026/09/23 00:52:32.125, 3, 96319, 97871
2026/09/23 00:52:32.325, 0, 96320, 97871
2026/09/23 00:52:32.325, 1, 96328, 97871
2026/09/23 00:52:32.325, 2, 96328, 97871
2026/09/23 00:52:32.325, 3, 96319, 97871
2026/09/23 00:52:32.525, 0, 96320, 97871
2026/09/23 00:52:32.525, 1, 96328, 97871
2026/09/23 00:52:32.525, 2, 96328, 97871
2026/09/23 00:52:32.525, 3, 96319, 97871
2026/09/23 00:52:32.725, 0, 96320, 97871
2026/09/23 00:52:32.725, 1, 96328, 97871
2026/09/23 00:52:32.725, 2, 96328, 97871
2026/09/23 00:52:32.725, 3, 96319, 97871
2026/09/23 00:52:32.925, 0, 96320, 97871
2026/09/23 00:52:32.925, 1, 96328, 97871
2026/09/23 00:52:32.925, 2, 96328, 97871
2026/09/23 00:52:32.925, 3, 96319, 97871
2026/09/23 00:52:33.126, 0, 96320, 97871
2026/09/23 00:52:33.126, 1, 96328, 97871
2026/09/23 00:52:33.126, 2, 96328, 97871
2026/09/23 00:52:33.126, 3, 96319, 97871
2026/09/23 00:52:33.326, 0, 96320, 97871
2026/09/23 00:52:33.326, 1, 96328, 97871
2026/09/23 00:52:33.326, 2, 96328, 97871
2026/09/23 00:52:33.326, 3, 96319, 97871
2026/09/23 00:52:33.526, 0, 96320, 97871
2026/09/23 00:52:33.526, 1, 96328, 97871
2026/09/23 00:52:33.526, 2, 96328, 97871
2026/09/23 00:52:33.526, 3, 96319, 97871
2026/09/23 00:52:33.726, 0, 96320, 97871
2026/09/23 00:52:33.726, 1, 96328, 97871
2026/09/23 00:52:33.726, 2, 96328, 97871
2026/09/23 00:52:33.726, 3, 96319, 97871
2026/09/23 00:52:33.926, 0, 96320, 97871
2026/09/23 00:52:33.926, 1, 96328, 97871
2026/09/23 00:52:33.927, 2, 96328, 97871
2026/09/23 00:52:33.927, 3, 96319, 97871
2026/09/23 00:52:34.127, 0, 96320, 97871
2026/09/23 00:52:34.127, 1, 96328, 97871
2026/09/23 00:52:34.127, 2, 96328, 97871
2026/09/23 00:52:34.127, 3, 96319, 97871
2026/09/23 00:52:34.327, 0, 96320, 97871
2026/09/23 00:52:34.327, 1, 96328, 97871
2026/09/23 00:52:34.327, 2, 96328, 97871
2026/09/23 00:52:34.327, 3, 96319, 97871
2026/09/23 00:52:34.527, 0, 96320, 97871
2026/09/23 00:52:34.527, 1, 96328, 97871
2026/09/23 00:52:34.527, 2, 96328, 97871
2026/09/23 00:52:34.527, 3, 96319, 97871
2026/09/23 00:52:34.727, 0, 96320, 97871
2026/09/23 00:52:34.727, 1, 96328, 97871
2026/09/23 00:52:34.727, 2, 96328, 97871
2026/09/23 00:52:34.727, 3, 96319, 97871
2026/09/23 00:52:34.928, 0, 96320, 97871
2026/09/23 00:52:34.928, 1, 96328, 97871
2026/09/23 00:52:34.928, 2, 96328, 97871
2026/09/23 00:52:34.928, 3, 96319, 97871
2026/09/23 00:52:35.128, 0, 96320, 97871
2026/09/23 00:52:35.128, 1, 96328, 97871
2026/09/23 00:52:35.128, 2, 96328, 97871
2026/09/23 00:52:35.128, 3, 96319, 97871
2026/09/23 00:52:35.328, 0, 96320, 97871
2026/09/23 00:52:35.328, 1, 96328, 97871
2026/09/23 00:52:35.328, 2, 96328, 97871
2026/09/23 00:52:35.328, 3, 96319, 97871
2026/09/23 00:52:35.528, 0, 96320, 97871
2026/09/23 00:52:35.528, 1, 96328, 97871
2026/09/23 00:52:35.528, 2, 96328, 97871
2026/09/23 00:52:35.528, 3, 96319, 97871
2026/09/23 00:52:35.728, 0, 96320, 97871
2026/09/23 00:52:35.728, 1, 96328, 97871
2026/09/23 00:52:35.728, 2, 96328, 97871
2026/09/23 00:52:35.729, 3, 96319, 97871
2026/09/23 00:52:35.929, 0, 96320, 97871
2026/09/23 00:52:35.929, 1, 96328, 97871
2026/09/23 00:52:35.929, 2, 96328, 97871
2026/09/23 00:52:35.929, 3, 96319, 97871
2026/09/23 00:52:36.129, 0, 96320, 97871
2026/09/23 00:52:36.129, 1, 96328, 97871
2026/09/23 00:52:36.129, 2, 96328, 97871
2026/09/23 00:52:36.129, 3, 96319, 97871
2026/09/23 00:52:36.329, 0, 96320, 97871
2026/09/23 00:52:36.329, 1, 96328, 97871
2026/09/23 00:52:36.329, 2, 96328, 97871
2026/09/23 00:52:36.329, 3, 96319, 97871
2026/09/23 00:52:36.529, 0, 96320, 97871
2026/09/23 00:52:36.529, 1, 96328, 97871
2026/09/23 00:52:36.529, 2, 96328, 97871
2026/09/23 00:52:36.529, 3, 96319, 97871
2026/09/23 00:52:36.729, 0, 96320, 97871
2026/09/23 00:52:36.730, 1, 96328, 97871
2026/09/23 00:52:36.730, 2, 96328, 97871
2026/09/23 00:52:36.730, 3, 96319, 97871
2026/09/23 00:52:36.930, 0, 96320, 97871
2026/09/23 00:52:36.930, 1, 96328, 97871
2026/09/23 00:52:36.930, 2, 96328, 97871
2026/09/23 00:52:36.930, 3, 96319, 97871
2026/09/23 00:52:37.130, 0, 96320, 97871
2026/09/23 00:52:37.130, 1, 96328, 97871
2026/09/23 00:52:37.130, 2, 96328, 97871
2026/09/23 00:52:37.130, 3, 96319, 97871
2026/09/23 00:52:37.330, 0, 96320, 97871
2026/09/23 00:52:37.330, 1, 96328, 97871
2026/09/23 00:52:37.330, 2, 96328, 97871
2026/09/23 00:52:37.330, 3, 96319, 97871
2026/09/23 00:52:37.530, 0, 96320, 97871
2026/09/23 00:52:37.530, 1, 96328, 97871
2026/09/23 00:52:37.530, 2, 96328, 97871
2026/09/23 00:52:37.530, 3, 96319, 97871
2026/09/23 00:52:37.731, 0, 96320, 97871
2026/09/23 00:52:37.731, 1, 96328, 97871
2026/09/23 00:52:37.731, 2, 96328, 97871
2026/09/23 00:52:37.731, 3, 96319, 97871
2026/09/23 00:52:37.931, 0, 96320, 97871
2026/09/23 00:52:37.931, 1, 96328, 97871
2026/09/23 00:52:37.931, 2, 96328, 97871
2026/09/23 00:52:37.931, 3, 96319, 97871
2026/09/23 00:52:38.131, 0, 96320, 97871
2026/09/23 00:52:38.131, 1, 96328, 97871
2026/09/23 00:52:38.131, 2, 96328, 97871
2026/09/23 00:52:38.131, 3, 96319, 97871
2026/09/23 00:52:38.331, 0, 96320, 97871
2026/09/23 00:52:38.331, 1, 96328, 97871
2026/09/23 00:52:38.331, 2, 96328, 97871
2026/09/23 00:52:38.331, 3, 96319, 97871
2026/09/23 00:52:38.531, 0, 96320, 97871
2026/09/23 00:52:38.531, 1, 96328, 97871
2026/09/23 00:52:38.532, 2, 96328, 97871
2026/09/23 00:52:38.532, 3, 96319, 97871
2026/09/23 00:52:38.732, 0, 96320, 97871
2026/09/23 00:52:38.732, 1, 96328, 97871
2026/09/23 00:52:38.732, 2, 96328, 97871
2026/09/23 00:52:38.732, 3, 96319, 97871
2026/09/23 00:52:38.932, 0, 96320, 97871
2026/09/23 00:52:38.932, 1, 96328, 97871
2026/09/23 00:52:38.932, 2, 96328, 97871
2026/09/23 00:52:38.932, 3, 96319, 97871
2026/09/23 00:52:39.132, 0, 96320, 97871
2026/09/23 00:52:39.132, 1, 96328, 97871
2026/09/23 00:52:39.132, 2, 96328, 97871
2026/09/23 00:52:39.132, 3, 96319, 97871
2026/09/23 00:52:39.332, 0, 96320, 97871
2026/09/23 00:52:39.332, 1, 96328, 97871
2026/09/23 00:52:39.332, 2, 96328, 97871
2026/09/23 00:52:39.332, 3, 96319, 97871
2026/09/23 00:52:39.532, 0, 96320, 97871
2026/09/23 00:52:39.533, 1, 96328, 97871
2026/09/23 00:52:39.533, 2, 96328, 97871
2026/09/23 00:52:39.533, 3, 96319, 97871
2026/09/23 00:52:39.733, 0, 96320, 97871
2026/09/23 00:52:39.733, 1, 96328, 97871
2026/09/23 00:52:39.733, 2, 96328, 97871
2026/09/23 00:52:39.733, 3, 96319, 97871
2026/09/23 00:52:39.933, 0, 96320, 97871
2026/09/23 00:52:39.933, 1, 96328, 97871
2026/09/23 00:52:39.933, 2, 96328, 97871
2026/09/23 00:52:39.933, 3, 96319, 97871
2026/09/23 00:52:40.133, 0, 96320, 97871
2026/09/23 00:52:40.133, 1, 96328, 97871
2026/09/23 00:52:40.133, 2, 96328, 97871
2026/09/23 00:52:40.133, 3, 96319, 97871
2026/09/23 00:52:40.333, 0, 96320, 97871
2026/09/23 00:52:40.333, 1, 96328, 97871
2026/09/23 00:52:40.333, 2, 96328, 97871
2026/09/23 00:52:40.333, 3, 96319, 97871
2026/09/23 00:52:40.534, 0, 96320, 97871
2026/09/23 00:52:40.534, 1, 96328, 97871
2026/09/23 00:52:40.534, 2, 96328, 97871
2026/09/23 00:52:40.534, 3, 96319, 97871
2026/09/23 00:52:40.734, 0, 96320, 97871
2026/09/23 00:52:40.734, 1, 96328, 97871
2026/09/23 00:52:40.734, 2, 96328, 97871
2026/09/23 00:52:40.734, 3, 96319, 97871
2026/09/23 00:52:40.934, 0, 96320, 97871
2026/09/23 00:52:40.934, 1, 96328, 97871
2026/09/23 00:52:40.934, 2, 96328, 97871
2026/09/23 00:52:40.934, 3, 96319, 97871
2026/09/23 00:52:41.134, 0, 96320, 97871
2026/09/23 00:52:41.134, 1, 96328, 97871
2026/09/23 00:52:41.134, 2, 96328, 97871
2026/09/23 00:52:41.134, 3, 96319, 97871
2026/09/23 00:52:41.334, 0, 96320, 97871
2026/09/23 00:52:41.335, 1, 96328, 97871
2026/09/23 00:52:41.335, 2, 96328, 97871
2026/09/23 00:52:41.335, 3, 96319, 97871
2026/09/23 00:52:41.535, 0, 96320, 97871
2026/09/23 00:52:41.535, 1, 96328, 97871
2026/09/23 00:52:41.535, 2, 96328, 97871
2026/09/23 00:52:41.535, 3, 96319, 97871
2026/09/23 00:52:41.735, 0, 96320, 97871
2026/09/23 00:52:41.735, 1, 96328, 97871
2026/09/23 00:52:41.735, 2, 96328, 97871
2026/09/23 00:52:41.735, 3, 96319, 97871
2026/09/23 00:52:41.935, 0, 96320, 97871
2026/09/23 00:52:41.935, 1, 96328, 97871
2026/09/23 00:52:41.935, 2, 96328, 97871
2026/09/23 00:52:41.935, 3, 96319, 97871
2026/09/23 00:52:42.135, 0, 96320, 97871
2026/09/23 00:52:42.135, 1, 96328, 97871
2026/09/23 00:52:42.135, 2, 96328, 97871
2026/09/23 00:52:42.135, 3, 96319, 97871
2026/09/23 00:52:42.336, 0, 96320, 97871
2026/09/23 00:52:42.336, 1, 96328, 97871
2026/09/23 00:52:42.336, 2, 96328, 97871
2026/09/23 00:52:42.336, 3, 96319, 97871
2026/09/23 00:52:42.536, 0, 96320, 97871
2026/09/23 00:52:42.536, 1, 96328, 97871
2026/09/23 00:52:42.536, 2, 96328, 97871
2026/09/23 00:52:42.536, 3, 96319, 97871
2026/09/23 00:52:42.736, 0, 96320, 97871
2026/09/23 00:52:42.736, 1, 96328, 97871
2026/09/23 00:52:42.736, 2, 96328, 97871
2026/09/23 00:52:42.736, 3, 96319, 97871
2026/09/23 00:52:42.936, 0, 96320, 97871
2026/09/23 00:52:42.936, 1, 96328, 97871
2026/09/23 00:52:42.936, 2, 96328, 97871
2026/09/23 00:52:42.936, 3, 96319, 97871
2026/09/23 00:52:43.136, 0, 96320, 97871
2026/09/23 00:52:43.136, 1, 96328, 97871
2026/09/23 00:52:43.136, 2, 96328, 97871
2026/09/23 00:52:43.136, 3, 96319, 97871
2026/09/23 00:52:43.337, 0, 96320, 97871
2026/09/23 00:52:43.337, 1, 96328, 97871
2026/09/23 00:52:43.337, 2, 96328, 97871
2026/09/23 00:52:43.337, 3, 96319, 97871
2026/09/23 00:52:43.537, 0, 96320, 97871
2026/09/23 00:52:43.537, 1, 96328, 97871
2026/09/23 00:52:43.537, 2, 96328, 97871
2026/09/23 00:52:43.537, 3, 96319, 97871
2026/09/23 00:52:43.737, 0, 96320, 97871
2026/09/23 00:52:43.737, 1, 96328, 97871
2026/09/23 00:52:43.737, 2, 96328, 97871
2026/09/23 00:52:43.737, 3, 96319, 97871
2026/09/23 00:52:43.937, 0, 96320, 97871
2026/09/23 00:52:43.937, 1, 96328, 97871
2026/09/23 00:52:43.937, 2, 96328, 97871
2026/09/23 00:52:43.937, 3, 96319, 97871
2026/09/23 00:52:44.137, 0, 96320, 97871
2026/09/23 00:52:44.138, 1, 96328, 97871
2026/09/23 00:52:44.138, 2, 96328, 97871
2026/09/23 00:52:44.138, 3, 96319, 97871
2026/09/23 00:52:44.338, 0, 96320, 97871
2026/09/23 00:52:44.338, 1, 96328, 97871
2026/09/23 00:52:44.338, 2, 96328, 97871
2026/09/23 00:52:44.338, 3, 96319, 97871
2026/09/23 00:52:44.538, 0, 96320, 97871
2026/09/23 00:52:44.538, 1, 96328, 97871
2026/09/23 00:52:44.538, 2, 96328, 97871
2026/09/23 00:52:44.538, 3, 96319, 97871
2026/09/23 00:52:44.738, 0, 96320, 97871
2026/09/23 00:52:44.738, 1, 96328, 97871
2026/09/23 00:52:44.738, 2, 96328, 97871
2026/09/23 00:52:44.738, 3, 96319, 97871
2026/09/23 00:52:44.938, 0, 96320, 97871
2026/09/23 00:52:44.938, 1, 96328, 97871
2026/09/23 00:52:44.938, 2, 96328, 97871
2026/09/23 00:52:44.938, 3, 96319, 97871
2026/09/23 00:52:45.139, 0, 96320, 97871
2026/09/23 00:52:45.139, 1, 96328, 97871
2026/09/23 00:52:45.139, 2, 96328, 97871
2026/09/23 00:52:45.139, 3, 96319, 97871
2026/09/23 00:52:45.339, 0, 96320, 97871
2026/09/23 00:52:45.339, 1, 96328, 97871
2026/09/23 00:52:45.339, 2, 96328, 97871
2026/09/23 00:52:45.339, 3, 96319, 97871
2026/09/23 00:52:45.539, 0, 96320, 97871
2026/09/23 00:52:45.539, 1, 96328, 97871
2026/09/23 00:52:45.539, 2, 96328, 97871
2026/09/23 00:52:45.539, 3, 96319, 97871
2026/09/23 00:52:45.739, 0, 96320, 97871
2026/09/23 00:52:45.739, 1, 96328, 97871
2026/09/23 00:52:45.739, 2, 96328, 97871
2026/09/23 00:52:45.739, 3, 96319, 97871
2026/09/23 00:52:45.940, 0, 96320, 97871
2026/09/23 00:52:45.940, 1, 96328, 97871
2026/09/23 00:52:45.940, 2, 96328, 97871
2026/09/23 00:52:45.940, 3, 96319, 97871
2026/09/23 00:52:46.140, 0, 96320, 97871
2026/09/23 00:52:46.140, 1, 96328, 97871
2026/09/23 00:52:46.140, 2, 96328, 97871
2026/09/23 00:52:46.140, 3, 96319, 97871
2026/09/23 00:52:46.340, 0, 96320, 97871
2026/09/23 00:52:46.340, 1, 96328, 97871
2026/09/23 00:52:46.340, 2, 96328, 97871
2026/09/23 00:52:46.340, 3, 96319, 97871
2026/09/23 00:52:46.540, 0, 96320, 97871
2026/09/23 00:52:46.540, 1, 96328, 97871
2026/09/23 00:52:46.540, 2, 96328, 97871
2026/09/23 00:52:46.540, 3, 96319, 97871
2026/09/23 00:52:46.740, 0, 96320, 97871
2026/09/23 00:52:46.740, 1, 96328, 97871
2026/09/23 00:52:46.741, 2, 96328, 97871
2026/09/23 00:52:46.741, 3, 96319, 97871
2026/09/23 00:52:46.941, 0, 96320, 97871
2026/09/23 00:52:46.941, 1, 96328, 97871
2026/09/23 00:52:46.941, 2, 96328, 97871
2026/09/23 00:52:46.941, 3, 96319, 97871
2026/09/23 00:52:47.141, 0, 96320, 97871
2026/09/23 00:52:47.141, 1, 96328, 97871
2026/09/23 00:52:47.141, 2, 96328, 97871
2026/09/23 00:52:47.141, 3, 96319, 97871
2026/09/23 00:52:47.341, 0, 96320, 97871
2026/09/23 00:52:47.341, 1, 96328, 97871
2026/09/23 00:52:47.341, 2, 96328, 97871
2026/09/23 00:52:47.341, 3, 96319, 97871
2026/09/23 00:52:47.541, 0, 96320, 97871
2026/09/23 00:52:47.541, 1, 96328, 97871
2026/09/23 00:52:47.541, 2, 96328, 97871
2026/09/23 00:52:47.541, 3, 96319, 97871
2026/09/23 00:52:47.741, 0, 96320, 97871
2026/09/23 00:52:47.742, 1, 96328, 97871
2026/09/23 00:52:47.742, 2, 96328, 97871
2026/09/23 00:52:47.742, 3, 96319, 97871
2026/09/23 00:52:47.942, 0, 96320, 97871
2026/09/23 00:52:47.942, 1, 96328, 97871
2026/09/23 00:52:47.942, 2, 96328, 97871
2026/09/23 00:52:47.957, 3, 96319, 97871
2026/09/23 00:52:48.158, 0, 96320, 97871
2026/09/23 00:52:48.158, 1, 96328, 97871
2026/09/23 00:52:48.158, 2, 96328, 97871
2026/09/23 00:52:48.158, 3, 96319, 97871
2026/09/23 00:52:48.358, 0, 96320, 97871
2026/09/23 00:52:48.358, 1, 96328, 97871
2026/09/23 00:52:48.358, 2, 96328, 97871
2026/09/23 00:52:48.358, 3, 96319, 97871
2026/09/23 00:52:48.558, 0, 96320, 97871
2026/09/23 00:52:48.559, 1, 96328, 97871
2026/09/23 00:52:48.559, 2, 96328, 97871
2026/09/23 00:52:48.559, 3, 96319, 97871
2026/09/23 00:52:48.759, 0, 96320, 97871
2026/09/23 00:52:48.759, 1, 96328, 97871
2026/09/23 00:52:48.759, 2, 96328, 97871
2026/09/23 00:52:48.759, 3, 96319, 97871
2026/09/23 00:52:48.959, 0, 96320, 97871
2026/09/23 00:52:48.959, 1, 96328, 97871
2026/09/23 00:52:48.959, 2, 96328, 97871
2026/09/23 00:52:48.959, 3, 96319, 97871
2026/09/23 00:52:49.159, 0, 96320, 97871
2026/09/23 00:52:49.159, 1, 96328, 97871
2026/09/23 00:52:49.159, 2, 96328, 97871
2026/09/23 00:52:49.159, 3, 96319, 97871
2026/09/23 00:52:49.359, 0, 96320, 97871
2026/09/23 00:52:49.359, 1, 96328, 97871
2026/09/23 00:52:49.359, 2, 96328, 97871
2026/09/23 00:52:49.359, 3, 96319, 97871
2026/09/23 00:52:49.560, 0, 96320, 97871
2026/09/23 00:52:49.560, 1, 96328, 97871
2026/09/23 00:52:49.560, 2, 96328, 97871
2026/09/23 00:52:49.560, 3, 96319, 97871
2026/09/23 00:52:49.760, 0, 96320, 97871
2026/09/23 00:52:49.760, 1, 96328, 97871
2026/09/23 00:52:49.760, 2, 96328, 97871
2026/09/23 00:52:49.760, 3, 96319, 97871
2026/09/23 00:52:49.960, 0, 96320, 97871
2026/09/23 00:52:49.960, 1, 96328, 97871
2026/09/23 00:52:49.960, 2, 96328, 97871
2026/09/23 00:52:49.960, 3, 96319, 97871
2026/09/23 00:52:50.160, 0, 96320, 97871
2026/09/23 00:52:50.160, 1, 96328, 97871
2026/09/23 00:52:50.160, 2, 96328, 97871
2026/09/23 00:52:50.160, 3, 96319, 97871
2026/09/23 00:52:50.360, 0, 96320, 97871
2026/09/23 00:52:50.360, 1, 96328, 97871
2026/09/23 00:52:50.360, 2, 96328, 97871
2026/09/23 00:52:50.361, 3, 96319, 97871
2026/09/23 00:52:50.561, 0, 96320, 97871
2026/09/23 00:52:50.561, 1, 96328, 97871
2026/09/23 00:52:50.561, 2, 96328, 97871
2026/09/23 00:52:50.561, 3, 96319, 97871
2026/09/23 00:52:50.761, 0, 96320, 97871
2026/09/23 00:52:50.761, 1, 96328, 97871
2026/09/23 00:52:50.761, 2, 96328, 97871
2026/09/23 00:52:50.761, 3, 96319, 97871
2026/09/23 00:52:50.961, 0, 96320, 97871
2026/09/23 00:52:50.961, 1, 96328, 97871
2026/09/23 00:52:50.961, 2, 96328, 97871
2026/09/23 00:52:50.961, 3, 96319, 97871
2026/09/23 00:52:51.161, 0, 96320, 97871
2026/09/23 00:52:51.161, 1, 96328, 97871
2026/09/23 00:52:51.161, 2, 96328, 97871
2026/09/23 00:52:51.161, 3, 96319, 97871
2026/09/23 00:52:51.361, 0, 96320, 97871
2026/09/23 00:52:51.362, 1, 96328, 97871
2026/09/23 00:52:51.362, 2, 96328, 97871
2026/09/23 00:52:51.362, 3, 96319, 97871
2026/09/23 00:52:51.562, 0, 96320, 97871
2026/09/23 00:52:51.562, 1, 96328, 97871
2026/09/23 00:52:51.562, 2, 96328, 97871
2026/09/23 00:52:51.562, 3, 96319, 97871
2026/09/23 00:52:51.762, 0, 96320, 97871
2026/09/23 00:52:51.762, 1, 96328, 97871
2026/09/23 00:52:51.762, 2, 96328, 97871
2026/09/23 00:52:51.762, 3, 96319, 97871
2026/09/23 00:52:51.962, 0, 96320, 97871
2026/09/23 00:52:51.962, 1, 96328, 97871
2026/09/23 00:52:51.962, 2, 96328, 97871
2026/09/23 00:52:51.962, 3, 96319, 97871
2026/09/23 00:52:52.162, 0, 96320, 97871
2026/09/23 00:52:52.162, 1, 96328, 97871
2026/09/23 00:52:52.162, 2, 96328, 97871
2026/09/23 00:52:52.162, 3, 96319, 97871
2026/09/23 00:52:52.363, 0, 96320, 97871
2026/09/23 00:52:52.363, 1, 96328, 97871
2026/09/23 00:52:52.363, 2, 96328, 97871
2026/09/23 00:52:52.363, 3, 96319, 97871
2026/09/23 00:52:52.563, 0, 96320, 97871
2026/09/23 00:52:52.563, 1, 96328, 97871
2026/09/23 00:52:52.563, 2, 96328, 97871
2026/09/23 00:52:52.563, 3, 96319, 97871
2026/09/23 00:52:52.763, 0, 96320, 97871
2026/09/23 00:52:52.763, 1, 96328, 97871
2026/09/23 00:52:52.763, 2, 96328, 97871
2026/09/23 00:52:52.763, 3, 96319, 97871
2026/09/23 00:52:52.963, 0, 96320, 97871
2026/09/23 00:52:52.963, 1, 96328, 97871
2026/09/23 00:52:52.963, 2, 96328, 97871
2026/09/23 00:52:52.963, 3, 96319, 97871
2026/09/23 00:52:53.163, 0, 96320, 97871
2026/09/23 00:52:53.164, 1, 96328, 97871
2026/09/23 00:52:53.164, 2, 96328, 97871
2026/09/23 00:52:53.164, 3, 96319, 97871
2026/09/23 00:52:53.364, 0, 96320, 97871
2026/09/23 00:52:53.364, 1, 96328, 97871
2026/09/23 00:52:53.364, 2, 96328, 97871
2026/09/23 00:52:53.364, 3, 96319, 97871
2026/09/23 00:52:53.564, 0, 96320, 97871
2026/09/23 00:52:53.564, 1, 96328, 97871
2026/09/23 00:52:53.564, 2, 96328, 97871
2026/09/23 00:52:53.564, 3, 96319, 97871
2026/09/23 00:52:53.764, 0, 96320, 97871
2026/09/23 00:52:53.764, 1, 96328, 97871
2026/09/23 00:52:53.764, 2, 96328, 97871
2026/09/23 00:52:53.764, 3, 96319, 97871
2026/09/23 00:52:53.964, 0, 96320, 97871
2026/09/23 00:52:53.964, 1, 96328, 97871
2026/09/23 00:52:53.964, 2, 96328, 97871
2026/09/23 00:52:53.964, 3, 96319, 97871
2026/09/23 00:52:54.165, 0, 96320, 97871
2026/09/23 00:52:54.165, 1, 96328, 97871
2026/09/23 00:52:54.165, 2, 96328, 97871
2026/09/23 00:52:54.165, 3, 96319, 97871
2026/09/23 00:52:54.365, 0, 96320, 97871
2026/09/23 00:52:54.365, 1, 96328, 97871
2026/09/23 00:52:54.365, 2, 96328, 97871
2026/09/23 00:52:54.365, 3, 96319, 97871
2026/09/23 00:52:54.565, 0, 96320, 97871
2026/09/23 00:52:54.565, 1, 96328, 97871
2026/09/23 00:52:54.565, 2, 96328, 97871
2026/09/23 00:52:54.565, 3, 96319, 97871
2026/09/23 00:52:54.765, 0, 96320, 97871
2026/09/23 00:52:54.765, 1, 96328, 97871
2026/09/23 00:52:54.765, 2, 96328, 97871
2026/09/23 00:52:54.765, 3, 96319, 97871
2026/09/23 00:52:54.965, 0, 96320, 97871
2026/09/23 00:52:54.966, 1, 96328, 97871
2026/09/23 00:52:54.966, 2, 96328, 97871
2026/09/23 00:52:54.966, 3, 96319, 97871
2026/09/23 00:52:55.166, 0, 96320, 97871
2026/09/23 00:52:55.166, 1, 96328, 97871
2026/09/23 00:52:55.166, 2, 96328, 97871
2026/09/23 00:52:55.166, 3, 96319, 97871
2026/09/23 00:52:55.366, 0, 96320, 97871
2026/09/23 00:52:55.366, 1, 96328, 97871
2026/09/23 00:52:55.366, 2, 96328, 97871
2026/09/23 00:52:55.366, 3, 96319, 97871
2026/09/23 00:52:55.566, 0, 96320, 97871
2026/09/23 00:52:55.566, 1, 96328, 97871
2026/09/23 00:52:55.566, 2, 96328, 97871
2026/09/23 00:52:55.566, 3, 96319, 97871
2026/09/23 00:52:55.766, 0, 96320, 97871
2026/09/23 00:52:55.766, 1, 96328, 97871
2026/09/23 00:52:55.766, 2, 96328, 97871
2026/09/23 00:52:55.766, 3, 96319, 97871
2026/09/23 00:52:55.967, 0, 96320, 97871
2026/09/23 00:52:55.967, 1, 96328, 97871
2026/09/23 00:52:55.967, 2, 96328, 97871
2026/09/23 00:52:55.967, 3, 96319, 97871
2026/09/23 00:52:56.167, 0, 96320, 97871
2026/09/23 00:52:56.167, 1, 96328, 97871
2026/09/23 00:52:56.167, 2, 96328, 97871
2026/09/23 00:52:56.167, 3, 96319, 97871
2026/09/23 00:52:56.367, 0, 96320, 97871
2026/09/23 00:52:56.367, 1, 96328, 97871
2026/09/23 00:52:56.367, 2, 96328, 97871
2026/09/23 00:52:56.367, 3, 96319, 97871
2026/09/23 00:52:56.567, 0, 96320, 97871
2026/09/23 00:52:56.567, 1, 96328, 97871
2026/09/23 00:52:56.567, 2, 96328, 97871
2026/09/23 00:52:56.567, 3, 96319, 97871
2026/09/23 00:52:56.767, 0, 96320, 97871
2026/09/23 00:52:56.767, 1, 96328, 97871
2026/09/23 00:52:56.768, 2, 96328, 97871
2026/09/23 00:52:56.768, 3, 96319, 97871
2026/09/23 00:52:56.968, 0, 96320, 97871
2026/09/23 00:52:56.968, 1, 96328, 97871
2026/09/23 00:52:56.968, 2, 96328, 97871
2026/09/23 00:52:56.968, 3, 96319, 97871
2026/09/23 00:52:57.168, 0, 96320, 97871
2026/09/23 00:52:57.168, 1, 96328, 97871
2026/09/23 00:52:57.168, 2, 96328, 97871
2026/09/23 00:52:57.168, 3, 96319, 97871
2026/09/23 00:52:57.368, 0, 96320, 97871
2026/09/23 00:52:57.368, 1, 96328, 97871
2026/09/23 00:52:57.368, 2, 96328, 97871
2026/09/23 00:52:57.368, 3, 96319, 97871
2026/09/23 00:52:57.568, 0, 96320, 97871
2026/09/23 00:52:57.568, 1, 96328, 97871
2026/09/23 00:52:57.568, 2, 96328, 97871
2026/09/23 00:52:57.568, 3, 96319, 97871
2026/09/23 00:52:57.769, 0, 96320, 97871
2026/09/23 00:52:57.769, 1, 96328, 97871
2026/09/23 00:52:57.769, 2, 96328, 97871
2026/09/23 00:52:57.769, 3, 96319, 97871
2026/09/23 00:52:57.969, 0, 96320, 97871
2026/09/23 00:52:57.969, 1, 96328, 97871
2026/09/23 00:52:57.969, 2, 96328, 97871
2026/09/23 00:52:57.969, 3, 96319, 97871
2026/09/23 00:52:58.169, 0, 96320, 97871
2026/09/23 00:52:58.169, 1, 96328, 97871
2026/09/23 00:52:58.169, 2, 96328, 97871
2026/09/23 00:52:58.169, 3, 96319, 97871
2026/09/23 00:52:58.369, 0, 96320, 97871
2026/09/23 00:52:58.369, 1, 96328, 97871
2026/09/23 00:52:58.369, 2, 96328, 97871
2026/09/23 00:52:58.369, 3, 96319, 97871
2026/09/23 00:52:58.569, 0, 96320, 97871
2026/09/23 00:52:58.569, 1, 96328, 97871
2026/09/23 00:52:58.570, 2, 96328, 97871
2026/09/23 00:52:58.570, 3, 96319, 97871
2026/09/23 00:52:58.770, 0, 96320, 97871
2026/09/23 00:52:58.770, 1, 96328, 97871
2026/09/23 00:52:58.770, 2, 96328, 97871
2026/09/23 00:52:58.770, 3, 96319, 97871
2026/09/23 00:52:58.970, 0, 96320, 97871
2026/09/23 00:52:58.970, 1, 96328, 97871
2026/09/23 00:52:58.970, 2, 96328, 97871
2026/09/23 00:52:58.970, 3, 96319, 97871
2026/09/23 00:52:59.170, 0, 96320, 97871
2026/09/23 00:52:59.170, 1, 96328, 97871
2026/09/23 00:52:59.170, 2, 96328, 97871
2026/09/23 00:52:59.170, 3, 96319, 97871
2026/09/23 00:52:59.370, 0, 96320, 97871
2026/09/23 00:52:59.371, 1, 96328, 97871
2026/09/23 00:52:59.371, 2, 96328, 97871
2026/09/23 00:52:59.371, 3, 96319, 97871
2026/09/23 00:52:59.571, 0, 96320, 97871
2026/09/23 00:52:59.571, 1, 96328, 97871
2026/09/23 00:52:59.571, 2, 96328, 97871
2026/09/23 00:52:59.571, 3, 96319, 97871
2026/09/23 00:52:59.771, 0, 96320, 97871
2026/09/23 00:52:59.771, 1, 96328, 97871
2026/09/23 00:52:59.771, 2, 96328, 97871
2026/09/23 00:52:59.771, 3, 96319, 97871
2026/09/23 00:52:59.971, 0, 96320, 97871
2026/09/23 00:52:59.971, 1, 96328, 97871
2026/09/23 00:52:59.972, 2, 96328, 97871
2026/09/23 00:52:59.972, 3, 96319, 97871
2026/09/23 00:53:00.172, 0, 96320, 97871
2026/09/23 00:53:00.172, 1, 96328, 97871
2026/09/23 00:53:00.172, 2, 96328, 97871
2026/09/23 00:53:00.172, 3, 96319, 97871
2026/09/23 00:53:00.372, 0, 96320, 97871
2026/09/23 00:53:00.372, 1, 96328, 97871
2026/09/23 00:53:00.372, 2, 96328, 97871
2026/09/23 00:53:00.372, 3, 96319, 97871
