2026/09/22 21:45:49.029, 0, 90559, 97871
2026/09/22 21:45:49.029, 1, 93119, 97871
2026/09/22 21:45:49.029, 2, 90047, 97871
2026/09/22 21:45:49.029, 3, 93119, 97871
2026/09/22 21:45:49.229, 0, 90559, 97871
2026/09/22 21:45:49.229, 1, 93119, 97871
2026/09/22 21:45:49.229, 2, 90047, 97871
2026/09/22 21:45:49.229, 3, 93119, 97871
2026/09/22 21:45:49.429, 0, 90559, 97871
2026/09/22 21:45:49.430, 1, 93119, 97871
2026/09/22 21:45:49.430, 2, 90047, 97871
2026/09/22 21:45:49.430, 3, 93119, 97871
2026/09/22 21:45:49.630, 0, 90559, 97871
2026/09/22 21:45:49.630, 1, 93119, 97871
2026/09/22 21:45:49.630, 2, 90047, 97871
2026/09/22 21:45:49.630, 3, 93119, 97871
2026/09/22 21:45:49.830, 0, 90559, 97871
2026/09/22 21:45:49.830, 1, 93119, 97871
2026/09/22 21:45:49.830, 2, 90047, 97871
2026/09/22 21:45:49.830, 3, 93119, 97871
2026/09/22 21:45:50.030, 0, 90559, 97871
2026/09/22 21:45:50.031, 1, 93119, 97871
2026/09/22 21:45:50.031, 2, 90047, 97871
2026/09/22 21:45:50.031, 3, 93119, 97871
2026/09/22 21:45:50.231, 0, 90559, 97871
2026/09/22 21:45:50.231, 1, 93119, 97871
2026/09/22 21:45:50.231, 2, 90047, 97871
2026/09/22 21:45:50.231, 3, 93119, 97871
2026/09/22 21:45:50.431, 0, 90559, 97871
2026/09/22 21:45:50.431, 1, 93119, 97871
2026/09/22 21:45:50.431, 2, 90047, 97871
2026/09/22 21:45:50.431, 3, 93119, 97871
2026/09/22 21:45:50.631, 0, 90559, 97871
2026/09/22 21:45:50.631, 1, 93119, 97871
2026/09/22 21:45:50.632, 2, 90047, 97871
2026/09/22 21:45:50.632, 3, 93119, 97871
2026/09/22 21:45:50.832, 0, 90559, 97871
2026/09/22 21:45:50.862, 1, 93119, 97871
2026/09/22 21:45:50.877, 2, 90047, 97871
2026/09/22 21:45:50.877, 3, 93119, 97871
2026/09/22 21:45:51.077, 0, 90559, 97871
2026/09/22 21:45:51.077, 1, 93119, 97871
2026/09/22 21:45:51.077, 2, 90047, 97871
2026/09/22 21:45:51.077, 3, 93119, 97871
2026/09/22 21:45:51.277, 0, 90559, 97871
2026/09/22 21:45:51.278, 1, 93119, 97871
2026/09/22 21:45:51.278, 2, 90047, 97871
2026/09/22 21:45:51.278, 3, 93119, 97871
2026/09/22 21:45:51.478, 0, 90559, 97871
2026/09/22 21:45:51.478, 1, 93119, 97871
2026/09/22 21:45:51.478, 2, 90047, 97871
2026/09/22 21:45:51.478, 3, 93119, 97871
2026/09/22 21:45:51.678, 0, 90559, 97871
2026/09/22 21:45:51.678, 1, 93119, 97871
2026/09/22 21:45:51.678, 2, 90047, 97871
2026/09/22 21:45:51.678, 3, 93119, 97871
2026/09/22 21:45:51.878, 0, 90559, 97871
2026/09/22 21:45:51.879, 1, 93119, 97871
2026/09/22 21:45:51.879, 2, 90047, 97871
2026/09/22 21:45:51.879, 3, 93119, 97871
2026/09/22 21:45:52.079, 0, 90559, 97871
2026/09/22 21:45:52.079, 1, 93119, 97871
2026/09/22 21:45:52.079, 2, 90047, 97871
2026/09/22 21:45:52.079, 3, 93119, 97871
2026/09/22 21:45:52.279, 0, 90559, 97871
2026/09/22 21:45:52.279, 1, 93119, 97871
2026/09/22 21:45:52.279, 2, 90047, 97871
2026/09/22 21:45:52.279, 3, 93119, 97871
2026/09/22 21:45:52.479, 0, 90559, 97871
2026/09/22 21:45:52.479, 1, 93119, 97871
2026/09/22 21:45:52.479, 2, 90047, 97871
2026/09/22 21:45:52.479, 3, 93119, 97871
2026/09/22 21:45:52.680, 0, 90559, 97871
2026/09/22 21:45:52.680, 1, 93119, 97871
2026/09/22 21:45:52.680, 2, 90047, 97871
2026/09/22 21:45:52.680, 3, 93119, 97871
2026/09/22 21:45:52.880, 0, 90559, 97871
2026/09/22 21:45:52.880, 1, 93119, 97871
2026/09/22 21:45:52.880, 2, 90047, 97871
2026/09/22 21:45:52.880, 3, 93119, 97871
2026/09/22 21:45:53.080, 0, 90559, 97871
2026/09/22 21:45:53.080, 1, 93119, 97871
2026/09/22 21:45:53.080, 2, 90047, 97871
2026/09/22 21:45:53.080, 3, 93119, 97871
2026/09/22 21:45:53.280, 0, 90559, 97871
2026/09/22 21:45:53.281, 1, 93119, 97871
2026/09/22 21:45:53.281, 2, 90047, 97871
2026/09/22 21:45:53.281, 3, 93119, 97871
2026/09/22 21:45:53.481, 0, 90559, 97871
2026/09/22 21:45:53.481, 1, 93119, 97871
2026/09/22 21:45:53.481, 2, 90047, 97871
2026/09/22 21:45:53.481, 3, 93119, 97871
2026/09/22 21:45:53.681, 0, 90559, 97871
2026/09/22 21:45:53.681, 1, 93119, 97871
2026/09/22 21:45:53.681, 2, 90047, 97871
2026/09/22 21:45:53.681, 3, 93119, 97871
2026/09/22 21:45:53.881, 0, 90559, 97871
2026/09/22 21:45:53.895, 1, 93119, 97871
2026/09/22 21:45:53.895, 2, 90047, 97871
2026/09/22 21:45:53.895, 3, 93119, 97871
2026/09/22 21:45:54.095, 0, 90559, 97871
2026/09/22 21:45:54.095, 1, 93119, 97871
2026/09/22 21:45:54.095, 2, 90047, 97871
2026/09/22 21:45:54.095, 3, 93119, 97871
2026/09/22 21:45:54.295, 0, 90559, 97871
2026/09/22 21:45:54.295, 1, 93119, 97871
2026/09/22 21:45:54.295, 2, 90047, 97871
2026/09/22 21:45:54.295, 3, 93119, 97871
2026/09/22 21:45:54.495, 0, 90559, 97871
2026/09/22 21:45:54.495, 1, 93119, 97871
2026/09/22 21:45:54.496, 2, 90047, 97871
2026/09/22 21:45:54.496, 3, 93119, 97871
2026/09/22 21:45:54.696, 0, 90559, 97871
2026/09/22 21:45:54.696, 1, 93119, 97871
2026/09/22 21:45:54.696, 2, 90047, 97871
2026/09/22 21:45:54.696, 3, 93119, 97871
2026/09/22 21:45:54.896, 0, 90559, 97871
2026/09/22 21:45:54.896, 1, 93119, 97871
2026/09/22 21:45:54.896, 2, 90047, 97871
2026/09/22 21:45:54.896, 3, 93119, 97871
2026/09/22 21:45:55.096, 0, 90559, 97871
2026/09/22 21:45:55.096, 1, 93119, 97871
2026/09/22 21:45:55.096, 2, 90047, 97871
2026/09/22 21:45:55.096, 3, 93119, 97871
2026/09/22 21:45:55.296, 0, 90559, 97871
2026/09/22 21:45:55.297, 1, 93119, 97871
2026/09/22 21:45:55.297, 2, 90047, 97871
2026/09/22 21:45:55.297, 3, 93119, 97871
2026/09/22 21:45:55.497, 0, 90559, 97871
2026/09/22 21:45:55.497, 1, 93119, 97871
2026/09/22 21:45:55.497, 2, 90047, 97871
2026/09/22 21:45:55.497, 3, 93119, 97871
2026/09/22 21:45:55.697, 0, 90559, 97871
2026/09/22 21:45:55.697, 1, 93119, 97871
2026/09/22 21:45:55.697, 2, 90047, 97871
2026/09/22 21:45:55.697, 3, 93119, 97871
2026/09/22 21:45:55.897, 0, 90559, 97871
2026/09/22 21:45:55.897, 1, 93119, 97871
2026/09/22 21:45:55.897, 2, 90047, 97871
2026/09/22 21:45:55.897, 3, 93119, 97871
2026/09/22 21:45:56.097, 0, 90559, 97871
2026/09/22 21:45:56.098, 1, 93119, 97871
2026/09/22 21:45:56.098, 2, 90047, 97871
2026/09/22 21:45:56.098, 3, 93119, 97871
2026/09/22 21:45:56.298, 0, 90559, 97871
2026/09/22 21:45:56.298, 1, 93119, 97871
2026/09/22 21:45:56.298, 2, 90047, 97871
2026/09/22 21:45:56.298, 3, 93119, 97871
2026/09/22 21:45:56.498, 0, 90559, 97871
2026/09/22 21:45:56.498, 1, 93119, 97871
2026/09/22 21:45:56.498, 2, 90047, 97871
2026/09/22 21:45:56.498, 3, 93119, 97871
2026/09/22 21:45:56.698, 0, 90559, 97871
2026/09/22 21:45:56.698, 1, 93119, 97871
2026/09/22 21:45:56.698, 2, 90047, 97871
2026/09/22 21:45:56.698, 3, 93119, 97871
2026/09/22 21:45:56.898, 0, 90559, 97871
2026/09/22 21:45:56.899, 1, 93119, 97871
2026/09/22 21:45:56.899, 2, 90047, 97871
2026/09/22 21:45:56.899, 3, 93119, 97871
2026/09/22 21:45:57.099, 0, 90559, 97871
2026/09/22 21:45:57.099, 1, 93119, 97871
2026/09/22 21:45:57.099, 2, 90047, 97871
2026/09/22 21:45:57.099, 3, 93119, 97871
2026/09/22 21:45:57.299, 0, 90559, 97871
2026/09/22 21:45:57.299, 1, 93119, 97871
2026/09/22 21:45:57.299, 2, 90047, 97871
2026/09/22 21:45:57.299, 3, 93119, 97871
2026/09/22 21:45:57.499, 0, 90559, 97871
2026/09/22 21:45:57.499, 1, 93119, 97871
2026/09/22 21:45:57.499, 2, 90047, 97871
2026/09/22 21:45:57.499, 3, 93119, 97871
2026/09/22 21:45:57.699, 0, 90559, 97871
2026/09/22 21:45:57.699, 1, 93119, 97871
2026/09/22 21:45:57.699, 2, 90047, 97871
2026/09/22 21:45:57.700, 3, 93119, 97871
2026/09/22 21:45:57.900, 0, 90559, 97871
2026/09/22 21:45:57.900, 1, 93119, 97871
2026/09/22 21:45:57.900, 2, 90047, 97871
2026/09/22 21:45:57.900, 3, 93119, 97871
2026/09/22 21:45:58.100, 0, 90559, 97871
2026/09/22 21:45:58.100, 1, 93119, 97871
2026/09/22 21:45:58.100, 2, 90047, 97871
2026/09/22 21:45:58.100, 3, 93119, 97871
2026/09/22 21:45:58.300, 0, 90559, 97871
2026/09/22 21:45:58.300, 1, 93119, 97871
2026/09/22 21:45:58.300, 2, 90047, 97871
2026/09/22 21:45:58.300, 3, 93119, 97871
2026/09/22 21:45:58.501, 0, 90559, 97871
2026/09/22 21:45:58.501, 1, 93119, 97871
2026/09/22 21:45:58.501, 2, 90047, 97871
2026/09/22 21:45:58.501, 3, 93119, 97871
2026/09/22 21:45:58.701, 0, 89535, 97871
2026/09/22 21:45:58.701, 1, 89535, 97871
2026/09/22 21:45:58.701, 2, 89535, 97871
2026/09/22 21:45:58.701, 3, 91583, 97871
2026/09/22 21:45:58.901, 0, 89535, 97871
2026/09/22 21:45:58.901, 1, 89535, 97871
2026/09/22 21:45:58.901, 2, 89535, 97871
2026/09/22 21:45:58.901, 3, 91583, 97871
2026/09/22 21:45:59.101, 0, 89535, 97871
2026/09/22 21:45:59.101, 1, 89535, 97871
2026/09/22 21:45:59.101, 2, 89535, 97871
2026/09/22 21:45:59.101, 3, 91583, 97871
2026/09/22 21:45:59.302, 0, 89535, 97871
2026/09/22 21:45:59.302, 1, 89535, 97871
2026/09/22 21:45:59.302, 2, 89535, 97871
2026/09/22 21:45:59.302, 3, 91583, 97871
2026/09/22 21:45:59.502, 0, 89535, 97871
2026/09/22 21:45:59.502, 1, 89535, 97871
2026/09/22 21:45:59.502, 2, 89535, 97871
2026/09/22 21:45:59.502, 3, 91583, 97871
2026/09/22 21:45:59.702, 0, 89535, 97871
2026/09/22 21:45:59.702, 1, 89535, 97871
2026/09/22 21:45:59.702, 2, 89535, 97871
2026/09/22 21:45:59.702, 3, 91583, 97871
2026/09/22 21:45:59.902, 0, 89535, 97871
2026/09/22 21:45:59.902, 1, 89535, 97871
2026/09/22 21:45:59.903, 2, 89535, 97871
2026/09/22 21:45:59.903, 3, 91583, 97871
2026/09/22 21:46:00.103, 0, 89535, 97871
2026/09/22 21:46:00.103, 1, 89535, 97871
2026/09/22 21:46:00.103, 2, 89535, 97871
2026/09/22 21:46:00.103, 3, 91583, 97871
2026/09/22 21:46:00.303, 0, 89535, 97871
2026/09/22 21:46:00.303, 1, 89535, 97871
2026/09/22 21:46:00.303, 2, 89535, 97871
2026/09/22 21:46:00.303, 3, 91583, 97871
2026/09/22 21:46:00.503, 0, 89535, 97871
2026/09/22 21:46:00.503, 1, 89535, 97871
2026/09/22 21:46:00.503, 2, 89535, 97871
2026/09/22 21:46:00.503, 3, 91583, 97871
2026/09/22 21:46:00.703, 0, 89535, 97871
2026/09/22 21:46:00.703, 1, 89535, 97871
2026/09/22 21:46:00.703, 2, 89535, 97871
2026/09/22 21:46:00.704, 3, 91583, 97871
2026/09/22 21:46:00.904, 0, 89535, 97871
2026/09/22 21:46:00.904, 1, 89535, 97871
2026/09/22 21:46:00.904, 2, 89535, 97871
2026/09/22 21:46:00.904, 3, 91583, 97871
2026/09/22 21:46:01.104, 0, 89535, 97871
2026/09/22 21:46:01.104, 1, 89535, 97871
2026/09/22 21:46:01.104, 2, 89535, 97871
2026/09/22 21:46:01.104, 3, 91583, 97871
2026/09/22 21:46:01.304, 0, 89535, 97871
2026/09/22 21:46:01.304, 1, 89535, 97871
2026/09/22 21:46:01.304, 2, 89535, 97871
2026/09/22 21:46:01.304, 3, 91583, 97871
2026/09/22 21:46:01.504, 0, 89535, 97871
2026/09/22 21:46:01.504, 1, 89535, 97871
2026/09/22 21:46:01.505, 2, 89535, 97871
2026/09/22 21:46:01.505, 3, 91583, 97871
2026/09/22 21:46:01.705, 0, 89535, 97871
2026/09/22 21:46:01.705, 1, 89535, 97871
2026/09/22 21:46:01.705, 2, 89535, 97871
2026/09/22 21:46:01.705, 3, 91583, 97871
2026/09/22 21:46:01.905, 0, 89535, 97871
2026/09/22 21:46:01.905, 1, 89535, 97871
2026/09/22 21:46:01.905, 2, 89535, 97871
2026/09/22 21:46:01.905, 3, 91583, 97871
2026/09/22 21:46:02.105, 0, 89535, 97871
2026/09/22 21:46:02.105, 1, 89535, 97871
2026/09/22 21:46:02.105, 2, 89535, 97871
2026/09/22 21:46:02.105, 3, 91583, 97871
2026/09/22 21:46:02.305, 0, 89535, 97871
2026/09/22 21:46:02.306, 1, 89535, 97871
2026/09/22 21:46:02.306, 2, 89535, 97871
2026/09/22 21:46:02.306, 3, 91583, 97871
2026/09/22 21:46:02.506, 0, 89535, 97871
2026/09/22 21:46:02.506, 1, 89535, 97871
2026/09/22 21:46:02.506, 2, 89535, 97871
2026/09/22 21:46:02.506, 3, 91583, 97871
2026/09/22 21:46:02.706, 0, 89535, 97871
2026/09/22 21:46:02.706, 1, 89535, 97871
2026/09/22 21:46:02.706, 2, 89535, 97871
2026/09/22 21:46:02.706, 3, 91583, 97871
2026/09/22 21:46:02.906, 0, 89535, 97871
2026/09/22 21:46:02.906, 1, 89535, 97871
2026/09/22 21:46:02.906, 2, 89535, 97871
2026/09/22 21:46:02.906, 3, 91583, 97871
2026/09/22 21:46:03.107, 0, 89535, 97871
2026/09/22 21:46:03.107, 1, 89535, 97871
2026/09/22 21:46:03.107, 2, 89535, 97871
2026/09/22 21:46:03.107, 3, 91583, 97871
2026/09/22 21:46:03.307, 0, 89535, 97871
2026/09/22 21:46:03.307, 1, 89535, 97871
2026/09/22 21:46:03.307, 2, 89535, 97871
2026/09/22 21:46:03.307, 3, 91583, 97871
2026/09/22 21:46:03.507, 0, 89535, 97871
2026/09/22 21:46:03.507, 1, 89535, 97871
2026/09/22 21:46:03.507, 2, 89535, 97871
2026/09/22 21:46:03.507, 3, 91583, 97871
2026/09/22 21:46:03.707, 0, 89535, 97871
2026/09/22 21:46:03.707, 1, 89535, 97871
2026/09/22 21:46:03.707, 2, 89535, 97871
2026/09/22 21:46:03.707, 3, 91583, 97871
2026/09/22 21:46:03.908, 0, 89535, 97871
2026/09/22 21:46:03.908, 1, 89535, 97871
2026/09/22 21:46:03.908, 2, 89535, 97871
2026/09/22 21:46:03.908, 3, 91583, 97871
2026/09/22 21:46:04.108, 0, 89535, 97871
2026/09/22 21:46:04.108, 1, 89535, 97871
2026/09/22 21:46:04.108, 2, 89535, 97871
2026/09/22 21:46:04.108, 3, 91583, 97871
2026/09/22 21:46:04.308, 0, 89535, 97871
2026/09/22 21:46:04.308, 1, 89535, 97871
2026/09/22 21:46:04.308, 2, 89535, 97871
2026/09/22 21:46:04.308, 3, 91583, 97871
2026/09/22 21:46:04.508, 0, 89535, 97871
2026/09/22 21:46:04.509, 1, 89535, 97871
2026/09/22 21:46:04.509, 2, 89535, 97871
2026/09/22 21:46:04.509, 3, 91583, 97871
2026/09/22 21:46:04.709, 0, 89535, 97871
2026/09/22 21:46:04.709, 1, 89535, 97871
2026/09/22 21:46:04.709, 2, 89535, 97871
2026/09/22 21:46:04.709, 3, 91583, 97871
2026/09/22 21:46:04.909, 0, 89535, 97871
2026/09/22 21:46:04.909, 1, 89535, 97871
2026/09/22 21:46:04.909, 2, 89535, 97871
2026/09/22 21:46:04.909, 3, 91583, 97871
2026/09/22 21:46:05.109, 0, 89535, 97871
2026/09/22 21:46:05.109, 1, 89535, 97871
2026/09/22 21:46:05.109, 2, 89535, 97871
2026/09/22 21:46:05.109, 3, 91583, 97871
2026/09/22 21:46:05.310, 0, 89535, 97871
2026/09/22 21:46:05.310, 1, 89535, 97871
2026/09/22 21:46:05.310, 2, 89535, 97871
2026/09/22 21:46:05.310, 3, 91583, 97871
2026/09/22 21:46:05.510, 0, 89535, 97871
2026/09/22 21:46:05.510, 1, 89535, 97871
2026/09/22 21:46:05.510, 2, 89535, 97871
2026/09/22 21:46:05.510, 3, 91583, 97871
2026/09/22 21:46:05.710, 0, 89535, 97871
2026/09/22 21:46:05.710, 1, 89535, 97871
2026/09/22 21:46:05.710, 2, 89535, 97871
2026/09/22 21:46:05.710, 3, 91583, 97871
2026/09/22 21:46:05.910, 0, 89535, 97871
2026/09/22 21:46:05.910, 1, 89535, 97871
2026/09/22 21:46:05.910, 2, 89535, 97871
2026/09/22 21:46:05.910, 3, 91583, 97871
2026/09/22 21:46:06.111, 0, 89535, 97871
2026/09/22 21:46:06.111, 1, 89535, 97871
2026/09/22 21:46:06.111, 2, 89535, 97871
2026/09/22 21:46:06.111, 3, 91583, 97871
2026/09/22 21:46:06.311, 0, 89535, 97871
2026/09/22 21:46:06.311, 1, 89535, 97871
2026/09/22 21:46:06.311, 2, 89535, 97871
2026/09/22 21:46:06.311, 3, 91583, 97871
2026/09/22 21:46:06.511, 0, 89535, 97871
2026/09/22 21:46:06.511, 1, 89535, 97871
2026/09/22 21:46:06.511, 2, 89535, 97871
2026/09/22 21:46:06.511, 3, 91583, 97871
2026/09/22 21:46:06.711, 0, 89535, 97871
2026/09/22 21:46:06.712, 1, 89535, 97871
2026/09/22 21:46:06.712, 2, 89535, 97871
2026/09/22 21:46:06.712, 3, 91583, 97871
2026/09/22 21:46:06.912, 0, 89535, 97871
2026/09/22 21:46:06.912, 1, 89535, 97871
2026/09/22 21:46:06.912, 2, 89535, 97871
2026/09/22 21:46:06.912, 3, 91583, 97871
2026/09/22 21:46:07.112, 0, 89535, 97871
2026/09/22 21:46:07.112, 1, 89535, 97871
2026/09/22 21:46:07.112, 2, 89535, 97871
2026/09/22 21:46:07.112, 3, 91583, 97871
2026/09/22 21:46:07.312, 0, 89535, 97871
2026/09/22 21:46:07.313, 1, 89535, 97871
2026/09/22 21:46:07.313, 2, 89535, 97871
2026/09/22 21:46:07.313, 3, 91583, 97871
2026/09/22 21:46:07.513, 0, 89535, 97871
2026/09/22 21:46:07.513, 1, 89535, 97871
2026/09/22 21:46:07.513, 2, 89535, 97871
2026/09/22 21:46:07.513, 3, 91583, 97871
2026/09/22 21:46:07.713, 0, 89535, 97871
2026/09/22 21:46:07.713, 1, 89535, 97871
2026/09/22 21:46:07.713, 2, 89535, 97871
2026/09/22 21:46:07.713, 3, 91583, 97871
2026/09/22 21:46:07.913, 0, 89535, 97871
2026/09/22 21:46:07.913, 1, 89535, 97871
2026/09/22 21:46:07.913, 2, 89535, 97871
2026/09/22 21:46:07.913, 3, 91583, 97871
2026/09/22 21:46:08.113, 0, 89535, 97871
2026/09/22 21:46:08.114, 1, 89535, 97871
2026/09/22 21:46:08.114, 2, 89535, 97871
2026/09/22 21:46:08.114, 3, 91583, 97871
2026/09/22 21:46:08.314, 0, 89535, 97871
2026/09/22 21:46:08.314, 1, 89535, 97871
2026/09/22 21:46:08.314, 2, 89535, 97871
2026/09/22 21:46:08.314, 3, 91583, 97871
2026/09/22 21:46:08.514, 0, 89535, 97871
2026/09/22 21:46:08.514, 1, 89535, 97871
2026/09/22 21:46:08.514, 2, 89535, 97871
2026/09/22 21:46:08.514, 3, 91583, 97871
2026/09/22 21:46:08.714, 0, 89535, 97871
2026/09/22 21:46:08.714, 1, 89535, 97871
2026/09/22 21:46:08.714, 2, 89535, 97871
2026/09/22 21:46:08.714, 3, 91583, 97871
2026/09/22 21:46:08.915, 0, 89535, 97871
2026/09/22 21:46:08.915, 1, 89535, 97871
2026/09/22 21:46:08.915, 2, 89535, 97871
2026/09/22 21:46:08.915, 3, 91583, 97871
2026/09/22 21:46:09.115, 0, 89535, 97871
2026/09/22 21:46:09.115, 1, 89535, 97871
2026/09/22 21:46:09.115, 2, 89535, 97871
2026/09/22 21:46:09.115, 3, 91583, 97871
2026/09/22 21:46:09.315, 0, 89535, 97871
2026/09/22 21:46:09.315, 1, 89535, 97871
2026/09/22 21:46:09.315, 2, 89535, 97871
2026/09/22 21:46:09.315, 3, 91583, 97871
2026/09/22 21:46:09.516, 0, 89535, 97871
2026/09/22 21:46:09.516, 1, 89535, 97871
2026/09/22 21:46:09.516, 2, 89535, 97871
2026/09/22 21:46:09.516, 3, 91583, 97871
2026/09/22 21:46:09.716, 0, 89535, 97871
2026/09/22 21:46:09.716, 1, 89535, 97871
2026/09/22 21:46:09.716, 2, 89535, 97871
2026/09/22 21:46:09.716, 3, 91583, 97871
2026/09/22 21:46:09.916, 0, 89535, 97871
2026/09/22 21:46:09.916, 1, 89535, 97871
2026/09/22 21:46:09.916, 2, 89535, 97871
2026/09/22 21:46:09.916, 3, 91583, 97871
2026/09/22 21:46:10.116, 0, 89535, 97871
2026/09/22 21:46:10.116, 1, 89535, 97871
2026/09/22 21:46:10.116, 2, 89535, 97871
2026/09/22 21:46:10.116, 3, 91583, 97871
2026/09/22 21:46:10.317, 0, 89535, 97871
2026/09/22 21:46:10.317, 1, 89535, 97871
2026/09/22 21:46:10.317, 2, 89535, 97871
2026/09/22 21:46:10.317, 3, 91583, 97871
2026/09/22 21:46:10.517, 0, 89535, 97871
2026/09/22 21:46:10.517, 1, 89535, 97871
2026/09/22 21:46:10.517, 2, 89535, 97871
2026/09/22 21:46:10.517, 3, 91583, 97871
2026/09/22 21:46:10.717, 0, 89535, 97871
2026/09/22 21:46:10.717, 1, 89535, 97871
2026/09/22 21:46:10.717, 2, 89535, 97871
2026/09/22 21:46:10.717, 3, 91583, 97871
2026/09/22 21:46:10.917, 0, 89535, 97871
2026/09/22 21:46:10.917, 1, 89535, 97871
2026/09/22 21:46:10.918, 2, 89535, 97871
2026/09/22 21:46:10.918, 3, 91583, 97871
2026/09/22 21:46:11.118, 0, 89535, 97871
2026/09/22 21:46:11.118, 1, 89535, 97871
2026/09/22 21:46:11.118, 2, 89535, 97871
2026/09/22 21:46:11.118, 3, 91583, 97871
2026/09/22 21:46:11.319, 0, 89535, 97871
2026/09/22 21:46:11.319, 1, 89535, 97871
2026/09/22 21:46:11.319, 2, 89535, 97871
2026/09/22 21:46:11.319, 3, 91583, 97871
2026/09/22 21:46:11.519, 0, 89535, 97871
2026/09/22 21:46:11.519, 1, 89535, 97871
2026/09/22 21:46:11.519, 2, 89535, 97871
2026/09/22 21:46:11.519, 3, 91583, 97871
2026/09/22 21:46:11.719, 0, 89535, 97871
2026/09/22 21:46:11.719, 1, 89535, 97871
2026/09/22 21:46:11.719, 2, 89535, 97871
2026/09/22 21:46:11.719, 3, 91583, 97871
2026/09/22 21:46:11.919, 0, 89535, 97871
2026/09/22 21:46:11.919, 1, 89535, 97871
2026/09/22 21:46:11.919, 2, 89535, 97871
2026/09/22 21:46:11.919, 3, 91583, 97871
2026/09/22 21:46:12.120, 0, 89535, 97871
2026/09/22 21:46:12.120, 1, 89535, 97871
2026/09/22 21:46:12.120, 2, 89535, 97871
2026/09/22 21:46:12.120, 3, 91583, 97871
2026/09/22 21:46:12.320, 0, 89535, 97871
2026/09/22 21:46:12.320, 1, 89535, 97871
2026/09/22 21:46:12.320, 2, 89535, 97871
2026/09/22 21:46:12.320, 3, 91583, 97871
2026/09/22 21:46:12.520, 0, 89535, 97871
2026/09/22 21:46:12.520, 1, 89535, 97871
2026/09/22 21:46:12.520, 2, 89535, 97871
2026/09/22 21:46:12.520, 3, 91583, 97871
2026/09/22 21:46:12.720, 0, 89535, 97871
2026/09/22 21:46:12.720, 1, 89535, 97871
2026/09/22 21:46:12.720, 2, 89535, 97871
2026/09/22 21:46:12.721, 3, 91583, 97871
2026/09/22 21:46:12.921, 0, 89535, 97871
2026/09/22 21:46:12.921, 1, 89535, 97871
2026/09/22 21:46:12.921, 2, 89535, 97871
2026/09/22 21:46:12.921, 3, 91583, 97871
2026/09/22 21:46:13.121, 0, 89535, 97871
2026/09/22 21:46:13.121, 1, 89535, 97871
2026/09/22 21:46:13.121, 2, 89535, 97871
2026/09/22 21:46:13.121, 3, 91583, 97871
2026/09/22 21:46:13.321, 0, 89535, 97871
2026/09/22 21:46:13.321, 1, 89535, 97871
2026/09/22 21:46:13.321, 2, 89535, 97871
2026/09/22 21:46:13.321, 3, 91583, 97871
2026/09/22 21:46:13.521, 0, 89535, 97871
2026/09/22 21:46:13.521, 1, 89535, 97871
2026/09/22 21:46:13.521, 2, 89535, 97871
2026/09/22 21:46:13.521, 3, 91583, 97871
2026/09/22 21:46:13.722, 0, 89535, 97871
2026/09/22 21:46:13.722, 1, 89535, 97871
2026/09/22 21:46:13.722, 2, 89535, 97871
2026/09/22 21:46:13.722, 3, 91583, 97871
2026/09/22 21:46:13.922, 0, 89535, 97871
2026/09/22 21:46:13.922, 1, 89535, 97871
2026/09/22 21:46:13.922, 2, 89535, 97871
2026/09/22 21:46:13.922, 3, 91583, 97871
2026/09/22 21:46:14.122, 0, 89535, 97871
2026/09/22 21:46:14.122, 1, 89535, 97871
2026/09/22 21:46:14.122, 2, 89535, 97871
2026/09/22 21:46:14.122, 3, 91583, 97871
2026/09/22 21:46:14.322, 0, 89535, 97871
2026/09/22 21:46:14.322, 1, 89535, 97871
2026/09/22 21:46:14.322, 2, 89535, 97871
2026/09/22 21:46:14.322, 3, 91583, 97871
2026/09/22 21:46:14.523, 0, 89535, 97871
2026/09/22 21:46:14.523, 1, 89535, 97871
2026/09/22 21:46:14.523, 2, 89535, 97871
2026/09/22 21:46:14.523, 3, 91583, 97871
2026/09/22 21:46:14.723, 0, 89535, 97871
2026/09/22 21:46:14.723, 1, 89535, 97871
2026/09/22 21:46:14.723, 2, 89535, 97871
2026/09/22 21:46:14.723, 3, 91583, 97871
2026/09/22 21:46:14.923, 0, 89535, 97871
2026/09/22 21:46:14.923, 1, 89535, 97871
2026/09/22 21:46:14.923, 2, 89535, 97871
2026/09/22 21:46:14.923, 3, 91583, 97871
2026/09/22 21:46:15.123, 0, 89535, 97871
2026/09/22 21:46:15.123, 1, 89535, 97871
2026/09/22 21:46:15.123, 2, 89535, 97871
2026/09/22 21:46:15.123, 3, 91583, 97871
2026/09/22 21:46:15.323, 0, 89535, 97871
2026/09/22 21:46:15.324, 1, 89535, 97871
2026/09/22 21:46:15.324, 2, 89535, 97871
2026/09/22 21:46:15.324, 3, 91583, 97871
2026/09/22 21:46:15.524, 0, 89535, 97871
2026/09/22 21:46:15.524, 1, 89535, 97871
2026/09/22 21:46:15.524, 2, 89535, 97871
2026/09/22 21:46:15.524, 3, 91583, 97871
2026/09/22 21:46:15.724, 0, 89535, 97871
2026/09/22 21:46:15.724, 1, 89535, 97871
2026/09/22 21:46:15.724, 2, 89535, 97871
2026/09/22 21:46:15.724, 3, 91583, 97871
2026/09/22 21:46:15.924, 0, 89535, 97871
2026/09/22 21:46:15.924, 1, 89535, 97871
2026/09/22 21:46:15.924, 2, 89535, 97871
2026/09/22 21:46:15.924, 3, 91583, 97871
2026/09/22 21:46:16.124, 0, 89535, 97871
2026/09/22 21:46:16.125, 1, 89535, 97871
2026/09/22 21:46:16.125, 2, 89535, 97871
2026/09/22 21:46:16.125, 3, 91583, 97871
2026/09/22 21:46:16.325, 0, 89535, 97871
2026/09/22 21:46:16.325, 1, 89535, 97871
2026/09/22 21:46:16.325, 2, 89535, 97871
2026/09/22 21:46:16.325, 3, 91583, 97871
2026/09/22 21:46:16.525, 0, 89535, 97871
2026/09/22 21:46:16.525, 1, 89535, 97871
2026/09/22 21:46:16.525, 2, 89535, 97871
2026/09/22 21:46:16.525, 3, 91583, 97871
2026/09/22 21:46:16.725, 0, 89535, 97871
2026/09/22 21:46:16.725, 1, 89535, 97871
2026/09/22 21:46:16.725, 2, 89535, 97871
2026/09/22 21:46:16.725, 3, 91583, 97871
2026/09/22 21:46:16.926, 0, 89535, 97871
2026/09/22 21:46:16.926, 1, 89535, 97871
2026/09/22 21:46:16.926, 2, 89535, 97871
2026/09/22 21:46:16.926, 3, 91583, 97871
2026/09/22 21:46:17.126, 0, 89535, 97871
2026/09/22 21:46:17.126, 1, 89535, 97871
2026/09/22 21:46:17.126, 2, 89535, 97871
2026/09/22 21:46:17.126, 3, 91583, 97871
2026/09/22 21:46:17.326, 0, 89535, 97871
2026/09/22 21:46:17.326, 1, 89535, 97871
2026/09/22 21:46:17.326, 2, 89535, 97871
2026/09/22 21:46:17.326, 3, 91583, 97871
2026/09/22 21:46:17.527, 0, 89595, 97871
2026/09/22 21:46:17.527, 1, 89595, 97871
2026/09/22 21:46:17.527, 2, 89595, 97871
2026/09/22 21:46:17.527, 3, 91643, 97871
2026/09/22 21:46:17.727, 0, 89595, 97871
2026/09/22 21:46:17.727, 1, 89595, 97871
2026/09/22 21:46:17.727, 2, 89595, 97871
2026/09/22 21:46:17.727, 3, 91643, 97871
2026/09/22 21:46:17.927, 0, 89595, 97871
2026/09/22 21:46:17.927, 1, 89595, 97871
2026/09/22 21:46:17.927, 2, 89595, 97871
2026/09/22 21:46:17.927, 3, 91643, 97871
2026/09/22 21:46:18.127, 0, 89595, 97871
2026/09/22 21:46:18.127, 1, 89595, 97871
2026/09/22 21:46:18.127, 2, 89595, 97871
2026/09/22 21:46:18.127, 3, 91643, 97871
2026/09/22 21:46:18.327, 0, 89595, 97871
2026/09/22 21:46:18.327, 1, 89595, 97871
2026/09/22 21:46:18.327, 2, 89595, 97871
2026/09/22 21:46:18.328, 3, 91643, 97871
2026/09/22 21:46:18.528, 0, 89595, 97871
2026/09/22 21:46:18.528, 1, 89595, 97871
2026/09/22 21:46:18.528, 2, 89595, 97871
2026/09/22 21:46:18.528, 3, 91643, 97871
2026/09/22 21:46:18.728, 0, 89595, 97871
2026/09/22 21:46:18.728, 1, 89595, 97871
2026/09/22 21:46:18.728, 2, 89595, 97871
2026/09/22 21:46:18.728, 3, 91643, 97871
2026/09/22 21:46:18.928, 0, 89595, 97871
2026/09/22 21:46:18.928, 1, 89595, 97871
2026/09/22 21:46:18.928, 2, 89595, 97871
2026/09/22 21:46:18.928, 3, 91643, 97871
2026/09/22 21:46:19.128, 0, 89595, 97871
2026/09/22 21:46:19.128, 1, 89595, 97871
2026/09/22 21:46:19.128, 2, 89595, 97871
2026/09/22 21:46:19.128, 3, 91643, 97871
2026/09/22 21:46:19.328, 0, 89595, 97871
2026/09/22 21:46:19.329, 1, 89595, 97871
2026/09/22 21:46:19.329, 2, 89595, 97871
2026/09/22 21:46:19.329, 3, 91643, 97871
2026/09/22 21:46:19.529, 0, 89595, 97871
2026/09/22 21:46:19.529, 1, 89595, 97871
2026/09/22 21:46:19.529, 2, 89595, 97871
2026/09/22 21:46:19.529, 3, 91643, 97871
2026/09/22 21:46:19.729, 0, 89595, 97871
2026/09/22 21:46:19.729, 1, 89595, 97871
2026/09/22 21:46:19.729, 2, 89595, 97871
2026/09/22 21:46:19.729, 3, 91643, 97871
2026/09/22 21:46:19.929, 0, 89595, 97871
2026/09/22 21:46:19.929, 1, 89595, 97871
2026/09/22 21:46:19.929, 2, 89595, 97871
2026/09/22 21:46:19.929, 3, 91643, 97871
2026/09/22 21:46:20.129, 0, 89595, 97871
2026/09/22 21:46:20.129, 1, 89595, 97871
2026/09/22 21:46:20.129, 2, 89595, 97871
2026/09/22 21:46:20.129, 3, 91643, 97871
2026/09/22 21:46:20.330, 0, 89595, 97871
2026/09/22 21:46:20.330, 1, 89595, 97871
2026/09/22 21:46:20.330, 2, 89595, 97871
2026/09/22 21:46:20.330, 3, 91643, 97871
2026/09/22 21:46:20.530, 0, 89595, 97871
2026/09/22 21:46:20.530, 1, 89595, 97871
2026/09/22 21:46:20.530, 2, 89595, 97871
2026/09/22 21:46:20.530, 3, 91643, 97871
2026/09/22 21:46:20.730, 0, 89595, 97871
2026/09/22 21:46:20.730, 1, 89595, 97871
2026/09/22 21:46:20.730, 2, 89595, 97871
2026/09/22 21:46:20.730, 3, 91643, 97871
2026/09/22 21:46:20.930, 0, 89595, 97871
2026/09/22 21:46:20.930, 1, 89595, 97871
2026/09/22 21:46:20.930, 2, 89595, 97871
2026/09/22 21:46:20.930, 3, 91643, 97871
2026/09/22 21:46:21.130, 0, 89595, 97871
2026/09/22 21:46:21.131, 1, 89595, 97871
2026/09/22 21:46:21.131, 2, 89595, 97871
2026/09/22 21:46:21.131, 3, 91643, 97871
2026/09/22 21:46:21.331, 0, 89595, 97871
2026/09/22 21:46:21.331, 1, 89595, 97871
2026/09/22 21:46:21.331, 2, 89595, 97871
2026/09/22 21:46:21.331, 3, 91643, 97871
2026/09/22 21:46:21.531, 0, 89595, 97871
2026/09/22 21:46:21.531, 1, 89595, 97871
2026/09/22 21:46:21.531, 2, 89595, 97871
2026/09/22 21:46:21.531, 3, 91643, 97871
2026/09/22 21:46:21.731, 0, 89595, 97871
2026/09/22 21:46:21.731, 1, 89595, 97871
2026/09/22 21:46:21.731, 2, 89595, 97871
2026/09/22 21:46:21.731, 3, 91643, 97871
2026/09/22 21:46:21.931, 0, 89617, 97871
2026/09/22 21:46:21.931, 1, 89617, 97871
2026/09/22 21:46:21.931, 2, 89617, 97871
2026/09/22 21:46:21.931, 3, 91665, 97871
2026/09/22 21:46:22.131, 0, 89617, 97871
2026/09/22 21:46:22.132, 1, 89617, 97871
2026/09/22 21:46:22.132, 2, 89617, 97871
2026/09/22 21:46:22.132, 3, 91665, 97871
2026/09/22 21:46:22.332, 0, 89617, 97871
2026/09/22 21:46:22.332, 1, 89617, 97871
2026/09/22 21:46:22.332, 2, 89617, 97871
2026/09/22 21:46:22.332, 3, 91665, 97871
2026/09/22 21:46:22.532, 0, 89617, 97871
2026/09/22 21:46:22.532, 1, 89617, 97871
2026/09/22 21:46:22.532, 2, 89617, 97871
2026/09/22 21:46:22.532, 3, 91665, 97871
2026/09/22 21:46:22.733, 0, 89617, 97871
2026/09/22 21:46:22.733, 1, 89617, 97871
2026/09/22 21:46:22.733, 2, 89617, 97871
2026/09/22 21:46:22.733, 3, 91665, 97871
2026/09/22 21:46:22.933, 0, 89617, 97871
2026/09/22 21:46:22.933, 1, 89617, 97871
2026/09/22 21:46:22.933, 2, 89617, 97871
2026/09/22 21:46:22.933, 3, 91665, 97871
2026/09/22 21:46:23.133, 0, 89617, 97871
2026/09/22 21:46:23.133, 1, 89617, 97871
2026/09/22 21:46:23.133, 2, 89617, 97871
2026/09/22 21:46:23.134, 3, 91665, 97871
2026/09/22 21:46:23.334, 0, 89617, 97871
2026/09/22 21:46:23.334, 1, 89617, 97871
2026/09/22 21:46:23.334, 2, 89617, 97871
2026/09/22 21:46:23.334, 3, 91665, 97871
2026/09/22 21:46:23.534, 0, 89617, 97871
2026/09/22 21:46:23.534, 1, 89617, 97871
2026/09/22 21:46:23.534, 2, 89617, 97871
2026/09/22 21:46:23.534, 3, 91665, 97871
2026/09/22 21:46:23.734, 0, 89617, 97871
2026/09/22 21:46:23.735, 1, 89617, 97871
2026/09/22 21:46:23.735, 2, 89617, 97871
2026/09/22 21:46:23.735, 3, 91665, 97871
2026/09/22 21:46:23.935, 0, 89617, 97871
2026/09/22 21:46:23.935, 1, 89617, 97871
2026/09/22 21:46:23.935, 2, 89617, 97871
2026/09/22 21:46:23.935, 3, 91665, 97871
2026/09/22 21:46:24.135, 0, 89617, 97871
2026/09/22 21:46:24.135, 1, 89617, 97871
2026/09/22 21:46:24.135, 2, 89617, 97871
2026/09/22 21:46:24.136, 3, 91665, 97871
2026/09/22 21:46:24.336, 0, 89617, 97871
2026/09/22 21:46:24.336, 1, 89617, 97871
2026/09/22 21:46:24.336, 2, 89617, 97871
2026/09/22 21:46:24.336, 3, 91665, 97871
2026/09/22 21:46:24.536, 0, 89617, 97871
2026/09/22 21:46:24.536, 1, 89617, 97871
2026/09/22 21:46:24.536, 2, 89617, 97871
2026/09/22 21:46:24.536, 3, 91665, 97871
2026/09/22 21:46:24.736, 0, 89617, 97871
2026/09/22 21:46:24.736, 1, 89617, 97871
2026/09/22 21:46:24.736, 2, 89617, 97871
2026/09/22 21:46:24.737, 3, 91665, 97871
2026/09/22 21:46:24.937, 0, 89617, 97871
2026/09/22 21:46:24.937, 1, 89617, 97871
2026/09/22 21:46:24.937, 2, 89617, 97871
2026/09/22 21:46:24.937, 3, 91665, 97871
2026/09/22 21:46:25.137, 0, 89617, 97871
2026/09/22 21:46:25.137, 1, 89617, 97871
2026/09/22 21:46:25.137, 2, 89617, 97871
2026/09/22 21:46:25.137, 3, 91665, 97871
2026/09/22 21:46:25.337, 0, 89617, 97871
2026/09/22 21:46:25.338, 1, 89617, 97871
2026/09/22 21:46:25.338, 2, 89617, 97871
2026/09/22 21:46:25.338, 3, 91665, 97871
2026/09/22 21:46:25.538, 0, 89617, 97871
2026/09/22 21:46:25.538, 1, 89617, 97871
2026/09/22 21:46:25.538, 2, 89617, 97871
2026/09/22 21:46:25.538, 3, 91665, 97871
2026/09/22 21:46:25.738, 0, 89617, 97871
2026/09/22 21:46:25.738, 1, 89617, 97871
2026/09/22 21:46:25.738, 2, 89617, 97871
2026/09/22 21:46:25.738, 3, 91665, 97871
2026/09/22 21:46:25.938, 0, 89617, 97871
2026/09/22 21:46:25.938, 1, 89617, 97871
2026/09/22 21:46:25.938, 2, 89617, 97871
2026/09/22 21:46:25.938, 3, 91665, 97871
2026/09/22 21:46:26.138, 0, 89617, 97871
2026/09/22 21:46:26.138, 1, 89617, 97871
2026/09/22 21:46:26.138, 2, 89617, 97871
2026/09/22 21:46:26.139, 3, 91665, 97871
2026/09/22 21:46:26.339, 0, 89617, 97871
2026/09/22 21:46:26.339, 1, 89617, 97871
2026/09/22 21:46:26.339, 2, 89617, 97871
2026/09/22 21:46:26.339, 3, 91665, 97871
2026/09/22 21:46:26.539, 0, 89617, 97871
2026/09/22 21:46:26.539, 1, 89617, 97871
2026/09/22 21:46:26.539, 2, 89617, 97871
2026/09/22 21:46:26.539, 3, 91665, 97871
2026/09/22 21:46:26.739, 0, 89617, 97871
2026/09/22 21:46:26.739, 1, 89617, 97871
2026/09/22 21:46:26.739, 2, 89617, 97871
2026/09/22 21:46:26.739, 3, 91665, 97871
2026/09/22 21:46:26.939, 0, 89617, 97871
2026/09/22 21:46:26.939, 1, 89617, 97871
2026/09/22 21:46:26.939, 2, 89617, 97871
2026/09/22 21:46:26.939, 3, 91665, 97871
2026/09/22 21:46:27.140, 0, 89617, 97871
2026/09/22 21:46:27.140, 1, 89617, 97871
2026/09/22 21:46:27.140, 2, 89617, 97871
2026/09/22 21:46:27.140, 3, 91665, 97871
2026/09/22 21:46:27.340, 0, 89617, 97871
2026/09/22 21:46:27.340, 1, 89617, 97871
2026/09/22 21:46:27.340, 2, 89617, 97871
2026/09/22 21:46:27.340, 3, 91665, 97871
2026/09/22 21:46:27.540, 0, 89617, 97871
2026/09/22 21:46:27.540, 1, 89617, 97871
2026/09/22 21:46:27.540, 2, 89617, 97871
2026/09/22 21:46:27.540, 3, 91665, 97871
2026/09/22 21:46:27.740, 0, 89617, 97871
2026/09/22 21:46:27.740, 1, 89617, 97871
2026/09/22 21:46:27.740, 2, 89617, 97871
2026/09/22 21:46:27.741, 3, 91665, 97871
2026/09/22 21:46:27.941, 0, 89617, 97871
2026/09/22 21:46:27.941, 1, 89617, 97871
2026/09/22 21:46:27.941, 2, 89617, 97871
2026/09/22 21:46:27.941, 3, 91665, 97871
2026/09/22 21:46:28.141, 0, 89617, 97871
2026/09/22 21:46:28.141, 1, 89617, 97871
2026/09/22 21:46:28.141, 2, 89617, 97871
2026/09/22 21:46:28.141, 3, 91665, 97871
2026/09/22 21:46:28.341, 0, 89617, 97871
2026/09/22 21:46:28.367, 1, 89617, 97871
2026/09/22 21:46:28.397, 2, 89617, 97871
2026/09/22 21:46:28.412, 3, 91665, 97871
2026/09/22 21:46:28.612, 0, 89617, 97871
2026/09/22 21:46:28.634, 1, 89617, 97871
2026/09/22 21:46:28.666, 2, 89617, 97871
2026/09/22 21:46:28.681, 3, 91665, 97871
2026/09/22 21:46:28.881, 0, 89617, 97871
2026/09/22 21:46:28.881, 1, 89617, 97871
2026/09/22 21:46:28.881, 2, 89617, 97871
2026/09/22 21:46:28.881, 3, 91665, 97871
2026/09/22 21:46:29.081, 0, 89617, 97871
2026/09/22 21:46:29.081, 1, 89617, 97871
2026/09/22 21:46:29.081, 2, 89617, 97871
2026/09/22 21:46:29.081, 3, 91665, 97871
2026/09/22 21:46:29.281, 0, 89617, 97871
2026/09/22 21:46:29.281, 1, 89617, 97871
2026/09/22 21:46:29.281, 2, 89617, 97871
2026/09/22 21:46:29.281, 3, 91665, 97871
2026/09/22 21:46:29.481, 0, 89617, 97871
2026/09/22 21:46:29.482, 1, 89617, 97871
2026/09/22 21:46:29.482, 2, 89617, 97871
2026/09/22 21:46:29.482, 3, 91665, 97871
2026/09/22 21:46:29.682, 0, 89617, 97871
2026/09/22 21:46:29.706, 1, 89617, 97871
2026/09/22 21:46:29.735, 2, 89617, 97871
2026/09/22 21:46:29.735, 3, 91665, 97871
2026/09/22 21:46:29.935, 0, 89617, 97871
2026/09/22 21:46:29.935, 1, 89617, 97871
2026/09/22 21:46:29.935, 2, 89617, 97871
2026/09/22 21:46:29.935, 3, 91665, 97871
2026/09/22 21:46:30.136, 0, 89617, 97871
2026/09/22 21:46:30.136, 1, 89617, 97871
2026/09/22 21:46:30.136, 2, 89617, 97871
2026/09/22 21:46:30.136, 3, 91665, 97871
2026/09/22 21:46:30.336, 0, 89617, 97871
2026/09/22 21:46:30.336, 1, 89617, 97871
2026/09/22 21:46:30.336, 2, 89617, 97871
2026/09/22 21:46:30.336, 3, 91665, 97871
2026/09/22 21:46:30.536, 0, 89617, 97871
2026/09/22 21:46:30.536, 1, 89617, 97871
2026/09/22 21:46:30.536, 2, 89617, 97871
2026/09/22 21:46:30.536, 3, 91665, 97871
2026/09/22 21:46:30.736, 0, 89617, 97871
2026/09/22 21:46:30.736, 1, 89617, 97871
2026/09/22 21:46:30.736, 2, 89617, 97871
2026/09/22 21:46:30.736, 3, 91665, 97871
2026/09/22 21:46:30.936, 0, 89617, 97871
2026/09/22 21:46:30.937, 1, 89617, 97871
2026/09/22 21:46:30.937, 2, 89617, 97871
2026/09/22 21:46:30.937, 3, 91665, 97871
2026/09/22 21:46:31.137, 0, 89617, 97871
2026/09/22 21:46:31.137, 1, 89617, 97871
2026/09/22 21:46:31.137, 2, 89617, 97871
2026/09/22 21:46:31.137, 3, 91665, 97871
2026/09/22 21:46:31.337, 0, 89617, 97871
2026/09/22 21:46:31.337, 1, 89617, 97871
2026/09/22 21:46:31.337, 2, 89617, 97871
2026/09/22 21:46:31.337, 3, 91665, 97871
2026/09/22 21:46:31.537, 0, 89617, 97871
2026/09/22 21:46:31.537, 1, 89617, 97871
2026/09/22 21:46:31.537, 2, 89617, 97871
2026/09/22 21:46:31.537, 3, 91665, 97871
2026/09/22 21:46:31.737, 0, 89617, 97871
2026/09/22 21:46:31.737, 1, 89617, 97871
2026/09/22 21:46:31.737, 2, 89617, 97871
2026/09/22 21:46:31.738, 3, 91665, 97871
2026/09/22 21:46:31.938, 0, 89617, 97871
2026/09/22 21:46:31.938, 1, 89617, 97871
2026/09/22 21:46:31.938, 2, 89617, 97871
2026/09/22 21:46:31.938, 3, 91665, 97871
2026/09/22 21:46:32.138, 0, 89617, 97871
2026/09/22 21:46:32.138, 1, 89617, 97871
2026/09/22 21:46:32.138, 2, 89617, 97871
2026/09/22 21:46:32.138, 3, 91665, 97871
2026/09/22 21:46:32.338, 0, 89617, 97871
2026/09/22 21:46:32.338, 1, 89617, 97871
2026/09/22 21:46:32.338, 2, 89617, 97871
2026/09/22 21:46:32.338, 3, 91665, 97871
2026/09/22 21:46:32.538, 0, 89617, 97871
2026/09/22 21:46:32.538, 1, 89617, 97871
2026/09/22 21:46:32.538, 2, 89617, 97871
2026/09/22 21:46:32.538, 3, 91665, 97871
2026/09/22 21:46:32.739, 0, 89617, 97871
2026/09/22 21:46:32.739, 1, 89617, 97871
2026/09/22 21:46:32.739, 2, 89617, 97871
2026/09/22 21:46:32.739, 3, 91665, 97871
2026/09/22 21:46:32.939, 0, 89617, 97871
2026/09/22 21:46:32.939, 1, 89617, 97871
2026/09/22 21:46:32.939, 2, 89617, 97871
2026/09/22 21:46:32.939, 3, 91665, 97871
2026/09/22 21:46:33.139, 0, 89617, 97871
2026/09/22 21:46:33.139, 1, 89617, 97871
2026/09/22 21:46:33.139, 2, 89617, 97871
2026/09/22 21:46:33.139, 3, 91665, 97871
2026/09/22 21:46:33.339, 0, 89617, 97871
2026/09/22 21:46:33.339, 1, 89617, 97871
2026/09/22 21:46:33.339, 2, 89617, 97871
2026/09/22 21:46:33.339, 3, 91665, 97871
2026/09/22 21:46:33.540, 0, 89617, 97871
2026/09/22 21:46:33.540, 1, 89617, 97871
2026/09/22 21:46:33.540, 2, 89617, 97871
2026/09/22 21:46:33.540, 3, 91665, 97871
2026/09/22 21:46:33.740, 0, 89617, 97871
2026/09/22 21:46:33.740, 1, 89617, 97871
2026/09/22 21:46:33.740, 2, 89617, 97871
2026/09/22 21:46:33.740, 3, 91665, 97871
2026/09/22 21:46:33.940, 0, 89617, 97871
2026/09/22 21:46:33.940, 1, 89617, 97871
2026/09/22 21:46:33.940, 2, 89617, 97871
2026/09/22 21:46:33.940, 3, 91665, 97871
2026/09/22 21:46:34.140, 0, 89617, 97871
2026/09/22 21:46:34.140, 1, 89617, 97871
2026/09/22 21:46:34.141, 2, 89617, 97871
2026/09/22 21:46:34.141, 3, 91665, 97871
2026/09/22 21:46:34.341, 0, 89617, 97871
2026/09/22 21:46:34.341, 1, 89617, 97871
2026/09/22 21:46:34.341, 2, 89617, 97871
2026/09/22 21:46:34.341, 3, 91665, 97871
2026/09/22 21:46:34.541, 0, 89617, 97871
2026/09/22 21:46:34.541, 1, 89617, 97871
2026/09/22 21:46:34.541, 2, 89617, 97871
2026/09/22 21:46:34.541, 3, 91665, 97871
2026/09/22 21:46:34.741, 0, 89617, 97871
2026/09/22 21:46:34.741, 1, 89617, 97871
2026/09/22 21:46:34.741, 2, 89617, 97871
2026/09/22 21:46:34.741, 3, 91665, 97871
2026/09/22 21:46:34.941, 0, 89617, 97871
2026/09/22 21:46:34.941, 1, 89617, 97871
2026/09/22 21:46:34.941, 2, 89617, 97871
2026/09/22 21:46:34.942, 3, 91665, 97871
2026/09/22 21:46:35.142, 0, 89617, 97871
2026/09/22 21:46:35.142, 1, 89617, 97871
2026/09/22 21:46:35.142, 2, 89617, 97871
2026/09/22 21:46:35.142, 3, 91665, 97871
2026/09/22 21:46:35.342, 0, 89617, 97871
2026/09/22 21:46:35.342, 1, 89617, 97871
2026/09/22 21:46:35.342, 2, 89617, 97871
2026/09/22 21:46:35.342, 3, 91665, 97871
2026/09/22 21:46:35.542, 0, 89617, 97871
2026/09/22 21:46:35.542, 1, 89617, 97871
2026/09/22 21:46:35.542, 2, 89617, 97871
2026/09/22 21:46:35.542, 3, 91665, 97871
2026/09/22 21:46:35.742, 0, 89617, 97871
2026/09/22 21:46:35.742, 1, 89617, 97871
2026/09/22 21:46:35.742, 2, 89617, 97871
2026/09/22 21:46:35.742, 3, 91665, 97871
2026/09/22 21:46:35.942, 0, 89617, 97871
2026/09/22 21:46:35.943, 1, 89617, 97871
2026/09/22 21:46:35.943, 2, 89617, 97871
2026/09/22 21:46:35.943, 3, 91665, 97871
2026/09/22 21:46:36.143, 0, 89617, 97871
2026/09/22 21:46:36.143, 1, 89617, 97871
2026/09/22 21:46:36.143, 2, 89617, 97871
2026/09/22 21:46:36.143, 3, 91665, 97871
2026/09/22 21:46:36.343, 0, 89617, 97871
2026/09/22 21:46:36.343, 1, 89617, 97871
2026/09/22 21:46:36.343, 2, 89617, 97871
2026/09/22 21:46:36.343, 3, 91665, 97871
2026/09/22 21:46:36.543, 0, 89617, 97871
2026/09/22 21:46:36.543, 1, 89617, 97871
2026/09/22 21:46:36.543, 2, 89617, 97871
2026/09/22 21:46:36.543, 3, 91665, 97871
2026/09/22 21:46:36.743, 0, 89617, 97871
2026/09/22 21:46:36.743, 1, 89617, 97871
2026/09/22 21:46:36.743, 2, 89617, 97871
2026/09/22 21:46:36.743, 3, 91665, 97871
2026/09/22 21:46:36.943, 0, 89617, 97871
2026/09/22 21:46:36.943, 1, 89617, 97871
2026/09/22 21:46:36.944, 2, 89617, 97871
2026/09/22 21:46:36.944, 3, 91665, 97871
2026/09/22 21:46:37.144, 0, 89617, 97871
2026/09/22 21:46:37.144, 1, 89617, 97871
2026/09/22 21:46:37.144, 2, 89617, 97871
2026/09/22 21:46:37.144, 3, 91665, 97871
2026/09/22 21:46:37.344, 0, 89617, 97871
2026/09/22 21:46:37.344, 1, 89617, 97871
2026/09/22 21:46:37.344, 2, 89617, 97871
2026/09/22 21:46:37.344, 3, 91665, 97871
2026/09/22 21:46:37.544, 0, 89617, 97871
2026/09/22 21:46:37.544, 1, 89617, 97871
2026/09/22 21:46:37.544, 2, 89617, 97871
2026/09/22 21:46:37.544, 3, 91665, 97871
2026/09/22 21:46:37.744, 0, 89617, 97871
2026/09/22 21:46:37.744, 1, 89617, 97871
2026/09/22 21:46:37.744, 2, 89617, 97871
2026/09/22 21:46:37.745, 3, 91665, 97871
2026/09/22 21:46:37.945, 0, 89617, 97871
2026/09/22 21:46:37.945, 1, 89617, 97871
2026/09/22 21:46:37.945, 2, 89617, 97871
2026/09/22 21:46:37.945, 3, 91665, 97871
2026/09/22 21:46:38.145, 0, 89617, 97871
2026/09/22 21:46:38.145, 1, 89617, 97871
2026/09/22 21:46:38.145, 2, 89617, 97871
2026/09/22 21:46:38.145, 3, 91665, 97871
2026/09/22 21:46:38.345, 0, 89617, 97871
2026/09/22 21:46:38.345, 1, 89617, 97871
2026/09/22 21:46:38.346, 2, 89617, 97871
2026/09/22 21:46:38.346, 3, 91665, 97871
2026/09/22 21:46:38.546, 0, 89617, 97871
2026/09/22 21:46:38.546, 1, 89617, 97871
2026/09/22 21:46:38.548, 2, 89617, 97871
2026/09/22 21:46:38.548, 3, 91665, 97871
2026/09/22 21:46:38.748, 0, 89617, 97871
2026/09/22 21:46:38.748, 1, 89617, 97871
2026/09/22 21:46:38.749, 2, 89617, 97871
2026/09/22 21:46:38.749, 3, 91665, 97871
2026/09/22 21:46:38.949, 0, 89617, 97871
2026/09/22 21:46:38.949, 1, 89617, 97871
2026/09/22 21:46:38.949, 2, 89617, 97871
2026/09/22 21:46:38.949, 3, 91665, 97871
2026/09/22 21:46:39.149, 0, 89617, 97871
2026/09/22 21:46:39.149, 1, 89617, 97871
2026/09/22 21:46:39.149, 2, 89617, 97871
2026/09/22 21:46:39.149, 3, 91665, 97871
2026/09/22 21:46:39.349, 0, 89617, 97871
2026/09/22 21:46:39.349, 1, 89617, 97871
2026/09/22 21:46:39.350, 2, 89617, 97871
2026/09/22 21:46:39.350, 3, 91665, 97871
2026/09/22 21:46:39.550, 0, 89617, 97871
2026/09/22 21:46:39.550, 1, 89617, 97871
2026/09/22 21:46:39.550, 2, 89617, 97871
2026/09/22 21:46:39.550, 3, 91665, 97871
2026/09/22 21:46:39.750, 0, 89617, 97871
2026/09/22 21:46:39.750, 1, 89617, 97871
2026/09/22 21:46:39.750, 2, 89617, 97871
2026/09/22 21:46:39.750, 3, 91665, 97871
2026/09/22 21:46:39.950, 0, 89617, 97871
2026/09/22 21:46:39.950, 1, 89617, 97871
2026/09/22 21:46:39.951, 2, 89617, 97871
2026/09/22 21:46:39.951, 3, 91665, 97871
2026/09/22 21:46:40.151, 0, 89617, 97871
2026/09/22 21:46:40.151, 1, 89617, 97871
2026/09/22 21:46:40.151, 2, 89617, 97871
2026/09/22 21:46:40.151, 3, 91665, 97871
2026/09/22 21:46:40.351, 0, 89617, 97871
2026/09/22 21:46:40.351, 1, 89617, 97871
2026/09/22 21:46:40.351, 2, 89617, 97871
2026/09/22 21:46:40.351, 3, 91665, 97871
2026/09/22 21:46:40.551, 0, 89617, 97871
2026/09/22 21:46:40.551, 1, 89617, 97871
2026/09/22 21:46:40.551, 2, 89617, 97871
2026/09/22 21:46:40.551, 3, 91665, 97871
2026/09/22 21:46:40.751, 0, 89617, 97871
2026/09/22 21:46:40.751, 1, 89617, 97871
2026/09/22 21:46:40.751, 2, 89617, 97871
2026/09/22 21:46:40.752, 3, 91665, 97871
2026/09/22 21:46:40.952, 0, 89617, 97871
2026/09/22 21:46:40.952, 1, 89617, 97871
2026/09/22 21:46:40.952, 2, 89617, 97871
2026/09/22 21:46:40.952, 3, 91665, 97871
2026/09/22 21:46:41.152, 0, 89617, 97871
2026/09/22 21:46:41.152, 1, 89617, 97871
2026/09/22 21:46:41.152, 2, 89617, 97871
2026/09/22 21:46:41.152, 3, 91665, 97871
2026/09/22 21:46:41.352, 0, 89617, 97871
2026/09/22 21:46:41.352, 1, 89617, 97871
2026/09/22 21:46:41.352, 2, 89617, 97871
2026/09/22 21:46:41.352, 3, 91665, 97871
2026/09/22 21:46:41.552, 0, 89617, 97871
2026/09/22 21:46:41.552, 1, 89617, 97871
2026/09/22 21:46:41.553, 2, 89617, 97871
2026/09/22 21:46:41.553, 3, 91665, 97871
2026/09/22 21:46:41.753, 0, 89617, 97871
2026/09/22 21:46:41.753, 1, 89617, 97871
2026/09/22 21:46:41.753, 2, 89617, 97871
2026/09/22 21:46:41.753, 3, 91665, 97871
2026/09/22 21:46:41.953, 0, 89617, 97871
2026/09/22 21:46:41.953, 1, 89617, 97871
2026/09/22 21:46:41.953, 2, 89617, 97871
2026/09/22 21:46:41.953, 3, 91665, 97871
2026/09/22 21:46:42.153, 0, 89617, 97871
2026/09/22 21:46:42.153, 1, 89617, 97871
2026/09/22 21:46:42.153, 2, 89617, 97871
2026/09/22 21:46:42.153, 3, 91665, 97871
2026/09/22 21:46:42.354, 0, 89617, 97871
2026/09/22 21:46:42.354, 1, 89617, 97871
2026/09/22 21:46:42.354, 2, 89617, 97871
2026/09/22 21:46:42.354, 3, 91665, 97871
2026/09/22 21:46:42.554, 0, 89617, 97871
2026/09/22 21:46:42.554, 1, 89617, 97871
2026/09/22 21:46:42.554, 2, 89617, 97871
2026/09/22 21:46:42.554, 3, 91665, 97871
2026/09/22 21:46:42.754, 0, 89617, 97871
2026/09/22 21:46:42.754, 1, 89617, 97871
2026/09/22 21:46:42.754, 2, 89617, 97871
2026/09/22 21:46:42.754, 3, 91665, 97871
2026/09/22 21:46:42.954, 0, 89617, 97871
2026/09/22 21:46:42.954, 1, 89617, 97871
2026/09/22 21:46:42.954, 2, 89617, 97871
2026/09/22 21:46:42.954, 3, 91665, 97871
2026/09/22 21:46:43.155, 0, 89617, 97871
2026/09/22 21:46:43.155, 1, 89617, 97871
2026/09/22 21:46:43.155, 2, 89617, 97871
2026/09/22 21:46:43.155, 3, 91665, 97871
2026/09/22 21:46:43.355, 0, 89617, 97871
2026/09/22 21:46:43.355, 1, 89617, 97871
2026/09/22 21:46:43.355, 2, 89617, 97871
2026/09/22 21:46:43.355, 3, 91665, 97871
2026/09/22 21:46:43.555, 0, 89617, 97871
2026/09/22 21:46:43.555, 1, 89617, 97871
2026/09/22 21:46:43.555, 2, 89617, 97871
2026/09/22 21:46:43.555, 3, 91665, 97871
2026/09/22 21:46:43.755, 0, 89617, 97871
2026/09/22 21:46:43.755, 1, 89617, 97871
2026/09/22 21:46:43.756, 2, 89617, 97871
2026/09/22 21:46:43.756, 3, 91665, 97871
2026/09/22 21:46:43.956, 0, 89617, 97871
2026/09/22 21:46:43.956, 1, 89617, 97871
2026/09/22 21:46:43.956, 2, 89617, 97871
2026/09/22 21:46:43.956, 3, 91665, 97871
2026/09/22 21:46:44.156, 0, 89617, 97871
2026/09/22 21:46:44.156, 1, 89617, 97871
2026/09/22 21:46:44.156, 2, 89617, 97871
2026/09/22 21:46:44.156, 3, 91665, 97871
2026/09/22 21:46:44.356, 0, 89617, 97871
2026/09/22 21:46:44.356, 1, 89617, 97871
2026/09/22 21:46:44.356, 2, 89617, 97871
2026/09/22 21:46:44.356, 3, 91665, 97871
2026/09/22 21:46:44.557, 0, 89617, 97871
2026/09/22 21:46:44.557, 1, 89617, 97871
2026/09/22 21:46:44.557, 2, 89617, 97871
2026/09/22 21:46:44.557, 3, 91665, 97871
2026/09/22 21:46:44.757, 0, 89617, 97871
2026/09/22 21:46:44.757, 1, 89617, 97871
2026/09/22 21:46:44.757, 2, 89617, 97871
2026/09/22 21:46:44.757, 3, 91665, 97871
2026/09/22 21:46:44.957, 0, 89617, 97871
2026/09/22 21:46:44.957, 1, 89617, 97871
2026/09/22 21:46:44.957, 2, 89617, 97871
2026/09/22 21:46:44.957, 3, 91665, 97871
2026/09/22 21:46:45.157, 0, 89617, 97871
2026/09/22 21:46:45.157, 1, 89617, 97871
2026/09/22 21:46:45.157, 2, 89617, 97871
2026/09/22 21:46:45.158, 3, 91665, 97871
2026/09/22 21:46:45.358, 0, 89617, 97871
2026/09/22 21:46:45.358, 1, 89617, 97871
2026/09/22 21:46:45.358, 2, 89617, 97871
2026/09/22 21:46:45.358, 3, 91665, 97871
2026/09/22 21:46:45.558, 0, 89617, 97871
2026/09/22 21:46:45.558, 1, 89617, 97871
2026/09/22 21:46:45.558, 2, 89617, 97871
2026/09/22 21:46:45.558, 3, 91665, 97871
2026/09/22 21:46:45.758, 0, 89617, 97871
2026/09/22 21:46:45.758, 1, 89617, 97871
2026/09/22 21:46:45.758, 2, 89617, 97871
2026/09/22 21:46:45.758, 3, 91665, 97871
2026/09/22 21:46:45.958, 0, 89617, 97871
2026/09/22 21:46:45.958, 1, 89617, 97871
2026/09/22 21:46:45.959, 2, 89617, 97871
2026/09/22 21:46:45.959, 3, 91665, 97871
2026/09/22 21:46:46.159, 0, 89617, 97871
2026/09/22 21:46:46.159, 1, 89617, 97871
2026/09/22 21:46:46.159, 2, 89617, 97871
2026/09/22 21:46:46.159, 3, 91665, 97871
2026/09/22 21:46:46.359, 0, 89617, 97871
2026/09/22 21:46:46.359, 1, 89617, 97871
2026/09/22 21:46:46.359, 2, 89617, 97871
2026/09/22 21:46:46.359, 3, 91665, 97871
2026/09/22 21:46:46.559, 0, 89617, 97871
2026/09/22 21:46:46.559, 1, 89617, 97871
2026/09/22 21:46:46.559, 2, 89617, 97871
2026/09/22 21:46:46.559, 3, 91665, 97871
2026/09/22 21:46:46.759, 0, 89617, 97871
2026/09/22 21:46:46.760, 1, 89617, 97871
2026/09/22 21:46:46.760, 2, 89617, 97871
2026/09/22 21:46:46.760, 3, 91665, 97871
2026/09/22 21:46:46.960, 0, 89617, 97871
2026/09/22 21:46:46.960, 1, 89617, 97871
2026/09/22 21:46:46.960, 2, 89617, 97871
2026/09/22 21:46:46.960, 3, 91665, 97871
2026/09/22 21:46:47.160, 0, 89617, 97871
2026/09/22 21:46:47.160, 1, 89617, 97871
2026/09/22 21:46:47.160, 2, 89617, 97871
2026/09/22 21:46:47.160, 3, 91665, 97871
2026/09/22 21:46:47.360, 0, 89617, 97871
2026/09/22 21:46:47.360, 1, 89617, 97871
2026/09/22 21:46:47.360, 2, 89617, 97871
2026/09/22 21:46:47.360, 3, 91665, 97871
2026/09/22 21:46:47.560, 0, 89617, 97871
2026/09/22 21:46:47.560, 1, 89617, 97871
2026/09/22 21:46:47.561, 2, 89617, 97871
2026/09/22 21:46:47.561, 3, 91665, 97871
2026/09/22 21:46:47.761, 0, 89617, 97871
2026/09/22 21:46:47.761, 1, 89617, 97871
2026/09/22 21:46:47.761, 2, 89617, 97871
2026/09/22 21:46:47.761, 3, 91665, 97871
2026/09/22 21:46:47.961, 0, 89617, 97871
2026/09/22 21:46:47.961, 1, 89617, 97871
2026/09/22 21:46:47.961, 2, 89617, 97871
2026/09/22 21:46:47.961, 3, 91665, 97871
2026/09/22 21:46:48.161, 0, 89617, 97871
2026/09/22 21:46:48.161, 1, 89617, 97871
2026/09/22 21:46:48.161, 2, 89617, 97871
2026/09/22 21:46:48.162, 3, 91665, 97871
2026/09/22 21:46:48.362, 0, 89617, 97871
2026/09/22 21:46:48.362, 1, 89617, 97871
2026/09/22 21:46:48.362, 2, 89617, 97871
2026/09/22 21:46:48.362, 3, 91665, 97871
2026/09/22 21:46:48.562, 0, 89617, 97871
2026/09/22 21:46:48.562, 1, 89617, 97871
2026/09/22 21:46:48.562, 2, 89617, 97871
2026/09/22 21:46:48.562, 3, 91665, 97871
2026/09/22 21:46:48.762, 0, 89617, 97871
2026/09/22 21:46:48.762, 1, 89617, 97871
2026/09/22 21:46:48.762, 2, 89617, 97871
2026/09/22 21:46:48.762, 3, 91665, 97871
2026/09/22 21:46:48.962, 0, 89617, 97871
2026/09/22 21:46:48.963, 1, 89617, 97871
2026/09/22 21:46:48.963, 2, 89617, 97871
2026/09/22 21:46:48.963, 3, 91665, 97871
2026/09/22 21:46:49.163, 0, 89617, 97871
2026/09/22 21:46:49.163, 1, 89617, 97871
2026/09/22 21:46:49.163, 2, 89617, 97871
2026/09/22 21:46:49.163, 3, 91665, 97871
2026/09/22 21:46:49.363, 0, 89617, 97871
2026/09/22 21:46:49.363, 1, 89617, 97871
2026/09/22 21:46:49.363, 2, 89617, 97871
2026/09/22 21:46:49.363, 3, 91665, 97871
2026/09/22 21:46:49.563, 0, 89617, 97871
2026/09/22 21:46:49.563, 1, 89617, 97871
2026/09/22 21:46:49.563, 2, 89617, 97871
2026/09/22 21:46:49.563, 3, 91665, 97871
2026/09/22 21:46:49.764, 0, 89617, 97871
2026/09/22 21:46:49.764, 1, 89617, 97871
2026/09/22 21:46:49.764, 2, 89617, 97871
2026/09/22 21:46:49.764, 3, 91665, 97871
2026/09/22 21:46:49.964, 0, 89617, 97871
2026/09/22 21:46:49.964, 1, 89617, 97871
2026/09/22 21:46:49.964, 2, 89617, 97871
2026/09/22 21:46:49.964, 3, 91665, 97871
2026/09/22 21:46:50.164, 0, 89617, 97871
2026/09/22 21:46:50.164, 1, 89617, 97871
2026/09/22 21:46:50.164, 2, 89617, 97871
2026/09/22 21:46:50.164, 3, 91665, 97871
2026/09/22 21:46:50.364, 0, 89617, 97871
2026/09/22 21:46:50.364, 1, 89617, 97871
2026/09/22 21:46:50.364, 2, 89617, 97871
2026/09/22 21:46:50.364, 3, 91665, 97871
2026/09/22 21:46:50.565, 0, 89617, 97871
2026/09/22 21:46:50.565, 1, 89617, 97871
2026/09/22 21:46:50.565, 2, 89617, 97871
2026/09/22 21:46:50.565, 3, 91665, 97871
2026/09/22 21:46:50.765, 0, 89617, 97871
2026/09/22 21:46:50.765, 1, 89617, 97871
2026/09/22 21:46:50.765, 2, 89617, 97871
2026/09/22 21:46:50.765, 3, 91665, 97871
2026/09/22 21:46:50.965, 0, 89617, 97871
2026/09/22 21:46:50.965, 1, 89617, 97871
2026/09/22 21:46:50.965, 2, 89617, 97871
2026/09/22 21:46:50.965, 3, 91665, 97871
2026/09/22 21:46:51.165, 0, 89617, 97871
2026/09/22 21:46:51.165, 1, 89617, 97871
2026/09/22 21:46:51.165, 2, 89617, 97871
2026/09/22 21:46:51.165, 3, 91665, 97871
2026/09/22 21:46:51.366, 0, 89617, 97871
2026/09/22 21:46:51.366, 1, 89617, 97871
2026/09/22 21:46:51.366, 2, 89617, 97871
2026/09/22 21:46:51.366, 3, 91665, 97871
2026/09/22 21:46:51.566, 0, 89617, 97871
2026/09/22 21:46:51.566, 1, 89617, 97871
2026/09/22 21:46:51.566, 2, 89617, 97871
2026/09/22 21:46:51.566, 3, 91665, 97871
2026/09/22 21:46:51.766, 0, 89617, 97871
2026/09/22 21:46:51.766, 1, 89617, 97871
2026/09/22 21:46:51.766, 2, 89617, 97871
2026/09/22 21:46:51.766, 3, 91665, 97871
2026/09/22 21:46:51.966, 0, 89617, 97871
2026/09/22 21:46:51.966, 1, 89617, 97871
2026/09/22 21:46:51.966, 2, 89617, 97871
2026/09/22 21:46:51.966, 3, 91665, 97871
2026/09/22 21:46:52.167, 0, 89617, 97871
2026/09/22 21:46:52.167, 1, 89617, 97871
2026/09/22 21:46:52.167, 2, 89617, 97871
2026/09/22 21:46:52.167, 3, 91665, 97871
2026/09/22 21:46:52.367, 0, 89617, 97871
2026/09/22 21:46:52.367, 1, 89617, 97871
2026/09/22 21:46:52.367, 2, 89617, 97871
2026/09/22 21:46:52.367, 3, 91665, 97871
2026/09/22 21:46:52.567, 0, 89617, 97871
2026/09/22 21:46:52.567, 1, 89617, 97871
2026/09/22 21:46:52.567, 2, 89617, 97871
2026/09/22 21:46:52.567, 3, 91665, 97871
2026/09/22 21:46:52.767, 0, 89617, 97871
2026/09/22 21:46:52.767, 1, 89617, 97871
2026/09/22 21:46:52.767, 2, 89617, 97871
2026/09/22 21:46:52.767, 3, 91665, 97871
2026/09/22 21:46:52.967, 0, 89617, 97871
2026/09/22 21:46:52.967, 1, 89617, 97871
2026/09/22 21:46:52.967, 2, 89617, 97871
2026/09/22 21:46:52.968, 3, 91665, 97871
2026/09/22 21:46:53.168, 0, 89617, 97871
2026/09/22 21:46:53.168, 1, 89617, 97871
2026/09/22 21:46:53.168, 2, 89617, 97871
2026/09/22 21:46:53.168, 3, 91665, 97871
2026/09/22 21:46:53.368, 0, 89617, 97871
2026/09/22 21:46:53.368, 1, 89617, 97871
2026/09/22 21:46:53.368, 2, 89617, 97871
2026/09/22 21:46:53.368, 3, 91665, 97871
2026/09/22 21:46:53.568, 0, 89617, 97871
2026/09/22 21:46:53.568, 1, 89617, 97871
2026/09/22 21:46:53.568, 2, 89617, 97871
2026/09/22 21:46:53.568, 3, 91665, 97871
2026/09/22 21:46:53.768, 0, 89617, 97871
2026/09/22 21:46:53.768, 1, 89617, 97871
2026/09/22 21:46:53.769, 2, 89617, 97871
2026/09/22 21:46:53.769, 3, 91665, 97871
2026/09/22 21:46:53.969, 0, 89617, 97871
2026/09/22 21:46:53.969, 1, 89617, 97871
2026/09/22 21:46:53.969, 2, 89617, 97871
2026/09/22 21:46:53.969, 3, 91665, 97871
2026/09/22 21:46:54.169, 0, 89617, 97871
2026/09/22 21:46:54.169, 1, 89617, 97871
2026/09/22 21:46:54.169, 2, 89617, 97871
2026/09/22 21:46:54.169, 3, 91665, 97871
2026/09/22 21:46:54.369, 0, 89617, 97871
2026/09/22 21:46:54.369, 1, 89617, 97871
2026/09/22 21:46:54.369, 2, 89617, 97871
2026/09/22 21:46:54.369, 3, 91665, 97871
2026/09/22 21:46:54.570, 0, 89617, 97871
2026/09/22 21:46:54.570, 1, 89617, 97871
2026/09/22 21:46:54.570, 2, 89617, 97871
2026/09/22 21:46:54.570, 3, 91665, 97871
2026/09/22 21:46:54.770, 0, 89617, 97871
2026/09/22 21:46:54.770, 1, 89617, 97871
2026/09/22 21:46:54.770, 2, 89617, 97871
2026/09/22 21:46:54.770, 3, 91665, 97871
2026/09/22 21:46:54.970, 0, 89617, 97871
2026/09/22 21:46:54.970, 1, 89617, 97871
2026/09/22 21:46:54.970, 2, 89617, 97871
2026/09/22 21:46:54.970, 3, 91665, 97871
2026/09/22 21:46:55.170, 0, 89617, 97871
2026/09/22 21:46:55.170, 1, 89617, 97871
2026/09/22 21:46:55.170, 2, 89617, 97871
2026/09/22 21:46:55.170, 3, 91665, 97871
2026/09/22 21:46:55.371, 0, 89617, 97871
2026/09/22 21:46:55.371, 1, 89617, 97871
2026/09/22 21:46:55.371, 2, 89617, 97871
2026/09/22 21:46:55.371, 3, 91665, 97871
2026/09/22 21:46:55.571, 0, 89617, 97871
2026/09/22 21:46:55.571, 1, 89617, 97871
2026/09/22 21:46:55.571, 2, 89617, 97871
2026/09/22 21:46:55.571, 3, 91665, 97871
2026/09/22 21:46:55.771, 0, 89617, 97871
2026/09/22 21:46:55.771, 1, 89617, 97871
2026/09/22 21:46:55.771, 2, 89617, 97871
2026/09/22 21:46:55.771, 3, 91665, 97871
2026/09/22 21:46:55.971, 0, 89617, 97871
2026/09/22 21:46:55.971, 1, 89617, 97871
2026/09/22 21:46:55.971, 2, 89617, 97871
2026/09/22 21:46:55.971, 3, 91665, 97871
2026/09/22 21:46:56.171, 0, 89617, 97871
2026/09/22 21:46:56.171, 1, 89617, 97871
2026/09/22 21:46:56.171, 2, 89617, 97871
2026/09/22 21:46:56.172, 3, 91665, 97871
2026/09/22 21:46:56.372, 0, 89617, 97871
2026/09/22 21:46:56.372, 1, 89617, 97871
2026/09/22 21:46:56.372, 2, 89617, 97871
2026/09/22 21:46:56.372, 3, 91665, 97871
2026/09/22 21:46:56.572, 0, 89617, 97871
2026/09/22 21:46:56.572, 1, 89617, 97871
2026/09/22 21:46:56.572, 2, 89617, 97871
2026/09/22 21:46:56.572, 3, 91665, 97871
2026/09/22 21:46:56.772, 0, 89617, 97871
2026/09/22 21:46:56.772, 1, 89617, 97871
2026/09/22 21:46:56.772, 2, 89617, 97871
2026/09/22 21:46:56.772, 3, 91665, 97871
2026/09/22 21:46:56.972, 0, 89617, 97871
2026/09/22 21:46:56.972, 1, 89617, 97871
2026/09/22 21:46:56.972, 2, 89617, 97871
2026/09/22 21:46:56.972, 3, 91665, 97871
2026/09/22 21:46:57.173, 0, 89617, 97871
2026/09/22 21:46:57.173, 1, 89617, 97871
2026/09/22 21:46:57.173, 2, 89617, 97871
2026/09/22 21:46:57.173, 3, 91665, 97871
2026/09/22 21:46:57.373, 0, 89617, 97871
2026/09/22 21:46:57.373, 1, 89617, 97871
2026/09/22 21:46:57.373, 2, 89617, 97871
2026/09/22 21:46:57.373, 3, 91665, 97871
2026/09/22 21:46:57.573, 0, 89617, 97871
2026/09/22 21:46:57.573, 1, 89617, 97871
2026/09/22 21:46:57.573, 2, 89617, 97871
2026/09/22 21:46:57.573, 3, 91665, 97871
2026/09/22 21:46:57.773, 0, 89617, 97871
2026/09/22 21:46:57.773, 1, 89617, 97871
2026/09/22 21:46:57.773, 2, 89617, 97871
2026/09/22 21:46:57.773, 3, 91665, 97871
2026/09/22 21:46:57.973, 0, 89617, 97871
2026/09/22 21:46:57.973, 1, 89617, 97871
2026/09/22 21:46:57.974, 2, 89617, 97871
2026/09/22 21:46:57.974, 3, 91665, 97871
2026/09/22 21:46:58.174, 0, 89617, 97871
2026/09/22 21:46:58.174, 1, 89617, 97871
2026/09/22 21:46:58.174, 2, 89617, 97871
2026/09/22 21:46:58.174, 3, 91665, 97871
2026/09/22 21:46:58.374, 0, 89617, 97871
2026/09/22 21:46:58.374, 1, 89617, 97871
2026/09/22 21:46:58.374, 2, 89617, 97871
2026/09/22 21:46:58.374, 3, 91665, 97871
2026/09/22 21:46:58.574, 0, 89617, 97871
2026/09/22 21:46:58.574, 1, 89617, 97871
2026/09/22 21:46:58.574, 2, 89617, 97871
2026/09/22 21:46:58.574, 3, 91665, 97871
2026/09/22 21:46:58.775, 0, 89617, 97871
2026/09/22 21:46:58.775, 1, 89617, 97871
2026/09/22 21:46:58.775, 2, 89617, 97871
2026/09/22 21:46:58.775, 3, 91665, 97871
2026/09/22 21:46:58.975, 0, 89617, 97871
2026/09/22 21:46:58.975, 1, 89617, 97871
2026/09/22 21:46:58.975, 2, 89617, 97871
2026/09/22 21:46:58.975, 3, 91665, 97871
2026/09/22 21:46:59.175, 0, 89617, 97871
2026/09/22 21:46:59.175, 1, 89617, 97871
2026/09/22 21:46:59.175, 2, 89617, 97871
2026/09/22 21:46:59.175, 3, 91665, 97871
2026/09/22 21:46:59.375, 0, 89617, 97871
2026/09/22 21:46:59.375, 1, 89617, 97871
2026/09/22 21:46:59.375, 2, 89617, 97871
2026/09/22 21:46:59.375, 3, 91665, 97871
2026/09/22 21:46:59.576, 0, 89617, 97871
2026/09/22 21:46:59.576, 1, 89617, 97871
2026/09/22 21:46:59.576, 2, 89617, 97871
2026/09/22 21:46:59.576, 3, 91665, 97871
2026/09/22 21:46:59.776, 0, 89617, 97871
2026/09/22 21:46:59.776, 1, 89617, 97871
2026/09/22 21:46:59.776, 2, 89617, 97871
2026/09/22 21:46:59.776, 3, 91665, 97871
2026/09/22 21:46:59.976, 0, 89617, 97871
2026/09/22 21:46:59.976, 1, 89617, 97871
2026/09/22 21:46:59.976, 2, 89617, 97871
2026/09/22 21:46:59.976, 3, 91665, 97871
2026/09/22 21:47:00.176, 0, 89617, 97871
2026/09/22 21:47:00.176, 1, 89617, 97871
2026/09/22 21:47:00.176, 2, 89617, 97871
2026/09/22 21:47:00.176, 3, 91665, 97871
2026/09/22 21:47:00.377, 0, 89617, 97871
2026/09/22 21:47:00.377, 1, 89617, 97871
2026/09/22 21:47:00.377, 2, 89617, 97871
2026/09/22 21:47:00.377, 3, 91665, 97871
2026/09/22 21:47:00.577, 0, 89617, 97871
2026/09/22 21:47:00.577, 1, 89617, 97871
2026/09/22 21:47:00.577, 2, 89617, 97871
2026/09/22 21:47:00.577, 3, 91665, 97871
2026/09/22 21:47:00.777, 0, 89617, 97871
2026/09/22 21:47:00.777, 1, 89617, 97871
2026/09/22 21:47:00.777, 2, 89617, 97871
2026/09/22 21:47:00.777, 3, 91665, 97871
2026/09/22 21:47:00.977, 0, 89617, 97871
2026/09/22 21:47:00.977, 1, 89617, 97871
2026/09/22 21:47:00.977, 2, 89617, 97871
2026/09/22 21:47:00.977, 3, 91665, 97871
2026/09/22 21:47:01.178, 0, 89617, 97871
2026/09/22 21:47:01.178, 1, 89617, 97871
2026/09/22 21:47:01.178, 2, 89617, 97871
2026/09/22 21:47:01.178, 3, 91665, 97871
2026/09/22 21:47:01.378, 0, 89617, 97871
2026/09/22 21:47:01.378, 1, 89617, 97871
2026/09/22 21:47:01.378, 2, 89617, 97871
2026/09/22 21:47:01.378, 3, 91665, 97871
2026/09/22 21:47:01.578, 0, 89617, 97871
2026/09/22 21:47:01.578, 1, 89617, 97871
2026/09/22 21:47:01.578, 2, 89617, 97871
2026/09/22 21:47:01.578, 3, 91665, 97871
2026/09/22 21:47:01.778, 0, 89617, 97871
2026/09/22 21:47:01.778, 1, 89617, 97871
2026/09/22 21:47:01.779, 2, 89617, 97871
2026/09/22 21:47:01.779, 3, 91665, 97871
2026/09/22 21:47:01.979, 0, 89617, 97871
2026/09/22 21:47:01.979, 1, 89617, 97871
2026/09/22 21:47:01.979, 2, 89617, 97871
2026/09/22 21:47:01.979, 3, 91665, 97871
2026/09/22 21:47:02.179, 0, 89617, 97871
2026/09/22 21:47:02.179, 1, 89617, 97871
2026/09/22 21:47:02.179, 2, 89617, 97871
2026/09/22 21:47:02.179, 3, 91665, 97871
2026/09/22 21:47:02.379, 0, 89617, 97871
2026/09/22 21:47:02.380, 1, 89617, 97871
2026/09/22 21:47:02.380, 2, 89617, 97871
2026/09/22 21:47:02.380, 3, 91665, 97871
2026/09/22 21:47:02.580, 0, 89617, 97871
2026/09/22 21:47:02.580, 1, 89617, 97871
2026/09/22 21:47:02.580, 2, 89617, 97871
2026/09/22 21:47:02.580, 3, 91665, 97871
2026/09/22 21:47:02.780, 0, 89617, 97871
2026/09/22 21:47:02.780, 1, 89617, 97871
2026/09/22 21:47:02.780, 2, 89617, 97871
2026/09/22 21:47:02.780, 3, 91665, 97871
2026/09/22 21:47:02.980, 0, 89617, 97871
2026/09/22 21:47:02.980, 1, 89617, 97871
2026/09/22 21:47:02.981, 2, 89617, 97871
2026/09/22 21:47:02.981, 3, 91665, 97871
2026/09/22 21:47:03.181, 0, 89617, 97871
2026/09/22 21:47:03.181, 1, 89617, 97871
2026/09/22 21:47:03.181, 2, 89617, 97871
2026/09/22 21:47:03.181, 3, 91665, 97871
2026/09/22 21:47:03.381, 0, 89617, 97871
2026/09/22 21:47:03.381, 1, 89617, 97871
2026/09/22 21:47:03.381, 2, 89617, 97871
2026/09/22 21:47:03.381, 3, 91665, 97871
2026/09/22 21:47:03.581, 0, 89617, 97871
2026/09/22 21:47:03.581, 1, 89617, 97871
2026/09/22 21:47:03.581, 2, 89617, 97871
2026/09/22 21:47:03.581, 3, 91665, 97871
2026/09/22 21:47:03.782, 0, 89617, 97871
2026/09/22 21:47:03.782, 1, 89617, 97871
2026/09/22 21:47:03.782, 2, 89617, 97871
2026/09/22 21:47:03.782, 3, 91665, 97871
2026/09/22 21:47:03.982, 0, 89617, 97871
2026/09/22 21:47:03.982, 1, 89617, 97871
2026/09/22 21:47:03.982, 2, 89617, 97871
2026/09/22 21:47:03.982, 3, 91665, 97871
2026/09/22 21:47:04.182, 0, 89617, 97871
2026/09/22 21:47:04.182, 1, 89617, 97871
2026/09/22 21:47:04.182, 2, 89617, 97871
2026/09/22 21:47:04.182, 3, 91665, 97871
2026/09/22 21:47:04.382, 0, 89617, 97871
2026/09/22 21:47:04.382, 1, 89617, 97871
2026/09/22 21:47:04.383, 2, 89617, 97871
2026/09/22 21:47:04.383, 3, 91665, 97871
2026/09/22 21:47:04.583, 0, 89617, 97871
2026/09/22 21:47:04.583, 1, 89617, 97871
2026/09/22 21:47:04.583, 2, 89617, 97871
2026/09/22 21:47:04.583, 3, 91665, 97871
2026/09/22 21:47:04.783, 0, 89617, 97871
2026/09/22 21:47:04.783, 1, 89617, 97871
2026/09/22 21:47:04.783, 2, 89617, 97871
2026/09/22 21:47:04.783, 3, 91665, 97871
2026/09/22 21:47:04.983, 0, 89617, 97871
2026/09/22 21:47:04.983, 1, 89617, 97871
2026/09/22 21:47:04.984, 2, 89617, 97871
2026/09/22 21:47:04.984, 3, 91665, 97871
2026/09/22 21:47:05.184, 0, 89617, 97871
2026/09/22 21:47:05.184, 1, 89617, 97871
2026/09/22 21:47:05.184, 2, 89617, 97871
2026/09/22 21:47:05.184, 3, 91665, 97871
2026/09/22 21:47:05.384, 0, 89617, 97871
2026/09/22 21:47:05.384, 1, 89617, 97871
2026/09/22 21:47:05.384, 2, 89617, 97871
2026/09/22 21:47:05.384, 3, 91665, 97871
2026/09/22 21:47:05.584, 0, 89617, 97871
2026/09/22 21:47:05.584, 1, 89617, 97871
2026/09/22 21:47:05.585, 2, 89617, 97871
2026/09/22 21:47:05.585, 3, 91665, 97871
2026/09/22 21:47:05.785, 0, 89617, 97871
2026/09/22 21:47:05.785, 1, 89617, 97871
2026/09/22 21:47:05.785, 2, 89617, 97871
2026/09/22 21:47:05.785, 3, 91665, 97871
2026/09/22 21:47:05.985, 0, 89617, 97871
2026/09/22 21:47:05.985, 1, 89617, 97871
2026/09/22 21:47:05.985, 2, 89617, 97871
2026/09/22 21:47:05.985, 3, 91665, 97871
2026/09/22 21:47:06.185, 0, 89617, 97871
2026/09/22 21:47:06.185, 1, 89617, 97871
2026/09/22 21:47:06.185, 2, 89617, 97871
2026/09/22 21:47:06.185, 3, 91665, 97871
2026/09/22 21:47:06.385, 0, 89617, 97871
2026/09/22 21:47:06.386, 1, 89617, 97871
2026/09/22 21:47:06.386, 2, 89617, 97871
2026/09/22 21:47:06.386, 3, 91665, 97871
2026/09/22 21:47:06.586, 0, 89617, 97871
2026/09/22 21:47:06.586, 1, 89617, 97871
2026/09/22 21:47:06.586, 2, 89617, 97871
2026/09/22 21:47:06.586, 3, 91665, 97871
2026/09/22 21:47:06.786, 0, 89617, 97871
2026/09/22 21:47:06.786, 1, 89617, 97871
2026/09/22 21:47:06.786, 2, 89617, 97871
2026/09/22 21:47:06.786, 3, 91665, 97871
2026/09/22 21:47:06.986, 0, 89617, 97871
2026/09/22 21:47:06.986, 1, 89617, 97871
2026/09/22 21:47:06.986, 2, 89617, 97871
2026/09/22 21:47:06.986, 3, 91665, 97871
2026/09/22 21:47:07.186, 0, 89617, 97871
2026/09/22 21:47:07.187, 1, 89617, 97871
2026/09/22 21:47:07.187, 2, 89617, 97871
2026/09/22 21:47:07.187, 3, 91665, 97871
2026/09/22 21:47:07.387, 0, 89617, 97871
2026/09/22 21:47:07.387, 1, 89617, 97871
2026/09/22 21:47:07.387, 2, 89617, 97871
2026/09/22 21:47:07.387, 3, 91665, 97871
2026/09/22 21:47:07.587, 0, 89617, 97871
2026/09/22 21:47:07.587, 1, 89617, 97871
2026/09/22 21:47:07.587, 2, 89617, 97871
2026/09/22 21:47:07.587, 3, 91665, 97871
2026/09/22 21:47:07.787, 0, 89617, 97871
2026/09/22 21:47:07.787, 1, 89617, 97871
2026/09/22 21:47:07.787, 2, 89617, 97871
2026/09/22 21:47:07.787, 3, 91665, 97871
2026/09/22 21:47:07.988, 0, 89617, 97871
2026/09/22 21:47:07.988, 1, 89617, 97871
2026/09/22 21:47:07.988, 2, 89617, 97871
2026/09/22 21:47:07.988, 3, 91665, 97871
2026/09/22 21:47:08.188, 0, 89617, 97871
2026/09/22 21:47:08.188, 1, 89617, 97871
2026/09/22 21:47:08.188, 2, 89617, 97871
2026/09/22 21:47:08.188, 3, 91665, 97871
2026/09/22 21:47:08.388, 0, 89617, 97871
2026/09/22 21:47:08.388, 1, 89617, 97871
2026/09/22 21:47:08.388, 2, 89617, 97871
2026/09/22 21:47:08.388, 3, 91665, 97871
2026/09/22 21:47:08.588, 0, 89617, 97871
2026/09/22 21:47:08.588, 1, 89617, 97871
2026/09/22 21:47:08.588, 2, 89617, 97871
2026/09/22 21:47:08.588, 3, 91665, 97871
2026/09/22 21:47:08.789, 0, 89617, 97871
2026/09/22 21:47:08.789, 1, 89617, 97871
2026/09/22 21:47:08.789, 2, 89617, 97871
2026/09/22 21:47:08.789, 3, 91665, 97871
2026/09/22 21:47:08.989, 0, 89617, 97871
2026/09/22 21:47:08.989, 1, 89617, 97871
2026/09/22 21:47:08.989, 2, 89617, 97871
2026/09/22 21:47:08.989, 3, 91665, 97871
2026/09/22 21:47:09.189, 0, 89617, 97871
2026/09/22 21:47:09.189, 1, 89617, 97871
2026/09/22 21:47:09.189, 2, 89617, 97871
2026/09/22 21:47:09.189, 3, 91665, 97871
2026/09/22 21:47:09.389, 0, 89617, 97871
2026/09/22 21:47:09.390, 1, 89617, 97871
2026/09/22 21:47:09.390, 2, 89617, 97871
2026/09/22 21:47:09.390, 3, 91665, 97871
2026/09/22 21:47:09.590, 0, 89617, 97871
2026/09/22 21:47:09.590, 1, 89617, 97871
2026/09/22 21:47:09.590, 2, 89617, 97871
2026/09/22 21:47:09.590, 3, 91665, 97871
2026/09/22 21:47:09.790, 0, 89617, 97871
2026/09/22 21:47:09.790, 1, 89617, 97871
2026/09/22 21:47:09.790, 2, 89617, 97871
2026/09/22 21:47:09.790, 3, 91665, 97871
2026/09/22 21:47:09.990, 0, 89617, 97871
2026/09/22 21:47:09.990, 1, 89617, 97871
2026/09/22 21:47:09.990, 2, 89617, 97871
2026/09/22 21:47:09.990, 3, 91665, 97871
2026/09/22 21:47:10.191, 0, 89617, 97871
2026/09/22 21:47:10.191, 1, 89617, 97871
2026/09/22 21:47:10.191, 2, 89617, 97871
2026/09/22 21:47:10.191, 3, 91665, 97871
2026/09/22 21:47:10.391, 0, 89617, 97871
2026/09/22 21:47:10.391, 1, 89617, 97871
2026/09/22 21:47:10.391, 2, 89617, 97871
2026/09/22 21:47:10.391, 3, 91665, 97871
2026/09/22 21:47:10.591, 0, 89617, 97871
2026/09/22 21:47:10.591, 1, 89617, 97871
2026/09/22 21:47:10.591, 2, 89617, 97871
2026/09/22 21:47:10.591, 3, 91665, 97871
2026/09/22 21:47:10.791, 0, 89617, 97871
2026/09/22 21:47:10.792, 1, 89617, 97871
2026/09/22 21:47:10.792, 2, 89617, 97871
2026/09/22 21:47:10.792, 3, 91665, 97871
2026/09/22 21:47:10.992, 0, 89617, 97871
2026/09/22 21:47:10.992, 1, 89617, 97871
2026/09/22 21:47:10.992, 2, 89617, 97871
2026/09/22 21:47:10.992, 3, 91665, 97871
2026/09/22 21:47:11.192, 0, 89617, 97871
2026/09/22 21:47:11.192, 1, 89617, 97871
2026/09/22 21:47:11.192, 2, 89617, 97871
2026/09/22 21:47:11.192, 3, 91665, 97871
2026/09/22 21:47:11.392, 0, 89617, 97871
2026/09/22 21:47:11.393, 1, 89617, 97871
2026/09/22 21:47:11.393, 2, 89617, 97871
2026/09/22 21:47:11.393, 3, 91665, 97871
2026/09/22 21:47:11.593, 0, 89617, 97871
2026/09/22 21:47:11.593, 1, 89617, 97871
2026/09/22 21:47:11.593, 2, 89617, 97871
2026/09/22 21:47:11.593, 3, 91665, 97871
2026/09/22 21:47:11.793, 0, 89617, 97871
2026/09/22 21:47:11.793, 1, 89617, 97871
2026/09/22 21:47:11.793, 2, 89617, 97871
2026/09/22 21:47:11.793, 3, 91665, 97871
2026/09/22 21:47:11.993, 0, 89617, 97871
2026/09/22 21:47:11.993, 1, 89617, 97871
2026/09/22 21:47:11.993, 2, 89617, 97871
2026/09/22 21:47:11.993, 3, 91665, 97871
2026/09/22 21:47:12.193, 0, 89617, 97871
2026/09/22 21:47:12.194, 1, 89617, 97871
2026/09/22 21:47:12.194, 2, 89617, 97871
2026/09/22 21:47:12.194, 3, 91665, 97871
2026/09/22 21:47:12.394, 0, 89617, 97871
2026/09/22 21:47:12.394, 1, 89617, 97871
2026/09/22 21:47:12.394, 2, 89617, 97871
2026/09/22 21:47:12.394, 3, 91665, 97871
2026/09/22 21:47:12.594, 0, 89617, 97871
2026/09/22 21:47:12.594, 1, 89617, 97871
2026/09/22 21:47:12.594, 2, 89617, 97871
2026/09/22 21:47:12.594, 3, 91665, 97871
2026/09/22 21:47:12.794, 0, 89617, 97871
2026/09/22 21:47:12.795, 1, 89617, 97871
2026/09/22 21:47:12.795, 2, 89617, 97871
2026/09/22 21:47:12.795, 3, 91665, 97871
2026/09/22 21:47:12.995, 0, 89617, 97871
2026/09/22 21:47:12.995, 1, 89617, 97871
2026/09/22 21:47:12.995, 2, 89617, 97871
2026/09/22 21:47:12.995, 3, 91665, 97871
2026/09/22 21:47:13.195, 0, 89617, 97871
2026/09/22 21:47:13.195, 1, 89617, 97871
2026/09/22 21:47:13.195, 2, 89617, 97871
2026/09/22 21:47:13.195, 3, 91665, 97871
2026/09/22 21:47:13.395, 0, 89617, 97871
2026/09/22 21:47:13.395, 1, 89617, 97871
2026/09/22 21:47:13.395, 2, 89617, 97871
2026/09/22 21:47:13.396, 3, 91665, 97871
2026/09/22 21:47:13.596, 0, 89617, 97871
2026/09/22 21:47:13.596, 1, 89617, 97871
2026/09/22 21:47:13.596, 2, 89617, 97871
2026/09/22 21:47:13.596, 3, 91665, 97871
2026/09/22 21:47:13.796, 0, 89617, 97871
2026/09/22 21:47:13.796, 1, 89617, 97871
2026/09/22 21:47:13.796, 2, 89617, 97871
2026/09/22 21:47:13.796, 3, 91665, 97871
2026/09/22 21:47:13.996, 0, 89617, 97871
2026/09/22 21:47:13.996, 1, 89617, 97871
2026/09/22 21:47:13.996, 2, 89617, 97871
2026/09/22 21:47:13.996, 3, 91665, 97871
2026/09/22 21:47:14.196, 0, 89617, 97871
2026/09/22 21:47:14.197, 1, 89617, 97871
2026/09/22 21:47:14.197, 2, 89617, 97871
2026/09/22 21:47:14.197, 3, 91665, 97871
2026/09/22 21:47:14.397, 0, 89617, 97871
2026/09/22 21:47:14.397, 1, 89617, 97871
2026/09/22 21:47:14.397, 2, 89617, 97871
2026/09/22 21:47:14.397, 3, 91665, 97871
2026/09/22 21:47:14.597, 0, 89617, 97871
2026/09/22 21:47:14.597, 1, 89617, 97871
2026/09/22 21:47:14.597, 2, 89617, 97871
2026/09/22 21:47:14.597, 3, 91665, 97871
2026/09/22 21:47:14.797, 0, 89617, 97871
2026/09/22 21:47:14.798, 1, 89617, 97871
2026/09/22 21:47:14.798, 2, 89617, 97871
2026/09/22 21:47:14.798, 3, 91665, 97871
2026/09/22 21:47:14.998, 0, 89617, 97871
2026/09/22 21:47:14.998, 1, 89617, 97871
2026/09/22 21:47:14.998, 2, 89617, 97871
2026/09/22 21:47:14.998, 3, 91665, 97871
2026/09/22 21:47:15.198, 0, 89617, 97871
2026/09/22 21:47:15.198, 1, 89617, 97871
2026/09/22 21:47:15.198, 2, 89617, 97871
2026/09/22 21:47:15.198, 3, 91665, 97871
2026/09/22 21:47:15.398, 0, 89617, 97871
2026/09/22 21:47:15.398, 1, 89617, 97871
2026/09/22 21:47:15.398, 2, 89617, 97871
2026/09/22 21:47:15.398, 3, 91665, 97871
2026/09/22 21:47:15.599, 0, 89617, 97871
2026/09/22 21:47:15.599, 1, 89617, 97871
2026/09/22 21:47:15.599, 2, 89617, 97871
2026/09/22 21:47:15.599, 3, 91665, 97871
2026/09/22 21:47:15.799, 0, 89617, 97871
2026/09/22 21:47:15.799, 1, 89617, 97871
2026/09/22 21:47:15.799, 2, 89617, 97871
2026/09/22 21:47:15.799, 3, 91665, 97871
2026/09/22 21:47:15.999, 0, 89617, 97871
2026/09/22 21:47:15.999, 1, 89617, 97871
2026/09/22 21:47:15.999, 2, 89617, 97871
2026/09/22 21:47:15.999, 3, 91665, 97871
2026/09/22 21:47:16.199, 0, 89617, 97871
2026/09/22 21:47:16.199, 1, 89617, 97871
2026/09/22 21:47:16.200, 2, 89617, 97871
2026/09/22 21:47:16.200, 3, 91665, 97871
2026/09/22 21:47:16.400, 0, 89617, 97871
2026/09/22 21:47:16.400, 1, 89617, 97871
2026/09/22 21:47:16.400, 2, 89617, 97871
2026/09/22 21:47:16.400, 3, 91665, 97871
2026/09/22 21:47:16.600, 0, 89617, 97871
2026/09/22 21:47:16.600, 1, 89617, 97871
2026/09/22 21:47:16.600, 2, 89617, 97871
2026/09/22 21:47:16.600, 3, 91665, 97871
2026/09/22 21:47:16.800, 0, 89617, 97871
2026/09/22 21:47:16.800, 1, 89617, 97871
2026/09/22 21:47:16.800, 2, 89617, 97871
2026/09/22 21:47:16.800, 3, 91665, 97871
2026/09/22 21:47:17.000, 0, 89617, 97871
2026/09/22 21:47:17.001, 1, 89617, 97871
2026/09/22 21:47:17.001, 2, 89617, 97871
2026/09/22 21:47:17.001, 3, 91665, 97871
2026/09/22 21:47:17.201, 0, 89617, 97871
2026/09/22 21:47:17.201, 1, 89617, 97871
2026/09/22 21:47:17.201, 2, 89617, 97871
2026/09/22 21:47:17.201, 3, 91665, 97871
2026/09/22 21:47:17.401, 0, 89617, 97871
2026/09/22 21:47:17.401, 1, 89617, 97871
2026/09/22 21:47:17.401, 2, 89617, 97871
2026/09/22 21:47:17.401, 3, 91665, 97871
2026/09/22 21:47:17.601, 0, 89617, 97871
2026/09/22 21:47:17.601, 1, 89617, 97871
2026/09/22 21:47:17.601, 2, 89617, 97871
2026/09/22 21:47:17.601, 3, 91665, 97871
2026/09/22 21:47:17.802, 0, 89617, 97871
2026/09/22 21:47:17.802, 1, 89617, 97871
2026/09/22 21:47:17.802, 2, 89617, 97871
2026/09/22 21:47:17.802, 3, 91665, 97871
2026/09/22 21:47:18.002, 0, 89617, 97871
2026/09/22 21:47:18.002, 1, 89617, 97871
2026/09/22 21:47:18.002, 2, 89617, 97871
2026/09/22 21:47:18.002, 3, 91665, 97871
2026/09/22 21:47:18.202, 0, 89617, 97871
2026/09/22 21:47:18.202, 1, 89617, 97871
2026/09/22 21:47:18.202, 2, 89617, 97871
2026/09/22 21:47:18.202, 3, 91665, 97871
2026/09/22 21:47:18.402, 0, 89617, 97871
2026/09/22 21:47:18.402, 1, 89617, 97871
2026/09/22 21:47:18.402, 2, 89617, 97871
2026/09/22 21:47:18.402, 3, 91665, 97871
2026/09/22 21:47:18.603, 0, 89617, 97871
2026/09/22 21:47:18.603, 1, 89617, 97871
2026/09/22 21:47:18.603, 2, 89617, 97871
2026/09/22 21:47:18.603, 3, 91665, 97871
2026/09/22 21:47:18.803, 0, 89617, 97871
2026/09/22 21:47:18.803, 1, 89617, 97871
2026/09/22 21:47:18.803, 2, 89617, 97871
2026/09/22 21:47:18.803, 3, 91665, 97871
2026/09/22 21:47:19.003, 0, 89617, 97871
2026/09/22 21:47:19.003, 1, 89617, 97871
2026/09/22 21:47:19.003, 2, 89617, 97871
2026/09/22 21:47:19.003, 3, 91665, 97871
2026/09/22 21:47:19.203, 0, 89617, 97871
2026/09/22 21:47:19.203, 1, 89617, 97871
2026/09/22 21:47:19.203, 2, 89617, 97871
2026/09/22 21:47:19.204, 3, 91665, 97871
2026/09/22 21:47:19.404, 0, 89617, 97871
2026/09/22 21:47:19.404, 1, 89617, 97871
2026/09/22 21:47:19.404, 2, 89617, 97871
2026/09/22 21:47:19.404, 3, 91665, 97871
2026/09/22 21:47:19.604, 0, 89617, 97871
2026/09/22 21:47:19.604, 1, 89617, 97871
2026/09/22 21:47:19.604, 2, 89617, 97871
2026/09/22 21:47:19.604, 3, 91665, 97871
2026/09/22 21:47:19.804, 0, 89617, 97871
2026/09/22 21:47:19.804, 1, 89617, 97871
2026/09/22 21:47:19.804, 2, 89617, 97871
2026/09/22 21:47:19.804, 3, 91665, 97871
2026/09/22 21:47:20.005, 0, 89617, 97871
2026/09/22 21:47:20.005, 1, 89617, 97871
2026/09/22 21:47:20.005, 2, 89617, 97871
2026/09/22 21:47:20.005, 3, 91665, 97871
2026/09/22 21:47:20.205, 0, 89617, 97871
2026/09/22 21:47:20.205, 1, 89617, 97871
2026/09/22 21:47:20.205, 2, 89617, 97871
2026/09/22 21:47:20.205, 3, 91665, 97871
2026/09/22 21:47:20.405, 0, 89617, 97871
2026/09/22 21:47:20.405, 1, 89617, 97871
2026/09/22 21:47:20.405, 2, 89617, 97871
2026/09/22 21:47:20.405, 3, 91665, 97871
2026/09/22 21:47:20.605, 0, 89617, 97871
2026/09/22 21:47:20.605, 1, 89617, 97871
2026/09/22 21:47:20.605, 2, 89617, 97871
2026/09/22 21:47:20.605, 3, 91665, 97871
2026/09/22 21:47:20.806, 0, 89617, 97871
2026/09/22 21:47:20.806, 1, 89617, 97871
2026/09/22 21:47:20.806, 2, 89617, 97871
2026/09/22 21:47:20.806, 3, 91665, 97871
2026/09/22 21:47:21.006, 0, 89617, 97871
2026/09/22 21:47:21.006, 1, 89617, 97871
2026/09/22 21:47:21.006, 2, 89617, 97871
2026/09/22 21:47:21.006, 3, 91665, 97871
2026/09/22 21:47:21.206, 0, 89617, 97871
2026/09/22 21:47:21.206, 1, 89617, 97871
2026/09/22 21:47:21.206, 2, 89617, 97871
2026/09/22 21:47:21.206, 3, 91665, 97871
2026/09/22 21:47:21.406, 0, 89617, 97871
2026/09/22 21:47:21.407, 1, 89617, 97871
2026/09/22 21:47:21.407, 2, 89617, 97871
2026/09/22 21:47:21.407, 3, 91665, 97871
2026/09/22 21:47:21.607, 0, 89617, 97871
2026/09/22 21:47:21.607, 1, 89617, 97871
2026/09/22 21:47:21.607, 2, 89617, 97871
2026/09/22 21:47:21.607, 3, 91665, 97871
2026/09/22 21:47:21.807, 0, 89617, 97871
2026/09/22 21:47:21.807, 1, 89617, 97871
2026/09/22 21:47:21.807, 2, 89617, 97871
2026/09/22 21:47:21.807, 3, 91665, 97871
2026/09/22 21:47:22.007, 0, 89617, 97871
2026/09/22 21:47:22.007, 1, 89617, 97871
2026/09/22 21:47:22.007, 2, 89617, 97871
2026/09/22 21:47:22.008, 3, 91665, 97871
2026/09/22 21:47:22.208, 0, 89617, 97871
2026/09/22 21:47:22.208, 1, 89617, 97871
2026/09/22 21:47:22.208, 2, 89617, 97871
2026/09/22 21:47:22.208, 3, 91665, 97871
2026/09/22 21:47:22.408, 0, 89617, 97871
2026/09/22 21:47:22.408, 1, 89617, 97871
2026/09/22 21:47:22.408, 2, 89617, 97871
2026/09/22 21:47:22.408, 3, 91665, 97871
2026/09/22 21:47:22.608, 0, 89617, 97871
2026/09/22 21:47:22.608, 1, 89617, 97871
2026/09/22 21:47:22.608, 2, 89617, 97871
2026/09/22 21:47:22.608, 3, 91665, 97871
2026/09/22 21:47:22.808, 0, 89617, 97871
2026/09/22 21:47:22.809, 1, 89617, 97871
2026/09/22 21:47:22.809, 2, 89617, 97871
2026/09/22 21:47:22.809, 3, 91665, 97871
2026/09/22 21:47:23.009, 0, 89617, 97871
2026/09/22 21:47:23.009, 1, 89617, 97871
2026/09/22 21:47:23.009, 2, 89617, 97871
2026/09/22 21:47:23.009, 3, 91665, 97871
2026/09/22 21:47:23.209, 0, 89617, 97871
2026/09/22 21:47:23.209, 1, 89617, 97871
2026/09/22 21:47:23.209, 2, 89617, 97871
2026/09/22 21:47:23.209, 3, 91665, 97871
2026/09/22 21:47:23.409, 0, 89617, 97871
2026/09/22 21:47:23.409, 1, 89617, 97871
2026/09/22 21:47:23.409, 2, 89617, 97871
2026/09/22 21:47:23.409, 3, 91665, 97871
2026/09/22 21:47:23.609, 0, 89617, 97871
2026/09/22 21:47:23.609, 1, 89617, 97871
2026/09/22 21:47:23.610, 2, 89617, 97871
2026/09/22 21:47:23.610, 3, 91665, 97871
2026/09/22 21:47:23.810, 0, 89617, 97871
2026/09/22 21:47:23.810, 1, 89617, 97871
2026/09/22 21:47:23.810, 2, 89617, 97871
2026/09/22 21:47:23.810, 3, 91665, 97871
2026/09/22 21:47:24.010, 0, 89617, 97871
2026/09/22 21:47:24.010, 1, 89617, 97871
2026/09/22 21:47:24.010, 2, 89617, 97871
2026/09/22 21:47:24.010, 3, 91665, 97871
2026/09/22 21:47:24.210, 0, 89617, 97871
2026/09/22 21:47:24.210, 1, 89617, 97871
2026/09/22 21:47:24.210, 2, 89617, 97871
2026/09/22 21:47:24.210, 3, 91665, 97871
2026/09/22 21:47:24.411, 0, 89617, 97871
2026/09/22 21:47:24.411, 1, 89617, 97871
2026/09/22 21:47:24.411, 2, 89617, 97871
2026/09/22 21:47:24.411, 3, 91665, 97871
2026/09/22 21:47:24.611, 0, 89617, 97871
2026/09/22 21:47:24.611, 1, 89617, 97871
2026/09/22 21:47:24.611, 2, 89617, 97871
2026/09/22 21:47:24.611, 3, 91665, 97871
2026/09/22 21:47:24.811, 0, 89617, 97871
2026/09/22 21:47:24.811, 1, 89617, 97871
2026/09/22 21:47:24.811, 2, 89617, 97871
2026/09/22 21:47:24.811, 3, 91665, 97871
2026/09/22 21:47:25.011, 0, 89617, 97871
2026/09/22 21:47:25.012, 1, 89617, 97871
2026/09/22 21:47:25.012, 2, 89617, 97871
2026/09/22 21:47:25.012, 3, 91665, 97871
2026/09/22 21:47:25.212, 0, 89617, 97871
2026/09/22 21:47:25.212, 1, 89617, 97871
2026/09/22 21:47:25.212, 2, 89617, 97871
2026/09/22 21:47:25.212, 3, 91665, 97871
2026/09/22 21:47:25.412, 0, 89617, 97871
2026/09/22 21:47:25.412, 1, 89617, 97871
2026/09/22 21:47:25.412, 2, 89617, 97871
2026/09/22 21:47:25.412, 3, 91665, 97871
2026/09/22 21:47:25.612, 0, 89617, 97871
2026/09/22 21:47:25.612, 1, 89617, 97871
2026/09/22 21:47:25.613, 2, 89617, 97871
2026/09/22 21:47:25.613, 3, 91665, 97871
2026/09/22 21:47:25.813, 0, 89617, 97871
2026/09/22 21:47:25.813, 1, 89617, 97871
2026/09/22 21:47:25.813, 2, 89617, 97871
2026/09/22 21:47:25.813, 3, 91665, 97871
2026/09/22 21:47:26.013, 0, 89617, 97871
2026/09/22 21:47:26.013, 1, 89617, 97871
2026/09/22 21:47:26.013, 2, 89617, 97871
2026/09/22 21:47:26.013, 3, 91665, 97871
2026/09/22 21:47:26.213, 0, 89617, 97871
2026/09/22 21:47:26.213, 1, 89617, 97871
2026/09/22 21:47:26.213, 2, 89617, 97871
2026/09/22 21:47:26.213, 3, 91665, 97871
2026/09/22 21:47:26.414, 0, 89617, 97871
2026/09/22 21:47:26.414, 1, 89617, 97871
2026/09/22 21:47:26.414, 2, 89617, 97871
2026/09/22 21:47:26.414, 3, 91665, 97871
2026/09/22 21:47:26.614, 0, 89617, 97871
2026/09/22 21:47:26.614, 1, 89617, 97871
2026/09/22 21:47:26.614, 2, 89617, 97871
2026/09/22 21:47:26.614, 3, 91665, 97871
2026/09/22 21:47:26.814, 0, 89617, 97871
2026/09/22 21:47:26.814, 1, 89617, 97871
2026/09/22 21:47:26.814, 2, 89617, 97871
2026/09/22 21:47:26.814, 3, 91665, 97871
2026/09/22 21:47:27.014, 0, 89617, 97871
2026/09/22 21:47:27.015, 1, 89617, 97871
2026/09/22 21:47:27.015, 2, 89617, 97871
2026/09/22 21:47:27.015, 3, 91665, 97871
2026/09/22 21:47:27.215, 0, 89617, 97871
2026/09/22 21:47:27.215, 1, 89617, 97871
2026/09/22 21:47:27.215, 2, 89617, 97871
2026/09/22 21:47:27.215, 3, 91665, 97871
2026/09/22 21:47:27.415, 0, 89617, 97871
2026/09/22 21:47:27.415, 1, 89617, 97871
2026/09/22 21:47:27.415, 2, 89617, 97871
2026/09/22 21:47:27.415, 3, 91665, 97871
2026/09/22 21:47:27.615, 0, 89617, 97871
2026/09/22 21:47:27.615, 1, 89617, 97871
2026/09/22 21:47:27.615, 2, 89617, 97871
2026/09/22 21:47:27.615, 3, 91665, 97871
2026/09/22 21:47:27.816, 0, 89617, 97871
2026/09/22 21:47:27.816, 1, 89617, 97871
2026/09/22 21:47:27.816, 2, 89617, 97871
2026/09/22 21:47:27.816, 3, 91665, 97871
2026/09/22 21:47:28.016, 0, 89617, 97871
2026/09/22 21:47:28.016, 1, 89617, 97871
2026/09/22 21:47:28.016, 2, 89617, 97871
2026/09/22 21:47:28.016, 3, 91665, 97871
2026/09/22 21:47:28.216, 0, 89617, 97871
2026/09/22 21:47:28.216, 1, 89617, 97871
2026/09/22 21:47:28.216, 2, 89617, 97871
2026/09/22 21:47:28.216, 3, 91665, 97871
2026/09/22 21:47:28.416, 0, 89617, 97871
2026/09/22 21:47:28.417, 1, 89617, 97871
2026/09/22 21:47:28.417, 2, 89617, 97871
2026/09/22 21:47:28.417, 3, 91665, 97871
2026/09/22 21:47:28.617, 0, 89617, 97871
2026/09/22 21:47:28.617, 1, 89617, 97871
2026/09/22 21:47:28.617, 2, 89617, 97871
2026/09/22 21:47:28.617, 3, 91665, 97871
2026/09/22 21:47:28.817, 0, 89617, 97871
2026/09/22 21:47:28.817, 1, 89617, 97871
2026/09/22 21:47:28.817, 2, 89617, 97871
2026/09/22 21:47:28.817, 3, 91665, 97871
2026/09/22 21:47:29.017, 0, 89617, 97871
2026/09/22 21:47:29.017, 1, 89617, 97871
2026/09/22 21:47:29.017, 2, 89617, 97871
2026/09/22 21:47:29.017, 3, 91665, 97871
2026/09/22 21:47:29.218, 0, 89617, 97871
2026/09/22 21:47:29.218, 1, 89617, 97871
2026/09/22 21:47:29.218, 2, 89617, 97871
2026/09/22 21:47:29.218, 3, 91665, 97871
2026/09/22 21:47:29.418, 0, 89617, 97871
2026/09/22 21:47:29.418, 1, 89617, 97871
2026/09/22 21:47:29.418, 2, 89617, 97871
2026/09/22 21:47:29.418, 3, 91665, 97871
2026/09/22 21:47:29.618, 0, 89617, 97871
2026/09/22 21:47:29.618, 1, 89617, 97871
2026/09/22 21:47:29.618, 2, 89617, 97871
2026/09/22 21:47:29.618, 3, 91665, 97871
2026/09/22 21:47:29.818, 0, 89617, 97871
2026/09/22 21:47:29.818, 1, 89617, 97871
2026/09/22 21:47:29.819, 2, 89617, 97871
2026/09/22 21:47:29.819, 3, 91665, 97871
2026/09/22 21:47:30.019, 0, 89617, 97871
2026/09/22 21:47:30.019, 1, 89617, 97871
2026/09/22 21:47:30.019, 2, 89617, 97871
2026/09/22 21:47:30.019, 3, 91665, 97871
2026/09/22 21:47:30.219, 0, 89617, 97871
2026/09/22 21:47:30.219, 1, 89617, 97871
2026/09/22 21:47:30.219, 2, 89617, 97871
2026/09/22 21:47:30.219, 3, 91665, 97871
2026/09/22 21:47:30.419, 0, 89617, 97871
2026/09/22 21:47:30.419, 1, 89617, 97871
2026/09/22 21:47:30.419, 2, 89617, 97871
2026/09/22 21:47:30.419, 3, 91665, 97871
2026/09/22 21:47:30.620, 0, 89617, 97871
2026/09/22 21:47:30.620, 1, 89617, 97871
2026/09/22 21:47:30.620, 2, 89617, 97871
2026/09/22 21:47:30.620, 3, 91665, 97871
2026/09/22 21:47:30.820, 0, 89617, 97871
2026/09/22 21:47:30.820, 1, 89617, 97871
2026/09/22 21:47:30.820, 2, 89617, 97871
2026/09/22 21:47:30.820, 3, 91665, 97871
2026/09/22 21:47:31.020, 0, 89617, 97871
2026/09/22 21:47:31.020, 1, 89617, 97871
2026/09/22 21:47:31.020, 2, 89617, 97871
2026/09/22 21:47:31.020, 3, 91665, 97871
2026/09/22 21:47:31.220, 0, 89617, 97871
2026/09/22 21:47:31.220, 1, 89617, 97871
2026/09/22 21:47:31.221, 2, 89617, 97871
2026/09/22 21:47:31.221, 3, 91665, 97871
2026/09/22 21:47:31.421, 0, 89617, 97871
2026/09/22 21:47:31.421, 1, 89617, 97871
2026/09/22 21:47:31.421, 2, 89617, 97871
2026/09/22 21:47:31.421, 3, 91665, 97871
2026/09/22 21:47:31.621, 0, 89617, 97871
2026/09/22 21:47:31.621, 1, 89617, 97871
2026/09/22 21:47:31.621, 2, 89617, 97871
2026/09/22 21:47:31.621, 3, 91665, 97871
2026/09/22 21:47:31.821, 0, 89617, 97871
2026/09/22 21:47:31.821, 1, 89617, 97871
2026/09/22 21:47:31.821, 2, 89617, 97871
2026/09/22 21:47:31.821, 3, 91665, 97871
2026/09/22 21:47:32.021, 0, 89617, 97871
2026/09/22 21:47:32.021, 1, 89617, 97871
2026/09/22 21:47:32.022, 2, 89617, 97871
2026/09/22 21:47:32.022, 3, 91665, 97871
2026/09/22 21:47:32.222, 0, 89617, 97871
2026/09/22 21:47:32.222, 1, 89617, 97871
2026/09/22 21:47:32.222, 2, 89617, 97871
2026/09/22 21:47:32.222, 3, 91665, 97871
2026/09/22 21:47:32.422, 0, 89617, 97871
2026/09/22 21:47:32.422, 1, 89617, 97871
2026/09/22 21:47:32.422, 2, 89617, 97871
2026/09/22 21:47:32.422, 3, 91665, 97871
2026/09/22 21:47:32.622, 0, 89617, 97871
2026/09/22 21:47:32.622, 1, 89617, 97871
2026/09/22 21:47:32.622, 2, 89617, 97871
2026/09/22 21:47:32.622, 3, 91665, 97871
2026/09/22 21:47:32.822, 0, 89617, 97871
2026/09/22 21:47:32.823, 1, 89617, 97871
2026/09/22 21:47:32.823, 2, 89617, 97871
2026/09/22 21:47:32.823, 3, 91665, 97871
2026/09/22 21:47:33.023, 0, 89617, 97871
2026/09/22 21:47:33.023, 1, 89617, 97871
2026/09/22 21:47:33.023, 2, 89617, 97871
2026/09/22 21:47:33.023, 3, 91665, 97871
2026/09/22 21:47:33.223, 0, 89617, 97871
2026/09/22 21:47:33.223, 1, 89617, 97871
2026/09/22 21:47:33.223, 2, 89617, 97871
2026/09/22 21:47:33.223, 3, 91665, 97871
2026/09/22 21:47:33.423, 0, 89617, 97871
2026/09/22 21:47:33.424, 1, 89617, 97871
2026/09/22 21:47:33.424, 2, 89617, 97871
2026/09/22 21:47:33.424, 3, 91665, 97871
2026/09/22 21:47:33.624, 0, 89617, 97871
2026/09/22 21:47:33.624, 1, 89617, 97871
2026/09/22 21:47:33.624, 2, 89617, 97871
2026/09/22 21:47:33.624, 3, 91665, 97871
2026/09/22 21:47:33.824, 0, 89617, 97871
2026/09/22 21:47:33.824, 1, 89617, 97871
2026/09/22 21:47:33.824, 2, 89617, 97871
2026/09/22 21:47:33.824, 3, 91665, 97871
2026/09/22 21:47:34.024, 0, 89617, 97871
2026/09/22 21:47:34.024, 1, 89617, 97871
2026/09/22 21:47:34.024, 2, 89617, 97871
2026/09/22 21:47:34.024, 3, 91665, 97871
2026/09/22 21:47:34.225, 0, 89617, 97871
2026/09/22 21:47:34.225, 1, 89617, 97871
2026/09/22 21:47:34.225, 2, 89617, 97871
2026/09/22 21:47:34.225, 3, 91665, 97871
2026/09/22 21:47:34.425, 0, 89617, 97871
2026/09/22 21:47:34.425, 1, 89617, 97871
2026/09/22 21:47:34.425, 2, 89617, 97871
2026/09/22 21:47:34.425, 3, 91665, 97871
2026/09/22 21:47:34.625, 0, 89617, 97871
2026/09/22 21:47:34.625, 1, 89617, 97871
2026/09/22 21:47:34.625, 2, 89617, 97871
2026/09/22 21:47:34.625, 3, 91665, 97871
2026/09/22 21:47:34.825, 0, 89617, 97871
2026/09/22 21:47:34.825, 1, 89617, 97871
2026/09/22 21:47:34.826, 2, 89617, 97871
2026/09/22 21:47:34.826, 3, 91665, 97871
2026/09/22 21:47:35.026, 0, 89617, 97871
2026/09/22 21:47:35.026, 1, 89617, 97871
2026/09/22 21:47:35.026, 2, 89617, 97871
2026/09/22 21:47:35.026, 3, 91665, 97871
2026/09/22 21:47:35.226, 0, 89617, 97871
2026/09/22 21:47:35.226, 1, 89617, 97871
2026/09/22 21:47:35.226, 2, 89617, 97871
2026/09/22 21:47:35.226, 3, 91665, 97871
2026/09/22 21:47:35.426, 0, 89617, 97871
2026/09/22 21:47:35.426, 1, 89617, 97871
2026/09/22 21:47:35.426, 2, 89617, 97871
2026/09/22 21:47:35.426, 3, 91665, 97871
2026/09/22 21:47:35.627, 0, 89617, 97871
2026/09/22 21:47:35.627, 1, 89617, 97871
2026/09/22 21:47:35.627, 2, 89617, 97871
2026/09/22 21:47:35.627, 3, 91665, 97871
2026/09/22 21:47:35.827, 0, 89617, 97871
2026/09/22 21:47:35.827, 1, 89617, 97871
2026/09/22 21:47:35.827, 2, 89617, 97871
2026/09/22 21:47:35.827, 3, 91665, 97871
2026/09/22 21:47:36.027, 0, 89617, 97871
2026/09/22 21:47:36.027, 1, 89617, 97871
2026/09/22 21:47:36.027, 2, 89617, 97871
2026/09/22 21:47:36.027, 3, 91665, 97871
2026/09/22 21:47:36.227, 0, 89617, 97871
2026/09/22 21:47:36.227, 1, 89617, 97871
2026/09/22 21:47:36.228, 2, 89617, 97871
2026/09/22 21:47:36.228, 3, 91665, 97871
2026/09/22 21:47:36.428, 0, 89617, 97871
2026/09/22 21:47:36.428, 1, 89617, 97871
2026/09/22 21:47:36.428, 2, 89617, 97871
2026/09/22 21:47:36.428, 3, 91665, 97871
2026/09/22 21:47:36.628, 0, 89617, 97871
2026/09/22 21:47:36.628, 1, 89617, 97871
2026/09/22 21:47:36.628, 2, 89617, 97871
2026/09/22 21:47:36.628, 3, 91665, 97871
2026/09/22 21:47:36.828, 0, 89617, 97871
2026/09/22 21:47:36.828, 1, 89617, 97871
2026/09/22 21:47:36.828, 2, 89617, 97871
2026/09/22 21:47:36.828, 3, 91665, 97871
2026/09/22 21:47:37.028, 0, 89617, 97871
2026/09/22 21:47:37.028, 1, 89617, 97871
2026/09/22 21:47:37.028, 2, 89617, 97871
2026/09/22 21:47:37.029, 3, 91665, 97871
2026/09/22 21:47:37.229, 0, 89617, 97871
2026/09/22 21:47:37.229, 1, 89617, 97871
2026/09/22 21:47:37.229, 2, 89617, 97871
2026/09/22 21:47:37.229, 3, 91665, 97871
2026/09/22 21:47:37.429, 0, 89617, 97871
2026/09/22 21:47:37.429, 1, 89617, 97871
2026/09/22 21:47:37.429, 2, 89617, 97871
2026/09/22 21:47:37.429, 3, 91665, 97871
2026/09/22 21:47:37.629, 0, 89617, 97871
2026/09/22 21:47:37.629, 1, 89617, 97871
2026/09/22 21:47:37.629, 2, 89617, 97871
2026/09/22 21:47:37.629, 3, 91665, 97871
2026/09/22 21:47:37.829, 0, 89617, 97871
2026/09/22 21:47:37.829, 1, 89617, 97871
2026/09/22 21:47:37.830, 2, 89617, 97871
2026/09/22 21:47:37.830, 3, 91665, 97871
2026/09/22 21:47:38.030, 0, 89617, 97871
2026/09/22 21:47:38.030, 1, 89617, 97871
2026/09/22 21:47:38.030, 2, 89617, 97871
2026/09/22 21:47:38.030, 3, 91665, 97871
2026/09/22 21:47:38.230, 0, 89617, 97871
2026/09/22 21:47:38.230, 1, 89617, 97871
2026/09/22 21:47:38.230, 2, 89617, 97871
2026/09/22 21:47:38.230, 3, 91665, 97871
2026/09/22 21:47:38.430, 0, 89617, 97871
2026/09/22 21:47:38.430, 1, 89617, 97871
2026/09/22 21:47:38.430, 2, 89617, 97871
2026/09/22 21:47:38.430, 3, 91665, 97871
2026/09/22 21:47:38.630, 0, 89617, 97871
2026/09/22 21:47:38.631, 1, 89617, 97871
2026/09/22 21:47:38.631, 2, 89617, 97871
2026/09/22 21:47:38.631, 3, 91665, 97871
2026/09/22 21:47:38.831, 0, 89617, 97871
2026/09/22 21:47:38.831, 1, 89617, 97871
2026/09/22 21:47:38.831, 2, 89617, 97871
2026/09/22 21:47:38.831, 3, 91665, 97871
2026/09/22 21:47:39.031, 0, 89617, 97871
2026/09/22 21:47:39.031, 1, 89617, 97871
2026/09/22 21:47:39.031, 2, 89617, 97871
2026/09/22 21:47:39.031, 3, 91665, 97871
2026/09/22 21:47:39.231, 0, 89617, 97871
2026/09/22 21:47:39.231, 1, 89617, 97871
2026/09/22 21:47:39.231, 2, 89617, 97871
2026/09/22 21:47:39.231, 3, 91665, 97871
2026/09/22 21:47:39.432, 0, 89617, 97871
2026/09/22 21:47:39.432, 1, 89617, 97871
2026/09/22 21:47:39.432, 2, 89617, 97871
2026/09/22 21:47:39.432, 3, 91665, 97871
2026/09/22 21:47:39.632, 0, 89617, 97871
2026/09/22 21:47:39.632, 1, 89617, 97871
2026/09/22 21:47:39.632, 2, 89617, 97871
2026/09/22 21:47:39.632, 3, 91665, 97871
2026/09/22 21:47:39.832, 0, 89617, 97871
2026/09/22 21:47:39.832, 1, 89617, 97871
2026/09/22 21:47:39.832, 2, 89617, 97871
2026/09/22 21:47:39.832, 3, 91665, 97871
2026/09/22 21:47:40.032, 0, 89617, 97871
2026/09/22 21:47:40.032, 1, 89617, 97871
2026/09/22 21:47:40.033, 2, 89617, 97871
2026/09/22 21:47:40.033, 3, 91665, 97871
2026/09/22 21:47:40.233, 0, 89617, 97871
2026/09/22 21:47:40.233, 1, 89617, 97871
2026/09/22 21:47:40.233, 2, 89617, 97871
2026/09/22 21:47:40.233, 3, 91665, 97871
2026/09/22 21:47:40.433, 0, 89617, 97871
2026/09/22 21:47:40.433, 1, 89617, 97871
2026/09/22 21:47:40.433, 2, 89617, 97871
2026/09/22 21:47:40.433, 3, 91665, 97871
2026/09/22 21:47:40.633, 0, 89617, 97871
2026/09/22 21:47:40.633, 1, 89617, 97871
2026/09/22 21:47:40.633, 2, 89617, 97871
2026/09/22 21:47:40.633, 3, 91665, 97871
2026/09/22 21:47:40.833, 0, 89617, 97871
2026/09/22 21:47:40.833, 1, 89617, 97871
2026/09/22 21:47:40.833, 2, 89617, 97871
2026/09/22 21:47:40.834, 3, 91665, 97871
2026/09/22 21:47:41.034, 0, 89617, 97871
2026/09/22 21:47:41.034, 1, 89617, 97871
2026/09/22 21:47:41.034, 2, 89617, 97871
2026/09/22 21:47:41.034, 3, 91665, 97871
2026/09/22 21:47:41.234, 0, 89617, 97871
2026/09/22 21:47:41.234, 1, 89617, 97871
2026/09/22 21:47:41.234, 2, 89617, 97871
2026/09/22 21:47:41.234, 3, 91665, 97871
2026/09/22 21:47:41.434, 0, 89617, 97871
2026/09/22 21:47:41.434, 1, 89617, 97871
2026/09/22 21:47:41.434, 2, 89617, 97871
2026/09/22 21:47:41.435, 3, 91665, 97871
2026/09/22 21:47:41.635, 0, 89617, 97871
2026/09/22 21:47:41.635, 1, 89617, 97871
2026/09/22 21:47:41.635, 2, 89617, 97871
2026/09/22 21:47:41.635, 3, 91665, 97871
2026/09/22 21:47:41.835, 0, 89617, 97871
2026/09/22 21:47:41.835, 1, 89617, 97871
2026/09/22 21:47:41.835, 2, 89617, 97871
2026/09/22 21:47:41.835, 3, 91665, 97871
2026/09/22 21:47:42.035, 0, 89617, 97871
2026/09/22 21:47:42.035, 1, 89617, 97871
2026/09/22 21:47:42.035, 2, 89617, 97871
2026/09/22 21:47:42.035, 3, 91665, 97871
2026/09/22 21:47:42.235, 0, 89617, 97871
2026/09/22 21:47:42.235, 1, 89617, 97871
2026/09/22 21:47:42.236, 2, 89617, 97871
2026/09/22 21:47:42.236, 3, 91665, 97871
2026/09/22 21:47:42.436, 0, 89617, 97871
2026/09/22 21:47:42.436, 1, 89617, 97871
2026/09/22 21:47:42.436, 2, 89617, 97871
2026/09/22 21:47:42.436, 3, 91665, 97871
2026/09/22 21:47:42.636, 0, 89617, 97871
2026/09/22 21:47:42.636, 1, 89617, 97871
2026/09/22 21:47:42.636, 2, 89617, 97871
2026/09/22 21:47:42.636, 3, 91665, 97871
2026/09/22 21:47:42.836, 0, 89617, 97871
2026/09/22 21:47:42.836, 1, 89617, 97871
2026/09/22 21:47:42.836, 2, 89617, 97871
2026/09/22 21:47:42.836, 3, 91665, 97871
2026/09/22 21:47:43.036, 0, 89617, 97871
2026/09/22 21:47:43.036, 1, 89617, 97871
2026/09/22 21:47:43.037, 2, 89617, 97871
2026/09/22 21:47:43.037, 3, 91665, 97871
2026/09/22 21:47:43.237, 0, 89617, 97871
2026/09/22 21:47:43.237, 1, 89617, 97871
2026/09/22 21:47:43.237, 2, 89617, 97871
2026/09/22 21:47:43.237, 3, 91665, 97871
2026/09/22 21:47:43.437, 0, 89617, 97871
2026/09/22 21:47:43.437, 1, 89617, 97871
2026/09/22 21:47:43.437, 2, 89617, 97871
2026/09/22 21:47:43.437, 3, 91665, 97871
2026/09/22 21:47:43.637, 0, 89617, 97871
2026/09/22 21:47:43.637, 1, 89617, 97871
2026/09/22 21:47:43.637, 2, 89617, 97871
2026/09/22 21:47:43.637, 3, 91665, 97871
2026/09/22 21:47:43.837, 0, 89617, 97871
2026/09/22 21:47:43.837, 1, 89617, 97871
2026/09/22 21:47:43.838, 2, 89617, 97871
2026/09/22 21:47:43.838, 3, 91665, 97871
2026/09/22 21:47:44.038, 0, 89617, 97871
2026/09/22 21:47:44.038, 1, 89617, 97871
2026/09/22 21:47:44.038, 2, 89617, 97871
2026/09/22 21:47:44.038, 3, 91665, 97871
2026/09/22 21:47:44.238, 0, 89617, 97871
2026/09/22 21:47:44.238, 1, 89617, 97871
2026/09/22 21:47:44.238, 2, 89617, 97871
2026/09/22 21:47:44.238, 3, 91665, 97871
2026/09/22 21:47:44.438, 0, 89617, 97871
2026/09/22 21:47:44.438, 1, 89617, 97871
2026/09/22 21:47:44.438, 2, 89617, 97871
2026/09/22 21:47:44.438, 3, 91665, 97871
2026/09/22 21:47:44.638, 0, 89617, 97871
2026/09/22 21:47:44.638, 1, 89617, 97871
2026/09/22 21:47:44.638, 2, 89617, 97871
2026/09/22 21:47:44.639, 3, 91665, 97871
2026/09/22 21:47:44.839, 0, 89617, 97871
2026/09/22 21:47:44.839, 1, 89617, 97871
2026/09/22 21:47:44.839, 2, 89617, 97871
2026/09/22 21:47:44.839, 3, 91665, 97871
2026/09/22 21:47:45.039, 0, 89617, 97871
2026/09/22 21:47:45.039, 1, 89617, 97871
2026/09/22 21:47:45.039, 2, 89617, 97871
2026/09/22 21:47:45.039, 3, 91665, 97871
2026/09/22 21:47:45.239, 0, 89617, 97871
2026/09/22 21:47:45.239, 1, 89617, 97871
2026/09/22 21:47:45.239, 2, 89617, 97871
2026/09/22 21:47:45.239, 3, 91665, 97871
2026/09/22 21:47:45.439, 0, 89617, 97871
2026/09/22 21:47:45.440, 1, 89617, 97871
2026/09/22 21:47:45.440, 2, 89617, 97871
2026/09/22 21:47:45.440, 3, 91665, 97871
2026/09/22 21:47:45.640, 0, 89617, 97871
2026/09/22 21:47:45.640, 1, 89617, 97871
2026/09/22 21:47:45.640, 2, 89617, 97871
2026/09/22 21:47:45.640, 3, 91665, 97871
2026/09/22 21:47:45.840, 0, 89617, 97871
2026/09/22 21:47:45.840, 1, 89617, 97871
2026/09/22 21:47:45.840, 2, 89617, 97871
2026/09/22 21:47:45.840, 3, 91665, 97871
2026/09/22 21:47:46.040, 0, 89617, 97871
2026/09/22 21:47:46.040, 1, 89617, 97871
2026/09/22 21:47:46.040, 2, 89617, 97871
2026/09/22 21:47:46.040, 3, 91665, 97871
2026/09/22 21:47:46.240, 0, 89617, 97871
2026/09/22 21:47:46.241, 1, 89617, 97871
2026/09/22 21:47:46.241, 2, 89617, 97871
2026/09/22 21:47:46.241, 3, 91665, 97871
2026/09/22 21:47:46.441, 0, 89617, 97871
2026/09/22 21:47:46.441, 1, 89617, 97871
2026/09/22 21:47:46.441, 2, 89617, 97871
2026/09/22 21:47:46.441, 3, 91665, 97871
2026/09/22 21:47:46.641, 0, 89617, 97871
2026/09/22 21:47:46.641, 1, 89617, 97871
2026/09/22 21:47:46.641, 2, 89617, 97871
2026/09/22 21:47:46.641, 3, 91665, 97871
2026/09/22 21:47:46.841, 0, 89617, 97871
2026/09/22 21:47:46.841, 1, 89617, 97871
2026/09/22 21:47:46.841, 2, 89617, 97871
2026/09/22 21:47:46.841, 3, 91665, 97871
2026/09/22 21:47:47.042, 0, 89617, 97871
2026/09/22 21:47:47.042, 1, 89617, 97871
2026/09/22 21:47:47.042, 2, 89617, 97871
2026/09/22 21:47:47.042, 3, 91665, 97871
2026/09/22 21:47:47.242, 0, 89617, 97871
2026/09/22 21:47:47.242, 1, 89617, 97871
2026/09/22 21:47:47.242, 2, 89617, 97871
2026/09/22 21:47:47.242, 3, 91665, 97871
2026/09/22 21:47:47.442, 0, 89617, 97871
2026/09/22 21:47:47.442, 1, 89617, 97871
2026/09/22 21:47:47.442, 2, 89617, 97871
2026/09/22 21:47:47.442, 3, 91665, 97871
2026/09/22 21:47:47.642, 0, 89617, 97871
2026/09/22 21:47:47.642, 1, 89617, 97871
2026/09/22 21:47:47.643, 2, 89617, 97871
2026/09/22 21:47:47.643, 3, 91665, 97871
2026/09/22 21:47:47.843, 0, 89617, 97871
2026/09/22 21:47:47.843, 1, 89617, 97871
2026/09/22 21:47:47.843, 2, 89617, 97871
2026/09/22 21:47:47.843, 3, 91665, 97871
2026/09/22 21:47:48.043, 0, 89617, 97871
2026/09/22 21:47:48.043, 1, 89617, 97871
2026/09/22 21:47:48.043, 2, 89617, 97871
2026/09/22 21:47:48.043, 3, 91665, 97871
2026/09/22 21:47:48.243, 0, 89617, 97871
2026/09/22 21:47:48.243, 1, 89617, 97871
2026/09/22 21:47:48.243, 2, 89617, 97871
2026/09/22 21:47:48.243, 3, 91665, 97871
2026/09/22 21:47:48.443, 0, 89617, 97871
2026/09/22 21:47:48.443, 1, 89617, 97871
2026/09/22 21:47:48.444, 2, 89617, 97871
2026/09/22 21:47:48.444, 3, 91665, 97871
2026/09/22 21:47:48.644, 0, 89617, 97871
2026/09/22 21:47:48.644, 1, 89617, 97871
2026/09/22 21:47:48.644, 2, 89617, 97871
2026/09/22 21:47:48.644, 3, 91665, 97871
2026/09/22 21:47:48.844, 0, 89617, 97871
2026/09/22 21:47:48.844, 1, 89617, 97871
2026/09/22 21:47:48.844, 2, 89617, 97871
2026/09/22 21:47:48.844, 3, 91665, 97871
2026/09/22 21:47:49.044, 0, 89617, 97871
2026/09/22 21:47:49.044, 1, 89617, 97871
2026/09/22 21:47:49.044, 2, 89617, 97871
2026/09/22 21:47:49.044, 3, 91665, 97871
2026/09/22 21:47:49.245, 0, 89617, 97871
2026/09/22 21:47:49.245, 1, 89617, 97871
2026/09/22 21:47:49.245, 2, 89617, 97871
2026/09/22 21:47:49.245, 3, 91665, 97871
2026/09/22 21:47:49.445, 0, 89617, 97871
2026/09/22 21:47:49.445, 1, 89617, 97871
2026/09/22 21:47:49.445, 2, 89617, 97871
2026/09/22 21:47:49.445, 3, 91665, 97871
2026/09/22 21:47:49.645, 0, 89617, 97871
2026/09/22 21:47:49.645, 1, 89617, 97871
2026/09/22 21:47:49.645, 2, 89617, 97871
2026/09/22 21:47:49.645, 3, 91665, 97871
2026/09/22 21:47:49.845, 0, 89617, 97871
2026/09/22 21:47:49.845, 1, 89617, 97871
2026/09/22 21:47:49.845, 2, 89617, 97871
2026/09/22 21:47:49.846, 3, 91665, 97871
2026/09/22 21:47:50.046, 0, 89617, 97871
2026/09/22 21:47:50.046, 1, 89617, 97871
2026/09/22 21:47:50.046, 2, 89617, 97871
2026/09/22 21:47:50.046, 3, 91665, 97871
2026/09/22 21:47:50.246, 0, 89617, 97871
2026/09/22 21:47:50.246, 1, 89617, 97871
2026/09/22 21:47:50.246, 2, 89617, 97871
2026/09/22 21:47:50.246, 3, 91665, 97871
2026/09/22 21:47:50.446, 0, 89617, 97871
2026/09/22 21:47:50.446, 1, 89617, 97871
2026/09/22 21:47:50.446, 2, 89617, 97871
2026/09/22 21:47:50.446, 3, 91665, 97871
2026/09/22 21:47:50.646, 0, 89617, 97871
2026/09/22 21:47:50.646, 1, 89617, 97871
2026/09/22 21:47:50.646, 2, 89617, 97871
2026/09/22 21:47:50.647, 3, 91665, 97871
2026/09/22 21:47:50.847, 0, 89617, 97871
2026/09/22 21:47:50.847, 1, 89617, 97871
2026/09/22 21:47:50.847, 2, 89617, 97871
2026/09/22 21:47:50.847, 3, 91665, 97871
2026/09/22 21:47:51.047, 0, 89617, 97871
2026/09/22 21:47:51.047, 1, 89617, 97871
2026/09/22 21:47:51.047, 2, 89617, 97871
2026/09/22 21:47:51.047, 3, 91665, 97871
2026/09/22 21:47:51.247, 0, 89617, 97871
2026/09/22 21:47:51.247, 1, 89617, 97871
2026/09/22 21:47:51.247, 2, 89617, 97871
2026/09/22 21:47:51.247, 3, 91665, 97871
2026/09/22 21:47:51.447, 0, 89617, 97871
2026/09/22 21:47:51.448, 1, 89617, 97871
2026/09/22 21:47:51.448, 2, 89617, 97871
2026/09/22 21:47:51.448, 3, 91665, 97871
2026/09/22 21:47:51.648, 0, 89617, 97871
2026/09/22 21:47:51.648, 1, 89617, 97871
2026/09/22 21:47:51.648, 2, 89617, 97871
2026/09/22 21:47:51.648, 3, 91665, 97871
2026/09/22 21:47:51.848, 0, 89617, 97871
2026/09/22 21:47:51.848, 1, 89617, 97871
2026/09/22 21:47:51.848, 2, 89617, 97871
2026/09/22 21:47:51.848, 3, 91665, 97871
2026/09/22 21:47:52.048, 0, 89617, 97871
2026/09/22 21:47:52.048, 1, 89617, 97871
2026/09/22 21:47:52.048, 2, 89617, 97871
2026/09/22 21:47:52.048, 3, 91665, 97871
2026/09/22 21:47:52.249, 0, 89617, 97871
2026/09/22 21:47:52.249, 1, 89617, 97871
2026/09/22 21:47:52.249, 2, 89617, 97871
2026/09/22 21:47:52.249, 3, 91665, 97871
2026/09/22 21:47:52.449, 0, 89617, 97871
2026/09/22 21:47:52.449, 1, 89617, 97871
2026/09/22 21:47:52.449, 2, 89617, 97871
2026/09/22 21:47:52.449, 3, 91665, 97871
2026/09/22 21:47:52.649, 0, 89617, 97871
2026/09/22 21:47:52.649, 1, 89617, 97871
2026/09/22 21:47:52.649, 2, 89617, 97871
2026/09/22 21:47:52.649, 3, 91665, 97871
2026/09/22 21:47:52.849, 0, 89617, 97871
2026/09/22 21:47:52.849, 1, 89617, 97871
2026/09/22 21:47:52.850, 2, 89617, 97871
2026/09/22 21:47:52.850, 3, 91665, 97871
2026/09/22 21:47:53.050, 0, 89617, 97871
2026/09/22 21:47:53.050, 1, 89617, 97871
2026/09/22 21:47:53.050, 2, 89617, 97871
2026/09/22 21:47:53.050, 3, 91665, 97871
2026/09/22 21:47:53.250, 0, 89617, 97871
2026/09/22 21:47:53.250, 1, 89617, 97871
2026/09/22 21:47:53.250, 2, 89617, 97871
2026/09/22 21:47:53.250, 3, 91665, 97871
2026/09/22 21:47:53.450, 0, 89617, 97871
2026/09/22 21:47:53.450, 1, 89617, 97871
2026/09/22 21:47:53.450, 2, 89617, 97871
2026/09/22 21:47:53.450, 3, 91665, 97871
2026/09/22 21:47:53.650, 0, 89617, 97871
2026/09/22 21:47:53.651, 1, 89617, 97871
2026/09/22 21:47:53.651, 2, 89617, 97871
2026/09/22 21:47:53.651, 3, 91665, 97871
2026/09/22 21:47:53.851, 0, 89617, 97871
2026/09/22 21:47:53.851, 1, 89617, 97871
2026/09/22 21:47:53.851, 2, 89617, 97871
2026/09/22 21:47:53.851, 3, 91665, 97871
2026/09/22 21:47:54.051, 0, 89617, 97871
2026/09/22 21:47:54.051, 1, 89617, 97871
2026/09/22 21:47:54.051, 2, 89617, 97871
2026/09/22 21:47:54.051, 3, 91665, 97871
2026/09/22 21:47:54.251, 0, 89617, 97871
2026/09/22 21:47:54.251, 1, 89617, 97871
2026/09/22 21:47:54.251, 2, 89617, 97871
2026/09/22 21:47:54.251, 3, 91665, 97871
2026/09/22 21:47:54.452, 0, 89617, 97871
2026/09/22 21:47:54.452, 1, 89617, 97871
2026/09/22 21:47:54.452, 2, 89617, 97871
2026/09/22 21:47:54.452, 3, 91665, 97871
2026/09/22 21:47:54.652, 0, 89617, 97871
2026/09/22 21:47:54.652, 1, 89617, 97871
2026/09/22 21:47:54.652, 2, 89617, 97871
2026/09/22 21:47:54.652, 3, 91665, 97871
2026/09/22 21:47:54.852, 0, 89617, 97871
2026/09/22 21:47:54.852, 1, 89617, 97871
2026/09/22 21:47:54.852, 2, 89617, 97871
2026/09/22 21:47:54.852, 3, 91665, 97871
2026/09/22 21:47:55.052, 0, 89617, 97871
2026/09/22 21:47:55.052, 1, 89617, 97871
2026/09/22 21:47:55.053, 2, 89617, 97871
2026/09/22 21:47:55.053, 3, 91665, 97871
2026/09/22 21:47:55.253, 0, 89617, 97871
2026/09/22 21:47:55.253, 1, 89617, 97871
2026/09/22 21:47:55.253, 2, 89617, 97871
2026/09/22 21:47:55.253, 3, 91665, 97871
2026/09/22 21:47:55.453, 0, 89617, 97871
2026/09/22 21:47:55.453, 1, 89617, 97871
2026/09/22 21:47:55.453, 2, 89617, 97871
2026/09/22 21:47:55.453, 3, 91665, 97871
2026/09/22 21:47:55.653, 0, 89617, 97871
2026/09/22 21:47:55.653, 1, 89617, 97871
2026/09/22 21:47:55.653, 2, 89617, 97871
2026/09/22 21:47:55.653, 3, 91665, 97871
2026/09/22 21:47:55.854, 0, 89617, 97871
2026/09/22 21:47:55.854, 1, 89617, 97871
2026/09/22 21:47:55.854, 2, 89617, 97871
2026/09/22 21:47:55.854, 3, 91665, 97871
2026/09/22 21:47:56.054, 0, 89617, 97871
2026/09/22 21:47:56.054, 1, 89617, 97871
2026/09/22 21:47:56.054, 2, 89617, 97871
2026/09/22 21:47:56.054, 3, 91665, 97871
2026/09/22 21:47:56.254, 0, 89617, 97871
2026/09/22 21:47:56.254, 1, 89617, 97871
2026/09/22 21:47:56.254, 2, 89617, 97871
2026/09/22 21:47:56.254, 3, 91665, 97871
2026/09/22 21:47:56.454, 0, 89617, 97871
2026/09/22 21:47:56.454, 1, 89617, 97871
2026/09/22 21:47:56.454, 2, 89617, 97871
2026/09/22 21:47:56.454, 3, 91665, 97871
2026/09/22 21:47:56.655, 0, 89617, 97871
2026/09/22 21:47:56.655, 1, 89617, 97871
2026/09/22 21:47:56.655, 2, 89617, 97871
2026/09/22 21:47:56.655, 3, 91665, 97871
2026/09/22 21:47:56.855, 0, 89617, 97871
2026/09/22 21:47:56.855, 1, 89617, 97871
2026/09/22 21:47:56.855, 2, 89617, 97871
2026/09/22 21:47:56.855, 3, 91665, 97871
2026/09/22 21:47:57.055, 0, 89617, 97871
2026/09/22 21:47:57.055, 1, 89617, 97871
2026/09/22 21:47:57.055, 2, 89617, 97871
2026/09/22 21:47:57.055, 3, 91665, 97871
2026/09/22 21:47:57.255, 0, 89617, 97871
2026/09/22 21:47:57.256, 1, 89617, 97871
2026/09/22 21:47:57.256, 2, 89617, 97871
2026/09/22 21:47:57.256, 3, 91665, 97871
2026/09/22 21:47:57.456, 0, 89617, 97871
2026/09/22 21:47:57.456, 1, 89617, 97871
2026/09/22 21:47:57.456, 2, 89617, 97871
2026/09/22 21:47:57.456, 3, 91665, 97871
2026/09/22 21:47:57.656, 0, 89617, 97871
2026/09/22 21:47:57.656, 1, 89617, 97871
2026/09/22 21:47:57.656, 2, 89617, 97871
2026/09/22 21:47:57.656, 3, 91665, 97871
2026/09/22 21:47:57.856, 0, 89617, 97871
2026/09/22 21:47:57.856, 1, 89617, 97871
2026/09/22 21:47:57.856, 2, 89617, 97871
2026/09/22 21:47:57.856, 3, 91665, 97871
2026/09/22 21:47:58.057, 0, 89617, 97871
2026/09/22 21:47:58.057, 1, 89617, 97871
2026/09/22 21:47:58.057, 2, 89617, 97871
2026/09/22 21:47:58.057, 3, 91665, 97871
2026/09/22 21:47:58.257, 0, 89617, 97871
2026/09/22 21:47:58.257, 1, 89617, 97871
2026/09/22 21:47:58.257, 2, 89617, 97871
2026/09/22 21:47:58.257, 3, 91665, 97871
2026/09/22 21:47:58.457, 0, 89617, 97871
2026/09/22 21:47:58.457, 1, 89617, 97871
2026/09/22 21:47:58.457, 2, 89617, 97871
2026/09/22 21:47:58.457, 3, 91665, 97871
2026/09/22 21:47:58.657, 0, 89617, 97871
2026/09/22 21:47:58.658, 1, 89617, 97871
2026/09/22 21:47:58.658, 2, 89617, 97871
2026/09/22 21:47:58.658, 3, 91665, 97871
2026/09/22 21:47:58.858, 0, 89617, 97871
2026/09/22 21:47:58.858, 1, 89617, 97871
2026/09/22 21:47:58.858, 2, 89617, 97871
2026/09/22 21:47:58.858, 3, 91665, 97871
2026/09/22 21:47:59.058, 0, 89617, 97871
2026/09/22 21:47:59.058, 1, 89617, 97871
2026/09/22 21:47:59.058, 2, 89617, 97871
2026/09/22 21:47:59.058, 3, 91665, 97871
2026/09/22 21:47:59.258, 0, 89617, 97871
2026/09/22 21:47:59.259, 1, 89617, 97871
2026/09/22 21:47:59.259, 2, 89617, 97871
2026/09/22 21:47:59.259, 3, 91665, 97871
2026/09/22 21:47:59.459, 0, 89617, 97871
2026/09/22 21:47:59.459, 1, 89617, 97871
2026/09/22 21:47:59.459, 2, 89617, 97871
2026/09/22 21:47:59.459, 3, 91665, 97871
2026/09/22 21:47:59.659, 0, 89617, 97871
2026/09/22 21:47:59.659, 1, 89617, 97871
2026/09/22 21:47:59.659, 2, 89617, 97871
2026/09/22 21:47:59.659, 3, 91665, 97871
2026/09/22 21:47:59.859, 0, 89617, 97871
2026/09/22 21:47:59.859, 1, 89617, 97871
2026/09/22 21:47:59.859, 2, 89617, 97871
2026/09/22 21:47:59.860, 3, 91665, 97871
2026/09/22 21:48:00.060, 0, 89617, 97871
2026/09/22 21:48:00.060, 1, 89617, 97871
2026/09/22 21:48:00.060, 2, 89617, 97871
2026/09/22 21:48:00.060, 3, 91665, 97871
2026/09/22 21:48:00.260, 0, 89617, 97871
2026/09/22 21:48:00.260, 1, 89617, 97871
2026/09/22 21:48:00.260, 2, 89617, 97871
2026/09/22 21:48:00.260, 3, 91665, 97871
2026/09/22 21:48:00.460, 0, 89617, 97871
2026/09/22 21:48:00.460, 1, 89617, 97871
2026/09/22 21:48:00.460, 2, 89617, 97871
2026/09/22 21:48:00.460, 3, 91665, 97871
2026/09/22 21:48:00.661, 0, 89617, 97871
2026/09/22 21:48:00.661, 1, 89617, 97871
2026/09/22 21:48:00.661, 2, 89617, 97871
2026/09/22 21:48:00.661, 3, 91665, 97871
2026/09/22 21:48:00.861, 0, 89617, 97871
2026/09/22 21:48:00.861, 1, 89617, 97871
2026/09/22 21:48:00.861, 2, 89617, 97871
2026/09/22 21:48:00.861, 3, 91665, 97871
2026/09/22 21:48:01.061, 0, 89617, 97871
2026/09/22 21:48:01.061, 1, 89617, 97871
2026/09/22 21:48:01.061, 2, 89617, 97871
2026/09/22 21:48:01.061, 3, 91665, 97871
2026/09/22 21:48:01.261, 0, 89617, 97871
2026/09/22 21:48:01.261, 1, 89617, 97871
2026/09/22 21:48:01.261, 2, 89617, 97871
2026/09/22 21:48:01.262, 3, 91665, 97871
2026/09/22 21:48:01.462, 0, 89617, 97871
2026/09/22 21:48:01.462, 1, 89617, 97871
2026/09/22 21:48:01.462, 2, 89617, 97871
2026/09/22 21:48:01.462, 3, 91665, 97871
2026/09/22 21:48:01.662, 0, 89617, 97871
2026/09/22 21:48:01.662, 1, 89617, 97871
2026/09/22 21:48:01.662, 2, 89617, 97871
2026/09/22 21:48:01.662, 3, 91665, 97871
2026/09/22 21:48:01.862, 0, 89617, 97871
2026/09/22 21:48:01.862, 1, 89617, 97871
2026/09/22 21:48:01.862, 2, 89617, 97871
2026/09/22 21:48:01.862, 3, 91665, 97871
2026/09/22 21:48:02.062, 0, 89617, 97871
2026/09/22 21:48:02.063, 1, 89617, 97871
2026/09/22 21:48:02.063, 2, 89617, 97871
2026/09/22 21:48:02.063, 3, 91665, 97871
2026/09/22 21:48:02.263, 0, 89617, 97871
2026/09/22 21:48:02.263, 1, 89617, 97871
2026/09/22 21:48:02.263, 2, 89617, 97871
2026/09/22 21:48:02.263, 3, 91665, 97871
2026/09/22 21:48:02.463, 0, 89617, 97871
2026/09/22 21:48:02.463, 1, 89617, 97871
2026/09/22 21:48:02.463, 2, 89617, 97871
2026/09/22 21:48:02.463, 3, 91665, 97871
2026/09/22 21:48:02.663, 0, 89617, 97871
2026/09/22 21:48:02.663, 1, 89617, 97871
2026/09/22 21:48:02.663, 2, 89617, 97871
2026/09/22 21:48:02.664, 3, 91665, 97871
2026/09/22 21:48:02.864, 0, 89617, 97871
2026/09/22 21:48:02.864, 1, 89617, 97871
2026/09/22 21:48:02.864, 2, 89617, 97871
2026/09/22 21:48:02.864, 3, 91665, 97871
2026/09/22 21:48:03.064, 0, 89617, 97871
2026/09/22 21:48:03.064, 1, 89617, 97871
2026/09/22 21:48:03.064, 2, 89617, 97871
2026/09/22 21:48:03.064, 3, 91665, 97871
2026/09/22 21:48:03.264, 0, 89617, 97871
2026/09/22 21:48:03.264, 1, 89617, 97871
2026/09/22 21:48:03.264, 2, 89617, 97871
2026/09/22 21:48:03.264, 3, 91665, 97871
2026/09/22 21:48:03.464, 0, 89617, 97871
2026/09/22 21:48:03.465, 1, 89617, 97871
2026/09/22 21:48:03.465, 2, 89617, 97871
2026/09/22 21:48:03.465, 3, 91665, 97871
2026/09/22 21:48:03.665, 0, 89617, 97871
2026/09/22 21:48:03.665, 1, 89617, 97871
2026/09/22 21:48:03.665, 2, 89617, 97871
2026/09/22 21:48:03.665, 3, 91665, 97871
2026/09/22 21:48:03.865, 0, 89617, 97871
2026/09/22 21:48:03.865, 1, 89617, 97871
2026/09/22 21:48:03.865, 2, 89617, 97871
2026/09/22 21:48:03.865, 3, 91665, 97871
2026/09/22 21:48:04.065, 0, 89617, 97871
2026/09/22 21:48:04.066, 1, 89617, 97871
2026/09/22 21:48:04.066, 2, 89617, 97871
2026/09/22 21:48:04.066, 3, 91665, 97871
2026/09/22 21:48:04.266, 0, 89617, 97871
2026/09/22 21:48:04.266, 1, 89617, 97871
2026/09/22 21:48:04.266, 2, 89617, 97871
2026/09/22 21:48:04.266, 3, 91665, 97871
2026/09/22 21:48:04.466, 0, 89617, 97871
2026/09/22 21:48:04.466, 1, 89617, 97871
2026/09/22 21:48:04.466, 2, 89617, 97871
2026/09/22 21:48:04.466, 3, 91665, 97871
2026/09/22 21:48:04.666, 0, 89617, 97871
2026/09/22 21:48:04.666, 1, 89617, 97871
2026/09/22 21:48:04.666, 2, 89617, 97871
2026/09/22 21:48:04.667, 3, 91665, 97871
2026/09/22 21:48:04.867, 0, 89617, 97871
2026/09/22 21:48:04.867, 1, 89617, 97871
2026/09/22 21:48:04.867, 2, 89617, 97871
2026/09/22 21:48:04.867, 3, 91665, 97871
2026/09/22 21:48:05.067, 0, 89617, 97871
2026/09/22 21:48:05.067, 1, 89617, 97871
2026/09/22 21:48:05.067, 2, 89617, 97871
2026/09/22 21:48:05.067, 3, 91665, 97871
2026/09/22 21:48:05.267, 0, 89617, 97871
2026/09/22 21:48:05.267, 1, 89617, 97871
2026/09/22 21:48:05.267, 2, 89617, 97871
2026/09/22 21:48:05.268, 3, 91665, 97871
2026/09/22 21:48:05.468, 0, 89617, 97871
2026/09/22 21:48:05.468, 1, 89617, 97871
2026/09/22 21:48:05.468, 2, 89617, 97871
2026/09/22 21:48:05.468, 3, 91665, 97871
2026/09/22 21:48:05.668, 0, 89617, 97871
2026/09/22 21:48:05.668, 1, 89617, 97871
2026/09/22 21:48:05.668, 2, 89617, 97871
2026/09/22 21:48:05.668, 3, 91665, 97871
2026/09/22 21:48:05.868, 0, 89617, 97871
2026/09/22 21:48:05.868, 1, 89617, 97871
2026/09/22 21:48:05.868, 2, 89617, 97871
2026/09/22 21:48:05.868, 3, 91665, 97871
2026/09/22 21:48:06.068, 0, 89617, 97871
2026/09/22 21:48:06.069, 1, 89617, 97871
2026/09/22 21:48:06.069, 2, 89617, 97871
2026/09/22 21:48:06.069, 3, 91665, 97871
2026/09/22 21:48:06.269, 0, 89617, 97871
2026/09/22 21:48:06.269, 1, 89617, 97871
2026/09/22 21:48:06.269, 2, 89617, 97871
2026/09/22 21:48:06.269, 3, 91665, 97871
2026/09/22 21:48:06.469, 0, 89617, 97871
2026/09/22 21:48:06.469, 1, 89617, 97871
2026/09/22 21:48:06.469, 2, 89617, 97871
2026/09/22 21:48:06.469, 3, 91665, 97871
2026/09/22 21:48:06.669, 0, 89617, 97871
2026/09/22 21:48:06.669, 1, 89617, 97871
2026/09/22 21:48:06.669, 2, 89617, 97871
2026/09/22 21:48:06.670, 3, 91665, 97871
2026/09/22 21:48:06.870, 0, 89617, 97871
2026/09/22 21:48:06.870, 1, 89617, 97871
2026/09/22 21:48:06.870, 2, 89617, 97871
2026/09/22 21:48:06.870, 3, 91665, 97871
2026/09/22 21:48:07.070, 0, 89617, 97871
2026/09/22 21:48:07.070, 1, 89617, 97871
2026/09/22 21:48:07.070, 2, 89617, 97871
2026/09/22 21:48:07.070, 3, 91665, 97871
2026/09/22 21:48:07.270, 0, 89617, 97871
2026/09/22 21:48:07.270, 1, 89617, 97871
2026/09/22 21:48:07.270, 2, 89617, 97871
2026/09/22 21:48:07.270, 3, 91665, 97871
2026/09/22 21:48:07.470, 0, 89617, 97871
2026/09/22 21:48:07.471, 1, 89617, 97871
2026/09/22 21:48:07.471, 2, 89617, 97871
2026/09/22 21:48:07.471, 3, 91665, 97871
2026/09/22 21:48:07.671, 0, 89617, 97871
2026/09/22 21:48:07.671, 1, 89617, 97871
2026/09/22 21:48:07.671, 2, 89617, 97871
2026/09/22 21:48:07.671, 3, 91665, 97871
2026/09/22 21:48:07.871, 0, 89617, 97871
2026/09/22 21:48:07.871, 1, 89617, 97871
2026/09/22 21:48:07.871, 2, 89617, 97871
2026/09/22 21:48:07.871, 3, 91665, 97871
2026/09/22 21:48:08.071, 0, 89617, 97871
2026/09/22 21:48:08.071, 1, 89617, 97871
2026/09/22 21:48:08.071, 2, 89617, 97871
2026/09/22 21:48:08.072, 3, 91665, 97871
2026/09/22 21:48:08.272, 0, 89617, 97871
2026/09/22 21:48:08.272, 1, 89617, 97871
2026/09/22 21:48:08.272, 2, 89617, 97871
2026/09/22 21:48:08.272, 3, 91665, 97871
2026/09/22 21:48:08.472, 0, 89617, 97871
2026/09/22 21:48:08.472, 1, 89617, 97871
2026/09/22 21:48:08.472, 2, 89617, 97871
2026/09/22 21:48:08.472, 3, 91665, 97871
2026/09/22 21:48:08.672, 0, 89617, 97871
2026/09/22 21:48:08.672, 1, 89617, 97871
2026/09/22 21:48:08.672, 2, 89617, 97871
2026/09/22 21:48:08.672, 3, 91665, 97871
2026/09/22 21:48:08.872, 0, 89617, 97871
2026/09/22 21:48:08.873, 1, 89617, 97871
2026/09/22 21:48:08.873, 2, 89617, 97871
2026/09/22 21:48:08.873, 3, 91665, 97871
2026/09/22 21:48:09.073, 0, 89617, 97871
2026/09/22 21:48:09.073, 1, 89617, 97871
2026/09/22 21:48:09.073, 2, 89617, 97871
2026/09/22 21:48:09.073, 3, 91665, 97871
2026/09/22 21:48:09.273, 0, 89617, 97871
2026/09/22 21:48:09.273, 1, 89617, 97871
2026/09/22 21:48:09.273, 2, 89617, 97871
2026/09/22 21:48:09.273, 3, 91665, 97871
2026/09/22 21:48:09.473, 0, 89617, 97871
2026/09/22 21:48:09.473, 1, 89617, 97871
2026/09/22 21:48:09.474, 2, 89617, 97871
2026/09/22 21:48:09.474, 3, 91665, 97871
2026/09/22 21:48:09.674, 0, 89617, 97871
2026/09/22 21:48:09.674, 1, 89617, 97871
2026/09/22 21:48:09.674, 2, 89617, 97871
2026/09/22 21:48:09.674, 3, 91665, 97871
2026/09/22 21:48:09.874, 0, 89617, 97871
2026/09/22 21:48:09.874, 1, 89617, 97871
2026/09/22 21:48:09.874, 2, 89617, 97871
2026/09/22 21:48:09.874, 3, 91665, 97871
2026/09/22 21:48:10.074, 0, 89617, 97871
2026/09/22 21:48:10.074, 1, 89617, 97871
2026/09/22 21:48:10.074, 2, 89617, 97871
2026/09/22 21:48:10.074, 3, 91665, 97871
2026/09/22 21:48:10.275, 0, 89617, 97871
2026/09/22 21:48:10.275, 1, 89617, 97871
2026/09/22 21:48:10.275, 2, 89617, 97871
2026/09/22 21:48:10.275, 3, 91665, 97871
2026/09/22 21:48:10.475, 0, 89617, 97871
2026/09/22 21:48:10.475, 1, 89617, 97871
2026/09/22 21:48:10.475, 2, 89617, 97871
2026/09/22 21:48:10.475, 3, 91665, 97871
2026/09/22 21:48:10.675, 0, 89617, 97871
2026/09/22 21:48:10.675, 1, 89617, 97871
2026/09/22 21:48:10.675, 2, 89617, 97871
2026/09/22 21:48:10.675, 3, 91665, 97871
2026/09/22 21:48:10.875, 0, 89617, 97871
2026/09/22 21:48:10.875, 1, 89617, 97871
2026/09/22 21:48:10.875, 2, 89617, 97871
2026/09/22 21:48:10.876, 3, 91665, 97871
2026/09/22 21:48:11.076, 0, 89617, 97871
2026/09/22 21:48:11.076, 1, 89617, 97871
2026/09/22 21:48:11.076, 2, 89617, 97871
2026/09/22 21:48:11.076, 3, 91665, 97871
2026/09/22 21:48:11.276, 0, 89617, 97871
2026/09/22 21:48:11.276, 1, 89617, 97871
2026/09/22 21:48:11.276, 2, 89617, 97871
2026/09/22 21:48:11.276, 3, 91665, 97871
2026/09/22 21:48:11.476, 0, 89617, 97871
2026/09/22 21:48:11.476, 1, 89617, 97871
2026/09/22 21:48:11.476, 2, 89617, 97871
2026/09/22 21:48:11.476, 3, 91665, 97871
2026/09/22 21:48:11.676, 0, 89617, 97871
2026/09/22 21:48:11.677, 1, 89617, 97871
2026/09/22 21:48:11.677, 2, 89617, 97871
2026/09/22 21:48:11.677, 3, 91665, 97871
2026/09/22 21:48:11.877, 0, 89617, 97871
2026/09/22 21:48:11.877, 1, 89617, 97871
2026/09/22 21:48:11.877, 2, 89617, 97871
2026/09/22 21:48:11.877, 3, 91665, 97871
2026/09/22 21:48:12.077, 0, 89617, 97871
2026/09/22 21:48:12.077, 1, 89617, 97871
2026/09/22 21:48:12.077, 2, 89617, 97871
2026/09/22 21:48:12.077, 3, 91665, 97871
2026/09/22 21:48:12.277, 0, 89617, 97871
2026/09/22 21:48:12.278, 1, 89617, 97871
2026/09/22 21:48:12.278, 2, 89617, 97871
2026/09/22 21:48:12.278, 3, 91665, 97871
2026/09/22 21:48:12.478, 0, 89617, 97871
2026/09/22 21:48:12.478, 1, 89617, 97871
2026/09/22 21:48:12.478, 2, 89617, 97871
2026/09/22 21:48:12.478, 3, 91665, 97871
2026/09/22 21:48:12.678, 0, 89617, 97871
2026/09/22 21:48:12.678, 1, 89617, 97871
2026/09/22 21:48:12.678, 2, 89617, 97871
2026/09/22 21:48:12.678, 3, 91665, 97871
2026/09/22 21:48:12.878, 0, 89617, 97871
2026/09/22 21:48:12.879, 1, 89617, 97871
2026/09/22 21:48:12.879, 2, 89617, 97871
2026/09/22 21:48:12.879, 3, 91665, 97871
2026/09/22 21:48:13.079, 0, 89617, 97871
2026/09/22 21:48:13.079, 1, 89617, 97871
2026/09/22 21:48:13.079, 2, 89617, 97871
2026/09/22 21:48:13.079, 3, 91665, 97871
2026/09/22 21:48:13.279, 0, 89617, 97871
2026/09/22 21:48:13.279, 1, 89617, 97871
2026/09/22 21:48:13.279, 2, 89617, 97871
2026/09/22 21:48:13.279, 3, 91665, 97871
2026/09/22 21:48:13.479, 0, 89617, 97871
2026/09/22 21:48:13.479, 1, 89617, 97871
2026/09/22 21:48:13.479, 2, 89617, 97871
2026/09/22 21:48:13.479, 3, 91665, 97871
2026/09/22 21:48:13.680, 0, 89617, 97871
2026/09/22 21:48:13.680, 1, 89617, 97871
2026/09/22 21:48:13.680, 2, 89617, 97871
2026/09/22 21:48:13.680, 3, 91665, 97871
2026/09/22 21:48:13.880, 0, 89617, 97871
2026/09/22 21:48:13.880, 1, 89617, 97871
2026/09/22 21:48:13.880, 2, 89617, 97871
2026/09/22 21:48:13.880, 3, 91665, 97871
2026/09/22 21:48:14.080, 0, 89617, 97871
2026/09/22 21:48:14.080, 1, 89617, 97871
2026/09/22 21:48:14.080, 2, 89617, 97871
2026/09/22 21:48:14.080, 3, 91665, 97871
2026/09/22 21:48:14.280, 0, 89617, 97871
2026/09/22 21:48:14.280, 1, 89617, 97871
2026/09/22 21:48:14.281, 2, 89617, 97871
2026/09/22 21:48:14.281, 3, 91665, 97871
2026/09/22 21:48:14.481, 0, 89617, 97871
2026/09/22 21:48:14.481, 1, 89617, 97871
2026/09/22 21:48:14.481, 2, 89617, 97871
2026/09/22 21:48:14.481, 3, 91665, 97871
2026/09/22 21:48:14.681, 0, 89617, 97871
2026/09/22 21:48:14.681, 1, 89617, 97871
2026/09/22 21:48:14.681, 2, 89617, 97871
2026/09/22 21:48:14.681, 3, 91665, 97871
2026/09/22 21:48:14.881, 0, 89617, 97871
2026/09/22 21:48:14.881, 1, 89617, 97871
2026/09/22 21:48:14.881, 2, 89617, 97871
2026/09/22 21:48:14.881, 3, 91665, 97871
2026/09/22 21:48:15.081, 0, 89617, 97871
2026/09/22 21:48:15.082, 1, 89617, 97871
2026/09/22 21:48:15.082, 2, 89617, 97871
2026/09/22 21:48:15.082, 3, 91665, 97871
2026/09/22 21:48:15.282, 0, 89617, 97871
2026/09/22 21:48:15.282, 1, 89617, 97871
2026/09/22 21:48:15.282, 2, 89617, 97871
2026/09/22 21:48:15.282, 3, 91665, 97871
2026/09/22 21:48:15.482, 0, 89617, 97871
2026/09/22 21:48:15.482, 1, 89617, 97871
2026/09/22 21:48:15.482, 2, 89617, 97871
2026/09/22 21:48:15.482, 3, 91665, 97871
2026/09/22 21:48:15.682, 0, 89617, 97871
2026/09/22 21:48:15.682, 1, 89617, 97871
2026/09/22 21:48:15.683, 2, 89617, 97871
2026/09/22 21:48:15.683, 3, 91665, 97871
2026/09/22 21:48:15.883, 0, 89617, 97871
2026/09/22 21:48:15.883, 1, 89617, 97871
2026/09/22 21:48:15.883, 2, 89617, 97871
2026/09/22 21:48:15.883, 3, 91665, 97871
2026/09/22 21:48:16.083, 0, 89617, 97871
2026/09/22 21:48:16.083, 1, 89617, 97871
2026/09/22 21:48:16.083, 2, 89617, 97871
2026/09/22 21:48:16.083, 3, 91665, 97871
2026/09/22 21:48:16.283, 0, 89617, 97871
2026/09/22 21:48:16.283, 1, 89617, 97871
2026/09/22 21:48:16.283, 2, 89617, 97871
2026/09/22 21:48:16.283, 3, 91665, 97871
2026/09/22 21:48:16.484, 0, 89617, 97871
2026/09/22 21:48:16.484, 1, 89617, 97871
2026/09/22 21:48:16.484, 2, 89617, 97871
2026/09/22 21:48:16.484, 3, 91665, 97871
2026/09/22 21:48:16.684, 0, 89617, 97871
2026/09/22 21:48:16.684, 1, 89617, 97871
2026/09/22 21:48:16.684, 2, 89617, 97871
2026/09/22 21:48:16.684, 3, 91665, 97871
2026/09/22 21:48:16.884, 0, 89617, 97871
2026/09/22 21:48:16.884, 1, 89617, 97871
2026/09/22 21:48:16.884, 2, 89617, 97871
2026/09/22 21:48:16.884, 3, 91665, 97871
2026/09/22 21:48:17.084, 0, 89617, 97871
2026/09/22 21:48:17.084, 1, 89617, 97871
2026/09/22 21:48:17.085, 2, 89617, 97871
2026/09/22 21:48:17.085, 3, 91665, 97871
2026/09/22 21:48:17.285, 0, 89617, 97871
2026/09/22 21:48:17.285, 1, 89617, 97871
2026/09/22 21:48:17.285, 2, 89617, 97871
2026/09/22 21:48:17.285, 3, 91665, 97871
2026/09/22 21:48:17.485, 0, 89617, 97871
2026/09/22 21:48:17.485, 1, 89617, 97871
2026/09/22 21:48:17.485, 2, 89617, 97871
2026/09/22 21:48:17.485, 3, 91665, 97871
2026/09/22 21:48:17.685, 0, 89617, 97871
2026/09/22 21:48:17.685, 1, 89617, 97871
2026/09/22 21:48:17.685, 2, 89617, 97871
2026/09/22 21:48:17.685, 3, 91665, 97871
2026/09/22 21:48:17.885, 0, 89617, 97871
2026/09/22 21:48:17.885, 1, 89617, 97871
2026/09/22 21:48:17.886, 2, 89617, 97871
2026/09/22 21:48:17.886, 3, 91665, 97871
2026/09/22 21:48:18.086, 0, 89617, 97871
2026/09/22 21:48:18.086, 1, 89617, 97871
2026/09/22 21:48:18.086, 2, 89617, 97871
2026/09/22 21:48:18.086, 3, 91665, 97871
2026/09/22 21:48:18.286, 0, 89617, 97871
2026/09/22 21:48:18.286, 1, 89617, 97871
2026/09/22 21:48:18.286, 2, 89617, 97871
2026/09/22 21:48:18.286, 3, 91665, 97871
2026/09/22 21:48:18.486, 0, 89617, 97871
2026/09/22 21:48:18.486, 1, 89617, 97871
2026/09/22 21:48:18.486, 2, 89617, 97871
2026/09/22 21:48:18.486, 3, 91665, 97871
2026/09/22 21:48:18.687, 0, 89617, 97871
2026/09/22 21:48:18.687, 1, 89617, 97871
2026/09/22 21:48:18.687, 2, 89617, 97871
2026/09/22 21:48:18.687, 3, 91665, 97871
2026/09/22 21:48:18.887, 0, 89617, 97871
2026/09/22 21:48:18.887, 1, 89617, 97871
2026/09/22 21:48:18.887, 2, 89617, 97871
2026/09/22 21:48:18.887, 3, 91665, 97871
2026/09/22 21:48:19.087, 0, 89617, 97871
2026/09/22 21:48:19.087, 1, 89617, 97871
2026/09/22 21:48:19.087, 2, 89617, 97871
2026/09/22 21:48:19.087, 3, 91665, 97871
2026/09/22 21:48:19.287, 0, 89617, 97871
2026/09/22 21:48:19.287, 1, 89617, 97871
2026/09/22 21:48:19.287, 2, 89617, 97871
2026/09/22 21:48:19.288, 3, 91665, 97871
2026/09/22 21:48:19.488, 0, 89617, 97871
2026/09/22 21:48:19.488, 1, 89617, 97871
2026/09/22 21:48:19.488, 2, 89617, 97871
2026/09/22 21:48:19.488, 3, 91665, 97871
2026/09/22 21:48:19.688, 0, 89617, 97871
2026/09/22 21:48:19.688, 1, 89617, 97871
2026/09/22 21:48:19.688, 2, 89617, 97871
2026/09/22 21:48:19.688, 3, 91665, 97871
2026/09/22 21:48:19.888, 0, 89617, 97871
2026/09/22 21:48:19.888, 1, 89617, 97871
2026/09/22 21:48:19.888, 2, 89617, 97871
2026/09/22 21:48:19.888, 3, 91665, 97871
2026/09/22 21:48:20.088, 0, 89617, 97871
2026/09/22 21:48:20.089, 1, 89617, 97871
2026/09/22 21:48:20.089, 2, 89617, 97871
2026/09/22 21:48:20.089, 3, 91665, 97871
2026/09/22 21:48:20.289, 0, 89617, 97871
2026/09/22 21:48:20.289, 1, 89617, 97871
2026/09/22 21:48:20.289, 2, 89617, 97871
2026/09/22 21:48:20.289, 3, 91665, 97871
2026/09/22 21:48:20.489, 0, 89617, 97871
2026/09/22 21:48:20.489, 1, 89617, 97871
2026/09/22 21:48:20.489, 2, 89617, 97871
2026/09/22 21:48:20.489, 3, 91665, 97871
2026/09/22 21:48:20.689, 0, 89617, 97871
2026/09/22 21:48:20.689, 1, 89617, 97871
2026/09/22 21:48:20.689, 2, 89617, 97871
2026/09/22 21:48:20.690, 3, 91665, 97871
2026/09/22 21:48:20.890, 0, 89617, 97871
2026/09/22 21:48:20.890, 1, 89617, 97871
2026/09/22 21:48:20.890, 2, 89617, 97871
2026/09/22 21:48:20.890, 3, 91665, 97871
2026/09/22 21:48:21.090, 0, 89617, 97871
2026/09/22 21:48:21.090, 1, 89617, 97871
2026/09/22 21:48:21.090, 2, 89617, 97871
2026/09/22 21:48:21.090, 3, 91665, 97871
2026/09/22 21:48:21.290, 0, 89617, 97871
2026/09/22 21:48:21.290, 1, 89617, 97871
2026/09/22 21:48:21.290, 2, 89617, 97871
2026/09/22 21:48:21.290, 3, 91665, 97871
2026/09/22 21:48:21.490, 0, 89617, 97871
2026/09/22 21:48:21.490, 1, 89617, 97871
2026/09/22 21:48:21.491, 2, 89617, 97871
2026/09/22 21:48:21.491, 3, 91665, 97871
2026/09/22 21:48:21.691, 0, 89617, 97871
2026/09/22 21:48:21.691, 1, 89617, 97871
2026/09/22 21:48:21.691, 2, 89617, 97871
2026/09/22 21:48:21.691, 3, 91665, 97871
2026/09/22 21:48:21.891, 0, 89617, 97871
2026/09/22 21:48:21.891, 1, 89617, 97871
2026/09/22 21:48:21.891, 2, 89617, 97871
2026/09/22 21:48:21.891, 3, 91665, 97871
2026/09/22 21:48:22.091, 0, 89617, 97871
2026/09/22 21:48:22.091, 1, 89617, 97871
2026/09/22 21:48:22.091, 2, 89617, 97871
2026/09/22 21:48:22.092, 3, 91665, 97871
2026/09/22 21:48:22.292, 0, 89617, 97871
2026/09/22 21:48:22.292, 1, 89617, 97871
2026/09/22 21:48:22.292, 2, 89617, 97871
2026/09/22 21:48:22.292, 3, 91665, 97871
2026/09/22 21:48:22.492, 0, 89617, 97871
2026/09/22 21:48:22.492, 1, 89617, 97871
2026/09/22 21:48:22.492, 2, 89617, 97871
2026/09/22 21:48:22.492, 3, 91665, 97871
2026/09/22 21:48:22.692, 0, 89617, 97871
2026/09/22 21:48:22.692, 1, 89617, 97871
2026/09/22 21:48:22.692, 2, 89617, 97871
2026/09/22 21:48:22.692, 3, 91665, 97871
2026/09/22 21:48:22.892, 0, 89617, 97871
2026/09/22 21:48:22.892, 1, 89617, 97871
2026/09/22 21:48:22.892, 2, 89617, 97871
2026/09/22 21:48:22.892, 3, 91665, 97871
2026/09/22 21:48:23.093, 0, 89617, 97871
2026/09/22 21:48:23.093, 1, 89617, 97871
2026/09/22 21:48:23.093, 2, 89617, 97871
2026/09/22 21:48:23.093, 3, 91665, 97871
2026/09/22 21:48:23.293, 0, 89617, 97871
2026/09/22 21:48:23.293, 1, 89617, 97871
2026/09/22 21:48:23.293, 2, 89617, 97871
2026/09/22 21:48:23.293, 3, 91665, 97871
2026/09/22 21:48:23.493, 0, 89617, 97871
2026/09/22 21:48:23.493, 1, 89617, 97871
2026/09/22 21:48:23.493, 2, 89617, 97871
2026/09/22 21:48:23.493, 3, 91665, 97871
2026/09/22 21:48:23.693, 0, 89617, 97871
2026/09/22 21:48:23.693, 1, 89617, 97871
2026/09/22 21:48:23.693, 2, 89617, 97871
2026/09/22 21:48:23.693, 3, 91665, 97871
2026/09/22 21:48:23.894, 0, 89617, 97871
2026/09/22 21:48:23.894, 1, 89617, 97871
2026/09/22 21:48:23.894, 2, 89617, 97871
2026/09/22 21:48:23.894, 3, 91665, 97871
2026/09/22 21:48:24.094, 0, 89617, 97871
2026/09/22 21:48:24.094, 1, 89617, 97871
2026/09/22 21:48:24.094, 2, 89617, 97871
2026/09/22 21:48:24.094, 3, 91665, 97871
2026/09/22 21:48:24.294, 0, 89617, 97871
2026/09/22 21:48:24.294, 1, 89617, 97871
2026/09/22 21:48:24.294, 2, 89617, 97871
2026/09/22 21:48:24.294, 3, 91665, 97871
2026/09/22 21:48:24.494, 0, 89617, 97871
2026/09/22 21:48:24.494, 1, 89617, 97871
2026/09/22 21:48:24.494, 2, 89617, 97871
2026/09/22 21:48:24.495, 3, 91665, 97871
2026/09/22 21:48:24.695, 0, 89617, 97871
2026/09/22 21:48:24.695, 1, 89617, 97871
2026/09/22 21:48:24.695, 2, 89617, 97871
2026/09/22 21:48:24.695, 3, 91665, 97871
2026/09/22 21:48:24.895, 0, 89617, 97871
2026/09/22 21:48:24.895, 1, 89617, 97871
2026/09/22 21:48:24.895, 2, 89617, 97871
2026/09/22 21:48:24.895, 3, 91665, 97871
2026/09/22 21:48:25.095, 0, 89617, 97871
2026/09/22 21:48:25.095, 1, 89617, 97871
2026/09/22 21:48:25.095, 2, 89617, 97871
2026/09/22 21:48:25.095, 3, 91665, 97871
2026/09/22 21:48:25.296, 0, 89617, 97871
2026/09/22 21:48:25.296, 1, 89617, 97871
2026/09/22 21:48:25.296, 2, 89617, 97871
2026/09/22 21:48:25.296, 3, 91665, 97871
2026/09/22 21:48:25.496, 0, 89617, 97871
2026/09/22 21:48:25.496, 1, 89617, 97871
2026/09/22 21:48:25.496, 2, 89617, 97871
2026/09/22 21:48:25.496, 3, 91665, 97871
2026/09/22 21:48:25.696, 0, 89617, 97871
2026/09/22 21:48:25.696, 1, 89617, 97871
2026/09/22 21:48:25.696, 2, 89617, 97871
2026/09/22 21:48:25.696, 3, 91665, 97871
2026/09/22 21:48:25.896, 0, 89617, 97871
2026/09/22 21:48:25.896, 1, 89617, 97871
2026/09/22 21:48:25.896, 2, 89617, 97871
2026/09/22 21:48:25.896, 3, 91665, 97871
2026/09/22 21:48:26.096, 0, 89617, 97871
2026/09/22 21:48:26.097, 1, 89617, 97871
2026/09/22 21:48:26.097, 2, 89617, 97871
2026/09/22 21:48:26.097, 3, 91665, 97871
2026/09/22 21:48:26.297, 0, 89617, 97871
2026/09/22 21:48:26.297, 1, 89617, 97871
2026/09/22 21:48:26.297, 2, 89617, 97871
2026/09/22 21:48:26.297, 3, 91665, 97871
2026/09/22 21:48:26.497, 0, 89617, 97871
2026/09/22 21:48:26.497, 1, 89617, 97871
2026/09/22 21:48:26.497, 2, 89617, 97871
2026/09/22 21:48:26.497, 3, 91665, 97871
2026/09/22 21:48:26.697, 0, 89617, 97871
2026/09/22 21:48:26.697, 1, 89617, 97871
2026/09/22 21:48:26.697, 2, 89617, 97871
2026/09/22 21:48:26.697, 3, 91665, 97871
2026/09/22 21:48:26.898, 0, 89617, 97871
2026/09/22 21:48:26.898, 1, 89617, 97871
2026/09/22 21:48:26.898, 2, 89617, 97871
2026/09/22 21:48:26.898, 3, 91665, 97871
2026/09/22 21:48:27.098, 0, 89617, 97871
2026/09/22 21:48:27.098, 1, 89617, 97871
2026/09/22 21:48:27.098, 2, 89617, 97871
2026/09/22 21:48:27.098, 3, 91665, 97871
2026/09/22 21:48:27.298, 0, 89617, 97871
2026/09/22 21:48:27.298, 1, 89617, 97871
2026/09/22 21:48:27.298, 2, 89617, 97871
2026/09/22 21:48:27.298, 3, 91665, 97871
2026/09/22 21:48:27.498, 0, 89617, 97871
2026/09/22 21:48:27.498, 1, 89617, 97871
2026/09/22 21:48:27.498, 2, 89617, 97871
2026/09/22 21:48:27.498, 3, 91665, 97871
2026/09/22 21:48:27.699, 0, 89617, 97871
2026/09/22 21:48:27.699, 1, 89617, 97871
2026/09/22 21:48:27.699, 2, 89617, 97871
2026/09/22 21:48:27.699, 3, 91665, 97871
2026/09/22 21:48:27.899, 0, 89617, 97871
2026/09/22 21:48:27.899, 1, 89617, 97871
2026/09/22 21:48:27.899, 2, 89617, 97871
2026/09/22 21:48:27.899, 3, 91665, 97871
2026/09/22 21:48:28.099, 0, 89617, 97871
2026/09/22 21:48:28.099, 1, 89617, 97871
2026/09/22 21:48:28.099, 2, 89617, 97871
2026/09/22 21:48:28.099, 3, 91665, 97871
2026/09/22 21:48:28.299, 0, 89617, 97871
2026/09/22 21:48:28.299, 1, 89617, 97871
2026/09/22 21:48:28.299, 2, 89617, 97871
2026/09/22 21:48:28.299, 3, 91665, 97871
2026/09/22 21:48:28.499, 0, 89617, 97871
2026/09/22 21:48:28.500, 1, 89617, 97871
2026/09/22 21:48:28.500, 2, 89617, 97871
2026/09/22 21:48:28.500, 3, 91665, 97871
2026/09/22 21:48:28.700, 0, 89617, 97871
2026/09/22 21:48:28.700, 1, 89617, 97871
2026/09/22 21:48:28.700, 2, 89617, 97871
2026/09/22 21:48:28.700, 3, 91665, 97871
2026/09/22 21:48:28.900, 0, 89617, 97871
2026/09/22 21:48:28.900, 1, 89617, 97871
2026/09/22 21:48:28.900, 2, 89617, 97871
2026/09/22 21:48:28.900, 3, 91665, 97871
2026/09/22 21:48:29.100, 0, 89617, 97871
2026/09/22 21:48:29.100, 1, 89617, 97871
2026/09/22 21:48:29.100, 2, 89617, 97871
2026/09/22 21:48:29.100, 3, 91665, 97871
2026/09/22 21:48:29.300, 0, 89617, 97871
2026/09/22 21:48:29.300, 1, 89617, 97871
2026/09/22 21:48:29.300, 2, 89617, 97871
2026/09/22 21:48:29.300, 3, 91665, 97871
2026/09/22 21:48:29.501, 0, 89617, 97871
2026/09/22 21:48:29.501, 1, 89617, 97871
2026/09/22 21:48:29.501, 2, 89617, 97871
2026/09/22 21:48:29.501, 3, 91665, 97871
2026/09/22 21:48:29.701, 0, 89617, 97871
2026/09/22 21:48:29.701, 1, 89617, 97871
2026/09/22 21:48:29.701, 2, 89617, 97871
2026/09/22 21:48:29.701, 3, 91665, 97871
2026/09/22 21:48:29.901, 0, 89617, 97871
2026/09/22 21:48:29.901, 1, 89617, 97871
2026/09/22 21:48:29.901, 2, 89617, 97871
2026/09/22 21:48:29.901, 3, 91665, 97871
2026/09/22 21:48:30.101, 0, 89617, 97871
2026/09/22 21:48:30.101, 1, 89617, 97871
2026/09/22 21:48:30.101, 2, 89617, 97871
2026/09/22 21:48:30.101, 3, 91665, 97871
2026/09/22 21:48:30.302, 0, 89617, 97871
2026/09/22 21:48:30.302, 1, 89617, 97871
2026/09/22 21:48:30.302, 2, 89617, 97871
2026/09/22 21:48:30.302, 3, 91665, 97871
2026/09/22 21:48:30.502, 0, 89617, 97871
2026/09/22 21:48:30.502, 1, 89617, 97871
2026/09/22 21:48:30.502, 2, 89617, 97871
2026/09/22 21:48:30.502, 3, 91665, 97871
2026/09/22 21:48:30.702, 0, 89617, 97871
2026/09/22 21:48:30.702, 1, 89617, 97871
2026/09/22 21:48:30.702, 2, 89617, 97871
2026/09/22 21:48:30.702, 3, 91665, 97871
2026/09/22 21:48:30.902, 0, 89617, 97871
2026/09/22 21:48:30.902, 1, 89617, 97871
2026/09/22 21:48:30.902, 2, 89617, 97871
2026/09/22 21:48:30.902, 3, 91665, 97871
2026/09/22 21:48:31.102, 0, 89617, 97871
2026/09/22 21:48:31.102, 1, 89617, 97871
2026/09/22 21:48:31.102, 2, 89617, 97871
2026/09/22 21:48:31.102, 3, 91665, 97871
2026/09/22 21:48:31.303, 0, 89617, 97871
2026/09/22 21:48:31.303, 1, 89617, 97871
2026/09/22 21:48:31.303, 2, 89617, 97871
2026/09/22 21:48:31.303, 3, 91665, 97871
2026/09/22 21:48:31.503, 0, 89617, 97871
2026/09/22 21:48:31.503, 1, 89617, 97871
2026/09/22 21:48:31.503, 2, 89617, 97871
2026/09/22 21:48:31.503, 3, 91665, 97871
2026/09/22 21:48:31.703, 0, 89617, 97871
2026/09/22 21:48:31.703, 1, 89617, 97871
2026/09/22 21:48:31.703, 2, 89617, 97871
2026/09/22 21:48:31.703, 3, 91665, 97871
2026/09/22 21:48:31.903, 0, 89617, 97871
2026/09/22 21:48:31.903, 1, 89617, 97871
2026/09/22 21:48:31.903, 2, 89617, 97871
2026/09/22 21:48:31.903, 3, 91665, 97871
2026/09/22 21:48:32.103, 0, 89617, 97871
2026/09/22 21:48:32.103, 1, 89617, 97871
2026/09/22 21:48:32.104, 2, 89617, 97871
2026/09/22 21:48:32.104, 3, 91665, 97871
2026/09/22 21:48:32.304, 0, 89617, 97871
2026/09/22 21:48:32.304, 1, 89617, 97871
2026/09/22 21:48:32.304, 2, 89617, 97871
2026/09/22 21:48:32.304, 3, 91665, 97871
2026/09/22 21:48:32.504, 0, 89617, 97871
2026/09/22 21:48:32.504, 1, 89617, 97871
2026/09/22 21:48:32.504, 2, 89617, 97871
2026/09/22 21:48:32.504, 3, 91665, 97871
2026/09/22 21:48:32.704, 0, 89617, 97871
2026/09/22 21:48:32.704, 1, 89617, 97871
2026/09/22 21:48:32.704, 2, 89617, 97871
2026/09/22 21:48:32.704, 3, 91665, 97871
2026/09/22 21:48:32.904, 0, 89617, 97871
2026/09/22 21:48:32.904, 1, 89617, 97871
2026/09/22 21:48:32.904, 2, 89617, 97871
2026/09/22 21:48:32.905, 3, 91665, 97871
2026/09/22 21:48:33.105, 0, 89617, 97871
2026/09/22 21:48:33.105, 1, 89617, 97871
2026/09/22 21:48:33.105, 2, 89617, 97871
2026/09/22 21:48:33.105, 3, 91665, 97871
2026/09/22 21:48:33.305, 0, 89617, 97871
2026/09/22 21:48:33.305, 1, 89617, 97871
2026/09/22 21:48:33.305, 2, 89617, 97871
2026/09/22 21:48:33.305, 3, 91665, 97871
2026/09/22 21:48:33.505, 0, 89617, 97871
2026/09/22 21:48:33.505, 1, 89617, 97871
2026/09/22 21:48:33.505, 2, 89617, 97871
2026/09/22 21:48:33.505, 3, 91665, 97871
2026/09/22 21:48:33.705, 0, 89617, 97871
2026/09/22 21:48:33.705, 1, 89617, 97871
2026/09/22 21:48:33.705, 2, 89617, 97871
2026/09/22 21:48:33.705, 3, 91665, 97871
2026/09/22 21:48:33.906, 0, 89617, 97871
2026/09/22 21:48:33.906, 1, 89617, 97871
2026/09/22 21:48:33.906, 2, 89617, 97871
2026/09/22 21:48:33.906, 3, 91665, 97871
2026/09/22 21:48:34.106, 0, 89617, 97871
2026/09/22 21:48:34.106, 1, 89617, 97871
2026/09/22 21:48:34.106, 2, 89617, 97871
2026/09/22 21:48:34.106, 3, 91665, 97871
2026/09/22 21:48:34.306, 0, 89617, 97871
2026/09/22 21:48:34.306, 1, 89617, 97871
2026/09/22 21:48:34.306, 2, 89617, 97871
2026/09/22 21:48:34.306, 3, 91665, 97871
2026/09/22 21:48:34.506, 0, 89617, 97871
2026/09/22 21:48:34.506, 1, 89617, 97871
2026/09/22 21:48:34.506, 2, 89617, 97871
2026/09/22 21:48:34.506, 3, 91665, 97871
2026/09/22 21:48:34.707, 0, 89617, 97871
2026/09/22 21:48:34.707, 1, 89617, 97871
2026/09/22 21:48:34.707, 2, 89617, 97871
2026/09/22 21:48:34.707, 3, 91665, 97871
2026/09/22 21:48:34.907, 0, 89617, 97871
2026/09/22 21:48:34.907, 1, 89617, 97871
2026/09/22 21:48:34.907, 2, 89617, 97871
2026/09/22 21:48:34.907, 3, 91665, 97871
2026/09/22 21:48:35.107, 0, 89617, 97871
2026/09/22 21:48:35.107, 1, 89617, 97871
2026/09/22 21:48:35.107, 2, 89617, 97871
2026/09/22 21:48:35.107, 3, 91665, 97871
2026/09/22 21:48:35.307, 0, 89617, 97871
2026/09/22 21:48:35.307, 1, 89617, 97871
2026/09/22 21:48:35.307, 2, 89617, 97871
2026/09/22 21:48:35.307, 3, 91665, 97871
2026/09/22 21:48:35.507, 0, 89617, 97871
2026/09/22 21:48:35.507, 1, 89617, 97871
2026/09/22 21:48:35.507, 2, 89617, 97871
2026/09/22 21:48:35.508, 3, 91665, 97871
2026/09/22 21:48:35.708, 0, 89617, 97871
2026/09/22 21:48:35.708, 1, 89617, 97871
2026/09/22 21:48:35.708, 2, 89617, 97871
2026/09/22 21:48:35.708, 3, 91665, 97871
2026/09/22 21:48:35.908, 0, 89617, 97871
2026/09/22 21:48:35.908, 1, 89617, 97871
2026/09/22 21:48:35.908, 2, 89617, 97871
2026/09/22 21:48:35.908, 3, 91665, 97871
2026/09/22 21:48:36.108, 0, 89617, 97871
2026/09/22 21:48:36.108, 1, 89617, 97871
2026/09/22 21:48:36.108, 2, 89617, 97871
2026/09/22 21:48:36.108, 3, 91665, 97871
2026/09/22 21:48:36.309, 0, 89617, 97871
2026/09/22 21:48:36.309, 1, 89617, 97871
2026/09/22 21:48:36.309, 2, 89617, 97871
2026/09/22 21:48:36.309, 3, 91665, 97871
2026/09/22 21:48:36.509, 0, 89617, 97871
2026/09/22 21:48:36.509, 1, 89617, 97871
2026/09/22 21:48:36.509, 2, 89617, 97871
2026/09/22 21:48:36.509, 3, 91665, 97871
2026/09/22 21:48:36.709, 0, 89617, 97871
2026/09/22 21:48:36.709, 1, 89617, 97871
2026/09/22 21:48:36.709, 2, 89617, 97871
2026/09/22 21:48:36.709, 3, 91665, 97871
2026/09/22 21:48:36.909, 0, 89617, 97871
2026/09/22 21:48:36.909, 1, 89617, 97871
2026/09/22 21:48:36.909, 2, 89617, 97871
2026/09/22 21:48:36.909, 3, 91665, 97871
2026/09/22 21:48:37.110, 0, 89617, 97871
2026/09/22 21:48:37.110, 1, 89617, 97871
2026/09/22 21:48:37.110, 2, 89617, 97871
2026/09/22 21:48:37.110, 3, 91665, 97871
2026/09/22 21:48:37.310, 0, 89617, 97871
2026/09/22 21:48:37.310, 1, 89617, 97871
2026/09/22 21:48:37.310, 2, 89617, 97871
2026/09/22 21:48:37.310, 3, 91665, 97871
2026/09/22 21:48:37.510, 0, 89617, 97871
2026/09/22 21:48:37.510, 1, 89617, 97871
2026/09/22 21:48:37.510, 2, 89617, 97871
2026/09/22 21:48:37.510, 3, 91665, 97871
2026/09/22 21:48:37.710, 0, 89617, 97871
2026/09/22 21:48:37.710, 1, 89617, 97871
2026/09/22 21:48:37.710, 2, 89617, 97871
2026/09/22 21:48:37.710, 3, 91665, 97871
2026/09/22 21:48:37.911, 0, 89617, 97871
2026/09/22 21:48:37.911, 1, 89617, 97871
2026/09/22 21:48:37.911, 2, 89617, 97871
2026/09/22 21:48:37.911, 3, 91665, 97871
2026/09/22 21:48:38.111, 0, 89617, 97871
2026/09/22 21:48:38.111, 1, 89617, 97871
2026/09/22 21:48:38.111, 2, 89617, 97871
2026/09/22 21:48:38.111, 3, 91665, 97871
2026/09/22 21:48:38.311, 0, 89617, 97871
2026/09/22 21:48:38.311, 1, 89617, 97871
2026/09/22 21:48:38.311, 2, 89617, 97871
2026/09/22 21:48:38.311, 3, 91665, 97871
2026/09/22 21:48:38.511, 0, 89617, 97871
2026/09/22 21:48:38.512, 1, 89617, 97871
2026/09/22 21:48:38.512, 2, 89617, 97871
2026/09/22 21:48:38.512, 3, 91665, 97871
2026/09/22 21:48:38.712, 0, 89617, 97871
2026/09/22 21:48:38.712, 1, 89617, 97871
2026/09/22 21:48:38.712, 2, 89617, 97871
2026/09/22 21:48:38.712, 3, 91665, 97871
2026/09/22 21:48:38.912, 0, 89617, 97871
2026/09/22 21:48:38.912, 1, 89617, 97871
2026/09/22 21:48:38.912, 2, 89617, 97871
2026/09/22 21:48:38.912, 3, 91665, 97871
2026/09/22 21:48:39.112, 0, 89617, 97871
2026/09/22 21:48:39.112, 1, 89617, 97871
2026/09/22 21:48:39.113, 2, 89617, 97871
2026/09/22 21:48:39.113, 3, 91665, 97871
2026/09/22 21:48:39.313, 0, 89617, 97871
2026/09/22 21:48:39.313, 1, 89617, 97871
2026/09/22 21:48:39.313, 2, 89617, 97871
2026/09/22 21:48:39.313, 3, 91665, 97871
2026/09/22 21:48:39.513, 0, 89617, 97871
2026/09/22 21:48:39.513, 1, 89617, 97871
2026/09/22 21:48:39.513, 2, 89617, 97871
2026/09/22 21:48:39.513, 3, 91665, 97871
2026/09/22 21:48:39.713, 0, 89617, 97871
2026/09/22 21:48:39.713, 1, 89617, 97871
2026/09/22 21:48:39.713, 2, 89617, 97871
2026/09/22 21:48:39.713, 3, 91665, 97871
2026/09/22 21:48:39.914, 0, 89617, 97871
2026/09/22 21:48:39.914, 1, 89617, 97871
2026/09/22 21:48:39.914, 2, 89617, 97871
2026/09/22 21:48:39.914, 3, 91665, 97871
2026/09/22 21:48:40.114, 0, 89617, 97871
2026/09/22 21:48:40.114, 1, 89617, 97871
2026/09/22 21:48:40.114, 2, 89617, 97871
2026/09/22 21:48:40.114, 3, 91665, 97871
2026/09/22 21:48:40.314, 0, 89617, 97871
2026/09/22 21:48:40.314, 1, 89617, 97871
2026/09/22 21:48:40.314, 2, 89617, 97871
2026/09/22 21:48:40.314, 3, 91665, 97871
2026/09/22 21:48:40.515, 0, 89617, 97871
2026/09/22 21:48:40.515, 1, 89617, 97871
2026/09/22 21:48:40.515, 2, 89617, 97871
2026/09/22 21:48:40.515, 3, 91665, 97871
2026/09/22 21:48:40.715, 0, 89617, 97871
2026/09/22 21:48:40.715, 1, 89617, 97871
2026/09/22 21:48:40.715, 2, 89617, 97871
2026/09/22 21:48:40.715, 3, 91665, 97871
2026/09/22 21:48:40.915, 0, 89617, 97871
2026/09/22 21:48:40.915, 1, 89617, 97871
2026/09/22 21:48:40.915, 2, 89617, 97871
2026/09/22 21:48:40.915, 3, 91665, 97871
2026/09/22 21:48:41.115, 0, 89617, 97871
2026/09/22 21:48:41.115, 1, 89617, 97871
2026/09/22 21:48:41.115, 2, 89617, 97871
2026/09/22 21:48:41.116, 3, 91665, 97871
2026/09/22 21:48:41.316, 0, 89617, 97871
2026/09/22 21:48:41.316, 1, 89617, 97871
2026/09/22 21:48:41.316, 2, 89617, 97871
2026/09/22 21:48:41.316, 3, 91665, 97871
2026/09/22 21:48:41.516, 0, 89617, 97871
2026/09/22 21:48:41.516, 1, 89617, 97871
2026/09/22 21:48:41.516, 2, 89617, 97871
2026/09/22 21:48:41.516, 3, 91665, 97871
2026/09/22 21:48:41.716, 0, 89617, 97871
2026/09/22 21:48:41.716, 1, 89617, 97871
2026/09/22 21:48:41.716, 2, 89617, 97871
2026/09/22 21:48:41.716, 3, 91665, 97871
2026/09/22 21:48:41.916, 0, 89617, 97871
2026/09/22 21:48:41.917, 1, 89617, 97871
2026/09/22 21:48:41.917, 2, 89617, 97871
2026/09/22 21:48:41.917, 3, 91665, 97871
2026/09/22 21:48:42.117, 0, 89617, 97871
2026/09/22 21:48:42.117, 1, 89617, 97871
2026/09/22 21:48:42.117, 2, 89617, 97871
2026/09/22 21:48:42.117, 3, 91665, 97871
2026/09/22 21:48:42.317, 0, 89617, 97871
2026/09/22 21:48:42.317, 1, 89617, 97871
2026/09/22 21:48:42.317, 2, 89617, 97871
2026/09/22 21:48:42.317, 3, 91665, 97871
2026/09/22 21:48:42.517, 0, 89617, 97871
2026/09/22 21:48:42.518, 1, 89617, 97871
2026/09/22 21:48:42.518, 2, 89617, 97871
2026/09/22 21:48:42.518, 3, 91665, 97871
2026/09/22 21:48:42.718, 0, 89617, 97871
2026/09/22 21:48:42.718, 1, 89617, 97871
2026/09/22 21:48:42.718, 2, 89617, 97871
2026/09/22 21:48:42.718, 3, 91665, 97871
2026/09/22 21:48:42.918, 0, 89617, 97871
2026/09/22 21:48:42.918, 1, 89617, 97871
2026/09/22 21:48:42.918, 2, 89617, 97871
2026/09/22 21:48:42.918, 3, 91665, 97871
2026/09/22 21:48:43.118, 0, 89617, 97871
2026/09/22 21:48:43.119, 1, 89617, 97871
2026/09/22 21:48:43.119, 2, 89617, 97871
2026/09/22 21:48:43.119, 3, 91665, 97871
2026/09/22 21:48:43.319, 0, 89617, 97871
2026/09/22 21:48:43.319, 1, 89617, 97871
2026/09/22 21:48:43.319, 2, 89617, 97871
2026/09/22 21:48:43.319, 3, 91665, 97871
2026/09/22 21:48:43.519, 0, 89617, 97871
2026/09/22 21:48:43.519, 1, 89617, 97871
2026/09/22 21:48:43.519, 2, 89617, 97871
2026/09/22 21:48:43.519, 3, 91665, 97871
2026/09/22 21:48:43.719, 0, 89617, 97871
2026/09/22 21:48:43.719, 1, 89617, 97871
2026/09/22 21:48:43.719, 2, 89617, 97871
2026/09/22 21:48:43.720, 3, 91665, 97871
2026/09/22 21:48:43.920, 0, 89617, 97871
2026/09/22 21:48:43.920, 1, 89617, 97871
2026/09/22 21:48:43.920, 2, 89617, 97871
2026/09/22 21:48:43.920, 3, 91665, 97871
2026/09/22 21:48:44.120, 0, 89617, 97871
2026/09/22 21:48:44.120, 1, 89617, 97871
2026/09/22 21:48:44.120, 2, 89617, 97871
2026/09/22 21:48:44.120, 3, 91665, 97871
2026/09/22 21:48:44.320, 0, 89617, 97871
2026/09/22 21:48:44.320, 1, 89617, 97871
2026/09/22 21:48:44.320, 2, 89617, 97871
2026/09/22 21:48:44.320, 3, 91665, 97871
2026/09/22 21:48:44.521, 0, 89617, 97871
2026/09/22 21:48:44.521, 1, 89617, 97871
2026/09/22 21:48:44.521, 2, 89617, 97871
2026/09/22 21:48:44.521, 3, 91665, 97871
2026/09/22 21:48:44.721, 0, 89617, 97871
2026/09/22 21:48:44.721, 1, 89617, 97871
2026/09/22 21:48:44.721, 2, 89617, 97871
2026/09/22 21:48:44.721, 3, 91665, 97871
2026/09/22 21:48:44.921, 0, 89617, 97871
2026/09/22 21:48:44.921, 1, 89617, 97871
2026/09/22 21:48:44.921, 2, 89617, 97871
2026/09/22 21:48:44.921, 3, 91665, 97871
2026/09/22 21:48:45.121, 0, 89617, 97871
2026/09/22 21:48:45.121, 1, 89617, 97871
2026/09/22 21:48:45.121, 2, 89617, 97871
2026/09/22 21:48:45.122, 3, 91665, 97871
2026/09/22 21:48:45.322, 0, 89617, 97871
2026/09/22 21:48:45.322, 1, 89617, 97871
2026/09/22 21:48:45.322, 2, 89617, 97871
2026/09/22 21:48:45.322, 3, 91665, 97871
2026/09/22 21:48:45.522, 0, 89617, 97871
2026/09/22 21:48:45.522, 1, 89617, 97871
2026/09/22 21:48:45.522, 2, 89617, 97871
2026/09/22 21:48:45.522, 3, 91665, 97871
2026/09/22 21:48:45.722, 0, 89617, 97871
2026/09/22 21:48:45.722, 1, 89617, 97871
2026/09/22 21:48:45.722, 2, 89617, 97871
2026/09/22 21:48:45.722, 3, 91665, 97871
2026/09/22 21:48:45.922, 0, 89617, 97871
2026/09/22 21:48:45.923, 1, 89617, 97871
2026/09/22 21:48:45.923, 2, 89617, 97871
2026/09/22 21:48:45.923, 3, 91665, 97871
2026/09/22 21:48:46.123, 0, 89617, 97871
2026/09/22 21:48:46.123, 1, 89617, 97871
2026/09/22 21:48:46.123, 2, 89617, 97871
2026/09/22 21:48:46.123, 3, 91665, 97871
2026/09/22 21:48:46.323, 0, 89617, 97871
2026/09/22 21:48:46.323, 1, 89617, 97871
2026/09/22 21:48:46.323, 2, 89617, 97871
2026/09/22 21:48:46.323, 3, 91665, 97871
2026/09/22 21:48:46.523, 0, 89617, 97871
2026/09/22 21:48:46.523, 1, 89617, 97871
2026/09/22 21:48:46.523, 2, 89617, 97871
2026/09/22 21:48:46.523, 3, 91665, 97871
2026/09/22 21:48:46.724, 0, 89617, 97871
2026/09/22 21:48:46.724, 1, 89617, 97871
2026/09/22 21:48:46.724, 2, 89617, 97871
2026/09/22 21:48:46.724, 3, 91665, 97871
2026/09/22 21:48:46.924, 0, 89617, 97871
2026/09/22 21:48:46.924, 1, 89617, 97871
2026/09/22 21:48:46.924, 2, 89617, 97871
2026/09/22 21:48:46.924, 3, 91665, 97871
2026/09/22 21:48:47.124, 0, 89617, 97871
2026/09/22 21:48:47.124, 1, 89617, 97871
2026/09/22 21:48:47.124, 2, 89617, 97871
2026/09/22 21:48:47.124, 3, 91665, 97871
2026/09/22 21:48:47.324, 0, 89617, 97871
2026/09/22 21:48:47.324, 1, 89617, 97871
2026/09/22 21:48:47.325, 2, 89617, 97871
2026/09/22 21:48:47.325, 3, 91665, 97871
2026/09/22 21:48:47.525, 0, 89617, 97871
2026/09/22 21:48:47.525, 1, 89617, 97871
2026/09/22 21:48:47.525, 2, 89617, 97871
2026/09/22 21:48:47.525, 3, 91665, 97871
2026/09/22 21:48:47.725, 0, 89617, 97871
2026/09/22 21:48:47.725, 1, 89617, 97871
2026/09/22 21:48:47.725, 2, 89617, 97871
2026/09/22 21:48:47.725, 3, 91665, 97871
2026/09/22 21:48:47.925, 0, 89617, 97871
2026/09/22 21:48:47.925, 1, 89617, 97871
2026/09/22 21:48:47.925, 2, 89617, 97871
2026/09/22 21:48:47.925, 3, 91665, 97871
2026/09/22 21:48:48.125, 0, 89617, 97871
2026/09/22 21:48:48.125, 1, 89617, 97871
2026/09/22 21:48:48.126, 2, 89617, 97871
2026/09/22 21:48:48.126, 3, 91665, 97871
2026/09/22 21:48:48.326, 0, 89617, 97871
2026/09/22 21:48:48.326, 1, 89617, 97871
2026/09/22 21:48:48.326, 2, 89617, 97871
2026/09/22 21:48:48.326, 3, 91665, 97871
2026/09/22 21:48:48.526, 0, 89617, 97871
2026/09/22 21:48:48.526, 1, 89617, 97871
2026/09/22 21:48:48.526, 2, 89617, 97871
2026/09/22 21:48:48.526, 3, 91665, 97871
2026/09/22 21:48:48.726, 0, 89617, 97871
2026/09/22 21:48:48.726, 1, 89617, 97871
2026/09/22 21:48:48.726, 2, 89617, 97871
2026/09/22 21:48:48.726, 3, 91665, 97871
2026/09/22 21:48:48.926, 0, 89617, 97871
2026/09/22 21:48:48.926, 1, 89617, 97871
2026/09/22 21:48:48.926, 2, 89617, 97871
2026/09/22 21:48:48.927, 3, 91665, 97871
2026/09/22 21:48:49.127, 0, 89617, 97871
2026/09/22 21:48:49.127, 1, 89617, 97871
2026/09/22 21:48:49.127, 2, 89617, 97871
2026/09/22 21:48:49.127, 3, 91665, 97871
2026/09/22 21:48:49.327, 0, 89617, 97871
2026/09/22 21:48:49.327, 1, 89617, 97871
2026/09/22 21:48:49.327, 2, 89617, 97871
2026/09/22 21:48:49.327, 3, 91665, 97871
2026/09/22 21:48:49.527, 0, 89617, 97871
2026/09/22 21:48:49.527, 1, 89617, 97871
2026/09/22 21:48:49.527, 2, 89617, 97871
2026/09/22 21:48:49.527, 3, 91665, 97871
2026/09/22 21:48:49.728, 0, 89617, 97871
2026/09/22 21:48:49.728, 1, 89617, 97871
2026/09/22 21:48:49.728, 2, 89617, 97871
2026/09/22 21:48:49.728, 3, 91665, 97871
2026/09/22 21:48:49.928, 0, 89617, 97871
2026/09/22 21:48:49.928, 1, 89617, 97871
2026/09/22 21:48:49.928, 2, 89617, 97871
2026/09/22 21:48:49.928, 3, 91665, 97871
2026/09/22 21:48:50.128, 0, 89617, 97871
2026/09/22 21:48:50.128, 1, 89617, 97871
2026/09/22 21:48:50.128, 2, 89617, 97871
2026/09/22 21:48:50.128, 3, 91665, 97871
2026/09/22 21:48:50.328, 0, 89617, 97871
2026/09/22 21:48:50.328, 1, 89617, 97871
2026/09/22 21:48:50.328, 2, 89617, 97871
2026/09/22 21:48:50.329, 3, 91665, 97871
2026/09/22 21:48:50.529, 0, 89617, 97871
2026/09/22 21:48:50.529, 1, 89617, 97871
2026/09/22 21:48:50.529, 2, 89617, 97871
2026/09/22 21:48:50.529, 3, 91665, 97871
2026/09/22 21:48:50.729, 0, 89617, 97871
2026/09/22 21:48:50.729, 1, 89617, 97871
2026/09/22 21:48:50.729, 2, 89617, 97871
2026/09/22 21:48:50.729, 3, 91665, 97871
2026/09/22 21:48:50.929, 0, 89617, 97871
2026/09/22 21:48:50.929, 1, 89617, 97871
2026/09/22 21:48:50.929, 2, 89617, 97871
2026/09/22 21:48:50.929, 3, 91665, 97871
2026/09/22 21:48:51.129, 0, 89617, 97871
2026/09/22 21:48:51.130, 1, 89617, 97871
2026/09/22 21:48:51.130, 2, 89617, 97871
2026/09/22 21:48:51.130, 3, 91665, 97871
2026/09/22 21:48:51.330, 0, 89617, 97871
2026/09/22 21:48:51.330, 1, 89617, 97871
2026/09/22 21:48:51.330, 2, 89617, 97871
2026/09/22 21:48:51.330, 3, 91665, 97871
2026/09/22 21:48:51.530, 0, 89617, 97871
2026/09/22 21:48:51.530, 1, 89617, 97871
2026/09/22 21:48:51.530, 2, 89617, 97871
2026/09/22 21:48:51.530, 3, 91665, 97871
2026/09/22 21:48:51.730, 0, 89617, 97871
2026/09/22 21:48:51.730, 1, 89617, 97871
2026/09/22 21:48:51.730, 2, 89617, 97871
2026/09/22 21:48:51.730, 3, 91665, 97871
2026/09/22 21:48:51.930, 0, 89617, 97871
2026/09/22 21:48:51.931, 1, 89617, 97871
2026/09/22 21:48:51.931, 2, 89617, 97871
2026/09/22 21:48:51.931, 3, 91665, 97871
2026/09/22 21:48:52.131, 0, 89617, 97871
2026/09/22 21:48:52.131, 1, 89617, 97871
2026/09/22 21:48:52.131, 2, 89617, 97871
2026/09/22 21:48:52.131, 3, 91665, 97871
2026/09/22 21:48:52.331, 0, 89617, 97871
2026/09/22 21:48:52.331, 1, 89617, 97871
2026/09/22 21:48:52.331, 2, 89617, 97871
2026/09/22 21:48:52.331, 3, 91665, 97871
2026/09/22 21:48:52.531, 0, 89617, 97871
2026/09/22 21:48:52.531, 1, 89617, 97871
2026/09/22 21:48:52.531, 2, 89617, 97871
2026/09/22 21:48:52.532, 3, 91665, 97871
2026/09/22 21:48:52.732, 0, 89617, 97871
2026/09/22 21:48:52.732, 1, 89617, 97871
2026/09/22 21:48:52.732, 2, 89617, 97871
2026/09/22 21:48:52.732, 3, 91665, 97871
2026/09/22 21:48:52.932, 0, 89617, 97871
2026/09/22 21:48:52.932, 1, 89617, 97871
2026/09/22 21:48:52.932, 2, 89617, 97871
2026/09/22 21:48:52.932, 3, 91665, 97871
2026/09/22 21:48:53.132, 0, 89617, 97871
2026/09/22 21:48:53.132, 1, 89617, 97871
2026/09/22 21:48:53.132, 2, 89617, 97871
2026/09/22 21:48:53.132, 3, 91665, 97871
2026/09/22 21:48:53.332, 0, 89617, 97871
2026/09/22 21:48:53.333, 1, 89617, 97871
2026/09/22 21:48:53.333, 2, 89617, 97871
2026/09/22 21:48:53.333, 3, 91665, 97871
2026/09/22 21:48:53.533, 0, 89617, 97871
2026/09/22 21:48:53.533, 1, 89617, 97871
2026/09/22 21:48:53.533, 2, 89617, 97871
2026/09/22 21:48:53.533, 3, 91665, 97871
2026/09/22 21:48:53.733, 0, 89617, 97871
2026/09/22 21:48:53.733, 1, 89617, 97871
2026/09/22 21:48:53.733, 2, 89617, 97871
2026/09/22 21:48:53.733, 3, 91665, 97871
2026/09/22 21:48:53.933, 0, 89617, 97871
2026/09/22 21:48:53.933, 1, 89617, 97871
2026/09/22 21:48:53.933, 2, 89617, 97871
2026/09/22 21:48:53.933, 3, 91665, 97871
2026/09/22 21:48:54.134, 0, 89617, 97871
2026/09/22 21:48:54.134, 1, 89617, 97871
2026/09/22 21:48:54.134, 2, 89617, 97871
2026/09/22 21:48:54.134, 3, 91665, 97871
2026/09/22 21:48:54.334, 0, 89617, 97871
2026/09/22 21:48:54.334, 1, 89617, 97871
2026/09/22 21:48:54.334, 2, 89617, 97871
2026/09/22 21:48:54.334, 3, 91665, 97871
2026/09/22 21:48:54.534, 0, 89617, 97871
2026/09/22 21:48:54.534, 1, 89617, 97871
2026/09/22 21:48:54.534, 2, 89617, 97871
2026/09/22 21:48:54.534, 3, 91665, 97871
2026/09/22 21:48:54.734, 0, 89617, 97871
2026/09/22 21:48:54.735, 1, 89617, 97871
2026/09/22 21:48:54.735, 2, 89617, 97871
2026/09/22 21:48:54.735, 3, 91665, 97871
2026/09/22 21:48:54.935, 0, 89617, 97871
2026/09/22 21:48:54.935, 1, 89617, 97871
2026/09/22 21:48:54.935, 2, 89617, 97871
2026/09/22 21:48:54.935, 3, 91665, 97871
2026/09/22 21:48:55.135, 0, 89617, 97871
2026/09/22 21:48:55.135, 1, 89617, 97871
2026/09/22 21:48:55.135, 2, 89617, 97871
2026/09/22 21:48:55.135, 3, 91665, 97871
2026/09/22 21:48:55.335, 0, 89617, 97871
2026/09/22 21:48:55.335, 1, 89617, 97871
2026/09/22 21:48:55.335, 2, 89617, 97871
2026/09/22 21:48:55.335, 3, 91665, 97871
2026/09/22 21:48:55.536, 0, 89617, 97871
2026/09/22 21:48:55.536, 1, 89617, 97871
2026/09/22 21:48:55.536, 2, 89617, 97871
2026/09/22 21:48:55.536, 3, 91665, 97871
2026/09/22 21:48:55.736, 0, 89617, 97871
2026/09/22 21:48:55.736, 1, 89617, 97871
2026/09/22 21:48:55.736, 2, 89617, 97871
2026/09/22 21:48:55.736, 3, 91665, 97871
2026/09/22 21:48:55.936, 0, 89617, 97871
2026/09/22 21:48:55.936, 1, 89617, 97871
2026/09/22 21:48:55.936, 2, 89617, 97871
2026/09/22 21:48:55.936, 3, 91665, 97871
2026/09/22 21:48:56.136, 0, 89617, 97871
2026/09/22 21:48:56.136, 1, 89617, 97871
2026/09/22 21:48:56.137, 2, 89617, 97871
2026/09/22 21:48:56.137, 3, 91665, 97871
2026/09/22 21:48:56.337, 0, 89617, 97871
2026/09/22 21:48:56.337, 1, 89617, 97871
2026/09/22 21:48:56.337, 2, 89617, 97871
2026/09/22 21:48:56.337, 3, 91665, 97871
2026/09/22 21:48:56.537, 0, 89617, 97871
2026/09/22 21:48:56.537, 1, 89617, 97871
2026/09/22 21:48:56.537, 2, 89617, 97871
2026/09/22 21:48:56.537, 3, 91665, 97871
2026/09/22 21:48:56.737, 0, 89617, 97871
2026/09/22 21:48:56.737, 1, 89617, 97871
2026/09/22 21:48:56.737, 2, 89617, 97871
2026/09/22 21:48:56.737, 3, 91665, 97871
2026/09/22 21:48:56.938, 0, 89617, 97871
2026/09/22 21:48:56.938, 1, 89617, 97871
2026/09/22 21:48:56.938, 2, 89617, 97871
2026/09/22 21:48:56.938, 3, 91665, 97871
2026/09/22 21:48:57.138, 0, 89617, 97871
2026/09/22 21:48:57.138, 1, 89617, 97871
2026/09/22 21:48:57.138, 2, 89617, 97871
2026/09/22 21:48:57.138, 3, 91665, 97871
2026/09/22 21:48:57.338, 0, 89617, 97871
2026/09/22 21:48:57.338, 1, 89617, 97871
2026/09/22 21:48:57.338, 2, 89617, 97871
2026/09/22 21:48:57.338, 3, 91665, 97871
2026/09/22 21:48:57.538, 0, 89617, 97871
2026/09/22 21:48:57.538, 1, 89617, 97871
2026/09/22 21:48:57.538, 2, 89617, 97871
2026/09/22 21:48:57.538, 3, 91665, 97871
2026/09/22 21:48:57.739, 0, 89617, 97871
2026/09/22 21:48:57.739, 1, 89617, 97871
2026/09/22 21:48:57.739, 2, 89617, 97871
2026/09/22 21:48:57.739, 3, 91665, 97871
2026/09/22 21:48:57.939, 0, 89617, 97871
2026/09/22 21:48:57.939, 1, 89617, 97871
2026/09/22 21:48:57.939, 2, 89617, 97871
2026/09/22 21:48:57.939, 3, 91665, 97871
2026/09/22 21:48:58.139, 0, 89617, 97871
2026/09/22 21:48:58.139, 1, 89617, 97871
2026/09/22 21:48:58.139, 2, 89617, 97871
2026/09/22 21:48:58.139, 3, 91665, 97871
2026/09/22 21:48:58.339, 0, 89617, 97871
2026/09/22 21:48:58.340, 1, 89617, 97871
2026/09/22 21:48:58.340, 2, 89617, 97871
2026/09/22 21:48:58.340, 3, 91665, 97871
2026/09/22 21:48:58.540, 0, 89617, 97871
2026/09/22 21:48:58.540, 1, 89617, 97871
2026/09/22 21:48:58.540, 2, 89617, 97871
2026/09/22 21:48:58.540, 3, 91665, 97871
2026/09/22 21:48:58.740, 0, 89617, 97871
2026/09/22 21:48:58.740, 1, 89617, 97871
2026/09/22 21:48:58.740, 2, 89617, 97871
2026/09/22 21:48:58.740, 3, 91665, 97871
2026/09/22 21:48:58.940, 0, 89617, 97871
2026/09/22 21:48:58.940, 1, 89617, 97871
2026/09/22 21:48:58.940, 2, 89617, 97871
2026/09/22 21:48:58.941, 3, 91665, 97871
2026/09/22 21:48:59.141, 0, 89617, 97871
2026/09/22 21:48:59.141, 1, 89617, 97871
2026/09/22 21:48:59.141, 2, 89617, 97871
2026/09/22 21:48:59.141, 3, 91665, 97871
2026/09/22 21:48:59.341, 0, 89617, 97871
2026/09/22 21:48:59.341, 1, 89617, 97871
2026/09/22 21:48:59.341, 2, 89617, 97871
2026/09/22 21:48:59.341, 3, 91665, 97871
2026/09/22 21:48:59.541, 0, 89617, 97871
2026/09/22 21:48:59.541, 1, 89617, 97871
2026/09/22 21:48:59.541, 2, 89617, 97871
2026/09/22 21:48:59.541, 3, 91665, 97871
2026/09/22 21:48:59.741, 0, 89617, 97871
2026/09/22 21:48:59.742, 1, 89617, 97871
2026/09/22 21:48:59.742, 2, 89617, 97871
2026/09/22 21:48:59.742, 3, 91665, 97871
2026/09/22 21:48:59.942, 0, 89617, 97871
2026/09/22 21:48:59.942, 1, 89617, 97871
2026/09/22 21:48:59.942, 2, 89617, 97871
2026/09/22 21:48:59.942, 3, 91665, 97871
2026/09/22 21:49:00.142, 0, 89617, 97871
2026/09/22 21:49:00.142, 1, 89617, 97871
2026/09/22 21:49:00.142, 2, 89617, 97871
2026/09/22 21:49:00.142, 3, 91665, 97871
2026/09/22 21:49:00.342, 0, 89617, 97871
2026/09/22 21:49:00.343, 1, 89617, 97871
2026/09/22 21:49:00.343, 2, 89617, 97871
2026/09/22 21:49:00.343, 3, 91665, 97871
2026/09/22 21:49:00.543, 0, 89617, 97871
2026/09/22 21:49:00.543, 1, 89617, 97871
2026/09/22 21:49:00.543, 2, 89617, 97871
2026/09/22 21:49:00.543, 3, 91665, 97871
2026/09/22 21:49:00.743, 0, 89617, 97871
2026/09/22 21:49:00.743, 1, 89617, 97871
2026/09/22 21:49:00.743, 2, 89617, 97871
2026/09/22 21:49:00.743, 3, 91665, 97871
2026/09/22 21:49:00.943, 0, 89617, 97871
2026/09/22 21:49:00.943, 1, 89617, 97871
2026/09/22 21:49:00.943, 2, 89617, 97871
2026/09/22 21:49:00.943, 3, 91665, 97871
2026/09/22 21:49:01.144, 0, 89617, 97871
2026/09/22 21:49:01.144, 1, 89617, 97871
2026/09/22 21:49:01.144, 2, 89617, 97871
2026/09/22 21:49:01.144, 3, 91665, 97871
2026/09/22 21:49:01.344, 0, 89617, 97871
2026/09/22 21:49:01.344, 1, 89617, 97871
2026/09/22 21:49:01.344, 2, 89617, 97871
2026/09/22 21:49:01.344, 3, 91665, 97871
2026/09/22 21:49:01.544, 0, 89617, 97871
2026/09/22 21:49:01.544, 1, 89617, 97871
2026/09/22 21:49:01.544, 2, 89617, 97871
2026/09/22 21:49:01.544, 3, 91665, 97871
2026/09/22 21:49:01.744, 0, 89617, 97871
2026/09/22 21:49:01.744, 1, 89617, 97871
2026/09/22 21:49:01.744, 2, 89617, 97871
2026/09/22 21:49:01.745, 3, 91665, 97871
2026/09/22 21:49:01.945, 0, 89617, 97871
2026/09/22 21:49:01.945, 1, 89617, 97871
2026/09/22 21:49:01.945, 2, 89617, 97871
2026/09/22 21:49:01.945, 3, 91665, 97871
2026/09/22 21:49:02.145, 0, 89617, 97871
2026/09/22 21:49:02.145, 1, 89617, 97871
2026/09/22 21:49:02.145, 2, 89617, 97871
2026/09/22 21:49:02.145, 3, 91665, 97871
2026/09/22 21:49:02.345, 0, 89617, 97871
2026/09/22 21:49:02.345, 1, 89617, 97871
2026/09/22 21:49:02.345, 2, 89617, 97871
2026/09/22 21:49:02.345, 3, 91665, 97871
2026/09/22 21:49:02.545, 0, 89617, 97871
2026/09/22 21:49:02.546, 1, 89617, 97871
2026/09/22 21:49:02.546, 2, 89617, 97871
2026/09/22 21:49:02.546, 3, 91665, 97871
2026/09/22 21:49:02.746, 0, 89617, 97871
2026/09/22 21:49:02.746, 1, 89617, 97871
2026/09/22 21:49:02.746, 2, 89617, 97871
2026/09/22 21:49:02.746, 3, 91665, 97871
2026/09/22 21:49:02.946, 0, 89617, 97871
2026/09/22 21:49:02.946, 1, 89617, 97871
2026/09/22 21:49:02.946, 2, 89617, 97871
2026/09/22 21:49:02.946, 3, 91665, 97871
2026/09/22 21:49:03.146, 0, 89617, 97871
2026/09/22 21:49:03.146, 1, 89617, 97871
2026/09/22 21:49:03.146, 2, 89617, 97871
2026/09/22 21:49:03.146, 3, 91665, 97871
2026/09/22 21:49:03.347, 0, 89617, 97871
2026/09/22 21:49:03.347, 1, 89617, 97871
2026/09/22 21:49:03.347, 2, 89617, 97871
2026/09/22 21:49:03.347, 3, 91665, 97871
2026/09/22 21:49:03.547, 0, 89617, 97871
2026/09/22 21:49:03.547, 1, 89617, 97871
2026/09/22 21:49:03.547, 2, 89617, 97871
2026/09/22 21:49:03.547, 3, 91665, 97871
2026/09/22 21:49:03.747, 0, 89617, 97871
2026/09/22 21:49:03.747, 1, 89617, 97871
2026/09/22 21:49:03.747, 2, 89617, 97871
2026/09/22 21:49:03.747, 3, 91665, 97871
2026/09/22 21:49:03.947, 0, 89617, 97871
2026/09/22 21:49:03.947, 1, 89617, 97871
2026/09/22 21:49:03.947, 2, 89617, 97871
2026/09/22 21:49:03.947, 3, 91665, 97871
2026/09/22 21:49:04.148, 0, 89617, 97871
2026/09/22 21:49:04.148, 1, 89617, 97871
2026/09/22 21:49:04.148, 2, 89617, 97871
2026/09/22 21:49:04.148, 3, 91665, 97871
2026/09/22 21:49:04.348, 0, 89617, 97871
2026/09/22 21:49:04.348, 1, 89617, 97871
2026/09/22 21:49:04.348, 2, 89617, 97871
2026/09/22 21:49:04.348, 3, 91665, 97871
2026/09/22 21:49:04.548, 0, 89617, 97871
2026/09/22 21:49:04.548, 1, 89617, 97871
2026/09/22 21:49:04.548, 2, 89617, 97871
2026/09/22 21:49:04.548, 3, 91665, 97871
2026/09/22 21:49:04.748, 0, 89617, 97871
2026/09/22 21:49:04.748, 1, 89617, 97871
2026/09/22 21:49:04.748, 2, 89617, 97871
2026/09/22 21:49:04.749, 3, 91665, 97871
2026/09/22 21:49:04.949, 0, 89617, 97871
2026/09/22 21:49:04.949, 1, 89617, 97871
2026/09/22 21:49:04.949, 2, 89617, 97871
2026/09/22 21:49:04.949, 3, 91665, 97871
2026/09/22 21:49:05.149, 0, 89617, 97871
2026/09/22 21:49:05.149, 1, 89617, 97871
2026/09/22 21:49:05.149, 2, 89617, 97871
2026/09/22 21:49:05.149, 3, 91665, 97871
2026/09/22 21:49:05.349, 0, 89617, 97871
2026/09/22 21:49:05.349, 1, 89617, 97871
2026/09/22 21:49:05.349, 2, 89617, 97871
2026/09/22 21:49:05.349, 3, 91665, 97871
2026/09/22 21:49:05.550, 0, 89617, 97871
2026/09/22 21:49:05.550, 1, 89617, 97871
2026/09/22 21:49:05.550, 2, 89617, 97871
2026/09/22 21:49:05.550, 3, 91665, 97871
2026/09/22 21:49:05.750, 0, 89617, 97871
2026/09/22 21:49:05.750, 1, 89617, 97871
2026/09/22 21:49:05.750, 2, 89617, 97871
2026/09/22 21:49:05.750, 3, 91665, 97871
2026/09/22 21:49:05.950, 0, 89617, 97871
2026/09/22 21:49:05.950, 1, 89617, 97871
2026/09/22 21:49:05.950, 2, 89617, 97871
2026/09/22 21:49:05.950, 3, 91665, 97871
2026/09/22 21:49:06.150, 0, 89617, 97871
2026/09/22 21:49:06.151, 1, 89617, 97871
2026/09/22 21:49:06.151, 2, 89617, 97871
2026/09/22 21:49:06.151, 3, 91665, 97871
2026/09/22 21:49:06.351, 0, 89617, 97871
2026/09/22 21:49:06.351, 1, 89617, 97871
2026/09/22 21:49:06.351, 2, 89617, 97871
2026/09/22 21:49:06.351, 3, 91665, 97871
2026/09/22 21:49:06.551, 0, 89617, 97871
2026/09/22 21:49:06.551, 1, 89617, 97871
2026/09/22 21:49:06.551, 2, 89617, 97871
2026/09/22 21:49:06.551, 3, 91665, 97871
2026/09/22 21:49:06.751, 0, 89617, 97871
2026/09/22 21:49:06.751, 1, 89617, 97871
2026/09/22 21:49:06.751, 2, 89617, 97871
2026/09/22 21:49:06.752, 3, 91665, 97871
2026/09/22 21:49:06.952, 0, 89617, 97871
2026/09/22 21:49:06.952, 1, 89617, 97871
2026/09/22 21:49:06.952, 2, 89617, 97871
2026/09/22 21:49:06.952, 3, 91665, 97871
2026/09/22 21:49:07.152, 0, 89617, 97871
2026/09/22 21:49:07.152, 1, 89617, 97871
2026/09/22 21:49:07.152, 2, 89617, 97871
2026/09/22 21:49:07.152, 3, 91665, 97871
2026/09/22 21:49:07.352, 0, 89617, 97871
2026/09/22 21:49:07.352, 1, 89617, 97871
2026/09/22 21:49:07.352, 2, 89617, 97871
2026/09/22 21:49:07.352, 3, 91665, 97871
2026/09/22 21:49:07.552, 0, 89617, 97871
2026/09/22 21:49:07.552, 1, 89617, 97871
2026/09/22 21:49:07.553, 2, 89617, 97871
2026/09/22 21:49:07.553, 3, 91665, 97871
2026/09/22 21:49:07.753, 0, 89617, 97871
2026/09/22 21:49:07.753, 1, 89617, 97871
2026/09/22 21:49:07.753, 2, 89617, 97871
2026/09/22 21:49:07.753, 3, 91665, 97871
2026/09/22 21:49:07.953, 0, 89617, 97871
2026/09/22 21:49:07.953, 1, 89617, 97871
2026/09/22 21:49:07.953, 2, 89617, 97871
2026/09/22 21:49:07.953, 3, 91665, 97871
2026/09/22 21:49:08.153, 0, 89617, 97871
2026/09/22 21:49:08.153, 1, 89617, 97871
2026/09/22 21:49:08.153, 2, 89617, 97871
2026/09/22 21:49:08.153, 3, 91665, 97871
2026/09/22 21:49:08.353, 0, 89617, 97871
2026/09/22 21:49:08.353, 1, 89617, 97871
2026/09/22 21:49:08.354, 2, 89617, 97871
2026/09/22 21:49:08.354, 3, 91665, 97871
2026/09/22 21:49:08.554, 0, 89617, 97871
2026/09/22 21:49:08.554, 1, 89617, 97871
2026/09/22 21:49:08.554, 2, 89617, 97871
2026/09/22 21:49:08.554, 3, 91665, 97871
2026/09/22 21:49:08.754, 0, 89617, 97871
2026/09/22 21:49:08.754, 1, 89617, 97871
2026/09/22 21:49:08.754, 2, 89617, 97871
2026/09/22 21:49:08.754, 3, 91665, 97871
2026/09/22 21:49:08.954, 0, 89617, 97871
2026/09/22 21:49:08.954, 1, 89617, 97871
2026/09/22 21:49:08.954, 2, 89617, 97871
2026/09/22 21:49:08.954, 3, 91665, 97871
2026/09/22 21:49:09.154, 0, 89617, 97871
2026/09/22 21:49:09.155, 1, 89617, 97871
2026/09/22 21:49:09.155, 2, 89617, 97871
2026/09/22 21:49:09.155, 3, 91665, 97871
2026/09/22 21:49:09.355, 0, 89617, 97871
2026/09/22 21:49:09.355, 1, 89617, 97871
2026/09/22 21:49:09.355, 2, 89617, 97871
2026/09/22 21:49:09.355, 3, 91665, 97871
2026/09/22 21:49:09.555, 0, 89617, 97871
2026/09/22 21:49:09.555, 1, 89617, 97871
2026/09/22 21:49:09.555, 2, 89617, 97871
2026/09/22 21:49:09.555, 3, 91665, 97871
2026/09/22 21:49:09.755, 0, 89617, 97871
2026/09/22 21:49:09.755, 1, 89617, 97871
2026/09/22 21:49:09.756, 2, 89617, 97871
2026/09/22 21:49:09.756, 3, 91665, 97871
2026/09/22 21:49:09.956, 0, 89617, 97871
2026/09/22 21:49:09.956, 1, 89617, 97871
2026/09/22 21:49:09.956, 2, 89617, 97871
2026/09/22 21:49:09.956, 3, 91665, 97871
2026/09/22 21:49:10.156, 0, 89617, 97871
2026/09/22 21:49:10.156, 1, 89617, 97871
2026/09/22 21:49:10.156, 2, 89617, 97871
2026/09/22 21:49:10.156, 3, 91665, 97871
2026/09/22 21:49:10.356, 0, 89617, 97871
2026/09/22 21:49:10.356, 1, 89617, 97871
2026/09/22 21:49:10.356, 2, 89617, 97871
2026/09/22 21:49:10.356, 3, 91665, 97871
2026/09/22 21:49:10.557, 0, 89617, 97871
2026/09/22 21:49:10.557, 1, 89617, 97871
2026/09/22 21:49:10.557, 2, 89617, 97871
2026/09/22 21:49:10.557, 3, 91665, 97871
2026/09/22 21:49:10.757, 0, 89617, 97871
2026/09/22 21:49:10.757, 1, 89617, 97871
2026/09/22 21:49:10.757, 2, 89617, 97871
2026/09/22 21:49:10.757, 3, 91665, 97871
2026/09/22 21:49:10.957, 0, 89617, 97871
2026/09/22 21:49:10.957, 1, 89617, 97871
2026/09/22 21:49:10.957, 2, 89617, 97871
2026/09/22 21:49:10.957, 3, 91665, 97871
2026/09/22 21:49:11.157, 0, 89617, 97871
2026/09/22 21:49:11.158, 1, 89617, 97871
2026/09/22 21:49:11.158, 2, 89617, 97871
2026/09/22 21:49:11.166, 3, 91665, 97871
2026/09/22 21:49:11.366, 0, 89617, 97871
2026/09/22 21:49:11.367, 1, 89617, 97871
2026/09/22 21:49:11.367, 2, 89617, 97871
2026/09/22 21:49:11.367, 3, 91665, 97871
2026/09/22 21:49:11.567, 0, 89617, 97871
2026/09/22 21:49:11.567, 1, 89617, 97871
2026/09/22 21:49:11.567, 2, 89617, 97871
2026/09/22 21:49:11.567, 3, 91665, 97871
2026/09/22 21:49:11.767, 0, 89617, 97871
2026/09/22 21:49:11.767, 1, 89617, 97871
2026/09/22 21:49:11.767, 2, 89617, 97871
2026/09/22 21:49:11.767, 3, 91665, 97871
2026/09/22 21:49:11.967, 0, 89617, 97871
2026/09/22 21:49:11.967, 1, 89617, 97871
2026/09/22 21:49:11.968, 2, 89617, 97871
2026/09/22 21:49:11.968, 3, 91665, 97871
2026/09/22 21:49:12.168, 0, 89617, 97871
2026/09/22 21:49:12.168, 1, 89617, 97871
2026/09/22 21:49:12.168, 2, 89617, 97871
2026/09/22 21:49:12.168, 3, 91665, 97871
2026/09/22 21:49:12.368, 0, 89617, 97871
2026/09/22 21:49:12.368, 1, 89617, 97871
2026/09/22 21:49:12.368, 2, 89617, 97871
2026/09/22 21:49:12.368, 3, 91665, 97871
2026/09/22 21:49:12.568, 0, 89617, 97871
2026/09/22 21:49:12.568, 1, 89617, 97871
2026/09/22 21:49:12.568, 2, 89617, 97871
2026/09/22 21:49:12.568, 3, 91665, 97871
2026/09/22 21:49:12.768, 0, 89617, 97871
2026/09/22 21:49:12.769, 1, 89617, 97871
2026/09/22 21:49:12.769, 2, 89617, 97871
2026/09/22 21:49:12.769, 3, 91665, 97871
2026/09/22 21:49:12.969, 0, 89617, 97871
2026/09/22 21:49:12.969, 1, 89617, 97871
2026/09/22 21:49:12.969, 2, 89617, 97871
2026/09/22 21:49:12.969, 3, 91665, 97871
2026/09/22 21:49:13.169, 0, 89617, 97871
2026/09/22 21:49:13.169, 1, 89617, 97871
2026/09/22 21:49:13.169, 2, 89617, 97871
2026/09/22 21:49:13.169, 3, 91665, 97871
2026/09/22 21:49:13.369, 0, 89617, 97871
2026/09/22 21:49:13.369, 1, 89617, 97871
2026/09/22 21:49:13.369, 2, 89617, 97871
2026/09/22 21:49:13.369, 3, 91665, 97871
2026/09/22 21:49:13.570, 0, 89617, 97871
2026/09/22 21:49:13.570, 1, 89617, 97871
2026/09/22 21:49:13.570, 2, 89617, 97871
2026/09/22 21:49:13.570, 3, 91665, 97871
2026/09/22 21:49:13.770, 0, 89617, 97871
2026/09/22 21:49:13.770, 1, 89617, 97871
2026/09/22 21:49:13.770, 2, 89617, 97871
2026/09/22 21:49:13.770, 3, 91665, 97871
2026/09/22 21:49:13.970, 0, 89617, 97871
2026/09/22 21:49:13.970, 1, 89617, 97871
2026/09/22 21:49:13.970, 2, 89617, 97871
2026/09/22 21:49:13.970, 3, 91665, 97871
2026/09/22 21:49:14.170, 0, 89617, 97871
2026/09/22 21:49:14.170, 1, 89617, 97871
2026/09/22 21:49:14.170, 2, 89617, 97871
2026/09/22 21:49:14.170, 3, 91665, 97871
2026/09/22 21:49:14.371, 0, 89617, 97871
2026/09/22 21:49:14.371, 1, 89617, 97871
2026/09/22 21:49:14.371, 2, 89617, 97871
2026/09/22 21:49:14.371, 3, 91665, 97871
2026/09/22 21:49:14.571, 0, 89617, 97871
2026/09/22 21:49:14.571, 1, 89617, 97871
2026/09/22 21:49:14.571, 2, 89617, 97871
2026/09/22 21:49:14.571, 3, 91665, 97871
2026/09/22 21:49:14.771, 0, 89617, 97871
2026/09/22 21:49:14.771, 1, 89617, 97871
2026/09/22 21:49:14.771, 2, 89617, 97871
2026/09/22 21:49:14.771, 3, 91665, 97871
2026/09/22 21:49:14.971, 0, 89617, 97871
2026/09/22 21:49:14.972, 1, 89617, 97871
2026/09/22 21:49:14.972, 2, 89617, 97871
2026/09/22 21:49:14.972, 3, 91665, 97871
2026/09/22 21:49:15.172, 0, 89617, 97871
2026/09/22 21:49:15.172, 1, 89617, 97871
2026/09/22 21:49:15.172, 2, 89617, 97871
2026/09/22 21:49:15.172, 3, 91665, 97871
2026/09/22 21:49:15.372, 0, 89617, 97871
2026/09/22 21:49:15.372, 1, 89617, 97871
2026/09/22 21:49:15.372, 2, 89617, 97871
2026/09/22 21:49:15.372, 3, 91665, 97871
2026/09/22 21:49:15.572, 0, 89617, 97871
2026/09/22 21:49:15.572, 1, 89617, 97871
2026/09/22 21:49:15.572, 2, 89617, 97871
2026/09/22 21:49:15.572, 3, 91665, 97871
2026/09/22 21:49:15.772, 0, 89617, 97871
2026/09/22 21:49:15.773, 1, 89617, 97871
2026/09/22 21:49:15.773, 2, 89617, 97871
2026/09/22 21:49:15.773, 3, 91665, 97871
2026/09/22 21:49:15.973, 0, 89617, 97871
2026/09/22 21:49:15.973, 1, 89617, 97871
2026/09/22 21:49:15.973, 2, 89617, 97871
2026/09/22 21:49:15.973, 3, 91665, 97871
2026/09/22 21:49:16.173, 0, 89617, 97871
2026/09/22 21:49:16.173, 1, 89617, 97871
2026/09/22 21:49:16.173, 2, 89617, 97871
2026/09/22 21:49:16.173, 3, 91665, 97871
2026/09/22 21:49:16.373, 0, 89617, 97871
2026/09/22 21:49:16.373, 1, 89617, 97871
2026/09/22 21:49:16.373, 2, 89617, 97871
2026/09/22 21:49:16.373, 3, 91665, 97871
2026/09/22 21:49:16.574, 0, 89617, 97871
2026/09/22 21:49:16.574, 1, 89617, 97871
2026/09/22 21:49:16.574, 2, 89617, 97871
2026/09/22 21:49:16.574, 3, 91665, 97871
2026/09/22 21:49:16.774, 0, 89617, 97871
2026/09/22 21:49:16.774, 1, 89617, 97871
2026/09/22 21:49:16.774, 2, 89617, 97871
2026/09/22 21:49:16.774, 3, 91665, 97871
2026/09/22 21:49:16.974, 0, 89617, 97871
2026/09/22 21:49:16.974, 1, 89617, 97871
2026/09/22 21:49:16.974, 2, 89617, 97871
2026/09/22 21:49:16.974, 3, 91665, 97871
2026/09/22 21:49:17.174, 0, 89617, 97871
2026/09/22 21:49:17.174, 1, 89617, 97871
2026/09/22 21:49:17.174, 2, 89617, 97871
2026/09/22 21:49:17.175, 3, 91665, 97871
2026/09/22 21:49:17.375, 0, 89617, 97871
2026/09/22 21:49:17.375, 1, 89617, 97871
2026/09/22 21:49:17.375, 2, 89617, 97871
2026/09/22 21:49:17.375, 3, 91665, 97871
2026/09/22 21:49:17.575, 0, 89617, 97871
2026/09/22 21:49:17.575, 1, 89617, 97871
2026/09/22 21:49:17.575, 2, 89617, 97871
2026/09/22 21:49:17.575, 3, 91665, 97871
2026/09/22 21:49:17.775, 0, 89617, 97871
2026/09/22 21:49:17.775, 1, 89617, 97871
2026/09/22 21:49:17.775, 2, 89617, 97871
2026/09/22 21:49:17.775, 3, 91665, 97871
2026/09/22 21:49:17.975, 0, 89617, 97871
2026/09/22 21:49:17.976, 1, 89617, 97871
2026/09/22 21:49:17.976, 2, 89617, 97871
2026/09/22 21:49:17.976, 3, 91665, 97871
2026/09/22 21:49:18.176, 0, 89617, 97871
2026/09/22 21:49:18.176, 1, 89617, 97871
2026/09/22 21:49:18.176, 2, 89617, 97871
2026/09/22 21:49:18.176, 3, 91665, 97871
2026/09/22 21:49:18.376, 0, 89617, 97871
2026/09/22 21:49:18.376, 1, 89617, 97871
2026/09/22 21:49:18.376, 2, 89617, 97871
2026/09/22 21:49:18.376, 3, 91665, 97871
2026/09/22 21:49:18.576, 0, 89617, 97871
2026/09/22 21:49:18.576, 1, 89617, 97871
2026/09/22 21:49:18.576, 2, 89617, 97871
2026/09/22 21:49:18.576, 3, 91665, 97871
2026/09/22 21:49:18.776, 0, 89617, 97871
2026/09/22 21:49:18.777, 1, 89617, 97871
2026/09/22 21:49:18.777, 2, 89617, 97871
2026/09/22 21:49:18.777, 3, 91665, 97871
2026/09/22 21:49:18.977, 0, 89617, 97871
2026/09/22 21:49:18.977, 1, 89617, 97871
2026/09/22 21:49:18.977, 2, 89617, 97871
2026/09/22 21:49:18.977, 3, 91665, 97871
2026/09/22 21:49:19.177, 0, 89617, 97871
2026/09/22 21:49:19.177, 1, 89617, 97871
2026/09/22 21:49:19.177, 2, 89617, 97871
2026/09/22 21:49:19.177, 3, 91665, 97871
2026/09/22 21:49:19.377, 0, 89617, 97871
2026/09/22 21:49:19.377, 1, 89617, 97871
2026/09/22 21:49:19.377, 2, 89617, 97871
2026/09/22 21:49:19.377, 3, 91665, 97871
2026/09/22 21:49:19.578, 0, 89617, 97871
2026/09/22 21:49:19.578, 1, 89617, 97871
2026/09/22 21:49:19.578, 2, 89617, 97871
2026/09/22 21:49:19.578, 3, 91665, 97871
2026/09/22 21:49:19.778, 0, 89617, 97871
2026/09/22 21:49:19.778, 1, 89617, 97871
2026/09/22 21:49:19.778, 2, 89617, 97871
2026/09/22 21:49:19.778, 3, 91665, 97871
2026/09/22 21:49:19.978, 0, 89617, 97871
2026/09/22 21:49:19.978, 1, 89617, 97871
2026/09/22 21:49:19.978, 2, 89617, 97871
2026/09/22 21:49:19.978, 3, 91665, 97871
2026/09/22 21:49:20.178, 0, 89617, 97871
2026/09/22 21:49:20.178, 1, 89617, 97871
2026/09/22 21:49:20.179, 2, 89617, 97871
2026/09/22 21:49:20.179, 3, 91665, 97871
2026/09/22 21:49:20.379, 0, 89617, 97871
2026/09/22 21:49:20.379, 1, 89617, 97871
2026/09/22 21:49:20.379, 2, 89617, 97871
2026/09/22 21:49:20.379, 3, 91665, 97871
2026/09/22 21:49:20.579, 0, 89617, 97871
2026/09/22 21:49:20.579, 1, 89617, 97871
2026/09/22 21:49:20.579, 2, 89617, 97871
2026/09/22 21:49:20.579, 3, 91665, 97871
2026/09/22 21:49:20.779, 0, 89617, 97871
2026/09/22 21:49:20.779, 1, 89617, 97871
2026/09/22 21:49:20.779, 2, 89617, 97871
2026/09/22 21:49:20.779, 3, 91665, 97871
2026/09/22 21:49:20.980, 0, 89617, 97871
2026/09/22 21:49:20.980, 1, 89617, 97871
2026/09/22 21:49:20.980, 2, 89617, 97871
2026/09/22 21:49:20.980, 3, 91665, 97871
2026/09/22 21:49:21.180, 0, 89617, 97871
2026/09/22 21:49:21.180, 1, 89617, 97871
2026/09/22 21:49:21.180, 2, 89617, 97871
2026/09/22 21:49:21.180, 3, 91665, 97871
2026/09/22 21:49:21.380, 0, 89617, 97871
2026/09/22 21:49:21.380, 1, 89617, 97871
2026/09/22 21:49:21.380, 2, 89617, 97871
2026/09/22 21:49:21.380, 3, 91665, 97871
2026/09/22 21:49:21.580, 0, 89617, 97871
2026/09/22 21:49:21.581, 1, 89617, 97871
2026/09/22 21:49:21.581, 2, 89617, 97871
2026/09/22 21:49:21.581, 3, 91665, 97871
2026/09/22 21:49:21.781, 0, 89617, 97871
2026/09/22 21:49:21.781, 1, 89617, 97871
2026/09/22 21:49:21.781, 2, 89617, 97871
2026/09/22 21:49:21.781, 3, 91665, 97871
2026/09/22 21:49:21.981, 0, 89617, 97871
2026/09/22 21:49:21.981, 1, 89617, 97871
2026/09/22 21:49:21.981, 2, 89617, 97871
2026/09/22 21:49:21.981, 3, 91665, 97871
2026/09/22 21:49:22.181, 0, 89617, 97871
2026/09/22 21:49:22.181, 1, 89617, 97871
2026/09/22 21:49:22.181, 2, 89617, 97871
2026/09/22 21:49:22.182, 3, 91665, 97871
2026/09/22 21:49:22.382, 0, 89617, 97871
2026/09/22 21:49:22.382, 1, 89617, 97871
2026/09/22 21:49:22.382, 2, 89617, 97871
2026/09/22 21:49:22.382, 3, 91665, 97871
2026/09/22 21:49:22.582, 0, 89617, 97871
2026/09/22 21:49:22.582, 1, 89617, 97871
2026/09/22 21:49:22.582, 2, 89617, 97871
2026/09/22 21:49:22.582, 3, 91665, 97871
2026/09/22 21:49:22.782, 0, 89617, 97871
2026/09/22 21:49:22.782, 1, 89617, 97871
2026/09/22 21:49:22.782, 2, 89617, 97871
2026/09/22 21:49:22.782, 3, 91665, 97871
2026/09/22 21:49:22.983, 0, 89617, 97871
2026/09/22 21:49:22.983, 1, 89617, 97871
2026/09/22 21:49:22.983, 2, 89617, 97871
2026/09/22 21:49:22.983, 3, 91665, 97871
2026/09/22 21:49:23.183, 0, 89617, 97871
2026/09/22 21:49:23.183, 1, 89617, 97871
2026/09/22 21:49:23.183, 2, 89617, 97871
2026/09/22 21:49:23.183, 3, 91665, 97871
2026/09/22 21:49:23.383, 0, 89617, 97871
2026/09/22 21:49:23.383, 1, 89617, 97871
2026/09/22 21:49:23.383, 2, 89617, 97871
2026/09/22 21:49:23.383, 3, 91665, 97871
2026/09/22 21:49:23.583, 0, 89617, 97871
2026/09/22 21:49:23.583, 1, 89617, 97871
2026/09/22 21:49:23.583, 2, 89617, 97871
2026/09/22 21:49:23.583, 3, 91665, 97871
2026/09/22 21:49:23.784, 0, 89617, 97871
2026/09/22 21:49:23.784, 1, 89617, 97871
2026/09/22 21:49:23.784, 2, 89617, 97871
2026/09/22 21:49:23.784, 3, 91665, 97871
2026/09/22 21:49:23.984, 0, 89617, 97871
2026/09/22 21:49:23.984, 1, 89617, 97871
2026/09/22 21:49:23.984, 2, 89617, 97871
2026/09/22 21:49:23.984, 3, 91665, 97871
2026/09/22 21:49:24.184, 0, 89617, 97871
2026/09/22 21:49:24.184, 1, 89617, 97871
2026/09/22 21:49:24.184, 2, 89617, 97871
2026/09/22 21:49:24.184, 3, 91665, 97871
2026/09/22 21:49:24.385, 0, 89617, 97871
2026/09/22 21:49:24.385, 1, 89617, 97871
2026/09/22 21:49:24.385, 2, 89617, 97871
2026/09/22 21:49:24.385, 3, 91665, 97871
2026/09/22 21:49:24.585, 0, 89617, 97871
2026/09/22 21:49:24.585, 1, 89617, 97871
2026/09/22 21:49:24.585, 2, 89617, 97871
2026/09/22 21:49:24.585, 3, 91665, 97871
2026/09/22 21:49:24.785, 0, 89617, 97871
2026/09/22 21:49:24.785, 1, 89617, 97871
2026/09/22 21:49:24.785, 2, 89617, 97871
2026/09/22 21:49:24.785, 3, 91665, 97871
2026/09/22 21:49:24.985, 0, 89617, 97871
2026/09/22 21:49:24.985, 1, 89617, 97871
2026/09/22 21:49:24.986, 2, 89617, 97871
2026/09/22 21:49:24.986, 3, 91665, 97871
2026/09/22 21:49:25.186, 0, 89617, 97871
2026/09/22 21:49:25.186, 1, 89617, 97871
2026/09/22 21:49:25.186, 2, 89617, 97871
2026/09/22 21:49:25.186, 3, 91665, 97871
2026/09/22 21:49:25.386, 0, 89617, 97871
2026/09/22 21:49:25.386, 1, 89617, 97871
2026/09/22 21:49:25.386, 2, 89617, 97871
2026/09/22 21:49:25.386, 3, 91665, 97871
2026/09/22 21:49:25.586, 0, 89617, 97871
2026/09/22 21:49:25.586, 1, 89617, 97871
2026/09/22 21:49:25.586, 2, 89617, 97871
2026/09/22 21:49:25.586, 3, 91665, 97871
2026/09/22 21:49:25.787, 0, 89617, 97871
2026/09/22 21:49:25.787, 1, 89617, 97871
2026/09/22 21:49:25.787, 2, 89617, 97871
2026/09/22 21:49:25.787, 3, 91665, 97871
2026/09/22 21:49:25.987, 0, 89617, 97871
2026/09/22 21:49:25.987, 1, 89617, 97871
2026/09/22 21:49:25.987, 2, 89617, 97871
2026/09/22 21:49:25.987, 3, 91665, 97871
2026/09/22 21:49:26.187, 0, 89617, 97871
2026/09/22 21:49:26.187, 1, 89617, 97871
2026/09/22 21:49:26.187, 2, 89617, 97871
2026/09/22 21:49:26.187, 3, 91665, 97871
2026/09/22 21:49:26.387, 0, 89617, 97871
2026/09/22 21:49:26.387, 1, 89617, 97871
2026/09/22 21:49:26.387, 2, 89617, 97871
2026/09/22 21:49:26.388, 3, 91665, 97871
2026/09/22 21:49:26.588, 0, 89617, 97871
2026/09/22 21:49:26.588, 1, 89617, 97871
2026/09/22 21:49:26.588, 2, 89617, 97871
2026/09/22 21:49:26.588, 3, 91665, 97871
2026/09/22 21:49:26.788, 0, 89617, 97871
2026/09/22 21:49:26.788, 1, 89617, 97871
2026/09/22 21:49:26.788, 2, 89617, 97871
2026/09/22 21:49:26.788, 3, 91665, 97871
2026/09/22 21:49:26.988, 0, 89617, 97871
2026/09/22 21:49:26.988, 1, 89617, 97871
2026/09/22 21:49:26.988, 2, 89617, 97871
2026/09/22 21:49:26.988, 3, 91665, 97871
2026/09/22 21:49:27.188, 0, 89617, 97871
2026/09/22 21:49:27.189, 1, 89617, 97871
2026/09/22 21:49:27.189, 2, 89617, 97871
2026/09/22 21:49:27.189, 3, 91665, 97871
2026/09/22 21:49:27.389, 0, 89617, 97871
2026/09/22 21:49:27.389, 1, 89617, 97871
2026/09/22 21:49:27.389, 2, 89617, 97871
2026/09/22 21:49:27.389, 3, 91665, 97871
2026/09/22 21:49:27.589, 0, 89617, 97871
2026/09/22 21:49:27.589, 1, 89617, 97871
2026/09/22 21:49:27.589, 2, 89617, 97871
2026/09/22 21:49:27.589, 3, 91665, 97871
2026/09/22 21:49:27.789, 0, 89617, 97871
2026/09/22 21:49:27.789, 1, 89617, 97871
2026/09/22 21:49:27.789, 2, 89617, 97871
2026/09/22 21:49:27.789, 3, 91665, 97871
2026/09/22 21:49:27.990, 0, 89617, 97871
2026/09/22 21:49:27.990, 1, 89617, 97871
2026/09/22 21:49:27.990, 2, 89617, 97871
2026/09/22 21:49:27.990, 3, 91665, 97871
2026/09/22 21:49:28.190, 0, 89617, 97871
2026/09/22 21:49:28.190, 1, 89617, 97871
2026/09/22 21:49:28.190, 2, 89617, 97871
2026/09/22 21:49:28.190, 3, 91665, 97871
2026/09/22 21:49:28.390, 0, 89617, 97871
2026/09/22 21:49:28.390, 1, 89617, 97871
2026/09/22 21:49:28.390, 2, 89617, 97871
2026/09/22 21:49:28.390, 3, 91665, 97871
2026/09/22 21:49:28.590, 0, 89617, 97871
2026/09/22 21:49:28.591, 1, 89617, 97871
2026/09/22 21:49:28.591, 2, 89617, 97871
2026/09/22 21:49:28.591, 3, 91665, 97871
2026/09/22 21:49:28.791, 0, 89617, 97871
2026/09/22 21:49:28.791, 1, 89617, 97871
2026/09/22 21:49:28.791, 2, 89617, 97871
2026/09/22 21:49:28.791, 3, 91665, 97871
2026/09/22 21:49:28.991, 0, 89617, 97871
2026/09/22 21:49:28.991, 1, 89617, 97871
2026/09/22 21:49:28.991, 2, 89617, 97871
2026/09/22 21:49:28.991, 3, 91665, 97871
2026/09/22 21:49:29.191, 0, 89617, 97871
2026/09/22 21:49:29.191, 1, 89617, 97871
2026/09/22 21:49:29.191, 2, 89617, 97871
2026/09/22 21:49:29.191, 3, 91665, 97871
2026/09/22 21:49:29.391, 0, 89617, 97871
2026/09/22 21:49:29.391, 1, 89617, 97871
2026/09/22 21:49:29.392, 2, 89617, 97871
2026/09/22 21:49:29.392, 3, 91665, 97871
2026/09/22 21:49:29.592, 0, 89617, 97871
2026/09/22 21:49:29.592, 1, 89617, 97871
2026/09/22 21:49:29.592, 2, 89617, 97871
2026/09/22 21:49:29.592, 3, 91665, 97871
2026/09/22 21:49:29.792, 0, 89617, 97871
2026/09/22 21:49:29.792, 1, 89617, 97871
2026/09/22 21:49:29.792, 2, 89617, 97871
2026/09/22 21:49:29.792, 3, 91665, 97871
2026/09/22 21:49:29.992, 0, 89617, 97871
2026/09/22 21:49:29.992, 1, 89617, 97871
2026/09/22 21:49:29.992, 2, 89617, 97871
2026/09/22 21:49:29.992, 3, 91665, 97871
2026/09/22 21:49:30.193, 0, 89617, 97871
2026/09/22 21:49:30.193, 1, 89617, 97871
2026/09/22 21:49:30.193, 2, 89617, 97871
2026/09/22 21:49:30.193, 3, 91665, 97871
2026/09/22 21:49:30.393, 0, 89617, 97871
2026/09/22 21:49:30.393, 1, 89617, 97871
2026/09/22 21:49:30.393, 2, 89617, 97871
2026/09/22 21:49:30.393, 3, 91665, 97871
2026/09/22 21:49:30.593, 0, 89617, 97871
2026/09/22 21:49:30.593, 1, 89617, 97871
2026/09/22 21:49:30.593, 2, 89617, 97871
2026/09/22 21:49:30.593, 3, 91665, 97871
2026/09/22 21:49:30.793, 0, 89617, 97871
2026/09/22 21:49:30.794, 1, 89617, 97871
2026/09/22 21:49:30.794, 2, 89617, 97871
2026/09/22 21:49:30.794, 3, 91665, 97871
2026/09/22 21:49:30.994, 0, 89617, 97871
2026/09/22 21:49:30.994, 1, 89617, 97871
2026/09/22 21:49:30.994, 2, 89617, 97871
2026/09/22 21:49:30.994, 3, 91665, 97871
2026/09/22 21:49:31.194, 0, 89617, 97871
2026/09/22 21:49:31.194, 1, 89617, 97871
2026/09/22 21:49:31.194, 2, 89617, 97871
2026/09/22 21:49:31.194, 3, 91665, 97871
2026/09/22 21:49:31.394, 0, 89617, 97871
2026/09/22 21:49:31.394, 1, 89617, 97871
2026/09/22 21:49:31.394, 2, 89617, 97871
2026/09/22 21:49:31.395, 3, 91665, 97871
2026/09/22 21:49:31.595, 0, 89617, 97871
2026/09/22 21:49:31.595, 1, 89617, 97871
2026/09/22 21:49:31.595, 2, 89617, 97871
2026/09/22 21:49:31.595, 3, 91665, 97871
2026/09/22 21:49:31.795, 0, 89617, 97871
2026/09/22 21:49:31.795, 1, 89617, 97871
2026/09/22 21:49:31.795, 2, 89617, 97871
2026/09/22 21:49:31.795, 3, 91665, 97871
2026/09/22 21:49:31.995, 0, 89617, 97871
2026/09/22 21:49:31.995, 1, 89617, 97871
2026/09/22 21:49:31.995, 2, 89617, 97871
2026/09/22 21:49:31.995, 3, 91665, 97871
2026/09/22 21:49:32.195, 0, 89617, 97871
2026/09/22 21:49:32.195, 1, 89617, 97871
2026/09/22 21:49:32.196, 2, 89617, 97871
2026/09/22 21:49:32.196, 3, 91665, 97871
2026/09/22 21:49:32.396, 0, 89617, 97871
2026/09/22 21:49:32.396, 1, 89617, 97871
2026/09/22 21:49:32.396, 2, 89617, 97871
2026/09/22 21:49:32.396, 3, 91665, 97871
2026/09/22 21:49:32.596, 0, 89617, 97871
2026/09/22 21:49:32.596, 1, 89617, 97871
2026/09/22 21:49:32.596, 2, 89617, 97871
2026/09/22 21:49:32.596, 3, 91665, 97871
2026/09/22 21:49:32.796, 0, 89617, 97871
2026/09/22 21:49:32.796, 1, 89617, 97871
2026/09/22 21:49:32.796, 2, 89617, 97871
2026/09/22 21:49:32.796, 3, 91665, 97871
2026/09/22 21:49:32.996, 0, 89617, 97871
2026/09/22 21:49:32.997, 1, 89617, 97871
2026/09/22 21:49:32.997, 2, 89617, 97871
2026/09/22 21:49:32.997, 3, 91665, 97871
2026/09/22 21:49:33.197, 0, 89617, 97871
2026/09/22 21:49:33.197, 1, 89617, 97871
2026/09/22 21:49:33.197, 2, 89617, 97871
2026/09/22 21:49:33.197, 3, 91665, 97871
2026/09/22 21:49:33.397, 0, 89617, 97871
2026/09/22 21:49:33.397, 1, 89617, 97871
2026/09/22 21:49:33.397, 2, 89617, 97871
2026/09/22 21:49:33.397, 3, 91665, 97871
2026/09/22 21:49:33.597, 0, 89617, 97871
2026/09/22 21:49:33.598, 1, 89617, 97871
2026/09/22 21:49:33.598, 2, 89617, 97871
2026/09/22 21:49:33.598, 3, 91665, 97871
2026/09/22 21:49:33.798, 0, 89617, 97871
2026/09/22 21:49:33.798, 1, 89617, 97871
2026/09/22 21:49:33.798, 2, 89617, 97871
2026/09/22 21:49:33.798, 3, 91665, 97871
2026/09/22 21:49:33.998, 0, 89617, 97871
2026/09/22 21:49:33.998, 1, 89617, 97871
2026/09/22 21:49:33.998, 2, 89617, 97871
2026/09/22 21:49:33.998, 3, 91665, 97871
2026/09/22 21:49:34.198, 0, 89617, 97871
2026/09/22 21:49:34.198, 1, 89617, 97871
2026/09/22 21:49:34.198, 2, 89617, 97871
2026/09/22 21:49:34.199, 3, 91665, 97871
2026/09/22 21:49:34.399, 0, 89617, 97871
2026/09/22 21:49:34.399, 1, 89617, 97871
2026/09/22 21:49:34.399, 2, 89617, 97871
2026/09/22 21:49:34.399, 3, 91665, 97871
2026/09/22 21:49:34.599, 0, 89617, 97871
2026/09/22 21:49:34.599, 1, 89617, 97871
2026/09/22 21:49:34.599, 2, 89617, 97871
2026/09/22 21:49:34.599, 3, 91665, 97871
2026/09/22 21:49:34.799, 0, 89617, 97871
2026/09/22 21:49:34.799, 1, 89617, 97871
2026/09/22 21:49:34.799, 2, 89617, 97871
2026/09/22 21:49:34.799, 3, 91665, 97871
2026/09/22 21:49:35.000, 0, 89617, 97871
2026/09/22 21:49:35.000, 1, 89617, 97871
2026/09/22 21:49:35.000, 2, 89617, 97871
2026/09/22 21:49:35.000, 3, 91665, 97871
2026/09/22 21:49:35.200, 0, 89617, 97871
2026/09/22 21:49:35.200, 1, 89617, 97871
2026/09/22 21:49:35.200, 2, 89617, 97871
2026/09/22 21:49:35.200, 3, 91665, 97871
2026/09/22 21:49:35.400, 0, 89617, 97871
2026/09/22 21:49:35.400, 1, 89617, 97871
2026/09/22 21:49:35.400, 2, 89617, 97871
2026/09/22 21:49:35.400, 3, 91665, 97871
2026/09/22 21:49:35.600, 0, 89617, 97871
2026/09/22 21:49:35.600, 1, 89617, 97871
2026/09/22 21:49:35.601, 2, 89617, 97871
2026/09/22 21:49:35.601, 3, 91665, 97871
2026/09/22 21:49:35.801, 0, 89617, 97871
2026/09/22 21:49:35.801, 1, 89617, 97871
2026/09/22 21:49:35.801, 2, 89617, 97871
2026/09/22 21:49:35.801, 3, 91665, 97871
2026/09/22 21:49:36.001, 0, 89617, 97871
2026/09/22 21:49:36.001, 1, 89617, 97871
2026/09/22 21:49:36.001, 2, 89617, 97871
2026/09/22 21:49:36.001, 3, 91665, 97871
2026/09/22 21:49:36.201, 0, 89617, 97871
2026/09/22 21:49:36.201, 1, 89617, 97871
2026/09/22 21:49:36.201, 2, 89617, 97871
2026/09/22 21:49:36.201, 3, 91665, 97871
2026/09/22 21:49:36.401, 0, 89617, 97871
2026/09/22 21:49:36.402, 1, 89617, 97871
2026/09/22 21:49:36.402, 2, 89617, 97871
2026/09/22 21:49:36.402, 3, 91665, 97871
2026/09/22 21:49:36.602, 0, 89617, 97871
2026/09/22 21:49:36.602, 1, 89617, 97871
2026/09/22 21:49:36.602, 2, 89617, 97871
2026/09/22 21:49:36.602, 3, 91665, 97871
2026/09/22 21:49:36.802, 0, 89617, 97871
2026/09/22 21:49:36.802, 1, 89617, 97871
2026/09/22 21:49:36.802, 2, 89617, 97871
2026/09/22 21:49:36.802, 3, 91665, 97871
2026/09/22 21:49:37.002, 0, 89617, 97871
2026/09/22 21:49:37.002, 1, 89617, 97871
2026/09/22 21:49:37.003, 2, 89617, 97871
2026/09/22 21:49:37.003, 3, 91665, 97871
2026/09/22 21:49:37.203, 0, 89617, 97871
2026/09/22 21:49:37.203, 1, 89617, 97871
2026/09/22 21:49:37.203, 2, 89617, 97871
2026/09/22 21:49:37.203, 3, 91665, 97871
2026/09/22 21:49:37.403, 0, 89617, 97871
2026/09/22 21:49:37.403, 1, 89617, 97871
2026/09/22 21:49:37.403, 2, 89617, 97871
2026/09/22 21:49:37.403, 3, 91665, 97871
2026/09/22 21:49:37.603, 0, 89617, 97871
2026/09/22 21:49:37.603, 1, 89617, 97871
2026/09/22 21:49:37.603, 2, 89617, 97871
2026/09/22 21:49:37.603, 3, 91665, 97871
2026/09/22 21:49:37.803, 0, 89617, 97871
2026/09/22 21:49:37.804, 1, 89617, 97871
2026/09/22 21:49:37.804, 2, 89617, 97871
2026/09/22 21:49:37.804, 3, 91665, 97871
2026/09/22 21:49:38.004, 0, 89617, 97871
2026/09/22 21:49:38.004, 1, 89617, 97871
2026/09/22 21:49:38.004, 2, 89617, 97871
2026/09/22 21:49:38.004, 3, 91665, 97871
2026/09/22 21:49:38.204, 0, 89617, 97871
2026/09/22 21:49:38.204, 1, 89617, 97871
2026/09/22 21:49:38.204, 2, 89617, 97871
2026/09/22 21:49:38.204, 3, 91665, 97871
2026/09/22 21:49:38.404, 0, 89617, 97871
2026/09/22 21:49:38.404, 1, 89617, 97871
2026/09/22 21:49:38.404, 2, 89617, 97871
2026/09/22 21:49:38.404, 3, 91665, 97871
2026/09/22 21:49:38.604, 0, 89617, 97871
2026/09/22 21:49:38.605, 1, 89617, 97871
2026/09/22 21:49:38.605, 2, 89617, 97871
2026/09/22 21:49:38.605, 3, 91665, 97871
2026/09/22 21:49:38.805, 0, 89617, 97871
2026/09/22 21:49:38.805, 1, 89617, 97871
2026/09/22 21:49:38.805, 2, 89617, 97871
2026/09/22 21:49:38.805, 3, 91665, 97871
2026/09/22 21:49:39.005, 0, 89617, 97871
2026/09/22 21:49:39.005, 1, 89617, 97871
2026/09/22 21:49:39.005, 2, 89617, 97871
2026/09/22 21:49:39.005, 3, 91665, 97871
2026/09/22 21:49:39.205, 0, 89617, 97871
2026/09/22 21:49:39.205, 1, 89617, 97871
2026/09/22 21:49:39.205, 2, 89617, 97871
2026/09/22 21:49:39.205, 3, 91665, 97871
2026/09/22 21:49:39.406, 0, 89617, 97871
2026/09/22 21:49:39.406, 1, 89617, 97871
2026/09/22 21:49:39.406, 2, 89617, 97871
2026/09/22 21:49:39.406, 3, 91665, 97871
2026/09/22 21:49:39.606, 0, 89617, 97871
2026/09/22 21:49:39.606, 1, 89617, 97871
2026/09/22 21:49:39.606, 2, 89617, 97871
2026/09/22 21:49:39.606, 3, 91665, 97871
2026/09/22 21:49:39.806, 0, 89617, 97871
2026/09/22 21:49:39.806, 1, 89617, 97871
2026/09/22 21:49:39.806, 2, 89617, 97871
2026/09/22 21:49:39.806, 3, 91665, 97871
2026/09/22 21:49:40.006, 0, 89617, 97871
2026/09/22 21:49:40.006, 1, 89617, 97871
2026/09/22 21:49:40.006, 2, 89617, 97871
2026/09/22 21:49:40.007, 3, 91665, 97871
2026/09/22 21:49:40.207, 0, 89617, 97871
2026/09/22 21:49:40.207, 1, 89617, 97871
2026/09/22 21:49:40.207, 2, 89617, 97871
2026/09/22 21:49:40.207, 3, 91665, 97871
2026/09/22 21:49:40.407, 0, 89617, 97871
2026/09/22 21:49:40.407, 1, 89617, 97871
2026/09/22 21:49:40.407, 2, 89617, 97871
2026/09/22 21:49:40.407, 3, 91665, 97871
2026/09/22 21:49:40.607, 0, 89617, 97871
2026/09/22 21:49:40.607, 1, 89617, 97871
2026/09/22 21:49:40.607, 2, 89617, 97871
2026/09/22 21:49:40.607, 3, 91665, 97871
2026/09/22 21:49:40.807, 0, 89617, 97871
2026/09/22 21:49:40.807, 1, 89617, 97871
2026/09/22 21:49:40.808, 2, 89617, 97871
2026/09/22 21:49:40.808, 3, 91665, 97871
2026/09/22 21:49:41.008, 0, 89617, 97871
2026/09/22 21:49:41.008, 1, 89617, 97871
2026/09/22 21:49:41.008, 2, 89617, 97871
2026/09/22 21:49:41.008, 3, 91665, 97871
2026/09/22 21:49:41.208, 0, 89617, 97871
2026/09/22 21:49:41.208, 1, 89617, 97871
2026/09/22 21:49:41.208, 2, 89617, 97871
2026/09/22 21:49:41.208, 3, 91665, 97871
2026/09/22 21:49:41.408, 0, 89617, 97871
2026/09/22 21:49:41.408, 1, 89617, 97871
2026/09/22 21:49:41.408, 2, 89617, 97871
2026/09/22 21:49:41.408, 3, 91665, 97871
2026/09/22 21:49:41.608, 0, 89617, 97871
2026/09/22 21:49:41.609, 1, 89617, 97871
2026/09/22 21:49:41.609, 2, 89617, 97871
2026/09/22 21:49:41.609, 3, 91665, 97871
2026/09/22 21:49:41.809, 0, 89617, 97871
2026/09/22 21:49:41.809, 1, 89617, 97871
2026/09/22 21:49:41.809, 2, 89617, 97871
2026/09/22 21:49:41.809, 3, 91665, 97871
2026/09/22 21:49:42.009, 0, 89617, 97871
2026/09/22 21:49:42.009, 1, 89617, 97871
2026/09/22 21:49:42.009, 2, 89617, 97871
2026/09/22 21:49:42.009, 3, 91665, 97871
2026/09/22 21:49:42.209, 0, 89617, 97871
2026/09/22 21:49:42.209, 1, 89617, 97871
2026/09/22 21:49:42.209, 2, 89617, 97871
2026/09/22 21:49:42.209, 3, 91665, 97871
2026/09/22 21:49:42.409, 0, 89617, 97871
2026/09/22 21:49:42.410, 1, 89617, 97871
2026/09/22 21:49:42.410, 2, 89617, 97871
2026/09/22 21:49:42.410, 3, 91665, 97871
2026/09/22 21:49:42.610, 0, 89617, 97871
2026/09/22 21:49:42.610, 1, 89617, 97871
2026/09/22 21:49:42.610, 2, 89617, 97871
2026/09/22 21:49:42.610, 3, 91665, 97871
2026/09/22 21:49:42.810, 0, 89617, 97871
2026/09/22 21:49:42.810, 1, 89617, 97871
2026/09/22 21:49:42.810, 2, 89617, 97871
2026/09/22 21:49:42.810, 3, 91665, 97871
2026/09/22 21:49:43.010, 0, 89617, 97871
2026/09/22 21:49:43.010, 1, 89617, 97871
2026/09/22 21:49:43.010, 2, 89617, 97871
2026/09/22 21:49:43.010, 3, 91665, 97871
2026/09/22 21:49:43.211, 0, 89617, 97871
2026/09/22 21:49:43.211, 1, 89617, 97871
2026/09/22 21:49:43.211, 2, 89617, 97871
2026/09/22 21:49:43.211, 3, 91665, 97871
2026/09/22 21:49:43.411, 0, 89617, 97871
2026/09/22 21:49:43.411, 1, 89617, 97871
2026/09/22 21:49:43.411, 2, 89617, 97871
2026/09/22 21:49:43.411, 3, 91665, 97871
2026/09/22 21:49:43.611, 0, 89617, 97871
2026/09/22 21:49:43.611, 1, 89617, 97871
2026/09/22 21:49:43.611, 2, 89617, 97871
2026/09/22 21:49:43.611, 3, 91665, 97871
2026/09/22 21:49:43.811, 0, 89617, 97871
2026/09/22 21:49:43.811, 1, 89617, 97871
2026/09/22 21:49:43.811, 2, 89617, 97871
2026/09/22 21:49:43.812, 3, 91665, 97871
2026/09/22 21:49:44.012, 0, 89617, 97871
2026/09/22 21:49:44.012, 1, 89617, 97871
2026/09/22 21:49:44.012, 2, 89617, 97871
2026/09/22 21:49:44.012, 3, 91665, 97871
2026/09/22 21:49:44.212, 0, 89617, 97871
2026/09/22 21:49:44.212, 1, 89617, 97871
2026/09/22 21:49:44.212, 2, 89617, 97871
2026/09/22 21:49:44.212, 3, 91665, 97871
2026/09/22 21:49:44.412, 0, 89617, 97871
2026/09/22 21:49:44.412, 1, 89617, 97871
2026/09/22 21:49:44.412, 2, 89617, 97871
2026/09/22 21:49:44.412, 3, 91665, 97871
2026/09/22 21:49:44.612, 0, 89617, 97871
2026/09/22 21:49:44.613, 1, 89617, 97871
2026/09/22 21:49:44.613, 2, 89617, 97871
2026/09/22 21:49:44.613, 3, 91665, 97871
2026/09/22 21:49:44.813, 0, 89617, 97871
2026/09/22 21:49:44.813, 1, 89617, 97871
2026/09/22 21:49:44.813, 2, 89617, 97871
2026/09/22 21:49:44.813, 3, 91665, 97871
2026/09/22 21:49:45.013, 0, 89617, 97871
2026/09/22 21:49:45.013, 1, 89617, 97871
2026/09/22 21:49:45.013, 2, 89617, 97871
2026/09/22 21:49:45.013, 3, 91665, 97871
2026/09/22 21:49:45.213, 0, 89617, 97871
2026/09/22 21:49:45.214, 1, 89617, 97871
2026/09/22 21:49:45.214, 2, 89617, 97871
2026/09/22 21:49:45.214, 3, 91665, 97871
2026/09/22 21:49:45.414, 0, 89617, 97871
2026/09/22 21:49:45.414, 1, 89617, 97871
2026/09/22 21:49:45.414, 2, 89617, 97871
2026/09/22 21:49:45.414, 3, 91665, 97871
2026/09/22 21:49:45.614, 0, 89617, 97871
2026/09/22 21:49:45.614, 1, 89617, 97871
2026/09/22 21:49:45.614, 2, 89617, 97871
2026/09/22 21:49:45.614, 3, 91665, 97871
2026/09/22 21:49:45.814, 0, 89617, 97871
2026/09/22 21:49:45.814, 1, 89617, 97871
2026/09/22 21:49:45.814, 2, 89617, 97871
2026/09/22 21:49:45.814, 3, 91665, 97871
2026/09/22 21:49:46.015, 0, 89617, 97871
2026/09/22 21:49:46.015, 1, 89617, 97871
2026/09/22 21:49:46.015, 2, 89617, 97871
2026/09/22 21:49:46.015, 3, 91665, 97871
2026/09/22 21:49:46.215, 0, 89617, 97871
2026/09/22 21:49:46.215, 1, 89617, 97871
2026/09/22 21:49:46.215, 2, 89617, 97871
2026/09/22 21:49:46.215, 3, 91665, 97871
2026/09/22 21:49:46.415, 0, 89617, 97871
2026/09/22 21:49:46.415, 1, 89617, 97871
2026/09/22 21:49:46.415, 2, 89617, 97871
2026/09/22 21:49:46.415, 3, 91665, 97871
2026/09/22 21:49:46.615, 0, 89617, 97871
2026/09/22 21:49:46.615, 1, 89617, 97871
2026/09/22 21:49:46.615, 2, 89617, 97871
2026/09/22 21:49:46.615, 3, 91665, 97871
2026/09/22 21:49:46.816, 0, 89617, 97871
2026/09/22 21:49:46.816, 1, 89617, 97871
2026/09/22 21:49:46.816, 2, 89617, 97871
2026/09/22 21:49:46.816, 3, 91665, 97871
2026/09/22 21:49:47.016, 0, 89617, 97871
2026/09/22 21:49:47.016, 1, 89617, 97871
2026/09/22 21:49:47.016, 2, 89617, 97871
2026/09/22 21:49:47.016, 3, 91665, 97871
2026/09/22 21:49:47.216, 0, 89617, 97871
2026/09/22 21:49:47.216, 1, 89617, 97871
2026/09/22 21:49:47.216, 2, 89617, 97871
2026/09/22 21:49:47.216, 3, 91665, 97871
2026/09/22 21:49:47.417, 0, 89617, 97871
2026/09/22 21:49:47.417, 1, 89617, 97871
2026/09/22 21:49:47.417, 2, 89617, 97871
2026/09/22 21:49:47.417, 3, 91665, 97871
2026/09/22 21:49:47.617, 0, 89617, 97871
2026/09/22 21:49:47.617, 1, 89617, 97871
2026/09/22 21:49:47.617, 2, 89617, 97871
2026/09/22 21:49:47.617, 3, 91665, 97871
2026/09/22 21:49:47.817, 0, 89617, 97871
2026/09/22 21:49:47.817, 1, 89617, 97871
2026/09/22 21:49:47.817, 2, 89617, 97871
2026/09/22 21:49:47.817, 3, 91665, 97871
2026/09/22 21:49:48.017, 0, 89617, 97871
2026/09/22 21:49:48.017, 1, 89617, 97871
2026/09/22 21:49:48.017, 2, 89617, 97871
2026/09/22 21:49:48.017, 3, 91665, 97871
2026/09/22 21:49:48.218, 0, 89617, 97871
2026/09/22 21:49:48.218, 1, 89617, 97871
2026/09/22 21:49:48.218, 2, 89617, 97871
2026/09/22 21:49:48.218, 3, 91665, 97871
2026/09/22 21:49:48.418, 0, 89617, 97871
2026/09/22 21:49:48.418, 1, 89617, 97871
2026/09/22 21:49:48.418, 2, 89617, 97871
2026/09/22 21:49:48.418, 3, 91665, 97871
2026/09/22 21:49:48.618, 0, 89617, 97871
2026/09/22 21:49:48.618, 1, 89617, 97871
2026/09/22 21:49:48.618, 2, 89617, 97871
2026/09/22 21:49:48.618, 3, 91665, 97871
2026/09/22 21:49:48.818, 0, 89617, 97871
2026/09/22 21:49:48.818, 1, 89617, 97871
2026/09/22 21:49:48.818, 2, 89617, 97871
2026/09/22 21:49:48.818, 3, 91665, 97871
2026/09/22 21:49:49.019, 0, 89617, 97871
2026/09/22 21:49:49.019, 1, 89617, 97871
2026/09/22 21:49:49.019, 2, 89617, 97871
2026/09/22 21:49:49.019, 3, 91665, 97871
2026/09/22 21:49:49.219, 0, 89617, 97871
2026/09/22 21:49:49.219, 1, 89617, 97871
2026/09/22 21:49:49.219, 2, 89617, 97871
2026/09/22 21:49:49.219, 3, 91665, 97871
2026/09/22 21:49:49.419, 0, 89617, 97871
2026/09/22 21:49:49.419, 1, 89617, 97871
2026/09/22 21:49:49.419, 2, 89617, 97871
2026/09/22 21:49:49.419, 3, 91665, 97871
2026/09/22 21:49:49.619, 0, 89617, 97871
2026/09/22 21:49:49.619, 1, 89617, 97871
2026/09/22 21:49:49.620, 2, 89617, 97871
2026/09/22 21:49:49.620, 3, 91665, 97871
2026/09/22 21:49:49.820, 0, 89617, 97871
2026/09/22 21:49:49.820, 1, 89617, 97871
2026/09/22 21:49:49.820, 2, 89617, 97871
2026/09/22 21:49:49.820, 3, 91665, 97871
2026/09/22 21:49:50.020, 0, 89617, 97871
2026/09/22 21:49:50.020, 1, 89617, 97871
2026/09/22 21:49:50.020, 2, 89617, 97871
2026/09/22 21:49:50.020, 3, 91665, 97871
2026/09/22 21:49:50.220, 0, 89617, 97871
2026/09/22 21:49:50.220, 1, 89617, 97871
2026/09/22 21:49:50.220, 2, 89617, 97871
2026/09/22 21:49:50.220, 3, 91665, 97871
2026/09/22 21:49:50.421, 0, 89617, 97871
2026/09/22 21:49:50.421, 1, 89617, 97871
2026/09/22 21:49:50.421, 2, 89617, 97871
2026/09/22 21:49:50.421, 3, 91665, 97871
2026/09/22 21:49:50.621, 0, 89617, 97871
2026/09/22 21:49:50.621, 1, 89617, 97871
2026/09/22 21:49:50.621, 2, 89617, 97871
2026/09/22 21:49:50.621, 3, 91665, 97871
2026/09/22 21:49:50.821, 0, 89617, 97871
2026/09/22 21:49:50.821, 1, 89617, 97871
2026/09/22 21:49:50.821, 2, 89617, 97871
2026/09/22 21:49:50.821, 3, 91665, 97871
2026/09/22 21:49:51.021, 0, 89617, 97871
2026/09/22 21:49:51.021, 1, 89617, 97871
2026/09/22 21:49:51.021, 2, 89617, 97871
2026/09/22 21:49:51.021, 3, 91665, 97871
2026/09/22 21:49:51.222, 0, 89617, 97871
2026/09/22 21:49:51.222, 1, 89617, 97871
2026/09/22 21:49:51.222, 2, 89617, 97871
2026/09/22 21:49:51.222, 3, 91665, 97871
2026/09/22 21:49:51.422, 0, 89617, 97871
2026/09/22 21:49:51.422, 1, 89617, 97871
2026/09/22 21:49:51.422, 2, 89617, 97871
2026/09/22 21:49:51.422, 3, 91665, 97871
2026/09/22 21:49:51.622, 0, 89617, 97871
2026/09/22 21:49:51.622, 1, 89617, 97871
2026/09/22 21:49:51.622, 2, 89617, 97871
2026/09/22 21:49:51.622, 3, 91665, 97871
2026/09/22 21:49:51.822, 0, 89617, 97871
2026/09/22 21:49:51.822, 1, 89617, 97871
2026/09/22 21:49:51.822, 2, 89617, 97871
2026/09/22 21:49:51.822, 3, 91665, 97871
2026/09/22 21:49:52.023, 0, 89617, 97871
2026/09/22 21:49:52.023, 1, 89617, 97871
2026/09/22 21:49:52.023, 2, 89617, 97871
2026/09/22 21:49:52.023, 3, 91665, 97871
2026/09/22 21:49:52.223, 0, 89617, 97871
2026/09/22 21:49:52.223, 1, 89617, 97871
2026/09/22 21:49:52.223, 2, 89617, 97871
2026/09/22 21:49:52.223, 3, 91665, 97871
2026/09/22 21:49:52.423, 0, 89617, 97871
2026/09/22 21:49:52.423, 1, 89617, 97871
2026/09/22 21:49:52.423, 2, 89617, 97871
2026/09/22 21:49:52.423, 3, 91665, 97871
2026/09/22 21:49:52.623, 0, 89617, 97871
2026/09/22 21:49:52.623, 1, 89617, 97871
2026/09/22 21:49:52.623, 2, 89617, 97871
2026/09/22 21:49:52.623, 3, 91665, 97871
2026/09/22 21:49:52.824, 0, 89617, 97871
2026/09/22 21:49:52.824, 1, 89617, 97871
2026/09/22 21:49:52.824, 2, 89617, 97871
2026/09/22 21:49:52.824, 3, 91665, 97871
2026/09/22 21:49:53.024, 0, 89617, 97871
2026/09/22 21:49:53.024, 1, 89617, 97871
2026/09/22 21:49:53.024, 2, 89617, 97871
2026/09/22 21:49:53.024, 3, 91665, 97871
2026/09/22 21:49:53.224, 0, 89617, 97871
2026/09/22 21:49:53.224, 1, 89617, 97871
2026/09/22 21:49:53.224, 2, 89617, 97871
2026/09/22 21:49:53.224, 3, 91665, 97871
2026/09/22 21:49:53.424, 0, 89617, 97871
2026/09/22 21:49:53.424, 1, 89617, 97871
2026/09/22 21:49:53.424, 2, 89617, 97871
2026/09/22 21:49:53.424, 3, 91665, 97871
2026/09/22 21:49:53.625, 0, 89617, 97871
2026/09/22 21:49:53.625, 1, 89617, 97871
2026/09/22 21:49:53.625, 2, 89617, 97871
2026/09/22 21:49:53.625, 3, 91665, 97871
2026/09/22 21:49:53.825, 0, 89617, 97871
2026/09/22 21:49:53.825, 1, 89617, 97871
2026/09/22 21:49:53.825, 2, 89617, 97871
2026/09/22 21:49:53.825, 3, 91665, 97871
2026/09/22 21:49:54.025, 0, 89617, 97871
2026/09/22 21:49:54.025, 1, 89617, 97871
2026/09/22 21:49:54.025, 2, 89617, 97871
2026/09/22 21:49:54.025, 3, 91665, 97871
2026/09/22 21:49:54.225, 0, 89617, 97871
2026/09/22 21:49:54.225, 1, 89617, 97871
2026/09/22 21:49:54.225, 2, 89617, 97871
2026/09/22 21:49:54.225, 3, 91665, 97871
2026/09/22 21:49:54.425, 0, 89617, 97871
2026/09/22 21:49:54.426, 1, 89617, 97871
2026/09/22 21:49:54.426, 2, 89617, 97871
2026/09/22 21:49:54.426, 3, 91665, 97871
2026/09/22 21:49:54.626, 0, 89617, 97871
2026/09/22 21:49:54.626, 1, 89617, 97871
2026/09/22 21:49:54.626, 2, 89617, 97871
2026/09/22 21:49:54.626, 3, 91665, 97871
2026/09/22 21:49:54.826, 0, 89617, 97871
2026/09/22 21:49:54.826, 1, 89617, 97871
2026/09/22 21:49:54.826, 2, 89617, 97871
2026/09/22 21:49:54.826, 3, 91665, 97871
2026/09/22 21:49:55.026, 0, 89617, 97871
2026/09/22 21:49:55.026, 1, 89617, 97871
2026/09/22 21:49:55.026, 2, 89617, 97871
2026/09/22 21:49:55.026, 3, 91665, 97871
2026/09/22 21:49:55.227, 0, 89617, 97871
2026/09/22 21:49:55.227, 1, 89617, 97871
2026/09/22 21:49:55.227, 2, 89617, 97871
2026/09/22 21:49:55.227, 3, 91665, 97871
2026/09/22 21:49:55.427, 0, 89617, 97871
2026/09/22 21:49:55.427, 1, 89617, 97871
2026/09/22 21:49:55.427, 2, 89617, 97871
2026/09/22 21:49:55.427, 3, 91665, 97871
2026/09/22 21:49:55.627, 0, 89617, 97871
2026/09/22 21:49:55.627, 1, 89617, 97871
2026/09/22 21:49:55.627, 2, 89617, 97871
2026/09/22 21:49:55.627, 3, 91665, 97871
2026/09/22 21:49:55.827, 0, 89617, 97871
2026/09/22 21:49:55.827, 1, 89617, 97871
2026/09/22 21:49:55.827, 2, 89617, 97871
2026/09/22 21:49:55.828, 3, 91665, 97871
2026/09/22 21:49:56.028, 0, 89617, 97871
2026/09/22 21:49:56.028, 1, 89617, 97871
2026/09/22 21:49:56.028, 2, 89617, 97871
2026/09/22 21:49:56.028, 3, 91665, 97871
2026/09/22 21:49:56.228, 0, 89617, 97871
2026/09/22 21:49:56.228, 1, 89617, 97871
2026/09/22 21:49:56.228, 2, 89617, 97871
2026/09/22 21:49:56.228, 3, 91665, 97871
2026/09/22 21:49:56.428, 0, 89617, 97871
2026/09/22 21:49:56.428, 1, 89617, 97871
2026/09/22 21:49:56.428, 2, 89617, 97871
2026/09/22 21:49:56.428, 3, 91665, 97871
2026/09/22 21:49:56.628, 0, 89617, 97871
2026/09/22 21:49:56.629, 1, 89617, 97871
2026/09/22 21:49:56.629, 2, 89617, 97871
2026/09/22 21:49:56.629, 3, 91665, 97871
2026/09/22 21:49:56.829, 0, 89617, 97871
2026/09/22 21:49:56.829, 1, 89617, 97871
2026/09/22 21:49:56.829, 2, 89617, 97871
2026/09/22 21:49:56.829, 3, 91665, 97871
2026/09/22 21:49:57.029, 0, 89617, 97871
2026/09/22 21:49:57.029, 1, 89617, 97871
2026/09/22 21:49:57.029, 2, 89617, 97871
2026/09/22 21:49:57.029, 3, 91665, 97871
2026/09/22 21:49:57.229, 0, 89617, 97871
2026/09/22 21:49:57.229, 1, 89617, 97871
2026/09/22 21:49:57.229, 2, 89617, 97871
2026/09/22 21:49:57.229, 3, 91665, 97871
2026/09/22 21:49:57.430, 0, 89617, 97871
2026/09/22 21:49:57.430, 1, 89617, 97871
2026/09/22 21:49:57.430, 2, 89617, 97871
2026/09/22 21:49:57.430, 3, 91665, 97871
2026/09/22 21:49:57.630, 0, 89617, 97871
2026/09/22 21:49:57.630, 1, 89617, 97871
2026/09/22 21:49:57.630, 2, 89617, 97871
2026/09/22 21:49:57.630, 3, 91665, 97871
2026/09/22 21:49:57.830, 0, 89617, 97871
2026/09/22 21:49:57.830, 1, 89617, 97871
2026/09/22 21:49:57.830, 2, 89617, 97871
2026/09/22 21:49:57.830, 3, 91665, 97871
2026/09/22 21:49:58.031, 0, 89617, 97871
2026/09/22 21:49:58.031, 1, 89617, 97871
2026/09/22 21:49:58.031, 2, 89617, 97871
2026/09/22 21:49:58.031, 3, 91665, 97871
2026/09/22 21:49:58.231, 0, 89617, 97871
2026/09/22 21:49:58.231, 1, 89617, 97871
2026/09/22 21:49:58.231, 2, 89617, 97871
2026/09/22 21:49:58.231, 3, 91665, 97871
2026/09/22 21:49:58.431, 0, 89617, 97871
2026/09/22 21:49:58.431, 1, 89617, 97871
2026/09/22 21:49:58.431, 2, 89617, 97871
2026/09/22 21:49:58.431, 3, 91665, 97871
2026/09/22 21:49:58.631, 0, 89617, 97871
2026/09/22 21:49:58.631, 1, 89617, 97871
2026/09/22 21:49:58.631, 2, 89617, 97871
2026/09/22 21:49:58.631, 3, 91665, 97871
2026/09/22 21:49:58.832, 0, 89617, 97871
2026/09/22 21:49:58.832, 1, 89617, 97871
2026/09/22 21:49:58.832, 2, 89617, 97871
2026/09/22 21:49:58.832, 3, 91665, 97871
2026/09/22 21:49:59.032, 0, 89617, 97871
2026/09/22 21:49:59.032, 1, 89617, 97871
2026/09/22 21:49:59.032, 2, 89617, 97871
2026/09/22 21:49:59.032, 3, 91665, 97871
2026/09/22 21:49:59.232, 0, 89617, 97871
2026/09/22 21:49:59.232, 1, 89617, 97871
2026/09/22 21:49:59.232, 2, 89617, 97871
2026/09/22 21:49:59.232, 3, 91665, 97871
2026/09/22 21:49:59.432, 0, 89617, 97871
2026/09/22 21:49:59.432, 1, 89617, 97871
2026/09/22 21:49:59.432, 2, 89617, 97871
2026/09/22 21:49:59.432, 3, 91665, 97871
2026/09/22 21:49:59.633, 0, 89617, 97871
2026/09/22 21:49:59.633, 1, 89617, 97871
2026/09/22 21:49:59.633, 2, 89617, 97871
2026/09/22 21:49:59.633, 3, 91665, 97871
2026/09/22 21:49:59.833, 0, 89617, 97871
2026/09/22 21:49:59.833, 1, 89617, 97871
2026/09/22 21:49:59.833, 2, 89617, 97871
2026/09/22 21:49:59.833, 3, 91665, 97871
2026/09/22 21:50:00.033, 0, 89617, 97871
2026/09/22 21:50:00.033, 1, 89617, 97871
2026/09/22 21:50:00.033, 2, 89617, 97871
2026/09/22 21:50:00.033, 3, 91665, 97871
2026/09/22 21:50:00.233, 0, 89617, 97871
2026/09/22 21:50:00.234, 1, 89617, 97871
2026/09/22 21:50:00.234, 2, 89617, 97871
2026/09/22 21:50:00.234, 3, 91665, 97871
2026/09/22 21:50:00.434, 0, 89617, 97871
2026/09/22 21:50:00.434, 1, 89617, 97871
2026/09/22 21:50:00.434, 2, 89617, 97871
2026/09/22 21:50:00.434, 3, 91665, 97871
2026/09/22 21:50:00.634, 0, 89617, 97871
2026/09/22 21:50:00.634, 1, 89617, 97871
2026/09/22 21:50:00.634, 2, 89617, 97871
2026/09/22 21:50:00.634, 3, 91665, 97871
2026/09/22 21:50:00.834, 0, 89617, 97871
2026/09/22 21:50:00.834, 1, 89617, 97871
2026/09/22 21:50:00.834, 2, 89617, 97871
2026/09/22 21:50:00.834, 3, 91665, 97871
2026/09/22 21:50:01.035, 0, 89617, 97871
2026/09/22 21:50:01.035, 1, 89617, 97871
2026/09/22 21:50:01.035, 2, 89617, 97871
2026/09/22 21:50:01.035, 3, 91665, 97871
2026/09/22 21:50:01.235, 0, 89617, 97871
2026/09/22 21:50:01.235, 1, 89617, 97871
2026/09/22 21:50:01.235, 2, 89617, 97871
2026/09/22 21:50:01.235, 3, 91665, 97871
2026/09/22 21:50:01.435, 0, 89617, 97871
2026/09/22 21:50:01.435, 1, 89617, 97871
2026/09/22 21:50:01.435, 2, 89617, 97871
2026/09/22 21:50:01.435, 3, 91665, 97871
2026/09/22 21:50:01.635, 0, 89617, 97871
2026/09/22 21:50:01.635, 1, 89617, 97871
2026/09/22 21:50:01.635, 2, 89617, 97871
2026/09/22 21:50:01.636, 3, 91665, 97871
2026/09/22 21:50:01.836, 0, 89617, 97871
2026/09/22 21:50:01.836, 1, 89617, 97871
2026/09/22 21:50:01.836, 2, 89617, 97871
2026/09/22 21:50:01.836, 3, 91665, 97871
2026/09/22 21:50:02.036, 0, 89617, 97871
2026/09/22 21:50:02.036, 1, 89617, 97871
2026/09/22 21:50:02.036, 2, 89617, 97871
2026/09/22 21:50:02.036, 3, 91665, 97871
2026/09/22 21:50:02.236, 0, 89617, 97871
2026/09/22 21:50:02.236, 1, 89617, 97871
2026/09/22 21:50:02.236, 2, 89617, 97871
2026/09/22 21:50:02.236, 3, 91665, 97871
2026/09/22 21:50:02.436, 0, 89617, 97871
2026/09/22 21:50:02.437, 1, 89617, 97871
2026/09/22 21:50:02.437, 2, 89617, 97871
2026/09/22 21:50:02.437, 3, 91665, 97871
2026/09/22 21:50:02.637, 0, 89617, 97871
2026/09/22 21:50:02.637, 1, 89617, 97871
2026/09/22 21:50:02.637, 2, 89617, 97871
2026/09/22 21:50:02.637, 3, 91665, 97871
2026/09/22 21:50:02.837, 0, 89617, 97871
2026/09/22 21:50:02.837, 1, 89617, 97871
2026/09/22 21:50:02.837, 2, 89617, 97871
2026/09/22 21:50:02.837, 3, 91665, 97871
2026/09/22 21:50:03.037, 0, 89617, 97871
2026/09/22 21:50:03.037, 1, 89617, 97871
2026/09/22 21:50:03.037, 2, 89617, 97871
2026/09/22 21:50:03.037, 3, 91665, 97871
2026/09/22 21:50:03.237, 0, 89617, 97871
2026/09/22 21:50:03.237, 1, 89617, 97871
2026/09/22 21:50:03.238, 2, 89617, 97871
2026/09/22 21:50:03.238, 3, 91665, 97871
2026/09/22 21:50:03.438, 0, 89617, 97871
2026/09/22 21:50:03.438, 1, 89617, 97871
2026/09/22 21:50:03.438, 2, 89617, 97871
2026/09/22 21:50:03.438, 3, 91665, 97871
2026/09/22 21:50:03.638, 0, 89617, 97871
2026/09/22 21:50:03.638, 1, 89617, 97871
2026/09/22 21:50:03.638, 2, 89617, 97871
2026/09/22 21:50:03.638, 3, 91665, 97871
2026/09/22 21:50:03.838, 0, 89617, 97871
2026/09/22 21:50:03.838, 1, 89617, 97871
2026/09/22 21:50:03.838, 2, 89617, 97871
2026/09/22 21:50:03.838, 3, 91665, 97871
2026/09/22 21:50:04.039, 0, 89617, 97871
2026/09/22 21:50:04.039, 1, 89617, 97871
2026/09/22 21:50:04.039, 2, 89617, 97871
2026/09/22 21:50:04.039, 3, 91665, 97871
2026/09/22 21:50:04.239, 0, 89617, 97871
2026/09/22 21:50:04.239, 1, 89617, 97871
2026/09/22 21:50:04.239, 2, 89617, 97871
2026/09/22 21:50:04.239, 3, 91665, 97871
2026/09/22 21:50:04.439, 0, 89617, 97871
2026/09/22 21:50:04.439, 1, 89617, 97871
2026/09/22 21:50:04.439, 2, 89617, 97871
2026/09/22 21:50:04.439, 3, 91665, 97871
2026/09/22 21:50:04.639, 0, 89617, 97871
2026/09/22 21:50:04.639, 1, 89617, 97871
2026/09/22 21:50:04.639, 2, 89617, 97871
2026/09/22 21:50:04.639, 3, 91665, 97871
2026/09/22 21:50:04.839, 0, 89617, 97871
2026/09/22 21:50:04.840, 1, 89617, 97871
2026/09/22 21:50:04.840, 2, 89617, 97871
2026/09/22 21:50:04.840, 3, 91665, 97871
2026/09/22 21:50:05.040, 0, 89617, 97871
2026/09/22 21:50:05.040, 1, 89617, 97871
2026/09/22 21:50:05.040, 2, 89617, 97871
2026/09/22 21:50:05.040, 3, 91665, 97871
2026/09/22 21:50:05.240, 0, 89617, 97871
2026/09/22 21:50:05.240, 1, 89617, 97871
2026/09/22 21:50:05.240, 2, 89617, 97871
2026/09/22 21:50:05.240, 3, 91665, 97871
2026/09/22 21:50:05.440, 0, 89617, 97871
2026/09/22 21:50:05.440, 1, 89617, 97871
2026/09/22 21:50:05.440, 2, 89617, 97871
2026/09/22 21:50:05.440, 3, 91665, 97871
2026/09/22 21:50:05.641, 0, 89617, 97871
2026/09/22 21:50:05.641, 1, 89617, 97871
2026/09/22 21:50:05.641, 2, 89617, 97871
2026/09/22 21:50:05.641, 3, 91665, 97871
2026/09/22 21:50:05.841, 0, 89617, 97871
2026/09/22 21:50:05.841, 1, 89617, 97871
2026/09/22 21:50:05.841, 2, 89617, 97871
2026/09/22 21:50:05.841, 3, 91665, 97871
2026/09/22 21:50:06.041, 0, 89617, 97871
2026/09/22 21:50:06.041, 1, 89617, 97871
2026/09/22 21:50:06.041, 2, 89617, 97871
2026/09/22 21:50:06.041, 3, 91665, 97871
2026/09/22 21:50:06.241, 0, 89617, 97871
2026/09/22 21:50:06.241, 1, 89617, 97871
2026/09/22 21:50:06.241, 2, 89617, 97871
2026/09/22 21:50:06.241, 3, 91665, 97871
2026/09/22 21:50:06.442, 0, 89617, 97871
2026/09/22 21:50:06.442, 1, 89617, 97871
2026/09/22 21:50:06.442, 2, 89617, 97871
2026/09/22 21:50:06.442, 3, 91665, 97871
2026/09/22 21:50:06.642, 0, 89617, 97871
2026/09/22 21:50:06.642, 1, 89617, 97871
2026/09/22 21:50:06.642, 2, 89617, 97871
2026/09/22 21:50:06.642, 3, 91665, 97871
2026/09/22 21:50:06.842, 0, 89617, 97871
2026/09/22 21:50:06.842, 1, 89617, 97871
2026/09/22 21:50:06.842, 2, 89617, 97871
2026/09/22 21:50:06.842, 3, 91665, 97871
2026/09/22 21:50:07.042, 0, 89617, 97871
2026/09/22 21:50:07.042, 1, 89617, 97871
2026/09/22 21:50:07.042, 2, 89617, 97871
2026/09/22 21:50:07.043, 3, 91665, 97871
2026/09/22 21:50:07.243, 0, 89617, 97871
2026/09/22 21:50:07.243, 1, 89617, 97871
2026/09/22 21:50:07.243, 2, 89617, 97871
2026/09/22 21:50:07.243, 3, 91665, 97871
2026/09/22 21:50:07.443, 0, 89617, 97871
2026/09/22 21:50:07.443, 1, 89617, 97871
2026/09/22 21:50:07.443, 2, 89617, 97871
2026/09/22 21:50:07.443, 3, 91665, 97871
2026/09/22 21:50:07.643, 0, 89617, 97871
2026/09/22 21:50:07.643, 1, 89617, 97871
2026/09/22 21:50:07.643, 2, 89617, 97871
2026/09/22 21:50:07.643, 3, 91665, 97871
2026/09/22 21:50:07.843, 0, 89617, 97871
2026/09/22 21:50:07.843, 1, 89617, 97871
2026/09/22 21:50:07.843, 2, 89617, 97871
2026/09/22 21:50:07.843, 3, 91665, 97871
2026/09/22 21:50:08.044, 0, 89617, 97871
2026/09/22 21:50:08.044, 1, 89617, 97871
2026/09/22 21:50:08.044, 2, 89617, 97871
2026/09/22 21:50:08.044, 3, 91665, 97871
2026/09/22 21:50:08.244, 0, 89617, 97871
2026/09/22 21:50:08.244, 1, 89617, 97871
2026/09/22 21:50:08.244, 2, 89617, 97871
2026/09/22 21:50:08.244, 3, 91665, 97871
2026/09/22 21:50:08.444, 0, 89617, 97871
2026/09/22 21:50:08.444, 1, 89617, 97871
2026/09/22 21:50:08.444, 2, 89617, 97871
2026/09/22 21:50:08.444, 3, 91665, 97871
2026/09/22 21:50:08.644, 0, 89617, 97871
2026/09/22 21:50:08.645, 1, 89617, 97871
2026/09/22 21:50:08.645, 2, 89617, 97871
2026/09/22 21:50:08.645, 3, 91665, 97871
2026/09/22 21:50:08.845, 0, 89617, 97871
2026/09/22 21:50:08.845, 1, 89617, 97871
2026/09/22 21:50:08.845, 2, 89617, 97871
2026/09/22 21:50:08.845, 3, 91665, 97871
2026/09/22 21:50:09.045, 0, 89617, 97871
2026/09/22 21:50:09.045, 1, 89617, 97871
2026/09/22 21:50:09.045, 2, 89617, 97871
2026/09/22 21:50:09.045, 3, 91665, 97871
2026/09/22 21:50:09.245, 0, 89617, 97871
2026/09/22 21:50:09.245, 1, 89617, 97871
2026/09/22 21:50:09.245, 2, 89617, 97871
2026/09/22 21:50:09.245, 3, 91665, 97871
2026/09/22 21:50:09.445, 0, 89617, 97871
2026/09/22 21:50:09.445, 1, 89617, 97871
2026/09/22 21:50:09.445, 2, 89617, 97871
2026/09/22 21:50:09.446, 3, 91665, 97871
2026/09/22 21:50:09.646, 0, 89617, 97871
2026/09/22 21:50:09.646, 1, 89617, 97871
2026/09/22 21:50:09.646, 2, 89617, 97871
2026/09/22 21:50:09.646, 3, 91665, 97871
2026/09/22 21:50:09.846, 0, 89617, 97871
2026/09/22 21:50:09.846, 1, 89617, 97871
2026/09/22 21:50:09.846, 2, 89617, 97871
2026/09/22 21:50:09.846, 3, 91665, 97871
2026/09/22 21:50:10.046, 0, 89617, 97871
2026/09/22 21:50:10.046, 1, 89617, 97871
2026/09/22 21:50:10.046, 2, 89617, 97871
2026/09/22 21:50:10.046, 3, 91665, 97871
2026/09/22 21:50:10.247, 0, 89617, 97871
2026/09/22 21:50:10.247, 1, 89617, 97871
2026/09/22 21:50:10.247, 2, 89617, 97871
2026/09/22 21:50:10.247, 3, 91665, 97871
2026/09/22 21:50:10.447, 0, 89617, 97871
2026/09/22 21:50:10.447, 1, 89617, 97871
2026/09/22 21:50:10.447, 2, 89617, 97871
2026/09/22 21:50:10.447, 3, 91665, 97871
2026/09/22 21:50:10.647, 0, 89617, 97871
2026/09/22 21:50:10.647, 1, 89617, 97871
2026/09/22 21:50:10.647, 2, 89617, 97871
2026/09/22 21:50:10.648, 3, 91665, 97871
2026/09/22 21:50:10.848, 0, 89617, 97871
2026/09/22 21:50:10.848, 1, 89617, 97871
2026/09/22 21:50:10.848, 2, 89617, 97871
2026/09/22 21:50:10.848, 3, 91665, 97871
2026/09/22 21:50:11.048, 0, 89617, 97871
2026/09/22 21:50:11.048, 1, 89617, 97871
2026/09/22 21:50:11.048, 2, 89617, 97871
2026/09/22 21:50:11.048, 3, 91665, 97871
2026/09/22 21:50:11.248, 0, 89617, 97871
2026/09/22 21:50:11.248, 1, 89617, 97871
2026/09/22 21:50:11.248, 2, 89617, 97871
2026/09/22 21:50:11.248, 3, 91665, 97871
2026/09/22 21:50:11.449, 0, 89617, 97871
2026/09/22 21:50:11.449, 1, 89617, 97871
2026/09/22 21:50:11.449, 2, 89617, 97871
2026/09/22 21:50:11.449, 3, 91665, 97871
2026/09/22 21:50:11.649, 0, 89617, 97871
2026/09/22 21:50:11.649, 1, 89617, 97871
2026/09/22 21:50:11.649, 2, 89617, 97871
2026/09/22 21:50:11.649, 3, 91665, 97871
2026/09/22 21:50:11.849, 0, 89617, 97871
2026/09/22 21:50:11.849, 1, 89617, 97871
2026/09/22 21:50:11.849, 2, 89617, 97871
2026/09/22 21:50:11.849, 3, 91665, 97871
2026/09/22 21:50:12.049, 0, 89617, 97871
2026/09/22 21:50:12.050, 1, 89617, 97871
2026/09/22 21:50:12.050, 2, 89617, 97871
2026/09/22 21:50:12.050, 3, 91665, 97871
2026/09/22 21:50:12.250, 0, 89617, 97871
2026/09/22 21:50:12.250, 1, 89617, 97871
2026/09/22 21:50:12.250, 2, 89617, 97871
2026/09/22 21:50:12.250, 3, 91665, 97871
2026/09/22 21:50:12.450, 0, 89617, 97871
2026/09/22 21:50:12.450, 1, 89617, 97871
2026/09/22 21:50:12.450, 2, 89617, 97871
2026/09/22 21:50:12.450, 3, 91665, 97871
2026/09/22 21:50:12.650, 0, 89617, 97871
2026/09/22 21:50:12.650, 1, 89617, 97871
2026/09/22 21:50:12.650, 2, 89617, 97871
2026/09/22 21:50:12.650, 3, 91665, 97871
2026/09/22 21:50:12.850, 0, 89617, 97871
2026/09/22 21:50:12.851, 1, 89617, 97871
2026/09/22 21:50:12.851, 2, 89617, 97871
2026/09/22 21:50:12.851, 3, 91665, 97871
2026/09/22 21:50:13.051, 0, 89617, 97871
2026/09/22 21:50:13.051, 1, 89617, 97871
2026/09/22 21:50:13.051, 2, 89617, 97871
2026/09/22 21:50:13.051, 3, 91665, 97871
2026/09/22 21:50:13.251, 0, 89617, 97871
2026/09/22 21:50:13.251, 1, 89617, 97871
2026/09/22 21:50:13.251, 2, 89617, 97871
2026/09/22 21:50:13.251, 3, 91665, 97871
2026/09/22 21:50:13.451, 0, 89617, 97871
2026/09/22 21:50:13.451, 1, 89617, 97871
2026/09/22 21:50:13.451, 2, 89617, 97871
2026/09/22 21:50:13.451, 3, 91665, 97871
2026/09/22 21:50:13.651, 0, 89617, 97871
2026/09/22 21:50:13.652, 1, 89617, 97871
2026/09/22 21:50:13.652, 2, 89617, 97871
2026/09/22 21:50:13.652, 3, 91665, 97871
2026/09/22 21:50:13.852, 0, 89617, 97871
2026/09/22 21:50:13.852, 1, 89617, 97871
2026/09/22 21:50:13.852, 2, 89617, 97871
2026/09/22 21:50:13.852, 3, 91665, 97871
2026/09/22 21:50:14.052, 0, 89617, 97871
2026/09/22 21:50:14.052, 1, 89617, 97871
2026/09/22 21:50:14.052, 2, 89617, 97871
2026/09/22 21:50:14.052, 3, 91665, 97871
2026/09/22 21:50:14.252, 0, 89617, 97871
2026/09/22 21:50:14.253, 1, 89617, 97871
2026/09/22 21:50:14.253, 2, 89617, 97871
2026/09/22 21:50:14.253, 3, 91665, 97871
2026/09/22 21:50:14.453, 0, 89617, 97871
2026/09/22 21:50:14.453, 1, 89617, 97871
2026/09/22 21:50:14.453, 2, 89617, 97871
2026/09/22 21:50:14.453, 3, 91665, 97871
2026/09/22 21:50:14.653, 0, 89617, 97871
2026/09/22 21:50:14.653, 1, 89617, 97871
2026/09/22 21:50:14.653, 2, 89617, 97871
2026/09/22 21:50:14.653, 3, 91665, 97871
2026/09/22 21:50:14.853, 0, 89617, 97871
2026/09/22 21:50:14.853, 1, 89617, 97871
2026/09/22 21:50:14.853, 2, 89617, 97871
2026/09/22 21:50:14.854, 3, 91665, 97871
2026/09/22 21:50:15.054, 0, 89617, 97871
2026/09/22 21:50:15.054, 1, 89617, 97871
2026/09/22 21:50:15.054, 2, 89617, 97871
2026/09/22 21:50:15.054, 3, 91665, 97871
2026/09/22 21:50:15.254, 0, 89617, 97871
2026/09/22 21:50:15.254, 1, 89617, 97871
2026/09/22 21:50:15.254, 2, 89617, 97871
2026/09/22 21:50:15.254, 3, 91665, 97871
2026/09/22 21:50:15.454, 0, 89617, 97871
2026/09/22 21:50:15.454, 1, 89617, 97871
2026/09/22 21:50:15.454, 2, 89617, 97871
2026/09/22 21:50:15.454, 3, 91665, 97871
2026/09/22 21:50:15.654, 0, 89617, 97871
2026/09/22 21:50:15.654, 1, 89617, 97871
2026/09/22 21:50:15.654, 2, 89617, 97871
2026/09/22 21:50:15.655, 3, 91665, 97871
2026/09/22 21:50:15.855, 0, 89617, 97871
2026/09/22 21:50:15.855, 1, 89617, 97871
2026/09/22 21:50:15.855, 2, 89617, 97871
2026/09/22 21:50:15.855, 3, 91665, 97871
2026/09/22 21:50:16.055, 0, 89617, 97871
2026/09/22 21:50:16.055, 1, 89617, 97871
2026/09/22 21:50:16.055, 2, 89617, 97871
2026/09/22 21:50:16.055, 3, 91665, 97871
2026/09/22 21:50:16.255, 0, 89617, 97871
2026/09/22 21:50:16.255, 1, 89617, 97871
2026/09/22 21:50:16.255, 2, 89617, 97871
2026/09/22 21:50:16.255, 3, 91665, 97871
2026/09/22 21:50:16.455, 0, 89617, 97871
2026/09/22 21:50:16.455, 1, 89617, 97871
2026/09/22 21:50:16.456, 2, 89617, 97871
2026/09/22 21:50:16.456, 3, 91665, 97871
2026/09/22 21:50:16.656, 0, 89617, 97871
2026/09/22 21:50:16.656, 1, 89617, 97871
2026/09/22 21:50:16.656, 2, 89617, 97871
2026/09/22 21:50:16.656, 3, 91665, 97871
2026/09/22 21:50:16.856, 0, 89617, 97871
2026/09/22 21:50:16.856, 1, 89617, 97871
2026/09/22 21:50:16.856, 2, 89617, 97871
2026/09/22 21:50:16.856, 3, 91665, 97871
2026/09/22 21:50:17.056, 0, 89617, 97871
2026/09/22 21:50:17.056, 1, 89617, 97871
2026/09/22 21:50:17.056, 2, 89617, 97871
2026/09/22 21:50:17.056, 3, 91665, 97871
2026/09/22 21:50:17.256, 0, 89617, 97871
2026/09/22 21:50:17.257, 1, 89617, 97871
2026/09/22 21:50:17.257, 2, 89617, 97871
2026/09/22 21:50:17.257, 3, 91665, 97871
2026/09/22 21:50:17.457, 0, 89617, 97871
2026/09/22 21:50:17.457, 1, 89617, 97871
2026/09/22 21:50:17.457, 2, 89617, 97871
2026/09/22 21:50:17.457, 3, 91665, 97871
2026/09/22 21:50:17.657, 0, 89617, 97871
2026/09/22 21:50:17.657, 1, 89617, 97871
2026/09/22 21:50:17.657, 2, 89617, 97871
2026/09/22 21:50:17.657, 3, 91665, 97871
2026/09/22 21:50:17.857, 0, 89617, 97871
2026/09/22 21:50:17.857, 1, 89617, 97871
2026/09/22 21:50:17.857, 2, 89617, 97871
2026/09/22 21:50:17.857, 3, 91665, 97871
2026/09/22 21:50:18.058, 0, 89617, 97871
2026/09/22 21:50:18.058, 1, 89617, 97871
2026/09/22 21:50:18.058, 2, 89617, 97871
2026/09/22 21:50:18.058, 3, 91665, 97871
2026/09/22 21:50:18.258, 0, 89617, 97871
2026/09/22 21:50:18.258, 1, 89617, 97871
2026/09/22 21:50:18.258, 2, 89617, 97871
2026/09/22 21:50:18.258, 3, 91665, 97871
2026/09/22 21:50:18.458, 0, 89617, 97871
2026/09/22 21:50:18.458, 1, 89617, 97871
2026/09/22 21:50:18.458, 2, 89617, 97871
2026/09/22 21:50:18.458, 3, 91665, 97871
2026/09/22 21:50:18.658, 0, 89617, 97871
2026/09/22 21:50:18.658, 1, 89617, 97871
2026/09/22 21:50:18.658, 2, 89617, 97871
2026/09/22 21:50:18.658, 3, 91665, 97871
2026/09/22 21:50:18.859, 0, 89617, 97871
2026/09/22 21:50:18.859, 1, 89617, 97871
2026/09/22 21:50:18.859, 2, 89617, 97871
2026/09/22 21:50:18.859, 3, 91665, 97871
2026/09/22 21:50:19.059, 0, 89617, 97871
2026/09/22 21:50:19.059, 1, 89617, 97871
2026/09/22 21:50:19.059, 2, 89617, 97871
2026/09/22 21:50:19.059, 3, 91665, 97871
2026/09/22 21:50:19.259, 0, 89617, 97871
2026/09/22 21:50:19.259, 1, 89617, 97871
2026/09/22 21:50:19.259, 2, 89617, 97871
2026/09/22 21:50:19.259, 3, 91665, 97871
2026/09/22 21:50:19.459, 0, 89617, 97871
2026/09/22 21:50:19.459, 1, 89617, 97871
2026/09/22 21:50:19.460, 2, 89617, 97871
2026/09/22 21:50:19.460, 3, 91665, 97871
2026/09/22 21:50:19.660, 0, 89617, 97871
2026/09/22 21:50:19.660, 1, 89617, 97871
2026/09/22 21:50:19.660, 2, 89617, 97871
2026/09/22 21:50:19.660, 3, 91665, 97871
2026/09/22 21:50:19.860, 0, 89617, 97871
2026/09/22 21:50:19.860, 1, 89617, 97871
2026/09/22 21:50:19.860, 2, 89617, 97871
2026/09/22 21:50:19.860, 3, 91665, 97871
2026/09/22 21:50:20.060, 0, 89617, 97871
2026/09/22 21:50:20.060, 1, 89617, 97871
2026/09/22 21:50:20.061, 2, 89617, 97871
2026/09/22 21:50:20.061, 3, 91665, 97871
2026/09/22 21:50:20.261, 0, 89617, 97871
2026/09/22 21:50:20.261, 1, 89617, 97871
2026/09/22 21:50:20.261, 2, 89617, 97871
2026/09/22 21:50:20.261, 3, 91665, 97871
2026/09/22 21:50:20.461, 0, 89617, 97871
2026/09/22 21:50:20.461, 1, 89617, 97871
2026/09/22 21:50:20.461, 2, 89617, 97871
2026/09/22 21:50:20.461, 3, 91665, 97871
2026/09/22 21:50:20.661, 0, 89617, 97871
2026/09/22 21:50:20.661, 1, 89617, 97871
2026/09/22 21:50:20.661, 2, 89617, 97871
2026/09/22 21:50:20.661, 3, 91665, 97871
2026/09/22 21:50:20.861, 0, 89617, 97871
2026/09/22 21:50:20.861, 1, 89617, 97871
2026/09/22 21:50:20.862, 2, 89617, 97871
2026/09/22 21:50:20.862, 3, 91665, 97871
2026/09/22 21:50:21.062, 0, 89617, 97871
2026/09/22 21:50:21.062, 1, 89617, 97871
2026/09/22 21:50:21.062, 2, 89617, 97871
2026/09/22 21:50:21.062, 3, 91665, 97871
2026/09/22 21:50:21.262, 0, 89617, 97871
2026/09/22 21:50:21.262, 1, 89617, 97871
2026/09/22 21:50:21.262, 2, 89617, 97871
2026/09/22 21:50:21.262, 3, 91665, 97871
2026/09/22 21:50:21.462, 0, 89617, 97871
2026/09/22 21:50:21.462, 1, 89617, 97871
2026/09/22 21:50:21.462, 2, 89617, 97871
2026/09/22 21:50:21.462, 3, 91665, 97871
2026/09/22 21:50:21.663, 0, 89617, 97871
2026/09/22 21:50:21.663, 1, 89617, 97871
2026/09/22 21:50:21.663, 2, 89617, 97871
2026/09/22 21:50:21.663, 3, 91665, 97871
2026/09/22 21:50:21.863, 0, 89617, 97871
2026/09/22 21:50:21.863, 1, 89617, 97871
2026/09/22 21:50:21.863, 2, 89617, 97871
2026/09/22 21:50:21.863, 3, 91665, 97871
2026/09/22 21:50:22.063, 0, 89617, 97871
2026/09/22 21:50:22.063, 1, 89617, 97871
2026/09/22 21:50:22.063, 2, 89617, 97871
2026/09/22 21:50:22.063, 3, 91665, 97871
2026/09/22 21:50:22.263, 0, 89617, 97871
2026/09/22 21:50:22.264, 1, 89617, 97871
2026/09/22 21:50:22.264, 2, 89617, 97871
2026/09/22 21:50:22.264, 3, 91665, 97871
2026/09/22 21:50:22.464, 0, 89617, 97871
2026/09/22 21:50:22.464, 1, 89617, 97871
2026/09/22 21:50:22.464, 2, 89617, 97871
2026/09/22 21:50:22.464, 3, 91665, 97871
2026/09/22 21:50:22.664, 0, 89617, 97871
2026/09/22 21:50:22.664, 1, 89617, 97871
2026/09/22 21:50:22.664, 2, 89617, 97871
2026/09/22 21:50:22.664, 3, 91665, 97871
2026/09/22 21:50:22.864, 0, 89617, 97871
2026/09/22 21:50:22.864, 1, 89617, 97871
2026/09/22 21:50:22.864, 2, 89617, 97871
2026/09/22 21:50:22.864, 3, 91665, 97871
2026/09/22 21:50:23.065, 0, 89617, 97871
2026/09/22 21:50:23.065, 1, 89617, 97871
2026/09/22 21:50:23.065, 2, 89617, 97871
2026/09/22 21:50:23.065, 3, 91665, 97871
2026/09/22 21:50:23.265, 0, 89617, 97871
2026/09/22 21:50:23.265, 1, 89617, 97871
2026/09/22 21:50:23.265, 2, 89617, 97871
2026/09/22 21:50:23.265, 3, 91665, 97871
2026/09/22 21:50:23.465, 0, 89617, 97871
2026/09/22 21:50:23.465, 1, 89617, 97871
2026/09/22 21:50:23.465, 2, 89617, 97871
2026/09/22 21:50:23.465, 3, 91665, 97871
2026/09/22 21:50:23.666, 0, 89617, 97871
2026/09/22 21:50:23.666, 1, 89617, 97871
2026/09/22 21:50:23.666, 2, 89617, 97871
2026/09/22 21:50:23.666, 3, 91665, 97871
2026/09/22 21:50:23.866, 0, 89617, 97871
2026/09/22 21:50:23.866, 1, 89617, 97871
2026/09/22 21:50:23.866, 2, 89617, 97871
2026/09/22 21:50:23.866, 3, 91665, 97871
2026/09/22 21:50:24.066, 0, 89617, 97871
2026/09/22 21:50:24.066, 1, 89617, 97871
2026/09/22 21:50:24.066, 2, 89617, 97871
2026/09/22 21:50:24.066, 3, 91665, 97871
2026/09/22 21:50:24.266, 0, 89617, 97871
2026/09/22 21:50:24.267, 1, 89617, 97871
2026/09/22 21:50:24.267, 2, 89617, 97871
2026/09/22 21:50:24.267, 3, 91665, 97871
2026/09/22 21:50:24.467, 0, 89617, 97871
2026/09/22 21:50:24.467, 1, 89617, 97871
2026/09/22 21:50:24.467, 2, 89617, 97871
2026/09/22 21:50:24.467, 3, 91665, 97871
2026/09/22 21:50:24.667, 0, 89617, 97871
2026/09/22 21:50:24.667, 1, 89617, 97871
2026/09/22 21:50:24.667, 2, 89617, 97871
2026/09/22 21:50:24.667, 3, 91665, 97871
2026/09/22 21:50:24.867, 0, 89617, 97871
2026/09/22 21:50:24.867, 1, 89617, 97871
2026/09/22 21:50:24.867, 2, 89617, 97871
2026/09/22 21:50:24.867, 3, 91665, 97871
2026/09/22 21:50:25.068, 0, 89617, 97871
2026/09/22 21:50:25.068, 1, 89617, 97871
2026/09/22 21:50:25.068, 2, 89617, 97871
2026/09/22 21:50:25.068, 3, 91665, 97871
2026/09/22 21:50:25.268, 0, 89617, 97871
2026/09/22 21:50:25.268, 1, 89617, 97871
2026/09/22 21:50:25.268, 2, 89617, 97871
2026/09/22 21:50:25.268, 3, 91665, 97871
2026/09/22 21:50:25.468, 0, 89617, 97871
2026/09/22 21:50:25.468, 1, 89617, 97871
2026/09/22 21:50:25.468, 2, 89617, 97871
2026/09/22 21:50:25.468, 3, 91665, 97871
2026/09/22 21:50:25.669, 0, 89617, 97871
2026/09/22 21:50:25.669, 1, 89617, 97871
2026/09/22 21:50:25.669, 2, 89617, 97871
2026/09/22 21:50:25.669, 3, 91665, 97871
2026/09/22 21:50:25.869, 0, 89617, 97871
2026/09/22 21:50:25.869, 1, 89617, 97871
2026/09/22 21:50:25.869, 2, 89617, 97871
2026/09/22 21:50:25.869, 3, 91665, 97871
2026/09/22 21:50:26.069, 0, 89617, 97871
2026/09/22 21:50:26.069, 1, 89617, 97871
2026/09/22 21:50:26.069, 2, 89617, 97871
2026/09/22 21:50:26.069, 3, 91665, 97871
2026/09/22 21:50:26.269, 0, 89617, 97871
2026/09/22 21:50:26.269, 1, 89617, 97871
2026/09/22 21:50:26.270, 2, 89617, 97871
2026/09/22 21:50:26.270, 3, 91665, 97871
2026/09/22 21:50:26.470, 0, 89617, 97871
2026/09/22 21:50:26.470, 1, 89617, 97871
2026/09/22 21:50:26.470, 2, 89617, 97871
2026/09/22 21:50:26.470, 3, 91665, 97871
2026/09/22 21:50:26.670, 0, 89617, 97871
2026/09/22 21:50:26.670, 1, 89617, 97871
2026/09/22 21:50:26.670, 2, 89617, 97871
2026/09/22 21:50:26.670, 3, 91665, 97871
2026/09/22 21:50:26.870, 0, 89617, 97871
2026/09/22 21:50:26.870, 1, 89617, 97871
2026/09/22 21:50:26.870, 2, 89617, 97871
2026/09/22 21:50:26.870, 3, 91665, 97871
2026/09/22 21:50:27.070, 0, 89617, 97871
2026/09/22 21:50:27.071, 1, 89617, 97871
2026/09/22 21:50:27.071, 2, 89617, 97871
2026/09/22 21:50:27.071, 3, 91665, 97871
2026/09/22 21:50:27.271, 0, 89617, 97871
2026/09/22 21:50:27.271, 1, 89617, 97871
2026/09/22 21:50:27.271, 2, 89617, 97871
2026/09/22 21:50:27.271, 3, 91665, 97871
2026/09/22 21:50:27.471, 0, 89617, 97871
2026/09/22 21:50:27.471, 1, 89617, 97871
2026/09/22 21:50:27.471, 2, 89617, 97871
2026/09/22 21:50:27.471, 3, 91665, 97871
2026/09/22 21:50:27.671, 0, 89617, 97871
2026/09/22 21:50:27.671, 1, 89617, 97871
2026/09/22 21:50:27.671, 2, 89617, 97871
2026/09/22 21:50:27.671, 3, 91665, 97871
2026/09/22 21:50:27.872, 0, 89617, 97871
2026/09/22 21:50:27.872, 1, 89617, 97871
2026/09/22 21:50:27.872, 2, 89617, 97871
2026/09/22 21:50:27.872, 3, 91665, 97871
2026/09/22 21:50:28.072, 0, 89617, 97871
2026/09/22 21:50:28.072, 1, 89617, 97871
2026/09/22 21:50:28.072, 2, 89617, 97871
2026/09/22 21:50:28.072, 3, 91665, 97871
2026/09/22 21:50:28.272, 0, 89617, 97871
2026/09/22 21:50:28.272, 1, 89617, 97871
2026/09/22 21:50:28.272, 2, 89617, 97871
2026/09/22 21:50:28.272, 3, 91665, 97871
2026/09/22 21:50:28.472, 0, 89617, 97871
2026/09/22 21:50:28.472, 1, 89617, 97871
2026/09/22 21:50:28.472, 2, 89617, 97871
2026/09/22 21:50:28.473, 3, 91665, 97871
2026/09/22 21:50:28.673, 0, 89617, 97871
2026/09/22 21:50:28.673, 1, 89617, 97871
2026/09/22 21:50:28.673, 2, 89617, 97871
2026/09/22 21:50:28.673, 3, 91665, 97871
2026/09/22 21:50:28.873, 0, 89617, 97871
2026/09/22 21:50:28.873, 1, 89617, 97871
2026/09/22 21:50:28.873, 2, 89617, 97871
2026/09/22 21:50:28.873, 3, 91665, 97871
2026/09/22 21:50:29.073, 0, 89617, 97871
2026/09/22 21:50:29.073, 1, 89617, 97871
2026/09/22 21:50:29.073, 2, 89617, 97871
2026/09/22 21:50:29.073, 3, 91665, 97871
2026/09/22 21:50:29.274, 0, 89617, 97871
2026/09/22 21:50:29.274, 1, 89617, 97871
2026/09/22 21:50:29.274, 2, 89617, 97871
2026/09/22 21:50:29.274, 3, 91665, 97871
2026/09/22 21:50:29.474, 0, 89617, 97871
2026/09/22 21:50:29.474, 1, 89617, 97871
2026/09/22 21:50:29.474, 2, 89617, 97871
2026/09/22 21:50:29.474, 3, 91665, 97871
2026/09/22 21:50:29.674, 0, 89617, 97871
2026/09/22 21:50:29.674, 1, 89617, 97871
2026/09/22 21:50:29.674, 2, 89617, 97871
2026/09/22 21:50:29.674, 3, 91665, 97871
2026/09/22 21:50:29.874, 0, 89617, 97871
2026/09/22 21:50:29.875, 1, 89617, 97871
2026/09/22 21:50:29.875, 2, 89617, 97871
2026/09/22 21:50:29.875, 3, 91665, 97871
2026/09/22 21:50:30.075, 0, 89617, 97871
2026/09/22 21:50:30.075, 1, 89617, 97871
2026/09/22 21:50:30.075, 2, 89617, 97871
2026/09/22 21:50:30.075, 3, 91665, 97871
2026/09/22 21:50:30.275, 0, 89617, 97871
2026/09/22 21:50:30.275, 1, 89617, 97871
2026/09/22 21:50:30.275, 2, 89617, 97871
2026/09/22 21:50:30.275, 3, 91665, 97871
2026/09/22 21:50:30.475, 0, 89617, 97871
2026/09/22 21:50:30.475, 1, 89617, 97871
2026/09/22 21:50:30.475, 2, 89617, 97871
2026/09/22 21:50:30.475, 3, 91665, 97871
2026/09/22 21:50:30.675, 0, 89617, 97871
2026/09/22 21:50:30.676, 1, 89617, 97871
2026/09/22 21:50:30.676, 2, 89617, 97871
2026/09/22 21:50:30.676, 3, 91665, 97871
2026/09/22 21:50:30.876, 0, 89617, 97871
2026/09/22 21:50:30.876, 1, 89617, 97871
2026/09/22 21:50:30.876, 2, 89617, 97871
2026/09/22 21:50:30.876, 3, 91665, 97871
2026/09/22 21:50:31.076, 0, 89617, 97871
2026/09/22 21:50:31.076, 1, 89617, 97871
2026/09/22 21:50:31.076, 2, 89617, 97871
2026/09/22 21:50:31.076, 3, 91665, 97871
2026/09/22 21:50:31.276, 0, 89617, 97871
2026/09/22 21:50:31.276, 1, 89617, 97871
2026/09/22 21:50:31.276, 2, 89617, 97871
2026/09/22 21:50:31.276, 3, 91665, 97871
2026/09/22 21:50:31.477, 0, 89617, 97871
2026/09/22 21:50:31.477, 1, 89617, 97871
2026/09/22 21:50:31.477, 2, 89617, 97871
2026/09/22 21:50:31.477, 3, 91665, 97871
2026/09/22 21:50:31.677, 0, 89617, 97871
2026/09/22 21:50:31.677, 1, 89617, 97871
2026/09/22 21:50:31.677, 2, 89617, 97871
2026/09/22 21:50:31.677, 3, 91665, 97871
2026/09/22 21:50:31.877, 0, 89617, 97871
2026/09/22 21:50:31.877, 1, 89617, 97871
2026/09/22 21:50:31.877, 2, 89617, 97871
2026/09/22 21:50:31.877, 3, 91665, 97871
2026/09/22 21:50:32.077, 0, 89617, 97871
2026/09/22 21:50:32.077, 1, 89617, 97871
2026/09/22 21:50:32.077, 2, 89617, 97871
2026/09/22 21:50:32.078, 3, 91665, 97871
2026/09/22 21:50:32.278, 0, 89617, 97871
2026/09/22 21:50:32.278, 1, 89617, 97871
2026/09/22 21:50:32.278, 2, 89617, 97871
2026/09/22 21:50:32.278, 3, 91665, 97871
2026/09/22 21:50:32.478, 0, 89617, 97871
2026/09/22 21:50:32.478, 1, 89617, 97871
2026/09/22 21:50:32.478, 2, 89617, 97871
2026/09/22 21:50:32.478, 3, 91665, 97871
2026/09/22 21:50:32.678, 0, 89617, 97871
2026/09/22 21:50:32.678, 1, 89617, 97871
2026/09/22 21:50:32.678, 2, 89617, 97871
2026/09/22 21:50:32.678, 3, 91665, 97871
2026/09/22 21:50:32.878, 0, 89617, 97871
2026/09/22 21:50:32.879, 1, 89617, 97871
2026/09/22 21:50:32.879, 2, 89617, 97871
2026/09/22 21:50:32.879, 3, 91665, 97871
2026/09/22 21:50:33.079, 0, 89617, 97871
2026/09/22 21:50:33.079, 1, 89617, 97871
2026/09/22 21:50:33.079, 2, 89617, 97871
2026/09/22 21:50:33.079, 3, 91665, 97871
2026/09/22 21:50:33.279, 0, 89617, 97871
2026/09/22 21:50:33.279, 1, 89617, 97871
2026/09/22 21:50:33.279, 2, 89617, 97871
2026/09/22 21:50:33.279, 3, 91665, 97871
2026/09/22 21:50:33.479, 0, 89617, 97871
2026/09/22 21:50:33.479, 1, 89617, 97871
2026/09/22 21:50:33.479, 2, 89617, 97871
2026/09/22 21:50:33.479, 3, 91665, 97871
2026/09/22 21:50:33.680, 0, 89617, 97871
2026/09/22 21:50:33.680, 1, 89617, 97871
2026/09/22 21:50:33.680, 2, 89617, 97871
2026/09/22 21:50:33.680, 3, 91665, 97871
2026/09/22 21:50:33.880, 0, 89617, 97871
2026/09/22 21:50:33.880, 1, 89617, 97871
2026/09/22 21:50:33.880, 2, 89617, 97871
2026/09/22 21:50:33.880, 3, 91665, 97871
2026/09/22 21:50:34.080, 0, 89617, 97871
2026/09/22 21:50:34.080, 1, 89617, 97871
2026/09/22 21:50:34.080, 2, 89617, 97871
2026/09/22 21:50:34.080, 3, 91665, 97871
2026/09/22 21:50:34.281, 0, 89617, 97871
2026/09/22 21:50:34.281, 1, 89617, 97871
2026/09/22 21:50:34.281, 2, 89617, 97871
2026/09/22 21:50:34.281, 3, 91665, 97871
2026/09/22 21:50:34.481, 0, 89617, 97871
2026/09/22 21:50:34.481, 1, 89617, 97871
2026/09/22 21:50:34.481, 2, 89617, 97871
2026/09/22 21:50:34.481, 3, 91665, 97871
2026/09/22 21:50:34.681, 0, 89617, 97871
2026/09/22 21:50:34.681, 1, 89617, 97871
2026/09/22 21:50:34.681, 2, 89617, 97871
2026/09/22 21:50:34.681, 3, 91665, 97871
2026/09/22 21:50:34.881, 0, 89617, 97871
2026/09/22 21:50:34.881, 1, 89617, 97871
2026/09/22 21:50:34.882, 2, 89617, 97871
2026/09/22 21:50:34.882, 3, 91665, 97871
2026/09/22 21:50:35.082, 0, 89617, 97871
2026/09/22 21:50:35.082, 1, 89617, 97871
2026/09/22 21:50:35.082, 2, 89617, 97871
2026/09/22 21:50:35.082, 3, 91665, 97871
2026/09/22 21:50:35.282, 0, 89617, 97871
2026/09/22 21:50:35.282, 1, 89617, 97871
2026/09/22 21:50:35.282, 2, 89617, 97871
2026/09/22 21:50:35.282, 3, 91665, 97871
2026/09/22 21:50:35.482, 0, 89617, 97871
2026/09/22 21:50:35.482, 1, 89617, 97871
2026/09/22 21:50:35.482, 2, 89617, 97871
2026/09/22 21:50:35.482, 3, 91665, 97871
2026/09/22 21:50:35.683, 0, 89617, 97871
2026/09/22 21:50:35.683, 1, 89617, 97871
2026/09/22 21:50:35.683, 2, 89617, 97871
2026/09/22 21:50:35.683, 3, 91665, 97871
2026/09/22 21:50:35.883, 0, 89617, 97871
2026/09/22 21:50:35.883, 1, 89617, 97871
2026/09/22 21:50:35.883, 2, 89617, 97871
2026/09/22 21:50:35.883, 3, 91665, 97871
2026/09/22 21:50:36.083, 0, 89617, 97871
2026/09/22 21:50:36.083, 1, 89617, 97871
2026/09/22 21:50:36.083, 2, 89617, 97871
2026/09/22 21:50:36.083, 3, 91665, 97871
2026/09/22 21:50:36.283, 0, 89617, 97871
2026/09/22 21:50:36.283, 1, 89617, 97871
2026/09/22 21:50:36.283, 2, 89617, 97871
2026/09/22 21:50:36.284, 3, 91665, 97871
2026/09/22 21:50:36.484, 0, 89617, 97871
2026/09/22 21:50:36.484, 1, 89617, 97871
2026/09/22 21:50:36.484, 2, 89617, 97871
2026/09/22 21:50:36.484, 3, 91665, 97871
2026/09/22 21:50:36.684, 0, 89617, 97871
2026/09/22 21:50:36.684, 1, 89617, 97871
2026/09/22 21:50:36.684, 2, 89617, 97871
2026/09/22 21:50:36.684, 3, 91665, 97871
2026/09/22 21:50:36.884, 0, 89617, 97871
2026/09/22 21:50:36.884, 1, 89617, 97871
2026/09/22 21:50:36.884, 2, 89617, 97871
2026/09/22 21:50:36.884, 3, 91665, 97871
2026/09/22 21:50:37.084, 0, 89617, 97871
2026/09/22 21:50:37.085, 1, 89617, 97871
2026/09/22 21:50:37.085, 2, 89617, 97871
2026/09/22 21:50:37.085, 3, 91665, 97871
2026/09/22 21:50:37.285, 0, 89617, 97871
2026/09/22 21:50:37.285, 1, 89617, 97871
2026/09/22 21:50:37.285, 2, 89617, 97871
2026/09/22 21:50:37.285, 3, 91665, 97871
2026/09/22 21:50:37.485, 0, 89617, 97871
2026/09/22 21:50:37.485, 1, 89617, 97871
2026/09/22 21:50:37.485, 2, 89617, 97871
2026/09/22 21:50:37.485, 3, 91665, 97871
2026/09/22 21:50:37.685, 0, 89617, 97871
2026/09/22 21:50:37.685, 1, 89617, 97871
2026/09/22 21:50:37.685, 2, 89617, 97871
2026/09/22 21:50:37.685, 3, 91665, 97871
2026/09/22 21:50:37.886, 0, 89617, 97871
2026/09/22 21:50:37.886, 1, 89617, 97871
2026/09/22 21:50:37.886, 2, 89617, 97871
2026/09/22 21:50:37.886, 3, 91665, 97871
2026/09/22 21:50:38.086, 0, 89617, 97871
2026/09/22 21:50:38.086, 1, 89617, 97871
2026/09/22 21:50:38.086, 2, 89617, 97871
2026/09/22 21:50:38.086, 3, 91665, 97871
2026/09/22 21:50:38.286, 0, 89617, 97871
2026/09/22 21:50:38.286, 1, 89617, 97871
2026/09/22 21:50:38.286, 2, 89617, 97871
2026/09/22 21:50:38.286, 3, 91665, 97871
2026/09/22 21:50:38.486, 0, 89617, 97871
2026/09/22 21:50:38.486, 1, 89617, 97871
2026/09/22 21:50:38.487, 2, 89617, 97871
2026/09/22 21:50:38.487, 3, 91665, 97871
2026/09/22 21:50:38.687, 0, 89617, 97871
2026/09/22 21:50:38.687, 1, 89617, 97871
2026/09/22 21:50:38.687, 2, 89617, 97871
2026/09/22 21:50:38.687, 3, 91665, 97871
2026/09/22 21:50:38.887, 0, 89617, 97871
2026/09/22 21:50:38.887, 1, 89617, 97871
2026/09/22 21:50:38.887, 2, 89617, 97871
2026/09/22 21:50:38.887, 3, 91665, 97871
2026/09/22 21:50:39.087, 0, 89617, 97871
2026/09/22 21:50:39.087, 1, 89617, 97871
2026/09/22 21:50:39.087, 2, 89617, 97871
2026/09/22 21:50:39.088, 3, 91665, 97871
2026/09/22 21:50:39.288, 0, 89617, 97871
2026/09/22 21:50:39.288, 1, 89617, 97871
2026/09/22 21:50:39.288, 2, 89617, 97871
2026/09/22 21:50:39.288, 3, 91665, 97871
2026/09/22 21:50:39.488, 0, 89617, 97871
2026/09/22 21:50:39.488, 1, 89617, 97871
2026/09/22 21:50:39.488, 2, 89617, 97871
2026/09/22 21:50:39.488, 3, 91665, 97871
2026/09/22 21:50:39.688, 0, 89617, 97871
2026/09/22 21:50:39.688, 1, 89617, 97871
2026/09/22 21:50:39.688, 2, 89617, 97871
2026/09/22 21:50:39.688, 3, 91665, 97871
2026/09/22 21:50:39.888, 0, 89617, 97871
2026/09/22 21:50:39.888, 1, 89617, 97871
2026/09/22 21:50:39.888, 2, 89617, 97871
2026/09/22 21:50:39.888, 3, 91665, 97871
2026/09/22 21:50:40.089, 0, 89617, 97871
2026/09/22 21:50:40.089, 1, 89617, 97871
2026/09/22 21:50:40.089, 2, 89617, 97871
2026/09/22 21:50:40.089, 3, 91665, 97871
2026/09/22 21:50:40.289, 0, 89617, 97871
2026/09/22 21:50:40.289, 1, 89617, 97871
2026/09/22 21:50:40.289, 2, 89617, 97871
2026/09/22 21:50:40.289, 3, 91665, 97871
2026/09/22 21:50:40.489, 0, 89617, 97871
2026/09/22 21:50:40.489, 1, 89617, 97871
2026/09/22 21:50:40.489, 2, 89617, 97871
2026/09/22 21:50:40.489, 3, 91665, 97871
2026/09/22 21:50:40.689, 0, 89617, 97871
2026/09/22 21:50:40.690, 1, 89617, 97871
2026/09/22 21:50:40.690, 2, 89617, 97871
2026/09/22 21:50:40.690, 3, 91665, 97871
2026/09/22 21:50:40.890, 0, 89617, 97871
2026/09/22 21:50:40.890, 1, 89617, 97871
2026/09/22 21:50:40.890, 2, 89617, 97871
2026/09/22 21:50:40.890, 3, 91665, 97871
2026/09/22 21:50:41.090, 0, 89617, 97871
2026/09/22 21:50:41.090, 1, 89617, 97871
2026/09/22 21:50:41.090, 2, 89617, 97871
2026/09/22 21:50:41.090, 3, 91665, 97871
2026/09/22 21:50:41.290, 0, 89617, 97871
2026/09/22 21:50:41.290, 1, 89617, 97871
2026/09/22 21:50:41.291, 2, 89617, 97871
2026/09/22 21:50:41.291, 3, 91665, 97871
2026/09/22 21:50:41.491, 0, 89617, 97871
2026/09/22 21:50:41.491, 1, 89617, 97871
2026/09/22 21:50:41.491, 2, 89617, 97871
2026/09/22 21:50:41.491, 3, 91665, 97871
2026/09/22 21:50:41.691, 0, 89617, 97871
2026/09/22 21:50:41.691, 1, 89617, 97871
2026/09/22 21:50:41.691, 2, 89617, 97871
2026/09/22 21:50:41.691, 3, 91665, 97871
2026/09/22 21:50:41.891, 0, 89617, 97871
2026/09/22 21:50:41.891, 1, 89617, 97871
2026/09/22 21:50:41.891, 2, 89617, 97871
2026/09/22 21:50:41.891, 3, 91665, 97871
2026/09/22 21:50:42.091, 0, 89617, 97871
2026/09/22 21:50:42.092, 1, 89617, 97871
2026/09/22 21:50:42.092, 2, 89617, 97871
2026/09/22 21:50:42.092, 3, 91665, 97871
2026/09/22 21:50:42.292, 0, 89617, 97871
2026/09/22 21:50:42.292, 1, 89617, 97871
2026/09/22 21:50:42.292, 2, 89617, 97871
2026/09/22 21:50:42.292, 3, 91665, 97871
2026/09/22 21:50:42.492, 0, 89617, 97871
2026/09/22 21:50:42.492, 1, 89617, 97871
2026/09/22 21:50:42.492, 2, 89617, 97871
2026/09/22 21:50:42.492, 3, 91665, 97871
2026/09/22 21:50:42.692, 0, 89617, 97871
2026/09/22 21:50:42.692, 1, 89617, 97871
2026/09/22 21:50:42.692, 2, 89617, 97871
2026/09/22 21:50:42.692, 3, 91665, 97871
2026/09/22 21:50:42.892, 0, 89617, 97871
2026/09/22 21:50:42.893, 1, 89617, 97871
2026/09/22 21:50:42.893, 2, 89617, 97871
2026/09/22 21:50:42.893, 3, 91665, 97871
2026/09/22 21:50:43.093, 0, 89617, 97871
2026/09/22 21:50:43.093, 1, 89617, 97871
2026/09/22 21:50:43.093, 2, 89617, 97871
2026/09/22 21:50:43.093, 3, 91665, 97871
2026/09/22 21:50:43.293, 0, 89617, 97871
2026/09/22 21:50:43.293, 1, 89617, 97871
2026/09/22 21:50:43.293, 2, 89617, 97871
2026/09/22 21:50:43.293, 3, 91665, 97871
2026/09/22 21:50:43.493, 0, 89617, 97871
2026/09/22 21:50:43.493, 1, 89617, 97871
2026/09/22 21:50:43.493, 2, 89617, 97871
2026/09/22 21:50:43.493, 3, 91665, 97871
2026/09/22 21:50:43.694, 0, 89617, 97871
2026/09/22 21:50:43.694, 1, 89617, 97871
2026/09/22 21:50:43.694, 2, 89617, 97871
2026/09/22 21:50:43.694, 3, 91665, 97871
2026/09/22 21:50:43.894, 0, 89617, 97871
2026/09/22 21:50:43.894, 1, 89617, 97871
2026/09/22 21:50:43.894, 2, 89617, 97871
2026/09/22 21:50:43.894, 3, 91665, 97871
2026/09/22 21:50:44.094, 0, 89617, 97871
2026/09/22 21:50:44.094, 1, 89617, 97871
2026/09/22 21:50:44.094, 2, 89617, 97871
2026/09/22 21:50:44.094, 3, 91665, 97871
2026/09/22 21:50:44.294, 0, 89617, 97871
2026/09/22 21:50:44.294, 1, 89617, 97871
2026/09/22 21:50:44.295, 2, 89617, 97871
2026/09/22 21:50:44.295, 3, 91665, 97871
2026/09/22 21:50:44.495, 0, 89617, 97871
2026/09/22 21:50:44.495, 1, 89617, 97871
2026/09/22 21:50:44.495, 2, 89617, 97871
2026/09/22 21:50:44.495, 3, 91665, 97871
2026/09/22 21:50:44.695, 0, 89617, 97871
2026/09/22 21:50:44.695, 1, 89617, 97871
2026/09/22 21:50:44.695, 2, 89617, 97871
2026/09/22 21:50:44.695, 3, 91665, 97871
2026/09/22 21:50:44.895, 0, 89617, 97871
2026/09/22 21:50:44.895, 1, 89617, 97871
2026/09/22 21:50:44.895, 2, 89617, 97871
2026/09/22 21:50:44.895, 3, 91665, 97871
2026/09/22 21:50:45.096, 0, 89617, 97871
2026/09/22 21:50:45.096, 1, 89617, 97871
2026/09/22 21:50:45.096, 2, 89617, 97871
2026/09/22 21:50:45.096, 3, 91665, 97871
2026/09/22 21:50:45.296, 0, 89617, 97871
2026/09/22 21:50:45.296, 1, 89617, 97871
2026/09/22 21:50:45.296, 2, 89617, 97871
2026/09/22 21:50:45.296, 3, 91665, 97871
2026/09/22 21:50:45.496, 0, 89617, 97871
2026/09/22 21:50:45.496, 1, 89617, 97871
2026/09/22 21:50:45.496, 2, 89617, 97871
2026/09/22 21:50:45.496, 3, 91665, 97871
2026/09/22 21:50:45.696, 0, 89617, 97871
2026/09/22 21:50:45.696, 1, 89617, 97871
2026/09/22 21:50:45.697, 2, 89617, 97871
2026/09/22 21:50:45.697, 3, 91665, 97871
2026/09/22 21:50:45.897, 0, 89617, 97871
2026/09/22 21:50:45.897, 1, 89617, 97871
2026/09/22 21:50:45.897, 2, 89617, 97871
2026/09/22 21:50:45.897, 3, 91665, 97871
2026/09/22 21:50:46.097, 0, 89617, 97871
2026/09/22 21:50:46.097, 1, 89617, 97871
2026/09/22 21:50:46.097, 2, 89617, 97871
2026/09/22 21:50:46.097, 3, 91665, 97871
2026/09/22 21:50:46.297, 0, 89617, 97871
2026/09/22 21:50:46.297, 1, 89617, 97871
2026/09/22 21:50:46.297, 2, 89617, 97871
2026/09/22 21:50:46.297, 3, 91665, 97871
2026/09/22 21:50:46.497, 0, 89617, 97871
2026/09/22 21:50:46.498, 1, 89617, 97871
2026/09/22 21:50:46.498, 2, 89617, 97871
2026/09/22 21:50:46.498, 3, 91665, 97871
2026/09/22 21:50:46.698, 0, 89617, 97871
2026/09/22 21:50:46.698, 1, 89617, 97871
2026/09/22 21:50:46.698, 2, 89617, 97871
2026/09/22 21:50:46.698, 3, 91665, 97871
2026/09/22 21:50:46.898, 0, 89617, 97871
2026/09/22 21:50:46.898, 1, 89617, 97871
2026/09/22 21:50:46.898, 2, 89617, 97871
2026/09/22 21:50:46.898, 3, 91665, 97871
2026/09/22 21:50:47.098, 0, 89617, 97871
2026/09/22 21:50:47.098, 1, 89617, 97871
2026/09/22 21:50:47.098, 2, 89617, 97871
2026/09/22 21:50:47.098, 3, 91665, 97871
2026/09/22 21:50:47.298, 0, 89617, 97871
2026/09/22 21:50:47.299, 1, 89617, 97871
2026/09/22 21:50:47.299, 2, 89617, 97871
2026/09/22 21:50:47.299, 3, 91665, 97871
2026/09/22 21:50:47.499, 0, 89617, 97871
2026/09/22 21:50:47.499, 1, 89617, 97871
2026/09/22 21:50:47.499, 2, 89617, 97871
2026/09/22 21:50:47.499, 3, 91665, 97871
2026/09/22 21:50:47.699, 0, 89617, 97871
2026/09/22 21:50:47.699, 1, 89617, 97871
2026/09/22 21:50:47.699, 2, 89617, 97871
2026/09/22 21:50:47.699, 3, 91665, 97871
2026/09/22 21:50:47.899, 0, 89617, 97871
2026/09/22 21:50:47.899, 1, 89617, 97871
2026/09/22 21:50:47.899, 2, 89617, 97871
2026/09/22 21:50:47.899, 3, 91665, 97871
2026/09/22 21:50:48.100, 0, 89617, 97871
2026/09/22 21:50:48.100, 1, 89617, 97871
2026/09/22 21:50:48.100, 2, 89617, 97871
2026/09/22 21:50:48.100, 3, 91665, 97871
2026/09/22 21:50:48.300, 0, 89617, 97871
2026/09/22 21:50:48.300, 1, 89617, 97871
2026/09/22 21:50:48.300, 2, 89617, 97871
2026/09/22 21:50:48.300, 3, 91665, 97871
2026/09/22 21:50:48.500, 0, 89617, 97871
2026/09/22 21:50:48.500, 1, 89617, 97871
2026/09/22 21:50:48.500, 2, 89617, 97871
2026/09/22 21:50:48.500, 3, 91665, 97871
2026/09/22 21:50:48.700, 0, 89617, 97871
2026/09/22 21:50:48.700, 1, 89617, 97871
2026/09/22 21:50:48.700, 2, 89617, 97871
2026/09/22 21:50:48.700, 3, 91665, 97871
2026/09/22 21:50:48.901, 0, 89617, 97871
2026/09/22 21:50:48.901, 1, 89617, 97871
2026/09/22 21:50:48.901, 2, 89617, 97871
2026/09/22 21:50:48.901, 3, 91665, 97871
2026/09/22 21:50:49.101, 0, 89617, 97871
2026/09/22 21:50:49.101, 1, 89617, 97871
2026/09/22 21:50:49.101, 2, 89617, 97871
2026/09/22 21:50:49.101, 3, 91665, 97871
2026/09/22 21:50:49.301, 0, 89617, 97871
2026/09/22 21:50:49.301, 1, 89617, 97871
2026/09/22 21:50:49.301, 2, 89617, 97871
2026/09/22 21:50:49.301, 3, 91665, 97871
2026/09/22 21:50:49.501, 0, 89617, 97871
2026/09/22 21:50:49.501, 1, 89617, 97871
2026/09/22 21:50:49.501, 2, 89617, 97871
2026/09/22 21:50:49.501, 3, 91665, 97871
2026/09/22 21:50:49.702, 0, 89617, 97871
2026/09/22 21:50:49.702, 1, 89617, 97871
2026/09/22 21:50:49.702, 2, 89617, 97871
2026/09/22 21:50:49.702, 3, 91665, 97871
2026/09/22 21:50:49.902, 0, 89617, 97871
2026/09/22 21:50:49.902, 1, 89617, 97871
2026/09/22 21:50:49.902, 2, 89617, 97871
2026/09/22 21:50:49.902, 3, 91665, 97871
2026/09/22 21:50:50.102, 0, 89617, 97871
2026/09/22 21:50:50.102, 1, 89617, 97871
2026/09/22 21:50:50.102, 2, 89617, 97871
2026/09/22 21:50:50.102, 3, 91665, 97871
2026/09/22 21:50:50.302, 0, 89617, 97871
2026/09/22 21:50:50.302, 1, 89617, 97871
2026/09/22 21:50:50.303, 2, 89617, 97871
2026/09/22 21:50:50.303, 3, 91665, 97871
2026/09/22 21:50:50.503, 0, 89617, 97871
2026/09/22 21:50:50.503, 1, 89617, 97871
2026/09/22 21:50:50.503, 2, 89617, 97871
2026/09/22 21:50:50.503, 3, 91665, 97871
2026/09/22 21:50:50.703, 0, 89617, 97871
2026/09/22 21:50:50.703, 1, 89617, 97871
2026/09/22 21:50:50.703, 2, 89617, 97871
2026/09/22 21:50:50.703, 3, 91665, 97871
2026/09/22 21:50:50.903, 0, 89617, 97871
2026/09/22 21:50:50.903, 1, 89617, 97871
2026/09/22 21:50:50.903, 2, 89617, 97871
2026/09/22 21:50:50.903, 3, 91665, 97871
2026/09/22 21:50:51.103, 0, 89617, 97871
2026/09/22 21:50:51.104, 1, 89617, 97871
2026/09/22 21:50:51.104, 2, 89617, 97871
2026/09/22 21:50:51.104, 3, 91665, 97871
2026/09/22 21:50:51.304, 0, 89617, 97871
2026/09/22 21:50:51.304, 1, 89617, 97871
2026/09/22 21:50:51.304, 2, 89617, 97871
2026/09/22 21:50:51.304, 3, 91665, 97871
2026/09/22 21:50:51.504, 0, 89617, 97871
2026/09/22 21:50:51.504, 1, 89617, 97871
2026/09/22 21:50:51.504, 2, 89617, 97871
2026/09/22 21:50:51.504, 3, 91665, 97871
2026/09/22 21:50:51.704, 0, 89617, 97871
2026/09/22 21:50:51.704, 1, 89617, 97871
2026/09/22 21:50:51.704, 2, 89617, 97871
2026/09/22 21:50:51.704, 3, 91665, 97871
2026/09/22 21:50:51.905, 0, 89617, 97871
2026/09/22 21:50:51.905, 1, 89617, 97871
2026/09/22 21:50:51.905, 2, 89617, 97871
2026/09/22 21:50:51.905, 3, 91665, 97871
2026/09/22 21:50:52.105, 0, 89617, 97871
2026/09/22 21:50:52.105, 1, 89617, 97871
2026/09/22 21:50:52.105, 2, 89617, 97871
2026/09/22 21:50:52.105, 3, 91665, 97871
2026/09/22 21:50:52.305, 0, 89617, 97871
2026/09/22 21:50:52.305, 1, 89617, 97871
2026/09/22 21:50:52.305, 2, 89617, 97871
2026/09/22 21:50:52.305, 3, 91665, 97871
2026/09/22 21:50:52.505, 0, 89617, 97871
2026/09/22 21:50:52.505, 1, 89617, 97871
2026/09/22 21:50:52.505, 2, 89617, 97871
2026/09/22 21:50:52.506, 3, 91665, 97871
2026/09/22 21:50:52.706, 0, 89617, 97871
2026/09/22 21:50:52.706, 1, 89617, 97871
2026/09/22 21:50:52.706, 2, 89617, 97871
2026/09/22 21:50:52.706, 3, 91665, 97871
2026/09/22 21:50:52.906, 0, 89617, 97871
2026/09/22 21:50:52.906, 1, 89617, 97871
2026/09/22 21:50:52.906, 2, 89617, 97871
2026/09/22 21:50:52.906, 3, 91665, 97871
2026/09/22 21:50:53.106, 0, 89617, 97871
2026/09/22 21:50:53.106, 1, 89617, 97871
2026/09/22 21:50:53.106, 2, 89617, 97871
2026/09/22 21:50:53.106, 3, 91665, 97871
2026/09/22 21:50:53.306, 0, 89617, 97871
2026/09/22 21:50:53.306, 1, 89617, 97871
2026/09/22 21:50:53.307, 2, 89617, 97871
2026/09/22 21:50:53.307, 3, 91665, 97871
2026/09/22 21:50:53.507, 0, 89617, 97871
2026/09/22 21:50:53.507, 1, 89617, 97871
2026/09/22 21:50:53.507, 2, 89617, 97871
2026/09/22 21:50:53.507, 3, 91665, 97871
2026/09/22 21:50:53.707, 0, 89617, 97871
2026/09/22 21:50:53.707, 1, 89617, 97871
2026/09/22 21:50:53.707, 2, 89617, 97871
2026/09/22 21:50:53.707, 3, 91665, 97871
2026/09/22 21:50:53.907, 0, 89617, 97871
2026/09/22 21:50:53.907, 1, 89617, 97871
2026/09/22 21:50:53.907, 2, 89617, 97871
2026/09/22 21:50:53.907, 3, 91665, 97871
2026/09/22 21:50:54.108, 0, 89617, 97871
2026/09/22 21:50:54.108, 1, 89617, 97871
2026/09/22 21:50:54.108, 2, 89617, 97871
2026/09/22 21:50:54.108, 3, 91665, 97871
2026/09/22 21:50:54.308, 0, 89617, 97871
2026/09/22 21:50:54.308, 1, 89617, 97871
2026/09/22 21:50:54.308, 2, 89617, 97871
2026/09/22 21:50:54.308, 3, 91665, 97871
2026/09/22 21:50:54.508, 0, 89617, 97871
2026/09/22 21:50:54.508, 1, 89617, 97871
2026/09/22 21:50:54.508, 2, 89617, 97871
2026/09/22 21:50:54.508, 3, 91665, 97871
2026/09/22 21:50:54.708, 0, 89617, 97871
2026/09/22 21:50:54.708, 1, 89617, 97871
2026/09/22 21:50:54.709, 2, 89617, 97871
2026/09/22 21:50:54.709, 3, 91665, 97871
2026/09/22 21:50:54.909, 0, 89617, 97871
2026/09/22 21:50:54.909, 1, 89617, 97871
2026/09/22 21:50:54.909, 2, 89617, 97871
2026/09/22 21:50:54.909, 3, 91665, 97871
2026/09/22 21:50:55.109, 0, 89617, 97871
2026/09/22 21:50:55.109, 1, 89617, 97871
2026/09/22 21:50:55.109, 2, 89617, 97871
2026/09/22 21:50:55.109, 3, 91665, 97871
2026/09/22 21:50:55.309, 0, 89617, 97871
2026/09/22 21:50:55.309, 1, 89617, 97871
2026/09/22 21:50:55.309, 2, 89617, 97871
2026/09/22 21:50:55.310, 3, 91665, 97871
2026/09/22 21:50:55.510, 0, 89617, 97871
2026/09/22 21:50:55.510, 1, 89617, 97871
2026/09/22 21:50:55.510, 2, 89617, 97871
2026/09/22 21:50:55.510, 3, 91665, 97871
2026/09/22 21:50:55.710, 0, 89617, 97871
2026/09/22 21:50:55.710, 1, 89617, 97871
2026/09/22 21:50:55.710, 2, 89617, 97871
2026/09/22 21:50:55.710, 3, 91665, 97871
2026/09/22 21:50:55.910, 0, 89617, 97871
2026/09/22 21:50:55.910, 1, 89617, 97871
2026/09/22 21:50:55.910, 2, 89617, 97871
2026/09/22 21:50:55.910, 3, 91665, 97871
2026/09/22 21:50:56.111, 0, 89617, 97871
2026/09/22 21:50:56.111, 1, 89617, 97871
2026/09/22 21:50:56.111, 2, 89617, 97871
2026/09/22 21:50:56.111, 3, 91665, 97871
2026/09/22 21:50:56.311, 0, 89617, 97871
2026/09/22 21:50:56.311, 1, 89617, 97871
2026/09/22 21:50:56.311, 2, 89617, 97871
2026/09/22 21:50:56.311, 3, 91665, 97871
2026/09/22 21:50:56.511, 0, 89617, 97871
2026/09/22 21:50:56.511, 1, 89617, 97871
2026/09/22 21:50:56.511, 2, 89617, 97871
2026/09/22 21:50:56.511, 3, 91665, 97871
2026/09/22 21:50:56.711, 0, 89617, 97871
2026/09/22 21:50:56.711, 1, 89617, 97871
2026/09/22 21:50:56.711, 2, 89617, 97871
2026/09/22 21:50:56.711, 3, 91665, 97871
2026/09/22 21:50:56.912, 0, 89617, 97871
2026/09/22 21:50:56.912, 1, 89617, 97871
2026/09/22 21:50:56.912, 2, 89617, 97871
2026/09/22 21:50:56.912, 3, 91665, 97871
2026/09/22 21:50:57.112, 0, 89617, 97871
2026/09/22 21:50:57.112, 1, 89617, 97871
2026/09/22 21:50:57.112, 2, 89617, 97871
2026/09/22 21:50:57.112, 3, 91665, 97871
2026/09/22 21:50:57.312, 0, 89617, 97871
2026/09/22 21:50:57.312, 1, 89617, 97871
2026/09/22 21:50:57.312, 2, 89617, 97871
2026/09/22 21:50:57.312, 3, 91665, 97871
2026/09/22 21:50:57.512, 0, 89617, 97871
2026/09/22 21:50:57.513, 1, 89617, 97871
2026/09/22 21:50:57.513, 2, 89617, 97871
2026/09/22 21:50:57.513, 3, 91665, 97871
2026/09/22 21:50:57.713, 0, 89617, 97871
2026/09/22 21:50:57.713, 1, 89617, 97871
2026/09/22 21:50:57.713, 2, 89617, 97871
2026/09/22 21:50:57.713, 3, 91665, 97871
2026/09/22 21:50:57.913, 0, 89617, 97871
2026/09/22 21:50:57.913, 1, 89617, 97871
2026/09/22 21:50:57.913, 2, 89617, 97871
2026/09/22 21:50:57.913, 3, 91665, 97871
2026/09/22 21:50:58.113, 0, 89617, 97871
2026/09/22 21:50:58.113, 1, 89617, 97871
2026/09/22 21:50:58.114, 2, 89617, 97871
2026/09/22 21:50:58.114, 3, 91665, 97871
2026/09/22 21:50:58.314, 0, 89617, 97871
2026/09/22 21:50:58.314, 1, 89617, 97871
2026/09/22 21:50:58.314, 2, 89617, 97871
2026/09/22 21:50:58.314, 3, 91665, 97871
2026/09/22 21:50:58.514, 0, 89617, 97871
2026/09/22 21:50:58.514, 1, 89617, 97871
2026/09/22 21:50:58.514, 2, 89617, 97871
2026/09/22 21:50:58.514, 3, 91665, 97871
2026/09/22 21:50:58.714, 0, 89617, 97871
2026/09/22 21:50:58.714, 1, 89617, 97871
2026/09/22 21:50:58.714, 2, 89617, 97871
2026/09/22 21:50:58.714, 3, 91665, 97871
2026/09/22 21:50:58.914, 0, 89617, 97871
2026/09/22 21:50:58.915, 1, 89617, 97871
2026/09/22 21:50:58.915, 2, 89617, 97871
2026/09/22 21:50:58.915, 3, 91665, 97871
2026/09/22 21:50:59.115, 0, 89617, 97871
2026/09/22 21:50:59.115, 1, 89617, 97871
2026/09/22 21:50:59.115, 2, 89617, 97871
2026/09/22 21:50:59.115, 3, 91665, 97871
2026/09/22 21:50:59.315, 0, 89617, 97871
2026/09/22 21:50:59.315, 1, 89617, 97871
2026/09/22 21:50:59.315, 2, 89617, 97871
2026/09/22 21:50:59.315, 3, 91665, 97871
2026/09/22 21:50:59.515, 0, 89617, 97871
2026/09/22 21:50:59.515, 1, 89617, 97871
2026/09/22 21:50:59.515, 2, 89617, 97871
2026/09/22 21:50:59.516, 3, 91665, 97871
2026/09/22 21:50:59.716, 0, 89617, 97871
2026/09/22 21:50:59.716, 1, 89617, 97871
2026/09/22 21:50:59.716, 2, 89617, 97871
2026/09/22 21:50:59.716, 3, 91665, 97871
2026/09/22 21:50:59.916, 0, 89617, 97871
2026/09/22 21:50:59.916, 1, 89617, 97871
2026/09/22 21:50:59.916, 2, 89617, 97871
2026/09/22 21:50:59.916, 3, 91665, 97871
2026/09/22 21:51:00.116, 0, 89617, 97871
2026/09/22 21:51:00.116, 1, 89617, 97871
2026/09/22 21:51:00.116, 2, 89617, 97871
2026/09/22 21:51:00.116, 3, 91665, 97871
2026/09/22 21:51:00.316, 0, 89617, 97871
2026/09/22 21:51:00.317, 1, 89617, 97871
2026/09/22 21:51:00.317, 2, 89617, 97871
2026/09/22 21:51:00.317, 3, 91665, 97871
2026/09/22 21:51:00.517, 0, 89617, 97871
2026/09/22 21:51:00.517, 1, 89617, 97871
2026/09/22 21:51:00.517, 2, 89617, 97871
2026/09/22 21:51:00.517, 3, 91665, 97871
2026/09/22 21:51:00.717, 0, 89617, 97871
2026/09/22 21:51:00.717, 1, 89617, 97871
2026/09/22 21:51:00.717, 2, 89617, 97871
2026/09/22 21:51:00.717, 3, 91665, 97871
2026/09/22 21:51:00.917, 0, 89617, 97871
2026/09/22 21:51:00.917, 1, 89617, 97871
2026/09/22 21:51:00.917, 2, 89617, 97871
2026/09/22 21:51:00.917, 3, 91665, 97871
2026/09/22 21:51:01.118, 0, 89617, 97871
2026/09/22 21:51:01.118, 1, 89617, 97871
2026/09/22 21:51:01.118, 2, 89617, 97871
2026/09/22 21:51:01.118, 3, 91665, 97871
2026/09/22 21:51:01.318, 0, 89617, 97871
2026/09/22 21:51:01.318, 1, 89617, 97871
2026/09/22 21:51:01.318, 2, 89617, 97871
2026/09/22 21:51:01.318, 3, 91665, 97871
2026/09/22 21:51:01.518, 0, 89617, 97871
2026/09/22 21:51:01.518, 1, 89617, 97871
2026/09/22 21:51:01.518, 2, 89617, 97871
2026/09/22 21:51:01.518, 3, 91665, 97871
2026/09/22 21:51:01.718, 0, 89617, 97871
2026/09/22 21:51:01.718, 1, 89617, 97871
2026/09/22 21:51:01.718, 2, 89617, 97871
2026/09/22 21:51:01.718, 3, 91665, 97871
2026/09/22 21:51:01.919, 0, 89617, 97871
2026/09/22 21:51:01.919, 1, 89617, 97871
2026/09/22 21:51:01.919, 2, 89617, 97871
2026/09/22 21:51:01.919, 3, 91665, 97871
2026/09/22 21:51:02.119, 0, 89617, 97871
2026/09/22 21:51:02.119, 1, 89617, 97871
2026/09/22 21:51:02.119, 2, 89617, 97871
2026/09/22 21:51:02.119, 3, 91665, 97871
2026/09/22 21:51:02.319, 0, 89617, 97871
2026/09/22 21:51:02.319, 1, 89617, 97871
2026/09/22 21:51:02.319, 2, 89617, 97871
2026/09/22 21:51:02.319, 3, 91665, 97871
2026/09/22 21:51:02.519, 0, 89617, 97871
2026/09/22 21:51:02.519, 1, 89617, 97871
2026/09/22 21:51:02.519, 2, 89617, 97871
2026/09/22 21:51:02.520, 3, 91665, 97871
2026/09/22 21:51:02.720, 0, 89617, 97871
2026/09/22 21:51:02.720, 1, 89617, 97871
2026/09/22 21:51:02.720, 2, 89617, 97871
2026/09/22 21:51:02.720, 3, 91665, 97871
2026/09/22 21:51:02.920, 0, 89617, 97871
2026/09/22 21:51:02.920, 1, 89617, 97871
2026/09/22 21:51:02.920, 2, 89617, 97871
2026/09/22 21:51:02.920, 3, 91665, 97871
2026/09/22 21:51:03.120, 0, 89617, 97871
2026/09/22 21:51:03.120, 1, 89617, 97871
2026/09/22 21:51:03.120, 2, 89617, 97871
2026/09/22 21:51:03.120, 3, 91665, 97871
2026/09/22 21:51:03.320, 0, 89617, 97871
2026/09/22 21:51:03.320, 1, 89617, 97871
2026/09/22 21:51:03.320, 2, 89617, 97871
2026/09/22 21:51:03.320, 3, 91665, 97871
2026/09/22 21:51:03.521, 0, 89617, 97871
2026/09/22 21:51:03.521, 1, 89617, 97871
2026/09/22 21:51:03.521, 2, 89617, 97871
2026/09/22 21:51:03.521, 3, 91665, 97871
2026/09/22 21:51:03.721, 0, 89617, 97871
2026/09/22 21:51:03.721, 1, 89617, 97871
2026/09/22 21:51:03.721, 2, 89617, 97871
2026/09/22 21:51:03.721, 3, 91665, 97871
2026/09/22 21:51:03.921, 0, 89617, 97871
2026/09/22 21:51:03.921, 1, 89617, 97871
2026/09/22 21:51:03.921, 2, 89617, 97871
2026/09/22 21:51:03.921, 3, 91665, 97871
2026/09/22 21:51:04.121, 0, 89617, 97871
2026/09/22 21:51:04.121, 1, 89617, 97871
2026/09/22 21:51:04.122, 2, 89617, 97871
2026/09/22 21:51:04.122, 3, 91665, 97871
2026/09/22 21:51:04.322, 0, 89617, 97871
2026/09/22 21:51:04.322, 1, 89617, 97871
2026/09/22 21:51:04.322, 2, 89617, 97871
2026/09/22 21:51:04.322, 3, 91665, 97871
2026/09/22 21:51:04.522, 0, 89617, 97871
2026/09/22 21:51:04.522, 1, 89617, 97871
2026/09/22 21:51:04.522, 2, 89617, 97871
2026/09/22 21:51:04.522, 3, 91665, 97871
2026/09/22 21:51:04.722, 0, 89617, 97871
2026/09/22 21:51:04.722, 1, 89617, 97871
2026/09/22 21:51:04.722, 2, 89617, 97871
2026/09/22 21:51:04.722, 3, 91665, 97871
2026/09/22 21:51:04.922, 0, 89617, 97871
2026/09/22 21:51:04.922, 1, 89617, 97871
2026/09/22 21:51:04.923, 2, 89617, 97871
2026/09/22 21:51:04.923, 3, 91665, 97871
2026/09/22 21:51:05.123, 0, 89617, 97871
2026/09/22 21:51:05.123, 1, 89617, 97871
2026/09/22 21:51:05.123, 2, 89617, 97871
2026/09/22 21:51:05.123, 3, 91665, 97871
2026/09/22 21:51:05.323, 0, 89617, 97871
2026/09/22 21:51:05.323, 1, 89617, 97871
2026/09/22 21:51:05.323, 2, 89617, 97871
2026/09/22 21:51:05.323, 3, 91665, 97871
2026/09/22 21:51:05.523, 0, 89617, 97871
2026/09/22 21:51:05.523, 1, 89617, 97871
2026/09/22 21:51:05.523, 2, 89617, 97871
2026/09/22 21:51:05.523, 3, 91665, 97871
2026/09/22 21:51:05.723, 0, 89617, 97871
2026/09/22 21:51:05.724, 1, 89617, 97871
2026/09/22 21:51:05.724, 2, 89617, 97871
2026/09/22 21:51:05.724, 3, 91665, 97871
2026/09/22 21:51:05.924, 0, 89617, 97871
2026/09/22 21:51:05.924, 1, 89617, 97871
2026/09/22 21:51:05.924, 2, 89617, 97871
2026/09/22 21:51:05.924, 3, 91665, 97871
2026/09/22 21:51:06.124, 0, 89617, 97871
2026/09/22 21:51:06.124, 1, 89617, 97871
2026/09/22 21:51:06.124, 2, 89617, 97871
2026/09/22 21:51:06.124, 3, 91665, 97871
2026/09/22 21:51:06.324, 0, 89617, 97871
2026/09/22 21:51:06.324, 1, 89617, 97871
2026/09/22 21:51:06.325, 2, 89617, 97871
2026/09/22 21:51:06.325, 3, 91665, 97871
2026/09/22 21:51:06.525, 0, 89617, 97871
2026/09/22 21:51:06.525, 1, 89617, 97871
2026/09/22 21:51:06.525, 2, 89617, 97871
2026/09/22 21:51:06.525, 3, 91665, 97871
2026/09/22 21:51:06.725, 0, 89617, 97871
2026/09/22 21:51:06.725, 1, 89617, 97871
2026/09/22 21:51:06.725, 2, 89617, 97871
2026/09/22 21:51:06.725, 3, 91665, 97871
2026/09/22 21:51:06.925, 0, 89617, 97871
2026/09/22 21:51:06.925, 1, 89617, 97871
2026/09/22 21:51:06.925, 2, 89617, 97871
2026/09/22 21:51:06.925, 3, 91665, 97871
2026/09/22 21:51:07.125, 0, 89617, 97871
2026/09/22 21:51:07.125, 1, 89617, 97871
2026/09/22 21:51:07.126, 2, 89617, 97871
2026/09/22 21:51:07.126, 3, 91665, 97871
2026/09/22 21:51:07.326, 0, 89617, 97871
2026/09/22 21:51:07.326, 1, 89617, 97871
2026/09/22 21:51:07.326, 2, 89617, 97871
2026/09/22 21:51:07.326, 3, 91665, 97871
2026/09/22 21:51:07.526, 0, 89617, 97871
2026/09/22 21:51:07.526, 1, 89617, 97871
2026/09/22 21:51:07.526, 2, 89617, 97871
2026/09/22 21:51:07.526, 3, 91665, 97871
2026/09/22 21:51:07.726, 0, 89617, 97871
2026/09/22 21:51:07.726, 1, 89617, 97871
2026/09/22 21:51:07.726, 2, 89617, 97871
2026/09/22 21:51:07.726, 3, 91665, 97871
2026/09/22 21:51:07.926, 0, 89617, 97871
2026/09/22 21:51:07.926, 1, 89617, 97871
2026/09/22 21:51:07.926, 2, 89617, 97871
2026/09/22 21:51:07.927, 3, 91665, 97871
2026/09/22 21:51:08.127, 0, 89617, 97871
2026/09/22 21:51:08.127, 1, 89617, 97871
2026/09/22 21:51:08.127, 2, 89617, 97871
2026/09/22 21:51:08.127, 3, 91665, 97871
2026/09/22 21:51:08.327, 0, 89617, 97871
2026/09/22 21:51:08.327, 1, 89617, 97871
2026/09/22 21:51:08.327, 2, 89617, 97871
2026/09/22 21:51:08.327, 3, 91665, 97871
2026/09/22 21:51:08.527, 0, 89617, 97871
2026/09/22 21:51:08.527, 1, 89617, 97871
2026/09/22 21:51:08.527, 2, 89617, 97871
2026/09/22 21:51:08.527, 3, 91665, 97871
2026/09/22 21:51:08.727, 0, 89617, 97871
2026/09/22 21:51:08.727, 1, 89617, 97871
2026/09/22 21:51:08.728, 2, 89617, 97871
2026/09/22 21:51:08.728, 3, 91665, 97871
2026/09/22 21:51:08.928, 0, 89617, 97871
2026/09/22 21:51:08.928, 1, 89617, 97871
2026/09/22 21:51:08.928, 2, 89617, 97871
2026/09/22 21:51:08.928, 3, 91665, 97871
2026/09/22 21:51:09.128, 0, 89617, 97871
2026/09/22 21:51:09.128, 1, 89617, 97871
2026/09/22 21:51:09.128, 2, 89617, 97871
2026/09/22 21:51:09.128, 3, 91665, 97871
2026/09/22 21:51:09.328, 0, 89617, 97871
2026/09/22 21:51:09.328, 1, 89617, 97871
2026/09/22 21:51:09.328, 2, 89617, 97871
2026/09/22 21:51:09.328, 3, 91665, 97871
2026/09/22 21:51:09.528, 0, 89617, 97871
2026/09/22 21:51:09.528, 1, 89617, 97871
2026/09/22 21:51:09.529, 2, 89617, 97871
2026/09/22 21:51:09.529, 3, 91665, 97871
2026/09/22 21:51:09.729, 0, 89617, 97871
2026/09/22 21:51:09.729, 1, 89617, 97871
2026/09/22 21:51:09.729, 2, 89617, 97871
2026/09/22 21:51:09.729, 3, 91665, 97871
2026/09/22 21:51:09.929, 0, 89617, 97871
2026/09/22 21:51:09.929, 1, 89617, 97871
2026/09/22 21:51:09.929, 2, 89617, 97871
2026/09/22 21:51:09.929, 3, 91665, 97871
2026/09/22 21:51:10.129, 0, 89617, 97871
2026/09/22 21:51:10.129, 1, 89617, 97871
2026/09/22 21:51:10.129, 2, 89617, 97871
2026/09/22 21:51:10.129, 3, 91665, 97871
2026/09/22 21:51:10.330, 0, 89617, 97871
2026/09/22 21:51:10.330, 1, 89617, 97871
2026/09/22 21:51:10.330, 2, 89617, 97871
2026/09/22 21:51:10.330, 3, 91665, 97871
2026/09/22 21:51:10.530, 0, 89617, 97871
2026/09/22 21:51:10.530, 1, 89617, 97871
2026/09/22 21:51:10.530, 2, 89617, 97871
2026/09/22 21:51:10.530, 3, 91665, 97871
2026/09/22 21:51:10.730, 0, 89617, 97871
2026/09/22 21:51:10.730, 1, 89617, 97871
2026/09/22 21:51:10.730, 2, 89617, 97871
2026/09/22 21:51:10.730, 3, 91665, 97871
2026/09/22 21:51:10.930, 0, 89617, 97871
2026/09/22 21:51:10.930, 1, 89617, 97871
2026/09/22 21:51:10.931, 2, 89617, 97871
2026/09/22 21:51:10.931, 3, 91665, 97871
2026/09/22 21:51:11.131, 0, 89617, 97871
2026/09/22 21:51:11.131, 1, 89617, 97871
2026/09/22 21:51:11.131, 2, 89617, 97871
2026/09/22 21:51:11.131, 3, 91665, 97871
2026/09/22 21:51:11.331, 0, 89617, 97871
2026/09/22 21:51:11.331, 1, 89617, 97871
2026/09/22 21:51:11.331, 2, 89617, 97871
2026/09/22 21:51:11.331, 3, 91665, 97871
2026/09/22 21:51:11.531, 0, 89617, 97871
2026/09/22 21:51:11.531, 1, 89617, 97871
2026/09/22 21:51:11.531, 2, 89617, 97871
2026/09/22 21:51:11.531, 3, 91665, 97871
2026/09/22 21:51:11.731, 0, 89617, 97871
2026/09/22 21:51:11.731, 1, 89617, 97871
2026/09/22 21:51:11.731, 2, 89617, 97871
2026/09/22 21:51:11.732, 3, 91665, 97871
2026/09/22 21:51:11.932, 0, 89617, 97871
2026/09/22 21:51:11.932, 1, 89617, 97871
2026/09/22 21:51:11.932, 2, 89617, 97871
2026/09/22 21:51:11.932, 3, 91665, 97871
2026/09/22 21:51:12.132, 0, 89617, 97871
2026/09/22 21:51:12.132, 1, 89617, 97871
2026/09/22 21:51:12.132, 2, 89617, 97871
2026/09/22 21:51:12.132, 3, 91665, 97871
2026/09/22 21:51:12.332, 0, 89617, 97871
2026/09/22 21:51:12.332, 1, 89617, 97871
2026/09/22 21:51:12.332, 2, 89617, 97871
2026/09/22 21:51:12.332, 3, 91665, 97871
2026/09/22 21:51:12.532, 0, 89617, 97871
2026/09/22 21:51:12.532, 1, 89617, 97871
2026/09/22 21:51:12.533, 2, 89617, 97871
2026/09/22 21:51:12.533, 3, 91665, 97871
2026/09/22 21:51:12.733, 0, 89617, 97871
2026/09/22 21:51:12.733, 1, 89617, 97871
2026/09/22 21:51:12.733, 2, 89617, 97871
2026/09/22 21:51:12.733, 3, 91665, 97871
2026/09/22 21:51:12.933, 0, 89617, 97871
2026/09/22 21:51:12.933, 1, 89617, 97871
2026/09/22 21:51:12.933, 2, 89617, 97871
2026/09/22 21:51:12.933, 3, 91665, 97871
2026/09/22 21:51:13.133, 0, 89617, 97871
2026/09/22 21:51:13.133, 1, 89617, 97871
2026/09/22 21:51:13.134, 2, 89617, 97871
2026/09/22 21:51:13.134, 3, 91665, 97871
2026/09/22 21:51:13.334, 0, 89617, 97871
2026/09/22 21:51:13.334, 1, 89617, 97871
2026/09/22 21:51:13.334, 2, 89617, 97871
2026/09/22 21:51:13.334, 3, 91665, 97871
2026/09/22 21:51:13.534, 0, 89617, 97871
2026/09/22 21:51:13.534, 1, 89617, 97871
2026/09/22 21:51:13.534, 2, 89617, 97871
2026/09/22 21:51:13.534, 3, 91665, 97871
2026/09/22 21:51:13.734, 0, 89617, 97871
2026/09/22 21:51:13.734, 1, 89617, 97871
2026/09/22 21:51:13.734, 2, 89617, 97871
2026/09/22 21:51:13.735, 3, 91665, 97871
2026/09/22 21:51:13.935, 0, 89617, 97871
2026/09/22 21:51:13.935, 1, 89617, 97871
2026/09/22 21:51:13.935, 2, 89617, 97871
2026/09/22 21:51:13.935, 3, 91665, 97871
2026/09/22 21:51:14.135, 0, 89617, 97871
2026/09/22 21:51:14.135, 1, 89617, 97871
2026/09/22 21:51:14.135, 2, 89617, 97871
2026/09/22 21:51:14.135, 3, 91665, 97871
2026/09/22 21:51:14.335, 0, 89617, 97871
2026/09/22 21:51:14.335, 1, 89617, 97871
2026/09/22 21:51:14.335, 2, 89617, 97871
2026/09/22 21:51:14.335, 3, 91665, 97871
2026/09/22 21:51:14.535, 0, 89617, 97871
2026/09/22 21:51:14.536, 1, 89617, 97871
2026/09/22 21:51:14.536, 2, 89617, 97871
2026/09/22 21:51:14.536, 3, 91665, 97871
2026/09/22 21:51:14.736, 0, 89617, 97871
2026/09/22 21:51:14.736, 1, 89617, 97871
2026/09/22 21:51:14.736, 2, 89617, 97871
2026/09/22 21:51:14.736, 3, 91665, 97871
2026/09/22 21:51:14.936, 0, 89617, 97871
2026/09/22 21:51:14.936, 1, 89617, 97871
2026/09/22 21:51:14.936, 2, 89617, 97871
2026/09/22 21:51:14.936, 3, 91665, 97871
2026/09/22 21:51:15.136, 0, 89617, 97871
2026/09/22 21:51:15.136, 1, 89617, 97871
2026/09/22 21:51:15.136, 2, 89617, 97871
2026/09/22 21:51:15.136, 3, 91665, 97871
2026/09/22 21:51:15.337, 0, 89617, 97871
2026/09/22 21:51:15.337, 1, 89617, 97871
2026/09/22 21:51:15.337, 2, 89617, 97871
2026/09/22 21:51:15.337, 3, 91665, 97871
2026/09/22 21:51:15.537, 0, 89617, 97871
2026/09/22 21:51:15.537, 1, 89617, 97871
2026/09/22 21:51:15.537, 2, 89617, 97871
2026/09/22 21:51:15.537, 3, 91665, 97871
2026/09/22 21:51:15.737, 0, 89617, 97871
2026/09/22 21:51:15.737, 1, 89617, 97871
2026/09/22 21:51:15.737, 2, 89617, 97871
2026/09/22 21:51:15.737, 3, 91665, 97871
2026/09/22 21:51:15.937, 0, 89617, 97871
2026/09/22 21:51:15.937, 1, 89617, 97871
2026/09/22 21:51:15.937, 2, 89617, 97871
2026/09/22 21:51:15.937, 3, 91665, 97871
2026/09/22 21:51:16.138, 0, 89617, 97871
2026/09/22 21:51:16.138, 1, 89617, 97871
2026/09/22 21:51:16.138, 2, 89617, 97871
2026/09/22 21:51:16.138, 3, 91665, 97871
2026/09/22 21:51:16.338, 0, 89617, 97871
2026/09/22 21:51:16.338, 1, 89617, 97871
2026/09/22 21:51:16.338, 2, 89617, 97871
2026/09/22 21:51:16.338, 3, 91665, 97871
2026/09/22 21:51:16.538, 0, 89617, 97871
2026/09/22 21:51:16.538, 1, 89617, 97871
2026/09/22 21:51:16.538, 2, 89617, 97871
2026/09/22 21:51:16.538, 3, 91665, 97871
2026/09/22 21:51:16.738, 0, 89617, 97871
2026/09/22 21:51:16.738, 1, 89617, 97871
2026/09/22 21:51:16.738, 2, 89617, 97871
2026/09/22 21:51:16.739, 3, 91665, 97871
2026/09/22 21:51:16.939, 0, 89617, 97871
2026/09/22 21:51:16.939, 1, 89617, 97871
2026/09/22 21:51:16.939, 2, 89617, 97871
2026/09/22 21:51:16.939, 3, 91665, 97871
2026/09/22 21:51:17.139, 0, 89617, 97871
2026/09/22 21:51:17.139, 1, 89617, 97871
2026/09/22 21:51:17.139, 2, 89617, 97871
2026/09/22 21:51:17.139, 3, 91665, 97871
2026/09/22 21:51:17.339, 0, 89617, 97871
2026/09/22 21:51:17.339, 1, 89617, 97871
2026/09/22 21:51:17.339, 2, 89617, 97871
2026/09/22 21:51:17.339, 3, 91665, 97871
2026/09/22 21:51:17.539, 0, 89617, 97871
2026/09/22 21:51:17.540, 1, 89617, 97871
2026/09/22 21:51:17.540, 2, 89617, 97871
2026/09/22 21:51:17.540, 3, 91665, 97871
2026/09/22 21:51:17.740, 0, 89617, 97871
2026/09/22 21:51:17.740, 1, 89617, 97871
2026/09/22 21:51:17.740, 2, 89617, 97871
2026/09/22 21:51:17.740, 3, 91665, 97871
2026/09/22 21:51:17.940, 0, 89617, 97871
2026/09/22 21:51:17.940, 1, 89617, 97871
2026/09/22 21:51:17.940, 2, 89617, 97871
2026/09/22 21:51:17.940, 3, 91665, 97871
2026/09/22 21:51:18.140, 0, 89617, 97871
2026/09/22 21:51:18.140, 1, 89617, 97871
2026/09/22 21:51:18.140, 2, 89617, 97871
2026/09/22 21:51:18.140, 3, 91665, 97871
2026/09/22 21:51:18.341, 0, 89617, 97871
2026/09/22 21:51:18.341, 1, 89617, 97871
2026/09/22 21:51:18.341, 2, 89617, 97871
2026/09/22 21:51:18.341, 3, 91665, 97871
2026/09/22 21:51:18.541, 0, 89617, 97871
2026/09/22 21:51:18.541, 1, 89617, 97871
2026/09/22 21:51:18.541, 2, 89617, 97871
2026/09/22 21:51:18.541, 3, 91665, 97871
2026/09/22 21:51:18.741, 0, 89617, 97871
2026/09/22 21:51:18.741, 1, 89617, 97871
2026/09/22 21:51:18.741, 2, 89617, 97871
2026/09/22 21:51:18.741, 3, 91665, 97871
2026/09/22 21:51:18.941, 0, 89617, 97871
2026/09/22 21:51:18.941, 1, 89617, 97871
2026/09/22 21:51:18.942, 2, 89617, 97871
2026/09/22 21:51:18.942, 3, 91665, 97871
2026/09/22 21:51:19.142, 0, 89617, 97871
2026/09/22 21:51:19.142, 1, 89617, 97871
2026/09/22 21:51:19.142, 2, 89617, 97871
2026/09/22 21:51:19.142, 3, 91665, 97871
2026/09/22 21:51:19.342, 0, 89617, 97871
2026/09/22 21:51:19.342, 1, 89617, 97871
2026/09/22 21:51:19.342, 2, 89617, 97871
2026/09/22 21:51:19.342, 3, 91665, 97871
2026/09/22 21:51:19.542, 0, 89617, 97871
2026/09/22 21:51:19.542, 1, 89617, 97871
2026/09/22 21:51:19.542, 2, 89617, 97871
2026/09/22 21:51:19.542, 3, 91665, 97871
2026/09/22 21:51:19.743, 0, 89617, 97871
2026/09/22 21:51:19.743, 1, 89617, 97871
2026/09/22 21:51:19.743, 2, 89617, 97871
2026/09/22 21:51:19.743, 3, 91665, 97871
2026/09/22 21:51:19.943, 0, 89617, 97871
2026/09/22 21:51:19.943, 1, 89617, 97871
2026/09/22 21:51:19.943, 2, 89617, 97871
2026/09/22 21:51:19.943, 3, 91665, 97871
2026/09/22 21:51:20.143, 0, 89617, 97871
2026/09/22 21:51:20.143, 1, 89617, 97871
2026/09/22 21:51:20.143, 2, 89617, 97871
2026/09/22 21:51:20.143, 3, 91665, 97871
2026/09/22 21:51:20.343, 0, 89617, 97871
2026/09/22 21:51:20.344, 1, 89617, 97871
2026/09/22 21:51:20.344, 2, 89617, 97871
2026/09/22 21:51:20.344, 3, 91665, 97871
2026/09/22 21:51:20.544, 0, 89617, 97871
2026/09/22 21:51:20.544, 1, 89617, 97871
2026/09/22 21:51:20.544, 2, 89617, 97871
2026/09/22 21:51:20.544, 3, 91665, 97871
2026/09/22 21:51:20.744, 0, 89617, 97871
2026/09/22 21:51:20.744, 1, 89617, 97871
2026/09/22 21:51:20.744, 2, 89617, 97871
2026/09/22 21:51:20.744, 3, 91665, 97871
2026/09/22 21:51:20.944, 0, 89617, 97871
2026/09/22 21:51:20.944, 1, 89617, 97871
2026/09/22 21:51:20.944, 2, 89617, 97871
2026/09/22 21:51:20.944, 3, 91665, 97871
2026/09/22 21:51:21.144, 0, 89617, 97871
2026/09/22 21:51:21.145, 1, 89617, 97871
2026/09/22 21:51:21.145, 2, 89617, 97871
2026/09/22 21:51:21.145, 3, 91665, 97871
2026/09/22 21:51:21.345, 0, 89617, 97871
2026/09/22 21:51:21.345, 1, 89617, 97871
2026/09/22 21:51:21.345, 2, 89617, 97871
2026/09/22 21:51:21.345, 3, 91665, 97871
2026/09/22 21:51:21.545, 0, 89617, 97871
2026/09/22 21:51:21.545, 1, 89617, 97871
2026/09/22 21:51:21.545, 2, 89617, 97871
2026/09/22 21:51:21.545, 3, 91665, 97871
2026/09/22 21:51:21.745, 0, 89617, 97871
2026/09/22 21:51:21.745, 1, 89617, 97871
2026/09/22 21:51:21.745, 2, 89617, 97871
2026/09/22 21:51:21.746, 3, 91665, 97871
2026/09/22 21:51:21.946, 0, 89617, 97871
2026/09/22 21:51:21.946, 1, 89617, 97871
2026/09/22 21:51:21.946, 2, 89617, 97871
2026/09/22 21:51:21.946, 3, 91665, 97871
2026/09/22 21:51:22.146, 0, 89617, 97871
2026/09/22 21:51:22.146, 1, 89617, 97871
2026/09/22 21:51:22.146, 2, 89617, 97871
2026/09/22 21:51:22.146, 3, 91665, 97871
2026/09/22 21:51:22.346, 0, 89617, 97871
2026/09/22 21:51:22.346, 1, 89617, 97871
2026/09/22 21:51:22.346, 2, 89617, 97871
2026/09/22 21:51:22.346, 3, 91665, 97871
2026/09/22 21:51:22.546, 0, 89617, 97871
2026/09/22 21:51:22.547, 1, 89617, 97871
2026/09/22 21:51:22.547, 2, 89617, 97871
2026/09/22 21:51:22.547, 3, 91665, 97871
2026/09/22 21:51:22.747, 0, 89617, 97871
2026/09/22 21:51:22.747, 1, 89617, 97871
2026/09/22 21:51:22.747, 2, 89617, 97871
2026/09/22 21:51:22.747, 3, 91665, 97871
2026/09/22 21:51:22.947, 0, 89617, 97871
2026/09/22 21:51:22.947, 1, 89617, 97871
2026/09/22 21:51:22.947, 2, 89617, 97871
2026/09/22 21:51:22.947, 3, 91665, 97871
2026/09/22 21:51:23.147, 0, 89617, 97871
2026/09/22 21:51:23.147, 1, 89617, 97871
2026/09/22 21:51:23.147, 2, 89617, 97871
2026/09/22 21:51:23.147, 3, 91665, 97871
2026/09/22 21:51:23.348, 0, 89617, 97871
2026/09/22 21:51:23.348, 1, 89617, 97871
2026/09/22 21:51:23.348, 2, 89617, 97871
2026/09/22 21:51:23.348, 3, 91665, 97871
2026/09/22 21:51:23.548, 0, 89617, 97871
2026/09/22 21:51:23.548, 1, 89617, 97871
2026/09/22 21:51:23.548, 2, 89617, 97871
2026/09/22 21:51:23.548, 3, 91665, 97871
2026/09/22 21:51:23.748, 0, 89617, 97871
2026/09/22 21:51:23.748, 1, 89617, 97871
2026/09/22 21:51:23.748, 2, 89617, 97871
2026/09/22 21:51:23.748, 3, 91665, 97871
2026/09/22 21:51:23.948, 0, 89617, 97871
2026/09/22 21:51:23.948, 1, 89617, 97871
2026/09/22 21:51:23.948, 2, 89617, 97871
2026/09/22 21:51:23.949, 3, 91665, 97871
2026/09/22 21:51:24.149, 0, 89617, 97871
2026/09/22 21:51:24.149, 1, 89617, 97871
2026/09/22 21:51:24.149, 2, 89617, 97871
2026/09/22 21:51:24.149, 3, 91665, 97871
2026/09/22 21:51:24.349, 0, 89617, 97871
2026/09/22 21:51:24.349, 1, 89617, 97871
2026/09/22 21:51:24.349, 2, 89617, 97871
2026/09/22 21:51:24.349, 3, 91665, 97871
2026/09/22 21:51:24.549, 0, 89617, 97871
2026/09/22 21:51:24.549, 1, 89617, 97871
2026/09/22 21:51:24.549, 2, 89617, 97871
2026/09/22 21:51:24.549, 3, 91665, 97871
2026/09/22 21:51:24.749, 0, 89617, 97871
2026/09/22 21:51:24.750, 1, 89617, 97871
2026/09/22 21:51:24.750, 2, 89617, 97871
2026/09/22 21:51:24.750, 3, 91665, 97871
2026/09/22 21:51:24.950, 0, 89617, 97871
2026/09/22 21:51:24.950, 1, 89617, 97871
2026/09/22 21:51:24.950, 2, 89617, 97871
2026/09/22 21:51:24.950, 3, 91665, 97871
2026/09/22 21:51:25.150, 0, 89617, 97871
2026/09/22 21:51:25.150, 1, 89617, 97871
2026/09/22 21:51:25.150, 2, 89617, 97871
2026/09/22 21:51:25.150, 3, 91665, 97871
2026/09/22 21:51:25.350, 0, 89617, 97871
2026/09/22 21:51:25.350, 1, 89617, 97871
2026/09/22 21:51:25.350, 2, 89617, 97871
2026/09/22 21:51:25.350, 3, 91665, 97871
2026/09/22 21:51:25.551, 0, 89617, 97871
2026/09/22 21:51:25.551, 1, 89617, 97871
2026/09/22 21:51:25.551, 2, 89617, 97871
2026/09/22 21:51:25.551, 3, 91665, 97871
2026/09/22 21:51:25.751, 0, 89617, 97871
2026/09/22 21:51:25.751, 1, 89617, 97871
2026/09/22 21:51:25.751, 2, 89617, 97871
2026/09/22 21:51:25.751, 3, 91665, 97871
2026/09/22 21:51:25.951, 0, 89617, 97871
2026/09/22 21:51:25.951, 1, 89617, 97871
2026/09/22 21:51:25.951, 2, 89617, 97871
2026/09/22 21:51:25.951, 3, 91665, 97871
2026/09/22 21:51:26.151, 0, 89617, 97871
2026/09/22 21:51:26.152, 1, 89617, 97871
2026/09/22 21:51:26.152, 2, 89617, 97871
2026/09/22 21:51:26.152, 3, 91665, 97871
2026/09/22 21:51:26.352, 0, 89617, 97871
2026/09/22 21:51:26.352, 1, 89617, 97871
2026/09/22 21:51:26.352, 2, 89617, 97871
2026/09/22 21:51:26.352, 3, 91665, 97871
2026/09/22 21:51:26.552, 0, 89617, 97871
2026/09/22 21:51:26.552, 1, 89617, 97871
2026/09/22 21:51:26.552, 2, 89617, 97871
2026/09/22 21:51:26.552, 3, 91665, 97871
2026/09/22 21:51:26.752, 0, 89617, 97871
2026/09/22 21:51:26.752, 1, 89617, 97871
2026/09/22 21:51:26.752, 2, 89617, 97871
2026/09/22 21:51:26.752, 3, 91665, 97871
2026/09/22 21:51:26.953, 0, 89617, 97871
2026/09/22 21:51:26.953, 1, 89617, 97871
2026/09/22 21:51:26.953, 2, 89617, 97871
2026/09/22 21:51:26.953, 3, 91665, 97871
2026/09/22 21:51:27.153, 0, 89617, 97871
2026/09/22 21:51:27.153, 1, 89617, 97871
2026/09/22 21:51:27.153, 2, 89617, 97871
2026/09/22 21:51:27.153, 3, 91665, 97871
2026/09/22 21:51:27.353, 0, 89617, 97871
2026/09/22 21:51:27.353, 1, 89617, 97871
2026/09/22 21:51:27.353, 2, 89617, 97871
2026/09/22 21:51:27.353, 3, 91665, 97871
2026/09/22 21:51:27.553, 0, 89617, 97871
2026/09/22 21:51:27.553, 1, 89617, 97871
2026/09/22 21:51:27.553, 2, 89617, 97871
2026/09/22 21:51:27.553, 3, 91665, 97871
2026/09/22 21:51:27.753, 0, 89617, 97871
2026/09/22 21:51:27.754, 1, 89617, 97871
2026/09/22 21:51:27.754, 2, 89617, 97871
2026/09/22 21:51:27.754, 3, 91665, 97871
2026/09/22 21:51:27.954, 0, 89617, 97871
2026/09/22 21:51:27.954, 1, 89617, 97871
2026/09/22 21:51:27.954, 2, 89617, 97871
2026/09/22 21:51:27.954, 3, 91665, 97871
2026/09/22 21:51:28.154, 0, 89617, 97871
2026/09/22 21:51:28.154, 1, 89617, 97871
2026/09/22 21:51:28.154, 2, 89617, 97871
2026/09/22 21:51:28.154, 3, 91665, 97871
2026/09/22 21:51:28.354, 0, 89617, 97871
2026/09/22 21:51:28.354, 1, 89617, 97871
2026/09/22 21:51:28.354, 2, 89617, 97871
2026/09/22 21:51:28.354, 3, 91665, 97871
2026/09/22 21:51:28.554, 0, 89617, 97871
2026/09/22 21:51:28.555, 1, 89617, 97871
2026/09/22 21:51:28.555, 2, 89617, 97871
2026/09/22 21:51:28.555, 3, 91665, 97871
2026/09/22 21:51:28.755, 0, 89617, 97871
2026/09/22 21:51:28.755, 1, 89617, 97871
2026/09/22 21:51:28.755, 2, 89617, 97871
2026/09/22 21:51:28.755, 3, 91665, 97871
2026/09/22 21:51:28.955, 0, 89617, 97871
2026/09/22 21:51:28.955, 1, 89617, 97871
2026/09/22 21:51:28.955, 2, 89617, 97871
2026/09/22 21:51:28.955, 3, 91665, 97871
2026/09/22 21:51:29.155, 0, 89617, 97871
2026/09/22 21:51:29.155, 1, 89617, 97871
2026/09/22 21:51:29.155, 2, 89617, 97871
2026/09/22 21:51:29.155, 3, 91665, 97871
2026/09/22 21:51:29.355, 0, 89617, 97871
2026/09/22 21:51:29.355, 1, 89617, 97871
2026/09/22 21:51:29.356, 2, 89617, 97871
2026/09/22 21:51:29.356, 3, 91665, 97871
2026/09/22 21:51:29.556, 0, 89617, 97871
2026/09/22 21:51:29.556, 1, 89617, 97871
2026/09/22 21:51:29.556, 2, 89617, 97871
2026/09/22 21:51:29.556, 3, 91665, 97871
2026/09/22 21:51:29.756, 0, 89617, 97871
2026/09/22 21:51:29.756, 1, 89617, 97871
2026/09/22 21:51:29.756, 2, 89617, 97871
2026/09/22 21:51:29.756, 3, 91665, 97871
2026/09/22 21:51:29.956, 0, 89617, 97871
2026/09/22 21:51:29.956, 1, 89617, 97871
2026/09/22 21:51:29.956, 2, 89617, 97871
2026/09/22 21:51:29.957, 3, 91665, 97871
2026/09/22 21:51:30.157, 0, 89617, 97871
2026/09/22 21:51:30.157, 1, 89617, 97871
2026/09/22 21:51:30.157, 2, 89617, 97871
2026/09/22 21:51:30.157, 3, 91665, 97871
2026/09/22 21:51:30.357, 0, 89617, 97871
2026/09/22 21:51:30.357, 1, 89617, 97871
2026/09/22 21:51:30.357, 2, 89617, 97871
2026/09/22 21:51:30.357, 3, 91665, 97871
2026/09/22 21:51:30.557, 0, 89617, 97871
2026/09/22 21:51:30.557, 1, 89617, 97871
2026/09/22 21:51:30.557, 2, 89617, 97871
2026/09/22 21:51:30.557, 3, 91665, 97871
2026/09/22 21:51:30.757, 0, 89617, 97871
2026/09/22 21:51:30.758, 1, 89617, 97871
2026/09/22 21:51:30.758, 2, 89617, 97871
2026/09/22 21:51:30.758, 3, 91665, 97871
2026/09/22 21:51:30.958, 0, 89617, 97871
2026/09/22 21:51:30.958, 1, 89617, 97871
2026/09/22 21:51:30.958, 2, 89617, 97871
2026/09/22 21:51:30.958, 3, 91665, 97871
2026/09/22 21:51:31.158, 0, 89617, 97871
2026/09/22 21:51:31.158, 1, 89617, 97871
2026/09/22 21:51:31.158, 2, 89617, 97871
2026/09/22 21:51:31.158, 3, 91665, 97871
2026/09/22 21:51:31.358, 0, 89617, 97871
2026/09/22 21:51:31.358, 1, 89617, 97871
2026/09/22 21:51:31.358, 2, 89617, 97871
2026/09/22 21:51:31.359, 3, 91665, 97871
2026/09/22 21:51:31.559, 0, 89617, 97871
2026/09/22 21:51:31.559, 1, 89617, 97871
2026/09/22 21:51:31.559, 2, 89617, 97871
2026/09/22 21:51:31.559, 3, 91665, 97871
2026/09/22 21:51:31.759, 0, 89617, 97871
2026/09/22 21:51:31.759, 1, 89617, 97871
2026/09/22 21:51:31.759, 2, 89617, 97871
2026/09/22 21:51:31.759, 3, 91665, 97871
2026/09/22 21:51:31.959, 0, 89617, 97871
2026/09/22 21:51:31.959, 1, 89617, 97871
2026/09/22 21:51:31.959, 2, 89617, 97871
2026/09/22 21:51:31.959, 3, 91665, 97871
2026/09/22 21:51:32.159, 0, 89617, 97871
2026/09/22 21:51:32.159, 1, 89617, 97871
2026/09/22 21:51:32.159, 2, 89617, 97871
2026/09/22 21:51:32.159, 3, 91665, 97871
2026/09/22 21:51:32.360, 0, 89617, 97871
2026/09/22 21:51:32.360, 1, 89617, 97871
2026/09/22 21:51:32.360, 2, 89617, 97871
2026/09/22 21:51:32.360, 3, 91665, 97871
2026/09/22 21:51:32.560, 0, 89617, 97871
2026/09/22 21:51:32.560, 1, 89617, 97871
2026/09/22 21:51:32.560, 2, 89617, 97871
2026/09/22 21:51:32.560, 3, 91665, 97871
2026/09/22 21:51:32.760, 0, 89617, 97871
2026/09/22 21:51:32.760, 1, 89617, 97871
2026/09/22 21:51:32.760, 2, 89617, 97871
2026/09/22 21:51:32.760, 3, 91665, 97871
2026/09/22 21:51:32.960, 0, 89617, 97871
2026/09/22 21:51:32.961, 1, 89617, 97871
2026/09/22 21:51:32.961, 2, 89617, 97871
2026/09/22 21:51:32.961, 3, 91665, 97871
2026/09/22 21:51:33.161, 0, 89617, 97871
2026/09/22 21:51:33.161, 1, 89617, 97871
2026/09/22 21:51:33.161, 2, 89617, 97871
2026/09/22 21:51:33.161, 3, 91665, 97871
2026/09/22 21:51:33.361, 0, 89617, 97871
2026/09/22 21:51:33.361, 1, 89617, 97871
2026/09/22 21:51:33.361, 2, 89617, 97871
2026/09/22 21:51:33.361, 3, 91665, 97871
2026/09/22 21:51:33.561, 0, 89617, 97871
2026/09/22 21:51:33.561, 1, 89617, 97871
2026/09/22 21:51:33.561, 2, 89617, 97871
2026/09/22 21:51:33.561, 3, 91665, 97871
2026/09/22 21:51:33.762, 0, 89617, 97871
2026/09/22 21:51:33.762, 1, 89617, 97871
2026/09/22 21:51:33.762, 2, 89617, 97871
2026/09/22 21:51:33.762, 3, 91665, 97871
2026/09/22 21:51:33.962, 0, 89617, 97871
2026/09/22 21:51:33.962, 1, 89617, 97871
2026/09/22 21:51:33.962, 2, 89617, 97871
2026/09/22 21:51:33.962, 3, 91665, 97871
2026/09/22 21:51:34.162, 0, 89617, 97871
2026/09/22 21:51:34.162, 1, 89617, 97871
2026/09/22 21:51:34.162, 2, 89617, 97871
2026/09/22 21:51:34.162, 3, 91665, 97871
2026/09/22 21:51:34.362, 0, 89617, 97871
2026/09/22 21:51:34.363, 1, 89617, 97871
2026/09/22 21:51:34.363, 2, 89617, 97871
2026/09/22 21:51:34.363, 3, 91665, 97871
2026/09/22 21:51:34.563, 0, 89617, 97871
2026/09/22 21:51:34.563, 1, 89617, 97871
2026/09/22 21:51:34.563, 2, 89617, 97871
2026/09/22 21:51:34.563, 3, 91665, 97871
2026/09/22 21:51:34.763, 0, 89617, 97871
2026/09/22 21:51:34.763, 1, 89617, 97871
2026/09/22 21:51:34.763, 2, 89617, 97871
2026/09/22 21:51:34.763, 3, 91665, 97871
2026/09/22 21:51:34.963, 0, 89617, 97871
2026/09/22 21:51:34.963, 1, 89617, 97871
2026/09/22 21:51:34.963, 2, 89617, 97871
2026/09/22 21:51:34.963, 3, 91665, 97871
2026/09/22 21:51:35.164, 0, 89617, 97871
2026/09/22 21:51:35.164, 1, 89617, 97871
2026/09/22 21:51:35.164, 2, 89617, 97871
2026/09/22 21:51:35.164, 3, 91665, 97871
2026/09/22 21:51:35.364, 0, 89617, 97871
2026/09/22 21:51:35.364, 1, 89617, 97871
2026/09/22 21:51:35.364, 2, 89617, 97871
2026/09/22 21:51:35.364, 3, 91665, 97871
2026/09/22 21:51:35.564, 0, 89617, 97871
2026/09/22 21:51:35.564, 1, 89617, 97871
2026/09/22 21:51:35.564, 2, 89617, 97871
2026/09/22 21:51:35.564, 3, 91665, 97871
2026/09/22 21:51:35.764, 0, 89617, 97871
2026/09/22 21:51:35.764, 1, 89617, 97871
2026/09/22 21:51:35.764, 2, 89617, 97871
2026/09/22 21:51:35.764, 3, 91665, 97871
2026/09/22 21:51:35.965, 0, 89617, 97871
2026/09/22 21:51:35.965, 1, 89617, 97871
2026/09/22 21:51:35.965, 2, 89617, 97871
2026/09/22 21:51:35.965, 3, 91665, 97871
2026/09/22 21:51:36.165, 0, 89617, 97871
2026/09/22 21:51:36.165, 1, 89617, 97871
2026/09/22 21:51:36.165, 2, 89617, 97871
2026/09/22 21:51:36.165, 3, 91665, 97871
2026/09/22 21:51:36.365, 0, 89617, 97871
2026/09/22 21:51:36.365, 1, 89617, 97871
2026/09/22 21:51:36.365, 2, 89617, 97871
2026/09/22 21:51:36.365, 3, 91665, 97871
2026/09/22 21:51:36.565, 0, 89617, 97871
2026/09/22 21:51:36.565, 1, 89617, 97871
2026/09/22 21:51:36.566, 2, 89617, 97871
2026/09/22 21:51:36.566, 3, 91665, 97871
2026/09/22 21:51:36.766, 0, 89617, 97871
2026/09/22 21:51:36.766, 1, 89617, 97871
2026/09/22 21:51:36.766, 2, 89617, 97871
2026/09/22 21:51:36.766, 3, 91665, 97871
2026/09/22 21:51:36.966, 0, 89617, 97871
2026/09/22 21:51:36.966, 1, 89617, 97871
2026/09/22 21:51:36.966, 2, 89617, 97871
2026/09/22 21:51:36.966, 3, 91665, 97871
2026/09/22 21:51:37.166, 0, 89617, 97871
2026/09/22 21:51:37.166, 1, 89617, 97871
2026/09/22 21:51:37.166, 2, 89617, 97871
2026/09/22 21:51:37.166, 3, 91665, 97871
2026/09/22 21:51:37.366, 0, 89617, 97871
2026/09/22 21:51:37.367, 1, 89617, 97871
2026/09/22 21:51:37.367, 2, 89617, 97871
2026/09/22 21:51:37.367, 3, 91665, 97871
2026/09/22 21:51:37.567, 0, 89617, 97871
2026/09/22 21:51:37.567, 1, 89617, 97871
2026/09/22 21:51:37.567, 2, 89617, 97871
2026/09/22 21:51:37.567, 3, 91665, 97871
2026/09/22 21:51:37.767, 0, 89617, 97871
2026/09/22 21:51:37.767, 1, 89617, 97871
2026/09/22 21:51:37.767, 2, 89617, 97871
2026/09/22 21:51:37.767, 3, 91665, 97871
2026/09/22 21:51:37.967, 0, 89617, 97871
2026/09/22 21:51:37.967, 1, 89617, 97871
2026/09/22 21:51:37.967, 2, 89617, 97871
2026/09/22 21:51:37.967, 3, 91665, 97871
2026/09/22 21:51:38.168, 0, 89617, 97871
2026/09/22 21:51:38.168, 1, 89617, 97871
2026/09/22 21:51:38.168, 2, 89617, 97871
2026/09/22 21:51:38.168, 3, 91665, 97871
2026/09/22 21:51:38.368, 0, 89617, 97871
2026/09/22 21:51:38.368, 1, 89617, 97871
2026/09/22 21:51:38.368, 2, 89617, 97871
2026/09/22 21:51:38.368, 3, 91665, 97871
2026/09/22 21:51:38.568, 0, 89617, 97871
2026/09/22 21:51:38.568, 1, 89617, 97871
2026/09/22 21:51:38.568, 2, 89617, 97871
2026/09/22 21:51:38.568, 3, 91665, 97871
2026/09/22 21:51:38.768, 0, 89617, 97871
2026/09/22 21:51:38.769, 1, 89617, 97871
2026/09/22 21:51:38.769, 2, 89617, 97871
2026/09/22 21:51:38.769, 3, 91665, 97871
2026/09/22 21:51:38.969, 0, 89617, 97871
2026/09/22 21:51:38.969, 1, 89617, 97871
2026/09/22 21:51:38.969, 2, 89617, 97871
2026/09/22 21:51:38.969, 3, 91665, 97871
2026/09/22 21:51:39.169, 0, 89617, 97871
2026/09/22 21:51:39.169, 1, 89617, 97871
2026/09/22 21:51:39.169, 2, 89617, 97871
2026/09/22 21:51:39.169, 3, 91665, 97871
2026/09/22 21:51:39.369, 0, 89617, 97871
2026/09/22 21:51:39.369, 1, 89617, 97871
2026/09/22 21:51:39.369, 2, 89617, 97871
2026/09/22 21:51:39.370, 3, 91665, 97871
2026/09/22 21:51:39.570, 0, 89617, 97871
2026/09/22 21:51:39.570, 1, 89617, 97871
2026/09/22 21:51:39.570, 2, 89617, 97871
2026/09/22 21:51:39.570, 3, 91665, 97871
2026/09/22 21:51:39.770, 0, 89617, 97871
2026/09/22 21:51:39.770, 1, 89617, 97871
2026/09/22 21:51:39.770, 2, 89617, 97871
2026/09/22 21:51:39.770, 3, 91665, 97871
2026/09/22 21:51:39.970, 0, 89617, 97871
2026/09/22 21:51:39.970, 1, 89617, 97871
2026/09/22 21:51:39.970, 2, 89617, 97871
2026/09/22 21:51:39.970, 3, 91665, 97871
2026/09/22 21:51:40.171, 0, 89617, 97871
2026/09/22 21:51:40.171, 1, 89617, 97871
2026/09/22 21:51:40.171, 2, 89617, 97871
2026/09/22 21:51:40.171, 3, 91665, 97871
2026/09/22 21:51:40.371, 0, 89617, 97871
2026/09/22 21:51:40.371, 1, 89617, 97871
2026/09/22 21:51:40.371, 2, 89617, 97871
2026/09/22 21:51:40.371, 3, 91665, 97871
2026/09/22 21:51:40.571, 0, 89617, 97871
2026/09/22 21:51:40.571, 1, 89617, 97871
2026/09/22 21:51:40.571, 2, 89617, 97871
2026/09/22 21:51:40.571, 3, 91665, 97871
2026/09/22 21:51:40.771, 0, 89617, 97871
2026/09/22 21:51:40.772, 1, 89617, 97871
2026/09/22 21:51:40.772, 2, 89617, 97871
2026/09/22 21:51:40.772, 3, 91665, 97871
2026/09/22 21:51:40.972, 0, 89617, 97871
2026/09/22 21:51:40.972, 1, 89617, 97871
2026/09/22 21:51:40.972, 2, 89617, 97871
2026/09/22 21:51:40.972, 3, 91665, 97871
2026/09/22 21:51:41.172, 0, 89617, 97871
2026/09/22 21:51:41.172, 1, 89617, 97871
2026/09/22 21:51:41.172, 2, 89617, 97871
2026/09/22 21:51:41.172, 3, 91665, 97871
2026/09/22 21:51:41.372, 0, 89617, 97871
2026/09/22 21:51:41.374, 1, 89617, 97871
2026/09/22 21:51:41.374, 2, 89617, 97871
2026/09/22 21:51:41.374, 3, 91665, 97871
2026/09/22 21:51:41.574, 0, 89617, 97871
2026/09/22 21:51:41.575, 1, 89617, 97871
2026/09/22 21:51:41.575, 2, 89617, 97871
2026/09/22 21:51:41.575, 3, 91665, 97871
2026/09/22 21:51:41.775, 0, 89617, 97871
2026/09/22 21:51:41.775, 1, 89617, 97871
2026/09/22 21:51:41.775, 2, 89617, 97871
2026/09/22 21:51:41.775, 3, 91665, 97871
2026/09/22 21:51:41.975, 0, 89617, 97871
2026/09/22 21:51:41.975, 1, 89617, 97871
2026/09/22 21:51:41.975, 2, 89617, 97871
2026/09/22 21:51:41.975, 3, 91665, 97871
2026/09/22 21:51:42.175, 0, 89617, 97871
2026/09/22 21:51:42.175, 1, 89617, 97871
2026/09/22 21:51:42.176, 2, 89617, 97871
2026/09/22 21:51:42.176, 3, 91665, 97871
2026/09/22 21:51:42.376, 0, 89617, 97871
2026/09/22 21:51:42.376, 1, 89617, 97871
2026/09/22 21:51:42.376, 2, 89617, 97871
2026/09/22 21:51:42.376, 3, 91665, 97871
2026/09/22 21:51:42.576, 0, 89617, 97871
2026/09/22 21:51:42.576, 1, 89617, 97871
2026/09/22 21:51:42.576, 2, 89617, 97871
2026/09/22 21:51:42.576, 3, 91665, 97871
2026/09/22 21:51:42.776, 0, 89617, 97871
2026/09/22 21:51:42.776, 1, 89617, 97871
2026/09/22 21:51:42.776, 2, 89617, 97871
2026/09/22 21:51:42.777, 3, 91665, 97871
2026/09/22 21:51:42.977, 0, 89617, 97871
2026/09/22 21:51:42.977, 1, 89617, 97871
2026/09/22 21:51:42.977, 2, 89617, 97871
2026/09/22 21:51:42.977, 3, 91665, 97871
2026/09/22 21:51:43.177, 0, 89617, 97871
2026/09/22 21:51:43.177, 1, 89617, 97871
2026/09/22 21:51:43.177, 2, 89617, 97871
2026/09/22 21:51:43.177, 3, 91665, 97871
2026/09/22 21:51:43.377, 0, 89617, 97871
2026/09/22 21:51:43.377, 1, 89617, 97871
2026/09/22 21:51:43.377, 2, 89617, 97871
2026/09/22 21:51:43.377, 3, 91665, 97871
2026/09/22 21:51:43.577, 0, 89617, 97871
2026/09/22 21:51:43.578, 1, 89617, 97871
2026/09/22 21:51:43.578, 2, 89617, 97871
2026/09/22 21:51:43.578, 3, 91665, 97871
2026/09/22 21:51:43.778, 0, 89617, 97871
2026/09/22 21:51:43.778, 1, 89617, 97871
2026/09/22 21:51:43.778, 2, 89617, 97871
2026/09/22 21:51:43.778, 3, 91665, 97871
2026/09/22 21:51:43.978, 0, 89617, 97871
2026/09/22 21:51:43.978, 1, 89617, 97871
2026/09/22 21:51:43.978, 2, 89617, 97871
2026/09/22 21:51:43.978, 3, 91665, 97871
2026/09/22 21:51:44.178, 0, 89617, 97871
2026/09/22 21:51:44.178, 1, 89617, 97871
2026/09/22 21:51:44.178, 2, 89617, 97871
2026/09/22 21:51:44.178, 3, 91665, 97871
2026/09/22 21:51:44.378, 0, 89617, 97871
2026/09/22 21:51:44.379, 1, 89617, 97871
2026/09/22 21:51:44.379, 2, 89617, 97871
2026/09/22 21:51:44.379, 3, 91665, 97871
2026/09/22 21:51:44.579, 0, 89617, 97871
2026/09/22 21:51:44.579, 1, 89617, 97871
2026/09/22 21:51:44.579, 2, 89617, 97871
2026/09/22 21:51:44.579, 3, 91665, 97871
2026/09/22 21:51:44.779, 0, 89617, 97871
2026/09/22 21:51:44.779, 1, 89617, 97871
2026/09/22 21:51:44.779, 2, 89617, 97871
2026/09/22 21:51:44.779, 3, 91665, 97871
2026/09/22 21:51:44.979, 0, 89617, 97871
2026/09/22 21:51:44.979, 1, 89617, 97871
2026/09/22 21:51:44.979, 2, 89617, 97871
2026/09/22 21:51:44.979, 3, 91665, 97871
2026/09/22 21:51:45.180, 0, 89617, 97871
2026/09/22 21:51:45.180, 1, 89617, 97871
2026/09/22 21:51:45.180, 2, 89617, 97871
2026/09/22 21:51:45.180, 3, 91665, 97871
2026/09/22 21:51:45.380, 0, 89617, 97871
2026/09/22 21:51:45.380, 1, 89617, 97871
2026/09/22 21:51:45.380, 2, 89617, 97871
2026/09/22 21:51:45.380, 3, 91665, 97871
2026/09/22 21:51:45.580, 0, 89617, 97871
2026/09/22 21:51:45.580, 1, 89617, 97871
2026/09/22 21:51:45.580, 2, 89617, 97871
2026/09/22 21:51:45.580, 3, 91665, 97871
2026/09/22 21:51:45.780, 0, 89617, 97871
2026/09/22 21:51:45.780, 1, 89617, 97871
2026/09/22 21:51:45.780, 2, 89617, 97871
2026/09/22 21:51:45.780, 3, 91665, 97871
2026/09/22 21:51:45.981, 0, 89617, 97871
2026/09/22 21:51:45.981, 1, 89617, 97871
2026/09/22 21:51:45.981, 2, 89617, 97871
2026/09/22 21:51:45.981, 3, 91665, 97871
2026/09/22 21:51:46.181, 0, 89617, 97871
2026/09/22 21:51:46.181, 1, 89617, 97871
2026/09/22 21:51:46.181, 2, 89617, 97871
2026/09/22 21:51:46.181, 3, 91665, 97871
2026/09/22 21:51:46.381, 0, 89617, 97871
2026/09/22 21:51:46.381, 1, 89617, 97871
2026/09/22 21:51:46.381, 2, 89617, 97871
2026/09/22 21:51:46.381, 3, 91665, 97871
2026/09/22 21:51:46.581, 0, 89617, 97871
2026/09/22 21:51:46.581, 1, 89617, 97871
2026/09/22 21:51:46.581, 2, 89617, 97871
2026/09/22 21:51:46.582, 3, 91665, 97871
2026/09/22 21:51:46.782, 0, 89617, 97871
2026/09/22 21:51:46.782, 1, 89617, 97871
2026/09/22 21:51:46.782, 2, 89617, 97871
2026/09/22 21:51:46.782, 3, 91665, 97871
2026/09/22 21:51:46.982, 0, 89617, 97871
2026/09/22 21:51:46.982, 1, 89617, 97871
2026/09/22 21:51:46.982, 2, 89617, 97871
2026/09/22 21:51:46.982, 3, 91665, 97871
2026/09/22 21:51:47.182, 0, 89617, 97871
2026/09/22 21:51:47.182, 1, 89617, 97871
2026/09/22 21:51:47.182, 2, 89617, 97871
2026/09/22 21:51:47.182, 3, 91665, 97871
2026/09/22 21:51:47.383, 0, 89617, 97871
2026/09/22 21:51:47.383, 1, 89617, 97871
2026/09/22 21:51:47.383, 2, 89617, 97871
2026/09/22 21:51:47.383, 3, 91665, 97871
2026/09/22 21:51:47.583, 0, 89617, 97871
2026/09/22 21:51:47.583, 1, 89617, 97871
2026/09/22 21:51:47.583, 2, 89617, 97871
2026/09/22 21:51:47.583, 3, 91665, 97871
2026/09/22 21:51:47.783, 0, 89617, 97871
2026/09/22 21:51:47.783, 1, 89617, 97871
2026/09/22 21:51:47.783, 2, 89617, 97871
2026/09/22 21:51:47.783, 3, 91665, 97871
2026/09/22 21:51:47.984, 0, 89617, 97871
2026/09/22 21:51:47.984, 1, 89617, 97871
2026/09/22 21:51:47.984, 2, 89617, 97871
2026/09/22 21:51:47.984, 3, 91665, 97871
2026/09/22 21:51:48.184, 0, 89617, 97871
2026/09/22 21:51:48.184, 1, 89617, 97871
2026/09/22 21:51:48.184, 2, 89617, 97871
2026/09/22 21:51:48.184, 3, 91665, 97871
2026/09/22 21:51:48.384, 0, 89617, 97871
2026/09/22 21:51:48.384, 1, 89617, 97871
2026/09/22 21:51:48.384, 2, 89617, 97871
2026/09/22 21:51:48.384, 3, 91665, 97871
2026/09/22 21:51:48.584, 0, 89617, 97871
2026/09/22 21:51:48.584, 1, 89617, 97871
2026/09/22 21:51:48.585, 2, 89617, 97871
2026/09/22 21:51:48.585, 3, 91665, 97871
2026/09/22 21:51:48.785, 0, 89617, 97871
2026/09/22 21:51:48.785, 1, 89617, 97871
2026/09/22 21:51:48.785, 2, 89617, 97871
2026/09/22 21:51:48.785, 3, 91665, 97871
2026/09/22 21:51:48.985, 0, 89617, 97871
2026/09/22 21:51:48.985, 1, 89617, 97871
2026/09/22 21:51:48.985, 2, 89617, 97871
2026/09/22 21:51:48.985, 3, 91665, 97871
2026/09/22 21:51:49.185, 0, 89617, 97871
2026/09/22 21:51:49.185, 1, 89617, 97871
2026/09/22 21:51:49.185, 2, 89617, 97871
2026/09/22 21:51:49.185, 3, 91665, 97871
2026/09/22 21:51:49.385, 0, 89617, 97871
2026/09/22 21:51:49.385, 1, 89617, 97871
2026/09/22 21:51:49.386, 2, 89617, 97871
2026/09/22 21:51:49.386, 3, 91665, 97871
2026/09/22 21:51:49.586, 0, 89617, 97871
2026/09/22 21:51:49.586, 1, 89617, 97871
2026/09/22 21:51:49.586, 2, 89617, 97871
2026/09/22 21:51:49.586, 3, 91665, 97871
2026/09/22 21:51:49.786, 0, 89617, 97871
2026/09/22 21:51:49.786, 1, 89617, 97871
2026/09/22 21:51:49.786, 2, 89617, 97871
2026/09/22 21:51:49.786, 3, 91665, 97871
2026/09/22 21:51:49.986, 0, 89617, 97871
2026/09/22 21:51:49.986, 1, 89617, 97871
2026/09/22 21:51:49.986, 2, 89617, 97871
2026/09/22 21:51:49.986, 3, 91665, 97871
2026/09/22 21:51:50.187, 0, 89617, 97871
2026/09/22 21:51:50.187, 1, 89617, 97871
2026/09/22 21:51:50.187, 2, 89617, 97871
2026/09/22 21:51:50.187, 3, 91665, 97871
2026/09/22 21:51:50.387, 0, 89617, 97871
2026/09/22 21:51:50.387, 1, 89617, 97871
2026/09/22 21:51:50.387, 2, 89617, 97871
2026/09/22 21:51:50.387, 3, 91665, 97871
2026/09/22 21:51:50.587, 0, 89617, 97871
2026/09/22 21:51:50.587, 1, 89617, 97871
2026/09/22 21:51:50.587, 2, 89617, 97871
2026/09/22 21:51:50.587, 3, 91665, 97871
2026/09/22 21:51:50.787, 0, 89617, 97871
2026/09/22 21:51:50.787, 1, 89617, 97871
2026/09/22 21:51:50.788, 2, 89617, 97871
2026/09/22 21:51:50.788, 3, 91665, 97871
2026/09/22 21:51:50.988, 0, 89617, 97871
2026/09/22 21:51:50.988, 1, 89617, 97871
2026/09/22 21:51:50.988, 2, 89617, 97871
2026/09/22 21:51:50.988, 3, 91665, 97871
2026/09/22 21:51:51.188, 0, 89617, 97871
2026/09/22 21:51:51.188, 1, 89617, 97871
2026/09/22 21:51:51.188, 2, 89617, 97871
2026/09/22 21:51:51.188, 3, 91665, 97871
2026/09/22 21:51:51.388, 0, 89617, 97871
2026/09/22 21:51:51.388, 1, 89617, 97871
2026/09/22 21:51:51.388, 2, 89617, 97871
2026/09/22 21:51:51.388, 3, 91665, 97871
2026/09/22 21:51:51.589, 0, 89617, 97871
2026/09/22 21:51:51.589, 1, 89617, 97871
2026/09/22 21:51:51.589, 2, 89617, 97871
2026/09/22 21:51:51.589, 3, 91665, 97871
2026/09/22 21:51:51.789, 0, 89617, 97871
2026/09/22 21:51:51.789, 1, 89617, 97871
2026/09/22 21:51:51.789, 2, 89617, 97871
2026/09/22 21:51:51.789, 3, 91665, 97871
2026/09/22 21:51:51.989, 0, 89617, 97871
2026/09/22 21:51:51.989, 1, 89617, 97871
2026/09/22 21:51:51.989, 2, 89617, 97871
2026/09/22 21:51:51.989, 3, 91665, 97871
2026/09/22 21:51:52.189, 0, 89617, 97871
2026/09/22 21:51:52.189, 1, 89617, 97871
2026/09/22 21:51:52.189, 2, 89617, 97871
2026/09/22 21:51:52.189, 3, 91665, 97871
2026/09/22 21:51:52.390, 0, 89617, 97871
2026/09/22 21:51:52.390, 1, 89617, 97871
2026/09/22 21:51:52.390, 2, 89617, 97871
2026/09/22 21:51:52.390, 3, 91665, 97871
2026/09/22 21:51:52.590, 0, 89617, 97871
2026/09/22 21:51:52.590, 1, 89617, 97871
2026/09/22 21:51:52.590, 2, 89617, 97871
2026/09/22 21:51:52.590, 3, 91665, 97871
2026/09/22 21:51:52.790, 0, 89617, 97871
2026/09/22 21:51:52.790, 1, 89617, 97871
2026/09/22 21:51:52.790, 2, 89617, 97871
2026/09/22 21:51:52.790, 3, 91665, 97871
2026/09/22 21:51:52.990, 0, 89617, 97871
2026/09/22 21:51:52.990, 1, 89617, 97871
2026/09/22 21:51:52.990, 2, 89617, 97871
2026/09/22 21:51:52.991, 3, 91665, 97871
2026/09/22 21:51:53.191, 0, 89617, 97871
2026/09/22 21:51:53.191, 1, 89617, 97871
2026/09/22 21:51:53.191, 2, 89617, 97871
2026/09/22 21:51:53.191, 3, 91665, 97871
2026/09/22 21:51:53.391, 0, 89617, 97871
2026/09/22 21:51:53.391, 1, 89617, 97871
2026/09/22 21:51:53.391, 2, 89617, 97871
2026/09/22 21:51:53.391, 3, 91665, 97871
2026/09/22 21:51:53.591, 0, 89617, 97871
2026/09/22 21:51:53.591, 1, 89617, 97871
2026/09/22 21:51:53.591, 2, 89617, 97871
2026/09/22 21:51:53.591, 3, 91665, 97871
2026/09/22 21:51:53.791, 0, 89617, 97871
2026/09/22 21:51:53.791, 1, 89617, 97871
2026/09/22 21:51:53.791, 2, 89617, 97871
2026/09/22 21:51:53.791, 3, 91665, 97871
2026/09/22 21:51:53.992, 0, 89617, 97871
2026/09/22 21:51:53.992, 1, 89617, 97871
2026/09/22 21:51:53.992, 2, 89617, 97871
2026/09/22 21:51:53.992, 3, 91665, 97871
2026/09/22 21:51:54.192, 0, 89617, 97871
2026/09/22 21:51:54.192, 1, 89617, 97871
2026/09/22 21:51:54.192, 2, 89617, 97871
2026/09/22 21:51:54.192, 3, 91665, 97871
2026/09/22 21:51:54.392, 0, 89617, 97871
2026/09/22 21:51:54.392, 1, 89617, 97871
2026/09/22 21:51:54.392, 2, 89617, 97871
2026/09/22 21:51:54.392, 3, 91665, 97871
2026/09/22 21:51:54.592, 0, 89617, 97871
2026/09/22 21:51:54.592, 1, 89617, 97871
2026/09/22 21:51:54.592, 2, 89617, 97871
2026/09/22 21:51:54.592, 3, 91665, 97871
2026/09/22 21:51:54.793, 0, 89617, 97871
2026/09/22 21:51:54.793, 1, 89617, 97871
2026/09/22 21:51:54.793, 2, 89617, 97871
2026/09/22 21:51:54.793, 3, 91665, 97871
2026/09/22 21:51:54.993, 0, 89617, 97871
2026/09/22 21:51:54.993, 1, 89617, 97871
2026/09/22 21:51:54.993, 2, 89617, 97871
2026/09/22 21:51:54.993, 3, 91665, 97871
2026/09/22 21:51:55.193, 0, 89617, 97871
2026/09/22 21:51:55.193, 1, 89617, 97871
2026/09/22 21:51:55.193, 2, 89617, 97871
2026/09/22 21:51:55.193, 3, 91665, 97871
2026/09/22 21:51:55.394, 0, 89617, 97871
2026/09/22 21:51:55.394, 1, 89617, 97871
2026/09/22 21:51:55.394, 2, 89617, 97871
2026/09/22 21:51:55.394, 3, 91665, 97871
2026/09/22 21:51:55.594, 0, 89617, 97871
2026/09/22 21:51:55.594, 1, 89617, 97871
2026/09/22 21:51:55.594, 2, 89617, 97871
2026/09/22 21:51:55.594, 3, 91665, 97871
2026/09/22 21:51:55.794, 0, 89617, 97871
2026/09/22 21:51:55.794, 1, 89617, 97871
2026/09/22 21:51:55.794, 2, 89617, 97871
2026/09/22 21:51:55.794, 3, 91665, 97871
2026/09/22 21:51:55.994, 0, 89617, 97871
2026/09/22 21:51:55.994, 1, 89617, 97871
2026/09/22 21:51:55.995, 2, 89617, 97871
2026/09/22 21:51:55.995, 3, 91665, 97871
2026/09/22 21:51:56.195, 0, 89617, 97871
2026/09/22 21:51:56.195, 1, 89617, 97871
2026/09/22 21:51:56.195, 2, 89617, 97871
2026/09/22 21:51:56.195, 3, 91665, 97871
2026/09/22 21:51:56.395, 0, 89617, 97871
2026/09/22 21:51:56.395, 1, 89617, 97871
2026/09/22 21:51:56.395, 2, 89617, 97871
2026/09/22 21:51:56.395, 3, 91665, 97871
2026/09/22 21:51:56.595, 0, 89617, 97871
2026/09/22 21:51:56.595, 1, 89617, 97871
2026/09/22 21:51:56.595, 2, 89617, 97871
2026/09/22 21:51:56.595, 3, 91665, 97871
2026/09/22 21:51:56.795, 0, 89617, 97871
2026/09/22 21:51:56.796, 1, 89617, 97871
2026/09/22 21:51:56.796, 2, 89617, 97871
2026/09/22 21:51:56.796, 3, 91665, 97871
2026/09/22 21:51:56.996, 0, 89617, 97871
2026/09/22 21:51:56.996, 1, 89617, 97871
2026/09/22 21:51:56.996, 2, 89617, 97871
2026/09/22 21:51:56.996, 3, 91665, 97871
2026/09/22 21:51:57.196, 0, 89617, 97871
2026/09/22 21:51:57.196, 1, 89617, 97871
2026/09/22 21:51:57.196, 2, 89617, 97871
2026/09/22 21:51:57.196, 3, 91665, 97871
2026/09/22 21:51:57.396, 0, 89617, 97871
2026/09/22 21:51:57.396, 1, 89617, 97871
2026/09/22 21:51:57.397, 2, 89617, 97871
2026/09/22 21:51:57.397, 3, 91665, 97871
2026/09/22 21:51:57.597, 0, 89617, 97871
2026/09/22 21:51:57.597, 1, 89617, 97871
2026/09/22 21:51:57.597, 2, 89617, 97871
2026/09/22 21:51:57.597, 3, 91665, 97871
2026/09/22 21:51:57.797, 0, 89617, 97871
2026/09/22 21:51:57.797, 1, 89617, 97871
2026/09/22 21:51:57.797, 2, 89617, 97871
2026/09/22 21:51:57.797, 3, 91665, 97871
2026/09/22 21:51:57.997, 0, 89617, 97871
2026/09/22 21:51:57.997, 1, 89617, 97871
2026/09/22 21:51:57.997, 2, 89617, 97871
2026/09/22 21:51:57.997, 3, 91665, 97871
2026/09/22 21:51:58.197, 0, 89617, 97871
2026/09/22 21:51:58.198, 1, 89617, 97871
2026/09/22 21:51:58.198, 2, 89617, 97871
2026/09/22 21:51:58.198, 3, 91665, 97871
2026/09/22 21:51:58.398, 0, 89617, 97871
2026/09/22 21:51:58.398, 1, 89617, 97871
2026/09/22 21:51:58.398, 2, 89617, 97871
2026/09/22 21:51:58.398, 3, 91665, 97871
2026/09/22 21:51:58.598, 0, 89617, 97871
2026/09/22 21:51:58.598, 1, 89617, 97871
2026/09/22 21:51:58.598, 2, 89617, 97871
2026/09/22 21:51:58.598, 3, 91665, 97871
2026/09/22 21:51:58.798, 0, 89617, 97871
2026/09/22 21:51:58.798, 1, 89617, 97871
2026/09/22 21:51:58.798, 2, 89617, 97871
2026/09/22 21:51:58.798, 3, 91665, 97871
2026/09/22 21:51:58.999, 0, 89617, 97871
2026/09/22 21:51:58.999, 1, 89617, 97871
2026/09/22 21:51:58.999, 2, 89617, 97871
2026/09/22 21:51:58.999, 3, 91665, 97871
2026/09/22 21:51:59.199, 0, 89617, 97871
2026/09/22 21:51:59.199, 1, 89617, 97871
2026/09/22 21:51:59.199, 2, 89617, 97871
2026/09/22 21:51:59.199, 3, 91665, 97871
2026/09/22 21:51:59.399, 0, 89617, 97871
2026/09/22 21:51:59.399, 1, 89617, 97871
2026/09/22 21:51:59.399, 2, 89617, 97871
2026/09/22 21:51:59.399, 3, 91665, 97871
2026/09/22 21:51:59.599, 0, 89617, 97871
2026/09/22 21:51:59.599, 1, 89617, 97871
2026/09/22 21:51:59.599, 2, 89617, 97871
2026/09/22 21:51:59.599, 3, 91665, 97871
2026/09/22 21:51:59.800, 0, 89617, 97871
2026/09/22 21:51:59.800, 1, 89617, 97871
2026/09/22 21:51:59.800, 2, 89617, 97871
2026/09/22 21:51:59.800, 3, 91665, 97871
2026/09/22 21:52:00.000, 0, 89617, 97871
2026/09/22 21:52:00.000, 1, 89617, 97871
2026/09/22 21:52:00.000, 2, 89617, 97871
2026/09/22 21:52:00.000, 3, 91665, 97871
2026/09/22 21:52:00.200, 0, 89617, 97871
2026/09/22 21:52:00.200, 1, 89617, 97871
2026/09/22 21:52:00.200, 2, 89617, 97871
2026/09/22 21:52:00.200, 3, 91665, 97871
2026/09/22 21:52:00.400, 0, 89617, 97871
2026/09/22 21:52:00.401, 1, 89617, 97871
2026/09/22 21:52:00.401, 2, 89617, 97871
2026/09/22 21:52:00.401, 3, 91665, 97871
2026/09/22 21:52:00.601, 0, 89617, 97871
2026/09/22 21:52:00.601, 1, 89617, 97871
2026/09/22 21:52:00.601, 2, 89617, 97871
2026/09/22 21:52:00.601, 3, 91665, 97871
2026/09/22 21:52:00.801, 0, 89617, 97871
2026/09/22 21:52:00.801, 1, 89617, 97871
2026/09/22 21:52:00.801, 2, 89617, 97871
2026/09/22 21:52:00.801, 3, 91665, 97871
2026/09/22 21:52:01.001, 0, 89617, 97871
2026/09/22 21:52:01.001, 1, 89617, 97871
2026/09/22 21:52:01.001, 2, 89617, 97871
2026/09/22 21:52:01.001, 3, 91665, 97871
2026/09/22 21:52:01.202, 0, 89617, 97871
2026/09/22 21:52:01.202, 1, 89617, 97871
2026/09/22 21:52:01.202, 2, 89617, 97871
2026/09/22 21:52:01.202, 3, 91665, 97871
2026/09/22 21:52:01.402, 0, 89617, 97871
2026/09/22 21:52:01.402, 1, 89617, 97871
2026/09/22 21:52:01.402, 2, 89617, 97871
2026/09/22 21:52:01.402, 3, 91665, 97871
2026/09/22 21:52:01.602, 0, 89617, 97871
2026/09/22 21:52:01.602, 1, 89617, 97871
2026/09/22 21:52:01.602, 2, 89617, 97871
2026/09/22 21:52:01.602, 3, 91665, 97871
2026/09/22 21:52:01.802, 0, 89617, 97871
2026/09/22 21:52:01.802, 1, 89617, 97871
2026/09/22 21:52:01.802, 2, 89617, 97871
2026/09/22 21:52:01.802, 3, 91665, 97871
2026/09/22 21:52:02.003, 0, 89617, 97871
2026/09/22 21:52:02.003, 1, 89617, 97871
2026/09/22 21:52:02.003, 2, 89617, 97871
2026/09/22 21:52:02.003, 3, 91665, 97871
2026/09/22 21:52:02.203, 0, 89617, 97871
2026/09/22 21:52:02.203, 1, 89617, 97871
2026/09/22 21:52:02.203, 2, 89617, 97871
2026/09/22 21:52:02.203, 3, 91665, 97871
2026/09/22 21:52:02.403, 0, 89617, 97871
2026/09/22 21:52:02.403, 1, 89617, 97871
2026/09/22 21:52:02.403, 2, 89617, 97871
2026/09/22 21:52:02.403, 3, 91665, 97871
2026/09/22 21:52:02.603, 0, 89617, 97871
2026/09/22 21:52:02.603, 1, 89617, 97871
2026/09/22 21:52:02.603, 2, 89617, 97871
2026/09/22 21:52:02.603, 3, 91665, 97871
2026/09/22 21:52:02.804, 0, 89617, 97871
2026/09/22 21:52:02.804, 1, 89617, 97871
2026/09/22 21:52:02.804, 2, 89617, 97871
2026/09/22 21:52:02.804, 3, 91665, 97871
2026/09/22 21:52:03.004, 0, 89617, 97871
2026/09/22 21:52:03.004, 1, 89617, 97871
2026/09/22 21:52:03.004, 2, 89617, 97871
2026/09/22 21:52:03.004, 3, 91665, 97871
2026/09/22 21:52:03.204, 0, 89617, 97871
2026/09/22 21:52:03.204, 1, 89617, 97871
2026/09/22 21:52:03.204, 2, 89617, 97871
2026/09/22 21:52:03.204, 3, 91665, 97871
2026/09/22 21:52:03.405, 0, 89617, 97871
2026/09/22 21:52:03.405, 1, 89617, 97871
2026/09/22 21:52:03.405, 2, 89617, 97871
2026/09/22 21:52:03.405, 3, 91665, 97871
2026/09/22 21:52:03.605, 0, 89617, 97871
2026/09/22 21:52:03.605, 1, 89617, 97871
2026/09/22 21:52:03.605, 2, 89617, 97871
2026/09/22 21:52:03.605, 3, 91665, 97871
2026/09/22 21:52:03.805, 0, 89617, 97871
2026/09/22 21:52:03.805, 1, 89617, 97871
2026/09/22 21:52:03.805, 2, 89617, 97871
2026/09/22 21:52:03.805, 3, 91665, 97871
2026/09/22 21:52:04.005, 0, 89617, 97871
2026/09/22 21:52:04.006, 1, 89617, 97871
2026/09/22 21:52:04.006, 2, 89617, 97871
2026/09/22 21:52:04.006, 3, 91665, 97871
2026/09/22 21:52:04.206, 0, 89617, 97871
2026/09/22 21:52:04.206, 1, 89617, 97871
2026/09/22 21:52:04.206, 2, 89617, 97871
2026/09/22 21:52:04.206, 3, 91665, 97871
2026/09/22 21:52:04.406, 0, 89617, 97871
2026/09/22 21:52:04.406, 1, 89617, 97871
2026/09/22 21:52:04.406, 2, 89617, 97871
2026/09/22 21:52:04.406, 3, 91665, 97871
2026/09/22 21:52:04.606, 0, 89617, 97871
2026/09/22 21:52:04.606, 1, 89617, 97871
2026/09/22 21:52:04.606, 2, 89617, 97871
2026/09/22 21:52:04.607, 3, 91665, 97871
2026/09/22 21:52:04.807, 0, 89617, 97871
2026/09/22 21:52:04.807, 1, 89617, 97871
2026/09/22 21:52:04.807, 2, 89617, 97871
2026/09/22 21:52:04.807, 3, 91665, 97871
2026/09/22 21:52:05.007, 0, 89617, 97871
2026/09/22 21:52:05.007, 1, 89617, 97871
2026/09/22 21:52:05.007, 2, 89617, 97871
2026/09/22 21:52:05.007, 3, 91665, 97871
2026/09/22 21:52:05.207, 0, 89617, 97871
2026/09/22 21:52:05.207, 1, 89617, 97871
2026/09/22 21:52:05.207, 2, 89617, 97871
2026/09/22 21:52:05.207, 3, 91665, 97871
2026/09/22 21:52:05.407, 0, 89617, 97871
2026/09/22 21:52:05.407, 1, 89617, 97871
2026/09/22 21:52:05.408, 2, 89617, 97871
2026/09/22 21:52:05.408, 3, 91665, 97871
2026/09/22 21:52:05.608, 0, 89617, 97871
2026/09/22 21:52:05.608, 1, 89617, 97871
2026/09/22 21:52:05.608, 2, 89617, 97871
2026/09/22 21:52:05.608, 3, 91665, 97871
2026/09/22 21:52:05.808, 0, 89617, 97871
2026/09/22 21:52:05.808, 1, 89617, 97871
2026/09/22 21:52:05.808, 2, 89617, 97871
2026/09/22 21:52:05.808, 3, 91665, 97871
2026/09/22 21:52:06.008, 0, 89617, 97871
2026/09/22 21:52:06.008, 1, 89617, 97871
2026/09/22 21:52:06.008, 2, 89617, 97871
2026/09/22 21:52:06.008, 3, 91665, 97871
2026/09/22 21:52:06.209, 0, 89617, 97871
2026/09/22 21:52:06.209, 1, 89617, 97871
2026/09/22 21:52:06.209, 2, 89617, 97871
2026/09/22 21:52:06.209, 3, 91665, 97871
2026/09/22 21:52:06.409, 0, 89617, 97871
2026/09/22 21:52:06.409, 1, 89617, 97871
2026/09/22 21:52:06.409, 2, 89617, 97871
2026/09/22 21:52:06.409, 3, 91665, 97871
2026/09/22 21:52:06.609, 0, 89617, 97871
2026/09/22 21:52:06.609, 1, 89617, 97871
2026/09/22 21:52:06.609, 2, 89617, 97871
2026/09/22 21:52:06.609, 3, 91665, 97871
2026/09/22 21:52:06.809, 0, 89617, 97871
2026/09/22 21:52:06.810, 1, 89617, 97871
2026/09/22 21:52:06.810, 2, 89617, 97871
2026/09/22 21:52:06.810, 3, 91665, 97871
2026/09/22 21:52:07.010, 0, 89617, 97871
2026/09/22 21:52:07.010, 1, 89617, 97871
2026/09/22 21:52:07.010, 2, 89617, 97871
2026/09/22 21:52:07.010, 3, 91665, 97871
2026/09/22 21:52:07.210, 0, 89617, 97871
2026/09/22 21:52:07.210, 1, 89617, 97871
2026/09/22 21:52:07.210, 2, 89617, 97871
2026/09/22 21:52:07.210, 3, 91665, 97871
2026/09/22 21:52:07.410, 0, 89617, 97871
2026/09/22 21:52:07.410, 1, 89617, 97871
2026/09/22 21:52:07.410, 2, 89617, 97871
2026/09/22 21:52:07.410, 3, 91665, 97871
2026/09/22 21:52:07.610, 0, 89617, 97871
2026/09/22 21:52:07.611, 1, 89617, 97871
2026/09/22 21:52:07.611, 2, 89617, 97871
2026/09/22 21:52:07.611, 3, 91665, 97871
2026/09/22 21:52:07.811, 0, 89617, 97871
2026/09/22 21:52:07.811, 1, 89617, 97871
2026/09/22 21:52:07.811, 2, 89617, 97871
2026/09/22 21:52:07.811, 3, 91665, 97871
2026/09/22 21:52:08.011, 0, 89617, 97871
2026/09/22 21:52:08.011, 1, 89617, 97871
2026/09/22 21:52:08.011, 2, 89617, 97871
2026/09/22 21:52:08.011, 3, 91665, 97871
2026/09/22 21:52:08.211, 0, 89617, 97871
2026/09/22 21:52:08.212, 1, 89617, 97871
2026/09/22 21:52:08.212, 2, 89617, 97871
2026/09/22 21:52:08.212, 3, 91665, 97871
2026/09/22 21:52:08.412, 0, 89617, 97871
2026/09/22 21:52:08.412, 1, 89617, 97871
2026/09/22 21:52:08.412, 2, 89617, 97871
2026/09/22 21:52:08.412, 3, 91665, 97871
2026/09/22 21:52:08.612, 0, 89617, 97871
2026/09/22 21:52:08.612, 1, 89617, 97871
2026/09/22 21:52:08.612, 2, 89617, 97871
2026/09/22 21:52:08.612, 3, 91665, 97871
2026/09/22 21:52:08.812, 0, 89617, 97871
2026/09/22 21:52:08.812, 1, 89617, 97871
2026/09/22 21:52:08.812, 2, 89617, 97871
2026/09/22 21:52:08.812, 3, 91665, 97871
2026/09/22 21:52:09.013, 0, 89617, 97871
2026/09/22 21:52:09.013, 1, 89617, 97871
2026/09/22 21:52:09.013, 2, 89617, 97871
2026/09/22 21:52:09.013, 3, 91665, 97871
2026/09/22 21:52:09.213, 0, 89617, 97871
2026/09/22 21:52:09.213, 1, 89617, 97871
2026/09/22 21:52:09.213, 2, 89617, 97871
2026/09/22 21:52:09.213, 3, 91665, 97871
2026/09/22 21:52:09.413, 0, 89617, 97871
2026/09/22 21:52:09.413, 1, 89617, 97871
2026/09/22 21:52:09.413, 2, 89617, 97871
2026/09/22 21:52:09.413, 3, 91665, 97871
2026/09/22 21:52:09.613, 0, 89617, 97871
2026/09/22 21:52:09.613, 1, 89617, 97871
2026/09/22 21:52:09.614, 2, 89617, 97871
2026/09/22 21:52:09.614, 3, 91665, 97871
2026/09/22 21:52:09.814, 0, 89617, 97871
2026/09/22 21:52:09.814, 1, 89617, 97871
2026/09/22 21:52:09.814, 2, 89617, 97871
2026/09/22 21:52:09.814, 3, 91665, 97871
2026/09/22 21:52:10.014, 0, 89617, 97871
2026/09/22 21:52:10.014, 1, 89617, 97871
2026/09/22 21:52:10.014, 2, 89617, 97871
2026/09/22 21:52:10.014, 3, 91665, 97871
2026/09/22 21:52:10.214, 0, 89617, 97871
2026/09/22 21:52:10.214, 1, 89617, 97871
2026/09/22 21:52:10.214, 2, 89617, 97871
2026/09/22 21:52:10.214, 3, 91665, 97871
2026/09/22 21:52:10.415, 0, 89617, 97871
2026/09/22 21:52:10.415, 1, 89617, 97871
2026/09/22 21:52:10.415, 2, 89617, 97871
2026/09/22 21:52:10.415, 3, 91665, 97871
2026/09/22 21:52:10.615, 0, 89617, 97871
2026/09/22 21:52:10.615, 1, 89617, 97871
2026/09/22 21:52:10.615, 2, 89617, 97871
2026/09/22 21:52:10.615, 3, 91665, 97871
2026/09/22 21:52:10.815, 0, 89617, 97871
2026/09/22 21:52:10.815, 1, 89617, 97871
2026/09/22 21:52:10.815, 2, 89617, 97871
2026/09/22 21:52:10.815, 3, 91665, 97871
2026/09/22 21:52:11.015, 0, 89617, 97871
2026/09/22 21:52:11.016, 1, 89617, 97871
2026/09/22 21:52:11.016, 2, 89617, 97871
2026/09/22 21:52:11.016, 3, 91665, 97871
2026/09/22 21:52:11.216, 0, 89617, 97871
2026/09/22 21:52:11.216, 1, 89617, 97871
2026/09/22 21:52:11.216, 2, 89617, 97871
2026/09/22 21:52:11.216, 3, 91665, 97871
2026/09/22 21:52:11.416, 0, 89617, 97871
2026/09/22 21:52:11.416, 1, 89617, 97871
2026/09/22 21:52:11.416, 2, 89617, 97871
2026/09/22 21:52:11.416, 3, 91665, 97871
2026/09/22 21:52:11.616, 0, 89617, 97871
2026/09/22 21:52:11.616, 1, 89617, 97871
2026/09/22 21:52:11.616, 2, 89617, 97871
2026/09/22 21:52:11.616, 3, 91665, 97871
2026/09/22 21:52:11.816, 0, 89617, 97871
2026/09/22 21:52:11.817, 1, 89617, 97871
2026/09/22 21:52:11.817, 2, 89617, 97871
2026/09/22 21:52:11.817, 3, 91665, 97871
2026/09/22 21:52:12.017, 0, 89617, 97871
2026/09/22 21:52:12.017, 1, 89617, 97871
2026/09/22 21:52:12.017, 2, 89617, 97871
2026/09/22 21:52:12.017, 3, 91665, 97871
2026/09/22 21:52:12.217, 0, 89617, 97871
2026/09/22 21:52:12.217, 1, 89617, 97871
2026/09/22 21:52:12.217, 2, 89617, 97871
2026/09/22 21:52:12.217, 3, 91665, 97871
2026/09/22 21:52:12.417, 0, 89617, 97871
2026/09/22 21:52:12.417, 1, 89617, 97871
2026/09/22 21:52:12.418, 2, 89617, 97871
2026/09/22 21:52:12.418, 3, 91665, 97871
2026/09/22 21:52:12.618, 0, 89617, 97871
2026/09/22 21:52:12.618, 1, 89617, 97871
2026/09/22 21:52:12.618, 2, 89617, 97871
2026/09/22 21:52:12.618, 3, 91665, 97871
2026/09/22 21:52:12.818, 0, 89617, 97871
2026/09/22 21:52:12.818, 1, 89617, 97871
2026/09/22 21:52:12.818, 2, 89617, 97871
2026/09/22 21:52:12.818, 3, 91665, 97871
2026/09/22 21:52:13.018, 0, 89617, 97871
2026/09/22 21:52:13.018, 1, 89617, 97871
2026/09/22 21:52:13.018, 2, 89617, 97871
2026/09/22 21:52:13.018, 3, 91665, 97871
2026/09/22 21:52:13.219, 0, 89617, 97871
2026/09/22 21:52:13.219, 1, 89617, 97871
2026/09/22 21:52:13.219, 2, 89617, 97871
2026/09/22 21:52:13.219, 3, 91665, 97871
2026/09/22 21:52:13.419, 0, 89617, 97871
2026/09/22 21:52:13.419, 1, 89617, 97871
2026/09/22 21:52:13.419, 2, 89617, 97871
2026/09/22 21:52:13.419, 3, 91665, 97871
2026/09/22 21:52:13.619, 0, 89617, 97871
2026/09/22 21:52:13.619, 1, 89617, 97871
2026/09/22 21:52:13.619, 2, 89617, 97871
2026/09/22 21:52:13.619, 3, 91665, 97871
2026/09/22 21:52:13.819, 0, 89617, 97871
2026/09/22 21:52:13.820, 1, 89617, 97871
2026/09/22 21:52:13.820, 2, 89617, 97871
2026/09/22 21:52:13.820, 3, 91665, 97871
2026/09/22 21:52:14.020, 0, 89617, 97871
2026/09/22 21:52:14.020, 1, 89617, 97871
2026/09/22 21:52:14.020, 2, 89617, 97871
2026/09/22 21:52:14.020, 3, 91665, 97871
2026/09/22 21:52:14.220, 0, 89617, 97871
2026/09/22 21:52:14.220, 1, 89617, 97871
2026/09/22 21:52:14.220, 2, 89617, 97871
2026/09/22 21:52:14.220, 3, 91665, 97871
2026/09/22 21:52:14.420, 0, 89617, 97871
2026/09/22 21:52:14.421, 1, 89617, 97871
2026/09/22 21:52:14.421, 2, 89617, 97871
2026/09/22 21:52:14.421, 3, 91665, 97871
2026/09/22 21:52:14.621, 0, 89617, 97871
2026/09/22 21:52:14.621, 1, 89617, 97871
2026/09/22 21:52:14.621, 2, 89617, 97871
2026/09/22 21:52:14.621, 3, 91665, 97871
2026/09/22 21:52:14.821, 0, 89617, 97871
2026/09/22 21:52:14.821, 1, 89617, 97871
2026/09/22 21:52:14.821, 2, 89617, 97871
2026/09/22 21:52:14.821, 3, 91665, 97871
2026/09/22 21:52:15.021, 0, 89617, 97871
2026/09/22 21:52:15.021, 1, 89617, 97871
2026/09/22 21:52:15.021, 2, 89617, 97871
2026/09/22 21:52:15.021, 3, 91665, 97871
2026/09/22 21:52:15.221, 0, 89617, 97871
2026/09/22 21:52:15.222, 1, 89617, 97871
2026/09/22 21:52:15.222, 2, 89617, 97871
2026/09/22 21:52:15.222, 3, 91665, 97871
2026/09/22 21:52:15.422, 0, 89617, 97871
2026/09/22 21:52:15.422, 1, 89617, 97871
2026/09/22 21:52:15.422, 2, 89617, 97871
2026/09/22 21:52:15.422, 3, 91665, 97871
2026/09/22 21:52:15.622, 0, 89617, 97871
2026/09/22 21:52:15.622, 1, 89617, 97871
2026/09/22 21:52:15.622, 2, 89617, 97871
2026/09/22 21:52:15.622, 3, 91665, 97871
2026/09/22 21:52:15.822, 0, 89617, 97871
2026/09/22 21:52:15.822, 1, 89617, 97871
2026/09/22 21:52:15.822, 2, 89617, 97871
2026/09/22 21:52:15.822, 3, 91665, 97871
2026/09/22 21:52:16.023, 0, 89617, 97871
2026/09/22 21:52:16.023, 1, 89617, 97871
2026/09/22 21:52:16.023, 2, 89617, 97871
2026/09/22 21:52:16.023, 3, 91665, 97871
2026/09/22 21:52:16.223, 0, 89617, 97871
2026/09/22 21:52:16.223, 1, 89617, 97871
2026/09/22 21:52:16.223, 2, 89617, 97871
2026/09/22 21:52:16.223, 3, 91665, 97871
2026/09/22 21:52:16.423, 0, 89617, 97871
2026/09/22 21:52:16.423, 1, 89617, 97871
2026/09/22 21:52:16.423, 2, 89617, 97871
2026/09/22 21:52:16.423, 3, 91665, 97871
2026/09/22 21:52:16.623, 0, 89617, 97871
2026/09/22 21:52:16.623, 1, 89617, 97871
2026/09/22 21:52:16.623, 2, 89617, 97871
2026/09/22 21:52:16.624, 3, 91665, 97871
2026/09/22 21:52:16.824, 0, 89617, 97871
2026/09/22 21:52:16.824, 1, 89617, 97871
2026/09/22 21:52:16.824, 2, 89617, 97871
2026/09/22 21:52:16.824, 3, 91665, 97871
2026/09/22 21:52:17.024, 0, 89617, 97871
2026/09/22 21:52:17.024, 1, 89617, 97871
2026/09/22 21:52:17.024, 2, 89617, 97871
2026/09/22 21:52:17.024, 3, 91665, 97871
2026/09/22 21:52:17.224, 0, 89617, 97871
2026/09/22 21:52:17.224, 1, 89617, 97871
2026/09/22 21:52:17.224, 2, 89617, 97871
2026/09/22 21:52:17.224, 3, 91665, 97871
2026/09/22 21:52:17.424, 0, 89617, 97871
2026/09/22 21:52:17.424, 1, 89617, 97871
2026/09/22 21:52:17.425, 2, 89617, 97871
2026/09/22 21:52:17.425, 3, 91665, 97871
2026/09/22 21:52:17.625, 0, 89617, 97871
2026/09/22 21:52:17.625, 1, 89617, 97871
2026/09/22 21:52:17.625, 2, 89617, 97871
2026/09/22 21:52:17.625, 3, 91665, 97871
2026/09/22 21:52:17.825, 0, 89617, 97871
2026/09/22 21:52:17.825, 1, 89617, 97871
2026/09/22 21:52:17.825, 2, 89617, 97871
2026/09/22 21:52:17.825, 3, 91665, 97871
2026/09/22 21:52:18.025, 0, 89617, 97871
2026/09/22 21:52:18.025, 1, 89617, 97871
2026/09/22 21:52:18.025, 2, 89617, 97871
2026/09/22 21:52:18.025, 3, 91665, 97871
2026/09/22 21:52:18.226, 0, 89617, 97871
2026/09/22 21:52:18.226, 1, 89617, 97871
2026/09/22 21:52:18.226, 2, 89617, 97871
2026/09/22 21:52:18.226, 3, 91665, 97871
2026/09/22 21:52:18.426, 0, 89617, 97871
2026/09/22 21:52:18.426, 1, 89617, 97871
2026/09/22 21:52:18.426, 2, 89617, 97871
2026/09/22 21:52:18.426, 3, 91665, 97871
2026/09/22 21:52:18.626, 0, 89617, 97871
2026/09/22 21:52:18.626, 1, 89617, 97871
2026/09/22 21:52:18.626, 2, 89617, 97871
2026/09/22 21:52:18.626, 3, 91665, 97871
2026/09/22 21:52:18.826, 0, 89617, 97871
2026/09/22 21:52:18.826, 1, 89617, 97871
2026/09/22 21:52:18.826, 2, 89617, 97871
2026/09/22 21:52:18.826, 3, 91665, 97871
2026/09/22 21:52:19.027, 0, 89617, 97871
2026/09/22 21:52:19.027, 1, 89617, 97871
2026/09/22 21:52:19.027, 2, 89617, 97871
2026/09/22 21:52:19.027, 3, 91665, 97871
2026/09/22 21:52:19.227, 0, 89617, 97871
2026/09/22 21:52:19.227, 1, 89617, 97871
2026/09/22 21:52:19.227, 2, 89617, 97871
2026/09/22 21:52:19.227, 3, 91665, 97871
2026/09/22 21:52:19.427, 0, 89617, 97871
2026/09/22 21:52:19.427, 1, 89617, 97871
2026/09/22 21:52:19.427, 2, 89617, 97871
2026/09/22 21:52:19.427, 3, 91665, 97871
2026/09/22 21:52:19.627, 0, 89617, 97871
2026/09/22 21:52:19.627, 1, 89617, 97871
2026/09/22 21:52:19.627, 2, 89617, 97871
2026/09/22 21:52:19.628, 3, 91665, 97871
2026/09/22 21:52:19.828, 0, 89617, 97871
2026/09/22 21:52:19.828, 1, 89617, 97871
2026/09/22 21:52:19.828, 2, 89617, 97871
2026/09/22 21:52:19.828, 3, 91665, 97871
2026/09/22 21:52:20.028, 0, 89617, 97871
2026/09/22 21:52:20.028, 1, 89617, 97871
2026/09/22 21:52:20.028, 2, 89617, 97871
2026/09/22 21:52:20.028, 3, 91665, 97871
2026/09/22 21:52:20.228, 0, 89617, 97871
2026/09/22 21:52:20.228, 1, 89617, 97871
2026/09/22 21:52:20.228, 2, 89617, 97871
2026/09/22 21:52:20.228, 3, 91665, 97871
2026/09/22 21:52:20.428, 0, 89617, 97871
2026/09/22 21:52:20.429, 1, 89617, 97871
2026/09/22 21:52:20.429, 2, 89617, 97871
2026/09/22 21:52:20.429, 3, 91665, 97871
2026/09/22 21:52:20.629, 0, 89617, 97871
2026/09/22 21:52:20.629, 1, 89617, 97871
2026/09/22 21:52:20.629, 2, 89617, 97871
2026/09/22 21:52:20.629, 3, 91665, 97871
2026/09/22 21:52:20.829, 0, 89617, 97871
2026/09/22 21:52:20.829, 1, 89617, 97871
2026/09/22 21:52:20.829, 2, 89617, 97871
2026/09/22 21:52:20.829, 3, 91665, 97871
2026/09/22 21:52:21.029, 0, 89617, 97871
2026/09/22 21:52:21.029, 1, 89617, 97871
2026/09/22 21:52:21.029, 2, 89617, 97871
2026/09/22 21:52:21.029, 3, 91665, 97871
2026/09/22 21:52:21.229, 0, 89617, 97871
2026/09/22 21:52:21.230, 1, 89617, 97871
2026/09/22 21:52:21.230, 2, 89617, 97871
2026/09/22 21:52:21.230, 3, 91665, 97871
2026/09/22 21:52:21.430, 0, 89617, 97871
2026/09/22 21:52:21.430, 1, 89617, 97871
2026/09/22 21:52:21.430, 2, 89617, 97871
2026/09/22 21:52:21.430, 3, 91665, 97871
2026/09/22 21:52:21.630, 0, 89617, 97871
2026/09/22 21:52:21.630, 1, 89617, 97871
2026/09/22 21:52:21.630, 2, 89617, 97871
2026/09/22 21:52:21.630, 3, 91665, 97871
2026/09/22 21:52:21.830, 0, 89617, 97871
2026/09/22 21:52:21.830, 1, 89617, 97871
2026/09/22 21:52:21.831, 2, 89617, 97871
2026/09/22 21:52:21.831, 3, 91665, 97871
2026/09/22 21:52:22.031, 0, 89617, 97871
2026/09/22 21:52:22.031, 1, 89617, 97871
2026/09/22 21:52:22.031, 2, 89617, 97871
2026/09/22 21:52:22.031, 3, 91665, 97871
2026/09/22 21:52:22.231, 0, 89617, 97871
2026/09/22 21:52:22.231, 1, 89617, 97871
2026/09/22 21:52:22.231, 2, 89617, 97871
2026/09/22 21:52:22.231, 3, 91665, 97871
2026/09/22 21:52:22.431, 0, 89617, 97871
2026/09/22 21:52:22.431, 1, 89617, 97871
2026/09/22 21:52:22.431, 2, 89617, 97871
2026/09/22 21:52:22.431, 3, 91665, 97871
2026/09/22 21:52:22.631, 0, 89617, 97871
2026/09/22 21:52:22.632, 1, 89617, 97871
2026/09/22 21:52:22.632, 2, 89617, 97871
2026/09/22 21:52:22.632, 3, 91665, 97871
2026/09/22 21:52:22.832, 0, 89617, 97871
2026/09/22 21:52:22.832, 1, 89617, 97871
2026/09/22 21:52:22.832, 2, 89617, 97871
2026/09/22 21:52:22.832, 3, 91665, 97871
2026/09/22 21:52:23.032, 0, 89617, 97871
2026/09/22 21:52:23.032, 1, 89617, 97871
2026/09/22 21:52:23.032, 2, 89617, 97871
2026/09/22 21:52:23.032, 3, 91665, 97871
2026/09/22 21:52:23.232, 0, 89617, 97871
2026/09/22 21:52:23.232, 1, 89617, 97871
2026/09/22 21:52:23.232, 2, 89617, 97871
2026/09/22 21:52:23.232, 3, 91665, 97871
2026/09/22 21:52:23.433, 0, 89617, 97871
2026/09/22 21:52:23.433, 1, 89617, 97871
2026/09/22 21:52:23.433, 2, 89617, 97871
2026/09/22 21:52:23.433, 3, 91665, 97871
2026/09/22 21:52:23.633, 0, 89617, 97871
2026/09/22 21:52:23.633, 1, 89617, 97871
2026/09/22 21:52:23.633, 2, 89617, 97871
2026/09/22 21:52:23.633, 3, 91665, 97871
2026/09/22 21:52:23.833, 0, 89617, 97871
2026/09/22 21:52:23.833, 1, 89617, 97871
2026/09/22 21:52:23.833, 2, 89617, 97871
2026/09/22 21:52:23.833, 3, 91665, 97871
2026/09/22 21:52:24.033, 0, 89617, 97871
2026/09/22 21:52:24.033, 1, 89617, 97871
2026/09/22 21:52:24.034, 2, 89617, 97871
2026/09/22 21:52:24.034, 3, 91665, 97871
2026/09/22 21:52:24.234, 0, 89617, 97871
2026/09/22 21:52:24.234, 1, 89617, 97871
2026/09/22 21:52:24.234, 2, 89617, 97871
2026/09/22 21:52:24.234, 3, 91665, 97871
2026/09/22 21:52:24.434, 0, 89617, 97871
2026/09/22 21:52:24.434, 1, 89617, 97871
2026/09/22 21:52:24.434, 2, 89617, 97871
2026/09/22 21:52:24.434, 3, 91665, 97871
2026/09/22 21:52:24.634, 0, 89617, 97871
2026/09/22 21:52:24.634, 1, 89617, 97871
2026/09/22 21:52:24.634, 2, 89617, 97871
2026/09/22 21:52:24.634, 3, 91665, 97871
2026/09/22 21:52:24.834, 0, 89617, 97871
2026/09/22 21:52:24.835, 1, 89617, 97871
2026/09/22 21:52:24.835, 2, 89617, 97871
2026/09/22 21:52:24.835, 3, 91665, 97871
2026/09/22 21:52:25.035, 0, 89617, 97871
2026/09/22 21:52:25.035, 1, 89617, 97871
2026/09/22 21:52:25.035, 2, 89617, 97871
2026/09/22 21:52:25.035, 3, 91665, 97871
2026/09/22 21:52:25.235, 0, 89617, 97871
2026/09/22 21:52:25.235, 1, 89617, 97871
2026/09/22 21:52:25.235, 2, 89617, 97871
2026/09/22 21:52:25.235, 3, 91665, 97871
2026/09/22 21:52:25.435, 0, 89617, 97871
2026/09/22 21:52:25.435, 1, 89617, 97871
2026/09/22 21:52:25.435, 2, 89617, 97871
2026/09/22 21:52:25.436, 3, 91665, 97871
2026/09/22 21:52:25.636, 0, 89617, 97871
2026/09/22 21:52:25.636, 1, 89617, 97871
2026/09/22 21:52:25.636, 2, 89617, 97871
2026/09/22 21:52:25.636, 3, 91665, 97871
2026/09/22 21:52:25.836, 0, 89617, 97871
2026/09/22 21:52:25.836, 1, 89617, 97871
2026/09/22 21:52:25.836, 2, 89617, 97871
2026/09/22 21:52:25.836, 3, 91665, 97871
2026/09/22 21:52:26.036, 0, 89617, 97871
2026/09/22 21:52:26.036, 1, 89617, 97871
2026/09/22 21:52:26.036, 2, 89617, 97871
2026/09/22 21:52:26.036, 3, 91665, 97871
2026/09/22 21:52:26.236, 0, 89617, 97871
2026/09/22 21:52:26.237, 1, 89617, 97871
2026/09/22 21:52:26.237, 2, 89617, 97871
2026/09/22 21:52:26.237, 3, 91665, 97871
2026/09/22 21:52:26.437, 0, 89617, 97871
2026/09/22 21:52:26.437, 1, 89617, 97871
2026/09/22 21:52:26.437, 2, 89617, 97871
2026/09/22 21:52:26.437, 3, 91665, 97871
2026/09/22 21:52:26.637, 0, 89617, 97871
2026/09/22 21:52:26.637, 1, 89617, 97871
2026/09/22 21:52:26.637, 2, 89617, 97871
2026/09/22 21:52:26.637, 3, 91665, 97871
2026/09/22 21:52:26.837, 0, 89617, 97871
2026/09/22 21:52:26.837, 1, 89617, 97871
2026/09/22 21:52:26.838, 2, 89617, 97871
2026/09/22 21:52:26.838, 3, 91665, 97871
2026/09/22 21:52:27.038, 0, 89617, 97871
2026/09/22 21:52:27.038, 1, 89617, 97871
2026/09/22 21:52:27.038, 2, 89617, 97871
2026/09/22 21:52:27.038, 3, 91665, 97871
2026/09/22 21:52:27.238, 0, 89617, 97871
2026/09/22 21:52:27.238, 1, 89617, 97871
2026/09/22 21:52:27.238, 2, 89617, 97871
2026/09/22 21:52:27.238, 3, 91665, 97871
2026/09/22 21:52:27.438, 0, 89617, 97871
2026/09/22 21:52:27.438, 1, 89617, 97871
2026/09/22 21:52:27.438, 2, 89617, 97871
2026/09/22 21:52:27.438, 3, 91665, 97871
2026/09/22 21:52:27.638, 0, 89617, 97871
2026/09/22 21:52:27.638, 1, 89617, 97871
2026/09/22 21:52:27.639, 2, 89617, 97871
2026/09/22 21:52:27.639, 3, 91665, 97871
2026/09/22 21:52:27.839, 0, 89617, 97871
2026/09/22 21:52:27.839, 1, 89617, 97871
2026/09/22 21:52:27.839, 2, 89617, 97871
2026/09/22 21:52:27.839, 3, 91665, 97871
2026/09/22 21:52:28.039, 0, 89617, 97871
2026/09/22 21:52:28.039, 1, 89617, 97871
2026/09/22 21:52:28.039, 2, 89617, 97871
2026/09/22 21:52:28.039, 3, 91665, 97871
2026/09/22 21:52:28.239, 0, 89617, 97871
2026/09/22 21:52:28.239, 1, 89617, 97871
2026/09/22 21:52:28.240, 2, 89617, 97871
2026/09/22 21:52:28.240, 3, 91665, 97871
2026/09/22 21:52:28.440, 0, 89617, 97871
2026/09/22 21:52:28.440, 1, 89617, 97871
2026/09/22 21:52:28.440, 2, 89617, 97871
2026/09/22 21:52:28.440, 3, 91665, 97871
2026/09/22 21:52:28.640, 0, 89617, 97871
2026/09/22 21:52:28.640, 1, 89617, 97871
2026/09/22 21:52:28.640, 2, 89617, 97871
2026/09/22 21:52:28.640, 3, 91665, 97871
2026/09/22 21:52:28.840, 0, 89617, 97871
2026/09/22 21:52:28.840, 1, 89617, 97871
2026/09/22 21:52:28.840, 2, 89617, 97871
2026/09/22 21:52:28.840, 3, 91665, 97871
2026/09/22 21:52:29.041, 0, 89617, 97871
2026/09/22 21:52:29.041, 1, 89617, 97871
2026/09/22 21:52:29.041, 2, 89617, 97871
2026/09/22 21:52:29.041, 3, 91665, 97871
2026/09/22 21:52:29.241, 0, 89617, 97871
2026/09/22 21:52:29.241, 1, 89617, 97871
2026/09/22 21:52:29.241, 2, 89617, 97871
2026/09/22 21:52:29.241, 3, 91665, 97871
2026/09/22 21:52:29.441, 0, 89617, 97871
2026/09/22 21:52:29.441, 1, 89617, 97871
2026/09/22 21:52:29.441, 2, 89617, 97871
2026/09/22 21:52:29.441, 3, 91665, 97871
2026/09/22 21:52:29.641, 0, 89617, 97871
2026/09/22 21:52:29.641, 1, 89617, 97871
2026/09/22 21:52:29.641, 2, 89617, 97871
2026/09/22 21:52:29.641, 3, 91665, 97871
2026/09/22 21:52:29.842, 0, 89617, 97871
2026/09/22 21:52:29.842, 1, 89617, 97871
2026/09/22 21:52:29.842, 2, 89617, 97871
2026/09/22 21:52:29.842, 3, 91665, 97871
2026/09/22 21:52:30.042, 0, 89617, 97871
2026/09/22 21:52:30.042, 1, 89617, 97871
2026/09/22 21:52:30.042, 2, 89617, 97871
2026/09/22 21:52:30.042, 3, 91665, 97871
2026/09/22 21:52:30.242, 0, 89617, 97871
2026/09/22 21:52:30.242, 1, 89617, 97871
2026/09/22 21:52:30.242, 2, 89617, 97871
2026/09/22 21:52:30.242, 3, 91665, 97871
2026/09/22 21:52:30.442, 0, 89617, 97871
2026/09/22 21:52:30.443, 1, 89617, 97871
2026/09/22 21:52:30.443, 2, 89617, 97871
2026/09/22 21:52:30.443, 3, 91665, 97871
2026/09/22 21:52:30.643, 0, 89617, 97871
2026/09/22 21:52:30.643, 1, 89617, 97871
2026/09/22 21:52:30.643, 2, 89617, 97871
2026/09/22 21:52:30.643, 3, 91665, 97871
2026/09/22 21:52:30.843, 0, 89617, 97871
2026/09/22 21:52:30.843, 1, 89617, 97871
2026/09/22 21:52:30.843, 2, 89617, 97871
2026/09/22 21:52:30.843, 3, 91665, 97871
2026/09/22 21:52:31.043, 0, 89617, 97871
2026/09/22 21:52:31.043, 1, 89617, 97871
2026/09/22 21:52:31.043, 2, 89617, 97871
2026/09/22 21:52:31.043, 3, 91665, 97871
2026/09/22 21:52:31.244, 0, 89617, 97871
2026/09/22 21:52:31.244, 1, 89617, 97871
2026/09/22 21:52:31.244, 2, 89617, 97871
2026/09/22 21:52:31.244, 3, 91665, 97871
2026/09/22 21:52:31.444, 0, 89617, 97871
2026/09/22 21:52:31.444, 1, 89617, 97871
2026/09/22 21:52:31.444, 2, 89617, 97871
2026/09/22 21:52:31.444, 3, 91665, 97871
2026/09/22 21:52:31.644, 0, 89617, 97871
2026/09/22 21:52:31.644, 1, 89617, 97871
2026/09/22 21:52:31.644, 2, 89617, 97871
2026/09/22 21:52:31.644, 3, 91665, 97871
2026/09/22 21:52:31.844, 0, 89617, 97871
2026/09/22 21:52:31.845, 1, 89617, 97871
2026/09/22 21:52:31.845, 2, 89617, 97871
2026/09/22 21:52:31.845, 3, 91665, 97871
2026/09/22 21:52:32.045, 0, 89617, 97871
2026/09/22 21:52:32.045, 1, 89617, 97871
2026/09/22 21:52:32.045, 2, 89617, 97871
2026/09/22 21:52:32.045, 3, 91665, 97871
2026/09/22 21:52:32.245, 0, 89617, 97871
2026/09/22 21:52:32.245, 1, 89617, 97871
2026/09/22 21:52:32.245, 2, 89617, 97871
2026/09/22 21:52:32.245, 3, 91665, 97871
2026/09/22 21:52:32.445, 0, 89617, 97871
2026/09/22 21:52:32.445, 1, 89617, 97871
2026/09/22 21:52:32.445, 2, 89617, 97871
2026/09/22 21:52:32.445, 3, 91665, 97871
2026/09/22 21:52:32.646, 0, 89617, 97871
2026/09/22 21:52:32.646, 1, 89617, 97871
2026/09/22 21:52:32.646, 2, 89617, 97871
2026/09/22 21:52:32.646, 3, 91665, 97871
2026/09/22 21:52:32.846, 0, 89617, 97871
2026/09/22 21:52:32.846, 1, 89617, 97871
2026/09/22 21:52:32.846, 2, 89617, 97871
2026/09/22 21:52:32.846, 3, 91665, 97871
2026/09/22 21:52:33.046, 0, 89617, 97871
2026/09/22 21:52:33.046, 1, 89617, 97871
2026/09/22 21:52:33.046, 2, 89617, 97871
2026/09/22 21:52:33.046, 3, 91665, 97871
2026/09/22 21:52:33.246, 0, 89617, 97871
2026/09/22 21:52:33.247, 1, 89617, 97871
2026/09/22 21:52:33.247, 2, 89617, 97871
2026/09/22 21:52:33.247, 3, 91665, 97871
2026/09/22 21:52:33.447, 0, 89617, 97871
2026/09/22 21:52:33.447, 1, 89617, 97871
2026/09/22 21:52:33.447, 2, 89617, 97871
2026/09/22 21:52:33.447, 3, 91665, 97871
2026/09/22 21:52:33.647, 0, 89617, 97871
2026/09/22 21:52:33.647, 1, 89617, 97871
2026/09/22 21:52:33.647, 2, 89617, 97871
2026/09/22 21:52:33.647, 3, 91665, 97871
2026/09/22 21:52:33.847, 0, 89617, 97871
2026/09/22 21:52:33.847, 1, 89617, 97871
2026/09/22 21:52:33.847, 2, 89617, 97871
2026/09/22 21:52:33.848, 3, 91665, 97871
2026/09/22 21:52:34.048, 0, 89617, 97871
2026/09/22 21:52:34.048, 1, 89617, 97871
2026/09/22 21:52:34.048, 2, 89617, 97871
2026/09/22 21:52:34.048, 3, 91665, 97871
2026/09/22 21:52:34.248, 0, 89617, 97871
2026/09/22 21:52:34.248, 1, 89617, 97871
2026/09/22 21:52:34.248, 2, 89617, 97871
2026/09/22 21:52:34.248, 3, 91665, 97871
2026/09/22 21:52:34.448, 0, 89617, 97871
2026/09/22 21:52:34.448, 1, 89617, 97871
2026/09/22 21:52:34.448, 2, 89617, 97871
2026/09/22 21:52:34.448, 3, 91665, 97871
2026/09/22 21:52:34.648, 0, 89617, 97871
2026/09/22 21:52:34.648, 1, 89617, 97871
2026/09/22 21:52:34.648, 2, 89617, 97871
2026/09/22 21:52:34.649, 3, 91665, 97871
2026/09/22 21:52:34.849, 0, 89617, 97871
2026/09/22 21:52:34.849, 1, 89617, 97871
2026/09/22 21:52:34.849, 2, 89617, 97871
2026/09/22 21:52:34.849, 3, 91665, 97871
2026/09/22 21:52:35.049, 0, 89617, 97871
2026/09/22 21:52:35.049, 1, 89617, 97871
2026/09/22 21:52:35.049, 2, 89617, 97871
2026/09/22 21:52:35.049, 3, 91665, 97871
2026/09/22 21:52:35.249, 0, 89617, 97871
2026/09/22 21:52:35.249, 1, 89617, 97871
2026/09/22 21:52:35.249, 2, 89617, 97871
2026/09/22 21:52:35.249, 3, 91665, 97871
2026/09/22 21:52:35.449, 0, 89617, 97871
2026/09/22 21:52:35.450, 1, 89617, 97871
2026/09/22 21:52:35.450, 2, 89617, 97871
2026/09/22 21:52:35.450, 3, 91665, 97871
2026/09/22 21:52:35.650, 0, 89617, 97871
2026/09/22 21:52:35.650, 1, 89617, 97871
2026/09/22 21:52:35.650, 2, 89617, 97871
2026/09/22 21:52:35.650, 3, 91665, 97871
2026/09/22 21:52:35.850, 0, 89617, 97871
2026/09/22 21:52:35.850, 1, 89617, 97871
2026/09/22 21:52:35.850, 2, 89617, 97871
2026/09/22 21:52:35.850, 3, 91665, 97871
2026/09/22 21:52:36.050, 0, 89617, 97871
2026/09/22 21:52:36.050, 1, 89617, 97871
2026/09/22 21:52:36.050, 2, 89617, 97871
2026/09/22 21:52:36.050, 3, 91665, 97871
2026/09/22 21:52:36.250, 0, 89617, 97871
2026/09/22 21:52:36.251, 1, 89617, 97871
2026/09/22 21:52:36.251, 2, 89617, 97871
2026/09/22 21:52:36.251, 3, 91665, 97871
2026/09/22 21:52:36.451, 0, 89617, 97871
2026/09/22 21:52:36.451, 1, 89617, 97871
2026/09/22 21:52:36.451, 2, 89617, 97871
2026/09/22 21:52:36.451, 3, 91665, 97871
2026/09/22 21:52:36.651, 0, 89617, 97871
2026/09/22 21:52:36.651, 1, 89617, 97871
2026/09/22 21:52:36.651, 2, 89617, 97871
2026/09/22 21:52:36.651, 3, 91665, 97871
2026/09/22 21:52:36.851, 0, 89617, 97871
2026/09/22 21:52:36.851, 1, 89617, 97871
2026/09/22 21:52:36.851, 2, 89617, 97871
2026/09/22 21:52:36.851, 3, 91665, 97871
2026/09/22 21:52:37.052, 0, 89617, 97871
2026/09/22 21:52:37.052, 1, 89617, 97871
2026/09/22 21:52:37.052, 2, 89617, 97871
2026/09/22 21:52:37.052, 3, 91665, 97871
2026/09/22 21:52:37.252, 0, 89617, 97871
2026/09/22 21:52:37.252, 1, 89617, 97871
2026/09/22 21:52:37.252, 2, 89617, 97871
2026/09/22 21:52:37.252, 3, 91665, 97871
2026/09/22 21:52:37.452, 0, 89617, 97871
2026/09/22 21:52:37.452, 1, 89617, 97871
2026/09/22 21:52:37.452, 2, 89617, 97871
2026/09/22 21:52:37.452, 3, 91665, 97871
2026/09/22 21:52:37.652, 0, 89617, 97871
2026/09/22 21:52:37.653, 1, 89617, 97871
2026/09/22 21:52:37.653, 2, 89617, 97871
2026/09/22 21:52:37.653, 3, 91665, 97871
2026/09/22 21:52:37.853, 0, 89617, 97871
2026/09/22 21:52:37.853, 1, 89617, 97871
2026/09/22 21:52:37.853, 2, 89617, 97871
2026/09/22 21:52:37.853, 3, 91665, 97871
2026/09/22 21:52:38.053, 0, 89617, 97871
2026/09/22 21:52:38.053, 1, 89617, 97871
2026/09/22 21:52:38.053, 2, 89617, 97871
2026/09/22 21:52:38.053, 3, 91665, 97871
2026/09/22 21:52:38.253, 0, 89617, 97871
2026/09/22 21:52:38.253, 1, 89617, 97871
2026/09/22 21:52:38.253, 2, 89617, 97871
2026/09/22 21:52:38.254, 3, 91665, 97871
2026/09/22 21:52:38.454, 0, 89617, 97871
2026/09/22 21:52:38.454, 1, 89617, 97871
2026/09/22 21:52:38.454, 2, 89617, 97871
2026/09/22 21:52:38.454, 3, 91665, 97871
2026/09/22 21:52:38.654, 0, 89617, 97871
2026/09/22 21:52:38.654, 1, 89617, 97871
2026/09/22 21:52:38.654, 2, 89617, 97871
2026/09/22 21:52:38.654, 3, 91665, 97871
2026/09/22 21:52:38.854, 0, 89617, 97871
2026/09/22 21:52:38.854, 1, 89617, 97871
2026/09/22 21:52:38.854, 2, 89617, 97871
2026/09/22 21:52:38.854, 3, 91665, 97871
2026/09/22 21:52:39.054, 0, 89617, 97871
2026/09/22 21:52:39.055, 1, 89617, 97871
2026/09/22 21:52:39.055, 2, 89617, 97871
2026/09/22 21:52:39.055, 3, 91665, 97871
2026/09/22 21:52:39.255, 0, 89617, 97871
2026/09/22 21:52:39.255, 1, 89617, 97871
2026/09/22 21:52:39.255, 2, 89617, 97871
2026/09/22 21:52:39.255, 3, 91665, 97871
2026/09/22 21:52:39.455, 0, 89617, 97871
2026/09/22 21:52:39.455, 1, 89617, 97871
2026/09/22 21:52:39.455, 2, 89617, 97871
2026/09/22 21:52:39.455, 3, 91665, 97871
2026/09/22 21:52:39.655, 0, 89617, 97871
2026/09/22 21:52:39.655, 1, 89617, 97871
2026/09/22 21:52:39.655, 2, 89617, 97871
2026/09/22 21:52:39.655, 3, 91665, 97871
2026/09/22 21:52:39.856, 0, 89617, 97871
2026/09/22 21:52:39.856, 1, 89617, 97871
2026/09/22 21:52:39.856, 2, 89617, 97871
2026/09/22 21:52:39.856, 3, 91665, 97871
2026/09/22 21:52:40.056, 0, 89617, 97871
2026/09/22 21:52:40.056, 1, 89617, 97871
2026/09/22 21:52:40.056, 2, 89617, 97871
2026/09/22 21:52:40.056, 3, 91665, 97871
2026/09/22 21:52:40.256, 0, 89617, 97871
2026/09/22 21:52:40.256, 1, 89617, 97871
2026/09/22 21:52:40.256, 2, 89617, 97871
2026/09/22 21:52:40.256, 3, 91665, 97871
2026/09/22 21:52:40.456, 0, 89617, 97871
2026/09/22 21:52:40.456, 1, 89617, 97871
2026/09/22 21:52:40.456, 2, 89617, 97871
2026/09/22 21:52:40.456, 3, 91665, 97871
2026/09/22 21:52:40.657, 0, 89617, 97871
2026/09/22 21:52:40.657, 1, 89617, 97871
2026/09/22 21:52:40.657, 2, 89617, 97871
2026/09/22 21:52:40.657, 3, 91665, 97871
2026/09/22 21:52:40.857, 0, 89617, 97871
2026/09/22 21:52:40.857, 1, 89617, 97871
2026/09/22 21:52:40.857, 2, 89617, 97871
2026/09/22 21:52:40.857, 3, 91665, 97871
2026/09/22 21:52:41.057, 0, 89617, 97871
2026/09/22 21:52:41.057, 1, 89617, 97871
2026/09/22 21:52:41.057, 2, 89617, 97871
2026/09/22 21:52:41.057, 3, 91665, 97871
2026/09/22 21:52:41.257, 0, 89617, 97871
2026/09/22 21:52:41.257, 1, 89617, 97871
2026/09/22 21:52:41.257, 2, 89617, 97871
2026/09/22 21:52:41.257, 3, 91665, 97871
2026/09/22 21:52:41.458, 0, 89617, 97871
2026/09/22 21:52:41.458, 1, 89617, 97871
2026/09/22 21:52:41.458, 2, 89617, 97871
2026/09/22 21:52:41.458, 3, 91665, 97871
2026/09/22 21:52:41.658, 0, 89617, 97871
2026/09/22 21:52:41.658, 1, 89617, 97871
2026/09/22 21:52:41.658, 2, 89617, 97871
2026/09/22 21:52:41.658, 3, 91665, 97871
2026/09/22 21:52:41.858, 0, 89617, 97871
2026/09/22 21:52:41.858, 1, 89617, 97871
2026/09/22 21:52:41.858, 2, 89617, 97871
2026/09/22 21:52:41.858, 3, 91665, 97871
2026/09/22 21:52:42.058, 0, 89617, 97871
2026/09/22 21:52:42.059, 1, 89617, 97871
2026/09/22 21:52:42.059, 2, 89617, 97871
2026/09/22 21:52:42.059, 3, 91665, 97871
2026/09/22 21:52:42.259, 0, 89617, 97871
2026/09/22 21:52:42.259, 1, 89617, 97871
2026/09/22 21:52:42.259, 2, 89617, 97871
2026/09/22 21:52:42.259, 3, 91665, 97871
2026/09/22 21:52:42.459, 0, 89617, 97871
2026/09/22 21:52:42.459, 1, 89617, 97871
2026/09/22 21:52:42.459, 2, 89617, 97871
2026/09/22 21:52:42.459, 3, 91665, 97871
2026/09/22 21:52:42.659, 0, 89617, 97871
2026/09/22 21:52:42.659, 1, 89617, 97871
2026/09/22 21:52:42.659, 2, 89617, 97871
2026/09/22 21:52:42.659, 3, 91665, 97871
2026/09/22 21:52:42.859, 0, 89617, 97871
2026/09/22 21:52:42.860, 1, 89617, 97871
2026/09/22 21:52:42.860, 2, 89617, 97871
2026/09/22 21:52:42.860, 3, 91665, 97871
2026/09/22 21:52:43.060, 0, 89617, 97871
2026/09/22 21:52:43.060, 1, 89617, 97871
2026/09/22 21:52:43.060, 2, 89617, 97871
2026/09/22 21:52:43.060, 3, 91665, 97871
2026/09/22 21:52:43.260, 0, 89617, 97871
2026/09/22 21:52:43.260, 1, 89617, 97871
2026/09/22 21:52:43.260, 2, 89617, 97871
2026/09/22 21:52:43.260, 3, 91665, 97871
2026/09/22 21:52:43.460, 0, 89617, 97871
2026/09/22 21:52:43.460, 1, 89617, 97871
2026/09/22 21:52:43.460, 2, 89617, 97871
2026/09/22 21:52:43.460, 3, 91665, 97871
2026/09/22 21:52:43.661, 0, 89617, 97871
2026/09/22 21:52:43.661, 1, 89617, 97871
2026/09/22 21:52:43.661, 2, 89617, 97871
2026/09/22 21:52:43.661, 3, 91665, 97871
2026/09/22 21:52:43.861, 0, 89617, 97871
2026/09/22 21:52:43.861, 1, 89617, 97871
2026/09/22 21:52:43.861, 2, 89617, 97871
2026/09/22 21:52:43.861, 3, 91665, 97871
2026/09/22 21:52:44.061, 0, 89617, 97871
2026/09/22 21:52:44.061, 1, 89617, 97871
2026/09/22 21:52:44.061, 2, 89617, 97871
2026/09/22 21:52:44.061, 3, 91665, 97871
2026/09/22 21:52:44.261, 0, 89617, 97871
2026/09/22 21:52:44.261, 1, 89617, 97871
2026/09/22 21:52:44.261, 2, 89617, 97871
2026/09/22 21:52:44.262, 3, 91665, 97871
2026/09/22 21:52:44.462, 0, 89617, 97871
2026/09/22 21:52:44.462, 1, 89617, 97871
2026/09/22 21:52:44.462, 2, 89617, 97871
2026/09/22 21:52:44.462, 3, 91665, 97871
2026/09/22 21:52:44.662, 0, 89617, 97871
2026/09/22 21:52:44.662, 1, 89617, 97871
2026/09/22 21:52:44.662, 2, 89617, 97871
2026/09/22 21:52:44.662, 3, 91665, 97871
2026/09/22 21:52:44.862, 0, 89617, 97871
2026/09/22 21:52:44.862, 1, 89617, 97871
2026/09/22 21:52:44.862, 2, 89617, 97871
2026/09/22 21:52:44.862, 3, 91665, 97871
2026/09/22 21:52:45.062, 0, 89617, 97871
2026/09/22 21:52:45.062, 1, 89617, 97871
2026/09/22 21:52:45.063, 2, 89617, 97871
2026/09/22 21:52:45.063, 3, 91665, 97871
2026/09/22 21:52:45.263, 0, 89617, 97871
2026/09/22 21:52:45.263, 1, 89617, 97871
2026/09/22 21:52:45.263, 2, 89617, 97871
2026/09/22 21:52:45.263, 3, 91665, 97871
2026/09/22 21:52:45.463, 0, 89617, 97871
2026/09/22 21:52:45.463, 1, 89617, 97871
2026/09/22 21:52:45.463, 2, 89617, 97871
2026/09/22 21:52:45.463, 3, 91665, 97871
2026/09/22 21:52:45.663, 0, 89617, 97871
2026/09/22 21:52:45.663, 1, 89617, 97871
2026/09/22 21:52:45.663, 2, 89617, 97871
2026/09/22 21:52:45.663, 3, 91665, 97871
2026/09/22 21:52:45.863, 0, 89617, 97871
2026/09/22 21:52:45.863, 1, 89617, 97871
2026/09/22 21:52:45.863, 2, 89617, 97871
2026/09/22 21:52:45.863, 3, 91665, 97871
2026/09/22 21:52:46.064, 0, 89617, 97871
2026/09/22 21:52:46.064, 1, 89617, 97871
2026/09/22 21:52:46.064, 2, 89617, 97871
2026/09/22 21:52:46.064, 3, 91665, 97871
2026/09/22 21:52:46.264, 0, 89617, 97871
2026/09/22 21:52:46.264, 1, 89617, 97871
2026/09/22 21:52:46.264, 2, 89617, 97871
2026/09/22 21:52:46.264, 3, 91665, 97871
2026/09/22 21:52:46.464, 0, 89617, 97871
2026/09/22 21:52:46.464, 1, 89617, 97871
2026/09/22 21:52:46.464, 2, 89617, 97871
2026/09/22 21:52:46.464, 3, 91665, 97871
2026/09/22 21:52:46.664, 0, 89617, 97871
2026/09/22 21:52:46.664, 1, 89617, 97871
2026/09/22 21:52:46.664, 2, 89617, 97871
2026/09/22 21:52:46.664, 3, 91665, 97871
2026/09/22 21:52:46.865, 0, 89617, 97871
2026/09/22 21:52:46.865, 1, 89617, 97871
2026/09/22 21:52:46.865, 2, 89617, 97871
2026/09/22 21:52:46.865, 3, 91665, 97871
2026/09/22 21:52:47.065, 0, 89617, 97871
2026/09/22 21:52:47.065, 1, 89617, 97871
2026/09/22 21:52:47.065, 2, 89617, 97871
2026/09/22 21:52:47.065, 3, 91665, 97871
2026/09/22 21:52:47.265, 0, 89617, 97871
2026/09/22 21:52:47.265, 1, 89617, 97871
2026/09/22 21:52:47.265, 2, 89617, 97871
2026/09/22 21:52:47.265, 3, 91665, 97871
2026/09/22 21:52:47.465, 0, 89617, 97871
2026/09/22 21:52:47.465, 1, 89617, 97871
2026/09/22 21:52:47.466, 2, 89617, 97871
2026/09/22 21:52:47.466, 3, 91665, 97871
2026/09/22 21:52:47.666, 0, 89617, 97871
2026/09/22 21:52:47.666, 1, 89617, 97871
2026/09/22 21:52:47.666, 2, 89617, 97871
2026/09/22 21:52:47.666, 3, 91665, 97871
2026/09/22 21:52:47.866, 0, 89617, 97871
2026/09/22 21:52:47.866, 1, 89617, 97871
2026/09/22 21:52:47.866, 2, 89617, 97871
2026/09/22 21:52:47.866, 3, 91665, 97871
2026/09/22 21:52:48.066, 0, 89617, 97871
2026/09/22 21:52:48.066, 1, 89617, 97871
2026/09/22 21:52:48.066, 2, 89617, 97871
2026/09/22 21:52:48.066, 3, 91665, 97871
2026/09/22 21:52:48.266, 0, 89617, 97871
2026/09/22 21:52:48.266, 1, 89617, 97871
2026/09/22 21:52:48.266, 2, 89617, 97871
2026/09/22 21:52:48.267, 3, 91665, 97871
2026/09/22 21:52:48.467, 0, 89617, 97871
2026/09/22 21:52:48.467, 1, 89617, 97871
2026/09/22 21:52:48.467, 2, 89617, 97871
2026/09/22 21:52:48.467, 3, 91665, 97871
2026/09/22 21:52:48.667, 0, 89617, 97871
2026/09/22 21:52:48.667, 1, 89617, 97871
2026/09/22 21:52:48.667, 2, 89617, 97871
2026/09/22 21:52:48.667, 3, 91665, 97871
2026/09/22 21:52:48.867, 0, 89617, 97871
2026/09/22 21:52:48.867, 1, 89617, 97871
2026/09/22 21:52:48.867, 2, 89617, 97871
2026/09/22 21:52:48.867, 3, 91665, 97871
2026/09/22 21:52:49.067, 0, 89617, 97871
2026/09/22 21:52:49.067, 1, 89617, 97871
2026/09/22 21:52:49.067, 2, 89617, 97871
2026/09/22 21:52:49.067, 3, 91665, 97871
2026/09/22 21:52:49.268, 0, 89617, 97871
2026/09/22 21:52:49.268, 1, 89617, 97871
2026/09/22 21:52:49.268, 2, 89617, 97871
2026/09/22 21:52:49.268, 3, 91665, 97871
2026/09/22 21:52:49.468, 0, 89617, 97871
2026/09/22 21:52:49.468, 1, 89617, 97871
2026/09/22 21:52:49.468, 2, 89617, 97871
2026/09/22 21:52:49.468, 3, 91665, 97871
2026/09/22 21:52:49.668, 0, 89617, 97871
2026/09/22 21:52:49.668, 1, 89617, 97871
2026/09/22 21:52:49.668, 2, 89617, 97871
2026/09/22 21:52:49.668, 3, 91665, 97871
2026/09/22 21:52:49.868, 0, 89617, 97871
2026/09/22 21:52:49.868, 1, 89617, 97871
2026/09/22 21:52:49.868, 2, 89617, 97871
2026/09/22 21:52:49.868, 3, 91665, 97871
2026/09/22 21:52:50.069, 0, 89617, 97871
2026/09/22 21:52:50.069, 1, 89617, 97871
2026/09/22 21:52:50.069, 2, 89617, 97871
2026/09/22 21:52:50.069, 3, 91665, 97871
2026/09/22 21:52:50.269, 0, 89617, 97871
2026/09/22 21:52:50.269, 1, 89617, 97871
2026/09/22 21:52:50.269, 2, 89617, 97871
2026/09/22 21:52:50.269, 3, 91665, 97871
2026/09/22 21:52:50.469, 0, 89617, 97871
2026/09/22 21:52:50.469, 1, 89617, 97871
2026/09/22 21:52:50.469, 2, 89617, 97871
2026/09/22 21:52:50.469, 3, 91665, 97871
2026/09/22 21:52:50.669, 0, 89617, 97871
2026/09/22 21:52:50.669, 1, 89617, 97871
2026/09/22 21:52:50.669, 2, 89617, 97871
2026/09/22 21:52:50.669, 3, 91665, 97871
2026/09/22 21:52:50.870, 0, 89617, 97871
2026/09/22 21:52:50.870, 1, 89617, 97871
2026/09/22 21:52:50.870, 2, 89617, 97871
2026/09/22 21:52:50.870, 3, 91665, 97871
2026/09/22 21:52:51.070, 0, 89617, 97871
2026/09/22 21:52:51.070, 1, 89617, 97871
2026/09/22 21:52:51.070, 2, 89617, 97871
2026/09/22 21:52:51.070, 3, 91665, 97871
2026/09/22 21:52:51.270, 0, 89617, 97871
2026/09/22 21:52:51.270, 1, 89617, 97871
2026/09/22 21:52:51.270, 2, 89617, 97871
2026/09/22 21:52:51.270, 3, 91665, 97871
2026/09/22 21:52:51.470, 0, 89617, 97871
2026/09/22 21:52:51.470, 1, 89617, 97871
2026/09/22 21:52:51.470, 2, 89617, 97871
2026/09/22 21:52:51.470, 3, 91665, 97871
2026/09/22 21:52:51.671, 0, 89617, 97871
2026/09/22 21:52:51.671, 1, 89617, 97871
2026/09/22 21:52:51.671, 2, 89617, 97871
2026/09/22 21:52:51.671, 3, 91665, 97871
2026/09/22 21:52:51.871, 0, 89617, 97871
2026/09/22 21:52:51.871, 1, 89617, 97871
2026/09/22 21:52:51.871, 2, 89617, 97871
2026/09/22 21:52:51.871, 3, 91665, 97871
2026/09/22 21:52:52.071, 0, 89617, 97871
2026/09/22 21:52:52.071, 1, 89617, 97871
2026/09/22 21:52:52.071, 2, 89617, 97871
2026/09/22 21:52:52.071, 3, 91665, 97871
2026/09/22 21:52:52.271, 0, 89617, 97871
2026/09/22 21:52:52.272, 1, 89617, 97871
2026/09/22 21:52:52.272, 2, 89617, 97871
2026/09/22 21:52:52.272, 3, 91665, 97871
2026/09/22 21:52:52.472, 0, 89617, 97871
2026/09/22 21:52:52.472, 1, 89617, 97871
2026/09/22 21:52:52.472, 2, 89617, 97871
2026/09/22 21:52:52.472, 3, 91665, 97871
2026/09/22 21:52:52.672, 0, 89617, 97871
2026/09/22 21:52:52.672, 1, 89617, 97871
2026/09/22 21:52:52.672, 2, 89617, 97871
2026/09/22 21:52:52.672, 3, 91665, 97871
2026/09/22 21:52:52.872, 0, 89617, 97871
2026/09/22 21:52:52.872, 1, 89617, 97871
2026/09/22 21:52:52.872, 2, 89617, 97871
2026/09/22 21:52:52.872, 3, 91665, 97871
2026/09/22 21:52:53.072, 0, 89617, 97871
2026/09/22 21:52:53.073, 1, 89617, 97871
2026/09/22 21:52:53.073, 2, 89617, 97871
2026/09/22 21:52:53.073, 3, 91665, 97871
2026/09/22 21:52:53.273, 0, 89617, 97871
2026/09/22 21:52:53.273, 1, 89617, 97871
2026/09/22 21:52:53.273, 2, 89617, 97871
2026/09/22 21:52:53.273, 3, 91665, 97871
2026/09/22 21:52:53.473, 0, 89617, 97871
2026/09/22 21:52:53.473, 1, 89617, 97871
2026/09/22 21:52:53.473, 2, 89617, 97871
2026/09/22 21:52:53.473, 3, 91665, 97871
2026/09/22 21:52:53.673, 0, 89617, 97871
2026/09/22 21:52:53.673, 1, 89617, 97871
2026/09/22 21:52:53.673, 2, 89617, 97871
2026/09/22 21:52:53.673, 3, 91665, 97871
2026/09/22 21:52:53.873, 0, 89617, 97871
2026/09/22 21:52:53.874, 1, 89617, 97871
2026/09/22 21:52:53.874, 2, 89617, 97871
2026/09/22 21:52:53.874, 3, 91665, 97871
2026/09/22 21:52:54.074, 0, 89617, 97871
2026/09/22 21:52:54.074, 1, 89617, 97871
2026/09/22 21:52:54.074, 2, 89617, 97871
2026/09/22 21:52:54.074, 3, 91665, 97871
2026/09/22 21:52:54.274, 0, 89617, 97871
2026/09/22 21:52:54.274, 1, 89617, 97871
2026/09/22 21:52:54.274, 2, 89617, 97871
2026/09/22 21:52:54.274, 3, 91665, 97871
2026/09/22 21:52:54.474, 0, 89617, 97871
2026/09/22 21:52:54.474, 1, 89617, 97871
2026/09/22 21:52:54.474, 2, 89617, 97871
2026/09/22 21:52:54.474, 3, 91665, 97871
2026/09/22 21:52:54.675, 0, 89617, 97871
2026/09/22 21:52:54.675, 1, 89617, 97871
2026/09/22 21:52:54.675, 2, 89617, 97871
2026/09/22 21:52:54.675, 3, 91665, 97871
2026/09/22 21:52:54.875, 0, 89617, 97871
2026/09/22 21:52:54.875, 1, 89617, 97871
2026/09/22 21:52:54.875, 2, 89617, 97871
2026/09/22 21:52:54.875, 3, 91665, 97871
2026/09/22 21:52:55.075, 0, 89617, 97871
2026/09/22 21:52:55.075, 1, 89617, 97871
2026/09/22 21:52:55.075, 2, 89617, 97871
2026/09/22 21:52:55.076, 3, 91665, 97871
2026/09/22 21:52:55.276, 0, 89617, 97871
2026/09/22 21:52:55.276, 1, 89617, 97871
2026/09/22 21:52:55.276, 2, 89617, 97871
2026/09/22 21:52:55.276, 3, 91665, 97871
2026/09/22 21:52:55.476, 0, 89617, 97871
2026/09/22 21:52:55.476, 1, 89617, 97871
2026/09/22 21:52:55.476, 2, 89617, 97871
2026/09/22 21:52:55.476, 3, 91665, 97871
2026/09/22 21:52:55.676, 0, 89617, 97871
2026/09/22 21:52:55.676, 1, 89617, 97871
2026/09/22 21:52:55.676, 2, 89617, 97871
2026/09/22 21:52:55.676, 3, 91665, 97871
2026/09/22 21:52:55.876, 0, 89617, 97871
2026/09/22 21:52:55.876, 1, 89617, 97871
2026/09/22 21:52:55.876, 2, 89617, 97871
2026/09/22 21:52:55.876, 3, 91665, 97871
2026/09/22 21:52:56.077, 0, 89617, 97871
2026/09/22 21:52:56.077, 1, 89617, 97871
2026/09/22 21:52:56.077, 2, 89617, 97871
2026/09/22 21:52:56.077, 3, 91665, 97871
2026/09/22 21:52:56.277, 0, 89617, 97871
2026/09/22 21:52:56.277, 1, 89617, 97871
2026/09/22 21:52:56.277, 2, 89617, 97871
2026/09/22 21:52:56.277, 3, 91665, 97871
2026/09/22 21:52:56.477, 0, 89617, 97871
2026/09/22 21:52:56.477, 1, 89617, 97871
2026/09/22 21:52:56.477, 2, 89617, 97871
2026/09/22 21:52:56.477, 3, 91665, 97871
2026/09/22 21:52:56.677, 0, 89617, 97871
2026/09/22 21:52:56.677, 1, 89617, 97871
2026/09/22 21:52:56.677, 2, 89617, 97871
2026/09/22 21:52:56.677, 3, 91665, 97871
2026/09/22 21:52:56.878, 0, 89617, 97871
2026/09/22 21:52:56.878, 1, 89617, 97871
2026/09/22 21:52:56.878, 2, 89617, 97871
2026/09/22 21:52:56.878, 3, 91665, 97871
2026/09/22 21:52:57.078, 0, 89617, 97871
2026/09/22 21:52:57.078, 1, 89617, 97871
2026/09/22 21:52:57.078, 2, 89617, 97871
2026/09/22 21:52:57.078, 3, 91665, 97871
2026/09/22 21:52:57.278, 0, 89617, 97871
2026/09/22 21:52:57.278, 1, 89617, 97871
2026/09/22 21:52:57.278, 2, 89617, 97871
2026/09/22 21:52:57.278, 3, 91665, 97871
2026/09/22 21:52:57.478, 0, 89617, 97871
2026/09/22 21:52:57.505, 1, 89617, 97871
2026/09/22 21:52:57.519, 2, 89617, 97871
2026/09/22 21:52:57.519, 3, 91665, 97871
2026/09/22 21:52:57.719, 0, 89617, 97871
2026/09/22 21:52:57.719, 1, 89617, 97871
2026/09/22 21:52:57.719, 2, 89617, 97871
2026/09/22 21:52:57.719, 3, 91665, 97871
2026/09/22 21:52:57.919, 0, 89617, 97871
2026/09/22 21:52:57.919, 1, 89617, 97871
2026/09/22 21:52:57.919, 2, 89617, 97871
2026/09/22 21:52:57.919, 3, 91665, 97871
2026/09/22 21:52:58.119, 0, 89617, 97871
2026/09/22 21:52:58.119, 1, 89617, 97871
2026/09/22 21:52:58.119, 2, 89617, 97871
2026/09/22 21:52:58.119, 3, 91665, 97871
2026/09/22 21:52:58.320, 0, 89617, 97871
2026/09/22 21:52:58.320, 1, 89617, 97871
2026/09/22 21:52:58.320, 2, 89617, 97871
2026/09/22 21:52:58.320, 3, 91665, 97871
2026/09/22 21:52:58.520, 0, 89617, 97871
2026/09/22 21:52:58.520, 1, 89617, 97871
2026/09/22 21:52:58.520, 2, 89617, 97871
2026/09/22 21:52:58.520, 3, 91665, 97871
2026/09/22 21:52:58.720, 0, 89617, 97871
2026/09/22 21:52:58.751, 1, 89617, 97871
2026/09/22 21:52:58.784, 2, 89617, 97871
2026/09/22 21:52:58.798, 3, 91665, 97871
2026/09/22 21:52:58.998, 0, 89617, 97871
2026/09/22 21:52:58.998, 1, 89617, 97871
2026/09/22 21:52:58.998, 2, 89617, 97871
2026/09/22 21:52:58.998, 3, 91665, 97871
2026/09/22 21:52:59.199, 0, 89617, 97871
2026/09/22 21:52:59.199, 1, 89617, 97871
2026/09/22 21:52:59.199, 2, 89617, 97871
2026/09/22 21:52:59.199, 3, 91665, 97871
2026/09/22 21:52:59.399, 0, 89617, 97871
2026/09/22 21:52:59.399, 1, 89617, 97871
2026/09/22 21:52:59.399, 2, 89617, 97871
2026/09/22 21:52:59.399, 3, 91665, 97871
2026/09/22 21:52:59.599, 0, 89617, 97871
2026/09/22 21:52:59.599, 1, 89617, 97871
2026/09/22 21:52:59.599, 2, 89617, 97871
2026/09/22 21:52:59.599, 3, 91665, 97871
2026/09/22 21:52:59.799, 0, 89617, 97871
2026/09/22 21:52:59.799, 1, 89617, 97871
2026/09/22 21:52:59.799, 2, 89617, 97871
2026/09/22 21:52:59.799, 3, 91665, 97871
2026/09/22 21:52:59.999, 0, 89617, 97871
2026/09/22 21:53:00.000, 1, 89617, 97871
2026/09/22 21:53:00.000, 2, 89617, 97871
2026/09/22 21:53:00.000, 3, 91665, 97871
2026/09/22 21:53:00.200, 0, 89617, 97871
2026/09/22 21:53:00.200, 1, 89617, 97871
2026/09/22 21:53:00.200, 2, 89617, 97871
2026/09/22 21:53:00.200, 3, 91665, 97871
2026/09/22 21:53:00.400, 0, 89617, 97871
2026/09/22 21:53:00.400, 1, 89617, 97871
2026/09/22 21:53:00.400, 2, 89617, 97871
2026/09/22 21:53:00.400, 3, 91665, 97871
2026/09/22 21:53:00.600, 0, 89617, 97871
2026/09/22 21:53:00.600, 1, 89617, 97871
2026/09/22 21:53:00.600, 2, 89617, 97871
2026/09/22 21:53:00.600, 3, 91665, 97871
2026/09/22 21:53:00.801, 0, 89617, 97871
2026/09/22 21:53:00.801, 1, 89617, 97871
2026/09/22 21:53:00.801, 2, 89617, 97871
2026/09/22 21:53:00.801, 3, 91665, 97871
2026/09/22 21:53:01.001, 0, 89617, 97871
2026/09/22 21:53:01.001, 1, 89617, 97871
2026/09/22 21:53:01.001, 2, 89617, 97871
2026/09/22 21:53:01.001, 3, 91665, 97871
2026/09/22 21:53:01.201, 0, 89617, 97871
2026/09/22 21:53:01.201, 1, 89617, 97871
2026/09/22 21:53:01.201, 2, 89617, 97871
2026/09/22 21:53:01.201, 3, 91665, 97871
2026/09/22 21:53:01.401, 0, 89617, 97871
2026/09/22 21:53:01.401, 1, 89617, 97871
2026/09/22 21:53:01.401, 2, 89617, 97871
2026/09/22 21:53:01.401, 3, 91665, 97871
2026/09/22 21:53:01.602, 0, 89617, 97871
2026/09/22 21:53:01.602, 1, 89617, 97871
2026/09/22 21:53:01.602, 2, 89617, 97871
2026/09/22 21:53:01.602, 3, 91665, 97871
2026/09/22 21:53:01.802, 0, 89617, 97871
2026/09/22 21:53:01.802, 1, 89617, 97871
2026/09/22 21:53:01.802, 2, 89617, 97871
2026/09/22 21:53:01.802, 3, 91665, 97871
2026/09/22 21:53:02.002, 0, 89617, 97871
2026/09/22 21:53:02.002, 1, 89617, 97871
2026/09/22 21:53:02.002, 2, 89617, 97871
2026/09/22 21:53:02.002, 3, 91665, 97871
2026/09/22 21:53:02.202, 0, 89617, 97871
2026/09/22 21:53:02.202, 1, 89617, 97871
2026/09/22 21:53:02.202, 2, 89617, 97871
2026/09/22 21:53:02.202, 3, 91665, 97871
2026/09/22 21:53:02.402, 0, 89617, 97871
2026/09/22 21:53:02.403, 1, 89617, 97871
2026/09/22 21:53:02.403, 2, 89617, 97871
2026/09/22 21:53:02.403, 3, 91665, 97871
2026/09/22 21:53:02.603, 0, 89617, 97871
2026/09/22 21:53:02.603, 1, 89617, 97871
2026/09/22 21:53:02.603, 2, 89617, 97871
2026/09/22 21:53:02.603, 3, 91665, 97871
2026/09/22 21:53:02.803, 0, 89617, 97871
2026/09/22 21:53:02.803, 1, 89617, 97871
2026/09/22 21:53:02.803, 2, 89617, 97871
2026/09/22 21:53:02.803, 3, 91665, 97871
2026/09/22 21:53:03.003, 0, 89617, 97871
2026/09/22 21:53:03.003, 1, 89617, 97871
2026/09/22 21:53:03.003, 2, 89617, 97871
2026/09/22 21:53:03.003, 3, 91665, 97871
2026/09/22 21:53:03.204, 0, 89617, 97871
2026/09/22 21:53:03.204, 1, 89617, 97871
2026/09/22 21:53:03.204, 2, 89617, 97871
2026/09/22 21:53:03.204, 3, 91665, 97871
2026/09/22 21:53:03.404, 0, 89617, 97871
2026/09/22 21:53:03.404, 1, 89617, 97871
2026/09/22 21:53:03.404, 2, 89617, 97871
2026/09/22 21:53:03.404, 3, 91665, 97871
2026/09/22 21:53:03.604, 0, 89617, 97871
2026/09/22 21:53:03.604, 1, 89617, 97871
2026/09/22 21:53:03.604, 2, 89617, 97871
2026/09/22 21:53:03.604, 3, 91665, 97871
2026/09/22 21:53:03.804, 0, 89617, 97871
2026/09/22 21:53:03.804, 1, 89617, 97871
2026/09/22 21:53:03.804, 2, 89617, 97871
2026/09/22 21:53:03.804, 3, 91665, 97871
2026/09/22 21:53:04.005, 0, 89617, 97871
2026/09/22 21:53:04.005, 1, 89617, 97871
2026/09/22 21:53:04.005, 2, 89617, 97871
2026/09/22 21:53:04.005, 3, 91665, 97871
2026/09/22 21:53:04.205, 0, 89617, 97871
2026/09/22 21:53:04.205, 1, 89617, 97871
2026/09/22 21:53:04.205, 2, 89617, 97871
2026/09/22 21:53:04.205, 3, 91665, 97871
2026/09/22 21:53:04.405, 0, 89617, 97871
2026/09/22 21:53:04.405, 1, 89617, 97871
2026/09/22 21:53:04.405, 2, 89617, 97871
2026/09/22 21:53:04.405, 3, 91665, 97871
2026/09/22 21:53:04.605, 0, 89617, 97871
2026/09/22 21:53:04.605, 1, 89617, 97871
2026/09/22 21:53:04.605, 2, 89617, 97871
2026/09/22 21:53:04.605, 3, 91665, 97871
2026/09/22 21:53:04.806, 0, 89617, 97871
2026/09/22 21:53:04.806, 1, 89617, 97871
2026/09/22 21:53:04.806, 2, 89617, 97871
2026/09/22 21:53:04.806, 3, 91665, 97871
2026/09/22 21:53:05.006, 0, 89617, 97871
2026/09/22 21:53:05.006, 1, 89617, 97871
2026/09/22 21:53:05.006, 2, 89617, 97871
2026/09/22 21:53:05.006, 3, 91665, 97871
2026/09/22 21:53:05.206, 0, 89617, 97871
2026/09/22 21:53:05.206, 1, 89617, 97871
2026/09/22 21:53:05.206, 2, 89617, 97871
2026/09/22 21:53:05.206, 3, 91665, 97871
2026/09/22 21:53:05.406, 0, 89617, 97871
2026/09/22 21:53:05.406, 1, 89617, 97871
2026/09/22 21:53:05.406, 2, 89617, 97871
2026/09/22 21:53:05.406, 3, 91665, 97871
2026/09/22 21:53:05.606, 0, 89617, 97871
2026/09/22 21:53:05.607, 1, 89617, 97871
2026/09/22 21:53:05.607, 2, 89617, 97871
2026/09/22 21:53:05.607, 3, 91665, 97871
2026/09/22 21:53:05.807, 0, 89617, 97871
2026/09/22 21:53:05.807, 1, 89617, 97871
2026/09/22 21:53:05.807, 2, 89617, 97871
2026/09/22 21:53:05.807, 3, 91665, 97871
2026/09/22 21:53:06.007, 0, 89617, 97871
2026/09/22 21:53:06.007, 1, 89617, 97871
2026/09/22 21:53:06.007, 2, 89617, 97871
2026/09/22 21:53:06.007, 3, 91665, 97871
2026/09/22 21:53:06.207, 0, 89617, 97871
2026/09/22 21:53:06.207, 1, 89617, 97871
2026/09/22 21:53:06.207, 2, 89617, 97871
2026/09/22 21:53:06.207, 3, 91665, 97871
2026/09/22 21:53:06.407, 0, 89617, 97871
2026/09/22 21:53:06.407, 1, 89617, 97871
2026/09/22 21:53:06.407, 2, 89617, 97871
2026/09/22 21:53:06.407, 3, 91665, 97871
2026/09/22 21:53:06.608, 0, 89617, 97871
2026/09/22 21:53:06.608, 1, 89617, 97871
2026/09/22 21:53:06.608, 2, 89617, 97871
2026/09/22 21:53:06.608, 3, 91665, 97871
2026/09/22 21:53:06.808, 0, 89617, 97871
2026/09/22 21:53:06.808, 1, 89617, 97871
2026/09/22 21:53:06.808, 2, 89617, 97871
2026/09/22 21:53:06.808, 3, 91665, 97871
2026/09/22 21:53:07.008, 0, 89617, 97871
2026/09/22 21:53:07.008, 1, 89617, 97871
2026/09/22 21:53:07.008, 2, 89617, 97871
2026/09/22 21:53:07.008, 3, 91665, 97871
2026/09/22 21:53:07.208, 0, 89617, 97871
2026/09/22 21:53:07.208, 1, 89617, 97871
2026/09/22 21:53:07.208, 2, 89617, 97871
2026/09/22 21:53:07.208, 3, 91665, 97871
2026/09/22 21:53:07.408, 0, 89617, 97871
2026/09/22 21:53:07.408, 1, 89617, 97871
2026/09/22 21:53:07.408, 2, 89617, 97871
2026/09/22 21:53:07.408, 3, 91665, 97871
2026/09/22 21:53:07.609, 0, 89617, 97871
2026/09/22 21:53:07.609, 1, 89617, 97871
2026/09/22 21:53:07.609, 2, 89617, 97871
2026/09/22 21:53:07.609, 3, 91665, 97871
2026/09/22 21:53:07.809, 0, 89617, 97871
2026/09/22 21:53:07.809, 1, 89617, 97871
2026/09/22 21:53:07.809, 2, 89617, 97871
2026/09/22 21:53:07.809, 3, 91665, 97871
2026/09/22 21:53:08.009, 0, 89617, 97871
2026/09/22 21:53:08.009, 1, 89617, 97871
2026/09/22 21:53:08.009, 2, 89617, 97871
2026/09/22 21:53:08.009, 3, 91665, 97871
2026/09/22 21:53:08.209, 0, 89617, 97871
2026/09/22 21:53:08.209, 1, 89617, 97871
2026/09/22 21:53:08.209, 2, 89617, 97871
2026/09/22 21:53:08.209, 3, 91665, 97871
2026/09/22 21:53:08.409, 0, 89617, 97871
2026/09/22 21:53:08.409, 1, 89617, 97871
2026/09/22 21:53:08.409, 2, 89617, 97871
2026/09/22 21:53:08.409, 3, 91665, 97871
2026/09/22 21:53:08.610, 0, 89617, 97871
2026/09/22 21:53:08.610, 1, 89617, 97871
2026/09/22 21:53:08.610, 2, 89617, 97871
2026/09/22 21:53:08.610, 3, 91665, 97871
2026/09/22 21:53:08.810, 0, 89617, 97871
2026/09/22 21:53:08.810, 1, 89617, 97871
2026/09/22 21:53:08.810, 2, 89617, 97871
2026/09/22 21:53:08.810, 3, 91665, 97871
2026/09/22 21:53:09.010, 0, 89617, 97871
2026/09/22 21:53:09.010, 1, 89617, 97871
2026/09/22 21:53:09.010, 2, 89617, 97871
2026/09/22 21:53:09.010, 3, 91665, 97871
2026/09/22 21:53:09.210, 0, 89617, 97871
2026/09/22 21:53:09.210, 1, 89617, 97871
2026/09/22 21:53:09.210, 2, 89617, 97871
2026/09/22 21:53:09.211, 3, 91665, 97871
2026/09/22 21:53:09.411, 0, 89617, 97871
2026/09/22 21:53:09.411, 1, 89617, 97871
2026/09/22 21:53:09.411, 2, 89617, 97871
2026/09/22 21:53:09.411, 3, 91665, 97871
2026/09/22 21:53:09.611, 0, 89617, 97871
2026/09/22 21:53:09.611, 1, 89617, 97871
2026/09/22 21:53:09.611, 2, 89617, 97871
2026/09/22 21:53:09.611, 3, 91665, 97871
2026/09/22 21:53:09.811, 0, 89617, 97871
2026/09/22 21:53:09.811, 1, 89617, 97871
2026/09/22 21:53:09.811, 2, 89617, 97871
2026/09/22 21:53:09.811, 3, 91665, 97871
2026/09/22 21:53:10.011, 0, 89617, 97871
2026/09/22 21:53:10.011, 1, 89617, 97871
2026/09/22 21:53:10.011, 2, 89617, 97871
2026/09/22 21:53:10.011, 3, 91665, 97871
2026/09/22 21:53:10.212, 0, 89617, 97871
2026/09/22 21:53:10.212, 1, 89617, 97871
2026/09/22 21:53:10.212, 2, 89617, 97871
2026/09/22 21:53:10.212, 3, 91665, 97871
2026/09/22 21:53:10.412, 0, 89617, 97871
2026/09/22 21:53:10.412, 1, 89617, 97871
2026/09/22 21:53:10.412, 2, 89617, 97871
2026/09/22 21:53:10.412, 3, 91665, 97871
2026/09/22 21:53:10.612, 0, 89617, 97871
2026/09/22 21:53:10.612, 1, 89617, 97871
2026/09/22 21:53:10.612, 2, 89617, 97871
2026/09/22 21:53:10.612, 3, 91665, 97871
2026/09/22 21:53:10.812, 0, 89617, 97871
2026/09/22 21:53:10.812, 1, 89617, 97871
2026/09/22 21:53:10.812, 2, 89617, 97871
2026/09/22 21:53:10.812, 3, 91665, 97871
2026/09/22 21:53:11.012, 0, 89617, 97871
2026/09/22 21:53:11.012, 1, 89617, 97871
2026/09/22 21:53:11.013, 2, 89617, 97871
2026/09/22 21:53:11.013, 3, 91665, 97871
2026/09/22 21:53:11.213, 0, 89617, 97871
2026/09/22 21:53:11.213, 1, 89617, 97871
2026/09/22 21:53:11.213, 2, 89617, 97871
2026/09/22 21:53:11.213, 3, 91665, 97871
2026/09/22 21:53:11.413, 0, 89617, 97871
2026/09/22 21:53:11.413, 1, 89617, 97871
2026/09/22 21:53:11.413, 2, 89617, 97871
2026/09/22 21:53:11.413, 3, 91665, 97871
2026/09/22 21:53:11.613, 0, 89617, 97871
2026/09/22 21:53:11.613, 1, 89617, 97871
2026/09/22 21:53:11.613, 2, 89617, 97871
2026/09/22 21:53:11.613, 3, 91665, 97871
2026/09/22 21:53:11.813, 0, 89617, 97871
2026/09/22 21:53:11.813, 1, 89617, 97871
2026/09/22 21:53:11.813, 2, 89617, 97871
2026/09/22 21:53:11.813, 3, 91665, 97871
2026/09/22 21:53:12.013, 0, 89617, 97871
2026/09/22 21:53:12.014, 1, 89617, 97871
2026/09/22 21:53:12.014, 2, 89617, 97871
2026/09/22 21:53:12.014, 3, 91665, 97871
2026/09/22 21:53:12.214, 0, 89617, 97871
2026/09/22 21:53:12.214, 1, 89617, 97871
2026/09/22 21:53:12.214, 2, 89617, 97871
2026/09/22 21:53:12.214, 3, 91665, 97871
2026/09/22 21:53:12.414, 0, 90003, 97871
2026/09/22 21:53:12.414, 1, 90003, 97871
2026/09/22 21:53:12.414, 2, 90003, 97871
2026/09/22 21:53:12.414, 3, 92051, 97871
2026/09/22 21:53:12.614, 0, 90003, 97871
2026/09/22 21:53:12.614, 1, 90003, 97871
2026/09/22 21:53:12.614, 2, 90003, 97871
2026/09/22 21:53:12.614, 3, 92051, 97871
2026/09/22 21:53:12.814, 0, 90003, 97871
2026/09/22 21:53:12.815, 1, 90003, 97871
2026/09/22 21:53:12.815, 2, 90003, 97871
2026/09/22 21:53:12.815, 3, 92051, 97871
2026/09/22 21:53:13.015, 0, 90003, 97871
2026/09/22 21:53:13.015, 1, 90003, 97871
2026/09/22 21:53:13.015, 2, 90003, 97871
2026/09/22 21:53:13.015, 3, 92051, 97871
2026/09/22 21:53:13.215, 0, 90003, 97871
2026/09/22 21:53:13.215, 1, 90003, 97871
2026/09/22 21:53:13.215, 2, 90003, 97871
2026/09/22 21:53:13.215, 3, 92051, 97871
2026/09/22 21:53:13.415, 0, 90003, 97871
2026/09/22 21:53:13.415, 1, 90003, 97871
2026/09/22 21:53:13.416, 2, 90003, 97871
2026/09/22 21:53:13.416, 3, 92051, 97871
2026/09/22 21:53:13.616, 0, 90003, 97871
2026/09/22 21:53:13.616, 1, 90003, 97871
2026/09/22 21:53:13.616, 2, 90003, 97871
2026/09/22 21:53:13.616, 3, 92051, 97871
2026/09/22 21:53:13.816, 0, 90003, 97871
2026/09/22 21:53:13.816, 1, 90003, 97871
2026/09/22 21:53:13.816, 2, 90003, 97871
2026/09/22 21:53:13.816, 3, 92051, 97871
2026/09/22 21:53:14.016, 0, 90003, 97871
2026/09/22 21:53:14.016, 1, 90003, 97871
2026/09/22 21:53:14.016, 2, 90003, 97871
2026/09/22 21:53:14.016, 3, 92051, 97871
2026/09/22 21:53:14.217, 0, 90003, 97871
2026/09/22 21:53:14.217, 1, 90003, 97871
2026/09/22 21:53:14.217, 2, 90003, 97871
2026/09/22 21:53:14.217, 3, 92051, 97871
2026/09/22 21:53:14.417, 0, 90003, 97871
2026/09/22 21:53:14.417, 1, 90003, 97871
2026/09/22 21:53:14.417, 2, 90003, 97871
2026/09/22 21:53:14.417, 3, 92051, 97871
2026/09/22 21:53:14.617, 0, 90003, 97871
2026/09/22 21:53:14.617, 1, 90003, 97871
2026/09/22 21:53:14.617, 2, 90003, 97871
2026/09/22 21:53:14.617, 3, 92051, 97871
2026/09/22 21:53:14.818, 0, 90003, 97871
2026/09/22 21:53:14.818, 1, 90003, 97871
2026/09/22 21:53:14.818, 2, 90003, 97871
2026/09/22 21:53:14.818, 3, 92051, 97871
2026/09/22 21:53:15.018, 0, 90003, 97871
2026/09/22 21:53:15.018, 1, 90003, 97871
2026/09/22 21:53:15.018, 2, 90003, 97871
2026/09/22 21:53:15.018, 3, 92051, 97871
2026/09/22 21:53:15.218, 0, 90003, 97871
2026/09/22 21:53:15.218, 1, 90003, 97871
2026/09/22 21:53:15.218, 2, 90003, 97871
2026/09/22 21:53:15.218, 3, 92051, 97871
2026/09/22 21:53:15.418, 0, 90003, 97871
2026/09/22 21:53:15.419, 1, 90003, 97871
2026/09/22 21:53:15.419, 2, 90003, 97871
2026/09/22 21:53:15.419, 3, 92051, 97871
2026/09/22 21:53:15.619, 0, 90003, 97871
2026/09/22 21:53:15.619, 1, 90003, 97871
2026/09/22 21:53:15.619, 2, 90003, 97871
2026/09/22 21:53:15.619, 3, 92051, 97871
2026/09/22 21:53:15.819, 0, 90003, 97871
2026/09/22 21:53:15.819, 1, 90003, 97871
2026/09/22 21:53:15.819, 2, 90003, 97871
2026/09/22 21:53:15.819, 3, 92051, 97871
2026/09/22 21:53:16.019, 0, 90003, 97871
2026/09/22 21:53:16.019, 1, 90003, 97871
2026/09/22 21:53:16.019, 2, 90003, 97871
2026/09/22 21:53:16.019, 3, 92051, 97871
2026/09/22 21:53:16.220, 0, 90003, 97871
2026/09/22 21:53:16.220, 1, 90003, 97871
2026/09/22 21:53:16.220, 2, 90003, 97871
2026/09/22 21:53:16.220, 3, 92051, 97871
2026/09/22 21:53:16.420, 0, 90003, 97871
2026/09/22 21:53:16.420, 1, 90003, 97871
2026/09/22 21:53:16.420, 2, 90003, 97871
2026/09/22 21:53:16.420, 3, 92051, 97871
2026/09/22 21:53:16.620, 0, 90003, 97871
2026/09/22 21:53:16.620, 1, 90003, 97871
2026/09/22 21:53:16.620, 2, 90003, 97871
2026/09/22 21:53:16.620, 3, 92051, 97871
2026/09/22 21:53:16.820, 0, 90003, 97871
2026/09/22 21:53:16.820, 1, 90003, 97871
2026/09/22 21:53:16.820, 2, 90003, 97871
2026/09/22 21:53:16.820, 3, 92051, 97871
2026/09/22 21:53:17.020, 0, 90003, 97871
2026/09/22 21:53:17.021, 1, 90003, 97871
2026/09/22 21:53:17.021, 2, 90003, 97871
2026/09/22 21:53:17.021, 3, 92051, 97871
2026/09/22 21:53:17.221, 0, 90003, 97871
2026/09/22 21:53:17.221, 1, 90003, 97871
2026/09/22 21:53:17.221, 2, 90003, 97871
2026/09/22 21:53:17.221, 3, 92051, 97871
2026/09/22 21:53:17.421, 0, 90003, 97871
2026/09/22 21:53:17.421, 1, 90003, 97871
2026/09/22 21:53:17.421, 2, 90003, 97871
2026/09/22 21:53:17.421, 3, 92051, 97871
2026/09/22 21:53:17.621, 0, 90003, 97871
2026/09/22 21:53:17.621, 1, 90003, 97871
2026/09/22 21:53:17.621, 2, 90003, 97871
2026/09/22 21:53:17.621, 3, 92051, 97871
2026/09/22 21:53:17.821, 0, 90003, 97871
2026/09/22 21:53:17.821, 1, 90003, 97871
2026/09/22 21:53:17.821, 2, 90003, 97871
2026/09/22 21:53:17.821, 3, 92051, 97871
2026/09/22 21:53:18.022, 0, 90003, 97871
2026/09/22 21:53:18.022, 1, 90003, 97871
2026/09/22 21:53:18.022, 2, 90003, 97871
2026/09/22 21:53:18.022, 3, 92051, 97871
2026/09/22 21:53:18.222, 0, 90003, 97871
2026/09/22 21:53:18.222, 1, 90003, 97871
2026/09/22 21:53:18.222, 2, 90003, 97871
2026/09/22 21:53:18.222, 3, 92051, 97871
2026/09/22 21:53:18.422, 0, 90003, 97871
2026/09/22 21:53:18.422, 1, 90003, 97871
2026/09/22 21:53:18.422, 2, 90003, 97871
2026/09/22 21:53:18.422, 3, 92051, 97871
2026/09/22 21:53:18.622, 0, 90003, 97871
2026/09/22 21:53:18.622, 1, 90003, 97871
2026/09/22 21:53:18.622, 2, 90003, 97871
2026/09/22 21:53:18.622, 3, 92051, 97871
2026/09/22 21:53:18.822, 0, 90003, 97871
2026/09/22 21:53:18.822, 1, 90003, 97871
2026/09/22 21:53:18.822, 2, 90003, 97871
2026/09/22 21:53:18.822, 3, 92051, 97871
2026/09/22 21:53:19.023, 0, 90003, 97871
2026/09/22 21:53:19.023, 1, 90003, 97871
2026/09/22 21:53:19.023, 2, 90003, 97871
2026/09/22 21:53:19.023, 3, 92051, 97871
2026/09/22 21:53:19.223, 0, 90003, 97871
2026/09/22 21:53:19.223, 1, 90003, 97871
2026/09/22 21:53:19.223, 2, 90003, 97871
2026/09/22 21:53:19.223, 3, 92051, 97871
2026/09/22 21:53:19.423, 0, 90003, 97871
2026/09/22 21:53:19.423, 1, 90003, 97871
2026/09/22 21:53:19.423, 2, 90003, 97871
2026/09/22 21:53:19.423, 3, 92051, 97871
2026/09/22 21:53:19.623, 0, 90003, 97871
2026/09/22 21:53:19.623, 1, 90003, 97871
2026/09/22 21:53:19.623, 2, 90003, 97871
2026/09/22 21:53:19.623, 3, 92051, 97871
2026/09/22 21:53:19.823, 0, 90003, 97871
2026/09/22 21:53:19.823, 1, 90003, 97871
2026/09/22 21:53:19.823, 2, 90003, 97871
2026/09/22 21:53:19.824, 3, 92051, 97871
2026/09/22 21:53:20.024, 0, 90003, 97871
2026/09/22 21:53:20.024, 1, 90003, 97871
2026/09/22 21:53:20.024, 2, 90003, 97871
2026/09/22 21:53:20.024, 3, 92051, 97871
2026/09/22 21:53:20.224, 0, 90003, 97871
2026/09/22 21:53:20.224, 1, 90003, 97871
2026/09/22 21:53:20.224, 2, 90003, 97871
2026/09/22 21:53:20.224, 3, 92051, 97871
2026/09/22 21:53:20.424, 0, 90003, 97871
2026/09/22 21:53:20.424, 1, 90003, 97871
2026/09/22 21:53:20.424, 2, 90003, 97871
2026/09/22 21:53:20.424, 3, 92051, 97871
2026/09/22 21:53:20.624, 0, 90003, 97871
2026/09/22 21:53:20.624, 1, 90003, 97871
2026/09/22 21:53:20.624, 2, 90003, 97871
2026/09/22 21:53:20.624, 3, 92051, 97871
2026/09/22 21:53:20.825, 0, 90003, 97871
2026/09/22 21:53:20.825, 1, 90003, 97871
2026/09/22 21:53:20.825, 2, 90003, 97871
2026/09/22 21:53:20.825, 3, 92051, 97871
2026/09/22 21:53:21.025, 0, 90003, 97871
2026/09/22 21:53:21.025, 1, 90003, 97871
2026/09/22 21:53:21.025, 2, 90003, 97871
2026/09/22 21:53:21.025, 3, 92051, 97871
2026/09/22 21:53:21.225, 0, 90003, 97871
2026/09/22 21:53:21.225, 1, 90003, 97871
2026/09/22 21:53:21.225, 2, 90003, 97871
2026/09/22 21:53:21.225, 3, 92051, 97871
2026/09/22 21:53:21.425, 0, 90003, 97871
2026/09/22 21:53:21.426, 1, 90003, 97871
2026/09/22 21:53:21.426, 2, 90003, 97871
2026/09/22 21:53:21.426, 3, 92051, 97871
2026/09/22 21:53:21.626, 0, 90003, 97871
2026/09/22 21:53:21.626, 1, 90003, 97871
2026/09/22 21:53:21.626, 2, 90003, 97871
2026/09/22 21:53:21.626, 3, 92051, 97871
2026/09/22 21:53:21.826, 0, 90003, 97871
2026/09/22 21:53:21.826, 1, 90003, 97871
2026/09/22 21:53:21.826, 2, 90003, 97871
2026/09/22 21:53:21.826, 3, 92051, 97871
2026/09/22 21:53:22.026, 0, 90003, 97871
2026/09/22 21:53:22.026, 1, 90003, 97871
2026/09/22 21:53:22.026, 2, 90003, 97871
2026/09/22 21:53:22.026, 3, 92051, 97871
2026/09/22 21:53:22.226, 0, 90003, 97871
2026/09/22 21:53:22.227, 1, 90003, 97871
2026/09/22 21:53:22.227, 2, 90003, 97871
2026/09/22 21:53:22.227, 3, 92051, 97871
2026/09/22 21:53:22.427, 0, 90003, 97871
2026/09/22 21:53:22.427, 1, 90003, 97871
2026/09/22 21:53:22.427, 2, 90003, 97871
2026/09/22 21:53:22.427, 3, 92051, 97871
2026/09/22 21:53:22.627, 0, 90003, 97871
2026/09/22 21:53:22.627, 1, 90003, 97871
2026/09/22 21:53:22.627, 2, 90003, 97871
2026/09/22 21:53:22.627, 3, 92051, 97871
2026/09/22 21:53:22.827, 0, 90003, 97871
2026/09/22 21:53:22.827, 1, 90003, 97871
2026/09/22 21:53:22.827, 2, 90003, 97871
2026/09/22 21:53:22.828, 3, 92051, 97871
2026/09/22 21:53:23.028, 0, 90003, 97871
2026/09/22 21:53:23.028, 1, 90003, 97871
2026/09/22 21:53:23.028, 2, 90003, 97871
2026/09/22 21:53:23.028, 3, 92051, 97871
2026/09/22 21:53:23.228, 0, 90003, 97871
2026/09/22 21:53:23.228, 1, 90003, 97871
2026/09/22 21:53:23.228, 2, 90003, 97871
2026/09/22 21:53:23.228, 3, 92051, 97871
2026/09/22 21:53:23.428, 0, 90003, 97871
2026/09/22 21:53:23.428, 1, 90003, 97871
2026/09/22 21:53:23.428, 2, 90003, 97871
2026/09/22 21:53:23.428, 3, 92051, 97871
2026/09/22 21:53:23.628, 0, 90003, 97871
2026/09/22 21:53:23.629, 1, 90003, 97871
2026/09/22 21:53:23.629, 2, 90003, 97871
2026/09/22 21:53:23.629, 3, 92051, 97871
2026/09/22 21:53:23.829, 0, 90003, 97871
2026/09/22 21:53:23.829, 1, 90003, 97871
2026/09/22 21:53:23.829, 2, 90003, 97871
2026/09/22 21:53:23.829, 3, 92051, 97871
2026/09/22 21:53:24.029, 0, 90003, 97871
2026/09/22 21:53:24.029, 1, 90003, 97871
2026/09/22 21:53:24.029, 2, 90003, 97871
2026/09/22 21:53:24.029, 3, 92051, 97871
2026/09/22 21:53:24.229, 0, 90003, 97871
2026/09/22 21:53:24.230, 1, 90003, 97871
2026/09/22 21:53:24.230, 2, 90003, 97871
2026/09/22 21:53:24.230, 3, 92051, 97871
2026/09/22 21:53:24.430, 0, 90003, 97871
2026/09/22 21:53:24.430, 1, 90003, 97871
2026/09/22 21:53:24.430, 2, 90003, 97871
2026/09/22 21:53:24.430, 3, 92051, 97871
2026/09/22 21:53:24.630, 0, 90003, 97871
2026/09/22 21:53:24.630, 1, 90003, 97871
2026/09/22 21:53:24.630, 2, 90003, 97871
2026/09/22 21:53:24.630, 3, 92051, 97871
2026/09/22 21:53:24.830, 0, 90003, 97871
2026/09/22 21:53:24.830, 1, 90003, 97871
2026/09/22 21:53:24.830, 2, 90003, 97871
2026/09/22 21:53:24.830, 3, 92051, 97871
2026/09/22 21:53:25.031, 0, 90003, 97871
2026/09/22 21:53:25.031, 1, 90003, 97871
2026/09/22 21:53:25.031, 2, 90003, 97871
2026/09/22 21:53:25.031, 3, 92051, 97871
2026/09/22 21:53:25.231, 0, 90003, 97871
2026/09/22 21:53:25.231, 1, 90003, 97871
2026/09/22 21:53:25.231, 2, 90003, 97871
2026/09/22 21:53:25.231, 3, 92051, 97871
2026/09/22 21:53:25.431, 0, 90003, 97871
2026/09/22 21:53:25.431, 1, 90003, 97871
2026/09/22 21:53:25.431, 2, 90003, 97871
2026/09/22 21:53:25.431, 3, 92051, 97871
2026/09/22 21:53:25.631, 0, 90003, 97871
2026/09/22 21:53:25.631, 1, 90003, 97871
2026/09/22 21:53:25.631, 2, 90003, 97871
2026/09/22 21:53:25.631, 3, 92051, 97871
2026/09/22 21:53:25.832, 0, 90003, 97871
2026/09/22 21:53:25.832, 1, 90003, 97871
2026/09/22 21:53:25.832, 2, 90003, 97871
2026/09/22 21:53:25.832, 3, 92051, 97871
2026/09/22 21:53:26.032, 0, 90003, 97871
2026/09/22 21:53:26.032, 1, 90003, 97871
2026/09/22 21:53:26.032, 2, 90003, 97871
2026/09/22 21:53:26.032, 3, 92051, 97871
2026/09/22 21:53:26.232, 0, 90003, 97871
2026/09/22 21:53:26.232, 1, 90003, 97871
2026/09/22 21:53:26.232, 2, 90003, 97871
2026/09/22 21:53:26.232, 3, 92051, 97871
2026/09/22 21:53:26.432, 0, 90003, 97871
2026/09/22 21:53:26.432, 1, 90003, 97871
2026/09/22 21:53:26.433, 2, 90003, 97871
2026/09/22 21:53:26.433, 3, 92051, 97871
2026/09/22 21:53:26.633, 0, 90003, 97871
2026/09/22 21:53:26.633, 1, 90003, 97871
2026/09/22 21:53:26.633, 2, 90003, 97871
2026/09/22 21:53:26.633, 3, 92051, 97871
2026/09/22 21:53:26.833, 0, 90003, 97871
2026/09/22 21:53:26.833, 1, 90003, 97871
2026/09/22 21:53:26.833, 2, 90003, 97871
2026/09/22 21:53:26.833, 3, 92051, 97871
2026/09/22 21:53:27.033, 0, 90003, 97871
2026/09/22 21:53:27.033, 1, 90003, 97871
2026/09/22 21:53:27.033, 2, 90003, 97871
2026/09/22 21:53:27.033, 3, 92051, 97871
2026/09/22 21:53:27.234, 0, 90003, 97871
2026/09/22 21:53:27.234, 1, 90003, 97871
2026/09/22 21:53:27.234, 2, 90003, 97871
2026/09/22 21:53:27.234, 3, 92051, 97871
2026/09/22 21:53:27.434, 0, 90003, 97871
2026/09/22 21:53:27.434, 1, 90003, 97871
2026/09/22 21:53:27.434, 2, 90003, 97871
2026/09/22 21:53:27.434, 3, 92051, 97871
2026/09/22 21:53:27.634, 0, 90003, 97871
2026/09/22 21:53:27.634, 1, 90003, 97871
2026/09/22 21:53:27.634, 2, 90003, 97871
2026/09/22 21:53:27.634, 3, 92051, 97871
2026/09/22 21:53:27.834, 0, 90003, 97871
2026/09/22 21:53:27.834, 1, 90003, 97871
2026/09/22 21:53:27.834, 2, 90003, 97871
2026/09/22 21:53:27.834, 3, 92051, 97871
2026/09/22 21:53:28.034, 0, 90003, 97871
2026/09/22 21:53:28.035, 1, 90003, 97871
2026/09/22 21:53:28.035, 2, 90003, 97871
2026/09/22 21:53:28.035, 3, 92051, 97871
2026/09/22 21:53:28.235, 0, 90003, 97871
2026/09/22 21:53:28.235, 1, 90003, 97871
2026/09/22 21:53:28.235, 2, 90003, 97871
2026/09/22 21:53:28.235, 3, 92051, 97871
2026/09/22 21:53:28.435, 0, 90003, 97871
2026/09/22 21:53:28.435, 1, 90003, 97871
2026/09/22 21:53:28.435, 2, 90003, 97871
2026/09/22 21:53:28.435, 3, 92051, 97871
2026/09/22 21:53:28.635, 0, 90003, 97871
2026/09/22 21:53:28.635, 1, 90003, 97871
2026/09/22 21:53:28.635, 2, 90003, 97871
2026/09/22 21:53:28.635, 3, 92051, 97871
2026/09/22 21:53:28.835, 0, 90003, 97871
2026/09/22 21:53:28.835, 1, 90003, 97871
2026/09/22 21:53:28.836, 2, 90003, 97871
2026/09/22 21:53:28.836, 3, 92051, 97871
2026/09/22 21:53:29.036, 0, 90003, 97871
2026/09/22 21:53:29.036, 1, 90003, 97871
2026/09/22 21:53:29.036, 2, 90003, 97871
2026/09/22 21:53:29.036, 3, 92051, 97871
2026/09/22 21:53:29.236, 0, 90003, 97871
2026/09/22 21:53:29.236, 1, 90003, 97871
2026/09/22 21:53:29.236, 2, 90003, 97871
2026/09/22 21:53:29.236, 3, 92051, 97871
2026/09/22 21:53:29.436, 0, 90003, 97871
2026/09/22 21:53:29.436, 1, 90003, 97871
2026/09/22 21:53:29.436, 2, 90003, 97871
2026/09/22 21:53:29.436, 3, 92051, 97871
2026/09/22 21:53:29.636, 0, 90003, 97871
2026/09/22 21:53:29.636, 1, 90003, 97871
2026/09/22 21:53:29.636, 2, 90003, 97871
2026/09/22 21:53:29.636, 3, 92051, 97871
2026/09/22 21:53:29.837, 0, 90003, 97871
2026/09/22 21:53:29.837, 1, 90003, 97871
2026/09/22 21:53:29.837, 2, 90003, 97871
2026/09/22 21:53:29.837, 3, 92051, 97871
2026/09/22 21:53:30.037, 0, 90003, 97871
2026/09/22 21:53:30.038, 1, 90003, 97871
2026/09/22 21:53:30.038, 2, 90003, 97871
2026/09/22 21:53:30.038, 3, 92051, 97871
2026/09/22 21:53:30.238, 0, 90003, 97871
2026/09/22 21:53:30.238, 1, 90003, 97871
2026/09/22 21:53:30.238, 2, 90003, 97871
2026/09/22 21:53:30.238, 3, 92051, 97871
2026/09/22 21:53:30.438, 0, 90003, 97871
2026/09/22 21:53:30.438, 1, 90003, 97871
2026/09/22 21:53:30.438, 2, 90003, 97871
2026/09/22 21:53:30.439, 3, 92051, 97871
2026/09/22 21:53:30.639, 0, 90003, 97871
2026/09/22 21:53:30.639, 1, 90003, 97871
2026/09/22 21:53:30.639, 2, 90003, 97871
2026/09/22 21:53:30.639, 3, 92051, 97871
2026/09/22 21:53:30.839, 0, 90003, 97871
2026/09/22 21:53:30.839, 1, 90003, 97871
2026/09/22 21:53:30.839, 2, 90003, 97871
2026/09/22 21:53:30.839, 3, 92051, 97871
2026/09/22 21:53:31.039, 0, 90003, 97871
2026/09/22 21:53:31.039, 1, 90003, 97871
2026/09/22 21:53:31.039, 2, 90003, 97871
2026/09/22 21:53:31.039, 3, 92051, 97871
2026/09/22 21:53:31.239, 0, 90003, 97871
2026/09/22 21:53:31.258, 1, 90003, 97871
2026/09/22 21:53:31.274, 2, 90003, 97871
2026/09/22 21:53:31.302, 3, 92051, 97871
2026/09/22 21:53:31.502, 0, 90003, 97871
2026/09/22 21:53:31.521, 1, 90003, 97871
2026/09/22 21:53:31.553, 2, 90003, 97871
2026/09/22 21:53:31.567, 3, 92051, 97871
2026/09/22 21:53:31.767, 0, 90003, 97871
2026/09/22 21:53:31.767, 1, 90003, 97871
2026/09/22 21:53:31.767, 2, 90003, 97871
2026/09/22 21:53:31.767, 3, 92051, 97871
2026/09/22 21:53:31.967, 0, 90003, 97871
2026/09/22 21:53:31.968, 1, 90003, 97871
2026/09/22 21:53:31.968, 2, 90003, 97871
2026/09/22 21:53:31.968, 3, 92051, 97871
2026/09/22 21:53:32.168, 0, 90003, 97871
2026/09/22 21:53:32.168, 1, 90003, 97871
2026/09/22 21:53:32.168, 2, 90003, 97871
2026/09/22 21:53:32.168, 3, 92051, 97871
2026/09/22 21:53:32.368, 0, 90003, 97871
2026/09/22 21:53:32.368, 1, 90003, 97871
2026/09/22 21:53:32.368, 2, 90003, 97871
2026/09/22 21:53:32.368, 3, 92051, 97871
2026/09/22 21:53:32.568, 0, 90003, 97871
2026/09/22 21:53:32.599, 1, 90003, 97871
2026/09/22 21:53:32.631, 2, 90003, 97871
2026/09/22 21:53:32.645, 3, 92051, 97871
2026/09/22 21:53:32.845, 0, 90003, 97871
2026/09/22 21:53:32.845, 1, 90003, 97871
2026/09/22 21:53:32.846, 2, 90003, 97871
2026/09/22 21:53:32.846, 3, 92051, 97871
2026/09/22 21:53:33.046, 0, 90003, 97871
2026/09/22 21:53:33.046, 1, 90003, 97871
2026/09/22 21:53:33.046, 2, 90003, 97871
2026/09/22 21:53:33.046, 3, 92051, 97871
2026/09/22 21:53:33.246, 0, 90003, 97871
2026/09/22 21:53:33.246, 1, 90003, 97871
2026/09/22 21:53:33.246, 2, 90003, 97871
2026/09/22 21:53:33.246, 3, 92051, 97871
2026/09/22 21:53:33.446, 0, 90003, 97871
2026/09/22 21:53:33.446, 1, 90003, 97871
2026/09/22 21:53:33.446, 2, 90003, 97871
2026/09/22 21:53:33.446, 3, 92051, 97871
2026/09/22 21:53:33.646, 0, 90003, 97871
2026/09/22 21:53:33.646, 1, 90003, 97871
2026/09/22 21:53:33.646, 2, 90003, 97871
2026/09/22 21:53:33.646, 3, 92051, 97871
2026/09/22 21:53:33.847, 0, 90003, 97871
2026/09/22 21:53:33.847, 1, 90003, 97871
2026/09/22 21:53:33.847, 2, 90003, 97871
2026/09/22 21:53:33.847, 3, 92051, 97871
2026/09/22 21:53:34.047, 0, 90003, 97871
2026/09/22 21:53:34.047, 1, 90003, 97871
2026/09/22 21:53:34.047, 2, 90003, 97871
2026/09/22 21:53:34.047, 3, 92051, 97871
2026/09/22 21:53:34.247, 0, 90003, 97871
2026/09/22 21:53:34.247, 1, 90003, 97871
2026/09/22 21:53:34.247, 2, 90003, 97871
2026/09/22 21:53:34.247, 3, 92051, 97871
2026/09/22 21:53:34.447, 0, 90003, 97871
2026/09/22 21:53:34.447, 1, 90003, 97871
2026/09/22 21:53:34.447, 2, 90003, 97871
2026/09/22 21:53:34.447, 3, 92051, 97871
2026/09/22 21:53:34.647, 0, 90003, 97871
2026/09/22 21:53:34.647, 1, 90003, 97871
2026/09/22 21:53:34.647, 2, 90003, 97871
2026/09/22 21:53:34.647, 3, 92051, 97871
2026/09/22 21:53:34.848, 0, 90003, 97871
2026/09/22 21:53:34.848, 1, 90003, 97871
2026/09/22 21:53:34.848, 2, 90003, 97871
2026/09/22 21:53:34.848, 3, 92051, 97871
2026/09/22 21:53:35.048, 0, 90003, 97871
2026/09/22 21:53:35.048, 1, 90003, 97871
2026/09/22 21:53:35.048, 2, 90003, 97871
2026/09/22 21:53:35.048, 3, 92051, 97871
2026/09/22 21:53:35.248, 0, 90003, 97871
2026/09/22 21:53:35.248, 1, 90003, 97871
2026/09/22 21:53:35.248, 2, 90003, 97871
2026/09/22 21:53:35.248, 3, 92051, 97871
2026/09/22 21:53:35.448, 0, 90003, 97871
2026/09/22 21:53:35.448, 1, 90003, 97871
2026/09/22 21:53:35.448, 2, 90003, 97871
2026/09/22 21:53:35.448, 3, 92051, 97871
2026/09/22 21:53:35.648, 0, 90003, 97871
2026/09/22 21:53:35.648, 1, 90003, 97871
2026/09/22 21:53:35.648, 2, 90003, 97871
2026/09/22 21:53:35.649, 3, 92051, 97871
2026/09/22 21:53:35.849, 0, 90003, 97871
2026/09/22 21:53:35.849, 1, 90003, 97871
2026/09/22 21:53:35.849, 2, 90003, 97871
2026/09/22 21:53:35.849, 3, 92051, 97871
2026/09/22 21:53:36.049, 0, 90003, 97871
2026/09/22 21:53:36.049, 1, 90003, 97871
2026/09/22 21:53:36.049, 2, 90003, 97871
2026/09/22 21:53:36.049, 3, 92051, 97871
2026/09/22 21:53:36.249, 0, 90003, 97871
2026/09/22 21:53:36.249, 1, 90003, 97871
2026/09/22 21:53:36.249, 2, 90003, 97871
2026/09/22 21:53:36.249, 3, 92051, 97871
2026/09/22 21:53:36.449, 0, 90003, 97871
2026/09/22 21:53:36.449, 1, 90003, 97871
2026/09/22 21:53:36.450, 2, 90003, 97871
2026/09/22 21:53:36.450, 3, 92051, 97871
2026/09/22 21:53:36.650, 0, 90003, 97871
2026/09/22 21:53:36.650, 1, 90003, 97871
2026/09/22 21:53:36.650, 2, 90003, 97871
2026/09/22 21:53:36.650, 3, 92051, 97871
2026/09/22 21:53:36.850, 0, 90003, 97871
2026/09/22 21:53:36.850, 1, 90003, 97871
2026/09/22 21:53:36.850, 2, 90003, 97871
2026/09/22 21:53:36.850, 3, 92051, 97871
2026/09/22 21:53:37.050, 0, 90003, 97871
2026/09/22 21:53:37.050, 1, 90003, 97871
2026/09/22 21:53:37.050, 2, 90003, 97871
2026/09/22 21:53:37.050, 3, 92051, 97871
2026/09/22 21:53:37.250, 0, 90003, 97871
2026/09/22 21:53:37.250, 1, 90003, 97871
2026/09/22 21:53:37.250, 2, 90003, 97871
2026/09/22 21:53:37.250, 3, 92051, 97871
2026/09/22 21:53:37.451, 0, 90003, 97871
2026/09/22 21:53:37.451, 1, 90003, 97871
2026/09/22 21:53:37.451, 2, 90003, 97871
2026/09/22 21:53:37.451, 3, 92051, 97871
2026/09/22 21:53:37.651, 0, 90003, 97871
2026/09/22 21:53:37.651, 1, 90003, 97871
2026/09/22 21:53:37.651, 2, 90003, 97871
2026/09/22 21:53:37.651, 3, 92051, 97871
2026/09/22 21:53:37.851, 0, 90003, 97871
2026/09/22 21:53:37.851, 1, 90003, 97871
2026/09/22 21:53:37.851, 2, 90003, 97871
2026/09/22 21:53:37.851, 3, 92051, 97871
2026/09/22 21:53:38.051, 0, 90003, 97871
2026/09/22 21:53:38.051, 1, 90003, 97871
2026/09/22 21:53:38.051, 2, 90003, 97871
2026/09/22 21:53:38.051, 3, 92051, 97871
2026/09/22 21:53:38.251, 0, 90003, 97871
2026/09/22 21:53:38.252, 1, 90003, 97871
2026/09/22 21:53:38.252, 2, 90003, 97871
2026/09/22 21:53:38.252, 3, 92051, 97871
2026/09/22 21:53:38.452, 0, 90003, 97871
2026/09/22 21:53:38.452, 1, 90003, 97871
2026/09/22 21:53:38.452, 2, 90003, 97871
2026/09/22 21:53:38.452, 3, 92051, 97871
2026/09/22 21:53:38.652, 0, 90003, 97871
2026/09/22 21:53:38.652, 1, 90003, 97871
2026/09/22 21:53:38.652, 2, 90003, 97871
2026/09/22 21:53:38.652, 3, 92051, 97871
2026/09/22 21:53:38.852, 0, 90003, 97871
2026/09/22 21:53:38.852, 1, 90003, 97871
2026/09/22 21:53:38.852, 2, 90003, 97871
2026/09/22 21:53:38.852, 3, 92051, 97871
2026/09/22 21:53:39.052, 0, 90003, 97871
2026/09/22 21:53:39.052, 1, 90003, 97871
2026/09/22 21:53:39.053, 2, 90003, 97871
2026/09/22 21:53:39.053, 3, 92051, 97871
2026/09/22 21:53:39.253, 0, 90003, 97871
2026/09/22 21:53:39.253, 1, 90003, 97871
2026/09/22 21:53:39.253, 2, 90003, 97871
2026/09/22 21:53:39.253, 3, 92051, 97871
2026/09/22 21:53:39.453, 0, 90003, 97871
2026/09/22 21:53:39.453, 1, 90003, 97871
2026/09/22 21:53:39.453, 2, 90003, 97871
2026/09/22 21:53:39.453, 3, 92051, 97871
2026/09/22 21:53:39.653, 0, 90003, 97871
2026/09/22 21:53:39.653, 1, 90003, 97871
2026/09/22 21:53:39.653, 2, 90003, 97871
2026/09/22 21:53:39.653, 3, 92051, 97871
2026/09/22 21:53:39.853, 0, 90003, 97871
2026/09/22 21:53:39.853, 1, 90003, 97871
2026/09/22 21:53:39.854, 2, 90003, 97871
2026/09/22 21:53:39.854, 3, 92051, 97871
2026/09/22 21:53:40.054, 0, 90003, 97871
2026/09/22 21:53:40.054, 1, 90003, 97871
2026/09/22 21:53:40.054, 2, 90003, 97871
2026/09/22 21:53:40.054, 3, 92051, 97871
2026/09/22 21:53:40.254, 0, 90003, 97871
2026/09/22 21:53:40.254, 1, 90003, 97871
2026/09/22 21:53:40.254, 2, 90003, 97871
2026/09/22 21:53:40.254, 3, 92051, 97871
2026/09/22 21:53:40.454, 0, 90003, 97871
2026/09/22 21:53:40.454, 1, 90003, 97871
2026/09/22 21:53:40.454, 2, 90003, 97871
2026/09/22 21:53:40.454, 3, 92051, 97871
2026/09/22 21:53:40.654, 0, 90003, 97871
2026/09/22 21:53:40.655, 1, 90003, 97871
2026/09/22 21:53:40.655, 2, 90003, 97871
2026/09/22 21:53:40.655, 3, 92051, 97871
2026/09/22 21:53:40.855, 0, 90003, 97871
2026/09/22 21:53:40.855, 1, 90003, 97871
2026/09/22 21:53:40.855, 2, 90003, 97871
2026/09/22 21:53:40.855, 3, 92051, 97871
2026/09/22 21:53:41.055, 0, 90003, 97871
2026/09/22 21:53:41.055, 1, 90003, 97871
2026/09/22 21:53:41.055, 2, 90003, 97871
2026/09/22 21:53:41.055, 3, 92051, 97871
2026/09/22 21:53:41.255, 0, 90003, 97871
2026/09/22 21:53:41.255, 1, 90003, 97871
2026/09/22 21:53:41.255, 2, 90003, 97871
2026/09/22 21:53:41.255, 3, 92051, 97871
2026/09/22 21:53:41.455, 0, 90003, 97871
2026/09/22 21:53:41.455, 1, 90003, 97871
2026/09/22 21:53:41.455, 2, 90003, 97871
2026/09/22 21:53:41.456, 3, 92051, 97871
2026/09/22 21:53:41.656, 0, 90003, 97871
2026/09/22 21:53:41.656, 1, 90003, 97871
2026/09/22 21:53:41.656, 2, 90003, 97871
2026/09/22 21:53:41.656, 3, 92051, 97871
2026/09/22 21:53:41.856, 0, 90003, 97871
2026/09/22 21:53:41.856, 1, 90003, 97871
2026/09/22 21:53:41.856, 2, 90003, 97871
2026/09/22 21:53:41.856, 3, 92051, 97871
2026/09/22 21:53:42.056, 0, 90003, 97871
2026/09/22 21:53:42.056, 1, 90003, 97871
2026/09/22 21:53:42.056, 2, 90003, 97871
2026/09/22 21:53:42.056, 3, 92051, 97871
2026/09/22 21:53:42.256, 0, 90003, 97871
2026/09/22 21:53:42.256, 1, 90003, 97871
2026/09/22 21:53:42.256, 2, 90003, 97871
2026/09/22 21:53:42.256, 3, 92051, 97871
2026/09/22 21:53:42.457, 0, 90003, 97871
2026/09/22 21:53:42.457, 1, 90003, 97871
2026/09/22 21:53:42.457, 2, 90003, 97871
2026/09/22 21:53:42.457, 3, 92051, 97871
2026/09/22 21:53:42.657, 0, 90003, 97871
2026/09/22 21:53:42.657, 1, 90003, 97871
2026/09/22 21:53:42.657, 2, 90003, 97871
2026/09/22 21:53:42.657, 3, 92051, 97871
2026/09/22 21:53:42.857, 0, 90003, 97871
2026/09/22 21:53:42.857, 1, 90003, 97871
2026/09/22 21:53:42.857, 2, 90003, 97871
2026/09/22 21:53:42.857, 3, 92051, 97871
2026/09/22 21:53:43.057, 0, 90003, 97871
2026/09/22 21:53:43.057, 1, 90003, 97871
2026/09/22 21:53:43.057, 2, 90003, 97871
2026/09/22 21:53:43.057, 3, 92051, 97871
2026/09/22 21:53:43.258, 0, 90003, 97871
2026/09/22 21:53:43.258, 1, 90003, 97871
2026/09/22 21:53:43.258, 2, 90003, 97871
2026/09/22 21:53:43.258, 3, 92051, 97871
2026/09/22 21:53:43.458, 0, 90003, 97871
2026/09/22 21:53:43.458, 1, 90003, 97871
2026/09/22 21:53:43.458, 2, 90003, 97871
2026/09/22 21:53:43.458, 3, 92051, 97871
2026/09/22 21:53:43.658, 0, 90003, 97871
2026/09/22 21:53:43.658, 1, 90003, 97871
2026/09/22 21:53:43.658, 2, 90003, 97871
2026/09/22 21:53:43.658, 3, 92051, 97871
2026/09/22 21:53:43.859, 0, 90003, 97871
2026/09/22 21:53:43.859, 1, 90003, 97871
2026/09/22 21:53:43.859, 2, 90003, 97871
2026/09/22 21:53:43.859, 3, 92051, 97871
2026/09/22 21:53:44.059, 0, 90003, 97871
2026/09/22 21:53:44.059, 1, 90003, 97871
2026/09/22 21:53:44.059, 2, 90003, 97871
2026/09/22 21:53:44.059, 3, 92051, 97871
2026/09/22 21:53:44.259, 0, 90003, 97871
2026/09/22 21:53:44.259, 1, 90003, 97871
2026/09/22 21:53:44.259, 2, 90003, 97871
2026/09/22 21:53:44.259, 3, 92051, 97871
2026/09/22 21:53:44.460, 0, 90003, 97871
2026/09/22 21:53:44.460, 1, 90003, 97871
2026/09/22 21:53:44.460, 2, 90003, 97871
2026/09/22 21:53:44.460, 3, 92051, 97871
2026/09/22 21:53:44.660, 0, 90003, 97871
2026/09/22 21:53:44.660, 1, 90003, 97871
2026/09/22 21:53:44.660, 2, 90003, 97871
2026/09/22 21:53:44.660, 3, 92051, 97871
2026/09/22 21:53:44.860, 0, 90003, 97871
2026/09/22 21:53:44.860, 1, 90003, 97871
2026/09/22 21:53:44.860, 2, 90003, 97871
2026/09/22 21:53:44.860, 3, 92051, 97871
2026/09/22 21:53:45.061, 0, 90003, 97871
2026/09/22 21:53:45.061, 1, 90003, 97871
2026/09/22 21:53:45.061, 2, 90003, 97871
2026/09/22 21:53:45.061, 3, 92051, 97871
2026/09/22 21:53:45.261, 0, 90003, 97871
2026/09/22 21:53:45.261, 1, 90003, 97871
2026/09/22 21:53:45.261, 2, 90003, 97871
2026/09/22 21:53:45.261, 3, 92051, 97871
2026/09/22 21:53:45.461, 0, 90003, 97871
2026/09/22 21:53:45.461, 1, 90003, 97871
2026/09/22 21:53:45.461, 2, 90003, 97871
2026/09/22 21:53:45.461, 3, 92051, 97871
2026/09/22 21:53:45.661, 0, 90003, 97871
2026/09/22 21:53:45.662, 1, 90003, 97871
2026/09/22 21:53:45.662, 2, 90003, 97871
2026/09/22 21:53:45.662, 3, 92051, 97871
2026/09/22 21:53:45.862, 0, 90003, 97871
2026/09/22 21:53:45.862, 1, 90003, 97871
2026/09/22 21:53:45.862, 2, 90003, 97871
2026/09/22 21:53:45.862, 3, 92051, 97871
2026/09/22 21:53:46.062, 0, 90003, 97871
2026/09/22 21:53:46.062, 1, 90003, 97871
2026/09/22 21:53:46.062, 2, 90003, 97871
2026/09/22 21:53:46.062, 3, 92051, 97871
2026/09/22 21:53:46.262, 0, 90003, 97871
2026/09/22 21:53:46.263, 1, 90003, 97871
2026/09/22 21:53:46.263, 2, 90003, 97871
2026/09/22 21:53:46.263, 3, 92051, 97871
2026/09/22 21:53:46.463, 0, 90003, 97871
2026/09/22 21:53:46.463, 1, 90003, 97871
2026/09/22 21:53:46.463, 2, 90003, 97871
2026/09/22 21:53:46.463, 3, 92051, 97871
2026/09/22 21:53:46.663, 0, 90003, 97871
2026/09/22 21:53:46.663, 1, 90003, 97871
2026/09/22 21:53:46.663, 2, 90003, 97871
2026/09/22 21:53:46.663, 3, 92051, 97871
2026/09/22 21:53:46.863, 0, 90003, 97871
2026/09/22 21:53:46.863, 1, 90003, 97871
2026/09/22 21:53:46.863, 2, 90003, 97871
2026/09/22 21:53:46.863, 3, 92051, 97871
2026/09/22 21:53:47.063, 0, 90003, 97871
2026/09/22 21:53:47.063, 1, 90003, 97871
2026/09/22 21:53:47.064, 2, 90003, 97871
2026/09/22 21:53:47.064, 3, 92051, 97871
2026/09/22 21:53:47.264, 0, 90003, 97871
2026/09/22 21:53:47.264, 1, 90003, 97871
2026/09/22 21:53:47.264, 2, 90003, 97871
2026/09/22 21:53:47.264, 3, 92051, 97871
2026/09/22 21:53:47.464, 0, 90003, 97871
2026/09/22 21:53:47.464, 1, 90003, 97871
2026/09/22 21:53:47.464, 2, 90003, 97871
2026/09/22 21:53:47.464, 3, 92051, 97871
2026/09/22 21:53:47.664, 0, 90003, 97871
2026/09/22 21:53:47.665, 1, 90003, 97871
2026/09/22 21:53:47.665, 2, 90003, 97871
2026/09/22 21:53:47.665, 3, 92051, 97871
2026/09/22 21:53:47.865, 0, 90003, 97871
2026/09/22 21:53:47.865, 1, 90003, 97871
2026/09/22 21:53:47.865, 2, 90003, 97871
2026/09/22 21:53:47.865, 3, 92051, 97871
2026/09/22 21:53:48.065, 0, 90003, 97871
2026/09/22 21:53:48.065, 1, 90003, 97871
2026/09/22 21:53:48.065, 2, 90003, 97871
2026/09/22 21:53:48.065, 3, 92051, 97871
2026/09/22 21:53:48.265, 0, 90003, 97871
2026/09/22 21:53:48.265, 1, 90003, 97871
2026/09/22 21:53:48.265, 2, 90003, 97871
2026/09/22 21:53:48.265, 3, 92051, 97871
2026/09/22 21:53:48.465, 0, 90003, 97871
2026/09/22 21:53:48.466, 1, 90003, 97871
2026/09/22 21:53:48.466, 2, 90003, 97871
2026/09/22 21:53:48.466, 3, 92051, 97871
2026/09/22 21:53:48.666, 0, 90003, 97871
2026/09/22 21:53:48.666, 1, 90003, 97871
2026/09/22 21:53:48.666, 2, 90003, 97871
2026/09/22 21:53:48.666, 3, 92051, 97871
2026/09/22 21:53:48.866, 0, 90003, 97871
2026/09/22 21:53:48.866, 1, 90003, 97871
2026/09/22 21:53:48.866, 2, 90003, 97871
2026/09/22 21:53:48.866, 3, 92051, 97871
2026/09/22 21:53:49.066, 0, 90003, 97871
2026/09/22 21:53:49.066, 1, 90003, 97871
2026/09/22 21:53:49.066, 2, 90003, 97871
2026/09/22 21:53:49.067, 3, 92051, 97871
2026/09/22 21:53:49.267, 0, 90003, 97871
2026/09/22 21:53:49.267, 1, 90003, 97871
2026/09/22 21:53:49.267, 2, 90003, 97871
2026/09/22 21:53:49.267, 3, 92051, 97871
2026/09/22 21:53:49.467, 0, 90003, 97871
2026/09/22 21:53:49.467, 1, 90003, 97871
2026/09/22 21:53:49.467, 2, 90003, 97871
2026/09/22 21:53:49.467, 3, 92051, 97871
2026/09/22 21:53:49.667, 0, 90003, 97871
2026/09/22 21:53:49.667, 1, 90003, 97871
2026/09/22 21:53:49.667, 2, 90003, 97871
2026/09/22 21:53:49.668, 3, 92051, 97871
2026/09/22 21:53:49.868, 0, 90003, 97871
2026/09/22 21:53:49.868, 1, 90003, 97871
2026/09/22 21:53:49.868, 2, 90003, 97871
2026/09/22 21:53:49.868, 3, 92051, 97871
2026/09/22 21:53:50.068, 0, 90003, 97871
2026/09/22 21:53:50.068, 1, 90003, 97871
2026/09/22 21:53:50.068, 2, 90003, 97871
2026/09/22 21:53:50.068, 3, 92051, 97871
2026/09/22 21:53:50.268, 0, 90003, 97871
2026/09/22 21:53:50.268, 1, 90003, 97871
2026/09/22 21:53:50.268, 2, 90003, 97871
2026/09/22 21:53:50.268, 3, 92051, 97871
2026/09/22 21:53:50.469, 0, 90003, 97871
2026/09/22 21:53:50.469, 1, 90003, 97871
2026/09/22 21:53:50.469, 2, 90003, 97871
2026/09/22 21:53:50.469, 3, 92051, 97871
2026/09/22 21:53:50.669, 0, 90003, 97871
2026/09/22 21:53:50.669, 1, 90003, 97871
2026/09/22 21:53:50.669, 2, 90003, 97871
2026/09/22 21:53:50.669, 3, 92051, 97871
2026/09/22 21:53:50.869, 0, 90003, 97871
2026/09/22 21:53:50.869, 1, 90003, 97871
2026/09/22 21:53:50.869, 2, 90003, 97871
2026/09/22 21:53:50.869, 3, 92051, 97871
2026/09/22 21:53:51.069, 0, 90003, 97871
2026/09/22 21:53:51.069, 1, 90003, 97871
2026/09/22 21:53:51.069, 2, 90003, 97871
2026/09/22 21:53:51.070, 3, 92051, 97871
2026/09/22 21:53:51.270, 0, 90003, 97871
2026/09/22 21:53:51.270, 1, 90003, 97871
2026/09/22 21:53:51.270, 2, 90003, 97871
2026/09/22 21:53:51.270, 3, 92051, 97871
2026/09/22 21:53:51.470, 0, 90003, 97871
2026/09/22 21:53:51.470, 1, 90003, 97871
2026/09/22 21:53:51.470, 2, 90003, 97871
2026/09/22 21:53:51.470, 3, 92051, 97871
2026/09/22 21:53:51.670, 0, 90003, 97871
2026/09/22 21:53:51.670, 1, 90003, 97871
2026/09/22 21:53:51.670, 2, 90003, 97871
2026/09/22 21:53:51.670, 3, 92051, 97871
2026/09/22 21:53:51.871, 0, 90003, 97871
2026/09/22 21:53:51.871, 1, 90003, 97871
2026/09/22 21:53:51.871, 2, 90003, 97871
2026/09/22 21:53:51.871, 3, 92051, 97871
2026/09/22 21:53:52.071, 0, 90003, 97871
2026/09/22 21:53:52.071, 1, 90003, 97871
2026/09/22 21:53:52.071, 2, 90003, 97871
2026/09/22 21:53:52.071, 3, 92051, 97871
2026/09/22 21:53:52.271, 0, 90003, 97871
2026/09/22 21:53:52.271, 1, 90003, 97871
2026/09/22 21:53:52.271, 2, 90003, 97871
2026/09/22 21:53:52.271, 3, 92051, 97871
2026/09/22 21:53:52.471, 0, 90003, 97871
2026/09/22 21:53:52.471, 1, 90003, 97871
2026/09/22 21:53:52.471, 2, 90003, 97871
2026/09/22 21:53:52.471, 3, 92051, 97871
2026/09/22 21:53:52.672, 0, 90003, 97871
2026/09/22 21:53:52.672, 1, 90003, 97871
2026/09/22 21:53:52.672, 2, 90003, 97871
2026/09/22 21:53:52.672, 3, 92051, 97871
2026/09/22 21:53:52.872, 0, 90003, 97871
2026/09/22 21:53:52.872, 1, 90003, 97871
2026/09/22 21:53:52.872, 2, 90003, 97871
2026/09/22 21:53:52.872, 3, 92051, 97871
2026/09/22 21:53:53.072, 0, 90003, 97871
2026/09/22 21:53:53.072, 1, 90003, 97871
2026/09/22 21:53:53.072, 2, 90003, 97871
2026/09/22 21:53:53.072, 3, 92051, 97871
2026/09/22 21:53:53.272, 0, 90003, 97871
2026/09/22 21:53:53.272, 1, 90003, 97871
2026/09/22 21:53:53.272, 2, 90003, 97871
2026/09/22 21:53:53.273, 3, 92051, 97871
2026/09/22 21:53:53.473, 0, 90003, 97871
2026/09/22 21:53:53.473, 1, 90003, 97871
2026/09/22 21:53:53.473, 2, 90003, 97871
2026/09/22 21:53:53.473, 3, 92051, 97871
2026/09/22 21:53:53.673, 0, 90003, 97871
2026/09/22 21:53:53.673, 1, 90003, 97871
2026/09/22 21:53:53.673, 2, 90003, 97871
2026/09/22 21:53:53.673, 3, 92051, 97871
2026/09/22 21:53:53.873, 0, 90003, 97871
2026/09/22 21:53:53.873, 1, 90003, 97871
2026/09/22 21:53:53.873, 2, 90003, 97871
2026/09/22 21:53:53.873, 3, 92051, 97871
2026/09/22 21:53:54.073, 0, 90003, 97871
2026/09/22 21:53:54.073, 1, 90003, 97871
2026/09/22 21:53:54.073, 2, 90003, 97871
2026/09/22 21:53:54.073, 3, 92051, 97871
2026/09/22 21:53:54.273, 0, 90003, 97871
2026/09/22 21:53:54.273, 1, 90003, 97871
2026/09/22 21:53:54.273, 2, 90003, 97871
2026/09/22 21:53:54.273, 3, 92051, 97871
2026/09/22 21:53:54.474, 0, 90003, 97871
2026/09/22 21:53:54.474, 1, 90003, 97871
2026/09/22 21:53:54.474, 2, 90003, 97871
2026/09/22 21:53:54.474, 3, 92051, 97871
2026/09/22 21:53:54.674, 0, 90003, 97871
2026/09/22 21:53:54.674, 1, 90003, 97871
2026/09/22 21:53:54.674, 2, 90003, 97871
2026/09/22 21:53:54.674, 3, 92051, 97871
2026/09/22 21:53:54.874, 0, 90003, 97871
2026/09/22 21:53:54.874, 1, 90003, 97871
2026/09/22 21:53:54.874, 2, 90003, 97871
2026/09/22 21:53:54.874, 3, 92051, 97871
2026/09/22 21:53:55.074, 0, 90003, 97871
2026/09/22 21:53:55.074, 1, 90003, 97871
2026/09/22 21:53:55.074, 2, 90003, 97871
2026/09/22 21:53:55.074, 3, 92051, 97871
2026/09/22 21:53:55.274, 0, 90003, 97871
2026/09/22 21:53:55.274, 1, 90003, 97871
2026/09/22 21:53:55.274, 2, 90003, 97871
2026/09/22 21:53:55.275, 3, 92051, 97871
2026/09/22 21:53:55.475, 0, 90003, 97871
2026/09/22 21:53:55.475, 1, 90003, 97871
2026/09/22 21:53:55.475, 2, 90003, 97871
2026/09/22 21:53:55.475, 3, 92051, 97871
2026/09/22 21:53:55.675, 0, 90003, 97871
2026/09/22 21:53:55.675, 1, 90003, 97871
2026/09/22 21:53:55.675, 2, 90003, 97871
2026/09/22 21:53:55.675, 3, 92051, 97871
2026/09/22 21:53:55.875, 0, 90003, 97871
2026/09/22 21:53:55.875, 1, 90003, 97871
2026/09/22 21:53:55.875, 2, 90003, 97871
2026/09/22 21:53:55.875, 3, 92051, 97871
2026/09/22 21:53:56.075, 0, 90003, 97871
2026/09/22 21:53:56.075, 1, 90003, 97871
2026/09/22 21:53:56.075, 2, 90003, 97871
2026/09/22 21:53:56.075, 3, 92051, 97871
2026/09/22 21:53:56.276, 0, 90003, 97871
2026/09/22 21:53:56.276, 1, 90003, 97871
2026/09/22 21:53:56.276, 2, 90003, 97871
2026/09/22 21:53:56.276, 3, 92051, 97871
2026/09/22 21:53:56.476, 0, 90003, 97871
2026/09/22 21:53:56.476, 1, 90003, 97871
2026/09/22 21:53:56.476, 2, 90003, 97871
2026/09/22 21:53:56.476, 3, 92051, 97871
2026/09/22 21:53:56.676, 0, 90003, 97871
2026/09/22 21:53:56.676, 1, 90003, 97871
2026/09/22 21:53:56.676, 2, 90003, 97871
2026/09/22 21:53:56.676, 3, 92051, 97871
2026/09/22 21:53:56.876, 0, 90003, 97871
2026/09/22 21:53:56.876, 1, 90003, 97871
2026/09/22 21:53:56.876, 2, 90003, 97871
2026/09/22 21:53:56.876, 3, 92051, 97871
2026/09/22 21:53:57.076, 0, 90003, 97871
2026/09/22 21:53:57.076, 1, 90003, 97871
2026/09/22 21:53:57.076, 2, 90003, 97871
2026/09/22 21:53:57.076, 3, 92051, 97871
2026/09/22 21:53:57.277, 0, 90003, 97871
2026/09/22 21:53:57.277, 1, 90003, 97871
2026/09/22 21:53:57.277, 2, 90003, 97871
2026/09/22 21:53:57.277, 3, 92051, 97871
2026/09/22 21:53:57.477, 0, 90003, 97871
2026/09/22 21:53:57.477, 1, 90003, 97871
2026/09/22 21:53:57.477, 2, 90003, 97871
2026/09/22 21:53:57.477, 3, 92051, 97871
2026/09/22 21:53:57.677, 0, 90003, 97871
2026/09/22 21:53:57.677, 1, 90003, 97871
2026/09/22 21:53:57.677, 2, 90003, 97871
2026/09/22 21:53:57.677, 3, 92051, 97871
2026/09/22 21:53:57.877, 0, 90003, 97871
2026/09/22 21:53:57.877, 1, 90003, 97871
2026/09/22 21:53:57.877, 2, 90003, 97871
2026/09/22 21:53:57.877, 3, 92051, 97871
2026/09/22 21:53:58.077, 0, 90003, 97871
2026/09/22 21:53:58.078, 1, 90003, 97871
2026/09/22 21:53:58.078, 2, 90003, 97871
2026/09/22 21:53:58.078, 3, 92051, 97871
2026/09/22 21:53:58.278, 0, 90003, 97871
2026/09/22 21:53:58.278, 1, 90003, 97871
2026/09/22 21:53:58.278, 2, 90003, 97871
2026/09/22 21:53:58.278, 3, 92051, 97871
2026/09/22 21:53:58.478, 0, 90003, 97871
2026/09/22 21:53:58.478, 1, 90003, 97871
2026/09/22 21:53:58.478, 2, 90003, 97871
2026/09/22 21:53:58.478, 3, 92051, 97871
2026/09/22 21:53:58.678, 0, 90003, 97871
2026/09/22 21:53:58.678, 1, 90003, 97871
2026/09/22 21:53:58.678, 2, 90003, 97871
2026/09/22 21:53:58.678, 3, 92051, 97871
2026/09/22 21:53:58.878, 0, 90003, 97871
2026/09/22 21:53:58.878, 1, 90003, 97871
2026/09/22 21:53:58.879, 2, 90003, 97871
2026/09/22 21:53:58.879, 3, 92051, 97871
2026/09/22 21:53:59.079, 0, 90003, 97871
2026/09/22 21:53:59.079, 1, 90003, 97871
2026/09/22 21:53:59.079, 2, 90003, 97871
2026/09/22 21:53:59.079, 3, 92051, 97871
2026/09/22 21:53:59.279, 0, 90003, 97871
2026/09/22 21:53:59.279, 1, 90003, 97871
2026/09/22 21:53:59.279, 2, 90003, 97871
2026/09/22 21:53:59.279, 3, 92051, 97871
2026/09/22 21:53:59.479, 0, 90003, 97871
2026/09/22 21:53:59.479, 1, 90003, 97871
2026/09/22 21:53:59.479, 2, 90003, 97871
2026/09/22 21:53:59.479, 3, 92051, 97871
2026/09/22 21:53:59.680, 0, 90003, 97871
2026/09/22 21:53:59.680, 1, 90003, 97871
2026/09/22 21:53:59.680, 2, 90003, 97871
2026/09/22 21:53:59.680, 3, 92051, 97871
2026/09/22 21:53:59.880, 0, 90003, 97871
2026/09/22 21:53:59.880, 1, 90003, 97871
2026/09/22 21:53:59.880, 2, 90003, 97871
2026/09/22 21:53:59.880, 3, 92051, 97871
2026/09/22 21:54:00.080, 0, 90003, 97871
2026/09/22 21:54:00.080, 1, 90003, 97871
2026/09/22 21:54:00.080, 2, 90003, 97871
2026/09/22 21:54:00.080, 3, 92051, 97871
2026/09/22 21:54:00.280, 0, 90003, 97871
2026/09/22 21:54:00.280, 1, 90003, 97871
2026/09/22 21:54:00.281, 2, 90003, 97871
2026/09/22 21:54:00.281, 3, 92051, 97871
2026/09/22 21:54:00.481, 0, 90003, 97871
2026/09/22 21:54:00.481, 1, 90003, 97871
2026/09/22 21:54:00.481, 2, 90003, 97871
2026/09/22 21:54:00.481, 3, 92051, 97871
2026/09/22 21:54:00.681, 0, 90003, 97871
2026/09/22 21:54:00.681, 1, 90003, 97871
2026/09/22 21:54:00.681, 2, 90003, 97871
2026/09/22 21:54:00.681, 3, 92051, 97871
2026/09/22 21:54:00.881, 0, 90003, 97871
2026/09/22 21:54:00.881, 1, 90003, 97871
2026/09/22 21:54:00.881, 2, 90003, 97871
2026/09/22 21:54:00.881, 3, 92051, 97871
2026/09/22 21:54:01.081, 0, 90003, 97871
2026/09/22 21:54:01.081, 1, 90003, 97871
2026/09/22 21:54:01.081, 2, 90003, 97871
2026/09/22 21:54:01.081, 3, 92051, 97871
2026/09/22 21:54:01.282, 0, 90003, 97871
2026/09/22 21:54:01.282, 1, 90003, 97871
2026/09/22 21:54:01.282, 2, 90003, 97871
2026/09/22 21:54:01.282, 3, 92051, 97871
2026/09/22 21:54:01.482, 0, 90003, 97871
2026/09/22 21:54:01.482, 1, 90003, 97871
2026/09/22 21:54:01.482, 2, 90003, 97871
2026/09/22 21:54:01.482, 3, 92051, 97871
2026/09/22 21:54:01.682, 0, 90003, 97871
2026/09/22 21:54:01.682, 1, 90003, 97871
2026/09/22 21:54:01.682, 2, 90003, 97871
2026/09/22 21:54:01.682, 3, 92051, 97871
2026/09/22 21:54:01.882, 0, 90003, 97871
2026/09/22 21:54:01.882, 1, 90003, 97871
2026/09/22 21:54:01.882, 2, 90003, 97871
2026/09/22 21:54:01.883, 3, 92051, 97871
2026/09/22 21:54:02.083, 0, 90003, 97871
2026/09/22 21:54:02.083, 1, 90003, 97871
2026/09/22 21:54:02.083, 2, 90003, 97871
2026/09/22 21:54:02.083, 3, 92051, 97871
2026/09/22 21:54:02.283, 0, 90003, 97871
2026/09/22 21:54:02.283, 1, 90003, 97871
2026/09/22 21:54:02.283, 2, 90003, 97871
2026/09/22 21:54:02.283, 3, 92051, 97871
2026/09/22 21:54:02.483, 0, 90003, 97871
2026/09/22 21:54:02.483, 1, 90003, 97871
2026/09/22 21:54:02.483, 2, 90003, 97871
2026/09/22 21:54:02.483, 3, 92051, 97871
2026/09/22 21:54:02.683, 0, 90003, 97871
2026/09/22 21:54:02.683, 1, 90003, 97871
2026/09/22 21:54:02.683, 2, 90003, 97871
2026/09/22 21:54:02.683, 3, 92051, 97871
2026/09/22 21:54:02.884, 0, 90003, 97871
2026/09/22 21:54:02.884, 1, 90003, 97871
2026/09/22 21:54:02.884, 2, 90003, 97871
2026/09/22 21:54:02.884, 3, 92051, 97871
2026/09/22 21:54:03.084, 0, 90003, 97871
2026/09/22 21:54:03.084, 1, 90003, 97871
2026/09/22 21:54:03.084, 2, 90003, 97871
2026/09/22 21:54:03.084, 3, 92051, 97871
2026/09/22 21:54:03.284, 0, 90003, 97871
2026/09/22 21:54:03.284, 1, 90003, 97871
2026/09/22 21:54:03.284, 2, 90003, 97871
2026/09/22 21:54:03.284, 3, 92051, 97871
2026/09/22 21:54:03.484, 0, 90003, 97871
2026/09/22 21:54:03.484, 1, 90003, 97871
2026/09/22 21:54:03.484, 2, 90003, 97871
2026/09/22 21:54:03.484, 3, 92051, 97871
2026/09/22 21:54:03.685, 0, 90003, 97871
2026/09/22 21:54:03.685, 1, 90003, 97871
2026/09/22 21:54:03.685, 2, 90003, 97871
2026/09/22 21:54:03.685, 3, 92051, 97871
2026/09/22 21:54:03.885, 0, 90003, 97871
2026/09/22 21:54:03.885, 1, 90003, 97871
2026/09/22 21:54:03.885, 2, 90003, 97871
2026/09/22 21:54:03.885, 3, 92051, 97871
2026/09/22 21:54:04.085, 0, 90003, 97871
2026/09/22 21:54:04.085, 1, 90003, 97871
2026/09/22 21:54:04.085, 2, 90003, 97871
2026/09/22 21:54:04.085, 3, 92051, 97871
2026/09/22 21:54:04.285, 0, 90003, 97871
2026/09/22 21:54:04.285, 1, 90003, 97871
2026/09/22 21:54:04.286, 2, 90003, 97871
2026/09/22 21:54:04.286, 3, 92051, 97871
2026/09/22 21:54:04.486, 0, 90003, 97871
2026/09/22 21:54:04.486, 1, 90003, 97871
2026/09/22 21:54:04.486, 2, 90003, 97871
2026/09/22 21:54:04.486, 3, 92051, 97871
2026/09/22 21:54:04.686, 0, 90003, 97871
2026/09/22 21:54:04.686, 1, 90003, 97871
2026/09/22 21:54:04.686, 2, 90003, 97871
2026/09/22 21:54:04.686, 3, 92051, 97871
2026/09/22 21:54:04.886, 0, 90003, 97871
2026/09/22 21:54:04.886, 1, 90003, 97871
2026/09/22 21:54:04.886, 2, 90003, 97871
2026/09/22 21:54:04.886, 3, 92051, 97871
2026/09/22 21:54:05.086, 0, 90003, 97871
2026/09/22 21:54:05.086, 1, 90003, 97871
2026/09/22 21:54:05.087, 2, 90003, 97871
2026/09/22 21:54:05.087, 3, 92051, 97871
2026/09/22 21:54:05.287, 0, 90003, 97871
2026/09/22 21:54:05.287, 1, 90003, 97871
2026/09/22 21:54:05.287, 2, 90003, 97871
2026/09/22 21:54:05.287, 3, 92051, 97871
2026/09/22 21:54:05.487, 0, 90003, 97871
2026/09/22 21:54:05.487, 1, 90003, 97871
2026/09/22 21:54:05.487, 2, 90003, 97871
2026/09/22 21:54:05.487, 3, 92051, 97871
2026/09/22 21:54:05.687, 0, 90003, 97871
2026/09/22 21:54:05.687, 1, 90003, 97871
2026/09/22 21:54:05.687, 2, 90003, 97871
2026/09/22 21:54:05.688, 3, 92051, 97871
2026/09/22 21:54:05.888, 0, 90003, 97871
2026/09/22 21:54:05.888, 1, 90003, 97871
2026/09/22 21:54:05.888, 2, 90003, 97871
2026/09/22 21:54:05.888, 3, 92051, 97871
2026/09/22 21:54:06.088, 0, 90003, 97871
2026/09/22 21:54:06.088, 1, 90003, 97871
2026/09/22 21:54:06.088, 2, 90003, 97871
2026/09/22 21:54:06.088, 3, 92051, 97871
2026/09/22 21:54:06.288, 0, 90003, 97871
2026/09/22 21:54:06.288, 1, 90003, 97871
2026/09/22 21:54:06.288, 2, 90003, 97871
2026/09/22 21:54:06.288, 3, 92051, 97871
2026/09/22 21:54:06.488, 0, 90003, 97871
2026/09/22 21:54:06.488, 1, 90003, 97871
2026/09/22 21:54:06.488, 2, 90003, 97871
2026/09/22 21:54:06.488, 3, 92051, 97871
2026/09/22 21:54:06.689, 0, 90003, 97871
2026/09/22 21:54:06.689, 1, 90003, 97871
2026/09/22 21:54:06.689, 2, 90003, 97871
2026/09/22 21:54:06.689, 3, 92051, 97871
2026/09/22 21:54:06.889, 0, 90003, 97871
2026/09/22 21:54:06.889, 1, 90003, 97871
2026/09/22 21:54:06.889, 2, 90003, 97871
2026/09/22 21:54:06.889, 3, 92051, 97871
2026/09/22 21:54:07.089, 0, 90003, 97871
2026/09/22 21:54:07.089, 1, 90003, 97871
2026/09/22 21:54:07.089, 2, 90003, 97871
2026/09/22 21:54:07.089, 3, 92051, 97871
2026/09/22 21:54:07.289, 0, 90003, 97871
2026/09/22 21:54:07.289, 1, 90003, 97871
2026/09/22 21:54:07.289, 2, 90003, 97871
2026/09/22 21:54:07.289, 3, 92051, 97871
2026/09/22 21:54:07.489, 0, 90003, 97871
2026/09/22 21:54:07.490, 1, 90003, 97871
2026/09/22 21:54:07.490, 2, 90003, 97871
2026/09/22 21:54:07.490, 3, 92051, 97871
2026/09/22 21:54:07.690, 0, 90003, 97871
2026/09/22 21:54:07.690, 1, 90003, 97871
2026/09/22 21:54:07.690, 2, 90003, 97871
2026/09/22 21:54:07.690, 3, 92051, 97871
2026/09/22 21:54:07.890, 0, 90003, 97871
2026/09/22 21:54:07.890, 1, 90003, 97871
2026/09/22 21:54:07.890, 2, 90003, 97871
2026/09/22 21:54:07.890, 3, 92051, 97871
2026/09/22 21:54:08.090, 0, 90003, 97871
2026/09/22 21:54:08.090, 1, 90003, 97871
2026/09/22 21:54:08.090, 2, 90003, 97871
2026/09/22 21:54:08.090, 3, 92051, 97871
2026/09/22 21:54:08.290, 0, 90003, 97871
2026/09/22 21:54:08.291, 1, 90003, 97871
2026/09/22 21:54:08.291, 2, 90003, 97871
2026/09/22 21:54:08.291, 3, 92051, 97871
2026/09/22 21:54:08.491, 0, 90003, 97871
2026/09/22 21:54:08.491, 1, 90003, 97871
2026/09/22 21:54:08.491, 2, 90003, 97871
2026/09/22 21:54:08.491, 3, 92051, 97871
2026/09/22 21:54:08.691, 0, 90003, 97871
2026/09/22 21:54:08.691, 1, 90003, 97871
2026/09/22 21:54:08.691, 2, 90003, 97871
2026/09/22 21:54:08.691, 3, 92051, 97871
2026/09/22 21:54:08.891, 0, 90003, 97871
2026/09/22 21:54:08.891, 1, 90003, 97871
2026/09/22 21:54:08.891, 2, 90003, 97871
2026/09/22 21:54:08.891, 3, 92051, 97871
2026/09/22 21:54:09.091, 0, 90003, 97871
2026/09/22 21:54:09.092, 1, 90003, 97871
2026/09/22 21:54:09.092, 2, 90003, 97871
2026/09/22 21:54:09.092, 3, 92051, 97871
2026/09/22 21:54:09.292, 0, 90003, 97871
2026/09/22 21:54:09.292, 1, 90003, 97871
2026/09/22 21:54:09.292, 2, 90003, 97871
2026/09/22 21:54:09.292, 3, 92051, 97871
2026/09/22 21:54:09.492, 0, 90003, 97871
2026/09/22 21:54:09.492, 1, 90003, 97871
2026/09/22 21:54:09.492, 2, 90003, 97871
2026/09/22 21:54:09.492, 3, 92051, 97871
2026/09/22 21:54:09.692, 0, 90003, 97871
2026/09/22 21:54:09.692, 1, 90003, 97871
2026/09/22 21:54:09.692, 2, 90003, 97871
2026/09/22 21:54:09.692, 3, 92051, 97871
2026/09/22 21:54:09.892, 0, 90003, 97871
2026/09/22 21:54:09.893, 1, 90003, 97871
2026/09/22 21:54:09.893, 2, 90003, 97871
2026/09/22 21:54:09.893, 3, 92051, 97871
2026/09/22 21:54:10.093, 0, 90003, 97871
2026/09/22 21:54:10.093, 1, 90003, 97871
2026/09/22 21:54:10.093, 2, 90003, 97871
2026/09/22 21:54:10.093, 3, 92051, 97871
2026/09/22 21:54:10.293, 0, 90003, 97871
2026/09/22 21:54:10.293, 1, 90003, 97871
2026/09/22 21:54:10.293, 2, 90003, 97871
2026/09/22 21:54:10.293, 3, 92051, 97871
2026/09/22 21:54:10.493, 0, 90003, 97871
2026/09/22 21:54:10.493, 1, 90003, 97871
2026/09/22 21:54:10.493, 2, 90003, 97871
2026/09/22 21:54:10.493, 3, 92051, 97871
2026/09/22 21:54:10.693, 0, 90003, 97871
2026/09/22 21:54:10.694, 1, 90003, 97871
2026/09/22 21:54:10.694, 2, 90003, 97871
2026/09/22 21:54:10.694, 3, 92051, 97871
2026/09/22 21:54:10.894, 0, 90003, 97871
2026/09/22 21:54:10.894, 1, 90003, 97871
2026/09/22 21:54:10.894, 2, 90003, 97871
2026/09/22 21:54:10.894, 3, 92051, 97871
2026/09/22 21:54:11.094, 0, 90003, 97871
2026/09/22 21:54:11.094, 1, 90003, 97871
2026/09/22 21:54:11.094, 2, 90003, 97871
2026/09/22 21:54:11.094, 3, 92051, 97871
2026/09/22 21:54:11.294, 0, 90003, 97871
2026/09/22 21:54:11.294, 1, 90003, 97871
2026/09/22 21:54:11.294, 2, 90003, 97871
2026/09/22 21:54:11.294, 3, 92051, 97871
2026/09/22 21:54:11.494, 0, 90003, 97871
2026/09/22 21:54:11.495, 1, 90003, 97871
2026/09/22 21:54:11.495, 2, 90003, 97871
2026/09/22 21:54:11.495, 3, 92051, 97871
2026/09/22 21:54:11.695, 0, 90003, 97871
2026/09/22 21:54:11.695, 1, 90003, 97871
2026/09/22 21:54:11.695, 2, 90003, 97871
2026/09/22 21:54:11.695, 3, 92051, 97871
2026/09/22 21:54:11.895, 0, 90003, 97871
2026/09/22 21:54:11.895, 1, 90003, 97871
2026/09/22 21:54:11.895, 2, 90003, 97871
2026/09/22 21:54:11.895, 3, 92051, 97871
2026/09/22 21:54:12.095, 0, 90003, 97871
2026/09/22 21:54:12.095, 1, 90003, 97871
2026/09/22 21:54:12.095, 2, 90003, 97871
2026/09/22 21:54:12.096, 3, 92051, 97871
2026/09/22 21:54:12.296, 0, 90003, 97871
2026/09/22 21:54:12.296, 1, 90003, 97871
2026/09/22 21:54:12.296, 2, 90003, 97871
2026/09/22 21:54:12.296, 3, 92051, 97871
2026/09/22 21:54:12.496, 0, 90003, 97871
2026/09/22 21:54:12.496, 1, 90003, 97871
2026/09/22 21:54:12.496, 2, 90003, 97871
2026/09/22 21:54:12.496, 3, 92051, 97871
2026/09/22 21:54:12.696, 0, 90003, 97871
2026/09/22 21:54:12.696, 1, 90003, 97871
2026/09/22 21:54:12.696, 2, 90003, 97871
2026/09/22 21:54:12.696, 3, 92051, 97871
2026/09/22 21:54:12.897, 0, 90003, 97871
2026/09/22 21:54:12.897, 1, 90003, 97871
2026/09/22 21:54:12.897, 2, 90003, 97871
2026/09/22 21:54:12.897, 3, 92051, 97871
2026/09/22 21:54:13.097, 0, 90003, 97871
2026/09/22 21:54:13.097, 1, 90003, 97871
2026/09/22 21:54:13.097, 2, 90003, 97871
2026/09/22 21:54:13.097, 3, 92051, 97871
2026/09/22 21:54:13.297, 0, 90003, 97871
2026/09/22 21:54:13.297, 1, 90003, 97871
2026/09/22 21:54:13.297, 2, 90003, 97871
2026/09/22 21:54:13.297, 3, 92051, 97871
2026/09/22 21:54:13.497, 0, 90003, 97871
2026/09/22 21:54:13.498, 1, 90003, 97871
2026/09/22 21:54:13.498, 2, 90003, 97871
2026/09/22 21:54:13.498, 3, 92051, 97871
2026/09/22 21:54:13.698, 0, 90003, 97871
2026/09/22 21:54:13.698, 1, 90003, 97871
2026/09/22 21:54:13.698, 2, 90003, 97871
2026/09/22 21:54:13.698, 3, 92051, 97871
2026/09/22 21:54:13.898, 0, 90003, 97871
2026/09/22 21:54:13.898, 1, 90003, 97871
2026/09/22 21:54:13.898, 2, 90003, 97871
2026/09/22 21:54:13.898, 3, 92051, 97871
2026/09/22 21:54:14.098, 0, 90003, 97871
2026/09/22 21:54:14.098, 1, 90003, 97871
2026/09/22 21:54:14.098, 2, 90003, 97871
2026/09/22 21:54:14.098, 3, 92051, 97871
2026/09/22 21:54:14.298, 0, 90003, 97871
2026/09/22 21:54:14.299, 1, 90003, 97871
2026/09/22 21:54:14.299, 2, 90003, 97871
2026/09/22 21:54:14.299, 3, 92051, 97871
2026/09/22 21:54:14.499, 0, 90003, 97871
2026/09/22 21:54:14.499, 1, 90003, 97871
2026/09/22 21:54:14.499, 2, 90003, 97871
2026/09/22 21:54:14.499, 3, 92051, 97871
2026/09/22 21:54:14.699, 0, 90003, 97871
2026/09/22 21:54:14.699, 1, 90003, 97871
2026/09/22 21:54:14.699, 2, 90003, 97871
2026/09/22 21:54:14.699, 3, 92051, 97871
2026/09/22 21:54:14.899, 0, 90003, 97871
2026/09/22 21:54:14.899, 1, 90003, 97871
2026/09/22 21:54:14.899, 2, 90003, 97871
2026/09/22 21:54:14.900, 3, 92051, 97871
2026/09/22 21:54:15.100, 0, 90003, 97871
2026/09/22 21:54:15.100, 1, 90003, 97871
2026/09/22 21:54:15.100, 2, 90003, 97871
2026/09/22 21:54:15.100, 3, 92051, 97871
2026/09/22 21:54:15.300, 0, 90003, 97871
2026/09/22 21:54:15.300, 1, 90003, 97871
2026/09/22 21:54:15.300, 2, 90003, 97871
2026/09/22 21:54:15.300, 3, 92051, 97871
2026/09/22 21:54:15.500, 0, 90003, 97871
2026/09/22 21:54:15.501, 1, 90003, 97871
2026/09/22 21:54:15.501, 2, 90003, 97871
2026/09/22 21:54:15.501, 3, 92051, 97871
2026/09/22 21:54:15.701, 0, 90003, 97871
2026/09/22 21:54:15.701, 1, 90003, 97871
2026/09/22 21:54:15.701, 2, 90003, 97871
2026/09/22 21:54:15.701, 3, 92051, 97871
2026/09/22 21:54:15.901, 0, 90003, 97871
2026/09/22 21:54:15.901, 1, 90003, 97871
2026/09/22 21:54:15.901, 2, 90003, 97871
2026/09/22 21:54:15.901, 3, 92051, 97871
2026/09/22 21:54:16.101, 0, 90003, 97871
2026/09/22 21:54:16.101, 1, 90003, 97871
2026/09/22 21:54:16.101, 2, 90003, 97871
2026/09/22 21:54:16.101, 3, 92051, 97871
2026/09/22 21:54:16.302, 0, 90003, 97871
2026/09/22 21:54:16.302, 1, 90003, 97871
2026/09/22 21:54:16.302, 2, 90003, 97871
2026/09/22 21:54:16.302, 3, 92051, 97871
2026/09/22 21:54:16.502, 0, 90003, 97871
2026/09/22 21:54:16.502, 1, 90003, 97871
2026/09/22 21:54:16.502, 2, 90003, 97871
2026/09/22 21:54:16.502, 3, 92051, 97871
2026/09/22 21:54:16.702, 0, 90003, 97871
2026/09/22 21:54:16.702, 1, 90003, 97871
2026/09/22 21:54:16.702, 2, 90003, 97871
2026/09/22 21:54:16.702, 3, 92051, 97871
2026/09/22 21:54:16.902, 0, 90003, 97871
2026/09/22 21:54:16.902, 1, 90003, 97871
2026/09/22 21:54:16.903, 2, 90003, 97871
2026/09/22 21:54:16.903, 3, 92051, 97871
2026/09/22 21:54:17.103, 0, 90003, 97871
2026/09/22 21:54:17.103, 1, 90003, 97871
2026/09/22 21:54:17.103, 2, 90003, 97871
2026/09/22 21:54:17.103, 3, 92051, 97871
2026/09/22 21:54:17.303, 0, 90003, 97871
2026/09/22 21:54:17.303, 1, 90003, 97871
2026/09/22 21:54:17.303, 2, 90003, 97871
2026/09/22 21:54:17.303, 3, 92051, 97871
2026/09/22 21:54:17.503, 0, 90003, 97871
2026/09/22 21:54:17.503, 1, 90003, 97871
2026/09/22 21:54:17.504, 2, 90003, 97871
2026/09/22 21:54:17.504, 3, 92051, 97871
2026/09/22 21:54:17.704, 0, 90003, 97871
2026/09/22 21:54:17.704, 1, 90003, 97871
2026/09/22 21:54:17.704, 2, 90003, 97871
2026/09/22 21:54:17.704, 3, 92051, 97871
2026/09/22 21:54:17.904, 0, 90003, 97871
2026/09/22 21:54:17.904, 1, 90003, 97871
2026/09/22 21:54:17.904, 2, 90003, 97871
2026/09/22 21:54:17.904, 3, 92051, 97871
2026/09/22 21:54:18.104, 0, 90003, 97871
2026/09/22 21:54:18.104, 1, 90003, 97871
2026/09/22 21:54:18.104, 2, 90003, 97871
2026/09/22 21:54:18.104, 3, 92051, 97871
2026/09/22 21:54:18.304, 0, 90003, 97871
2026/09/22 21:54:18.305, 1, 90003, 97871
2026/09/22 21:54:18.305, 2, 90003, 97871
2026/09/22 21:54:18.305, 3, 92051, 97871
2026/09/22 21:54:18.505, 0, 90003, 97871
2026/09/22 21:54:18.505, 1, 90003, 97871
2026/09/22 21:54:18.505, 2, 90003, 97871
2026/09/22 21:54:18.505, 3, 92051, 97871
2026/09/22 21:54:18.705, 0, 90003, 97871
2026/09/22 21:54:18.705, 1, 90003, 97871
2026/09/22 21:54:18.705, 2, 90003, 97871
2026/09/22 21:54:18.705, 3, 92051, 97871
2026/09/22 21:54:18.905, 0, 90003, 97871
2026/09/22 21:54:18.906, 1, 90003, 97871
2026/09/22 21:54:18.906, 2, 90003, 97871
2026/09/22 21:54:18.906, 3, 92051, 97871
2026/09/22 21:54:19.106, 0, 90003, 97871
2026/09/22 21:54:19.106, 1, 90003, 97871
2026/09/22 21:54:19.106, 2, 90003, 97871
2026/09/22 21:54:19.106, 3, 92051, 97871
2026/09/22 21:54:19.306, 0, 90003, 97871
2026/09/22 21:54:19.306, 1, 90003, 97871
2026/09/22 21:54:19.307, 2, 90003, 97871
2026/09/22 21:54:19.307, 3, 92051, 97871
2026/09/22 21:54:19.507, 0, 90003, 97871
2026/09/22 21:54:19.507, 1, 90003, 97871
2026/09/22 21:54:19.507, 2, 90003, 97871
2026/09/22 21:54:19.507, 3, 92051, 97871
2026/09/22 21:54:19.707, 0, 90003, 97871
2026/09/22 21:54:19.707, 1, 90003, 97871
2026/09/22 21:54:19.707, 2, 90003, 97871
2026/09/22 21:54:19.707, 3, 92051, 97871
2026/09/22 21:54:19.907, 0, 90003, 97871
2026/09/22 21:54:19.907, 1, 90003, 97871
2026/09/22 21:54:19.908, 2, 90003, 97871
2026/09/22 21:54:19.908, 3, 92051, 97871
2026/09/22 21:54:20.108, 0, 90003, 97871
2026/09/22 21:54:20.108, 1, 90003, 97871
2026/09/22 21:54:20.108, 2, 90003, 97871
2026/09/22 21:54:20.108, 3, 92051, 97871
2026/09/22 21:54:20.308, 0, 90003, 97871
2026/09/22 21:54:20.308, 1, 90003, 97871
2026/09/22 21:54:20.308, 2, 90003, 97871
2026/09/22 21:54:20.308, 3, 92051, 97871
2026/09/22 21:54:20.508, 0, 90003, 97871
2026/09/22 21:54:20.508, 1, 90003, 97871
2026/09/22 21:54:20.508, 2, 90003, 97871
2026/09/22 21:54:20.509, 3, 92051, 97871
2026/09/22 21:54:20.709, 0, 90003, 97871
2026/09/22 21:54:20.709, 1, 90003, 97871
2026/09/22 21:54:20.709, 2, 90003, 97871
2026/09/22 21:54:20.709, 3, 92051, 97871
2026/09/22 21:54:20.909, 0, 90003, 97871
2026/09/22 21:54:20.909, 1, 90003, 97871
2026/09/22 21:54:20.909, 2, 90003, 97871
2026/09/22 21:54:20.909, 3, 92051, 97871
2026/09/22 21:54:21.109, 0, 90003, 97871
2026/09/22 21:54:21.109, 1, 90003, 97871
2026/09/22 21:54:21.109, 2, 90003, 97871
2026/09/22 21:54:21.109, 3, 92051, 97871
2026/09/22 21:54:21.309, 0, 90003, 97871
2026/09/22 21:54:21.309, 1, 90003, 97871
2026/09/22 21:54:21.310, 2, 90003, 97871
2026/09/22 21:54:21.310, 3, 92051, 97871
2026/09/22 21:54:21.510, 0, 90003, 97871
2026/09/22 21:54:21.510, 1, 90003, 97871
2026/09/22 21:54:21.510, 2, 90003, 97871
2026/09/22 21:54:21.510, 3, 92051, 97871
2026/09/22 21:54:21.710, 0, 90003, 97871
2026/09/22 21:54:21.710, 1, 90003, 97871
2026/09/22 21:54:21.710, 2, 90003, 97871
2026/09/22 21:54:21.710, 3, 92051, 97871
2026/09/22 21:54:21.910, 0, 90003, 97871
2026/09/22 21:54:21.910, 1, 90003, 97871
2026/09/22 21:54:21.911, 2, 90003, 97871
2026/09/22 21:54:21.911, 3, 92051, 97871
2026/09/22 21:54:22.111, 0, 90003, 97871
2026/09/22 21:54:22.111, 1, 90003, 97871
2026/09/22 21:54:22.111, 2, 90003, 97871
2026/09/22 21:54:22.111, 3, 92051, 97871
2026/09/22 21:54:22.311, 0, 90003, 97871
2026/09/22 21:54:22.311, 1, 90003, 97871
2026/09/22 21:54:22.311, 2, 90003, 97871
2026/09/22 21:54:22.311, 3, 92051, 97871
2026/09/22 21:54:22.511, 0, 90003, 97871
2026/09/22 21:54:22.511, 1, 90003, 97871
2026/09/22 21:54:22.511, 2, 90003, 97871
2026/09/22 21:54:22.511, 3, 92051, 97871
2026/09/22 21:54:22.712, 0, 90003, 97871
2026/09/22 21:54:22.712, 1, 90003, 97871
2026/09/22 21:54:22.712, 2, 90003, 97871
2026/09/22 21:54:22.712, 3, 92051, 97871
2026/09/22 21:54:22.912, 0, 90003, 97871
2026/09/22 21:54:22.912, 1, 90003, 97871
2026/09/22 21:54:22.912, 2, 90003, 97871
2026/09/22 21:54:22.912, 3, 92051, 97871
2026/09/22 21:54:23.112, 0, 90003, 97871
2026/09/22 21:54:23.112, 1, 90003, 97871
2026/09/22 21:54:23.112, 2, 90003, 97871
2026/09/22 21:54:23.112, 3, 92051, 97871
2026/09/22 21:54:23.312, 0, 90003, 97871
2026/09/22 21:54:23.312, 1, 90003, 97871
2026/09/22 21:54:23.313, 2, 90003, 97871
2026/09/22 21:54:23.313, 3, 92051, 97871
2026/09/22 21:54:23.513, 0, 90003, 97871
2026/09/22 21:54:23.513, 1, 90003, 97871
2026/09/22 21:54:23.513, 2, 90003, 97871
2026/09/22 21:54:23.513, 3, 92051, 97871
2026/09/22 21:54:23.713, 0, 90003, 97871
2026/09/22 21:54:23.713, 1, 90003, 97871
2026/09/22 21:54:23.713, 2, 90003, 97871
2026/09/22 21:54:23.713, 3, 92051, 97871
2026/09/22 21:54:23.913, 0, 90003, 97871
2026/09/22 21:54:23.913, 1, 90003, 97871
2026/09/22 21:54:23.914, 2, 90003, 97871
2026/09/22 21:54:23.914, 3, 92051, 97871
2026/09/22 21:54:24.114, 0, 90003, 97871
2026/09/22 21:54:24.114, 1, 90003, 97871
2026/09/22 21:54:24.114, 2, 90003, 97871
2026/09/22 21:54:24.114, 3, 92051, 97871
2026/09/22 21:54:24.314, 0, 90003, 97871
2026/09/22 21:54:24.314, 1, 90003, 97871
2026/09/22 21:54:24.314, 2, 90003, 97871
2026/09/22 21:54:24.314, 3, 92051, 97871
2026/09/22 21:54:24.514, 0, 90003, 97871
2026/09/22 21:54:24.514, 1, 90003, 97871
2026/09/22 21:54:24.514, 2, 90003, 97871
2026/09/22 21:54:24.514, 3, 92051, 97871
2026/09/22 21:54:24.714, 0, 90003, 97871
2026/09/22 21:54:24.714, 1, 90003, 97871
2026/09/22 21:54:24.714, 2, 90003, 97871
2026/09/22 21:54:24.714, 3, 92051, 97871
2026/09/22 21:54:24.915, 0, 90003, 97871
2026/09/22 21:54:24.915, 1, 90003, 97871
2026/09/22 21:54:24.915, 2, 90003, 97871
2026/09/22 21:54:24.915, 3, 92051, 97871
2026/09/22 21:54:25.115, 0, 90003, 97871
2026/09/22 21:54:25.115, 1, 90003, 97871
2026/09/22 21:54:25.115, 2, 90003, 97871
2026/09/22 21:54:25.115, 3, 92051, 97871
2026/09/22 21:54:25.315, 0, 90003, 97871
2026/09/22 21:54:25.315, 1, 90003, 97871
2026/09/22 21:54:25.315, 2, 90003, 97871
2026/09/22 21:54:25.315, 3, 92051, 97871
2026/09/22 21:54:25.516, 0, 90003, 97871
2026/09/22 21:54:25.516, 1, 90003, 97871
2026/09/22 21:54:25.516, 2, 90003, 97871
2026/09/22 21:54:25.516, 3, 92051, 97871
2026/09/22 21:54:25.716, 0, 90003, 97871
2026/09/22 21:54:25.716, 1, 90003, 97871
2026/09/22 21:54:25.716, 2, 90003, 97871
2026/09/22 21:54:25.716, 3, 92051, 97871
2026/09/22 21:54:25.916, 0, 90003, 97871
2026/09/22 21:54:25.916, 1, 90003, 97871
2026/09/22 21:54:25.916, 2, 90003, 97871
2026/09/22 21:54:25.916, 3, 92051, 97871
2026/09/22 21:54:26.116, 0, 90003, 97871
2026/09/22 21:54:26.117, 1, 90003, 97871
2026/09/22 21:54:26.117, 2, 90003, 97871
2026/09/22 21:54:26.117, 3, 92051, 97871
2026/09/22 21:54:26.317, 0, 90003, 97871
2026/09/22 21:54:26.317, 1, 90003, 97871
2026/09/22 21:54:26.317, 2, 90003, 97871
2026/09/22 21:54:26.317, 3, 92051, 97871
2026/09/22 21:54:26.517, 0, 90003, 97871
2026/09/22 21:54:26.517, 1, 90003, 97871
2026/09/22 21:54:26.517, 2, 90003, 97871
2026/09/22 21:54:26.517, 3, 92051, 97871
2026/09/22 21:54:26.717, 0, 90003, 97871
2026/09/22 21:54:26.717, 1, 90003, 97871
2026/09/22 21:54:26.717, 2, 90003, 97871
2026/09/22 21:54:26.717, 3, 92051, 97871
2026/09/22 21:54:26.917, 0, 90003, 97871
2026/09/22 21:54:26.918, 1, 90003, 97871
2026/09/22 21:54:26.918, 2, 90003, 97871
2026/09/22 21:54:26.918, 3, 92051, 97871
2026/09/22 21:54:27.118, 0, 90003, 97871
2026/09/22 21:54:27.118, 1, 90003, 97871
2026/09/22 21:54:27.118, 2, 90003, 97871
2026/09/22 21:54:27.118, 3, 92051, 97871
2026/09/22 21:54:27.318, 0, 90003, 97871
2026/09/22 21:54:27.318, 1, 90003, 97871
2026/09/22 21:54:27.318, 2, 90003, 97871
2026/09/22 21:54:27.318, 3, 92051, 97871
2026/09/22 21:54:27.518, 0, 90003, 97871
2026/09/22 21:54:27.518, 1, 90003, 97871
2026/09/22 21:54:27.518, 2, 90003, 97871
2026/09/22 21:54:27.518, 3, 92051, 97871
2026/09/22 21:54:27.719, 0, 90003, 97871
2026/09/22 21:54:27.719, 1, 90003, 97871
2026/09/22 21:54:27.719, 2, 90003, 97871
2026/09/22 21:54:27.719, 3, 92051, 97871
2026/09/22 21:54:27.919, 0, 90003, 97871
2026/09/22 21:54:27.919, 1, 90003, 97871
2026/09/22 21:54:27.919, 2, 90003, 97871
2026/09/22 21:54:27.919, 3, 92051, 97871
2026/09/22 21:54:28.119, 0, 90003, 97871
2026/09/22 21:54:28.119, 1, 90003, 97871
2026/09/22 21:54:28.119, 2, 90003, 97871
2026/09/22 21:54:28.119, 3, 92051, 97871
2026/09/22 21:54:28.319, 0, 90003, 97871
2026/09/22 21:54:28.319, 1, 90003, 97871
2026/09/22 21:54:28.319, 2, 90003, 97871
2026/09/22 21:54:28.319, 3, 92051, 97871
2026/09/22 21:54:28.520, 0, 90003, 97871
2026/09/22 21:54:28.520, 1, 90003, 97871
2026/09/22 21:54:28.520, 2, 90003, 97871
2026/09/22 21:54:28.520, 3, 92051, 97871
2026/09/22 21:54:28.720, 0, 90003, 97871
2026/09/22 21:54:28.720, 1, 90003, 97871
2026/09/22 21:54:28.720, 2, 90003, 97871
2026/09/22 21:54:28.720, 3, 92051, 97871
2026/09/22 21:54:28.920, 0, 90003, 97871
2026/09/22 21:54:28.920, 1, 90003, 97871
2026/09/22 21:54:28.920, 2, 90003, 97871
2026/09/22 21:54:28.920, 3, 92051, 97871
2026/09/22 21:54:29.120, 0, 90003, 97871
2026/09/22 21:54:29.120, 1, 90003, 97871
2026/09/22 21:54:29.120, 2, 90003, 97871
2026/09/22 21:54:29.121, 3, 92051, 97871
2026/09/22 21:54:29.321, 0, 90003, 97871
2026/09/22 21:54:29.321, 1, 90003, 97871
2026/09/22 21:54:29.321, 2, 90003, 97871
2026/09/22 21:54:29.321, 3, 92051, 97871
2026/09/22 21:54:29.521, 0, 90003, 97871
2026/09/22 21:54:29.521, 1, 90003, 97871
2026/09/22 21:54:29.521, 2, 90003, 97871
2026/09/22 21:54:29.521, 3, 92051, 97871
2026/09/22 21:54:29.721, 0, 90003, 97871
2026/09/22 21:54:29.721, 1, 90003, 97871
2026/09/22 21:54:29.721, 2, 90003, 97871
2026/09/22 21:54:29.721, 3, 92051, 97871
2026/09/22 21:54:29.921, 0, 90003, 97871
2026/09/22 21:54:29.921, 1, 90003, 97871
2026/09/22 21:54:29.921, 2, 90003, 97871
2026/09/22 21:54:29.921, 3, 92051, 97871
2026/09/22 21:54:30.121, 0, 90003, 97871
2026/09/22 21:54:30.121, 1, 90003, 97871
2026/09/22 21:54:30.122, 2, 90003, 97871
2026/09/22 21:54:30.122, 3, 92051, 97871
2026/09/22 21:54:30.322, 0, 90003, 97871
2026/09/22 21:54:30.322, 1, 90003, 97871
2026/09/22 21:54:30.322, 2, 90003, 97871
2026/09/22 21:54:30.322, 3, 92051, 97871
2026/09/22 21:54:30.522, 0, 90003, 97871
2026/09/22 21:54:30.522, 1, 90003, 97871
2026/09/22 21:54:30.522, 2, 90003, 97871
2026/09/22 21:54:30.522, 3, 92051, 97871
2026/09/22 21:54:30.722, 0, 90003, 97871
2026/09/22 21:54:30.722, 1, 90003, 97871
2026/09/22 21:54:30.722, 2, 90003, 97871
2026/09/22 21:54:30.722, 3, 92051, 97871
2026/09/22 21:54:30.922, 0, 90003, 97871
2026/09/22 21:54:30.922, 1, 90003, 97871
2026/09/22 21:54:30.922, 2, 90003, 97871
2026/09/22 21:54:30.923, 3, 92051, 97871
2026/09/22 21:54:31.123, 0, 90003, 97871
2026/09/22 21:54:31.123, 1, 90003, 97871
2026/09/22 21:54:31.123, 2, 90003, 97871
2026/09/22 21:54:31.123, 3, 92051, 97871
2026/09/22 21:54:31.323, 0, 90003, 97871
2026/09/22 21:54:31.323, 1, 90003, 97871
2026/09/22 21:54:31.323, 2, 90003, 97871
2026/09/22 21:54:31.323, 3, 92051, 97871
2026/09/22 21:54:31.523, 0, 90003, 97871
2026/09/22 21:54:31.523, 1, 90003, 97871
2026/09/22 21:54:31.523, 2, 90003, 97871
2026/09/22 21:54:31.523, 3, 92051, 97871
2026/09/22 21:54:31.723, 0, 90003, 97871
2026/09/22 21:54:31.723, 1, 90003, 97871
2026/09/22 21:54:31.723, 2, 90003, 97871
2026/09/22 21:54:31.723, 3, 92051, 97871
2026/09/22 21:54:31.923, 0, 90003, 97871
2026/09/22 21:54:31.946, 1, 90003, 97871
2026/09/22 21:54:31.976, 2, 90003, 97871
2026/09/22 21:54:31.989, 3, 92051, 97871
2026/09/22 21:54:32.189, 0, 90003, 97871
2026/09/22 21:54:32.221, 1, 90003, 97871
2026/09/22 21:54:32.249, 2, 90003, 97871
2026/09/22 21:54:32.249, 3, 92051, 97871
2026/09/22 21:54:32.449, 0, 90003, 97871
2026/09/22 21:54:32.449, 1, 90003, 97871
2026/09/22 21:54:32.449, 2, 90003, 97871
2026/09/22 21:54:32.449, 3, 92051, 97871
2026/09/22 21:54:32.649, 0, 90003, 97871
2026/09/22 21:54:32.649, 1, 90003, 97871
2026/09/22 21:54:32.649, 2, 90003, 97871
2026/09/22 21:54:32.650, 3, 92051, 97871
2026/09/22 21:54:32.850, 0, 90003, 97871
2026/09/22 21:54:32.850, 1, 90003, 97871
2026/09/22 21:54:32.850, 2, 90003, 97871
2026/09/22 21:54:32.850, 3, 92051, 97871
2026/09/22 21:54:33.050, 0, 90003, 97871
2026/09/22 21:54:33.050, 1, 90003, 97871
2026/09/22 21:54:33.050, 2, 90003, 97871
2026/09/22 21:54:33.050, 3, 92051, 97871
2026/09/22 21:54:33.250, 0, 90003, 97871
2026/09/22 21:54:33.250, 1, 90003, 97871
2026/09/22 21:54:33.250, 2, 90003, 97871
2026/09/22 21:54:33.250, 3, 92051, 97871
2026/09/22 21:54:33.450, 0, 90003, 97871
2026/09/22 21:54:33.450, 1, 90003, 97871
2026/09/22 21:54:33.450, 2, 90003, 97871
2026/09/22 21:54:33.450, 3, 92051, 97871
2026/09/22 21:54:33.650, 0, 90003, 97871
2026/09/22 21:54:33.650, 1, 90003, 97871
2026/09/22 21:54:33.650, 2, 90003, 97871
2026/09/22 21:54:33.650, 3, 92051, 97871
2026/09/22 21:54:33.851, 0, 90003, 97871
2026/09/22 21:54:33.851, 1, 90003, 97871
2026/09/22 21:54:33.851, 2, 90003, 97871
2026/09/22 21:54:33.851, 3, 92051, 97871
2026/09/22 21:54:34.051, 0, 90003, 97871
2026/09/22 21:54:34.051, 1, 90003, 97871
2026/09/22 21:54:34.051, 2, 90003, 97871
2026/09/22 21:54:34.051, 3, 92051, 97871
2026/09/22 21:54:34.251, 0, 90003, 97871
2026/09/22 21:54:34.251, 1, 90003, 97871
2026/09/22 21:54:34.251, 2, 90003, 97871
2026/09/22 21:54:34.251, 3, 92051, 97871
2026/09/22 21:54:34.451, 0, 90003, 97871
2026/09/22 21:54:34.451, 1, 90003, 97871
2026/09/22 21:54:34.451, 2, 90003, 97871
2026/09/22 21:54:34.451, 3, 92051, 97871
2026/09/22 21:54:34.651, 0, 90003, 97871
2026/09/22 21:54:34.651, 1, 90003, 97871
2026/09/22 21:54:34.651, 2, 90003, 97871
2026/09/22 21:54:34.651, 3, 92051, 97871
2026/09/22 21:54:34.851, 0, 90003, 97871
2026/09/22 21:54:34.852, 1, 90003, 97871
2026/09/22 21:54:34.852, 2, 90003, 97871
2026/09/22 21:54:34.852, 3, 92051, 97871
2026/09/22 21:54:35.052, 0, 90003, 97871
2026/09/22 21:54:35.052, 1, 90003, 97871
2026/09/22 21:54:35.052, 2, 90003, 97871
2026/09/22 21:54:35.052, 3, 92051, 97871
2026/09/22 21:54:35.252, 0, 90003, 97871
2026/09/22 21:54:35.252, 1, 90003, 97871
2026/09/22 21:54:35.252, 2, 90003, 97871
2026/09/22 21:54:35.252, 3, 92051, 97871
2026/09/22 21:54:35.452, 0, 90003, 97871
2026/09/22 21:54:35.452, 1, 90003, 97871
2026/09/22 21:54:35.452, 2, 90003, 97871
2026/09/22 21:54:35.452, 3, 92051, 97871
2026/09/22 21:54:35.652, 0, 90003, 97871
2026/09/22 21:54:35.652, 1, 90003, 97871
2026/09/22 21:54:35.652, 2, 90003, 97871
2026/09/22 21:54:35.652, 3, 92051, 97871
2026/09/22 21:54:35.852, 0, 90003, 97871
2026/09/22 21:54:35.852, 1, 90003, 97871
2026/09/22 21:54:35.852, 2, 90003, 97871
2026/09/22 21:54:35.853, 3, 92051, 97871
2026/09/22 21:54:36.053, 0, 90003, 97871
2026/09/22 21:54:36.053, 1, 90003, 97871
2026/09/22 21:54:36.053, 2, 90003, 97871
2026/09/22 21:54:36.053, 3, 92051, 97871
2026/09/22 21:54:36.253, 0, 90003, 97871
2026/09/22 21:54:36.253, 1, 90003, 97871
2026/09/22 21:54:36.253, 2, 90003, 97871
2026/09/22 21:54:36.253, 3, 92051, 97871
2026/09/22 21:54:36.453, 0, 90003, 97871
2026/09/22 21:54:36.453, 1, 90003, 97871
2026/09/22 21:54:36.453, 2, 90003, 97871
2026/09/22 21:54:36.453, 3, 92051, 97871
2026/09/22 21:54:36.653, 0, 90003, 97871
2026/09/22 21:54:36.653, 1, 90003, 97871
2026/09/22 21:54:36.653, 2, 90003, 97871
2026/09/22 21:54:36.653, 3, 92051, 97871
2026/09/22 21:54:36.853, 0, 90003, 97871
2026/09/22 21:54:36.853, 1, 90003, 97871
2026/09/22 21:54:36.854, 2, 90003, 97871
2026/09/22 21:54:36.854, 3, 92051, 97871
2026/09/22 21:54:37.054, 0, 90003, 97871
2026/09/22 21:54:37.054, 1, 90003, 97871
2026/09/22 21:54:37.054, 2, 90003, 97871
2026/09/22 21:54:37.054, 3, 92051, 97871
2026/09/22 21:54:37.254, 0, 90003, 97871
2026/09/22 21:54:37.254, 1, 90003, 97871
2026/09/22 21:54:37.254, 2, 90003, 97871
2026/09/22 21:54:37.254, 3, 92051, 97871
2026/09/22 21:54:37.454, 0, 90003, 97871
2026/09/22 21:54:37.454, 1, 90003, 97871
2026/09/22 21:54:37.454, 2, 90003, 97871
2026/09/22 21:54:37.454, 3, 92051, 97871
2026/09/22 21:54:37.654, 0, 90003, 97871
2026/09/22 21:54:37.654, 1, 90003, 97871
2026/09/22 21:54:37.654, 2, 90003, 97871
2026/09/22 21:54:37.654, 3, 92051, 97871
2026/09/22 21:54:37.854, 0, 90003, 97871
2026/09/22 21:54:37.854, 1, 90003, 97871
2026/09/22 21:54:37.854, 2, 90003, 97871
2026/09/22 21:54:37.855, 3, 92051, 97871
2026/09/22 21:54:38.055, 0, 90003, 97871
2026/09/22 21:54:38.055, 1, 90003, 97871
2026/09/22 21:54:38.055, 2, 90003, 97871
2026/09/22 21:54:38.055, 3, 92051, 97871
2026/09/22 21:54:38.255, 0, 90003, 97871
2026/09/22 21:54:38.255, 1, 90003, 97871
2026/09/22 21:54:38.255, 2, 90003, 97871
2026/09/22 21:54:38.255, 3, 92051, 97871
2026/09/22 21:54:38.455, 0, 90003, 97871
2026/09/22 21:54:38.455, 1, 90003, 97871
2026/09/22 21:54:38.455, 2, 90003, 97871
2026/09/22 21:54:38.455, 3, 92051, 97871
2026/09/22 21:54:38.655, 0, 90003, 97871
2026/09/22 21:54:38.655, 1, 90003, 97871
2026/09/22 21:54:38.655, 2, 90003, 97871
2026/09/22 21:54:38.656, 3, 92051, 97871
2026/09/22 21:54:38.856, 0, 90003, 97871
2026/09/22 21:54:38.856, 1, 90003, 97871
2026/09/22 21:54:38.856, 2, 90003, 97871
2026/09/22 21:54:38.856, 3, 92051, 97871
2026/09/22 21:54:39.056, 0, 90003, 97871
2026/09/22 21:54:39.056, 1, 90003, 97871
2026/09/22 21:54:39.056, 2, 90003, 97871
2026/09/22 21:54:39.057, 3, 92051, 97871
2026/09/22 21:54:39.257, 0, 90003, 97871
2026/09/22 21:54:39.257, 1, 90003, 97871
2026/09/22 21:54:39.257, 2, 90003, 97871
2026/09/22 21:54:39.257, 3, 92051, 97871
2026/09/22 21:54:39.457, 0, 90003, 97871
2026/09/22 21:54:39.457, 1, 90003, 97871
2026/09/22 21:54:39.457, 2, 90003, 97871
2026/09/22 21:54:39.457, 3, 92051, 97871
2026/09/22 21:54:39.657, 0, 90003, 97871
2026/09/22 21:54:39.657, 1, 90003, 97871
2026/09/22 21:54:39.657, 2, 90003, 97871
2026/09/22 21:54:39.657, 3, 92051, 97871
2026/09/22 21:54:39.857, 0, 90003, 97871
2026/09/22 21:54:39.857, 1, 90003, 97871
2026/09/22 21:54:39.857, 2, 90003, 97871
2026/09/22 21:54:39.857, 3, 92051, 97871
2026/09/22 21:54:40.057, 0, 90003, 97871
2026/09/22 21:54:40.058, 1, 90003, 97871
2026/09/22 21:54:40.058, 2, 90003, 97871
2026/09/22 21:54:40.058, 3, 92051, 97871
2026/09/22 21:54:40.258, 0, 90003, 97871
2026/09/22 21:54:40.258, 1, 90003, 97871
2026/09/22 21:54:40.258, 2, 90003, 97871
2026/09/22 21:54:40.258, 3, 92051, 97871
2026/09/22 21:54:40.458, 0, 90003, 97871
2026/09/22 21:54:40.458, 1, 90003, 97871
2026/09/22 21:54:40.458, 2, 90003, 97871
2026/09/22 21:54:40.458, 3, 92051, 97871
2026/09/22 21:54:40.658, 0, 90003, 97871
2026/09/22 21:54:40.658, 1, 90003, 97871
2026/09/22 21:54:40.658, 2, 90003, 97871
2026/09/22 21:54:40.658, 3, 92051, 97871
2026/09/22 21:54:40.858, 0, 90003, 97871
2026/09/22 21:54:40.858, 1, 90003, 97871
2026/09/22 21:54:40.858, 2, 90003, 97871
2026/09/22 21:54:40.859, 3, 92051, 97871
2026/09/22 21:54:41.059, 0, 90003, 97871
2026/09/22 21:54:41.059, 1, 90003, 97871
2026/09/22 21:54:41.059, 2, 90003, 97871
2026/09/22 21:54:41.059, 3, 92051, 97871
2026/09/22 21:54:41.259, 0, 90003, 97871
2026/09/22 21:54:41.259, 1, 90003, 97871
2026/09/22 21:54:41.259, 2, 90003, 97871
2026/09/22 21:54:41.259, 3, 92051, 97871
2026/09/22 21:54:41.459, 0, 90003, 97871
2026/09/22 21:54:41.459, 1, 90003, 97871
2026/09/22 21:54:41.459, 2, 90003, 97871
2026/09/22 21:54:41.459, 3, 92051, 97871
2026/09/22 21:54:41.659, 0, 90003, 97871
2026/09/22 21:54:41.659, 1, 90003, 97871
2026/09/22 21:54:41.659, 2, 90003, 97871
2026/09/22 21:54:41.659, 3, 92051, 97871
2026/09/22 21:54:41.859, 0, 90003, 97871
2026/09/22 21:54:41.859, 1, 90003, 97871
2026/09/22 21:54:41.859, 2, 90003, 97871
2026/09/22 21:54:41.859, 3, 92051, 97871
2026/09/22 21:54:42.060, 0, 90003, 97871
2026/09/22 21:54:42.060, 1, 90003, 97871
2026/09/22 21:54:42.060, 2, 90003, 97871
2026/09/22 21:54:42.060, 3, 92051, 97871
2026/09/22 21:54:42.260, 0, 90003, 97871
2026/09/22 21:54:42.260, 1, 90003, 97871
2026/09/22 21:54:42.260, 2, 90003, 97871
2026/09/22 21:54:42.260, 3, 92051, 97871
2026/09/22 21:54:42.460, 0, 90003, 97871
2026/09/22 21:54:42.460, 1, 90003, 97871
2026/09/22 21:54:42.460, 2, 90003, 97871
2026/09/22 21:54:42.460, 3, 92051, 97871
2026/09/22 21:54:42.660, 0, 90003, 97871
2026/09/22 21:54:42.660, 1, 90003, 97871
2026/09/22 21:54:42.660, 2, 90003, 97871
2026/09/22 21:54:42.660, 3, 92051, 97871
2026/09/22 21:54:42.860, 0, 90003, 97871
2026/09/22 21:54:42.860, 1, 90003, 97871
2026/09/22 21:54:42.860, 2, 90003, 97871
2026/09/22 21:54:42.860, 3, 92051, 97871
2026/09/22 21:54:43.060, 0, 90003, 97871
2026/09/22 21:54:43.061, 1, 90003, 97871
2026/09/22 21:54:43.061, 2, 90003, 97871
2026/09/22 21:54:43.061, 3, 92051, 97871
2026/09/22 21:54:43.261, 0, 90003, 97871
2026/09/22 21:54:43.261, 1, 90003, 97871
2026/09/22 21:54:43.261, 2, 90003, 97871
2026/09/22 21:54:43.261, 3, 92051, 97871
2026/09/22 21:54:43.461, 0, 90003, 97871
2026/09/22 21:54:43.461, 1, 90003, 97871
2026/09/22 21:54:43.461, 2, 90003, 97871
2026/09/22 21:54:43.461, 3, 92051, 97871
2026/09/22 21:54:43.661, 0, 90003, 97871
2026/09/22 21:54:43.661, 1, 90003, 97871
2026/09/22 21:54:43.661, 2, 90003, 97871
2026/09/22 21:54:43.661, 3, 92051, 97871
2026/09/22 21:54:43.861, 0, 90003, 97871
2026/09/22 21:54:43.861, 1, 90003, 97871
2026/09/22 21:54:43.861, 2, 90003, 97871
2026/09/22 21:54:43.861, 3, 92051, 97871
2026/09/22 21:54:44.061, 0, 90003, 97871
2026/09/22 21:54:44.062, 1, 90003, 97871
2026/09/22 21:54:44.062, 2, 90003, 97871
2026/09/22 21:54:44.062, 3, 92051, 97871
2026/09/22 21:54:44.262, 0, 90003, 97871
2026/09/22 21:54:44.262, 1, 90003, 97871
2026/09/22 21:54:44.262, 2, 90003, 97871
2026/09/22 21:54:44.262, 3, 92051, 97871
2026/09/22 21:54:44.462, 0, 90003, 97871
2026/09/22 21:54:44.462, 1, 90003, 97871
2026/09/22 21:54:44.462, 2, 90003, 97871
2026/09/22 21:54:44.462, 3, 92051, 97871
2026/09/22 21:54:44.662, 0, 90003, 97871
2026/09/22 21:54:44.662, 1, 90003, 97871
2026/09/22 21:54:44.662, 2, 90003, 97871
2026/09/22 21:54:44.662, 3, 92051, 97871
2026/09/22 21:54:44.862, 0, 90003, 97871
2026/09/22 21:54:44.862, 1, 90003, 97871
2026/09/22 21:54:44.862, 2, 90003, 97871
2026/09/22 21:54:44.862, 3, 92051, 97871
2026/09/22 21:54:45.062, 0, 90003, 97871
2026/09/22 21:54:45.062, 1, 90003, 97871
2026/09/22 21:54:45.063, 2, 90003, 97871
2026/09/22 21:54:45.063, 3, 92051, 97871
2026/09/22 21:54:45.263, 0, 90003, 97871
2026/09/22 21:54:45.263, 1, 90003, 97871
2026/09/22 21:54:45.263, 2, 90003, 97871
2026/09/22 21:54:45.263, 3, 92051, 97871
2026/09/22 21:54:45.463, 0, 90003, 97871
2026/09/22 21:54:45.463, 1, 90003, 97871
2026/09/22 21:54:45.463, 2, 90003, 97871
2026/09/22 21:54:45.463, 3, 92051, 97871
2026/09/22 21:54:45.663, 0, 90003, 97871
2026/09/22 21:54:45.663, 1, 90003, 97871
2026/09/22 21:54:45.663, 2, 90003, 97871
2026/09/22 21:54:45.663, 3, 92051, 97871
2026/09/22 21:54:45.863, 0, 90003, 97871
2026/09/22 21:54:45.864, 1, 90003, 97871
2026/09/22 21:54:45.864, 2, 90003, 97871
2026/09/22 21:54:45.864, 3, 92051, 97871
2026/09/22 21:54:46.064, 0, 90003, 97871
2026/09/22 21:54:46.064, 1, 90003, 97871
2026/09/22 21:54:46.064, 2, 90003, 97871
2026/09/22 21:54:46.064, 3, 92051, 97871
2026/09/22 21:54:46.264, 0, 90003, 97871
2026/09/22 21:54:46.264, 1, 90003, 97871
2026/09/22 21:54:46.264, 2, 90003, 97871
2026/09/22 21:54:46.264, 3, 92051, 97871
2026/09/22 21:54:46.464, 0, 90003, 97871
2026/09/22 21:54:46.464, 1, 90003, 97871
2026/09/22 21:54:46.464, 2, 90003, 97871
2026/09/22 21:54:46.464, 3, 92051, 97871
2026/09/22 21:54:46.665, 0, 90003, 97871
2026/09/22 21:54:46.665, 1, 90003, 97871
2026/09/22 21:54:46.665, 2, 90003, 97871
2026/09/22 21:54:46.665, 3, 92051, 97871
2026/09/22 21:54:46.865, 0, 90003, 97871
2026/09/22 21:54:46.865, 1, 90003, 97871
2026/09/22 21:54:46.865, 2, 90003, 97871
2026/09/22 21:54:46.865, 3, 92051, 97871
2026/09/22 21:54:47.065, 0, 90003, 97871
2026/09/22 21:54:47.065, 1, 90003, 97871
2026/09/22 21:54:47.065, 2, 90003, 97871
2026/09/22 21:54:47.065, 3, 92051, 97871
2026/09/22 21:54:47.265, 0, 90003, 97871
2026/09/22 21:54:47.265, 1, 90003, 97871
2026/09/22 21:54:47.265, 2, 90003, 97871
2026/09/22 21:54:47.266, 3, 92051, 97871
2026/09/22 21:54:47.466, 0, 90003, 97871
2026/09/22 21:54:47.466, 1, 90003, 97871
2026/09/22 21:54:47.466, 2, 90003, 97871
2026/09/22 21:54:47.466, 3, 92051, 97871
2026/09/22 21:54:47.666, 0, 90003, 97871
2026/09/22 21:54:47.666, 1, 90003, 97871
2026/09/22 21:54:47.666, 2, 90003, 97871
2026/09/22 21:54:47.666, 3, 92051, 97871
2026/09/22 21:54:47.866, 0, 90003, 97871
2026/09/22 21:54:47.866, 1, 90003, 97871
2026/09/22 21:54:47.866, 2, 90003, 97871
2026/09/22 21:54:47.867, 3, 92051, 97871
2026/09/22 21:54:48.067, 0, 90003, 97871
2026/09/22 21:54:48.067, 1, 90003, 97871
2026/09/22 21:54:48.067, 2, 90003, 97871
2026/09/22 21:54:48.067, 3, 92051, 97871
2026/09/22 21:54:48.267, 0, 90003, 97871
2026/09/22 21:54:48.267, 1, 90003, 97871
2026/09/22 21:54:48.267, 2, 90003, 97871
2026/09/22 21:54:48.267, 3, 92051, 97871
2026/09/22 21:54:48.467, 0, 90003, 97871
2026/09/22 21:54:48.467, 1, 90003, 97871
2026/09/22 21:54:48.467, 2, 90003, 97871
2026/09/22 21:54:48.467, 3, 92051, 97871
2026/09/22 21:54:48.667, 0, 90003, 97871
2026/09/22 21:54:48.668, 1, 90003, 97871
2026/09/22 21:54:48.668, 2, 90003, 97871
2026/09/22 21:54:48.668, 3, 92051, 97871
2026/09/22 21:54:48.868, 0, 90003, 97871
2026/09/22 21:54:48.868, 1, 90003, 97871
2026/09/22 21:54:48.868, 2, 90003, 97871
2026/09/22 21:54:48.868, 3, 92051, 97871
2026/09/22 21:54:49.068, 0, 90003, 97871
2026/09/22 21:54:49.068, 1, 90003, 97871
2026/09/22 21:54:49.068, 2, 90003, 97871
2026/09/22 21:54:49.068, 3, 92051, 97871
2026/09/22 21:54:49.268, 0, 90003, 97871
2026/09/22 21:54:49.268, 1, 90003, 97871
2026/09/22 21:54:49.268, 2, 90003, 97871
2026/09/22 21:54:49.268, 3, 92051, 97871
2026/09/22 21:54:49.469, 0, 90003, 97871
2026/09/22 21:54:49.469, 1, 90003, 97871
2026/09/22 21:54:49.469, 2, 90003, 97871
2026/09/22 21:54:49.469, 3, 92051, 97871
2026/09/22 21:54:49.669, 0, 90003, 97871
2026/09/22 21:54:49.669, 1, 90003, 97871
2026/09/22 21:54:49.669, 2, 90003, 97871
2026/09/22 21:54:49.669, 3, 92051, 97871
2026/09/22 21:54:49.869, 0, 90003, 97871
2026/09/22 21:54:49.869, 1, 90003, 97871
2026/09/22 21:54:49.869, 2, 90003, 97871
2026/09/22 21:54:49.869, 3, 92051, 97871
2026/09/22 21:54:50.069, 0, 90003, 97871
2026/09/22 21:54:50.070, 1, 90003, 97871
2026/09/22 21:54:50.070, 2, 90003, 97871
2026/09/22 21:54:50.070, 3, 92051, 97871
2026/09/22 21:54:50.270, 0, 90003, 97871
2026/09/22 21:54:50.270, 1, 90003, 97871
2026/09/22 21:54:50.270, 2, 90003, 97871
2026/09/22 21:54:50.270, 3, 92051, 97871
2026/09/22 21:54:50.470, 0, 90003, 97871
2026/09/22 21:54:50.470, 1, 90003, 97871
2026/09/22 21:54:50.470, 2, 90003, 97871
2026/09/22 21:54:50.470, 3, 92051, 97871
2026/09/22 21:54:50.670, 0, 90003, 97871
2026/09/22 21:54:50.670, 1, 90003, 97871
2026/09/22 21:54:50.671, 2, 90003, 97871
2026/09/22 21:54:50.671, 3, 92051, 97871
2026/09/22 21:54:50.871, 0, 90003, 97871
2026/09/22 21:54:50.871, 1, 90003, 97871
2026/09/22 21:54:50.871, 2, 90003, 97871
2026/09/22 21:54:50.871, 3, 92051, 97871
2026/09/22 21:54:51.071, 0, 90003, 97871
2026/09/22 21:54:51.071, 1, 90003, 97871
2026/09/22 21:54:51.071, 2, 90003, 97871
2026/09/22 21:54:51.071, 3, 92051, 97871
2026/09/22 21:54:51.271, 0, 90003, 97871
2026/09/22 21:54:51.272, 1, 90003, 97871
2026/09/22 21:54:51.272, 2, 90003, 97871
2026/09/22 21:54:51.272, 3, 92051, 97871
2026/09/22 21:54:51.472, 0, 90003, 97871
2026/09/22 21:54:51.472, 1, 90003, 97871
2026/09/22 21:54:51.472, 2, 90003, 97871
2026/09/22 21:54:51.472, 3, 92051, 97871
2026/09/22 21:54:51.672, 0, 90003, 97871
2026/09/22 21:54:51.672, 1, 90003, 97871
2026/09/22 21:54:51.672, 2, 90003, 97871
2026/09/22 21:54:51.672, 3, 92051, 97871
2026/09/22 21:54:51.872, 0, 90003, 97871
2026/09/22 21:54:51.872, 1, 90003, 97871
2026/09/22 21:54:51.872, 2, 90003, 97871
2026/09/22 21:54:51.872, 3, 92051, 97871
2026/09/22 21:54:52.073, 0, 90003, 97871
2026/09/22 21:54:52.073, 1, 90003, 97871
2026/09/22 21:54:52.073, 2, 90003, 97871
2026/09/22 21:54:52.073, 3, 92051, 97871
2026/09/22 21:54:52.273, 0, 90003, 97871
2026/09/22 21:54:52.273, 1, 90003, 97871
2026/09/22 21:54:52.273, 2, 90003, 97871
2026/09/22 21:54:52.273, 3, 92051, 97871
2026/09/22 21:54:52.473, 0, 90003, 97871
2026/09/22 21:54:52.473, 1, 90003, 97871
2026/09/22 21:54:52.473, 2, 90003, 97871
2026/09/22 21:54:52.473, 3, 92051, 97871
2026/09/22 21:54:52.673, 0, 90003, 97871
2026/09/22 21:54:52.673, 1, 90003, 97871
2026/09/22 21:54:52.673, 2, 90003, 97871
2026/09/22 21:54:52.673, 3, 92051, 97871
2026/09/22 21:54:52.873, 0, 90003, 97871
2026/09/22 21:54:52.874, 1, 90003, 97871
2026/09/22 21:54:52.874, 2, 90003, 97871
2026/09/22 21:54:52.874, 3, 92051, 97871
2026/09/22 21:54:53.074, 0, 90003, 97871
2026/09/22 21:54:53.074, 1, 90003, 97871
2026/09/22 21:54:53.074, 2, 90003, 97871
2026/09/22 21:54:53.074, 3, 92051, 97871
2026/09/22 21:54:53.274, 0, 90003, 97871
2026/09/22 21:54:53.274, 1, 90003, 97871
2026/09/22 21:54:53.274, 2, 90003, 97871
2026/09/22 21:54:53.274, 3, 92051, 97871
2026/09/22 21:54:53.474, 0, 90003, 97871
2026/09/22 21:54:53.474, 1, 90003, 97871
2026/09/22 21:54:53.474, 2, 90003, 97871
2026/09/22 21:54:53.474, 3, 92051, 97871
2026/09/22 21:54:53.674, 0, 90003, 97871
2026/09/22 21:54:53.675, 1, 90003, 97871
2026/09/22 21:54:53.675, 2, 90003, 97871
2026/09/22 21:54:53.675, 3, 92051, 97871
2026/09/22 21:54:53.875, 0, 90003, 97871
2026/09/22 21:54:53.875, 1, 90003, 97871
2026/09/22 21:54:53.875, 2, 90003, 97871
2026/09/22 21:54:53.875, 3, 92051, 97871
2026/09/22 21:54:54.075, 0, 90003, 97871
2026/09/22 21:54:54.075, 1, 90003, 97871
2026/09/22 21:54:54.075, 2, 90003, 97871
2026/09/22 21:54:54.075, 3, 92051, 97871
2026/09/22 21:54:54.275, 0, 90003, 97871
2026/09/22 21:54:54.275, 1, 90003, 97871
2026/09/22 21:54:54.275, 2, 90003, 97871
2026/09/22 21:54:54.275, 3, 92051, 97871
2026/09/22 21:54:54.476, 0, 90003, 97871
2026/09/22 21:54:54.476, 1, 90003, 97871
2026/09/22 21:54:54.476, 2, 90003, 97871
2026/09/22 21:54:54.476, 3, 92051, 97871
2026/09/22 21:54:54.676, 0, 90003, 97871
2026/09/22 21:54:54.676, 1, 90003, 97871
2026/09/22 21:54:54.676, 2, 90003, 97871
2026/09/22 21:54:54.676, 3, 92051, 97871
2026/09/22 21:54:54.876, 0, 90003, 97871
2026/09/22 21:54:54.876, 1, 90003, 97871
2026/09/22 21:54:54.876, 2, 90003, 97871
2026/09/22 21:54:54.876, 3, 92051, 97871
2026/09/22 21:54:55.076, 0, 90003, 97871
2026/09/22 21:54:55.076, 1, 90003, 97871
2026/09/22 21:54:55.076, 2, 90003, 97871
2026/09/22 21:54:55.076, 3, 92051, 97871
2026/09/22 21:54:55.276, 0, 90003, 97871
2026/09/22 21:54:55.277, 1, 90003, 97871
2026/09/22 21:54:55.277, 2, 90003, 97871
2026/09/22 21:54:55.277, 3, 92051, 97871
2026/09/22 21:54:55.477, 0, 90003, 97871
2026/09/22 21:54:55.477, 1, 90003, 97871
2026/09/22 21:54:55.477, 2, 90003, 97871
2026/09/22 21:54:55.477, 3, 92051, 97871
2026/09/22 21:54:55.677, 0, 90003, 97871
2026/09/22 21:54:55.677, 1, 90003, 97871
2026/09/22 21:54:55.677, 2, 90003, 97871
2026/09/22 21:54:55.677, 3, 92051, 97871
2026/09/22 21:54:55.877, 0, 90003, 97871
2026/09/22 21:54:55.877, 1, 90003, 97871
2026/09/22 21:54:55.877, 2, 90003, 97871
2026/09/22 21:54:55.877, 3, 92051, 97871
2026/09/22 21:54:56.077, 0, 90003, 97871
2026/09/22 21:54:56.077, 1, 90003, 97871
2026/09/22 21:54:56.077, 2, 90003, 97871
2026/09/22 21:54:56.078, 3, 92051, 97871
2026/09/22 21:54:56.278, 0, 90003, 97871
2026/09/22 21:54:56.278, 1, 90003, 97871
2026/09/22 21:54:56.278, 2, 90003, 97871
2026/09/22 21:54:56.278, 3, 92051, 97871
2026/09/22 21:54:56.478, 0, 90003, 97871
2026/09/22 21:54:56.478, 1, 90003, 97871
2026/09/22 21:54:56.478, 2, 90003, 97871
2026/09/22 21:54:56.478, 3, 92051, 97871
2026/09/22 21:54:56.678, 0, 90003, 97871
2026/09/22 21:54:56.678, 1, 90003, 97871
2026/09/22 21:54:56.678, 2, 90003, 97871
2026/09/22 21:54:56.678, 3, 92051, 97871
2026/09/22 21:54:56.879, 0, 90003, 97871
2026/09/22 21:54:56.879, 1, 90003, 97871
2026/09/22 21:54:56.879, 2, 90003, 97871
2026/09/22 21:54:56.879, 3, 92051, 97871
2026/09/22 21:54:57.079, 0, 90003, 97871
2026/09/22 21:54:57.079, 1, 90003, 97871
2026/09/22 21:54:57.079, 2, 90003, 97871
2026/09/22 21:54:57.079, 3, 92051, 97871
2026/09/22 21:54:57.279, 0, 90003, 97871
2026/09/22 21:54:57.279, 1, 90003, 97871
2026/09/22 21:54:57.279, 2, 90003, 97871
2026/09/22 21:54:57.279, 3, 92051, 97871
2026/09/22 21:54:57.479, 0, 90003, 97871
2026/09/22 21:54:57.479, 1, 90003, 97871
2026/09/22 21:54:57.479, 2, 90003, 97871
2026/09/22 21:54:57.479, 3, 92051, 97871
2026/09/22 21:54:57.680, 0, 90003, 97871
2026/09/22 21:54:57.680, 1, 90003, 97871
2026/09/22 21:54:57.680, 2, 90003, 97871
2026/09/22 21:54:57.680, 3, 92051, 97871
2026/09/22 21:54:57.880, 0, 90003, 97871
2026/09/22 21:54:57.880, 1, 90003, 97871
2026/09/22 21:54:57.880, 2, 90003, 97871
2026/09/22 21:54:57.880, 3, 92051, 97871
2026/09/22 21:54:58.080, 0, 90003, 97871
2026/09/22 21:54:58.080, 1, 90003, 97871
2026/09/22 21:54:58.080, 2, 90003, 97871
2026/09/22 21:54:58.080, 3, 92051, 97871
2026/09/22 21:54:58.280, 0, 90003, 97871
2026/09/22 21:54:58.280, 1, 90003, 97871
2026/09/22 21:54:58.280, 2, 90003, 97871
2026/09/22 21:54:58.280, 3, 92051, 97871
2026/09/22 21:54:58.481, 0, 90003, 97871
2026/09/22 21:54:58.481, 1, 90003, 97871
2026/09/22 21:54:58.481, 2, 90003, 97871
2026/09/22 21:54:58.481, 3, 92051, 97871
2026/09/22 21:54:58.681, 0, 90003, 97871
2026/09/22 21:54:58.681, 1, 90003, 97871
2026/09/22 21:54:58.681, 2, 90003, 97871
2026/09/22 21:54:58.681, 3, 92051, 97871
2026/09/22 21:54:58.881, 0, 90003, 97871
2026/09/22 21:54:58.881, 1, 90003, 97871
2026/09/22 21:54:58.881, 2, 90003, 97871
2026/09/22 21:54:58.881, 3, 92051, 97871
2026/09/22 21:54:59.081, 0, 90003, 97871
2026/09/22 21:54:59.081, 1, 90003, 97871
2026/09/22 21:54:59.081, 2, 90003, 97871
2026/09/22 21:54:59.081, 3, 92051, 97871
2026/09/22 21:54:59.282, 0, 90003, 97871
2026/09/22 21:54:59.282, 1, 90003, 97871
2026/09/22 21:54:59.282, 2, 90003, 97871
2026/09/22 21:54:59.282, 3, 92051, 97871
2026/09/22 21:54:59.482, 0, 90003, 97871
2026/09/22 21:54:59.482, 1, 90003, 97871
2026/09/22 21:54:59.482, 2, 90003, 97871
2026/09/22 21:54:59.482, 3, 92051, 97871
2026/09/22 21:54:59.682, 0, 90003, 97871
2026/09/22 21:54:59.682, 1, 90003, 97871
2026/09/22 21:54:59.682, 2, 90003, 97871
2026/09/22 21:54:59.682, 3, 92051, 97871
2026/09/22 21:54:59.882, 0, 90003, 97871
2026/09/22 21:54:59.882, 1, 90003, 97871
2026/09/22 21:54:59.882, 2, 90003, 97871
2026/09/22 21:54:59.882, 3, 92051, 97871
2026/09/22 21:55:00.083, 0, 90003, 97871
2026/09/22 21:55:00.083, 1, 90003, 97871
2026/09/22 21:55:00.083, 2, 90003, 97871
2026/09/22 21:55:00.083, 3, 92051, 97871
2026/09/22 21:55:00.283, 0, 90003, 97871
2026/09/22 21:55:00.283, 1, 90003, 97871
2026/09/22 21:55:00.283, 2, 90003, 97871
2026/09/22 21:55:00.283, 3, 92051, 97871
2026/09/22 21:55:00.483, 0, 90003, 97871
2026/09/22 21:55:00.483, 1, 90003, 97871
2026/09/22 21:55:00.483, 2, 90003, 97871
2026/09/22 21:55:00.483, 3, 92051, 97871
2026/09/22 21:55:00.683, 0, 90003, 97871
2026/09/22 21:55:00.684, 1, 90003, 97871
2026/09/22 21:55:00.684, 2, 90003, 97871
2026/09/22 21:55:00.684, 3, 92051, 97871
2026/09/22 21:55:00.884, 0, 90003, 97871
2026/09/22 21:55:00.884, 1, 90003, 97871
2026/09/22 21:55:00.884, 2, 90003, 97871
2026/09/22 21:55:00.884, 3, 92051, 97871
2026/09/22 21:55:01.084, 0, 90003, 97871
2026/09/22 21:55:01.084, 1, 90003, 97871
2026/09/22 21:55:01.084, 2, 90003, 97871
2026/09/22 21:55:01.084, 3, 92051, 97871
2026/09/22 21:55:01.284, 0, 90003, 97871
2026/09/22 21:55:01.284, 1, 90003, 97871
2026/09/22 21:55:01.284, 2, 90003, 97871
2026/09/22 21:55:01.284, 3, 92051, 97871
2026/09/22 21:55:01.484, 0, 90003, 97871
2026/09/22 21:55:01.484, 1, 90003, 97871
2026/09/22 21:55:01.484, 2, 90003, 97871
2026/09/22 21:55:01.484, 3, 92051, 97871
2026/09/22 21:55:01.684, 0, 90003, 97871
2026/09/22 21:55:01.685, 1, 90003, 97871
2026/09/22 21:55:01.685, 2, 90003, 97871
2026/09/22 21:55:01.685, 3, 92051, 97871
2026/09/22 21:55:01.885, 0, 90003, 97871
2026/09/22 21:55:01.885, 1, 90003, 97871
2026/09/22 21:55:01.885, 2, 90003, 97871
2026/09/22 21:55:01.885, 3, 92051, 97871
2026/09/22 21:55:02.085, 0, 90003, 97871
2026/09/22 21:55:02.085, 1, 90003, 97871
2026/09/22 21:55:02.085, 2, 90003, 97871
2026/09/22 21:55:02.085, 3, 92051, 97871
2026/09/22 21:55:02.285, 0, 90003, 97871
2026/09/22 21:55:02.285, 1, 90003, 97871
2026/09/22 21:55:02.285, 2, 90003, 97871
2026/09/22 21:55:02.285, 3, 92051, 97871
2026/09/22 21:55:02.485, 0, 90003, 97871
2026/09/22 21:55:02.485, 1, 90003, 97871
2026/09/22 21:55:02.485, 2, 90003, 97871
2026/09/22 21:55:02.485, 3, 92051, 97871
2026/09/22 21:55:02.685, 0, 90003, 97871
2026/09/22 21:55:02.686, 1, 90003, 97871
2026/09/22 21:55:02.686, 2, 90003, 97871
2026/09/22 21:55:02.686, 3, 92051, 97871
2026/09/22 21:55:02.886, 0, 90003, 97871
2026/09/22 21:55:02.886, 1, 90003, 97871
2026/09/22 21:55:02.886, 2, 90003, 97871
2026/09/22 21:55:02.886, 3, 92051, 97871
2026/09/22 21:55:03.086, 0, 90003, 97871
2026/09/22 21:55:03.086, 1, 90003, 97871
2026/09/22 21:55:03.086, 2, 90003, 97871
2026/09/22 21:55:03.086, 3, 92051, 97871
2026/09/22 21:55:03.286, 0, 90003, 97871
2026/09/22 21:55:03.286, 1, 90003, 97871
2026/09/22 21:55:03.286, 2, 90003, 97871
2026/09/22 21:55:03.286, 3, 92051, 97871
2026/09/22 21:55:03.486, 0, 90003, 97871
2026/09/22 21:55:03.486, 1, 90003, 97871
2026/09/22 21:55:03.486, 2, 90003, 97871
2026/09/22 21:55:03.486, 3, 92051, 97871
2026/09/22 21:55:03.686, 0, 90003, 97871
2026/09/22 21:55:03.687, 1, 90003, 97871
2026/09/22 21:55:03.687, 2, 90003, 97871
2026/09/22 21:55:03.687, 3, 92051, 97871
2026/09/22 21:55:03.887, 0, 90003, 97871
2026/09/22 21:55:03.887, 1, 90003, 97871
2026/09/22 21:55:03.887, 2, 90003, 97871
2026/09/22 21:55:03.887, 3, 92051, 97871
2026/09/22 21:55:04.087, 0, 90003, 97871
2026/09/22 21:55:04.087, 1, 90003, 97871
2026/09/22 21:55:04.087, 2, 90003, 97871
2026/09/22 21:55:04.087, 3, 92051, 97871
2026/09/22 21:55:04.287, 0, 90003, 97871
2026/09/22 21:55:04.288, 1, 90003, 97871
2026/09/22 21:55:04.288, 2, 90003, 97871
2026/09/22 21:55:04.288, 3, 92051, 97871
2026/09/22 21:55:04.488, 0, 90003, 97871
2026/09/22 21:55:04.488, 1, 90003, 97871
2026/09/22 21:55:04.488, 2, 90003, 97871
2026/09/22 21:55:04.488, 3, 92051, 97871
2026/09/22 21:55:04.688, 0, 90003, 97871
2026/09/22 21:55:04.688, 1, 90003, 97871
2026/09/22 21:55:04.688, 2, 90003, 97871
2026/09/22 21:55:04.688, 3, 92051, 97871
2026/09/22 21:55:04.888, 0, 90003, 97871
2026/09/22 21:55:04.888, 1, 90003, 97871
2026/09/22 21:55:04.888, 2, 90003, 97871
2026/09/22 21:55:04.888, 3, 92051, 97871
2026/09/22 21:55:05.088, 0, 90003, 97871
2026/09/22 21:55:05.088, 1, 90003, 97871
2026/09/22 21:55:05.088, 2, 90003, 97871
2026/09/22 21:55:05.088, 3, 92051, 97871
2026/09/22 21:55:05.289, 0, 90003, 97871
2026/09/22 21:55:05.289, 1, 90003, 97871
2026/09/22 21:55:05.289, 2, 90003, 97871
2026/09/22 21:55:05.289, 3, 92051, 97871
2026/09/22 21:55:05.489, 0, 90003, 97871
2026/09/22 21:55:05.489, 1, 90003, 97871
2026/09/22 21:55:05.489, 2, 90003, 97871
2026/09/22 21:55:05.489, 3, 92051, 97871
2026/09/22 21:55:05.689, 0, 90003, 97871
2026/09/22 21:55:05.689, 1, 90003, 97871
2026/09/22 21:55:05.689, 2, 90003, 97871
2026/09/22 21:55:05.689, 3, 92051, 97871
2026/09/22 21:55:05.889, 0, 90003, 97871
2026/09/22 21:55:05.889, 1, 90003, 97871
2026/09/22 21:55:05.889, 2, 90003, 97871
2026/09/22 21:55:05.889, 3, 92051, 97871
2026/09/22 21:55:06.090, 0, 90003, 97871
2026/09/22 21:55:06.090, 1, 90003, 97871
2026/09/22 21:55:06.090, 2, 90003, 97871
2026/09/22 21:55:06.090, 3, 92051, 97871
2026/09/22 21:55:06.290, 0, 90003, 97871
2026/09/22 21:55:06.290, 1, 90003, 97871
2026/09/22 21:55:06.290, 2, 90003, 97871
2026/09/22 21:55:06.290, 3, 92051, 97871
2026/09/22 21:55:06.490, 0, 90003, 97871
2026/09/22 21:55:06.490, 1, 90003, 97871
2026/09/22 21:55:06.490, 2, 90003, 97871
2026/09/22 21:55:06.490, 3, 92051, 97871
2026/09/22 21:55:06.690, 0, 90003, 97871
2026/09/22 21:55:06.690, 1, 90003, 97871
2026/09/22 21:55:06.690, 2, 90003, 97871
2026/09/22 21:55:06.690, 3, 92051, 97871
2026/09/22 21:55:06.890, 0, 90003, 97871
2026/09/22 21:55:06.890, 1, 90003, 97871
2026/09/22 21:55:06.890, 2, 90003, 97871
2026/09/22 21:55:06.891, 3, 92051, 97871
2026/09/22 21:55:07.091, 0, 90003, 97871
2026/09/22 21:55:07.091, 1, 90003, 97871
2026/09/22 21:55:07.091, 2, 90003, 97871
2026/09/22 21:55:07.091, 3, 92051, 97871
2026/09/22 21:55:07.291, 0, 90003, 97871
2026/09/22 21:55:07.291, 1, 90003, 97871
2026/09/22 21:55:07.291, 2, 90003, 97871
2026/09/22 21:55:07.291, 3, 92051, 97871
2026/09/22 21:55:07.491, 0, 90003, 97871
2026/09/22 21:55:07.491, 1, 90003, 97871
2026/09/22 21:55:07.491, 2, 90003, 97871
2026/09/22 21:55:07.491, 3, 92051, 97871
2026/09/22 21:55:07.692, 0, 90003, 97871
2026/09/22 21:55:07.692, 1, 90003, 97871
2026/09/22 21:55:07.692, 2, 90003, 97871
2026/09/22 21:55:07.692, 3, 92051, 97871
2026/09/22 21:55:07.892, 0, 90003, 97871
2026/09/22 21:55:07.892, 1, 90003, 97871
2026/09/22 21:55:07.892, 2, 90003, 97871
2026/09/22 21:55:07.892, 3, 92051, 97871
2026/09/22 21:55:08.092, 0, 90003, 97871
2026/09/22 21:55:08.092, 1, 90003, 97871
2026/09/22 21:55:08.092, 2, 90003, 97871
2026/09/22 21:55:08.092, 3, 92051, 97871
2026/09/22 21:55:08.292, 0, 90003, 97871
2026/09/22 21:55:08.292, 1, 90003, 97871
2026/09/22 21:55:08.292, 2, 90003, 97871
2026/09/22 21:55:08.292, 3, 92051, 97871
2026/09/22 21:55:08.492, 0, 90003, 97871
2026/09/22 21:55:08.492, 1, 90003, 97871
2026/09/22 21:55:08.492, 2, 90003, 97871
2026/09/22 21:55:08.492, 3, 92051, 97871
2026/09/22 21:55:08.692, 0, 90003, 97871
2026/09/22 21:55:08.693, 1, 90003, 97871
2026/09/22 21:55:08.693, 2, 90003, 97871
2026/09/22 21:55:08.693, 3, 92051, 97871
2026/09/22 21:55:08.893, 0, 90003, 97871
2026/09/22 21:55:08.893, 1, 90003, 97871
2026/09/22 21:55:08.893, 2, 90003, 97871
2026/09/22 21:55:08.893, 3, 92051, 97871
2026/09/22 21:55:09.093, 0, 90003, 97871
2026/09/22 21:55:09.093, 1, 90003, 97871
2026/09/22 21:55:09.093, 2, 90003, 97871
2026/09/22 21:55:09.093, 3, 92051, 97871
2026/09/22 21:55:09.293, 0, 90003, 97871
2026/09/22 21:55:09.293, 1, 90003, 97871
2026/09/22 21:55:09.293, 2, 90003, 97871
2026/09/22 21:55:09.293, 3, 92051, 97871
2026/09/22 21:55:09.493, 0, 90003, 97871
2026/09/22 21:55:09.493, 1, 90003, 97871
2026/09/22 21:55:09.493, 2, 90003, 97871
2026/09/22 21:55:09.493, 3, 92051, 97871
2026/09/22 21:55:09.693, 0, 90003, 97871
2026/09/22 21:55:09.694, 1, 90003, 97871
2026/09/22 21:55:09.694, 2, 90003, 97871
2026/09/22 21:55:09.694, 3, 92051, 97871
2026/09/22 21:55:09.894, 0, 90003, 97871
2026/09/22 21:55:09.894, 1, 90003, 97871
2026/09/22 21:55:09.894, 2, 90003, 97871
2026/09/22 21:55:09.894, 3, 92051, 97871
2026/09/22 21:55:10.094, 0, 90003, 97871
2026/09/22 21:55:10.094, 1, 90003, 97871
2026/09/22 21:55:10.094, 2, 90003, 97871
2026/09/22 21:55:10.094, 3, 92051, 97871
2026/09/22 21:55:10.294, 0, 90003, 97871
2026/09/22 21:55:10.294, 1, 90003, 97871
2026/09/22 21:55:10.295, 2, 90003, 97871
2026/09/22 21:55:10.295, 3, 92051, 97871
2026/09/22 21:55:10.495, 0, 90003, 97871
2026/09/22 21:55:10.495, 1, 90003, 97871
2026/09/22 21:55:10.495, 2, 90003, 97871
2026/09/22 21:55:10.495, 3, 92051, 97871
2026/09/22 21:55:10.695, 0, 90003, 97871
2026/09/22 21:55:10.695, 1, 90003, 97871
2026/09/22 21:55:10.695, 2, 90003, 97871
2026/09/22 21:55:10.695, 3, 92051, 97871
2026/09/22 21:55:10.895, 0, 90003, 97871
2026/09/22 21:55:10.895, 1, 90003, 97871
2026/09/22 21:55:10.895, 2, 90003, 97871
2026/09/22 21:55:10.896, 3, 92051, 97871
2026/09/22 21:55:11.096, 0, 90003, 97871
2026/09/22 21:55:11.096, 1, 90003, 97871
2026/09/22 21:55:11.096, 2, 90003, 97871
2026/09/22 21:55:11.096, 3, 92051, 97871
2026/09/22 21:55:11.296, 0, 90003, 97871
2026/09/22 21:55:11.296, 1, 90003, 97871
2026/09/22 21:55:11.296, 2, 90003, 97871
2026/09/22 21:55:11.296, 3, 92051, 97871
2026/09/22 21:55:11.496, 0, 90003, 97871
2026/09/22 21:55:11.496, 1, 90003, 97871
2026/09/22 21:55:11.496, 2, 90003, 97871
2026/09/22 21:55:11.496, 3, 92051, 97871
2026/09/22 21:55:11.697, 0, 90003, 97871
2026/09/22 21:55:11.697, 1, 90003, 97871
2026/09/22 21:55:11.697, 2, 90003, 97871
2026/09/22 21:55:11.697, 3, 92051, 97871
2026/09/22 21:55:11.897, 0, 90003, 97871
2026/09/22 21:55:11.897, 1, 90003, 97871
2026/09/22 21:55:11.897, 2, 90003, 97871
2026/09/22 21:55:11.897, 3, 92051, 97871
2026/09/22 21:55:12.097, 0, 90003, 97871
2026/09/22 21:55:12.097, 1, 90003, 97871
2026/09/22 21:55:12.097, 2, 90003, 97871
2026/09/22 21:55:12.097, 3, 92051, 97871
2026/09/22 21:55:12.297, 0, 90003, 97871
2026/09/22 21:55:12.297, 1, 90003, 97871
2026/09/22 21:55:12.297, 2, 90003, 97871
2026/09/22 21:55:12.297, 3, 92051, 97871
2026/09/22 21:55:12.509, 0, 90003, 97871
2026/09/22 21:55:12.509, 1, 90003, 97871
2026/09/22 21:55:12.509, 2, 90003, 97871
2026/09/22 21:55:12.509, 3, 92051, 97871
2026/09/22 21:55:12.709, 0, 90003, 97871
2026/09/22 21:55:12.709, 1, 90003, 97871
2026/09/22 21:55:12.709, 2, 90003, 97871
2026/09/22 21:55:12.709, 3, 92051, 97871
2026/09/22 21:55:12.909, 0, 90003, 97871
2026/09/22 21:55:12.909, 1, 90003, 97871
2026/09/22 21:55:12.909, 2, 90003, 97871
2026/09/22 21:55:12.909, 3, 92051, 97871
2026/09/22 21:55:13.110, 0, 90003, 97871
2026/09/22 21:55:13.110, 1, 90003, 97871
2026/09/22 21:55:13.110, 2, 90003, 97871
2026/09/22 21:55:13.110, 3, 92051, 97871
2026/09/22 21:55:13.310, 0, 90003, 97871
2026/09/22 21:55:13.310, 1, 90003, 97871
2026/09/22 21:55:13.310, 2, 90003, 97871
2026/09/22 21:55:13.310, 3, 92051, 97871
2026/09/22 21:55:13.510, 0, 90003, 97871
2026/09/22 21:55:13.510, 1, 90003, 97871
2026/09/22 21:55:13.510, 2, 90003, 97871
2026/09/22 21:55:13.510, 3, 92051, 97871
2026/09/22 21:55:13.711, 0, 90003, 97871
2026/09/22 21:55:13.711, 1, 90003, 97871
2026/09/22 21:55:13.711, 2, 90003, 97871
2026/09/22 21:55:13.711, 3, 92051, 97871
2026/09/22 21:55:13.911, 0, 90003, 97871
2026/09/22 21:55:13.911, 1, 90003, 97871
2026/09/22 21:55:13.911, 2, 90003, 97871
2026/09/22 21:55:13.911, 3, 92051, 97871
2026/09/22 21:55:14.111, 0, 90003, 97871
2026/09/22 21:55:14.111, 1, 90003, 97871
2026/09/22 21:55:14.111, 2, 90003, 97871
2026/09/22 21:55:14.111, 3, 92051, 97871
2026/09/22 21:55:14.311, 0, 90003, 97871
2026/09/22 21:55:14.311, 1, 90003, 97871
2026/09/22 21:55:14.311, 2, 90003, 97871
2026/09/22 21:55:14.311, 3, 92051, 97871
2026/09/22 21:55:14.511, 0, 90003, 97871
2026/09/22 21:55:14.511, 1, 90003, 97871
2026/09/22 21:55:14.511, 2, 90003, 97871
2026/09/22 21:55:14.512, 3, 92051, 97871
2026/09/22 21:55:14.712, 0, 90003, 97871
2026/09/22 21:55:14.712, 1, 90003, 97871
2026/09/22 21:55:14.712, 2, 90003, 97871
2026/09/22 21:55:14.712, 3, 92051, 97871
2026/09/22 21:55:14.912, 0, 90003, 97871
2026/09/22 21:55:14.912, 1, 90003, 97871
2026/09/22 21:55:14.912, 2, 90003, 97871
2026/09/22 21:55:14.912, 3, 92051, 97871
2026/09/22 21:55:15.112, 0, 90003, 97871
2026/09/22 21:55:15.112, 1, 90003, 97871
2026/09/22 21:55:15.112, 2, 90003, 97871
2026/09/22 21:55:15.112, 3, 92051, 97871
2026/09/22 21:55:15.312, 0, 90003, 97871
2026/09/22 21:55:15.312, 1, 90003, 97871
2026/09/22 21:55:15.313, 2, 90003, 97871
2026/09/22 21:55:15.313, 3, 92051, 97871
2026/09/22 21:55:15.513, 0, 90003, 97871
2026/09/22 21:55:15.513, 1, 90003, 97871
2026/09/22 21:55:15.513, 2, 90003, 97871
2026/09/22 21:55:15.513, 3, 92051, 97871
2026/09/22 21:55:15.713, 0, 90003, 97871
2026/09/22 21:55:15.713, 1, 90003, 97871
2026/09/22 21:55:15.713, 2, 90003, 97871
2026/09/22 21:55:15.713, 3, 92051, 97871
2026/09/22 21:55:15.913, 0, 90003, 97871
2026/09/22 21:55:15.913, 1, 90003, 97871
2026/09/22 21:55:15.913, 2, 90003, 97871
2026/09/22 21:55:15.913, 3, 92051, 97871
2026/09/22 21:55:16.114, 0, 90003, 97871
2026/09/22 21:55:16.114, 1, 90003, 97871
2026/09/22 21:55:16.114, 2, 90003, 97871
2026/09/22 21:55:16.114, 3, 92051, 97871
2026/09/22 21:55:16.314, 0, 90003, 97871
2026/09/22 21:55:16.314, 1, 90003, 97871
2026/09/22 21:55:16.314, 2, 90003, 97871
2026/09/22 21:55:16.314, 3, 92051, 97871
2026/09/22 21:55:16.514, 0, 90003, 97871
2026/09/22 21:55:16.514, 1, 90003, 97871
2026/09/22 21:55:16.514, 2, 90003, 97871
2026/09/22 21:55:16.514, 3, 92051, 97871
2026/09/22 21:55:16.714, 0, 90003, 97871
2026/09/22 21:55:16.715, 1, 90003, 97871
2026/09/22 21:55:16.715, 2, 90003, 97871
2026/09/22 21:55:16.715, 3, 92051, 97871
2026/09/22 21:55:16.915, 0, 90003, 97871
2026/09/22 21:55:16.915, 1, 90003, 97871
2026/09/22 21:55:16.915, 2, 90003, 97871
2026/09/22 21:55:16.915, 3, 92051, 97871
2026/09/22 21:55:17.115, 0, 90003, 97871
2026/09/22 21:55:17.115, 1, 90003, 97871
2026/09/22 21:55:17.115, 2, 90003, 97871
2026/09/22 21:55:17.115, 3, 92051, 97871
2026/09/22 21:55:17.315, 0, 90003, 97871
2026/09/22 21:55:17.315, 1, 90003, 97871
2026/09/22 21:55:17.315, 2, 90003, 97871
2026/09/22 21:55:17.315, 3, 92051, 97871
2026/09/22 21:55:17.515, 0, 90003, 97871
2026/09/22 21:55:17.515, 1, 90003, 97871
2026/09/22 21:55:17.515, 2, 90003, 97871
2026/09/22 21:55:17.516, 3, 92051, 97871
2026/09/22 21:55:17.716, 0, 90003, 97871
2026/09/22 21:55:17.716, 1, 90003, 97871
2026/09/22 21:55:17.716, 2, 90003, 97871
2026/09/22 21:55:17.716, 3, 92051, 97871
2026/09/22 21:55:17.916, 0, 90003, 97871
2026/09/22 21:55:17.916, 1, 90003, 97871
2026/09/22 21:55:17.916, 2, 90003, 97871
2026/09/22 21:55:17.916, 3, 92051, 97871
2026/09/22 21:55:18.116, 0, 90003, 97871
2026/09/22 21:55:18.116, 1, 90003, 97871
2026/09/22 21:55:18.116, 2, 90003, 97871
2026/09/22 21:55:18.116, 3, 92051, 97871
2026/09/22 21:55:18.316, 0, 90003, 97871
2026/09/22 21:55:18.316, 1, 90003, 97871
2026/09/22 21:55:18.317, 2, 90003, 97871
2026/09/22 21:55:18.317, 3, 92051, 97871
2026/09/22 21:55:18.517, 0, 90003, 97871
2026/09/22 21:55:18.517, 1, 90003, 97871
2026/09/22 21:55:18.517, 2, 90003, 97871
2026/09/22 21:55:18.517, 3, 92051, 97871
2026/09/22 21:55:18.717, 0, 90003, 97871
2026/09/22 21:55:18.717, 1, 90003, 97871
2026/09/22 21:55:18.717, 2, 90003, 97871
2026/09/22 21:55:18.717, 3, 92051, 97871
2026/09/22 21:55:18.917, 0, 90003, 97871
2026/09/22 21:55:18.917, 1, 90003, 97871
2026/09/22 21:55:18.917, 2, 90003, 97871
2026/09/22 21:55:18.917, 3, 92051, 97871
2026/09/22 21:55:19.117, 0, 90003, 97871
2026/09/22 21:55:19.118, 1, 90003, 97871
2026/09/22 21:55:19.118, 2, 90003, 97871
2026/09/22 21:55:19.118, 3, 92051, 97871
2026/09/22 21:55:19.318, 0, 90003, 97871
2026/09/22 21:55:19.318, 1, 90003, 97871
2026/09/22 21:55:19.318, 2, 90003, 97871
2026/09/22 21:55:19.318, 3, 92051, 97871
2026/09/22 21:55:19.518, 0, 90003, 97871
2026/09/22 21:55:19.518, 1, 90003, 97871
2026/09/22 21:55:19.518, 2, 90003, 97871
2026/09/22 21:55:19.518, 3, 92051, 97871
2026/09/22 21:55:19.718, 0, 90003, 97871
2026/09/22 21:55:19.718, 1, 90003, 97871
2026/09/22 21:55:19.719, 2, 90003, 97871
2026/09/22 21:55:19.719, 3, 92051, 97871
2026/09/22 21:55:19.919, 0, 90003, 97871
2026/09/22 21:55:19.919, 1, 90003, 97871
2026/09/22 21:55:19.919, 2, 90003, 97871
2026/09/22 21:55:19.919, 3, 92051, 97871
2026/09/22 21:55:20.119, 0, 90003, 97871
2026/09/22 21:55:20.119, 1, 90003, 97871
2026/09/22 21:55:20.119, 2, 90003, 97871
2026/09/22 21:55:20.119, 3, 92051, 97871
2026/09/22 21:55:20.319, 0, 90003, 97871
2026/09/22 21:55:20.319, 1, 90003, 97871
2026/09/22 21:55:20.319, 2, 90003, 97871
2026/09/22 21:55:20.319, 3, 92051, 97871
2026/09/22 21:55:20.519, 0, 90003, 97871
2026/09/22 21:55:20.520, 1, 90003, 97871
2026/09/22 21:55:20.520, 2, 90003, 97871
2026/09/22 21:55:20.520, 3, 92051, 97871
2026/09/22 21:55:20.720, 0, 90003, 97871
2026/09/22 21:55:20.720, 1, 90003, 97871
2026/09/22 21:55:20.720, 2, 90003, 97871
2026/09/22 21:55:20.720, 3, 92051, 97871
2026/09/22 21:55:20.920, 0, 90003, 97871
2026/09/22 21:55:20.920, 1, 90003, 97871
2026/09/22 21:55:20.920, 2, 90003, 97871
2026/09/22 21:55:20.920, 3, 92051, 97871
2026/09/22 21:55:21.121, 0, 90003, 97871
2026/09/22 21:55:21.121, 1, 90003, 97871
2026/09/22 21:55:21.121, 2, 90003, 97871
2026/09/22 21:55:21.121, 3, 92051, 97871
2026/09/22 21:55:21.321, 0, 90003, 97871
2026/09/22 21:55:21.321, 1, 90003, 97871
2026/09/22 21:55:21.321, 2, 90003, 97871
2026/09/22 21:55:21.321, 3, 92051, 97871
2026/09/22 21:55:21.521, 0, 90003, 97871
2026/09/22 21:55:21.521, 1, 90003, 97871
2026/09/22 21:55:21.521, 2, 90003, 97871
2026/09/22 21:55:21.521, 3, 92051, 97871
2026/09/22 21:55:21.721, 0, 90003, 97871
2026/09/22 21:55:21.721, 1, 90003, 97871
2026/09/22 21:55:21.721, 2, 90003, 97871
2026/09/22 21:55:21.721, 3, 92051, 97871
2026/09/22 21:55:21.921, 0, 90003, 97871
2026/09/22 21:55:21.921, 1, 90003, 97871
2026/09/22 21:55:21.921, 2, 90003, 97871
2026/09/22 21:55:21.921, 3, 92051, 97871
2026/09/22 21:55:22.121, 0, 90003, 97871
2026/09/22 21:55:22.122, 1, 90003, 97871
2026/09/22 21:55:22.122, 2, 90003, 97871
2026/09/22 21:55:22.122, 3, 92051, 97871
2026/09/22 21:55:22.322, 0, 90003, 97871
2026/09/22 21:55:22.322, 1, 90003, 97871
2026/09/22 21:55:22.322, 2, 90003, 97871
2026/09/22 21:55:22.322, 3, 92051, 97871
2026/09/22 21:55:22.522, 0, 90003, 97871
2026/09/22 21:55:22.522, 1, 90003, 97871
2026/09/22 21:55:22.522, 2, 90003, 97871
2026/09/22 21:55:22.522, 3, 92051, 97871
2026/09/22 21:55:22.722, 0, 90003, 97871
2026/09/22 21:55:22.722, 1, 90003, 97871
2026/09/22 21:55:22.722, 2, 90003, 97871
2026/09/22 21:55:22.722, 3, 92051, 97871
2026/09/22 21:55:22.922, 0, 90003, 97871
2026/09/22 21:55:22.922, 1, 90003, 97871
2026/09/22 21:55:22.922, 2, 90003, 97871
2026/09/22 21:55:22.922, 3, 92051, 97871
2026/09/22 21:55:23.123, 0, 90003, 97871
2026/09/22 21:55:23.123, 1, 90003, 97871
2026/09/22 21:55:23.123, 2, 90003, 97871
2026/09/22 21:55:23.123, 3, 92051, 97871
2026/09/22 21:55:23.323, 0, 90003, 97871
2026/09/22 21:55:23.323, 1, 90003, 97871
2026/09/22 21:55:23.323, 2, 90003, 97871
2026/09/22 21:55:23.323, 3, 92051, 97871
2026/09/22 21:55:23.523, 0, 90003, 97871
2026/09/22 21:55:23.523, 1, 90003, 97871
2026/09/22 21:55:23.523, 2, 90003, 97871
2026/09/22 21:55:23.523, 3, 92051, 97871
2026/09/22 21:55:23.723, 0, 90003, 97871
2026/09/22 21:55:23.723, 1, 90003, 97871
2026/09/22 21:55:23.724, 2, 90003, 97871
2026/09/22 21:55:23.724, 3, 92051, 97871
2026/09/22 21:55:23.924, 0, 90003, 97871
2026/09/22 21:55:23.924, 1, 90003, 97871
2026/09/22 21:55:23.924, 2, 90003, 97871
2026/09/22 21:55:23.924, 3, 92051, 97871
2026/09/22 21:55:24.124, 0, 90003, 97871
2026/09/22 21:55:24.124, 1, 90003, 97871
2026/09/22 21:55:24.124, 2, 90003, 97871
2026/09/22 21:55:24.124, 3, 92051, 97871
2026/09/22 21:55:24.324, 0, 90003, 97871
2026/09/22 21:55:24.324, 1, 90003, 97871
2026/09/22 21:55:24.324, 2, 90003, 97871
2026/09/22 21:55:24.324, 3, 92051, 97871
2026/09/22 21:55:24.524, 0, 90003, 97871
2026/09/22 21:55:24.524, 1, 90003, 97871
2026/09/22 21:55:24.524, 2, 90003, 97871
2026/09/22 21:55:24.525, 3, 92051, 97871
2026/09/22 21:55:24.725, 0, 90003, 97871
2026/09/22 21:55:24.725, 1, 90003, 97871
2026/09/22 21:55:24.725, 2, 90003, 97871
2026/09/22 21:55:24.725, 3, 92051, 97871
2026/09/22 21:55:24.925, 0, 90003, 97871
2026/09/22 21:55:24.925, 1, 90003, 97871
2026/09/22 21:55:24.925, 2, 90003, 97871
2026/09/22 21:55:24.925, 3, 92051, 97871
2026/09/22 21:55:25.125, 0, 90003, 97871
2026/09/22 21:55:25.125, 1, 90003, 97871
2026/09/22 21:55:25.125, 2, 90003, 97871
2026/09/22 21:55:25.125, 3, 92051, 97871
2026/09/22 21:55:25.325, 0, 90003, 97871
2026/09/22 21:55:25.325, 1, 90003, 97871
2026/09/22 21:55:25.325, 2, 90003, 97871
2026/09/22 21:55:25.325, 3, 92051, 97871
2026/09/22 21:55:25.526, 0, 90003, 97871
2026/09/22 21:55:25.526, 1, 90003, 97871
2026/09/22 21:55:25.526, 2, 90003, 97871
2026/09/22 21:55:25.526, 3, 92051, 97871
2026/09/22 21:55:25.726, 0, 90003, 97871
2026/09/22 21:55:25.726, 1, 90003, 97871
2026/09/22 21:55:25.726, 2, 90003, 97871
2026/09/22 21:55:25.726, 3, 92051, 97871
2026/09/22 21:55:25.926, 0, 90003, 97871
2026/09/22 21:55:25.926, 1, 90003, 97871
2026/09/22 21:55:25.926, 2, 90003, 97871
2026/09/22 21:55:25.926, 3, 92051, 97871
2026/09/22 21:55:26.126, 0, 90003, 97871
2026/09/22 21:55:26.127, 1, 90003, 97871
2026/09/22 21:55:26.127, 2, 90003, 97871
2026/09/22 21:55:26.127, 3, 92051, 97871
2026/09/22 21:55:26.327, 0, 90003, 97871
2026/09/22 21:55:26.327, 1, 90003, 97871
2026/09/22 21:55:26.327, 2, 90003, 97871
2026/09/22 21:55:26.327, 3, 92051, 97871
2026/09/22 21:55:26.527, 0, 90003, 97871
2026/09/22 21:55:26.527, 1, 90003, 97871
2026/09/22 21:55:26.527, 2, 90003, 97871
2026/09/22 21:55:26.527, 3, 92051, 97871
2026/09/22 21:55:26.727, 0, 90003, 97871
2026/09/22 21:55:26.727, 1, 90003, 97871
2026/09/22 21:55:26.727, 2, 90003, 97871
2026/09/22 21:55:26.727, 3, 92051, 97871
2026/09/22 21:55:26.927, 0, 90003, 97871
2026/09/22 21:55:26.927, 1, 90003, 97871
2026/09/22 21:55:26.928, 2, 90003, 97871
2026/09/22 21:55:26.928, 3, 92051, 97871
2026/09/22 21:55:27.128, 0, 90003, 97871
2026/09/22 21:55:27.128, 1, 90003, 97871
2026/09/22 21:55:27.128, 2, 90003, 97871
2026/09/22 21:55:27.128, 3, 92051, 97871
2026/09/22 21:55:27.328, 0, 90003, 97871
2026/09/22 21:55:27.328, 1, 90003, 97871
2026/09/22 21:55:27.328, 2, 90003, 97871
2026/09/22 21:55:27.328, 3, 92051, 97871
2026/09/22 21:55:27.528, 0, 90003, 97871
2026/09/22 21:55:27.528, 1, 90003, 97871
2026/09/22 21:55:27.528, 2, 90003, 97871
2026/09/22 21:55:27.528, 3, 92051, 97871
2026/09/22 21:55:27.728, 0, 90003, 97871
2026/09/22 21:55:27.728, 1, 90003, 97871
2026/09/22 21:55:27.729, 2, 90003, 97871
2026/09/22 21:55:27.729, 3, 92051, 97871
2026/09/22 21:55:27.929, 0, 90003, 97871
2026/09/22 21:55:27.929, 1, 90003, 97871
2026/09/22 21:55:27.929, 2, 90003, 97871
2026/09/22 21:55:27.929, 3, 92051, 97871
2026/09/22 21:55:28.129, 0, 90003, 97871
2026/09/22 21:55:28.129, 1, 90003, 97871
2026/09/22 21:55:28.129, 2, 90003, 97871
2026/09/22 21:55:28.129, 3, 92051, 97871
2026/09/22 21:55:28.329, 0, 90003, 97871
2026/09/22 21:55:28.329, 1, 90003, 97871
2026/09/22 21:55:28.329, 2, 90003, 97871
2026/09/22 21:55:28.329, 3, 92051, 97871
2026/09/22 21:55:28.529, 0, 90003, 97871
2026/09/22 21:55:28.529, 1, 90003, 97871
2026/09/22 21:55:28.529, 2, 90003, 97871
2026/09/22 21:55:28.529, 3, 92051, 97871
2026/09/22 21:55:28.730, 0, 90003, 97871
2026/09/22 21:55:28.730, 1, 90003, 97871
2026/09/22 21:55:28.730, 2, 90003, 97871
2026/09/22 21:55:28.730, 3, 92051, 97871
2026/09/22 21:55:28.930, 0, 90003, 97871
2026/09/22 21:55:28.930, 1, 90003, 97871
2026/09/22 21:55:28.930, 2, 90003, 97871
2026/09/22 21:55:28.930, 3, 92051, 97871
2026/09/22 21:55:29.130, 0, 90003, 97871
2026/09/22 21:55:29.130, 1, 90003, 97871
2026/09/22 21:55:29.130, 2, 90003, 97871
2026/09/22 21:55:29.130, 3, 92051, 97871
2026/09/22 21:55:29.330, 0, 90003, 97871
2026/09/22 21:55:29.330, 1, 90003, 97871
2026/09/22 21:55:29.330, 2, 90003, 97871
2026/09/22 21:55:29.330, 3, 92051, 97871
2026/09/22 21:55:29.530, 0, 90003, 97871
2026/09/22 21:55:29.530, 1, 90003, 97871
2026/09/22 21:55:29.531, 2, 90003, 97871
2026/09/22 21:55:29.531, 3, 92051, 97871
2026/09/22 21:55:29.731, 0, 90003, 97871
2026/09/22 21:55:29.731, 1, 90003, 97871
2026/09/22 21:55:29.731, 2, 90003, 97871
2026/09/22 21:55:29.731, 3, 92051, 97871
2026/09/22 21:55:29.931, 0, 90003, 97871
2026/09/22 21:55:29.931, 1, 90003, 97871
2026/09/22 21:55:29.931, 2, 90003, 97871
2026/09/22 21:55:29.931, 3, 92051, 97871
2026/09/22 21:55:30.131, 0, 90003, 97871
2026/09/22 21:55:30.131, 1, 90003, 97871
2026/09/22 21:55:30.131, 2, 90003, 97871
2026/09/22 21:55:30.131, 3, 92051, 97871
2026/09/22 21:55:30.331, 0, 90003, 97871
2026/09/22 21:55:30.331, 1, 90003, 97871
2026/09/22 21:55:30.331, 2, 90003, 97871
2026/09/22 21:55:30.332, 3, 92051, 97871
2026/09/22 21:55:30.532, 0, 90003, 97871
2026/09/22 21:55:30.532, 1, 90003, 97871
2026/09/22 21:55:30.532, 2, 90003, 97871
2026/09/22 21:55:30.532, 3, 92051, 97871
2026/09/22 21:55:30.732, 0, 90003, 97871
2026/09/22 21:55:30.732, 1, 90003, 97871
2026/09/22 21:55:30.732, 2, 90003, 97871
2026/09/22 21:55:30.732, 3, 92051, 97871
2026/09/22 21:55:30.932, 0, 90003, 97871
2026/09/22 21:55:30.932, 1, 90003, 97871
2026/09/22 21:55:30.932, 2, 90003, 97871
2026/09/22 21:55:30.932, 3, 92051, 97871
2026/09/22 21:55:31.132, 0, 90003, 97871
2026/09/22 21:55:31.133, 1, 90003, 97871
2026/09/22 21:55:31.133, 2, 90003, 97871
2026/09/22 21:55:31.133, 3, 92051, 97871
2026/09/22 21:55:31.333, 0, 90003, 97871
2026/09/22 21:55:31.333, 1, 90003, 97871
2026/09/22 21:55:31.333, 2, 90003, 97871
2026/09/22 21:55:31.333, 3, 92051, 97871
2026/09/22 21:55:31.533, 0, 90003, 97871
2026/09/22 21:55:31.533, 1, 90003, 97871
2026/09/22 21:55:31.533, 2, 90003, 97871
2026/09/22 21:55:31.533, 3, 92051, 97871
2026/09/22 21:55:31.733, 0, 90003, 97871
2026/09/22 21:55:31.733, 1, 90003, 97871
2026/09/22 21:55:31.733, 2, 90003, 97871
2026/09/22 21:55:31.733, 3, 92051, 97871
2026/09/22 21:55:31.933, 0, 90003, 97871
2026/09/22 21:55:31.933, 1, 90003, 97871
2026/09/22 21:55:31.933, 2, 90003, 97871
2026/09/22 21:55:31.933, 3, 92051, 97871
2026/09/22 21:55:32.134, 0, 90003, 97871
2026/09/22 21:55:32.134, 1, 90003, 97871
2026/09/22 21:55:32.134, 2, 90003, 97871
2026/09/22 21:55:32.134, 3, 92051, 97871
2026/09/22 21:55:32.334, 0, 90003, 97871
2026/09/22 21:55:32.334, 1, 90003, 97871
2026/09/22 21:55:32.334, 2, 90003, 97871
2026/09/22 21:55:32.334, 3, 92051, 97871
2026/09/22 21:55:32.534, 0, 90003, 97871
2026/09/22 21:55:32.534, 1, 90003, 97871
2026/09/22 21:55:32.534, 2, 90003, 97871
2026/09/22 21:55:32.534, 3, 92051, 97871
2026/09/22 21:55:32.734, 0, 90003, 97871
2026/09/22 21:55:32.734, 1, 90003, 97871
2026/09/22 21:55:32.734, 2, 90003, 97871
2026/09/22 21:55:32.734, 3, 92051, 97871
2026/09/22 21:55:32.935, 0, 90003, 97871
2026/09/22 21:55:32.935, 1, 90003, 97871
2026/09/22 21:55:32.935, 2, 90003, 97871
2026/09/22 21:55:32.935, 3, 92051, 97871
2026/09/22 21:55:33.135, 0, 90003, 97871
2026/09/22 21:55:33.135, 1, 90003, 97871
2026/09/22 21:55:33.135, 2, 90003, 97871
2026/09/22 21:55:33.135, 3, 92051, 97871
2026/09/22 21:55:33.335, 0, 90003, 97871
2026/09/22 21:55:33.335, 1, 90003, 97871
2026/09/22 21:55:33.335, 2, 90003, 97871
2026/09/22 21:55:33.335, 3, 92051, 97871
2026/09/22 21:55:33.536, 0, 90003, 97871
2026/09/22 21:55:33.536, 1, 90003, 97871
2026/09/22 21:55:33.536, 2, 90003, 97871
2026/09/22 21:55:33.536, 3, 92051, 97871
2026/09/22 21:55:33.736, 0, 90003, 97871
2026/09/22 21:55:33.736, 1, 90003, 97871
2026/09/22 21:55:33.736, 2, 90003, 97871
2026/09/22 21:55:33.736, 3, 92051, 97871
2026/09/22 21:55:33.936, 0, 90003, 97871
2026/09/22 21:55:33.936, 1, 90003, 97871
2026/09/22 21:55:33.936, 2, 90003, 97871
2026/09/22 21:55:33.936, 3, 92051, 97871
2026/09/22 21:55:34.137, 0, 90003, 97871
2026/09/22 21:55:34.137, 1, 90003, 97871
2026/09/22 21:55:34.137, 2, 90003, 97871
2026/09/22 21:55:34.137, 3, 92051, 97871
2026/09/22 21:55:34.337, 0, 90003, 97871
2026/09/22 21:55:34.337, 1, 90003, 97871
2026/09/22 21:55:34.337, 2, 90003, 97871
2026/09/22 21:55:34.337, 3, 92051, 97871
2026/09/22 21:55:34.537, 0, 90003, 97871
2026/09/22 21:55:34.537, 1, 90003, 97871
2026/09/22 21:55:34.537, 2, 90003, 97871
2026/09/22 21:55:34.537, 3, 92051, 97871
2026/09/22 21:55:34.737, 0, 90003, 97871
2026/09/22 21:55:34.737, 1, 90003, 97871
2026/09/22 21:55:34.737, 2, 90003, 97871
2026/09/22 21:55:34.737, 3, 92051, 97871
2026/09/22 21:55:34.937, 0, 90003, 97871
2026/09/22 21:55:34.938, 1, 90003, 97871
2026/09/22 21:55:34.938, 2, 90003, 97871
2026/09/22 21:55:34.938, 3, 92051, 97871
2026/09/22 21:55:35.138, 0, 90003, 97871
2026/09/22 21:55:35.138, 1, 90003, 97871
2026/09/22 21:55:35.138, 2, 90003, 97871
2026/09/22 21:55:35.138, 3, 92051, 97871
2026/09/22 21:55:35.338, 0, 90003, 97871
2026/09/22 21:55:35.338, 1, 90003, 97871
2026/09/22 21:55:35.338, 2, 90003, 97871
2026/09/22 21:55:35.338, 3, 92051, 97871
2026/09/22 21:55:35.538, 0, 90003, 97871
2026/09/22 21:55:35.538, 1, 90003, 97871
2026/09/22 21:55:35.538, 2, 90003, 97871
2026/09/22 21:55:35.538, 3, 92051, 97871
2026/09/22 21:55:35.738, 0, 90003, 97871
2026/09/22 21:55:35.739, 1, 90003, 97871
2026/09/22 21:55:35.739, 2, 90003, 97871
2026/09/22 21:55:35.739, 3, 92051, 97871
2026/09/22 21:55:35.939, 0, 90003, 97871
2026/09/22 21:55:35.939, 1, 90003, 97871
2026/09/22 21:55:35.939, 2, 90003, 97871
2026/09/22 21:55:35.939, 3, 92051, 97871
2026/09/22 21:55:36.139, 0, 90003, 97871
2026/09/22 21:55:36.139, 1, 90003, 97871
2026/09/22 21:55:36.139, 2, 90003, 97871
2026/09/22 21:55:36.139, 3, 92051, 97871
2026/09/22 21:55:36.339, 0, 90003, 97871
2026/09/22 21:55:36.339, 1, 90003, 97871
2026/09/22 21:55:36.339, 2, 90003, 97871
2026/09/22 21:55:36.339, 3, 92051, 97871
2026/09/22 21:55:36.539, 0, 90003, 97871
2026/09/22 21:55:36.539, 1, 90003, 97871
2026/09/22 21:55:36.539, 2, 90003, 97871
2026/09/22 21:55:36.539, 3, 92051, 97871
2026/09/22 21:55:36.739, 0, 90003, 97871
2026/09/22 21:55:36.740, 1, 90003, 97871
2026/09/22 21:55:36.740, 2, 90003, 97871
2026/09/22 21:55:36.740, 3, 92051, 97871
2026/09/22 21:55:36.940, 0, 90003, 97871
2026/09/22 21:55:36.940, 1, 90003, 97871
2026/09/22 21:55:36.940, 2, 90003, 97871
2026/09/22 21:55:36.940, 3, 92051, 97871
2026/09/22 21:55:37.140, 0, 90003, 97871
2026/09/22 21:55:37.140, 1, 90003, 97871
2026/09/22 21:55:37.140, 2, 90003, 97871
2026/09/22 21:55:37.140, 3, 92051, 97871
2026/09/22 21:55:37.340, 0, 90003, 97871
2026/09/22 21:55:37.340, 1, 90003, 97871
2026/09/22 21:55:37.340, 2, 90003, 97871
2026/09/22 21:55:37.340, 3, 92051, 97871
2026/09/22 21:55:37.540, 0, 90003, 97871
2026/09/22 21:55:37.540, 1, 90003, 97871
2026/09/22 21:55:37.541, 2, 90003, 97871
2026/09/22 21:55:37.541, 3, 92051, 97871
2026/09/22 21:55:37.741, 0, 90003, 97871
2026/09/22 21:55:37.741, 1, 90003, 97871
2026/09/22 21:55:37.741, 2, 90003, 97871
2026/09/22 21:55:37.741, 3, 92051, 97871
2026/09/22 21:55:37.941, 0, 90003, 97871
2026/09/22 21:55:37.941, 1, 90003, 97871
2026/09/22 21:55:37.941, 2, 90003, 97871
2026/09/22 21:55:37.941, 3, 92051, 97871
2026/09/22 21:55:38.141, 0, 90003, 97871
2026/09/22 21:55:38.141, 1, 90003, 97871
2026/09/22 21:55:38.141, 2, 90003, 97871
2026/09/22 21:55:38.141, 3, 92051, 97871
2026/09/22 21:55:38.341, 0, 90003, 97871
2026/09/22 21:55:38.341, 1, 90003, 97871
2026/09/22 21:55:38.341, 2, 90003, 97871
2026/09/22 21:55:38.341, 3, 92051, 97871
2026/09/22 21:55:38.541, 0, 90003, 97871
2026/09/22 21:55:38.541, 1, 90003, 97871
2026/09/22 21:55:38.542, 2, 90003, 97871
2026/09/22 21:55:38.542, 3, 92051, 97871
2026/09/22 21:55:38.742, 0, 90003, 97871
2026/09/22 21:55:38.742, 1, 90003, 97871
2026/09/22 21:55:38.742, 2, 90003, 97871
2026/09/22 21:55:38.742, 3, 92051, 97871
2026/09/22 21:55:38.942, 0, 90003, 97871
2026/09/22 21:55:38.942, 1, 90003, 97871
2026/09/22 21:55:38.942, 2, 90003, 97871
2026/09/22 21:55:38.942, 3, 92051, 97871
2026/09/22 21:55:39.142, 0, 90003, 97871
2026/09/22 21:55:39.142, 1, 90003, 97871
2026/09/22 21:55:39.142, 2, 90003, 97871
2026/09/22 21:55:39.142, 3, 92051, 97871
2026/09/22 21:55:39.342, 0, 90003, 97871
2026/09/22 21:55:39.342, 1, 90003, 97871
2026/09/22 21:55:39.342, 2, 90003, 97871
2026/09/22 21:55:39.342, 3, 92051, 97871
2026/09/22 21:55:39.543, 0, 90003, 97871
2026/09/22 21:55:39.543, 1, 90003, 97871
2026/09/22 21:55:39.543, 2, 90003, 97871
2026/09/22 21:55:39.543, 3, 92051, 97871
2026/09/22 21:55:39.743, 0, 90003, 97871
2026/09/22 21:55:39.743, 1, 90003, 97871
2026/09/22 21:55:39.743, 2, 90003, 97871
2026/09/22 21:55:39.743, 3, 92051, 97871
2026/09/22 21:55:39.943, 0, 90003, 97871
2026/09/22 21:55:39.943, 1, 90003, 97871
2026/09/22 21:55:39.943, 2, 90003, 97871
2026/09/22 21:55:39.943, 3, 92051, 97871
2026/09/22 21:55:40.143, 0, 90003, 97871
2026/09/22 21:55:40.143, 1, 90003, 97871
2026/09/22 21:55:40.143, 2, 90003, 97871
2026/09/22 21:55:40.144, 3, 92051, 97871
2026/09/22 21:55:40.344, 0, 90003, 97871
2026/09/22 21:55:40.344, 1, 90003, 97871
2026/09/22 21:55:40.344, 2, 90003, 97871
2026/09/22 21:55:40.344, 3, 92051, 97871
2026/09/22 21:55:40.544, 0, 90003, 97871
2026/09/22 21:55:40.544, 1, 90003, 97871
2026/09/22 21:55:40.544, 2, 90003, 97871
2026/09/22 21:55:40.544, 3, 92051, 97871
2026/09/22 21:55:40.744, 0, 90003, 97871
2026/09/22 21:55:40.744, 1, 90003, 97871
2026/09/22 21:55:40.744, 2, 90003, 97871
2026/09/22 21:55:40.744, 3, 92051, 97871
2026/09/22 21:55:40.944, 0, 90003, 97871
2026/09/22 21:55:40.944, 1, 90003, 97871
2026/09/22 21:55:40.944, 2, 90003, 97871
2026/09/22 21:55:40.945, 3, 92051, 97871
2026/09/22 21:55:41.145, 0, 90003, 97871
2026/09/22 21:55:41.145, 1, 90003, 97871
2026/09/22 21:55:41.145, 2, 90003, 97871
2026/09/22 21:55:41.145, 3, 92051, 97871
2026/09/22 21:55:41.345, 0, 90003, 97871
2026/09/22 21:55:41.345, 1, 90003, 97871
2026/09/22 21:55:41.345, 2, 90003, 97871
2026/09/22 21:55:41.345, 3, 92051, 97871
2026/09/22 21:55:41.545, 0, 90003, 97871
2026/09/22 21:55:41.545, 1, 90003, 97871
2026/09/22 21:55:41.545, 2, 90003, 97871
2026/09/22 21:55:41.545, 3, 92051, 97871
2026/09/22 21:55:41.746, 0, 90003, 97871
2026/09/22 21:55:41.746, 1, 90003, 97871
2026/09/22 21:55:41.746, 2, 90003, 97871
2026/09/22 21:55:41.746, 3, 92051, 97871
2026/09/22 21:55:41.946, 0, 90003, 97871
2026/09/22 21:55:41.946, 1, 90003, 97871
2026/09/22 21:55:41.946, 2, 90003, 97871
2026/09/22 21:55:41.946, 3, 92051, 97871
2026/09/22 21:55:42.146, 0, 90003, 97871
2026/09/22 21:55:42.146, 1, 90003, 97871
2026/09/22 21:55:42.146, 2, 90003, 97871
2026/09/22 21:55:42.146, 3, 92051, 97871
2026/09/22 21:55:42.346, 0, 90003, 97871
2026/09/22 21:55:42.347, 1, 90003, 97871
2026/09/22 21:55:42.347, 2, 90003, 97871
2026/09/22 21:55:42.347, 3, 92051, 97871
2026/09/22 21:55:42.547, 0, 90003, 97871
2026/09/22 21:55:42.547, 1, 90003, 97871
2026/09/22 21:55:42.547, 2, 90003, 97871
2026/09/22 21:55:42.547, 3, 92051, 97871
2026/09/22 21:55:42.747, 0, 90003, 97871
2026/09/22 21:55:42.747, 1, 90003, 97871
2026/09/22 21:55:42.747, 2, 90003, 97871
2026/09/22 21:55:42.747, 3, 92051, 97871
2026/09/22 21:55:42.947, 0, 90003, 97871
2026/09/22 21:55:42.947, 1, 90003, 97871
2026/09/22 21:55:42.947, 2, 90003, 97871
2026/09/22 21:55:42.947, 3, 92051, 97871
2026/09/22 21:55:43.147, 0, 90003, 97871
2026/09/22 21:55:43.148, 1, 90003, 97871
2026/09/22 21:55:43.148, 2, 90003, 97871
2026/09/22 21:55:43.148, 3, 92051, 97871
2026/09/22 21:55:43.348, 0, 90003, 97871
2026/09/22 21:55:43.348, 1, 90003, 97871
2026/09/22 21:55:43.348, 2, 90003, 97871
2026/09/22 21:55:43.348, 3, 92051, 97871
2026/09/22 21:55:43.548, 0, 90003, 97871
2026/09/22 21:55:43.548, 1, 90003, 97871
2026/09/22 21:55:43.548, 2, 90003, 97871
2026/09/22 21:55:43.548, 3, 92051, 97871
2026/09/22 21:55:43.749, 0, 90003, 97871
2026/09/22 21:55:43.749, 1, 90003, 97871
2026/09/22 21:55:43.749, 2, 90003, 97871
2026/09/22 21:55:43.749, 3, 92051, 97871
2026/09/22 21:55:43.949, 0, 90003, 97871
2026/09/22 21:55:43.949, 1, 90003, 97871
2026/09/22 21:55:43.949, 2, 90003, 97871
2026/09/22 21:55:43.949, 3, 92051, 97871
2026/09/22 21:55:44.149, 0, 90003, 97871
2026/09/22 21:55:44.149, 1, 90003, 97871
2026/09/22 21:55:44.149, 2, 90003, 97871
2026/09/22 21:55:44.149, 3, 92051, 97871
2026/09/22 21:55:44.350, 0, 90003, 97871
2026/09/22 21:55:44.350, 1, 90003, 97871
2026/09/22 21:55:44.350, 2, 90003, 97871
2026/09/22 21:55:44.350, 3, 92051, 97871
2026/09/22 21:55:44.550, 0, 90003, 97871
2026/09/22 21:55:44.550, 1, 90003, 97871
2026/09/22 21:55:44.550, 2, 90003, 97871
2026/09/22 21:55:44.550, 3, 92051, 97871
2026/09/22 21:55:44.750, 0, 90003, 97871
2026/09/22 21:55:44.750, 1, 90003, 97871
2026/09/22 21:55:44.750, 2, 90003, 97871
2026/09/22 21:55:44.750, 3, 92051, 97871
2026/09/22 21:55:44.950, 0, 90003, 97871
2026/09/22 21:55:44.950, 1, 90003, 97871
2026/09/22 21:55:44.950, 2, 90003, 97871
2026/09/22 21:55:44.950, 3, 92051, 97871
2026/09/22 21:55:45.151, 0, 90003, 97871
2026/09/22 21:55:45.151, 1, 90003, 97871
2026/09/22 21:55:45.151, 2, 90003, 97871
2026/09/22 21:55:45.151, 3, 92051, 97871
2026/09/22 21:55:45.351, 0, 90003, 97871
2026/09/22 21:55:45.351, 1, 90003, 97871
2026/09/22 21:55:45.351, 2, 90003, 97871
2026/09/22 21:55:45.351, 3, 92051, 97871
2026/09/22 21:55:45.551, 0, 90003, 97871
2026/09/22 21:55:45.551, 1, 90003, 97871
2026/09/22 21:55:45.551, 2, 90003, 97871
2026/09/22 21:55:45.551, 3, 92051, 97871
2026/09/22 21:55:45.751, 0, 90003, 97871
2026/09/22 21:55:45.751, 1, 90003, 97871
2026/09/22 21:55:45.751, 2, 90003, 97871
2026/09/22 21:55:45.751, 3, 92051, 97871
2026/09/22 21:55:45.952, 0, 90003, 97871
2026/09/22 21:55:45.952, 1, 90003, 97871
2026/09/22 21:55:45.952, 2, 90003, 97871
2026/09/22 21:55:45.952, 3, 92051, 97871
2026/09/22 21:55:46.152, 0, 90003, 97871
2026/09/22 21:55:46.152, 1, 90003, 97871
2026/09/22 21:55:46.152, 2, 90003, 97871
2026/09/22 21:55:46.152, 3, 92051, 97871
2026/09/22 21:55:46.352, 0, 90003, 97871
2026/09/22 21:55:46.352, 1, 90003, 97871
2026/09/22 21:55:46.352, 2, 90003, 97871
2026/09/22 21:55:46.352, 3, 92051, 97871
2026/09/22 21:55:46.552, 0, 90003, 97871
2026/09/22 21:55:46.552, 1, 90003, 97871
2026/09/22 21:55:46.552, 2, 90003, 97871
2026/09/22 21:55:46.552, 3, 92051, 97871
2026/09/22 21:55:46.753, 0, 90003, 97871
2026/09/22 21:55:46.753, 1, 90003, 97871
2026/09/22 21:55:46.753, 2, 90003, 97871
2026/09/22 21:55:46.753, 3, 92051, 97871
2026/09/22 21:55:46.953, 0, 90003, 97871
2026/09/22 21:55:46.953, 1, 90003, 97871
2026/09/22 21:55:46.953, 2, 90003, 97871
2026/09/22 21:55:46.953, 3, 92051, 97871
2026/09/22 21:55:47.153, 0, 90003, 97871
2026/09/22 21:55:47.153, 1, 90003, 97871
2026/09/22 21:55:47.153, 2, 90003, 97871
2026/09/22 21:55:47.153, 3, 92051, 97871
2026/09/22 21:55:47.353, 0, 90003, 97871
2026/09/22 21:55:47.353, 1, 90003, 97871
2026/09/22 21:55:47.353, 2, 90003, 97871
2026/09/22 21:55:47.353, 3, 92051, 97871
2026/09/22 21:55:47.554, 0, 90003, 97871
2026/09/22 21:55:47.554, 1, 90003, 97871
2026/09/22 21:55:47.554, 2, 90003, 97871
2026/09/22 21:55:47.554, 3, 92051, 97871
2026/09/22 21:55:47.754, 0, 90003, 97871
2026/09/22 21:55:47.754, 1, 90003, 97871
2026/09/22 21:55:47.754, 2, 90003, 97871
2026/09/22 21:55:47.754, 3, 92051, 97871
2026/09/22 21:55:47.954, 0, 90003, 97871
2026/09/22 21:55:47.954, 1, 90003, 97871
2026/09/22 21:55:47.954, 2, 90003, 97871
2026/09/22 21:55:47.954, 3, 92051, 97871
2026/09/22 21:55:48.154, 0, 90003, 97871
2026/09/22 21:55:48.154, 1, 90003, 97871
2026/09/22 21:55:48.155, 2, 90003, 97871
2026/09/22 21:55:48.155, 3, 92051, 97871
2026/09/22 21:55:48.355, 0, 90003, 97871
2026/09/22 21:55:48.355, 1, 90003, 97871
2026/09/22 21:55:48.355, 2, 90003, 97871
2026/09/22 21:55:48.355, 3, 92051, 97871
2026/09/22 21:55:48.555, 0, 90003, 97871
2026/09/22 21:55:48.555, 1, 90003, 97871
2026/09/22 21:55:48.555, 2, 90003, 97871
2026/09/22 21:55:48.555, 3, 92051, 97871
2026/09/22 21:55:48.755, 0, 90003, 97871
2026/09/22 21:55:48.755, 1, 90003, 97871
2026/09/22 21:55:48.755, 2, 90003, 97871
2026/09/22 21:55:48.755, 3, 92051, 97871
2026/09/22 21:55:48.955, 0, 90003, 97871
2026/09/22 21:55:48.955, 1, 90003, 97871
2026/09/22 21:55:48.955, 2, 90003, 97871
2026/09/22 21:55:48.955, 3, 92051, 97871
2026/09/22 21:55:49.156, 0, 90003, 97871
2026/09/22 21:55:49.156, 1, 90003, 97871
2026/09/22 21:55:49.156, 2, 90003, 97871
2026/09/22 21:55:49.156, 3, 92051, 97871
2026/09/22 21:55:49.356, 0, 90003, 97871
2026/09/22 21:55:49.356, 1, 90003, 97871
2026/09/22 21:55:49.356, 2, 90003, 97871
2026/09/22 21:55:49.356, 3, 92051, 97871
2026/09/22 21:55:49.556, 0, 90003, 97871
2026/09/22 21:55:49.556, 1, 90003, 97871
2026/09/22 21:55:49.556, 2, 90003, 97871
2026/09/22 21:55:49.556, 3, 92051, 97871
2026/09/22 21:55:49.756, 0, 90003, 97871
2026/09/22 21:55:49.756, 1, 90003, 97871
2026/09/22 21:55:49.756, 2, 90003, 97871
2026/09/22 21:55:49.756, 3, 92051, 97871
2026/09/22 21:55:49.956, 0, 90003, 97871
2026/09/22 21:55:49.956, 1, 90003, 97871
2026/09/22 21:55:49.956, 2, 90003, 97871
2026/09/22 21:55:49.956, 3, 92051, 97871
2026/09/22 21:55:50.156, 0, 90003, 97871
2026/09/22 21:55:50.157, 1, 90003, 97871
2026/09/22 21:55:50.157, 2, 90003, 97871
2026/09/22 21:55:50.157, 3, 92051, 97871
2026/09/22 21:55:50.357, 0, 90003, 97871
2026/09/22 21:55:50.357, 1, 90003, 97871
2026/09/22 21:55:50.357, 2, 90003, 97871
2026/09/22 21:55:50.357, 3, 92051, 97871
2026/09/22 21:55:50.557, 0, 90003, 97871
2026/09/22 21:55:50.557, 1, 90003, 97871
2026/09/22 21:55:50.557, 2, 90003, 97871
2026/09/22 21:55:50.557, 3, 92051, 97871
2026/09/22 21:55:50.757, 0, 90003, 97871
2026/09/22 21:55:50.757, 1, 90003, 97871
2026/09/22 21:55:50.757, 2, 90003, 97871
2026/09/22 21:55:50.757, 3, 92051, 97871
2026/09/22 21:55:50.957, 0, 90003, 97871
2026/09/22 21:55:50.957, 1, 90003, 97871
2026/09/22 21:55:50.957, 2, 90003, 97871
2026/09/22 21:55:50.958, 3, 92051, 97871
2026/09/22 21:55:51.158, 0, 90003, 97871
2026/09/22 21:55:51.158, 1, 90003, 97871
2026/09/22 21:55:51.158, 2, 90003, 97871
2026/09/22 21:55:51.158, 3, 92051, 97871
2026/09/22 21:55:51.358, 0, 90003, 97871
2026/09/22 21:55:51.358, 1, 90003, 97871
2026/09/22 21:55:51.358, 2, 90003, 97871
2026/09/22 21:55:51.358, 3, 92051, 97871
2026/09/22 21:55:51.558, 0, 90003, 97871
2026/09/22 21:55:51.558, 1, 90003, 97871
2026/09/22 21:55:51.558, 2, 90003, 97871
2026/09/22 21:55:51.558, 3, 92051, 97871
2026/09/22 21:55:51.758, 0, 90003, 97871
2026/09/22 21:55:51.759, 1, 90003, 97871
2026/09/22 21:55:51.759, 2, 90003, 97871
2026/09/22 21:55:51.759, 3, 92051, 97871
2026/09/22 21:55:51.959, 0, 90003, 97871
2026/09/22 21:55:51.959, 1, 90003, 97871
2026/09/22 21:55:51.959, 2, 90003, 97871
2026/09/22 21:55:51.959, 3, 92051, 97871
2026/09/22 21:55:52.159, 0, 90003, 97871
2026/09/22 21:55:52.159, 1, 90003, 97871
2026/09/22 21:55:52.159, 2, 90003, 97871
2026/09/22 21:55:52.159, 3, 92051, 97871
2026/09/22 21:55:52.359, 0, 90003, 97871
2026/09/22 21:55:52.359, 1, 90003, 97871
2026/09/22 21:55:52.359, 2, 90003, 97871
2026/09/22 21:55:52.360, 3, 92051, 97871
2026/09/22 21:55:52.560, 0, 90003, 97871
2026/09/22 21:55:52.560, 1, 90003, 97871
2026/09/22 21:55:52.560, 2, 90003, 97871
2026/09/22 21:55:52.560, 3, 92051, 97871
2026/09/22 21:55:52.760, 0, 90003, 97871
2026/09/22 21:55:52.760, 1, 90003, 97871
2026/09/22 21:55:52.760, 2, 90003, 97871
2026/09/22 21:55:52.760, 3, 92051, 97871
2026/09/22 21:55:52.960, 0, 90003, 97871
2026/09/22 21:55:52.960, 1, 90003, 97871
2026/09/22 21:55:52.960, 2, 90003, 97871
2026/09/22 21:55:52.961, 3, 92051, 97871
2026/09/22 21:55:53.161, 0, 90003, 97871
2026/09/22 21:55:53.161, 1, 90003, 97871
2026/09/22 21:55:53.161, 2, 90003, 97871
2026/09/22 21:55:53.161, 3, 92051, 97871
2026/09/22 21:55:53.361, 0, 90003, 97871
2026/09/22 21:55:53.361, 1, 90003, 97871
2026/09/22 21:55:53.361, 2, 90003, 97871
2026/09/22 21:55:53.361, 3, 92051, 97871
2026/09/22 21:55:53.561, 0, 90003, 97871
2026/09/22 21:55:53.561, 1, 90003, 97871
2026/09/22 21:55:53.561, 2, 90003, 97871
2026/09/22 21:55:53.561, 3, 92051, 97871
2026/09/22 21:55:53.761, 0, 90003, 97871
2026/09/22 21:55:53.761, 1, 90003, 97871
2026/09/22 21:55:53.761, 2, 90003, 97871
2026/09/22 21:55:53.762, 3, 92051, 97871
2026/09/22 21:55:53.962, 0, 90003, 97871
2026/09/22 21:55:53.962, 1, 90003, 97871
2026/09/22 21:55:53.962, 2, 90003, 97871
2026/09/22 21:55:53.962, 3, 92051, 97871
2026/09/22 21:55:54.162, 0, 90003, 97871
2026/09/22 21:55:54.162, 1, 90003, 97871
2026/09/22 21:55:54.162, 2, 90003, 97871
2026/09/22 21:55:54.162, 3, 92051, 97871
2026/09/22 21:55:54.362, 0, 90003, 97871
2026/09/22 21:55:54.362, 1, 90003, 97871
2026/09/22 21:55:54.362, 2, 90003, 97871
2026/09/22 21:55:54.362, 3, 92051, 97871
2026/09/22 21:55:54.562, 0, 90003, 97871
2026/09/22 21:55:54.562, 1, 90003, 97871
2026/09/22 21:55:54.562, 2, 90003, 97871
2026/09/22 21:55:54.563, 3, 92051, 97871
2026/09/22 21:55:54.763, 0, 90003, 97871
2026/09/22 21:55:54.763, 1, 90003, 97871
2026/09/22 21:55:54.763, 2, 90003, 97871
2026/09/22 21:55:54.763, 3, 92051, 97871
2026/09/22 21:55:54.963, 0, 90003, 97871
2026/09/22 21:55:54.963, 1, 90003, 97871
2026/09/22 21:55:54.963, 2, 90003, 97871
2026/09/22 21:55:54.963, 3, 92051, 97871
2026/09/22 21:55:55.163, 0, 90003, 97871
2026/09/22 21:55:55.163, 1, 90003, 97871
2026/09/22 21:55:55.163, 2, 90003, 97871
2026/09/22 21:55:55.163, 3, 92051, 97871
2026/09/22 21:55:55.363, 0, 90003, 97871
2026/09/22 21:55:55.363, 1, 90003, 97871
2026/09/22 21:55:55.363, 2, 90003, 97871
2026/09/22 21:55:55.363, 3, 92051, 97871
2026/09/22 21:55:55.563, 0, 90003, 97871
2026/09/22 21:55:55.563, 1, 90003, 97871
2026/09/22 21:55:55.564, 2, 90003, 97871
2026/09/22 21:55:55.564, 3, 92051, 97871
2026/09/22 21:55:55.764, 0, 90003, 97871
2026/09/22 21:55:55.764, 1, 90003, 97871
2026/09/22 21:55:55.764, 2, 90003, 97871
2026/09/22 21:55:55.764, 3, 92051, 97871
2026/09/22 21:55:55.964, 0, 90003, 97871
2026/09/22 21:55:55.964, 1, 90003, 97871
2026/09/22 21:55:55.964, 2, 90003, 97871
2026/09/22 21:55:55.964, 3, 92051, 97871
2026/09/22 21:55:56.164, 0, 90003, 97871
2026/09/22 21:55:56.164, 1, 90003, 97871
2026/09/22 21:55:56.164, 2, 90003, 97871
2026/09/22 21:55:56.164, 3, 92051, 97871
2026/09/22 21:55:56.364, 0, 90003, 97871
2026/09/22 21:55:56.364, 1, 90003, 97871
2026/09/22 21:55:56.364, 2, 90003, 97871
2026/09/22 21:55:56.364, 3, 92051, 97871
2026/09/22 21:55:56.564, 0, 90003, 97871
2026/09/22 21:55:56.564, 1, 90003, 97871
2026/09/22 21:55:56.565, 2, 90003, 97871
2026/09/22 21:55:56.565, 3, 92051, 97871
2026/09/22 21:55:56.765, 0, 90003, 97871
2026/09/22 21:55:56.765, 1, 90003, 97871
2026/09/22 21:55:56.765, 2, 90003, 97871
2026/09/22 21:55:56.765, 3, 92051, 97871
2026/09/22 21:55:56.965, 0, 90003, 97871
2026/09/22 21:55:56.965, 1, 90003, 97871
2026/09/22 21:55:56.965, 2, 90003, 97871
2026/09/22 21:55:56.965, 3, 92051, 97871
2026/09/22 21:55:57.165, 0, 90003, 97871
2026/09/22 21:55:57.165, 1, 90003, 97871
2026/09/22 21:55:57.165, 2, 90003, 97871
2026/09/22 21:55:57.165, 3, 92051, 97871
2026/09/22 21:55:57.365, 0, 90003, 97871
2026/09/22 21:55:57.366, 1, 90003, 97871
2026/09/22 21:55:57.366, 2, 90003, 97871
2026/09/22 21:55:57.366, 3, 92051, 97871
2026/09/22 21:55:57.566, 0, 90003, 97871
2026/09/22 21:55:57.566, 1, 90003, 97871
2026/09/22 21:55:57.566, 2, 90003, 97871
2026/09/22 21:55:57.566, 3, 92051, 97871
2026/09/22 21:55:57.766, 0, 90003, 97871
2026/09/22 21:55:57.766, 1, 90003, 97871
2026/09/22 21:55:57.766, 2, 90003, 97871
2026/09/22 21:55:57.766, 3, 92051, 97871
2026/09/22 21:55:57.966, 0, 90003, 97871
2026/09/22 21:55:57.966, 1, 90003, 97871
2026/09/22 21:55:57.966, 2, 90003, 97871
2026/09/22 21:55:57.966, 3, 92051, 97871
2026/09/22 21:55:58.166, 0, 90003, 97871
2026/09/22 21:55:58.166, 1, 90003, 97871
2026/09/22 21:55:58.166, 2, 90003, 97871
2026/09/22 21:55:58.166, 3, 92051, 97871
2026/09/22 21:55:58.366, 0, 90003, 97871
2026/09/22 21:55:58.366, 1, 90003, 97871
2026/09/22 21:55:58.367, 2, 90003, 97871
2026/09/22 21:55:58.367, 3, 92051, 97871
2026/09/22 21:55:58.567, 0, 90003, 97871
2026/09/22 21:55:58.567, 1, 90003, 97871
2026/09/22 21:55:58.567, 2, 90003, 97871
2026/09/22 21:55:58.567, 3, 92051, 97871
2026/09/22 21:55:58.767, 0, 90003, 97871
2026/09/22 21:55:58.767, 1, 90003, 97871
2026/09/22 21:55:58.767, 2, 90003, 97871
2026/09/22 21:55:58.767, 3, 92051, 97871
2026/09/22 21:55:58.967, 0, 90003, 97871
2026/09/22 21:55:58.967, 1, 90003, 97871
2026/09/22 21:55:58.967, 2, 90003, 97871
2026/09/22 21:55:58.967, 3, 92051, 97871
2026/09/22 21:55:59.167, 0, 90003, 97871
2026/09/22 21:55:59.167, 1, 90003, 97871
2026/09/22 21:55:59.167, 2, 90003, 97871
2026/09/22 21:55:59.167, 3, 92051, 97871
2026/09/22 21:55:59.368, 0, 90003, 97871
2026/09/22 21:55:59.368, 1, 90003, 97871
2026/09/22 21:55:59.368, 2, 90003, 97871
2026/09/22 21:55:59.368, 3, 92051, 97871
2026/09/22 21:55:59.568, 0, 90003, 97871
2026/09/22 21:55:59.568, 1, 90003, 97871
2026/09/22 21:55:59.568, 2, 90003, 97871
2026/09/22 21:55:59.568, 3, 92051, 97871
2026/09/22 21:55:59.768, 0, 90003, 97871
2026/09/22 21:55:59.768, 1, 90003, 97871
2026/09/22 21:55:59.768, 2, 90003, 97871
2026/09/22 21:55:59.768, 3, 92051, 97871
2026/09/22 21:55:59.968, 0, 90003, 97871
2026/09/22 21:55:59.968, 1, 90003, 97871
2026/09/22 21:55:59.968, 2, 90003, 97871
2026/09/22 21:55:59.968, 3, 92051, 97871
2026/09/22 21:56:00.168, 0, 90003, 97871
2026/09/22 21:56:00.169, 1, 90003, 97871
2026/09/22 21:56:00.169, 2, 90003, 97871
2026/09/22 21:56:00.169, 3, 92051, 97871
2026/09/22 21:56:00.369, 0, 90003, 97871
2026/09/22 21:56:00.369, 1, 90003, 97871
2026/09/22 21:56:00.369, 2, 90003, 97871
2026/09/22 21:56:00.369, 3, 92051, 97871
2026/09/22 21:56:00.569, 0, 90003, 97871
2026/09/22 21:56:00.569, 1, 90003, 97871
2026/09/22 21:56:00.569, 2, 90003, 97871
2026/09/22 21:56:00.569, 3, 92051, 97871
2026/09/22 21:56:00.769, 0, 90003, 97871
2026/09/22 21:56:00.769, 1, 90003, 97871
2026/09/22 21:56:00.769, 2, 90003, 97871
2026/09/22 21:56:00.769, 3, 92051, 97871
2026/09/22 21:56:00.969, 0, 90003, 97871
2026/09/22 21:56:00.970, 1, 90003, 97871
2026/09/22 21:56:00.970, 2, 90003, 97871
2026/09/22 21:56:00.970, 3, 92051, 97871
2026/09/22 21:56:01.170, 0, 90003, 97871
2026/09/22 21:56:01.170, 1, 90003, 97871
2026/09/22 21:56:01.170, 2, 90003, 97871
2026/09/22 21:56:01.170, 3, 92051, 97871
2026/09/22 21:56:01.370, 0, 90003, 97871
2026/09/22 21:56:01.370, 1, 90003, 97871
2026/09/22 21:56:01.370, 2, 90003, 97871
2026/09/22 21:56:01.370, 3, 92051, 97871
2026/09/22 21:56:01.570, 0, 90003, 97871
2026/09/22 21:56:01.570, 1, 90003, 97871
2026/09/22 21:56:01.570, 2, 90003, 97871
2026/09/22 21:56:01.570, 3, 92051, 97871
2026/09/22 21:56:01.770, 0, 90003, 97871
2026/09/22 21:56:01.770, 1, 90003, 97871
2026/09/22 21:56:01.770, 2, 90003, 97871
2026/09/22 21:56:01.770, 3, 92051, 97871
2026/09/22 21:56:01.970, 0, 90003, 97871
2026/09/22 21:56:01.971, 1, 90003, 97871
2026/09/22 21:56:01.971, 2, 90003, 97871
2026/09/22 21:56:01.971, 3, 92051, 97871
2026/09/22 21:56:02.171, 0, 90003, 97871
2026/09/22 21:56:02.171, 1, 90003, 97871
2026/09/22 21:56:02.171, 2, 90003, 97871
2026/09/22 21:56:02.171, 3, 92051, 97871
2026/09/22 21:56:02.371, 0, 90003, 97871
2026/09/22 21:56:02.371, 1, 90003, 97871
2026/09/22 21:56:02.371, 2, 90003, 97871
2026/09/22 21:56:02.371, 3, 92051, 97871
2026/09/22 21:56:02.571, 0, 90003, 97871
2026/09/22 21:56:02.571, 1, 90003, 97871
2026/09/22 21:56:02.571, 2, 90003, 97871
2026/09/22 21:56:02.572, 3, 92051, 97871
2026/09/22 21:56:02.772, 0, 90003, 97871
2026/09/22 21:56:02.772, 1, 90003, 97871
2026/09/22 21:56:02.772, 2, 90003, 97871
2026/09/22 21:56:02.772, 3, 92051, 97871
2026/09/22 21:56:02.972, 0, 90003, 97871
2026/09/22 21:56:02.972, 1, 90003, 97871
2026/09/22 21:56:02.972, 2, 90003, 97871
2026/09/22 21:56:02.972, 3, 92051, 97871
2026/09/22 21:56:03.172, 0, 90003, 97871
2026/09/22 21:56:03.172, 1, 90003, 97871
2026/09/22 21:56:03.172, 2, 90003, 97871
2026/09/22 21:56:03.172, 3, 92051, 97871
2026/09/22 21:56:03.372, 0, 90003, 97871
2026/09/22 21:56:03.372, 1, 90003, 97871
2026/09/22 21:56:03.372, 2, 90003, 97871
2026/09/22 21:56:03.372, 3, 92051, 97871
2026/09/22 21:56:03.572, 0, 90003, 97871
2026/09/22 21:56:03.573, 1, 90003, 97871
2026/09/22 21:56:03.573, 2, 90003, 97871
2026/09/22 21:56:03.573, 3, 92051, 97871
2026/09/22 21:56:03.773, 0, 90003, 97871
2026/09/22 21:56:03.773, 1, 90003, 97871
2026/09/22 21:56:03.773, 2, 90003, 97871
2026/09/22 21:56:03.773, 3, 92051, 97871
2026/09/22 21:56:03.973, 0, 90003, 97871
2026/09/22 21:56:03.973, 1, 90003, 97871
2026/09/22 21:56:03.973, 2, 90003, 97871
2026/09/22 21:56:03.973, 3, 92051, 97871
2026/09/22 21:56:04.173, 0, 90003, 97871
2026/09/22 21:56:04.173, 1, 90003, 97871
2026/09/22 21:56:04.174, 2, 90003, 97871
2026/09/22 21:56:04.174, 3, 92051, 97871
2026/09/22 21:56:04.374, 0, 90003, 97871
2026/09/22 21:56:04.374, 1, 90003, 97871
2026/09/22 21:56:04.374, 2, 90003, 97871
2026/09/22 21:56:04.374, 3, 92051, 97871
2026/09/22 21:56:04.574, 0, 90003, 97871
2026/09/22 21:56:04.574, 1, 90003, 97871
2026/09/22 21:56:04.574, 2, 90003, 97871
2026/09/22 21:56:04.574, 3, 92051, 97871
2026/09/22 21:56:04.774, 0, 90003, 97871
2026/09/22 21:56:04.774, 1, 90003, 97871
2026/09/22 21:56:04.774, 2, 90003, 97871
2026/09/22 21:56:04.774, 3, 92051, 97871
2026/09/22 21:56:04.975, 0, 90003, 97871
2026/09/22 21:56:04.975, 1, 90003, 97871
2026/09/22 21:56:04.975, 2, 90003, 97871
2026/09/22 21:56:04.975, 3, 92051, 97871
2026/09/22 21:56:05.175, 0, 90003, 97871
2026/09/22 21:56:05.175, 1, 90003, 97871
2026/09/22 21:56:05.175, 2, 90003, 97871
2026/09/22 21:56:05.175, 3, 92051, 97871
2026/09/22 21:56:05.375, 0, 90003, 97871
2026/09/22 21:56:05.375, 1, 90003, 97871
2026/09/22 21:56:05.375, 2, 90003, 97871
2026/09/22 21:56:05.375, 3, 92051, 97871
2026/09/22 21:56:05.575, 0, 90003, 97871
2026/09/22 21:56:05.575, 1, 90003, 97871
2026/09/22 21:56:05.575, 2, 90003, 97871
2026/09/22 21:56:05.575, 3, 92051, 97871
2026/09/22 21:56:05.775, 0, 90003, 97871
2026/09/22 21:56:05.776, 1, 90003, 97871
2026/09/22 21:56:05.776, 2, 90003, 97871
2026/09/22 21:56:05.776, 3, 92051, 97871
2026/09/22 21:56:05.976, 0, 90003, 97871
2026/09/22 21:56:05.976, 1, 90003, 97871
2026/09/22 21:56:05.976, 2, 90003, 97871
2026/09/22 21:56:05.976, 3, 92051, 97871
2026/09/22 21:56:06.176, 0, 90003, 97871
2026/09/22 21:56:06.176, 1, 90003, 97871
2026/09/22 21:56:06.176, 2, 90003, 97871
2026/09/22 21:56:06.176, 3, 92051, 97871
2026/09/22 21:56:06.376, 0, 90003, 97871
2026/09/22 21:56:06.376, 1, 90003, 97871
2026/09/22 21:56:06.376, 2, 90003, 97871
2026/09/22 21:56:06.376, 3, 92051, 97871
2026/09/22 21:56:06.576, 0, 90003, 97871
2026/09/22 21:56:06.576, 1, 90003, 97871
2026/09/22 21:56:06.576, 2, 90003, 97871
2026/09/22 21:56:06.577, 3, 92051, 97871
2026/09/22 21:56:06.777, 0, 90003, 97871
2026/09/22 21:56:06.777, 1, 90003, 97871
2026/09/22 21:56:06.777, 2, 90003, 97871
2026/09/22 21:56:06.777, 3, 92051, 97871
2026/09/22 21:56:06.977, 0, 90003, 97871
2026/09/22 21:56:06.977, 1, 90003, 97871
2026/09/22 21:56:06.977, 2, 90003, 97871
2026/09/22 21:56:06.977, 3, 92051, 97871
2026/09/22 21:56:07.177, 0, 90003, 97871
2026/09/22 21:56:07.177, 1, 90003, 97871
2026/09/22 21:56:07.177, 2, 90003, 97871
2026/09/22 21:56:07.177, 3, 92051, 97871
2026/09/22 21:56:07.377, 0, 90003, 97871
2026/09/22 21:56:07.377, 1, 90003, 97871
2026/09/22 21:56:07.377, 2, 90003, 97871
2026/09/22 21:56:07.377, 3, 92051, 97871
2026/09/22 21:56:07.578, 0, 90003, 97871
2026/09/22 21:56:07.578, 1, 90003, 97871
2026/09/22 21:56:07.578, 2, 90003, 97871
2026/09/22 21:56:07.578, 3, 92051, 97871
2026/09/22 21:56:07.778, 0, 90003, 97871
2026/09/22 21:56:07.778, 1, 90003, 97871
2026/09/22 21:56:07.778, 2, 90003, 97871
2026/09/22 21:56:07.778, 3, 92051, 97871
2026/09/22 21:56:07.978, 0, 90003, 97871
2026/09/22 21:56:07.978, 1, 90003, 97871
2026/09/22 21:56:07.978, 2, 90003, 97871
2026/09/22 21:56:07.978, 3, 92051, 97871
2026/09/22 21:56:08.178, 0, 90003, 97871
2026/09/22 21:56:08.178, 1, 90003, 97871
2026/09/22 21:56:08.178, 2, 90003, 97871
2026/09/22 21:56:08.178, 3, 92051, 97871
2026/09/22 21:56:08.378, 0, 90003, 97871
2026/09/22 21:56:08.378, 1, 90003, 97871
2026/09/22 21:56:08.378, 2, 90003, 97871
2026/09/22 21:56:08.378, 3, 92051, 97871
2026/09/22 21:56:08.579, 0, 90003, 97871
2026/09/22 21:56:08.579, 1, 90003, 97871
2026/09/22 21:56:08.579, 2, 90003, 97871
2026/09/22 21:56:08.579, 3, 92051, 97871
2026/09/22 21:56:08.779, 0, 90003, 97871
2026/09/22 21:56:08.779, 1, 90003, 97871
2026/09/22 21:56:08.779, 2, 90003, 97871
2026/09/22 21:56:08.779, 3, 92051, 97871
2026/09/22 21:56:08.979, 0, 90003, 97871
2026/09/22 21:56:08.979, 1, 90003, 97871
2026/09/22 21:56:08.979, 2, 90003, 97871
2026/09/22 21:56:08.979, 3, 92051, 97871
2026/09/22 21:56:09.179, 0, 90003, 97871
2026/09/22 21:56:09.179, 1, 90003, 97871
2026/09/22 21:56:09.179, 2, 90003, 97871
2026/09/22 21:56:09.179, 3, 92051, 97871
2026/09/22 21:56:09.380, 0, 90003, 97871
2026/09/22 21:56:09.380, 1, 90003, 97871
2026/09/22 21:56:09.380, 2, 90003, 97871
2026/09/22 21:56:09.380, 3, 92051, 97871
2026/09/22 21:56:09.580, 0, 90003, 97871
2026/09/22 21:56:09.580, 1, 90003, 97871
2026/09/22 21:56:09.580, 2, 90003, 97871
2026/09/22 21:56:09.580, 3, 92051, 97871
2026/09/22 21:56:09.780, 0, 90003, 97871
2026/09/22 21:56:09.780, 1, 90003, 97871
2026/09/22 21:56:09.780, 2, 90003, 97871
2026/09/22 21:56:09.780, 3, 92051, 97871
2026/09/22 21:56:09.980, 0, 90003, 97871
2026/09/22 21:56:09.980, 1, 90003, 97871
2026/09/22 21:56:09.980, 2, 90003, 97871
2026/09/22 21:56:09.980, 3, 92051, 97871
2026/09/22 21:56:10.180, 0, 90003, 97871
2026/09/22 21:56:10.181, 1, 90003, 97871
2026/09/22 21:56:10.181, 2, 90003, 97871
2026/09/22 21:56:10.181, 3, 92051, 97871
2026/09/22 21:56:10.381, 0, 90003, 97871
2026/09/22 21:56:10.381, 1, 90003, 97871
2026/09/22 21:56:10.381, 2, 90003, 97871
2026/09/22 21:56:10.381, 3, 92051, 97871
2026/09/22 21:56:10.581, 0, 90003, 97871
2026/09/22 21:56:10.581, 1, 90003, 97871
2026/09/22 21:56:10.581, 2, 90003, 97871
2026/09/22 21:56:10.581, 3, 92051, 97871
2026/09/22 21:56:10.781, 0, 90003, 97871
2026/09/22 21:56:10.781, 1, 90003, 97871
2026/09/22 21:56:10.781, 2, 90003, 97871
2026/09/22 21:56:10.781, 3, 92051, 97871
2026/09/22 21:56:10.981, 0, 90003, 97871
2026/09/22 21:56:10.981, 1, 90003, 97871
2026/09/22 21:56:10.981, 2, 90003, 97871
2026/09/22 21:56:10.981, 3, 92051, 97871
2026/09/22 21:56:11.182, 0, 90003, 97871
2026/09/22 21:56:11.182, 1, 90003, 97871
2026/09/22 21:56:11.182, 2, 90003, 97871
2026/09/22 21:56:11.182, 3, 92051, 97871
2026/09/22 21:56:11.382, 0, 90003, 97871
2026/09/22 21:56:11.383, 1, 90003, 97871
2026/09/22 21:56:11.383, 2, 90003, 97871
2026/09/22 21:56:11.383, 3, 92051, 97871
2026/09/22 21:56:11.583, 0, 90003, 97871
2026/09/22 21:56:11.583, 1, 90003, 97871
2026/09/22 21:56:11.583, 2, 90003, 97871
2026/09/22 21:56:11.583, 3, 92051, 97871
2026/09/22 21:56:11.783, 0, 90003, 97871
2026/09/22 21:56:11.783, 1, 90003, 97871
2026/09/22 21:56:11.783, 2, 90003, 97871
2026/09/22 21:56:11.783, 3, 92051, 97871
2026/09/22 21:56:11.983, 0, 90003, 97871
2026/09/22 21:56:11.983, 1, 90003, 97871
2026/09/22 21:56:11.983, 2, 90003, 97871
2026/09/22 21:56:11.984, 3, 92051, 97871
2026/09/22 21:56:12.184, 0, 90003, 97871
2026/09/22 21:56:12.184, 1, 90003, 97871
2026/09/22 21:56:12.184, 2, 90003, 97871
2026/09/22 21:56:12.184, 3, 92051, 97871
2026/09/22 21:56:12.384, 0, 90003, 97871
2026/09/22 21:56:12.384, 1, 90003, 97871
2026/09/22 21:56:12.384, 2, 90003, 97871
2026/09/22 21:56:12.384, 3, 92051, 97871
2026/09/22 21:56:12.584, 0, 90003, 97871
2026/09/22 21:56:12.584, 1, 90003, 97871
2026/09/22 21:56:12.584, 2, 90003, 97871
2026/09/22 21:56:12.584, 3, 92051, 97871
2026/09/22 21:56:12.784, 0, 90003, 97871
2026/09/22 21:56:12.784, 1, 90003, 97871
2026/09/22 21:56:12.784, 2, 90003, 97871
2026/09/22 21:56:12.784, 3, 92051, 97871
2026/09/22 21:56:12.985, 0, 90003, 97871
2026/09/22 21:56:12.985, 1, 90003, 97871
2026/09/22 21:56:12.985, 2, 90003, 97871
2026/09/22 21:56:12.985, 3, 92051, 97871
2026/09/22 21:56:13.185, 0, 90003, 97871
2026/09/22 21:56:13.185, 1, 90003, 97871
2026/09/22 21:56:13.185, 2, 90003, 97871
2026/09/22 21:56:13.185, 3, 92051, 97871
2026/09/22 21:56:13.385, 0, 90003, 97871
2026/09/22 21:56:13.385, 1, 90003, 97871
2026/09/22 21:56:13.385, 2, 90003, 97871
2026/09/22 21:56:13.385, 3, 92051, 97871
2026/09/22 21:56:13.585, 0, 90003, 97871
2026/09/22 21:56:13.585, 1, 90003, 97871
2026/09/22 21:56:13.585, 2, 90003, 97871
2026/09/22 21:56:13.586, 3, 92051, 97871
2026/09/22 21:56:13.786, 0, 90003, 97871
2026/09/22 21:56:13.786, 1, 90003, 97871
2026/09/22 21:56:13.786, 2, 90003, 97871
2026/09/22 21:56:13.786, 3, 92051, 97871
2026/09/22 21:56:13.986, 0, 90003, 97871
2026/09/22 21:56:13.986, 1, 90003, 97871
2026/09/22 21:56:13.986, 2, 90003, 97871
2026/09/22 21:56:13.986, 3, 92051, 97871
2026/09/22 21:56:14.186, 0, 90003, 97871
2026/09/22 21:56:14.186, 1, 90003, 97871
2026/09/22 21:56:14.186, 2, 90003, 97871
2026/09/22 21:56:14.186, 3, 92051, 97871
2026/09/22 21:56:14.386, 0, 90003, 97871
2026/09/22 21:56:14.386, 1, 90003, 97871
2026/09/22 21:56:14.386, 2, 90003, 97871
2026/09/22 21:56:14.386, 3, 92051, 97871
2026/09/22 21:56:14.586, 0, 90003, 97871
2026/09/22 21:56:14.586, 1, 90003, 97871
2026/09/22 21:56:14.586, 2, 90003, 97871
2026/09/22 21:56:14.587, 3, 92051, 97871
2026/09/22 21:56:14.787, 0, 90003, 97871
2026/09/22 21:56:14.787, 1, 90003, 97871
2026/09/22 21:56:14.787, 2, 90003, 97871
2026/09/22 21:56:14.787, 3, 92051, 97871
2026/09/22 21:56:14.987, 0, 90003, 97871
2026/09/22 21:56:14.987, 1, 90003, 97871
2026/09/22 21:56:14.987, 2, 90003, 97871
2026/09/22 21:56:14.987, 3, 92051, 97871
2026/09/22 21:56:15.187, 0, 90003, 97871
2026/09/22 21:56:15.187, 1, 90003, 97871
2026/09/22 21:56:15.187, 2, 90003, 97871
2026/09/22 21:56:15.187, 3, 92051, 97871
2026/09/22 21:56:15.387, 0, 90003, 97871
2026/09/22 21:56:15.387, 1, 90003, 97871
2026/09/22 21:56:15.387, 2, 90003, 97871
2026/09/22 21:56:15.387, 3, 92051, 97871
2026/09/22 21:56:15.587, 0, 90003, 97871
2026/09/22 21:56:15.588, 1, 90003, 97871
2026/09/22 21:56:15.588, 2, 90003, 97871
2026/09/22 21:56:15.588, 3, 92051, 97871
2026/09/22 21:56:15.788, 0, 90003, 97871
2026/09/22 21:56:15.788, 1, 90003, 97871
2026/09/22 21:56:15.788, 2, 90003, 97871
2026/09/22 21:56:15.788, 3, 92051, 97871
2026/09/22 21:56:15.988, 0, 90003, 97871
2026/09/22 21:56:15.988, 1, 90003, 97871
2026/09/22 21:56:15.988, 2, 90003, 97871
2026/09/22 21:56:15.988, 3, 92051, 97871
2026/09/22 21:56:16.188, 0, 90003, 97871
2026/09/22 21:56:16.188, 1, 90003, 97871
2026/09/22 21:56:16.188, 2, 90003, 97871
2026/09/22 21:56:16.188, 3, 92051, 97871
2026/09/22 21:56:16.388, 0, 90003, 97871
2026/09/22 21:56:16.388, 1, 90003, 97871
2026/09/22 21:56:16.388, 2, 90003, 97871
2026/09/22 21:56:16.388, 3, 92051, 97871
2026/09/22 21:56:16.588, 0, 90003, 97871
2026/09/22 21:56:16.589, 1, 90003, 97871
2026/09/22 21:56:16.589, 2, 90003, 97871
2026/09/22 21:56:16.589, 3, 92051, 97871
2026/09/22 21:56:16.789, 0, 90003, 97871
2026/09/22 21:56:16.789, 1, 90003, 97871
2026/09/22 21:56:16.789, 2, 90003, 97871
2026/09/22 21:56:16.789, 3, 92051, 97871
2026/09/22 21:56:16.989, 0, 90003, 97871
2026/09/22 21:56:16.989, 1, 90003, 97871
2026/09/22 21:56:16.989, 2, 90003, 97871
2026/09/22 21:56:16.989, 3, 92051, 97871
2026/09/22 21:56:17.189, 0, 90003, 97871
2026/09/22 21:56:17.189, 1, 90003, 97871
2026/09/22 21:56:17.189, 2, 90003, 97871
2026/09/22 21:56:17.189, 3, 92051, 97871
2026/09/22 21:56:17.389, 0, 90003, 97871
2026/09/22 21:56:17.389, 1, 90003, 97871
2026/09/22 21:56:17.389, 2, 90003, 97871
2026/09/22 21:56:17.389, 3, 92051, 97871
2026/09/22 21:56:17.590, 0, 90003, 97871
2026/09/22 21:56:17.590, 1, 90003, 97871
2026/09/22 21:56:17.590, 2, 90003, 97871
2026/09/22 21:56:17.590, 3, 92051, 97871
2026/09/22 21:56:17.790, 0, 90003, 97871
2026/09/22 21:56:17.790, 1, 90003, 97871
2026/09/22 21:56:17.790, 2, 90003, 97871
2026/09/22 21:56:17.790, 3, 92051, 97871
2026/09/22 21:56:17.990, 0, 90003, 97871
2026/09/22 21:56:17.990, 1, 90003, 97871
2026/09/22 21:56:17.990, 2, 90003, 97871
2026/09/22 21:56:17.990, 3, 92051, 97871
2026/09/22 21:56:18.190, 0, 90003, 97871
2026/09/22 21:56:18.190, 1, 90003, 97871
2026/09/22 21:56:18.190, 2, 90003, 97871
2026/09/22 21:56:18.190, 3, 92051, 97871
2026/09/22 21:56:18.390, 0, 90003, 97871
2026/09/22 21:56:18.390, 1, 90003, 97871
2026/09/22 21:56:18.390, 2, 90003, 97871
2026/09/22 21:56:18.390, 3, 92051, 97871
2026/09/22 21:56:18.591, 0, 90003, 97871
2026/09/22 21:56:18.591, 1, 90003, 97871
2026/09/22 21:56:18.591, 2, 90003, 97871
2026/09/22 21:56:18.591, 3, 92051, 97871
2026/09/22 21:56:18.791, 0, 90003, 97871
2026/09/22 21:56:18.791, 1, 90003, 97871
2026/09/22 21:56:18.791, 2, 90003, 97871
2026/09/22 21:56:18.791, 3, 92051, 97871
2026/09/22 21:56:18.991, 0, 90003, 97871
2026/09/22 21:56:18.991, 1, 90003, 97871
2026/09/22 21:56:18.991, 2, 90003, 97871
2026/09/22 21:56:18.991, 3, 92051, 97871
2026/09/22 21:56:19.191, 0, 90003, 97871
2026/09/22 21:56:19.191, 1, 90003, 97871
2026/09/22 21:56:19.191, 2, 90003, 97871
2026/09/22 21:56:19.191, 3, 92051, 97871
2026/09/22 21:56:19.391, 0, 90003, 97871
2026/09/22 21:56:19.391, 1, 90003, 97871
2026/09/22 21:56:19.391, 2, 90003, 97871
2026/09/22 21:56:19.391, 3, 92051, 97871
2026/09/22 21:56:19.592, 0, 90003, 97871
2026/09/22 21:56:19.592, 1, 90003, 97871
2026/09/22 21:56:19.592, 2, 90003, 97871
2026/09/22 21:56:19.592, 3, 92051, 97871
2026/09/22 21:56:19.792, 0, 90003, 97871
2026/09/22 21:56:19.792, 1, 90003, 97871
2026/09/22 21:56:19.792, 2, 90003, 97871
2026/09/22 21:56:19.792, 3, 92051, 97871
2026/09/22 21:56:19.992, 0, 90003, 97871
2026/09/22 21:56:19.992, 1, 90003, 97871
2026/09/22 21:56:19.992, 2, 90003, 97871
2026/09/22 21:56:19.992, 3, 92051, 97871
2026/09/22 21:56:20.192, 0, 90003, 97871
2026/09/22 21:56:20.192, 1, 90003, 97871
2026/09/22 21:56:20.192, 2, 90003, 97871
2026/09/22 21:56:20.192, 3, 92051, 97871
2026/09/22 21:56:20.393, 0, 90003, 97871
2026/09/22 21:56:20.393, 1, 90003, 97871
2026/09/22 21:56:20.393, 2, 90003, 97871
2026/09/22 21:56:20.393, 3, 92051, 97871
2026/09/22 21:56:20.593, 0, 90003, 97871
2026/09/22 21:56:20.593, 1, 90003, 97871
2026/09/22 21:56:20.593, 2, 90003, 97871
2026/09/22 21:56:20.593, 3, 92051, 97871
2026/09/22 21:56:20.793, 0, 90003, 97871
2026/09/22 21:56:20.793, 1, 90003, 97871
2026/09/22 21:56:20.793, 2, 90003, 97871
2026/09/22 21:56:20.793, 3, 92051, 97871
2026/09/22 21:56:20.993, 0, 90003, 97871
2026/09/22 21:56:20.993, 1, 90003, 97871
2026/09/22 21:56:20.993, 2, 90003, 97871
2026/09/22 21:56:20.993, 3, 92051, 97871
2026/09/22 21:56:21.194, 0, 90003, 97871
2026/09/22 21:56:21.194, 1, 90003, 97871
2026/09/22 21:56:21.194, 2, 90003, 97871
2026/09/22 21:56:21.194, 3, 92051, 97871
2026/09/22 21:56:21.394, 0, 90003, 97871
2026/09/22 21:56:21.394, 1, 90003, 97871
2026/09/22 21:56:21.394, 2, 90003, 97871
2026/09/22 21:56:21.394, 3, 92051, 97871
2026/09/22 21:56:21.594, 0, 90003, 97871
2026/09/22 21:56:21.594, 1, 90003, 97871
2026/09/22 21:56:21.594, 2, 90003, 97871
2026/09/22 21:56:21.594, 3, 92051, 97871
2026/09/22 21:56:21.795, 0, 90003, 97871
2026/09/22 21:56:21.795, 1, 90003, 97871
2026/09/22 21:56:21.795, 2, 90003, 97871
2026/09/22 21:56:21.795, 3, 92051, 97871
2026/09/22 21:56:21.995, 0, 90003, 97871
2026/09/22 21:56:21.995, 1, 90003, 97871
2026/09/22 21:56:21.995, 2, 90003, 97871
2026/09/22 21:56:21.995, 3, 92051, 97871
2026/09/22 21:56:22.195, 0, 90003, 97871
2026/09/22 21:56:22.195, 1, 90003, 97871
2026/09/22 21:56:22.195, 2, 90003, 97871
2026/09/22 21:56:22.195, 3, 92051, 97871
2026/09/22 21:56:22.395, 0, 90003, 97871
2026/09/22 21:56:22.395, 1, 90003, 97871
2026/09/22 21:56:22.395, 2, 90003, 97871
2026/09/22 21:56:22.395, 3, 92051, 97871
2026/09/22 21:56:22.595, 0, 90003, 97871
2026/09/22 21:56:22.596, 1, 90003, 97871
2026/09/22 21:56:22.596, 2, 90003, 97871
2026/09/22 21:56:22.596, 3, 92051, 97871
2026/09/22 21:56:22.796, 0, 90003, 97871
2026/09/22 21:56:22.796, 1, 90003, 97871
2026/09/22 21:56:22.796, 2, 90003, 97871
2026/09/22 21:56:22.796, 3, 92051, 97871
2026/09/22 21:56:22.996, 0, 90003, 97871
2026/09/22 21:56:22.996, 1, 90003, 97871
2026/09/22 21:56:22.996, 2, 90003, 97871
2026/09/22 21:56:22.996, 3, 92051, 97871
2026/09/22 21:56:23.196, 0, 90003, 97871
2026/09/22 21:56:23.196, 1, 90003, 97871
2026/09/22 21:56:23.196, 2, 90003, 97871
2026/09/22 21:56:23.196, 3, 92051, 97871
2026/09/22 21:56:23.397, 0, 90003, 97871
2026/09/22 21:56:23.397, 1, 90003, 97871
2026/09/22 21:56:23.397, 2, 90003, 97871
2026/09/22 21:56:23.397, 3, 92051, 97871
2026/09/22 21:56:23.597, 0, 90003, 97871
2026/09/22 21:56:23.597, 1, 90003, 97871
2026/09/22 21:56:23.597, 2, 90003, 97871
2026/09/22 21:56:23.597, 3, 92051, 97871
2026/09/22 21:56:23.797, 0, 90003, 97871
2026/09/22 21:56:23.797, 1, 90003, 97871
2026/09/22 21:56:23.797, 2, 90003, 97871
2026/09/22 21:56:23.797, 3, 92051, 97871
2026/09/22 21:56:23.997, 0, 90003, 97871
2026/09/22 21:56:23.997, 1, 90003, 97871
2026/09/22 21:56:23.997, 2, 90003, 97871
2026/09/22 21:56:23.997, 3, 92051, 97871
2026/09/22 21:56:24.197, 0, 90003, 97871
2026/09/22 21:56:24.197, 1, 90003, 97871
2026/09/22 21:56:24.197, 2, 90003, 97871
2026/09/22 21:56:24.197, 3, 92051, 97871
2026/09/22 21:56:24.397, 0, 90003, 97871
2026/09/22 21:56:24.397, 1, 90003, 97871
2026/09/22 21:56:24.398, 2, 90003, 97871
2026/09/22 21:56:24.398, 3, 92051, 97871
2026/09/22 21:56:24.598, 0, 90003, 97871
2026/09/22 21:56:24.598, 1, 90003, 97871
2026/09/22 21:56:24.598, 2, 90003, 97871
2026/09/22 21:56:24.598, 3, 92051, 97871
2026/09/22 21:56:24.798, 0, 90003, 97871
2026/09/22 21:56:24.798, 1, 90003, 97871
2026/09/22 21:56:24.798, 2, 90003, 97871
2026/09/22 21:56:24.798, 3, 92051, 97871
2026/09/22 21:56:24.998, 0, 90003, 97871
2026/09/22 21:56:24.998, 1, 90003, 97871
2026/09/22 21:56:24.998, 2, 90003, 97871
2026/09/22 21:56:24.998, 3, 92051, 97871
2026/09/22 21:56:25.198, 0, 90003, 97871
2026/09/22 21:56:25.198, 1, 90003, 97871
2026/09/22 21:56:25.198, 2, 90003, 97871
2026/09/22 21:56:25.199, 3, 92051, 97871
2026/09/22 21:56:25.399, 0, 90003, 97871
2026/09/22 21:56:25.399, 1, 90003, 97871
2026/09/22 21:56:25.399, 2, 90003, 97871
2026/09/22 21:56:25.399, 3, 92051, 97871
2026/09/22 21:56:25.599, 0, 90003, 97871
2026/09/22 21:56:25.599, 1, 90003, 97871
2026/09/22 21:56:25.599, 2, 90003, 97871
2026/09/22 21:56:25.599, 3, 92051, 97871
2026/09/22 21:56:25.799, 0, 90003, 97871
2026/09/22 21:56:25.799, 1, 90003, 97871
2026/09/22 21:56:25.799, 2, 90003, 97871
2026/09/22 21:56:25.799, 3, 92051, 97871
2026/09/22 21:56:25.999, 0, 90003, 97871
2026/09/22 21:56:25.999, 1, 90003, 97871
2026/09/22 21:56:25.999, 2, 90003, 97871
2026/09/22 21:56:25.999, 3, 92051, 97871
2026/09/22 21:56:26.199, 0, 90003, 97871
2026/09/22 21:56:26.199, 1, 90003, 97871
2026/09/22 21:56:26.199, 2, 90003, 97871
2026/09/22 21:56:26.199, 3, 92051, 97871
2026/09/22 21:56:26.400, 0, 90003, 97871
2026/09/22 21:56:26.400, 1, 90003, 97871
2026/09/22 21:56:26.400, 2, 90003, 97871
2026/09/22 21:56:26.400, 3, 92051, 97871
2026/09/22 21:56:26.600, 0, 90003, 97871
2026/09/22 21:56:26.600, 1, 90003, 97871
2026/09/22 21:56:26.600, 2, 90003, 97871
2026/09/22 21:56:26.600, 3, 92051, 97871
2026/09/22 21:56:26.800, 0, 90003, 97871
2026/09/22 21:56:26.800, 1, 90003, 97871
2026/09/22 21:56:26.800, 2, 90003, 97871
2026/09/22 21:56:26.800, 3, 92051, 97871
2026/09/22 21:56:27.000, 0, 90003, 97871
2026/09/22 21:56:27.000, 1, 90003, 97871
2026/09/22 21:56:27.000, 2, 90003, 97871
2026/09/22 21:56:27.000, 3, 92051, 97871
2026/09/22 21:56:27.200, 0, 90003, 97871
2026/09/22 21:56:27.200, 1, 90003, 97871
2026/09/22 21:56:27.200, 2, 90003, 97871
2026/09/22 21:56:27.201, 3, 92051, 97871
2026/09/22 21:56:27.401, 0, 90003, 97871
2026/09/22 21:56:27.401, 1, 90003, 97871
2026/09/22 21:56:27.401, 2, 90003, 97871
2026/09/22 21:56:27.401, 3, 92051, 97871
2026/09/22 21:56:27.601, 0, 90003, 97871
2026/09/22 21:56:27.601, 1, 90003, 97871
2026/09/22 21:56:27.601, 2, 90003, 97871
2026/09/22 21:56:27.601, 3, 92051, 97871
2026/09/22 21:56:27.801, 0, 90003, 97871
2026/09/22 21:56:27.801, 1, 90003, 97871
2026/09/22 21:56:27.801, 2, 90003, 97871
2026/09/22 21:56:27.801, 3, 92051, 97871
2026/09/22 21:56:28.001, 0, 90003, 97871
2026/09/22 21:56:28.001, 1, 90003, 97871
2026/09/22 21:56:28.001, 2, 90003, 97871
2026/09/22 21:56:28.001, 3, 92051, 97871
2026/09/22 21:56:28.202, 0, 90003, 97871
2026/09/22 21:56:28.202, 1, 90003, 97871
2026/09/22 21:56:28.202, 2, 90003, 97871
2026/09/22 21:56:28.202, 3, 92051, 97871
2026/09/22 21:56:28.402, 0, 90003, 97871
2026/09/22 21:56:28.402, 1, 90003, 97871
2026/09/22 21:56:28.402, 2, 90003, 97871
2026/09/22 21:56:28.402, 3, 92051, 97871
2026/09/22 21:56:28.602, 0, 90003, 97871
2026/09/22 21:56:28.602, 1, 90003, 97871
2026/09/22 21:56:28.602, 2, 90003, 97871
2026/09/22 21:56:28.602, 3, 92051, 97871
2026/09/22 21:56:28.802, 0, 90003, 97871
2026/09/22 21:56:28.802, 1, 90003, 97871
2026/09/22 21:56:28.802, 2, 90003, 97871
2026/09/22 21:56:28.803, 3, 92051, 97871
2026/09/22 21:56:29.003, 0, 90003, 97871
2026/09/22 21:56:29.003, 1, 90003, 97871
2026/09/22 21:56:29.003, 2, 90003, 97871
2026/09/22 21:56:29.003, 3, 92051, 97871
2026/09/22 21:56:29.203, 0, 90003, 97871
2026/09/22 21:56:29.203, 1, 90003, 97871
2026/09/22 21:56:29.203, 2, 90003, 97871
2026/09/22 21:56:29.203, 3, 92051, 97871
2026/09/22 21:56:29.403, 0, 90003, 97871
2026/09/22 21:56:29.403, 1, 90003, 97871
2026/09/22 21:56:29.403, 2, 90003, 97871
2026/09/22 21:56:29.403, 3, 92051, 97871
2026/09/22 21:56:29.603, 0, 90003, 97871
2026/09/22 21:56:29.603, 1, 90003, 97871
2026/09/22 21:56:29.603, 2, 90003, 97871
2026/09/22 21:56:29.603, 3, 92051, 97871
2026/09/22 21:56:29.804, 0, 90003, 97871
2026/09/22 21:56:29.804, 1, 90003, 97871
2026/09/22 21:56:29.804, 2, 90003, 97871
2026/09/22 21:56:29.804, 3, 92051, 97871
2026/09/22 21:56:30.004, 0, 90003, 97871
2026/09/22 21:56:30.004, 1, 90003, 97871
2026/09/22 21:56:30.004, 2, 90003, 97871
2026/09/22 21:56:30.004, 3, 92051, 97871
2026/09/22 21:56:30.204, 0, 90003, 97871
2026/09/22 21:56:30.204, 1, 90003, 97871
2026/09/22 21:56:30.204, 2, 90003, 97871
2026/09/22 21:56:30.204, 3, 92051, 97871
2026/09/22 21:56:30.404, 0, 90003, 97871
2026/09/22 21:56:30.404, 1, 90003, 97871
2026/09/22 21:56:30.404, 2, 90003, 97871
2026/09/22 21:56:30.404, 3, 92051, 97871
2026/09/22 21:56:30.604, 0, 90003, 97871
2026/09/22 21:56:30.605, 1, 90003, 97871
2026/09/22 21:56:30.605, 2, 90003, 97871
2026/09/22 21:56:30.605, 3, 92051, 97871
2026/09/22 21:56:30.805, 0, 90003, 97871
2026/09/22 21:56:30.805, 1, 90003, 97871
2026/09/22 21:56:30.805, 2, 90003, 97871
2026/09/22 21:56:30.805, 3, 92051, 97871
2026/09/22 21:56:31.005, 0, 90003, 97871
2026/09/22 21:56:31.005, 1, 90003, 97871
2026/09/22 21:56:31.005, 2, 90003, 97871
2026/09/22 21:56:31.005, 3, 92051, 97871
2026/09/22 21:56:31.205, 0, 90003, 97871
2026/09/22 21:56:31.205, 1, 90003, 97871
2026/09/22 21:56:31.205, 2, 90003, 97871
2026/09/22 21:56:31.205, 3, 92051, 97871
2026/09/22 21:56:31.406, 0, 90003, 97871
2026/09/22 21:56:31.406, 1, 90003, 97871
2026/09/22 21:56:31.406, 2, 90003, 97871
2026/09/22 21:56:31.406, 3, 92051, 97871
