2026/09/23 00:04:05.224, 0, 94731, 97871
2026/09/23 00:04:05.224, 1, 94740, 97871
2026/09/23 00:04:05.224, 2, 94757, 97871
2026/09/23 00:04:05.224, 3, 94739, 97871
2026/09/23 00:04:05.424, 0, 94731, 97871
2026/09/23 00:04:05.425, 1, 94740, 97871
2026/09/23 00:04:05.425, 2, 94757, 97871
2026/09/23 00:04:05.425, 3, 94739, 97871
2026/09/23 00:04:05.625, 0, 94731, 97871
2026/09/23 00:04:05.625, 1, 94740, 97871
2026/09/23 00:04:05.625, 2, 94757, 97871
2026/09/23 00:04:05.625, 3, 94739, 97871
2026/09/23 00:04:05.825, 0, 94731, 97871
2026/09/23 00:04:05.825, 1, 94740, 97871
2026/09/23 00:04:05.825, 2, 94757, 97871
2026/09/23 00:04:05.825, 3, 94739, 97871
2026/09/23 00:04:06.025, 0, 94731, 97871
2026/09/23 00:04:06.025, 1, 94740, 97871
2026/09/23 00:04:06.025, 2, 94757, 97871
2026/09/23 00:04:06.025, 3, 94739, 97871
2026/09/23 00:04:06.225, 0, 94731, 97871
2026/09/23 00:04:06.225, 1, 94740, 97871
2026/09/23 00:04:06.225, 2, 94757, 97871
2026/09/23 00:04:06.225, 3, 94739, 97871
2026/09/23 00:04:06.425, 0, 94731, 97871
2026/09/23 00:04:06.425, 1, 94740, 97871
2026/09/23 00:04:06.426, 2, 94757, 97871
2026/09/23 00:04:06.426, 3, 94739, 97871
2026/09/23 00:04:06.626, 0, 94731, 97871
2026/09/23 00:04:06.626, 1, 94740, 97871
2026/09/23 00:04:06.626, 2, 94757, 97871
2026/09/23 00:04:06.626, 3, 94739, 97871
2026/09/23 00:04:06.826, 0, 94731, 97871
2026/09/23 00:04:06.826, 1, 94740, 97871
2026/09/23 00:04:06.826, 2, 94757, 97871
2026/09/23 00:04:06.826, 3, 94739, 97871
2026/09/23 00:04:07.026, 0, 94731, 97871
2026/09/23 00:04:07.026, 1, 94740, 97871
2026/09/23 00:04:07.026, 2, 94757, 97871
2026/09/23 00:04:07.026, 3, 94739, 97871
2026/09/23 00:04:07.226, 0, 94731, 97871
2026/09/23 00:04:07.226, 1, 94740, 97871
2026/09/23 00:04:07.226, 2, 94757, 97871
2026/09/23 00:04:07.226, 3, 94739, 97871
2026/09/23 00:04:07.426, 0, 94731, 97871
2026/09/23 00:04:07.426, 1, 94740, 97871
2026/09/23 00:04:07.426, 2, 94757, 97871
2026/09/23 00:04:07.426, 3, 94739, 97871
2026/09/23 00:04:07.627, 0, 94731, 97871
2026/09/23 00:04:07.627, 1, 94740, 97871
2026/09/23 00:04:07.627, 2, 94757, 97871
2026/09/23 00:04:07.627, 3, 94739, 97871
2026/09/23 00:04:07.827, 0, 94731, 97871
2026/09/23 00:04:07.827, 1, 94740, 97871
2026/09/23 00:04:07.827, 2, 94757, 97871
2026/09/23 00:04:07.827, 3, 94739, 97871
2026/09/23 00:04:08.027, 0, 94731, 97871
2026/09/23 00:04:08.027, 1, 94740, 97871
2026/09/23 00:04:08.027, 2, 94757, 97871
2026/09/23 00:04:08.027, 3, 94739, 97871
2026/09/23 00:04:08.227, 0, 94731, 97871
2026/09/23 00:04:08.227, 1, 94740, 97871
2026/09/23 00:04:08.227, 2, 94757, 97871
2026/09/23 00:04:08.227, 3, 94739, 97871
2026/09/23 00:04:08.427, 0, 94731, 97871
2026/09/23 00:04:08.427, 1, 94740, 97871
2026/09/23 00:04:08.427, 2, 94757, 97871
2026/09/23 00:04:08.427, 3, 94739, 97871
2026/09/23 00:04:08.628, 0, 94731, 97871
2026/09/23 00:04:08.628, 1, 94740, 97871
2026/09/23 00:04:08.628, 2, 94757, 97871
2026/09/23 00:04:08.628, 3, 94739, 97871
2026/09/23 00:04:08.828, 0, 94731, 97871
2026/09/23 00:04:08.828, 1, 94740, 97871
2026/09/23 00:04:08.828, 2, 94757, 97871
2026/09/23 00:04:08.828, 3, 94739, 97871
2026/09/23 00:04:09.028, 0, 94731, 97871
2026/09/23 00:04:09.028, 1, 94740, 97871
2026/09/23 00:04:09.028, 2, 94757, 97871
2026/09/23 00:04:09.028, 3, 94739, 97871
2026/09/23 00:04:09.228, 0, 94731, 97871
2026/09/23 00:04:09.228, 1, 94740, 97871
2026/09/23 00:04:09.228, 2, 94757, 97871
2026/09/23 00:04:09.228, 3, 94739, 97871
2026/09/23 00:04:09.428, 0, 94731, 97871
2026/09/23 00:04:09.428, 1, 94740, 97871
2026/09/23 00:04:09.429, 2, 94757, 97871
2026/09/23 00:04:09.429, 3, 94739, 97871
2026/09/23 00:04:09.629, 0, 94731, 97871
2026/09/23 00:04:09.629, 1, 94740, 97871
2026/09/23 00:04:09.629, 2, 94757, 97871
2026/09/23 00:04:09.629, 3, 94739, 97871
2026/09/23 00:04:09.829, 0, 94731, 97871
2026/09/23 00:04:09.829, 1, 94740, 97871
2026/09/23 00:04:09.829, 2, 94757, 97871
2026/09/23 00:04:09.829, 3, 94739, 97871
2026/09/23 00:04:10.029, 0, 94731, 97871
2026/09/23 00:04:10.116, 1, 94740, 97871
2026/09/23 00:04:10.116, 2, 94757, 97871
2026/09/23 00:04:10.116, 3, 94739, 97871
2026/09/23 00:04:10.316, 0, 94731, 97871
2026/09/23 00:04:10.316, 1, 94740, 97871
2026/09/23 00:04:10.316, 2, 94757, 97871
2026/09/23 00:04:10.316, 3, 94739, 97871
2026/09/23 00:04:10.516, 0, 94731, 97871
2026/09/23 00:04:10.517, 1, 94740, 97871
2026/09/23 00:04:10.517, 2, 94757, 97871
2026/09/23 00:04:10.517, 3, 94739, 97871
2026/09/23 00:04:10.717, 0, 94731, 97871
2026/09/23 00:04:10.717, 1, 94740, 97871
2026/09/23 00:04:10.717, 2, 94757, 97871
2026/09/23 00:04:10.717, 3, 94739, 97871
2026/09/23 00:04:10.917, 0, 94731, 97871
2026/09/23 00:04:10.917, 1, 94740, 97871
2026/09/23 00:04:10.917, 2, 94757, 97871
2026/09/23 00:04:10.917, 3, 94739, 97871
2026/09/23 00:04:11.117, 0, 94731, 97871
2026/09/23 00:04:11.117, 1, 94740, 97871
2026/09/23 00:04:11.117, 2, 94757, 97871
2026/09/23 00:04:11.117, 3, 94739, 97871
2026/09/23 00:04:11.317, 0, 94731, 97871
2026/09/23 00:04:11.317, 1, 94740, 97871
2026/09/23 00:04:11.317, 2, 94757, 97871
2026/09/23 00:04:11.318, 3, 94739, 97871
2026/09/23 00:04:11.518, 0, 94731, 97871
2026/09/23 00:04:11.518, 1, 94740, 97871
2026/09/23 00:04:11.518, 2, 94757, 97871
2026/09/23 00:04:11.518, 3, 94739, 97871
2026/09/23 00:04:11.718, 0, 94731, 97871
2026/09/23 00:04:11.718, 1, 94740, 97871
2026/09/23 00:04:11.718, 2, 94757, 97871
2026/09/23 00:04:11.718, 3, 94739, 97871
2026/09/23 00:04:11.918, 0, 94731, 97871
2026/09/23 00:04:11.918, 1, 94740, 97871
2026/09/23 00:04:11.918, 2, 94757, 97871
2026/09/23 00:04:11.918, 3, 94739, 97871
2026/09/23 00:04:12.118, 0, 94731, 97871
2026/09/23 00:04:12.118, 1, 94740, 97871
2026/09/23 00:04:12.118, 2, 94757, 97871
2026/09/23 00:04:12.118, 3, 94739, 97871
2026/09/23 00:04:12.318, 0, 94731, 97871
2026/09/23 00:04:12.318, 1, 94740, 97871
2026/09/23 00:04:12.318, 2, 94757, 97871
2026/09/23 00:04:12.319, 3, 94739, 97871
2026/09/23 00:04:12.519, 0, 94731, 97871
2026/09/23 00:04:12.519, 1, 94740, 97871
2026/09/23 00:04:12.519, 2, 94757, 97871
2026/09/23 00:04:12.519, 3, 94739, 97871
2026/09/23 00:04:12.719, 0, 94731, 97871
2026/09/23 00:04:12.719, 1, 94740, 97871
2026/09/23 00:04:12.719, 2, 94757, 97871
2026/09/23 00:04:12.719, 3, 94739, 97871
2026/09/23 00:04:12.919, 0, 94731, 97871
2026/09/23 00:04:12.919, 1, 94740, 97871
2026/09/23 00:04:12.919, 2, 94757, 97871
2026/09/23 00:04:12.919, 3, 94739, 97871
2026/09/23 00:04:13.119, 0, 94731, 97871
2026/09/23 00:04:13.119, 1, 94740, 97871
2026/09/23 00:04:13.119, 2, 94757, 97871
2026/09/23 00:04:13.120, 3, 94739, 97871
2026/09/23 00:04:13.320, 0, 94731, 97871
2026/09/23 00:04:13.320, 1, 94740, 97871
2026/09/23 00:04:13.320, 2, 94757, 97871
2026/09/23 00:04:13.320, 3, 94739, 97871
2026/09/23 00:04:13.520, 0, 94731, 97871
2026/09/23 00:04:13.520, 1, 94740, 97871
2026/09/23 00:04:13.520, 2, 94757, 97871
2026/09/23 00:04:13.520, 3, 94739, 97871
2026/09/23 00:04:13.720, 0, 94731, 97871
2026/09/23 00:04:13.741, 1, 94740, 97871
2026/09/23 00:04:13.761, 2, 94757, 97871
2026/09/23 00:04:13.761, 3, 94739, 97871
2026/09/23 00:04:13.961, 0, 94731, 97871
2026/09/23 00:04:13.961, 1, 94740, 97871
2026/09/23 00:04:13.961, 2, 94757, 97871
2026/09/23 00:04:13.961, 3, 94739, 97871
2026/09/23 00:04:14.161, 0, 94731, 97871
2026/09/23 00:04:14.178, 1, 94740, 97871
2026/09/23 00:04:14.217, 2, 94757, 97871
2026/09/23 00:04:14.217, 3, 94739, 97871
2026/09/23 00:04:14.417, 0, 94731, 97871
2026/09/23 00:04:14.417, 1, 94740, 97871
2026/09/23 00:04:14.417, 2, 94757, 97871
2026/09/23 00:04:14.417, 3, 94739, 97871
2026/09/23 00:04:14.617, 0, 94731, 97871
2026/09/23 00:04:14.617, 1, 94740, 97871
2026/09/23 00:04:14.617, 2, 94757, 97871
2026/09/23 00:04:14.617, 3, 94739, 97871
2026/09/23 00:04:14.817, 0, 94731, 97871
2026/09/23 00:04:14.818, 1, 94740, 97871
2026/09/23 00:04:14.818, 2, 94757, 97871
2026/09/23 00:04:14.818, 3, 94739, 97871
2026/09/23 00:04:15.018, 0, 94731, 97871
2026/09/23 00:04:15.018, 1, 94740, 97871
2026/09/23 00:04:15.018, 2, 94757, 97871
2026/09/23 00:04:15.018, 3, 94739, 97871
2026/09/23 00:04:15.218, 0, 94731, 97871
2026/09/23 00:04:15.218, 1, 94740, 97871
2026/09/23 00:04:15.218, 2, 94757, 97871
2026/09/23 00:04:15.218, 3, 94739, 97871
2026/09/23 00:04:15.418, 0, 94731, 97871
2026/09/23 00:04:15.418, 1, 94740, 97871
2026/09/23 00:04:15.418, 2, 94757, 97871
2026/09/23 00:04:15.418, 3, 94739, 97871
2026/09/23 00:04:15.618, 0, 94731, 97871
2026/09/23 00:04:15.618, 1, 94740, 97871
2026/09/23 00:04:15.618, 2, 94757, 97871
2026/09/23 00:04:15.618, 3, 94739, 97871
2026/09/23 00:04:15.819, 0, 94731, 97871
2026/09/23 00:04:15.819, 1, 94740, 97871
2026/09/23 00:04:15.819, 2, 94757, 97871
2026/09/23 00:04:15.819, 3, 94739, 97871
2026/09/23 00:04:16.019, 0, 94731, 97871
2026/09/23 00:04:16.019, 1, 94740, 97871
2026/09/23 00:04:16.019, 2, 94757, 97871
2026/09/23 00:04:16.019, 3, 94739, 97871
2026/09/23 00:04:16.219, 0, 94731, 97871
2026/09/23 00:04:16.219, 1, 94740, 97871
2026/09/23 00:04:16.219, 2, 94757, 97871
2026/09/23 00:04:16.219, 3, 94739, 97871
2026/09/23 00:04:16.419, 0, 94731, 97871
2026/09/23 00:04:16.419, 1, 94740, 97871
2026/09/23 00:04:16.419, 2, 94757, 97871
2026/09/23 00:04:16.419, 3, 94739, 97871
2026/09/23 00:04:16.619, 0, 94731, 97871
2026/09/23 00:04:16.656, 1, 94740, 97871
2026/09/23 00:04:16.695, 2, 94757, 97871
2026/09/23 00:04:16.695, 3, 94739, 97871
2026/09/23 00:04:16.895, 0, 94731, 97871
2026/09/23 00:04:16.896, 1, 94740, 97871
2026/09/23 00:04:16.896, 2, 94757, 97871
2026/09/23 00:04:16.896, 3, 94739, 97871
2026/09/23 00:04:17.096, 0, 94731, 97871
2026/09/23 00:04:17.096, 1, 94740, 97871
2026/09/23 00:04:17.096, 2, 94757, 97871
2026/09/23 00:04:17.096, 3, 94739, 97871
2026/09/23 00:04:17.296, 0, 94731, 97871
2026/09/23 00:04:17.296, 1, 94740, 97871
2026/09/23 00:04:17.296, 2, 94757, 97871
2026/09/23 00:04:17.296, 3, 94739, 97871
2026/09/23 00:04:17.496, 0, 94731, 97871
2026/09/23 00:04:17.496, 1, 94740, 97871
2026/09/23 00:04:17.496, 2, 94757, 97871
2026/09/23 00:04:17.496, 3, 94739, 97871
2026/09/23 00:04:17.696, 0, 94731, 97871
2026/09/23 00:04:17.696, 1, 94740, 97871
2026/09/23 00:04:17.696, 2, 94757, 97871
2026/09/23 00:04:17.696, 3, 94739, 97871
2026/09/23 00:04:17.896, 0, 94731, 97871
2026/09/23 00:04:17.896, 1, 94740, 97871
2026/09/23 00:04:17.896, 2, 94757, 97871
2026/09/23 00:04:17.896, 3, 94739, 97871
2026/09/23 00:04:18.097, 0, 94731, 97871
2026/09/23 00:04:18.097, 1, 94740, 97871
2026/09/23 00:04:18.097, 2, 94757, 97871
2026/09/23 00:04:18.097, 3, 94739, 97871
2026/09/23 00:04:18.297, 0, 94731, 97871
2026/09/23 00:04:18.297, 1, 94740, 97871
2026/09/23 00:04:18.297, 2, 94757, 97871
2026/09/23 00:04:18.297, 3, 94739, 97871
2026/09/23 00:04:18.497, 0, 94731, 97871
2026/09/23 00:04:18.497, 1, 94740, 97871
2026/09/23 00:04:18.497, 2, 94757, 97871
2026/09/23 00:04:18.497, 3, 94739, 97871
2026/09/23 00:04:18.697, 0, 94731, 97871
2026/09/23 00:04:18.697, 1, 94740, 97871
2026/09/23 00:04:18.697, 2, 94757, 97871
2026/09/23 00:04:18.697, 3, 94739, 97871
2026/09/23 00:04:18.898, 0, 94731, 97871
2026/09/23 00:04:18.898, 1, 94740, 97871
2026/09/23 00:04:18.898, 2, 94757, 97871
2026/09/23 00:04:18.898, 3, 94739, 97871
2026/09/23 00:04:19.098, 0, 94731, 97871
2026/09/23 00:04:19.098, 1, 94740, 97871
2026/09/23 00:04:19.098, 2, 94757, 97871
2026/09/23 00:04:19.098, 3, 94739, 97871
2026/09/23 00:04:19.298, 0, 94731, 97871
2026/09/23 00:04:19.298, 1, 94740, 97871
2026/09/23 00:04:19.298, 2, 94757, 97871
2026/09/23 00:04:19.298, 3, 94739, 97871
2026/09/23 00:04:19.498, 0, 94731, 97871
2026/09/23 00:04:19.498, 1, 94740, 97871
2026/09/23 00:04:19.498, 2, 94757, 97871
2026/09/23 00:04:19.498, 3, 94739, 97871
2026/09/23 00:04:19.698, 0, 94731, 97871
2026/09/23 00:04:19.699, 1, 94740, 97871
2026/09/23 00:04:19.699, 2, 94757, 97871
2026/09/23 00:04:19.699, 3, 94739, 97871
2026/09/23 00:04:19.899, 0, 94731, 97871
2026/09/23 00:04:19.899, 1, 94740, 97871
2026/09/23 00:04:19.899, 2, 94757, 97871
2026/09/23 00:04:19.899, 3, 94739, 97871
2026/09/23 00:04:20.099, 0, 94731, 97871
2026/09/23 00:04:20.099, 1, 94740, 97871
2026/09/23 00:04:20.099, 2, 94757, 97871
2026/09/23 00:04:20.099, 3, 94739, 97871
2026/09/23 00:04:20.299, 0, 94731, 97871
2026/09/23 00:04:20.299, 1, 94740, 97871
2026/09/23 00:04:20.299, 2, 94757, 97871
2026/09/23 00:04:20.299, 3, 94739, 97871
2026/09/23 00:04:20.499, 0, 94731, 97871
2026/09/23 00:04:20.499, 1, 94740, 97871
2026/09/23 00:04:20.500, 2, 94757, 97871
2026/09/23 00:04:20.500, 3, 94739, 97871
2026/09/23 00:04:20.700, 0, 94731, 97871
2026/09/23 00:04:20.700, 1, 94740, 97871
2026/09/23 00:04:20.700, 2, 94757, 97871
2026/09/23 00:04:20.700, 3, 94739, 97871
2026/09/23 00:04:20.900, 0, 94731, 97871
2026/09/23 00:04:20.900, 1, 94740, 97871
2026/09/23 00:04:20.900, 2, 94757, 97871
2026/09/23 00:04:20.900, 3, 94739, 97871
2026/09/23 00:04:21.100, 0, 94731, 97871
2026/09/23 00:04:21.100, 1, 94740, 97871
2026/09/23 00:04:21.100, 2, 94757, 97871
2026/09/23 00:04:21.100, 3, 94739, 97871
2026/09/23 00:04:21.300, 0, 94731, 97871
2026/09/23 00:04:21.300, 1, 94740, 97871
2026/09/23 00:04:21.300, 2, 94757, 97871
2026/09/23 00:04:21.300, 3, 94739, 97871
2026/09/23 00:04:21.501, 0, 94731, 97871
2026/09/23 00:04:21.501, 1, 94740, 97871
2026/09/23 00:04:21.501, 2, 94757, 97871
2026/09/23 00:04:21.501, 3, 94739, 97871
2026/09/23 00:04:21.701, 0, 94731, 97871
2026/09/23 00:04:21.701, 1, 94740, 97871
2026/09/23 00:04:21.701, 2, 94757, 97871
2026/09/23 00:04:21.701, 3, 94739, 97871
2026/09/23 00:04:21.901, 0, 94731, 97871
2026/09/23 00:04:21.901, 1, 94740, 97871
2026/09/23 00:04:21.901, 2, 94757, 97871
2026/09/23 00:04:21.901, 3, 94739, 97871
2026/09/23 00:04:22.101, 0, 94731, 97871
2026/09/23 00:04:22.101, 1, 94740, 97871
2026/09/23 00:04:22.101, 2, 94757, 97871
2026/09/23 00:04:22.101, 3, 94739, 97871
2026/09/23 00:04:22.301, 0, 94731, 97871
2026/09/23 00:04:22.302, 1, 94740, 97871
2026/09/23 00:04:22.302, 2, 94757, 97871
2026/09/23 00:04:22.302, 3, 94739, 97871
2026/09/23 00:04:22.502, 0, 94731, 97871
2026/09/23 00:04:22.502, 1, 94740, 97871
2026/09/23 00:04:22.502, 2, 94757, 97871
2026/09/23 00:04:22.502, 3, 94739, 97871
2026/09/23 00:04:22.702, 0, 94731, 97871
2026/09/23 00:04:22.702, 1, 94740, 97871
2026/09/23 00:04:22.702, 2, 94757, 97871
2026/09/23 00:04:22.702, 3, 94739, 97871
2026/09/23 00:04:22.902, 0, 94731, 97871
2026/09/23 00:04:22.902, 1, 94740, 97871
2026/09/23 00:04:22.902, 2, 94757, 97871
2026/09/23 00:04:22.902, 3, 94739, 97871
2026/09/23 00:04:23.102, 0, 94731, 97871
2026/09/23 00:04:23.103, 1, 94740, 97871
2026/09/23 00:04:23.103, 2, 94757, 97871
2026/09/23 00:04:23.103, 3, 94739, 97871
2026/09/23 00:04:23.303, 0, 94731, 97871
2026/09/23 00:04:23.303, 1, 94740, 97871
2026/09/23 00:04:23.303, 2, 94757, 97871
2026/09/23 00:04:23.303, 3, 94739, 97871
2026/09/23 00:04:23.503, 0, 94731, 97871
2026/09/23 00:04:23.503, 1, 94740, 97871
2026/09/23 00:04:23.503, 2, 94757, 97871
2026/09/23 00:04:23.503, 3, 94739, 97871
2026/09/23 00:04:23.703, 0, 94731, 97871
2026/09/23 00:04:23.703, 1, 94740, 97871
2026/09/23 00:04:23.703, 2, 94757, 97871
2026/09/23 00:04:23.703, 3, 94739, 97871
2026/09/23 00:04:23.903, 0, 94731, 97871
2026/09/23 00:04:23.903, 1, 94740, 97871
2026/09/23 00:04:23.903, 2, 94757, 97871
2026/09/23 00:04:23.904, 3, 94739, 97871
2026/09/23 00:04:24.104, 0, 94731, 97871
2026/09/23 00:04:24.104, 1, 94740, 97871
2026/09/23 00:04:24.104, 2, 94757, 97871
2026/09/23 00:04:24.104, 3, 94739, 97871
2026/09/23 00:04:24.304, 0, 94731, 97871
2026/09/23 00:04:24.304, 1, 94740, 97871
2026/09/23 00:04:24.304, 2, 94757, 97871
2026/09/23 00:04:24.304, 3, 94739, 97871
2026/09/23 00:04:24.504, 0, 94731, 97871
2026/09/23 00:04:24.504, 1, 94740, 97871
2026/09/23 00:04:24.504, 2, 94757, 97871
2026/09/23 00:04:24.504, 3, 94739, 97871
2026/09/23 00:04:24.704, 0, 94731, 97871
2026/09/23 00:04:24.704, 1, 94740, 97871
2026/09/23 00:04:24.704, 2, 94757, 97871
2026/09/23 00:04:24.704, 3, 94739, 97871
2026/09/23 00:04:24.905, 0, 94731, 97871
2026/09/23 00:04:24.905, 1, 94740, 97871
2026/09/23 00:04:24.905, 2, 94757, 97871
2026/09/23 00:04:24.905, 3, 94739, 97871
2026/09/23 00:04:25.105, 0, 94731, 97871
2026/09/23 00:04:25.105, 1, 94740, 97871
2026/09/23 00:04:25.105, 2, 94757, 97871
2026/09/23 00:04:25.105, 3, 94739, 97871
2026/09/23 00:04:25.305, 0, 94731, 97871
2026/09/23 00:04:25.305, 1, 94740, 97871
2026/09/23 00:04:25.305, 2, 94757, 97871
2026/09/23 00:04:25.305, 3, 94739, 97871
2026/09/23 00:04:25.505, 0, 94731, 97871
2026/09/23 00:04:25.505, 1, 94740, 97871
2026/09/23 00:04:25.505, 2, 94757, 97871
2026/09/23 00:04:25.505, 3, 94739, 97871
2026/09/23 00:04:25.706, 0, 94731, 97871
2026/09/23 00:04:25.706, 1, 94740, 97871
2026/09/23 00:04:25.706, 2, 94757, 97871
2026/09/23 00:04:25.706, 3, 94739, 97871
2026/09/23 00:04:25.906, 0, 94731, 97871
2026/09/23 00:04:25.906, 1, 94740, 97871
2026/09/23 00:04:25.906, 2, 94757, 97871
2026/09/23 00:04:25.906, 3, 94739, 97871
2026/09/23 00:04:26.106, 0, 94731, 97871
2026/09/23 00:04:26.106, 1, 94740, 97871
2026/09/23 00:04:26.106, 2, 94757, 97871
2026/09/23 00:04:26.106, 3, 94739, 97871
2026/09/23 00:04:26.306, 0, 94731, 97871
2026/09/23 00:04:26.306, 1, 94740, 97871
2026/09/23 00:04:26.306, 2, 94757, 97871
2026/09/23 00:04:26.306, 3, 94739, 97871
2026/09/23 00:04:26.506, 0, 94731, 97871
2026/09/23 00:04:26.507, 1, 94740, 97871
2026/09/23 00:04:26.507, 2, 94757, 97871
2026/09/23 00:04:26.507, 3, 94739, 97871
2026/09/23 00:04:26.707, 0, 94731, 97871
2026/09/23 00:04:26.707, 1, 94740, 97871
2026/09/23 00:04:26.707, 2, 94757, 97871
2026/09/23 00:04:26.707, 3, 94739, 97871
2026/09/23 00:04:26.907, 0, 94731, 97871
2026/09/23 00:04:26.907, 1, 94740, 97871
2026/09/23 00:04:26.907, 2, 94757, 97871
2026/09/23 00:04:26.907, 3, 94739, 97871
2026/09/23 00:04:27.107, 0, 94731, 97871
2026/09/23 00:04:27.107, 1, 94740, 97871
2026/09/23 00:04:27.107, 2, 94757, 97871
2026/09/23 00:04:27.107, 3, 94739, 97871
2026/09/23 00:04:27.307, 0, 94731, 97871
2026/09/23 00:04:27.307, 1, 94740, 97871
2026/09/23 00:04:27.308, 2, 94757, 97871
2026/09/23 00:04:27.308, 3, 94739, 97871
2026/09/23 00:04:27.508, 0, 94731, 97871
2026/09/23 00:04:27.508, 1, 94740, 97871
2026/09/23 00:04:27.508, 2, 94757, 97871
2026/09/23 00:04:27.508, 3, 94739, 97871
2026/09/23 00:04:27.708, 0, 94731, 97871
2026/09/23 00:04:27.708, 1, 94740, 97871
2026/09/23 00:04:27.708, 2, 94757, 97871
2026/09/23 00:04:27.708, 3, 94739, 97871
2026/09/23 00:04:27.908, 0, 94731, 97871
2026/09/23 00:04:27.908, 1, 94740, 97871
2026/09/23 00:04:27.908, 2, 94757, 97871
2026/09/23 00:04:27.908, 3, 94739, 97871
2026/09/23 00:04:28.108, 0, 94731, 97871
2026/09/23 00:04:28.108, 1, 94740, 97871
2026/09/23 00:04:28.108, 2, 94757, 97871
2026/09/23 00:04:28.109, 3, 94739, 97871
2026/09/23 00:04:28.309, 0, 94731, 97871
2026/09/23 00:04:28.309, 1, 94740, 97871
2026/09/23 00:04:28.309, 2, 94757, 97871
2026/09/23 00:04:28.309, 3, 94739, 97871
2026/09/23 00:04:28.509, 0, 94731, 97871
2026/09/23 00:04:28.509, 1, 94740, 97871
2026/09/23 00:04:28.509, 2, 94757, 97871
2026/09/23 00:04:28.509, 3, 94739, 97871
2026/09/23 00:04:28.709, 0, 94731, 97871
2026/09/23 00:04:28.709, 1, 94740, 97871
2026/09/23 00:04:28.709, 2, 94757, 97871
2026/09/23 00:04:28.709, 3, 94739, 97871
2026/09/23 00:04:28.909, 0, 94731, 97871
2026/09/23 00:04:28.909, 1, 94740, 97871
2026/09/23 00:04:28.909, 2, 94757, 97871
2026/09/23 00:04:28.909, 3, 94739, 97871
2026/09/23 00:04:29.110, 0, 94731, 97871
2026/09/23 00:04:29.110, 1, 94740, 97871
2026/09/23 00:04:29.110, 2, 94757, 97871
2026/09/23 00:04:29.110, 3, 94739, 97871
2026/09/23 00:04:29.310, 0, 94731, 97871
2026/09/23 00:04:29.310, 1, 94740, 97871
2026/09/23 00:04:29.310, 2, 94757, 97871
2026/09/23 00:04:29.310, 3, 94739, 97871
2026/09/23 00:04:29.510, 0, 94731, 97871
2026/09/23 00:04:29.510, 1, 94740, 97871
2026/09/23 00:04:29.510, 2, 94757, 97871
2026/09/23 00:04:29.510, 3, 94739, 97871
2026/09/23 00:04:29.710, 0, 94731, 97871
2026/09/23 00:04:29.710, 1, 94740, 97871
2026/09/23 00:04:29.710, 2, 94757, 97871
2026/09/23 00:04:29.710, 3, 94739, 97871
2026/09/23 00:04:29.911, 0, 94731, 97871
2026/09/23 00:04:29.911, 1, 94740, 97871
2026/09/23 00:04:29.911, 2, 94757, 97871
2026/09/23 00:04:29.911, 3, 94739, 97871
2026/09/23 00:04:30.111, 0, 94731, 97871
2026/09/23 00:04:30.111, 1, 94740, 97871
2026/09/23 00:04:30.111, 2, 94757, 97871
2026/09/23 00:04:30.111, 3, 94739, 97871
2026/09/23 00:04:30.311, 0, 94731, 97871
2026/09/23 00:04:30.311, 1, 94740, 97871
2026/09/23 00:04:30.311, 2, 94757, 97871
2026/09/23 00:04:30.311, 3, 94739, 97871
2026/09/23 00:04:30.511, 0, 94731, 97871
2026/09/23 00:04:30.511, 1, 94740, 97871
2026/09/23 00:04:30.511, 2, 94757, 97871
2026/09/23 00:04:30.511, 3, 94739, 97871
2026/09/23 00:04:30.712, 0, 94731, 97871
2026/09/23 00:04:30.712, 1, 94740, 97871
2026/09/23 00:04:30.712, 2, 94757, 97871
2026/09/23 00:04:30.712, 3, 94739, 97871
2026/09/23 00:04:30.912, 0, 94731, 97871
2026/09/23 00:04:30.912, 1, 94740, 97871
2026/09/23 00:04:30.912, 2, 94757, 97871
2026/09/23 00:04:30.912, 3, 94739, 97871
2026/09/23 00:04:31.112, 0, 94731, 97871
2026/09/23 00:04:31.112, 1, 94740, 97871
2026/09/23 00:04:31.112, 2, 94757, 97871
2026/09/23 00:04:31.112, 3, 94739, 97871
2026/09/23 00:04:31.312, 0, 94731, 97871
2026/09/23 00:04:31.312, 1, 94740, 97871
2026/09/23 00:04:31.312, 2, 94757, 97871
2026/09/23 00:04:31.312, 3, 94739, 97871
2026/09/23 00:04:31.512, 0, 94731, 97871
2026/09/23 00:04:31.513, 1, 94740, 97871
2026/09/23 00:04:31.513, 2, 94757, 97871
2026/09/23 00:04:31.513, 3, 94739, 97871
2026/09/23 00:04:31.713, 0, 94731, 97871
2026/09/23 00:04:31.713, 1, 94740, 97871
2026/09/23 00:04:31.713, 2, 94757, 97871
2026/09/23 00:04:31.713, 3, 94739, 97871
2026/09/23 00:04:31.913, 0, 94731, 97871
2026/09/23 00:04:31.913, 1, 94740, 97871
2026/09/23 00:04:31.913, 2, 94757, 97871
2026/09/23 00:04:31.913, 3, 94739, 97871
2026/09/23 00:04:32.113, 0, 94731, 97871
2026/09/23 00:04:32.113, 1, 94740, 97871
2026/09/23 00:04:32.113, 2, 94757, 97871
2026/09/23 00:04:32.113, 3, 94739, 97871
2026/09/23 00:04:32.313, 0, 94731, 97871
2026/09/23 00:04:32.314, 1, 94740, 97871
2026/09/23 00:04:32.314, 2, 94757, 97871
2026/09/23 00:04:32.314, 3, 94739, 97871
2026/09/23 00:04:32.514, 0, 94731, 97871
2026/09/23 00:04:32.514, 1, 94740, 97871
2026/09/23 00:04:32.514, 2, 94757, 97871
2026/09/23 00:04:32.514, 3, 94739, 97871
2026/09/23 00:04:32.714, 0, 94731, 97871
2026/09/23 00:04:32.714, 1, 94740, 97871
2026/09/23 00:04:32.714, 2, 94757, 97871
2026/09/23 00:04:32.714, 3, 94739, 97871
2026/09/23 00:04:32.914, 0, 94731, 97871
2026/09/23 00:04:32.914, 1, 94740, 97871
2026/09/23 00:04:32.914, 2, 94757, 97871
2026/09/23 00:04:32.914, 3, 94739, 97871
2026/09/23 00:04:33.114, 0, 94731, 97871
2026/09/23 00:04:33.114, 1, 94740, 97871
2026/09/23 00:04:33.115, 2, 94757, 97871
2026/09/23 00:04:33.115, 3, 94739, 97871
2026/09/23 00:04:33.315, 0, 94731, 97871
2026/09/23 00:04:33.315, 1, 94740, 97871
2026/09/23 00:04:33.315, 2, 94757, 97871
2026/09/23 00:04:33.315, 3, 94739, 97871
2026/09/23 00:04:33.515, 0, 94731, 97871
2026/09/23 00:04:33.515, 1, 94740, 97871
2026/09/23 00:04:33.515, 2, 94757, 97871
2026/09/23 00:04:33.515, 3, 94739, 97871
2026/09/23 00:04:33.715, 0, 94731, 97871
2026/09/23 00:04:33.715, 1, 94740, 97871
2026/09/23 00:04:33.715, 2, 94757, 97871
2026/09/23 00:04:33.715, 3, 94739, 97871
2026/09/23 00:04:33.915, 0, 94731, 97871
2026/09/23 00:04:33.915, 1, 94740, 97871
2026/09/23 00:04:33.915, 2, 94757, 97871
2026/09/23 00:04:33.915, 3, 94739, 97871
2026/09/23 00:04:34.116, 0, 94731, 97871
2026/09/23 00:04:34.116, 1, 94740, 97871
2026/09/23 00:04:34.116, 2, 94757, 97871
2026/09/23 00:04:34.116, 3, 94739, 97871
2026/09/23 00:04:34.316, 0, 94731, 97871
2026/09/23 00:04:34.316, 1, 94740, 97871
2026/09/23 00:04:34.316, 2, 94757, 97871
2026/09/23 00:04:34.316, 3, 94739, 97871
2026/09/23 00:04:34.516, 0, 94731, 97871
2026/09/23 00:04:34.516, 1, 94740, 97871
2026/09/23 00:04:34.516, 2, 94757, 97871
2026/09/23 00:04:34.516, 3, 94739, 97871
2026/09/23 00:04:34.716, 0, 94731, 97871
2026/09/23 00:04:34.716, 1, 94740, 97871
2026/09/23 00:04:34.716, 2, 94757, 97871
2026/09/23 00:04:34.716, 3, 94739, 97871
2026/09/23 00:04:34.916, 0, 94731, 97871
2026/09/23 00:04:34.917, 1, 94740, 97871
2026/09/23 00:04:34.917, 2, 94757, 97871
2026/09/23 00:04:34.917, 3, 94739, 97871
2026/09/23 00:04:35.117, 0, 94731, 97871
2026/09/23 00:04:35.117, 1, 94740, 97871
2026/09/23 00:04:35.117, 2, 94757, 97871
2026/09/23 00:04:35.117, 3, 94739, 97871
2026/09/23 00:04:35.317, 0, 94731, 97871
2026/09/23 00:04:35.317, 1, 94740, 97871
2026/09/23 00:04:35.317, 2, 94757, 97871
2026/09/23 00:04:35.317, 3, 94739, 97871
2026/09/23 00:04:35.517, 0, 94731, 97871
2026/09/23 00:04:35.517, 1, 94740, 97871
2026/09/23 00:04:35.517, 2, 94757, 97871
2026/09/23 00:04:35.517, 3, 94739, 97871
2026/09/23 00:04:35.717, 0, 94731, 97871
2026/09/23 00:04:35.718, 1, 94740, 97871
2026/09/23 00:04:35.718, 2, 94757, 97871
2026/09/23 00:04:35.718, 3, 94739, 97871
2026/09/23 00:04:35.918, 0, 94731, 97871
2026/09/23 00:04:35.918, 1, 94740, 97871
2026/09/23 00:04:35.918, 2, 94757, 97871
2026/09/23 00:04:35.918, 3, 94739, 97871
2026/09/23 00:04:36.118, 0, 94731, 97871
2026/09/23 00:04:36.118, 1, 94740, 97871
2026/09/23 00:04:36.118, 2, 94757, 97871
2026/09/23 00:04:36.118, 3, 94739, 97871
2026/09/23 00:04:36.318, 0, 94731, 97871
2026/09/23 00:04:36.319, 1, 94740, 97871
2026/09/23 00:04:36.319, 2, 94757, 97871
2026/09/23 00:04:36.319, 3, 94739, 97871
2026/09/23 00:04:36.519, 0, 94731, 97871
2026/09/23 00:04:36.519, 1, 94740, 97871
2026/09/23 00:04:36.519, 2, 94757, 97871
2026/09/23 00:04:36.519, 3, 94739, 97871
2026/09/23 00:04:36.719, 0, 94731, 97871
2026/09/23 00:04:36.719, 1, 94740, 97871
2026/09/23 00:04:36.719, 2, 94757, 97871
2026/09/23 00:04:36.719, 3, 94739, 97871
2026/09/23 00:04:36.919, 0, 94731, 97871
2026/09/23 00:04:36.920, 1, 94740, 97871
2026/09/23 00:04:36.920, 2, 94757, 97871
2026/09/23 00:04:36.920, 3, 94739, 97871
2026/09/23 00:04:37.120, 0, 94731, 97871
2026/09/23 00:04:37.120, 1, 94740, 97871
2026/09/23 00:04:37.120, 2, 94757, 97871
2026/09/23 00:04:37.120, 3, 94739, 97871
2026/09/23 00:04:37.320, 0, 94731, 97871
2026/09/23 00:04:37.320, 1, 94740, 97871
2026/09/23 00:04:37.320, 2, 94757, 97871
2026/09/23 00:04:37.320, 3, 94739, 97871
2026/09/23 00:04:37.520, 0, 94731, 97871
2026/09/23 00:04:37.520, 1, 94740, 97871
2026/09/23 00:04:37.520, 2, 94757, 97871
2026/09/23 00:04:37.520, 3, 94739, 97871
2026/09/23 00:04:37.720, 0, 94731, 97871
2026/09/23 00:04:37.721, 1, 94740, 97871
2026/09/23 00:04:37.721, 2, 94757, 97871
2026/09/23 00:04:37.721, 3, 94739, 97871
2026/09/23 00:04:37.921, 0, 94731, 97871
2026/09/23 00:04:37.921, 1, 94740, 97871
2026/09/23 00:04:37.921, 2, 94757, 97871
2026/09/23 00:04:37.921, 3, 94739, 97871
2026/09/23 00:04:38.121, 0, 94731, 97871
2026/09/23 00:04:38.121, 1, 94740, 97871
2026/09/23 00:04:38.121, 2, 94757, 97871
2026/09/23 00:04:38.121, 3, 94739, 97871
2026/09/23 00:04:38.321, 0, 94731, 97871
2026/09/23 00:04:38.321, 1, 94740, 97871
2026/09/23 00:04:38.321, 2, 94757, 97871
2026/09/23 00:04:38.321, 3, 94739, 97871
2026/09/23 00:04:38.521, 0, 94731, 97871
2026/09/23 00:04:38.522, 1, 94740, 97871
2026/09/23 00:04:38.522, 2, 94757, 97871
2026/09/23 00:04:38.522, 3, 94739, 97871
2026/09/23 00:04:38.722, 0, 94731, 97871
2026/09/23 00:04:38.722, 1, 94740, 97871
2026/09/23 00:04:38.722, 2, 94757, 97871
2026/09/23 00:04:38.722, 3, 94739, 97871
2026/09/23 00:04:38.922, 0, 94731, 97871
2026/09/23 00:04:38.922, 1, 94740, 97871
2026/09/23 00:04:38.922, 2, 94757, 97871
2026/09/23 00:04:38.922, 3, 94739, 97871
2026/09/23 00:04:39.122, 0, 94731, 97871
2026/09/23 00:04:39.122, 1, 94740, 97871
2026/09/23 00:04:39.122, 2, 94757, 97871
2026/09/23 00:04:39.122, 3, 94739, 97871
2026/09/23 00:04:39.322, 0, 94731, 97871
2026/09/23 00:04:39.323, 1, 94740, 97871
2026/09/23 00:04:39.323, 2, 94757, 97871
2026/09/23 00:04:39.323, 3, 94739, 97871
2026/09/23 00:04:39.523, 0, 94731, 97871
2026/09/23 00:04:39.523, 1, 94740, 97871
2026/09/23 00:04:39.523, 2, 94757, 97871
2026/09/23 00:04:39.523, 3, 94739, 97871
2026/09/23 00:04:39.723, 0, 94731, 97871
2026/09/23 00:04:39.723, 1, 94740, 97871
2026/09/23 00:04:39.723, 2, 94757, 97871
2026/09/23 00:04:39.723, 3, 94739, 97871
2026/09/23 00:04:39.923, 0, 94731, 97871
2026/09/23 00:04:39.923, 1, 94740, 97871
2026/09/23 00:04:39.923, 2, 94757, 97871
2026/09/23 00:04:39.923, 3, 94739, 97871
2026/09/23 00:04:40.123, 0, 94731, 97871
2026/09/23 00:04:40.123, 1, 94740, 97871
2026/09/23 00:04:40.124, 2, 94757, 97871
2026/09/23 00:04:40.124, 3, 94739, 97871
2026/09/23 00:04:40.324, 0, 94731, 97871
2026/09/23 00:04:40.324, 1, 94740, 97871
2026/09/23 00:04:40.324, 2, 94757, 97871
2026/09/23 00:04:40.324, 3, 94739, 97871
2026/09/23 00:04:40.524, 0, 94731, 97871
2026/09/23 00:04:40.524, 1, 94740, 97871
2026/09/23 00:04:40.524, 2, 94757, 97871
2026/09/23 00:04:40.524, 3, 94739, 97871
2026/09/23 00:04:40.724, 0, 94731, 97871
2026/09/23 00:04:40.724, 1, 94740, 97871
2026/09/23 00:04:40.724, 2, 94757, 97871
2026/09/23 00:04:40.724, 3, 94739, 97871
2026/09/23 00:04:40.924, 0, 94731, 97871
2026/09/23 00:04:40.924, 1, 94740, 97871
2026/09/23 00:04:40.924, 2, 94757, 97871
2026/09/23 00:04:40.925, 3, 94739, 97871
2026/09/23 00:04:41.125, 0, 94731, 97871
2026/09/23 00:04:41.125, 1, 94740, 97871
2026/09/23 00:04:41.125, 2, 94757, 97871
2026/09/23 00:04:41.125, 3, 94739, 97871
2026/09/23 00:04:41.325, 0, 94731, 97871
2026/09/23 00:04:41.325, 1, 94740, 97871
2026/09/23 00:04:41.325, 2, 94757, 97871
2026/09/23 00:04:41.325, 3, 94739, 97871
2026/09/23 00:04:41.525, 0, 94731, 97871
2026/09/23 00:04:41.525, 1, 94740, 97871
2026/09/23 00:04:41.525, 2, 94757, 97871
2026/09/23 00:04:41.525, 3, 94739, 97871
2026/09/23 00:04:41.725, 0, 94731, 97871
2026/09/23 00:04:41.725, 1, 94740, 97871
2026/09/23 00:04:41.725, 2, 94757, 97871
2026/09/23 00:04:41.725, 3, 94739, 97871
2026/09/23 00:04:41.926, 0, 94731, 97871
2026/09/23 00:04:41.926, 1, 94740, 97871
2026/09/23 00:04:41.926, 2, 94757, 97871
2026/09/23 00:04:41.926, 3, 94739, 97871
2026/09/23 00:04:42.126, 0, 94731, 97871
2026/09/23 00:04:42.126, 1, 94740, 97871
2026/09/23 00:04:42.126, 2, 94757, 97871
2026/09/23 00:04:42.126, 3, 94739, 97871
2026/09/23 00:04:42.326, 0, 94731, 97871
2026/09/23 00:04:42.326, 1, 94740, 97871
2026/09/23 00:04:42.326, 2, 94757, 97871
2026/09/23 00:04:42.326, 3, 94739, 97871
2026/09/23 00:04:42.526, 0, 94731, 97871
2026/09/23 00:04:42.526, 1, 94740, 97871
2026/09/23 00:04:42.526, 2, 94757, 97871
2026/09/23 00:04:42.526, 3, 94739, 97871
2026/09/23 00:04:42.727, 0, 94731, 97871
2026/09/23 00:04:42.727, 1, 94740, 97871
2026/09/23 00:04:42.727, 2, 94757, 97871
2026/09/23 00:04:42.727, 3, 94739, 97871
2026/09/23 00:04:42.927, 0, 94731, 97871
2026/09/23 00:04:42.927, 1, 94740, 97871
2026/09/23 00:04:42.927, 2, 94757, 97871
2026/09/23 00:04:42.927, 3, 94739, 97871
2026/09/23 00:04:43.127, 0, 94731, 97871
2026/09/23 00:04:43.127, 1, 94740, 97871
2026/09/23 00:04:43.127, 2, 94757, 97871
2026/09/23 00:04:43.127, 3, 94739, 97871
2026/09/23 00:04:43.327, 0, 94733, 97871
2026/09/23 00:04:43.327, 1, 94742, 97871
2026/09/23 00:04:43.327, 2, 94759, 97871
2026/09/23 00:04:43.328, 3, 94741, 97871
2026/09/23 00:04:43.528, 0, 94733, 97871
2026/09/23 00:04:43.528, 1, 94742, 97871
2026/09/23 00:04:43.528, 2, 94759, 97871
2026/09/23 00:04:43.528, 3, 94741, 97871
2026/09/23 00:04:43.728, 0, 94733, 97871
2026/09/23 00:04:43.728, 1, 94742, 97871
2026/09/23 00:04:43.728, 2, 94759, 97871
2026/09/23 00:04:43.728, 3, 94741, 97871
2026/09/23 00:04:43.928, 0, 94733, 97871
2026/09/23 00:04:43.928, 1, 94742, 97871
2026/09/23 00:04:43.928, 2, 94759, 97871
2026/09/23 00:04:43.928, 3, 94741, 97871
2026/09/23 00:04:44.128, 0, 94733, 97871
2026/09/23 00:04:44.129, 1, 94742, 97871
2026/09/23 00:04:44.129, 2, 94759, 97871
2026/09/23 00:04:44.129, 3, 94741, 97871
2026/09/23 00:04:44.329, 0, 94733, 97871
2026/09/23 00:04:44.329, 1, 94742, 97871
2026/09/23 00:04:44.329, 2, 94759, 97871
2026/09/23 00:04:44.329, 3, 94741, 97871
2026/09/23 00:04:44.529, 0, 94733, 97871
2026/09/23 00:04:44.529, 1, 94742, 97871
2026/09/23 00:04:44.529, 2, 94759, 97871
2026/09/23 00:04:44.529, 3, 94741, 97871
2026/09/23 00:04:44.729, 0, 94733, 97871
2026/09/23 00:04:44.729, 1, 94742, 97871
2026/09/23 00:04:44.729, 2, 94759, 97871
2026/09/23 00:04:44.729, 3, 94741, 97871
2026/09/23 00:04:44.929, 0, 94733, 97871
2026/09/23 00:04:44.930, 1, 94742, 97871
2026/09/23 00:04:44.930, 2, 94759, 97871
2026/09/23 00:04:44.930, 3, 94741, 97871
2026/09/23 00:04:45.130, 0, 94733, 97871
2026/09/23 00:04:45.130, 1, 94742, 97871
2026/09/23 00:04:45.130, 2, 94759, 97871
2026/09/23 00:04:45.130, 3, 94741, 97871
2026/09/23 00:04:45.330, 0, 94733, 97871
2026/09/23 00:04:45.330, 1, 94742, 97871
2026/09/23 00:04:45.330, 2, 94759, 97871
2026/09/23 00:04:45.330, 3, 94741, 97871
2026/09/23 00:04:45.530, 0, 94733, 97871
2026/09/23 00:04:45.530, 1, 94742, 97871
2026/09/23 00:04:45.530, 2, 94759, 97871
2026/09/23 00:04:45.530, 3, 94741, 97871
2026/09/23 00:04:45.731, 0, 94733, 97871
2026/09/23 00:04:45.731, 1, 94742, 97871
2026/09/23 00:04:45.731, 2, 94759, 97871
2026/09/23 00:04:45.731, 3, 94741, 97871
2026/09/23 00:04:45.931, 0, 94733, 97871
2026/09/23 00:04:45.931, 1, 94742, 97871
2026/09/23 00:04:45.931, 2, 94759, 97871
2026/09/23 00:04:45.931, 3, 94741, 97871
2026/09/23 00:04:46.131, 0, 94733, 97871
2026/09/23 00:04:46.131, 1, 94742, 97871
2026/09/23 00:04:46.131, 2, 94759, 97871
2026/09/23 00:04:46.131, 3, 94741, 97871
2026/09/23 00:04:46.331, 0, 94733, 97871
2026/09/23 00:04:46.331, 1, 94742, 97871
2026/09/23 00:04:46.331, 2, 94759, 97871
2026/09/23 00:04:46.332, 3, 94741, 97871
2026/09/23 00:04:46.532, 0, 94733, 97871
2026/09/23 00:04:46.532, 1, 94742, 97871
2026/09/23 00:04:46.532, 2, 94759, 97871
2026/09/23 00:04:46.532, 3, 94741, 97871
2026/09/23 00:04:46.732, 0, 94733, 97871
2026/09/23 00:04:46.732, 1, 94742, 97871
2026/09/23 00:04:46.732, 2, 94759, 97871
2026/09/23 00:04:46.732, 3, 94741, 97871
2026/09/23 00:04:46.932, 0, 94733, 97871
2026/09/23 00:04:46.932, 1, 94742, 97871
2026/09/23 00:04:46.932, 2, 94759, 97871
2026/09/23 00:04:46.932, 3, 94741, 97871
2026/09/23 00:04:47.132, 0, 94733, 97871
2026/09/23 00:04:47.132, 1, 94742, 97871
2026/09/23 00:04:47.132, 2, 94759, 97871
2026/09/23 00:04:47.132, 3, 94741, 97871
2026/09/23 00:04:47.333, 0, 94733, 97871
2026/09/23 00:04:47.333, 1, 94742, 97871
2026/09/23 00:04:47.333, 2, 94759, 97871
2026/09/23 00:04:47.333, 3, 94741, 97871
2026/09/23 00:04:47.533, 0, 94733, 97871
2026/09/23 00:04:47.533, 1, 94742, 97871
2026/09/23 00:04:47.533, 2, 94759, 97871
2026/09/23 00:04:47.533, 3, 94741, 97871
2026/09/23 00:04:47.733, 0, 94755, 97871
2026/09/23 00:04:47.733, 1, 94764, 97871
2026/09/23 00:04:47.733, 2, 94781, 97871
2026/09/23 00:04:47.733, 3, 94763, 97871
2026/09/23 00:04:47.933, 0, 94785, 97871
2026/09/23 00:04:47.934, 1, 94794, 97871
2026/09/23 00:04:47.934, 2, 94811, 97871
2026/09/23 00:04:47.934, 3, 94793, 97871
2026/09/23 00:04:48.134, 0, 94785, 97871
2026/09/23 00:04:48.134, 1, 94794, 97871
2026/09/23 00:04:48.134, 2, 94811, 97871
2026/09/23 00:04:48.134, 3, 94793, 97871
2026/09/23 00:04:48.334, 0, 94785, 97871
2026/09/23 00:04:48.334, 1, 94794, 97871
2026/09/23 00:04:48.334, 2, 94811, 97871
2026/09/23 00:04:48.334, 3, 94793, 97871
2026/09/23 00:04:48.534, 0, 94785, 97871
2026/09/23 00:04:48.534, 1, 94794, 97871
2026/09/23 00:04:48.534, 2, 94811, 97871
2026/09/23 00:04:48.534, 3, 94793, 97871
2026/09/23 00:04:48.735, 0, 94785, 97871
2026/09/23 00:04:48.735, 1, 94794, 97871
2026/09/23 00:04:48.735, 2, 94811, 97871
2026/09/23 00:04:48.735, 3, 94793, 97871
2026/09/23 00:04:48.935, 0, 94785, 97871
2026/09/23 00:04:48.935, 1, 94794, 97871
2026/09/23 00:04:48.935, 2, 94811, 97871
2026/09/23 00:04:48.935, 3, 94793, 97871
2026/09/23 00:04:49.135, 0, 94785, 97871
2026/09/23 00:04:49.135, 1, 94794, 97871
2026/09/23 00:04:49.135, 2, 94811, 97871
2026/09/23 00:04:49.135, 3, 94793, 97871
2026/09/23 00:04:49.335, 0, 94785, 97871
2026/09/23 00:04:49.335, 1, 94794, 97871
2026/09/23 00:04:49.335, 2, 94811, 97871
2026/09/23 00:04:49.335, 3, 94793, 97871
2026/09/23 00:04:49.536, 0, 94785, 97871
2026/09/23 00:04:49.536, 1, 94794, 97871
2026/09/23 00:04:49.536, 2, 94811, 97871
2026/09/23 00:04:49.536, 3, 94793, 97871
2026/09/23 00:04:49.736, 0, 94785, 97871
2026/09/23 00:04:49.736, 1, 94794, 97871
2026/09/23 00:04:49.736, 2, 94811, 97871
2026/09/23 00:04:49.736, 3, 94793, 97871
2026/09/23 00:04:49.936, 0, 94785, 97871
2026/09/23 00:04:49.936, 1, 94794, 97871
2026/09/23 00:04:49.936, 2, 94811, 97871
2026/09/23 00:04:49.936, 3, 94793, 97871
2026/09/23 00:04:50.137, 0, 94785, 97871
2026/09/23 00:04:50.137, 1, 94794, 97871
2026/09/23 00:04:50.137, 2, 94811, 97871
2026/09/23 00:04:50.137, 3, 94793, 97871
2026/09/23 00:04:50.337, 0, 94785, 97871
2026/09/23 00:04:50.337, 1, 94794, 97871
2026/09/23 00:04:50.337, 2, 94811, 97871
2026/09/23 00:04:50.337, 3, 94793, 97871
2026/09/23 00:04:50.537, 0, 94785, 97871
2026/09/23 00:04:50.537, 1, 94794, 97871
2026/09/23 00:04:50.537, 2, 94811, 97871
2026/09/23 00:04:50.537, 3, 94793, 97871
2026/09/23 00:04:50.737, 0, 94785, 97871
2026/09/23 00:04:50.738, 1, 94794, 97871
2026/09/23 00:04:50.738, 2, 94811, 97871
2026/09/23 00:04:50.738, 3, 94793, 97871
2026/09/23 00:04:50.938, 0, 94785, 97871
2026/09/23 00:04:50.938, 1, 94794, 97871
2026/09/23 00:04:50.938, 2, 94811, 97871
2026/09/23 00:04:50.938, 3, 94793, 97871
2026/09/23 00:04:51.138, 0, 94785, 97871
2026/09/23 00:04:51.138, 1, 94794, 97871
2026/09/23 00:04:51.138, 2, 94811, 97871
2026/09/23 00:04:51.138, 3, 94793, 97871
2026/09/23 00:04:51.339, 0, 94785, 97871
2026/09/23 00:04:51.339, 1, 94794, 97871
2026/09/23 00:04:51.339, 2, 94811, 97871
2026/09/23 00:04:51.339, 3, 94793, 97871
2026/09/23 00:04:51.539, 0, 94785, 97871
2026/09/23 00:04:51.539, 1, 94794, 97871
2026/09/23 00:04:51.539, 2, 94811, 97871
2026/09/23 00:04:51.539, 3, 94793, 97871
2026/09/23 00:04:51.739, 0, 94785, 97871
2026/09/23 00:04:51.739, 1, 94794, 97871
2026/09/23 00:04:51.740, 2, 94811, 97871
2026/09/23 00:04:51.740, 3, 94793, 97871
2026/09/23 00:04:51.940, 0, 94785, 97871
2026/09/23 00:04:51.940, 1, 94794, 97871
2026/09/23 00:04:51.940, 2, 94811, 97871
2026/09/23 00:04:51.940, 3, 94793, 97871
2026/09/23 00:04:52.140, 0, 94785, 97871
2026/09/23 00:04:52.140, 1, 94794, 97871
2026/09/23 00:04:52.140, 2, 94811, 97871
2026/09/23 00:04:52.140, 3, 94793, 97871
2026/09/23 00:04:52.340, 0, 94785, 97871
2026/09/23 00:04:52.340, 1, 94794, 97871
2026/09/23 00:04:52.340, 2, 94811, 97871
2026/09/23 00:04:52.340, 3, 94793, 97871
2026/09/23 00:04:52.541, 0, 94785, 97871
2026/09/23 00:04:52.541, 1, 94794, 97871
2026/09/23 00:04:52.541, 2, 94811, 97871
2026/09/23 00:04:52.541, 3, 94793, 97871
2026/09/23 00:04:52.741, 0, 94785, 97871
2026/09/23 00:04:52.741, 1, 94794, 97871
2026/09/23 00:04:52.741, 2, 94811, 97871
2026/09/23 00:04:52.741, 3, 94793, 97871
2026/09/23 00:04:52.941, 0, 94785, 97871
2026/09/23 00:04:52.941, 1, 94794, 97871
2026/09/23 00:04:52.941, 2, 94811, 97871
2026/09/23 00:04:52.941, 3, 94793, 97871
2026/09/23 00:04:53.141, 0, 94785, 97871
2026/09/23 00:04:53.141, 1, 94794, 97871
2026/09/23 00:04:53.141, 2, 94811, 97871
2026/09/23 00:04:53.141, 3, 94793, 97871
2026/09/23 00:04:53.342, 0, 94785, 97871
2026/09/23 00:04:53.342, 1, 94794, 97871
2026/09/23 00:04:53.342, 2, 94811, 97871
2026/09/23 00:04:53.342, 3, 94793, 97871
2026/09/23 00:04:53.542, 0, 94785, 97871
2026/09/23 00:04:53.542, 1, 94794, 97871
2026/09/23 00:04:53.542, 2, 94811, 97871
2026/09/23 00:04:53.542, 3, 94793, 97871
2026/09/23 00:04:53.742, 0, 94785, 97871
2026/09/23 00:04:53.742, 1, 94794, 97871
2026/09/23 00:04:53.742, 2, 94811, 97871
2026/09/23 00:04:53.742, 3, 94793, 97871
2026/09/23 00:04:53.942, 0, 94785, 97871
2026/09/23 00:04:53.942, 1, 94794, 97871
2026/09/23 00:04:53.943, 2, 94811, 97871
2026/09/23 00:04:53.943, 3, 94793, 97871
2026/09/23 00:04:54.143, 0, 94785, 97871
2026/09/23 00:04:54.143, 1, 94794, 97871
2026/09/23 00:04:54.143, 2, 94811, 97871
2026/09/23 00:04:54.143, 3, 94793, 97871
2026/09/23 00:04:54.343, 0, 94785, 97871
2026/09/23 00:04:54.343, 1, 94794, 97871
2026/09/23 00:04:54.343, 2, 94811, 97871
2026/09/23 00:04:54.343, 3, 94793, 97871
2026/09/23 00:04:54.543, 0, 94785, 97871
2026/09/23 00:04:54.543, 1, 94794, 97871
2026/09/23 00:04:54.543, 2, 94811, 97871
2026/09/23 00:04:54.543, 3, 94793, 97871
2026/09/23 00:04:54.743, 0, 94785, 97871
2026/09/23 00:04:54.744, 1, 94794, 97871
2026/09/23 00:04:54.744, 2, 94811, 97871
2026/09/23 00:04:54.744, 3, 94793, 97871
2026/09/23 00:04:54.944, 0, 94785, 97871
2026/09/23 00:04:54.944, 1, 94794, 97871
2026/09/23 00:04:54.944, 2, 94811, 97871
2026/09/23 00:04:54.944, 3, 94793, 97871
2026/09/23 00:04:55.144, 0, 94785, 97871
2026/09/23 00:04:55.144, 1, 94794, 97871
2026/09/23 00:04:55.144, 2, 94811, 97871
2026/09/23 00:04:55.144, 3, 94793, 97871
2026/09/23 00:04:55.344, 0, 94785, 97871
2026/09/23 00:04:55.344, 1, 94794, 97871
2026/09/23 00:04:55.344, 2, 94811, 97871
2026/09/23 00:04:55.344, 3, 94793, 97871
2026/09/23 00:04:55.544, 0, 94785, 97871
2026/09/23 00:04:55.575, 1, 94794, 97871
2026/09/23 00:04:55.611, 2, 94811, 97871
2026/09/23 00:04:55.611, 3, 94793, 97871
2026/09/23 00:04:55.811, 0, 94785, 97871
2026/09/23 00:04:55.833, 1, 94794, 97871
2026/09/23 00:04:55.869, 2, 94811, 97871
2026/09/23 00:04:55.889, 3, 94793, 97871
2026/09/23 00:04:56.089, 0, 94785, 97871
2026/09/23 00:04:56.089, 1, 94794, 97871
2026/09/23 00:04:56.089, 2, 94811, 97871
2026/09/23 00:04:56.089, 3, 94793, 97871
2026/09/23 00:04:56.289, 0, 94785, 97871
2026/09/23 00:04:56.289, 1, 94794, 97871
2026/09/23 00:04:56.289, 2, 94811, 97871
2026/09/23 00:04:56.289, 3, 94793, 97871
2026/09/23 00:04:56.489, 0, 94785, 97871
2026/09/23 00:04:56.489, 1, 94794, 97871
2026/09/23 00:04:56.489, 2, 94811, 97871
2026/09/23 00:04:56.489, 3, 94793, 97871
2026/09/23 00:04:56.690, 0, 94785, 97871
2026/09/23 00:04:56.690, 1, 94794, 97871
2026/09/23 00:04:56.690, 2, 94811, 97871
2026/09/23 00:04:56.690, 3, 94793, 97871
2026/09/23 00:04:56.890, 0, 94785, 97871
2026/09/23 00:04:56.929, 1, 94794, 97871
2026/09/23 00:04:56.929, 2, 94811, 97871
2026/09/23 00:04:56.929, 3, 94793, 97871
2026/09/23 00:04:57.129, 0, 94785, 97871
2026/09/23 00:04:57.130, 1, 94794, 97871
2026/09/23 00:04:57.130, 2, 94811, 97871
2026/09/23 00:04:57.130, 3, 94793, 97871
2026/09/23 00:04:57.330, 0, 94785, 97871
2026/09/23 00:04:57.330, 1, 94794, 97871
2026/09/23 00:04:57.330, 2, 94811, 97871
2026/09/23 00:04:57.330, 3, 94793, 97871
2026/09/23 00:04:57.530, 0, 94785, 97871
2026/09/23 00:04:57.530, 1, 94794, 97871
2026/09/23 00:04:57.530, 2, 94811, 97871
2026/09/23 00:04:57.530, 3, 94793, 97871
2026/09/23 00:04:57.730, 0, 94785, 97871
2026/09/23 00:04:57.730, 1, 94794, 97871
2026/09/23 00:04:57.730, 2, 94811, 97871
2026/09/23 00:04:57.730, 3, 94793, 97871
2026/09/23 00:04:57.930, 0, 94785, 97871
2026/09/23 00:04:57.931, 1, 94794, 97871
2026/09/23 00:04:57.931, 2, 94811, 97871
2026/09/23 00:04:57.931, 3, 94793, 97871
2026/09/23 00:04:58.131, 0, 94785, 97871
2026/09/23 00:04:58.131, 1, 94794, 97871
2026/09/23 00:04:58.131, 2, 94811, 97871
2026/09/23 00:04:58.131, 3, 94793, 97871
2026/09/23 00:04:58.331, 0, 94785, 97871
2026/09/23 00:04:58.331, 1, 94794, 97871
2026/09/23 00:04:58.331, 2, 94811, 97871
2026/09/23 00:04:58.331, 3, 94793, 97871
2026/09/23 00:04:58.531, 0, 94785, 97871
2026/09/23 00:04:58.531, 1, 94794, 97871
2026/09/23 00:04:58.531, 2, 94811, 97871
2026/09/23 00:04:58.531, 3, 94793, 97871
2026/09/23 00:04:58.731, 0, 94785, 97871
2026/09/23 00:04:58.732, 1, 94794, 97871
2026/09/23 00:04:58.732, 2, 94811, 97871
2026/09/23 00:04:58.732, 3, 94793, 97871
2026/09/23 00:04:58.932, 0, 94785, 97871
2026/09/23 00:04:58.932, 1, 94794, 97871
2026/09/23 00:04:58.932, 2, 94811, 97871
2026/09/23 00:04:58.932, 3, 94793, 97871
2026/09/23 00:04:59.132, 0, 94785, 97871
2026/09/23 00:04:59.132, 1, 94794, 97871
2026/09/23 00:04:59.132, 2, 94811, 97871
2026/09/23 00:04:59.132, 3, 94793, 97871
2026/09/23 00:04:59.332, 0, 94785, 97871
2026/09/23 00:04:59.332, 1, 94794, 97871
2026/09/23 00:04:59.332, 2, 94811, 97871
2026/09/23 00:04:59.332, 3, 94793, 97871
2026/09/23 00:04:59.532, 0, 94785, 97871
2026/09/23 00:04:59.532, 1, 94794, 97871
2026/09/23 00:04:59.532, 2, 94811, 97871
2026/09/23 00:04:59.533, 3, 94793, 97871
2026/09/23 00:04:59.733, 0, 94785, 97871
2026/09/23 00:04:59.733, 1, 94794, 97871
2026/09/23 00:04:59.733, 2, 94811, 97871
2026/09/23 00:04:59.733, 3, 94793, 97871
2026/09/23 00:04:59.933, 0, 94785, 97871
2026/09/23 00:04:59.933, 1, 94794, 97871
2026/09/23 00:04:59.933, 2, 94811, 97871
2026/09/23 00:04:59.933, 3, 94793, 97871
2026/09/23 00:05:00.133, 0, 94785, 97871
2026/09/23 00:05:00.133, 1, 94794, 97871
2026/09/23 00:05:00.133, 2, 94811, 97871
2026/09/23 00:05:00.133, 3, 94793, 97871
2026/09/23 00:05:00.333, 0, 94785, 97871
2026/09/23 00:05:00.333, 1, 94794, 97871
2026/09/23 00:05:00.333, 2, 94811, 97871
2026/09/23 00:05:00.333, 3, 94793, 97871
2026/09/23 00:05:00.534, 0, 94785, 97871
2026/09/23 00:05:00.534, 1, 94794, 97871
2026/09/23 00:05:00.534, 2, 94811, 97871
2026/09/23 00:05:00.534, 3, 94793, 97871
2026/09/23 00:05:00.734, 0, 94785, 97871
2026/09/23 00:05:00.734, 1, 94794, 97871
2026/09/23 00:05:00.734, 2, 94811, 97871
2026/09/23 00:05:00.734, 3, 94793, 97871
2026/09/23 00:05:00.934, 0, 94785, 97871
2026/09/23 00:05:00.934, 1, 94794, 97871
2026/09/23 00:05:00.934, 2, 94811, 97871
2026/09/23 00:05:00.934, 3, 94793, 97871
2026/09/23 00:05:01.134, 0, 94785, 97871
2026/09/23 00:05:01.134, 1, 94794, 97871
2026/09/23 00:05:01.134, 2, 94811, 97871
2026/09/23 00:05:01.134, 3, 94793, 97871
2026/09/23 00:05:01.335, 0, 94785, 97871
2026/09/23 00:05:01.335, 1, 94794, 97871
2026/09/23 00:05:01.335, 2, 94811, 97871
2026/09/23 00:05:01.335, 3, 94793, 97871
2026/09/23 00:05:01.535, 0, 94785, 97871
2026/09/23 00:05:01.535, 1, 94794, 97871
2026/09/23 00:05:01.535, 2, 94811, 97871
2026/09/23 00:05:01.535, 3, 94793, 97871
2026/09/23 00:05:01.735, 0, 94785, 97871
2026/09/23 00:05:01.735, 1, 94794, 97871
2026/09/23 00:05:01.735, 2, 94811, 97871
2026/09/23 00:05:01.735, 3, 94793, 97871
2026/09/23 00:05:01.935, 0, 94785, 97871
2026/09/23 00:05:01.935, 1, 94794, 97871
2026/09/23 00:05:01.935, 2, 94811, 97871
2026/09/23 00:05:01.936, 3, 94793, 97871
2026/09/23 00:05:02.136, 0, 94785, 97871
2026/09/23 00:05:02.136, 1, 94794, 97871
2026/09/23 00:05:02.136, 2, 94811, 97871
2026/09/23 00:05:02.136, 3, 94793, 97871
2026/09/23 00:05:02.336, 0, 94785, 97871
2026/09/23 00:05:02.336, 1, 94794, 97871
2026/09/23 00:05:02.336, 2, 94811, 97871
2026/09/23 00:05:02.336, 3, 94793, 97871
2026/09/23 00:05:02.536, 0, 94785, 97871
2026/09/23 00:05:02.536, 1, 94794, 97871
2026/09/23 00:05:02.536, 2, 94811, 97871
2026/09/23 00:05:02.536, 3, 94793, 97871
2026/09/23 00:05:02.736, 0, 94785, 97871
2026/09/23 00:05:02.736, 1, 94794, 97871
2026/09/23 00:05:02.736, 2, 94811, 97871
2026/09/23 00:05:02.737, 3, 94793, 97871
2026/09/23 00:05:02.937, 0, 94785, 97871
2026/09/23 00:05:02.937, 1, 94794, 97871
2026/09/23 00:05:02.937, 2, 94811, 97871
2026/09/23 00:05:02.937, 3, 94793, 97871
2026/09/23 00:05:03.137, 0, 94785, 97871
2026/09/23 00:05:03.137, 1, 94794, 97871
2026/09/23 00:05:03.137, 2, 94811, 97871
2026/09/23 00:05:03.137, 3, 94793, 97871
2026/09/23 00:05:03.337, 0, 94785, 97871
2026/09/23 00:05:03.337, 1, 94794, 97871
2026/09/23 00:05:03.337, 2, 94811, 97871
2026/09/23 00:05:03.337, 3, 94793, 97871
2026/09/23 00:05:03.537, 0, 94785, 97871
2026/09/23 00:05:03.537, 1, 94794, 97871
2026/09/23 00:05:03.537, 2, 94811, 97871
2026/09/23 00:05:03.537, 3, 94793, 97871
2026/09/23 00:05:03.738, 0, 94785, 97871
2026/09/23 00:05:03.738, 1, 94794, 97871
2026/09/23 00:05:03.738, 2, 94811, 97871
2026/09/23 00:05:03.738, 3, 94793, 97871
2026/09/23 00:05:03.938, 0, 94785, 97871
2026/09/23 00:05:03.938, 1, 94794, 97871
2026/09/23 00:05:03.938, 2, 94811, 97871
2026/09/23 00:05:03.938, 3, 94793, 97871
2026/09/23 00:05:04.138, 0, 94785, 97871
2026/09/23 00:05:04.138, 1, 94794, 97871
2026/09/23 00:05:04.138, 2, 94811, 97871
2026/09/23 00:05:04.138, 3, 94793, 97871
2026/09/23 00:05:04.338, 0, 94785, 97871
2026/09/23 00:05:04.338, 1, 94794, 97871
2026/09/23 00:05:04.338, 2, 94811, 97871
2026/09/23 00:05:04.338, 3, 94793, 97871
2026/09/23 00:05:04.539, 0, 94785, 97871
2026/09/23 00:05:04.539, 1, 94794, 97871
2026/09/23 00:05:04.539, 2, 94811, 97871
2026/09/23 00:05:04.539, 3, 94793, 97871
2026/09/23 00:05:04.739, 0, 94785, 97871
2026/09/23 00:05:04.739, 1, 94794, 97871
2026/09/23 00:05:04.739, 2, 94811, 97871
2026/09/23 00:05:04.739, 3, 94793, 97871
2026/09/23 00:05:04.939, 0, 94785, 97871
2026/09/23 00:05:04.939, 1, 94794, 97871
2026/09/23 00:05:04.939, 2, 94811, 97871
2026/09/23 00:05:04.939, 3, 94793, 97871
2026/09/23 00:05:05.139, 0, 94785, 97871
2026/09/23 00:05:05.139, 1, 94794, 97871
2026/09/23 00:05:05.139, 2, 94811, 97871
2026/09/23 00:05:05.140, 3, 94793, 97871
2026/09/23 00:05:05.340, 0, 94785, 97871
2026/09/23 00:05:05.340, 1, 94794, 97871
2026/09/23 00:05:05.340, 2, 94811, 97871
2026/09/23 00:05:05.340, 3, 94793, 97871
2026/09/23 00:05:05.540, 0, 94785, 97871
2026/09/23 00:05:05.540, 1, 94794, 97871
2026/09/23 00:05:05.540, 2, 94811, 97871
2026/09/23 00:05:05.540, 3, 94793, 97871
2026/09/23 00:05:05.740, 0, 94785, 97871
2026/09/23 00:05:05.740, 1, 94794, 97871
2026/09/23 00:05:05.740, 2, 94811, 97871
2026/09/23 00:05:05.740, 3, 94793, 97871
2026/09/23 00:05:05.940, 0, 94785, 97871
2026/09/23 00:05:05.940, 1, 94794, 97871
2026/09/23 00:05:05.941, 2, 94811, 97871
2026/09/23 00:05:05.941, 3, 94793, 97871
2026/09/23 00:05:06.141, 0, 94785, 97871
2026/09/23 00:05:06.141, 1, 94794, 97871
2026/09/23 00:05:06.141, 2, 94811, 97871
2026/09/23 00:05:06.141, 3, 94793, 97871
2026/09/23 00:05:06.341, 0, 94785, 97871
2026/09/23 00:05:06.341, 1, 94794, 97871
2026/09/23 00:05:06.341, 2, 94811, 97871
2026/09/23 00:05:06.341, 3, 94793, 97871
2026/09/23 00:05:06.541, 0, 94785, 97871
2026/09/23 00:05:06.541, 1, 94794, 97871
2026/09/23 00:05:06.541, 2, 94811, 97871
2026/09/23 00:05:06.541, 3, 94793, 97871
2026/09/23 00:05:06.741, 0, 94785, 97871
2026/09/23 00:05:06.742, 1, 94794, 97871
2026/09/23 00:05:06.742, 2, 94811, 97871
2026/09/23 00:05:06.742, 3, 94793, 97871
2026/09/23 00:05:06.942, 0, 94785, 97871
2026/09/23 00:05:06.942, 1, 94794, 97871
2026/09/23 00:05:06.942, 2, 94811, 97871
2026/09/23 00:05:06.942, 3, 94793, 97871
2026/09/23 00:05:07.142, 0, 94785, 97871
2026/09/23 00:05:07.142, 1, 94794, 97871
2026/09/23 00:05:07.142, 2, 94811, 97871
2026/09/23 00:05:07.142, 3, 94793, 97871
2026/09/23 00:05:07.342, 0, 94785, 97871
2026/09/23 00:05:07.342, 1, 94794, 97871
2026/09/23 00:05:07.342, 2, 94811, 97871
2026/09/23 00:05:07.342, 3, 94793, 97871
2026/09/23 00:05:07.542, 0, 94785, 97871
2026/09/23 00:05:07.543, 1, 94794, 97871
2026/09/23 00:05:07.543, 2, 94811, 97871
2026/09/23 00:05:07.543, 3, 94793, 97871
2026/09/23 00:05:07.743, 0, 94785, 97871
2026/09/23 00:05:07.743, 1, 94794, 97871
2026/09/23 00:05:07.743, 2, 94811, 97871
2026/09/23 00:05:07.743, 3, 94793, 97871
2026/09/23 00:05:07.943, 0, 94785, 97871
2026/09/23 00:05:07.943, 1, 94794, 97871
2026/09/23 00:05:07.943, 2, 94811, 97871
2026/09/23 00:05:07.943, 3, 94793, 97871
2026/09/23 00:05:08.143, 0, 94785, 97871
2026/09/23 00:05:08.143, 1, 94794, 97871
2026/09/23 00:05:08.143, 2, 94811, 97871
2026/09/23 00:05:08.143, 3, 94793, 97871
2026/09/23 00:05:08.343, 0, 94785, 97871
2026/09/23 00:05:08.344, 1, 94794, 97871
2026/09/23 00:05:08.344, 2, 94811, 97871
2026/09/23 00:05:08.344, 3, 94793, 97871
2026/09/23 00:05:08.544, 0, 94785, 97871
2026/09/23 00:05:08.544, 1, 94794, 97871
2026/09/23 00:05:08.544, 2, 94811, 97871
2026/09/23 00:05:08.544, 3, 94793, 97871
2026/09/23 00:05:08.744, 0, 94785, 97871
2026/09/23 00:05:08.744, 1, 94794, 97871
2026/09/23 00:05:08.744, 2, 94811, 97871
2026/09/23 00:05:08.745, 3, 94793, 97871
2026/09/23 00:05:08.945, 0, 94785, 97871
2026/09/23 00:05:08.945, 1, 94794, 97871
2026/09/23 00:05:08.945, 2, 94811, 97871
2026/09/23 00:05:08.945, 3, 94793, 97871
2026/09/23 00:05:09.145, 0, 94785, 97871
2026/09/23 00:05:09.145, 1, 94794, 97871
2026/09/23 00:05:09.145, 2, 94811, 97871
2026/09/23 00:05:09.145, 3, 94793, 97871
2026/09/23 00:05:09.345, 0, 94785, 97871
2026/09/23 00:05:09.346, 1, 94794, 97871
2026/09/23 00:05:09.346, 2, 94811, 97871
2026/09/23 00:05:09.346, 3, 94793, 97871
2026/09/23 00:05:09.546, 0, 94785, 97871
2026/09/23 00:05:09.546, 1, 94794, 97871
2026/09/23 00:05:09.546, 2, 94811, 97871
2026/09/23 00:05:09.546, 3, 94793, 97871
2026/09/23 00:05:09.746, 0, 94785, 97871
2026/09/23 00:05:09.746, 1, 94794, 97871
2026/09/23 00:05:09.746, 2, 94811, 97871
2026/09/23 00:05:09.747, 3, 94793, 97871
2026/09/23 00:05:09.947, 0, 94785, 97871
2026/09/23 00:05:09.947, 1, 94794, 97871
2026/09/23 00:05:09.947, 2, 94811, 97871
2026/09/23 00:05:09.947, 3, 94793, 97871
2026/09/23 00:05:10.147, 0, 94785, 97871
2026/09/23 00:05:10.147, 1, 94794, 97871
2026/09/23 00:05:10.147, 2, 94811, 97871
2026/09/23 00:05:10.147, 3, 94793, 97871
2026/09/23 00:05:10.348, 0, 94785, 97871
2026/09/23 00:05:10.348, 1, 94794, 97871
2026/09/23 00:05:10.348, 2, 94811, 97871
2026/09/23 00:05:10.348, 3, 94793, 97871
2026/09/23 00:05:10.548, 0, 94785, 97871
2026/09/23 00:05:10.548, 1, 94794, 97871
2026/09/23 00:05:10.548, 2, 94811, 97871
2026/09/23 00:05:10.548, 3, 94793, 97871
2026/09/23 00:05:10.748, 0, 94785, 97871
2026/09/23 00:05:10.748, 1, 94794, 97871
2026/09/23 00:05:10.749, 2, 94811, 97871
2026/09/23 00:05:10.749, 3, 94793, 97871
2026/09/23 00:05:10.949, 0, 94785, 97871
2026/09/23 00:05:10.949, 1, 94794, 97871
2026/09/23 00:05:10.949, 2, 94811, 97871
2026/09/23 00:05:10.949, 3, 94793, 97871
2026/09/23 00:05:11.149, 0, 94785, 97871
2026/09/23 00:05:11.149, 1, 94794, 97871
2026/09/23 00:05:11.150, 2, 94811, 97871
2026/09/23 00:05:11.150, 3, 94793, 97871
2026/09/23 00:05:11.350, 0, 94785, 97871
2026/09/23 00:05:11.350, 1, 94794, 97871
2026/09/23 00:05:11.350, 2, 94811, 97871
2026/09/23 00:05:11.350, 3, 94793, 97871
2026/09/23 00:05:11.550, 0, 94785, 97871
2026/09/23 00:05:11.550, 1, 94794, 97871
2026/09/23 00:05:11.550, 2, 94811, 97871
2026/09/23 00:05:11.551, 3, 94793, 97871
2026/09/23 00:05:11.751, 0, 94785, 97871
2026/09/23 00:05:11.751, 1, 94794, 97871
2026/09/23 00:05:11.751, 2, 94811, 97871
2026/09/23 00:05:11.751, 3, 94793, 97871
2026/09/23 00:05:11.951, 0, 94785, 97871
2026/09/23 00:05:11.951, 1, 94794, 97871
2026/09/23 00:05:11.951, 2, 94811, 97871
2026/09/23 00:05:11.951, 3, 94793, 97871
2026/09/23 00:05:12.152, 0, 94785, 97871
2026/09/23 00:05:12.152, 1, 94794, 97871
2026/09/23 00:05:12.152, 2, 94811, 97871
2026/09/23 00:05:12.152, 3, 94793, 97871
2026/09/23 00:05:12.352, 0, 94785, 97871
2026/09/23 00:05:12.352, 1, 94794, 97871
2026/09/23 00:05:12.352, 2, 94811, 97871
2026/09/23 00:05:12.352, 3, 94793, 97871
2026/09/23 00:05:12.552, 0, 94785, 97871
2026/09/23 00:05:12.553, 1, 94794, 97871
2026/09/23 00:05:12.553, 2, 94811, 97871
2026/09/23 00:05:12.553, 3, 94793, 97871
2026/09/23 00:05:12.753, 0, 94785, 97871
2026/09/23 00:05:12.753, 1, 94794, 97871
2026/09/23 00:05:12.753, 2, 94811, 97871
2026/09/23 00:05:12.753, 3, 94793, 97871
2026/09/23 00:05:12.953, 0, 94785, 97871
2026/09/23 00:05:12.953, 1, 94794, 97871
2026/09/23 00:05:12.953, 2, 94811, 97871
2026/09/23 00:05:12.954, 3, 94793, 97871
2026/09/23 00:05:13.154, 0, 94785, 97871
2026/09/23 00:05:13.154, 1, 94794, 97871
2026/09/23 00:05:13.154, 2, 94811, 97871
2026/09/23 00:05:13.154, 3, 94793, 97871
2026/09/23 00:05:13.354, 0, 94785, 97871
2026/09/23 00:05:13.354, 1, 94794, 97871
2026/09/23 00:05:13.354, 2, 94811, 97871
2026/09/23 00:05:13.354, 3, 94793, 97871
2026/09/23 00:05:13.555, 0, 94785, 97871
2026/09/23 00:05:13.555, 1, 94794, 97871
2026/09/23 00:05:13.555, 2, 94811, 97871
2026/09/23 00:05:13.555, 3, 94793, 97871
2026/09/23 00:05:13.755, 0, 94785, 97871
2026/09/23 00:05:13.755, 1, 94794, 97871
2026/09/23 00:05:13.755, 2, 94811, 97871
2026/09/23 00:05:13.755, 3, 94793, 97871
2026/09/23 00:05:13.955, 0, 94785, 97871
2026/09/23 00:05:13.955, 1, 94794, 97871
2026/09/23 00:05:13.956, 2, 94811, 97871
2026/09/23 00:05:13.956, 3, 94793, 97871
2026/09/23 00:05:14.156, 0, 94785, 97871
2026/09/23 00:05:14.156, 1, 94794, 97871
2026/09/23 00:05:14.156, 2, 94811, 97871
2026/09/23 00:05:14.156, 3, 94793, 97871
2026/09/23 00:05:14.356, 0, 94785, 97871
2026/09/23 00:05:14.356, 1, 94794, 97871
2026/09/23 00:05:14.356, 2, 94811, 97871
2026/09/23 00:05:14.356, 3, 94793, 97871
2026/09/23 00:05:14.557, 0, 94785, 97871
2026/09/23 00:05:14.557, 1, 94794, 97871
2026/09/23 00:05:14.557, 2, 94811, 97871
2026/09/23 00:05:14.557, 3, 94793, 97871
2026/09/23 00:05:14.757, 0, 94785, 97871
2026/09/23 00:05:14.757, 1, 94794, 97871
2026/09/23 00:05:14.757, 2, 94811, 97871
2026/09/23 00:05:14.757, 3, 94793, 97871
2026/09/23 00:05:14.957, 0, 94785, 97871
2026/09/23 00:05:14.958, 1, 94794, 97871
2026/09/23 00:05:14.958, 2, 94811, 97871
2026/09/23 00:05:14.958, 3, 94793, 97871
2026/09/23 00:05:15.158, 0, 94785, 97871
2026/09/23 00:05:15.158, 1, 94794, 97871
2026/09/23 00:05:15.158, 2, 94811, 97871
2026/09/23 00:05:15.158, 3, 94793, 97871
2026/09/23 00:05:15.358, 0, 94785, 97871
2026/09/23 00:05:15.358, 1, 94794, 97871
2026/09/23 00:05:15.358, 2, 94811, 97871
2026/09/23 00:05:15.358, 3, 94793, 97871
2026/09/23 00:05:15.558, 0, 94785, 97871
2026/09/23 00:05:15.559, 1, 94794, 97871
2026/09/23 00:05:15.559, 2, 94811, 97871
2026/09/23 00:05:15.559, 3, 94793, 97871
2026/09/23 00:05:15.759, 0, 94785, 97871
2026/09/23 00:05:15.759, 1, 94794, 97871
2026/09/23 00:05:15.759, 2, 94811, 97871
2026/09/23 00:05:15.759, 3, 94793, 97871
2026/09/23 00:05:15.959, 0, 94785, 97871
2026/09/23 00:05:15.960, 1, 94794, 97871
2026/09/23 00:05:15.960, 2, 94811, 97871
2026/09/23 00:05:15.960, 3, 94793, 97871
2026/09/23 00:05:16.160, 0, 94785, 97871
2026/09/23 00:05:16.160, 1, 94794, 97871
2026/09/23 00:05:16.160, 2, 94811, 97871
2026/09/23 00:05:16.160, 3, 94793, 97871
2026/09/23 00:05:16.360, 0, 94785, 97871
2026/09/23 00:05:16.360, 1, 94794, 97871
2026/09/23 00:05:16.360, 2, 94811, 97871
2026/09/23 00:05:16.360, 3, 94793, 97871
2026/09/23 00:05:16.560, 0, 94785, 97871
2026/09/23 00:05:16.561, 1, 94794, 97871
2026/09/23 00:05:16.561, 2, 94811, 97871
2026/09/23 00:05:16.561, 3, 94793, 97871
2026/09/23 00:05:16.761, 0, 94785, 97871
2026/09/23 00:05:16.761, 1, 94794, 97871
2026/09/23 00:05:16.761, 2, 94811, 97871
2026/09/23 00:05:16.761, 3, 94793, 97871
2026/09/23 00:05:16.961, 0, 94785, 97871
2026/09/23 00:05:16.961, 1, 94794, 97871
2026/09/23 00:05:16.961, 2, 94811, 97871
2026/09/23 00:05:16.961, 3, 94793, 97871
2026/09/23 00:05:17.161, 0, 94785, 97871
2026/09/23 00:05:17.161, 1, 94794, 97871
2026/09/23 00:05:17.161, 2, 94811, 97871
2026/09/23 00:05:17.162, 3, 94793, 97871
2026/09/23 00:05:17.362, 0, 94785, 97871
2026/09/23 00:05:17.362, 1, 94794, 97871
2026/09/23 00:05:17.362, 2, 94811, 97871
2026/09/23 00:05:17.362, 3, 94793, 97871
2026/09/23 00:05:17.562, 0, 94785, 97871
2026/09/23 00:05:17.562, 1, 94794, 97871
2026/09/23 00:05:17.562, 2, 94811, 97871
2026/09/23 00:05:17.562, 3, 94793, 97871
2026/09/23 00:05:17.762, 0, 94785, 97871
2026/09/23 00:05:17.762, 1, 94794, 97871
2026/09/23 00:05:17.762, 2, 94811, 97871
2026/09/23 00:05:17.762, 3, 94793, 97871
2026/09/23 00:05:17.962, 0, 94785, 97871
2026/09/23 00:05:17.963, 1, 94794, 97871
2026/09/23 00:05:17.963, 2, 94811, 97871
2026/09/23 00:05:17.963, 3, 94793, 97871
2026/09/23 00:05:18.163, 0, 94785, 97871
2026/09/23 00:05:18.163, 1, 94794, 97871
2026/09/23 00:05:18.163, 2, 94811, 97871
2026/09/23 00:05:18.163, 3, 94793, 97871
2026/09/23 00:05:18.363, 0, 94785, 97871
2026/09/23 00:05:18.363, 1, 94794, 97871
2026/09/23 00:05:18.363, 2, 94811, 97871
2026/09/23 00:05:18.363, 3, 94793, 97871
2026/09/23 00:05:18.563, 0, 94785, 97871
2026/09/23 00:05:18.564, 1, 94794, 97871
2026/09/23 00:05:18.564, 2, 94811, 97871
2026/09/23 00:05:18.564, 3, 94793, 97871
2026/09/23 00:05:18.764, 0, 94785, 97871
2026/09/23 00:05:18.764, 1, 94794, 97871
2026/09/23 00:05:18.764, 2, 94811, 97871
2026/09/23 00:05:18.764, 3, 94793, 97871
2026/09/23 00:05:18.964, 0, 94785, 97871
2026/09/23 00:05:18.964, 1, 94794, 97871
2026/09/23 00:05:18.965, 2, 94811, 97871
2026/09/23 00:05:18.965, 3, 94793, 97871
2026/09/23 00:05:19.165, 0, 94785, 97871
2026/09/23 00:05:19.165, 1, 94794, 97871
2026/09/23 00:05:19.165, 2, 94811, 97871
2026/09/23 00:05:19.165, 3, 94793, 97871
2026/09/23 00:05:19.365, 0, 94785, 97871
2026/09/23 00:05:19.365, 1, 94794, 97871
2026/09/23 00:05:19.365, 2, 94811, 97871
2026/09/23 00:05:19.365, 3, 94793, 97871
2026/09/23 00:05:19.565, 0, 94785, 97871
2026/09/23 00:05:19.565, 1, 94794, 97871
2026/09/23 00:05:19.566, 2, 94811, 97871
2026/09/23 00:05:19.566, 3, 94793, 97871
2026/09/23 00:05:19.766, 0, 94785, 97871
2026/09/23 00:05:19.766, 1, 94794, 97871
2026/09/23 00:05:19.766, 2, 94811, 97871
2026/09/23 00:05:19.766, 3, 94793, 97871
2026/09/23 00:05:19.966, 0, 94785, 97871
2026/09/23 00:05:19.966, 1, 94794, 97871
2026/09/23 00:05:19.966, 2, 94811, 97871
2026/09/23 00:05:19.966, 3, 94793, 97871
2026/09/23 00:05:20.166, 0, 94785, 97871
2026/09/23 00:05:20.167, 1, 94794, 97871
2026/09/23 00:05:20.167, 2, 94811, 97871
2026/09/23 00:05:20.167, 3, 94793, 97871
2026/09/23 00:05:20.367, 0, 94785, 97871
2026/09/23 00:05:20.367, 1, 94794, 97871
2026/09/23 00:05:20.367, 2, 94811, 97871
2026/09/23 00:05:20.367, 3, 94793, 97871
2026/09/23 00:05:20.567, 0, 94785, 97871
2026/09/23 00:05:20.567, 1, 94794, 97871
2026/09/23 00:05:20.567, 2, 94811, 97871
2026/09/23 00:05:20.567, 3, 94793, 97871
2026/09/23 00:05:20.767, 0, 94785, 97871
2026/09/23 00:05:20.767, 1, 94794, 97871
2026/09/23 00:05:20.767, 2, 94811, 97871
2026/09/23 00:05:20.767, 3, 94793, 97871
2026/09/23 00:05:20.967, 0, 94785, 97871
2026/09/23 00:05:20.968, 1, 94794, 97871
2026/09/23 00:05:20.968, 2, 94811, 97871
2026/09/23 00:05:20.968, 3, 94793, 97871
2026/09/23 00:05:21.168, 0, 94785, 97871
2026/09/23 00:05:21.168, 1, 94794, 97871
2026/09/23 00:05:21.168, 2, 94811, 97871
2026/09/23 00:05:21.168, 3, 94793, 97871
2026/09/23 00:05:21.368, 0, 94785, 97871
2026/09/23 00:05:21.368, 1, 94794, 97871
2026/09/23 00:05:21.368, 2, 94811, 97871
2026/09/23 00:05:21.368, 3, 94793, 97871
2026/09/23 00:05:21.568, 0, 94785, 97871
2026/09/23 00:05:21.568, 1, 94794, 97871
2026/09/23 00:05:21.568, 2, 94811, 97871
2026/09/23 00:05:21.568, 3, 94793, 97871
2026/09/23 00:05:21.769, 0, 94785, 97871
2026/09/23 00:05:21.769, 1, 94794, 97871
2026/09/23 00:05:21.769, 2, 94811, 97871
2026/09/23 00:05:21.769, 3, 94793, 97871
2026/09/23 00:05:21.969, 0, 94785, 97871
2026/09/23 00:05:21.969, 1, 94794, 97871
2026/09/23 00:05:21.969, 2, 94811, 97871
2026/09/23 00:05:21.969, 3, 94793, 97871
2026/09/23 00:05:22.169, 0, 94785, 97871
2026/09/23 00:05:22.169, 1, 94794, 97871
2026/09/23 00:05:22.169, 2, 94811, 97871
2026/09/23 00:05:22.169, 3, 94793, 97871
2026/09/23 00:05:22.370, 0, 94785, 97871
2026/09/23 00:05:22.370, 1, 94794, 97871
2026/09/23 00:05:22.370, 2, 94811, 97871
2026/09/23 00:05:22.370, 3, 94793, 97871
2026/09/23 00:05:22.570, 0, 94785, 97871
2026/09/23 00:05:22.570, 1, 94794, 97871
2026/09/23 00:05:22.570, 2, 94811, 97871
2026/09/23 00:05:22.570, 3, 94793, 97871
2026/09/23 00:05:22.770, 0, 94785, 97871
2026/09/23 00:05:22.770, 1, 94794, 97871
2026/09/23 00:05:22.770, 2, 94811, 97871
2026/09/23 00:05:22.771, 3, 94793, 97871
2026/09/23 00:05:22.971, 0, 94785, 97871
2026/09/23 00:05:22.971, 1, 94794, 97871
2026/09/23 00:05:22.971, 2, 94811, 97871
2026/09/23 00:05:22.971, 3, 94793, 97871
2026/09/23 00:05:23.171, 0, 94785, 97871
2026/09/23 00:05:23.171, 1, 94794, 97871
2026/09/23 00:05:23.171, 2, 94811, 97871
2026/09/23 00:05:23.171, 3, 94793, 97871
2026/09/23 00:05:23.371, 0, 94785, 97871
2026/09/23 00:05:23.371, 1, 94794, 97871
2026/09/23 00:05:23.371, 2, 94811, 97871
2026/09/23 00:05:23.372, 3, 94793, 97871
2026/09/23 00:05:23.572, 0, 94785, 97871
2026/09/23 00:05:23.572, 1, 94794, 97871
2026/09/23 00:05:23.572, 2, 94811, 97871
2026/09/23 00:05:23.572, 3, 94793, 97871
2026/09/23 00:05:23.772, 0, 94785, 97871
2026/09/23 00:05:23.772, 1, 94794, 97871
2026/09/23 00:05:23.772, 2, 94811, 97871
2026/09/23 00:05:23.772, 3, 94793, 97871
2026/09/23 00:05:23.972, 0, 94785, 97871
2026/09/23 00:05:23.972, 1, 94794, 97871
2026/09/23 00:05:23.972, 2, 94811, 97871
2026/09/23 00:05:23.972, 3, 94793, 97871
2026/09/23 00:05:24.173, 0, 94785, 97871
2026/09/23 00:05:24.173, 1, 94794, 97871
2026/09/23 00:05:24.173, 2, 94811, 97871
2026/09/23 00:05:24.173, 3, 94793, 97871
2026/09/23 00:05:24.373, 0, 94785, 97871
2026/09/23 00:05:24.373, 1, 94794, 97871
2026/09/23 00:05:24.373, 2, 94811, 97871
2026/09/23 00:05:24.373, 3, 94793, 97871
2026/09/23 00:05:24.573, 0, 94785, 97871
2026/09/23 00:05:24.573, 1, 94794, 97871
2026/09/23 00:05:24.573, 2, 94811, 97871
2026/09/23 00:05:24.573, 3, 94793, 97871
2026/09/23 00:05:24.773, 0, 94785, 97871
2026/09/23 00:05:24.773, 1, 94794, 97871
2026/09/23 00:05:24.774, 2, 94811, 97871
2026/09/23 00:05:24.774, 3, 94793, 97871
2026/09/23 00:05:24.974, 0, 94785, 97871
2026/09/23 00:05:24.974, 1, 94794, 97871
2026/09/23 00:05:24.974, 2, 94811, 97871
2026/09/23 00:05:24.974, 3, 94793, 97871
2026/09/23 00:05:25.174, 0, 94785, 97871
2026/09/23 00:05:25.174, 1, 94794, 97871
2026/09/23 00:05:25.174, 2, 94811, 97871
2026/09/23 00:05:25.174, 3, 94793, 97871
2026/09/23 00:05:25.374, 0, 94785, 97871
2026/09/23 00:05:25.374, 1, 94794, 97871
2026/09/23 00:05:25.375, 2, 94811, 97871
2026/09/23 00:05:25.375, 3, 94793, 97871
2026/09/23 00:05:25.575, 0, 94785, 97871
2026/09/23 00:05:25.575, 1, 94794, 97871
2026/09/23 00:05:25.575, 2, 94811, 97871
2026/09/23 00:05:25.575, 3, 94793, 97871
2026/09/23 00:05:25.775, 0, 94785, 97871
2026/09/23 00:05:25.775, 1, 94794, 97871
2026/09/23 00:05:25.775, 2, 94811, 97871
2026/09/23 00:05:25.775, 3, 94793, 97871
2026/09/23 00:05:25.975, 0, 94785, 97871
2026/09/23 00:05:25.975, 1, 94794, 97871
2026/09/23 00:05:25.975, 2, 94811, 97871
2026/09/23 00:05:25.975, 3, 94793, 97871
2026/09/23 00:05:26.176, 0, 94785, 97871
2026/09/23 00:05:26.176, 1, 94794, 97871
2026/09/23 00:05:26.176, 2, 94811, 97871
2026/09/23 00:05:26.176, 3, 94793, 97871
2026/09/23 00:05:26.376, 0, 94785, 97871
2026/09/23 00:05:26.376, 1, 94794, 97871
2026/09/23 00:05:26.376, 2, 94811, 97871
2026/09/23 00:05:26.376, 3, 94793, 97871
2026/09/23 00:05:26.576, 0, 94785, 97871
2026/09/23 00:05:26.576, 1, 94794, 97871
2026/09/23 00:05:26.576, 2, 94811, 97871
2026/09/23 00:05:26.576, 3, 94793, 97871
2026/09/23 00:05:26.777, 0, 94785, 97871
2026/09/23 00:05:26.777, 1, 94794, 97871
2026/09/23 00:05:26.777, 2, 94811, 97871
2026/09/23 00:05:26.777, 3, 94793, 97871
2026/09/23 00:05:26.977, 0, 94785, 97871
2026/09/23 00:05:26.977, 1, 94794, 97871
2026/09/23 00:05:26.977, 2, 94811, 97871
2026/09/23 00:05:26.977, 3, 94793, 97871
2026/09/23 00:05:27.177, 0, 94785, 97871
2026/09/23 00:05:27.177, 1, 94794, 97871
2026/09/23 00:05:27.177, 2, 94811, 97871
2026/09/23 00:05:27.178, 3, 94793, 97871
2026/09/23 00:05:27.378, 0, 94785, 97871
2026/09/23 00:05:27.378, 1, 94794, 97871
2026/09/23 00:05:27.378, 2, 94811, 97871
2026/09/23 00:05:27.378, 3, 94793, 97871
2026/09/23 00:05:27.578, 0, 94785, 97871
2026/09/23 00:05:27.578, 1, 94794, 97871
2026/09/23 00:05:27.578, 2, 94811, 97871
2026/09/23 00:05:27.578, 3, 94793, 97871
2026/09/23 00:05:27.778, 0, 94785, 97871
2026/09/23 00:05:27.778, 1, 94794, 97871
2026/09/23 00:05:27.778, 2, 94811, 97871
2026/09/23 00:05:27.778, 3, 94793, 97871
2026/09/23 00:05:27.978, 0, 94785, 97871
2026/09/23 00:05:27.979, 1, 94794, 97871
2026/09/23 00:05:27.979, 2, 94811, 97871
2026/09/23 00:05:27.979, 3, 94793, 97871
2026/09/23 00:05:28.179, 0, 94785, 97871
2026/09/23 00:05:28.179, 1, 94794, 97871
2026/09/23 00:05:28.179, 2, 94811, 97871
2026/09/23 00:05:28.179, 3, 94793, 97871
2026/09/23 00:05:28.379, 0, 94785, 97871
2026/09/23 00:05:28.379, 1, 94794, 97871
2026/09/23 00:05:28.379, 2, 94811, 97871
2026/09/23 00:05:28.379, 3, 94793, 97871
2026/09/23 00:05:28.579, 0, 94785, 97871
2026/09/23 00:05:28.579, 1, 94794, 97871
2026/09/23 00:05:28.580, 2, 94811, 97871
2026/09/23 00:05:28.580, 3, 94793, 97871
2026/09/23 00:05:28.780, 0, 94785, 97871
2026/09/23 00:05:28.780, 1, 94794, 97871
2026/09/23 00:05:28.780, 2, 94811, 97871
2026/09/23 00:05:28.780, 3, 94793, 97871
2026/09/23 00:05:28.980, 0, 94785, 97871
2026/09/23 00:05:28.980, 1, 94794, 97871
2026/09/23 00:05:28.980, 2, 94811, 97871
2026/09/23 00:05:28.980, 3, 94793, 97871
2026/09/23 00:05:29.180, 0, 94785, 97871
2026/09/23 00:05:29.180, 1, 94794, 97871
2026/09/23 00:05:29.180, 2, 94811, 97871
2026/09/23 00:05:29.181, 3, 94793, 97871
2026/09/23 00:05:29.381, 0, 94785, 97871
2026/09/23 00:05:29.381, 1, 94794, 97871
2026/09/23 00:05:29.381, 2, 94811, 97871
2026/09/23 00:05:29.381, 3, 94793, 97871
2026/09/23 00:05:29.581, 0, 94785, 97871
2026/09/23 00:05:29.581, 1, 94794, 97871
2026/09/23 00:05:29.581, 2, 94811, 97871
2026/09/23 00:05:29.581, 3, 94793, 97871
2026/09/23 00:05:29.781, 0, 94785, 97871
2026/09/23 00:05:29.781, 1, 94794, 97871
2026/09/23 00:05:29.781, 2, 94811, 97871
2026/09/23 00:05:29.781, 3, 94793, 97871
2026/09/23 00:05:29.982, 0, 94785, 97871
2026/09/23 00:05:29.982, 1, 94794, 97871
2026/09/23 00:05:29.982, 2, 94811, 97871
2026/09/23 00:05:29.982, 3, 94793, 97871
2026/09/23 00:05:30.182, 0, 94785, 97871
2026/09/23 00:05:30.182, 1, 94794, 97871
2026/09/23 00:05:30.182, 2, 94811, 97871
2026/09/23 00:05:30.182, 3, 94793, 97871
2026/09/23 00:05:30.382, 0, 94785, 97871
2026/09/23 00:05:30.382, 1, 94794, 97871
2026/09/23 00:05:30.382, 2, 94811, 97871
2026/09/23 00:05:30.382, 3, 94793, 97871
2026/09/23 00:05:30.582, 0, 94785, 97871
2026/09/23 00:05:30.582, 1, 94794, 97871
2026/09/23 00:05:30.582, 2, 94811, 97871
2026/09/23 00:05:30.582, 3, 94793, 97871
2026/09/23 00:05:30.783, 0, 94785, 97871
2026/09/23 00:05:30.783, 1, 94794, 97871
2026/09/23 00:05:30.783, 2, 94811, 97871
2026/09/23 00:05:30.783, 3, 94793, 97871
2026/09/23 00:05:30.983, 0, 94785, 97871
2026/09/23 00:05:30.983, 1, 94794, 97871
2026/09/23 00:05:30.983, 2, 94811, 97871
2026/09/23 00:05:30.983, 3, 94793, 97871
2026/09/23 00:05:31.183, 0, 94785, 97871
2026/09/23 00:05:31.183, 1, 94794, 97871
2026/09/23 00:05:31.183, 2, 94811, 97871
2026/09/23 00:05:31.183, 3, 94793, 97871
2026/09/23 00:05:31.384, 0, 94785, 97871
2026/09/23 00:05:31.384, 1, 94794, 97871
2026/09/23 00:05:31.384, 2, 94811, 97871
2026/09/23 00:05:31.384, 3, 94793, 97871
2026/09/23 00:05:31.584, 0, 94785, 97871
2026/09/23 00:05:31.584, 1, 94794, 97871
2026/09/23 00:05:31.584, 2, 94811, 97871
2026/09/23 00:05:31.584, 3, 94793, 97871
2026/09/23 00:05:31.784, 0, 94785, 97871
2026/09/23 00:05:31.784, 1, 94794, 97871
2026/09/23 00:05:31.784, 2, 94811, 97871
2026/09/23 00:05:31.784, 3, 94793, 97871
2026/09/23 00:05:31.985, 0, 94785, 97871
2026/09/23 00:05:31.985, 1, 94794, 97871
2026/09/23 00:05:31.985, 2, 94811, 97871
2026/09/23 00:05:31.985, 3, 94793, 97871
2026/09/23 00:05:32.185, 0, 94785, 97871
2026/09/23 00:05:32.185, 1, 94794, 97871
2026/09/23 00:05:32.185, 2, 94811, 97871
2026/09/23 00:05:32.185, 3, 94793, 97871
2026/09/23 00:05:32.385, 0, 94785, 97871
2026/09/23 00:05:32.385, 1, 94794, 97871
2026/09/23 00:05:32.386, 2, 94811, 97871
2026/09/23 00:05:32.386, 3, 94793, 97871
2026/09/23 00:05:32.586, 0, 94785, 97871
2026/09/23 00:05:32.586, 1, 94794, 97871
2026/09/23 00:05:32.586, 2, 94811, 97871
2026/09/23 00:05:32.586, 3, 94793, 97871
2026/09/23 00:05:32.786, 0, 94785, 97871
2026/09/23 00:05:32.786, 1, 94794, 97871
2026/09/23 00:05:32.786, 2, 94811, 97871
2026/09/23 00:05:32.786, 3, 94793, 97871
2026/09/23 00:05:32.986, 0, 94785, 97871
2026/09/23 00:05:32.987, 1, 94794, 97871
2026/09/23 00:05:32.987, 2, 94811, 97871
2026/09/23 00:05:32.987, 3, 94793, 97871
2026/09/23 00:05:33.187, 0, 94785, 97871
2026/09/23 00:05:33.187, 1, 94794, 97871
2026/09/23 00:05:33.187, 2, 94811, 97871
2026/09/23 00:05:33.187, 3, 94793, 97871
2026/09/23 00:05:33.387, 0, 94785, 97871
2026/09/23 00:05:33.387, 1, 94794, 97871
2026/09/23 00:05:33.387, 2, 94811, 97871
2026/09/23 00:05:33.387, 3, 94793, 97871
2026/09/23 00:05:33.588, 0, 94785, 97871
2026/09/23 00:05:33.588, 1, 94794, 97871
2026/09/23 00:05:33.588, 2, 94811, 97871
2026/09/23 00:05:33.588, 3, 94793, 97871
2026/09/23 00:05:33.788, 0, 94785, 97871
2026/09/23 00:05:33.788, 1, 94794, 97871
2026/09/23 00:05:33.788, 2, 94811, 97871
2026/09/23 00:05:33.788, 3, 94793, 97871
2026/09/23 00:05:33.988, 0, 94785, 97871
2026/09/23 00:05:33.988, 1, 94794, 97871
2026/09/23 00:05:33.988, 2, 94811, 97871
2026/09/23 00:05:33.988, 3, 94793, 97871
2026/09/23 00:05:34.188, 0, 94785, 97871
2026/09/23 00:05:34.189, 1, 94794, 97871
2026/09/23 00:05:34.189, 2, 94811, 97871
2026/09/23 00:05:34.189, 3, 94793, 97871
2026/09/23 00:05:34.389, 0, 94785, 97871
2026/09/23 00:05:34.389, 1, 94794, 97871
2026/09/23 00:05:34.389, 2, 94811, 97871
2026/09/23 00:05:34.389, 3, 94793, 97871
2026/09/23 00:05:34.589, 0, 94785, 97871
2026/09/23 00:05:34.589, 1, 94794, 97871
2026/09/23 00:05:34.589, 2, 94811, 97871
2026/09/23 00:05:34.589, 3, 94793, 97871
2026/09/23 00:05:34.789, 0, 94785, 97871
2026/09/23 00:05:34.789, 1, 94794, 97871
2026/09/23 00:05:34.789, 2, 94811, 97871
2026/09/23 00:05:34.789, 3, 94793, 97871
2026/09/23 00:05:34.989, 0, 94785, 97871
2026/09/23 00:05:34.989, 1, 94794, 97871
2026/09/23 00:05:34.990, 2, 94811, 97871
2026/09/23 00:05:34.990, 3, 94793, 97871
2026/09/23 00:05:35.190, 0, 94785, 97871
2026/09/23 00:05:35.190, 1, 94794, 97871
2026/09/23 00:05:35.190, 2, 94811, 97871
2026/09/23 00:05:35.190, 3, 94793, 97871
2026/09/23 00:05:35.390, 0, 94785, 97871
2026/09/23 00:05:35.390, 1, 94794, 97871
2026/09/23 00:05:35.390, 2, 94811, 97871
2026/09/23 00:05:35.390, 3, 94793, 97871
2026/09/23 00:05:35.590, 0, 94785, 97871
2026/09/23 00:05:35.590, 1, 94794, 97871
2026/09/23 00:05:35.590, 2, 94811, 97871
2026/09/23 00:05:35.590, 3, 94793, 97871
2026/09/23 00:05:35.791, 0, 94785, 97871
2026/09/23 00:05:35.791, 1, 94794, 97871
2026/09/23 00:05:35.791, 2, 94811, 97871
2026/09/23 00:05:35.791, 3, 94793, 97871
2026/09/23 00:05:35.991, 0, 94785, 97871
2026/09/23 00:05:35.991, 1, 94794, 97871
2026/09/23 00:05:35.991, 2, 94811, 97871
2026/09/23 00:05:35.991, 3, 94793, 97871
2026/09/23 00:05:36.191, 0, 94785, 97871
2026/09/23 00:05:36.191, 1, 94794, 97871
2026/09/23 00:05:36.191, 2, 94811, 97871
2026/09/23 00:05:36.191, 3, 94793, 97871
2026/09/23 00:05:36.391, 0, 94785, 97871
2026/09/23 00:05:36.391, 1, 94794, 97871
2026/09/23 00:05:36.391, 2, 94811, 97871
2026/09/23 00:05:36.391, 3, 94793, 97871
2026/09/23 00:05:36.592, 0, 94785, 97871
2026/09/23 00:05:36.592, 1, 94794, 97871
2026/09/23 00:05:36.592, 2, 94811, 97871
2026/09/23 00:05:36.592, 3, 94793, 97871
2026/09/23 00:05:36.792, 0, 94785, 97871
2026/09/23 00:05:36.792, 1, 94794, 97871
2026/09/23 00:05:36.792, 2, 94811, 97871
2026/09/23 00:05:36.792, 3, 94793, 97871
2026/09/23 00:05:36.992, 0, 94785, 97871
2026/09/23 00:05:36.992, 1, 94794, 97871
2026/09/23 00:05:36.992, 2, 94811, 97871
2026/09/23 00:05:36.992, 3, 94793, 97871
2026/09/23 00:05:37.193, 0, 94785, 97871
2026/09/23 00:05:37.193, 1, 94794, 97871
2026/09/23 00:05:37.193, 2, 94811, 97871
2026/09/23 00:05:37.193, 3, 94793, 97871
2026/09/23 00:05:37.393, 0, 94785, 97871
2026/09/23 00:05:37.393, 1, 94794, 97871
2026/09/23 00:05:37.393, 2, 94811, 97871
2026/09/23 00:05:37.393, 3, 94793, 97871
2026/09/23 00:05:37.593, 0, 94785, 97871
2026/09/23 00:05:37.593, 1, 94794, 97871
2026/09/23 00:05:37.593, 2, 94811, 97871
2026/09/23 00:05:37.593, 3, 94793, 97871
2026/09/23 00:05:37.793, 0, 94785, 97871
2026/09/23 00:05:37.794, 1, 94794, 97871
2026/09/23 00:05:37.794, 2, 94811, 97871
2026/09/23 00:05:37.794, 3, 94793, 97871
2026/09/23 00:05:37.994, 0, 94785, 97871
2026/09/23 00:05:37.994, 1, 94794, 97871
2026/09/23 00:05:37.994, 2, 94811, 97871
2026/09/23 00:05:37.994, 3, 94793, 97871
2026/09/23 00:05:38.194, 0, 94785, 97871
2026/09/23 00:05:38.194, 1, 94794, 97871
2026/09/23 00:05:38.194, 2, 94811, 97871
2026/09/23 00:05:38.194, 3, 94793, 97871
2026/09/23 00:05:38.395, 0, 94785, 97871
2026/09/23 00:05:38.395, 1, 94794, 97871
2026/09/23 00:05:38.395, 2, 94811, 97871
2026/09/23 00:05:38.395, 3, 94793, 97871
2026/09/23 00:05:38.595, 0, 94785, 97871
2026/09/23 00:05:38.595, 1, 94794, 97871
2026/09/23 00:05:38.595, 2, 94811, 97871
2026/09/23 00:05:38.595, 3, 94793, 97871
2026/09/23 00:05:38.795, 0, 94785, 97871
2026/09/23 00:05:38.795, 1, 94794, 97871
2026/09/23 00:05:38.795, 2, 94811, 97871
2026/09/23 00:05:38.795, 3, 94793, 97871
2026/09/23 00:05:38.995, 0, 94785, 97871
2026/09/23 00:05:38.995, 1, 94794, 97871
2026/09/23 00:05:38.996, 2, 94811, 97871
2026/09/23 00:05:38.996, 3, 94793, 97871
2026/09/23 00:05:39.196, 0, 94785, 97871
2026/09/23 00:05:39.196, 1, 94794, 97871
2026/09/23 00:05:39.196, 2, 94811, 97871
2026/09/23 00:05:39.196, 3, 94793, 97871
2026/09/23 00:05:39.396, 0, 94785, 97871
2026/09/23 00:05:39.396, 1, 94794, 97871
2026/09/23 00:05:39.396, 2, 94811, 97871
2026/09/23 00:05:39.396, 3, 94793, 97871
2026/09/23 00:05:39.596, 0, 94785, 97871
2026/09/23 00:05:39.596, 1, 94794, 97871
2026/09/23 00:05:39.597, 2, 94811, 97871
2026/09/23 00:05:39.597, 3, 94793, 97871
2026/09/23 00:05:39.797, 0, 94785, 97871
2026/09/23 00:05:39.797, 1, 94794, 97871
2026/09/23 00:05:39.797, 2, 94811, 97871
2026/09/23 00:05:39.797, 3, 94793, 97871
2026/09/23 00:05:39.997, 0, 94785, 97871
2026/09/23 00:05:39.997, 1, 94794, 97871
2026/09/23 00:05:39.997, 2, 94811, 97871
2026/09/23 00:05:39.997, 3, 94793, 97871
2026/09/23 00:05:40.197, 0, 94785, 97871
2026/09/23 00:05:40.197, 1, 94794, 97871
2026/09/23 00:05:40.197, 2, 94811, 97871
2026/09/23 00:05:40.198, 3, 94793, 97871
2026/09/23 00:05:40.398, 0, 94785, 97871
2026/09/23 00:05:40.398, 1, 94794, 97871
2026/09/23 00:05:40.398, 2, 94811, 97871
2026/09/23 00:05:40.398, 3, 94793, 97871
2026/09/23 00:05:40.598, 0, 94785, 97871
2026/09/23 00:05:40.598, 1, 94794, 97871
2026/09/23 00:05:40.598, 2, 94811, 97871
2026/09/23 00:05:40.598, 3, 94793, 97871
2026/09/23 00:05:40.798, 0, 94785, 97871
2026/09/23 00:05:40.798, 1, 94794, 97871
2026/09/23 00:05:40.798, 2, 94811, 97871
2026/09/23 00:05:40.798, 3, 94793, 97871
2026/09/23 00:05:40.999, 0, 94785, 97871
2026/09/23 00:05:40.999, 1, 94794, 97871
2026/09/23 00:05:40.999, 2, 94811, 97871
2026/09/23 00:05:40.999, 3, 94793, 97871
2026/09/23 00:05:41.199, 0, 94785, 97871
2026/09/23 00:05:41.199, 1, 94794, 97871
2026/09/23 00:05:41.199, 2, 94811, 97871
2026/09/23 00:05:41.199, 3, 94793, 97871
2026/09/23 00:05:41.399, 0, 94785, 97871
2026/09/23 00:05:41.399, 1, 94794, 97871
2026/09/23 00:05:41.399, 2, 94811, 97871
2026/09/23 00:05:41.399, 3, 94793, 97871
2026/09/23 00:05:41.599, 0, 94785, 97871
2026/09/23 00:05:41.599, 1, 94794, 97871
2026/09/23 00:05:41.599, 2, 94811, 97871
2026/09/23 00:05:41.600, 3, 94793, 97871
2026/09/23 00:05:41.800, 0, 94785, 97871
2026/09/23 00:05:41.800, 1, 94794, 97871
2026/09/23 00:05:41.800, 2, 94811, 97871
2026/09/23 00:05:41.800, 3, 94793, 97871
2026/09/23 00:05:42.000, 0, 94785, 97871
2026/09/23 00:05:42.000, 1, 94794, 97871
2026/09/23 00:05:42.000, 2, 94811, 97871
2026/09/23 00:05:42.000, 3, 94793, 97871
2026/09/23 00:05:42.200, 0, 94785, 97871
2026/09/23 00:05:42.200, 1, 94794, 97871
2026/09/23 00:05:42.200, 2, 94811, 97871
2026/09/23 00:05:42.201, 3, 94793, 97871
2026/09/23 00:05:42.401, 0, 94785, 97871
2026/09/23 00:05:42.401, 1, 94794, 97871
2026/09/23 00:05:42.401, 2, 94811, 97871
2026/09/23 00:05:42.401, 3, 94793, 97871
2026/09/23 00:05:42.601, 0, 94785, 97871
2026/09/23 00:05:42.601, 1, 94794, 97871
2026/09/23 00:05:42.601, 2, 94811, 97871
2026/09/23 00:05:42.601, 3, 94793, 97871
2026/09/23 00:05:42.801, 0, 94785, 97871
2026/09/23 00:05:42.801, 1, 94794, 97871
2026/09/23 00:05:42.801, 2, 94811, 97871
2026/09/23 00:05:42.801, 3, 94793, 97871
2026/09/23 00:05:43.001, 0, 94785, 97871
2026/09/23 00:05:43.002, 1, 94794, 97871
2026/09/23 00:05:43.002, 2, 94811, 97871
2026/09/23 00:05:43.002, 3, 94793, 97871
2026/09/23 00:05:43.202, 0, 94785, 97871
2026/09/23 00:05:43.202, 1, 94794, 97871
2026/09/23 00:05:43.202, 2, 94811, 97871
2026/09/23 00:05:43.202, 3, 94793, 97871
2026/09/23 00:05:43.402, 0, 94785, 97871
2026/09/23 00:05:43.402, 1, 94794, 97871
2026/09/23 00:05:43.402, 2, 94811, 97871
2026/09/23 00:05:43.402, 3, 94793, 97871
2026/09/23 00:05:43.602, 0, 94785, 97871
2026/09/23 00:05:43.603, 1, 94794, 97871
2026/09/23 00:05:43.603, 2, 94811, 97871
2026/09/23 00:05:43.603, 3, 94793, 97871
2026/09/23 00:05:43.803, 0, 94785, 97871
2026/09/23 00:05:43.803, 1, 94794, 97871
2026/09/23 00:05:43.803, 2, 94811, 97871
2026/09/23 00:05:43.803, 3, 94793, 97871
2026/09/23 00:05:44.003, 0, 94785, 97871
2026/09/23 00:05:44.003, 1, 94794, 97871
2026/09/23 00:05:44.003, 2, 94811, 97871
2026/09/23 00:05:44.003, 3, 94793, 97871
2026/09/23 00:05:44.203, 0, 94785, 97871
2026/09/23 00:05:44.204, 1, 94794, 97871
2026/09/23 00:05:44.204, 2, 94811, 97871
2026/09/23 00:05:44.204, 3, 94793, 97871
2026/09/23 00:05:44.404, 0, 94785, 97871
2026/09/23 00:05:44.404, 1, 94794, 97871
2026/09/23 00:05:44.404, 2, 94811, 97871
2026/09/23 00:05:44.404, 3, 94793, 97871
2026/09/23 00:05:44.604, 0, 94785, 97871
2026/09/23 00:05:44.604, 1, 94794, 97871
2026/09/23 00:05:44.604, 2, 94811, 97871
2026/09/23 00:05:44.604, 3, 94793, 97871
2026/09/23 00:05:44.804, 0, 94785, 97871
2026/09/23 00:05:44.805, 1, 94794, 97871
2026/09/23 00:05:44.805, 2, 94811, 97871
2026/09/23 00:05:44.805, 3, 94793, 97871
2026/09/23 00:05:45.005, 0, 94785, 97871
2026/09/23 00:05:45.005, 1, 94794, 97871
2026/09/23 00:05:45.005, 2, 94811, 97871
2026/09/23 00:05:45.005, 3, 94793, 97871
2026/09/23 00:05:45.205, 0, 94785, 97871
2026/09/23 00:05:45.205, 1, 94794, 97871
2026/09/23 00:05:45.205, 2, 94811, 97871
2026/09/23 00:05:45.205, 3, 94793, 97871
2026/09/23 00:05:45.405, 0, 94785, 97871
2026/09/23 00:05:45.405, 1, 94794, 97871
2026/09/23 00:05:45.405, 2, 94811, 97871
2026/09/23 00:05:45.406, 3, 94793, 97871
2026/09/23 00:05:45.606, 0, 94785, 97871
2026/09/23 00:05:45.606, 1, 94794, 97871
2026/09/23 00:05:45.606, 2, 94811, 97871
2026/09/23 00:05:45.606, 3, 94793, 97871
2026/09/23 00:05:45.806, 0, 94785, 97871
2026/09/23 00:05:45.806, 1, 94794, 97871
2026/09/23 00:05:45.806, 2, 94811, 97871
2026/09/23 00:05:45.806, 3, 94793, 97871
2026/09/23 00:05:46.006, 0, 94785, 97871
2026/09/23 00:05:46.006, 1, 94794, 97871
2026/09/23 00:05:46.006, 2, 94811, 97871
2026/09/23 00:05:46.006, 3, 94793, 97871
2026/09/23 00:05:46.206, 0, 94785, 97871
2026/09/23 00:05:46.207, 1, 94794, 97871
2026/09/23 00:05:46.207, 2, 94811, 97871
2026/09/23 00:05:46.207, 3, 94793, 97871
2026/09/23 00:05:46.407, 0, 94785, 97871
2026/09/23 00:05:46.407, 1, 94794, 97871
2026/09/23 00:05:46.407, 2, 94811, 97871
2026/09/23 00:05:46.407, 3, 94793, 97871
2026/09/23 00:05:46.607, 0, 94785, 97871
2026/09/23 00:05:46.607, 1, 94794, 97871
2026/09/23 00:05:46.607, 2, 94811, 97871
2026/09/23 00:05:46.607, 3, 94793, 97871
2026/09/23 00:05:46.807, 0, 94785, 97871
2026/09/23 00:05:46.808, 1, 94794, 97871
2026/09/23 00:05:46.808, 2, 94811, 97871
2026/09/23 00:05:46.808, 3, 94793, 97871
2026/09/23 00:05:47.008, 0, 94785, 97871
2026/09/23 00:05:47.008, 1, 94794, 97871
2026/09/23 00:05:47.008, 2, 94811, 97871
2026/09/23 00:05:47.008, 3, 94793, 97871
2026/09/23 00:05:47.208, 0, 94785, 97871
2026/09/23 00:05:47.208, 1, 94794, 97871
2026/09/23 00:05:47.208, 2, 94811, 97871
2026/09/23 00:05:47.208, 3, 94793, 97871
2026/09/23 00:05:47.408, 0, 94785, 97871
2026/09/23 00:05:47.408, 1, 94794, 97871
2026/09/23 00:05:47.408, 2, 94811, 97871
2026/09/23 00:05:47.408, 3, 94793, 97871
2026/09/23 00:05:47.609, 0, 94785, 97871
2026/09/23 00:05:47.609, 1, 94794, 97871
2026/09/23 00:05:47.609, 2, 94811, 97871
2026/09/23 00:05:47.609, 3, 94793, 97871
2026/09/23 00:05:47.809, 0, 94785, 97871
2026/09/23 00:05:47.809, 1, 94794, 97871
2026/09/23 00:05:47.809, 2, 94811, 97871
2026/09/23 00:05:47.809, 3, 94793, 97871
2026/09/23 00:05:48.009, 0, 94785, 97871
2026/09/23 00:05:48.009, 1, 94794, 97871
2026/09/23 00:05:48.009, 2, 94811, 97871
2026/09/23 00:05:48.009, 3, 94793, 97871
2026/09/23 00:05:48.209, 0, 94785, 97871
2026/09/23 00:05:48.210, 1, 94794, 97871
2026/09/23 00:05:48.210, 2, 94811, 97871
2026/09/23 00:05:48.210, 3, 94793, 97871
2026/09/23 00:05:48.410, 0, 94785, 97871
2026/09/23 00:05:48.410, 1, 94794, 97871
2026/09/23 00:05:48.410, 2, 94811, 97871
2026/09/23 00:05:48.410, 3, 94793, 97871
2026/09/23 00:05:48.610, 0, 94785, 97871
2026/09/23 00:05:48.610, 1, 94794, 97871
2026/09/23 00:05:48.610, 2, 94811, 97871
2026/09/23 00:05:48.610, 3, 94793, 97871
2026/09/23 00:05:48.810, 0, 94785, 97871
2026/09/23 00:05:48.810, 1, 94794, 97871
2026/09/23 00:05:48.811, 2, 94811, 97871
2026/09/23 00:05:48.811, 3, 94793, 97871
2026/09/23 00:05:49.011, 0, 94785, 97871
2026/09/23 00:05:49.011, 1, 94794, 97871
2026/09/23 00:05:49.011, 2, 94811, 97871
2026/09/23 00:05:49.011, 3, 94793, 97871
2026/09/23 00:05:49.211, 0, 94785, 97871
2026/09/23 00:05:49.211, 1, 94794, 97871
2026/09/23 00:05:49.211, 2, 94811, 97871
2026/09/23 00:05:49.211, 3, 94793, 97871
2026/09/23 00:05:49.411, 0, 94785, 97871
2026/09/23 00:05:49.411, 1, 94794, 97871
2026/09/23 00:05:49.412, 2, 94811, 97871
2026/09/23 00:05:49.412, 3, 94793, 97871
2026/09/23 00:05:49.612, 0, 94785, 97871
2026/09/23 00:05:49.612, 1, 94794, 97871
2026/09/23 00:05:49.612, 2, 94811, 97871
2026/09/23 00:05:49.612, 3, 94793, 97871
2026/09/23 00:05:49.812, 0, 94785, 97871
2026/09/23 00:05:49.812, 1, 94794, 97871
2026/09/23 00:05:49.812, 2, 94811, 97871
2026/09/23 00:05:49.812, 3, 94793, 97871
2026/09/23 00:05:50.012, 0, 94785, 97871
2026/09/23 00:05:50.013, 1, 94794, 97871
2026/09/23 00:05:50.013, 2, 94811, 97871
2026/09/23 00:05:50.013, 3, 94793, 97871
2026/09/23 00:05:50.213, 0, 94785, 97871
2026/09/23 00:05:50.213, 1, 94794, 97871
2026/09/23 00:05:50.213, 2, 94811, 97871
2026/09/23 00:05:50.213, 3, 94793, 97871
2026/09/23 00:05:50.413, 0, 94785, 97871
2026/09/23 00:05:50.413, 1, 94794, 97871
2026/09/23 00:05:50.413, 2, 94811, 97871
2026/09/23 00:05:50.413, 3, 94793, 97871
2026/09/23 00:05:50.613, 0, 94785, 97871
2026/09/23 00:05:50.613, 1, 94794, 97871
2026/09/23 00:05:50.613, 2, 94811, 97871
2026/09/23 00:05:50.613, 3, 94793, 97871
2026/09/23 00:05:50.814, 0, 94785, 97871
2026/09/23 00:05:50.814, 1, 94794, 97871
2026/09/23 00:05:50.814, 2, 94811, 97871
2026/09/23 00:05:50.814, 3, 94793, 97871
2026/09/23 00:05:51.014, 0, 94785, 97871
2026/09/23 00:05:51.014, 1, 94794, 97871
2026/09/23 00:05:51.014, 2, 94811, 97871
2026/09/23 00:05:51.014, 3, 94793, 97871
2026/09/23 00:05:51.214, 0, 94785, 97871
2026/09/23 00:05:51.214, 1, 94794, 97871
2026/09/23 00:05:51.214, 2, 94811, 97871
2026/09/23 00:05:51.214, 3, 94793, 97871
2026/09/23 00:05:51.415, 0, 94785, 97871
2026/09/23 00:05:51.415, 1, 94794, 97871
2026/09/23 00:05:51.415, 2, 94811, 97871
2026/09/23 00:05:51.415, 3, 94793, 97871
2026/09/23 00:05:51.615, 0, 94785, 97871
2026/09/23 00:05:51.615, 1, 94794, 97871
2026/09/23 00:05:51.615, 2, 94811, 97871
2026/09/23 00:05:51.615, 3, 94793, 97871
2026/09/23 00:05:51.815, 0, 94785, 97871
2026/09/23 00:05:51.815, 1, 94794, 97871
2026/09/23 00:05:51.815, 2, 94811, 97871
2026/09/23 00:05:51.815, 3, 94793, 97871
2026/09/23 00:05:52.015, 0, 94785, 97871
2026/09/23 00:05:52.016, 1, 94794, 97871
2026/09/23 00:05:52.016, 2, 94811, 97871
2026/09/23 00:05:52.016, 3, 94793, 97871
2026/09/23 00:05:52.216, 0, 94785, 97871
2026/09/23 00:05:52.216, 1, 94794, 97871
2026/09/23 00:05:52.216, 2, 94811, 97871
2026/09/23 00:05:52.216, 3, 94793, 97871
2026/09/23 00:05:52.416, 0, 94785, 97871
2026/09/23 00:05:52.416, 1, 94794, 97871
2026/09/23 00:05:52.416, 2, 94811, 97871
2026/09/23 00:05:52.416, 3, 94793, 97871
2026/09/23 00:05:52.616, 0, 94785, 97871
2026/09/23 00:05:52.617, 1, 94794, 97871
2026/09/23 00:05:52.617, 2, 94811, 97871
2026/09/23 00:05:52.617, 3, 94793, 97871
2026/09/23 00:05:52.817, 0, 94785, 97871
2026/09/23 00:05:52.817, 1, 94794, 97871
2026/09/23 00:05:52.817, 2, 94811, 97871
2026/09/23 00:05:52.817, 3, 94793, 97871
2026/09/23 00:05:53.017, 0, 94785, 97871
2026/09/23 00:05:53.017, 1, 94794, 97871
2026/09/23 00:05:53.017, 2, 94811, 97871
2026/09/23 00:05:53.017, 3, 94793, 97871
2026/09/23 00:05:53.217, 0, 94785, 97871
2026/09/23 00:05:53.217, 1, 94794, 97871
2026/09/23 00:05:53.218, 2, 94811, 97871
2026/09/23 00:05:53.218, 3, 94793, 97871
2026/09/23 00:05:53.418, 0, 94785, 97871
2026/09/23 00:05:53.418, 1, 94794, 97871
2026/09/23 00:05:53.418, 2, 94811, 97871
2026/09/23 00:05:53.418, 3, 94793, 97871
2026/09/23 00:05:53.618, 0, 94785, 97871
2026/09/23 00:05:53.618, 1, 94794, 97871
2026/09/23 00:05:53.618, 2, 94811, 97871
2026/09/23 00:05:53.618, 3, 94793, 97871
2026/09/23 00:05:53.818, 0, 94785, 97871
2026/09/23 00:05:53.818, 1, 94794, 97871
2026/09/23 00:05:53.818, 2, 94811, 97871
2026/09/23 00:05:53.818, 3, 94793, 97871
2026/09/23 00:05:54.019, 0, 94785, 97871
2026/09/23 00:05:54.019, 1, 94794, 97871
2026/09/23 00:05:54.019, 2, 94811, 97871
2026/09/23 00:05:54.019, 3, 94793, 97871
2026/09/23 00:05:54.219, 0, 94785, 97871
2026/09/23 00:05:54.219, 1, 94794, 97871
2026/09/23 00:05:54.219, 2, 94811, 97871
2026/09/23 00:05:54.219, 3, 94793, 97871
2026/09/23 00:05:54.419, 0, 94785, 97871
2026/09/23 00:05:54.419, 1, 94794, 97871
2026/09/23 00:05:54.419, 2, 94811, 97871
2026/09/23 00:05:54.419, 3, 94793, 97871
2026/09/23 00:05:54.620, 0, 94785, 97871
2026/09/23 00:05:54.620, 1, 94794, 97871
2026/09/23 00:05:54.620, 2, 94811, 97871
2026/09/23 00:05:54.620, 3, 94793, 97871
2026/09/23 00:05:54.820, 0, 94785, 97871
2026/09/23 00:05:54.820, 1, 94794, 97871
2026/09/23 00:05:54.820, 2, 94811, 97871
2026/09/23 00:05:54.820, 3, 94793, 97871
2026/09/23 00:05:55.020, 0, 94785, 97871
2026/09/23 00:05:55.020, 1, 94794, 97871
2026/09/23 00:05:55.020, 2, 94811, 97871
2026/09/23 00:05:55.020, 3, 94793, 97871
2026/09/23 00:05:55.220, 0, 94785, 97871
2026/09/23 00:05:55.221, 1, 94794, 97871
2026/09/23 00:05:55.221, 2, 94811, 97871
2026/09/23 00:05:55.221, 3, 94793, 97871
2026/09/23 00:05:55.421, 0, 94785, 97871
2026/09/23 00:05:55.421, 1, 94794, 97871
2026/09/23 00:05:55.421, 2, 94811, 97871
2026/09/23 00:05:55.421, 3, 94793, 97871
2026/09/23 00:05:55.621, 0, 94785, 97871
2026/09/23 00:05:55.621, 1, 94794, 97871
2026/09/23 00:05:55.621, 2, 94811, 97871
2026/09/23 00:05:55.621, 3, 94793, 97871
2026/09/23 00:05:55.821, 0, 94785, 97871
2026/09/23 00:05:55.821, 1, 94794, 97871
2026/09/23 00:05:55.821, 2, 94811, 97871
2026/09/23 00:05:55.821, 3, 94793, 97871
2026/09/23 00:05:56.022, 0, 94785, 97871
2026/09/23 00:05:56.022, 1, 94794, 97871
2026/09/23 00:05:56.022, 2, 94811, 97871
2026/09/23 00:05:56.022, 3, 94793, 97871
2026/09/23 00:05:56.222, 0, 94785, 97871
2026/09/23 00:05:56.222, 1, 94794, 97871
2026/09/23 00:05:56.222, 2, 94811, 97871
2026/09/23 00:05:56.222, 3, 94793, 97871
2026/09/23 00:05:56.422, 0, 94785, 97871
2026/09/23 00:05:56.422, 1, 94794, 97871
2026/09/23 00:05:56.422, 2, 94811, 97871
2026/09/23 00:05:56.422, 3, 94793, 97871
2026/09/23 00:05:56.622, 0, 94785, 97871
2026/09/23 00:05:56.623, 1, 94794, 97871
2026/09/23 00:05:56.623, 2, 94811, 97871
2026/09/23 00:05:56.623, 3, 94793, 97871
2026/09/23 00:05:56.823, 0, 94785, 97871
2026/09/23 00:05:56.823, 1, 94794, 97871
2026/09/23 00:05:56.823, 2, 94811, 97871
2026/09/23 00:05:56.823, 3, 94793, 97871
2026/09/23 00:05:57.023, 0, 94785, 97871
2026/09/23 00:05:57.023, 1, 94794, 97871
2026/09/23 00:05:57.023, 2, 94811, 97871
2026/09/23 00:05:57.023, 3, 94793, 97871
2026/09/23 00:05:57.224, 0, 94785, 97871
2026/09/23 00:05:57.224, 1, 94794, 97871
2026/09/23 00:05:57.224, 2, 94811, 97871
2026/09/23 00:05:57.224, 3, 94793, 97871
2026/09/23 00:05:57.424, 0, 94785, 97871
2026/09/23 00:05:57.424, 1, 94794, 97871
2026/09/23 00:05:57.424, 2, 94811, 97871
2026/09/23 00:05:57.424, 3, 94793, 97871
2026/09/23 00:05:57.624, 0, 94785, 97871
2026/09/23 00:05:57.625, 1, 94794, 97871
2026/09/23 00:05:57.625, 2, 94811, 97871
2026/09/23 00:05:57.625, 3, 94793, 97871
2026/09/23 00:05:57.825, 0, 94785, 97871
2026/09/23 00:05:57.825, 1, 94794, 97871
2026/09/23 00:05:57.825, 2, 94811, 97871
2026/09/23 00:05:57.825, 3, 94793, 97871
2026/09/23 00:05:58.025, 0, 94785, 97871
2026/09/23 00:05:58.025, 1, 94794, 97871
2026/09/23 00:05:58.026, 2, 94811, 97871
2026/09/23 00:05:58.026, 3, 94793, 97871
2026/09/23 00:05:58.226, 0, 94785, 97871
2026/09/23 00:05:58.226, 1, 94794, 97871
2026/09/23 00:05:58.226, 2, 94811, 97871
2026/09/23 00:05:58.226, 3, 94793, 97871
2026/09/23 00:05:58.426, 0, 94785, 97871
2026/09/23 00:05:58.426, 1, 94794, 97871
2026/09/23 00:05:58.426, 2, 94811, 97871
2026/09/23 00:05:58.427, 3, 94793, 97871
2026/09/23 00:05:58.627, 0, 94785, 97871
2026/09/23 00:05:58.627, 1, 94794, 97871
2026/09/23 00:05:58.627, 2, 94811, 97871
2026/09/23 00:05:58.627, 3, 94793, 97871
2026/09/23 00:05:58.827, 0, 94785, 97871
2026/09/23 00:05:58.827, 1, 94794, 97871
2026/09/23 00:05:58.827, 2, 94811, 97871
2026/09/23 00:05:58.827, 3, 94793, 97871
2026/09/23 00:05:59.028, 0, 94785, 97871
2026/09/23 00:05:59.028, 1, 94794, 97871
2026/09/23 00:05:59.028, 2, 94811, 97871
2026/09/23 00:05:59.028, 3, 94793, 97871
2026/09/23 00:05:59.228, 0, 94785, 97871
2026/09/23 00:05:59.228, 1, 94794, 97871
2026/09/23 00:05:59.228, 2, 94811, 97871
2026/09/23 00:05:59.228, 3, 94793, 97871
2026/09/23 00:05:59.428, 0, 94785, 97871
2026/09/23 00:05:59.429, 1, 94794, 97871
2026/09/23 00:05:59.429, 2, 94811, 97871
2026/09/23 00:05:59.429, 3, 94793, 97871
2026/09/23 00:05:59.629, 0, 94785, 97871
2026/09/23 00:05:59.629, 1, 94794, 97871
2026/09/23 00:05:59.629, 2, 94811, 97871
2026/09/23 00:05:59.629, 3, 94793, 97871
2026/09/23 00:05:59.829, 0, 94785, 97871
2026/09/23 00:05:59.829, 1, 94794, 97871
2026/09/23 00:05:59.829, 2, 94811, 97871
2026/09/23 00:05:59.829, 3, 94793, 97871
2026/09/23 00:06:00.029, 0, 94785, 97871
2026/09/23 00:06:00.030, 1, 94794, 97871
2026/09/23 00:06:00.030, 2, 94811, 97871
2026/09/23 00:06:00.030, 3, 94793, 97871
2026/09/23 00:06:00.230, 0, 94785, 97871
2026/09/23 00:06:00.230, 1, 94794, 97871
2026/09/23 00:06:00.230, 2, 94811, 97871
2026/09/23 00:06:00.230, 3, 94793, 97871
2026/09/23 00:06:00.430, 0, 94785, 97871
2026/09/23 00:06:00.431, 1, 94794, 97871
2026/09/23 00:06:00.431, 2, 94811, 97871
2026/09/23 00:06:00.431, 3, 94793, 97871
2026/09/23 00:06:00.631, 0, 94785, 97871
2026/09/23 00:06:00.631, 1, 94794, 97871
2026/09/23 00:06:00.631, 2, 94811, 97871
2026/09/23 00:06:00.631, 3, 94793, 97871
2026/09/23 00:06:00.831, 0, 94785, 97871
2026/09/23 00:06:00.831, 1, 94794, 97871
2026/09/23 00:06:00.831, 2, 94811, 97871
2026/09/23 00:06:00.832, 3, 94793, 97871
2026/09/23 00:06:01.032, 0, 94785, 97871
2026/09/23 00:06:01.032, 1, 94794, 97871
2026/09/23 00:06:01.032, 2, 94811, 97871
2026/09/23 00:06:01.032, 3, 94793, 97871
2026/09/23 00:06:01.232, 0, 94785, 97871
2026/09/23 00:06:01.232, 1, 94794, 97871
2026/09/23 00:06:01.232, 2, 94811, 97871
2026/09/23 00:06:01.232, 3, 94793, 97871
2026/09/23 00:06:01.433, 0, 94785, 97871
2026/09/23 00:06:01.433, 1, 94794, 97871
2026/09/23 00:06:01.433, 2, 94811, 97871
2026/09/23 00:06:01.433, 3, 94793, 97871
2026/09/23 00:06:01.633, 0, 94785, 97871
2026/09/23 00:06:01.633, 1, 94794, 97871
2026/09/23 00:06:01.633, 2, 94811, 97871
2026/09/23 00:06:01.633, 3, 94793, 97871
2026/09/23 00:06:01.833, 0, 94785, 97871
2026/09/23 00:06:01.834, 1, 94794, 97871
2026/09/23 00:06:01.834, 2, 94811, 97871
2026/09/23 00:06:01.834, 3, 94793, 97871
2026/09/23 00:06:02.034, 0, 94785, 97871
2026/09/23 00:06:02.034, 1, 94794, 97871
2026/09/23 00:06:02.034, 2, 94811, 97871
2026/09/23 00:06:02.034, 3, 94793, 97871
2026/09/23 00:06:02.234, 0, 94785, 97871
2026/09/23 00:06:02.234, 1, 94794, 97871
2026/09/23 00:06:02.234, 2, 94811, 97871
2026/09/23 00:06:02.234, 3, 94793, 97871
2026/09/23 00:06:02.435, 0, 94785, 97871
2026/09/23 00:06:02.435, 1, 94794, 97871
2026/09/23 00:06:02.435, 2, 94811, 97871
2026/09/23 00:06:02.435, 3, 94793, 97871
2026/09/23 00:06:02.635, 0, 94785, 97871
2026/09/23 00:06:02.635, 1, 94794, 97871
2026/09/23 00:06:02.635, 2, 94811, 97871
2026/09/23 00:06:02.635, 3, 94793, 97871
2026/09/23 00:06:02.835, 0, 94785, 97871
2026/09/23 00:06:02.835, 1, 94794, 97871
2026/09/23 00:06:02.835, 2, 94811, 97871
2026/09/23 00:06:02.836, 3, 94793, 97871
2026/09/23 00:06:03.036, 0, 94785, 97871
2026/09/23 00:06:03.036, 1, 94794, 97871
2026/09/23 00:06:03.036, 2, 94811, 97871
2026/09/23 00:06:03.036, 3, 94793, 97871
2026/09/23 00:06:03.236, 0, 94785, 97871
2026/09/23 00:06:03.236, 1, 94794, 97871
2026/09/23 00:06:03.236, 2, 94811, 97871
2026/09/23 00:06:03.236, 3, 94793, 97871
2026/09/23 00:06:03.437, 0, 94785, 97871
2026/09/23 00:06:03.437, 1, 94794, 97871
2026/09/23 00:06:03.437, 2, 94811, 97871
2026/09/23 00:06:03.437, 3, 94793, 97871
2026/09/23 00:06:03.637, 0, 94785, 97871
2026/09/23 00:06:03.637, 1, 94794, 97871
2026/09/23 00:06:03.637, 2, 94811, 97871
2026/09/23 00:06:03.637, 3, 94793, 97871
2026/09/23 00:06:03.837, 0, 94785, 97871
2026/09/23 00:06:03.837, 1, 94794, 97871
2026/09/23 00:06:03.838, 2, 94811, 97871
2026/09/23 00:06:03.838, 3, 94793, 97871
2026/09/23 00:06:04.038, 0, 94785, 97871
2026/09/23 00:06:04.038, 1, 94794, 97871
2026/09/23 00:06:04.038, 2, 94811, 97871
2026/09/23 00:06:04.038, 3, 94793, 97871
2026/09/23 00:06:04.238, 0, 94785, 97871
2026/09/23 00:06:04.238, 1, 94794, 97871
2026/09/23 00:06:04.238, 2, 94811, 97871
2026/09/23 00:06:04.239, 3, 94793, 97871
2026/09/23 00:06:04.439, 0, 94785, 97871
2026/09/23 00:06:04.439, 1, 94794, 97871
2026/09/23 00:06:04.439, 2, 94811, 97871
2026/09/23 00:06:04.439, 3, 94793, 97871
2026/09/23 00:06:04.639, 0, 94785, 97871
2026/09/23 00:06:04.639, 1, 94794, 97871
2026/09/23 00:06:04.639, 2, 94811, 97871
2026/09/23 00:06:04.639, 3, 94793, 97871
2026/09/23 00:06:04.839, 0, 94785, 97871
2026/09/23 00:06:04.840, 1, 94794, 97871
2026/09/23 00:06:04.840, 2, 94811, 97871
2026/09/23 00:06:04.840, 3, 94793, 97871
2026/09/23 00:06:05.040, 0, 94785, 97871
2026/09/23 00:06:05.040, 1, 94794, 97871
2026/09/23 00:06:05.040, 2, 94811, 97871
2026/09/23 00:06:05.040, 3, 94793, 97871
2026/09/23 00:06:05.240, 0, 94785, 97871
2026/09/23 00:06:05.241, 1, 94794, 97871
2026/09/23 00:06:05.241, 2, 94811, 97871
2026/09/23 00:06:05.241, 3, 94793, 97871
2026/09/23 00:06:05.441, 0, 94785, 97871
2026/09/23 00:06:05.441, 1, 94794, 97871
2026/09/23 00:06:05.441, 2, 94811, 97871
2026/09/23 00:06:05.441, 3, 94793, 97871
2026/09/23 00:06:05.641, 0, 94785, 97871
2026/09/23 00:06:05.641, 1, 94794, 97871
2026/09/23 00:06:05.641, 2, 94811, 97871
2026/09/23 00:06:05.641, 3, 94793, 97871
2026/09/23 00:06:05.842, 0, 94785, 97871
2026/09/23 00:06:05.842, 1, 94794, 97871
2026/09/23 00:06:05.842, 2, 94811, 97871
2026/09/23 00:06:05.842, 3, 94793, 97871
2026/09/23 00:06:06.042, 0, 94785, 97871
2026/09/23 00:06:06.042, 1, 94794, 97871
2026/09/23 00:06:06.042, 2, 94811, 97871
2026/09/23 00:06:06.042, 3, 94793, 97871
2026/09/23 00:06:06.242, 0, 94785, 97871
2026/09/23 00:06:06.243, 1, 94794, 97871
2026/09/23 00:06:06.243, 2, 94811, 97871
2026/09/23 00:06:06.243, 3, 94793, 97871
2026/09/23 00:06:06.443, 0, 94785, 97871
2026/09/23 00:06:06.443, 1, 94794, 97871
2026/09/23 00:06:06.443, 2, 94811, 97871
2026/09/23 00:06:06.443, 3, 94793, 97871
2026/09/23 00:06:06.643, 0, 94785, 97871
2026/09/23 00:06:06.643, 1, 94794, 97871
2026/09/23 00:06:06.643, 2, 94811, 97871
2026/09/23 00:06:06.644, 3, 94793, 97871
2026/09/23 00:06:06.844, 0, 94785, 97871
2026/09/23 00:06:06.844, 1, 94794, 97871
2026/09/23 00:06:06.844, 2, 94811, 97871
2026/09/23 00:06:06.844, 3, 94793, 97871
2026/09/23 00:06:07.044, 0, 94785, 97871
2026/09/23 00:06:07.044, 1, 94794, 97871
2026/09/23 00:06:07.044, 2, 94811, 97871
2026/09/23 00:06:07.044, 3, 94793, 97871
2026/09/23 00:06:07.244, 0, 94785, 97871
2026/09/23 00:06:07.245, 1, 94794, 97871
2026/09/23 00:06:07.245, 2, 94811, 97871
2026/09/23 00:06:07.245, 3, 94793, 97871
2026/09/23 00:06:07.445, 0, 94785, 97871
2026/09/23 00:06:07.445, 1, 94794, 97871
2026/09/23 00:06:07.445, 2, 94811, 97871
2026/09/23 00:06:07.445, 3, 94793, 97871
2026/09/23 00:06:07.645, 0, 94785, 97871
2026/09/23 00:06:07.645, 1, 94794, 97871
2026/09/23 00:06:07.645, 2, 94811, 97871
2026/09/23 00:06:07.645, 3, 94793, 97871
2026/09/23 00:06:07.845, 0, 94785, 97871
2026/09/23 00:06:07.846, 1, 94794, 97871
2026/09/23 00:06:07.846, 2, 94811, 97871
2026/09/23 00:06:07.846, 3, 94793, 97871
2026/09/23 00:06:08.046, 0, 94785, 97871
2026/09/23 00:06:08.046, 1, 94794, 97871
2026/09/23 00:06:08.046, 2, 94811, 97871
2026/09/23 00:06:08.046, 3, 94793, 97871
2026/09/23 00:06:08.246, 0, 94785, 97871
2026/09/23 00:06:08.246, 1, 94794, 97871
2026/09/23 00:06:08.247, 2, 94811, 97871
2026/09/23 00:06:08.247, 3, 94793, 97871
2026/09/23 00:06:08.447, 0, 94785, 97871
2026/09/23 00:06:08.447, 1, 94794, 97871
2026/09/23 00:06:08.447, 2, 94811, 97871
2026/09/23 00:06:08.447, 3, 94793, 97871
2026/09/23 00:06:08.647, 0, 94785, 97871
2026/09/23 00:06:08.647, 1, 94794, 97871
2026/09/23 00:06:08.647, 2, 94811, 97871
2026/09/23 00:06:08.647, 3, 94793, 97871
2026/09/23 00:06:08.848, 0, 94785, 97871
2026/09/23 00:06:08.848, 1, 94794, 97871
2026/09/23 00:06:08.848, 2, 94811, 97871
2026/09/23 00:06:08.848, 3, 94793, 97871
2026/09/23 00:06:09.048, 0, 94785, 97871
2026/09/23 00:06:09.048, 1, 94794, 97871
2026/09/23 00:06:09.048, 2, 94811, 97871
2026/09/23 00:06:09.048, 3, 94793, 97871
2026/09/23 00:06:09.248, 0, 94785, 97871
2026/09/23 00:06:09.248, 1, 94794, 97871
2026/09/23 00:06:09.248, 2, 94811, 97871
2026/09/23 00:06:09.249, 3, 94793, 97871
2026/09/23 00:06:09.449, 0, 94785, 97871
2026/09/23 00:06:09.449, 1, 94794, 97871
2026/09/23 00:06:09.449, 2, 94811, 97871
2026/09/23 00:06:09.449, 3, 94793, 97871
2026/09/23 00:06:09.649, 0, 94785, 97871
2026/09/23 00:06:09.649, 1, 94794, 97871
2026/09/23 00:06:09.649, 2, 94811, 97871
2026/09/23 00:06:09.649, 3, 94793, 97871
2026/09/23 00:06:09.849, 0, 94785, 97871
2026/09/23 00:06:09.849, 1, 94794, 97871
2026/09/23 00:06:09.850, 2, 94811, 97871
2026/09/23 00:06:09.850, 3, 94793, 97871
2026/09/23 00:06:10.050, 0, 94785, 97871
2026/09/23 00:06:10.050, 1, 94794, 97871
2026/09/23 00:06:10.050, 2, 94811, 97871
2026/09/23 00:06:10.050, 3, 94793, 97871
2026/09/23 00:06:10.250, 0, 94785, 97871
2026/09/23 00:06:10.250, 1, 94794, 97871
2026/09/23 00:06:10.250, 2, 94811, 97871
2026/09/23 00:06:10.250, 3, 94793, 97871
2026/09/23 00:06:10.451, 0, 94785, 97871
2026/09/23 00:06:10.451, 1, 94794, 97871
2026/09/23 00:06:10.451, 2, 94811, 97871
2026/09/23 00:06:10.451, 3, 94793, 97871
2026/09/23 00:06:10.651, 0, 94785, 97871
2026/09/23 00:06:10.651, 1, 94794, 97871
2026/09/23 00:06:10.651, 2, 94811, 97871
2026/09/23 00:06:10.651, 3, 94793, 97871
2026/09/23 00:06:10.851, 0, 94785, 97871
2026/09/23 00:06:10.851, 1, 94794, 97871
2026/09/23 00:06:10.851, 2, 94811, 97871
2026/09/23 00:06:10.851, 3, 94793, 97871
2026/09/23 00:06:11.052, 0, 94785, 97871
2026/09/23 00:06:11.052, 1, 94794, 97871
2026/09/23 00:06:11.052, 2, 94811, 97871
2026/09/23 00:06:11.052, 3, 94793, 97871
2026/09/23 00:06:11.252, 0, 94785, 97871
2026/09/23 00:06:11.252, 1, 94794, 97871
2026/09/23 00:06:11.252, 2, 94811, 97871
2026/09/23 00:06:11.252, 3, 94793, 97871
2026/09/23 00:06:11.452, 0, 94785, 97871
2026/09/23 00:06:11.452, 1, 94794, 97871
2026/09/23 00:06:11.452, 2, 94811, 97871
2026/09/23 00:06:11.452, 3, 94793, 97871
2026/09/23 00:06:11.652, 0, 94785, 97871
2026/09/23 00:06:11.653, 1, 94794, 97871
2026/09/23 00:06:11.653, 2, 94811, 97871
2026/09/23 00:06:11.653, 3, 94793, 97871
2026/09/23 00:06:11.853, 0, 94785, 97871
2026/09/23 00:06:11.853, 1, 94794, 97871
2026/09/23 00:06:11.853, 2, 94811, 97871
2026/09/23 00:06:11.853, 3, 94793, 97871
2026/09/23 00:06:12.053, 0, 94785, 97871
2026/09/23 00:06:12.053, 1, 94794, 97871
2026/09/23 00:06:12.053, 2, 94811, 97871
2026/09/23 00:06:12.053, 3, 94793, 97871
2026/09/23 00:06:12.253, 0, 94785, 97871
2026/09/23 00:06:12.254, 1, 94794, 97871
2026/09/23 00:06:12.254, 2, 94811, 97871
2026/09/23 00:06:12.254, 3, 94793, 97871
2026/09/23 00:06:12.454, 0, 94785, 97871
2026/09/23 00:06:12.454, 1, 94794, 97871
2026/09/23 00:06:12.454, 2, 94811, 97871
2026/09/23 00:06:12.454, 3, 94793, 97871
2026/09/23 00:06:12.654, 0, 94785, 97871
2026/09/23 00:06:12.654, 1, 94794, 97871
2026/09/23 00:06:12.654, 2, 94811, 97871
2026/09/23 00:06:12.654, 3, 94793, 97871
2026/09/23 00:06:12.854, 0, 94785, 97871
2026/09/23 00:06:12.855, 1, 94794, 97871
2026/09/23 00:06:12.855, 2, 94811, 97871
2026/09/23 00:06:12.855, 3, 94793, 97871
2026/09/23 00:06:13.055, 0, 94785, 97871
2026/09/23 00:06:13.055, 1, 94794, 97871
2026/09/23 00:06:13.055, 2, 94811, 97871
2026/09/23 00:06:13.055, 3, 94793, 97871
2026/09/23 00:06:13.255, 0, 94785, 97871
2026/09/23 00:06:13.255, 1, 94794, 97871
2026/09/23 00:06:13.255, 2, 94811, 97871
2026/09/23 00:06:13.255, 3, 94793, 97871
2026/09/23 00:06:13.455, 0, 94785, 97871
2026/09/23 00:06:13.456, 1, 94794, 97871
2026/09/23 00:06:13.456, 2, 94811, 97871
2026/09/23 00:06:13.456, 3, 94793, 97871
2026/09/23 00:06:13.656, 0, 94785, 97871
2026/09/23 00:06:13.656, 1, 94794, 97871
2026/09/23 00:06:13.656, 2, 94811, 97871
2026/09/23 00:06:13.656, 3, 94793, 97871
2026/09/23 00:06:13.856, 0, 94785, 97871
2026/09/23 00:06:13.856, 1, 94794, 97871
2026/09/23 00:06:13.856, 2, 94811, 97871
2026/09/23 00:06:13.856, 3, 94793, 97871
2026/09/23 00:06:14.056, 0, 94785, 97871
2026/09/23 00:06:14.057, 1, 94794, 97871
2026/09/23 00:06:14.057, 2, 94811, 97871
2026/09/23 00:06:14.057, 3, 94793, 97871
2026/09/23 00:06:14.257, 0, 94785, 97871
2026/09/23 00:06:14.257, 1, 94794, 97871
2026/09/23 00:06:14.257, 2, 94811, 97871
2026/09/23 00:06:14.257, 3, 94793, 97871
2026/09/23 00:06:14.457, 0, 94785, 97871
2026/09/23 00:06:14.457, 1, 94794, 97871
2026/09/23 00:06:14.457, 2, 94811, 97871
2026/09/23 00:06:14.457, 3, 94793, 97871
2026/09/23 00:06:14.658, 0, 94785, 97871
2026/09/23 00:06:14.658, 1, 94794, 97871
2026/09/23 00:06:14.658, 2, 94811, 97871
2026/09/23 00:06:14.658, 3, 94793, 97871
2026/09/23 00:06:14.858, 0, 94785, 97871
2026/09/23 00:06:14.858, 1, 94794, 97871
2026/09/23 00:06:14.858, 2, 94811, 97871
2026/09/23 00:06:14.858, 3, 94793, 97871
2026/09/23 00:06:15.058, 0, 94785, 97871
2026/09/23 00:06:15.058, 1, 94794, 97871
2026/09/23 00:06:15.058, 2, 94811, 97871
2026/09/23 00:06:15.058, 3, 94793, 97871
2026/09/23 00:06:15.259, 0, 94785, 97871
2026/09/23 00:06:15.259, 1, 94794, 97871
2026/09/23 00:06:15.259, 2, 94811, 97871
2026/09/23 00:06:15.259, 3, 94793, 97871
2026/09/23 00:06:15.459, 0, 94785, 97871
2026/09/23 00:06:15.459, 1, 94794, 97871
2026/09/23 00:06:15.459, 2, 94811, 97871
2026/09/23 00:06:15.459, 3, 94793, 97871
2026/09/23 00:06:15.659, 0, 94785, 97871
2026/09/23 00:06:15.659, 1, 94794, 97871
2026/09/23 00:06:15.660, 2, 94811, 97871
2026/09/23 00:06:15.660, 3, 94793, 97871
2026/09/23 00:06:15.860, 0, 94785, 97871
2026/09/23 00:06:15.860, 1, 94794, 97871
2026/09/23 00:06:15.860, 2, 94811, 97871
2026/09/23 00:06:15.860, 3, 94793, 97871
2026/09/23 00:06:16.060, 0, 94785, 97871
2026/09/23 00:06:16.060, 1, 94794, 97871
2026/09/23 00:06:16.060, 2, 94811, 97871
2026/09/23 00:06:16.060, 3, 94793, 97871
2026/09/23 00:06:16.261, 0, 94785, 97871
2026/09/23 00:06:16.261, 1, 94794, 97871
2026/09/23 00:06:16.261, 2, 94811, 97871
2026/09/23 00:06:16.261, 3, 94793, 97871
2026/09/23 00:06:16.461, 0, 94785, 97871
2026/09/23 00:06:16.461, 1, 94794, 97871
2026/09/23 00:06:16.461, 2, 94811, 97871
2026/09/23 00:06:16.461, 3, 94793, 97871
2026/09/23 00:06:16.661, 0, 94785, 97871
2026/09/23 00:06:16.661, 1, 94794, 97871
2026/09/23 00:06:16.662, 2, 94811, 97871
2026/09/23 00:06:16.662, 3, 94793, 97871
2026/09/23 00:06:16.862, 0, 94785, 97871
2026/09/23 00:06:16.862, 1, 94794, 97871
2026/09/23 00:06:16.862, 2, 94811, 97871
2026/09/23 00:06:16.862, 3, 94793, 97871
2026/09/23 00:06:17.062, 0, 94785, 97871
2026/09/23 00:06:17.062, 1, 94794, 97871
2026/09/23 00:06:17.062, 2, 94811, 97871
2026/09/23 00:06:17.062, 3, 94793, 97871
2026/09/23 00:06:17.263, 0, 94785, 97871
2026/09/23 00:06:17.263, 1, 94794, 97871
2026/09/23 00:06:17.263, 2, 94811, 97871
2026/09/23 00:06:17.263, 3, 94793, 97871
2026/09/23 00:06:17.463, 0, 94785, 97871
2026/09/23 00:06:17.463, 1, 94794, 97871
2026/09/23 00:06:17.463, 2, 94811, 97871
2026/09/23 00:06:17.463, 3, 94793, 97871
2026/09/23 00:06:17.663, 0, 94785, 97871
2026/09/23 00:06:17.663, 1, 94794, 97871
2026/09/23 00:06:17.664, 2, 94811, 97871
2026/09/23 00:06:17.664, 3, 94793, 97871
2026/09/23 00:06:17.864, 0, 94785, 97871
2026/09/23 00:06:17.864, 1, 94794, 97871
2026/09/23 00:06:17.864, 2, 94811, 97871
2026/09/23 00:06:17.864, 3, 94793, 97871
2026/09/23 00:06:18.064, 0, 94785, 97871
2026/09/23 00:06:18.064, 1, 94794, 97871
2026/09/23 00:06:18.064, 2, 94811, 97871
2026/09/23 00:06:18.064, 3, 94793, 97871
2026/09/23 00:06:18.264, 0, 94785, 97871
2026/09/23 00:06:18.264, 1, 94794, 97871
2026/09/23 00:06:18.265, 2, 94811, 97871
2026/09/23 00:06:18.265, 3, 94793, 97871
2026/09/23 00:06:18.465, 0, 94785, 97871
2026/09/23 00:06:18.465, 1, 94794, 97871
2026/09/23 00:06:18.465, 2, 94811, 97871
2026/09/23 00:06:18.465, 3, 94793, 97871
2026/09/23 00:06:18.665, 0, 94785, 97871
2026/09/23 00:06:18.665, 1, 94794, 97871
2026/09/23 00:06:18.665, 2, 94811, 97871
2026/09/23 00:06:18.665, 3, 94793, 97871
2026/09/23 00:06:18.866, 0, 94785, 97871
2026/09/23 00:06:18.866, 1, 94794, 97871
2026/09/23 00:06:18.866, 2, 94811, 97871
2026/09/23 00:06:18.866, 3, 94793, 97871
2026/09/23 00:06:19.066, 0, 94785, 97871
2026/09/23 00:06:19.066, 1, 94794, 97871
2026/09/23 00:06:19.066, 2, 94811, 97871
2026/09/23 00:06:19.066, 3, 94793, 97871
2026/09/23 00:06:19.266, 0, 94785, 97871
2026/09/23 00:06:19.266, 1, 94794, 97871
2026/09/23 00:06:19.266, 2, 94811, 97871
2026/09/23 00:06:19.266, 3, 94793, 97871
2026/09/23 00:06:19.467, 0, 94785, 97871
2026/09/23 00:06:19.467, 1, 94794, 97871
2026/09/23 00:06:19.467, 2, 94811, 97871
2026/09/23 00:06:19.467, 3, 94793, 97871
2026/09/23 00:06:19.667, 0, 94785, 97871
2026/09/23 00:06:19.667, 1, 94794, 97871
2026/09/23 00:06:19.667, 2, 94811, 97871
2026/09/23 00:06:19.667, 3, 94793, 97871
2026/09/23 00:06:19.867, 0, 94785, 97871
2026/09/23 00:06:19.867, 1, 94794, 97871
2026/09/23 00:06:19.868, 2, 94811, 97871
2026/09/23 00:06:19.868, 3, 94793, 97871
2026/09/23 00:06:20.068, 0, 94785, 97871
2026/09/23 00:06:20.068, 1, 94794, 97871
2026/09/23 00:06:20.068, 2, 94811, 97871
2026/09/23 00:06:20.068, 3, 94793, 97871
2026/09/23 00:06:20.268, 0, 94785, 97871
2026/09/23 00:06:20.268, 1, 94794, 97871
2026/09/23 00:06:20.268, 2, 94811, 97871
2026/09/23 00:06:20.268, 3, 94793, 97871
2026/09/23 00:06:20.469, 0, 94785, 97871
2026/09/23 00:06:20.469, 1, 94794, 97871
2026/09/23 00:06:20.469, 2, 94811, 97871
2026/09/23 00:06:20.469, 3, 94793, 97871
2026/09/23 00:06:20.669, 0, 94785, 97871
2026/09/23 00:06:20.669, 1, 94794, 97871
2026/09/23 00:06:20.669, 2, 94811, 97871
2026/09/23 00:06:20.669, 3, 94793, 97871
2026/09/23 00:06:20.869, 0, 94785, 97871
2026/09/23 00:06:20.869, 1, 94794, 97871
2026/09/23 00:06:20.869, 2, 94811, 97871
2026/09/23 00:06:20.869, 3, 94793, 97871
2026/09/23 00:06:21.070, 0, 94785, 97871
2026/09/23 00:06:21.070, 1, 94794, 97871
2026/09/23 00:06:21.070, 2, 94811, 97871
2026/09/23 00:06:21.070, 3, 94793, 97871
2026/09/23 00:06:21.270, 0, 94785, 97871
2026/09/23 00:06:21.270, 1, 94794, 97871
2026/09/23 00:06:21.270, 2, 94811, 97871
2026/09/23 00:06:21.270, 3, 94793, 97871
2026/09/23 00:06:21.470, 0, 94785, 97871
2026/09/23 00:06:21.471, 1, 94794, 97871
2026/09/23 00:06:21.471, 2, 94811, 97871
2026/09/23 00:06:21.471, 3, 94793, 97871
2026/09/23 00:06:21.671, 0, 94785, 97871
2026/09/23 00:06:21.671, 1, 94794, 97871
2026/09/23 00:06:21.671, 2, 94811, 97871
2026/09/23 00:06:21.671, 3, 94793, 97871
2026/09/23 00:06:21.871, 0, 94785, 97871
2026/09/23 00:06:21.871, 1, 94794, 97871
2026/09/23 00:06:21.871, 2, 94811, 97871
2026/09/23 00:06:21.871, 3, 94793, 97871
2026/09/23 00:06:22.072, 0, 94785, 97871
2026/09/23 00:06:22.072, 1, 94794, 97871
2026/09/23 00:06:22.072, 2, 94811, 97871
2026/09/23 00:06:22.072, 3, 94793, 97871
2026/09/23 00:06:22.272, 0, 94785, 97871
2026/09/23 00:06:22.272, 1, 94794, 97871
2026/09/23 00:06:22.272, 2, 94811, 97871
2026/09/23 00:06:22.272, 3, 94793, 97871
2026/09/23 00:06:22.472, 0, 94785, 97871
2026/09/23 00:06:22.472, 1, 94794, 97871
2026/09/23 00:06:22.473, 2, 94811, 97871
2026/09/23 00:06:22.473, 3, 94793, 97871
2026/09/23 00:06:22.673, 0, 94785, 97871
2026/09/23 00:06:22.673, 1, 94794, 97871
2026/09/23 00:06:22.673, 2, 94811, 97871
2026/09/23 00:06:22.673, 3, 94793, 97871
2026/09/23 00:06:22.873, 0, 94785, 97871
2026/09/23 00:06:22.873, 1, 94794, 97871
2026/09/23 00:06:22.873, 2, 94811, 97871
2026/09/23 00:06:22.873, 3, 94793, 97871
2026/09/23 00:06:23.073, 0, 94785, 97871
2026/09/23 00:06:23.074, 1, 94794, 97871
2026/09/23 00:06:23.074, 2, 94811, 97871
2026/09/23 00:06:23.074, 3, 94793, 97871
2026/09/23 00:06:23.274, 0, 94785, 97871
2026/09/23 00:06:23.274, 1, 94794, 97871
2026/09/23 00:06:23.274, 2, 94811, 97871
2026/09/23 00:06:23.274, 3, 94793, 97871
2026/09/23 00:06:23.474, 0, 94785, 97871
2026/09/23 00:06:23.474, 1, 94794, 97871
2026/09/23 00:06:23.474, 2, 94811, 97871
2026/09/23 00:06:23.474, 3, 94793, 97871
2026/09/23 00:06:23.674, 0, 94785, 97871
2026/09/23 00:06:23.675, 1, 94794, 97871
2026/09/23 00:06:23.675, 2, 94811, 97871
2026/09/23 00:06:23.675, 3, 94793, 97871
2026/09/23 00:06:23.875, 0, 94785, 97871
2026/09/23 00:06:23.875, 1, 94794, 97871
2026/09/23 00:06:23.875, 2, 94811, 97871
2026/09/23 00:06:23.875, 3, 94793, 97871
2026/09/23 00:06:24.075, 0, 94785, 97871
2026/09/23 00:06:24.075, 1, 94794, 97871
2026/09/23 00:06:24.075, 2, 94811, 97871
2026/09/23 00:06:24.075, 3, 94793, 97871
2026/09/23 00:06:24.276, 0, 94785, 97871
2026/09/23 00:06:24.276, 1, 94794, 97871
2026/09/23 00:06:24.276, 2, 94811, 97871
2026/09/23 00:06:24.276, 3, 94793, 97871
2026/09/23 00:06:24.476, 0, 94785, 97871
2026/09/23 00:06:24.476, 1, 94794, 97871
2026/09/23 00:06:24.476, 2, 94811, 97871
2026/09/23 00:06:24.476, 3, 94793, 97871
2026/09/23 00:06:24.676, 0, 94785, 97871
2026/09/23 00:06:24.676, 1, 94794, 97871
2026/09/23 00:06:24.676, 2, 94811, 97871
2026/09/23 00:06:24.676, 3, 94793, 97871
2026/09/23 00:06:24.877, 0, 94785, 97871
2026/09/23 00:06:24.877, 1, 94794, 97871
2026/09/23 00:06:24.877, 2, 94811, 97871
2026/09/23 00:06:24.877, 3, 94793, 97871
2026/09/23 00:06:25.077, 0, 94785, 97871
2026/09/23 00:06:25.077, 1, 94794, 97871
2026/09/23 00:06:25.077, 2, 94811, 97871
2026/09/23 00:06:25.077, 3, 94793, 97871
2026/09/23 00:06:25.277, 0, 94785, 97871
2026/09/23 00:06:25.277, 1, 94794, 97871
2026/09/23 00:06:25.278, 2, 94811, 97871
2026/09/23 00:06:25.278, 3, 94793, 97871
2026/09/23 00:06:25.478, 0, 94785, 97871
2026/09/23 00:06:25.478, 1, 94794, 97871
2026/09/23 00:06:25.478, 2, 94811, 97871
2026/09/23 00:06:25.478, 3, 94793, 97871
2026/09/23 00:06:25.678, 0, 94785, 97871
2026/09/23 00:06:25.678, 1, 94794, 97871
2026/09/23 00:06:25.678, 2, 94811, 97871
2026/09/23 00:06:25.678, 3, 94793, 97871
2026/09/23 00:06:25.879, 0, 94785, 97871
2026/09/23 00:06:25.879, 1, 94794, 97871
2026/09/23 00:06:25.879, 2, 94811, 97871
2026/09/23 00:06:25.879, 3, 94793, 97871
2026/09/23 00:06:26.079, 0, 94785, 97871
2026/09/23 00:06:26.079, 1, 94794, 97871
2026/09/23 00:06:26.079, 2, 94811, 97871
2026/09/23 00:06:26.079, 3, 94793, 97871
2026/09/23 00:06:26.279, 0, 94785, 97871
2026/09/23 00:06:26.279, 1, 94794, 97871
2026/09/23 00:06:26.279, 2, 94811, 97871
2026/09/23 00:06:26.279, 3, 94793, 97871
2026/09/23 00:06:26.479, 0, 94785, 97871
2026/09/23 00:06:26.480, 1, 94794, 97871
2026/09/23 00:06:26.480, 2, 94811, 97871
2026/09/23 00:06:26.480, 3, 94793, 97871
2026/09/23 00:06:26.680, 0, 94785, 97871
2026/09/23 00:06:26.680, 1, 94794, 97871
2026/09/23 00:06:26.680, 2, 94811, 97871
2026/09/23 00:06:26.680, 3, 94793, 97871
2026/09/23 00:06:26.880, 0, 94785, 97871
2026/09/23 00:06:26.880, 1, 94794, 97871
2026/09/23 00:06:26.880, 2, 94811, 97871
2026/09/23 00:06:26.880, 3, 94793, 97871
2026/09/23 00:06:27.080, 0, 94785, 97871
2026/09/23 00:06:27.081, 1, 94794, 97871
2026/09/23 00:06:27.081, 2, 94811, 97871
2026/09/23 00:06:27.081, 3, 94793, 97871
2026/09/23 00:06:27.281, 0, 94785, 97871
2026/09/23 00:06:27.281, 1, 94794, 97871
2026/09/23 00:06:27.281, 2, 94811, 97871
2026/09/23 00:06:27.281, 3, 94793, 97871
2026/09/23 00:06:27.481, 0, 94785, 97871
2026/09/23 00:06:27.481, 1, 94794, 97871
2026/09/23 00:06:27.481, 2, 94811, 97871
2026/09/23 00:06:27.481, 3, 94793, 97871
2026/09/23 00:06:27.681, 0, 94785, 97871
2026/09/23 00:06:27.681, 1, 94794, 97871
2026/09/23 00:06:27.681, 2, 94811, 97871
2026/09/23 00:06:27.682, 3, 94793, 97871
2026/09/23 00:06:27.882, 0, 94785, 97871
2026/09/23 00:06:27.882, 1, 94794, 97871
2026/09/23 00:06:27.882, 2, 94811, 97871
2026/09/23 00:06:27.882, 3, 94793, 97871
2026/09/23 00:06:28.082, 0, 94785, 97871
2026/09/23 00:06:28.082, 1, 94794, 97871
2026/09/23 00:06:28.082, 2, 94811, 97871
2026/09/23 00:06:28.082, 3, 94793, 97871
2026/09/23 00:06:28.282, 0, 94785, 97871
2026/09/23 00:06:28.282, 1, 94794, 97871
2026/09/23 00:06:28.283, 2, 94811, 97871
2026/09/23 00:06:28.283, 3, 94793, 97871
2026/09/23 00:06:28.483, 0, 94785, 97871
2026/09/23 00:06:28.483, 1, 94794, 97871
2026/09/23 00:06:28.483, 2, 94811, 97871
2026/09/23 00:06:28.483, 3, 94793, 97871
2026/09/23 00:06:28.683, 0, 94785, 97871
2026/09/23 00:06:28.683, 1, 94794, 97871
2026/09/23 00:06:28.683, 2, 94811, 97871
2026/09/23 00:06:28.683, 3, 94793, 97871
2026/09/23 00:06:28.883, 0, 94785, 97871
2026/09/23 00:06:28.884, 1, 94794, 97871
2026/09/23 00:06:28.884, 2, 94811, 97871
2026/09/23 00:06:28.884, 3, 94793, 97871
2026/09/23 00:06:29.084, 0, 94785, 97871
2026/09/23 00:06:29.084, 1, 94794, 97871
2026/09/23 00:06:29.084, 2, 94811, 97871
2026/09/23 00:06:29.084, 3, 94793, 97871
2026/09/23 00:06:29.284, 0, 94785, 97871
2026/09/23 00:06:29.284, 1, 94794, 97871
2026/09/23 00:06:29.285, 2, 94811, 97871
2026/09/23 00:06:29.285, 3, 94793, 97871
2026/09/23 00:06:29.485, 0, 94785, 97871
2026/09/23 00:06:29.485, 1, 94794, 97871
2026/09/23 00:06:29.485, 2, 94811, 97871
2026/09/23 00:06:29.485, 3, 94793, 97871
2026/09/23 00:06:29.685, 0, 94785, 97871
2026/09/23 00:06:29.685, 1, 94794, 97871
2026/09/23 00:06:29.685, 2, 94811, 97871
2026/09/23 00:06:29.685, 3, 94793, 97871
2026/09/23 00:06:29.885, 0, 94785, 97871
2026/09/23 00:06:29.886, 1, 94794, 97871
2026/09/23 00:06:29.886, 2, 94811, 97871
2026/09/23 00:06:29.886, 3, 94793, 97871
2026/09/23 00:06:30.086, 0, 94785, 97871
2026/09/23 00:06:30.086, 1, 94794, 97871
2026/09/23 00:06:30.086, 2, 94811, 97871
2026/09/23 00:06:30.086, 3, 94793, 97871
2026/09/23 00:06:30.286, 0, 94785, 97871
2026/09/23 00:06:30.286, 1, 94794, 97871
2026/09/23 00:06:30.286, 2, 94811, 97871
2026/09/23 00:06:30.286, 3, 94793, 97871
2026/09/23 00:06:30.487, 0, 94785, 97871
2026/09/23 00:06:30.487, 1, 94794, 97871
2026/09/23 00:06:30.487, 2, 94811, 97871
2026/09/23 00:06:30.487, 3, 94793, 97871
2026/09/23 00:06:30.687, 0, 94785, 97871
2026/09/23 00:06:30.687, 1, 94794, 97871
2026/09/23 00:06:30.687, 2, 94811, 97871
2026/09/23 00:06:30.687, 3, 94793, 97871
2026/09/23 00:06:30.887, 0, 94785, 97871
2026/09/23 00:06:30.887, 1, 94794, 97871
2026/09/23 00:06:30.888, 2, 94811, 97871
2026/09/23 00:06:30.888, 3, 94793, 97871
2026/09/23 00:06:31.088, 0, 94785, 97871
2026/09/23 00:06:31.088, 1, 94794, 97871
2026/09/23 00:06:31.088, 2, 94811, 97871
2026/09/23 00:06:31.088, 3, 94793, 97871
2026/09/23 00:06:31.288, 0, 94785, 97871
2026/09/23 00:06:31.288, 1, 94794, 97871
2026/09/23 00:06:31.288, 2, 94811, 97871
2026/09/23 00:06:31.288, 3, 94793, 97871
2026/09/23 00:06:31.488, 0, 94785, 97871
2026/09/23 00:06:31.489, 1, 94794, 97871
2026/09/23 00:06:31.489, 2, 94811, 97871
2026/09/23 00:06:31.489, 3, 94793, 97871
2026/09/23 00:06:31.689, 0, 94785, 97871
2026/09/23 00:06:31.689, 1, 94794, 97871
2026/09/23 00:06:31.689, 2, 94811, 97871
2026/09/23 00:06:31.689, 3, 94793, 97871
2026/09/23 00:06:31.889, 0, 94785, 97871
2026/09/23 00:06:31.889, 1, 94794, 97871
2026/09/23 00:06:31.889, 2, 94811, 97871
2026/09/23 00:06:31.889, 3, 94793, 97871
2026/09/23 00:06:32.090, 0, 94785, 97871
2026/09/23 00:06:32.090, 1, 94794, 97871
2026/09/23 00:06:32.090, 2, 94811, 97871
2026/09/23 00:06:32.090, 3, 94793, 97871
2026/09/23 00:06:32.290, 0, 94785, 97871
2026/09/23 00:06:32.290, 1, 94794, 97871
2026/09/23 00:06:32.290, 2, 94811, 97871
2026/09/23 00:06:32.290, 3, 94793, 97871
2026/09/23 00:06:32.490, 0, 94785, 97871
2026/09/23 00:06:32.490, 1, 94794, 97871
2026/09/23 00:06:32.490, 2, 94811, 97871
2026/09/23 00:06:32.490, 3, 94793, 97871
2026/09/23 00:06:32.691, 0, 94785, 97871
2026/09/23 00:06:32.691, 1, 94794, 97871
2026/09/23 00:06:32.691, 2, 94811, 97871
2026/09/23 00:06:32.691, 3, 94793, 97871
2026/09/23 00:06:32.891, 0, 94785, 97871
2026/09/23 00:06:32.891, 1, 94794, 97871
2026/09/23 00:06:32.891, 2, 94811, 97871
2026/09/23 00:06:32.891, 3, 94793, 97871
2026/09/23 00:06:33.091, 0, 94785, 97871
2026/09/23 00:06:33.092, 1, 94794, 97871
2026/09/23 00:06:33.092, 2, 94811, 97871
2026/09/23 00:06:33.092, 3, 94793, 97871
2026/09/23 00:06:33.292, 0, 94785, 97871
2026/09/23 00:06:33.292, 1, 94794, 97871
2026/09/23 00:06:33.292, 2, 94811, 97871
2026/09/23 00:06:33.292, 3, 94793, 97871
2026/09/23 00:06:33.492, 0, 94785, 97871
2026/09/23 00:06:33.492, 1, 94794, 97871
2026/09/23 00:06:33.492, 2, 94811, 97871
2026/09/23 00:06:33.492, 3, 94793, 97871
2026/09/23 00:06:33.692, 0, 94785, 97871
2026/09/23 00:06:33.693, 1, 94794, 97871
2026/09/23 00:06:33.693, 2, 94811, 97871
2026/09/23 00:06:33.693, 3, 94793, 97871
2026/09/23 00:06:33.893, 0, 94785, 97871
2026/09/23 00:06:33.893, 1, 94794, 97871
2026/09/23 00:06:33.893, 2, 94811, 97871
2026/09/23 00:06:33.893, 3, 94793, 97871
2026/09/23 00:06:34.093, 0, 94785, 97871
2026/09/23 00:06:34.093, 1, 94794, 97871
2026/09/23 00:06:34.093, 2, 94811, 97871
2026/09/23 00:06:34.093, 3, 94793, 97871
2026/09/23 00:06:34.294, 0, 94785, 97871
2026/09/23 00:06:34.294, 1, 94794, 97871
2026/09/23 00:06:34.294, 2, 94811, 97871
2026/09/23 00:06:34.294, 3, 94793, 97871
2026/09/23 00:06:34.494, 0, 94785, 97871
2026/09/23 00:06:34.494, 1, 94794, 97871
2026/09/23 00:06:34.494, 2, 94811, 97871
2026/09/23 00:06:34.494, 3, 94793, 97871
2026/09/23 00:06:34.694, 0, 94785, 97871
2026/09/23 00:06:34.694, 1, 94794, 97871
2026/09/23 00:06:34.694, 2, 94811, 97871
2026/09/23 00:06:34.694, 3, 94793, 97871
2026/09/23 00:06:34.894, 0, 94785, 97871
2026/09/23 00:06:34.894, 1, 94794, 97871
2026/09/23 00:06:34.895, 2, 94811, 97871
2026/09/23 00:06:34.895, 3, 94793, 97871
2026/09/23 00:06:35.095, 0, 94785, 97871
2026/09/23 00:06:35.095, 1, 94794, 97871
2026/09/23 00:06:35.095, 2, 94811, 97871
2026/09/23 00:06:35.095, 3, 94793, 97871
2026/09/23 00:06:35.295, 0, 94785, 97871
2026/09/23 00:06:35.295, 1, 94794, 97871
2026/09/23 00:06:35.295, 2, 94811, 97871
2026/09/23 00:06:35.295, 3, 94793, 97871
2026/09/23 00:06:35.495, 0, 94785, 97871
2026/09/23 00:06:35.495, 1, 94794, 97871
2026/09/23 00:06:35.495, 2, 94811, 97871
2026/09/23 00:06:35.496, 3, 94793, 97871
2026/09/23 00:06:35.696, 0, 94785, 97871
2026/09/23 00:06:35.696, 1, 94794, 97871
2026/09/23 00:06:35.696, 2, 94811, 97871
2026/09/23 00:06:35.696, 3, 94793, 97871
2026/09/23 00:06:35.896, 0, 94785, 97871
2026/09/23 00:06:35.896, 1, 94794, 97871
2026/09/23 00:06:35.896, 2, 94811, 97871
2026/09/23 00:06:35.896, 3, 94793, 97871
2026/09/23 00:06:36.096, 0, 94785, 97871
2026/09/23 00:06:36.096, 1, 94794, 97871
2026/09/23 00:06:36.096, 2, 94811, 97871
2026/09/23 00:06:36.097, 3, 94793, 97871
2026/09/23 00:06:36.297, 0, 94785, 97871
2026/09/23 00:06:36.297, 1, 94794, 97871
2026/09/23 00:06:36.297, 2, 94811, 97871
2026/09/23 00:06:36.297, 3, 94793, 97871
2026/09/23 00:06:36.497, 0, 94785, 97871
2026/09/23 00:06:36.497, 1, 94794, 97871
2026/09/23 00:06:36.497, 2, 94811, 97871
2026/09/23 00:06:36.497, 3, 94793, 97871
2026/09/23 00:06:36.697, 0, 94785, 97871
2026/09/23 00:06:36.697, 1, 94794, 97871
2026/09/23 00:06:36.697, 2, 94811, 97871
2026/09/23 00:06:36.697, 3, 94793, 97871
2026/09/23 00:06:36.897, 0, 94785, 97871
2026/09/23 00:06:36.898, 1, 94794, 97871
2026/09/23 00:06:36.898, 2, 94811, 97871
2026/09/23 00:06:36.898, 3, 94793, 97871
2026/09/23 00:06:37.098, 0, 94785, 97871
2026/09/23 00:06:37.098, 1, 94794, 97871
2026/09/23 00:06:37.098, 2, 94811, 97871
2026/09/23 00:06:37.098, 3, 94793, 97871
2026/09/23 00:06:37.298, 0, 94785, 97871
2026/09/23 00:06:37.298, 1, 94794, 97871
2026/09/23 00:06:37.298, 2, 94811, 97871
2026/09/23 00:06:37.298, 3, 94793, 97871
2026/09/23 00:06:37.499, 0, 94785, 97871
2026/09/23 00:06:37.499, 1, 94794, 97871
2026/09/23 00:06:37.499, 2, 94811, 97871
2026/09/23 00:06:37.499, 3, 94793, 97871
2026/09/23 00:06:37.699, 0, 94785, 97871
2026/09/23 00:06:37.699, 1, 94794, 97871
2026/09/23 00:06:37.699, 2, 94811, 97871
2026/09/23 00:06:37.699, 3, 94793, 97871
2026/09/23 00:06:37.899, 0, 94785, 97871
2026/09/23 00:06:37.899, 1, 94794, 97871
2026/09/23 00:06:37.899, 2, 94811, 97871
2026/09/23 00:06:37.899, 3, 94793, 97871
2026/09/23 00:06:38.099, 0, 94785, 97871
2026/09/23 00:06:38.100, 1, 94794, 97871
2026/09/23 00:06:38.100, 2, 94811, 97871
2026/09/23 00:06:38.100, 3, 94793, 97871
2026/09/23 00:06:38.300, 0, 94785, 97871
2026/09/23 00:06:38.300, 1, 94794, 97871
2026/09/23 00:06:38.300, 2, 94811, 97871
2026/09/23 00:06:38.300, 3, 94793, 97871
2026/09/23 00:06:38.500, 0, 94785, 97871
2026/09/23 00:06:38.500, 1, 94794, 97871
2026/09/23 00:06:38.500, 2, 94811, 97871
2026/09/23 00:06:38.500, 3, 94793, 97871
2026/09/23 00:06:38.700, 0, 94785, 97871
2026/09/23 00:06:38.701, 1, 94794, 97871
2026/09/23 00:06:38.701, 2, 94811, 97871
2026/09/23 00:06:38.701, 3, 94793, 97871
2026/09/23 00:06:38.901, 0, 94785, 97871
2026/09/23 00:06:38.901, 1, 94794, 97871
2026/09/23 00:06:38.901, 2, 94811, 97871
2026/09/23 00:06:38.901, 3, 94793, 97871
2026/09/23 00:06:39.101, 0, 94785, 97871
2026/09/23 00:06:39.101, 1, 94794, 97871
2026/09/23 00:06:39.101, 2, 94811, 97871
2026/09/23 00:06:39.102, 3, 94793, 97871
2026/09/23 00:06:39.302, 0, 94785, 97871
2026/09/23 00:06:39.302, 1, 94794, 97871
2026/09/23 00:06:39.302, 2, 94811, 97871
2026/09/23 00:06:39.302, 3, 94793, 97871
2026/09/23 00:06:39.502, 0, 94785, 97871
2026/09/23 00:06:39.502, 1, 94794, 97871
2026/09/23 00:06:39.502, 2, 94811, 97871
2026/09/23 00:06:39.502, 3, 94793, 97871
2026/09/23 00:06:39.702, 0, 94785, 97871
2026/09/23 00:06:39.703, 1, 94794, 97871
2026/09/23 00:06:39.703, 2, 94811, 97871
2026/09/23 00:06:39.703, 3, 94793, 97871
2026/09/23 00:06:39.903, 0, 94785, 97871
2026/09/23 00:06:39.903, 1, 94794, 97871
2026/09/23 00:06:39.903, 2, 94811, 97871
2026/09/23 00:06:39.903, 3, 94793, 97871
2026/09/23 00:06:40.110, 0, 94785, 97871
2026/09/23 00:06:40.111, 1, 94794, 97871
2026/09/23 00:06:40.111, 2, 94811, 97871
2026/09/23 00:06:40.111, 3, 94793, 97871
2026/09/23 00:06:40.311, 0, 94785, 97871
2026/09/23 00:06:40.311, 1, 94794, 97871
2026/09/23 00:06:40.311, 2, 94811, 97871
2026/09/23 00:06:40.311, 3, 94793, 97871
2026/09/23 00:06:40.512, 0, 94785, 97871
2026/09/23 00:06:40.512, 1, 94794, 97871
2026/09/23 00:06:40.512, 2, 94811, 97871
2026/09/23 00:06:40.512, 3, 94793, 97871
2026/09/23 00:06:40.712, 0, 94785, 97871
2026/09/23 00:06:40.712, 1, 94794, 97871
2026/09/23 00:06:40.712, 2, 94811, 97871
2026/09/23 00:06:40.712, 3, 94793, 97871
2026/09/23 00:06:40.912, 0, 94785, 97871
2026/09/23 00:06:40.912, 1, 94794, 97871
2026/09/23 00:06:40.912, 2, 94811, 97871
2026/09/23 00:06:40.913, 3, 94793, 97871
2026/09/23 00:06:41.113, 0, 94785, 97871
2026/09/23 00:06:41.113, 1, 94794, 97871
2026/09/23 00:06:41.113, 2, 94811, 97871
2026/09/23 00:06:41.113, 3, 94793, 97871
2026/09/23 00:06:41.313, 0, 94785, 97871
2026/09/23 00:06:41.313, 1, 94794, 97871
2026/09/23 00:06:41.313, 2, 94811, 97871
2026/09/23 00:06:41.313, 3, 94793, 97871
2026/09/23 00:06:41.513, 0, 94785, 97871
2026/09/23 00:06:41.513, 1, 94794, 97871
2026/09/23 00:06:41.513, 2, 94811, 97871
2026/09/23 00:06:41.513, 3, 94793, 97871
2026/09/23 00:06:41.714, 0, 94785, 97871
2026/09/23 00:06:41.714, 1, 94794, 97871
2026/09/23 00:06:41.714, 2, 94811, 97871
2026/09/23 00:06:41.714, 3, 94793, 97871
2026/09/23 00:06:41.914, 0, 94785, 97871
2026/09/23 00:06:41.914, 1, 94794, 97871
2026/09/23 00:06:41.914, 2, 94811, 97871
2026/09/23 00:06:41.914, 3, 94793, 97871
2026/09/23 00:06:42.114, 0, 94785, 97871
2026/09/23 00:06:42.114, 1, 94794, 97871
2026/09/23 00:06:42.115, 2, 94811, 97871
2026/09/23 00:06:42.115, 3, 94793, 97871
2026/09/23 00:06:42.315, 0, 94785, 97871
2026/09/23 00:06:42.315, 1, 94794, 97871
2026/09/23 00:06:42.315, 2, 94811, 97871
2026/09/23 00:06:42.315, 3, 94793, 97871
2026/09/23 00:06:42.515, 0, 94785, 97871
2026/09/23 00:06:42.515, 1, 94794, 97871
2026/09/23 00:06:42.515, 2, 94811, 97871
2026/09/23 00:06:42.515, 3, 94793, 97871
2026/09/23 00:06:42.716, 0, 94785, 97871
2026/09/23 00:06:42.716, 1, 94794, 97871
2026/09/23 00:06:42.716, 2, 94811, 97871
2026/09/23 00:06:42.716, 3, 94793, 97871
2026/09/23 00:06:42.916, 0, 94785, 97871
2026/09/23 00:06:42.916, 1, 94794, 97871
2026/09/23 00:06:42.916, 2, 94811, 97871
2026/09/23 00:06:42.916, 3, 94793, 97871
2026/09/23 00:06:43.116, 0, 94785, 97871
2026/09/23 00:06:43.116, 1, 94794, 97871
2026/09/23 00:06:43.116, 2, 94811, 97871
2026/09/23 00:06:43.116, 3, 94793, 97871
2026/09/23 00:06:43.316, 0, 94785, 97871
2026/09/23 00:06:43.317, 1, 94794, 97871
2026/09/23 00:06:43.317, 2, 94811, 97871
2026/09/23 00:06:43.317, 3, 94793, 97871
2026/09/23 00:06:43.517, 0, 94785, 97871
2026/09/23 00:06:43.517, 1, 94794, 97871
2026/09/23 00:06:43.517, 2, 94811, 97871
2026/09/23 00:06:43.517, 3, 94793, 97871
2026/09/23 00:06:43.717, 0, 94785, 97871
2026/09/23 00:06:43.717, 1, 94794, 97871
2026/09/23 00:06:43.717, 2, 94811, 97871
2026/09/23 00:06:43.717, 3, 94793, 97871
2026/09/23 00:06:43.917, 0, 94785, 97871
2026/09/23 00:06:43.917, 1, 94794, 97871
2026/09/23 00:06:43.918, 2, 94811, 97871
2026/09/23 00:06:43.918, 3, 94793, 97871
2026/09/23 00:06:44.118, 0, 94785, 97871
2026/09/23 00:06:44.118, 1, 94794, 97871
2026/09/23 00:06:44.118, 2, 94811, 97871
2026/09/23 00:06:44.118, 3, 94793, 97871
2026/09/23 00:06:44.318, 0, 94785, 97871
2026/09/23 00:06:44.318, 1, 94794, 97871
2026/09/23 00:06:44.318, 2, 94811, 97871
2026/09/23 00:06:44.318, 3, 94793, 97871
2026/09/23 00:06:44.518, 0, 94785, 97871
2026/09/23 00:06:44.518, 1, 94794, 97871
2026/09/23 00:06:44.518, 2, 94811, 97871
2026/09/23 00:06:44.518, 3, 94793, 97871
2026/09/23 00:06:44.719, 0, 94785, 97871
2026/09/23 00:06:44.719, 1, 94794, 97871
2026/09/23 00:06:44.719, 2, 94811, 97871
2026/09/23 00:06:44.719, 3, 94793, 97871
2026/09/23 00:06:44.919, 0, 94785, 97871
2026/09/23 00:06:44.919, 1, 94794, 97871
2026/09/23 00:06:44.919, 2, 94811, 97871
2026/09/23 00:06:44.919, 3, 94793, 97871
2026/09/23 00:06:45.119, 0, 94785, 97871
2026/09/23 00:06:45.119, 1, 94794, 97871
2026/09/23 00:06:45.119, 2, 94811, 97871
2026/09/23 00:06:45.120, 3, 94793, 97871
2026/09/23 00:06:45.320, 0, 94785, 97871
2026/09/23 00:06:45.320, 1, 94794, 97871
2026/09/23 00:06:45.320, 2, 94811, 97871
2026/09/23 00:06:45.320, 3, 94793, 97871
2026/09/23 00:06:45.520, 0, 94785, 97871
2026/09/23 00:06:45.520, 1, 94794, 97871
2026/09/23 00:06:45.520, 2, 94811, 97871
2026/09/23 00:06:45.520, 3, 94793, 97871
2026/09/23 00:06:45.720, 0, 94785, 97871
2026/09/23 00:06:45.720, 1, 94794, 97871
2026/09/23 00:06:45.720, 2, 94811, 97871
2026/09/23 00:06:45.720, 3, 94793, 97871
2026/09/23 00:06:45.921, 0, 94785, 97871
2026/09/23 00:06:45.921, 1, 94794, 97871
2026/09/23 00:06:45.921, 2, 94811, 97871
2026/09/23 00:06:45.921, 3, 94793, 97871
2026/09/23 00:06:46.121, 0, 94785, 97871
2026/09/23 00:06:46.121, 1, 94794, 97871
2026/09/23 00:06:46.121, 2, 94811, 97871
2026/09/23 00:06:46.121, 3, 94793, 97871
2026/09/23 00:06:46.321, 0, 94785, 97871
2026/09/23 00:06:46.321, 1, 94794, 97871
2026/09/23 00:06:46.321, 2, 94811, 97871
2026/09/23 00:06:46.321, 3, 94793, 97871
2026/09/23 00:06:46.522, 0, 94785, 97871
2026/09/23 00:06:46.522, 1, 94794, 97871
2026/09/23 00:06:46.522, 2, 94811, 97871
2026/09/23 00:06:46.522, 3, 94793, 97871
2026/09/23 00:06:46.722, 0, 94785, 97871
2026/09/23 00:06:46.722, 1, 94794, 97871
2026/09/23 00:06:46.722, 2, 94811, 97871
2026/09/23 00:06:46.722, 3, 94793, 97871
2026/09/23 00:06:46.922, 0, 94785, 97871
2026/09/23 00:06:46.922, 1, 94794, 97871
2026/09/23 00:06:46.923, 2, 94811, 97871
2026/09/23 00:06:46.923, 3, 94793, 97871
2026/09/23 00:06:47.123, 0, 94785, 97871
2026/09/23 00:06:47.123, 1, 94794, 97871
2026/09/23 00:06:47.123, 2, 94811, 97871
2026/09/23 00:06:47.123, 3, 94793, 97871
2026/09/23 00:06:47.323, 0, 94785, 97871
2026/09/23 00:06:47.323, 1, 94794, 97871
2026/09/23 00:06:47.323, 2, 94811, 97871
2026/09/23 00:06:47.323, 3, 94793, 97871
2026/09/23 00:06:47.523, 0, 94785, 97871
2026/09/23 00:06:47.523, 1, 94794, 97871
2026/09/23 00:06:47.524, 2, 94811, 97871
2026/09/23 00:06:47.524, 3, 94793, 97871
2026/09/23 00:06:47.724, 0, 94785, 97871
2026/09/23 00:06:47.724, 1, 94794, 97871
2026/09/23 00:06:47.724, 2, 94811, 97871
2026/09/23 00:06:47.724, 3, 94793, 97871
2026/09/23 00:06:47.924, 0, 94785, 97871
2026/09/23 00:06:47.924, 1, 94794, 97871
2026/09/23 00:06:47.924, 2, 94811, 97871
2026/09/23 00:06:47.924, 3, 94793, 97871
2026/09/23 00:06:48.125, 0, 94785, 97871
2026/09/23 00:06:48.125, 1, 94794, 97871
2026/09/23 00:06:48.125, 2, 94811, 97871
2026/09/23 00:06:48.125, 3, 94793, 97871
2026/09/23 00:06:48.325, 0, 94785, 97871
2026/09/23 00:06:48.325, 1, 94794, 97871
2026/09/23 00:06:48.325, 2, 94811, 97871
2026/09/23 00:06:48.325, 3, 94793, 97871
2026/09/23 00:06:48.525, 0, 94785, 97871
2026/09/23 00:06:48.525, 1, 94794, 97871
2026/09/23 00:06:48.525, 2, 94811, 97871
2026/09/23 00:06:48.525, 3, 94793, 97871
2026/09/23 00:06:48.725, 0, 94785, 97871
2026/09/23 00:06:48.726, 1, 94794, 97871
2026/09/23 00:06:48.726, 2, 94811, 97871
2026/09/23 00:06:48.726, 3, 94793, 97871
2026/09/23 00:06:48.926, 0, 94785, 97871
2026/09/23 00:06:48.926, 1, 94794, 97871
2026/09/23 00:06:48.926, 2, 94811, 97871
2026/09/23 00:06:48.926, 3, 94793, 97871
2026/09/23 00:06:49.126, 0, 94785, 97871
2026/09/23 00:06:49.126, 1, 94794, 97871
2026/09/23 00:06:49.126, 2, 94811, 97871
2026/09/23 00:06:49.126, 3, 94793, 97871
2026/09/23 00:06:49.326, 0, 94785, 97871
2026/09/23 00:06:49.327, 1, 94794, 97871
2026/09/23 00:06:49.327, 2, 94811, 97871
2026/09/23 00:06:49.327, 3, 94793, 97871
2026/09/23 00:06:49.527, 0, 94785, 97871
2026/09/23 00:06:49.527, 1, 94794, 97871
2026/09/23 00:06:49.527, 2, 94811, 97871
2026/09/23 00:06:49.527, 3, 94793, 97871
2026/09/23 00:06:49.727, 0, 94785, 97871
2026/09/23 00:06:49.727, 1, 94794, 97871
2026/09/23 00:06:49.727, 2, 94811, 97871
2026/09/23 00:06:49.727, 3, 94793, 97871
2026/09/23 00:06:49.927, 0, 94785, 97871
2026/09/23 00:06:49.928, 1, 94794, 97871
2026/09/23 00:06:49.928, 2, 94811, 97871
2026/09/23 00:06:49.928, 3, 94793, 97871
2026/09/23 00:06:50.128, 0, 94785, 97871
2026/09/23 00:06:50.128, 1, 94794, 97871
2026/09/23 00:06:50.128, 2, 94811, 97871
2026/09/23 00:06:50.128, 3, 94793, 97871
2026/09/23 00:06:50.328, 0, 94785, 97871
2026/09/23 00:06:50.328, 1, 94794, 97871
2026/09/23 00:06:50.328, 2, 94811, 97871
2026/09/23 00:06:50.328, 3, 94793, 97871
2026/09/23 00:06:50.528, 0, 94785, 97871
2026/09/23 00:06:50.528, 1, 94794, 97871
2026/09/23 00:06:50.528, 2, 94811, 97871
2026/09/23 00:06:50.529, 3, 94793, 97871
2026/09/23 00:06:50.729, 0, 94785, 97871
2026/09/23 00:06:50.729, 1, 94794, 97871
2026/09/23 00:06:50.729, 2, 94811, 97871
2026/09/23 00:06:50.729, 3, 94793, 97871
2026/09/23 00:06:50.929, 0, 94785, 97871
2026/09/23 00:06:50.929, 1, 94794, 97871
2026/09/23 00:06:50.929, 2, 94811, 97871
2026/09/23 00:06:50.929, 3, 94793, 97871
2026/09/23 00:06:51.129, 0, 94785, 97871
2026/09/23 00:06:51.129, 1, 94794, 97871
2026/09/23 00:06:51.129, 2, 94811, 97871
2026/09/23 00:06:51.129, 3, 94793, 97871
2026/09/23 00:06:51.330, 0, 94785, 97871
2026/09/23 00:06:51.330, 1, 94794, 97871
2026/09/23 00:06:51.330, 2, 94811, 97871
2026/09/23 00:06:51.330, 3, 94793, 97871
2026/09/23 00:06:51.530, 0, 94785, 97871
2026/09/23 00:06:51.530, 1, 94794, 97871
2026/09/23 00:06:51.530, 2, 94811, 97871
2026/09/23 00:06:51.530, 3, 94793, 97871
2026/09/23 00:06:51.730, 0, 94785, 97871
2026/09/23 00:06:51.730, 1, 94794, 97871
2026/09/23 00:06:51.730, 2, 94811, 97871
2026/09/23 00:06:51.730, 3, 94793, 97871
2026/09/23 00:06:51.930, 0, 94785, 97871
2026/09/23 00:06:51.931, 1, 94794, 97871
2026/09/23 00:06:51.931, 2, 94811, 97871
2026/09/23 00:06:51.931, 3, 94793, 97871
2026/09/23 00:06:52.131, 0, 94785, 97871
2026/09/23 00:06:52.131, 1, 94794, 97871
2026/09/23 00:06:52.131, 2, 94811, 97871
2026/09/23 00:06:52.131, 3, 94793, 97871
2026/09/23 00:06:52.331, 0, 94785, 97871
2026/09/23 00:06:52.331, 1, 94794, 97871
2026/09/23 00:06:52.331, 2, 94811, 97871
2026/09/23 00:06:52.331, 3, 94793, 97871
2026/09/23 00:06:52.531, 0, 94785, 97871
2026/09/23 00:06:52.531, 1, 94794, 97871
2026/09/23 00:06:52.532, 2, 94811, 97871
2026/09/23 00:06:52.532, 3, 94793, 97871
2026/09/23 00:06:52.732, 0, 94785, 97871
2026/09/23 00:06:52.732, 1, 94794, 97871
2026/09/23 00:06:52.732, 2, 94811, 97871
2026/09/23 00:06:52.732, 3, 94793, 97871
2026/09/23 00:06:52.932, 0, 94785, 97871
2026/09/23 00:06:52.932, 1, 94794, 97871
2026/09/23 00:06:52.932, 2, 94811, 97871
2026/09/23 00:06:52.932, 3, 94793, 97871
2026/09/23 00:06:53.132, 0, 94785, 97871
2026/09/23 00:06:53.132, 1, 94794, 97871
2026/09/23 00:06:53.133, 2, 94811, 97871
2026/09/23 00:06:53.133, 3, 94793, 97871
2026/09/23 00:06:53.333, 0, 94785, 97871
2026/09/23 00:06:53.333, 1, 94794, 97871
2026/09/23 00:06:53.333, 2, 94811, 97871
2026/09/23 00:06:53.333, 3, 94793, 97871
2026/09/23 00:06:53.533, 0, 94785, 97871
2026/09/23 00:06:53.533, 1, 94794, 97871
2026/09/23 00:06:53.533, 2, 94811, 97871
2026/09/23 00:06:53.533, 3, 94793, 97871
2026/09/23 00:06:53.733, 0, 94785, 97871
2026/09/23 00:06:53.733, 1, 94794, 97871
2026/09/23 00:06:53.733, 2, 94811, 97871
2026/09/23 00:06:53.734, 3, 94793, 97871
2026/09/23 00:06:53.934, 0, 94785, 97871
2026/09/23 00:06:53.934, 1, 94794, 97871
2026/09/23 00:06:53.934, 2, 94811, 97871
2026/09/23 00:06:53.934, 3, 94793, 97871
2026/09/23 00:06:54.134, 0, 94785, 97871
2026/09/23 00:06:54.134, 1, 94794, 97871
2026/09/23 00:06:54.134, 2, 94811, 97871
2026/09/23 00:06:54.134, 3, 94793, 97871
2026/09/23 00:06:54.335, 0, 94785, 97871
2026/09/23 00:06:54.335, 1, 94794, 97871
2026/09/23 00:06:54.335, 2, 94811, 97871
2026/09/23 00:06:54.335, 3, 94793, 97871
2026/09/23 00:06:54.535, 0, 94785, 97871
2026/09/23 00:06:54.535, 1, 94794, 97871
2026/09/23 00:06:54.535, 2, 94811, 97871
2026/09/23 00:06:54.535, 3, 94793, 97871
2026/09/23 00:06:54.735, 0, 94785, 97871
2026/09/23 00:06:54.735, 1, 94794, 97871
2026/09/23 00:06:54.735, 2, 94811, 97871
2026/09/23 00:06:54.735, 3, 94793, 97871
2026/09/23 00:06:54.936, 0, 94785, 97871
2026/09/23 00:06:54.936, 1, 94794, 97871
2026/09/23 00:06:54.936, 2, 94811, 97871
2026/09/23 00:06:54.936, 3, 94793, 97871
2026/09/23 00:06:55.136, 0, 94785, 97871
2026/09/23 00:06:55.136, 1, 94794, 97871
2026/09/23 00:06:55.136, 2, 94811, 97871
2026/09/23 00:06:55.136, 3, 94793, 97871
2026/09/23 00:06:55.336, 0, 94785, 97871
2026/09/23 00:06:55.336, 1, 94794, 97871
2026/09/23 00:06:55.336, 2, 94811, 97871
2026/09/23 00:06:55.336, 3, 94793, 97871
2026/09/23 00:06:55.536, 0, 94785, 97871
2026/09/23 00:06:55.536, 1, 94794, 97871
2026/09/23 00:06:55.536, 2, 94811, 97871
2026/09/23 00:06:55.536, 3, 94793, 97871
2026/09/23 00:06:55.737, 0, 94785, 97871
2026/09/23 00:06:55.737, 1, 94794, 97871
2026/09/23 00:06:55.737, 2, 94811, 97871
2026/09/23 00:06:55.737, 3, 94793, 97871
2026/09/23 00:06:55.937, 0, 94785, 97871
2026/09/23 00:06:55.937, 1, 94794, 97871
2026/09/23 00:06:55.937, 2, 94811, 97871
2026/09/23 00:06:55.937, 3, 94793, 97871
2026/09/23 00:06:56.137, 0, 94785, 97871
2026/09/23 00:06:56.137, 1, 94794, 97871
2026/09/23 00:06:56.137, 2, 94811, 97871
2026/09/23 00:06:56.137, 3, 94793, 97871
2026/09/23 00:06:56.337, 0, 94785, 97871
2026/09/23 00:06:56.337, 1, 94794, 97871
2026/09/23 00:06:56.337, 2, 94811, 97871
2026/09/23 00:06:56.337, 3, 94793, 97871
2026/09/23 00:06:56.538, 0, 94785, 97871
2026/09/23 00:06:56.538, 1, 94794, 97871
2026/09/23 00:06:56.538, 2, 94811, 97871
2026/09/23 00:06:56.538, 3, 94793, 97871
2026/09/23 00:06:56.738, 0, 94785, 97871
2026/09/23 00:06:56.738, 1, 94794, 97871
2026/09/23 00:06:56.738, 2, 94811, 97871
2026/09/23 00:06:56.738, 3, 94793, 97871
2026/09/23 00:06:56.938, 0, 94785, 97871
2026/09/23 00:06:56.938, 1, 94794, 97871
2026/09/23 00:06:56.938, 2, 94811, 97871
2026/09/23 00:06:56.938, 3, 94793, 97871
2026/09/23 00:06:57.139, 0, 94785, 97871
2026/09/23 00:06:57.139, 1, 94794, 97871
2026/09/23 00:06:57.139, 2, 94811, 97871
2026/09/23 00:06:57.139, 3, 94793, 97871
2026/09/23 00:06:57.339, 0, 94785, 97871
2026/09/23 00:06:57.339, 1, 94794, 97871
2026/09/23 00:06:57.339, 2, 94811, 97871
2026/09/23 00:06:57.339, 3, 94793, 97871
2026/09/23 00:06:57.539, 0, 94785, 97871
2026/09/23 00:06:57.539, 1, 94794, 97871
2026/09/23 00:06:57.539, 2, 94811, 97871
2026/09/23 00:06:57.539, 3, 94793, 97871
2026/09/23 00:06:57.739, 0, 94785, 97871
2026/09/23 00:06:57.740, 1, 94794, 97871
2026/09/23 00:06:57.740, 2, 94811, 97871
2026/09/23 00:06:57.740, 3, 94793, 97871
2026/09/23 00:06:57.940, 0, 94785, 97871
2026/09/23 00:06:57.940, 1, 94794, 97871
2026/09/23 00:06:57.940, 2, 94811, 97871
2026/09/23 00:06:57.940, 3, 94793, 97871
2026/09/23 00:06:58.140, 0, 94785, 97871
2026/09/23 00:06:58.140, 1, 94794, 97871
2026/09/23 00:06:58.141, 2, 94811, 97871
2026/09/23 00:06:58.141, 3, 94793, 97871
2026/09/23 00:06:58.341, 0, 94785, 97871
2026/09/23 00:06:58.341, 1, 94794, 97871
2026/09/23 00:06:58.341, 2, 94811, 97871
2026/09/23 00:06:58.341, 3, 94793, 97871
2026/09/23 00:06:58.541, 0, 94785, 97871
2026/09/23 00:06:58.541, 1, 94794, 97871
2026/09/23 00:06:58.541, 2, 94811, 97871
2026/09/23 00:06:58.541, 3, 94793, 97871
2026/09/23 00:06:58.741, 0, 94785, 97871
2026/09/23 00:06:58.742, 1, 94794, 97871
2026/09/23 00:06:58.742, 2, 94811, 97871
2026/09/23 00:06:58.742, 3, 94793, 97871
2026/09/23 00:06:58.942, 0, 94785, 97871
2026/09/23 00:06:58.942, 1, 94794, 97871
2026/09/23 00:06:58.942, 2, 94811, 97871
2026/09/23 00:06:58.942, 3, 94793, 97871
2026/09/23 00:06:59.142, 0, 94785, 97871
2026/09/23 00:06:59.142, 1, 94794, 97871
2026/09/23 00:06:59.142, 2, 94811, 97871
2026/09/23 00:06:59.142, 3, 94793, 97871
2026/09/23 00:06:59.342, 0, 94785, 97871
2026/09/23 00:06:59.342, 1, 94794, 97871
2026/09/23 00:06:59.342, 2, 94811, 97871
2026/09/23 00:06:59.342, 3, 94793, 97871
2026/09/23 00:06:59.543, 0, 94785, 97871
2026/09/23 00:06:59.543, 1, 94794, 97871
2026/09/23 00:06:59.543, 2, 94811, 97871
2026/09/23 00:06:59.543, 3, 94793, 97871
2026/09/23 00:06:59.743, 0, 94785, 97871
2026/09/23 00:06:59.743, 1, 94794, 97871
2026/09/23 00:06:59.743, 2, 94811, 97871
2026/09/23 00:06:59.743, 3, 94793, 97871
2026/09/23 00:06:59.943, 0, 94785, 97871
2026/09/23 00:06:59.943, 1, 94794, 97871
2026/09/23 00:06:59.943, 2, 94811, 97871
2026/09/23 00:06:59.943, 3, 94793, 97871
2026/09/23 00:07:00.144, 0, 94785, 97871
2026/09/23 00:07:00.144, 1, 94794, 97871
2026/09/23 00:07:00.144, 2, 94811, 97871
2026/09/23 00:07:00.144, 3, 94793, 97871
2026/09/23 00:07:00.344, 0, 94785, 97871
2026/09/23 00:07:00.344, 1, 94794, 97871
2026/09/23 00:07:00.344, 2, 94811, 97871
2026/09/23 00:07:00.344, 3, 94793, 97871
2026/09/23 00:07:00.544, 0, 94785, 97871
2026/09/23 00:07:00.544, 1, 94794, 97871
2026/09/23 00:07:00.544, 2, 94811, 97871
2026/09/23 00:07:00.544, 3, 94793, 97871
2026/09/23 00:07:00.745, 0, 94785, 97871
2026/09/23 00:07:00.745, 1, 94794, 97871
2026/09/23 00:07:00.745, 2, 94811, 97871
2026/09/23 00:07:00.745, 3, 94793, 97871
2026/09/23 00:07:00.945, 0, 94785, 97871
2026/09/23 00:07:00.945, 1, 94794, 97871
2026/09/23 00:07:00.945, 2, 94811, 97871
2026/09/23 00:07:00.945, 3, 94793, 97871
2026/09/23 00:07:01.145, 0, 94785, 97871
2026/09/23 00:07:01.145, 1, 94794, 97871
2026/09/23 00:07:01.145, 2, 94811, 97871
2026/09/23 00:07:01.145, 3, 94793, 97871
2026/09/23 00:07:01.345, 0, 94785, 97871
2026/09/23 00:07:01.346, 1, 94794, 97871
2026/09/23 00:07:01.346, 2, 94811, 97871
2026/09/23 00:07:01.346, 3, 94793, 97871
2026/09/23 00:07:01.546, 0, 94785, 97871
2026/09/23 00:07:01.546, 1, 94794, 97871
2026/09/23 00:07:01.546, 2, 94811, 97871
2026/09/23 00:07:01.546, 3, 94793, 97871
2026/09/23 00:07:01.746, 0, 94785, 97871
2026/09/23 00:07:01.746, 1, 94794, 97871
2026/09/23 00:07:01.746, 2, 94811, 97871
2026/09/23 00:07:01.746, 3, 94793, 97871
2026/09/23 00:07:01.947, 0, 94785, 97871
2026/09/23 00:07:01.947, 1, 94794, 97871
2026/09/23 00:07:01.947, 2, 94811, 97871
2026/09/23 00:07:01.947, 3, 94793, 97871
2026/09/23 00:07:02.147, 0, 94785, 97871
2026/09/23 00:07:02.147, 1, 94794, 97871
2026/09/23 00:07:02.147, 2, 94811, 97871
2026/09/23 00:07:02.147, 3, 94793, 97871
2026/09/23 00:07:02.347, 0, 94785, 97871
2026/09/23 00:07:02.347, 1, 94794, 97871
2026/09/23 00:07:02.347, 2, 94811, 97871
2026/09/23 00:07:02.347, 3, 94793, 97871
2026/09/23 00:07:02.548, 0, 94785, 97871
2026/09/23 00:07:02.548, 1, 94794, 97871
2026/09/23 00:07:02.548, 2, 94811, 97871
2026/09/23 00:07:02.548, 3, 94793, 97871
2026/09/23 00:07:02.748, 0, 94785, 97871
2026/09/23 00:07:02.748, 1, 94794, 97871
2026/09/23 00:07:02.748, 2, 94811, 97871
2026/09/23 00:07:02.748, 3, 94793, 97871
2026/09/23 00:07:02.948, 0, 94785, 97871
2026/09/23 00:07:02.949, 1, 94794, 97871
2026/09/23 00:07:02.949, 2, 94811, 97871
2026/09/23 00:07:02.949, 3, 94793, 97871
2026/09/23 00:07:03.149, 0, 94785, 97871
2026/09/23 00:07:03.149, 1, 94794, 97871
2026/09/23 00:07:03.149, 2, 94811, 97871
2026/09/23 00:07:03.149, 3, 94793, 97871
2026/09/23 00:07:03.349, 0, 94785, 97871
2026/09/23 00:07:03.349, 1, 94794, 97871
2026/09/23 00:07:03.349, 2, 94811, 97871
2026/09/23 00:07:03.350, 3, 94793, 97871
2026/09/23 00:07:03.550, 0, 94785, 97871
2026/09/23 00:07:03.550, 1, 94794, 97871
2026/09/23 00:07:03.550, 2, 94811, 97871
2026/09/23 00:07:03.550, 3, 94793, 97871
2026/09/23 00:07:03.750, 0, 94785, 97871
2026/09/23 00:07:03.750, 1, 94794, 97871
2026/09/23 00:07:03.750, 2, 94811, 97871
2026/09/23 00:07:03.750, 3, 94793, 97871
2026/09/23 00:07:03.951, 0, 94785, 97871
2026/09/23 00:07:03.951, 1, 94794, 97871
2026/09/23 00:07:03.951, 2, 94811, 97871
2026/09/23 00:07:03.951, 3, 94793, 97871
2026/09/23 00:07:04.151, 0, 94785, 97871
2026/09/23 00:07:04.151, 1, 94794, 97871
2026/09/23 00:07:04.151, 2, 94811, 97871
2026/09/23 00:07:04.151, 3, 94793, 97871
2026/09/23 00:07:04.351, 0, 94785, 97871
2026/09/23 00:07:04.352, 1, 94794, 97871
2026/09/23 00:07:04.352, 2, 94811, 97871
2026/09/23 00:07:04.352, 3, 94793, 97871
2026/09/23 00:07:04.552, 0, 94785, 97871
2026/09/23 00:07:04.552, 1, 94794, 97871
2026/09/23 00:07:04.552, 2, 94811, 97871
2026/09/23 00:07:04.552, 3, 94793, 97871
2026/09/23 00:07:04.752, 0, 94785, 97871
2026/09/23 00:07:04.752, 1, 94794, 97871
2026/09/23 00:07:04.752, 2, 94811, 97871
2026/09/23 00:07:04.752, 3, 94793, 97871
2026/09/23 00:07:04.953, 0, 94785, 97871
2026/09/23 00:07:04.953, 1, 94794, 97871
2026/09/23 00:07:04.953, 2, 94811, 97871
2026/09/23 00:07:04.953, 3, 94793, 97871
2026/09/23 00:07:05.153, 0, 94785, 97871
2026/09/23 00:07:05.153, 1, 94794, 97871
2026/09/23 00:07:05.153, 2, 94811, 97871
2026/09/23 00:07:05.153, 3, 94793, 97871
2026/09/23 00:07:05.353, 0, 94785, 97871
2026/09/23 00:07:05.354, 1, 94794, 97871
2026/09/23 00:07:05.354, 2, 94811, 97871
2026/09/23 00:07:05.354, 3, 94793, 97871
2026/09/23 00:07:05.554, 0, 94785, 97871
2026/09/23 00:07:05.554, 1, 94794, 97871
2026/09/23 00:07:05.554, 2, 94811, 97871
2026/09/23 00:07:05.554, 3, 94793, 97871
2026/09/23 00:07:05.754, 0, 94785, 97871
2026/09/23 00:07:05.754, 1, 94794, 97871
2026/09/23 00:07:05.755, 2, 94811, 97871
2026/09/23 00:07:05.755, 3, 94793, 97871
2026/09/23 00:07:05.955, 0, 94785, 97871
2026/09/23 00:07:05.955, 1, 94794, 97871
2026/09/23 00:07:05.955, 2, 94811, 97871
2026/09/23 00:07:05.955, 3, 94793, 97871
2026/09/23 00:07:06.155, 0, 94785, 97871
2026/09/23 00:07:06.155, 1, 94794, 97871
2026/09/23 00:07:06.155, 2, 94811, 97871
2026/09/23 00:07:06.155, 3, 94793, 97871
2026/09/23 00:07:06.355, 0, 94785, 97871
2026/09/23 00:07:06.356, 1, 94794, 97871
2026/09/23 00:07:06.356, 2, 94811, 97871
2026/09/23 00:07:06.356, 3, 94793, 97871
2026/09/23 00:07:06.556, 0, 94785, 97871
2026/09/23 00:07:06.556, 1, 94794, 97871
2026/09/23 00:07:06.556, 2, 94811, 97871
2026/09/23 00:07:06.556, 3, 94793, 97871
2026/09/23 00:07:06.756, 0, 94785, 97871
2026/09/23 00:07:06.757, 1, 94794, 97871
2026/09/23 00:07:06.757, 2, 94811, 97871
2026/09/23 00:07:06.757, 3, 94793, 97871
2026/09/23 00:07:06.957, 0, 94785, 97871
2026/09/23 00:07:06.957, 1, 94794, 97871
2026/09/23 00:07:06.957, 2, 94811, 97871
2026/09/23 00:07:06.957, 3, 94793, 97871
2026/09/23 00:07:07.157, 0, 94785, 97871
2026/09/23 00:07:07.157, 1, 94794, 97871
2026/09/23 00:07:07.157, 2, 94811, 97871
2026/09/23 00:07:07.157, 3, 94793, 97871
2026/09/23 00:07:07.358, 0, 94785, 97871
2026/09/23 00:07:07.358, 1, 94794, 97871
2026/09/23 00:07:07.358, 2, 94811, 97871
2026/09/23 00:07:07.358, 3, 94793, 97871
2026/09/23 00:07:07.558, 0, 94785, 97871
2026/09/23 00:07:07.558, 1, 94794, 97871
2026/09/23 00:07:07.558, 2, 94811, 97871
2026/09/23 00:07:07.558, 3, 94793, 97871
2026/09/23 00:07:07.758, 0, 94785, 97871
2026/09/23 00:07:07.758, 1, 94794, 97871
2026/09/23 00:07:07.758, 2, 94811, 97871
2026/09/23 00:07:07.759, 3, 94793, 97871
2026/09/23 00:07:07.959, 0, 94785, 97871
2026/09/23 00:07:07.959, 1, 94794, 97871
2026/09/23 00:07:07.959, 2, 94811, 97871
2026/09/23 00:07:07.959, 3, 94793, 97871
2026/09/23 00:07:08.159, 0, 94785, 97871
2026/09/23 00:07:08.159, 1, 94794, 97871
2026/09/23 00:07:08.159, 2, 94811, 97871
2026/09/23 00:07:08.159, 3, 94793, 97871
2026/09/23 00:07:08.360, 0, 94785, 97871
2026/09/23 00:07:08.360, 1, 94794, 97871
2026/09/23 00:07:08.360, 2, 94811, 97871
2026/09/23 00:07:08.360, 3, 94793, 97871
2026/09/23 00:07:08.560, 0, 94785, 97871
2026/09/23 00:07:08.560, 1, 94794, 97871
2026/09/23 00:07:08.560, 2, 94811, 97871
2026/09/23 00:07:08.560, 3, 94793, 97871
2026/09/23 00:07:08.760, 0, 94785, 97871
2026/09/23 00:07:08.761, 1, 94794, 97871
2026/09/23 00:07:08.761, 2, 94811, 97871
2026/09/23 00:07:08.761, 3, 94793, 97871
2026/09/23 00:07:08.961, 0, 94785, 97871
2026/09/23 00:07:08.961, 1, 94794, 97871
2026/09/23 00:07:08.961, 2, 94811, 97871
2026/09/23 00:07:08.961, 3, 94793, 97871
2026/09/23 00:07:09.161, 0, 94785, 97871
2026/09/23 00:07:09.162, 1, 94794, 97871
2026/09/23 00:07:09.162, 2, 94811, 97871
2026/09/23 00:07:09.162, 3, 94793, 97871
2026/09/23 00:07:09.362, 0, 94785, 97871
2026/09/23 00:07:09.362, 1, 94794, 97871
2026/09/23 00:07:09.362, 2, 94811, 97871
2026/09/23 00:07:09.362, 3, 94793, 97871
2026/09/23 00:07:09.562, 0, 94785, 97871
2026/09/23 00:07:09.563, 1, 94794, 97871
2026/09/23 00:07:09.563, 2, 94811, 97871
2026/09/23 00:07:09.563, 3, 94793, 97871
2026/09/23 00:07:09.763, 0, 94785, 97871
2026/09/23 00:07:09.763, 1, 94794, 97871
2026/09/23 00:07:09.763, 2, 94811, 97871
2026/09/23 00:07:09.763, 3, 94793, 97871
2026/09/23 00:07:09.963, 0, 94785, 97871
2026/09/23 00:07:09.963, 1, 94794, 97871
2026/09/23 00:07:09.963, 2, 94811, 97871
2026/09/23 00:07:09.963, 3, 94793, 97871
2026/09/23 00:07:10.164, 0, 94785, 97871
2026/09/23 00:07:10.164, 1, 94794, 97871
2026/09/23 00:07:10.164, 2, 94811, 97871
2026/09/23 00:07:10.164, 3, 94793, 97871
2026/09/23 00:07:10.364, 0, 94785, 97871
2026/09/23 00:07:10.364, 1, 94794, 97871
2026/09/23 00:07:10.364, 2, 94811, 97871
2026/09/23 00:07:10.364, 3, 94793, 97871
2026/09/23 00:07:10.564, 0, 94785, 97871
2026/09/23 00:07:10.565, 1, 94794, 97871
2026/09/23 00:07:10.565, 2, 94811, 97871
2026/09/23 00:07:10.565, 3, 94793, 97871
2026/09/23 00:07:10.765, 0, 94785, 97871
2026/09/23 00:07:10.765, 1, 94794, 97871
2026/09/23 00:07:10.765, 2, 94811, 97871
2026/09/23 00:07:10.765, 3, 94793, 97871
2026/09/23 00:07:10.965, 0, 94785, 97871
2026/09/23 00:07:10.965, 1, 94794, 97871
2026/09/23 00:07:10.965, 2, 94811, 97871
2026/09/23 00:07:10.966, 3, 94793, 97871
2026/09/23 00:07:11.166, 0, 94785, 97871
2026/09/23 00:07:11.166, 1, 94794, 97871
2026/09/23 00:07:11.166, 2, 94811, 97871
2026/09/23 00:07:11.166, 3, 94793, 97871
2026/09/23 00:07:11.366, 0, 94785, 97871
2026/09/23 00:07:11.366, 1, 94794, 97871
2026/09/23 00:07:11.366, 2, 94811, 97871
2026/09/23 00:07:11.366, 3, 94793, 97871
2026/09/23 00:07:11.566, 0, 94785, 97871
2026/09/23 00:07:11.567, 1, 94794, 97871
2026/09/23 00:07:11.567, 2, 94811, 97871
2026/09/23 00:07:11.567, 3, 94793, 97871
2026/09/23 00:07:11.767, 0, 94785, 97871
2026/09/23 00:07:11.767, 1, 94794, 97871
2026/09/23 00:07:11.767, 2, 94811, 97871
2026/09/23 00:07:11.767, 3, 94793, 97871
2026/09/23 00:07:11.967, 0, 94785, 97871
2026/09/23 00:07:11.967, 1, 94794, 97871
2026/09/23 00:07:11.967, 2, 94811, 97871
2026/09/23 00:07:11.967, 3, 94793, 97871
2026/09/23 00:07:12.168, 0, 94785, 97871
2026/09/23 00:07:12.168, 1, 94794, 97871
2026/09/23 00:07:12.168, 2, 94811, 97871
2026/09/23 00:07:12.168, 3, 94793, 97871
2026/09/23 00:07:12.368, 0, 94785, 97871
2026/09/23 00:07:12.368, 1, 94794, 97871
2026/09/23 00:07:12.368, 2, 94811, 97871
2026/09/23 00:07:12.368, 3, 94793, 97871
2026/09/23 00:07:12.568, 0, 94785, 97871
2026/09/23 00:07:12.568, 1, 94794, 97871
2026/09/23 00:07:12.569, 2, 94811, 97871
2026/09/23 00:07:12.569, 3, 94793, 97871
2026/09/23 00:07:12.769, 0, 94785, 97871
2026/09/23 00:07:12.769, 1, 94794, 97871
2026/09/23 00:07:12.769, 2, 94811, 97871
2026/09/23 00:07:12.769, 3, 94793, 97871
2026/09/23 00:07:12.969, 0, 94785, 97871
2026/09/23 00:07:12.969, 1, 94794, 97871
2026/09/23 00:07:12.969, 2, 94811, 97871
2026/09/23 00:07:12.969, 3, 94793, 97871
2026/09/23 00:07:13.170, 0, 94785, 97871
2026/09/23 00:07:13.170, 1, 94794, 97871
2026/09/23 00:07:13.170, 2, 94811, 97871
2026/09/23 00:07:13.170, 3, 94793, 97871
2026/09/23 00:07:13.370, 0, 94785, 97871
2026/09/23 00:07:13.370, 1, 94794, 97871
2026/09/23 00:07:13.370, 2, 94811, 97871
2026/09/23 00:07:13.370, 3, 94793, 97871
2026/09/23 00:07:13.570, 0, 94785, 97871
2026/09/23 00:07:13.570, 1, 94794, 97871
2026/09/23 00:07:13.570, 2, 94811, 97871
2026/09/23 00:07:13.571, 3, 94793, 97871
2026/09/23 00:07:13.771, 0, 94785, 97871
2026/09/23 00:07:13.771, 1, 94794, 97871
2026/09/23 00:07:13.771, 2, 94811, 97871
2026/09/23 00:07:13.771, 3, 94793, 97871
2026/09/23 00:07:13.971, 0, 94785, 97871
2026/09/23 00:07:13.971, 1, 94794, 97871
2026/09/23 00:07:13.971, 2, 94811, 97871
2026/09/23 00:07:13.971, 3, 94793, 97871
2026/09/23 00:07:14.172, 0, 94785, 97871
2026/09/23 00:07:14.172, 1, 94794, 97871
2026/09/23 00:07:14.172, 2, 94811, 97871
2026/09/23 00:07:14.172, 3, 94793, 97871
2026/09/23 00:07:14.372, 0, 94785, 97871
2026/09/23 00:07:14.372, 1, 94794, 97871
2026/09/23 00:07:14.372, 2, 94811, 97871
2026/09/23 00:07:14.372, 3, 94793, 97871
2026/09/23 00:07:14.572, 0, 94785, 97871
2026/09/23 00:07:14.572, 1, 94794, 97871
2026/09/23 00:07:14.573, 2, 94811, 97871
2026/09/23 00:07:14.573, 3, 94793, 97871
2026/09/23 00:07:14.773, 0, 94785, 97871
2026/09/23 00:07:14.773, 1, 94794, 97871
2026/09/23 00:07:14.773, 2, 94811, 97871
2026/09/23 00:07:14.773, 3, 94793, 97871
2026/09/23 00:07:14.973, 0, 94785, 97871
2026/09/23 00:07:14.973, 1, 94794, 97871
2026/09/23 00:07:14.973, 2, 94811, 97871
2026/09/23 00:07:14.973, 3, 94793, 97871
2026/09/23 00:07:15.174, 0, 94785, 97871
2026/09/23 00:07:15.174, 1, 94794, 97871
2026/09/23 00:07:15.174, 2, 94811, 97871
2026/09/23 00:07:15.174, 3, 94793, 97871
2026/09/23 00:07:15.374, 0, 94785, 97871
2026/09/23 00:07:15.374, 1, 94794, 97871
2026/09/23 00:07:15.374, 2, 94811, 97871
2026/09/23 00:07:15.374, 3, 94793, 97871
2026/09/23 00:07:15.574, 0, 94785, 97871
2026/09/23 00:07:15.574, 1, 94794, 97871
2026/09/23 00:07:15.574, 2, 94811, 97871
2026/09/23 00:07:15.575, 3, 94793, 97871
2026/09/23 00:07:15.775, 0, 94785, 97871
2026/09/23 00:07:15.775, 1, 94794, 97871
2026/09/23 00:07:15.775, 2, 94811, 97871
2026/09/23 00:07:15.775, 3, 94793, 97871
2026/09/23 00:07:15.975, 0, 94785, 97871
2026/09/23 00:07:15.975, 1, 94794, 97871
2026/09/23 00:07:15.975, 2, 94811, 97871
2026/09/23 00:07:15.975, 3, 94793, 97871
2026/09/23 00:07:16.176, 0, 94785, 97871
2026/09/23 00:07:16.176, 1, 94794, 97871
2026/09/23 00:07:16.176, 2, 94811, 97871
2026/09/23 00:07:16.176, 3, 94793, 97871
2026/09/23 00:07:16.376, 0, 94785, 97871
2026/09/23 00:07:16.376, 1, 94794, 97871
2026/09/23 00:07:16.376, 2, 94811, 97871
2026/09/23 00:07:16.376, 3, 94793, 97871
2026/09/23 00:07:16.576, 0, 94785, 97871
2026/09/23 00:07:16.577, 1, 94794, 97871
2026/09/23 00:07:16.577, 2, 94811, 97871
2026/09/23 00:07:16.577, 3, 94793, 97871
2026/09/23 00:07:16.777, 0, 94785, 97871
2026/09/23 00:07:16.777, 1, 94794, 97871
2026/09/23 00:07:16.777, 2, 94811, 97871
2026/09/23 00:07:16.777, 3, 94793, 97871
2026/09/23 00:07:16.977, 0, 94785, 97871
2026/09/23 00:07:16.977, 1, 94794, 97871
2026/09/23 00:07:16.977, 2, 94811, 97871
2026/09/23 00:07:16.978, 3, 94793, 97871
2026/09/23 00:07:17.178, 0, 94785, 97871
2026/09/23 00:07:17.178, 1, 94794, 97871
2026/09/23 00:07:17.178, 2, 94811, 97871
2026/09/23 00:07:17.178, 3, 94793, 97871
2026/09/23 00:07:17.378, 0, 94785, 97871
2026/09/23 00:07:17.378, 1, 94794, 97871
2026/09/23 00:07:17.378, 2, 94811, 97871
2026/09/23 00:07:17.378, 3, 94793, 97871
2026/09/23 00:07:17.579, 0, 94785, 97871
2026/09/23 00:07:17.579, 1, 94794, 97871
2026/09/23 00:07:17.579, 2, 94811, 97871
2026/09/23 00:07:17.579, 3, 94793, 97871
2026/09/23 00:07:17.779, 0, 94785, 97871
2026/09/23 00:07:17.779, 1, 94794, 97871
2026/09/23 00:07:17.779, 2, 94811, 97871
2026/09/23 00:07:17.779, 3, 94793, 97871
2026/09/23 00:07:17.979, 0, 94785, 97871
2026/09/23 00:07:17.980, 1, 94794, 97871
2026/09/23 00:07:17.980, 2, 94811, 97871
2026/09/23 00:07:17.980, 3, 94793, 97871
2026/09/23 00:07:18.180, 0, 94785, 97871
2026/09/23 00:07:18.180, 1, 94794, 97871
2026/09/23 00:07:18.180, 2, 94811, 97871
2026/09/23 00:07:18.180, 3, 94793, 97871
2026/09/23 00:07:18.380, 0, 94785, 97871
2026/09/23 00:07:18.380, 1, 94794, 97871
2026/09/23 00:07:18.381, 2, 94811, 97871
2026/09/23 00:07:18.381, 3, 94793, 97871
2026/09/23 00:07:18.581, 0, 94785, 97871
2026/09/23 00:07:18.581, 1, 94794, 97871
2026/09/23 00:07:18.581, 2, 94811, 97871
2026/09/23 00:07:18.581, 3, 94793, 97871
2026/09/23 00:07:18.781, 0, 94785, 97871
2026/09/23 00:07:18.781, 1, 94794, 97871
2026/09/23 00:07:18.781, 2, 94811, 97871
2026/09/23 00:07:18.781, 3, 94793, 97871
2026/09/23 00:07:18.982, 0, 94785, 97871
2026/09/23 00:07:18.982, 1, 94794, 97871
2026/09/23 00:07:18.982, 2, 94811, 97871
2026/09/23 00:07:18.982, 3, 94793, 97871
2026/09/23 00:07:19.182, 0, 94785, 97871
2026/09/23 00:07:19.182, 1, 94794, 97871
2026/09/23 00:07:19.182, 2, 94811, 97871
2026/09/23 00:07:19.182, 3, 94793, 97871
2026/09/23 00:07:19.382, 0, 94785, 97871
2026/09/23 00:07:19.383, 1, 94794, 97871
2026/09/23 00:07:19.383, 2, 94811, 97871
2026/09/23 00:07:19.383, 3, 94793, 97871
2026/09/23 00:07:19.583, 0, 94785, 97871
2026/09/23 00:07:19.583, 1, 94794, 97871
2026/09/23 00:07:19.583, 2, 94811, 97871
2026/09/23 00:07:19.583, 3, 94793, 97871
2026/09/23 00:07:19.783, 0, 94785, 97871
2026/09/23 00:07:19.783, 1, 94794, 97871
2026/09/23 00:07:19.783, 2, 94811, 97871
2026/09/23 00:07:19.784, 3, 94793, 97871
2026/09/23 00:07:19.984, 0, 94785, 97871
2026/09/23 00:07:19.984, 1, 94794, 97871
2026/09/23 00:07:19.984, 2, 94811, 97871
2026/09/23 00:07:19.984, 3, 94793, 97871
2026/09/23 00:07:20.184, 0, 94785, 97871
2026/09/23 00:07:20.184, 1, 94794, 97871
2026/09/23 00:07:20.185, 2, 94811, 97871
2026/09/23 00:07:20.185, 3, 94793, 97871
2026/09/23 00:07:20.385, 0, 94785, 97871
2026/09/23 00:07:20.385, 1, 94794, 97871
2026/09/23 00:07:20.385, 2, 94811, 97871
2026/09/23 00:07:20.385, 3, 94793, 97871
2026/09/23 00:07:20.585, 0, 94785, 97871
2026/09/23 00:07:20.585, 1, 94794, 97871
2026/09/23 00:07:20.586, 2, 94811, 97871
2026/09/23 00:07:20.586, 3, 94793, 97871
2026/09/23 00:07:20.786, 0, 94785, 97871
2026/09/23 00:07:20.786, 1, 94794, 97871
2026/09/23 00:07:20.786, 2, 94811, 97871
2026/09/23 00:07:20.786, 3, 94793, 97871
2026/09/23 00:07:20.986, 0, 94785, 97871
2026/09/23 00:07:20.986, 1, 94794, 97871
2026/09/23 00:07:20.986, 2, 94811, 97871
2026/09/23 00:07:20.987, 3, 94793, 97871
2026/09/23 00:07:21.187, 0, 94785, 97871
2026/09/23 00:07:21.187, 1, 94794, 97871
2026/09/23 00:07:21.187, 2, 94811, 97871
2026/09/23 00:07:21.187, 3, 94793, 97871
2026/09/23 00:07:21.387, 0, 94785, 97871
2026/09/23 00:07:21.387, 1, 94794, 97871
2026/09/23 00:07:21.387, 2, 94811, 97871
2026/09/23 00:07:21.387, 3, 94793, 97871
2026/09/23 00:07:21.587, 0, 94785, 97871
2026/09/23 00:07:21.588, 1, 94794, 97871
2026/09/23 00:07:21.588, 2, 94811, 97871
2026/09/23 00:07:21.588, 3, 94793, 97871
2026/09/23 00:07:21.788, 0, 94785, 97871
2026/09/23 00:07:21.788, 1, 94794, 97871
2026/09/23 00:07:21.788, 2, 94811, 97871
2026/09/23 00:07:21.788, 3, 94793, 97871
2026/09/23 00:07:21.988, 0, 94785, 97871
2026/09/23 00:07:21.989, 1, 94794, 97871
2026/09/23 00:07:21.989, 2, 94811, 97871
2026/09/23 00:07:21.989, 3, 94793, 97871
2026/09/23 00:07:22.189, 0, 94785, 97871
2026/09/23 00:07:22.189, 1, 94794, 97871
2026/09/23 00:07:22.189, 2, 94811, 97871
2026/09/23 00:07:22.189, 3, 94793, 97871
2026/09/23 00:07:22.389, 0, 94785, 97871
2026/09/23 00:07:22.389, 1, 94794, 97871
2026/09/23 00:07:22.389, 2, 94811, 97871
2026/09/23 00:07:22.390, 3, 94793, 97871
2026/09/23 00:07:22.590, 0, 94785, 97871
2026/09/23 00:07:22.590, 1, 94794, 97871
2026/09/23 00:07:22.590, 2, 94811, 97871
2026/09/23 00:07:22.590, 3, 94793, 97871
2026/09/23 00:07:22.790, 0, 94785, 97871
2026/09/23 00:07:22.790, 1, 94794, 97871
2026/09/23 00:07:22.790, 2, 94811, 97871
2026/09/23 00:07:22.790, 3, 94793, 97871
2026/09/23 00:07:22.991, 0, 94785, 97871
2026/09/23 00:07:22.991, 1, 94794, 97871
2026/09/23 00:07:22.991, 2, 94811, 97871
2026/09/23 00:07:22.991, 3, 94793, 97871
2026/09/23 00:07:23.191, 0, 94785, 97871
2026/09/23 00:07:23.191, 1, 94794, 97871
2026/09/23 00:07:23.191, 2, 94811, 97871
2026/09/23 00:07:23.191, 3, 94793, 97871
2026/09/23 00:07:23.391, 0, 94785, 97871
2026/09/23 00:07:23.391, 1, 94794, 97871
2026/09/23 00:07:23.392, 2, 94811, 97871
2026/09/23 00:07:23.392, 3, 94793, 97871
2026/09/23 00:07:23.592, 0, 94785, 97871
2026/09/23 00:07:23.592, 1, 94794, 97871
2026/09/23 00:07:23.592, 2, 94811, 97871
2026/09/23 00:07:23.592, 3, 94793, 97871
2026/09/23 00:07:23.792, 0, 94785, 97871
2026/09/23 00:07:23.792, 1, 94794, 97871
2026/09/23 00:07:23.792, 2, 94811, 97871
2026/09/23 00:07:23.792, 3, 94793, 97871
2026/09/23 00:07:23.993, 0, 94785, 97871
2026/09/23 00:07:23.993, 1, 94794, 97871
2026/09/23 00:07:23.993, 2, 94811, 97871
2026/09/23 00:07:23.993, 3, 94793, 97871
2026/09/23 00:07:24.193, 0, 94785, 97871
2026/09/23 00:07:24.193, 1, 94794, 97871
2026/09/23 00:07:24.193, 2, 94811, 97871
2026/09/23 00:07:24.193, 3, 94793, 97871
2026/09/23 00:07:24.393, 0, 94785, 97871
2026/09/23 00:07:24.393, 1, 94794, 97871
2026/09/23 00:07:24.393, 2, 94811, 97871
2026/09/23 00:07:24.393, 3, 94793, 97871
2026/09/23 00:07:24.594, 0, 94785, 97871
2026/09/23 00:07:24.594, 1, 94794, 97871
2026/09/23 00:07:24.594, 2, 94811, 97871
2026/09/23 00:07:24.594, 3, 94793, 97871
2026/09/23 00:07:24.794, 0, 94785, 97871
2026/09/23 00:07:24.794, 1, 94794, 97871
2026/09/23 00:07:24.794, 2, 94811, 97871
2026/09/23 00:07:24.794, 3, 94793, 97871
2026/09/23 00:07:24.994, 0, 94785, 97871
2026/09/23 00:07:24.995, 1, 94794, 97871
2026/09/23 00:07:24.995, 2, 94811, 97871
2026/09/23 00:07:24.995, 3, 94793, 97871
2026/09/23 00:07:25.195, 0, 94785, 97871
2026/09/23 00:07:25.195, 1, 94794, 97871
2026/09/23 00:07:25.195, 2, 94811, 97871
2026/09/23 00:07:25.195, 3, 94793, 97871
2026/09/23 00:07:25.395, 0, 94785, 97871
2026/09/23 00:07:25.395, 1, 94794, 97871
2026/09/23 00:07:25.396, 2, 94811, 97871
2026/09/23 00:07:25.396, 3, 94793, 97871
2026/09/23 00:07:25.596, 0, 94785, 97871
2026/09/23 00:07:25.596, 1, 94794, 97871
2026/09/23 00:07:25.596, 2, 94811, 97871
2026/09/23 00:07:25.596, 3, 94793, 97871
2026/09/23 00:07:25.796, 0, 94785, 97871
2026/09/23 00:07:25.796, 1, 94794, 97871
2026/09/23 00:07:25.796, 2, 94811, 97871
2026/09/23 00:07:25.796, 3, 94793, 97871
2026/09/23 00:07:25.996, 0, 94785, 97871
2026/09/23 00:07:25.997, 1, 94794, 97871
2026/09/23 00:07:25.997, 2, 94811, 97871
2026/09/23 00:07:25.997, 3, 94793, 97871
2026/09/23 00:07:26.197, 0, 94785, 97871
2026/09/23 00:07:26.197, 1, 94794, 97871
2026/09/23 00:07:26.197, 2, 94811, 97871
2026/09/23 00:07:26.197, 3, 94793, 97871
2026/09/23 00:07:26.397, 0, 94785, 97871
2026/09/23 00:07:26.397, 1, 94794, 97871
2026/09/23 00:07:26.397, 2, 94811, 97871
2026/09/23 00:07:26.397, 3, 94793, 97871
2026/09/23 00:07:26.597, 0, 94785, 97871
2026/09/23 00:07:26.597, 1, 94794, 97871
2026/09/23 00:07:26.597, 2, 94811, 97871
2026/09/23 00:07:26.597, 3, 94793, 97871
2026/09/23 00:07:26.797, 0, 94785, 97871
2026/09/23 00:07:26.798, 1, 94794, 97871
2026/09/23 00:07:26.798, 2, 94811, 97871
2026/09/23 00:07:26.798, 3, 94793, 97871
2026/09/23 00:07:26.998, 0, 94785, 97871
2026/09/23 00:07:26.998, 1, 94794, 97871
2026/09/23 00:07:26.998, 2, 94811, 97871
2026/09/23 00:07:26.998, 3, 94793, 97871
2026/09/23 00:07:27.198, 0, 94785, 97871
2026/09/23 00:07:27.198, 1, 94794, 97871
2026/09/23 00:07:27.198, 2, 94811, 97871
2026/09/23 00:07:27.198, 3, 94793, 97871
2026/09/23 00:07:27.398, 0, 94785, 97871
2026/09/23 00:07:27.398, 1, 94794, 97871
2026/09/23 00:07:27.399, 2, 94811, 97871
2026/09/23 00:07:27.399, 3, 94793, 97871
2026/09/23 00:07:27.599, 0, 94785, 97871
2026/09/23 00:07:27.599, 1, 94794, 97871
2026/09/23 00:07:27.599, 2, 94811, 97871
2026/09/23 00:07:27.599, 3, 94793, 97871
2026/09/23 00:07:27.799, 0, 94785, 97871
2026/09/23 00:07:27.799, 1, 94794, 97871
2026/09/23 00:07:27.799, 2, 94811, 97871
2026/09/23 00:07:27.799, 3, 94793, 97871
2026/09/23 00:07:27.999, 0, 94785, 97871
2026/09/23 00:07:27.999, 1, 94794, 97871
2026/09/23 00:07:28.000, 2, 94811, 97871
2026/09/23 00:07:28.000, 3, 94793, 97871
2026/09/23 00:07:28.200, 0, 94785, 97871
2026/09/23 00:07:28.200, 1, 94794, 97871
2026/09/23 00:07:28.200, 2, 94811, 97871
2026/09/23 00:07:28.200, 3, 94793, 97871
2026/09/23 00:07:28.400, 0, 94785, 97871
2026/09/23 00:07:28.400, 1, 94794, 97871
2026/09/23 00:07:28.400, 2, 94811, 97871
2026/09/23 00:07:28.400, 3, 94793, 97871
2026/09/23 00:07:28.600, 0, 94785, 97871
2026/09/23 00:07:28.600, 1, 94794, 97871
2026/09/23 00:07:28.601, 2, 94811, 97871
2026/09/23 00:07:28.601, 3, 94793, 97871
2026/09/23 00:07:28.801, 0, 94785, 97871
2026/09/23 00:07:28.801, 1, 94794, 97871
2026/09/23 00:07:28.801, 2, 94811, 97871
2026/09/23 00:07:28.801, 3, 94793, 97871
2026/09/23 00:07:29.001, 0, 94785, 97871
2026/09/23 00:07:29.001, 1, 94794, 97871
2026/09/23 00:07:29.001, 2, 94811, 97871
2026/09/23 00:07:29.001, 3, 94793, 97871
2026/09/23 00:07:29.202, 0, 94785, 97871
2026/09/23 00:07:29.202, 1, 94794, 97871
2026/09/23 00:07:29.202, 2, 94811, 97871
2026/09/23 00:07:29.202, 3, 94793, 97871
2026/09/23 00:07:29.402, 0, 94785, 97871
2026/09/23 00:07:29.402, 1, 94794, 97871
2026/09/23 00:07:29.402, 2, 94811, 97871
2026/09/23 00:07:29.402, 3, 94793, 97871
2026/09/23 00:07:29.602, 0, 94785, 97871
2026/09/23 00:07:29.602, 1, 94794, 97871
2026/09/23 00:07:29.602, 2, 94811, 97871
2026/09/23 00:07:29.602, 3, 94793, 97871
2026/09/23 00:07:29.803, 0, 94785, 97871
2026/09/23 00:07:29.803, 1, 94794, 97871
2026/09/23 00:07:29.803, 2, 94811, 97871
2026/09/23 00:07:29.803, 3, 94793, 97871
2026/09/23 00:07:30.003, 0, 94785, 97871
2026/09/23 00:07:30.003, 1, 94794, 97871
2026/09/23 00:07:30.003, 2, 94811, 97871
2026/09/23 00:07:30.003, 3, 94793, 97871
2026/09/23 00:07:30.203, 0, 94785, 97871
2026/09/23 00:07:30.203, 1, 94794, 97871
2026/09/23 00:07:30.203, 2, 94811, 97871
2026/09/23 00:07:30.203, 3, 94793, 97871
2026/09/23 00:07:30.403, 0, 94785, 97871
2026/09/23 00:07:30.404, 1, 94794, 97871
2026/09/23 00:07:30.404, 2, 94811, 97871
2026/09/23 00:07:30.404, 3, 94793, 97871
2026/09/23 00:07:30.604, 0, 94785, 97871
2026/09/23 00:07:30.604, 1, 94794, 97871
2026/09/23 00:07:30.604, 2, 94811, 97871
2026/09/23 00:07:30.604, 3, 94793, 97871
2026/09/23 00:07:30.804, 0, 94785, 97871
2026/09/23 00:07:30.804, 1, 94794, 97871
2026/09/23 00:07:30.804, 2, 94811, 97871
2026/09/23 00:07:30.804, 3, 94793, 97871
2026/09/23 00:07:31.004, 0, 94785, 97871
2026/09/23 00:07:31.005, 1, 94794, 97871
2026/09/23 00:07:31.005, 2, 94811, 97871
2026/09/23 00:07:31.005, 3, 94793, 97871
2026/09/23 00:07:31.205, 0, 94785, 97871
2026/09/23 00:07:31.205, 1, 94794, 97871
2026/09/23 00:07:31.205, 2, 94811, 97871
2026/09/23 00:07:31.205, 3, 94793, 97871
2026/09/23 00:07:31.405, 0, 94785, 97871
2026/09/23 00:07:31.405, 1, 94794, 97871
2026/09/23 00:07:31.405, 2, 94811, 97871
2026/09/23 00:07:31.405, 3, 94793, 97871
2026/09/23 00:07:31.605, 0, 94785, 97871
2026/09/23 00:07:31.606, 1, 94794, 97871
2026/09/23 00:07:31.606, 2, 94811, 97871
2026/09/23 00:07:31.606, 3, 94793, 97871
2026/09/23 00:07:31.806, 0, 94785, 97871
2026/09/23 00:07:31.806, 1, 94794, 97871
2026/09/23 00:07:31.806, 2, 94811, 97871
2026/09/23 00:07:31.806, 3, 94793, 97871
2026/09/23 00:07:32.006, 0, 94785, 97871
2026/09/23 00:07:32.006, 1, 94794, 97871
2026/09/23 00:07:32.006, 2, 94811, 97871
2026/09/23 00:07:32.006, 3, 94793, 97871
2026/09/23 00:07:32.207, 0, 94785, 97871
2026/09/23 00:07:32.207, 1, 94794, 97871
2026/09/23 00:07:32.207, 2, 94811, 97871
2026/09/23 00:07:32.207, 3, 94793, 97871
2026/09/23 00:07:32.407, 0, 94785, 97871
2026/09/23 00:07:32.407, 1, 94794, 97871
2026/09/23 00:07:32.407, 2, 94811, 97871
2026/09/23 00:07:32.407, 3, 94793, 97871
2026/09/23 00:07:32.607, 0, 94785, 97871
2026/09/23 00:07:32.607, 1, 94794, 97871
2026/09/23 00:07:32.607, 2, 94811, 97871
2026/09/23 00:07:32.607, 3, 94793, 97871
2026/09/23 00:07:32.807, 0, 94785, 97871
2026/09/23 00:07:32.807, 1, 94794, 97871
2026/09/23 00:07:32.808, 2, 94811, 97871
2026/09/23 00:07:32.808, 3, 94793, 97871
2026/09/23 00:07:33.008, 0, 94785, 97871
2026/09/23 00:07:33.008, 1, 94794, 97871
2026/09/23 00:07:33.008, 2, 94811, 97871
2026/09/23 00:07:33.008, 3, 94793, 97871
2026/09/23 00:07:33.208, 0, 94785, 97871
2026/09/23 00:07:33.208, 1, 94794, 97871
2026/09/23 00:07:33.208, 2, 94811, 97871
2026/09/23 00:07:33.208, 3, 94793, 97871
2026/09/23 00:07:33.408, 0, 94785, 97871
2026/09/23 00:07:33.408, 1, 94794, 97871
2026/09/23 00:07:33.408, 2, 94811, 97871
2026/09/23 00:07:33.409, 3, 94793, 97871
2026/09/23 00:07:33.609, 0, 94785, 97871
2026/09/23 00:07:33.609, 1, 94794, 97871
2026/09/23 00:07:33.609, 2, 94811, 97871
2026/09/23 00:07:33.609, 3, 94793, 97871
2026/09/23 00:07:33.809, 0, 94785, 97871
2026/09/23 00:07:33.809, 1, 94794, 97871
2026/09/23 00:07:33.809, 2, 94811, 97871
2026/09/23 00:07:33.809, 3, 94793, 97871
2026/09/23 00:07:34.009, 0, 94785, 97871
2026/09/23 00:07:34.009, 1, 94794, 97871
2026/09/23 00:07:34.009, 2, 94811, 97871
2026/09/23 00:07:34.009, 3, 94793, 97871
2026/09/23 00:07:34.209, 0, 94785, 97871
2026/09/23 00:07:34.210, 1, 94794, 97871
2026/09/23 00:07:34.210, 2, 94811, 97871
2026/09/23 00:07:34.210, 3, 94793, 97871
2026/09/23 00:07:34.410, 0, 94785, 97871
2026/09/23 00:07:34.410, 1, 94794, 97871
2026/09/23 00:07:34.410, 2, 94811, 97871
2026/09/23 00:07:34.410, 3, 94793, 97871
2026/09/23 00:07:34.610, 0, 94785, 97871
2026/09/23 00:07:34.610, 1, 94794, 97871
2026/09/23 00:07:34.610, 2, 94811, 97871
2026/09/23 00:07:34.610, 3, 94793, 97871
2026/09/23 00:07:34.810, 0, 94785, 97871
2026/09/23 00:07:34.810, 1, 94794, 97871
2026/09/23 00:07:34.811, 2, 94811, 97871
2026/09/23 00:07:34.811, 3, 94793, 97871
2026/09/23 00:07:35.011, 0, 94785, 97871
2026/09/23 00:07:35.011, 1, 94794, 97871
2026/09/23 00:07:35.011, 2, 94811, 97871
2026/09/23 00:07:35.011, 3, 94793, 97871
2026/09/23 00:07:35.211, 0, 94785, 97871
2026/09/23 00:07:35.211, 1, 94794, 97871
2026/09/23 00:07:35.211, 2, 94811, 97871
2026/09/23 00:07:35.211, 3, 94793, 97871
2026/09/23 00:07:35.411, 0, 94785, 97871
2026/09/23 00:07:35.412, 1, 94794, 97871
2026/09/23 00:07:35.412, 2, 94811, 97871
2026/09/23 00:07:35.412, 3, 94793, 97871
2026/09/23 00:07:35.612, 0, 94785, 97871
2026/09/23 00:07:35.612, 1, 94794, 97871
2026/09/23 00:07:35.612, 2, 94811, 97871
2026/09/23 00:07:35.612, 3, 94793, 97871
2026/09/23 00:07:35.812, 0, 94785, 97871
2026/09/23 00:07:35.812, 1, 94794, 97871
2026/09/23 00:07:35.812, 2, 94811, 97871
2026/09/23 00:07:35.812, 3, 94793, 97871
2026/09/23 00:07:36.012, 0, 94785, 97871
2026/09/23 00:07:36.013, 1, 94794, 97871
2026/09/23 00:07:36.013, 2, 94811, 97871
2026/09/23 00:07:36.013, 3, 94793, 97871
2026/09/23 00:07:36.213, 0, 94785, 97871
2026/09/23 00:07:36.213, 1, 94794, 97871
2026/09/23 00:07:36.213, 2, 94811, 97871
2026/09/23 00:07:36.213, 3, 94793, 97871
2026/09/23 00:07:36.413, 0, 94785, 97871
2026/09/23 00:07:36.413, 1, 94794, 97871
2026/09/23 00:07:36.413, 2, 94811, 97871
2026/09/23 00:07:36.413, 3, 94793, 97871
2026/09/23 00:07:36.613, 0, 94785, 97871
2026/09/23 00:07:36.614, 1, 94794, 97871
2026/09/23 00:07:36.614, 2, 94811, 97871
2026/09/23 00:07:36.614, 3, 94793, 97871
2026/09/23 00:07:36.814, 0, 94785, 97871
2026/09/23 00:07:36.814, 1, 94794, 97871
2026/09/23 00:07:36.814, 2, 94811, 97871
2026/09/23 00:07:36.814, 3, 94793, 97871
2026/09/23 00:07:37.014, 0, 94785, 97871
2026/09/23 00:07:37.014, 1, 94794, 97871
2026/09/23 00:07:37.014, 2, 94811, 97871
2026/09/23 00:07:37.014, 3, 94793, 97871
2026/09/23 00:07:37.214, 0, 94785, 97871
2026/09/23 00:07:37.214, 1, 94794, 97871
2026/09/23 00:07:37.214, 2, 94811, 97871
2026/09/23 00:07:37.214, 3, 94793, 97871
2026/09/23 00:07:37.415, 0, 94785, 97871
2026/09/23 00:07:37.415, 1, 94794, 97871
2026/09/23 00:07:37.415, 2, 94811, 97871
2026/09/23 00:07:37.415, 3, 94793, 97871
2026/09/23 00:07:37.615, 0, 94785, 97871
2026/09/23 00:07:37.615, 1, 94794, 97871
2026/09/23 00:07:37.615, 2, 94811, 97871
2026/09/23 00:07:37.615, 3, 94793, 97871
2026/09/23 00:07:37.815, 0, 94785, 97871
2026/09/23 00:07:37.816, 1, 94794, 97871
2026/09/23 00:07:37.816, 2, 94811, 97871
2026/09/23 00:07:37.816, 3, 94793, 97871
2026/09/23 00:07:38.016, 0, 94785, 97871
2026/09/23 00:07:38.016, 1, 94794, 97871
2026/09/23 00:07:38.016, 2, 94811, 97871
2026/09/23 00:07:38.016, 3, 94793, 97871
2026/09/23 00:07:38.216, 0, 94785, 97871
2026/09/23 00:07:38.216, 1, 94794, 97871
2026/09/23 00:07:38.216, 2, 94811, 97871
2026/09/23 00:07:38.216, 3, 94793, 97871
2026/09/23 00:07:38.416, 0, 94785, 97871
2026/09/23 00:07:38.416, 1, 94794, 97871
2026/09/23 00:07:38.416, 2, 94811, 97871
2026/09/23 00:07:38.417, 3, 94793, 97871
2026/09/23 00:07:38.617, 0, 94785, 97871
2026/09/23 00:07:38.617, 1, 94794, 97871
2026/09/23 00:07:38.617, 2, 94811, 97871
2026/09/23 00:07:38.617, 3, 94793, 97871
2026/09/23 00:07:38.817, 0, 94785, 97871
2026/09/23 00:07:38.817, 1, 94794, 97871
2026/09/23 00:07:38.817, 2, 94811, 97871
2026/09/23 00:07:38.817, 3, 94793, 97871
2026/09/23 00:07:39.017, 0, 94785, 97871
2026/09/23 00:07:39.018, 1, 94794, 97871
2026/09/23 00:07:39.018, 2, 94811, 97871
2026/09/23 00:07:39.018, 3, 94793, 97871
2026/09/23 00:07:39.218, 0, 94785, 97871
2026/09/23 00:07:39.218, 1, 94794, 97871
2026/09/23 00:07:39.218, 2, 94811, 97871
2026/09/23 00:07:39.218, 3, 94793, 97871
2026/09/23 00:07:39.418, 0, 94785, 97871
2026/09/23 00:07:39.418, 1, 94794, 97871
2026/09/23 00:07:39.418, 2, 94811, 97871
2026/09/23 00:07:39.418, 3, 94793, 97871
2026/09/23 00:07:39.618, 0, 94785, 97871
2026/09/23 00:07:39.618, 1, 94794, 97871
2026/09/23 00:07:39.619, 2, 94811, 97871
2026/09/23 00:07:39.619, 3, 94793, 97871
2026/09/23 00:07:39.819, 0, 94785, 97871
2026/09/23 00:07:39.819, 1, 94794, 97871
2026/09/23 00:07:39.819, 2, 94811, 97871
2026/09/23 00:07:39.819, 3, 94793, 97871
2026/09/23 00:07:40.019, 0, 94785, 97871
2026/09/23 00:07:40.019, 1, 94794, 97871
2026/09/23 00:07:40.019, 2, 94811, 97871
2026/09/23 00:07:40.019, 3, 94793, 97871
2026/09/23 00:07:40.219, 0, 94785, 97871
2026/09/23 00:07:40.219, 1, 94794, 97871
2026/09/23 00:07:40.220, 2, 94811, 97871
2026/09/23 00:07:40.220, 3, 94793, 97871
2026/09/23 00:07:40.420, 0, 94785, 97871
2026/09/23 00:07:40.420, 1, 94794, 97871
2026/09/23 00:07:40.420, 2, 94811, 97871
2026/09/23 00:07:40.420, 3, 94793, 97871
2026/09/23 00:07:40.620, 0, 94785, 97871
2026/09/23 00:07:40.620, 1, 94794, 97871
2026/09/23 00:07:40.620, 2, 94811, 97871
2026/09/23 00:07:40.620, 3, 94793, 97871
2026/09/23 00:07:40.820, 0, 94785, 97871
2026/09/23 00:07:40.820, 1, 94794, 97871
2026/09/23 00:07:40.820, 2, 94811, 97871
2026/09/23 00:07:40.820, 3, 94793, 97871
2026/09/23 00:07:41.021, 0, 94785, 97871
2026/09/23 00:07:41.021, 1, 94794, 97871
2026/09/23 00:07:41.021, 2, 94811, 97871
2026/09/23 00:07:41.021, 3, 94793, 97871
2026/09/23 00:07:41.221, 0, 94785, 97871
2026/09/23 00:07:41.221, 1, 94794, 97871
2026/09/23 00:07:41.221, 2, 94811, 97871
2026/09/23 00:07:41.221, 3, 94793, 97871
2026/09/23 00:07:41.421, 0, 94785, 97871
2026/09/23 00:07:41.421, 1, 94794, 97871
2026/09/23 00:07:41.421, 2, 94811, 97871
2026/09/23 00:07:41.421, 3, 94793, 97871
2026/09/23 00:07:41.621, 0, 94785, 97871
2026/09/23 00:07:41.621, 1, 94794, 97871
2026/09/23 00:07:41.621, 2, 94811, 97871
2026/09/23 00:07:41.621, 3, 94793, 97871
2026/09/23 00:07:41.822, 0, 94785, 97871
2026/09/23 00:07:41.822, 1, 94794, 97871
2026/09/23 00:07:41.822, 2, 94811, 97871
2026/09/23 00:07:41.822, 3, 94793, 97871
2026/09/23 00:07:42.022, 0, 94785, 97871
2026/09/23 00:07:42.022, 1, 94794, 97871
2026/09/23 00:07:42.022, 2, 94811, 97871
2026/09/23 00:07:42.022, 3, 94793, 97871
2026/09/23 00:07:42.222, 0, 94785, 97871
2026/09/23 00:07:42.222, 1, 94794, 97871
2026/09/23 00:07:42.222, 2, 94811, 97871
2026/09/23 00:07:42.222, 3, 94793, 97871
2026/09/23 00:07:42.422, 0, 94785, 97871
2026/09/23 00:07:42.422, 1, 94794, 97871
2026/09/23 00:07:42.422, 2, 94811, 97871
2026/09/23 00:07:42.422, 3, 94793, 97871
2026/09/23 00:07:42.622, 0, 94785, 97871
2026/09/23 00:07:42.623, 1, 94794, 97871
2026/09/23 00:07:42.623, 2, 94811, 97871
2026/09/23 00:07:42.623, 3, 94793, 97871
2026/09/23 00:07:42.823, 0, 94785, 97871
2026/09/23 00:07:42.823, 1, 94794, 97871
2026/09/23 00:07:42.823, 2, 94811, 97871
2026/09/23 00:07:42.823, 3, 94793, 97871
2026/09/23 00:07:43.023, 0, 94785, 97871
2026/09/23 00:07:43.023, 1, 94794, 97871
2026/09/23 00:07:43.023, 2, 94811, 97871
2026/09/23 00:07:43.023, 3, 94793, 97871
2026/09/23 00:07:43.223, 0, 94785, 97871
2026/09/23 00:07:43.223, 1, 94794, 97871
2026/09/23 00:07:43.223, 2, 94811, 97871
2026/09/23 00:07:43.223, 3, 94793, 97871
2026/09/23 00:07:43.423, 0, 94785, 97871
2026/09/23 00:07:43.423, 1, 94794, 97871
2026/09/23 00:07:43.423, 2, 94811, 97871
2026/09/23 00:07:43.423, 3, 94793, 97871
2026/09/23 00:07:43.623, 0, 94785, 97871
2026/09/23 00:07:43.623, 1, 94794, 97871
2026/09/23 00:07:43.624, 2, 94811, 97871
2026/09/23 00:07:43.624, 3, 94793, 97871
2026/09/23 00:07:43.824, 0, 94785, 97871
2026/09/23 00:07:43.824, 1, 94794, 97871
2026/09/23 00:07:43.824, 2, 94811, 97871
2026/09/23 00:07:43.824, 3, 94793, 97871
2026/09/23 00:07:44.024, 0, 94785, 97871
2026/09/23 00:07:44.024, 1, 94794, 97871
2026/09/23 00:07:44.024, 2, 94811, 97871
2026/09/23 00:07:44.024, 3, 94793, 97871
2026/09/23 00:07:44.224, 0, 94785, 97871
2026/09/23 00:07:44.224, 1, 94794, 97871
2026/09/23 00:07:44.224, 2, 94811, 97871
2026/09/23 00:07:44.224, 3, 94793, 97871
2026/09/23 00:07:44.424, 0, 94785, 97871
2026/09/23 00:07:44.424, 1, 94794, 97871
2026/09/23 00:07:44.424, 2, 94811, 97871
2026/09/23 00:07:44.424, 3, 94793, 97871
2026/09/23 00:07:44.624, 0, 94785, 97871
2026/09/23 00:07:44.624, 1, 94794, 97871
2026/09/23 00:07:44.624, 2, 94811, 97871
2026/09/23 00:07:44.624, 3, 94793, 97871
2026/09/23 00:07:44.825, 0, 94785, 97871
2026/09/23 00:07:44.825, 1, 94794, 97871
2026/09/23 00:07:44.825, 2, 94811, 97871
2026/09/23 00:07:44.825, 3, 94793, 97871
2026/09/23 00:07:45.025, 0, 94785, 97871
2026/09/23 00:07:45.025, 1, 94794, 97871
2026/09/23 00:07:45.025, 2, 94811, 97871
2026/09/23 00:07:45.025, 3, 94793, 97871
2026/09/23 00:07:45.225, 0, 94785, 97871
2026/09/23 00:07:45.234, 1, 94794, 97871
2026/09/23 00:07:45.234, 2, 94811, 97871
2026/09/23 00:07:45.234, 3, 94793, 97871
2026/09/23 00:07:45.434, 0, 94785, 97871
2026/09/23 00:07:45.448, 1, 94794, 97871
2026/09/23 00:07:45.462, 2, 94811, 97871
2026/09/23 00:07:45.494, 3, 94793, 97871
2026/09/23 00:07:45.730, 0, 94785, 97871
2026/09/23 00:07:45.730, 1, 94794, 97871
2026/09/23 00:07:45.730, 2, 94811, 97871
2026/09/23 00:07:45.730, 3, 94793, 97871
2026/09/23 00:07:45.931, 0, 94785, 97871
2026/09/23 00:07:45.931, 1, 94794, 97871
2026/09/23 00:07:45.931, 2, 94811, 97871
2026/09/23 00:07:45.931, 3, 94793, 97871
2026/09/23 00:07:46.131, 0, 94785, 97871
2026/09/23 00:07:46.131, 1, 94794, 97871
2026/09/23 00:07:46.131, 2, 94811, 97871
2026/09/23 00:07:46.131, 3, 94793, 97871
2026/09/23 00:07:46.331, 0, 94785, 97871
2026/09/23 00:07:46.331, 1, 94794, 97871
2026/09/23 00:07:46.331, 2, 94811, 97871
2026/09/23 00:07:46.331, 3, 94793, 97871
2026/09/23 00:07:46.531, 0, 94785, 97871
2026/09/23 00:07:46.531, 1, 94794, 97871
2026/09/23 00:07:46.531, 2, 94811, 97871
2026/09/23 00:07:46.531, 3, 94793, 97871
2026/09/23 00:07:46.731, 0, 94785, 97871
2026/09/23 00:07:46.731, 1, 94794, 97871
2026/09/23 00:07:46.731, 2, 94811, 97871
2026/09/23 00:07:46.731, 3, 94793, 97871
2026/09/23 00:07:46.932, 0, 94785, 97871
2026/09/23 00:07:46.932, 1, 94794, 97871
2026/09/23 00:07:46.932, 2, 94811, 97871
2026/09/23 00:07:46.932, 3, 94793, 97871
2026/09/23 00:07:47.132, 0, 94785, 97871
2026/09/23 00:07:47.132, 1, 94794, 97871
2026/09/23 00:07:47.132, 2, 94811, 97871
2026/09/23 00:07:47.132, 3, 94793, 97871
2026/09/23 00:07:47.332, 0, 94785, 97871
2026/09/23 00:07:47.332, 1, 94794, 97871
2026/09/23 00:07:47.332, 2, 94811, 97871
2026/09/23 00:07:47.332, 3, 94793, 97871
2026/09/23 00:07:47.532, 0, 94785, 97871
2026/09/23 00:07:47.567, 1, 94794, 97871
2026/09/23 00:07:47.587, 2, 94811, 97871
2026/09/23 00:07:47.587, 3, 94793, 97871
2026/09/23 00:07:47.787, 0, 94785, 97871
2026/09/23 00:07:47.787, 1, 94794, 97871
2026/09/23 00:07:47.787, 2, 94811, 97871
2026/09/23 00:07:47.787, 3, 94793, 97871
2026/09/23 00:07:47.988, 0, 94785, 97871
2026/09/23 00:07:47.988, 1, 94794, 97871
2026/09/23 00:07:47.988, 2, 94811, 97871
2026/09/23 00:07:47.988, 3, 94793, 97871
2026/09/23 00:07:48.188, 0, 94785, 97871
2026/09/23 00:07:48.188, 1, 94794, 97871
2026/09/23 00:07:48.188, 2, 94811, 97871
2026/09/23 00:07:48.188, 3, 94793, 97871
2026/09/23 00:07:48.388, 0, 94785, 97871
2026/09/23 00:07:48.388, 1, 94794, 97871
2026/09/23 00:07:48.388, 2, 94811, 97871
2026/09/23 00:07:48.388, 3, 94793, 97871
2026/09/23 00:07:48.588, 0, 94785, 97871
2026/09/23 00:07:48.588, 1, 94794, 97871
2026/09/23 00:07:48.588, 2, 94811, 97871
2026/09/23 00:07:48.588, 3, 94793, 97871
2026/09/23 00:07:48.788, 0, 94785, 97871
2026/09/23 00:07:48.788, 1, 94794, 97871
2026/09/23 00:07:48.788, 2, 94811, 97871
2026/09/23 00:07:48.788, 3, 94793, 97871
2026/09/23 00:07:48.989, 0, 94785, 97871
2026/09/23 00:07:48.989, 1, 94794, 97871
2026/09/23 00:07:48.989, 2, 94811, 97871
2026/09/23 00:07:48.989, 3, 94793, 97871
2026/09/23 00:07:49.189, 0, 94785, 97871
2026/09/23 00:07:49.189, 1, 94794, 97871
2026/09/23 00:07:49.189, 2, 94811, 97871
2026/09/23 00:07:49.189, 3, 94793, 97871
2026/09/23 00:07:49.389, 0, 94785, 97871
2026/09/23 00:07:49.389, 1, 94794, 97871
2026/09/23 00:07:49.389, 2, 94811, 97871
2026/09/23 00:07:49.389, 3, 94793, 97871
2026/09/23 00:07:49.589, 0, 94785, 97871
2026/09/23 00:07:49.589, 1, 94794, 97871
2026/09/23 00:07:49.589, 2, 94811, 97871
2026/09/23 00:07:49.589, 3, 94793, 97871
2026/09/23 00:07:49.789, 0, 94785, 97871
2026/09/23 00:07:49.789, 1, 94794, 97871
2026/09/23 00:07:49.789, 2, 94811, 97871
2026/09/23 00:07:49.789, 3, 94793, 97871
2026/09/23 00:07:49.990, 0, 94785, 97871
2026/09/23 00:07:49.990, 1, 94794, 97871
2026/09/23 00:07:49.990, 2, 94811, 97871
2026/09/23 00:07:49.990, 3, 94793, 97871
2026/09/23 00:07:50.190, 0, 94785, 97871
2026/09/23 00:07:50.190, 1, 94794, 97871
2026/09/23 00:07:50.190, 2, 94811, 97871
2026/09/23 00:07:50.190, 3, 94793, 97871
2026/09/23 00:07:50.390, 0, 94785, 97871
2026/09/23 00:07:50.390, 1, 94794, 97871
2026/09/23 00:07:50.390, 2, 94811, 97871
2026/09/23 00:07:50.390, 3, 94793, 97871
2026/09/23 00:07:50.590, 0, 94785, 97871
2026/09/23 00:07:50.590, 1, 94794, 97871
2026/09/23 00:07:50.590, 2, 94811, 97871
2026/09/23 00:07:50.590, 3, 94793, 97871
2026/09/23 00:07:50.790, 0, 94785, 97871
2026/09/23 00:07:50.790, 1, 94794, 97871
2026/09/23 00:07:50.790, 2, 94811, 97871
2026/09/23 00:07:50.790, 3, 94793, 97871
2026/09/23 00:07:50.991, 0, 94785, 97871
2026/09/23 00:07:50.991, 1, 94794, 97871
2026/09/23 00:07:50.991, 2, 94811, 97871
2026/09/23 00:07:50.991, 3, 94793, 97871
2026/09/23 00:07:51.191, 0, 94785, 97871
2026/09/23 00:07:51.191, 1, 94794, 97871
2026/09/23 00:07:51.191, 2, 94811, 97871
2026/09/23 00:07:51.191, 3, 94793, 97871
2026/09/23 00:07:51.391, 0, 94785, 97871
2026/09/23 00:07:51.391, 1, 94794, 97871
2026/09/23 00:07:51.391, 2, 94811, 97871
2026/09/23 00:07:51.391, 3, 94793, 97871
2026/09/23 00:07:51.591, 0, 94785, 97871
2026/09/23 00:07:51.591, 1, 94794, 97871
2026/09/23 00:07:51.591, 2, 94811, 97871
2026/09/23 00:07:51.591, 3, 94793, 97871
2026/09/23 00:07:51.791, 0, 94785, 97871
2026/09/23 00:07:51.791, 1, 94794, 97871
2026/09/23 00:07:51.791, 2, 94811, 97871
2026/09/23 00:07:51.791, 3, 94793, 97871
2026/09/23 00:07:51.991, 0, 94785, 97871
2026/09/23 00:07:51.992, 1, 94794, 97871
2026/09/23 00:07:51.992, 2, 94811, 97871
2026/09/23 00:07:51.992, 3, 94793, 97871
2026/09/23 00:07:52.192, 0, 94785, 97871
2026/09/23 00:07:52.192, 1, 94794, 97871
2026/09/23 00:07:52.192, 2, 94811, 97871
2026/09/23 00:07:52.192, 3, 94793, 97871
2026/09/23 00:07:52.392, 0, 94785, 97871
2026/09/23 00:07:52.392, 1, 94794, 97871
2026/09/23 00:07:52.392, 2, 94811, 97871
2026/09/23 00:07:52.392, 3, 94793, 97871
2026/09/23 00:07:52.592, 0, 94785, 97871
2026/09/23 00:07:52.592, 1, 94794, 97871
2026/09/23 00:07:52.592, 2, 94811, 97871
2026/09/23 00:07:52.592, 3, 94793, 97871
2026/09/23 00:07:52.792, 0, 94785, 97871
2026/09/23 00:07:52.792, 1, 94794, 97871
2026/09/23 00:07:52.792, 2, 94811, 97871
2026/09/23 00:07:52.792, 3, 94793, 97871
2026/09/23 00:07:52.992, 0, 94785, 97871
2026/09/23 00:07:52.992, 1, 94794, 97871
2026/09/23 00:07:52.992, 2, 94811, 97871
2026/09/23 00:07:52.993, 3, 94793, 97871
2026/09/23 00:07:53.193, 0, 94785, 97871
2026/09/23 00:07:53.193, 1, 94794, 97871
2026/09/23 00:07:53.193, 2, 94811, 97871
2026/09/23 00:07:53.193, 3, 94793, 97871
2026/09/23 00:07:53.393, 0, 94785, 97871
2026/09/23 00:07:53.393, 1, 94794, 97871
2026/09/23 00:07:53.393, 2, 94811, 97871
2026/09/23 00:07:53.393, 3, 94793, 97871
2026/09/23 00:07:53.593, 0, 94785, 97871
2026/09/23 00:07:53.593, 1, 94794, 97871
2026/09/23 00:07:53.593, 2, 94811, 97871
2026/09/23 00:07:53.593, 3, 94793, 97871
2026/09/23 00:07:53.793, 0, 94785, 97871
2026/09/23 00:07:53.793, 1, 94794, 97871
2026/09/23 00:07:53.793, 2, 94811, 97871
2026/09/23 00:07:53.793, 3, 94793, 97871
2026/09/23 00:07:53.993, 0, 94785, 97871
2026/09/23 00:07:53.993, 1, 94794, 97871
2026/09/23 00:07:53.993, 2, 94811, 97871
2026/09/23 00:07:53.993, 3, 94793, 97871
2026/09/23 00:07:54.194, 0, 94785, 97871
2026/09/23 00:07:54.194, 1, 94794, 97871
2026/09/23 00:07:54.194, 2, 94811, 97871
2026/09/23 00:07:54.194, 3, 94793, 97871
2026/09/23 00:07:54.394, 0, 94785, 97871
2026/09/23 00:07:54.394, 1, 94794, 97871
2026/09/23 00:07:54.394, 2, 94811, 97871
2026/09/23 00:07:54.394, 3, 94793, 97871
2026/09/23 00:07:54.594, 0, 94785, 97871
2026/09/23 00:07:54.594, 1, 94794, 97871
2026/09/23 00:07:54.594, 2, 94811, 97871
2026/09/23 00:07:54.594, 3, 94793, 97871
2026/09/23 00:07:54.794, 0, 94785, 97871
2026/09/23 00:07:54.794, 1, 94794, 97871
2026/09/23 00:07:54.794, 2, 94811, 97871
2026/09/23 00:07:54.794, 3, 94793, 97871
2026/09/23 00:07:54.994, 0, 94785, 97871
2026/09/23 00:07:54.994, 1, 94794, 97871
2026/09/23 00:07:54.994, 2, 94811, 97871
2026/09/23 00:07:54.994, 3, 94793, 97871
2026/09/23 00:07:55.195, 0, 94785, 97871
2026/09/23 00:07:55.195, 1, 94794, 97871
2026/09/23 00:07:55.195, 2, 94811, 97871
2026/09/23 00:07:55.195, 3, 94793, 97871
2026/09/23 00:07:55.395, 0, 94785, 97871
2026/09/23 00:07:55.395, 1, 94794, 97871
2026/09/23 00:07:55.395, 2, 94811, 97871
2026/09/23 00:07:55.395, 3, 94793, 97871
2026/09/23 00:07:55.595, 0, 94785, 97871
2026/09/23 00:07:55.595, 1, 94794, 97871
2026/09/23 00:07:55.595, 2, 94811, 97871
2026/09/23 00:07:55.595, 3, 94793, 97871
2026/09/23 00:07:55.795, 0, 94785, 97871
2026/09/23 00:07:55.795, 1, 94794, 97871
2026/09/23 00:07:55.795, 2, 94811, 97871
2026/09/23 00:07:55.795, 3, 94793, 97871
2026/09/23 00:07:55.995, 0, 94785, 97871
2026/09/23 00:07:55.995, 1, 94794, 97871
2026/09/23 00:07:55.995, 2, 94811, 97871
2026/09/23 00:07:55.995, 3, 94793, 97871
2026/09/23 00:07:56.195, 0, 94785, 97871
2026/09/23 00:07:56.196, 1, 94794, 97871
2026/09/23 00:07:56.196, 2, 94811, 97871
2026/09/23 00:07:56.196, 3, 94793, 97871
2026/09/23 00:07:56.396, 0, 94785, 97871
2026/09/23 00:07:56.396, 1, 94794, 97871
2026/09/23 00:07:56.396, 2, 94811, 97871
2026/09/23 00:07:56.396, 3, 94793, 97871
2026/09/23 00:07:56.596, 0, 94785, 97871
2026/09/23 00:07:56.596, 1, 94794, 97871
2026/09/23 00:07:56.596, 2, 94811, 97871
2026/09/23 00:07:56.596, 3, 94793, 97871
2026/09/23 00:07:56.796, 0, 94785, 97871
2026/09/23 00:07:56.796, 1, 94794, 97871
2026/09/23 00:07:56.796, 2, 94811, 97871
2026/09/23 00:07:56.796, 3, 94793, 97871
2026/09/23 00:07:56.996, 0, 94785, 97871
2026/09/23 00:07:56.996, 1, 94794, 97871
2026/09/23 00:07:56.996, 2, 94811, 97871
2026/09/23 00:07:56.996, 3, 94793, 97871
2026/09/23 00:07:57.196, 0, 94785, 97871
2026/09/23 00:07:57.196, 1, 94794, 97871
2026/09/23 00:07:57.197, 2, 94811, 97871
2026/09/23 00:07:57.197, 3, 94793, 97871
2026/09/23 00:07:57.397, 0, 94785, 97871
2026/09/23 00:07:57.397, 1, 94794, 97871
2026/09/23 00:07:57.397, 2, 94811, 97871
2026/09/23 00:07:57.397, 3, 94793, 97871
2026/09/23 00:07:57.597, 0, 94785, 97871
2026/09/23 00:07:57.597, 1, 94794, 97871
2026/09/23 00:07:57.597, 2, 94811, 97871
2026/09/23 00:07:57.597, 3, 94793, 97871
2026/09/23 00:07:57.797, 0, 94785, 97871
2026/09/23 00:07:57.797, 1, 94794, 97871
2026/09/23 00:07:57.797, 2, 94811, 97871
2026/09/23 00:07:57.797, 3, 94793, 97871
2026/09/23 00:07:57.997, 0, 94785, 97871
2026/09/23 00:07:57.997, 1, 94794, 97871
2026/09/23 00:07:57.997, 2, 94811, 97871
2026/09/23 00:07:57.997, 3, 94793, 97871
2026/09/23 00:07:58.197, 0, 94785, 97871
2026/09/23 00:07:58.197, 1, 94794, 97871
2026/09/23 00:07:58.197, 2, 94811, 97871
2026/09/23 00:07:58.197, 3, 94793, 97871
2026/09/23 00:07:58.398, 0, 94785, 97871
2026/09/23 00:07:58.398, 1, 94794, 97871
2026/09/23 00:07:58.398, 2, 94811, 97871
2026/09/23 00:07:58.398, 3, 94793, 97871
2026/09/23 00:07:58.598, 0, 94785, 97871
2026/09/23 00:07:58.598, 1, 94794, 97871
2026/09/23 00:07:58.598, 2, 94811, 97871
2026/09/23 00:07:58.598, 3, 94793, 97871
2026/09/23 00:07:58.798, 0, 94785, 97871
2026/09/23 00:07:58.798, 1, 94794, 97871
2026/09/23 00:07:58.798, 2, 94811, 97871
2026/09/23 00:07:58.798, 3, 94793, 97871
2026/09/23 00:07:58.998, 0, 94785, 97871
2026/09/23 00:07:58.998, 1, 94794, 97871
2026/09/23 00:07:58.998, 2, 94811, 97871
2026/09/23 00:07:58.998, 3, 94793, 97871
2026/09/23 00:07:59.198, 0, 94785, 97871
2026/09/23 00:07:59.198, 1, 94794, 97871
2026/09/23 00:07:59.198, 2, 94811, 97871
2026/09/23 00:07:59.198, 3, 94793, 97871
2026/09/23 00:07:59.399, 0, 94785, 97871
2026/09/23 00:07:59.399, 1, 94794, 97871
2026/09/23 00:07:59.399, 2, 94811, 97871
2026/09/23 00:07:59.399, 3, 94793, 97871
2026/09/23 00:07:59.599, 0, 94785, 97871
2026/09/23 00:07:59.599, 1, 94794, 97871
2026/09/23 00:07:59.599, 2, 94811, 97871
2026/09/23 00:07:59.599, 3, 94793, 97871
2026/09/23 00:07:59.799, 0, 94785, 97871
2026/09/23 00:07:59.799, 1, 94794, 97871
2026/09/23 00:07:59.799, 2, 94811, 97871
2026/09/23 00:07:59.799, 3, 94793, 97871
2026/09/23 00:07:59.999, 0, 94785, 97871
2026/09/23 00:08:00.000, 1, 94794, 97871
2026/09/23 00:08:00.000, 2, 94811, 97871
2026/09/23 00:08:00.000, 3, 94793, 97871
2026/09/23 00:08:00.200, 0, 94785, 97871
2026/09/23 00:08:00.200, 1, 94794, 97871
2026/09/23 00:08:00.200, 2, 94811, 97871
2026/09/23 00:08:00.200, 3, 94793, 97871
2026/09/23 00:08:00.400, 0, 94785, 97871
2026/09/23 00:08:00.400, 1, 94794, 97871
2026/09/23 00:08:00.400, 2, 94811, 97871
2026/09/23 00:08:00.400, 3, 94793, 97871
2026/09/23 00:08:00.600, 0, 94785, 97871
2026/09/23 00:08:00.600, 1, 94794, 97871
2026/09/23 00:08:00.601, 2, 94811, 97871
2026/09/23 00:08:00.601, 3, 94793, 97871
2026/09/23 00:08:00.801, 0, 94785, 97871
2026/09/23 00:08:00.801, 1, 94794, 97871
2026/09/23 00:08:00.801, 2, 94811, 97871
2026/09/23 00:08:00.801, 3, 94793, 97871
2026/09/23 00:08:01.001, 0, 94785, 97871
2026/09/23 00:08:01.001, 1, 94794, 97871
2026/09/23 00:08:01.001, 2, 94811, 97871
2026/09/23 00:08:01.001, 3, 94793, 97871
2026/09/23 00:08:01.201, 0, 94785, 97871
2026/09/23 00:08:01.201, 1, 94794, 97871
2026/09/23 00:08:01.201, 2, 94811, 97871
2026/09/23 00:08:01.201, 3, 94793, 97871
2026/09/23 00:08:01.401, 0, 94785, 97871
2026/09/23 00:08:01.402, 1, 94794, 97871
2026/09/23 00:08:01.402, 2, 94811, 97871
2026/09/23 00:08:01.402, 3, 94793, 97871
2026/09/23 00:08:01.602, 0, 94785, 97871
2026/09/23 00:08:01.602, 1, 94794, 97871
2026/09/23 00:08:01.602, 2, 94811, 97871
2026/09/23 00:08:01.602, 3, 94793, 97871
2026/09/23 00:08:01.802, 0, 94785, 97871
2026/09/23 00:08:01.802, 1, 94794, 97871
2026/09/23 00:08:01.802, 2, 94811, 97871
2026/09/23 00:08:01.802, 3, 94793, 97871
2026/09/23 00:08:02.002, 0, 94785, 97871
2026/09/23 00:08:02.002, 1, 94794, 97871
2026/09/23 00:08:02.002, 2, 94811, 97871
2026/09/23 00:08:02.002, 3, 94793, 97871
2026/09/23 00:08:02.203, 0, 94785, 97871
2026/09/23 00:08:02.203, 1, 94794, 97871
2026/09/23 00:08:02.203, 2, 94811, 97871
2026/09/23 00:08:02.203, 3, 94793, 97871
2026/09/23 00:08:02.403, 0, 94785, 97871
2026/09/23 00:08:02.403, 1, 94794, 97871
2026/09/23 00:08:02.403, 2, 94811, 97871
2026/09/23 00:08:02.403, 3, 94793, 97871
2026/09/23 00:08:02.603, 0, 94785, 97871
2026/09/23 00:08:02.603, 1, 94794, 97871
2026/09/23 00:08:02.603, 2, 94811, 97871
2026/09/23 00:08:02.603, 3, 94793, 97871
2026/09/23 00:08:02.803, 0, 94785, 97871
2026/09/23 00:08:02.803, 1, 94794, 97871
2026/09/23 00:08:02.803, 2, 94811, 97871
2026/09/23 00:08:02.803, 3, 94793, 97871
2026/09/23 00:08:03.003, 0, 94785, 97871
2026/09/23 00:08:03.004, 1, 94794, 97871
2026/09/23 00:08:03.004, 2, 94811, 97871
2026/09/23 00:08:03.004, 3, 94793, 97871
2026/09/23 00:08:03.204, 0, 94785, 97871
2026/09/23 00:08:03.204, 1, 94794, 97871
2026/09/23 00:08:03.204, 2, 94811, 97871
2026/09/23 00:08:03.204, 3, 94793, 97871
2026/09/23 00:08:03.404, 0, 95753, 97871
2026/09/23 00:08:03.404, 1, 95762, 97871
2026/09/23 00:08:03.404, 2, 95779, 97871
2026/09/23 00:08:03.404, 3, 95761, 97871
2026/09/23 00:08:03.604, 0, 95849, 97871
2026/09/23 00:08:03.605, 1, 95858, 97871
2026/09/23 00:08:03.605, 2, 95875, 97871
2026/09/23 00:08:03.605, 3, 95857, 97871
2026/09/23 00:08:03.805, 0, 96329, 97871
2026/09/23 00:08:03.805, 1, 96338, 97871
2026/09/23 00:08:03.805, 2, 96355, 97871
2026/09/23 00:08:03.805, 3, 96337, 97871
2026/09/23 00:08:04.005, 0, 96329, 97871
2026/09/23 00:08:04.005, 1, 96338, 97871
2026/09/23 00:08:04.005, 2, 96355, 97871
2026/09/23 00:08:04.005, 3, 96337, 97871
2026/09/23 00:08:04.205, 0, 96329, 97871
2026/09/23 00:08:04.205, 1, 96338, 97871
2026/09/23 00:08:04.206, 2, 96355, 97871
2026/09/23 00:08:04.206, 3, 96337, 97871
2026/09/23 00:08:04.406, 0, 96329, 97871
2026/09/23 00:08:04.406, 1, 96338, 97871
2026/09/23 00:08:04.406, 2, 96355, 97871
2026/09/23 00:08:04.406, 3, 96337, 97871
2026/09/23 00:08:04.606, 0, 96329, 97871
2026/09/23 00:08:04.606, 1, 96338, 97871
2026/09/23 00:08:04.606, 2, 96355, 97871
2026/09/23 00:08:04.606, 3, 96337, 97871
2026/09/23 00:08:04.806, 0, 96329, 97871
2026/09/23 00:08:04.806, 1, 96338, 97871
2026/09/23 00:08:04.806, 2, 96355, 97871
2026/09/23 00:08:04.807, 3, 96337, 97871
2026/09/23 00:08:05.007, 0, 96809, 97871
2026/09/23 00:08:05.007, 1, 96818, 97871
2026/09/23 00:08:05.007, 2, 96835, 97871
2026/09/23 00:08:05.007, 3, 96817, 97871
2026/09/23 00:08:05.207, 0, 96809, 97871
2026/09/23 00:08:05.207, 1, 96818, 97871
2026/09/23 00:08:05.207, 2, 96835, 97871
2026/09/23 00:08:05.207, 3, 96817, 97871
2026/09/23 00:08:05.407, 0, 96809, 97871
2026/09/23 00:08:05.407, 1, 96818, 97871
2026/09/23 00:08:05.408, 2, 96835, 97871
2026/09/23 00:08:05.408, 3, 96817, 97871
2026/09/23 00:08:05.608, 0, 96809, 97871
2026/09/23 00:08:05.608, 1, 96818, 97871
2026/09/23 00:08:05.608, 2, 96835, 97871
2026/09/23 00:08:05.608, 3, 96817, 97871
2026/09/23 00:08:05.808, 0, 96809, 97871
2026/09/23 00:08:05.808, 1, 96818, 97871
2026/09/23 00:08:05.808, 2, 96835, 97871
2026/09/23 00:08:05.808, 3, 96817, 97871
2026/09/23 00:08:06.008, 0, 96809, 97871
2026/09/23 00:08:06.008, 1, 96818, 97871
2026/09/23 00:08:06.009, 2, 96835, 97871
2026/09/23 00:08:06.009, 3, 96817, 97871
2026/09/23 00:08:06.209, 0, 96809, 97871
2026/09/23 00:08:06.209, 1, 96818, 97871
2026/09/23 00:08:06.209, 2, 96835, 97871
2026/09/23 00:08:06.209, 3, 96817, 97871
2026/09/23 00:08:06.409, 0, 96809, 97871
2026/09/23 00:08:06.409, 1, 96818, 97871
2026/09/23 00:08:06.409, 2, 96835, 97871
2026/09/23 00:08:06.409, 3, 96817, 97871
2026/09/23 00:08:06.609, 0, 96809, 97871
2026/09/23 00:08:06.610, 1, 96818, 97871
2026/09/23 00:08:06.610, 2, 96835, 97871
2026/09/23 00:08:06.610, 3, 96817, 97871
2026/09/23 00:08:06.810, 0, 96809, 97871
2026/09/23 00:08:06.810, 1, 96818, 97871
2026/09/23 00:08:06.810, 2, 96835, 97871
2026/09/23 00:08:06.810, 3, 96817, 97871
2026/09/23 00:08:07.010, 0, 96809, 97871
2026/09/23 00:08:07.010, 1, 96818, 97871
2026/09/23 00:08:07.010, 2, 96835, 97871
2026/09/23 00:08:07.010, 3, 96817, 97871
2026/09/23 00:08:07.210, 0, 96809, 97871
2026/09/23 00:08:07.210, 1, 96818, 97871
2026/09/23 00:08:07.210, 2, 96835, 97871
2026/09/23 00:08:07.211, 3, 96817, 97871
2026/09/23 00:08:07.411, 0, 96809, 97871
2026/09/23 00:08:07.411, 1, 96818, 97871
2026/09/23 00:08:07.411, 2, 96835, 97871
2026/09/23 00:08:07.411, 3, 96817, 97871
2026/09/23 00:08:07.611, 0, 96809, 97871
2026/09/23 00:08:07.611, 1, 96818, 97871
2026/09/23 00:08:07.611, 2, 96835, 97871
2026/09/23 00:08:07.611, 3, 96817, 97871
2026/09/23 00:08:07.811, 0, 96809, 97871
2026/09/23 00:08:07.811, 1, 96818, 97871
2026/09/23 00:08:07.811, 2, 96835, 97871
2026/09/23 00:08:07.811, 3, 96817, 97871
2026/09/23 00:08:08.012, 0, 96809, 97871
2026/09/23 00:08:08.012, 1, 96818, 97871
2026/09/23 00:08:08.012, 2, 96835, 97871
2026/09/23 00:08:08.012, 3, 96817, 97871
2026/09/23 00:08:08.212, 0, 96809, 97871
2026/09/23 00:08:08.212, 1, 96818, 97871
2026/09/23 00:08:08.212, 2, 96835, 97871
2026/09/23 00:08:08.212, 3, 96817, 97871
2026/09/23 00:08:08.412, 0, 96809, 97871
2026/09/23 00:08:08.412, 1, 96818, 97871
2026/09/23 00:08:08.412, 2, 96835, 97871
2026/09/23 00:08:08.412, 3, 96817, 97871
2026/09/23 00:08:08.612, 0, 96809, 97871
2026/09/23 00:08:08.613, 1, 96818, 97871
2026/09/23 00:08:08.613, 2, 96835, 97871
2026/09/23 00:08:08.613, 3, 96817, 97871
2026/09/23 00:08:08.813, 0, 96809, 97871
2026/09/23 00:08:08.813, 1, 96818, 97871
2026/09/23 00:08:08.813, 2, 96835, 97871
2026/09/23 00:08:08.813, 3, 96817, 97871
2026/09/23 00:08:09.013, 0, 96809, 97871
2026/09/23 00:08:09.013, 1, 96818, 97871
2026/09/23 00:08:09.013, 2, 96835, 97871
2026/09/23 00:08:09.014, 3, 96817, 97871
2026/09/23 00:08:09.214, 0, 96809, 97871
2026/09/23 00:08:09.214, 1, 96818, 97871
2026/09/23 00:08:09.214, 2, 96835, 97871
2026/09/23 00:08:09.214, 3, 96817, 97871
2026/09/23 00:08:09.414, 0, 96809, 97871
2026/09/23 00:08:09.414, 1, 96818, 97871
2026/09/23 00:08:09.414, 2, 96835, 97871
2026/09/23 00:08:09.414, 3, 96817, 97871
2026/09/23 00:08:09.614, 0, 96809, 97871
2026/09/23 00:08:09.614, 1, 96818, 97871
2026/09/23 00:08:09.614, 2, 96835, 97871
2026/09/23 00:08:09.614, 3, 96817, 97871
2026/09/23 00:08:09.815, 0, 96809, 97871
2026/09/23 00:08:09.815, 1, 96818, 97871
2026/09/23 00:08:09.815, 2, 96835, 97871
2026/09/23 00:08:09.815, 3, 96817, 97871
2026/09/23 00:08:10.015, 0, 96809, 97871
2026/09/23 00:08:10.015, 1, 96818, 97871
2026/09/23 00:08:10.015, 2, 96835, 97871
2026/09/23 00:08:10.015, 3, 96817, 97871
2026/09/23 00:08:10.215, 0, 96809, 97871
2026/09/23 00:08:10.215, 1, 96818, 97871
2026/09/23 00:08:10.215, 2, 96835, 97871
2026/09/23 00:08:10.215, 3, 96817, 97871
2026/09/23 00:08:10.415, 0, 96809, 97871
2026/09/23 00:08:10.416, 1, 96818, 97871
2026/09/23 00:08:10.416, 2, 96835, 97871
2026/09/23 00:08:10.416, 3, 96817, 97871
2026/09/23 00:08:10.616, 0, 96809, 97871
2026/09/23 00:08:10.616, 1, 96818, 97871
2026/09/23 00:08:10.616, 2, 96835, 97871
2026/09/23 00:08:10.616, 3, 96817, 97871
2026/09/23 00:08:10.816, 0, 96809, 97871
2026/09/23 00:08:10.816, 1, 96818, 97871
2026/09/23 00:08:10.816, 2, 96835, 97871
2026/09/23 00:08:10.816, 3, 96817, 97871
2026/09/23 00:08:11.017, 0, 96809, 97871
2026/09/23 00:08:11.017, 1, 96818, 97871
2026/09/23 00:08:11.017, 2, 96835, 97871
2026/09/23 00:08:11.017, 3, 96817, 97871
2026/09/23 00:08:11.217, 0, 96809, 97871
2026/09/23 00:08:11.217, 1, 96818, 97871
2026/09/23 00:08:11.217, 2, 96835, 97871
2026/09/23 00:08:11.217, 3, 96817, 97871
2026/09/23 00:08:11.417, 0, 96809, 97871
2026/09/23 00:08:11.417, 1, 96818, 97871
2026/09/23 00:08:11.417, 2, 96835, 97871
2026/09/23 00:08:11.417, 3, 96817, 97871
2026/09/23 00:08:11.617, 0, 96809, 97871
2026/09/23 00:08:11.618, 1, 96818, 97871
2026/09/23 00:08:11.618, 2, 96835, 97871
2026/09/23 00:08:11.618, 3, 96817, 97871
2026/09/23 00:08:11.818, 0, 96809, 97871
2026/09/23 00:08:11.818, 1, 96818, 97871
2026/09/23 00:08:11.818, 2, 96835, 97871
2026/09/23 00:08:11.818, 3, 96817, 97871
2026/09/23 00:08:12.018, 0, 96809, 97871
2026/09/23 00:08:12.018, 1, 96818, 97871
2026/09/23 00:08:12.018, 2, 96835, 97871
2026/09/23 00:08:12.018, 3, 96817, 97871
2026/09/23 00:08:12.218, 0, 96809, 97871
2026/09/23 00:08:12.219, 1, 96818, 97871
2026/09/23 00:08:12.219, 2, 96835, 97871
2026/09/23 00:08:12.219, 3, 96817, 97871
2026/09/23 00:08:12.419, 0, 96809, 97871
2026/09/23 00:08:12.419, 1, 96818, 97871
2026/09/23 00:08:12.419, 2, 96835, 97871
2026/09/23 00:08:12.419, 3, 96817, 97871
2026/09/23 00:08:12.619, 0, 96809, 97871
2026/09/23 00:08:12.619, 1, 96818, 97871
2026/09/23 00:08:12.619, 2, 96835, 97871
2026/09/23 00:08:12.619, 3, 96817, 97871
2026/09/23 00:08:12.819, 0, 96809, 97871
2026/09/23 00:08:12.819, 1, 96818, 97871
2026/09/23 00:08:12.819, 2, 96835, 97871
2026/09/23 00:08:12.820, 3, 96817, 97871
2026/09/23 00:08:13.020, 0, 96809, 97871
2026/09/23 00:08:13.020, 1, 96818, 97871
2026/09/23 00:08:13.020, 2, 96835, 97871
2026/09/23 00:08:13.020, 3, 96817, 97871
2026/09/23 00:08:13.220, 0, 96809, 97871
2026/09/23 00:08:13.220, 1, 96818, 97871
2026/09/23 00:08:13.220, 2, 96835, 97871
2026/09/23 00:08:13.220, 3, 96817, 97871
2026/09/23 00:08:13.420, 0, 96809, 97871
2026/09/23 00:08:13.421, 1, 96818, 97871
2026/09/23 00:08:13.421, 2, 96835, 97871
2026/09/23 00:08:13.421, 3, 96817, 97871
2026/09/23 00:08:13.621, 0, 96809, 97871
2026/09/23 00:08:13.621, 1, 96818, 97871
2026/09/23 00:08:13.621, 2, 96835, 97871
2026/09/23 00:08:13.621, 3, 96817, 97871
2026/09/23 00:08:13.821, 0, 96809, 97871
2026/09/23 00:08:13.821, 1, 96818, 97871
2026/09/23 00:08:13.821, 2, 96835, 97871
2026/09/23 00:08:13.821, 3, 96817, 97871
2026/09/23 00:08:14.021, 0, 96809, 97871
2026/09/23 00:08:14.022, 1, 96818, 97871
2026/09/23 00:08:14.022, 2, 96835, 97871
2026/09/23 00:08:14.022, 3, 96817, 97871
2026/09/23 00:08:14.222, 0, 96809, 97871
2026/09/23 00:08:14.222, 1, 96818, 97871
2026/09/23 00:08:14.222, 2, 96835, 97871
2026/09/23 00:08:14.222, 3, 96817, 97871
2026/09/23 00:08:14.422, 0, 96809, 97871
2026/09/23 00:08:14.422, 1, 96818, 97871
2026/09/23 00:08:14.422, 2, 96835, 97871
2026/09/23 00:08:14.422, 3, 96817, 97871
2026/09/23 00:08:14.622, 0, 96809, 97871
2026/09/23 00:08:14.623, 1, 96818, 97871
2026/09/23 00:08:14.623, 2, 96835, 97871
2026/09/23 00:08:14.623, 3, 96817, 97871
2026/09/23 00:08:14.823, 0, 96809, 97871
2026/09/23 00:08:14.823, 1, 96818, 97871
2026/09/23 00:08:14.823, 2, 96835, 97871
2026/09/23 00:08:14.823, 3, 96817, 97871
2026/09/23 00:08:15.023, 0, 96809, 97871
2026/09/23 00:08:15.023, 1, 96818, 97871
2026/09/23 00:08:15.023, 2, 96835, 97871
2026/09/23 00:08:15.023, 3, 96817, 97871
2026/09/23 00:08:15.223, 0, 96809, 97871
2026/09/23 00:08:15.224, 1, 96818, 97871
2026/09/23 00:08:15.224, 2, 96835, 97871
2026/09/23 00:08:15.224, 3, 96817, 97871
2026/09/23 00:08:15.424, 0, 96809, 97871
2026/09/23 00:08:15.424, 1, 96818, 97871
2026/09/23 00:08:15.424, 2, 96835, 97871
2026/09/23 00:08:15.424, 3, 96817, 97871
2026/09/23 00:08:15.624, 0, 96809, 97871
2026/09/23 00:08:15.624, 1, 96818, 97871
2026/09/23 00:08:15.624, 2, 96835, 97871
2026/09/23 00:08:15.624, 3, 96817, 97871
2026/09/23 00:08:15.824, 0, 96809, 97871
2026/09/23 00:08:15.824, 1, 96818, 97871
2026/09/23 00:08:15.824, 2, 96835, 97871
2026/09/23 00:08:15.824, 3, 96817, 97871
2026/09/23 00:08:16.024, 0, 96809, 97871
2026/09/23 00:08:16.025, 1, 96818, 97871
2026/09/23 00:08:16.025, 2, 96835, 97871
2026/09/23 00:08:16.025, 3, 96817, 97871
2026/09/23 00:08:16.225, 0, 96809, 97871
2026/09/23 00:08:16.225, 1, 96818, 97871
2026/09/23 00:08:16.225, 2, 96835, 97871
2026/09/23 00:08:16.225, 3, 96817, 97871
2026/09/23 00:08:16.425, 0, 96809, 97871
2026/09/23 00:08:16.447, 1, 96818, 97871
2026/09/23 00:08:16.482, 2, 96835, 97871
2026/09/23 00:08:16.501, 3, 96817, 97871
2026/09/23 00:08:16.701, 0, 96809, 97871
2026/09/23 00:08:16.729, 1, 96818, 97871
2026/09/23 00:08:16.768, 2, 96835, 97871
2026/09/23 00:08:16.768, 3, 96817, 97871
2026/09/23 00:08:16.968, 0, 96809, 97871
2026/09/23 00:08:16.968, 1, 96818, 97871
2026/09/23 00:08:16.968, 2, 96835, 97871
2026/09/23 00:08:16.968, 3, 96817, 97871
2026/09/23 00:08:17.168, 0, 96809, 97871
2026/09/23 00:08:17.168, 1, 96818, 97871
2026/09/23 00:08:17.168, 2, 96835, 97871
2026/09/23 00:08:17.168, 3, 96817, 97871
2026/09/23 00:08:17.368, 0, 96809, 97871
2026/09/23 00:08:17.368, 1, 96818, 97871
2026/09/23 00:08:17.368, 2, 96835, 97871
2026/09/23 00:08:17.369, 3, 96817, 97871
2026/09/23 00:08:17.569, 0, 96809, 97871
2026/09/23 00:08:17.569, 1, 96818, 97871
2026/09/23 00:08:17.569, 2, 96835, 97871
2026/09/23 00:08:17.569, 3, 96817, 97871
2026/09/23 00:08:17.769, 0, 96809, 97871
2026/09/23 00:08:17.769, 1, 96818, 97871
2026/09/23 00:08:17.769, 2, 96835, 97871
2026/09/23 00:08:17.769, 3, 96817, 97871
2026/09/23 00:08:17.969, 0, 96809, 97871
2026/09/23 00:08:17.969, 1, 96818, 97871
2026/09/23 00:08:17.969, 2, 96835, 97871
2026/09/23 00:08:17.969, 3, 96817, 97871
2026/09/23 00:08:18.169, 0, 96809, 97871
2026/09/23 00:08:18.169, 1, 96818, 97871
2026/09/23 00:08:18.169, 2, 96835, 97871
2026/09/23 00:08:18.169, 3, 96817, 97871
2026/09/23 00:08:18.370, 0, 96809, 97871
2026/09/23 00:08:18.370, 1, 96818, 97871
2026/09/23 00:08:18.370, 2, 96835, 97871
2026/09/23 00:08:18.370, 3, 96817, 97871
2026/09/23 00:08:18.570, 0, 96809, 97871
2026/09/23 00:08:18.570, 1, 96818, 97871
2026/09/23 00:08:18.570, 2, 96835, 97871
2026/09/23 00:08:18.570, 3, 96817, 97871
2026/09/23 00:08:18.770, 0, 96809, 97871
2026/09/23 00:08:18.770, 1, 96818, 97871
2026/09/23 00:08:18.770, 2, 96835, 97871
2026/09/23 00:08:18.770, 3, 96817, 97871
2026/09/23 00:08:18.970, 0, 96809, 97871
2026/09/23 00:08:18.970, 1, 96818, 97871
2026/09/23 00:08:18.970, 2, 96835, 97871
2026/09/23 00:08:18.970, 3, 96817, 97871
2026/09/23 00:08:19.171, 0, 96809, 97871
2026/09/23 00:08:19.171, 1, 96818, 97871
2026/09/23 00:08:19.171, 2, 96835, 97871
2026/09/23 00:08:19.171, 3, 96817, 97871
2026/09/23 00:08:19.371, 0, 96809, 97871
2026/09/23 00:08:19.371, 1, 96818, 97871
2026/09/23 00:08:19.371, 2, 96835, 97871
2026/09/23 00:08:19.371, 3, 96817, 97871
2026/09/23 00:08:19.571, 0, 96809, 97871
2026/09/23 00:08:19.571, 1, 96818, 97871
2026/09/23 00:08:19.571, 2, 96835, 97871
2026/09/23 00:08:19.571, 3, 96817, 97871
2026/09/23 00:08:19.771, 0, 96809, 97871
2026/09/23 00:08:19.771, 1, 96818, 97871
2026/09/23 00:08:19.771, 2, 96835, 97871
2026/09/23 00:08:19.771, 3, 96817, 97871
2026/09/23 00:08:19.971, 0, 96809, 97871
2026/09/23 00:08:19.972, 1, 96818, 97871
2026/09/23 00:08:19.972, 2, 96835, 97871
2026/09/23 00:08:19.972, 3, 96817, 97871
2026/09/23 00:08:20.172, 0, 96809, 97871
2026/09/23 00:08:20.172, 1, 96818, 97871
2026/09/23 00:08:20.172, 2, 96835, 97871
2026/09/23 00:08:20.172, 3, 96817, 97871
2026/09/23 00:08:20.372, 0, 96809, 97871
2026/09/23 00:08:20.372, 1, 96818, 97871
2026/09/23 00:08:20.372, 2, 96835, 97871
2026/09/23 00:08:20.372, 3, 96817, 97871
2026/09/23 00:08:20.572, 0, 96809, 97871
2026/09/23 00:08:20.572, 1, 96818, 97871
2026/09/23 00:08:20.572, 2, 96835, 97871
2026/09/23 00:08:20.572, 3, 96817, 97871
2026/09/23 00:08:20.772, 0, 96809, 97871
2026/09/23 00:08:20.773, 1, 96818, 97871
2026/09/23 00:08:20.773, 2, 96835, 97871
2026/09/23 00:08:20.773, 3, 96817, 97871
2026/09/23 00:08:20.973, 0, 96809, 97871
2026/09/23 00:08:20.973, 1, 96818, 97871
2026/09/23 00:08:20.973, 2, 96835, 97871
2026/09/23 00:08:20.973, 3, 96817, 97871
2026/09/23 00:08:21.173, 0, 96809, 97871
2026/09/23 00:08:21.173, 1, 96818, 97871
2026/09/23 00:08:21.173, 2, 96835, 97871
2026/09/23 00:08:21.173, 3, 96817, 97871
2026/09/23 00:08:21.373, 0, 96809, 97871
2026/09/23 00:08:21.373, 1, 96818, 97871
2026/09/23 00:08:21.373, 2, 96835, 97871
2026/09/23 00:08:21.373, 3, 96817, 97871
2026/09/23 00:08:21.573, 0, 96809, 97871
2026/09/23 00:08:21.574, 1, 96818, 97871
2026/09/23 00:08:21.574, 2, 96835, 97871
2026/09/23 00:08:21.574, 3, 96817, 97871
2026/09/23 00:08:21.774, 0, 96809, 97871
2026/09/23 00:08:21.774, 1, 96818, 97871
2026/09/23 00:08:21.774, 2, 96835, 97871
2026/09/23 00:08:21.774, 3, 96817, 97871
2026/09/23 00:08:21.974, 0, 96809, 97871
2026/09/23 00:08:21.974, 1, 96818, 97871
2026/09/23 00:08:21.974, 2, 96835, 97871
2026/09/23 00:08:21.974, 3, 96817, 97871
2026/09/23 00:08:22.174, 0, 96809, 97871
2026/09/23 00:08:22.174, 1, 96818, 97871
2026/09/23 00:08:22.174, 2, 96835, 97871
2026/09/23 00:08:22.174, 3, 96817, 97871
2026/09/23 00:08:22.374, 0, 96809, 97871
2026/09/23 00:08:22.374, 1, 96818, 97871
2026/09/23 00:08:22.375, 2, 96835, 97871
2026/09/23 00:08:22.375, 3, 96817, 97871
2026/09/23 00:08:22.575, 0, 96809, 97871
2026/09/23 00:08:22.575, 1, 96818, 97871
2026/09/23 00:08:22.575, 2, 96835, 97871
2026/09/23 00:08:22.575, 3, 96817, 97871
2026/09/23 00:08:22.775, 0, 96809, 97871
2026/09/23 00:08:22.775, 1, 96818, 97871
2026/09/23 00:08:22.775, 2, 96835, 97871
2026/09/23 00:08:22.775, 3, 96817, 97871
2026/09/23 00:08:22.975, 0, 96809, 97871
2026/09/23 00:08:22.975, 1, 96818, 97871
2026/09/23 00:08:22.975, 2, 96835, 97871
2026/09/23 00:08:22.975, 3, 96817, 97871
2026/09/23 00:08:23.175, 0, 96809, 97871
2026/09/23 00:08:23.175, 1, 96818, 97871
2026/09/23 00:08:23.175, 2, 96835, 97871
2026/09/23 00:08:23.175, 3, 96817, 97871
2026/09/23 00:08:23.376, 0, 96809, 97871
2026/09/23 00:08:23.376, 1, 96818, 97871
2026/09/23 00:08:23.376, 2, 96835, 97871
2026/09/23 00:08:23.376, 3, 96817, 97871
2026/09/23 00:08:23.576, 0, 96809, 97871
2026/09/23 00:08:23.576, 1, 96818, 97871
2026/09/23 00:08:23.576, 2, 96835, 97871
2026/09/23 00:08:23.576, 3, 96817, 97871
2026/09/23 00:08:23.776, 0, 96809, 97871
2026/09/23 00:08:23.776, 1, 96818, 97871
2026/09/23 00:08:23.776, 2, 96835, 97871
2026/09/23 00:08:23.776, 3, 96817, 97871
2026/09/23 00:08:23.976, 0, 96809, 97871
2026/09/23 00:08:23.976, 1, 96818, 97871
2026/09/23 00:08:23.976, 2, 96835, 97871
2026/09/23 00:08:23.976, 3, 96817, 97871
2026/09/23 00:08:24.176, 0, 96809, 97871
2026/09/23 00:08:24.177, 1, 96818, 97871
2026/09/23 00:08:24.177, 2, 96835, 97871
2026/09/23 00:08:24.177, 3, 96817, 97871
2026/09/23 00:08:24.377, 0, 96809, 97871
2026/09/23 00:08:24.377, 1, 96818, 97871
2026/09/23 00:08:24.377, 2, 96835, 97871
2026/09/23 00:08:24.377, 3, 96817, 97871
2026/09/23 00:08:24.577, 0, 96809, 97871
2026/09/23 00:08:24.577, 1, 96818, 97871
2026/09/23 00:08:24.577, 2, 96835, 97871
2026/09/23 00:08:24.577, 3, 96817, 97871
2026/09/23 00:08:24.777, 0, 96809, 97871
2026/09/23 00:08:24.777, 1, 96818, 97871
2026/09/23 00:08:24.777, 2, 96835, 97871
2026/09/23 00:08:24.777, 3, 96817, 97871
2026/09/23 00:08:24.977, 0, 96809, 97871
2026/09/23 00:08:24.977, 1, 96818, 97871
2026/09/23 00:08:24.977, 2, 96835, 97871
2026/09/23 00:08:24.977, 3, 96817, 97871
2026/09/23 00:08:25.178, 0, 96809, 97871
2026/09/23 00:08:25.178, 1, 96818, 97871
2026/09/23 00:08:25.178, 2, 96835, 97871
2026/09/23 00:08:25.178, 3, 96817, 97871
2026/09/23 00:08:25.378, 0, 96809, 97871
2026/09/23 00:08:25.378, 1, 96818, 97871
2026/09/23 00:08:25.378, 2, 96835, 97871
2026/09/23 00:08:25.378, 3, 96817, 97871
2026/09/23 00:08:25.578, 0, 96809, 97871
2026/09/23 00:08:25.578, 1, 96818, 97871
2026/09/23 00:08:25.578, 2, 96835, 97871
2026/09/23 00:08:25.578, 3, 96817, 97871
2026/09/23 00:08:25.778, 0, 96809, 97871
2026/09/23 00:08:25.778, 1, 96818, 97871
2026/09/23 00:08:25.778, 2, 96835, 97871
2026/09/23 00:08:25.778, 3, 96817, 97871
2026/09/23 00:08:25.978, 0, 96809, 97871
2026/09/23 00:08:25.979, 1, 96818, 97871
2026/09/23 00:08:25.979, 2, 96835, 97871
2026/09/23 00:08:25.979, 3, 96817, 97871
2026/09/23 00:08:26.179, 0, 96809, 97871
2026/09/23 00:08:26.179, 1, 96818, 97871
2026/09/23 00:08:26.179, 2, 96835, 97871
2026/09/23 00:08:26.179, 3, 96817, 97871
2026/09/23 00:08:26.379, 0, 96809, 97871
2026/09/23 00:08:26.379, 1, 96818, 97871
2026/09/23 00:08:26.379, 2, 96835, 97871
2026/09/23 00:08:26.379, 3, 96817, 97871
2026/09/23 00:08:26.579, 0, 96809, 97871
2026/09/23 00:08:26.579, 1, 96818, 97871
2026/09/23 00:08:26.579, 2, 96835, 97871
2026/09/23 00:08:26.579, 3, 96817, 97871
2026/09/23 00:08:26.779, 0, 96809, 97871
2026/09/23 00:08:26.779, 1, 96818, 97871
2026/09/23 00:08:26.779, 2, 96835, 97871
2026/09/23 00:08:26.779, 3, 96817, 97871
2026/09/23 00:08:26.980, 0, 96809, 97871
2026/09/23 00:08:26.980, 1, 96818, 97871
2026/09/23 00:08:26.980, 2, 96835, 97871
2026/09/23 00:08:26.980, 3, 96817, 97871
2026/09/23 00:08:27.180, 0, 96809, 97871
2026/09/23 00:08:27.180, 1, 96818, 97871
2026/09/23 00:08:27.180, 2, 96835, 97871
2026/09/23 00:08:27.180, 3, 96817, 97871
2026/09/23 00:08:27.380, 0, 96809, 97871
2026/09/23 00:08:27.380, 1, 96818, 97871
2026/09/23 00:08:27.380, 2, 96835, 97871
2026/09/23 00:08:27.380, 3, 96817, 97871
2026/09/23 00:08:27.580, 0, 96809, 97871
2026/09/23 00:08:27.580, 1, 96818, 97871
2026/09/23 00:08:27.580, 2, 96835, 97871
2026/09/23 00:08:27.580, 3, 96817, 97871
2026/09/23 00:08:27.781, 0, 96809, 97871
2026/09/23 00:08:27.781, 1, 96818, 97871
2026/09/23 00:08:27.781, 2, 96835, 97871
2026/09/23 00:08:27.781, 3, 96817, 97871
2026/09/23 00:08:27.981, 0, 96809, 97871
2026/09/23 00:08:27.981, 1, 96818, 97871
2026/09/23 00:08:27.981, 2, 96835, 97871
2026/09/23 00:08:27.981, 3, 96817, 97871
2026/09/23 00:08:28.181, 0, 96809, 97871
2026/09/23 00:08:28.181, 1, 96818, 97871
2026/09/23 00:08:28.181, 2, 96835, 97871
2026/09/23 00:08:28.181, 3, 96817, 97871
2026/09/23 00:08:28.381, 0, 96809, 97871
2026/09/23 00:08:28.381, 1, 96818, 97871
2026/09/23 00:08:28.381, 2, 96835, 97871
2026/09/23 00:08:28.381, 3, 96817, 97871
2026/09/23 00:08:28.581, 0, 96809, 97871
2026/09/23 00:08:28.581, 1, 96818, 97871
2026/09/23 00:08:28.581, 2, 96835, 97871
2026/09/23 00:08:28.582, 3, 96817, 97871
2026/09/23 00:08:28.782, 0, 96809, 97871
2026/09/23 00:08:28.782, 1, 96818, 97871
2026/09/23 00:08:28.782, 2, 96835, 97871
2026/09/23 00:08:28.782, 3, 96817, 97871
2026/09/23 00:08:28.982, 0, 96809, 97871
2026/09/23 00:08:28.982, 1, 96818, 97871
2026/09/23 00:08:28.982, 2, 96835, 97871
2026/09/23 00:08:28.982, 3, 96817, 97871
2026/09/23 00:08:29.182, 0, 96809, 97871
2026/09/23 00:08:29.182, 1, 96818, 97871
2026/09/23 00:08:29.182, 2, 96835, 97871
2026/09/23 00:08:29.182, 3, 96817, 97871
2026/09/23 00:08:29.382, 0, 96809, 97871
2026/09/23 00:08:29.382, 1, 96818, 97871
2026/09/23 00:08:29.382, 2, 96835, 97871
2026/09/23 00:08:29.382, 3, 96817, 97871
2026/09/23 00:08:29.582, 0, 96809, 97871
2026/09/23 00:08:29.582, 1, 96818, 97871
2026/09/23 00:08:29.582, 2, 96835, 97871
2026/09/23 00:08:29.583, 3, 96817, 97871
2026/09/23 00:08:29.783, 0, 96809, 97871
2026/09/23 00:08:29.783, 1, 96818, 97871
2026/09/23 00:08:29.783, 2, 96835, 97871
2026/09/23 00:08:29.783, 3, 96817, 97871
2026/09/23 00:08:29.983, 0, 96809, 97871
2026/09/23 00:08:29.983, 1, 96818, 97871
2026/09/23 00:08:29.983, 2, 96835, 97871
2026/09/23 00:08:29.983, 3, 96817, 97871
2026/09/23 00:08:30.183, 0, 96809, 97871
2026/09/23 00:08:30.183, 1, 96818, 97871
2026/09/23 00:08:30.183, 2, 96835, 97871
2026/09/23 00:08:30.183, 3, 96817, 97871
2026/09/23 00:08:30.383, 0, 96809, 97871
2026/09/23 00:08:30.383, 1, 96818, 97871
2026/09/23 00:08:30.383, 2, 96835, 97871
2026/09/23 00:08:30.383, 3, 96817, 97871
2026/09/23 00:08:30.583, 0, 96809, 97871
2026/09/23 00:08:30.583, 1, 96818, 97871
2026/09/23 00:08:30.583, 2, 96835, 97871
2026/09/23 00:08:30.584, 3, 96817, 97871
2026/09/23 00:08:30.784, 0, 96809, 97871
2026/09/23 00:08:30.784, 1, 96818, 97871
2026/09/23 00:08:30.784, 2, 96835, 97871
2026/09/23 00:08:30.784, 3, 96817, 97871
2026/09/23 00:08:30.984, 0, 96809, 97871
2026/09/23 00:08:30.984, 1, 96818, 97871
2026/09/23 00:08:30.984, 2, 96835, 97871
2026/09/23 00:08:30.984, 3, 96817, 97871
2026/09/23 00:08:31.184, 0, 96809, 97871
2026/09/23 00:08:31.184, 1, 96818, 97871
2026/09/23 00:08:31.184, 2, 96835, 97871
2026/09/23 00:08:31.184, 3, 96817, 97871
2026/09/23 00:08:31.384, 0, 96809, 97871
2026/09/23 00:08:31.384, 1, 96818, 97871
2026/09/23 00:08:31.384, 2, 96835, 97871
2026/09/23 00:08:31.384, 3, 96817, 97871
2026/09/23 00:08:31.584, 0, 96809, 97871
2026/09/23 00:08:31.584, 1, 96818, 97871
2026/09/23 00:08:31.584, 2, 96835, 97871
2026/09/23 00:08:31.584, 3, 96817, 97871
2026/09/23 00:08:31.785, 0, 96809, 97871
2026/09/23 00:08:31.785, 1, 96818, 97871
2026/09/23 00:08:31.785, 2, 96835, 97871
2026/09/23 00:08:31.785, 3, 96817, 97871
2026/09/23 00:08:31.985, 0, 96809, 97871
2026/09/23 00:08:31.985, 1, 96818, 97871
2026/09/23 00:08:31.985, 2, 96835, 97871
2026/09/23 00:08:31.985, 3, 96817, 97871
2026/09/23 00:08:32.185, 0, 96809, 97871
2026/09/23 00:08:32.185, 1, 96818, 97871
2026/09/23 00:08:32.185, 2, 96835, 97871
2026/09/23 00:08:32.185, 3, 96817, 97871
2026/09/23 00:08:32.385, 0, 96809, 97871
2026/09/23 00:08:32.385, 1, 96818, 97871
2026/09/23 00:08:32.385, 2, 96835, 97871
2026/09/23 00:08:32.385, 3, 96817, 97871
2026/09/23 00:08:32.585, 0, 96809, 97871
2026/09/23 00:08:32.585, 1, 96818, 97871
2026/09/23 00:08:32.585, 2, 96835, 97871
2026/09/23 00:08:32.585, 3, 96817, 97871
2026/09/23 00:08:32.786, 0, 96809, 97871
2026/09/23 00:08:32.786, 1, 96818, 97871
2026/09/23 00:08:32.786, 2, 96835, 97871
2026/09/23 00:08:32.786, 3, 96817, 97871
2026/09/23 00:08:32.986, 0, 96809, 97871
2026/09/23 00:08:32.986, 1, 96818, 97871
2026/09/23 00:08:32.986, 2, 96835, 97871
2026/09/23 00:08:32.986, 3, 96817, 97871
2026/09/23 00:08:33.186, 0, 96809, 97871
2026/09/23 00:08:33.186, 1, 96818, 97871
2026/09/23 00:08:33.186, 2, 96835, 97871
2026/09/23 00:08:33.186, 3, 96817, 97871
2026/09/23 00:08:33.386, 0, 96809, 97871
2026/09/23 00:08:33.386, 1, 96818, 97871
2026/09/23 00:08:33.387, 2, 96835, 97871
2026/09/23 00:08:33.387, 3, 96817, 97871
2026/09/23 00:08:33.587, 0, 96809, 97871
2026/09/23 00:08:33.587, 1, 96818, 97871
2026/09/23 00:08:33.587, 2, 96835, 97871
2026/09/23 00:08:33.587, 3, 96817, 97871
2026/09/23 00:08:33.787, 0, 96809, 97871
2026/09/23 00:08:33.787, 1, 96818, 97871
2026/09/23 00:08:33.787, 2, 96835, 97871
2026/09/23 00:08:33.787, 3, 96817, 97871
2026/09/23 00:08:33.987, 0, 96809, 97871
2026/09/23 00:08:33.987, 1, 96818, 97871
2026/09/23 00:08:33.987, 2, 96835, 97871
2026/09/23 00:08:33.988, 3, 96817, 97871
2026/09/23 00:08:34.188, 0, 96809, 97871
2026/09/23 00:08:34.188, 1, 96818, 97871
2026/09/23 00:08:34.188, 2, 96835, 97871
2026/09/23 00:08:34.188, 3, 96817, 97871
2026/09/23 00:08:34.388, 0, 96809, 97871
2026/09/23 00:08:34.388, 1, 96818, 97871
2026/09/23 00:08:34.388, 2, 96835, 97871
2026/09/23 00:08:34.388, 3, 96817, 97871
2026/09/23 00:08:34.588, 0, 96809, 97871
2026/09/23 00:08:34.588, 1, 96818, 97871
2026/09/23 00:08:34.589, 2, 96835, 97871
2026/09/23 00:08:34.589, 3, 96817, 97871
2026/09/23 00:08:34.789, 0, 96809, 97871
2026/09/23 00:08:34.789, 1, 96818, 97871
2026/09/23 00:08:34.789, 2, 96835, 97871
2026/09/23 00:08:34.789, 3, 96817, 97871
2026/09/23 00:08:34.989, 0, 96809, 97871
2026/09/23 00:08:34.989, 1, 96818, 97871
2026/09/23 00:08:34.989, 2, 96835, 97871
2026/09/23 00:08:34.989, 3, 96817, 97871
2026/09/23 00:08:35.189, 0, 96809, 97871
2026/09/23 00:08:35.189, 1, 96818, 97871
2026/09/23 00:08:35.189, 2, 96835, 97871
2026/09/23 00:08:35.189, 3, 96817, 97871
2026/09/23 00:08:35.389, 0, 96809, 97871
2026/09/23 00:08:35.389, 1, 96818, 97871
2026/09/23 00:08:35.390, 2, 96835, 97871
2026/09/23 00:08:35.390, 3, 96817, 97871
2026/09/23 00:08:35.590, 0, 96809, 97871
2026/09/23 00:08:35.590, 1, 96818, 97871
2026/09/23 00:08:35.590, 2, 96835, 97871
2026/09/23 00:08:35.590, 3, 96817, 97871
2026/09/23 00:08:35.790, 0, 96809, 97871
2026/09/23 00:08:35.790, 1, 96818, 97871
2026/09/23 00:08:35.790, 2, 96835, 97871
2026/09/23 00:08:35.790, 3, 96817, 97871
2026/09/23 00:08:35.990, 0, 96809, 97871
2026/09/23 00:08:35.990, 1, 96818, 97871
2026/09/23 00:08:35.990, 2, 96835, 97871
2026/09/23 00:08:35.990, 3, 96817, 97871
2026/09/23 00:08:36.190, 0, 96809, 97871
2026/09/23 00:08:36.190, 1, 96818, 97871
2026/09/23 00:08:36.190, 2, 96835, 97871
2026/09/23 00:08:36.190, 3, 96817, 97871
2026/09/23 00:08:36.391, 0, 96809, 97871
2026/09/23 00:08:36.391, 1, 96818, 97871
2026/09/23 00:08:36.391, 2, 96835, 97871
2026/09/23 00:08:36.391, 3, 96817, 97871
2026/09/23 00:08:36.591, 0, 96809, 97871
2026/09/23 00:08:36.591, 1, 96818, 97871
2026/09/23 00:08:36.591, 2, 96835, 97871
2026/09/23 00:08:36.591, 3, 96817, 97871
2026/09/23 00:08:36.791, 0, 96809, 97871
2026/09/23 00:08:36.791, 1, 96818, 97871
2026/09/23 00:08:36.791, 2, 96835, 97871
2026/09/23 00:08:36.791, 3, 96817, 97871
2026/09/23 00:08:36.991, 0, 96809, 97871
2026/09/23 00:08:36.991, 1, 96818, 97871
2026/09/23 00:08:36.991, 2, 96835, 97871
2026/09/23 00:08:36.991, 3, 96817, 97871
2026/09/23 00:08:37.192, 0, 96809, 97871
2026/09/23 00:08:37.192, 1, 96818, 97871
2026/09/23 00:08:37.192, 2, 96835, 97871
2026/09/23 00:08:37.192, 3, 96817, 97871
2026/09/23 00:08:37.392, 0, 96809, 97871
2026/09/23 00:08:37.392, 1, 96818, 97871
2026/09/23 00:08:37.392, 2, 96835, 97871
2026/09/23 00:08:37.392, 3, 96817, 97871
2026/09/23 00:08:37.592, 0, 96809, 97871
2026/09/23 00:08:37.592, 1, 96818, 97871
2026/09/23 00:08:37.592, 2, 96835, 97871
2026/09/23 00:08:37.592, 3, 96817, 97871
2026/09/23 00:08:37.793, 0, 96809, 97871
2026/09/23 00:08:37.793, 1, 96818, 97871
2026/09/23 00:08:37.793, 2, 96835, 97871
2026/09/23 00:08:37.793, 3, 96817, 97871
2026/09/23 00:08:37.993, 0, 96809, 97871
2026/09/23 00:08:37.993, 1, 96818, 97871
2026/09/23 00:08:37.993, 2, 96835, 97871
2026/09/23 00:08:37.993, 3, 96817, 97871
2026/09/23 00:08:38.193, 0, 96809, 97871
2026/09/23 00:08:38.193, 1, 96818, 97871
2026/09/23 00:08:38.193, 2, 96835, 97871
2026/09/23 00:08:38.193, 3, 96817, 97871
2026/09/23 00:08:38.393, 0, 96809, 97871
2026/09/23 00:08:38.394, 1, 96818, 97871
2026/09/23 00:08:38.394, 2, 96835, 97871
2026/09/23 00:08:38.394, 3, 96817, 97871
2026/09/23 00:08:38.594, 0, 96809, 97871
2026/09/23 00:08:38.594, 1, 96818, 97871
2026/09/23 00:08:38.594, 2, 96835, 97871
2026/09/23 00:08:38.594, 3, 96817, 97871
2026/09/23 00:08:38.794, 0, 96809, 97871
2026/09/23 00:08:38.794, 1, 96818, 97871
2026/09/23 00:08:38.794, 2, 96835, 97871
2026/09/23 00:08:38.794, 3, 96817, 97871
2026/09/23 00:08:38.994, 0, 96809, 97871
2026/09/23 00:08:38.995, 1, 96818, 97871
2026/09/23 00:08:38.995, 2, 96835, 97871
2026/09/23 00:08:38.995, 3, 96817, 97871
2026/09/23 00:08:39.195, 0, 96809, 97871
2026/09/23 00:08:39.195, 1, 96818, 97871
2026/09/23 00:08:39.195, 2, 96835, 97871
2026/09/23 00:08:39.195, 3, 96817, 97871
2026/09/23 00:08:39.395, 0, 96809, 97871
2026/09/23 00:08:39.395, 1, 96818, 97871
2026/09/23 00:08:39.395, 2, 96835, 97871
2026/09/23 00:08:39.395, 3, 96817, 97871
2026/09/23 00:08:39.595, 0, 96809, 97871
2026/09/23 00:08:39.595, 1, 96818, 97871
2026/09/23 00:08:39.595, 2, 96835, 97871
2026/09/23 00:08:39.596, 3, 96817, 97871
2026/09/23 00:08:39.796, 0, 96809, 97871
2026/09/23 00:08:39.796, 1, 96818, 97871
2026/09/23 00:08:39.796, 2, 96835, 97871
2026/09/23 00:08:39.796, 3, 96817, 97871
2026/09/23 00:08:39.996, 0, 96809, 97871
2026/09/23 00:08:39.996, 1, 96818, 97871
2026/09/23 00:08:39.996, 2, 96835, 97871
2026/09/23 00:08:39.996, 3, 96817, 97871
2026/09/23 00:08:40.196, 0, 96809, 97871
2026/09/23 00:08:40.196, 1, 96818, 97871
2026/09/23 00:08:40.196, 2, 96835, 97871
2026/09/23 00:08:40.196, 3, 96817, 97871
2026/09/23 00:08:40.396, 0, 96809, 97871
2026/09/23 00:08:40.396, 1, 96818, 97871
2026/09/23 00:08:40.397, 2, 96835, 97871
2026/09/23 00:08:40.397, 3, 96817, 97871
2026/09/23 00:08:40.597, 0, 96809, 97871
2026/09/23 00:08:40.597, 1, 96818, 97871
2026/09/23 00:08:40.597, 2, 96835, 97871
2026/09/23 00:08:40.597, 3, 96817, 97871
2026/09/23 00:08:40.797, 0, 96809, 97871
2026/09/23 00:08:40.797, 1, 96818, 97871
2026/09/23 00:08:40.797, 2, 96835, 97871
2026/09/23 00:08:40.797, 3, 96817, 97871
2026/09/23 00:08:40.997, 0, 96809, 97871
2026/09/23 00:08:40.997, 1, 96818, 97871
2026/09/23 00:08:40.997, 2, 96835, 97871
2026/09/23 00:08:40.997, 3, 96817, 97871
2026/09/23 00:08:41.197, 0, 96809, 97871
2026/09/23 00:08:41.198, 1, 96818, 97871
2026/09/23 00:08:41.198, 2, 96835, 97871
2026/09/23 00:08:41.198, 3, 96817, 97871
2026/09/23 00:08:41.398, 0, 96809, 97871
2026/09/23 00:08:41.398, 1, 96818, 97871
2026/09/23 00:08:41.398, 2, 96835, 97871
2026/09/23 00:08:41.398, 3, 96817, 97871
2026/09/23 00:08:41.598, 0, 96809, 97871
2026/09/23 00:08:41.598, 1, 96818, 97871
2026/09/23 00:08:41.598, 2, 96835, 97871
2026/09/23 00:08:41.598, 3, 96817, 97871
2026/09/23 00:08:41.798, 0, 96809, 97871
2026/09/23 00:08:41.798, 1, 96818, 97871
2026/09/23 00:08:41.799, 2, 96835, 97871
2026/09/23 00:08:41.799, 3, 96817, 97871
2026/09/23 00:08:41.999, 0, 96809, 97871
2026/09/23 00:08:41.999, 1, 96818, 97871
2026/09/23 00:08:41.999, 2, 96835, 97871
2026/09/23 00:08:41.999, 3, 96817, 97871
2026/09/23 00:08:42.206, 0, 96809, 97871
2026/09/23 00:08:42.206, 1, 96818, 97871
2026/09/23 00:08:42.206, 2, 96835, 97871
2026/09/23 00:08:42.206, 3, 96817, 97871
2026/09/23 00:08:42.406, 0, 96809, 97871
2026/09/23 00:08:42.406, 1, 96818, 97871
2026/09/23 00:08:42.406, 2, 96835, 97871
2026/09/23 00:08:42.406, 3, 96817, 97871
2026/09/23 00:08:42.606, 0, 96809, 97871
2026/09/23 00:08:42.607, 1, 96818, 97871
2026/09/23 00:08:42.607, 2, 96835, 97871
2026/09/23 00:08:42.607, 3, 96817, 97871
2026/09/23 00:08:42.807, 0, 96809, 97871
2026/09/23 00:08:42.807, 1, 96818, 97871
2026/09/23 00:08:42.807, 2, 96835, 97871
2026/09/23 00:08:42.807, 3, 96817, 97871
2026/09/23 00:08:43.007, 0, 96809, 97871
2026/09/23 00:08:43.007, 1, 96818, 97871
2026/09/23 00:08:43.007, 2, 96835, 97871
2026/09/23 00:08:43.007, 3, 96817, 97871
2026/09/23 00:08:43.207, 0, 96809, 97871
2026/09/23 00:08:43.207, 1, 96818, 97871
2026/09/23 00:08:43.207, 2, 96835, 97871
2026/09/23 00:08:43.207, 3, 96817, 97871
2026/09/23 00:08:43.407, 0, 96809, 97871
2026/09/23 00:08:43.408, 1, 96818, 97871
2026/09/23 00:08:43.408, 2, 96835, 97871
2026/09/23 00:08:43.408, 3, 96817, 97871
2026/09/23 00:08:43.608, 0, 96809, 97871
2026/09/23 00:08:43.608, 1, 96818, 97871
2026/09/23 00:08:43.608, 2, 96835, 97871
2026/09/23 00:08:43.608, 3, 96817, 97871
2026/09/23 00:08:43.808, 0, 96809, 97871
2026/09/23 00:08:43.808, 1, 96818, 97871
2026/09/23 00:08:43.808, 2, 96835, 97871
2026/09/23 00:08:43.808, 3, 96817, 97871
2026/09/23 00:08:44.008, 0, 96809, 97871
2026/09/23 00:08:44.008, 1, 96818, 97871
2026/09/23 00:08:44.008, 2, 96835, 97871
2026/09/23 00:08:44.008, 3, 96817, 97871
2026/09/23 00:08:44.208, 0, 96809, 97871
2026/09/23 00:08:44.208, 1, 96818, 97871
2026/09/23 00:08:44.209, 2, 96835, 97871
2026/09/23 00:08:44.209, 3, 96817, 97871
2026/09/23 00:08:44.409, 0, 96809, 97871
2026/09/23 00:08:44.409, 1, 96818, 97871
2026/09/23 00:08:44.409, 2, 96835, 97871
2026/09/23 00:08:44.409, 3, 96817, 97871
2026/09/23 00:08:44.609, 0, 96809, 97871
2026/09/23 00:08:44.609, 1, 96818, 97871
2026/09/23 00:08:44.609, 2, 96835, 97871
2026/09/23 00:08:44.609, 3, 96817, 97871
2026/09/23 00:08:44.809, 0, 96809, 97871
2026/09/23 00:08:44.809, 1, 96818, 97871
2026/09/23 00:08:44.809, 2, 96835, 97871
2026/09/23 00:08:44.809, 3, 96817, 97871
2026/09/23 00:08:45.009, 0, 96809, 97871
2026/09/23 00:08:45.010, 1, 96818, 97871
2026/09/23 00:08:45.010, 2, 96835, 97871
2026/09/23 00:08:45.010, 3, 96817, 97871
2026/09/23 00:08:45.210, 0, 96809, 97871
2026/09/23 00:08:45.210, 1, 96818, 97871
2026/09/23 00:08:45.210, 2, 96835, 97871
2026/09/23 00:08:45.210, 3, 96817, 97871
2026/09/23 00:08:45.410, 0, 96809, 97871
2026/09/23 00:08:45.410, 1, 96818, 97871
2026/09/23 00:08:45.410, 2, 96835, 97871
2026/09/23 00:08:45.410, 3, 96817, 97871
2026/09/23 00:08:45.610, 0, 96809, 97871
2026/09/23 00:08:45.610, 1, 96818, 97871
2026/09/23 00:08:45.610, 2, 96835, 97871
2026/09/23 00:08:45.610, 3, 96817, 97871
2026/09/23 00:08:45.810, 0, 96809, 97871
2026/09/23 00:08:45.811, 1, 96818, 97871
2026/09/23 00:08:45.811, 2, 96835, 97871
2026/09/23 00:08:45.811, 3, 96817, 97871
2026/09/23 00:08:46.011, 0, 96809, 97871
2026/09/23 00:08:46.011, 1, 96818, 97871
2026/09/23 00:08:46.011, 2, 96835, 97871
2026/09/23 00:08:46.011, 3, 96817, 97871
2026/09/23 00:08:46.211, 0, 96809, 97871
2026/09/23 00:08:46.211, 1, 96818, 97871
2026/09/23 00:08:46.211, 2, 96835, 97871
2026/09/23 00:08:46.211, 3, 96817, 97871
2026/09/23 00:08:46.411, 0, 96809, 97871
2026/09/23 00:08:46.412, 1, 96818, 97871
2026/09/23 00:08:46.412, 2, 96835, 97871
2026/09/23 00:08:46.412, 3, 96817, 97871
2026/09/23 00:08:46.612, 0, 96809, 97871
2026/09/23 00:08:46.612, 1, 96818, 97871
2026/09/23 00:08:46.612, 2, 96835, 97871
2026/09/23 00:08:46.612, 3, 96817, 97871
2026/09/23 00:08:46.812, 0, 96809, 97871
2026/09/23 00:08:46.812, 1, 96818, 97871
2026/09/23 00:08:46.812, 2, 96835, 97871
2026/09/23 00:08:46.812, 3, 96817, 97871
2026/09/23 00:08:47.012, 0, 96809, 97871
2026/09/23 00:08:47.012, 1, 96818, 97871
2026/09/23 00:08:47.012, 2, 96835, 97871
2026/09/23 00:08:47.012, 3, 96817, 97871
2026/09/23 00:08:47.213, 0, 96809, 97871
2026/09/23 00:08:47.213, 1, 96818, 97871
2026/09/23 00:08:47.213, 2, 96835, 97871
2026/09/23 00:08:47.213, 3, 96817, 97871
2026/09/23 00:08:47.413, 0, 96809, 97871
2026/09/23 00:08:47.413, 1, 96818, 97871
2026/09/23 00:08:47.413, 2, 96835, 97871
2026/09/23 00:08:47.413, 3, 96817, 97871
2026/09/23 00:08:47.613, 0, 96809, 97871
2026/09/23 00:08:47.613, 1, 96818, 97871
2026/09/23 00:08:47.613, 2, 96835, 97871
2026/09/23 00:08:47.613, 3, 96817, 97871
2026/09/23 00:08:47.813, 0, 96809, 97871
2026/09/23 00:08:47.813, 1, 96818, 97871
2026/09/23 00:08:47.813, 2, 96835, 97871
2026/09/23 00:08:47.814, 3, 96817, 97871
2026/09/23 00:08:48.014, 0, 96809, 97871
2026/09/23 00:08:48.014, 1, 96818, 97871
2026/09/23 00:08:48.014, 2, 96835, 97871
2026/09/23 00:08:48.014, 3, 96817, 97871
2026/09/23 00:08:48.214, 0, 96809, 97871
2026/09/23 00:08:48.214, 1, 96818, 97871
2026/09/23 00:08:48.214, 2, 96835, 97871
2026/09/23 00:08:48.214, 3, 96817, 97871
2026/09/23 00:08:48.414, 0, 96809, 97871
2026/09/23 00:08:48.414, 1, 96818, 97871
2026/09/23 00:08:48.414, 2, 96835, 97871
2026/09/23 00:08:48.414, 3, 96817, 97871
2026/09/23 00:08:48.614, 0, 96809, 97871
2026/09/23 00:08:48.614, 1, 96818, 97871
2026/09/23 00:08:48.614, 2, 96835, 97871
2026/09/23 00:08:48.614, 3, 96817, 97871
2026/09/23 00:08:48.815, 0, 96809, 97871
2026/09/23 00:08:48.815, 1, 96818, 97871
2026/09/23 00:08:48.815, 2, 96835, 97871
2026/09/23 00:08:48.815, 3, 96817, 97871
2026/09/23 00:08:49.015, 0, 96809, 97871
2026/09/23 00:08:49.015, 1, 96818, 97871
2026/09/23 00:08:49.015, 2, 96835, 97871
2026/09/23 00:08:49.015, 3, 96817, 97871
2026/09/23 00:08:49.215, 0, 96809, 97871
2026/09/23 00:08:49.215, 1, 96818, 97871
2026/09/23 00:08:49.215, 2, 96835, 97871
2026/09/23 00:08:49.215, 3, 96817, 97871
2026/09/23 00:08:49.415, 0, 96809, 97871
2026/09/23 00:08:49.415, 1, 96818, 97871
2026/09/23 00:08:49.415, 2, 96835, 97871
2026/09/23 00:08:49.415, 3, 96817, 97871
2026/09/23 00:08:49.615, 0, 96809, 97871
2026/09/23 00:08:49.616, 1, 96818, 97871
2026/09/23 00:08:49.616, 2, 96835, 97871
2026/09/23 00:08:49.616, 3, 96817, 97871
2026/09/23 00:08:49.816, 0, 96809, 97871
2026/09/23 00:08:49.816, 1, 96818, 97871
2026/09/23 00:08:49.816, 2, 96835, 97871
2026/09/23 00:08:49.816, 3, 96817, 97871
2026/09/23 00:08:50.016, 0, 96809, 97871
2026/09/23 00:08:50.016, 1, 96818, 97871
2026/09/23 00:08:50.016, 2, 96835, 97871
2026/09/23 00:08:50.016, 3, 96817, 97871
2026/09/23 00:08:50.216, 0, 96809, 97871
2026/09/23 00:08:50.217, 1, 96818, 97871
2026/09/23 00:08:50.217, 2, 96835, 97871
2026/09/23 00:08:50.217, 3, 96817, 97871
2026/09/23 00:08:50.417, 0, 96809, 97871
2026/09/23 00:08:50.417, 1, 96818, 97871
2026/09/23 00:08:50.417, 2, 96835, 97871
2026/09/23 00:08:50.417, 3, 96817, 97871
2026/09/23 00:08:50.617, 0, 96809, 97871
2026/09/23 00:08:50.617, 1, 96818, 97871
2026/09/23 00:08:50.617, 2, 96835, 97871
2026/09/23 00:08:50.617, 3, 96817, 97871
2026/09/23 00:08:50.817, 0, 96809, 97871
2026/09/23 00:08:50.817, 1, 96818, 97871
2026/09/23 00:08:50.817, 2, 96835, 97871
2026/09/23 00:08:50.817, 3, 96817, 97871
2026/09/23 00:08:51.017, 0, 96809, 97871
2026/09/23 00:08:51.017, 1, 96818, 97871
2026/09/23 00:08:51.017, 2, 96835, 97871
2026/09/23 00:08:51.017, 3, 96817, 97871
2026/09/23 00:08:51.218, 0, 96809, 97871
2026/09/23 00:08:51.218, 1, 96818, 97871
2026/09/23 00:08:51.218, 2, 96835, 97871
2026/09/23 00:08:51.218, 3, 96817, 97871
2026/09/23 00:08:51.418, 0, 96809, 97871
2026/09/23 00:08:51.418, 1, 96818, 97871
2026/09/23 00:08:51.418, 2, 96835, 97871
2026/09/23 00:08:51.418, 3, 96817, 97871
2026/09/23 00:08:51.618, 0, 96809, 97871
2026/09/23 00:08:51.618, 1, 96818, 97871
2026/09/23 00:08:51.618, 2, 96835, 97871
2026/09/23 00:08:51.618, 3, 96817, 97871
2026/09/23 00:08:51.818, 0, 96809, 97871
2026/09/23 00:08:51.818, 1, 96818, 97871
2026/09/23 00:08:51.818, 2, 96835, 97871
2026/09/23 00:08:51.818, 3, 96817, 97871
2026/09/23 00:08:52.018, 0, 96809, 97871
2026/09/23 00:08:52.018, 1, 96818, 97871
2026/09/23 00:08:52.018, 2, 96835, 97871
2026/09/23 00:08:52.018, 3, 96817, 97871
2026/09/23 00:08:52.218, 0, 96809, 97871
2026/09/23 00:08:52.218, 1, 96818, 97871
2026/09/23 00:08:52.219, 2, 96835, 97871
2026/09/23 00:08:52.219, 3, 96817, 97871
2026/09/23 00:08:52.419, 0, 96809, 97871
2026/09/23 00:08:52.419, 1, 96818, 97871
2026/09/23 00:08:52.419, 2, 96835, 97871
2026/09/23 00:08:52.419, 3, 96817, 97871
2026/09/23 00:08:52.619, 0, 96809, 97871
2026/09/23 00:08:52.619, 1, 96818, 97871
2026/09/23 00:08:52.619, 2, 96835, 97871
2026/09/23 00:08:52.619, 3, 96817, 97871
2026/09/23 00:08:52.819, 0, 96809, 97871
2026/09/23 00:08:52.819, 1, 96818, 97871
2026/09/23 00:08:52.819, 2, 96835, 97871
2026/09/23 00:08:52.819, 3, 96817, 97871
2026/09/23 00:08:53.019, 0, 96809, 97871
2026/09/23 00:08:53.019, 1, 96818, 97871
2026/09/23 00:08:53.019, 2, 96835, 97871
2026/09/23 00:08:53.019, 3, 96817, 97871
2026/09/23 00:08:53.219, 0, 96809, 97871
2026/09/23 00:08:53.220, 1, 96818, 97871
2026/09/23 00:08:53.220, 2, 96835, 97871
2026/09/23 00:08:53.220, 3, 96817, 97871
2026/09/23 00:08:53.420, 0, 96809, 97871
2026/09/23 00:08:53.420, 1, 96818, 97871
2026/09/23 00:08:53.420, 2, 96835, 97871
2026/09/23 00:08:53.420, 3, 96817, 97871
2026/09/23 00:08:53.620, 0, 96809, 97871
2026/09/23 00:08:53.620, 1, 96818, 97871
2026/09/23 00:08:53.620, 2, 96835, 97871
2026/09/23 00:08:53.620, 3, 96817, 97871
2026/09/23 00:08:53.820, 0, 96809, 97871
2026/09/23 00:08:53.820, 1, 96818, 97871
2026/09/23 00:08:53.820, 2, 96835, 97871
2026/09/23 00:08:53.820, 3, 96817, 97871
2026/09/23 00:08:54.020, 0, 96809, 97871
2026/09/23 00:08:54.020, 1, 96818, 97871
2026/09/23 00:08:54.021, 2, 96835, 97871
2026/09/23 00:08:54.021, 3, 96817, 97871
2026/09/23 00:08:54.221, 0, 96809, 97871
2026/09/23 00:08:54.221, 1, 96818, 97871
2026/09/23 00:08:54.221, 2, 96835, 97871
2026/09/23 00:08:54.221, 3, 96817, 97871
2026/09/23 00:08:54.421, 0, 96809, 97871
2026/09/23 00:08:54.421, 1, 96818, 97871
2026/09/23 00:08:54.421, 2, 96835, 97871
2026/09/23 00:08:54.421, 3, 96817, 97871
2026/09/23 00:08:54.621, 0, 96809, 97871
2026/09/23 00:08:54.621, 1, 96818, 97871
2026/09/23 00:08:54.621, 2, 96835, 97871
2026/09/23 00:08:54.621, 3, 96817, 97871
2026/09/23 00:08:54.821, 0, 96809, 97871
2026/09/23 00:08:54.821, 1, 96818, 97871
2026/09/23 00:08:54.821, 2, 96835, 97871
2026/09/23 00:08:54.821, 3, 96817, 97871
2026/09/23 00:08:55.021, 0, 96809, 97871
2026/09/23 00:08:55.021, 1, 96818, 97871
2026/09/23 00:08:55.021, 2, 96835, 97871
2026/09/23 00:08:55.022, 3, 96817, 97871
2026/09/23 00:08:55.222, 0, 96809, 97871
2026/09/23 00:08:55.222, 1, 96818, 97871
2026/09/23 00:08:55.222, 2, 96835, 97871
2026/09/23 00:08:55.222, 3, 96817, 97871
2026/09/23 00:08:55.422, 0, 96809, 97871
2026/09/23 00:08:55.422, 1, 96818, 97871
2026/09/23 00:08:55.422, 2, 96835, 97871
2026/09/23 00:08:55.422, 3, 96817, 97871
2026/09/23 00:08:55.622, 0, 96809, 97871
2026/09/23 00:08:55.622, 1, 96818, 97871
2026/09/23 00:08:55.622, 2, 96835, 97871
2026/09/23 00:08:55.622, 3, 96817, 97871
2026/09/23 00:08:55.822, 0, 96809, 97871
2026/09/23 00:08:55.822, 1, 96818, 97871
2026/09/23 00:08:55.822, 2, 96835, 97871
2026/09/23 00:08:55.822, 3, 96817, 97871
2026/09/23 00:08:56.022, 0, 96809, 97871
2026/09/23 00:08:56.023, 1, 96818, 97871
2026/09/23 00:08:56.023, 2, 96835, 97871
2026/09/23 00:08:56.023, 3, 96817, 97871
2026/09/23 00:08:56.223, 0, 96809, 97871
2026/09/23 00:08:56.223, 1, 96818, 97871
2026/09/23 00:08:56.223, 2, 96835, 97871
2026/09/23 00:08:56.223, 3, 96817, 97871
2026/09/23 00:08:56.423, 0, 96809, 97871
2026/09/23 00:08:56.423, 1, 96818, 97871
2026/09/23 00:08:56.423, 2, 96835, 97871
2026/09/23 00:08:56.423, 3, 96817, 97871
2026/09/23 00:08:56.623, 0, 96809, 97871
2026/09/23 00:08:56.623, 1, 96818, 97871
2026/09/23 00:08:56.623, 2, 96835, 97871
2026/09/23 00:08:56.623, 3, 96817, 97871
2026/09/23 00:08:56.823, 0, 96809, 97871
2026/09/23 00:08:56.823, 1, 96818, 97871
2026/09/23 00:08:56.823, 2, 96835, 97871
2026/09/23 00:08:56.823, 3, 96817, 97871
2026/09/23 00:08:57.023, 0, 96809, 97871
2026/09/23 00:08:57.024, 1, 96818, 97871
2026/09/23 00:08:57.024, 2, 96835, 97871
2026/09/23 00:08:57.024, 3, 96817, 97871
2026/09/23 00:08:57.224, 0, 96809, 97871
2026/09/23 00:08:57.224, 1, 96818, 97871
2026/09/23 00:08:57.224, 2, 96835, 97871
2026/09/23 00:08:57.224, 3, 96817, 97871
2026/09/23 00:08:57.424, 0, 96809, 97871
2026/09/23 00:08:57.424, 1, 96818, 97871
2026/09/23 00:08:57.424, 2, 96835, 97871
2026/09/23 00:08:57.424, 3, 96817, 97871
2026/09/23 00:08:57.624, 0, 96809, 97871
2026/09/23 00:08:57.624, 1, 96818, 97871
2026/09/23 00:08:57.624, 2, 96835, 97871
2026/09/23 00:08:57.624, 3, 96817, 97871
2026/09/23 00:08:57.824, 0, 96809, 97871
2026/09/23 00:08:57.824, 1, 96818, 97871
2026/09/23 00:08:57.824, 2, 96835, 97871
2026/09/23 00:08:57.824, 3, 96817, 97871
2026/09/23 00:08:58.024, 0, 96809, 97871
2026/09/23 00:08:58.024, 1, 96818, 97871
2026/09/23 00:08:58.024, 2, 96835, 97871
2026/09/23 00:08:58.025, 3, 96817, 97871
2026/09/23 00:08:58.225, 0, 96809, 97871
2026/09/23 00:08:58.225, 1, 96818, 97871
2026/09/23 00:08:58.225, 2, 96835, 97871
2026/09/23 00:08:58.225, 3, 96817, 97871
2026/09/23 00:08:58.425, 0, 96809, 97871
2026/09/23 00:08:58.425, 1, 96818, 97871
2026/09/23 00:08:58.425, 2, 96835, 97871
2026/09/23 00:08:58.425, 3, 96817, 97871
2026/09/23 00:08:58.625, 0, 96809, 97871
2026/09/23 00:08:58.625, 1, 96818, 97871
2026/09/23 00:08:58.625, 2, 96835, 97871
2026/09/23 00:08:58.625, 3, 96817, 97871
2026/09/23 00:08:58.825, 0, 96809, 97871
2026/09/23 00:08:58.825, 1, 96818, 97871
2026/09/23 00:08:58.825, 2, 96835, 97871
2026/09/23 00:08:58.825, 3, 96817, 97871
2026/09/23 00:08:59.026, 0, 96809, 97871
2026/09/23 00:08:59.026, 1, 96818, 97871
2026/09/23 00:08:59.026, 2, 96835, 97871
2026/09/23 00:08:59.026, 3, 96817, 97871
2026/09/23 00:08:59.226, 0, 96809, 97871
2026/09/23 00:08:59.226, 1, 96818, 97871
2026/09/23 00:08:59.226, 2, 96835, 97871
2026/09/23 00:08:59.226, 3, 96817, 97871
2026/09/23 00:08:59.426, 0, 96809, 97871
2026/09/23 00:08:59.426, 1, 96818, 97871
2026/09/23 00:08:59.426, 2, 96835, 97871
2026/09/23 00:08:59.426, 3, 96817, 97871
2026/09/23 00:08:59.626, 0, 96809, 97871
2026/09/23 00:08:59.626, 1, 96818, 97871
2026/09/23 00:08:59.626, 2, 96835, 97871
2026/09/23 00:08:59.626, 3, 96817, 97871
2026/09/23 00:08:59.827, 0, 96809, 97871
2026/09/23 00:08:59.827, 1, 96818, 97871
2026/09/23 00:08:59.827, 2, 96835, 97871
2026/09/23 00:08:59.827, 3, 96817, 97871
2026/09/23 00:09:00.027, 0, 96809, 97871
2026/09/23 00:09:00.027, 1, 96818, 97871
2026/09/23 00:09:00.027, 2, 96835, 97871
2026/09/23 00:09:00.027, 3, 96817, 97871
2026/09/23 00:09:00.227, 0, 96809, 97871
2026/09/23 00:09:00.227, 1, 96818, 97871
2026/09/23 00:09:00.227, 2, 96835, 97871
2026/09/23 00:09:00.227, 3, 96817, 97871
2026/09/23 00:09:00.427, 0, 96809, 97871
2026/09/23 00:09:00.428, 1, 96818, 97871
2026/09/23 00:09:00.428, 2, 96835, 97871
2026/09/23 00:09:00.428, 3, 96817, 97871
2026/09/23 00:09:00.628, 0, 96809, 97871
2026/09/23 00:09:00.628, 1, 96818, 97871
2026/09/23 00:09:00.628, 2, 96835, 97871
2026/09/23 00:09:00.628, 3, 96817, 97871
2026/09/23 00:09:00.828, 0, 96809, 97871
2026/09/23 00:09:00.828, 1, 96818, 97871
2026/09/23 00:09:00.828, 2, 96835, 97871
2026/09/23 00:09:00.828, 3, 96817, 97871
2026/09/23 00:09:01.028, 0, 96809, 97871
2026/09/23 00:09:01.028, 1, 96818, 97871
2026/09/23 00:09:01.028, 2, 96835, 97871
2026/09/23 00:09:01.028, 3, 96817, 97871
2026/09/23 00:09:01.228, 0, 96809, 97871
2026/09/23 00:09:01.228, 1, 96818, 97871
2026/09/23 00:09:01.229, 2, 96835, 97871
2026/09/23 00:09:01.229, 3, 96817, 97871
2026/09/23 00:09:01.429, 0, 96809, 97871
2026/09/23 00:09:01.429, 1, 96818, 97871
2026/09/23 00:09:01.429, 2, 96835, 97871
2026/09/23 00:09:01.429, 3, 96817, 97871
2026/09/23 00:09:01.629, 0, 96809, 97871
2026/09/23 00:09:01.629, 1, 96818, 97871
2026/09/23 00:09:01.629, 2, 96835, 97871
2026/09/23 00:09:01.629, 3, 96817, 97871
2026/09/23 00:09:01.829, 0, 96809, 97871
2026/09/23 00:09:01.829, 1, 96818, 97871
2026/09/23 00:09:01.829, 2, 96835, 97871
2026/09/23 00:09:01.829, 3, 96817, 97871
2026/09/23 00:09:02.029, 0, 96809, 97871
2026/09/23 00:09:02.029, 1, 96818, 97871
2026/09/23 00:09:02.029, 2, 96835, 97871
2026/09/23 00:09:02.030, 3, 96817, 97871
2026/09/23 00:09:02.230, 0, 96809, 97871
2026/09/23 00:09:02.230, 1, 96818, 97871
2026/09/23 00:09:02.230, 2, 96835, 97871
2026/09/23 00:09:02.230, 3, 96817, 97871
2026/09/23 00:09:02.430, 0, 96809, 97871
2026/09/23 00:09:02.430, 1, 96818, 97871
2026/09/23 00:09:02.430, 2, 96835, 97871
2026/09/23 00:09:02.430, 3, 96817, 97871
2026/09/23 00:09:02.630, 0, 96809, 97871
2026/09/23 00:09:02.630, 1, 96818, 97871
2026/09/23 00:09:02.630, 2, 96835, 97871
2026/09/23 00:09:02.630, 3, 96817, 97871
2026/09/23 00:09:02.830, 0, 96809, 97871
2026/09/23 00:09:02.831, 1, 96818, 97871
2026/09/23 00:09:02.831, 2, 96835, 97871
2026/09/23 00:09:02.831, 3, 96817, 97871
2026/09/23 00:09:03.031, 0, 96809, 97871
2026/09/23 00:09:03.031, 1, 96818, 97871
2026/09/23 00:09:03.031, 2, 96835, 97871
2026/09/23 00:09:03.031, 3, 96817, 97871
2026/09/23 00:09:03.231, 0, 96809, 97871
2026/09/23 00:09:03.231, 1, 96818, 97871
2026/09/23 00:09:03.231, 2, 96835, 97871
2026/09/23 00:09:03.231, 3, 96817, 97871
2026/09/23 00:09:03.431, 0, 96809, 97871
2026/09/23 00:09:03.431, 1, 96818, 97871
2026/09/23 00:09:03.431, 2, 96835, 97871
2026/09/23 00:09:03.431, 3, 96817, 97871
2026/09/23 00:09:03.632, 0, 96809, 97871
2026/09/23 00:09:03.632, 1, 96818, 97871
2026/09/23 00:09:03.632, 2, 96835, 97871
2026/09/23 00:09:03.632, 3, 96817, 97871
2026/09/23 00:09:03.832, 0, 96809, 97871
2026/09/23 00:09:03.832, 1, 96818, 97871
2026/09/23 00:09:03.832, 2, 96835, 97871
2026/09/23 00:09:03.832, 3, 96817, 97871
2026/09/23 00:09:04.032, 0, 96809, 97871
2026/09/23 00:09:04.032, 1, 96818, 97871
2026/09/23 00:09:04.032, 2, 96835, 97871
2026/09/23 00:09:04.032, 3, 96817, 97871
2026/09/23 00:09:04.232, 0, 96809, 97871
2026/09/23 00:09:04.232, 1, 96818, 97871
2026/09/23 00:09:04.233, 2, 96835, 97871
2026/09/23 00:09:04.233, 3, 96817, 97871
2026/09/23 00:09:04.433, 0, 96809, 97871
2026/09/23 00:09:04.433, 1, 96818, 97871
2026/09/23 00:09:04.433, 2, 96835, 97871
2026/09/23 00:09:04.433, 3, 96817, 97871
2026/09/23 00:09:04.633, 0, 96809, 97871
2026/09/23 00:09:04.633, 1, 96818, 97871
2026/09/23 00:09:04.633, 2, 96835, 97871
2026/09/23 00:09:04.633, 3, 96817, 97871
2026/09/23 00:09:04.833, 0, 96809, 97871
2026/09/23 00:09:04.833, 1, 96818, 97871
2026/09/23 00:09:04.834, 2, 96835, 97871
2026/09/23 00:09:04.834, 3, 96817, 97871
2026/09/23 00:09:05.034, 0, 96809, 97871
2026/09/23 00:09:05.034, 1, 96818, 97871
2026/09/23 00:09:05.034, 2, 96835, 97871
2026/09/23 00:09:05.034, 3, 96817, 97871
2026/09/23 00:09:05.234, 0, 96809, 97871
2026/09/23 00:09:05.234, 1, 96818, 97871
2026/09/23 00:09:05.234, 2, 96835, 97871
2026/09/23 00:09:05.234, 3, 96817, 97871
2026/09/23 00:09:05.434, 0, 96809, 97871
2026/09/23 00:09:05.434, 1, 96818, 97871
2026/09/23 00:09:05.434, 2, 96835, 97871
2026/09/23 00:09:05.434, 3, 96817, 97871
2026/09/23 00:09:05.635, 0, 96809, 97871
2026/09/23 00:09:05.635, 1, 96818, 97871
2026/09/23 00:09:05.635, 2, 96835, 97871
2026/09/23 00:09:05.635, 3, 96817, 97871
2026/09/23 00:09:05.835, 0, 96809, 97871
2026/09/23 00:09:05.835, 1, 96818, 97871
2026/09/23 00:09:05.835, 2, 96835, 97871
2026/09/23 00:09:05.835, 3, 96817, 97871
2026/09/23 00:09:06.035, 0, 96809, 97871
2026/09/23 00:09:06.035, 1, 96818, 97871
2026/09/23 00:09:06.035, 2, 96835, 97871
2026/09/23 00:09:06.035, 3, 96817, 97871
2026/09/23 00:09:06.235, 0, 96809, 97871
2026/09/23 00:09:06.235, 1, 96818, 97871
2026/09/23 00:09:06.235, 2, 96835, 97871
2026/09/23 00:09:06.236, 3, 96817, 97871
2026/09/23 00:09:06.436, 0, 96809, 97871
2026/09/23 00:09:06.436, 1, 96818, 97871
2026/09/23 00:09:06.436, 2, 96835, 97871
2026/09/23 00:09:06.436, 3, 96817, 97871
2026/09/23 00:09:06.636, 0, 96809, 97871
2026/09/23 00:09:06.636, 1, 96818, 97871
2026/09/23 00:09:06.636, 2, 96835, 97871
2026/09/23 00:09:06.636, 3, 96817, 97871
2026/09/23 00:09:06.836, 0, 96809, 97871
2026/09/23 00:09:06.836, 1, 96818, 97871
2026/09/23 00:09:06.836, 2, 96835, 97871
2026/09/23 00:09:06.836, 3, 96817, 97871
2026/09/23 00:09:07.036, 0, 96809, 97871
2026/09/23 00:09:07.036, 1, 96818, 97871
2026/09/23 00:09:07.036, 2, 96835, 97871
2026/09/23 00:09:07.036, 3, 96817, 97871
2026/09/23 00:09:07.236, 0, 96809, 97871
2026/09/23 00:09:07.237, 1, 96818, 97871
2026/09/23 00:09:07.237, 2, 96835, 97871
2026/09/23 00:09:07.237, 3, 96817, 97871
2026/09/23 00:09:07.437, 0, 96809, 97871
2026/09/23 00:09:07.437, 1, 96818, 97871
2026/09/23 00:09:07.437, 2, 96835, 97871
2026/09/23 00:09:07.437, 3, 96817, 97871
2026/09/23 00:09:07.637, 0, 96809, 97871
2026/09/23 00:09:07.637, 1, 96818, 97871
2026/09/23 00:09:07.637, 2, 96835, 97871
2026/09/23 00:09:07.637, 3, 96817, 97871
2026/09/23 00:09:07.837, 0, 96809, 97871
2026/09/23 00:09:07.837, 1, 96818, 97871
2026/09/23 00:09:07.837, 2, 96835, 97871
2026/09/23 00:09:07.837, 3, 96817, 97871
2026/09/23 00:09:08.037, 0, 96809, 97871
2026/09/23 00:09:08.037, 1, 96818, 97871
2026/09/23 00:09:08.037, 2, 96835, 97871
2026/09/23 00:09:08.038, 3, 96817, 97871
2026/09/23 00:09:08.238, 0, 96809, 97871
2026/09/23 00:09:08.238, 1, 96818, 97871
2026/09/23 00:09:08.238, 2, 96835, 97871
2026/09/23 00:09:08.238, 3, 96817, 97871
2026/09/23 00:09:08.438, 0, 96809, 97871
2026/09/23 00:09:08.438, 1, 96818, 97871
2026/09/23 00:09:08.438, 2, 96835, 97871
2026/09/23 00:09:08.438, 3, 96817, 97871
2026/09/23 00:09:08.638, 0, 96809, 97871
2026/09/23 00:09:08.638, 1, 96818, 97871
2026/09/23 00:09:08.638, 2, 96835, 97871
2026/09/23 00:09:08.638, 3, 96817, 97871
2026/09/23 00:09:08.838, 0, 96809, 97871
2026/09/23 00:09:08.838, 1, 96818, 97871
2026/09/23 00:09:08.839, 2, 96835, 97871
2026/09/23 00:09:08.839, 3, 96817, 97871
2026/09/23 00:09:09.039, 0, 96809, 97871
2026/09/23 00:09:09.039, 1, 96818, 97871
2026/09/23 00:09:09.039, 2, 96835, 97871
2026/09/23 00:09:09.039, 3, 96817, 97871
2026/09/23 00:09:09.239, 0, 96809, 97871
2026/09/23 00:09:09.239, 1, 96818, 97871
2026/09/23 00:09:09.239, 2, 96835, 97871
2026/09/23 00:09:09.239, 3, 96817, 97871
2026/09/23 00:09:09.439, 0, 96809, 97871
2026/09/23 00:09:09.439, 1, 96818, 97871
2026/09/23 00:09:09.439, 2, 96835, 97871
2026/09/23 00:09:09.439, 3, 96817, 97871
2026/09/23 00:09:09.640, 0, 96809, 97871
2026/09/23 00:09:09.640, 1, 96818, 97871
2026/09/23 00:09:09.640, 2, 96835, 97871
2026/09/23 00:09:09.640, 3, 96817, 97871
2026/09/23 00:09:09.840, 0, 96809, 97871
2026/09/23 00:09:09.840, 1, 96818, 97871
2026/09/23 00:09:09.840, 2, 96835, 97871
2026/09/23 00:09:09.840, 3, 96817, 97871
2026/09/23 00:09:10.040, 0, 96809, 97871
2026/09/23 00:09:10.040, 1, 96818, 97871
2026/09/23 00:09:10.040, 2, 96835, 97871
2026/09/23 00:09:10.040, 3, 96817, 97871
2026/09/23 00:09:10.240, 0, 96809, 97871
2026/09/23 00:09:10.240, 1, 96818, 97871
2026/09/23 00:09:10.240, 2, 96835, 97871
2026/09/23 00:09:10.241, 3, 96817, 97871
2026/09/23 00:09:10.441, 0, 96809, 97871
2026/09/23 00:09:10.441, 1, 96818, 97871
2026/09/23 00:09:10.441, 2, 96835, 97871
2026/09/23 00:09:10.441, 3, 96817, 97871
2026/09/23 00:09:10.641, 0, 96809, 97871
2026/09/23 00:09:10.641, 1, 96818, 97871
2026/09/23 00:09:10.641, 2, 96835, 97871
2026/09/23 00:09:10.641, 3, 96817, 97871
2026/09/23 00:09:10.841, 0, 96809, 97871
2026/09/23 00:09:10.841, 1, 96818, 97871
2026/09/23 00:09:10.841, 2, 96835, 97871
2026/09/23 00:09:10.841, 3, 96817, 97871
2026/09/23 00:09:11.041, 0, 96809, 97871
2026/09/23 00:09:11.041, 1, 96818, 97871
2026/09/23 00:09:11.042, 2, 96835, 97871
2026/09/23 00:09:11.042, 3, 96817, 97871
2026/09/23 00:09:11.242, 0, 96809, 97871
2026/09/23 00:09:11.242, 1, 96818, 97871
2026/09/23 00:09:11.242, 2, 96835, 97871
2026/09/23 00:09:11.242, 3, 96817, 97871
2026/09/23 00:09:11.442, 0, 96809, 97871
2026/09/23 00:09:11.442, 1, 96818, 97871
2026/09/23 00:09:11.442, 2, 96835, 97871
2026/09/23 00:09:11.442, 3, 96817, 97871
2026/09/23 00:09:11.642, 0, 96809, 97871
2026/09/23 00:09:11.642, 1, 96818, 97871
2026/09/23 00:09:11.642, 2, 96835, 97871
2026/09/23 00:09:11.642, 3, 96817, 97871
2026/09/23 00:09:11.843, 0, 96809, 97871
2026/09/23 00:09:11.843, 1, 96818, 97871
2026/09/23 00:09:11.843, 2, 96835, 97871
2026/09/23 00:09:11.843, 3, 96817, 97871
2026/09/23 00:09:12.043, 0, 96809, 97871
2026/09/23 00:09:12.043, 1, 96818, 97871
2026/09/23 00:09:12.043, 2, 96835, 97871
2026/09/23 00:09:12.043, 3, 96817, 97871
2026/09/23 00:09:12.243, 0, 96809, 97871
2026/09/23 00:09:12.243, 1, 96818, 97871
2026/09/23 00:09:12.243, 2, 96835, 97871
2026/09/23 00:09:12.243, 3, 96817, 97871
2026/09/23 00:09:12.443, 0, 96809, 97871
2026/09/23 00:09:12.443, 1, 96818, 97871
2026/09/23 00:09:12.443, 2, 96835, 97871
2026/09/23 00:09:12.443, 3, 96817, 97871
2026/09/23 00:09:12.643, 0, 96809, 97871
2026/09/23 00:09:12.644, 1, 96818, 97871
2026/09/23 00:09:12.644, 2, 96835, 97871
2026/09/23 00:09:12.644, 3, 96817, 97871
2026/09/23 00:09:12.844, 0, 96809, 97871
2026/09/23 00:09:12.844, 1, 96818, 97871
2026/09/23 00:09:12.844, 2, 96835, 97871
2026/09/23 00:09:12.844, 3, 96817, 97871
2026/09/23 00:09:13.044, 0, 96809, 97871
2026/09/23 00:09:13.044, 1, 96818, 97871
2026/09/23 00:09:13.044, 2, 96835, 97871
2026/09/23 00:09:13.044, 3, 96817, 97871
2026/09/23 00:09:13.244, 0, 96809, 97871
2026/09/23 00:09:13.245, 1, 96818, 97871
2026/09/23 00:09:13.245, 2, 96835, 97871
2026/09/23 00:09:13.245, 3, 96817, 97871
2026/09/23 00:09:13.445, 0, 96809, 97871
2026/09/23 00:09:13.445, 1, 96818, 97871
2026/09/23 00:09:13.445, 2, 96835, 97871
2026/09/23 00:09:13.445, 3, 96817, 97871
2026/09/23 00:09:13.645, 0, 96809, 97871
2026/09/23 00:09:13.645, 1, 96818, 97871
2026/09/23 00:09:13.645, 2, 96835, 97871
2026/09/23 00:09:13.645, 3, 96817, 97871
2026/09/23 00:09:13.845, 0, 96809, 97871
2026/09/23 00:09:13.845, 1, 96818, 97871
2026/09/23 00:09:13.845, 2, 96835, 97871
2026/09/23 00:09:13.845, 3, 96817, 97871
2026/09/23 00:09:14.045, 0, 96809, 97871
2026/09/23 00:09:14.045, 1, 96818, 97871
2026/09/23 00:09:14.046, 2, 96835, 97871
2026/09/23 00:09:14.046, 3, 96817, 97871
2026/09/23 00:09:14.246, 0, 96809, 97871
2026/09/23 00:09:14.246, 1, 96818, 97871
2026/09/23 00:09:14.246, 2, 96835, 97871
2026/09/23 00:09:14.246, 3, 96817, 97871
2026/09/23 00:09:14.446, 0, 96809, 97871
2026/09/23 00:09:14.446, 1, 96818, 97871
2026/09/23 00:09:14.446, 2, 96835, 97871
2026/09/23 00:09:14.446, 3, 96817, 97871
2026/09/23 00:09:14.646, 0, 96809, 97871
2026/09/23 00:09:14.646, 1, 96818, 97871
2026/09/23 00:09:14.646, 2, 96835, 97871
2026/09/23 00:09:14.646, 3, 96817, 97871
2026/09/23 00:09:14.846, 0, 96809, 97871
2026/09/23 00:09:14.846, 1, 96818, 97871
2026/09/23 00:09:14.846, 2, 96835, 97871
2026/09/23 00:09:14.847, 3, 96817, 97871
2026/09/23 00:09:15.047, 0, 96809, 97871
2026/09/23 00:09:15.047, 1, 96818, 97871
2026/09/23 00:09:15.047, 2, 96835, 97871
2026/09/23 00:09:15.047, 3, 96817, 97871
2026/09/23 00:09:15.247, 0, 96809, 97871
2026/09/23 00:09:15.247, 1, 96818, 97871
2026/09/23 00:09:15.247, 2, 96835, 97871
2026/09/23 00:09:15.247, 3, 96817, 97871
2026/09/23 00:09:15.447, 0, 96809, 97871
2026/09/23 00:09:15.447, 1, 96818, 97871
2026/09/23 00:09:15.447, 2, 96835, 97871
2026/09/23 00:09:15.447, 3, 96817, 97871
2026/09/23 00:09:15.647, 0, 96809, 97871
2026/09/23 00:09:15.647, 1, 96818, 97871
2026/09/23 00:09:15.647, 2, 96835, 97871
2026/09/23 00:09:15.647, 3, 96817, 97871
2026/09/23 00:09:15.848, 0, 96809, 97871
2026/09/23 00:09:15.848, 1, 96818, 97871
2026/09/23 00:09:15.848, 2, 96835, 97871
2026/09/23 00:09:15.848, 3, 96817, 97871
2026/09/23 00:09:16.048, 0, 96809, 97871
2026/09/23 00:09:16.048, 1, 96818, 97871
2026/09/23 00:09:16.048, 2, 96835, 97871
2026/09/23 00:09:16.048, 3, 96817, 97871
2026/09/23 00:09:16.248, 0, 96809, 97871
2026/09/23 00:09:16.248, 1, 96818, 97871
2026/09/23 00:09:16.248, 2, 96835, 97871
2026/09/23 00:09:16.248, 3, 96817, 97871
2026/09/23 00:09:16.449, 0, 96809, 97871
2026/09/23 00:09:16.449, 1, 96818, 97871
2026/09/23 00:09:16.449, 2, 96835, 97871
2026/09/23 00:09:16.449, 3, 96817, 97871
2026/09/23 00:09:16.649, 0, 96809, 97871
2026/09/23 00:09:16.649, 1, 96818, 97871
2026/09/23 00:09:16.649, 2, 96835, 97871
2026/09/23 00:09:16.649, 3, 96817, 97871
2026/09/23 00:09:16.849, 0, 96809, 97871
2026/09/23 00:09:16.849, 1, 96818, 97871
2026/09/23 00:09:16.849, 2, 96835, 97871
2026/09/23 00:09:16.849, 3, 96817, 97871
2026/09/23 00:09:17.049, 0, 96809, 97871
2026/09/23 00:09:17.049, 1, 96818, 97871
2026/09/23 00:09:17.050, 2, 96835, 97871
2026/09/23 00:09:17.050, 3, 96817, 97871
2026/09/23 00:09:17.250, 0, 96809, 97871
2026/09/23 00:09:17.250, 1, 96818, 97871
2026/09/23 00:09:17.250, 2, 96835, 97871
2026/09/23 00:09:17.250, 3, 96817, 97871
2026/09/23 00:09:17.450, 0, 96809, 97871
2026/09/23 00:09:17.450, 1, 96818, 97871
2026/09/23 00:09:17.450, 2, 96835, 97871
2026/09/23 00:09:17.450, 3, 96817, 97871
2026/09/23 00:09:17.650, 0, 96809, 97871
2026/09/23 00:09:17.650, 1, 96818, 97871
2026/09/23 00:09:17.650, 2, 96835, 97871
2026/09/23 00:09:17.650, 3, 96817, 97871
2026/09/23 00:09:17.850, 0, 96809, 97871
2026/09/23 00:09:17.850, 1, 96818, 97871
2026/09/23 00:09:17.850, 2, 96835, 97871
2026/09/23 00:09:17.851, 3, 96817, 97871
2026/09/23 00:09:18.051, 0, 96809, 97871
2026/09/23 00:09:18.051, 1, 96818, 97871
2026/09/23 00:09:18.051, 2, 96835, 97871
2026/09/23 00:09:18.051, 3, 96817, 97871
2026/09/23 00:09:18.251, 0, 96809, 97871
2026/09/23 00:09:18.251, 1, 96818, 97871
2026/09/23 00:09:18.251, 2, 96835, 97871
2026/09/23 00:09:18.251, 3, 96817, 97871
2026/09/23 00:09:18.451, 0, 96809, 97871
2026/09/23 00:09:18.451, 1, 96818, 97871
2026/09/23 00:09:18.451, 2, 96835, 97871
2026/09/23 00:09:18.451, 3, 96817, 97871
2026/09/23 00:09:18.651, 0, 96809, 97871
2026/09/23 00:09:18.651, 1, 96818, 97871
2026/09/23 00:09:18.651, 2, 96835, 97871
2026/09/23 00:09:18.651, 3, 96817, 97871
2026/09/23 00:09:18.851, 0, 96809, 97871
2026/09/23 00:09:18.852, 1, 96818, 97871
2026/09/23 00:09:18.852, 2, 96835, 97871
2026/09/23 00:09:18.852, 3, 96817, 97871
2026/09/23 00:09:19.052, 0, 96809, 97871
2026/09/23 00:09:19.052, 1, 96818, 97871
2026/09/23 00:09:19.052, 2, 96835, 97871
2026/09/23 00:09:19.052, 3, 96817, 97871
2026/09/23 00:09:19.252, 0, 96809, 97871
2026/09/23 00:09:19.252, 1, 96818, 97871
2026/09/23 00:09:19.252, 2, 96835, 97871
2026/09/23 00:09:19.252, 3, 96817, 97871
2026/09/23 00:09:19.452, 0, 96809, 97871
2026/09/23 00:09:19.453, 1, 96818, 97871
2026/09/23 00:09:19.453, 2, 96835, 97871
2026/09/23 00:09:19.453, 3, 96817, 97871
2026/09/23 00:09:19.653, 0, 96809, 97871
2026/09/23 00:09:19.653, 1, 96818, 97871
2026/09/23 00:09:19.653, 2, 96835, 97871
2026/09/23 00:09:19.653, 3, 96817, 97871
2026/09/23 00:09:19.853, 0, 96809, 97871
2026/09/23 00:09:19.853, 1, 96818, 97871
2026/09/23 00:09:19.853, 2, 96835, 97871
2026/09/23 00:09:19.853, 3, 96817, 97871
2026/09/23 00:09:20.053, 0, 96809, 97871
2026/09/23 00:09:20.053, 1, 96818, 97871
2026/09/23 00:09:20.053, 2, 96835, 97871
2026/09/23 00:09:20.053, 3, 96817, 97871
2026/09/23 00:09:20.254, 0, 96809, 97871
2026/09/23 00:09:20.254, 1, 96818, 97871
2026/09/23 00:09:20.254, 2, 96835, 97871
2026/09/23 00:09:20.254, 3, 96817, 97871
2026/09/23 00:09:20.454, 0, 96809, 97871
2026/09/23 00:09:20.454, 1, 96818, 97871
2026/09/23 00:09:20.454, 2, 96835, 97871
2026/09/23 00:09:20.454, 3, 96817, 97871
2026/09/23 00:09:20.654, 0, 96809, 97871
2026/09/23 00:09:20.654, 1, 96818, 97871
2026/09/23 00:09:20.654, 2, 96835, 97871
2026/09/23 00:09:20.654, 3, 96817, 97871
2026/09/23 00:09:20.854, 0, 96809, 97871
2026/09/23 00:09:20.854, 1, 96818, 97871
2026/09/23 00:09:20.854, 2, 96835, 97871
2026/09/23 00:09:20.854, 3, 96817, 97871
2026/09/23 00:09:21.055, 0, 96809, 97871
2026/09/23 00:09:21.055, 1, 96818, 97871
2026/09/23 00:09:21.055, 2, 96835, 97871
2026/09/23 00:09:21.055, 3, 96817, 97871
2026/09/23 00:09:21.255, 0, 96809, 97871
2026/09/23 00:09:21.255, 1, 96818, 97871
2026/09/23 00:09:21.255, 2, 96835, 97871
2026/09/23 00:09:21.255, 3, 96817, 97871
2026/09/23 00:09:21.455, 0, 96809, 97871
2026/09/23 00:09:21.455, 1, 96818, 97871
2026/09/23 00:09:21.455, 2, 96835, 97871
2026/09/23 00:09:21.455, 3, 96817, 97871
2026/09/23 00:09:21.655, 0, 96809, 97871
2026/09/23 00:09:21.656, 1, 96818, 97871
2026/09/23 00:09:21.656, 2, 96835, 97871
2026/09/23 00:09:21.656, 3, 96817, 97871
2026/09/23 00:09:21.856, 0, 96809, 97871
2026/09/23 00:09:21.856, 1, 96818, 97871
2026/09/23 00:09:21.856, 2, 96835, 97871
2026/09/23 00:09:21.856, 3, 96817, 97871
2026/09/23 00:09:22.056, 0, 96809, 97871
2026/09/23 00:09:22.056, 1, 96818, 97871
2026/09/23 00:09:22.056, 2, 96835, 97871
2026/09/23 00:09:22.056, 3, 96817, 97871
2026/09/23 00:09:22.256, 0, 96809, 97871
2026/09/23 00:09:22.256, 1, 96818, 97871
2026/09/23 00:09:22.256, 2, 96835, 97871
2026/09/23 00:09:22.256, 3, 96817, 97871
2026/09/23 00:09:22.456, 0, 96809, 97871
2026/09/23 00:09:22.456, 1, 96818, 97871
2026/09/23 00:09:22.456, 2, 96835, 97871
2026/09/23 00:09:22.456, 3, 96817, 97871
2026/09/23 00:09:22.657, 0, 96809, 97871
2026/09/23 00:09:22.657, 1, 96818, 97871
2026/09/23 00:09:22.657, 2, 96835, 97871
2026/09/23 00:09:22.657, 3, 96817, 97871
2026/09/23 00:09:22.857, 0, 96809, 97871
2026/09/23 00:09:22.857, 1, 96818, 97871
2026/09/23 00:09:22.857, 2, 96835, 97871
2026/09/23 00:09:22.857, 3, 96817, 97871
2026/09/23 00:09:23.057, 0, 96809, 97871
2026/09/23 00:09:23.057, 1, 96818, 97871
2026/09/23 00:09:23.057, 2, 96835, 97871
2026/09/23 00:09:23.057, 3, 96817, 97871
2026/09/23 00:09:23.257, 0, 96809, 97871
2026/09/23 00:09:23.257, 1, 96818, 97871
2026/09/23 00:09:23.257, 2, 96835, 97871
2026/09/23 00:09:23.257, 3, 96817, 97871
2026/09/23 00:09:23.457, 0, 96809, 97871
2026/09/23 00:09:23.457, 1, 96818, 97871
2026/09/23 00:09:23.457, 2, 96835, 97871
2026/09/23 00:09:23.458, 3, 96817, 97871
2026/09/23 00:09:23.658, 0, 96809, 97871
2026/09/23 00:09:23.658, 1, 96818, 97871
2026/09/23 00:09:23.658, 2, 96835, 97871
2026/09/23 00:09:23.658, 3, 96817, 97871
2026/09/23 00:09:23.858, 0, 96809, 97871
2026/09/23 00:09:23.858, 1, 96818, 97871
2026/09/23 00:09:23.858, 2, 96835, 97871
2026/09/23 00:09:23.858, 3, 96817, 97871
2026/09/23 00:09:24.058, 0, 96809, 97871
2026/09/23 00:09:24.058, 1, 96818, 97871
2026/09/23 00:09:24.058, 2, 96835, 97871
2026/09/23 00:09:24.058, 3, 96817, 97871
2026/09/23 00:09:24.258, 0, 96809, 97871
2026/09/23 00:09:24.258, 1, 96818, 97871
2026/09/23 00:09:24.258, 2, 96835, 97871
2026/09/23 00:09:24.258, 3, 96817, 97871
2026/09/23 00:09:24.458, 0, 96809, 97871
2026/09/23 00:09:24.458, 1, 96818, 97871
2026/09/23 00:09:24.458, 2, 96835, 97871
2026/09/23 00:09:24.459, 3, 96817, 97871
2026/09/23 00:09:24.659, 0, 96809, 97871
2026/09/23 00:09:24.659, 1, 96818, 97871
2026/09/23 00:09:24.659, 2, 96835, 97871
2026/09/23 00:09:24.659, 3, 96817, 97871
2026/09/23 00:09:24.859, 0, 96809, 97871
2026/09/23 00:09:24.859, 1, 96818, 97871
2026/09/23 00:09:24.859, 2, 96835, 97871
2026/09/23 00:09:24.859, 3, 96817, 97871
2026/09/23 00:09:25.059, 0, 96809, 97871
2026/09/23 00:09:25.059, 1, 96818, 97871
2026/09/23 00:09:25.059, 2, 96835, 97871
2026/09/23 00:09:25.059, 3, 96817, 97871
2026/09/23 00:09:25.259, 0, 96809, 97871
2026/09/23 00:09:25.259, 1, 96818, 97871
2026/09/23 00:09:25.259, 2, 96835, 97871
2026/09/23 00:09:25.259, 3, 96817, 97871
2026/09/23 00:09:25.459, 0, 96809, 97871
2026/09/23 00:09:25.460, 1, 96818, 97871
2026/09/23 00:09:25.460, 2, 96835, 97871
2026/09/23 00:09:25.460, 3, 96817, 97871
2026/09/23 00:09:25.660, 0, 96809, 97871
2026/09/23 00:09:25.660, 1, 96818, 97871
2026/09/23 00:09:25.660, 2, 96835, 97871
2026/09/23 00:09:25.660, 3, 96817, 97871
2026/09/23 00:09:25.860, 0, 96809, 97871
2026/09/23 00:09:25.860, 1, 96818, 97871
2026/09/23 00:09:25.860, 2, 96835, 97871
2026/09/23 00:09:25.860, 3, 96817, 97871
2026/09/23 00:09:26.060, 0, 96809, 97871
2026/09/23 00:09:26.060, 1, 96818, 97871
2026/09/23 00:09:26.060, 2, 96835, 97871
2026/09/23 00:09:26.060, 3, 96817, 97871
2026/09/23 00:09:26.260, 0, 96809, 97871
2026/09/23 00:09:26.260, 1, 96818, 97871
2026/09/23 00:09:26.261, 2, 96835, 97871
2026/09/23 00:09:26.261, 3, 96817, 97871
2026/09/23 00:09:26.461, 0, 96809, 97871
2026/09/23 00:09:26.461, 1, 96818, 97871
2026/09/23 00:09:26.461, 2, 96835, 97871
2026/09/23 00:09:26.461, 3, 96817, 97871
2026/09/23 00:09:26.661, 0, 96809, 97871
2026/09/23 00:09:26.661, 1, 96818, 97871
2026/09/23 00:09:26.661, 2, 96835, 97871
2026/09/23 00:09:26.661, 3, 96817, 97871
2026/09/23 00:09:26.861, 0, 96809, 97871
2026/09/23 00:09:26.861, 1, 96818, 97871
2026/09/23 00:09:26.861, 2, 96835, 97871
2026/09/23 00:09:26.861, 3, 96817, 97871
2026/09/23 00:09:27.061, 0, 96809, 97871
2026/09/23 00:09:27.061, 1, 96818, 97871
2026/09/23 00:09:27.061, 2, 96835, 97871
2026/09/23 00:09:27.061, 3, 96817, 97871
2026/09/23 00:09:27.261, 0, 96809, 97871
2026/09/23 00:09:27.261, 1, 96818, 97871
2026/09/23 00:09:27.261, 2, 96835, 97871
2026/09/23 00:09:27.261, 3, 96817, 97871
2026/09/23 00:09:27.462, 0, 96809, 97871
2026/09/23 00:09:27.462, 1, 96818, 97871
2026/09/23 00:09:27.462, 2, 96835, 97871
2026/09/23 00:09:27.462, 3, 96817, 97871
2026/09/23 00:09:27.662, 0, 96809, 97871
2026/09/23 00:09:27.662, 1, 96818, 97871
2026/09/23 00:09:27.662, 2, 96835, 97871
2026/09/23 00:09:27.662, 3, 96817, 97871
2026/09/23 00:09:27.862, 0, 96809, 97871
2026/09/23 00:09:27.862, 1, 96818, 97871
2026/09/23 00:09:27.862, 2, 96835, 97871
2026/09/23 00:09:27.862, 3, 96817, 97871
2026/09/23 00:09:28.062, 0, 96809, 97871
2026/09/23 00:09:28.062, 1, 96818, 97871
2026/09/23 00:09:28.062, 2, 96835, 97871
2026/09/23 00:09:28.062, 3, 96817, 97871
2026/09/23 00:09:28.262, 0, 96809, 97871
2026/09/23 00:09:28.262, 1, 96818, 97871
2026/09/23 00:09:28.262, 2, 96835, 97871
2026/09/23 00:09:28.262, 3, 96817, 97871
2026/09/23 00:09:28.463, 0, 96809, 97871
2026/09/23 00:09:28.463, 1, 96818, 97871
2026/09/23 00:09:28.463, 2, 96835, 97871
2026/09/23 00:09:28.463, 3, 96817, 97871
2026/09/23 00:09:28.663, 0, 96809, 97871
2026/09/23 00:09:28.663, 1, 96818, 97871
2026/09/23 00:09:28.663, 2, 96835, 97871
2026/09/23 00:09:28.663, 3, 96817, 97871
2026/09/23 00:09:28.863, 0, 96809, 97871
2026/09/23 00:09:28.863, 1, 96818, 97871
2026/09/23 00:09:28.863, 2, 96835, 97871
2026/09/23 00:09:28.863, 3, 96817, 97871
2026/09/23 00:09:29.063, 0, 96809, 97871
2026/09/23 00:09:29.063, 1, 96818, 97871
2026/09/23 00:09:29.063, 2, 96835, 97871
2026/09/23 00:09:29.063, 3, 96817, 97871
2026/09/23 00:09:29.263, 0, 96809, 97871
2026/09/23 00:09:29.264, 1, 96818, 97871
2026/09/23 00:09:29.264, 2, 96835, 97871
2026/09/23 00:09:29.264, 3, 96817, 97871
2026/09/23 00:09:29.464, 0, 96809, 97871
2026/09/23 00:09:29.464, 1, 96818, 97871
2026/09/23 00:09:29.464, 2, 96835, 97871
2026/09/23 00:09:29.464, 3, 96817, 97871
2026/09/23 00:09:29.664, 0, 96809, 97871
2026/09/23 00:09:29.664, 1, 96818, 97871
2026/09/23 00:09:29.664, 2, 96835, 97871
2026/09/23 00:09:29.664, 3, 96817, 97871
2026/09/23 00:09:29.864, 0, 96809, 97871
2026/09/23 00:09:29.864, 1, 96818, 97871
2026/09/23 00:09:29.865, 2, 96835, 97871
2026/09/23 00:09:29.865, 3, 96817, 97871
2026/09/23 00:09:30.065, 0, 96809, 97871
2026/09/23 00:09:30.065, 1, 96818, 97871
2026/09/23 00:09:30.065, 2, 96835, 97871
2026/09/23 00:09:30.065, 3, 96817, 97871
2026/09/23 00:09:30.265, 0, 96809, 97871
2026/09/23 00:09:30.265, 1, 96818, 97871
2026/09/23 00:09:30.265, 2, 96835, 97871
2026/09/23 00:09:30.265, 3, 96817, 97871
2026/09/23 00:09:30.465, 0, 96809, 97871
2026/09/23 00:09:30.465, 1, 96818, 97871
2026/09/23 00:09:30.465, 2, 96835, 97871
2026/09/23 00:09:30.465, 3, 96817, 97871
2026/09/23 00:09:30.665, 0, 96809, 97871
2026/09/23 00:09:30.666, 1, 96818, 97871
2026/09/23 00:09:30.666, 2, 96835, 97871
2026/09/23 00:09:30.666, 3, 96817, 97871
2026/09/23 00:09:30.866, 0, 96809, 97871
2026/09/23 00:09:30.866, 1, 96818, 97871
2026/09/23 00:09:30.866, 2, 96835, 97871
2026/09/23 00:09:30.866, 3, 96817, 97871
2026/09/23 00:09:31.066, 0, 96809, 97871
2026/09/23 00:09:31.066, 1, 96818, 97871
2026/09/23 00:09:31.066, 2, 96835, 97871
2026/09/23 00:09:31.066, 3, 96817, 97871
2026/09/23 00:09:31.266, 0, 96809, 97871
2026/09/23 00:09:31.266, 1, 96818, 97871
2026/09/23 00:09:31.266, 2, 96835, 97871
2026/09/23 00:09:31.266, 3, 96817, 97871
2026/09/23 00:09:31.466, 0, 96809, 97871
2026/09/23 00:09:31.466, 1, 96818, 97871
2026/09/23 00:09:31.466, 2, 96835, 97871
2026/09/23 00:09:31.466, 3, 96817, 97871
2026/09/23 00:09:31.667, 0, 96809, 97871
2026/09/23 00:09:31.667, 1, 96818, 97871
2026/09/23 00:09:31.667, 2, 96835, 97871
2026/09/23 00:09:31.667, 3, 96817, 97871
2026/09/23 00:09:31.867, 0, 96809, 97871
2026/09/23 00:09:31.896, 1, 96818, 97871
2026/09/23 00:09:31.931, 2, 96835, 97871
2026/09/23 00:09:31.967, 3, 96817, 97871
2026/09/23 00:09:32.167, 0, 96809, 97871
2026/09/23 00:09:32.168, 1, 96818, 97871
2026/09/23 00:09:32.168, 2, 96835, 97871
2026/09/23 00:09:32.168, 3, 96817, 97871
2026/09/23 00:09:32.368, 0, 96809, 97871
2026/09/23 00:09:32.368, 1, 96818, 97871
2026/09/23 00:09:32.368, 2, 96835, 97871
2026/09/23 00:09:32.369, 3, 96817, 97871
2026/09/23 00:09:32.569, 0, 96809, 97871
2026/09/23 00:09:32.569, 1, 96818, 97871
2026/09/23 00:09:32.569, 2, 96835, 97871
2026/09/23 00:09:32.569, 3, 96817, 97871
2026/09/23 00:09:32.769, 0, 96809, 97871
2026/09/23 00:09:32.769, 1, 96818, 97871
2026/09/23 00:09:32.769, 2, 96835, 97871
2026/09/23 00:09:32.769, 3, 96817, 97871
2026/09/23 00:09:32.969, 0, 96809, 97871
2026/09/23 00:09:32.969, 1, 96818, 97871
2026/09/23 00:09:32.969, 2, 96835, 97871
2026/09/23 00:09:32.969, 3, 96817, 97871
2026/09/23 00:09:33.169, 0, 96809, 97871
2026/09/23 00:09:33.169, 1, 96818, 97871
2026/09/23 00:09:33.169, 2, 96835, 97871
2026/09/23 00:09:33.169, 3, 96817, 97871
2026/09/23 00:09:33.369, 0, 96809, 97871
2026/09/23 00:09:33.369, 1, 96818, 97871
2026/09/23 00:09:33.369, 2, 96835, 97871
2026/09/23 00:09:33.369, 3, 96817, 97871
2026/09/23 00:09:33.570, 0, 96809, 97871
2026/09/23 00:09:33.570, 1, 96818, 97871
2026/09/23 00:09:33.570, 2, 96835, 97871
2026/09/23 00:09:33.570, 3, 96817, 97871
2026/09/23 00:09:33.770, 0, 96809, 97871
2026/09/23 00:09:33.770, 1, 96818, 97871
2026/09/23 00:09:33.770, 2, 96835, 97871
2026/09/23 00:09:33.770, 3, 96817, 97871
2026/09/23 00:09:33.970, 0, 96809, 97871
2026/09/23 00:09:33.970, 1, 96818, 97871
2026/09/23 00:09:33.970, 2, 96835, 97871
2026/09/23 00:09:33.970, 3, 96817, 97871
2026/09/23 00:09:34.170, 0, 96809, 97871
2026/09/23 00:09:34.170, 1, 96818, 97871
2026/09/23 00:09:34.170, 2, 96835, 97871
2026/09/23 00:09:34.170, 3, 96817, 97871
2026/09/23 00:09:34.370, 0, 96809, 97871
2026/09/23 00:09:34.370, 1, 96818, 97871
2026/09/23 00:09:34.370, 2, 96835, 97871
2026/09/23 00:09:34.370, 3, 96817, 97871
2026/09/23 00:09:34.571, 0, 96809, 97871
2026/09/23 00:09:34.571, 1, 96818, 97871
2026/09/23 00:09:34.571, 2, 96835, 97871
2026/09/23 00:09:34.571, 3, 96817, 97871
2026/09/23 00:09:34.771, 0, 96809, 97871
2026/09/23 00:09:34.771, 1, 96818, 97871
2026/09/23 00:09:34.771, 2, 96835, 97871
2026/09/23 00:09:34.771, 3, 96817, 97871
2026/09/23 00:09:34.971, 0, 96809, 97871
2026/09/23 00:09:34.971, 1, 96818, 97871
2026/09/23 00:09:34.971, 2, 96835, 97871
2026/09/23 00:09:34.971, 3, 96817, 97871
2026/09/23 00:09:35.171, 0, 96809, 97871
2026/09/23 00:09:35.171, 1, 96818, 97871
2026/09/23 00:09:35.171, 2, 96835, 97871
2026/09/23 00:09:35.171, 3, 96817, 97871
2026/09/23 00:09:35.371, 0, 96809, 97871
2026/09/23 00:09:35.371, 1, 96818, 97871
2026/09/23 00:09:35.371, 2, 96835, 97871
2026/09/23 00:09:35.371, 3, 96817, 97871
2026/09/23 00:09:35.572, 0, 96809, 97871
2026/09/23 00:09:35.572, 1, 96818, 97871
2026/09/23 00:09:35.572, 2, 96835, 97871
2026/09/23 00:09:35.572, 3, 96817, 97871
2026/09/23 00:09:35.772, 0, 96809, 97871
2026/09/23 00:09:35.772, 1, 96818, 97871
2026/09/23 00:09:35.772, 2, 96835, 97871
2026/09/23 00:09:35.772, 3, 96817, 97871
2026/09/23 00:09:35.972, 0, 96809, 97871
2026/09/23 00:09:35.972, 1, 96818, 97871
2026/09/23 00:09:35.972, 2, 96835, 97871
2026/09/23 00:09:35.972, 3, 96817, 97871
2026/09/23 00:09:36.172, 0, 96809, 97871
2026/09/23 00:09:36.172, 1, 96818, 97871
2026/09/23 00:09:36.172, 2, 96835, 97871
2026/09/23 00:09:36.172, 3, 96817, 97871
2026/09/23 00:09:36.372, 0, 96809, 97871
2026/09/23 00:09:36.372, 1, 96818, 97871
2026/09/23 00:09:36.372, 2, 96835, 97871
2026/09/23 00:09:36.372, 3, 96817, 97871
2026/09/23 00:09:36.573, 0, 96809, 97871
2026/09/23 00:09:36.573, 1, 96818, 97871
2026/09/23 00:09:36.573, 2, 96835, 97871
2026/09/23 00:09:36.573, 3, 96817, 97871
2026/09/23 00:09:36.773, 0, 96809, 97871
2026/09/23 00:09:36.773, 1, 96818, 97871
2026/09/23 00:09:36.773, 2, 96835, 97871
2026/09/23 00:09:36.773, 3, 96817, 97871
2026/09/23 00:09:36.973, 0, 96809, 97871
2026/09/23 00:09:36.973, 1, 96818, 97871
2026/09/23 00:09:36.973, 2, 96835, 97871
2026/09/23 00:09:36.973, 3, 96817, 97871
2026/09/23 00:09:37.173, 0, 96809, 97871
2026/09/23 00:09:37.173, 1, 96818, 97871
2026/09/23 00:09:37.173, 2, 96835, 97871
2026/09/23 00:09:37.173, 3, 96817, 97871
2026/09/23 00:09:37.373, 0, 96809, 97871
2026/09/23 00:09:37.373, 1, 96818, 97871
2026/09/23 00:09:37.373, 2, 96835, 97871
2026/09/23 00:09:37.373, 3, 96817, 97871
2026/09/23 00:09:37.573, 0, 96809, 97871
2026/09/23 00:09:37.574, 1, 96818, 97871
2026/09/23 00:09:37.574, 2, 96835, 97871
2026/09/23 00:09:37.574, 3, 96817, 97871
2026/09/23 00:09:37.774, 0, 96809, 97871
2026/09/23 00:09:37.774, 1, 96818, 97871
2026/09/23 00:09:37.774, 2, 96835, 97871
2026/09/23 00:09:37.774, 3, 96817, 97871
2026/09/23 00:09:37.974, 0, 96809, 97871
2026/09/23 00:09:37.974, 1, 96818, 97871
2026/09/23 00:09:37.974, 2, 96835, 97871
2026/09/23 00:09:37.974, 3, 96817, 97871
2026/09/23 00:09:38.174, 0, 96809, 97871
2026/09/23 00:09:38.174, 1, 96818, 97871
2026/09/23 00:09:38.174, 2, 96835, 97871
2026/09/23 00:09:38.174, 3, 96817, 97871
2026/09/23 00:09:38.374, 0, 96809, 97871
2026/09/23 00:09:38.374, 1, 96818, 97871
2026/09/23 00:09:38.374, 2, 96835, 97871
2026/09/23 00:09:38.374, 3, 96817, 97871
2026/09/23 00:09:38.574, 0, 96809, 97871
2026/09/23 00:09:38.575, 1, 96818, 97871
2026/09/23 00:09:38.575, 2, 96835, 97871
2026/09/23 00:09:38.575, 3, 96817, 97871
2026/09/23 00:09:38.775, 0, 96809, 97871
2026/09/23 00:09:38.775, 1, 96818, 97871
2026/09/23 00:09:38.775, 2, 96835, 97871
2026/09/23 00:09:38.775, 3, 96817, 97871
2026/09/23 00:09:38.975, 0, 96809, 97871
2026/09/23 00:09:38.975, 1, 96818, 97871
2026/09/23 00:09:38.975, 2, 96835, 97871
2026/09/23 00:09:38.975, 3, 96817, 97871
2026/09/23 00:09:39.175, 0, 96809, 97871
2026/09/23 00:09:39.175, 1, 96818, 97871
2026/09/23 00:09:39.175, 2, 96835, 97871
2026/09/23 00:09:39.175, 3, 96817, 97871
2026/09/23 00:09:39.375, 0, 96809, 97871
2026/09/23 00:09:39.375, 1, 96818, 97871
2026/09/23 00:09:39.375, 2, 96835, 97871
2026/09/23 00:09:39.375, 3, 96817, 97871
2026/09/23 00:09:39.575, 0, 96809, 97871
2026/09/23 00:09:39.576, 1, 96818, 97871
2026/09/23 00:09:39.576, 2, 96835, 97871
2026/09/23 00:09:39.576, 3, 96817, 97871
2026/09/23 00:09:39.776, 0, 96809, 97871
2026/09/23 00:09:39.776, 1, 96818, 97871
2026/09/23 00:09:39.776, 2, 96835, 97871
2026/09/23 00:09:39.776, 3, 96817, 97871
2026/09/23 00:09:39.976, 0, 96809, 97871
2026/09/23 00:09:39.976, 1, 96818, 97871
2026/09/23 00:09:39.976, 2, 96835, 97871
2026/09/23 00:09:39.976, 3, 96817, 97871
2026/09/23 00:09:40.176, 0, 96809, 97871
2026/09/23 00:09:40.176, 1, 96818, 97871
2026/09/23 00:09:40.176, 2, 96835, 97871
2026/09/23 00:09:40.176, 3, 96817, 97871
2026/09/23 00:09:40.376, 0, 96809, 97871
2026/09/23 00:09:40.376, 1, 96818, 97871
2026/09/23 00:09:40.376, 2, 96835, 97871
2026/09/23 00:09:40.376, 3, 96817, 97871
2026/09/23 00:09:40.576, 0, 96809, 97871
2026/09/23 00:09:40.577, 1, 96818, 97871
2026/09/23 00:09:40.577, 2, 96835, 97871
2026/09/23 00:09:40.577, 3, 96817, 97871
2026/09/23 00:09:40.777, 0, 96809, 97871
2026/09/23 00:09:40.777, 1, 96818, 97871
2026/09/23 00:09:40.777, 2, 96835, 97871
2026/09/23 00:09:40.777, 3, 96817, 97871
2026/09/23 00:09:40.977, 0, 96809, 97871
2026/09/23 00:09:40.977, 1, 96818, 97871
2026/09/23 00:09:40.977, 2, 96835, 97871
2026/09/23 00:09:40.977, 3, 96817, 97871
2026/09/23 00:09:41.177, 0, 96809, 97871
2026/09/23 00:09:41.177, 1, 96818, 97871
2026/09/23 00:09:41.177, 2, 96835, 97871
2026/09/23 00:09:41.177, 3, 96817, 97871
2026/09/23 00:09:41.377, 0, 96809, 97871
2026/09/23 00:09:41.377, 1, 96818, 97871
2026/09/23 00:09:41.377, 2, 96835, 97871
2026/09/23 00:09:41.377, 3, 96817, 97871
2026/09/23 00:09:41.577, 0, 96809, 97871
2026/09/23 00:09:41.578, 1, 96818, 97871
2026/09/23 00:09:41.578, 2, 96835, 97871
2026/09/23 00:09:41.578, 3, 96817, 97871
2026/09/23 00:09:41.778, 0, 96809, 97871
2026/09/23 00:09:41.778, 1, 96818, 97871
2026/09/23 00:09:41.778, 2, 96835, 97871
2026/09/23 00:09:41.778, 3, 96817, 97871
2026/09/23 00:09:41.978, 0, 96809, 97871
2026/09/23 00:09:41.978, 1, 96818, 97871
2026/09/23 00:09:41.978, 2, 96835, 97871
2026/09/23 00:09:41.978, 3, 96817, 97871
2026/09/23 00:09:42.178, 0, 96809, 97871
2026/09/23 00:09:42.178, 1, 96818, 97871
2026/09/23 00:09:42.178, 2, 96835, 97871
2026/09/23 00:09:42.178, 3, 96817, 97871
2026/09/23 00:09:42.378, 0, 96809, 97871
2026/09/23 00:09:42.378, 1, 96818, 97871
2026/09/23 00:09:42.378, 2, 96835, 97871
2026/09/23 00:09:42.378, 3, 96817, 97871
2026/09/23 00:09:42.578, 0, 96809, 97871
2026/09/23 00:09:42.578, 1, 96818, 97871
2026/09/23 00:09:42.579, 2, 96835, 97871
2026/09/23 00:09:42.579, 3, 96817, 97871
2026/09/23 00:09:42.779, 0, 96809, 97871
2026/09/23 00:09:42.779, 1, 96818, 97871
2026/09/23 00:09:42.779, 2, 96835, 97871
2026/09/23 00:09:42.779, 3, 96817, 97871
2026/09/23 00:09:42.979, 0, 96809, 97871
2026/09/23 00:09:42.979, 1, 96818, 97871
2026/09/23 00:09:42.979, 2, 96835, 97871
2026/09/23 00:09:42.979, 3, 96817, 97871
2026/09/23 00:09:43.179, 0, 96809, 97871
2026/09/23 00:09:43.179, 1, 96818, 97871
2026/09/23 00:09:43.179, 2, 96835, 97871
2026/09/23 00:09:43.179, 3, 96817, 97871
2026/09/23 00:09:43.379, 0, 96809, 97871
2026/09/23 00:09:43.379, 1, 96818, 97871
2026/09/23 00:09:43.379, 2, 96835, 97871
2026/09/23 00:09:43.379, 3, 96817, 97871
2026/09/23 00:09:43.579, 0, 96809, 97871
2026/09/23 00:09:43.579, 1, 96818, 97871
2026/09/23 00:09:43.579, 2, 96835, 97871
2026/09/23 00:09:43.579, 3, 96817, 97871
2026/09/23 00:09:43.780, 0, 96809, 97871
2026/09/23 00:09:43.780, 1, 96818, 97871
2026/09/23 00:09:43.780, 2, 96835, 97871
2026/09/23 00:09:43.780, 3, 96817, 97871
2026/09/23 00:09:43.980, 0, 96809, 97871
2026/09/23 00:09:43.980, 1, 96818, 97871
2026/09/23 00:09:43.980, 2, 96835, 97871
2026/09/23 00:09:43.980, 3, 96817, 97871
2026/09/23 00:09:44.180, 0, 96809, 97871
2026/09/23 00:09:44.180, 1, 96818, 97871
2026/09/23 00:09:44.180, 2, 96835, 97871
2026/09/23 00:09:44.180, 3, 96817, 97871
2026/09/23 00:09:44.380, 0, 96809, 97871
2026/09/23 00:09:44.380, 1, 96818, 97871
2026/09/23 00:09:44.380, 2, 96835, 97871
2026/09/23 00:09:44.380, 3, 96817, 97871
2026/09/23 00:09:44.580, 0, 96809, 97871
2026/09/23 00:09:44.580, 1, 96818, 97871
2026/09/23 00:09:44.580, 2, 96835, 97871
2026/09/23 00:09:44.580, 3, 96817, 97871
2026/09/23 00:09:44.781, 0, 96809, 97871
2026/09/23 00:09:44.781, 1, 96818, 97871
2026/09/23 00:09:44.781, 2, 96835, 97871
2026/09/23 00:09:44.781, 3, 96817, 97871
2026/09/23 00:09:44.981, 0, 96809, 97871
2026/09/23 00:09:44.981, 1, 96818, 97871
2026/09/23 00:09:44.981, 2, 96835, 97871
2026/09/23 00:09:44.981, 3, 96817, 97871
2026/09/23 00:09:45.181, 0, 96809, 97871
2026/09/23 00:09:45.181, 1, 96818, 97871
2026/09/23 00:09:45.181, 2, 96835, 97871
2026/09/23 00:09:45.181, 3, 96817, 97871
2026/09/23 00:09:45.381, 0, 96809, 97871
2026/09/23 00:09:45.381, 1, 96818, 97871
2026/09/23 00:09:45.381, 2, 96835, 97871
2026/09/23 00:09:45.381, 3, 96817, 97871
2026/09/23 00:09:45.581, 0, 96809, 97871
2026/09/23 00:09:45.581, 1, 96818, 97871
2026/09/23 00:09:45.581, 2, 96835, 97871
2026/09/23 00:09:45.581, 3, 96817, 97871
2026/09/23 00:09:45.781, 0, 96809, 97871
2026/09/23 00:09:45.782, 1, 96818, 97871
2026/09/23 00:09:45.782, 2, 96835, 97871
2026/09/23 00:09:45.782, 3, 96817, 97871
2026/09/23 00:09:45.982, 0, 96809, 97871
2026/09/23 00:09:45.982, 1, 96818, 97871
2026/09/23 00:09:45.982, 2, 96835, 97871
2026/09/23 00:09:45.982, 3, 96817, 97871
2026/09/23 00:09:46.182, 0, 96809, 97871
2026/09/23 00:09:46.182, 1, 96818, 97871
2026/09/23 00:09:46.182, 2, 96835, 97871
2026/09/23 00:09:46.182, 3, 96817, 97871
2026/09/23 00:09:46.382, 0, 96809, 97871
2026/09/23 00:09:46.382, 1, 96818, 97871
2026/09/23 00:09:46.382, 2, 96835, 97871
2026/09/23 00:09:46.382, 3, 96817, 97871
2026/09/23 00:09:46.582, 0, 96809, 97871
2026/09/23 00:09:46.582, 1, 96818, 97871
2026/09/23 00:09:46.582, 2, 96835, 97871
2026/09/23 00:09:46.582, 3, 96817, 97871
2026/09/23 00:09:46.782, 0, 96809, 97871
2026/09/23 00:09:46.782, 1, 96818, 97871
2026/09/23 00:09:46.783, 2, 96835, 97871
2026/09/23 00:09:46.783, 3, 96817, 97871
2026/09/23 00:09:46.983, 0, 96809, 97871
2026/09/23 00:09:46.983, 1, 96818, 97871
2026/09/23 00:09:46.983, 2, 96835, 97871
2026/09/23 00:09:46.983, 3, 96817, 97871
2026/09/23 00:09:47.183, 0, 96809, 97871
2026/09/23 00:09:47.183, 1, 96818, 97871
2026/09/23 00:09:47.183, 2, 96835, 97871
2026/09/23 00:09:47.183, 3, 96817, 97871
2026/09/23 00:09:47.383, 0, 96809, 97871
2026/09/23 00:09:47.383, 1, 96818, 97871
2026/09/23 00:09:47.383, 2, 96835, 97871
2026/09/23 00:09:47.383, 3, 96817, 97871
2026/09/23 00:09:47.583, 0, 96809, 97871
2026/09/23 00:09:47.583, 1, 96818, 97871
2026/09/23 00:09:47.583, 2, 96835, 97871
2026/09/23 00:09:47.583, 3, 96817, 97871
2026/09/23 00:09:47.783, 0, 96809, 97871
2026/09/23 00:09:47.784, 1, 96818, 97871
2026/09/23 00:09:47.784, 2, 96835, 97871
2026/09/23 00:09:47.784, 3, 96817, 97871
2026/09/23 00:09:47.984, 0, 96809, 97871
2026/09/23 00:09:47.984, 1, 96818, 97871
2026/09/23 00:09:47.984, 2, 96835, 97871
2026/09/23 00:09:47.984, 3, 96817, 97871
2026/09/23 00:09:48.184, 0, 96809, 97871
2026/09/23 00:09:48.184, 1, 96818, 97871
2026/09/23 00:09:48.184, 2, 96835, 97871
2026/09/23 00:09:48.184, 3, 96817, 97871
2026/09/23 00:09:48.384, 0, 96809, 97871
2026/09/23 00:09:48.384, 1, 96818, 97871
2026/09/23 00:09:48.384, 2, 96835, 97871
2026/09/23 00:09:48.384, 3, 96817, 97871
2026/09/23 00:09:48.584, 0, 96809, 97871
2026/09/23 00:09:48.584, 1, 96818, 97871
2026/09/23 00:09:48.584, 2, 96835, 97871
2026/09/23 00:09:48.584, 3, 96817, 97871
2026/09/23 00:09:48.785, 0, 96809, 97871
2026/09/23 00:09:48.785, 1, 96818, 97871
2026/09/23 00:09:48.785, 2, 96835, 97871
2026/09/23 00:09:48.785, 3, 96817, 97871
2026/09/23 00:09:48.985, 0, 96809, 97871
2026/09/23 00:09:48.985, 1, 96818, 97871
2026/09/23 00:09:48.985, 2, 96835, 97871
2026/09/23 00:09:48.985, 3, 96817, 97871
2026/09/23 00:09:49.185, 0, 96809, 97871
2026/09/23 00:09:49.185, 1, 96818, 97871
2026/09/23 00:09:49.185, 2, 96835, 97871
2026/09/23 00:09:49.185, 3, 96817, 97871
2026/09/23 00:09:49.385, 0, 96809, 97871
2026/09/23 00:09:49.385, 1, 96818, 97871
2026/09/23 00:09:49.385, 2, 96835, 97871
2026/09/23 00:09:49.385, 3, 96817, 97871
2026/09/23 00:09:49.585, 0, 96809, 97871
2026/09/23 00:09:49.585, 1, 96818, 97871
2026/09/23 00:09:49.585, 2, 96835, 97871
2026/09/23 00:09:49.585, 3, 96817, 97871
2026/09/23 00:09:49.786, 0, 96809, 97871
2026/09/23 00:09:49.786, 1, 96818, 97871
2026/09/23 00:09:49.786, 2, 96835, 97871
2026/09/23 00:09:49.786, 3, 96817, 97871
2026/09/23 00:09:49.986, 0, 96809, 97871
2026/09/23 00:09:49.986, 1, 96818, 97871
2026/09/23 00:09:49.986, 2, 96835, 97871
2026/09/23 00:09:49.986, 3, 96817, 97871
2026/09/23 00:09:50.186, 0, 96809, 97871
2026/09/23 00:09:50.186, 1, 96818, 97871
2026/09/23 00:09:50.186, 2, 96835, 97871
2026/09/23 00:09:50.186, 3, 96817, 97871
2026/09/23 00:09:50.386, 0, 96809, 97871
2026/09/23 00:09:50.386, 1, 96818, 97871
2026/09/23 00:09:50.386, 2, 96835, 97871
2026/09/23 00:09:50.386, 3, 96817, 97871
2026/09/23 00:09:50.586, 0, 96809, 97871
2026/09/23 00:09:50.586, 1, 96818, 97871
2026/09/23 00:09:50.586, 2, 96835, 97871
2026/09/23 00:09:50.586, 3, 96817, 97871
2026/09/23 00:09:50.787, 0, 96809, 97871
2026/09/23 00:09:50.787, 1, 96818, 97871
2026/09/23 00:09:50.787, 2, 96835, 97871
2026/09/23 00:09:50.787, 3, 96817, 97871
2026/09/23 00:09:50.987, 0, 96809, 97871
2026/09/23 00:09:50.987, 1, 96818, 97871
2026/09/23 00:09:50.987, 2, 96835, 97871
2026/09/23 00:09:50.987, 3, 96817, 97871
2026/09/23 00:09:51.187, 0, 96809, 97871
2026/09/23 00:09:51.187, 1, 96818, 97871
2026/09/23 00:09:51.187, 2, 96835, 97871
2026/09/23 00:09:51.187, 3, 96817, 97871
2026/09/23 00:09:51.387, 0, 96809, 97871
2026/09/23 00:09:51.387, 1, 96818, 97871
2026/09/23 00:09:51.387, 2, 96835, 97871
2026/09/23 00:09:51.387, 3, 96817, 97871
2026/09/23 00:09:51.587, 0, 96809, 97871
2026/09/23 00:09:51.587, 1, 96818, 97871
2026/09/23 00:09:51.587, 2, 96835, 97871
2026/09/23 00:09:51.587, 3, 96817, 97871
2026/09/23 00:09:51.787, 0, 96809, 97871
2026/09/23 00:09:51.788, 1, 96818, 97871
2026/09/23 00:09:51.788, 2, 96835, 97871
2026/09/23 00:09:51.788, 3, 96817, 97871
2026/09/23 00:09:51.988, 0, 96809, 97871
2026/09/23 00:09:51.988, 1, 96818, 97871
2026/09/23 00:09:51.988, 2, 96835, 97871
2026/09/23 00:09:51.988, 3, 96817, 97871
2026/09/23 00:09:52.188, 0, 96809, 97871
2026/09/23 00:09:52.188, 1, 96818, 97871
2026/09/23 00:09:52.188, 2, 96835, 97871
2026/09/23 00:09:52.188, 3, 96817, 97871
2026/09/23 00:09:52.388, 0, 96809, 97871
2026/09/23 00:09:52.388, 1, 96818, 97871
2026/09/23 00:09:52.388, 2, 96835, 97871
2026/09/23 00:09:52.388, 3, 96817, 97871
2026/09/23 00:09:52.588, 0, 96809, 97871
2026/09/23 00:09:52.588, 1, 96818, 97871
2026/09/23 00:09:52.588, 2, 96835, 97871
2026/09/23 00:09:52.588, 3, 96817, 97871
2026/09/23 00:09:52.788, 0, 96809, 97871
2026/09/23 00:09:52.788, 1, 96818, 97871
2026/09/23 00:09:52.788, 2, 96835, 97871
2026/09/23 00:09:52.788, 3, 96817, 97871
2026/09/23 00:09:52.989, 0, 96809, 97871
2026/09/23 00:09:52.989, 1, 96818, 97871
2026/09/23 00:09:52.989, 2, 96835, 97871
2026/09/23 00:09:52.989, 3, 96817, 97871
2026/09/23 00:09:53.189, 0, 96809, 97871
2026/09/23 00:09:53.189, 1, 96818, 97871
2026/09/23 00:09:53.189, 2, 96835, 97871
2026/09/23 00:09:53.189, 3, 96817, 97871
2026/09/23 00:09:53.389, 0, 96809, 97871
2026/09/23 00:09:53.389, 1, 96818, 97871
2026/09/23 00:09:53.389, 2, 96835, 97871
2026/09/23 00:09:53.389, 3, 96817, 97871
2026/09/23 00:09:53.589, 0, 96809, 97871
2026/09/23 00:09:53.589, 1, 96818, 97871
2026/09/23 00:09:53.589, 2, 96835, 97871
2026/09/23 00:09:53.589, 3, 96817, 97871
2026/09/23 00:09:53.789, 0, 96809, 97871
2026/09/23 00:09:53.789, 1, 96818, 97871
2026/09/23 00:09:53.789, 2, 96835, 97871
2026/09/23 00:09:53.789, 3, 96817, 97871
2026/09/23 00:09:53.990, 0, 96809, 97871
2026/09/23 00:09:53.990, 1, 96818, 97871
2026/09/23 00:09:53.990, 2, 96835, 97871
2026/09/23 00:09:53.990, 3, 96817, 97871
2026/09/23 00:09:54.190, 0, 96809, 97871
2026/09/23 00:09:54.190, 1, 96818, 97871
2026/09/23 00:09:54.190, 2, 96835, 97871
2026/09/23 00:09:54.190, 3, 96817, 97871
2026/09/23 00:09:54.390, 0, 96809, 97871
2026/09/23 00:09:54.390, 1, 96818, 97871
2026/09/23 00:09:54.390, 2, 96835, 97871
2026/09/23 00:09:54.390, 3, 96817, 97871
2026/09/23 00:09:54.590, 0, 96809, 97871
2026/09/23 00:09:54.590, 1, 96818, 97871
2026/09/23 00:09:54.590, 2, 96835, 97871
2026/09/23 00:09:54.590, 3, 96817, 97871
2026/09/23 00:09:54.790, 0, 96809, 97871
2026/09/23 00:09:54.790, 1, 96818, 97871
2026/09/23 00:09:54.790, 2, 96835, 97871
2026/09/23 00:09:54.791, 3, 96817, 97871
2026/09/23 00:09:54.991, 0, 96809, 97871
2026/09/23 00:09:54.991, 1, 96818, 97871
2026/09/23 00:09:54.991, 2, 96835, 97871
2026/09/23 00:09:54.991, 3, 96817, 97871
2026/09/23 00:09:55.191, 0, 96809, 97871
2026/09/23 00:09:55.191, 1, 96818, 97871
2026/09/23 00:09:55.191, 2, 96835, 97871
2026/09/23 00:09:55.191, 3, 96817, 97871
2026/09/23 00:09:55.391, 0, 96809, 97871
2026/09/23 00:09:55.391, 1, 96818, 97871
2026/09/23 00:09:55.391, 2, 96835, 97871
2026/09/23 00:09:55.391, 3, 96817, 97871
2026/09/23 00:09:55.591, 0, 96809, 97871
2026/09/23 00:09:55.591, 1, 96818, 97871
2026/09/23 00:09:55.591, 2, 96835, 97871
2026/09/23 00:09:55.591, 3, 96817, 97871
2026/09/23 00:09:55.792, 0, 96809, 97871
2026/09/23 00:09:55.792, 1, 96818, 97871
2026/09/23 00:09:55.792, 2, 96835, 97871
2026/09/23 00:09:55.792, 3, 96817, 97871
2026/09/23 00:09:55.992, 0, 96809, 97871
2026/09/23 00:09:55.992, 1, 96818, 97871
2026/09/23 00:09:55.992, 2, 96835, 97871
2026/09/23 00:09:55.992, 3, 96817, 97871
2026/09/23 00:09:56.192, 0, 96809, 97871
2026/09/23 00:09:56.192, 1, 96818, 97871
2026/09/23 00:09:56.192, 2, 96835, 97871
2026/09/23 00:09:56.192, 3, 96817, 97871
2026/09/23 00:09:56.392, 0, 96809, 97871
2026/09/23 00:09:56.392, 1, 96818, 97871
2026/09/23 00:09:56.393, 2, 96835, 97871
2026/09/23 00:09:56.393, 3, 96817, 97871
2026/09/23 00:09:56.593, 0, 96809, 97871
2026/09/23 00:09:56.593, 1, 96818, 97871
2026/09/23 00:09:56.593, 2, 96835, 97871
2026/09/23 00:09:56.593, 3, 96817, 97871
2026/09/23 00:09:56.793, 0, 96809, 97871
2026/09/23 00:09:56.793, 1, 96818, 97871
2026/09/23 00:09:56.793, 2, 96835, 97871
2026/09/23 00:09:56.793, 3, 96817, 97871
2026/09/23 00:09:56.993, 0, 96809, 97871
2026/09/23 00:09:56.993, 1, 96818, 97871
2026/09/23 00:09:56.993, 2, 96835, 97871
2026/09/23 00:09:56.993, 3, 96817, 97871
2026/09/23 00:09:57.193, 0, 96809, 97871
2026/09/23 00:09:57.194, 1, 96818, 97871
2026/09/23 00:09:57.194, 2, 96835, 97871
2026/09/23 00:09:57.194, 3, 96817, 97871
2026/09/23 00:09:57.394, 0, 96809, 97871
2026/09/23 00:09:57.394, 1, 96818, 97871
2026/09/23 00:09:57.394, 2, 96835, 97871
2026/09/23 00:09:57.394, 3, 96817, 97871
2026/09/23 00:09:57.594, 0, 96809, 97871
2026/09/23 00:09:57.594, 1, 96818, 97871
2026/09/23 00:09:57.594, 2, 96835, 97871
2026/09/23 00:09:57.594, 3, 96817, 97871
2026/09/23 00:09:57.794, 0, 96809, 97871
2026/09/23 00:09:57.794, 1, 96818, 97871
2026/09/23 00:09:57.794, 2, 96835, 97871
2026/09/23 00:09:57.794, 3, 96817, 97871
2026/09/23 00:09:57.994, 0, 96809, 97871
2026/09/23 00:09:57.995, 1, 96818, 97871
2026/09/23 00:09:57.995, 2, 96835, 97871
2026/09/23 00:09:57.995, 3, 96817, 97871
2026/09/23 00:09:58.195, 0, 96809, 97871
2026/09/23 00:09:58.195, 1, 96818, 97871
2026/09/23 00:09:58.195, 2, 96835, 97871
2026/09/23 00:09:58.195, 3, 96817, 97871
2026/09/23 00:09:58.395, 0, 96809, 97871
2026/09/23 00:09:58.395, 1, 96818, 97871
2026/09/23 00:09:58.395, 2, 96835, 97871
2026/09/23 00:09:58.395, 3, 96817, 97871
2026/09/23 00:09:58.595, 0, 96809, 97871
2026/09/23 00:09:58.595, 1, 96818, 97871
2026/09/23 00:09:58.595, 2, 96835, 97871
2026/09/23 00:09:58.595, 3, 96817, 97871
2026/09/23 00:09:58.795, 0, 96809, 97871
2026/09/23 00:09:58.795, 1, 96818, 97871
2026/09/23 00:09:58.796, 2, 96835, 97871
2026/09/23 00:09:58.796, 3, 96817, 97871
2026/09/23 00:09:58.996, 0, 96809, 97871
2026/09/23 00:09:58.996, 1, 96818, 97871
2026/09/23 00:09:58.996, 2, 96835, 97871
2026/09/23 00:09:58.996, 3, 96817, 97871
2026/09/23 00:09:59.196, 0, 96809, 97871
2026/09/23 00:09:59.196, 1, 96818, 97871
2026/09/23 00:09:59.196, 2, 96835, 97871
2026/09/23 00:09:59.196, 3, 96817, 97871
2026/09/23 00:09:59.396, 0, 96809, 97871
2026/09/23 00:09:59.396, 1, 96818, 97871
2026/09/23 00:09:59.396, 2, 96835, 97871
2026/09/23 00:09:59.396, 3, 96817, 97871
2026/09/23 00:09:59.596, 0, 96809, 97871
2026/09/23 00:09:59.596, 1, 96818, 97871
2026/09/23 00:09:59.596, 2, 96835, 97871
2026/09/23 00:09:59.596, 3, 96817, 97871
2026/09/23 00:09:59.797, 0, 96809, 97871
2026/09/23 00:09:59.797, 1, 96818, 97871
2026/09/23 00:09:59.797, 2, 96835, 97871
2026/09/23 00:09:59.797, 3, 96817, 97871
2026/09/23 00:09:59.997, 0, 96809, 97871
2026/09/23 00:09:59.997, 1, 96818, 97871
2026/09/23 00:09:59.997, 2, 96835, 97871
2026/09/23 00:09:59.997, 3, 96817, 97871
2026/09/23 00:10:00.197, 0, 96809, 97871
2026/09/23 00:10:00.197, 1, 96818, 97871
2026/09/23 00:10:00.197, 2, 96835, 97871
2026/09/23 00:10:00.197, 3, 96817, 97871
2026/09/23 00:10:00.397, 0, 96809, 97871
2026/09/23 00:10:00.397, 1, 96818, 97871
2026/09/23 00:10:00.397, 2, 96835, 97871
2026/09/23 00:10:00.397, 3, 96817, 97871
2026/09/23 00:10:00.597, 0, 96809, 97871
2026/09/23 00:10:00.598, 1, 96818, 97871
2026/09/23 00:10:00.598, 2, 96835, 97871
2026/09/23 00:10:00.598, 3, 96817, 97871
2026/09/23 00:10:00.798, 0, 96809, 97871
2026/09/23 00:10:00.798, 1, 96818, 97871
2026/09/23 00:10:00.798, 2, 96835, 97871
2026/09/23 00:10:00.798, 3, 96817, 97871
2026/09/23 00:10:00.998, 0, 96809, 97871
2026/09/23 00:10:00.998, 1, 96818, 97871
2026/09/23 00:10:00.998, 2, 96835, 97871
2026/09/23 00:10:00.998, 3, 96817, 97871
2026/09/23 00:10:01.198, 0, 96809, 97871
2026/09/23 00:10:01.198, 1, 96818, 97871
2026/09/23 00:10:01.198, 2, 96835, 97871
2026/09/23 00:10:01.198, 3, 96817, 97871
2026/09/23 00:10:01.398, 0, 96809, 97871
2026/09/23 00:10:01.399, 1, 96818, 97871
2026/09/23 00:10:01.399, 2, 96835, 97871
2026/09/23 00:10:01.399, 3, 96817, 97871
2026/09/23 00:10:01.599, 0, 96809, 97871
2026/09/23 00:10:01.599, 1, 96818, 97871
2026/09/23 00:10:01.599, 2, 96835, 97871
2026/09/23 00:10:01.599, 3, 96817, 97871
2026/09/23 00:10:01.799, 0, 96809, 97871
2026/09/23 00:10:01.799, 1, 96818, 97871
2026/09/23 00:10:01.799, 2, 96835, 97871
2026/09/23 00:10:01.799, 3, 96817, 97871
2026/09/23 00:10:01.999, 0, 96809, 97871
2026/09/23 00:10:01.999, 1, 96818, 97871
2026/09/23 00:10:01.999, 2, 96835, 97871
2026/09/23 00:10:02.000, 3, 96817, 97871
2026/09/23 00:10:02.200, 0, 96809, 97871
2026/09/23 00:10:02.200, 1, 96818, 97871
2026/09/23 00:10:02.200, 2, 96835, 97871
2026/09/23 00:10:02.200, 3, 96817, 97871
2026/09/23 00:10:02.400, 0, 96809, 97871
2026/09/23 00:10:02.400, 1, 96818, 97871
2026/09/23 00:10:02.400, 2, 96835, 97871
2026/09/23 00:10:02.400, 3, 96817, 97871
2026/09/23 00:10:02.600, 0, 96809, 97871
2026/09/23 00:10:02.600, 1, 96818, 97871
2026/09/23 00:10:02.600, 2, 96835, 97871
2026/09/23 00:10:02.600, 3, 96817, 97871
2026/09/23 00:10:02.800, 0, 96809, 97871
2026/09/23 00:10:02.800, 1, 96818, 97871
2026/09/23 00:10:02.800, 2, 96835, 97871
2026/09/23 00:10:02.801, 3, 96817, 97871
2026/09/23 00:10:03.001, 0, 96809, 97871
2026/09/23 00:10:03.001, 1, 96818, 97871
2026/09/23 00:10:03.001, 2, 96835, 97871
2026/09/23 00:10:03.001, 3, 96817, 97871
2026/09/23 00:10:03.201, 0, 96809, 97871
2026/09/23 00:10:03.201, 1, 96818, 97871
2026/09/23 00:10:03.201, 2, 96835, 97871
2026/09/23 00:10:03.201, 3, 96817, 97871
2026/09/23 00:10:03.401, 0, 96809, 97871
2026/09/23 00:10:03.401, 1, 96818, 97871
2026/09/23 00:10:03.401, 2, 96835, 97871
2026/09/23 00:10:03.401, 3, 96817, 97871
2026/09/23 00:10:03.601, 0, 96809, 97871
2026/09/23 00:10:03.601, 1, 96818, 97871
2026/09/23 00:10:03.601, 2, 96835, 97871
2026/09/23 00:10:03.601, 3, 96817, 97871
2026/09/23 00:10:03.801, 0, 96809, 97871
2026/09/23 00:10:03.802, 1, 96818, 97871
2026/09/23 00:10:03.802, 2, 96835, 97871
2026/09/23 00:10:03.802, 3, 96817, 97871
2026/09/23 00:10:04.002, 0, 96809, 97871
2026/09/23 00:10:04.002, 1, 96818, 97871
2026/09/23 00:10:04.002, 2, 96835, 97871
2026/09/23 00:10:04.002, 3, 96817, 97871
2026/09/23 00:10:04.202, 0, 96809, 97871
2026/09/23 00:10:04.202, 1, 96818, 97871
2026/09/23 00:10:04.202, 2, 96835, 97871
2026/09/23 00:10:04.202, 3, 96817, 97871
2026/09/23 00:10:04.402, 0, 96809, 97871
2026/09/23 00:10:04.402, 1, 96818, 97871
2026/09/23 00:10:04.402, 2, 96835, 97871
2026/09/23 00:10:04.402, 3, 96817, 97871
2026/09/23 00:10:04.603, 0, 96809, 97871
2026/09/23 00:10:04.603, 1, 96818, 97871
2026/09/23 00:10:04.603, 2, 96835, 97871
2026/09/23 00:10:04.603, 3, 96817, 97871
2026/09/23 00:10:04.803, 0, 96809, 97871
2026/09/23 00:10:04.803, 1, 96818, 97871
2026/09/23 00:10:04.803, 2, 96835, 97871
2026/09/23 00:10:04.803, 3, 96817, 97871
2026/09/23 00:10:05.003, 0, 96809, 97871
2026/09/23 00:10:05.003, 1, 96818, 97871
2026/09/23 00:10:05.003, 2, 96835, 97871
2026/09/23 00:10:05.003, 3, 96817, 97871
2026/09/23 00:10:05.203, 0, 96809, 97871
2026/09/23 00:10:05.203, 1, 96818, 97871
2026/09/23 00:10:05.203, 2, 96835, 97871
2026/09/23 00:10:05.204, 3, 96817, 97871
2026/09/23 00:10:05.404, 0, 96809, 97871
2026/09/23 00:10:05.404, 1, 96818, 97871
2026/09/23 00:10:05.404, 2, 96835, 97871
2026/09/23 00:10:05.404, 3, 96817, 97871
2026/09/23 00:10:05.604, 0, 96809, 97871
2026/09/23 00:10:05.604, 1, 96818, 97871
2026/09/23 00:10:05.604, 2, 96835, 97871
2026/09/23 00:10:05.604, 3, 96817, 97871
2026/09/23 00:10:05.804, 0, 96809, 97871
2026/09/23 00:10:05.804, 1, 96818, 97871
2026/09/23 00:10:05.804, 2, 96835, 97871
2026/09/23 00:10:05.804, 3, 96817, 97871
2026/09/23 00:10:06.004, 0, 96809, 97871
2026/09/23 00:10:06.005, 1, 96818, 97871
2026/09/23 00:10:06.005, 2, 96835, 97871
2026/09/23 00:10:06.005, 3, 96817, 97871
2026/09/23 00:10:06.205, 0, 96809, 97871
2026/09/23 00:10:06.205, 1, 96818, 97871
2026/09/23 00:10:06.205, 2, 96835, 97871
2026/09/23 00:10:06.205, 3, 96817, 97871
2026/09/23 00:10:06.405, 0, 96809, 97871
2026/09/23 00:10:06.405, 1, 96818, 97871
2026/09/23 00:10:06.405, 2, 96835, 97871
2026/09/23 00:10:06.405, 3, 96817, 97871
2026/09/23 00:10:06.605, 0, 96809, 97871
2026/09/23 00:10:06.605, 1, 96818, 97871
2026/09/23 00:10:06.605, 2, 96835, 97871
2026/09/23 00:10:06.605, 3, 96817, 97871
2026/09/23 00:10:06.805, 0, 96809, 97871
2026/09/23 00:10:06.806, 1, 96818, 97871
2026/09/23 00:10:06.806, 2, 96835, 97871
2026/09/23 00:10:06.806, 3, 96817, 97871
2026/09/23 00:10:07.006, 0, 96809, 97871
2026/09/23 00:10:07.006, 1, 96818, 97871
2026/09/23 00:10:07.006, 2, 96835, 97871
2026/09/23 00:10:07.006, 3, 96817, 97871
2026/09/23 00:10:07.206, 0, 96809, 97871
2026/09/23 00:10:07.206, 1, 96818, 97871
2026/09/23 00:10:07.206, 2, 96835, 97871
2026/09/23 00:10:07.206, 3, 96817, 97871
2026/09/23 00:10:07.406, 0, 96809, 97871
2026/09/23 00:10:07.406, 1, 96818, 97871
2026/09/23 00:10:07.406, 2, 96835, 97871
2026/09/23 00:10:07.406, 3, 96817, 97871
2026/09/23 00:10:07.606, 0, 96809, 97871
2026/09/23 00:10:07.607, 1, 96818, 97871
2026/09/23 00:10:07.607, 2, 96835, 97871
2026/09/23 00:10:07.607, 3, 96817, 97871
2026/09/23 00:10:07.807, 0, 96809, 97871
2026/09/23 00:10:07.807, 1, 96818, 97871
2026/09/23 00:10:07.807, 2, 96835, 97871
2026/09/23 00:10:07.807, 3, 96817, 97871
2026/09/23 00:10:08.007, 0, 96809, 97871
2026/09/23 00:10:08.007, 1, 96818, 97871
2026/09/23 00:10:08.007, 2, 96835, 97871
2026/09/23 00:10:08.007, 3, 96817, 97871
2026/09/23 00:10:08.207, 0, 96809, 97871
2026/09/23 00:10:08.207, 1, 96818, 97871
2026/09/23 00:10:08.207, 2, 96835, 97871
2026/09/23 00:10:08.207, 3, 96817, 97871
2026/09/23 00:10:08.408, 0, 96809, 97871
2026/09/23 00:10:08.408, 1, 96818, 97871
2026/09/23 00:10:08.408, 2, 96835, 97871
2026/09/23 00:10:08.408, 3, 96817, 97871
2026/09/23 00:10:08.608, 0, 96809, 97871
2026/09/23 00:10:08.608, 1, 96818, 97871
2026/09/23 00:10:08.608, 2, 96835, 97871
2026/09/23 00:10:08.608, 3, 96817, 97871
2026/09/23 00:10:08.808, 0, 96809, 97871
2026/09/23 00:10:08.808, 1, 96818, 97871
2026/09/23 00:10:08.808, 2, 96835, 97871
2026/09/23 00:10:08.808, 3, 96817, 97871
2026/09/23 00:10:09.008, 0, 96809, 97871
2026/09/23 00:10:09.008, 1, 96818, 97871
2026/09/23 00:10:09.008, 2, 96835, 97871
2026/09/23 00:10:09.008, 3, 96817, 97871
2026/09/23 00:10:09.209, 0, 96809, 97871
2026/09/23 00:10:09.209, 1, 96818, 97871
2026/09/23 00:10:09.209, 2, 96835, 97871
2026/09/23 00:10:09.209, 3, 96817, 97871
2026/09/23 00:10:09.409, 0, 96809, 97871
2026/09/23 00:10:09.409, 1, 96818, 97871
2026/09/23 00:10:09.409, 2, 96835, 97871
2026/09/23 00:10:09.409, 3, 96817, 97871
2026/09/23 00:10:09.609, 0, 96809, 97871
2026/09/23 00:10:09.609, 1, 96818, 97871
2026/09/23 00:10:09.609, 2, 96835, 97871
2026/09/23 00:10:09.609, 3, 96817, 97871
2026/09/23 00:10:09.809, 0, 96809, 97871
2026/09/23 00:10:09.809, 1, 96818, 97871
2026/09/23 00:10:09.810, 2, 96835, 97871
2026/09/23 00:10:09.810, 3, 96817, 97871
2026/09/23 00:10:10.010, 0, 96809, 97871
2026/09/23 00:10:10.010, 1, 96818, 97871
2026/09/23 00:10:10.010, 2, 96835, 97871
2026/09/23 00:10:10.010, 3, 96817, 97871
2026/09/23 00:10:10.210, 0, 96809, 97871
2026/09/23 00:10:10.210, 1, 96818, 97871
2026/09/23 00:10:10.210, 2, 96835, 97871
2026/09/23 00:10:10.210, 3, 96817, 97871
2026/09/23 00:10:10.410, 0, 96809, 97871
2026/09/23 00:10:10.410, 1, 96818, 97871
2026/09/23 00:10:10.410, 2, 96835, 97871
2026/09/23 00:10:10.410, 3, 96817, 97871
2026/09/23 00:10:10.611, 0, 96809, 97871
2026/09/23 00:10:10.611, 1, 96818, 97871
2026/09/23 00:10:10.611, 2, 96835, 97871
2026/09/23 00:10:10.611, 3, 96817, 97871
2026/09/23 00:10:10.811, 0, 96809, 97871
2026/09/23 00:10:10.811, 1, 96818, 97871
2026/09/23 00:10:10.811, 2, 96835, 97871
2026/09/23 00:10:10.811, 3, 96817, 97871
2026/09/23 00:10:11.011, 0, 96809, 97871
2026/09/23 00:10:11.011, 1, 96818, 97871
2026/09/23 00:10:11.011, 2, 96835, 97871
2026/09/23 00:10:11.011, 3, 96817, 97871
2026/09/23 00:10:11.211, 0, 96809, 97871
2026/09/23 00:10:11.211, 1, 96818, 97871
2026/09/23 00:10:11.211, 2, 96835, 97871
2026/09/23 00:10:11.211, 3, 96817, 97871
2026/09/23 00:10:11.412, 0, 96809, 97871
2026/09/23 00:10:11.412, 1, 96818, 97871
2026/09/23 00:10:11.412, 2, 96835, 97871
2026/09/23 00:10:11.412, 3, 96817, 97871
2026/09/23 00:10:11.612, 0, 96809, 97871
2026/09/23 00:10:11.612, 1, 96818, 97871
2026/09/23 00:10:11.612, 2, 96835, 97871
2026/09/23 00:10:11.612, 3, 96817, 97871
2026/09/23 00:10:11.812, 0, 96809, 97871
2026/09/23 00:10:11.812, 1, 96818, 97871
2026/09/23 00:10:11.812, 2, 96835, 97871
2026/09/23 00:10:11.812, 3, 96817, 97871
2026/09/23 00:10:12.012, 0, 96809, 97871
2026/09/23 00:10:12.012, 1, 96818, 97871
2026/09/23 00:10:12.012, 2, 96835, 97871
2026/09/23 00:10:12.012, 3, 96817, 97871
2026/09/23 00:10:12.213, 0, 96809, 97871
2026/09/23 00:10:12.213, 1, 96818, 97871
2026/09/23 00:10:12.213, 2, 96835, 97871
2026/09/23 00:10:12.213, 3, 96817, 97871
2026/09/23 00:10:12.413, 0, 96809, 97871
2026/09/23 00:10:12.413, 1, 96818, 97871
2026/09/23 00:10:12.413, 2, 96835, 97871
2026/09/23 00:10:12.413, 3, 96817, 97871
2026/09/23 00:10:12.613, 0, 96809, 97871
2026/09/23 00:10:12.613, 1, 96818, 97871
2026/09/23 00:10:12.613, 2, 96835, 97871
2026/09/23 00:10:12.613, 3, 96817, 97871
2026/09/23 00:10:12.813, 0, 96809, 97871
2026/09/23 00:10:12.813, 1, 96818, 97871
2026/09/23 00:10:12.813, 2, 96835, 97871
2026/09/23 00:10:12.813, 3, 96817, 97871
2026/09/23 00:10:13.013, 0, 96809, 97871
2026/09/23 00:10:13.014, 1, 96818, 97871
2026/09/23 00:10:13.014, 2, 96835, 97871
2026/09/23 00:10:13.014, 3, 96817, 97871
2026/09/23 00:10:13.214, 0, 96809, 97871
2026/09/23 00:10:13.214, 1, 96818, 97871
2026/09/23 00:10:13.214, 2, 96835, 97871
2026/09/23 00:10:13.214, 3, 96817, 97871
2026/09/23 00:10:13.414, 0, 96809, 97871
2026/09/23 00:10:13.414, 1, 96818, 97871
2026/09/23 00:10:13.414, 2, 96835, 97871
2026/09/23 00:10:13.414, 3, 96817, 97871
2026/09/23 00:10:13.614, 0, 96809, 97871
2026/09/23 00:10:13.614, 1, 96818, 97871
2026/09/23 00:10:13.614, 2, 96835, 97871
2026/09/23 00:10:13.614, 3, 96817, 97871
2026/09/23 00:10:13.814, 0, 96809, 97871
2026/09/23 00:10:13.815, 1, 96818, 97871
2026/09/23 00:10:13.815, 2, 96835, 97871
2026/09/23 00:10:13.815, 3, 96817, 97871
2026/09/23 00:10:14.015, 0, 96809, 97871
2026/09/23 00:10:14.015, 1, 96818, 97871
2026/09/23 00:10:14.015, 2, 96835, 97871
2026/09/23 00:10:14.015, 3, 96817, 97871
2026/09/23 00:10:14.215, 0, 96809, 97871
2026/09/23 00:10:14.215, 1, 96818, 97871
2026/09/23 00:10:14.215, 2, 96835, 97871
2026/09/23 00:10:14.215, 3, 96817, 97871
2026/09/23 00:10:14.415, 0, 96809, 97871
2026/09/23 00:10:14.415, 1, 96818, 97871
2026/09/23 00:10:14.415, 2, 96835, 97871
2026/09/23 00:10:14.415, 3, 96817, 97871
2026/09/23 00:10:14.615, 0, 96809, 97871
2026/09/23 00:10:14.615, 1, 96818, 97871
2026/09/23 00:10:14.615, 2, 96835, 97871
2026/09/23 00:10:14.615, 3, 96817, 97871
2026/09/23 00:10:14.816, 0, 96809, 97871
2026/09/23 00:10:14.816, 1, 96818, 97871
2026/09/23 00:10:14.816, 2, 96835, 97871
2026/09/23 00:10:14.816, 3, 96817, 97871
2026/09/23 00:10:15.016, 0, 96809, 97871
2026/09/23 00:10:15.016, 1, 96818, 97871
2026/09/23 00:10:15.016, 2, 96835, 97871
2026/09/23 00:10:15.016, 3, 96817, 97871
2026/09/23 00:10:15.216, 0, 96809, 97871
2026/09/23 00:10:15.216, 1, 96818, 97871
2026/09/23 00:10:15.216, 2, 96835, 97871
2026/09/23 00:10:15.216, 3, 96817, 97871
2026/09/23 00:10:15.416, 0, 96809, 97871
2026/09/23 00:10:15.416, 1, 96818, 97871
2026/09/23 00:10:15.416, 2, 96835, 97871
2026/09/23 00:10:15.417, 3, 96817, 97871
2026/09/23 00:10:15.617, 0, 96809, 97871
2026/09/23 00:10:15.617, 1, 96818, 97871
2026/09/23 00:10:15.617, 2, 96835, 97871
2026/09/23 00:10:15.617, 3, 96817, 97871
2026/09/23 00:10:15.817, 0, 96809, 97871
2026/09/23 00:10:15.817, 1, 96818, 97871
2026/09/23 00:10:15.817, 2, 96835, 97871
2026/09/23 00:10:15.817, 3, 96817, 97871
2026/09/23 00:10:16.017, 0, 96809, 97871
2026/09/23 00:10:16.017, 1, 96818, 97871
2026/09/23 00:10:16.017, 2, 96835, 97871
2026/09/23 00:10:16.017, 3, 96817, 97871
2026/09/23 00:10:16.217, 0, 96809, 97871
2026/09/23 00:10:16.218, 1, 96818, 97871
2026/09/23 00:10:16.218, 2, 96835, 97871
2026/09/23 00:10:16.218, 3, 96817, 97871
2026/09/23 00:10:16.418, 0, 96809, 97871
2026/09/23 00:10:16.418, 1, 96818, 97871
2026/09/23 00:10:16.418, 2, 96835, 97871
2026/09/23 00:10:16.418, 3, 96817, 97871
2026/09/23 00:10:16.618, 0, 96809, 97871
2026/09/23 00:10:16.618, 1, 96818, 97871
2026/09/23 00:10:16.618, 2, 96835, 97871
2026/09/23 00:10:16.618, 3, 96817, 97871
2026/09/23 00:10:16.818, 0, 96809, 97871
2026/09/23 00:10:16.818, 1, 96818, 97871
2026/09/23 00:10:16.818, 2, 96835, 97871
2026/09/23 00:10:16.818, 3, 96817, 97871
2026/09/23 00:10:17.018, 0, 96809, 97871
2026/09/23 00:10:17.019, 1, 96818, 97871
2026/09/23 00:10:17.019, 2, 96835, 97871
2026/09/23 00:10:17.019, 3, 96817, 97871
2026/09/23 00:10:17.219, 0, 96809, 97871
2026/09/23 00:10:17.219, 1, 96818, 97871
2026/09/23 00:10:17.219, 2, 96835, 97871
2026/09/23 00:10:17.219, 3, 96817, 97871
2026/09/23 00:10:17.419, 0, 96809, 97871
2026/09/23 00:10:17.419, 1, 96818, 97871
2026/09/23 00:10:17.419, 2, 96835, 97871
2026/09/23 00:10:17.419, 3, 96817, 97871
2026/09/23 00:10:17.619, 0, 96809, 97871
2026/09/23 00:10:17.619, 1, 96818, 97871
2026/09/23 00:10:17.619, 2, 96835, 97871
2026/09/23 00:10:17.619, 3, 96817, 97871
2026/09/23 00:10:17.819, 0, 96809, 97871
2026/09/23 00:10:17.819, 1, 96818, 97871
2026/09/23 00:10:17.819, 2, 96835, 97871
2026/09/23 00:10:17.820, 3, 96817, 97871
2026/09/23 00:10:18.020, 0, 96809, 97871
2026/09/23 00:10:18.020, 1, 96818, 97871
2026/09/23 00:10:18.020, 2, 96835, 97871
2026/09/23 00:10:18.020, 3, 96817, 97871
2026/09/23 00:10:18.220, 0, 96809, 97871
2026/09/23 00:10:18.220, 1, 96818, 97871
2026/09/23 00:10:18.220, 2, 96835, 97871
2026/09/23 00:10:18.220, 3, 96817, 97871
2026/09/23 00:10:18.420, 0, 96809, 97871
2026/09/23 00:10:18.420, 1, 96818, 97871
2026/09/23 00:10:18.420, 2, 96835, 97871
2026/09/23 00:10:18.420, 3, 96817, 97871
2026/09/23 00:10:18.620, 0, 96809, 97871
2026/09/23 00:10:18.620, 1, 96818, 97871
2026/09/23 00:10:18.620, 2, 96835, 97871
2026/09/23 00:10:18.620, 3, 96817, 97871
2026/09/23 00:10:18.821, 0, 96809, 97871
2026/09/23 00:10:18.821, 1, 96818, 97871
2026/09/23 00:10:18.821, 2, 96835, 97871
2026/09/23 00:10:18.821, 3, 96817, 97871
2026/09/23 00:10:19.021, 0, 96809, 97871
2026/09/23 00:10:19.021, 1, 96818, 97871
2026/09/23 00:10:19.021, 2, 96835, 97871
2026/09/23 00:10:19.021, 3, 96817, 97871
2026/09/23 00:10:19.221, 0, 96809, 97871
2026/09/23 00:10:19.221, 1, 96818, 97871
2026/09/23 00:10:19.221, 2, 96835, 97871
2026/09/23 00:10:19.221, 3, 96817, 97871
2026/09/23 00:10:19.421, 0, 96809, 97871
2026/09/23 00:10:19.421, 1, 96818, 97871
2026/09/23 00:10:19.421, 2, 96835, 97871
2026/09/23 00:10:19.422, 3, 96817, 97871
2026/09/23 00:10:19.622, 0, 96809, 97871
2026/09/23 00:10:19.622, 1, 96818, 97871
2026/09/23 00:10:19.622, 2, 96835, 97871
2026/09/23 00:10:19.622, 3, 96817, 97871
2026/09/23 00:10:19.822, 0, 96809, 97871
2026/09/23 00:10:19.822, 1, 96818, 97871
2026/09/23 00:10:19.822, 2, 96835, 97871
2026/09/23 00:10:19.822, 3, 96817, 97871
2026/09/23 00:10:20.022, 0, 96809, 97871
2026/09/23 00:10:20.022, 1, 96818, 97871
2026/09/23 00:10:20.022, 2, 96835, 97871
2026/09/23 00:10:20.022, 3, 96817, 97871
2026/09/23 00:10:20.222, 0, 96809, 97871
2026/09/23 00:10:20.222, 1, 96818, 97871
2026/09/23 00:10:20.222, 2, 96835, 97871
2026/09/23 00:10:20.222, 3, 96817, 97871
2026/09/23 00:10:20.422, 0, 96809, 97871
2026/09/23 00:10:20.423, 1, 96818, 97871
2026/09/23 00:10:20.423, 2, 96835, 97871
2026/09/23 00:10:20.423, 3, 96817, 97871
2026/09/23 00:10:20.623, 0, 96809, 97871
2026/09/23 00:10:20.623, 1, 96818, 97871
2026/09/23 00:10:20.623, 2, 96835, 97871
2026/09/23 00:10:20.623, 3, 96817, 97871
2026/09/23 00:10:20.823, 0, 96809, 97871
2026/09/23 00:10:20.823, 1, 96818, 97871
2026/09/23 00:10:20.823, 2, 96835, 97871
2026/09/23 00:10:20.823, 3, 96817, 97871
2026/09/23 00:10:21.023, 0, 96809, 97871
2026/09/23 00:10:21.023, 1, 96818, 97871
2026/09/23 00:10:21.023, 2, 96835, 97871
2026/09/23 00:10:21.023, 3, 96817, 97871
2026/09/23 00:10:21.223, 0, 96809, 97871
2026/09/23 00:10:21.223, 1, 96818, 97871
2026/09/23 00:10:21.224, 2, 96835, 97871
2026/09/23 00:10:21.224, 3, 96817, 97871
2026/09/23 00:10:21.424, 0, 96809, 97871
2026/09/23 00:10:21.424, 1, 96818, 97871
2026/09/23 00:10:21.424, 2, 96835, 97871
2026/09/23 00:10:21.424, 3, 96817, 97871
2026/09/23 00:10:21.624, 0, 96809, 97871
2026/09/23 00:10:21.624, 1, 96818, 97871
2026/09/23 00:10:21.624, 2, 96835, 97871
2026/09/23 00:10:21.624, 3, 96817, 97871
2026/09/23 00:10:21.824, 0, 96809, 97871
2026/09/23 00:10:21.824, 1, 96818, 97871
2026/09/23 00:10:21.824, 2, 96835, 97871
2026/09/23 00:10:21.824, 3, 96817, 97871
2026/09/23 00:10:22.024, 0, 96809, 97871
2026/09/23 00:10:22.024, 1, 96818, 97871
2026/09/23 00:10:22.024, 2, 96835, 97871
2026/09/23 00:10:22.024, 3, 96817, 97871
2026/09/23 00:10:22.225, 0, 96809, 97871
2026/09/23 00:10:22.225, 1, 96818, 97871
2026/09/23 00:10:22.225, 2, 96835, 97871
2026/09/23 00:10:22.225, 3, 96817, 97871
2026/09/23 00:10:22.425, 0, 96809, 97871
2026/09/23 00:10:22.425, 1, 96818, 97871
2026/09/23 00:10:22.425, 2, 96835, 97871
2026/09/23 00:10:22.425, 3, 96817, 97871
2026/09/23 00:10:22.625, 0, 96809, 97871
2026/09/23 00:10:22.625, 1, 96818, 97871
2026/09/23 00:10:22.625, 2, 96835, 97871
2026/09/23 00:10:22.625, 3, 96817, 97871
2026/09/23 00:10:22.826, 0, 96809, 97871
2026/09/23 00:10:22.826, 1, 96818, 97871
2026/09/23 00:10:22.826, 2, 96835, 97871
2026/09/23 00:10:22.826, 3, 96817, 97871
2026/09/23 00:10:23.026, 0, 96809, 97871
2026/09/23 00:10:23.026, 1, 96818, 97871
2026/09/23 00:10:23.026, 2, 96835, 97871
2026/09/23 00:10:23.026, 3, 96817, 97871
2026/09/23 00:10:23.226, 0, 96809, 97871
2026/09/23 00:10:23.226, 1, 96818, 97871
2026/09/23 00:10:23.226, 2, 96835, 97871
2026/09/23 00:10:23.226, 3, 96817, 97871
2026/09/23 00:10:23.426, 0, 96809, 97871
2026/09/23 00:10:23.426, 1, 96818, 97871
2026/09/23 00:10:23.427, 2, 96835, 97871
2026/09/23 00:10:23.427, 3, 96817, 97871
2026/09/23 00:10:23.627, 0, 96809, 97871
2026/09/23 00:10:23.627, 1, 96818, 97871
2026/09/23 00:10:23.627, 2, 96835, 97871
2026/09/23 00:10:23.627, 3, 96817, 97871
2026/09/23 00:10:23.827, 0, 96809, 97871
2026/09/23 00:10:23.827, 1, 96818, 97871
2026/09/23 00:10:23.827, 2, 96835, 97871
2026/09/23 00:10:23.827, 3, 96817, 97871
2026/09/23 00:10:24.027, 0, 96809, 97871
2026/09/23 00:10:24.027, 1, 96818, 97871
2026/09/23 00:10:24.027, 2, 96835, 97871
2026/09/23 00:10:24.027, 3, 96817, 97871
2026/09/23 00:10:24.227, 0, 96809, 97871
2026/09/23 00:10:24.227, 1, 96818, 97871
2026/09/23 00:10:24.227, 2, 96835, 97871
2026/09/23 00:10:24.227, 3, 96817, 97871
2026/09/23 00:10:24.428, 0, 96809, 97871
2026/09/23 00:10:24.428, 1, 96818, 97871
2026/09/23 00:10:24.428, 2, 96835, 97871
2026/09/23 00:10:24.428, 3, 96817, 97871
2026/09/23 00:10:24.628, 0, 96809, 97871
2026/09/23 00:10:24.628, 1, 96818, 97871
2026/09/23 00:10:24.628, 2, 96835, 97871
2026/09/23 00:10:24.628, 3, 96817, 97871
2026/09/23 00:10:24.828, 0, 96809, 97871
2026/09/23 00:10:24.828, 1, 96818, 97871
2026/09/23 00:10:24.828, 2, 96835, 97871
2026/09/23 00:10:24.828, 3, 96817, 97871
2026/09/23 00:10:25.028, 0, 96809, 97871
2026/09/23 00:10:25.028, 1, 96818, 97871
2026/09/23 00:10:25.028, 2, 96835, 97871
2026/09/23 00:10:25.028, 3, 96817, 97871
2026/09/23 00:10:25.228, 0, 96809, 97871
2026/09/23 00:10:25.229, 1, 96818, 97871
2026/09/23 00:10:25.229, 2, 96835, 97871
2026/09/23 00:10:25.229, 3, 96817, 97871
2026/09/23 00:10:25.429, 0, 96809, 97871
2026/09/23 00:10:25.429, 1, 96818, 97871
2026/09/23 00:10:25.429, 2, 96835, 97871
2026/09/23 00:10:25.429, 3, 96817, 97871
2026/09/23 00:10:25.629, 0, 96809, 97871
2026/09/23 00:10:25.629, 1, 96818, 97871
2026/09/23 00:10:25.629, 2, 96835, 97871
2026/09/23 00:10:25.629, 3, 96817, 97871
2026/09/23 00:10:25.829, 0, 96809, 97871
2026/09/23 00:10:25.829, 1, 96818, 97871
2026/09/23 00:10:25.829, 2, 96835, 97871
2026/09/23 00:10:25.829, 3, 96817, 97871
2026/09/23 00:10:26.029, 0, 96809, 97871
2026/09/23 00:10:26.029, 1, 96818, 97871
2026/09/23 00:10:26.029, 2, 96835, 97871
2026/09/23 00:10:26.029, 3, 96817, 97871
2026/09/23 00:10:26.230, 0, 96809, 97871
2026/09/23 00:10:26.230, 1, 96818, 97871
2026/09/23 00:10:26.230, 2, 96835, 97871
2026/09/23 00:10:26.230, 3, 96817, 97871
2026/09/23 00:10:26.430, 0, 96809, 97871
2026/09/23 00:10:26.430, 1, 96818, 97871
2026/09/23 00:10:26.430, 2, 96835, 97871
2026/09/23 00:10:26.430, 3, 96817, 97871
2026/09/23 00:10:26.630, 0, 96809, 97871
2026/09/23 00:10:26.630, 1, 96818, 97871
2026/09/23 00:10:26.630, 2, 96835, 97871
2026/09/23 00:10:26.630, 3, 96817, 97871
2026/09/23 00:10:26.830, 0, 96809, 97871
2026/09/23 00:10:26.830, 1, 96818, 97871
2026/09/23 00:10:26.830, 2, 96835, 97871
2026/09/23 00:10:26.830, 3, 96817, 97871
2026/09/23 00:10:27.031, 0, 96809, 97871
2026/09/23 00:10:27.031, 1, 96818, 97871
2026/09/23 00:10:27.031, 2, 96835, 97871
2026/09/23 00:10:27.031, 3, 96817, 97871
2026/09/23 00:10:27.231, 0, 96809, 97871
2026/09/23 00:10:27.231, 1, 96818, 97871
2026/09/23 00:10:27.231, 2, 96835, 97871
2026/09/23 00:10:27.231, 3, 96817, 97871
2026/09/23 00:10:27.431, 0, 96809, 97871
2026/09/23 00:10:27.431, 1, 96818, 97871
2026/09/23 00:10:27.431, 2, 96835, 97871
2026/09/23 00:10:27.431, 3, 96817, 97871
2026/09/23 00:10:27.631, 0, 96809, 97871
2026/09/23 00:10:27.631, 1, 96818, 97871
2026/09/23 00:10:27.631, 2, 96835, 97871
2026/09/23 00:10:27.631, 3, 96817, 97871
2026/09/23 00:10:27.831, 0, 96809, 97871
2026/09/23 00:10:27.831, 1, 96818, 97871
2026/09/23 00:10:27.832, 2, 96835, 97871
2026/09/23 00:10:27.832, 3, 96817, 97871
2026/09/23 00:10:28.032, 0, 96809, 97871
2026/09/23 00:10:28.032, 1, 96818, 97871
2026/09/23 00:10:28.032, 2, 96835, 97871
2026/09/23 00:10:28.032, 3, 96817, 97871
2026/09/23 00:10:28.232, 0, 96809, 97871
2026/09/23 00:10:28.232, 1, 96818, 97871
2026/09/23 00:10:28.232, 2, 96835, 97871
2026/09/23 00:10:28.232, 3, 96817, 97871
2026/09/23 00:10:28.432, 0, 96809, 97871
2026/09/23 00:10:28.432, 1, 96818, 97871
2026/09/23 00:10:28.432, 2, 96835, 97871
2026/09/23 00:10:28.432, 3, 96817, 97871
2026/09/23 00:10:28.632, 0, 96809, 97871
2026/09/23 00:10:28.632, 1, 96818, 97871
2026/09/23 00:10:28.632, 2, 96835, 97871
2026/09/23 00:10:28.632, 3, 96817, 97871
2026/09/23 00:10:28.833, 0, 96809, 97871
2026/09/23 00:10:28.833, 1, 96818, 97871
2026/09/23 00:10:28.833, 2, 96835, 97871
2026/09/23 00:10:28.833, 3, 96817, 97871
2026/09/23 00:10:29.033, 0, 96809, 97871
2026/09/23 00:10:29.033, 1, 96818, 97871
2026/09/23 00:10:29.033, 2, 96835, 97871
2026/09/23 00:10:29.033, 3, 96817, 97871
2026/09/23 00:10:29.233, 0, 96809, 97871
2026/09/23 00:10:29.233, 1, 96818, 97871
2026/09/23 00:10:29.233, 2, 96835, 97871
2026/09/23 00:10:29.233, 3, 96817, 97871
2026/09/23 00:10:29.433, 0, 96809, 97871
2026/09/23 00:10:29.433, 1, 96818, 97871
2026/09/23 00:10:29.433, 2, 96835, 97871
2026/09/23 00:10:29.433, 3, 96817, 97871
2026/09/23 00:10:29.634, 0, 96809, 97871
2026/09/23 00:10:29.634, 1, 96818, 97871
2026/09/23 00:10:29.634, 2, 96835, 97871
2026/09/23 00:10:29.634, 3, 96817, 97871
2026/09/23 00:10:29.834, 0, 96809, 97871
2026/09/23 00:10:29.834, 1, 96818, 97871
2026/09/23 00:10:29.834, 2, 96835, 97871
2026/09/23 00:10:29.834, 3, 96817, 97871
2026/09/23 00:10:30.034, 0, 96809, 97871
2026/09/23 00:10:30.034, 1, 96818, 97871
2026/09/23 00:10:30.034, 2, 96835, 97871
2026/09/23 00:10:30.034, 3, 96817, 97871
2026/09/23 00:10:30.234, 0, 96809, 97871
2026/09/23 00:10:30.234, 1, 96818, 97871
2026/09/23 00:10:30.234, 2, 96835, 97871
2026/09/23 00:10:30.234, 3, 96817, 97871
2026/09/23 00:10:30.434, 0, 96809, 97871
2026/09/23 00:10:30.435, 1, 96818, 97871
2026/09/23 00:10:30.435, 2, 96835, 97871
2026/09/23 00:10:30.435, 3, 96817, 97871
2026/09/23 00:10:30.635, 0, 96809, 97871
2026/09/23 00:10:30.635, 1, 96818, 97871
2026/09/23 00:10:30.635, 2, 96835, 97871
2026/09/23 00:10:30.635, 3, 96817, 97871
2026/09/23 00:10:30.835, 0, 96809, 97871
2026/09/23 00:10:30.835, 1, 96818, 97871
2026/09/23 00:10:30.835, 2, 96835, 97871
2026/09/23 00:10:30.835, 3, 96817, 97871
2026/09/23 00:10:31.035, 0, 96809, 97871
2026/09/23 00:10:31.035, 1, 96818, 97871
2026/09/23 00:10:31.035, 2, 96835, 97871
2026/09/23 00:10:31.035, 3, 96817, 97871
2026/09/23 00:10:31.235, 0, 96809, 97871
2026/09/23 00:10:31.235, 1, 96818, 97871
2026/09/23 00:10:31.235, 2, 96835, 97871
2026/09/23 00:10:31.235, 3, 96817, 97871
2026/09/23 00:10:31.436, 0, 96809, 97871
2026/09/23 00:10:31.436, 1, 96818, 97871
2026/09/23 00:10:31.436, 2, 96835, 97871
2026/09/23 00:10:31.436, 3, 96817, 97871
2026/09/23 00:10:31.636, 0, 96809, 97871
2026/09/23 00:10:31.636, 1, 96818, 97871
2026/09/23 00:10:31.636, 2, 96835, 97871
2026/09/23 00:10:31.636, 3, 96817, 97871
2026/09/23 00:10:31.836, 0, 96809, 97871
2026/09/23 00:10:31.836, 1, 96818, 97871
2026/09/23 00:10:31.836, 2, 96835, 97871
2026/09/23 00:10:31.836, 3, 96817, 97871
2026/09/23 00:10:32.036, 0, 96809, 97871
2026/09/23 00:10:32.036, 1, 96818, 97871
2026/09/23 00:10:32.036, 2, 96835, 97871
2026/09/23 00:10:32.036, 3, 96817, 97871
2026/09/23 00:10:32.236, 0, 96809, 97871
2026/09/23 00:10:32.236, 1, 96818, 97871
2026/09/23 00:10:32.237, 2, 96835, 97871
2026/09/23 00:10:32.237, 3, 96817, 97871
2026/09/23 00:10:32.437, 0, 96809, 97871
2026/09/23 00:10:32.437, 1, 96818, 97871
2026/09/23 00:10:32.437, 2, 96835, 97871
2026/09/23 00:10:32.437, 3, 96817, 97871
2026/09/23 00:10:32.637, 0, 96809, 97871
2026/09/23 00:10:32.637, 1, 96818, 97871
2026/09/23 00:10:32.637, 2, 96835, 97871
2026/09/23 00:10:32.637, 3, 96817, 97871
2026/09/23 00:10:32.837, 0, 96809, 97871
2026/09/23 00:10:32.837, 1, 96818, 97871
2026/09/23 00:10:32.837, 2, 96835, 97871
2026/09/23 00:10:32.837, 3, 96817, 97871
2026/09/23 00:10:33.037, 0, 96809, 97871
2026/09/23 00:10:33.037, 1, 96818, 97871
2026/09/23 00:10:33.037, 2, 96835, 97871
2026/09/23 00:10:33.037, 3, 96817, 97871
2026/09/23 00:10:33.238, 0, 96809, 97871
2026/09/23 00:10:33.238, 1, 96818, 97871
2026/09/23 00:10:33.238, 2, 96835, 97871
2026/09/23 00:10:33.238, 3, 96817, 97871
2026/09/23 00:10:33.438, 0, 96809, 97871
2026/09/23 00:10:33.438, 1, 96818, 97871
2026/09/23 00:10:33.438, 2, 96835, 97871
2026/09/23 00:10:33.438, 3, 96817, 97871
2026/09/23 00:10:33.638, 0, 96809, 97871
2026/09/23 00:10:33.638, 1, 96818, 97871
2026/09/23 00:10:33.638, 2, 96835, 97871
2026/09/23 00:10:33.638, 3, 96817, 97871
2026/09/23 00:10:33.838, 0, 96809, 97871
2026/09/23 00:10:33.838, 1, 96818, 97871
2026/09/23 00:10:33.838, 2, 96835, 97871
2026/09/23 00:10:33.838, 3, 96817, 97871
2026/09/23 00:10:34.038, 0, 96809, 97871
2026/09/23 00:10:34.039, 1, 96818, 97871
2026/09/23 00:10:34.039, 2, 96835, 97871
2026/09/23 00:10:34.039, 3, 96817, 97871
2026/09/23 00:10:34.239, 0, 96809, 97871
2026/09/23 00:10:34.239, 1, 96818, 97871
2026/09/23 00:10:34.239, 2, 96835, 97871
2026/09/23 00:10:34.239, 3, 96817, 97871
2026/09/23 00:10:34.439, 0, 96809, 97871
2026/09/23 00:10:34.439, 1, 96818, 97871
2026/09/23 00:10:34.439, 2, 96835, 97871
2026/09/23 00:10:34.439, 3, 96817, 97871
2026/09/23 00:10:34.639, 0, 96809, 97871
2026/09/23 00:10:34.639, 1, 96818, 97871
2026/09/23 00:10:34.639, 2, 96835, 97871
2026/09/23 00:10:34.639, 3, 96817, 97871
2026/09/23 00:10:34.840, 0, 96809, 97871
2026/09/23 00:10:34.840, 1, 96818, 97871
2026/09/23 00:10:34.840, 2, 96835, 97871
2026/09/23 00:10:34.840, 3, 96817, 97871
2026/09/23 00:10:35.040, 0, 96809, 97871
2026/09/23 00:10:35.040, 1, 96818, 97871
2026/09/23 00:10:35.040, 2, 96835, 97871
2026/09/23 00:10:35.040, 3, 96817, 97871
2026/09/23 00:10:35.240, 0, 96809, 97871
2026/09/23 00:10:35.240, 1, 96818, 97871
2026/09/23 00:10:35.240, 2, 96835, 97871
2026/09/23 00:10:35.240, 3, 96817, 97871
2026/09/23 00:10:35.440, 0, 96809, 97871
2026/09/23 00:10:35.440, 1, 96818, 97871
2026/09/23 00:10:35.440, 2, 96835, 97871
2026/09/23 00:10:35.440, 3, 96817, 97871
2026/09/23 00:10:35.640, 0, 96809, 97871
2026/09/23 00:10:35.640, 1, 96818, 97871
2026/09/23 00:10:35.641, 2, 96835, 97871
2026/09/23 00:10:35.641, 3, 96817, 97871
2026/09/23 00:10:35.841, 0, 96809, 97871
2026/09/23 00:10:35.841, 1, 96818, 97871
2026/09/23 00:10:35.841, 2, 96835, 97871
2026/09/23 00:10:35.841, 3, 96817, 97871
2026/09/23 00:10:36.041, 0, 96809, 97871
2026/09/23 00:10:36.041, 1, 96818, 97871
2026/09/23 00:10:36.041, 2, 96835, 97871
2026/09/23 00:10:36.041, 3, 96817, 97871
2026/09/23 00:10:36.241, 0, 96809, 97871
2026/09/23 00:10:36.241, 1, 96818, 97871
2026/09/23 00:10:36.241, 2, 96835, 97871
2026/09/23 00:10:36.241, 3, 96817, 97871
2026/09/23 00:10:36.441, 0, 96809, 97871
2026/09/23 00:10:36.441, 1, 96818, 97871
2026/09/23 00:10:36.441, 2, 96835, 97871
2026/09/23 00:10:36.441, 3, 96817, 97871
2026/09/23 00:10:36.642, 0, 96809, 97871
2026/09/23 00:10:36.642, 1, 96818, 97871
2026/09/23 00:10:36.642, 2, 96835, 97871
2026/09/23 00:10:36.642, 3, 96817, 97871
2026/09/23 00:10:36.842, 0, 96809, 97871
2026/09/23 00:10:36.842, 1, 96818, 97871
2026/09/23 00:10:36.842, 2, 96835, 97871
2026/09/23 00:10:36.842, 3, 96817, 97871
2026/09/23 00:10:37.042, 0, 96809, 97871
2026/09/23 00:10:37.042, 1, 96818, 97871
2026/09/23 00:10:37.042, 2, 96835, 97871
2026/09/23 00:10:37.042, 3, 96817, 97871
2026/09/23 00:10:37.242, 0, 96809, 97871
2026/09/23 00:10:37.242, 1, 96818, 97871
2026/09/23 00:10:37.242, 2, 96835, 97871
2026/09/23 00:10:37.242, 3, 96817, 97871
2026/09/23 00:10:37.443, 0, 96809, 97871
2026/09/23 00:10:37.443, 1, 96818, 97871
2026/09/23 00:10:37.443, 2, 96835, 97871
2026/09/23 00:10:37.443, 3, 96817, 97871
2026/09/23 00:10:37.643, 0, 96809, 97871
2026/09/23 00:10:37.643, 1, 96818, 97871
2026/09/23 00:10:37.643, 2, 96835, 97871
2026/09/23 00:10:37.643, 3, 96817, 97871
2026/09/23 00:10:37.843, 0, 96809, 97871
2026/09/23 00:10:37.843, 1, 96818, 97871
2026/09/23 00:10:37.843, 2, 96835, 97871
2026/09/23 00:10:37.843, 3, 96817, 97871
2026/09/23 00:10:38.043, 0, 96809, 97871
2026/09/23 00:10:38.043, 1, 96818, 97871
2026/09/23 00:10:38.043, 2, 96835, 97871
2026/09/23 00:10:38.043, 3, 96817, 97871
2026/09/23 00:10:38.243, 0, 96809, 97871
2026/09/23 00:10:38.244, 1, 96818, 97871
2026/09/23 00:10:38.244, 2, 96835, 97871
2026/09/23 00:10:38.244, 3, 96817, 97871
2026/09/23 00:10:38.444, 0, 96809, 97871
2026/09/23 00:10:38.444, 1, 96818, 97871
2026/09/23 00:10:38.444, 2, 96835, 97871
2026/09/23 00:10:38.444, 3, 96817, 97871
2026/09/23 00:10:38.644, 0, 96809, 97871
2026/09/23 00:10:38.644, 1, 96818, 97871
2026/09/23 00:10:38.644, 2, 96835, 97871
2026/09/23 00:10:38.644, 3, 96817, 97871
2026/09/23 00:10:38.844, 0, 96809, 97871
2026/09/23 00:10:38.844, 1, 96818, 97871
2026/09/23 00:10:38.844, 2, 96835, 97871
2026/09/23 00:10:38.844, 3, 96817, 97871
2026/09/23 00:10:39.044, 0, 96809, 97871
2026/09/23 00:10:39.044, 1, 96818, 97871
2026/09/23 00:10:39.045, 2, 96835, 97871
2026/09/23 00:10:39.045, 3, 96817, 97871
2026/09/23 00:10:39.245, 0, 96809, 97871
2026/09/23 00:10:39.245, 1, 96818, 97871
2026/09/23 00:10:39.245, 2, 96835, 97871
2026/09/23 00:10:39.245, 3, 96817, 97871
2026/09/23 00:10:39.445, 0, 96809, 97871
2026/09/23 00:10:39.445, 1, 96818, 97871
2026/09/23 00:10:39.445, 2, 96835, 97871
2026/09/23 00:10:39.445, 3, 96817, 97871
2026/09/23 00:10:39.645, 0, 96809, 97871
2026/09/23 00:10:39.645, 1, 96818, 97871
2026/09/23 00:10:39.645, 2, 96835, 97871
2026/09/23 00:10:39.645, 3, 96817, 97871
2026/09/23 00:10:39.845, 0, 96809, 97871
2026/09/23 00:10:39.846, 1, 96818, 97871
2026/09/23 00:10:39.846, 2, 96835, 97871
2026/09/23 00:10:39.846, 3, 96817, 97871
2026/09/23 00:10:40.046, 0, 96809, 97871
2026/09/23 00:10:40.046, 1, 96818, 97871
2026/09/23 00:10:40.046, 2, 96835, 97871
2026/09/23 00:10:40.046, 3, 96817, 97871
2026/09/23 00:10:40.246, 0, 96809, 97871
2026/09/23 00:10:40.246, 1, 96818, 97871
2026/09/23 00:10:40.246, 2, 96835, 97871
2026/09/23 00:10:40.246, 3, 96817, 97871
2026/09/23 00:10:40.446, 0, 96809, 97871
2026/09/23 00:10:40.446, 1, 96818, 97871
2026/09/23 00:10:40.446, 2, 96835, 97871
2026/09/23 00:10:40.446, 3, 96817, 97871
2026/09/23 00:10:40.646, 0, 96809, 97871
2026/09/23 00:10:40.646, 1, 96818, 97871
2026/09/23 00:10:40.646, 2, 96835, 97871
2026/09/23 00:10:40.647, 3, 96817, 97871
2026/09/23 00:10:40.847, 0, 96809, 97871
2026/09/23 00:10:40.847, 1, 96818, 97871
2026/09/23 00:10:40.847, 2, 96835, 97871
2026/09/23 00:10:40.847, 3, 96817, 97871
2026/09/23 00:10:41.047, 0, 96809, 97871
2026/09/23 00:10:41.047, 1, 96818, 97871
2026/09/23 00:10:41.047, 2, 96835, 97871
2026/09/23 00:10:41.047, 3, 96817, 97871
2026/09/23 00:10:41.247, 0, 96809, 97871
2026/09/23 00:10:41.247, 1, 96818, 97871
2026/09/23 00:10:41.247, 2, 96835, 97871
2026/09/23 00:10:41.247, 3, 96817, 97871
2026/09/23 00:10:41.447, 0, 96809, 97871
2026/09/23 00:10:41.447, 1, 96818, 97871
2026/09/23 00:10:41.447, 2, 96835, 97871
2026/09/23 00:10:41.447, 3, 96817, 97871
2026/09/23 00:10:41.648, 0, 96809, 97871
2026/09/23 00:10:41.648, 1, 96818, 97871
2026/09/23 00:10:41.648, 2, 96835, 97871
2026/09/23 00:10:41.648, 3, 96817, 97871
2026/09/23 00:10:41.848, 0, 96809, 97871
2026/09/23 00:10:41.848, 1, 96818, 97871
2026/09/23 00:10:41.848, 2, 96835, 97871
2026/09/23 00:10:41.848, 3, 96817, 97871
2026/09/23 00:10:42.048, 0, 96809, 97871
2026/09/23 00:10:42.048, 1, 96818, 97871
2026/09/23 00:10:42.048, 2, 96835, 97871
2026/09/23 00:10:42.048, 3, 96817, 97871
2026/09/23 00:10:42.248, 0, 96809, 97871
2026/09/23 00:10:42.248, 1, 96818, 97871
2026/09/23 00:10:42.248, 2, 96835, 97871
2026/09/23 00:10:42.248, 3, 96817, 97871
2026/09/23 00:10:42.448, 0, 96809, 97871
2026/09/23 00:10:42.448, 1, 96818, 97871
2026/09/23 00:10:42.448, 2, 96835, 97871
2026/09/23 00:10:42.448, 3, 96817, 97871
2026/09/23 00:10:42.649, 0, 96809, 97871
2026/09/23 00:10:42.649, 1, 96818, 97871
2026/09/23 00:10:42.649, 2, 96835, 97871
2026/09/23 00:10:42.649, 3, 96817, 97871
2026/09/23 00:10:42.849, 0, 96809, 97871
2026/09/23 00:10:42.849, 1, 96818, 97871
2026/09/23 00:10:42.849, 2, 96835, 97871
2026/09/23 00:10:42.849, 3, 96817, 97871
2026/09/23 00:10:43.049, 0, 96809, 97871
2026/09/23 00:10:43.049, 1, 96818, 97871
2026/09/23 00:10:43.049, 2, 96835, 97871
2026/09/23 00:10:43.049, 3, 96817, 97871
2026/09/23 00:10:43.249, 0, 96809, 97871
2026/09/23 00:10:43.249, 1, 96818, 97871
2026/09/23 00:10:43.249, 2, 96835, 97871
2026/09/23 00:10:43.249, 3, 96817, 97871
2026/09/23 00:10:43.449, 0, 96809, 97871
2026/09/23 00:10:43.449, 1, 96818, 97871
2026/09/23 00:10:43.449, 2, 96835, 97871
2026/09/23 00:10:43.449, 3, 96817, 97871
2026/09/23 00:10:43.650, 0, 96809, 97871
2026/09/23 00:10:43.650, 1, 96818, 97871
2026/09/23 00:10:43.650, 2, 96835, 97871
2026/09/23 00:10:43.650, 3, 96817, 97871
2026/09/23 00:10:43.850, 0, 96809, 97871
2026/09/23 00:10:43.850, 1, 96818, 97871
2026/09/23 00:10:43.850, 2, 96835, 97871
2026/09/23 00:10:43.850, 3, 96817, 97871
2026/09/23 00:10:44.050, 0, 96809, 97871
2026/09/23 00:10:44.050, 1, 96818, 97871
2026/09/23 00:10:44.050, 2, 96835, 97871
2026/09/23 00:10:44.050, 3, 96817, 97871
2026/09/23 00:10:44.250, 0, 96809, 97871
2026/09/23 00:10:44.250, 1, 96818, 97871
2026/09/23 00:10:44.250, 2, 96835, 97871
2026/09/23 00:10:44.250, 3, 96817, 97871
2026/09/23 00:10:44.450, 0, 96809, 97871
2026/09/23 00:10:44.450, 1, 96818, 97871
2026/09/23 00:10:44.450, 2, 96835, 97871
2026/09/23 00:10:44.450, 3, 96817, 97871
2026/09/23 00:10:44.651, 0, 96809, 97871
2026/09/23 00:10:44.651, 1, 96818, 97871
2026/09/23 00:10:44.651, 2, 96835, 97871
2026/09/23 00:10:44.651, 3, 96817, 97871
2026/09/23 00:10:44.851, 0, 96809, 97871
2026/09/23 00:10:44.851, 1, 96818, 97871
2026/09/23 00:10:44.851, 2, 96835, 97871
2026/09/23 00:10:44.851, 3, 96817, 97871
2026/09/23 00:10:45.051, 0, 96809, 97871
2026/09/23 00:10:45.051, 1, 96818, 97871
2026/09/23 00:10:45.051, 2, 96835, 97871
2026/09/23 00:10:45.051, 3, 96817, 97871
2026/09/23 00:10:45.251, 0, 96809, 97871
2026/09/23 00:10:45.251, 1, 96818, 97871
2026/09/23 00:10:45.251, 2, 96835, 97871
2026/09/23 00:10:45.251, 3, 96817, 97871
2026/09/23 00:10:45.451, 0, 96809, 97871
2026/09/23 00:10:45.451, 1, 96818, 97871
2026/09/23 00:10:45.451, 2, 96835, 97871
2026/09/23 00:10:45.451, 3, 96817, 97871
2026/09/23 00:10:45.652, 0, 96809, 97871
2026/09/23 00:10:45.652, 1, 96818, 97871
2026/09/23 00:10:45.652, 2, 96835, 97871
2026/09/23 00:10:45.652, 3, 96817, 97871
2026/09/23 00:10:45.852, 0, 96809, 97871
2026/09/23 00:10:45.852, 1, 96818, 97871
2026/09/23 00:10:45.852, 2, 96835, 97871
2026/09/23 00:10:45.852, 3, 96817, 97871
2026/09/23 00:10:46.052, 0, 96809, 97871
2026/09/23 00:10:46.052, 1, 96818, 97871
2026/09/23 00:10:46.052, 2, 96835, 97871
2026/09/23 00:10:46.052, 3, 96817, 97871
2026/09/23 00:10:46.252, 0, 96809, 97871
2026/09/23 00:10:46.252, 1, 96818, 97871
2026/09/23 00:10:46.252, 2, 96835, 97871
2026/09/23 00:10:46.252, 3, 96817, 97871
2026/09/23 00:10:46.452, 0, 96809, 97871
2026/09/23 00:10:46.452, 1, 96818, 97871
2026/09/23 00:10:46.452, 2, 96835, 97871
2026/09/23 00:10:46.452, 3, 96817, 97871
2026/09/23 00:10:46.652, 0, 96809, 97871
2026/09/23 00:10:46.653, 1, 96818, 97871
2026/09/23 00:10:46.653, 2, 96835, 97871
2026/09/23 00:10:46.653, 3, 96817, 97871
2026/09/23 00:10:46.853, 0, 96809, 97871
2026/09/23 00:10:46.853, 1, 96818, 97871
2026/09/23 00:10:46.853, 2, 96835, 97871
2026/09/23 00:10:46.853, 3, 96817, 97871
2026/09/23 00:10:47.053, 0, 96809, 97871
2026/09/23 00:10:47.053, 1, 96818, 97871
2026/09/23 00:10:47.053, 2, 96835, 97871
2026/09/23 00:10:47.053, 3, 96817, 97871
2026/09/23 00:10:47.253, 0, 96809, 97871
2026/09/23 00:10:47.253, 1, 96818, 97871
2026/09/23 00:10:47.253, 2, 96835, 97871
2026/09/23 00:10:47.253, 3, 96817, 97871
2026/09/23 00:10:47.453, 0, 96809, 97871
2026/09/23 00:10:47.453, 1, 96818, 97871
2026/09/23 00:10:47.453, 2, 96835, 97871
2026/09/23 00:10:47.453, 3, 96817, 97871
2026/09/23 00:10:47.653, 0, 96809, 97871
2026/09/23 00:10:47.653, 1, 96818, 97871
2026/09/23 00:10:47.654, 2, 96837, 97871
2026/09/23 00:10:47.654, 3, 96817, 97871
2026/09/23 00:10:47.854, 0, 96811, 97871
2026/09/23 00:10:47.854, 1, 96820, 97871
2026/09/23 00:10:47.854, 2, 96837, 97871
2026/09/23 00:10:47.854, 3, 96819, 97871
2026/09/23 00:10:48.054, 0, 96811, 97871
2026/09/23 00:10:48.054, 1, 96820, 97871
2026/09/23 00:10:48.054, 2, 96837, 97871
2026/09/23 00:10:48.054, 3, 96819, 97871
2026/09/23 00:10:48.254, 0, 96811, 97871
2026/09/23 00:10:48.254, 1, 96820, 97871
2026/09/23 00:10:48.254, 2, 96837, 97871
2026/09/23 00:10:48.254, 3, 96819, 97871
2026/09/23 00:10:48.454, 0, 96811, 97871
2026/09/23 00:10:48.454, 1, 96820, 97871
2026/09/23 00:10:48.455, 2, 96837, 97871
2026/09/23 00:10:48.455, 3, 96819, 97871
2026/09/23 00:10:48.655, 0, 96811, 97871
2026/09/23 00:10:48.655, 1, 96820, 97871
2026/09/23 00:10:48.655, 2, 96837, 97871
2026/09/23 00:10:48.655, 3, 96819, 97871
2026/09/23 00:10:48.855, 0, 96811, 97871
2026/09/23 00:10:48.855, 1, 96820, 97871
2026/09/23 00:10:48.855, 2, 96837, 97871
2026/09/23 00:10:48.855, 3, 96819, 97871
2026/09/23 00:10:49.055, 0, 96811, 97871
2026/09/23 00:10:49.056, 1, 96820, 97871
2026/09/23 00:10:49.056, 2, 96837, 97871
2026/09/23 00:10:49.056, 3, 96819, 97871
2026/09/23 00:10:49.256, 0, 96811, 97871
2026/09/23 00:10:49.256, 1, 96820, 97871
2026/09/23 00:10:49.256, 2, 96837, 97871
2026/09/23 00:10:49.256, 3, 96819, 97871
2026/09/23 00:10:49.456, 0, 96811, 97871
2026/09/23 00:10:49.456, 1, 96820, 97871
2026/09/23 00:10:49.456, 2, 96837, 97871
2026/09/23 00:10:49.456, 3, 96819, 97871
2026/09/23 00:10:49.656, 0, 96811, 97871
2026/09/23 00:10:49.656, 1, 96820, 97871
2026/09/23 00:10:49.656, 2, 96837, 97871
2026/09/23 00:10:49.656, 3, 96819, 97871
2026/09/23 00:10:49.856, 0, 96811, 97871
2026/09/23 00:10:49.857, 1, 96820, 97871
2026/09/23 00:10:49.857, 2, 96837, 97871
2026/09/23 00:10:49.857, 3, 96819, 97871
2026/09/23 00:10:50.057, 0, 96811, 97871
2026/09/23 00:10:50.057, 1, 96820, 97871
2026/09/23 00:10:50.057, 2, 96837, 97871
2026/09/23 00:10:50.057, 3, 96819, 97871
2026/09/23 00:10:50.257, 0, 96811, 97871
2026/09/23 00:10:50.257, 1, 96820, 97871
2026/09/23 00:10:50.257, 2, 96837, 97871
2026/09/23 00:10:50.257, 3, 96819, 97871
2026/09/23 00:10:50.457, 0, 96811, 97871
2026/09/23 00:10:50.457, 1, 96820, 97871
2026/09/23 00:10:50.457, 2, 96837, 97871
2026/09/23 00:10:50.457, 3, 96819, 97871
2026/09/23 00:10:50.658, 0, 96811, 97871
2026/09/23 00:10:50.658, 1, 96820, 97871
2026/09/23 00:10:50.658, 2, 96837, 97871
2026/09/23 00:10:50.658, 3, 96819, 97871
2026/09/23 00:10:50.858, 0, 96811, 97871
2026/09/23 00:10:50.858, 1, 96820, 97871
2026/09/23 00:10:50.858, 2, 96837, 97871
2026/09/23 00:10:50.858, 3, 96819, 97871
2026/09/23 00:10:51.058, 0, 96811, 97871
2026/09/23 00:10:51.058, 1, 96820, 97871
2026/09/23 00:10:51.058, 2, 96837, 97871
2026/09/23 00:10:51.058, 3, 96819, 97871
2026/09/23 00:10:51.258, 0, 96811, 97871
2026/09/23 00:10:51.258, 1, 96820, 97871
2026/09/23 00:10:51.258, 2, 96837, 97871
2026/09/23 00:10:51.259, 3, 96819, 97871
2026/09/23 00:10:51.459, 0, 96811, 97871
2026/09/23 00:10:51.459, 1, 96820, 97871
2026/09/23 00:10:51.459, 2, 96837, 97871
2026/09/23 00:10:51.459, 3, 96819, 97871
2026/09/23 00:10:51.659, 0, 96811, 97871
2026/09/23 00:10:51.659, 1, 96820, 97871
2026/09/23 00:10:51.659, 2, 96837, 97871
2026/09/23 00:10:51.659, 3, 96819, 97871
2026/09/23 00:10:51.859, 0, 96811, 97871
2026/09/23 00:10:51.859, 1, 96820, 97871
2026/09/23 00:10:51.859, 2, 96837, 97871
2026/09/23 00:10:51.859, 3, 96819, 97871
2026/09/23 00:10:52.059, 0, 96811, 97871
2026/09/23 00:10:52.059, 1, 96820, 97871
2026/09/23 00:10:52.059, 2, 96837, 97871
2026/09/23 00:10:52.059, 3, 96819, 97871
2026/09/23 00:10:52.260, 0, 96811, 97871
2026/09/23 00:10:52.260, 1, 96820, 97871
2026/09/23 00:10:52.260, 2, 96837, 97871
2026/09/23 00:10:52.260, 3, 96819, 97871
2026/09/23 00:10:52.460, 0, 96811, 97871
2026/09/23 00:10:52.460, 1, 96820, 97871
2026/09/23 00:10:52.460, 2, 96837, 97871
2026/09/23 00:10:52.460, 3, 96819, 97871
2026/09/23 00:10:52.660, 0, 96811, 97871
2026/09/23 00:10:52.660, 1, 96820, 97871
2026/09/23 00:10:52.660, 2, 96837, 97871
2026/09/23 00:10:52.660, 3, 96819, 97871
2026/09/23 00:10:52.860, 0, 96811, 97871
2026/09/23 00:10:52.861, 1, 96820, 97871
2026/09/23 00:10:52.861, 2, 96837, 97871
2026/09/23 00:10:52.861, 3, 96819, 97871
2026/09/23 00:10:53.061, 0, 96811, 97871
2026/09/23 00:10:53.061, 1, 96820, 97871
2026/09/23 00:10:53.061, 2, 96837, 97871
2026/09/23 00:10:53.061, 3, 96819, 97871
2026/09/23 00:10:53.261, 0, 96811, 97871
2026/09/23 00:10:53.261, 1, 96820, 97871
2026/09/23 00:10:53.261, 2, 96837, 97871
2026/09/23 00:10:53.261, 3, 96819, 97871
2026/09/23 00:10:53.461, 0, 96811, 97871
2026/09/23 00:10:53.461, 1, 96820, 97871
2026/09/23 00:10:53.461, 2, 96837, 97871
2026/09/23 00:10:53.461, 3, 96819, 97871
2026/09/23 00:10:53.661, 0, 96811, 97871
2026/09/23 00:10:53.662, 1, 96820, 97871
2026/09/23 00:10:53.662, 2, 96837, 97871
2026/09/23 00:10:53.662, 3, 96819, 97871
2026/09/23 00:10:53.862, 0, 96811, 97871
2026/09/23 00:10:53.862, 1, 96820, 97871
2026/09/23 00:10:53.862, 2, 96837, 97871
2026/09/23 00:10:53.862, 3, 96819, 97871
2026/09/23 00:10:54.062, 0, 96811, 97871
2026/09/23 00:10:54.062, 1, 96820, 97871
2026/09/23 00:10:54.062, 2, 96837, 97871
2026/09/23 00:10:54.062, 3, 96819, 97871
2026/09/23 00:10:54.262, 0, 96811, 97871
2026/09/23 00:10:54.262, 1, 96820, 97871
2026/09/23 00:10:54.263, 2, 96837, 97871
2026/09/23 00:10:54.263, 3, 96819, 97871
2026/09/23 00:10:54.463, 0, 96811, 97871
2026/09/23 00:10:54.463, 1, 96820, 97871
2026/09/23 00:10:54.463, 2, 96837, 97871
2026/09/23 00:10:54.463, 3, 96819, 97871
2026/09/23 00:10:54.663, 0, 96811, 97871
2026/09/23 00:10:54.663, 1, 96820, 97871
2026/09/23 00:10:54.663, 2, 96837, 97871
2026/09/23 00:10:54.663, 3, 96819, 97871
2026/09/23 00:10:54.863, 0, 96811, 97871
2026/09/23 00:10:54.863, 1, 96820, 97871
2026/09/23 00:10:54.863, 2, 96837, 97871
2026/09/23 00:10:54.863, 3, 96819, 97871
2026/09/23 00:10:55.064, 0, 96811, 97871
2026/09/23 00:10:55.064, 1, 96820, 97871
2026/09/23 00:10:55.064, 2, 96837, 97871
2026/09/23 00:10:55.064, 3, 96819, 97871
2026/09/23 00:10:55.264, 0, 96811, 97871
2026/09/23 00:10:55.264, 1, 96820, 97871
2026/09/23 00:10:55.264, 2, 96837, 97871
2026/09/23 00:10:55.264, 3, 96819, 97871
2026/09/23 00:10:55.464, 0, 96811, 97871
2026/09/23 00:10:55.464, 1, 96820, 97871
2026/09/23 00:10:55.464, 2, 96837, 97871
2026/09/23 00:10:55.464, 3, 96819, 97871
2026/09/23 00:10:55.665, 0, 96811, 97871
2026/09/23 00:10:55.665, 1, 96820, 97871
2026/09/23 00:10:55.665, 2, 96837, 97871
2026/09/23 00:10:55.665, 3, 96819, 97871
2026/09/23 00:10:55.865, 0, 96811, 97871
2026/09/23 00:10:55.865, 1, 96820, 97871
2026/09/23 00:10:55.865, 2, 96837, 97871
2026/09/23 00:10:55.865, 3, 96819, 97871
2026/09/23 00:10:56.065, 0, 96811, 97871
2026/09/23 00:10:56.065, 1, 96820, 97871
2026/09/23 00:10:56.065, 2, 96837, 97871
2026/09/23 00:10:56.065, 3, 96819, 97871
2026/09/23 00:10:56.266, 0, 96811, 97871
2026/09/23 00:10:56.266, 1, 96820, 97871
2026/09/23 00:10:56.266, 2, 96837, 97871
2026/09/23 00:10:56.266, 3, 96819, 97871
2026/09/23 00:10:56.466, 0, 96811, 97871
2026/09/23 00:10:56.466, 1, 96820, 97871
2026/09/23 00:10:56.466, 2, 96837, 97871
2026/09/23 00:10:56.466, 3, 96819, 97871
2026/09/23 00:10:56.666, 0, 96811, 97871
2026/09/23 00:10:56.666, 1, 96820, 97871
2026/09/23 00:10:56.666, 2, 96837, 97871
2026/09/23 00:10:56.666, 3, 96819, 97871
2026/09/23 00:10:56.866, 0, 96811, 97871
2026/09/23 00:10:56.866, 1, 96820, 97871
2026/09/23 00:10:56.866, 2, 96837, 97871
2026/09/23 00:10:56.866, 3, 96819, 97871
2026/09/23 00:10:57.066, 0, 96811, 97871
2026/09/23 00:10:57.067, 1, 96820, 97871
2026/09/23 00:10:57.067, 2, 96837, 97871
2026/09/23 00:10:57.067, 3, 96819, 97871
2026/09/23 00:10:57.267, 0, 96811, 97871
2026/09/23 00:10:57.267, 1, 96820, 97871
2026/09/23 00:10:57.267, 2, 96837, 97871
2026/09/23 00:10:57.267, 3, 96819, 97871
2026/09/23 00:10:57.467, 0, 96811, 97871
2026/09/23 00:10:57.467, 1, 96820, 97871
2026/09/23 00:10:57.467, 2, 96837, 97871
2026/09/23 00:10:57.467, 3, 96819, 97871
2026/09/23 00:10:57.667, 0, 96811, 97871
2026/09/23 00:10:57.667, 1, 96820, 97871
2026/09/23 00:10:57.667, 2, 96837, 97871
2026/09/23 00:10:57.667, 3, 96819, 97871
2026/09/23 00:10:57.867, 0, 96811, 97871
2026/09/23 00:10:57.867, 1, 96820, 97871
2026/09/23 00:10:57.867, 2, 96837, 97871
2026/09/23 00:10:57.867, 3, 96819, 97871
2026/09/23 00:10:58.068, 0, 96811, 97871
2026/09/23 00:10:58.068, 1, 96820, 97871
2026/09/23 00:10:58.068, 2, 96837, 97871
2026/09/23 00:10:58.068, 3, 96819, 97871
2026/09/23 00:10:58.268, 0, 96811, 97871
2026/09/23 00:10:58.268, 1, 96820, 97871
2026/09/23 00:10:58.268, 2, 96837, 97871
2026/09/23 00:10:58.268, 3, 96819, 97871
2026/09/23 00:10:58.468, 0, 96811, 97871
2026/09/23 00:10:58.468, 1, 96820, 97871
2026/09/23 00:10:58.468, 2, 96837, 97871
2026/09/23 00:10:58.468, 3, 96819, 97871
2026/09/23 00:10:58.668, 0, 96811, 97871
2026/09/23 00:10:58.668, 1, 96820, 97871
2026/09/23 00:10:58.668, 2, 96837, 97871
2026/09/23 00:10:58.668, 3, 96819, 97871
2026/09/23 00:10:58.868, 0, 96811, 97871
2026/09/23 00:10:58.869, 1, 96820, 97871
2026/09/23 00:10:58.869, 2, 96837, 97871
2026/09/23 00:10:58.869, 3, 96819, 97871
2026/09/23 00:10:59.069, 0, 96811, 97871
2026/09/23 00:10:59.069, 1, 96820, 97871
2026/09/23 00:10:59.069, 2, 96837, 97871
2026/09/23 00:10:59.069, 3, 96819, 97871
2026/09/23 00:10:59.269, 0, 96811, 97871
2026/09/23 00:10:59.269, 1, 96820, 97871
2026/09/23 00:10:59.269, 2, 96837, 97871
2026/09/23 00:10:59.269, 3, 96819, 97871
2026/09/23 00:10:59.469, 0, 96811, 97871
2026/09/23 00:10:59.469, 1, 96820, 97871
2026/09/23 00:10:59.469, 2, 96837, 97871
2026/09/23 00:10:59.469, 3, 96819, 97871
2026/09/23 00:10:59.669, 0, 96811, 97871
2026/09/23 00:10:59.669, 1, 96820, 97871
2026/09/23 00:10:59.669, 2, 96837, 97871
2026/09/23 00:10:59.669, 3, 96819, 97871
2026/09/23 00:10:59.870, 0, 96811, 97871
2026/09/23 00:10:59.870, 1, 96820, 97871
2026/09/23 00:10:59.870, 2, 96837, 97871
2026/09/23 00:10:59.870, 3, 96819, 97871
2026/09/23 00:11:00.070, 0, 96811, 97871
2026/09/23 00:11:00.070, 1, 96820, 97871
2026/09/23 00:11:00.070, 2, 96837, 97871
2026/09/23 00:11:00.070, 3, 96819, 97871
2026/09/23 00:11:00.270, 0, 96811, 97871
2026/09/23 00:11:00.270, 1, 96820, 97871
2026/09/23 00:11:00.270, 2, 96837, 97871
2026/09/23 00:11:00.270, 3, 96819, 97871
2026/09/23 00:11:00.470, 0, 96811, 97871
2026/09/23 00:11:00.470, 1, 96820, 97871
2026/09/23 00:11:00.470, 2, 96837, 97871
2026/09/23 00:11:00.470, 3, 96819, 97871
2026/09/23 00:11:00.671, 0, 96811, 97871
2026/09/23 00:11:00.671, 1, 96820, 97871
2026/09/23 00:11:00.671, 2, 96837, 97871
2026/09/23 00:11:00.671, 3, 96819, 97871
2026/09/23 00:11:00.871, 0, 96811, 97871
2026/09/23 00:11:00.871, 1, 96820, 97871
2026/09/23 00:11:00.871, 2, 96837, 97871
2026/09/23 00:11:00.871, 3, 96819, 97871
2026/09/23 00:11:01.071, 0, 96811, 97871
2026/09/23 00:11:01.071, 1, 96820, 97871
2026/09/23 00:11:01.071, 2, 96837, 97871
2026/09/23 00:11:01.071, 3, 96819, 97871
2026/09/23 00:11:01.271, 0, 96811, 97871
2026/09/23 00:11:01.271, 1, 96820, 97871
2026/09/23 00:11:01.271, 2, 96837, 97871
2026/09/23 00:11:01.271, 3, 96819, 97871
2026/09/23 00:11:01.472, 0, 96811, 97871
2026/09/23 00:11:01.472, 1, 96820, 97871
2026/09/23 00:11:01.472, 2, 96837, 97871
2026/09/23 00:11:01.472, 3, 96819, 97871
2026/09/23 00:11:01.672, 0, 96811, 97871
2026/09/23 00:11:01.672, 1, 96820, 97871
2026/09/23 00:11:01.672, 2, 96837, 97871
2026/09/23 00:11:01.672, 3, 96819, 97871
2026/09/23 00:11:01.872, 0, 96811, 97871
2026/09/23 00:11:01.872, 1, 96820, 97871
2026/09/23 00:11:01.872, 2, 96837, 97871
2026/09/23 00:11:01.872, 3, 96819, 97871
2026/09/23 00:11:02.072, 0, 96811, 97871
2026/09/23 00:11:02.072, 1, 96820, 97871
2026/09/23 00:11:02.072, 2, 96837, 97871
2026/09/23 00:11:02.072, 3, 96819, 97871
2026/09/23 00:11:02.272, 0, 96811, 97871
2026/09/23 00:11:02.272, 1, 96820, 97871
2026/09/23 00:11:02.273, 2, 96837, 97871
2026/09/23 00:11:02.273, 3, 96819, 97871
2026/09/23 00:11:02.473, 0, 96811, 97871
2026/09/23 00:11:02.473, 1, 96820, 97871
2026/09/23 00:11:02.473, 2, 96837, 97871
2026/09/23 00:11:02.473, 3, 96819, 97871
2026/09/23 00:11:02.673, 0, 96811, 97871
2026/09/23 00:11:02.673, 1, 96820, 97871
2026/09/23 00:11:02.673, 2, 96837, 97871
2026/09/23 00:11:02.673, 3, 96819, 97871
2026/09/23 00:11:02.873, 0, 96811, 97871
2026/09/23 00:11:02.873, 1, 96820, 97871
2026/09/23 00:11:02.873, 2, 96837, 97871
2026/09/23 00:11:02.873, 3, 96819, 97871
2026/09/23 00:11:03.073, 0, 96811, 97871
2026/09/23 00:11:03.073, 1, 96820, 97871
2026/09/23 00:11:03.073, 2, 96837, 97871
2026/09/23 00:11:03.073, 3, 96819, 97871
2026/09/23 00:11:03.274, 0, 96811, 97871
2026/09/23 00:11:03.274, 1, 96820, 97871
2026/09/23 00:11:03.274, 2, 96837, 97871
2026/09/23 00:11:03.274, 3, 96819, 97871
2026/09/23 00:11:03.474, 0, 96811, 97871
2026/09/23 00:11:03.474, 1, 96820, 97871
2026/09/23 00:11:03.474, 2, 96837, 97871
2026/09/23 00:11:03.474, 3, 96819, 97871
2026/09/23 00:11:03.674, 0, 96811, 97871
2026/09/23 00:11:03.674, 1, 96820, 97871
2026/09/23 00:11:03.674, 2, 96837, 97871
2026/09/23 00:11:03.674, 3, 96819, 97871
2026/09/23 00:11:03.875, 0, 96811, 97871
2026/09/23 00:11:03.875, 1, 96820, 97871
2026/09/23 00:11:03.875, 2, 96837, 97871
2026/09/23 00:11:03.875, 3, 96819, 97871
2026/09/23 00:11:04.075, 0, 96811, 97871
2026/09/23 00:11:04.075, 1, 96820, 97871
2026/09/23 00:11:04.075, 2, 96837, 97871
2026/09/23 00:11:04.075, 3, 96819, 97871
2026/09/23 00:11:04.275, 0, 96811, 97871
2026/09/23 00:11:04.275, 1, 96820, 97871
2026/09/23 00:11:04.275, 2, 96837, 97871
2026/09/23 00:11:04.275, 3, 96819, 97871
2026/09/23 00:11:04.475, 0, 96811, 97871
2026/09/23 00:11:04.475, 1, 96820, 97871
2026/09/23 00:11:04.475, 2, 96837, 97871
2026/09/23 00:11:04.475, 3, 96819, 97871
2026/09/23 00:11:04.675, 0, 96811, 97871
2026/09/23 00:11:04.676, 1, 96820, 97871
2026/09/23 00:11:04.676, 2, 96837, 97871
2026/09/23 00:11:04.676, 3, 96819, 97871
2026/09/23 00:11:04.876, 0, 96811, 97871
2026/09/23 00:11:04.876, 1, 96820, 97871
2026/09/23 00:11:04.876, 2, 96837, 97871
2026/09/23 00:11:04.876, 3, 96819, 97871
2026/09/23 00:11:05.076, 0, 96811, 97871
2026/09/23 00:11:05.076, 1, 96820, 97871
2026/09/23 00:11:05.076, 2, 96837, 97871
2026/09/23 00:11:05.076, 3, 96819, 97871
2026/09/23 00:11:05.276, 0, 96811, 97871
2026/09/23 00:11:05.276, 1, 96820, 97871
2026/09/23 00:11:05.276, 2, 96837, 97871
2026/09/23 00:11:05.277, 3, 96819, 97871
2026/09/23 00:11:05.477, 0, 96811, 97871
2026/09/23 00:11:05.477, 1, 96820, 97871
2026/09/23 00:11:05.477, 2, 96837, 97871
2026/09/23 00:11:05.477, 3, 96819, 97871
2026/09/23 00:11:05.677, 0, 96811, 97871
2026/09/23 00:11:05.677, 1, 96820, 97871
2026/09/23 00:11:05.677, 2, 96837, 97871
2026/09/23 00:11:05.677, 3, 96819, 97871
2026/09/23 00:11:05.877, 0, 96811, 97871
2026/09/23 00:11:05.877, 1, 96820, 97871
2026/09/23 00:11:05.877, 2, 96837, 97871
2026/09/23 00:11:05.877, 3, 96819, 97871
2026/09/23 00:11:06.077, 0, 96811, 97871
2026/09/23 00:11:06.077, 1, 96820, 97871
2026/09/23 00:11:06.077, 2, 96837, 97871
2026/09/23 00:11:06.077, 3, 96819, 97871
2026/09/23 00:11:06.278, 0, 96811, 97871
2026/09/23 00:11:06.278, 1, 96820, 97871
2026/09/23 00:11:06.278, 2, 96837, 97871
2026/09/23 00:11:06.278, 3, 96819, 97871
2026/09/23 00:11:06.478, 0, 96811, 97871
2026/09/23 00:11:06.478, 1, 96820, 97871
2026/09/23 00:11:06.478, 2, 96837, 97871
2026/09/23 00:11:06.478, 3, 96819, 97871
2026/09/23 00:11:06.678, 0, 96811, 97871
2026/09/23 00:11:06.678, 1, 96820, 97871
2026/09/23 00:11:06.678, 2, 96837, 97871
2026/09/23 00:11:06.679, 3, 96819, 97871
2026/09/23 00:11:06.879, 0, 96811, 97871
2026/09/23 00:11:06.879, 1, 96820, 97871
2026/09/23 00:11:06.879, 2, 96837, 97871
2026/09/23 00:11:06.879, 3, 96819, 97871
2026/09/23 00:11:07.079, 0, 96811, 97871
2026/09/23 00:11:07.079, 1, 96820, 97871
2026/09/23 00:11:07.079, 2, 96837, 97871
2026/09/23 00:11:07.079, 3, 96819, 97871
2026/09/23 00:11:07.279, 0, 96811, 97871
2026/09/23 00:11:07.279, 1, 96820, 97871
2026/09/23 00:11:07.279, 2, 96837, 97871
2026/09/23 00:11:07.279, 3, 96819, 97871
2026/09/23 00:11:07.479, 0, 96811, 97871
2026/09/23 00:11:07.480, 1, 96820, 97871
2026/09/23 00:11:07.480, 2, 96837, 97871
2026/09/23 00:11:07.480, 3, 96819, 97871
2026/09/23 00:11:07.680, 0, 96811, 97871
2026/09/23 00:11:07.680, 1, 96820, 97871
2026/09/23 00:11:07.680, 2, 96837, 97871
2026/09/23 00:11:07.680, 3, 96819, 97871
2026/09/23 00:11:07.880, 0, 96811, 97871
2026/09/23 00:11:07.880, 1, 96820, 97871
2026/09/23 00:11:07.880, 2, 96837, 97871
2026/09/23 00:11:07.880, 3, 96819, 97871
2026/09/23 00:11:08.080, 0, 96811, 97871
2026/09/23 00:11:08.080, 1, 96820, 97871
2026/09/23 00:11:08.080, 2, 96837, 97871
2026/09/23 00:11:08.080, 3, 96819, 97871
2026/09/23 00:11:08.280, 0, 96811, 97871
2026/09/23 00:11:08.280, 1, 96820, 97871
2026/09/23 00:11:08.280, 2, 96837, 97871
2026/09/23 00:11:08.281, 3, 96819, 97871
2026/09/23 00:11:08.481, 0, 96811, 97871
2026/09/23 00:11:08.481, 1, 96820, 97871
2026/09/23 00:11:08.481, 2, 96837, 97871
2026/09/23 00:11:08.481, 3, 96819, 97871
2026/09/23 00:11:08.681, 0, 96811, 97871
2026/09/23 00:11:08.681, 1, 96820, 97871
2026/09/23 00:11:08.681, 2, 96837, 97871
2026/09/23 00:11:08.681, 3, 96819, 97871
2026/09/23 00:11:08.881, 0, 96811, 97871
2026/09/23 00:11:08.881, 1, 96820, 97871
2026/09/23 00:11:08.881, 2, 96837, 97871
2026/09/23 00:11:08.881, 3, 96819, 97871
2026/09/23 00:11:09.081, 0, 96811, 97871
2026/09/23 00:11:09.081, 1, 96820, 97871
2026/09/23 00:11:09.081, 2, 96837, 97871
2026/09/23 00:11:09.081, 3, 96819, 97871
2026/09/23 00:11:09.281, 0, 96811, 97871
2026/09/23 00:11:09.282, 1, 96820, 97871
2026/09/23 00:11:09.282, 2, 96837, 97871
2026/09/23 00:11:09.282, 3, 96819, 97871
2026/09/23 00:11:09.482, 0, 96811, 97871
2026/09/23 00:11:09.482, 1, 96820, 97871
2026/09/23 00:11:09.482, 2, 96837, 97871
2026/09/23 00:11:09.482, 3, 96819, 97871
2026/09/23 00:11:09.682, 0, 96811, 97871
2026/09/23 00:11:09.682, 1, 96820, 97871
2026/09/23 00:11:09.682, 2, 96837, 97871
2026/09/23 00:11:09.682, 3, 96819, 97871
2026/09/23 00:11:09.882, 0, 96811, 97871
2026/09/23 00:11:09.882, 1, 96820, 97871
2026/09/23 00:11:09.882, 2, 96837, 97871
2026/09/23 00:11:09.882, 3, 96819, 97871
2026/09/23 00:11:10.082, 0, 96811, 97871
2026/09/23 00:11:10.082, 1, 96820, 97871
2026/09/23 00:11:10.082, 2, 96837, 97871
2026/09/23 00:11:10.082, 3, 96819, 97871
2026/09/23 00:11:10.283, 0, 96811, 97871
2026/09/23 00:11:10.283, 1, 96820, 97871
2026/09/23 00:11:10.283, 2, 96837, 97871
2026/09/23 00:11:10.283, 3, 96819, 97871
2026/09/23 00:11:10.483, 0, 96811, 97871
2026/09/23 00:11:10.483, 1, 96820, 97871
2026/09/23 00:11:10.483, 2, 96837, 97871
2026/09/23 00:11:10.483, 3, 96819, 97871
2026/09/23 00:11:10.683, 0, 96811, 97871
2026/09/23 00:11:10.683, 1, 96820, 97871
2026/09/23 00:11:10.683, 2, 96837, 97871
2026/09/23 00:11:10.683, 3, 96819, 97871
2026/09/23 00:11:10.883, 0, 96811, 97871
2026/09/23 00:11:10.883, 1, 96820, 97871
2026/09/23 00:11:10.884, 2, 96837, 97871
2026/09/23 00:11:10.884, 3, 96819, 97871
2026/09/23 00:11:11.084, 0, 96811, 97871
2026/09/23 00:11:11.084, 1, 96820, 97871
2026/09/23 00:11:11.084, 2, 96837, 97871
2026/09/23 00:11:11.084, 3, 96819, 97871
2026/09/23 00:11:11.284, 0, 96811, 97871
2026/09/23 00:11:11.284, 1, 96820, 97871
2026/09/23 00:11:11.284, 2, 96837, 97871
2026/09/23 00:11:11.284, 3, 96819, 97871
2026/09/23 00:11:11.484, 0, 96811, 97871
2026/09/23 00:11:11.484, 1, 96820, 97871
2026/09/23 00:11:11.484, 2, 96837, 97871
2026/09/23 00:11:11.484, 3, 96819, 97871
2026/09/23 00:11:11.684, 0, 96811, 97871
2026/09/23 00:11:11.685, 1, 96820, 97871
2026/09/23 00:11:11.685, 2, 96837, 97871
2026/09/23 00:11:11.685, 3, 96819, 97871
2026/09/23 00:11:11.885, 0, 96811, 97871
2026/09/23 00:11:11.885, 1, 96820, 97871
2026/09/23 00:11:11.885, 2, 96837, 97871
2026/09/23 00:11:11.885, 3, 96819, 97871
2026/09/23 00:11:12.085, 0, 96811, 97871
2026/09/23 00:11:12.085, 1, 96820, 97871
2026/09/23 00:11:12.085, 2, 96837, 97871
2026/09/23 00:11:12.085, 3, 96819, 97871
2026/09/23 00:11:12.285, 0, 96811, 97871
2026/09/23 00:11:12.285, 1, 96820, 97871
2026/09/23 00:11:12.285, 2, 96837, 97871
2026/09/23 00:11:12.285, 3, 96819, 97871
2026/09/23 00:11:12.485, 0, 96811, 97871
2026/09/23 00:11:12.485, 1, 96820, 97871
2026/09/23 00:11:12.485, 2, 96837, 97871
2026/09/23 00:11:12.485, 3, 96819, 97871
2026/09/23 00:11:12.686, 0, 96811, 97871
2026/09/23 00:11:12.686, 1, 96820, 97871
2026/09/23 00:11:12.686, 2, 96837, 97871
2026/09/23 00:11:12.686, 3, 96819, 97871
2026/09/23 00:11:12.886, 0, 96811, 97871
2026/09/23 00:11:12.886, 1, 96820, 97871
2026/09/23 00:11:12.886, 2, 96837, 97871
2026/09/23 00:11:12.886, 3, 96819, 97871
2026/09/23 00:11:13.086, 0, 96811, 97871
2026/09/23 00:11:13.086, 1, 96820, 97871
2026/09/23 00:11:13.086, 2, 96837, 97871
2026/09/23 00:11:13.086, 3, 96819, 97871
2026/09/23 00:11:13.286, 0, 96811, 97871
2026/09/23 00:11:13.286, 1, 96820, 97871
2026/09/23 00:11:13.287, 2, 96837, 97871
2026/09/23 00:11:13.287, 3, 96819, 97871
2026/09/23 00:11:13.487, 0, 96811, 97871
2026/09/23 00:11:13.487, 1, 96820, 97871
2026/09/23 00:11:13.487, 2, 96837, 97871
2026/09/23 00:11:13.487, 3, 96819, 97871
2026/09/23 00:11:13.687, 0, 96811, 97871
2026/09/23 00:11:13.687, 1, 96820, 97871
2026/09/23 00:11:13.687, 2, 96837, 97871
2026/09/23 00:11:13.687, 3, 96819, 97871
2026/09/23 00:11:13.887, 0, 96811, 97871
2026/09/23 00:11:13.887, 1, 96820, 97871
2026/09/23 00:11:13.887, 2, 96837, 97871
2026/09/23 00:11:13.887, 3, 96819, 97871
2026/09/23 00:11:14.087, 0, 96811, 97871
2026/09/23 00:11:14.087, 1, 96820, 97871
2026/09/23 00:11:14.087, 2, 96837, 97871
2026/09/23 00:11:14.087, 3, 96819, 97871
2026/09/23 00:11:14.288, 0, 96811, 97871
2026/09/23 00:11:14.288, 1, 96820, 97871
2026/09/23 00:11:14.288, 2, 96837, 97871
2026/09/23 00:11:14.288, 3, 96819, 97871
2026/09/23 00:11:14.488, 0, 96811, 97871
2026/09/23 00:11:14.488, 1, 96820, 97871
2026/09/23 00:11:14.488, 2, 96837, 97871
2026/09/23 00:11:14.488, 3, 96819, 97871
2026/09/23 00:11:14.688, 0, 96811, 97871
2026/09/23 00:11:14.688, 1, 96820, 97871
2026/09/23 00:11:14.688, 2, 96837, 97871
2026/09/23 00:11:14.688, 3, 96819, 97871
2026/09/23 00:11:14.888, 0, 96811, 97871
2026/09/23 00:11:14.888, 1, 96820, 97871
2026/09/23 00:11:14.888, 2, 96837, 97871
2026/09/23 00:11:14.888, 3, 96819, 97871
2026/09/23 00:11:15.088, 0, 96811, 97871
2026/09/23 00:11:15.089, 1, 96820, 97871
2026/09/23 00:11:15.089, 2, 96837, 97871
2026/09/23 00:11:15.089, 3, 96819, 97871
2026/09/23 00:11:15.289, 0, 96811, 97871
2026/09/23 00:11:15.289, 1, 96820, 97871
2026/09/23 00:11:15.289, 2, 96837, 97871
2026/09/23 00:11:15.289, 3, 96819, 97871
2026/09/23 00:11:15.489, 0, 96811, 97871
2026/09/23 00:11:15.489, 1, 96820, 97871
2026/09/23 00:11:15.489, 2, 96837, 97871
2026/09/23 00:11:15.489, 3, 96819, 97871
2026/09/23 00:11:15.689, 0, 96811, 97871
2026/09/23 00:11:15.689, 1, 96820, 97871
2026/09/23 00:11:15.689, 2, 96837, 97871
2026/09/23 00:11:15.689, 3, 96819, 97871
2026/09/23 00:11:15.889, 0, 96811, 97871
2026/09/23 00:11:15.889, 1, 96820, 97871
2026/09/23 00:11:15.890, 2, 96837, 97871
2026/09/23 00:11:15.890, 3, 96819, 97871
2026/09/23 00:11:16.090, 0, 96811, 97871
2026/09/23 00:11:16.090, 1, 96820, 97871
2026/09/23 00:11:16.090, 2, 96837, 97871
2026/09/23 00:11:16.090, 3, 96819, 97871
2026/09/23 00:11:16.290, 0, 96811, 97871
2026/09/23 00:11:16.290, 1, 96820, 97871
2026/09/23 00:11:16.290, 2, 96837, 97871
2026/09/23 00:11:16.290, 3, 96819, 97871
2026/09/23 00:11:16.491, 0, 96811, 97871
2026/09/23 00:11:16.491, 1, 96820, 97871
2026/09/23 00:11:16.491, 2, 96837, 97871
2026/09/23 00:11:16.491, 3, 96819, 97871
2026/09/23 00:11:16.691, 0, 96811, 97871
2026/09/23 00:11:16.691, 1, 96820, 97871
2026/09/23 00:11:16.691, 2, 96837, 97871
2026/09/23 00:11:16.691, 3, 96819, 97871
2026/09/23 00:11:16.891, 0, 96811, 97871
2026/09/23 00:11:16.891, 1, 96820, 97871
2026/09/23 00:11:16.891, 2, 96837, 97871
2026/09/23 00:11:16.891, 3, 96819, 97871
2026/09/23 00:11:17.091, 0, 96811, 97871
2026/09/23 00:11:17.092, 1, 96820, 97871
2026/09/23 00:11:17.092, 2, 96837, 97871
2026/09/23 00:11:17.092, 3, 96819, 97871
2026/09/23 00:11:17.292, 0, 96811, 97871
2026/09/23 00:11:17.292, 1, 96820, 97871
2026/09/23 00:11:17.292, 2, 96837, 97871
2026/09/23 00:11:17.292, 3, 96819, 97871
2026/09/23 00:11:17.492, 0, 96811, 97871
2026/09/23 00:11:17.492, 1, 96820, 97871
2026/09/23 00:11:17.492, 2, 96837, 97871
2026/09/23 00:11:17.492, 3, 96819, 97871
2026/09/23 00:11:17.692, 0, 96811, 97871
2026/09/23 00:11:17.692, 1, 96820, 97871
2026/09/23 00:11:17.692, 2, 96837, 97871
2026/09/23 00:11:17.692, 3, 96819, 97871
2026/09/23 00:11:17.892, 0, 96811, 97871
2026/09/23 00:11:17.892, 1, 96820, 97871
2026/09/23 00:11:17.892, 2, 96837, 97871
2026/09/23 00:11:17.893, 3, 96819, 97871
2026/09/23 00:11:18.093, 0, 96811, 97871
2026/09/23 00:11:18.093, 1, 96820, 97871
2026/09/23 00:11:18.093, 2, 96837, 97871
2026/09/23 00:11:18.093, 3, 96819, 97871
2026/09/23 00:11:18.293, 0, 96811, 97871
2026/09/23 00:11:18.293, 1, 96820, 97871
2026/09/23 00:11:18.293, 2, 96837, 97871
2026/09/23 00:11:18.293, 3, 96819, 97871
2026/09/23 00:11:18.493, 0, 96811, 97871
2026/09/23 00:11:18.493, 1, 96820, 97871
2026/09/23 00:11:18.493, 2, 96837, 97871
2026/09/23 00:11:18.493, 3, 96819, 97871
2026/09/23 00:11:18.693, 0, 96811, 97871
2026/09/23 00:11:18.693, 1, 96820, 97871
2026/09/23 00:11:18.693, 2, 96837, 97871
2026/09/23 00:11:18.693, 3, 96819, 97871
2026/09/23 00:11:18.893, 0, 96811, 97871
2026/09/23 00:11:18.894, 1, 96820, 97871
2026/09/23 00:11:18.894, 2, 96837, 97871
2026/09/23 00:11:18.894, 3, 96819, 97871
2026/09/23 00:11:19.094, 0, 96811, 97871
2026/09/23 00:11:19.094, 1, 96820, 97871
2026/09/23 00:11:19.094, 2, 96837, 97871
2026/09/23 00:11:19.094, 3, 96819, 97871
2026/09/23 00:11:19.294, 0, 96811, 97871
2026/09/23 00:11:19.294, 1, 96820, 97871
2026/09/23 00:11:19.294, 2, 96837, 97871
2026/09/23 00:11:19.294, 3, 96819, 97871
2026/09/23 00:11:19.494, 0, 96811, 97871
2026/09/23 00:11:19.494, 1, 96820, 97871
2026/09/23 00:11:19.494, 2, 96837, 97871
2026/09/23 00:11:19.494, 3, 96819, 97871
2026/09/23 00:11:19.694, 0, 96811, 97871
2026/09/23 00:11:19.694, 1, 96820, 97871
2026/09/23 00:11:19.694, 2, 96837, 97871
2026/09/23 00:11:19.694, 3, 96819, 97871
2026/09/23 00:11:19.895, 0, 96811, 97871
2026/09/23 00:11:19.895, 1, 96820, 97871
2026/09/23 00:11:19.895, 2, 96837, 97871
2026/09/23 00:11:19.895, 3, 96819, 97871
2026/09/23 00:11:20.095, 0, 96811, 97871
2026/09/23 00:11:20.095, 1, 96820, 97871
2026/09/23 00:11:20.095, 2, 96837, 97871
2026/09/23 00:11:20.095, 3, 96819, 97871
2026/09/23 00:11:20.295, 0, 96811, 97871
2026/09/23 00:11:20.295, 1, 96820, 97871
2026/09/23 00:11:20.295, 2, 96837, 97871
2026/09/23 00:11:20.295, 3, 96819, 97871
2026/09/23 00:11:20.495, 0, 96811, 97871
2026/09/23 00:11:20.495, 1, 96820, 97871
2026/09/23 00:11:20.495, 2, 96837, 97871
2026/09/23 00:11:20.495, 3, 96819, 97871
2026/09/23 00:11:20.696, 0, 96811, 97871
2026/09/23 00:11:20.696, 1, 96820, 97871
2026/09/23 00:11:20.696, 2, 96837, 97871
2026/09/23 00:11:20.696, 3, 96819, 97871
2026/09/23 00:11:20.896, 0, 96811, 97871
2026/09/23 00:11:20.896, 1, 96820, 97871
2026/09/23 00:11:20.896, 2, 96837, 97871
2026/09/23 00:11:20.896, 3, 96819, 97871
2026/09/23 00:11:21.096, 0, 96811, 97871
2026/09/23 00:11:21.096, 1, 96820, 97871
2026/09/23 00:11:21.096, 2, 96837, 97871
2026/09/23 00:11:21.096, 3, 96819, 97871
2026/09/23 00:11:21.296, 0, 96811, 97871
2026/09/23 00:11:21.296, 1, 96820, 97871
2026/09/23 00:11:21.296, 2, 96837, 97871
2026/09/23 00:11:21.296, 3, 96819, 97871
2026/09/23 00:11:21.496, 0, 96811, 97871
2026/09/23 00:11:21.496, 1, 96820, 97871
2026/09/23 00:11:21.497, 2, 96837, 97871
2026/09/23 00:11:21.497, 3, 96819, 97871
2026/09/23 00:11:21.697, 0, 96811, 97871
2026/09/23 00:11:21.697, 1, 96820, 97871
2026/09/23 00:11:21.697, 2, 96837, 97871
2026/09/23 00:11:21.697, 3, 96819, 97871
2026/09/23 00:11:21.897, 0, 96811, 97871
2026/09/23 00:11:21.897, 1, 96820, 97871
2026/09/23 00:11:21.897, 2, 96837, 97871
2026/09/23 00:11:21.897, 3, 96819, 97871
2026/09/23 00:11:22.097, 0, 96811, 97871
2026/09/23 00:11:22.097, 1, 96820, 97871
2026/09/23 00:11:22.097, 2, 96837, 97871
2026/09/23 00:11:22.097, 3, 96819, 97871
2026/09/23 00:11:22.298, 0, 96811, 97871
2026/09/23 00:11:22.298, 1, 96820, 97871
2026/09/23 00:11:22.298, 2, 96837, 97871
2026/09/23 00:11:22.298, 3, 96819, 97871
2026/09/23 00:11:22.498, 0, 96811, 97871
2026/09/23 00:11:22.498, 1, 96820, 97871
2026/09/23 00:11:22.498, 2, 96837, 97871
2026/09/23 00:11:22.498, 3, 96819, 97871
2026/09/23 00:11:22.698, 0, 96811, 97871
2026/09/23 00:11:22.698, 1, 96820, 97871
2026/09/23 00:11:22.698, 2, 96837, 97871
2026/09/23 00:11:22.698, 3, 96819, 97871
2026/09/23 00:11:22.898, 0, 96811, 97871
2026/09/23 00:11:22.898, 1, 96820, 97871
2026/09/23 00:11:22.898, 2, 96837, 97871
2026/09/23 00:11:22.898, 3, 96819, 97871
2026/09/23 00:11:23.099, 0, 96811, 97871
2026/09/23 00:11:23.099, 1, 96820, 97871
2026/09/23 00:11:23.099, 2, 96837, 97871
2026/09/23 00:11:23.099, 3, 96819, 97871
2026/09/23 00:11:23.299, 0, 96811, 97871
2026/09/23 00:11:23.299, 1, 96820, 97871
2026/09/23 00:11:23.299, 2, 96837, 97871
2026/09/23 00:11:23.299, 3, 96819, 97871
2026/09/23 00:11:23.499, 0, 96811, 97871
2026/09/23 00:11:23.499, 1, 96820, 97871
2026/09/23 00:11:23.499, 2, 96837, 97871
2026/09/23 00:11:23.499, 3, 96819, 97871
2026/09/23 00:11:23.699, 0, 96811, 97871
2026/09/23 00:11:23.699, 1, 96820, 97871
2026/09/23 00:11:23.699, 2, 96837, 97871
2026/09/23 00:11:23.699, 3, 96819, 97871
2026/09/23 00:11:23.900, 0, 96811, 97871
2026/09/23 00:11:23.900, 1, 96820, 97871
2026/09/23 00:11:23.900, 2, 96837, 97871
2026/09/23 00:11:23.900, 3, 96819, 97871
2026/09/23 00:11:24.100, 0, 96811, 97871
2026/09/23 00:11:24.100, 1, 96820, 97871
2026/09/23 00:11:24.100, 2, 96837, 97871
2026/09/23 00:11:24.100, 3, 96819, 97871
2026/09/23 00:11:24.300, 0, 96811, 97871
2026/09/23 00:11:24.300, 1, 96820, 97871
2026/09/23 00:11:24.300, 2, 96837, 97871
2026/09/23 00:11:24.300, 3, 96819, 97871
2026/09/23 00:11:24.500, 0, 96811, 97871
2026/09/23 00:11:24.500, 1, 96820, 97871
2026/09/23 00:11:24.500, 2, 96837, 97871
2026/09/23 00:11:24.500, 3, 96819, 97871
2026/09/23 00:11:24.700, 0, 96811, 97871
2026/09/23 00:11:24.701, 1, 96820, 97871
2026/09/23 00:11:24.701, 2, 96837, 97871
2026/09/23 00:11:24.701, 3, 96819, 97871
2026/09/23 00:11:24.901, 0, 96811, 97871
2026/09/23 00:11:24.901, 1, 96820, 97871
2026/09/23 00:11:24.901, 2, 96837, 97871
2026/09/23 00:11:24.901, 3, 96819, 97871
2026/09/23 00:11:25.101, 0, 96811, 97871
2026/09/23 00:11:25.101, 1, 96820, 97871
2026/09/23 00:11:25.101, 2, 96837, 97871
2026/09/23 00:11:25.101, 3, 96819, 97871
2026/09/23 00:11:25.301, 0, 96811, 97871
2026/09/23 00:11:25.301, 1, 96820, 97871
2026/09/23 00:11:25.302, 2, 96837, 97871
2026/09/23 00:11:25.302, 3, 96819, 97871
2026/09/23 00:11:25.502, 0, 96811, 97871
2026/09/23 00:11:25.502, 1, 96820, 97871
2026/09/23 00:11:25.502, 2, 96837, 97871
2026/09/23 00:11:25.502, 3, 96819, 97871
2026/09/23 00:11:25.702, 0, 96811, 97871
2026/09/23 00:11:25.702, 1, 96820, 97871
2026/09/23 00:11:25.702, 2, 96837, 97871
2026/09/23 00:11:25.702, 3, 96819, 97871
2026/09/23 00:11:25.902, 0, 96811, 97871
2026/09/23 00:11:25.902, 1, 96820, 97871
2026/09/23 00:11:25.902, 2, 96837, 97871
2026/09/23 00:11:25.902, 3, 96819, 97871
2026/09/23 00:11:26.102, 0, 96811, 97871
2026/09/23 00:11:26.102, 1, 96820, 97871
2026/09/23 00:11:26.102, 2, 96837, 97871
2026/09/23 00:11:26.102, 3, 96819, 97871
2026/09/23 00:11:26.303, 0, 96811, 97871
2026/09/23 00:11:26.303, 1, 96820, 97871
2026/09/23 00:11:26.303, 2, 96837, 97871
2026/09/23 00:11:26.303, 3, 96819, 97871
2026/09/23 00:11:26.503, 0, 96811, 97871
2026/09/23 00:11:26.503, 1, 96820, 97871
2026/09/23 00:11:26.503, 2, 96837, 97871
2026/09/23 00:11:26.503, 3, 96819, 97871
2026/09/23 00:11:26.703, 0, 96811, 97871
2026/09/23 00:11:26.703, 1, 96820, 97871
2026/09/23 00:11:26.703, 2, 96837, 97871
2026/09/23 00:11:26.703, 3, 96819, 97871
2026/09/23 00:11:26.903, 0, 96811, 97871
2026/09/23 00:11:26.904, 1, 96820, 97871
2026/09/23 00:11:26.904, 2, 96837, 97871
2026/09/23 00:11:26.904, 3, 96819, 97871
2026/09/23 00:11:27.104, 0, 96811, 97871
2026/09/23 00:11:27.104, 1, 96820, 97871
2026/09/23 00:11:27.104, 2, 96837, 97871
2026/09/23 00:11:27.104, 3, 96819, 97871
2026/09/23 00:11:27.304, 0, 96811, 97871
2026/09/23 00:11:27.304, 1, 96820, 97871
2026/09/23 00:11:27.304, 2, 96837, 97871
2026/09/23 00:11:27.304, 3, 96819, 97871
2026/09/23 00:11:27.504, 0, 96811, 97871
2026/09/23 00:11:27.504, 1, 96820, 97871
2026/09/23 00:11:27.504, 2, 96837, 97871
2026/09/23 00:11:27.504, 3, 96819, 97871
2026/09/23 00:11:27.704, 0, 96811, 97871
2026/09/23 00:11:27.705, 1, 96820, 97871
2026/09/23 00:11:27.705, 2, 96837, 97871
2026/09/23 00:11:27.705, 3, 96819, 97871
2026/09/23 00:11:27.905, 0, 96811, 97871
2026/09/23 00:11:27.905, 1, 96820, 97871
2026/09/23 00:11:27.905, 2, 96837, 97871
2026/09/23 00:11:27.905, 3, 96819, 97871
2026/09/23 00:11:28.105, 0, 96811, 97871
2026/09/23 00:11:28.105, 1, 96820, 97871
2026/09/23 00:11:28.105, 2, 96837, 97871
2026/09/23 00:11:28.105, 3, 96819, 97871
2026/09/23 00:11:28.305, 0, 96811, 97871
2026/09/23 00:11:28.305, 1, 96820, 97871
2026/09/23 00:11:28.305, 2, 96837, 97871
2026/09/23 00:11:28.305, 3, 96819, 97871
2026/09/23 00:11:28.505, 0, 96811, 97871
2026/09/23 00:11:28.505, 1, 96820, 97871
2026/09/23 00:11:28.506, 2, 96837, 97871
2026/09/23 00:11:28.506, 3, 96819, 97871
2026/09/23 00:11:28.706, 0, 96811, 97871
2026/09/23 00:11:28.706, 1, 96820, 97871
2026/09/23 00:11:28.706, 2, 96837, 97871
2026/09/23 00:11:28.706, 3, 96819, 97871
2026/09/23 00:11:28.906, 0, 96811, 97871
2026/09/23 00:11:28.906, 1, 96820, 97871
2026/09/23 00:11:28.906, 2, 96837, 97871
2026/09/23 00:11:28.906, 3, 96819, 97871
2026/09/23 00:11:29.106, 0, 96811, 97871
2026/09/23 00:11:29.106, 1, 96820, 97871
2026/09/23 00:11:29.106, 2, 96837, 97871
2026/09/23 00:11:29.106, 3, 96819, 97871
2026/09/23 00:11:29.306, 0, 96811, 97871
2026/09/23 00:11:29.307, 1, 96820, 97871
2026/09/23 00:11:29.307, 2, 96837, 97871
2026/09/23 00:11:29.307, 3, 96819, 97871
2026/09/23 00:11:29.507, 0, 96811, 97871
2026/09/23 00:11:29.507, 1, 96820, 97871
2026/09/23 00:11:29.507, 2, 96837, 97871
2026/09/23 00:11:29.507, 3, 96819, 97871
2026/09/23 00:11:29.707, 0, 96811, 97871
2026/09/23 00:11:29.707, 1, 96820, 97871
2026/09/23 00:11:29.707, 2, 96837, 97871
2026/09/23 00:11:29.707, 3, 96819, 97871
2026/09/23 00:11:29.907, 0, 96811, 97871
2026/09/23 00:11:29.907, 1, 96820, 97871
2026/09/23 00:11:29.907, 2, 96837, 97871
2026/09/23 00:11:29.907, 3, 96819, 97871
2026/09/23 00:11:30.108, 0, 96811, 97871
2026/09/23 00:11:30.108, 1, 96820, 97871
2026/09/23 00:11:30.108, 2, 96837, 97871
2026/09/23 00:11:30.108, 3, 96819, 97871
2026/09/23 00:11:30.308, 0, 96811, 97871
2026/09/23 00:11:30.308, 1, 96820, 97871
2026/09/23 00:11:30.308, 2, 96837, 97871
2026/09/23 00:11:30.308, 3, 96819, 97871
2026/09/23 00:11:30.508, 0, 96811, 97871
2026/09/23 00:11:30.508, 1, 96820, 97871
2026/09/23 00:11:30.508, 2, 96837, 97871
2026/09/23 00:11:30.508, 3, 96819, 97871
2026/09/23 00:11:30.708, 0, 96811, 97871
2026/09/23 00:11:30.708, 1, 96820, 97871
2026/09/23 00:11:30.708, 2, 96837, 97871
2026/09/23 00:11:30.708, 3, 96819, 97871
2026/09/23 00:11:30.908, 0, 96811, 97871
2026/09/23 00:11:30.909, 1, 96820, 97871
2026/09/23 00:11:30.909, 2, 96837, 97871
2026/09/23 00:11:30.909, 3, 96819, 97871
2026/09/23 00:11:31.109, 0, 96811, 97871
2026/09/23 00:11:31.109, 1, 96820, 97871
2026/09/23 00:11:31.109, 2, 96837, 97871
2026/09/23 00:11:31.109, 3, 96819, 97871
2026/09/23 00:11:31.309, 0, 96811, 97871
2026/09/23 00:11:31.309, 1, 96820, 97871
2026/09/23 00:11:31.309, 2, 96837, 97871
2026/09/23 00:11:31.309, 3, 96819, 97871
2026/09/23 00:11:31.509, 0, 96811, 97871
2026/09/23 00:11:31.509, 1, 96820, 97871
2026/09/23 00:11:31.509, 2, 96837, 97871
2026/09/23 00:11:31.509, 3, 96819, 97871
2026/09/23 00:11:31.709, 0, 96811, 97871
2026/09/23 00:11:31.709, 1, 96820, 97871
2026/09/23 00:11:31.709, 2, 96837, 97871
2026/09/23 00:11:31.710, 3, 96819, 97871
2026/09/23 00:11:31.910, 0, 96811, 97871
2026/09/23 00:11:31.910, 1, 96820, 97871
2026/09/23 00:11:31.910, 2, 96837, 97871
2026/09/23 00:11:31.910, 3, 96819, 97871
2026/09/23 00:11:32.110, 0, 96811, 97871
2026/09/23 00:11:32.110, 1, 96820, 97871
2026/09/23 00:11:32.110, 2, 96837, 97871
2026/09/23 00:11:32.110, 3, 96819, 97871
2026/09/23 00:11:32.310, 0, 96811, 97871
2026/09/23 00:11:32.310, 1, 96820, 97871
2026/09/23 00:11:32.310, 2, 96837, 97871
2026/09/23 00:11:32.310, 3, 96819, 97871
2026/09/23 00:11:32.510, 0, 96811, 97871
2026/09/23 00:11:32.510, 1, 96820, 97871
2026/09/23 00:11:32.510, 2, 96837, 97871
2026/09/23 00:11:32.511, 3, 96819, 97871
2026/09/23 00:11:32.711, 0, 96811, 97871
2026/09/23 00:11:32.711, 1, 96820, 97871
2026/09/23 00:11:32.711, 2, 96837, 97871
2026/09/23 00:11:32.711, 3, 96819, 97871
2026/09/23 00:11:32.911, 0, 96811, 97871
2026/09/23 00:11:32.911, 1, 96820, 97871
2026/09/23 00:11:32.911, 2, 96837, 97871
2026/09/23 00:11:32.911, 3, 96819, 97871
2026/09/23 00:11:33.111, 0, 96811, 97871
2026/09/23 00:11:33.111, 1, 96820, 97871
2026/09/23 00:11:33.111, 2, 96837, 97871
2026/09/23 00:11:33.111, 3, 96819, 97871
2026/09/23 00:11:33.311, 0, 96811, 97871
2026/09/23 00:11:33.311, 1, 96820, 97871
2026/09/23 00:11:33.311, 2, 96837, 97871
2026/09/23 00:11:33.311, 3, 96819, 97871
2026/09/23 00:11:33.512, 0, 96811, 97871
2026/09/23 00:11:33.512, 1, 96820, 97871
2026/09/23 00:11:33.512, 2, 96837, 97871
2026/09/23 00:11:33.512, 3, 96819, 97871
2026/09/23 00:11:33.712, 0, 96811, 97871
2026/09/23 00:11:33.712, 1, 96820, 97871
2026/09/23 00:11:33.712, 2, 96837, 97871
2026/09/23 00:11:33.712, 3, 96819, 97871
2026/09/23 00:11:33.912, 0, 96811, 97871
2026/09/23 00:11:33.912, 1, 96820, 97871
2026/09/23 00:11:33.912, 2, 96837, 97871
2026/09/23 00:11:33.912, 3, 96819, 97871
2026/09/23 00:11:34.112, 0, 96811, 97871
2026/09/23 00:11:34.112, 1, 96820, 97871
2026/09/23 00:11:34.112, 2, 96837, 97871
2026/09/23 00:11:34.112, 3, 96819, 97871
2026/09/23 00:11:34.312, 0, 96811, 97871
2026/09/23 00:11:34.313, 1, 96820, 97871
2026/09/23 00:11:34.313, 2, 96837, 97871
2026/09/23 00:11:34.313, 3, 96819, 97871
2026/09/23 00:11:34.513, 0, 96811, 97871
2026/09/23 00:11:34.513, 1, 96820, 97871
2026/09/23 00:11:34.513, 2, 96837, 97871
2026/09/23 00:11:34.513, 3, 96819, 97871
2026/09/23 00:11:34.713, 0, 96811, 97871
2026/09/23 00:11:34.713, 1, 96820, 97871
2026/09/23 00:11:34.713, 2, 96837, 97871
2026/09/23 00:11:34.713, 3, 96819, 97871
2026/09/23 00:11:34.913, 0, 96811, 97871
2026/09/23 00:11:34.913, 1, 96820, 97871
2026/09/23 00:11:34.913, 2, 96837, 97871
2026/09/23 00:11:34.913, 3, 96819, 97871
2026/09/23 00:11:35.114, 0, 96811, 97871
2026/09/23 00:11:35.114, 1, 96820, 97871
2026/09/23 00:11:35.114, 2, 96837, 97871
2026/09/23 00:11:35.114, 3, 96819, 97871
2026/09/23 00:11:35.314, 0, 96811, 97871
2026/09/23 00:11:35.314, 1, 96820, 97871
2026/09/23 00:11:35.314, 2, 96837, 97871
2026/09/23 00:11:35.314, 3, 96819, 97871
2026/09/23 00:11:35.514, 0, 96811, 97871
2026/09/23 00:11:35.514, 1, 96820, 97871
2026/09/23 00:11:35.514, 2, 96837, 97871
2026/09/23 00:11:35.514, 3, 96819, 97871
2026/09/23 00:11:35.714, 0, 96811, 97871
2026/09/23 00:11:35.714, 1, 96820, 97871
2026/09/23 00:11:35.714, 2, 96837, 97871
2026/09/23 00:11:35.714, 3, 96819, 97871
2026/09/23 00:11:35.915, 0, 96811, 97871
2026/09/23 00:11:35.915, 1, 96820, 97871
2026/09/23 00:11:35.915, 2, 96837, 97871
2026/09/23 00:11:35.915, 3, 96819, 97871
2026/09/23 00:11:36.115, 0, 96811, 97871
2026/09/23 00:11:36.115, 1, 96820, 97871
2026/09/23 00:11:36.115, 2, 96837, 97871
2026/09/23 00:11:36.115, 3, 96819, 97871
2026/09/23 00:11:36.315, 0, 96811, 97871
2026/09/23 00:11:36.315, 1, 96820, 97871
2026/09/23 00:11:36.315, 2, 96837, 97871
2026/09/23 00:11:36.315, 3, 96819, 97871
2026/09/23 00:11:36.515, 0, 96811, 97871
2026/09/23 00:11:36.515, 1, 96820, 97871
2026/09/23 00:11:36.515, 2, 96837, 97871
2026/09/23 00:11:36.515, 3, 96819, 97871
2026/09/23 00:11:36.715, 0, 96811, 97871
2026/09/23 00:11:36.715, 1, 96820, 97871
2026/09/23 00:11:36.715, 2, 96837, 97871
2026/09/23 00:11:36.716, 3, 96819, 97871
2026/09/23 00:11:36.916, 0, 96811, 97871
2026/09/23 00:11:36.916, 1, 96820, 97871
2026/09/23 00:11:36.916, 2, 96837, 97871
2026/09/23 00:11:36.916, 3, 96819, 97871
2026/09/23 00:11:37.116, 0, 96811, 97871
2026/09/23 00:11:37.116, 1, 96820, 97871
2026/09/23 00:11:37.116, 2, 96837, 97871
2026/09/23 00:11:37.116, 3, 96819, 97871
2026/09/23 00:11:37.316, 0, 96811, 97871
2026/09/23 00:11:37.316, 1, 96820, 97871
2026/09/23 00:11:37.316, 2, 96837, 97871
2026/09/23 00:11:37.316, 3, 96819, 97871
2026/09/23 00:11:37.516, 0, 96811, 97871
2026/09/23 00:11:37.517, 1, 96820, 97871
2026/09/23 00:11:37.517, 2, 96837, 97871
2026/09/23 00:11:37.517, 3, 96819, 97871
2026/09/23 00:11:37.717, 0, 96811, 97871
2026/09/23 00:11:37.717, 1, 96820, 97871
2026/09/23 00:11:37.717, 2, 96837, 97871
2026/09/23 00:11:37.717, 3, 96819, 97871
2026/09/23 00:11:37.917, 0, 96811, 97871
2026/09/23 00:11:37.917, 1, 96820, 97871
2026/09/23 00:11:37.917, 2, 96837, 97871
2026/09/23 00:11:37.917, 3, 96819, 97871
2026/09/23 00:11:38.117, 0, 96811, 97871
2026/09/23 00:11:38.117, 1, 96820, 97871
2026/09/23 00:11:38.117, 2, 96837, 97871
2026/09/23 00:11:38.117, 3, 96819, 97871
