2026/09/22 21:45:49.117, 0, 88229, 97871
2026/09/22 21:45:49.117, 1, 88750, 97871
2026/09/22 21:45:49.117, 2, 87724, 97871
2026/09/22 21:45:49.117, 3, 87720, 97871
2026/09/22 21:45:49.318, 0, 88229, 97871
2026/09/22 21:45:49.318, 1, 88750, 97871
2026/09/22 21:45:49.318, 2, 87724, 97871
2026/09/22 21:45:49.318, 3, 87720, 97871
2026/09/22 21:45:49.518, 0, 88229, 97871
2026/09/22 21:45:49.518, 1, 88750, 97871
2026/09/22 21:45:49.518, 2, 87724, 97871
2026/09/22 21:45:49.518, 3, 87720, 97871
2026/09/22 21:45:49.718, 0, 88229, 97871
2026/09/22 21:45:49.718, 1, 88750, 97871
2026/09/22 21:45:49.718, 2, 87724, 97871
2026/09/22 21:45:49.718, 3, 87720, 97871
2026/09/22 21:45:49.918, 0, 88229, 97871
2026/09/22 21:45:49.918, 1, 88750, 97871
2026/09/22 21:45:49.918, 2, 87724, 97871
2026/09/22 21:45:49.918, 3, 87720, 97871
2026/09/22 21:45:50.118, 0, 88229, 97871
2026/09/22 21:45:50.118, 1, 88750, 97871
2026/09/22 21:45:50.118, 2, 87724, 97871
2026/09/22 21:45:50.118, 3, 87720, 97871
2026/09/22 21:45:50.319, 0, 88229, 97871
2026/09/22 21:45:50.319, 1, 88750, 97871
2026/09/22 21:45:50.319, 2, 87724, 97871
2026/09/22 21:45:50.319, 3, 87720, 97871
2026/09/22 21:45:50.519, 0, 88229, 97871
2026/09/22 21:45:50.519, 1, 88750, 97871
2026/09/22 21:45:50.519, 2, 87724, 97871
2026/09/22 21:45:50.519, 3, 87720, 97871
2026/09/22 21:45:50.719, 0, 88229, 97871
2026/09/22 21:45:50.768, 1, 88750, 97871
2026/09/22 21:45:50.768, 2, 87724, 97871
2026/09/22 21:45:50.768, 3, 87720, 97871
2026/09/22 21:45:50.968, 0, 88229, 97871
2026/09/22 21:45:50.968, 1, 88750, 97871
2026/09/22 21:45:50.969, 2, 87724, 97871
2026/09/22 21:45:50.969, 3, 87720, 97871
2026/09/22 21:45:51.169, 0, 88229, 97871
2026/09/22 21:45:51.170, 1, 88750, 97871
2026/09/22 21:45:51.171, 2, 87724, 97871
2026/09/22 21:45:51.171, 3, 87720, 97871
2026/09/22 21:45:51.371, 0, 88229, 97871
2026/09/22 21:45:51.372, 1, 88750, 97871
2026/09/22 21:45:51.372, 2, 87724, 97871
2026/09/22 21:45:51.372, 3, 87720, 97871
2026/09/22 21:45:51.572, 0, 88229, 97871
2026/09/22 21:45:51.572, 1, 88750, 97871
2026/09/22 21:45:51.572, 2, 87724, 97871
2026/09/22 21:45:51.572, 3, 87720, 97871
2026/09/22 21:45:51.772, 0, 88229, 97871
2026/09/22 21:45:51.772, 1, 88750, 97871
2026/09/22 21:45:51.772, 2, 87724, 97871
2026/09/22 21:45:51.772, 3, 87720, 97871
2026/09/22 21:45:51.972, 0, 88229, 97871
2026/09/22 21:45:51.972, 1, 88750, 97871
2026/09/22 21:45:51.972, 2, 87724, 97871
2026/09/22 21:45:51.972, 3, 87720, 97871
2026/09/22 21:45:52.172, 0, 88229, 97871
2026/09/22 21:45:52.172, 1, 88750, 97871
2026/09/22 21:45:52.172, 2, 87724, 97871
2026/09/22 21:45:52.172, 3, 87720, 97871
2026/09/22 21:45:52.372, 0, 88229, 97871
2026/09/22 21:45:52.372, 1, 88750, 97871
2026/09/22 21:45:52.372, 2, 87724, 97871
2026/09/22 21:45:52.373, 3, 87720, 97871
2026/09/22 21:45:52.573, 0, 88229, 97871
2026/09/22 21:45:52.573, 1, 88750, 97871
2026/09/22 21:45:52.573, 2, 87724, 97871
2026/09/22 21:45:52.573, 3, 87720, 97871
2026/09/22 21:45:52.773, 0, 88229, 97871
2026/09/22 21:45:52.806, 1, 88750, 97871
2026/09/22 21:45:52.806, 2, 87724, 97871
2026/09/22 21:45:52.806, 3, 87720, 97871
2026/09/22 21:45:53.006, 0, 88229, 97871
2026/09/22 21:45:53.006, 1, 88750, 97871
2026/09/22 21:45:53.006, 2, 87724, 97871
2026/09/22 21:45:53.006, 3, 87720, 97871
2026/09/22 21:45:53.206, 0, 88229, 97871
2026/09/22 21:45:53.206, 1, 88750, 97871
2026/09/22 21:45:53.206, 2, 87724, 97871
2026/09/22 21:45:53.206, 3, 87720, 97871
2026/09/22 21:45:53.406, 0, 88229, 97871
2026/09/22 21:45:53.407, 1, 88750, 97871
2026/09/22 21:45:53.407, 2, 87724, 97871
2026/09/22 21:45:53.407, 3, 87720, 97871
2026/09/22 21:45:53.607, 0, 88229, 97871
2026/09/22 21:45:53.607, 1, 88750, 97871
2026/09/22 21:45:53.607, 2, 87724, 97871
2026/09/22 21:45:53.607, 3, 87720, 97871
2026/09/22 21:45:53.807, 0, 88229, 97871
2026/09/22 21:45:53.807, 1, 88750, 97871
2026/09/22 21:45:53.807, 2, 87724, 97871
2026/09/22 21:45:53.807, 3, 87720, 97871
2026/09/22 21:45:54.007, 0, 88229, 97871
2026/09/22 21:45:54.030, 1, 88750, 97871
2026/09/22 21:45:54.031, 2, 87724, 97871
2026/09/22 21:45:54.031, 3, 87720, 97871
2026/09/22 21:45:54.231, 0, 88229, 97871
2026/09/22 21:45:54.231, 1, 88750, 97871
2026/09/22 21:45:54.231, 2, 87724, 97871
2026/09/22 21:45:54.231, 3, 87720, 97871
2026/09/22 21:45:54.431, 0, 88229, 97871
2026/09/22 21:45:54.431, 1, 88750, 97871
2026/09/22 21:45:54.431, 2, 87724, 97871
2026/09/22 21:45:54.431, 3, 87720, 97871
2026/09/22 21:45:54.631, 0, 88229, 97871
2026/09/22 21:45:54.631, 1, 88750, 97871
2026/09/22 21:45:54.631, 2, 87724, 97871
2026/09/22 21:45:54.631, 3, 87720, 97871
2026/09/22 21:45:54.831, 0, 88229, 97871
2026/09/22 21:45:54.831, 1, 88750, 97871
2026/09/22 21:45:54.831, 2, 87724, 97871
2026/09/22 21:45:54.831, 3, 87720, 97871
2026/09/22 21:45:55.031, 0, 88229, 97871
2026/09/22 21:45:55.031, 1, 88750, 97871
2026/09/22 21:45:55.031, 2, 87724, 97871
2026/09/22 21:45:55.032, 3, 87720, 97871
2026/09/22 21:45:55.232, 0, 88229, 97871
2026/09/22 21:45:55.232, 1, 88750, 97871
2026/09/22 21:45:55.232, 2, 87724, 97871
2026/09/22 21:45:55.232, 3, 87720, 97871
2026/09/22 21:45:55.432, 0, 88229, 97871
2026/09/22 21:45:55.432, 1, 88750, 97871
2026/09/22 21:45:55.432, 2, 87724, 97871
2026/09/22 21:45:55.432, 3, 87720, 97871
2026/09/22 21:45:55.632, 0, 88229, 97871
2026/09/22 21:45:55.632, 1, 88750, 97871
2026/09/22 21:45:55.632, 2, 87724, 97871
2026/09/22 21:45:55.632, 3, 87720, 97871
2026/09/22 21:45:55.832, 0, 88229, 97871
2026/09/22 21:45:55.832, 1, 88750, 97871
2026/09/22 21:45:55.832, 2, 87724, 97871
2026/09/22 21:45:55.832, 3, 87720, 97871
2026/09/22 21:45:56.032, 0, 88229, 97871
2026/09/22 21:45:56.032, 1, 88750, 97871
2026/09/22 21:45:56.032, 2, 87724, 97871
2026/09/22 21:45:56.032, 3, 87720, 97871
2026/09/22 21:45:56.232, 0, 88229, 97871
2026/09/22 21:45:56.233, 1, 88750, 97871
2026/09/22 21:45:56.233, 2, 87724, 97871
2026/09/22 21:45:56.233, 3, 87720, 97871
2026/09/22 21:45:56.433, 0, 88229, 97871
2026/09/22 21:45:56.433, 1, 88750, 97871
2026/09/22 21:45:56.433, 2, 87724, 97871
2026/09/22 21:45:56.433, 3, 87720, 97871
2026/09/22 21:45:56.633, 0, 88229, 97871
2026/09/22 21:45:56.633, 1, 88750, 97871
2026/09/22 21:45:56.633, 2, 87724, 97871
2026/09/22 21:45:56.633, 3, 87720, 97871
2026/09/22 21:45:56.833, 0, 88229, 97871
2026/09/22 21:45:56.833, 1, 88750, 97871
2026/09/22 21:45:56.833, 2, 87724, 97871
2026/09/22 21:45:56.833, 3, 87720, 97871
2026/09/22 21:45:57.033, 0, 88229, 97871
2026/09/22 21:45:57.033, 1, 88750, 97871
2026/09/22 21:45:57.033, 2, 87724, 97871
2026/09/22 21:45:57.033, 3, 87720, 97871
2026/09/22 21:45:57.233, 0, 88229, 97871
2026/09/22 21:45:57.233, 1, 88750, 97871
2026/09/22 21:45:57.233, 2, 87724, 97871
2026/09/22 21:45:57.233, 3, 87720, 97871
2026/09/22 21:45:57.434, 0, 88229, 97871
2026/09/22 21:45:57.434, 1, 88750, 97871
2026/09/22 21:45:57.434, 2, 87724, 97871
2026/09/22 21:45:57.434, 3, 87720, 97871
2026/09/22 21:45:57.634, 0, 88229, 97871
2026/09/22 21:45:57.634, 1, 88750, 97871
2026/09/22 21:45:57.634, 2, 87724, 97871
2026/09/22 21:45:57.634, 3, 87720, 97871
2026/09/22 21:45:57.834, 0, 88229, 97871
2026/09/22 21:45:57.834, 1, 88750, 97871
2026/09/22 21:45:57.834, 2, 87724, 97871
2026/09/22 21:45:57.834, 3, 87720, 97871
2026/09/22 21:45:58.034, 0, 88229, 97871
2026/09/22 21:45:58.034, 1, 88750, 97871
2026/09/22 21:45:58.034, 2, 87724, 97871
2026/09/22 21:45:58.034, 3, 87720, 97871
2026/09/22 21:45:58.234, 0, 88229, 97871
2026/09/22 21:45:58.234, 1, 88750, 97871
2026/09/22 21:45:58.234, 2, 87724, 97871
2026/09/22 21:45:58.234, 3, 87720, 97871
2026/09/22 21:45:58.434, 0, 88229, 97871
2026/09/22 21:45:58.434, 1, 88750, 97871
2026/09/22 21:45:58.435, 2, 87724, 97871
2026/09/22 21:45:58.435, 3, 87720, 97871
2026/09/22 21:45:58.635, 0, 88229, 97871
2026/09/22 21:45:58.635, 1, 88750, 97871
2026/09/22 21:45:58.635, 2, 87724, 97871
2026/09/22 21:45:58.635, 3, 87720, 97871
2026/09/22 21:45:58.835, 0, 88229, 97871
2026/09/22 21:45:58.835, 1, 88750, 97871
2026/09/22 21:45:58.835, 2, 87724, 97871
2026/09/22 21:45:58.835, 3, 87720, 97871
2026/09/22 21:45:59.035, 0, 88229, 97871
2026/09/22 21:45:59.035, 1, 88750, 97871
2026/09/22 21:45:59.035, 2, 87724, 97871
2026/09/22 21:45:59.035, 3, 87720, 97871
2026/09/22 21:45:59.235, 0, 88229, 97871
2026/09/22 21:45:59.235, 1, 88750, 97871
2026/09/22 21:45:59.235, 2, 87724, 97871
2026/09/22 21:45:59.235, 3, 87720, 97871
2026/09/22 21:45:59.435, 0, 88229, 97871
2026/09/22 21:45:59.435, 1, 88750, 97871
2026/09/22 21:45:59.435, 2, 87724, 97871
2026/09/22 21:45:59.435, 3, 87720, 97871
2026/09/22 21:45:59.635, 0, 88229, 97871
2026/09/22 21:45:59.636, 1, 88750, 97871
2026/09/22 21:45:59.636, 2, 87724, 97871
2026/09/22 21:45:59.636, 3, 87720, 97871
2026/09/22 21:45:59.836, 0, 88229, 97871
2026/09/22 21:45:59.836, 1, 88750, 97871
2026/09/22 21:45:59.836, 2, 87724, 97871
2026/09/22 21:45:59.836, 3, 87720, 97871
2026/09/22 21:46:00.036, 0, 88229, 97871
2026/09/22 21:46:00.036, 1, 88750, 97871
2026/09/22 21:46:00.036, 2, 87724, 97871
2026/09/22 21:46:00.036, 3, 87720, 97871
2026/09/22 21:46:00.236, 0, 88229, 97871
2026/09/22 21:46:00.236, 1, 88750, 97871
2026/09/22 21:46:00.236, 2, 87724, 97871
2026/09/22 21:46:00.236, 3, 87720, 97871
2026/09/22 21:46:00.436, 0, 88229, 97871
2026/09/22 21:46:00.436, 1, 88750, 97871
2026/09/22 21:46:00.436, 2, 87724, 97871
2026/09/22 21:46:00.436, 3, 87720, 97871
2026/09/22 21:46:00.636, 0, 88229, 97871
2026/09/22 21:46:00.636, 1, 88750, 97871
2026/09/22 21:46:00.636, 2, 87724, 97871
2026/09/22 21:46:00.636, 3, 87720, 97871
2026/09/22 21:46:00.837, 0, 88229, 97871
2026/09/22 21:46:00.837, 1, 88750, 97871
2026/09/22 21:46:00.837, 2, 87724, 97871
2026/09/22 21:46:00.837, 3, 87720, 97871
2026/09/22 21:46:01.037, 0, 88229, 97871
2026/09/22 21:46:01.037, 1, 88750, 97871
2026/09/22 21:46:01.037, 2, 87724, 97871
2026/09/22 21:46:01.037, 3, 87720, 97871
2026/09/22 21:46:01.237, 0, 88229, 97871
2026/09/22 21:46:01.237, 1, 88750, 97871
2026/09/22 21:46:01.237, 2, 87724, 97871
2026/09/22 21:46:01.237, 3, 87720, 97871
2026/09/22 21:46:01.437, 0, 88229, 97871
2026/09/22 21:46:01.437, 1, 88750, 97871
2026/09/22 21:46:01.437, 2, 87724, 97871
2026/09/22 21:46:01.437, 3, 87720, 97871
2026/09/22 21:46:01.637, 0, 88229, 97871
2026/09/22 21:46:01.637, 1, 88750, 97871
2026/09/22 21:46:01.637, 2, 87724, 97871
2026/09/22 21:46:01.637, 3, 87720, 97871
2026/09/22 21:46:01.837, 0, 88229, 97871
2026/09/22 21:46:01.837, 1, 88750, 97871
2026/09/22 21:46:01.838, 2, 87724, 97871
2026/09/22 21:46:01.838, 3, 87720, 97871
2026/09/22 21:46:02.038, 0, 88229, 97871
2026/09/22 21:46:02.038, 1, 88750, 97871
2026/09/22 21:46:02.038, 2, 87724, 97871
2026/09/22 21:46:02.038, 3, 87720, 97871
2026/09/22 21:46:02.238, 0, 88229, 97871
2026/09/22 21:46:02.238, 1, 88750, 97871
2026/09/22 21:46:02.238, 2, 87724, 97871
2026/09/22 21:46:02.238, 3, 87720, 97871
2026/09/22 21:46:02.438, 0, 88229, 97871
2026/09/22 21:46:02.438, 1, 88750, 97871
2026/09/22 21:46:02.438, 2, 87724, 97871
2026/09/22 21:46:02.438, 3, 87720, 97871
2026/09/22 21:46:02.638, 0, 88229, 97871
2026/09/22 21:46:02.638, 1, 88750, 97871
2026/09/22 21:46:02.638, 2, 87724, 97871
2026/09/22 21:46:02.638, 3, 87720, 97871
2026/09/22 21:46:02.838, 0, 88229, 97871
2026/09/22 21:46:02.838, 1, 88750, 97871
2026/09/22 21:46:02.838, 2, 87724, 97871
2026/09/22 21:46:02.838, 3, 87720, 97871
2026/09/22 21:46:03.039, 0, 88229, 97871
2026/09/22 21:46:03.039, 1, 88750, 97871
2026/09/22 21:46:03.039, 2, 87724, 97871
2026/09/22 21:46:03.039, 3, 87720, 97871
2026/09/22 21:46:03.239, 0, 88229, 97871
2026/09/22 21:46:03.239, 1, 88750, 97871
2026/09/22 21:46:03.239, 2, 87724, 97871
2026/09/22 21:46:03.239, 3, 87720, 97871
2026/09/22 21:46:03.439, 0, 88229, 97871
2026/09/22 21:46:03.439, 1, 88750, 97871
2026/09/22 21:46:03.439, 2, 87724, 97871
2026/09/22 21:46:03.439, 3, 87720, 97871
2026/09/22 21:46:03.639, 0, 88229, 97871
2026/09/22 21:46:03.639, 1, 88750, 97871
2026/09/22 21:46:03.639, 2, 87724, 97871
2026/09/22 21:46:03.639, 3, 87720, 97871
2026/09/22 21:46:03.839, 0, 88229, 97871
2026/09/22 21:46:03.839, 1, 88750, 97871
2026/09/22 21:46:03.839, 2, 87724, 97871
2026/09/22 21:46:03.839, 3, 87720, 97871
2026/09/22 21:46:04.040, 0, 88229, 97871
2026/09/22 21:46:04.040, 1, 88750, 97871
2026/09/22 21:46:04.040, 2, 87724, 97871
2026/09/22 21:46:04.040, 3, 87720, 97871
2026/09/22 21:46:04.240, 0, 88229, 97871
2026/09/22 21:46:04.240, 1, 88750, 97871
2026/09/22 21:46:04.240, 2, 87724, 97871
2026/09/22 21:46:04.240, 3, 87720, 97871
2026/09/22 21:46:04.440, 0, 88229, 97871
2026/09/22 21:46:04.440, 1, 88750, 97871
2026/09/22 21:46:04.440, 2, 87724, 97871
2026/09/22 21:46:04.440, 3, 87720, 97871
2026/09/22 21:46:04.640, 0, 88229, 97871
2026/09/22 21:46:04.640, 1, 88750, 97871
2026/09/22 21:46:04.640, 2, 87724, 97871
2026/09/22 21:46:04.640, 3, 87720, 97871
2026/09/22 21:46:04.840, 0, 88229, 97871
2026/09/22 21:46:04.840, 1, 88750, 97871
2026/09/22 21:46:04.840, 2, 87724, 97871
2026/09/22 21:46:04.840, 3, 87720, 97871
2026/09/22 21:46:05.040, 0, 88229, 97871
2026/09/22 21:46:05.041, 1, 88750, 97871
2026/09/22 21:46:05.041, 2, 87724, 97871
2026/09/22 21:46:05.041, 3, 87720, 97871
2026/09/22 21:46:05.241, 0, 88229, 97871
2026/09/22 21:46:05.241, 1, 88750, 97871
2026/09/22 21:46:05.241, 2, 87724, 97871
2026/09/22 21:46:05.241, 3, 87720, 97871
2026/09/22 21:46:05.441, 0, 88229, 97871
2026/09/22 21:46:05.441, 1, 88750, 97871
2026/09/22 21:46:05.441, 2, 87724, 97871
2026/09/22 21:46:05.441, 3, 87720, 97871
2026/09/22 21:46:05.641, 0, 88229, 97871
2026/09/22 21:46:05.641, 1, 88750, 97871
2026/09/22 21:46:05.641, 2, 87724, 97871
2026/09/22 21:46:05.641, 3, 87720, 97871
2026/09/22 21:46:05.841, 0, 88229, 97871
2026/09/22 21:46:05.841, 1, 88750, 97871
2026/09/22 21:46:05.841, 2, 87724, 97871
2026/09/22 21:46:05.841, 3, 87720, 97871
2026/09/22 21:46:06.041, 0, 88229, 97871
2026/09/22 21:46:06.041, 1, 88750, 97871
2026/09/22 21:46:06.041, 2, 87724, 97871
2026/09/22 21:46:06.041, 3, 87720, 97871
2026/09/22 21:46:06.242, 0, 88229, 97871
2026/09/22 21:46:06.242, 1, 88750, 97871
2026/09/22 21:46:06.242, 2, 87724, 97871
2026/09/22 21:46:06.242, 3, 87720, 97871
2026/09/22 21:46:06.442, 0, 88229, 97871
2026/09/22 21:46:06.442, 1, 88750, 97871
2026/09/22 21:46:06.442, 2, 87724, 97871
2026/09/22 21:46:06.442, 3, 87720, 97871
2026/09/22 21:46:06.642, 0, 88229, 97871
2026/09/22 21:46:06.642, 1, 88750, 97871
2026/09/22 21:46:06.642, 2, 87724, 97871
2026/09/22 21:46:06.642, 3, 87720, 97871
2026/09/22 21:46:06.842, 0, 88229, 97871
2026/09/22 21:46:06.842, 1, 88750, 97871
2026/09/22 21:46:06.842, 2, 87724, 97871
2026/09/22 21:46:06.842, 3, 87720, 97871
2026/09/22 21:46:07.042, 0, 88229, 97871
2026/09/22 21:46:07.042, 1, 88750, 97871
2026/09/22 21:46:07.042, 2, 87724, 97871
2026/09/22 21:46:07.042, 3, 87720, 97871
2026/09/22 21:46:07.242, 0, 88229, 97871
2026/09/22 21:46:07.242, 1, 88750, 97871
2026/09/22 21:46:07.242, 2, 87724, 97871
2026/09/22 21:46:07.243, 3, 87720, 97871
2026/09/22 21:46:07.443, 0, 88229, 97871
2026/09/22 21:46:07.443, 1, 88750, 97871
2026/09/22 21:46:07.443, 2, 87724, 97871
2026/09/22 21:46:07.443, 3, 87720, 97871
2026/09/22 21:46:07.643, 0, 88229, 97871
2026/09/22 21:46:07.645, 1, 88750, 97871
2026/09/22 21:46:07.645, 2, 87724, 97871
2026/09/22 21:46:07.645, 3, 87720, 97871
2026/09/22 21:46:07.845, 0, 88229, 97871
2026/09/22 21:46:07.845, 1, 88750, 97871
2026/09/22 21:46:07.845, 2, 87724, 97871
2026/09/22 21:46:07.845, 3, 87720, 97871
2026/09/22 21:46:08.045, 0, 88229, 97871
2026/09/22 21:46:08.045, 1, 88750, 97871
2026/09/22 21:46:08.045, 2, 87724, 97871
2026/09/22 21:46:08.046, 3, 87720, 97871
2026/09/22 21:46:08.246, 0, 88229, 97871
2026/09/22 21:46:08.246, 1, 88750, 97871
2026/09/22 21:46:08.246, 2, 87724, 97871
2026/09/22 21:46:08.246, 3, 87720, 97871
2026/09/22 21:46:08.446, 0, 88229, 97871
2026/09/22 21:46:08.446, 1, 88750, 97871
2026/09/22 21:46:08.446, 2, 87724, 97871
2026/09/22 21:46:08.446, 3, 87720, 97871
2026/09/22 21:46:08.646, 0, 88229, 97871
2026/09/22 21:46:08.646, 1, 88750, 97871
2026/09/22 21:46:08.646, 2, 87724, 97871
2026/09/22 21:46:08.646, 3, 87720, 97871
2026/09/22 21:46:08.846, 0, 88229, 97871
2026/09/22 21:46:08.846, 1, 88750, 97871
2026/09/22 21:46:08.846, 2, 87724, 97871
2026/09/22 21:46:08.846, 3, 87720, 97871
2026/09/22 21:46:09.046, 0, 88229, 97871
2026/09/22 21:46:09.046, 1, 88750, 97871
2026/09/22 21:46:09.046, 2, 87724, 97871
2026/09/22 21:46:09.046, 3, 87720, 97871
2026/09/22 21:46:09.247, 0, 88229, 97871
2026/09/22 21:46:09.247, 1, 88750, 97871
2026/09/22 21:46:09.247, 2, 87724, 97871
2026/09/22 21:46:09.247, 3, 87720, 97871
2026/09/22 21:46:09.447, 0, 88229, 97871
2026/09/22 21:46:09.447, 1, 88750, 97871
2026/09/22 21:46:09.447, 2, 87724, 97871
2026/09/22 21:46:09.447, 3, 87720, 97871
2026/09/22 21:46:09.647, 0, 88229, 97871
2026/09/22 21:46:09.647, 1, 88750, 97871
2026/09/22 21:46:09.647, 2, 87724, 97871
2026/09/22 21:46:09.647, 3, 87720, 97871
2026/09/22 21:46:09.847, 0, 88229, 97871
2026/09/22 21:46:09.847, 1, 88750, 97871
2026/09/22 21:46:09.847, 2, 87724, 97871
2026/09/22 21:46:09.847, 3, 87720, 97871
2026/09/22 21:46:10.047, 0, 88229, 97871
2026/09/22 21:46:10.047, 1, 88750, 97871
2026/09/22 21:46:10.047, 2, 87724, 97871
2026/09/22 21:46:10.047, 3, 87720, 97871
2026/09/22 21:46:10.247, 0, 88229, 97871
2026/09/22 21:46:10.247, 1, 88750, 97871
2026/09/22 21:46:10.248, 2, 87724, 97871
2026/09/22 21:46:10.248, 3, 87720, 97871
2026/09/22 21:46:10.448, 0, 88229, 97871
2026/09/22 21:46:10.448, 1, 88750, 97871
2026/09/22 21:46:10.448, 2, 87724, 97871
2026/09/22 21:46:10.448, 3, 87720, 97871
2026/09/22 21:46:10.648, 0, 88229, 97871
2026/09/22 21:46:10.648, 1, 88750, 97871
2026/09/22 21:46:10.648, 2, 87724, 97871
2026/09/22 21:46:10.648, 3, 87720, 97871
2026/09/22 21:46:10.848, 0, 88229, 97871
2026/09/22 21:46:10.848, 1, 88750, 97871
2026/09/22 21:46:10.848, 2, 87724, 97871
2026/09/22 21:46:10.848, 3, 87720, 97871
2026/09/22 21:46:11.048, 0, 88229, 97871
2026/09/22 21:46:11.048, 1, 88750, 97871
2026/09/22 21:46:11.048, 2, 87724, 97871
2026/09/22 21:46:11.048, 3, 87720, 97871
2026/09/22 21:46:11.248, 0, 88229, 97871
2026/09/22 21:46:11.248, 1, 88750, 97871
2026/09/22 21:46:11.248, 2, 87724, 97871
2026/09/22 21:46:11.248, 3, 87720, 97871
2026/09/22 21:46:11.449, 0, 88229, 97871
2026/09/22 21:46:11.449, 1, 88750, 97871
2026/09/22 21:46:11.449, 2, 87724, 97871
2026/09/22 21:46:11.449, 3, 87720, 97871
2026/09/22 21:46:11.649, 0, 88229, 97871
2026/09/22 21:46:11.649, 1, 88750, 97871
2026/09/22 21:46:11.649, 2, 87724, 97871
2026/09/22 21:46:11.649, 3, 87720, 97871
2026/09/22 21:46:11.849, 0, 88229, 97871
2026/09/22 21:46:11.849, 1, 88750, 97871
2026/09/22 21:46:11.849, 2, 87724, 97871
2026/09/22 21:46:11.849, 3, 87720, 97871
2026/09/22 21:46:12.049, 0, 88229, 97871
2026/09/22 21:46:12.049, 1, 88750, 97871
2026/09/22 21:46:12.049, 2, 87724, 97871
2026/09/22 21:46:12.049, 3, 87720, 97871
2026/09/22 21:46:12.249, 0, 88229, 97871
2026/09/22 21:46:12.249, 1, 88750, 97871
2026/09/22 21:46:12.249, 2, 87724, 97871
2026/09/22 21:46:12.249, 3, 87720, 97871
2026/09/22 21:46:12.449, 0, 88229, 97871
2026/09/22 21:46:12.449, 1, 88750, 97871
2026/09/22 21:46:12.450, 2, 87724, 97871
2026/09/22 21:46:12.450, 3, 87720, 97871
2026/09/22 21:46:12.650, 0, 88229, 97871
2026/09/22 21:46:12.650, 1, 88750, 97871
2026/09/22 21:46:12.650, 2, 87724, 97871
2026/09/22 21:46:12.650, 3, 87720, 97871
2026/09/22 21:46:12.850, 0, 88229, 97871
2026/09/22 21:46:12.850, 1, 88750, 97871
2026/09/22 21:46:12.850, 2, 87724, 97871
2026/09/22 21:46:12.850, 3, 87720, 97871
2026/09/22 21:46:13.050, 0, 88229, 97871
2026/09/22 21:46:13.050, 1, 88750, 97871
2026/09/22 21:46:13.050, 2, 87724, 97871
2026/09/22 21:46:13.050, 3, 87720, 97871
2026/09/22 21:46:13.250, 0, 88229, 97871
2026/09/22 21:46:13.250, 1, 88750, 97871
2026/09/22 21:46:13.250, 2, 87724, 97871
2026/09/22 21:46:13.250, 3, 87720, 97871
2026/09/22 21:46:13.450, 0, 88229, 97871
2026/09/22 21:46:13.450, 1, 88750, 97871
2026/09/22 21:46:13.450, 2, 87724, 97871
2026/09/22 21:46:13.450, 3, 87720, 97871
2026/09/22 21:46:13.651, 0, 88229, 97871
2026/09/22 21:46:13.651, 1, 88750, 97871
2026/09/22 21:46:13.651, 2, 87724, 97871
2026/09/22 21:46:13.651, 3, 87720, 97871
2026/09/22 21:46:13.851, 0, 87717, 97871
2026/09/22 21:46:13.851, 1, 88750, 97871
2026/09/22 21:46:13.851, 2, 87212, 97871
2026/09/22 21:46:13.851, 3, 87720, 97871
2026/09/22 21:46:14.051, 0, 87717, 97871
2026/09/22 21:46:14.051, 1, 88750, 97871
2026/09/22 21:46:14.051, 2, 87212, 97871
2026/09/22 21:46:14.051, 3, 87720, 97871
2026/09/22 21:46:14.251, 0, 87717, 97871
2026/09/22 21:46:14.251, 1, 88750, 97871
2026/09/22 21:46:14.251, 2, 87212, 97871
2026/09/22 21:46:14.251, 3, 87720, 97871
2026/09/22 21:46:14.451, 0, 87717, 97871
2026/09/22 21:46:14.451, 1, 88750, 97871
2026/09/22 21:46:14.451, 2, 87212, 97871
2026/09/22 21:46:14.451, 3, 87720, 97871
2026/09/22 21:46:14.651, 0, 87717, 97871
2026/09/22 21:46:14.651, 1, 88750, 97871
2026/09/22 21:46:14.652, 2, 87212, 97871
2026/09/22 21:46:14.652, 3, 87720, 97871
2026/09/22 21:46:14.852, 0, 87717, 97871
2026/09/22 21:46:14.852, 1, 88750, 97871
2026/09/22 21:46:14.852, 2, 87212, 97871
2026/09/22 21:46:14.852, 3, 87720, 97871
2026/09/22 21:46:15.052, 0, 87717, 97871
2026/09/22 21:46:15.052, 1, 88750, 97871
2026/09/22 21:46:15.052, 2, 87212, 97871
2026/09/22 21:46:15.052, 3, 87720, 97871
2026/09/22 21:46:15.252, 0, 87717, 97871
2026/09/22 21:46:15.252, 1, 88750, 97871
2026/09/22 21:46:15.252, 2, 87212, 97871
2026/09/22 21:46:15.252, 3, 87720, 97871
2026/09/22 21:46:15.452, 0, 87717, 97871
2026/09/22 21:46:15.452, 1, 88750, 97871
2026/09/22 21:46:15.452, 2, 87212, 97871
2026/09/22 21:46:15.452, 3, 87720, 97871
2026/09/22 21:46:15.652, 0, 87717, 97871
2026/09/22 21:46:15.652, 1, 88750, 97871
2026/09/22 21:46:15.652, 2, 87212, 97871
2026/09/22 21:46:15.652, 3, 87720, 97871
2026/09/22 21:46:15.852, 0, 87717, 97871
2026/09/22 21:46:15.853, 1, 88750, 97871
2026/09/22 21:46:15.853, 2, 87212, 97871
2026/09/22 21:46:15.853, 3, 87720, 97871
2026/09/22 21:46:16.053, 0, 87717, 97871
2026/09/22 21:46:16.053, 1, 88750, 97871
2026/09/22 21:46:16.053, 2, 87212, 97871
2026/09/22 21:46:16.053, 3, 87720, 97871
2026/09/22 21:46:16.253, 0, 87717, 97871
2026/09/22 21:46:16.253, 1, 88750, 97871
2026/09/22 21:46:16.253, 2, 87212, 97871
2026/09/22 21:46:16.253, 3, 87720, 97871
2026/09/22 21:46:16.453, 0, 87717, 97871
2026/09/22 21:46:16.453, 1, 88750, 97871
2026/09/22 21:46:16.453, 2, 87212, 97871
2026/09/22 21:46:16.453, 3, 87720, 97871
2026/09/22 21:46:16.653, 0, 87717, 97871
2026/09/22 21:46:16.653, 1, 88750, 97871
2026/09/22 21:46:16.653, 2, 87212, 97871
2026/09/22 21:46:16.653, 3, 87720, 97871
2026/09/22 21:46:16.853, 0, 87717, 97871
2026/09/22 21:46:16.853, 1, 88750, 97871
2026/09/22 21:46:16.853, 2, 87212, 97871
2026/09/22 21:46:16.854, 3, 87720, 97871
2026/09/22 21:46:17.054, 0, 87717, 97871
2026/09/22 21:46:17.054, 1, 88750, 97871
2026/09/22 21:46:17.054, 2, 87212, 97871
2026/09/22 21:46:17.054, 3, 87720, 97871
2026/09/22 21:46:17.254, 0, 87717, 97871
2026/09/22 21:46:17.254, 1, 88750, 97871
2026/09/22 21:46:17.254, 2, 87212, 97871
2026/09/22 21:46:17.254, 3, 87720, 97871
2026/09/22 21:46:17.454, 0, 87717, 97871
2026/09/22 21:46:17.454, 1, 88750, 97871
2026/09/22 21:46:17.454, 2, 87212, 97871
2026/09/22 21:46:17.454, 3, 87720, 97871
2026/09/22 21:46:17.654, 0, 87717, 97871
2026/09/22 21:46:17.654, 1, 88750, 97871
2026/09/22 21:46:17.654, 2, 87212, 97871
2026/09/22 21:46:17.654, 3, 87720, 97871
2026/09/22 21:46:17.854, 0, 87777, 97871
2026/09/22 21:46:17.854, 1, 88810, 97871
2026/09/22 21:46:17.855, 2, 87272, 97871
2026/09/22 21:46:17.855, 3, 87780, 97871
2026/09/22 21:46:18.055, 0, 87777, 97871
2026/09/22 21:46:18.055, 1, 88810, 97871
2026/09/22 21:46:18.055, 2, 87272, 97871
2026/09/22 21:46:18.055, 3, 87780, 97871
2026/09/22 21:46:18.255, 0, 87777, 97871
2026/09/22 21:46:18.255, 1, 88810, 97871
2026/09/22 21:46:18.255, 2, 87272, 97871
2026/09/22 21:46:18.255, 3, 87780, 97871
2026/09/22 21:46:18.455, 0, 87777, 97871
2026/09/22 21:46:18.455, 1, 88810, 97871
2026/09/22 21:46:18.455, 2, 87272, 97871
2026/09/22 21:46:18.455, 3, 87780, 97871
2026/09/22 21:46:18.655, 0, 87777, 97871
2026/09/22 21:46:18.655, 1, 88810, 97871
2026/09/22 21:46:18.655, 2, 87272, 97871
2026/09/22 21:46:18.655, 3, 87780, 97871
2026/09/22 21:46:18.855, 0, 87777, 97871
2026/09/22 21:46:18.855, 1, 88810, 97871
2026/09/22 21:46:18.855, 2, 87272, 97871
2026/09/22 21:46:18.856, 3, 87780, 97871
2026/09/22 21:46:19.056, 0, 87777, 97871
2026/09/22 21:46:19.056, 1, 88810, 97871
2026/09/22 21:46:19.056, 2, 87272, 97871
2026/09/22 21:46:19.056, 3, 87780, 97871
2026/09/22 21:46:19.256, 0, 87777, 97871
2026/09/22 21:46:19.256, 1, 88810, 97871
2026/09/22 21:46:19.256, 2, 87272, 97871
2026/09/22 21:46:19.256, 3, 87780, 97871
2026/09/22 21:46:19.456, 0, 87777, 97871
2026/09/22 21:46:19.456, 1, 88810, 97871
2026/09/22 21:46:19.456, 2, 87272, 97871
2026/09/22 21:46:19.456, 3, 87780, 97871
2026/09/22 21:46:19.656, 0, 87777, 97871
2026/09/22 21:46:19.656, 1, 88810, 97871
2026/09/22 21:46:19.656, 2, 87272, 97871
2026/09/22 21:46:19.656, 3, 87780, 97871
2026/09/22 21:46:19.856, 0, 87777, 97871
2026/09/22 21:46:19.856, 1, 88810, 97871
2026/09/22 21:46:19.856, 2, 87272, 97871
2026/09/22 21:46:19.857, 3, 87780, 97871
2026/09/22 21:46:20.057, 0, 87777, 97871
2026/09/22 21:46:20.057, 1, 88810, 97871
2026/09/22 21:46:20.057, 2, 87272, 97871
2026/09/22 21:46:20.057, 3, 87780, 97871
2026/09/22 21:46:20.257, 0, 87777, 97871
2026/09/22 21:46:20.257, 1, 88810, 97871
2026/09/22 21:46:20.257, 2, 87272, 97871
2026/09/22 21:46:20.257, 3, 87780, 97871
2026/09/22 21:46:20.457, 0, 87777, 97871
2026/09/22 21:46:20.457, 1, 88810, 97871
2026/09/22 21:46:20.457, 2, 87272, 97871
2026/09/22 21:46:20.457, 3, 87780, 97871
2026/09/22 21:46:20.657, 0, 87777, 97871
2026/09/22 21:46:20.657, 1, 88810, 97871
2026/09/22 21:46:20.657, 2, 87272, 97871
2026/09/22 21:46:20.657, 3, 87780, 97871
2026/09/22 21:46:20.857, 0, 87777, 97871
2026/09/22 21:46:20.857, 1, 88810, 97871
2026/09/22 21:46:20.857, 2, 87272, 97871
2026/09/22 21:46:20.857, 3, 87780, 97871
2026/09/22 21:46:21.058, 0, 87777, 97871
2026/09/22 21:46:21.058, 1, 88810, 97871
2026/09/22 21:46:21.058, 2, 87272, 97871
2026/09/22 21:46:21.058, 3, 87780, 97871
2026/09/22 21:46:21.258, 0, 87777, 97871
2026/09/22 21:46:21.258, 1, 88810, 97871
2026/09/22 21:46:21.258, 2, 87272, 97871
2026/09/22 21:46:21.258, 3, 87780, 97871
2026/09/22 21:46:21.458, 0, 87777, 97871
2026/09/22 21:46:21.458, 1, 88810, 97871
2026/09/22 21:46:21.458, 2, 87272, 97871
2026/09/22 21:46:21.458, 3, 87780, 97871
2026/09/22 21:46:21.658, 0, 87777, 97871
2026/09/22 21:46:21.658, 1, 88810, 97871
2026/09/22 21:46:21.658, 2, 87272, 97871
2026/09/22 21:46:21.658, 3, 87780, 97871
2026/09/22 21:46:21.858, 0, 87777, 97871
2026/09/22 21:46:21.858, 1, 88810, 97871
2026/09/22 21:46:21.858, 2, 87272, 97871
2026/09/22 21:46:21.858, 3, 87780, 97871
2026/09/22 21:46:22.058, 0, 87799, 97871
2026/09/22 21:46:22.059, 1, 88832, 97871
2026/09/22 21:46:22.059, 2, 87294, 97871
2026/09/22 21:46:22.059, 3, 87802, 97871
2026/09/22 21:46:22.259, 0, 87799, 97871
2026/09/22 21:46:22.259, 1, 88832, 97871
2026/09/22 21:46:22.259, 2, 87294, 97871
2026/09/22 21:46:22.259, 3, 87802, 97871
2026/09/22 21:46:22.459, 0, 87799, 97871
2026/09/22 21:46:22.459, 1, 88832, 97871
2026/09/22 21:46:22.459, 2, 87294, 97871
2026/09/22 21:46:22.459, 3, 87802, 97871
2026/09/22 21:46:22.660, 0, 87799, 97871
2026/09/22 21:46:22.660, 1, 88832, 97871
2026/09/22 21:46:22.660, 2, 87294, 97871
2026/09/22 21:46:22.660, 3, 87802, 97871
2026/09/22 21:46:22.860, 0, 87799, 97871
2026/09/22 21:46:22.860, 1, 88832, 97871
2026/09/22 21:46:22.860, 2, 87294, 97871
2026/09/22 21:46:22.860, 3, 87802, 97871
2026/09/22 21:46:23.060, 0, 87799, 97871
2026/09/22 21:46:23.060, 1, 88832, 97871
2026/09/22 21:46:23.061, 2, 87294, 97871
2026/09/22 21:46:23.061, 3, 87802, 97871
2026/09/22 21:46:23.261, 0, 87799, 97871
2026/09/22 21:46:23.261, 1, 88832, 97871
2026/09/22 21:46:23.261, 2, 87294, 97871
2026/09/22 21:46:23.261, 3, 87802, 97871
2026/09/22 21:46:23.461, 0, 87799, 97871
2026/09/22 21:46:23.461, 1, 88832, 97871
2026/09/22 21:46:23.461, 2, 87294, 97871
2026/09/22 21:46:23.461, 3, 87802, 97871
2026/09/22 21:46:23.661, 0, 87799, 97871
2026/09/22 21:46:23.661, 1, 88832, 97871
2026/09/22 21:46:23.661, 2, 87294, 97871
2026/09/22 21:46:23.661, 3, 87802, 97871
2026/09/22 21:46:23.861, 0, 87799, 97871
2026/09/22 21:46:23.862, 1, 88832, 97871
2026/09/22 21:46:23.862, 2, 87294, 97871
2026/09/22 21:46:23.862, 3, 87802, 97871
2026/09/22 21:46:24.062, 0, 87799, 97871
2026/09/22 21:46:24.062, 1, 88832, 97871
2026/09/22 21:46:24.062, 2, 87294, 97871
2026/09/22 21:46:24.062, 3, 87802, 97871
2026/09/22 21:46:24.262, 0, 87799, 97871
2026/09/22 21:46:24.262, 1, 88832, 97871
2026/09/22 21:46:24.262, 2, 87294, 97871
2026/09/22 21:46:24.262, 3, 87802, 97871
2026/09/22 21:46:24.462, 0, 87799, 97871
2026/09/22 21:46:24.462, 1, 88832, 97871
2026/09/22 21:46:24.462, 2, 87294, 97871
2026/09/22 21:46:24.462, 3, 87802, 97871
2026/09/22 21:46:24.662, 0, 87799, 97871
2026/09/22 21:46:24.663, 1, 88832, 97871
2026/09/22 21:46:24.663, 2, 87294, 97871
2026/09/22 21:46:24.663, 3, 87802, 97871
2026/09/22 21:46:24.863, 0, 87799, 97871
2026/09/22 21:46:24.863, 1, 88832, 97871
2026/09/22 21:46:24.863, 2, 87294, 97871
2026/09/22 21:46:24.863, 3, 87802, 97871
2026/09/22 21:46:25.063, 0, 87799, 97871
2026/09/22 21:46:25.063, 1, 88832, 97871
2026/09/22 21:46:25.063, 2, 87294, 97871
2026/09/22 21:46:25.063, 3, 87802, 97871
2026/09/22 21:46:25.263, 0, 87799, 97871
2026/09/22 21:46:25.263, 1, 88832, 97871
2026/09/22 21:46:25.263, 2, 87294, 97871
2026/09/22 21:46:25.263, 3, 87802, 97871
2026/09/22 21:46:25.463, 0, 87799, 97871
2026/09/22 21:46:25.464, 1, 88832, 97871
2026/09/22 21:46:25.464, 2, 87294, 97871
2026/09/22 21:46:25.464, 3, 87802, 97871
2026/09/22 21:46:25.664, 0, 87799, 97871
2026/09/22 21:46:25.664, 1, 88832, 97871
2026/09/22 21:46:25.664, 2, 87294, 97871
2026/09/22 21:46:25.664, 3, 87802, 97871
2026/09/22 21:46:25.864, 0, 87799, 97871
2026/09/22 21:46:25.864, 1, 88832, 97871
2026/09/22 21:46:25.864, 2, 87294, 97871
2026/09/22 21:46:25.864, 3, 87802, 97871
2026/09/22 21:46:26.064, 0, 87799, 97871
2026/09/22 21:46:26.064, 1, 88832, 97871
2026/09/22 21:46:26.064, 2, 87294, 97871
2026/09/22 21:46:26.064, 3, 87802, 97871
2026/09/22 21:46:26.264, 0, 87799, 97871
2026/09/22 21:46:26.264, 1, 88832, 97871
2026/09/22 21:46:26.264, 2, 87294, 97871
2026/09/22 21:46:26.264, 3, 87802, 97871
2026/09/22 21:46:26.464, 0, 87799, 97871
2026/09/22 21:46:26.464, 1, 88832, 97871
2026/09/22 21:46:26.464, 2, 87294, 97871
2026/09/22 21:46:26.465, 3, 87802, 97871
2026/09/22 21:46:26.665, 0, 87799, 97871
2026/09/22 21:46:26.665, 1, 88832, 97871
2026/09/22 21:46:26.665, 2, 87294, 97871
2026/09/22 21:46:26.665, 3, 87802, 97871
2026/09/22 21:46:26.865, 0, 87799, 97871
2026/09/22 21:46:26.865, 1, 88832, 97871
2026/09/22 21:46:26.865, 2, 87294, 97871
2026/09/22 21:46:26.865, 3, 87802, 97871
2026/09/22 21:46:27.065, 0, 87799, 97871
2026/09/22 21:46:27.065, 1, 88832, 97871
2026/09/22 21:46:27.065, 2, 87294, 97871
2026/09/22 21:46:27.065, 3, 87802, 97871
2026/09/22 21:46:27.265, 0, 87799, 97871
2026/09/22 21:46:27.265, 1, 88832, 97871
2026/09/22 21:46:27.265, 2, 87294, 97871
2026/09/22 21:46:27.265, 3, 87802, 97871
2026/09/22 21:46:27.465, 0, 87799, 97871
2026/09/22 21:46:27.465, 1, 88832, 97871
2026/09/22 21:46:27.465, 2, 87294, 97871
2026/09/22 21:46:27.466, 3, 87802, 97871
2026/09/22 21:46:27.666, 0, 87799, 97871
2026/09/22 21:46:27.666, 1, 88832, 97871
2026/09/22 21:46:27.666, 2, 87294, 97871
2026/09/22 21:46:27.666, 3, 87802, 97871
2026/09/22 21:46:27.866, 0, 87799, 97871
2026/09/22 21:46:27.866, 1, 88832, 97871
2026/09/22 21:46:27.866, 2, 87294, 97871
2026/09/22 21:46:27.866, 3, 87802, 97871
2026/09/22 21:46:28.066, 0, 87799, 97871
2026/09/22 21:46:28.066, 1, 88832, 97871
2026/09/22 21:46:28.066, 2, 87294, 97871
2026/09/22 21:46:28.066, 3, 87802, 97871
2026/09/22 21:46:28.266, 0, 87799, 97871
2026/09/22 21:46:28.266, 1, 88832, 97871
2026/09/22 21:46:28.266, 2, 87294, 97871
2026/09/22 21:46:28.266, 3, 87802, 97871
2026/09/22 21:46:28.467, 0, 87799, 97871
2026/09/22 21:46:28.467, 1, 88832, 97871
2026/09/22 21:46:28.467, 2, 87294, 97871
2026/09/22 21:46:28.467, 3, 87802, 97871
2026/09/22 21:46:28.667, 0, 87799, 97871
2026/09/22 21:46:28.699, 1, 88832, 97871
2026/09/22 21:46:28.735, 2, 87294, 97871
2026/09/22 21:46:28.735, 3, 87802, 97871
2026/09/22 21:46:28.935, 0, 87799, 97871
2026/09/22 21:46:28.935, 1, 88832, 97871
2026/09/22 21:46:28.935, 2, 87294, 97871
2026/09/22 21:46:28.935, 3, 87802, 97871
2026/09/22 21:46:29.135, 0, 87799, 97871
2026/09/22 21:46:29.135, 1, 88832, 97871
2026/09/22 21:46:29.135, 2, 87294, 97871
2026/09/22 21:46:29.135, 3, 87802, 97871
2026/09/22 21:46:29.335, 0, 87799, 97871
2026/09/22 21:46:29.335, 1, 88832, 97871
2026/09/22 21:46:29.335, 2, 87294, 97871
2026/09/22 21:46:29.335, 3, 87802, 97871
2026/09/22 21:46:29.535, 0, 87799, 97871
2026/09/22 21:46:29.535, 1, 88832, 97871
2026/09/22 21:46:29.535, 2, 87294, 97871
2026/09/22 21:46:29.535, 3, 87802, 97871
2026/09/22 21:46:29.736, 0, 87799, 97871
2026/09/22 21:46:29.736, 1, 88832, 97871
2026/09/22 21:46:29.736, 2, 87294, 97871
2026/09/22 21:46:29.736, 3, 87802, 97871
2026/09/22 21:46:29.936, 0, 87799, 97871
2026/09/22 21:46:29.936, 1, 88832, 97871
2026/09/22 21:46:29.936, 2, 87294, 97871
2026/09/22 21:46:29.936, 3, 87802, 97871
2026/09/22 21:46:30.136, 0, 87799, 97871
2026/09/22 21:46:30.136, 1, 88832, 97871
2026/09/22 21:46:30.136, 2, 87294, 97871
2026/09/22 21:46:30.136, 3, 87802, 97871
2026/09/22 21:46:30.336, 0, 87799, 97871
2026/09/22 21:46:30.336, 1, 88832, 97871
2026/09/22 21:46:30.336, 2, 87294, 97871
2026/09/22 21:46:30.336, 3, 87802, 97871
2026/09/22 21:46:30.536, 0, 87799, 97871
2026/09/22 21:46:30.536, 1, 88832, 97871
2026/09/22 21:46:30.536, 2, 87294, 97871
2026/09/22 21:46:30.536, 3, 87802, 97871
2026/09/22 21:46:30.736, 0, 87799, 97871
2026/09/22 21:46:30.736, 1, 88832, 97871
2026/09/22 21:46:30.736, 2, 87294, 97871
2026/09/22 21:46:30.736, 3, 87802, 97871
2026/09/22 21:46:30.937, 0, 87799, 97871
2026/09/22 21:46:30.937, 1, 88832, 97871
2026/09/22 21:46:30.937, 2, 87294, 97871
2026/09/22 21:46:30.937, 3, 87802, 97871
2026/09/22 21:46:31.137, 0, 87799, 97871
2026/09/22 21:46:31.137, 1, 88832, 97871
2026/09/22 21:46:31.137, 2, 87294, 97871
2026/09/22 21:46:31.137, 3, 87802, 97871
2026/09/22 21:46:31.337, 0, 87799, 97871
2026/09/22 21:46:31.337, 1, 88832, 97871
2026/09/22 21:46:31.337, 2, 87294, 97871
2026/09/22 21:46:31.337, 3, 87802, 97871
2026/09/22 21:46:31.537, 0, 87799, 97871
2026/09/22 21:46:31.537, 1, 88832, 97871
2026/09/22 21:46:31.537, 2, 87294, 97871
2026/09/22 21:46:31.537, 3, 87802, 97871
2026/09/22 21:46:31.737, 0, 87799, 97871
2026/09/22 21:46:31.737, 1, 88832, 97871
2026/09/22 21:46:31.737, 2, 87294, 97871
2026/09/22 21:46:31.737, 3, 87802, 97871
2026/09/22 21:46:31.937, 0, 87799, 97871
2026/09/22 21:46:31.937, 1, 88832, 97871
2026/09/22 21:46:31.937, 2, 87294, 97871
2026/09/22 21:46:31.938, 3, 87802, 97871
2026/09/22 21:46:32.138, 0, 87799, 97871
2026/09/22 21:46:32.138, 1, 88832, 97871
2026/09/22 21:46:32.138, 2, 87294, 97871
2026/09/22 21:46:32.138, 3, 87802, 97871
2026/09/22 21:46:32.338, 0, 87799, 97871
2026/09/22 21:46:32.338, 1, 88832, 97871
2026/09/22 21:46:32.338, 2, 87294, 97871
2026/09/22 21:46:32.338, 3, 87802, 97871
2026/09/22 21:46:32.538, 0, 87799, 97871
2026/09/22 21:46:32.538, 1, 88832, 97871
2026/09/22 21:46:32.538, 2, 87294, 97871
2026/09/22 21:46:32.538, 3, 87802, 97871
2026/09/22 21:46:32.738, 0, 87799, 97871
2026/09/22 21:46:32.738, 1, 88832, 97871
2026/09/22 21:46:32.738, 2, 87294, 97871
2026/09/22 21:46:32.738, 3, 87802, 97871
2026/09/22 21:46:32.938, 0, 87799, 97871
2026/09/22 21:46:32.938, 1, 88832, 97871
2026/09/22 21:46:32.938, 2, 87294, 97871
2026/09/22 21:46:32.938, 3, 87802, 97871
2026/09/22 21:46:33.138, 0, 87799, 97871
2026/09/22 21:46:33.139, 1, 88832, 97871
2026/09/22 21:46:33.139, 2, 87294, 97871
2026/09/22 21:46:33.139, 3, 87802, 97871
2026/09/22 21:46:33.339, 0, 87799, 97871
2026/09/22 21:46:33.339, 1, 88832, 97871
2026/09/22 21:46:33.339, 2, 87294, 97871
2026/09/22 21:46:33.339, 3, 87802, 97871
2026/09/22 21:46:33.539, 0, 87799, 97871
2026/09/22 21:46:33.539, 1, 88832, 97871
2026/09/22 21:46:33.539, 2, 87294, 97871
2026/09/22 21:46:33.539, 3, 87802, 97871
2026/09/22 21:46:33.739, 0, 87799, 97871
2026/09/22 21:46:33.739, 1, 88832, 97871
2026/09/22 21:46:33.739, 2, 87294, 97871
2026/09/22 21:46:33.739, 3, 87802, 97871
2026/09/22 21:46:33.939, 0, 87799, 97871
2026/09/22 21:46:33.939, 1, 88832, 97871
2026/09/22 21:46:33.939, 2, 87294, 97871
2026/09/22 21:46:33.939, 3, 87802, 97871
2026/09/22 21:46:34.139, 0, 87799, 97871
2026/09/22 21:46:34.139, 1, 88832, 97871
2026/09/22 21:46:34.140, 2, 87294, 97871
2026/09/22 21:46:34.140, 3, 87802, 97871
2026/09/22 21:46:34.340, 0, 87799, 97871
2026/09/22 21:46:34.340, 1, 88832, 97871
2026/09/22 21:46:34.340, 2, 87294, 97871
2026/09/22 21:46:34.340, 3, 87802, 97871
2026/09/22 21:46:34.540, 0, 87799, 97871
2026/09/22 21:46:34.540, 1, 88832, 97871
2026/09/22 21:46:34.540, 2, 87294, 97871
2026/09/22 21:46:34.540, 3, 87802, 97871
2026/09/22 21:46:34.740, 0, 87799, 97871
2026/09/22 21:46:34.740, 1, 88832, 97871
2026/09/22 21:46:34.740, 2, 87294, 97871
2026/09/22 21:46:34.740, 3, 87802, 97871
2026/09/22 21:46:34.940, 0, 87799, 97871
2026/09/22 21:46:34.941, 1, 88832, 97871
2026/09/22 21:46:34.941, 2, 87294, 97871
2026/09/22 21:46:34.941, 3, 87802, 97871
2026/09/22 21:46:35.141, 0, 87799, 97871
2026/09/22 21:46:35.141, 1, 88832, 97871
2026/09/22 21:46:35.141, 2, 87294, 97871
2026/09/22 21:46:35.141, 3, 87802, 97871
2026/09/22 21:46:35.341, 0, 87799, 97871
2026/09/22 21:46:35.341, 1, 88832, 97871
2026/09/22 21:46:35.341, 2, 87294, 97871
2026/09/22 21:46:35.341, 3, 87802, 97871
2026/09/22 21:46:35.541, 0, 87799, 97871
2026/09/22 21:46:35.541, 1, 88832, 97871
2026/09/22 21:46:35.541, 2, 87294, 97871
2026/09/22 21:46:35.541, 3, 87802, 97871
2026/09/22 21:46:35.742, 0, 87799, 97871
2026/09/22 21:46:35.742, 1, 88832, 97871
2026/09/22 21:46:35.742, 2, 87294, 97871
2026/09/22 21:46:35.742, 3, 87802, 97871
2026/09/22 21:46:35.942, 0, 87799, 97871
2026/09/22 21:46:35.942, 1, 88832, 97871
2026/09/22 21:46:35.942, 2, 87294, 97871
2026/09/22 21:46:35.942, 3, 87802, 97871
2026/09/22 21:46:36.142, 0, 87799, 97871
2026/09/22 21:46:36.142, 1, 88832, 97871
2026/09/22 21:46:36.142, 2, 87294, 97871
2026/09/22 21:46:36.142, 3, 87802, 97871
2026/09/22 21:46:36.342, 0, 87799, 97871
2026/09/22 21:46:36.342, 1, 88832, 97871
2026/09/22 21:46:36.342, 2, 87294, 97871
2026/09/22 21:46:36.342, 3, 87802, 97871
2026/09/22 21:46:36.542, 0, 87799, 97871
2026/09/22 21:46:36.543, 1, 88832, 97871
2026/09/22 21:46:36.543, 2, 87294, 97871
2026/09/22 21:46:36.543, 3, 87802, 97871
2026/09/22 21:46:36.743, 0, 87799, 97871
2026/09/22 21:46:36.743, 1, 88832, 97871
2026/09/22 21:46:36.743, 2, 87294, 97871
2026/09/22 21:46:36.743, 3, 87802, 97871
2026/09/22 21:46:36.943, 0, 87799, 97871
2026/09/22 21:46:36.943, 1, 88832, 97871
2026/09/22 21:46:36.943, 2, 87294, 97871
2026/09/22 21:46:36.943, 3, 87802, 97871
2026/09/22 21:46:37.143, 0, 87799, 97871
2026/09/22 21:46:37.143, 1, 88832, 97871
2026/09/22 21:46:37.143, 2, 87294, 97871
2026/09/22 21:46:37.143, 3, 87802, 97871
2026/09/22 21:46:37.343, 0, 87799, 97871
2026/09/22 21:46:37.343, 1, 88832, 97871
2026/09/22 21:46:37.343, 2, 87294, 97871
2026/09/22 21:46:37.343, 3, 87802, 97871
2026/09/22 21:46:37.544, 0, 87799, 97871
2026/09/22 21:46:37.544, 1, 88832, 97871
2026/09/22 21:46:37.544, 2, 87294, 97871
2026/09/22 21:46:37.544, 3, 87802, 97871
2026/09/22 21:46:37.744, 0, 87799, 97871
2026/09/22 21:46:37.744, 1, 88832, 97871
2026/09/22 21:46:37.744, 2, 87294, 97871
2026/09/22 21:46:37.744, 3, 87802, 97871
2026/09/22 21:46:37.944, 0, 87799, 97871
2026/09/22 21:46:37.944, 1, 88832, 97871
2026/09/22 21:46:37.944, 2, 87294, 97871
2026/09/22 21:46:37.944, 3, 87802, 97871
2026/09/22 21:46:38.144, 0, 87799, 97871
2026/09/22 21:46:38.144, 1, 88832, 97871
2026/09/22 21:46:38.144, 2, 87294, 97871
2026/09/22 21:46:38.144, 3, 87802, 97871
2026/09/22 21:46:38.344, 0, 87799, 97871
2026/09/22 21:46:38.344, 1, 88832, 97871
2026/09/22 21:46:38.344, 2, 87294, 97871
2026/09/22 21:46:38.345, 3, 87802, 97871
2026/09/22 21:46:38.545, 0, 87799, 97871
2026/09/22 21:46:38.545, 1, 88832, 97871
2026/09/22 21:46:38.545, 2, 87294, 97871
2026/09/22 21:46:38.545, 3, 87802, 97871
2026/09/22 21:46:38.745, 0, 87799, 97871
2026/09/22 21:46:38.745, 1, 88832, 97871
2026/09/22 21:46:38.745, 2, 87294, 97871
2026/09/22 21:46:38.745, 3, 87802, 97871
2026/09/22 21:46:38.945, 0, 87799, 97871
2026/09/22 21:46:38.945, 1, 88832, 97871
2026/09/22 21:46:38.945, 2, 87294, 97871
2026/09/22 21:46:38.945, 3, 87802, 97871
2026/09/22 21:46:39.145, 0, 87799, 97871
2026/09/22 21:46:39.145, 1, 88832, 97871
2026/09/22 21:46:39.145, 2, 87294, 97871
2026/09/22 21:46:39.145, 3, 87802, 97871
2026/09/22 21:46:39.345, 0, 87799, 97871
2026/09/22 21:46:39.346, 1, 88832, 97871
2026/09/22 21:46:39.346, 2, 87294, 97871
2026/09/22 21:46:39.346, 3, 87802, 97871
2026/09/22 21:46:39.546, 0, 87799, 97871
2026/09/22 21:46:39.546, 1, 88832, 97871
2026/09/22 21:46:39.546, 2, 87294, 97871
2026/09/22 21:46:39.546, 3, 87802, 97871
2026/09/22 21:46:39.746, 0, 87799, 97871
2026/09/22 21:46:39.746, 1, 88832, 97871
2026/09/22 21:46:39.746, 2, 87294, 97871
2026/09/22 21:46:39.746, 3, 87802, 97871
2026/09/22 21:46:39.946, 0, 87799, 97871
2026/09/22 21:46:39.947, 1, 88832, 97871
2026/09/22 21:46:39.947, 2, 87294, 97871
2026/09/22 21:46:39.947, 3, 87802, 97871
2026/09/22 21:46:40.147, 0, 87799, 97871
2026/09/22 21:46:40.147, 1, 88832, 97871
2026/09/22 21:46:40.147, 2, 87294, 97871
2026/09/22 21:46:40.147, 3, 87802, 97871
2026/09/22 21:46:40.347, 0, 87799, 97871
2026/09/22 21:46:40.347, 1, 88832, 97871
2026/09/22 21:46:40.347, 2, 87294, 97871
2026/09/22 21:46:40.347, 3, 87802, 97871
2026/09/22 21:46:40.547, 0, 87799, 97871
2026/09/22 21:46:40.547, 1, 88832, 97871
2026/09/22 21:46:40.547, 2, 87294, 97871
2026/09/22 21:46:40.547, 3, 87802, 97871
2026/09/22 21:46:40.748, 0, 87799, 97871
2026/09/22 21:46:40.748, 1, 88832, 97871
2026/09/22 21:46:40.748, 2, 87294, 97871
2026/09/22 21:46:40.748, 3, 87802, 97871
2026/09/22 21:46:40.948, 0, 87799, 97871
2026/09/22 21:46:40.948, 1, 88832, 97871
2026/09/22 21:46:40.948, 2, 87294, 97871
2026/09/22 21:46:40.948, 3, 87802, 97871
2026/09/22 21:46:41.148, 0, 87799, 97871
2026/09/22 21:46:41.148, 1, 88832, 97871
2026/09/22 21:46:41.148, 2, 87294, 97871
2026/09/22 21:46:41.148, 3, 87802, 97871
2026/09/22 21:46:41.348, 0, 87799, 97871
2026/09/22 21:46:41.349, 1, 88832, 97871
2026/09/22 21:46:41.349, 2, 87294, 97871
2026/09/22 21:46:41.349, 3, 87802, 97871
2026/09/22 21:46:41.549, 0, 87799, 97871
2026/09/22 21:46:41.549, 1, 88832, 97871
2026/09/22 21:46:41.549, 2, 87294, 97871
2026/09/22 21:46:41.549, 3, 87802, 97871
2026/09/22 21:46:41.749, 0, 87799, 97871
2026/09/22 21:46:41.749, 1, 88832, 97871
2026/09/22 21:46:41.749, 2, 87294, 97871
2026/09/22 21:46:41.749, 3, 87802, 97871
2026/09/22 21:46:41.949, 0, 87799, 97871
2026/09/22 21:46:41.949, 1, 88832, 97871
2026/09/22 21:46:41.949, 2, 87294, 97871
2026/09/22 21:46:41.950, 3, 87802, 97871
2026/09/22 21:46:42.150, 0, 87799, 97871
2026/09/22 21:46:42.150, 1, 88832, 97871
2026/09/22 21:46:42.150, 2, 87294, 97871
2026/09/22 21:46:42.150, 3, 87802, 97871
2026/09/22 21:46:42.350, 0, 87799, 97871
2026/09/22 21:46:42.350, 1, 88832, 97871
2026/09/22 21:46:42.350, 2, 87294, 97871
2026/09/22 21:46:42.350, 3, 87802, 97871
2026/09/22 21:46:42.550, 0, 87799, 97871
2026/09/22 21:46:42.550, 1, 88832, 97871
2026/09/22 21:46:42.550, 2, 87294, 97871
2026/09/22 21:46:42.550, 3, 87802, 97871
2026/09/22 21:46:42.751, 0, 87799, 97871
2026/09/22 21:46:42.751, 1, 88832, 97871
2026/09/22 21:46:42.751, 2, 87294, 97871
2026/09/22 21:46:42.751, 3, 87802, 97871
2026/09/22 21:46:42.951, 0, 87799, 97871
2026/09/22 21:46:42.951, 1, 88832, 97871
2026/09/22 21:46:42.951, 2, 87294, 97871
2026/09/22 21:46:42.951, 3, 87802, 97871
2026/09/22 21:46:43.151, 0, 87799, 97871
2026/09/22 21:46:43.151, 1, 88832, 97871
2026/09/22 21:46:43.151, 2, 87294, 97871
2026/09/22 21:46:43.151, 3, 87802, 97871
2026/09/22 21:46:43.352, 0, 87799, 97871
2026/09/22 21:46:43.352, 1, 88832, 97871
2026/09/22 21:46:43.352, 2, 87294, 97871
2026/09/22 21:46:43.352, 3, 87802, 97871
2026/09/22 21:46:43.552, 0, 87799, 97871
2026/09/22 21:46:43.552, 1, 88832, 97871
2026/09/22 21:46:43.552, 2, 87294, 97871
2026/09/22 21:46:43.552, 3, 87802, 97871
2026/09/22 21:46:43.752, 0, 87799, 97871
2026/09/22 21:46:43.752, 1, 88832, 97871
2026/09/22 21:46:43.752, 2, 87294, 97871
2026/09/22 21:46:43.752, 3, 87802, 97871
2026/09/22 21:46:43.952, 0, 87799, 97871
2026/09/22 21:46:43.952, 1, 88832, 97871
2026/09/22 21:46:43.953, 2, 87294, 97871
2026/09/22 21:46:43.953, 3, 87802, 97871
2026/09/22 21:46:44.153, 0, 87799, 97871
2026/09/22 21:46:44.153, 1, 88832, 97871
2026/09/22 21:46:44.153, 2, 87294, 97871
2026/09/22 21:46:44.153, 3, 87802, 97871
2026/09/22 21:46:44.353, 0, 87799, 97871
2026/09/22 21:46:44.353, 1, 88832, 97871
2026/09/22 21:46:44.353, 2, 87294, 97871
2026/09/22 21:46:44.353, 3, 87802, 97871
2026/09/22 21:46:44.553, 0, 87799, 97871
2026/09/22 21:46:44.553, 1, 88832, 97871
2026/09/22 21:46:44.553, 2, 87294, 97871
2026/09/22 21:46:44.553, 3, 87802, 97871
2026/09/22 21:46:44.753, 0, 87799, 97871
2026/09/22 21:46:44.754, 1, 88832, 97871
2026/09/22 21:46:44.754, 2, 87294, 97871
2026/09/22 21:46:44.754, 3, 87802, 97871
2026/09/22 21:46:44.954, 0, 87799, 97871
2026/09/22 21:46:44.954, 1, 88832, 97871
2026/09/22 21:46:44.954, 2, 87294, 97871
2026/09/22 21:46:44.954, 3, 87802, 97871
2026/09/22 21:46:45.154, 0, 87799, 97871
2026/09/22 21:46:45.154, 1, 88832, 97871
2026/09/22 21:46:45.154, 2, 87294, 97871
2026/09/22 21:46:45.154, 3, 87802, 97871
2026/09/22 21:46:45.354, 0, 87799, 97871
2026/09/22 21:46:45.354, 1, 88832, 97871
2026/09/22 21:46:45.354, 2, 87294, 97871
2026/09/22 21:46:45.354, 3, 87802, 97871
2026/09/22 21:46:45.555, 0, 87799, 97871
2026/09/22 21:46:45.555, 1, 88832, 97871
2026/09/22 21:46:45.555, 2, 87294, 97871
2026/09/22 21:46:45.555, 3, 87802, 97871
2026/09/22 21:46:45.755, 0, 87799, 97871
2026/09/22 21:46:45.755, 1, 88832, 97871
2026/09/22 21:46:45.755, 2, 87294, 97871
2026/09/22 21:46:45.755, 3, 87802, 97871
2026/09/22 21:46:45.955, 0, 87799, 97871
2026/09/22 21:46:45.955, 1, 88832, 97871
2026/09/22 21:46:45.955, 2, 87294, 97871
2026/09/22 21:46:45.955, 3, 87802, 97871
2026/09/22 21:46:46.155, 0, 87799, 97871
2026/09/22 21:46:46.155, 1, 88832, 97871
2026/09/22 21:46:46.156, 2, 87294, 97871
2026/09/22 21:46:46.156, 3, 87802, 97871
2026/09/22 21:46:46.356, 0, 87799, 97871
2026/09/22 21:46:46.356, 1, 88832, 97871
2026/09/22 21:46:46.356, 2, 87294, 97871
2026/09/22 21:46:46.356, 3, 87802, 97871
2026/09/22 21:46:46.556, 0, 87799, 97871
2026/09/22 21:46:46.556, 1, 88832, 97871
2026/09/22 21:46:46.556, 2, 87294, 97871
2026/09/22 21:46:46.556, 3, 87802, 97871
2026/09/22 21:46:46.756, 0, 87799, 97871
2026/09/22 21:46:46.756, 1, 88832, 97871
2026/09/22 21:46:46.756, 2, 87294, 97871
2026/09/22 21:46:46.756, 3, 87802, 97871
2026/09/22 21:46:46.956, 0, 87799, 97871
2026/09/22 21:46:46.957, 1, 88832, 97871
2026/09/22 21:46:46.957, 2, 87294, 97871
2026/09/22 21:46:46.957, 3, 87802, 97871
2026/09/22 21:46:47.157, 0, 87799, 97871
2026/09/22 21:46:47.157, 1, 88832, 97871
2026/09/22 21:46:47.157, 2, 87294, 97871
2026/09/22 21:46:47.157, 3, 87802, 97871
2026/09/22 21:46:47.357, 0, 87799, 97871
2026/09/22 21:46:47.357, 1, 88832, 97871
2026/09/22 21:46:47.357, 2, 87294, 97871
2026/09/22 21:46:47.357, 3, 87802, 97871
2026/09/22 21:46:47.557, 0, 87799, 97871
2026/09/22 21:46:47.557, 1, 88832, 97871
2026/09/22 21:46:47.558, 2, 87294, 97871
2026/09/22 21:46:47.558, 3, 87802, 97871
2026/09/22 21:46:47.758, 0, 87799, 97871
2026/09/22 21:46:47.758, 1, 88832, 97871
2026/09/22 21:46:47.758, 2, 87294, 97871
2026/09/22 21:46:47.758, 3, 87802, 97871
2026/09/22 21:46:47.958, 0, 87799, 97871
2026/09/22 21:46:47.958, 1, 88832, 97871
2026/09/22 21:46:47.958, 2, 87294, 97871
2026/09/22 21:46:47.958, 3, 87802, 97871
2026/09/22 21:46:48.158, 0, 87799, 97871
2026/09/22 21:46:48.158, 1, 88832, 97871
2026/09/22 21:46:48.158, 2, 87294, 97871
2026/09/22 21:46:48.158, 3, 87802, 97871
2026/09/22 21:46:48.359, 0, 87799, 97871
2026/09/22 21:46:48.359, 1, 88832, 97871
2026/09/22 21:46:48.359, 2, 87294, 97871
2026/09/22 21:46:48.359, 3, 87802, 97871
2026/09/22 21:46:48.559, 0, 87799, 97871
2026/09/22 21:46:48.559, 1, 88832, 97871
2026/09/22 21:46:48.559, 2, 87294, 97871
2026/09/22 21:46:48.559, 3, 87802, 97871
2026/09/22 21:46:48.759, 0, 87799, 97871
2026/09/22 21:46:48.759, 1, 88832, 97871
2026/09/22 21:46:48.759, 2, 87294, 97871
2026/09/22 21:46:48.759, 3, 87802, 97871
2026/09/22 21:46:48.959, 0, 87799, 97871
2026/09/22 21:46:48.959, 1, 88832, 97871
2026/09/22 21:46:48.959, 2, 87294, 97871
2026/09/22 21:46:48.960, 3, 87802, 97871
2026/09/22 21:46:49.160, 0, 87799, 97871
2026/09/22 21:46:49.160, 1, 88832, 97871
2026/09/22 21:46:49.160, 2, 87294, 97871
2026/09/22 21:46:49.160, 3, 87802, 97871
2026/09/22 21:46:49.360, 0, 87799, 97871
2026/09/22 21:46:49.360, 1, 88832, 97871
2026/09/22 21:46:49.360, 2, 87294, 97871
2026/09/22 21:46:49.360, 3, 87802, 97871
2026/09/22 21:46:49.560, 0, 87799, 97871
2026/09/22 21:46:49.560, 1, 88832, 97871
2026/09/22 21:46:49.560, 2, 87294, 97871
2026/09/22 21:46:49.560, 3, 87802, 97871
2026/09/22 21:46:49.761, 0, 87799, 97871
2026/09/22 21:46:49.761, 1, 88832, 97871
2026/09/22 21:46:49.761, 2, 87294, 97871
2026/09/22 21:46:49.761, 3, 87802, 97871
2026/09/22 21:46:49.961, 0, 87799, 97871
2026/09/22 21:46:49.961, 1, 88832, 97871
2026/09/22 21:46:49.961, 2, 87294, 97871
2026/09/22 21:46:49.961, 3, 87802, 97871
2026/09/22 21:46:50.161, 0, 87799, 97871
2026/09/22 21:46:50.161, 1, 88832, 97871
2026/09/22 21:46:50.161, 2, 87294, 97871
2026/09/22 21:46:50.161, 3, 87802, 97871
2026/09/22 21:46:50.361, 0, 87799, 97871
2026/09/22 21:46:50.361, 1, 88832, 97871
2026/09/22 21:46:50.362, 2, 87294, 97871
2026/09/22 21:46:50.362, 3, 87802, 97871
2026/09/22 21:46:50.562, 0, 87799, 97871
2026/09/22 21:46:50.562, 1, 88832, 97871
2026/09/22 21:46:50.562, 2, 87294, 97871
2026/09/22 21:46:50.562, 3, 87802, 97871
2026/09/22 21:46:50.762, 0, 87799, 97871
2026/09/22 21:46:50.762, 1, 88832, 97871
2026/09/22 21:46:50.762, 2, 87294, 97871
2026/09/22 21:46:50.762, 3, 87802, 97871
2026/09/22 21:46:50.962, 0, 87799, 97871
2026/09/22 21:46:50.962, 1, 88832, 97871
2026/09/22 21:46:50.962, 2, 87294, 97871
2026/09/22 21:46:50.962, 3, 87802, 97871
2026/09/22 21:46:51.163, 0, 87799, 97871
2026/09/22 21:46:51.163, 1, 88832, 97871
2026/09/22 21:46:51.163, 2, 87294, 97871
2026/09/22 21:46:51.163, 3, 87802, 97871
2026/09/22 21:46:51.363, 0, 87799, 97871
2026/09/22 21:46:51.363, 1, 88832, 97871
2026/09/22 21:46:51.363, 2, 87294, 97871
2026/09/22 21:46:51.363, 3, 87802, 97871
2026/09/22 21:46:51.563, 0, 87799, 97871
2026/09/22 21:46:51.563, 1, 88832, 97871
2026/09/22 21:46:51.563, 2, 87294, 97871
2026/09/22 21:46:51.563, 3, 87802, 97871
2026/09/22 21:46:51.763, 0, 87799, 97871
2026/09/22 21:46:51.763, 1, 88832, 97871
2026/09/22 21:46:51.764, 2, 87294, 97871
2026/09/22 21:46:51.764, 3, 87802, 97871
2026/09/22 21:46:51.964, 0, 87799, 97871
2026/09/22 21:46:51.964, 1, 88832, 97871
2026/09/22 21:46:51.964, 2, 87294, 97871
2026/09/22 21:46:51.964, 3, 87802, 97871
2026/09/22 21:46:52.164, 0, 87799, 97871
2026/09/22 21:46:52.164, 1, 88832, 97871
2026/09/22 21:46:52.164, 2, 87294, 97871
2026/09/22 21:46:52.164, 3, 87802, 97871
2026/09/22 21:46:52.364, 0, 87799, 97871
2026/09/22 21:46:52.364, 1, 88832, 97871
2026/09/22 21:46:52.364, 2, 87294, 97871
2026/09/22 21:46:52.364, 3, 87802, 97871
2026/09/22 21:46:52.565, 0, 87799, 97871
2026/09/22 21:46:52.565, 1, 88832, 97871
2026/09/22 21:46:52.565, 2, 87294, 97871
2026/09/22 21:46:52.565, 3, 87802, 97871
2026/09/22 21:46:52.765, 0, 87799, 97871
2026/09/22 21:46:52.765, 1, 88832, 97871
2026/09/22 21:46:52.765, 2, 87294, 97871
2026/09/22 21:46:52.765, 3, 87802, 97871
2026/09/22 21:46:52.965, 0, 87799, 97871
2026/09/22 21:46:52.965, 1, 88832, 97871
2026/09/22 21:46:52.965, 2, 87294, 97871
2026/09/22 21:46:52.965, 3, 87802, 97871
2026/09/22 21:46:53.165, 0, 87799, 97871
2026/09/22 21:46:53.166, 1, 88832, 97871
2026/09/22 21:46:53.166, 2, 87294, 97871
2026/09/22 21:46:53.166, 3, 87802, 97871
2026/09/22 21:46:53.366, 0, 87799, 97871
2026/09/22 21:46:53.366, 1, 88832, 97871
2026/09/22 21:46:53.366, 2, 87294, 97871
2026/09/22 21:46:53.366, 3, 87802, 97871
2026/09/22 21:46:53.566, 0, 87799, 97871
2026/09/22 21:46:53.566, 1, 88832, 97871
2026/09/22 21:46:53.566, 2, 87294, 97871
2026/09/22 21:46:53.566, 3, 87802, 97871
2026/09/22 21:46:53.766, 0, 87799, 97871
2026/09/22 21:46:53.767, 1, 88832, 97871
2026/09/22 21:46:53.767, 2, 87294, 97871
2026/09/22 21:46:53.767, 3, 87802, 97871
2026/09/22 21:46:53.967, 0, 87799, 97871
2026/09/22 21:46:53.967, 1, 88832, 97871
2026/09/22 21:46:53.967, 2, 87294, 97871
2026/09/22 21:46:53.967, 3, 87802, 97871
2026/09/22 21:46:54.167, 0, 87799, 97871
2026/09/22 21:46:54.167, 1, 88832, 97871
2026/09/22 21:46:54.167, 2, 87294, 97871
2026/09/22 21:46:54.167, 3, 87802, 97871
2026/09/22 21:46:54.367, 0, 87799, 97871
2026/09/22 21:46:54.367, 1, 88832, 97871
2026/09/22 21:46:54.367, 2, 87294, 97871
2026/09/22 21:46:54.367, 3, 87802, 97871
2026/09/22 21:46:54.568, 0, 87799, 97871
2026/09/22 21:46:54.568, 1, 88832, 97871
2026/09/22 21:46:54.568, 2, 87294, 97871
2026/09/22 21:46:54.568, 3, 87802, 97871
2026/09/22 21:46:54.768, 0, 87799, 97871
2026/09/22 21:46:54.768, 1, 88832, 97871
2026/09/22 21:46:54.768, 2, 87294, 97871
2026/09/22 21:46:54.768, 3, 87802, 97871
2026/09/22 21:46:54.968, 0, 87799, 97871
2026/09/22 21:46:54.968, 1, 88832, 97871
2026/09/22 21:46:54.968, 2, 87294, 97871
2026/09/22 21:46:54.968, 3, 87802, 97871
2026/09/22 21:46:55.168, 0, 87799, 97871
2026/09/22 21:46:55.168, 1, 88832, 97871
2026/09/22 21:46:55.169, 2, 87294, 97871
2026/09/22 21:46:55.169, 3, 87802, 97871
2026/09/22 21:46:55.369, 0, 87799, 97871
2026/09/22 21:46:55.369, 1, 88832, 97871
2026/09/22 21:46:55.369, 2, 87294, 97871
2026/09/22 21:46:55.369, 3, 87802, 97871
2026/09/22 21:46:55.569, 0, 87799, 97871
2026/09/22 21:46:55.569, 1, 88832, 97871
2026/09/22 21:46:55.569, 2, 87294, 97871
2026/09/22 21:46:55.569, 3, 87802, 97871
2026/09/22 21:46:55.769, 0, 87799, 97871
2026/09/22 21:46:55.769, 1, 88832, 97871
2026/09/22 21:46:55.769, 2, 87294, 97871
2026/09/22 21:46:55.769, 3, 87802, 97871
2026/09/22 21:46:55.970, 0, 87799, 97871
2026/09/22 21:46:55.970, 1, 88832, 97871
2026/09/22 21:46:55.970, 2, 87294, 97871
2026/09/22 21:46:55.970, 3, 87802, 97871
2026/09/22 21:46:56.170, 0, 87799, 97871
2026/09/22 21:46:56.170, 1, 88832, 97871
2026/09/22 21:46:56.170, 2, 87294, 97871
2026/09/22 21:46:56.170, 3, 87802, 97871
2026/09/22 21:46:56.370, 0, 87799, 97871
2026/09/22 21:46:56.370, 1, 88832, 97871
2026/09/22 21:46:56.370, 2, 87294, 97871
2026/09/22 21:46:56.370, 3, 87802, 97871
2026/09/22 21:46:56.571, 0, 87799, 97871
2026/09/22 21:46:56.571, 1, 88832, 97871
2026/09/22 21:46:56.571, 2, 87294, 97871
2026/09/22 21:46:56.571, 3, 87802, 97871
2026/09/22 21:46:56.771, 0, 87799, 97871
2026/09/22 21:46:56.771, 1, 88832, 97871
2026/09/22 21:46:56.771, 2, 87294, 97871
2026/09/22 21:46:56.771, 3, 87802, 97871
2026/09/22 21:46:56.971, 0, 87799, 97871
2026/09/22 21:46:56.971, 1, 88832, 97871
2026/09/22 21:46:56.971, 2, 87294, 97871
2026/09/22 21:46:56.971, 3, 87802, 97871
2026/09/22 21:46:57.171, 0, 87799, 97871
2026/09/22 21:46:57.171, 1, 88832, 97871
2026/09/22 21:46:57.171, 2, 87294, 97871
2026/09/22 21:46:57.171, 3, 87802, 97871
2026/09/22 21:46:57.372, 0, 87799, 97871
2026/09/22 21:46:57.372, 1, 88832, 97871
2026/09/22 21:46:57.372, 2, 87294, 97871
2026/09/22 21:46:57.372, 3, 87802, 97871
2026/09/22 21:46:57.572, 0, 87799, 97871
2026/09/22 21:46:57.572, 1, 88832, 97871
2026/09/22 21:46:57.572, 2, 87294, 97871
2026/09/22 21:46:57.572, 3, 87802, 97871
2026/09/22 21:46:57.772, 0, 87799, 97871
2026/09/22 21:46:57.772, 1, 88832, 97871
2026/09/22 21:46:57.772, 2, 87294, 97871
2026/09/22 21:46:57.772, 3, 87802, 97871
2026/09/22 21:46:57.972, 0, 87799, 97871
2026/09/22 21:46:57.973, 1, 88832, 97871
2026/09/22 21:46:57.973, 2, 87294, 97871
2026/09/22 21:46:57.973, 3, 87802, 97871
2026/09/22 21:46:58.173, 0, 87799, 97871
2026/09/22 21:46:58.173, 1, 88832, 97871
2026/09/22 21:46:58.173, 2, 87294, 97871
2026/09/22 21:46:58.173, 3, 87802, 97871
2026/09/22 21:46:58.373, 0, 87799, 97871
2026/09/22 21:46:58.373, 1, 88832, 97871
2026/09/22 21:46:58.373, 2, 87294, 97871
2026/09/22 21:46:58.373, 3, 87802, 97871
2026/09/22 21:46:58.573, 0, 87799, 97871
2026/09/22 21:46:58.573, 1, 88832, 97871
2026/09/22 21:46:58.574, 2, 87294, 97871
2026/09/22 21:46:58.574, 3, 87802, 97871
2026/09/22 21:46:58.774, 0, 87799, 97871
2026/09/22 21:46:58.774, 1, 88832, 97871
2026/09/22 21:46:58.774, 2, 87294, 97871
2026/09/22 21:46:58.774, 3, 87802, 97871
2026/09/22 21:46:58.974, 0, 87799, 97871
2026/09/22 21:46:58.974, 1, 88832, 97871
2026/09/22 21:46:58.974, 2, 87294, 97871
2026/09/22 21:46:58.974, 3, 87802, 97871
2026/09/22 21:46:59.174, 0, 87799, 97871
2026/09/22 21:46:59.174, 1, 88832, 97871
2026/09/22 21:46:59.174, 2, 87294, 97871
2026/09/22 21:46:59.175, 3, 87802, 97871
2026/09/22 21:46:59.375, 0, 87799, 97871
2026/09/22 21:46:59.375, 1, 88832, 97871
2026/09/22 21:46:59.375, 2, 87294, 97871
2026/09/22 21:46:59.375, 3, 87802, 97871
2026/09/22 21:46:59.575, 0, 87799, 97871
2026/09/22 21:46:59.575, 1, 88832, 97871
2026/09/22 21:46:59.575, 2, 87294, 97871
2026/09/22 21:46:59.575, 3, 87802, 97871
2026/09/22 21:46:59.775, 0, 87799, 97871
2026/09/22 21:46:59.775, 1, 88832, 97871
2026/09/22 21:46:59.776, 2, 87294, 97871
2026/09/22 21:46:59.776, 3, 87802, 97871
2026/09/22 21:46:59.976, 0, 87799, 97871
2026/09/22 21:46:59.976, 1, 88832, 97871
2026/09/22 21:46:59.976, 2, 87294, 97871
2026/09/22 21:46:59.976, 3, 87802, 97871
2026/09/22 21:47:00.176, 0, 87799, 97871
2026/09/22 21:47:00.176, 1, 88832, 97871
2026/09/22 21:47:00.176, 2, 87294, 97871
2026/09/22 21:47:00.176, 3, 87802, 97871
2026/09/22 21:47:00.376, 0, 87799, 97871
2026/09/22 21:47:00.376, 1, 88832, 97871
2026/09/22 21:47:00.377, 2, 87294, 97871
2026/09/22 21:47:00.377, 3, 87802, 97871
2026/09/22 21:47:00.577, 0, 87799, 97871
2026/09/22 21:47:00.577, 1, 88832, 97871
2026/09/22 21:47:00.577, 2, 87294, 97871
2026/09/22 21:47:00.577, 3, 87802, 97871
2026/09/22 21:47:00.777, 0, 87799, 97871
2026/09/22 21:47:00.777, 1, 88832, 97871
2026/09/22 21:47:00.777, 2, 87294, 97871
2026/09/22 21:47:00.777, 3, 87802, 97871
2026/09/22 21:47:00.977, 0, 87799, 97871
2026/09/22 21:47:00.977, 1, 88832, 97871
2026/09/22 21:47:00.977, 2, 87294, 97871
2026/09/22 21:47:00.977, 3, 87802, 97871
2026/09/22 21:47:01.178, 0, 87799, 97871
2026/09/22 21:47:01.178, 1, 88832, 97871
2026/09/22 21:47:01.178, 2, 87294, 97871
2026/09/22 21:47:01.178, 3, 87802, 97871
2026/09/22 21:47:01.378, 0, 87799, 97871
2026/09/22 21:47:01.378, 1, 88832, 97871
2026/09/22 21:47:01.378, 2, 87294, 97871
2026/09/22 21:47:01.378, 3, 87802, 97871
2026/09/22 21:47:01.578, 0, 87799, 97871
2026/09/22 21:47:01.578, 1, 88832, 97871
2026/09/22 21:47:01.578, 2, 87294, 97871
2026/09/22 21:47:01.579, 3, 87802, 97871
2026/09/22 21:47:01.779, 0, 87799, 97871
2026/09/22 21:47:01.779, 1, 88832, 97871
2026/09/22 21:47:01.779, 2, 87294, 97871
2026/09/22 21:47:01.779, 3, 87802, 97871
2026/09/22 21:47:01.979, 0, 87799, 97871
2026/09/22 21:47:01.979, 1, 88832, 97871
2026/09/22 21:47:01.979, 2, 87294, 97871
2026/09/22 21:47:01.979, 3, 87802, 97871
2026/09/22 21:47:02.179, 0, 87799, 97871
2026/09/22 21:47:02.179, 1, 88832, 97871
2026/09/22 21:47:02.179, 2, 87294, 97871
2026/09/22 21:47:02.180, 3, 87802, 97871
2026/09/22 21:47:02.380, 0, 87799, 97871
2026/09/22 21:47:02.380, 1, 88832, 97871
2026/09/22 21:47:02.380, 2, 87294, 97871
2026/09/22 21:47:02.380, 3, 87802, 97871
2026/09/22 21:47:02.580, 0, 87799, 97871
2026/09/22 21:47:02.580, 1, 88832, 97871
2026/09/22 21:47:02.580, 2, 87294, 97871
2026/09/22 21:47:02.580, 3, 87802, 97871
2026/09/22 21:47:02.780, 0, 87799, 97871
2026/09/22 21:47:02.780, 1, 88832, 97871
2026/09/22 21:47:02.781, 2, 87294, 97871
2026/09/22 21:47:02.781, 3, 87802, 97871
2026/09/22 21:47:02.981, 0, 87799, 97871
2026/09/22 21:47:02.981, 1, 88832, 97871
2026/09/22 21:47:02.981, 2, 87294, 97871
2026/09/22 21:47:02.981, 3, 87802, 97871
2026/09/22 21:47:03.181, 0, 87799, 97871
2026/09/22 21:47:03.181, 1, 88832, 97871
2026/09/22 21:47:03.181, 2, 87294, 97871
2026/09/22 21:47:03.181, 3, 87802, 97871
2026/09/22 21:47:03.381, 0, 87799, 97871
2026/09/22 21:47:03.381, 1, 88832, 97871
2026/09/22 21:47:03.382, 2, 87294, 97871
2026/09/22 21:47:03.382, 3, 87802, 97871
2026/09/22 21:47:03.582, 0, 87799, 97871
2026/09/22 21:47:03.582, 1, 88832, 97871
2026/09/22 21:47:03.582, 2, 87294, 97871
2026/09/22 21:47:03.582, 3, 87802, 97871
2026/09/22 21:47:03.782, 0, 87799, 97871
2026/09/22 21:47:03.782, 1, 88832, 97871
2026/09/22 21:47:03.782, 2, 87294, 97871
2026/09/22 21:47:03.782, 3, 87802, 97871
2026/09/22 21:47:03.982, 0, 87799, 97871
2026/09/22 21:47:03.983, 1, 88832, 97871
2026/09/22 21:47:03.983, 2, 87294, 97871
2026/09/22 21:47:03.983, 3, 87802, 97871
2026/09/22 21:47:04.183, 0, 87799, 97871
2026/09/22 21:47:04.183, 1, 88832, 97871
2026/09/22 21:47:04.183, 2, 87294, 97871
2026/09/22 21:47:04.183, 3, 87802, 97871
2026/09/22 21:47:04.383, 0, 87799, 97871
2026/09/22 21:47:04.383, 1, 88832, 97871
2026/09/22 21:47:04.383, 2, 87294, 97871
2026/09/22 21:47:04.383, 3, 87802, 97871
2026/09/22 21:47:04.584, 0, 87799, 97871
2026/09/22 21:47:04.584, 1, 88832, 97871
2026/09/22 21:47:04.584, 2, 87294, 97871
2026/09/22 21:47:04.584, 3, 87802, 97871
2026/09/22 21:47:04.784, 0, 87799, 97871
2026/09/22 21:47:04.784, 1, 88832, 97871
2026/09/22 21:47:04.784, 2, 87294, 97871
2026/09/22 21:47:04.784, 3, 87802, 97871
2026/09/22 21:47:04.984, 0, 87799, 97871
2026/09/22 21:47:04.984, 1, 88832, 97871
2026/09/22 21:47:04.984, 2, 87294, 97871
2026/09/22 21:47:04.984, 3, 87802, 97871
2026/09/22 21:47:05.185, 0, 87799, 97871
2026/09/22 21:47:05.185, 1, 88832, 97871
2026/09/22 21:47:05.185, 2, 87294, 97871
2026/09/22 21:47:05.185, 3, 87802, 97871
2026/09/22 21:47:05.385, 0, 87799, 97871
2026/09/22 21:47:05.385, 1, 88832, 97871
2026/09/22 21:47:05.385, 2, 87294, 97871
2026/09/22 21:47:05.385, 3, 87802, 97871
2026/09/22 21:47:05.585, 0, 87799, 97871
2026/09/22 21:47:05.585, 1, 88832, 97871
2026/09/22 21:47:05.585, 2, 87294, 97871
2026/09/22 21:47:05.585, 3, 87802, 97871
2026/09/22 21:47:05.786, 0, 87799, 97871
2026/09/22 21:47:05.786, 1, 88832, 97871
2026/09/22 21:47:05.786, 2, 87294, 97871
2026/09/22 21:47:05.786, 3, 87802, 97871
2026/09/22 21:47:05.986, 0, 87799, 97871
2026/09/22 21:47:05.986, 1, 88832, 97871
2026/09/22 21:47:05.986, 2, 87294, 97871
2026/09/22 21:47:05.986, 3, 87802, 97871
2026/09/22 21:47:06.186, 0, 87799, 97871
2026/09/22 21:47:06.186, 1, 88832, 97871
2026/09/22 21:47:06.186, 2, 87294, 97871
2026/09/22 21:47:06.186, 3, 87802, 97871
2026/09/22 21:47:06.386, 0, 87799, 97871
2026/09/22 21:47:06.387, 1, 88832, 97871
2026/09/22 21:47:06.387, 2, 87294, 97871
2026/09/22 21:47:06.387, 3, 87802, 97871
2026/09/22 21:47:06.587, 0, 87799, 97871
2026/09/22 21:47:06.587, 1, 88832, 97871
2026/09/22 21:47:06.587, 2, 87294, 97871
2026/09/22 21:47:06.587, 3, 87802, 97871
2026/09/22 21:47:06.787, 0, 87799, 97871
2026/09/22 21:47:06.787, 1, 88832, 97871
2026/09/22 21:47:06.787, 2, 87294, 97871
2026/09/22 21:47:06.787, 3, 87802, 97871
2026/09/22 21:47:06.988, 0, 87799, 97871
2026/09/22 21:47:06.988, 1, 88832, 97871
2026/09/22 21:47:06.988, 2, 87294, 97871
2026/09/22 21:47:06.988, 3, 87802, 97871
2026/09/22 21:47:07.188, 0, 87799, 97871
2026/09/22 21:47:07.188, 1, 88832, 97871
2026/09/22 21:47:07.188, 2, 87294, 97871
2026/09/22 21:47:07.188, 3, 87802, 97871
2026/09/22 21:47:07.388, 0, 87799, 97871
2026/09/22 21:47:07.388, 1, 88832, 97871
2026/09/22 21:47:07.388, 2, 87294, 97871
2026/09/22 21:47:07.388, 3, 87802, 97871
2026/09/22 21:47:07.589, 0, 87799, 97871
2026/09/22 21:47:07.589, 1, 88832, 97871
2026/09/22 21:47:07.589, 2, 87294, 97871
2026/09/22 21:47:07.589, 3, 87802, 97871
2026/09/22 21:47:07.789, 0, 87799, 97871
2026/09/22 21:47:07.789, 1, 88832, 97871
2026/09/22 21:47:07.789, 2, 87294, 97871
2026/09/22 21:47:07.789, 3, 87802, 97871
2026/09/22 21:47:07.989, 0, 87799, 97871
2026/09/22 21:47:07.989, 1, 88832, 97871
2026/09/22 21:47:07.989, 2, 87294, 97871
2026/09/22 21:47:07.989, 3, 87802, 97871
2026/09/22 21:47:08.190, 0, 87799, 97871
2026/09/22 21:47:08.190, 1, 88832, 97871
2026/09/22 21:47:08.190, 2, 87294, 97871
2026/09/22 21:47:08.190, 3, 87802, 97871
2026/09/22 21:47:08.390, 0, 87799, 97871
2026/09/22 21:47:08.390, 1, 88832, 97871
2026/09/22 21:47:08.390, 2, 87294, 97871
2026/09/22 21:47:08.390, 3, 87802, 97871
2026/09/22 21:47:08.590, 0, 87799, 97871
2026/09/22 21:47:08.590, 1, 88832, 97871
2026/09/22 21:47:08.590, 2, 87294, 97871
2026/09/22 21:47:08.590, 3, 87802, 97871
2026/09/22 21:47:08.790, 0, 87799, 97871
2026/09/22 21:47:08.791, 1, 88832, 97871
2026/09/22 21:47:08.791, 2, 87294, 97871
2026/09/22 21:47:08.791, 3, 87802, 97871
2026/09/22 21:47:08.991, 0, 87799, 97871
2026/09/22 21:47:08.991, 1, 88832, 97871
2026/09/22 21:47:08.991, 2, 87294, 97871
2026/09/22 21:47:08.991, 3, 87802, 97871
2026/09/22 21:47:09.191, 0, 87799, 97871
2026/09/22 21:47:09.191, 1, 88832, 97871
2026/09/22 21:47:09.191, 2, 87294, 97871
2026/09/22 21:47:09.191, 3, 87802, 97871
2026/09/22 21:47:09.392, 0, 87799, 97871
2026/09/22 21:47:09.392, 1, 88832, 97871
2026/09/22 21:47:09.392, 2, 87294, 97871
2026/09/22 21:47:09.392, 3, 87802, 97871
2026/09/22 21:47:09.592, 0, 87799, 97871
2026/09/22 21:47:09.592, 1, 88832, 97871
2026/09/22 21:47:09.592, 2, 87294, 97871
2026/09/22 21:47:09.592, 3, 87802, 97871
2026/09/22 21:47:09.792, 0, 87799, 97871
2026/09/22 21:47:09.792, 1, 88832, 97871
2026/09/22 21:47:09.792, 2, 87294, 97871
2026/09/22 21:47:09.792, 3, 87802, 97871
2026/09/22 21:47:09.992, 0, 87799, 97871
2026/09/22 21:47:09.993, 1, 88832, 97871
2026/09/22 21:47:09.993, 2, 87294, 97871
2026/09/22 21:47:09.993, 3, 87802, 97871
2026/09/22 21:47:10.193, 0, 87799, 97871
2026/09/22 21:47:10.193, 1, 88832, 97871
2026/09/22 21:47:10.193, 2, 87294, 97871
2026/09/22 21:47:10.193, 3, 87802, 97871
2026/09/22 21:47:10.393, 0, 87799, 97871
2026/09/22 21:47:10.393, 1, 88832, 97871
2026/09/22 21:47:10.393, 2, 87294, 97871
2026/09/22 21:47:10.393, 3, 87802, 97871
2026/09/22 21:47:10.593, 0, 87799, 97871
2026/09/22 21:47:10.593, 1, 88832, 97871
2026/09/22 21:47:10.593, 2, 87294, 97871
2026/09/22 21:47:10.593, 3, 87802, 97871
2026/09/22 21:47:10.794, 0, 87799, 97871
2026/09/22 21:47:10.794, 1, 88832, 97871
2026/09/22 21:47:10.794, 2, 87294, 97871
2026/09/22 21:47:10.794, 3, 87802, 97871
2026/09/22 21:47:10.994, 0, 87799, 97871
2026/09/22 21:47:10.994, 1, 88832, 97871
2026/09/22 21:47:10.994, 2, 87294, 97871
2026/09/22 21:47:10.994, 3, 87802, 97871
2026/09/22 21:47:11.194, 0, 87799, 97871
2026/09/22 21:47:11.194, 1, 88832, 97871
2026/09/22 21:47:11.194, 2, 87294, 97871
2026/09/22 21:47:11.195, 3, 87802, 97871
2026/09/22 21:47:11.395, 0, 87799, 97871
2026/09/22 21:47:11.395, 1, 88832, 97871
2026/09/22 21:47:11.395, 2, 87294, 97871
2026/09/22 21:47:11.395, 3, 87802, 97871
2026/09/22 21:47:11.595, 0, 87799, 97871
2026/09/22 21:47:11.595, 1, 88832, 97871
2026/09/22 21:47:11.595, 2, 87294, 97871
2026/09/22 21:47:11.595, 3, 87802, 97871
2026/09/22 21:47:11.795, 0, 87799, 97871
2026/09/22 21:47:11.795, 1, 88832, 97871
2026/09/22 21:47:11.795, 2, 87294, 97871
2026/09/22 21:47:11.795, 3, 87802, 97871
2026/09/22 21:47:11.995, 0, 87799, 97871
2026/09/22 21:47:11.995, 1, 88832, 97871
2026/09/22 21:47:11.996, 2, 87294, 97871
2026/09/22 21:47:11.996, 3, 87802, 97871
2026/09/22 21:47:12.196, 0, 87799, 97871
2026/09/22 21:47:12.196, 1, 88832, 97871
2026/09/22 21:47:12.196, 2, 87294, 97871
2026/09/22 21:47:12.196, 3, 87802, 97871
2026/09/22 21:47:12.396, 0, 87799, 97871
2026/09/22 21:47:12.396, 1, 88832, 97871
2026/09/22 21:47:12.396, 2, 87294, 97871
2026/09/22 21:47:12.396, 3, 87802, 97871
2026/09/22 21:47:12.596, 0, 87799, 97871
2026/09/22 21:47:12.596, 1, 88832, 97871
2026/09/22 21:47:12.596, 2, 87294, 97871
2026/09/22 21:47:12.596, 3, 87802, 97871
2026/09/22 21:47:12.797, 0, 87799, 97871
2026/09/22 21:47:12.797, 1, 88832, 97871
2026/09/22 21:47:12.797, 2, 87294, 97871
2026/09/22 21:47:12.797, 3, 87802, 97871
2026/09/22 21:47:12.997, 0, 87799, 97871
2026/09/22 21:47:12.997, 1, 88832, 97871
2026/09/22 21:47:12.997, 2, 87294, 97871
2026/09/22 21:47:12.997, 3, 87802, 97871
2026/09/22 21:47:13.197, 0, 87799, 97871
2026/09/22 21:47:13.197, 1, 88832, 97871
2026/09/22 21:47:13.197, 2, 87294, 97871
2026/09/22 21:47:13.197, 3, 87802, 97871
2026/09/22 21:47:13.398, 0, 87799, 97871
2026/09/22 21:47:13.398, 1, 88832, 97871
2026/09/22 21:47:13.398, 2, 87294, 97871
2026/09/22 21:47:13.398, 3, 87802, 97871
2026/09/22 21:47:13.598, 0, 87799, 97871
2026/09/22 21:47:13.598, 1, 88832, 97871
2026/09/22 21:47:13.598, 2, 87294, 97871
2026/09/22 21:47:13.598, 3, 87802, 97871
2026/09/22 21:47:13.798, 0, 87799, 97871
2026/09/22 21:47:13.798, 1, 88832, 97871
2026/09/22 21:47:13.798, 2, 87294, 97871
2026/09/22 21:47:13.798, 3, 87802, 97871
2026/09/22 21:47:13.999, 0, 87799, 97871
2026/09/22 21:47:13.999, 1, 88832, 97871
2026/09/22 21:47:13.999, 2, 87294, 97871
2026/09/22 21:47:13.999, 3, 87802, 97871
2026/09/22 21:47:14.199, 0, 87799, 97871
2026/09/22 21:47:14.199, 1, 88832, 97871
2026/09/22 21:47:14.199, 2, 87294, 97871
2026/09/22 21:47:14.199, 3, 87802, 97871
2026/09/22 21:47:14.399, 0, 87799, 97871
2026/09/22 21:47:14.399, 1, 88832, 97871
2026/09/22 21:47:14.399, 2, 87294, 97871
2026/09/22 21:47:14.399, 3, 87802, 97871
2026/09/22 21:47:14.600, 0, 87799, 97871
2026/09/22 21:47:14.600, 1, 88832, 97871
2026/09/22 21:47:14.600, 2, 87294, 97871
2026/09/22 21:47:14.600, 3, 87802, 97871
2026/09/22 21:47:14.800, 0, 87799, 97871
2026/09/22 21:47:14.800, 1, 88832, 97871
2026/09/22 21:47:14.800, 2, 87294, 97871
2026/09/22 21:47:14.800, 3, 87802, 97871
2026/09/22 21:47:15.000, 0, 87799, 97871
2026/09/22 21:47:15.000, 1, 88832, 97871
2026/09/22 21:47:15.000, 2, 87294, 97871
2026/09/22 21:47:15.000, 3, 87802, 97871
2026/09/22 21:47:15.200, 0, 87799, 97871
2026/09/22 21:47:15.201, 1, 88832, 97871
2026/09/22 21:47:15.201, 2, 87294, 97871
2026/09/22 21:47:15.201, 3, 87802, 97871
2026/09/22 21:47:15.401, 0, 87799, 97871
2026/09/22 21:47:15.401, 1, 88832, 97871
2026/09/22 21:47:15.401, 2, 87294, 97871
2026/09/22 21:47:15.401, 3, 87802, 97871
2026/09/22 21:47:15.601, 0, 87799, 97871
2026/09/22 21:47:15.601, 1, 88832, 97871
2026/09/22 21:47:15.601, 2, 87294, 97871
2026/09/22 21:47:15.601, 3, 87802, 97871
2026/09/22 21:47:15.801, 0, 87799, 97871
2026/09/22 21:47:15.801, 1, 88832, 97871
2026/09/22 21:47:15.801, 2, 87294, 97871
2026/09/22 21:47:15.801, 3, 87802, 97871
2026/09/22 21:47:16.002, 0, 87799, 97871
2026/09/22 21:47:16.002, 1, 88832, 97871
2026/09/22 21:47:16.002, 2, 87294, 97871
2026/09/22 21:47:16.002, 3, 87802, 97871
2026/09/22 21:47:16.202, 0, 87799, 97871
2026/09/22 21:47:16.202, 1, 88832, 97871
2026/09/22 21:47:16.202, 2, 87294, 97871
2026/09/22 21:47:16.202, 3, 87802, 97871
2026/09/22 21:47:16.402, 0, 87799, 97871
2026/09/22 21:47:16.402, 1, 88832, 97871
2026/09/22 21:47:16.402, 2, 87294, 97871
2026/09/22 21:47:16.402, 3, 87802, 97871
2026/09/22 21:47:16.602, 0, 87799, 97871
2026/09/22 21:47:16.602, 1, 88832, 97871
2026/09/22 21:47:16.603, 2, 87294, 97871
2026/09/22 21:47:16.603, 3, 87802, 97871
2026/09/22 21:47:16.803, 0, 87799, 97871
2026/09/22 21:47:16.803, 1, 88832, 97871
2026/09/22 21:47:16.803, 2, 87294, 97871
2026/09/22 21:47:16.803, 3, 87802, 97871
2026/09/22 21:47:17.003, 0, 87799, 97871
2026/09/22 21:47:17.003, 1, 88832, 97871
2026/09/22 21:47:17.003, 2, 87294, 97871
2026/09/22 21:47:17.003, 3, 87802, 97871
2026/09/22 21:47:17.203, 0, 87799, 97871
2026/09/22 21:47:17.204, 1, 88832, 97871
2026/09/22 21:47:17.204, 2, 87294, 97871
2026/09/22 21:47:17.204, 3, 87802, 97871
2026/09/22 21:47:17.404, 0, 87799, 97871
2026/09/22 21:47:17.404, 1, 88832, 97871
2026/09/22 21:47:17.404, 2, 87294, 97871
2026/09/22 21:47:17.404, 3, 87802, 97871
2026/09/22 21:47:17.604, 0, 87799, 97871
2026/09/22 21:47:17.604, 1, 88832, 97871
2026/09/22 21:47:17.604, 2, 87294, 97871
2026/09/22 21:47:17.604, 3, 87802, 97871
2026/09/22 21:47:17.804, 0, 87799, 97871
2026/09/22 21:47:17.804, 1, 88832, 97871
2026/09/22 21:47:17.805, 2, 87294, 97871
2026/09/22 21:47:17.805, 3, 87802, 97871
2026/09/22 21:47:18.005, 0, 87799, 97871
2026/09/22 21:47:18.005, 1, 88832, 97871
2026/09/22 21:47:18.005, 2, 87294, 97871
2026/09/22 21:47:18.005, 3, 87802, 97871
2026/09/22 21:47:18.205, 0, 87799, 97871
2026/09/22 21:47:18.205, 1, 88832, 97871
2026/09/22 21:47:18.205, 2, 87294, 97871
2026/09/22 21:47:18.205, 3, 87802, 97871
2026/09/22 21:47:18.405, 0, 87799, 97871
2026/09/22 21:47:18.405, 1, 88832, 97871
2026/09/22 21:47:18.405, 2, 87294, 97871
2026/09/22 21:47:18.406, 3, 87802, 97871
2026/09/22 21:47:18.606, 0, 87799, 97871
2026/09/22 21:47:18.606, 1, 88832, 97871
2026/09/22 21:47:18.606, 2, 87294, 97871
2026/09/22 21:47:18.606, 3, 87802, 97871
2026/09/22 21:47:18.806, 0, 87799, 97871
2026/09/22 21:47:18.806, 1, 88832, 97871
2026/09/22 21:47:18.806, 2, 87294, 97871
2026/09/22 21:47:18.806, 3, 87802, 97871
2026/09/22 21:47:19.006, 0, 87799, 97871
2026/09/22 21:47:19.007, 1, 88832, 97871
2026/09/22 21:47:19.007, 2, 87294, 97871
2026/09/22 21:47:19.007, 3, 87802, 97871
2026/09/22 21:47:19.207, 0, 87799, 97871
2026/09/22 21:47:19.207, 1, 88832, 97871
2026/09/22 21:47:19.207, 2, 87294, 97871
2026/09/22 21:47:19.207, 3, 87802, 97871
2026/09/22 21:47:19.407, 0, 87799, 97871
2026/09/22 21:47:19.407, 1, 88832, 97871
2026/09/22 21:47:19.407, 2, 87294, 97871
2026/09/22 21:47:19.407, 3, 87802, 97871
2026/09/22 21:47:19.607, 0, 87799, 97871
2026/09/22 21:47:19.608, 1, 88832, 97871
2026/09/22 21:47:19.608, 2, 87294, 97871
2026/09/22 21:47:19.608, 3, 87802, 97871
2026/09/22 21:47:19.808, 0, 87799, 97871
2026/09/22 21:47:19.808, 1, 88832, 97871
2026/09/22 21:47:19.808, 2, 87294, 97871
2026/09/22 21:47:19.808, 3, 87802, 97871
2026/09/22 21:47:20.008, 0, 87799, 97871
2026/09/22 21:47:20.008, 1, 88832, 97871
2026/09/22 21:47:20.008, 2, 87294, 97871
2026/09/22 21:47:20.008, 3, 87802, 97871
2026/09/22 21:47:20.208, 0, 87799, 97871
2026/09/22 21:47:20.209, 1, 88832, 97871
2026/09/22 21:47:20.209, 2, 87294, 97871
2026/09/22 21:47:20.209, 3, 87802, 97871
2026/09/22 21:47:20.409, 0, 87799, 97871
2026/09/22 21:47:20.409, 1, 88832, 97871
2026/09/22 21:47:20.409, 2, 87294, 97871
2026/09/22 21:47:20.409, 3, 87802, 97871
2026/09/22 21:47:20.609, 0, 87799, 97871
2026/09/22 21:47:20.609, 1, 88832, 97871
2026/09/22 21:47:20.609, 2, 87294, 97871
2026/09/22 21:47:20.609, 3, 87802, 97871
2026/09/22 21:47:20.809, 0, 87799, 97871
2026/09/22 21:47:20.809, 1, 88832, 97871
2026/09/22 21:47:20.809, 2, 87294, 97871
2026/09/22 21:47:20.810, 3, 87802, 97871
2026/09/22 21:47:21.010, 0, 87799, 97871
2026/09/22 21:47:21.010, 1, 88832, 97871
2026/09/22 21:47:21.010, 2, 87294, 97871
2026/09/22 21:47:21.010, 3, 87802, 97871
2026/09/22 21:47:21.210, 0, 87799, 97871
2026/09/22 21:47:21.210, 1, 88832, 97871
2026/09/22 21:47:21.210, 2, 87294, 97871
2026/09/22 21:47:21.210, 3, 87802, 97871
2026/09/22 21:47:21.410, 0, 87799, 97871
2026/09/22 21:47:21.410, 1, 88832, 97871
2026/09/22 21:47:21.410, 2, 87294, 97871
2026/09/22 21:47:21.410, 3, 87802, 97871
2026/09/22 21:47:21.611, 0, 87799, 97871
2026/09/22 21:47:21.611, 1, 88832, 97871
2026/09/22 21:47:21.611, 2, 87294, 97871
2026/09/22 21:47:21.611, 3, 87802, 97871
2026/09/22 21:47:21.811, 0, 87799, 97871
2026/09/22 21:47:21.811, 1, 88832, 97871
2026/09/22 21:47:21.811, 2, 87294, 97871
2026/09/22 21:47:21.811, 3, 87802, 97871
2026/09/22 21:47:22.011, 0, 87799, 97871
2026/09/22 21:47:22.011, 1, 88832, 97871
2026/09/22 21:47:22.011, 2, 87294, 97871
2026/09/22 21:47:22.011, 3, 87802, 97871
2026/09/22 21:47:22.211, 0, 87799, 97871
2026/09/22 21:47:22.212, 1, 88832, 97871
2026/09/22 21:47:22.212, 2, 87294, 97871
2026/09/22 21:47:22.212, 3, 87802, 97871
2026/09/22 21:47:22.412, 0, 87799, 97871
2026/09/22 21:47:22.412, 1, 88832, 97871
2026/09/22 21:47:22.412, 2, 87294, 97871
2026/09/22 21:47:22.412, 3, 87802, 97871
2026/09/22 21:47:22.612, 0, 87799, 97871
2026/09/22 21:47:22.612, 1, 88832, 97871
2026/09/22 21:47:22.612, 2, 87294, 97871
2026/09/22 21:47:22.612, 3, 87802, 97871
2026/09/22 21:47:22.812, 0, 87799, 97871
2026/09/22 21:47:22.812, 1, 88832, 97871
2026/09/22 21:47:22.812, 2, 87294, 97871
2026/09/22 21:47:22.813, 3, 87802, 97871
2026/09/22 21:47:23.013, 0, 87799, 97871
2026/09/22 21:47:23.013, 1, 88832, 97871
2026/09/22 21:47:23.013, 2, 87294, 97871
2026/09/22 21:47:23.013, 3, 87802, 97871
2026/09/22 21:47:23.213, 0, 87799, 97871
2026/09/22 21:47:23.213, 1, 88832, 97871
2026/09/22 21:47:23.213, 2, 87294, 97871
2026/09/22 21:47:23.213, 3, 87802, 97871
2026/09/22 21:47:23.413, 0, 87799, 97871
2026/09/22 21:47:23.413, 1, 88832, 97871
2026/09/22 21:47:23.413, 2, 87294, 97871
2026/09/22 21:47:23.414, 3, 87802, 97871
2026/09/22 21:47:23.614, 0, 87799, 97871
2026/09/22 21:47:23.614, 1, 88832, 97871
2026/09/22 21:47:23.614, 2, 87294, 97871
2026/09/22 21:47:23.614, 3, 87802, 97871
2026/09/22 21:47:23.814, 0, 87799, 97871
2026/09/22 21:47:23.814, 1, 88832, 97871
2026/09/22 21:47:23.814, 2, 87294, 97871
2026/09/22 21:47:23.814, 3, 87802, 97871
2026/09/22 21:47:24.014, 0, 87799, 97871
2026/09/22 21:47:24.014, 1, 88832, 97871
2026/09/22 21:47:24.014, 2, 87294, 97871
2026/09/22 21:47:24.014, 3, 87802, 97871
2026/09/22 21:47:24.215, 0, 87799, 97871
2026/09/22 21:47:24.215, 1, 88832, 97871
2026/09/22 21:47:24.215, 2, 87294, 97871
2026/09/22 21:47:24.215, 3, 87802, 97871
2026/09/22 21:47:24.415, 0, 87799, 97871
2026/09/22 21:47:24.415, 1, 88832, 97871
2026/09/22 21:47:24.415, 2, 87294, 97871
2026/09/22 21:47:24.415, 3, 87802, 97871
2026/09/22 21:47:24.615, 0, 87799, 97871
2026/09/22 21:47:24.615, 1, 88832, 97871
2026/09/22 21:47:24.615, 2, 87294, 97871
2026/09/22 21:47:24.615, 3, 87802, 97871
2026/09/22 21:47:24.816, 0, 87799, 97871
2026/09/22 21:47:24.816, 1, 88832, 97871
2026/09/22 21:47:24.816, 2, 87294, 97871
2026/09/22 21:47:24.816, 3, 87802, 97871
2026/09/22 21:47:25.016, 0, 87799, 97871
2026/09/22 21:47:25.016, 1, 88832, 97871
2026/09/22 21:47:25.016, 2, 87294, 97871
2026/09/22 21:47:25.016, 3, 87802, 97871
2026/09/22 21:47:25.216, 0, 87799, 97871
2026/09/22 21:47:25.216, 1, 88832, 97871
2026/09/22 21:47:25.216, 2, 87294, 97871
2026/09/22 21:47:25.216, 3, 87802, 97871
2026/09/22 21:47:25.416, 0, 87799, 97871
2026/09/22 21:47:25.417, 1, 88832, 97871
2026/09/22 21:47:25.417, 2, 87294, 97871
2026/09/22 21:47:25.417, 3, 87802, 97871
2026/09/22 21:47:25.617, 0, 87799, 97871
2026/09/22 21:47:25.617, 1, 88832, 97871
2026/09/22 21:47:25.617, 2, 87294, 97871
2026/09/22 21:47:25.617, 3, 87802, 97871
2026/09/22 21:47:25.817, 0, 87799, 97871
2026/09/22 21:47:25.817, 1, 88832, 97871
2026/09/22 21:47:25.817, 2, 87294, 97871
2026/09/22 21:47:25.817, 3, 87802, 97871
2026/09/22 21:47:26.017, 0, 87799, 97871
2026/09/22 21:47:26.018, 1, 88832, 97871
2026/09/22 21:47:26.018, 2, 87294, 97871
2026/09/22 21:47:26.018, 3, 87802, 97871
2026/09/22 21:47:26.218, 0, 87799, 97871
2026/09/22 21:47:26.218, 1, 88832, 97871
2026/09/22 21:47:26.218, 2, 87294, 97871
2026/09/22 21:47:26.218, 3, 87802, 97871
2026/09/22 21:47:26.418, 0, 87799, 97871
2026/09/22 21:47:26.418, 1, 88832, 97871
2026/09/22 21:47:26.418, 2, 87294, 97871
2026/09/22 21:47:26.418, 3, 87802, 97871
2026/09/22 21:47:26.618, 0, 87799, 97871
2026/09/22 21:47:26.618, 1, 88832, 97871
2026/09/22 21:47:26.618, 2, 87294, 97871
2026/09/22 21:47:26.618, 3, 87802, 97871
2026/09/22 21:47:26.819, 0, 87799, 97871
2026/09/22 21:47:26.819, 1, 88832, 97871
2026/09/22 21:47:26.819, 2, 87294, 97871
2026/09/22 21:47:26.819, 3, 87802, 97871
2026/09/22 21:47:27.019, 0, 87799, 97871
2026/09/22 21:47:27.019, 1, 88832, 97871
2026/09/22 21:47:27.019, 2, 87294, 97871
2026/09/22 21:47:27.019, 3, 87802, 97871
2026/09/22 21:47:27.219, 0, 87799, 97871
2026/09/22 21:47:27.219, 1, 88832, 97871
2026/09/22 21:47:27.219, 2, 87294, 97871
2026/09/22 21:47:27.219, 3, 87802, 97871
2026/09/22 21:47:27.420, 0, 87799, 97871
2026/09/22 21:47:27.420, 1, 88832, 97871
2026/09/22 21:47:27.420, 2, 87294, 97871
2026/09/22 21:47:27.420, 3, 87802, 97871
2026/09/22 21:47:27.620, 0, 87799, 97871
2026/09/22 21:47:27.620, 1, 88832, 97871
2026/09/22 21:47:27.620, 2, 87294, 97871
2026/09/22 21:47:27.620, 3, 87802, 97871
2026/09/22 21:47:27.820, 0, 87799, 97871
2026/09/22 21:47:27.820, 1, 88832, 97871
2026/09/22 21:47:27.820, 2, 87294, 97871
2026/09/22 21:47:27.820, 3, 87802, 97871
2026/09/22 21:47:28.020, 0, 87799, 97871
2026/09/22 21:47:28.021, 1, 88832, 97871
2026/09/22 21:47:28.021, 2, 87294, 97871
2026/09/22 21:47:28.021, 3, 87802, 97871
2026/09/22 21:47:28.221, 0, 87799, 97871
2026/09/22 21:47:28.221, 1, 88832, 97871
2026/09/22 21:47:28.221, 2, 87294, 97871
2026/09/22 21:47:28.221, 3, 87802, 97871
2026/09/22 21:47:28.421, 0, 87799, 97871
2026/09/22 21:47:28.421, 1, 88832, 97871
2026/09/22 21:47:28.421, 2, 87294, 97871
2026/09/22 21:47:28.421, 3, 87802, 97871
2026/09/22 21:47:28.621, 0, 87799, 97871
2026/09/22 21:47:28.621, 1, 88832, 97871
2026/09/22 21:47:28.622, 2, 87294, 97871
2026/09/22 21:47:28.622, 3, 87802, 97871
2026/09/22 21:47:28.822, 0, 87799, 97871
2026/09/22 21:47:28.822, 1, 88832, 97871
2026/09/22 21:47:28.822, 2, 87294, 97871
2026/09/22 21:47:28.822, 3, 87802, 97871
2026/09/22 21:47:29.022, 0, 87799, 97871
2026/09/22 21:47:29.022, 1, 88832, 97871
2026/09/22 21:47:29.022, 2, 87294, 97871
2026/09/22 21:47:29.022, 3, 87802, 97871
2026/09/22 21:47:29.223, 0, 87799, 97871
2026/09/22 21:47:29.223, 1, 88832, 97871
2026/09/22 21:47:29.223, 2, 87294, 97871
2026/09/22 21:47:29.223, 3, 87802, 97871
2026/09/22 21:47:29.423, 0, 87799, 97871
2026/09/22 21:47:29.423, 1, 88832, 97871
2026/09/22 21:47:29.423, 2, 87294, 97871
2026/09/22 21:47:29.423, 3, 87802, 97871
2026/09/22 21:47:29.623, 0, 87799, 97871
2026/09/22 21:47:29.623, 1, 88832, 97871
2026/09/22 21:47:29.623, 2, 87294, 97871
2026/09/22 21:47:29.623, 3, 87802, 97871
2026/09/22 21:47:29.824, 0, 87799, 97871
2026/09/22 21:47:29.824, 1, 88832, 97871
2026/09/22 21:47:29.824, 2, 87294, 97871
2026/09/22 21:47:29.824, 3, 87802, 97871
2026/09/22 21:47:30.024, 0, 87799, 97871
2026/09/22 21:47:30.024, 1, 88832, 97871
2026/09/22 21:47:30.024, 2, 87294, 97871
2026/09/22 21:47:30.024, 3, 87802, 97871
2026/09/22 21:47:30.224, 0, 87799, 97871
2026/09/22 21:47:30.224, 1, 88832, 97871
2026/09/22 21:47:30.224, 2, 87294, 97871
2026/09/22 21:47:30.224, 3, 87802, 97871
2026/09/22 21:47:30.425, 0, 87799, 97871
2026/09/22 21:47:30.425, 1, 88832, 97871
2026/09/22 21:47:30.425, 2, 87294, 97871
2026/09/22 21:47:30.425, 3, 87802, 97871
2026/09/22 21:47:30.625, 0, 87799, 97871
2026/09/22 21:47:30.625, 1, 88832, 97871
2026/09/22 21:47:30.625, 2, 87294, 97871
2026/09/22 21:47:30.625, 3, 87802, 97871
2026/09/22 21:47:30.825, 0, 87799, 97871
2026/09/22 21:47:30.825, 1, 88832, 97871
2026/09/22 21:47:30.825, 2, 87294, 97871
2026/09/22 21:47:30.825, 3, 87802, 97871
2026/09/22 21:47:31.025, 0, 87799, 97871
2026/09/22 21:47:31.026, 1, 88832, 97871
2026/09/22 21:47:31.026, 2, 87294, 97871
2026/09/22 21:47:31.026, 3, 87802, 97871
2026/09/22 21:47:31.226, 0, 87799, 97871
2026/09/22 21:47:31.226, 1, 88832, 97871
2026/09/22 21:47:31.226, 2, 87294, 97871
2026/09/22 21:47:31.226, 3, 87802, 97871
2026/09/22 21:47:31.426, 0, 87799, 97871
2026/09/22 21:47:31.426, 1, 88832, 97871
2026/09/22 21:47:31.426, 2, 87294, 97871
2026/09/22 21:47:31.426, 3, 87802, 97871
2026/09/22 21:47:31.626, 0, 87799, 97871
2026/09/22 21:47:31.626, 1, 88832, 97871
2026/09/22 21:47:31.626, 2, 87294, 97871
2026/09/22 21:47:31.626, 3, 87802, 97871
2026/09/22 21:47:31.827, 0, 87799, 97871
2026/09/22 21:47:31.827, 1, 88832, 97871
2026/09/22 21:47:31.827, 2, 87294, 97871
2026/09/22 21:47:31.827, 3, 87802, 97871
2026/09/22 21:47:32.027, 0, 87799, 97871
2026/09/22 21:47:32.027, 1, 88832, 97871
2026/09/22 21:47:32.027, 2, 87294, 97871
2026/09/22 21:47:32.027, 3, 87802, 97871
2026/09/22 21:47:32.227, 0, 87799, 97871
2026/09/22 21:47:32.227, 1, 88832, 97871
2026/09/22 21:47:32.227, 2, 87294, 97871
2026/09/22 21:47:32.227, 3, 87802, 97871
2026/09/22 21:47:32.427, 0, 87799, 97871
2026/09/22 21:47:32.427, 1, 88832, 97871
2026/09/22 21:47:32.427, 2, 87294, 97871
2026/09/22 21:47:32.428, 3, 87802, 97871
2026/09/22 21:47:32.628, 0, 87799, 97871
2026/09/22 21:47:32.628, 1, 88832, 97871
2026/09/22 21:47:32.628, 2, 87294, 97871
2026/09/22 21:47:32.628, 3, 87802, 97871
2026/09/22 21:47:32.828, 0, 87799, 97871
2026/09/22 21:47:32.828, 1, 88832, 97871
2026/09/22 21:47:32.828, 2, 87294, 97871
2026/09/22 21:47:32.828, 3, 87802, 97871
2026/09/22 21:47:33.028, 0, 87799, 97871
2026/09/22 21:47:33.028, 1, 88832, 97871
2026/09/22 21:47:33.028, 2, 87294, 97871
2026/09/22 21:47:33.028, 3, 87802, 97871
2026/09/22 21:47:33.229, 0, 87799, 97871
2026/09/22 21:47:33.229, 1, 88832, 97871
2026/09/22 21:47:33.229, 2, 87294, 97871
2026/09/22 21:47:33.229, 3, 87802, 97871
2026/09/22 21:47:33.429, 0, 87799, 97871
2026/09/22 21:47:33.429, 1, 88832, 97871
2026/09/22 21:47:33.429, 2, 87294, 97871
2026/09/22 21:47:33.429, 3, 87802, 97871
2026/09/22 21:47:33.629, 0, 87799, 97871
2026/09/22 21:47:33.629, 1, 88832, 97871
2026/09/22 21:47:33.629, 2, 87294, 97871
2026/09/22 21:47:33.629, 3, 87802, 97871
2026/09/22 21:47:33.829, 0, 87799, 97871
2026/09/22 21:47:33.830, 1, 88832, 97871
2026/09/22 21:47:33.830, 2, 87294, 97871
2026/09/22 21:47:33.830, 3, 87802, 97871
2026/09/22 21:47:34.030, 0, 87799, 97871
2026/09/22 21:47:34.030, 1, 88832, 97871
2026/09/22 21:47:34.030, 2, 87294, 97871
2026/09/22 21:47:34.030, 3, 87802, 97871
2026/09/22 21:47:34.230, 0, 87799, 97871
2026/09/22 21:47:34.230, 1, 88832, 97871
2026/09/22 21:47:34.230, 2, 87294, 97871
2026/09/22 21:47:34.230, 3, 87802, 97871
2026/09/22 21:47:34.430, 0, 87799, 97871
2026/09/22 21:47:34.430, 1, 88832, 97871
2026/09/22 21:47:34.430, 2, 87294, 97871
2026/09/22 21:47:34.430, 3, 87802, 97871
2026/09/22 21:47:34.631, 0, 87799, 97871
2026/09/22 21:47:34.631, 1, 88832, 97871
2026/09/22 21:47:34.631, 2, 87294, 97871
2026/09/22 21:47:34.631, 3, 87802, 97871
2026/09/22 21:47:34.831, 0, 87799, 97871
2026/09/22 21:47:34.831, 1, 88832, 97871
2026/09/22 21:47:34.831, 2, 87294, 97871
2026/09/22 21:47:34.831, 3, 87802, 97871
2026/09/22 21:47:35.031, 0, 87799, 97871
2026/09/22 21:47:35.031, 1, 88832, 97871
2026/09/22 21:47:35.031, 2, 87294, 97871
2026/09/22 21:47:35.031, 3, 87802, 97871
2026/09/22 21:47:35.232, 0, 87799, 97871
2026/09/22 21:47:35.232, 1, 88832, 97871
2026/09/22 21:47:35.232, 2, 87294, 97871
2026/09/22 21:47:35.232, 3, 87802, 97871
2026/09/22 21:47:35.432, 0, 87799, 97871
2026/09/22 21:47:35.432, 1, 88832, 97871
2026/09/22 21:47:35.432, 2, 87294, 97871
2026/09/22 21:47:35.432, 3, 87802, 97871
2026/09/22 21:47:35.632, 0, 87799, 97871
2026/09/22 21:47:35.632, 1, 88832, 97871
2026/09/22 21:47:35.632, 2, 87294, 97871
2026/09/22 21:47:35.632, 3, 87802, 97871
2026/09/22 21:47:35.832, 0, 87799, 97871
2026/09/22 21:47:35.833, 1, 88832, 97871
2026/09/22 21:47:35.833, 2, 87294, 97871
2026/09/22 21:47:35.833, 3, 87802, 97871
2026/09/22 21:47:36.033, 0, 87799, 97871
2026/09/22 21:47:36.033, 1, 88832, 97871
2026/09/22 21:47:36.033, 2, 87294, 97871
2026/09/22 21:47:36.033, 3, 87802, 97871
2026/09/22 21:47:36.233, 0, 87799, 97871
2026/09/22 21:47:36.233, 1, 88832, 97871
2026/09/22 21:47:36.233, 2, 87294, 97871
2026/09/22 21:47:36.233, 3, 87802, 97871
2026/09/22 21:47:36.433, 0, 87799, 97871
2026/09/22 21:47:36.434, 1, 88832, 97871
2026/09/22 21:47:36.434, 2, 87294, 97871
2026/09/22 21:47:36.434, 3, 87802, 97871
2026/09/22 21:47:36.634, 0, 87799, 97871
2026/09/22 21:47:36.634, 1, 88832, 97871
2026/09/22 21:47:36.634, 2, 87294, 97871
2026/09/22 21:47:36.634, 3, 87802, 97871
2026/09/22 21:47:36.834, 0, 87799, 97871
2026/09/22 21:47:36.834, 1, 88832, 97871
2026/09/22 21:47:36.834, 2, 87294, 97871
2026/09/22 21:47:36.834, 3, 87802, 97871
2026/09/22 21:47:37.034, 0, 87799, 97871
2026/09/22 21:47:37.034, 1, 88832, 97871
2026/09/22 21:47:37.035, 2, 87294, 97871
2026/09/22 21:47:37.035, 3, 87802, 97871
2026/09/22 21:47:37.235, 0, 87799, 97871
2026/09/22 21:47:37.235, 1, 88832, 97871
2026/09/22 21:47:37.235, 2, 87294, 97871
2026/09/22 21:47:37.235, 3, 87802, 97871
2026/09/22 21:47:37.435, 0, 87799, 97871
2026/09/22 21:47:37.435, 1, 88832, 97871
2026/09/22 21:47:37.435, 2, 87294, 97871
2026/09/22 21:47:37.435, 3, 87802, 97871
2026/09/22 21:47:37.635, 0, 87799, 97871
2026/09/22 21:47:37.635, 1, 88832, 97871
2026/09/22 21:47:37.636, 2, 87294, 97871
2026/09/22 21:47:37.636, 3, 87802, 97871
2026/09/22 21:47:37.836, 0, 87799, 97871
2026/09/22 21:47:37.836, 1, 88832, 97871
2026/09/22 21:47:37.836, 2, 87294, 97871
2026/09/22 21:47:37.836, 3, 87802, 97871
2026/09/22 21:47:38.036, 0, 87799, 97871
2026/09/22 21:47:38.036, 1, 88832, 97871
2026/09/22 21:47:38.036, 2, 87294, 97871
2026/09/22 21:47:38.036, 3, 87802, 97871
2026/09/22 21:47:38.236, 0, 87799, 97871
2026/09/22 21:47:38.236, 1, 88832, 97871
2026/09/22 21:47:38.237, 2, 87294, 97871
2026/09/22 21:47:38.237, 3, 87802, 97871
2026/09/22 21:47:38.437, 0, 87799, 97871
2026/09/22 21:47:38.437, 1, 88832, 97871
2026/09/22 21:47:38.437, 2, 87294, 97871
2026/09/22 21:47:38.437, 3, 87802, 97871
2026/09/22 21:47:38.637, 0, 87799, 97871
2026/09/22 21:47:38.637, 1, 88832, 97871
2026/09/22 21:47:38.637, 2, 87294, 97871
2026/09/22 21:47:38.637, 3, 87802, 97871
2026/09/22 21:47:38.837, 0, 87799, 97871
2026/09/22 21:47:38.837, 1, 88832, 97871
2026/09/22 21:47:38.837, 2, 87294, 97871
2026/09/22 21:47:38.837, 3, 87802, 97871
2026/09/22 21:47:39.038, 0, 87799, 97871
2026/09/22 21:47:39.038, 1, 88832, 97871
2026/09/22 21:47:39.038, 2, 87294, 97871
2026/09/22 21:47:39.038, 3, 87802, 97871
2026/09/22 21:47:39.238, 0, 87799, 97871
2026/09/22 21:47:39.238, 1, 88832, 97871
2026/09/22 21:47:39.238, 2, 87294, 97871
2026/09/22 21:47:39.238, 3, 87802, 97871
2026/09/22 21:47:39.438, 0, 87799, 97871
2026/09/22 21:47:39.438, 1, 88832, 97871
2026/09/22 21:47:39.438, 2, 87294, 97871
2026/09/22 21:47:39.438, 3, 87802, 97871
2026/09/22 21:47:39.639, 0, 87799, 97871
2026/09/22 21:47:39.649, 1, 88832, 97871
2026/09/22 21:47:39.649, 2, 87294, 97871
2026/09/22 21:47:39.649, 3, 87802, 97871
2026/09/22 21:47:39.849, 0, 87799, 97871
2026/09/22 21:47:39.849, 1, 88832, 97871
2026/09/22 21:47:39.849, 2, 87294, 97871
2026/09/22 21:47:39.849, 3, 87802, 97871
2026/09/22 21:47:40.049, 0, 87799, 97871
2026/09/22 21:47:40.049, 1, 88832, 97871
2026/09/22 21:47:40.049, 2, 87294, 97871
2026/09/22 21:47:40.050, 3, 87802, 97871
2026/09/22 21:47:40.250, 0, 87799, 97871
2026/09/22 21:47:40.250, 1, 88832, 97871
2026/09/22 21:47:40.250, 2, 87294, 97871
2026/09/22 21:47:40.250, 3, 87802, 97871
2026/09/22 21:47:40.450, 0, 87799, 97871
2026/09/22 21:47:40.450, 1, 88832, 97871
2026/09/22 21:47:40.450, 2, 87294, 97871
2026/09/22 21:47:40.450, 3, 87802, 97871
2026/09/22 21:47:40.650, 0, 87799, 97871
2026/09/22 21:47:40.650, 1, 88832, 97871
2026/09/22 21:47:40.650, 2, 87294, 97871
2026/09/22 21:47:40.650, 3, 87802, 97871
2026/09/22 21:47:40.850, 0, 87799, 97871
2026/09/22 21:47:40.851, 1, 88832, 97871
2026/09/22 21:47:40.851, 2, 87294, 97871
2026/09/22 21:47:40.851, 3, 87802, 97871
2026/09/22 21:47:41.051, 0, 87799, 97871
2026/09/22 21:47:41.051, 1, 88832, 97871
2026/09/22 21:47:41.051, 2, 87294, 97871
2026/09/22 21:47:41.051, 3, 87802, 97871
2026/09/22 21:47:41.251, 0, 87799, 97871
2026/09/22 21:47:41.251, 1, 88832, 97871
2026/09/22 21:47:41.251, 2, 87294, 97871
2026/09/22 21:47:41.251, 3, 87802, 97871
2026/09/22 21:47:41.451, 0, 87799, 97871
2026/09/22 21:47:41.452, 1, 88832, 97871
2026/09/22 21:47:41.452, 2, 87294, 97871
2026/09/22 21:47:41.452, 3, 87802, 97871
2026/09/22 21:47:41.652, 0, 87799, 97871
2026/09/22 21:47:41.652, 1, 88832, 97871
2026/09/22 21:47:41.652, 2, 87294, 97871
2026/09/22 21:47:41.652, 3, 87802, 97871
2026/09/22 21:47:41.852, 0, 87799, 97871
2026/09/22 21:47:41.852, 1, 88832, 97871
2026/09/22 21:47:41.852, 2, 87294, 97871
2026/09/22 21:47:41.852, 3, 87802, 97871
2026/09/22 21:47:42.052, 0, 87799, 97871
2026/09/22 21:47:42.052, 1, 88832, 97871
2026/09/22 21:47:42.053, 2, 87294, 97871
2026/09/22 21:47:42.053, 3, 87802, 97871
2026/09/22 21:47:42.253, 0, 87799, 97871
2026/09/22 21:47:42.253, 1, 88832, 97871
2026/09/22 21:47:42.253, 2, 87294, 97871
2026/09/22 21:47:42.253, 3, 87802, 97871
2026/09/22 21:47:42.453, 0, 87799, 97871
2026/09/22 21:47:42.453, 1, 88832, 97871
2026/09/22 21:47:42.453, 2, 87294, 97871
2026/09/22 21:47:42.453, 3, 87802, 97871
2026/09/22 21:47:42.653, 0, 87799, 97871
2026/09/22 21:47:42.653, 1, 88832, 97871
2026/09/22 21:47:42.653, 2, 87294, 97871
2026/09/22 21:47:42.653, 3, 87802, 97871
2026/09/22 21:47:42.854, 0, 87799, 97871
2026/09/22 21:47:42.854, 1, 88832, 97871
2026/09/22 21:47:42.854, 2, 87294, 97871
2026/09/22 21:47:42.854, 3, 87802, 97871
2026/09/22 21:47:43.054, 0, 87799, 97871
2026/09/22 21:47:43.054, 1, 88832, 97871
2026/09/22 21:47:43.054, 2, 87294, 97871
2026/09/22 21:47:43.054, 3, 87802, 97871
2026/09/22 21:47:43.254, 0, 87799, 97871
2026/09/22 21:47:43.254, 1, 88832, 97871
2026/09/22 21:47:43.254, 2, 87294, 97871
2026/09/22 21:47:43.254, 3, 87802, 97871
2026/09/22 21:47:43.455, 0, 87799, 97871
2026/09/22 21:47:43.455, 1, 88832, 97871
2026/09/22 21:47:43.455, 2, 87294, 97871
2026/09/22 21:47:43.455, 3, 87802, 97871
2026/09/22 21:47:43.655, 0, 87799, 97871
2026/09/22 21:47:43.655, 1, 88832, 97871
2026/09/22 21:47:43.655, 2, 87294, 97871
2026/09/22 21:47:43.655, 3, 87802, 97871
2026/09/22 21:47:43.855, 0, 87799, 97871
2026/09/22 21:47:43.855, 1, 88832, 97871
2026/09/22 21:47:43.855, 2, 87294, 97871
2026/09/22 21:47:43.855, 3, 87802, 97871
2026/09/22 21:47:44.055, 0, 87799, 97871
2026/09/22 21:47:44.056, 1, 88832, 97871
2026/09/22 21:47:44.056, 2, 87294, 97871
2026/09/22 21:47:44.056, 3, 87802, 97871
2026/09/22 21:47:44.256, 0, 87799, 97871
2026/09/22 21:47:44.256, 1, 88832, 97871
2026/09/22 21:47:44.256, 2, 87294, 97871
2026/09/22 21:47:44.256, 3, 87802, 97871
2026/09/22 21:47:44.456, 0, 87799, 97871
2026/09/22 21:47:44.456, 1, 88832, 97871
2026/09/22 21:47:44.456, 2, 87294, 97871
2026/09/22 21:47:44.456, 3, 87802, 97871
2026/09/22 21:47:44.656, 0, 87799, 97871
2026/09/22 21:47:44.656, 1, 88832, 97871
2026/09/22 21:47:44.656, 2, 87294, 97871
2026/09/22 21:47:44.656, 3, 87802, 97871
2026/09/22 21:47:44.857, 0, 87799, 97871
2026/09/22 21:47:44.857, 1, 88832, 97871
2026/09/22 21:47:44.857, 2, 87294, 97871
2026/09/22 21:47:44.857, 3, 87802, 97871
2026/09/22 21:47:45.057, 0, 87799, 97871
2026/09/22 21:47:45.057, 1, 88832, 97871
2026/09/22 21:47:45.057, 2, 87294, 97871
2026/09/22 21:47:45.057, 3, 87802, 97871
2026/09/22 21:47:45.257, 0, 87799, 97871
2026/09/22 21:47:45.257, 1, 88832, 97871
2026/09/22 21:47:45.257, 2, 87294, 97871
2026/09/22 21:47:45.257, 3, 87802, 97871
2026/09/22 21:47:45.457, 0, 87799, 97871
2026/09/22 21:47:45.458, 1, 88832, 97871
2026/09/22 21:47:45.458, 2, 87294, 97871
2026/09/22 21:47:45.458, 3, 87802, 97871
2026/09/22 21:47:45.658, 0, 87799, 97871
2026/09/22 21:47:45.658, 1, 88832, 97871
2026/09/22 21:47:45.658, 2, 87294, 97871
2026/09/22 21:47:45.658, 3, 87802, 97871
2026/09/22 21:47:45.858, 0, 87799, 97871
2026/09/22 21:47:45.858, 1, 88832, 97871
2026/09/22 21:47:45.858, 2, 87294, 97871
2026/09/22 21:47:45.858, 3, 87802, 97871
2026/09/22 21:47:46.058, 0, 87799, 97871
2026/09/22 21:47:46.058, 1, 88832, 97871
2026/09/22 21:47:46.058, 2, 87294, 97871
2026/09/22 21:47:46.058, 3, 87802, 97871
2026/09/22 21:47:46.259, 0, 87799, 97871
2026/09/22 21:47:46.259, 1, 88832, 97871
2026/09/22 21:47:46.259, 2, 87294, 97871
2026/09/22 21:47:46.259, 3, 87802, 97871
2026/09/22 21:47:46.459, 0, 87799, 97871
2026/09/22 21:47:46.459, 1, 88832, 97871
2026/09/22 21:47:46.459, 2, 87294, 97871
2026/09/22 21:47:46.459, 3, 87802, 97871
2026/09/22 21:47:46.659, 0, 87799, 97871
2026/09/22 21:47:46.659, 1, 88832, 97871
2026/09/22 21:47:46.659, 2, 87294, 97871
2026/09/22 21:47:46.659, 3, 87802, 97871
2026/09/22 21:47:46.859, 0, 87799, 97871
2026/09/22 21:47:46.860, 1, 88832, 97871
2026/09/22 21:47:46.860, 2, 87294, 97871
2026/09/22 21:47:46.860, 3, 87802, 97871
2026/09/22 21:47:47.060, 0, 87799, 97871
2026/09/22 21:47:47.060, 1, 88832, 97871
2026/09/22 21:47:47.060, 2, 87294, 97871
2026/09/22 21:47:47.060, 3, 87802, 97871
2026/09/22 21:47:47.260, 0, 87799, 97871
2026/09/22 21:47:47.260, 1, 88832, 97871
2026/09/22 21:47:47.260, 2, 87294, 97871
2026/09/22 21:47:47.260, 3, 87802, 97871
2026/09/22 21:47:47.460, 0, 87799, 97871
2026/09/22 21:47:47.460, 1, 88832, 97871
2026/09/22 21:47:47.460, 2, 87294, 97871
2026/09/22 21:47:47.461, 3, 87802, 97871
2026/09/22 21:47:47.661, 0, 87799, 97871
2026/09/22 21:47:47.661, 1, 88832, 97871
2026/09/22 21:47:47.661, 2, 87294, 97871
2026/09/22 21:47:47.661, 3, 87802, 97871
2026/09/22 21:47:47.861, 0, 87799, 97871
2026/09/22 21:47:47.861, 1, 88832, 97871
2026/09/22 21:47:47.861, 2, 87294, 97871
2026/09/22 21:47:47.861, 3, 87802, 97871
2026/09/22 21:47:48.061, 0, 87799, 97871
2026/09/22 21:47:48.061, 1, 88832, 97871
2026/09/22 21:47:48.061, 2, 87294, 97871
2026/09/22 21:47:48.062, 3, 87802, 97871
2026/09/22 21:47:48.262, 0, 87799, 97871
2026/09/22 21:47:48.262, 1, 88832, 97871
2026/09/22 21:47:48.262, 2, 87294, 97871
2026/09/22 21:47:48.262, 3, 87802, 97871
2026/09/22 21:47:48.462, 0, 87799, 97871
2026/09/22 21:47:48.462, 1, 88832, 97871
2026/09/22 21:47:48.462, 2, 87294, 97871
2026/09/22 21:47:48.462, 3, 87802, 97871
2026/09/22 21:47:48.662, 0, 87799, 97871
2026/09/22 21:47:48.662, 1, 88832, 97871
2026/09/22 21:47:48.662, 2, 87294, 97871
2026/09/22 21:47:48.662, 3, 87802, 97871
2026/09/22 21:47:48.863, 0, 87799, 97871
2026/09/22 21:47:48.863, 1, 88832, 97871
2026/09/22 21:47:48.863, 2, 87294, 97871
2026/09/22 21:47:48.863, 3, 87802, 97871
2026/09/22 21:47:49.063, 0, 87799, 97871
2026/09/22 21:47:49.063, 1, 88832, 97871
2026/09/22 21:47:49.063, 2, 87294, 97871
2026/09/22 21:47:49.063, 3, 87802, 97871
2026/09/22 21:47:49.263, 0, 87799, 97871
2026/09/22 21:47:49.263, 1, 88832, 97871
2026/09/22 21:47:49.263, 2, 87294, 97871
2026/09/22 21:47:49.264, 3, 87802, 97871
2026/09/22 21:47:49.464, 0, 87799, 97871
2026/09/22 21:47:49.464, 1, 88832, 97871
2026/09/22 21:47:49.464, 2, 87294, 97871
2026/09/22 21:47:49.464, 3, 87802, 97871
2026/09/22 21:47:49.664, 0, 87799, 97871
2026/09/22 21:47:49.664, 1, 88832, 97871
2026/09/22 21:47:49.664, 2, 87294, 97871
2026/09/22 21:47:49.664, 3, 87802, 97871
2026/09/22 21:47:49.864, 0, 87799, 97871
2026/09/22 21:47:49.864, 1, 88832, 97871
2026/09/22 21:47:49.864, 2, 87294, 97871
2026/09/22 21:47:49.864, 3, 87802, 97871
2026/09/22 21:47:50.064, 0, 87799, 97871
2026/09/22 21:47:50.065, 1, 88832, 97871
2026/09/22 21:47:50.065, 2, 87294, 97871
2026/09/22 21:47:50.065, 3, 87802, 97871
2026/09/22 21:47:50.265, 0, 87799, 97871
2026/09/22 21:47:50.265, 1, 88832, 97871
2026/09/22 21:47:50.265, 2, 87294, 97871
2026/09/22 21:47:50.265, 3, 87802, 97871
2026/09/22 21:47:50.465, 0, 87799, 97871
2026/09/22 21:47:50.465, 1, 88832, 97871
2026/09/22 21:47:50.465, 2, 87294, 97871
2026/09/22 21:47:50.465, 3, 87802, 97871
2026/09/22 21:47:50.665, 0, 87799, 97871
2026/09/22 21:47:50.666, 1, 88832, 97871
2026/09/22 21:47:50.666, 2, 87294, 97871
2026/09/22 21:47:50.666, 3, 87802, 97871
2026/09/22 21:47:50.866, 0, 87799, 97871
2026/09/22 21:47:50.866, 1, 88832, 97871
2026/09/22 21:47:50.866, 2, 87294, 97871
2026/09/22 21:47:50.866, 3, 87802, 97871
2026/09/22 21:47:51.066, 0, 87799, 97871
2026/09/22 21:47:51.066, 1, 88832, 97871
2026/09/22 21:47:51.066, 2, 87294, 97871
2026/09/22 21:47:51.066, 3, 87802, 97871
2026/09/22 21:47:51.266, 0, 87799, 97871
2026/09/22 21:47:51.266, 1, 88832, 97871
2026/09/22 21:47:51.267, 2, 87294, 97871
2026/09/22 21:47:51.267, 3, 87802, 97871
2026/09/22 21:47:51.467, 0, 87799, 97871
2026/09/22 21:47:51.467, 1, 88832, 97871
2026/09/22 21:47:51.467, 2, 87294, 97871
2026/09/22 21:47:51.467, 3, 87802, 97871
2026/09/22 21:47:51.667, 0, 87799, 97871
2026/09/22 21:47:51.667, 1, 88832, 97871
2026/09/22 21:47:51.667, 2, 87294, 97871
2026/09/22 21:47:51.667, 3, 87802, 97871
2026/09/22 21:47:51.867, 0, 87799, 97871
2026/09/22 21:47:51.867, 1, 88832, 97871
2026/09/22 21:47:51.867, 2, 87294, 97871
2026/09/22 21:47:51.867, 3, 87802, 97871
2026/09/22 21:47:52.068, 0, 87799, 97871
2026/09/22 21:47:52.068, 1, 88832, 97871
2026/09/22 21:47:52.068, 2, 87294, 97871
2026/09/22 21:47:52.068, 3, 87802, 97871
2026/09/22 21:47:52.268, 0, 87799, 97871
2026/09/22 21:47:52.268, 1, 88832, 97871
2026/09/22 21:47:52.268, 2, 87294, 97871
2026/09/22 21:47:52.268, 3, 87802, 97871
2026/09/22 21:47:52.468, 0, 87799, 97871
2026/09/22 21:47:52.468, 1, 88832, 97871
2026/09/22 21:47:52.468, 2, 87294, 97871
2026/09/22 21:47:52.468, 3, 87802, 97871
2026/09/22 21:47:52.668, 0, 87799, 97871
2026/09/22 21:47:52.669, 1, 88832, 97871
2026/09/22 21:47:52.669, 2, 87294, 97871
2026/09/22 21:47:52.669, 3, 87802, 97871
2026/09/22 21:47:52.869, 0, 87799, 97871
2026/09/22 21:47:52.869, 1, 88832, 97871
2026/09/22 21:47:52.869, 2, 87294, 97871
2026/09/22 21:47:52.869, 3, 87802, 97871
2026/09/22 21:47:53.069, 0, 87799, 97871
2026/09/22 21:47:53.069, 1, 88832, 97871
2026/09/22 21:47:53.069, 2, 87294, 97871
2026/09/22 21:47:53.069, 3, 87802, 97871
2026/09/22 21:47:53.270, 0, 87799, 97871
2026/09/22 21:47:53.270, 1, 88832, 97871
2026/09/22 21:47:53.270, 2, 87294, 97871
2026/09/22 21:47:53.270, 3, 87802, 97871
2026/09/22 21:47:53.470, 0, 87799, 97871
2026/09/22 21:47:53.470, 1, 88832, 97871
2026/09/22 21:47:53.470, 2, 87294, 97871
2026/09/22 21:47:53.470, 3, 87802, 97871
2026/09/22 21:47:53.670, 0, 87799, 97871
2026/09/22 21:47:53.670, 1, 88832, 97871
2026/09/22 21:47:53.671, 2, 87294, 97871
2026/09/22 21:47:53.671, 3, 87802, 97871
2026/09/22 21:47:53.871, 0, 87799, 97871
2026/09/22 21:47:53.871, 1, 88832, 97871
2026/09/22 21:47:53.871, 2, 87294, 97871
2026/09/22 21:47:53.871, 3, 87802, 97871
2026/09/22 21:47:54.071, 0, 87799, 97871
2026/09/22 21:47:54.071, 1, 88832, 97871
2026/09/22 21:47:54.071, 2, 87294, 97871
2026/09/22 21:47:54.071, 3, 87802, 97871
2026/09/22 21:47:54.271, 0, 87799, 97871
2026/09/22 21:47:54.271, 1, 88832, 97871
2026/09/22 21:47:54.272, 2, 87294, 97871
2026/09/22 21:47:54.272, 3, 87802, 97871
2026/09/22 21:47:54.472, 0, 87799, 97871
2026/09/22 21:47:54.472, 1, 88832, 97871
2026/09/22 21:47:54.472, 2, 87294, 97871
2026/09/22 21:47:54.472, 3, 87802, 97871
2026/09/22 21:47:54.672, 0, 87799, 97871
2026/09/22 21:47:54.672, 1, 88832, 97871
2026/09/22 21:47:54.672, 2, 87294, 97871
2026/09/22 21:47:54.672, 3, 87802, 97871
2026/09/22 21:47:54.872, 0, 87799, 97871
2026/09/22 21:47:54.872, 1, 88832, 97871
2026/09/22 21:47:54.872, 2, 87294, 97871
2026/09/22 21:47:54.872, 3, 87802, 97871
2026/09/22 21:47:55.072, 0, 87799, 97871
2026/09/22 21:47:55.073, 1, 88832, 97871
2026/09/22 21:47:55.073, 2, 87294, 97871
2026/09/22 21:47:55.073, 3, 87802, 97871
2026/09/22 21:47:55.273, 0, 87799, 97871
2026/09/22 21:47:55.273, 1, 88832, 97871
2026/09/22 21:47:55.273, 2, 87294, 97871
2026/09/22 21:47:55.273, 3, 87802, 97871
2026/09/22 21:47:55.473, 0, 87799, 97871
2026/09/22 21:47:55.473, 1, 88832, 97871
2026/09/22 21:47:55.473, 2, 87294, 97871
2026/09/22 21:47:55.473, 3, 87802, 97871
2026/09/22 21:47:55.673, 0, 87799, 97871
2026/09/22 21:47:55.673, 1, 88832, 97871
2026/09/22 21:47:55.674, 2, 87294, 97871
2026/09/22 21:47:55.674, 3, 87802, 97871
2026/09/22 21:47:55.874, 0, 87799, 97871
2026/09/22 21:47:55.874, 1, 88832, 97871
2026/09/22 21:47:55.874, 2, 87294, 97871
2026/09/22 21:47:55.874, 3, 87802, 97871
2026/09/22 21:47:56.074, 0, 87799, 97871
2026/09/22 21:47:56.074, 1, 88832, 97871
2026/09/22 21:47:56.074, 2, 87294, 97871
2026/09/22 21:47:56.074, 3, 87802, 97871
2026/09/22 21:47:56.274, 0, 87799, 97871
2026/09/22 21:47:56.274, 1, 88832, 97871
2026/09/22 21:47:56.274, 2, 87294, 97871
2026/09/22 21:47:56.275, 3, 87802, 97871
2026/09/22 21:47:56.475, 0, 87799, 97871
2026/09/22 21:47:56.475, 1, 88832, 97871
2026/09/22 21:47:56.475, 2, 87294, 97871
2026/09/22 21:47:56.475, 3, 87802, 97871
2026/09/22 21:47:56.675, 0, 87799, 97871
2026/09/22 21:47:56.675, 1, 88832, 97871
2026/09/22 21:47:56.675, 2, 87294, 97871
2026/09/22 21:47:56.675, 3, 87802, 97871
2026/09/22 21:47:56.875, 0, 87799, 97871
2026/09/22 21:47:56.875, 1, 88832, 97871
2026/09/22 21:47:56.875, 2, 87294, 97871
2026/09/22 21:47:56.875, 3, 87802, 97871
2026/09/22 21:47:57.076, 0, 87799, 97871
2026/09/22 21:47:57.076, 1, 88832, 97871
2026/09/22 21:47:57.076, 2, 87294, 97871
2026/09/22 21:47:57.076, 3, 87802, 97871
2026/09/22 21:47:57.276, 0, 87799, 97871
2026/09/22 21:47:57.276, 1, 88832, 97871
2026/09/22 21:47:57.276, 2, 87294, 97871
2026/09/22 21:47:57.276, 3, 87802, 97871
2026/09/22 21:47:57.476, 0, 87799, 97871
2026/09/22 21:47:57.476, 1, 88832, 97871
2026/09/22 21:47:57.476, 2, 87294, 97871
2026/09/22 21:47:57.476, 3, 87802, 97871
2026/09/22 21:47:57.676, 0, 87799, 97871
2026/09/22 21:47:57.677, 1, 88832, 97871
2026/09/22 21:47:57.677, 2, 87294, 97871
2026/09/22 21:47:57.677, 3, 87802, 97871
2026/09/22 21:47:57.877, 0, 87799, 97871
2026/09/22 21:47:57.877, 1, 88832, 97871
2026/09/22 21:47:57.877, 2, 87294, 97871
2026/09/22 21:47:57.877, 3, 87802, 97871
2026/09/22 21:47:58.077, 0, 87799, 97871
2026/09/22 21:47:58.077, 1, 88832, 97871
2026/09/22 21:47:58.077, 2, 87294, 97871
2026/09/22 21:47:58.077, 3, 87802, 97871
2026/09/22 21:47:58.277, 0, 87799, 97871
2026/09/22 21:47:58.277, 1, 88832, 97871
2026/09/22 21:47:58.277, 2, 87294, 97871
2026/09/22 21:47:58.277, 3, 87802, 97871
2026/09/22 21:47:58.478, 0, 87799, 97871
2026/09/22 21:47:58.478, 1, 88832, 97871
2026/09/22 21:47:58.478, 2, 87294, 97871
2026/09/22 21:47:58.478, 3, 87802, 97871
2026/09/22 21:47:58.678, 0, 87799, 97871
2026/09/22 21:47:58.678, 1, 88832, 97871
2026/09/22 21:47:58.678, 2, 87294, 97871
2026/09/22 21:47:58.678, 3, 87802, 97871
2026/09/22 21:47:58.878, 0, 87799, 97871
2026/09/22 21:47:58.878, 1, 88832, 97871
2026/09/22 21:47:58.878, 2, 87294, 97871
2026/09/22 21:47:58.878, 3, 87802, 97871
2026/09/22 21:47:59.079, 0, 87799, 97871
2026/09/22 21:47:59.079, 1, 88832, 97871
2026/09/22 21:47:59.079, 2, 87294, 97871
2026/09/22 21:47:59.079, 3, 87802, 97871
2026/09/22 21:47:59.279, 0, 87799, 97871
2026/09/22 21:47:59.279, 1, 88832, 97871
2026/09/22 21:47:59.279, 2, 87294, 97871
2026/09/22 21:47:59.279, 3, 87802, 97871
2026/09/22 21:47:59.479, 0, 87799, 97871
2026/09/22 21:47:59.479, 1, 88832, 97871
2026/09/22 21:47:59.479, 2, 87294, 97871
2026/09/22 21:47:59.479, 3, 87802, 97871
2026/09/22 21:47:59.679, 0, 87799, 97871
2026/09/22 21:47:59.680, 1, 88832, 97871
2026/09/22 21:47:59.680, 2, 87294, 97871
2026/09/22 21:47:59.680, 3, 87802, 97871
2026/09/22 21:47:59.880, 0, 87799, 97871
2026/09/22 21:47:59.880, 1, 88832, 97871
2026/09/22 21:47:59.880, 2, 87294, 97871
2026/09/22 21:47:59.880, 3, 87802, 97871
2026/09/22 21:48:00.080, 0, 87799, 97871
2026/09/22 21:48:00.080, 1, 88832, 97871
2026/09/22 21:48:00.080, 2, 87294, 97871
2026/09/22 21:48:00.080, 3, 87802, 97871
2026/09/22 21:48:00.280, 0, 87799, 97871
2026/09/22 21:48:00.280, 1, 88832, 97871
2026/09/22 21:48:00.280, 2, 87294, 97871
2026/09/22 21:48:00.281, 3, 87802, 97871
2026/09/22 21:48:00.481, 0, 87799, 97871
2026/09/22 21:48:00.481, 1, 88832, 97871
2026/09/22 21:48:00.481, 2, 87294, 97871
2026/09/22 21:48:00.481, 3, 87802, 97871
2026/09/22 21:48:00.681, 0, 87799, 97871
2026/09/22 21:48:00.681, 1, 88832, 97871
2026/09/22 21:48:00.681, 2, 87294, 97871
2026/09/22 21:48:00.681, 3, 87802, 97871
2026/09/22 21:48:00.881, 0, 87799, 97871
2026/09/22 21:48:00.881, 1, 88832, 97871
2026/09/22 21:48:00.882, 2, 87294, 97871
2026/09/22 21:48:00.882, 3, 87802, 97871
2026/09/22 21:48:01.082, 0, 87799, 97871
2026/09/22 21:48:01.082, 1, 88832, 97871
2026/09/22 21:48:01.082, 2, 87294, 97871
2026/09/22 21:48:01.082, 3, 87802, 97871
2026/09/22 21:48:01.282, 0, 87799, 97871
2026/09/22 21:48:01.282, 1, 88832, 97871
2026/09/22 21:48:01.282, 2, 87294, 97871
2026/09/22 21:48:01.282, 3, 87802, 97871
2026/09/22 21:48:01.482, 0, 87799, 97871
2026/09/22 21:48:01.482, 1, 88832, 97871
2026/09/22 21:48:01.482, 2, 87294, 97871
2026/09/22 21:48:01.482, 3, 87802, 97871
2026/09/22 21:48:01.682, 0, 87799, 97871
2026/09/22 21:48:01.683, 1, 88832, 97871
2026/09/22 21:48:01.683, 2, 87294, 97871
2026/09/22 21:48:01.683, 3, 87802, 97871
2026/09/22 21:48:01.883, 0, 87799, 97871
2026/09/22 21:48:01.883, 1, 88832, 97871
2026/09/22 21:48:01.883, 2, 87294, 97871
2026/09/22 21:48:01.883, 3, 87802, 97871
2026/09/22 21:48:02.083, 0, 87799, 97871
2026/09/22 21:48:02.083, 1, 88832, 97871
2026/09/22 21:48:02.083, 2, 87294, 97871
2026/09/22 21:48:02.083, 3, 87802, 97871
2026/09/22 21:48:02.283, 0, 87799, 97871
2026/09/22 21:48:02.284, 1, 88832, 97871
2026/09/22 21:48:02.284, 2, 87294, 97871
2026/09/22 21:48:02.284, 3, 87802, 97871
2026/09/22 21:48:02.484, 0, 87799, 97871
2026/09/22 21:48:02.484, 1, 88832, 97871
2026/09/22 21:48:02.484, 2, 87294, 97871
2026/09/22 21:48:02.484, 3, 87802, 97871
2026/09/22 21:48:02.684, 0, 87799, 97871
2026/09/22 21:48:02.684, 1, 88832, 97871
2026/09/22 21:48:02.684, 2, 87294, 97871
2026/09/22 21:48:02.684, 3, 87802, 97871
2026/09/22 21:48:02.884, 0, 87799, 97871
2026/09/22 21:48:02.884, 1, 88832, 97871
2026/09/22 21:48:02.884, 2, 87294, 97871
2026/09/22 21:48:02.885, 3, 87802, 97871
2026/09/22 21:48:03.085, 0, 87799, 97871
2026/09/22 21:48:03.085, 1, 88832, 97871
2026/09/22 21:48:03.085, 2, 87294, 97871
2026/09/22 21:48:03.085, 3, 87802, 97871
2026/09/22 21:48:03.285, 0, 87799, 97871
2026/09/22 21:48:03.285, 1, 88832, 97871
2026/09/22 21:48:03.285, 2, 87294, 97871
2026/09/22 21:48:03.285, 3, 87802, 97871
2026/09/22 21:48:03.485, 0, 87799, 97871
2026/09/22 21:48:03.485, 1, 88832, 97871
2026/09/22 21:48:03.485, 2, 87294, 97871
2026/09/22 21:48:03.485, 3, 87802, 97871
2026/09/22 21:48:03.686, 0, 87799, 97871
2026/09/22 21:48:03.686, 1, 88832, 97871
2026/09/22 21:48:03.686, 2, 87294, 97871
2026/09/22 21:48:03.686, 3, 87802, 97871
2026/09/22 21:48:03.886, 0, 87799, 97871
2026/09/22 21:48:03.886, 1, 88832, 97871
2026/09/22 21:48:03.886, 2, 87294, 97871
2026/09/22 21:48:03.886, 3, 87802, 97871
2026/09/22 21:48:04.086, 0, 87799, 97871
2026/09/22 21:48:04.086, 1, 88832, 97871
2026/09/22 21:48:04.086, 2, 87294, 97871
2026/09/22 21:48:04.086, 3, 87802, 97871
2026/09/22 21:48:04.286, 0, 87799, 97871
2026/09/22 21:48:04.287, 1, 88832, 97871
2026/09/22 21:48:04.287, 2, 87294, 97871
2026/09/22 21:48:04.287, 3, 87802, 97871
2026/09/22 21:48:04.487, 0, 87799, 97871
2026/09/22 21:48:04.487, 1, 88832, 97871
2026/09/22 21:48:04.487, 2, 87294, 97871
2026/09/22 21:48:04.487, 3, 87802, 97871
2026/09/22 21:48:04.687, 0, 87799, 97871
2026/09/22 21:48:04.687, 1, 88832, 97871
2026/09/22 21:48:04.687, 2, 87294, 97871
2026/09/22 21:48:04.687, 3, 87802, 97871
2026/09/22 21:48:04.887, 0, 87799, 97871
2026/09/22 21:48:04.887, 1, 88832, 97871
2026/09/22 21:48:04.887, 2, 87294, 97871
2026/09/22 21:48:04.888, 3, 87802, 97871
2026/09/22 21:48:05.088, 0, 87799, 97871
2026/09/22 21:48:05.088, 1, 88832, 97871
2026/09/22 21:48:05.088, 2, 87294, 97871
2026/09/22 21:48:05.088, 3, 87802, 97871
2026/09/22 21:48:05.288, 0, 87799, 97871
2026/09/22 21:48:05.288, 1, 88832, 97871
2026/09/22 21:48:05.288, 2, 87294, 97871
2026/09/22 21:48:05.288, 3, 87802, 97871
2026/09/22 21:48:05.488, 0, 87799, 97871
2026/09/22 21:48:05.488, 1, 88832, 97871
2026/09/22 21:48:05.488, 2, 87294, 97871
2026/09/22 21:48:05.488, 3, 87802, 97871
2026/09/22 21:48:05.689, 0, 87799, 97871
2026/09/22 21:48:05.689, 1, 88832, 97871
2026/09/22 21:48:05.689, 2, 87294, 97871
2026/09/22 21:48:05.689, 3, 87802, 97871
2026/09/22 21:48:05.889, 0, 87799, 97871
2026/09/22 21:48:05.889, 1, 88832, 97871
2026/09/22 21:48:05.889, 2, 87294, 97871
2026/09/22 21:48:05.889, 3, 87802, 97871
2026/09/22 21:48:06.089, 0, 87799, 97871
2026/09/22 21:48:06.089, 1, 88832, 97871
2026/09/22 21:48:06.089, 2, 87294, 97871
2026/09/22 21:48:06.089, 3, 87802, 97871
2026/09/22 21:48:06.289, 0, 87799, 97871
2026/09/22 21:48:06.290, 1, 88832, 97871
2026/09/22 21:48:06.290, 2, 87294, 97871
2026/09/22 21:48:06.290, 3, 87802, 97871
2026/09/22 21:48:06.490, 0, 87799, 97871
2026/09/22 21:48:06.490, 1, 88832, 97871
2026/09/22 21:48:06.490, 2, 87294, 97871
2026/09/22 21:48:06.490, 3, 87802, 97871
2026/09/22 21:48:06.690, 0, 87799, 97871
2026/09/22 21:48:06.690, 1, 88832, 97871
2026/09/22 21:48:06.690, 2, 87294, 97871
2026/09/22 21:48:06.690, 3, 87802, 97871
2026/09/22 21:48:06.891, 0, 87799, 97871
2026/09/22 21:48:06.891, 1, 88832, 97871
2026/09/22 21:48:06.891, 2, 87294, 97871
2026/09/22 21:48:06.891, 3, 87802, 97871
2026/09/22 21:48:07.091, 0, 87799, 97871
2026/09/22 21:48:07.091, 1, 88832, 97871
2026/09/22 21:48:07.091, 2, 87294, 97871
2026/09/22 21:48:07.091, 3, 87802, 97871
2026/09/22 21:48:07.291, 0, 87799, 97871
2026/09/22 21:48:07.291, 1, 88832, 97871
2026/09/22 21:48:07.291, 2, 87294, 97871
2026/09/22 21:48:07.291, 3, 87802, 97871
2026/09/22 21:48:07.492, 0, 87799, 97871
2026/09/22 21:48:07.492, 1, 88832, 97871
2026/09/22 21:48:07.492, 2, 87294, 97871
2026/09/22 21:48:07.492, 3, 87802, 97871
2026/09/22 21:48:07.692, 0, 87799, 97871
2026/09/22 21:48:07.692, 1, 88832, 97871
2026/09/22 21:48:07.692, 2, 87294, 97871
2026/09/22 21:48:07.692, 3, 87802, 97871
2026/09/22 21:48:07.892, 0, 87799, 97871
2026/09/22 21:48:07.892, 1, 88832, 97871
2026/09/22 21:48:07.892, 2, 87294, 97871
2026/09/22 21:48:07.893, 3, 87802, 97871
2026/09/22 21:48:08.093, 0, 87799, 97871
2026/09/22 21:48:08.093, 1, 88832, 97871
2026/09/22 21:48:08.093, 2, 87294, 97871
2026/09/22 21:48:08.093, 3, 87802, 97871
2026/09/22 21:48:08.293, 0, 87799, 97871
2026/09/22 21:48:08.293, 1, 88832, 97871
2026/09/22 21:48:08.293, 2, 87294, 97871
2026/09/22 21:48:08.293, 3, 87802, 97871
2026/09/22 21:48:08.493, 0, 87799, 97871
2026/09/22 21:48:08.493, 1, 88832, 97871
2026/09/22 21:48:08.494, 2, 87294, 97871
2026/09/22 21:48:08.494, 3, 87802, 97871
2026/09/22 21:48:08.694, 0, 87799, 97871
2026/09/22 21:48:08.694, 1, 88832, 97871
2026/09/22 21:48:08.694, 2, 87294, 97871
2026/09/22 21:48:08.694, 3, 87802, 97871
2026/09/22 21:48:08.894, 0, 87799, 97871
2026/09/22 21:48:08.894, 1, 88832, 97871
2026/09/22 21:48:08.894, 2, 87294, 97871
2026/09/22 21:48:08.894, 3, 87802, 97871
2026/09/22 21:48:09.094, 0, 87799, 97871
2026/09/22 21:48:09.094, 1, 88832, 97871
2026/09/22 21:48:09.095, 2, 87294, 97871
2026/09/22 21:48:09.095, 3, 87802, 97871
2026/09/22 21:48:09.295, 0, 87799, 97871
2026/09/22 21:48:09.295, 1, 88832, 97871
2026/09/22 21:48:09.295, 2, 87294, 97871
2026/09/22 21:48:09.295, 3, 87802, 97871
2026/09/22 21:48:09.495, 0, 87799, 97871
2026/09/22 21:48:09.495, 1, 88832, 97871
2026/09/22 21:48:09.495, 2, 87294, 97871
2026/09/22 21:48:09.495, 3, 87802, 97871
2026/09/22 21:48:09.695, 0, 87799, 97871
2026/09/22 21:48:09.695, 1, 88832, 97871
2026/09/22 21:48:09.695, 2, 87294, 97871
2026/09/22 21:48:09.695, 3, 87802, 97871
2026/09/22 21:48:09.895, 0, 87799, 97871
2026/09/22 21:48:09.895, 1, 88832, 97871
2026/09/22 21:48:09.896, 2, 87294, 97871
2026/09/22 21:48:09.896, 3, 87802, 97871
2026/09/22 21:48:10.096, 0, 87799, 97871
2026/09/22 21:48:10.096, 1, 88832, 97871
2026/09/22 21:48:10.096, 2, 87294, 97871
2026/09/22 21:48:10.096, 3, 87802, 97871
2026/09/22 21:48:10.296, 0, 87799, 97871
2026/09/22 21:48:10.296, 1, 88832, 97871
2026/09/22 21:48:10.296, 2, 87294, 97871
2026/09/22 21:48:10.296, 3, 87802, 97871
2026/09/22 21:48:10.496, 0, 87799, 97871
2026/09/22 21:48:10.497, 1, 88832, 97871
2026/09/22 21:48:10.497, 2, 87294, 97871
2026/09/22 21:48:10.497, 3, 87802, 97871
2026/09/22 21:48:10.697, 0, 87799, 97871
2026/09/22 21:48:10.697, 1, 88832, 97871
2026/09/22 21:48:10.697, 2, 87294, 97871
2026/09/22 21:48:10.697, 3, 87802, 97871
2026/09/22 21:48:10.897, 0, 87799, 97871
2026/09/22 21:48:10.897, 1, 88832, 97871
2026/09/22 21:48:10.897, 2, 87294, 97871
2026/09/22 21:48:10.897, 3, 87802, 97871
2026/09/22 21:48:11.097, 0, 87799, 97871
2026/09/22 21:48:11.097, 1, 88832, 97871
2026/09/22 21:48:11.098, 2, 87294, 97871
2026/09/22 21:48:11.098, 3, 87802, 97871
2026/09/22 21:48:11.298, 0, 87799, 97871
2026/09/22 21:48:11.298, 1, 88832, 97871
2026/09/22 21:48:11.298, 2, 87294, 97871
2026/09/22 21:48:11.298, 3, 87802, 97871
2026/09/22 21:48:11.498, 0, 87799, 97871
2026/09/22 21:48:11.498, 1, 88832, 97871
2026/09/22 21:48:11.498, 2, 87294, 97871
2026/09/22 21:48:11.498, 3, 87802, 97871
2026/09/22 21:48:11.698, 0, 87799, 97871
2026/09/22 21:48:11.699, 1, 88832, 97871
2026/09/22 21:48:11.699, 2, 87294, 97871
2026/09/22 21:48:11.699, 3, 87802, 97871
2026/09/22 21:48:11.899, 0, 87799, 97871
2026/09/22 21:48:11.899, 1, 88832, 97871
2026/09/22 21:48:11.899, 2, 87294, 97871
2026/09/22 21:48:11.899, 3, 87802, 97871
2026/09/22 21:48:12.099, 0, 87799, 97871
2026/09/22 21:48:12.099, 1, 88832, 97871
2026/09/22 21:48:12.099, 2, 87294, 97871
2026/09/22 21:48:12.099, 3, 87802, 97871
2026/09/22 21:48:12.299, 0, 87799, 97871
2026/09/22 21:48:12.299, 1, 88832, 97871
2026/09/22 21:48:12.299, 2, 87294, 97871
2026/09/22 21:48:12.299, 3, 87802, 97871
2026/09/22 21:48:12.500, 0, 87799, 97871
2026/09/22 21:48:12.500, 1, 88832, 97871
2026/09/22 21:48:12.500, 2, 87294, 97871
2026/09/22 21:48:12.500, 3, 87802, 97871
2026/09/22 21:48:12.700, 0, 87799, 97871
2026/09/22 21:48:12.700, 1, 88832, 97871
2026/09/22 21:48:12.700, 2, 87294, 97871
2026/09/22 21:48:12.700, 3, 87802, 97871
2026/09/22 21:48:12.900, 0, 87799, 97871
2026/09/22 21:48:12.900, 1, 88832, 97871
2026/09/22 21:48:12.900, 2, 87294, 97871
2026/09/22 21:48:12.900, 3, 87802, 97871
2026/09/22 21:48:13.100, 0, 87799, 97871
2026/09/22 21:48:13.101, 1, 88832, 97871
2026/09/22 21:48:13.101, 2, 87294, 97871
2026/09/22 21:48:13.101, 3, 87802, 97871
2026/09/22 21:48:13.301, 0, 87799, 97871
2026/09/22 21:48:13.301, 1, 88832, 97871
2026/09/22 21:48:13.301, 2, 87294, 97871
2026/09/22 21:48:13.301, 3, 87802, 97871
2026/09/22 21:48:13.501, 0, 87799, 97871
2026/09/22 21:48:13.501, 1, 88832, 97871
2026/09/22 21:48:13.501, 2, 87294, 97871
2026/09/22 21:48:13.501, 3, 87802, 97871
2026/09/22 21:48:13.701, 0, 87799, 97871
2026/09/22 21:48:13.702, 1, 88832, 97871
2026/09/22 21:48:13.702, 2, 87294, 97871
2026/09/22 21:48:13.702, 3, 87802, 97871
2026/09/22 21:48:13.902, 0, 87799, 97871
2026/09/22 21:48:13.902, 1, 88832, 97871
2026/09/22 21:48:13.902, 2, 87294, 97871
2026/09/22 21:48:13.902, 3, 87802, 97871
2026/09/22 21:48:14.102, 0, 87799, 97871
2026/09/22 21:48:14.102, 1, 88832, 97871
2026/09/22 21:48:14.102, 2, 87294, 97871
2026/09/22 21:48:14.102, 3, 87802, 97871
2026/09/22 21:48:14.302, 0, 87799, 97871
2026/09/22 21:48:14.303, 1, 88832, 97871
2026/09/22 21:48:14.303, 2, 87294, 97871
2026/09/22 21:48:14.303, 3, 87802, 97871
2026/09/22 21:48:14.503, 0, 87799, 97871
2026/09/22 21:48:14.503, 1, 88832, 97871
2026/09/22 21:48:14.503, 2, 87294, 97871
2026/09/22 21:48:14.503, 3, 87802, 97871
2026/09/22 21:48:14.703, 0, 87799, 97871
2026/09/22 21:48:14.703, 1, 88832, 97871
2026/09/22 21:48:14.703, 2, 87294, 97871
2026/09/22 21:48:14.703, 3, 87802, 97871
2026/09/22 21:48:14.903, 0, 87799, 97871
2026/09/22 21:48:14.903, 1, 88832, 97871
2026/09/22 21:48:14.903, 2, 87294, 97871
2026/09/22 21:48:14.903, 3, 87802, 97871
2026/09/22 21:48:15.104, 0, 87799, 97871
2026/09/22 21:48:15.104, 1, 88832, 97871
2026/09/22 21:48:15.104, 2, 87294, 97871
2026/09/22 21:48:15.104, 3, 87802, 97871
2026/09/22 21:48:15.304, 0, 87799, 97871
2026/09/22 21:48:15.304, 1, 88832, 97871
2026/09/22 21:48:15.304, 2, 87294, 97871
2026/09/22 21:48:15.304, 3, 87802, 97871
2026/09/22 21:48:15.504, 0, 87799, 97871
2026/09/22 21:48:15.504, 1, 88832, 97871
2026/09/22 21:48:15.504, 2, 87294, 97871
2026/09/22 21:48:15.504, 3, 87802, 97871
2026/09/22 21:48:15.705, 0, 87799, 97871
2026/09/22 21:48:15.705, 1, 88832, 97871
2026/09/22 21:48:15.705, 2, 87294, 97871
2026/09/22 21:48:15.705, 3, 87802, 97871
2026/09/22 21:48:15.905, 0, 87799, 97871
2026/09/22 21:48:15.905, 1, 88832, 97871
2026/09/22 21:48:15.905, 2, 87294, 97871
2026/09/22 21:48:15.905, 3, 87802, 97871
2026/09/22 21:48:16.105, 0, 87799, 97871
2026/09/22 21:48:16.105, 1, 88832, 97871
2026/09/22 21:48:16.105, 2, 87294, 97871
2026/09/22 21:48:16.105, 3, 87802, 97871
2026/09/22 21:48:16.305, 0, 87799, 97871
2026/09/22 21:48:16.305, 1, 88832, 97871
2026/09/22 21:48:16.306, 2, 87294, 97871
2026/09/22 21:48:16.306, 3, 87802, 97871
2026/09/22 21:48:16.506, 0, 87799, 97871
2026/09/22 21:48:16.506, 1, 88832, 97871
2026/09/22 21:48:16.506, 2, 87294, 97871
2026/09/22 21:48:16.506, 3, 87802, 97871
2026/09/22 21:48:16.706, 0, 87799, 97871
2026/09/22 21:48:16.706, 1, 88832, 97871
2026/09/22 21:48:16.706, 2, 87294, 97871
2026/09/22 21:48:16.706, 3, 87802, 97871
2026/09/22 21:48:16.906, 0, 87799, 97871
2026/09/22 21:48:16.906, 1, 88832, 97871
2026/09/22 21:48:16.906, 2, 87294, 97871
2026/09/22 21:48:16.907, 3, 87802, 97871
2026/09/22 21:48:17.107, 0, 87799, 97871
2026/09/22 21:48:17.107, 1, 88832, 97871
2026/09/22 21:48:17.107, 2, 87294, 97871
2026/09/22 21:48:17.107, 3, 87802, 97871
2026/09/22 21:48:17.307, 0, 87799, 97871
2026/09/22 21:48:17.307, 1, 88832, 97871
2026/09/22 21:48:17.307, 2, 87294, 97871
2026/09/22 21:48:17.307, 3, 87802, 97871
2026/09/22 21:48:17.507, 0, 87799, 97871
2026/09/22 21:48:17.507, 1, 88832, 97871
2026/09/22 21:48:17.507, 2, 87294, 97871
2026/09/22 21:48:17.507, 3, 87802, 97871
2026/09/22 21:48:17.707, 0, 87799, 97871
2026/09/22 21:48:17.708, 1, 88832, 97871
2026/09/22 21:48:17.708, 2, 87294, 97871
2026/09/22 21:48:17.708, 3, 87802, 97871
2026/09/22 21:48:17.908, 0, 87799, 97871
2026/09/22 21:48:17.908, 1, 88832, 97871
2026/09/22 21:48:17.908, 2, 87294, 97871
2026/09/22 21:48:17.908, 3, 87802, 97871
2026/09/22 21:48:18.108, 0, 87799, 97871
2026/09/22 21:48:18.108, 1, 88832, 97871
2026/09/22 21:48:18.108, 2, 87294, 97871
2026/09/22 21:48:18.109, 3, 87802, 97871
2026/09/22 21:48:18.309, 0, 87799, 97871
2026/09/22 21:48:18.309, 1, 88832, 97871
2026/09/22 21:48:18.309, 2, 87294, 97871
2026/09/22 21:48:18.309, 3, 87802, 97871
2026/09/22 21:48:18.509, 0, 87799, 97871
2026/09/22 21:48:18.509, 1, 88832, 97871
2026/09/22 21:48:18.509, 2, 87294, 97871
2026/09/22 21:48:18.509, 3, 87802, 97871
2026/09/22 21:48:18.709, 0, 87799, 97871
2026/09/22 21:48:18.709, 1, 88832, 97871
2026/09/22 21:48:18.709, 2, 87294, 97871
2026/09/22 21:48:18.710, 3, 87802, 97871
2026/09/22 21:48:18.910, 0, 87799, 97871
2026/09/22 21:48:18.910, 1, 88832, 97871
2026/09/22 21:48:18.910, 2, 87294, 97871
2026/09/22 21:48:18.910, 3, 87802, 97871
2026/09/22 21:48:19.110, 0, 87799, 97871
2026/09/22 21:48:19.110, 1, 88832, 97871
2026/09/22 21:48:19.110, 2, 87294, 97871
2026/09/22 21:48:19.110, 3, 87802, 97871
2026/09/22 21:48:19.310, 0, 87799, 97871
2026/09/22 21:48:19.310, 1, 88832, 97871
2026/09/22 21:48:19.310, 2, 87294, 97871
2026/09/22 21:48:19.311, 3, 87802, 97871
2026/09/22 21:48:19.511, 0, 87799, 97871
2026/09/22 21:48:19.511, 1, 88832, 97871
2026/09/22 21:48:19.511, 2, 87294, 97871
2026/09/22 21:48:19.511, 3, 87802, 97871
2026/09/22 21:48:19.711, 0, 87799, 97871
2026/09/22 21:48:19.711, 1, 88832, 97871
2026/09/22 21:48:19.711, 2, 87294, 97871
2026/09/22 21:48:19.711, 3, 87802, 97871
2026/09/22 21:48:19.911, 0, 87799, 97871
2026/09/22 21:48:19.911, 1, 88832, 97871
2026/09/22 21:48:19.911, 2, 87294, 97871
2026/09/22 21:48:19.911, 3, 87802, 97871
2026/09/22 21:48:20.112, 0, 87799, 97871
2026/09/22 21:48:20.112, 1, 88832, 97871
2026/09/22 21:48:20.112, 2, 87294, 97871
2026/09/22 21:48:20.112, 3, 87802, 97871
2026/09/22 21:48:20.312, 0, 87799, 97871
2026/09/22 21:48:20.312, 1, 88832, 97871
2026/09/22 21:48:20.312, 2, 87294, 97871
2026/09/22 21:48:20.312, 3, 87802, 97871
2026/09/22 21:48:20.512, 0, 87799, 97871
2026/09/22 21:48:20.512, 1, 88832, 97871
2026/09/22 21:48:20.512, 2, 87294, 97871
2026/09/22 21:48:20.512, 3, 87802, 97871
2026/09/22 21:48:20.713, 0, 87799, 97871
2026/09/22 21:48:20.713, 1, 88832, 97871
2026/09/22 21:48:20.713, 2, 87294, 97871
2026/09/22 21:48:20.713, 3, 87802, 97871
2026/09/22 21:48:20.913, 0, 87799, 97871
2026/09/22 21:48:20.913, 1, 88832, 97871
2026/09/22 21:48:20.913, 2, 87294, 97871
2026/09/22 21:48:20.913, 3, 87802, 97871
2026/09/22 21:48:21.113, 0, 87799, 97871
2026/09/22 21:48:21.113, 1, 88832, 97871
2026/09/22 21:48:21.113, 2, 87294, 97871
2026/09/22 21:48:21.113, 3, 87802, 97871
2026/09/22 21:48:21.314, 0, 87799, 97871
2026/09/22 21:48:21.314, 1, 88832, 97871
2026/09/22 21:48:21.314, 2, 87294, 97871
2026/09/22 21:48:21.314, 3, 87802, 97871
2026/09/22 21:48:21.514, 0, 87799, 97871
2026/09/22 21:48:21.514, 1, 88832, 97871
2026/09/22 21:48:21.514, 2, 87294, 97871
2026/09/22 21:48:21.514, 3, 87802, 97871
2026/09/22 21:48:21.714, 0, 87799, 97871
2026/09/22 21:48:21.714, 1, 88832, 97871
2026/09/22 21:48:21.714, 2, 87294, 97871
2026/09/22 21:48:21.714, 3, 87802, 97871
2026/09/22 21:48:21.914, 0, 87799, 97871
2026/09/22 21:48:21.915, 1, 88832, 97871
2026/09/22 21:48:21.915, 2, 87294, 97871
2026/09/22 21:48:21.915, 3, 87802, 97871
2026/09/22 21:48:22.115, 0, 87799, 97871
2026/09/22 21:48:22.115, 1, 88832, 97871
2026/09/22 21:48:22.115, 2, 87294, 97871
2026/09/22 21:48:22.115, 3, 87802, 97871
2026/09/22 21:48:22.315, 0, 87799, 97871
2026/09/22 21:48:22.315, 1, 88832, 97871
2026/09/22 21:48:22.315, 2, 87294, 97871
2026/09/22 21:48:22.315, 3, 87802, 97871
2026/09/22 21:48:22.515, 0, 87799, 97871
2026/09/22 21:48:22.516, 1, 88832, 97871
2026/09/22 21:48:22.516, 2, 87294, 97871
2026/09/22 21:48:22.516, 3, 87802, 97871
2026/09/22 21:48:22.716, 0, 87799, 97871
2026/09/22 21:48:22.716, 1, 88832, 97871
2026/09/22 21:48:22.716, 2, 87294, 97871
2026/09/22 21:48:22.716, 3, 87802, 97871
2026/09/22 21:48:22.916, 0, 87799, 97871
2026/09/22 21:48:22.916, 1, 88832, 97871
2026/09/22 21:48:22.916, 2, 87294, 97871
2026/09/22 21:48:22.916, 3, 87802, 97871
2026/09/22 21:48:23.117, 0, 87799, 97871
2026/09/22 21:48:23.117, 1, 88832, 97871
2026/09/22 21:48:23.117, 2, 87294, 97871
2026/09/22 21:48:23.117, 3, 87802, 97871
2026/09/22 21:48:23.317, 0, 87799, 97871
2026/09/22 21:48:23.317, 1, 88832, 97871
2026/09/22 21:48:23.317, 2, 87294, 97871
2026/09/22 21:48:23.317, 3, 87802, 97871
2026/09/22 21:48:23.517, 0, 87799, 97871
2026/09/22 21:48:23.517, 1, 88832, 97871
2026/09/22 21:48:23.517, 2, 87294, 97871
2026/09/22 21:48:23.517, 3, 87802, 97871
2026/09/22 21:48:23.718, 0, 87799, 97871
2026/09/22 21:48:23.718, 1, 88832, 97871
2026/09/22 21:48:23.718, 2, 87294, 97871
2026/09/22 21:48:23.718, 3, 87802, 97871
2026/09/22 21:48:23.918, 0, 87799, 97871
2026/09/22 21:48:23.918, 1, 88832, 97871
2026/09/22 21:48:23.918, 2, 87294, 97871
2026/09/22 21:48:23.918, 3, 87802, 97871
2026/09/22 21:48:24.118, 0, 87799, 97871
2026/09/22 21:48:24.118, 1, 88832, 97871
2026/09/22 21:48:24.118, 2, 87294, 97871
2026/09/22 21:48:24.119, 3, 87802, 97871
2026/09/22 21:48:24.319, 0, 87799, 97871
2026/09/22 21:48:24.319, 1, 88832, 97871
2026/09/22 21:48:24.319, 2, 87294, 97871
2026/09/22 21:48:24.319, 3, 87802, 97871
2026/09/22 21:48:24.519, 0, 87799, 97871
2026/09/22 21:48:24.519, 1, 88832, 97871
2026/09/22 21:48:24.519, 2, 87294, 97871
2026/09/22 21:48:24.519, 3, 87802, 97871
2026/09/22 21:48:24.719, 0, 87799, 97871
2026/09/22 21:48:24.719, 1, 88832, 97871
2026/09/22 21:48:24.720, 2, 87294, 97871
2026/09/22 21:48:24.720, 3, 87802, 97871
2026/09/22 21:48:24.920, 0, 87799, 97871
2026/09/22 21:48:24.920, 1, 88832, 97871
2026/09/22 21:48:24.920, 2, 87294, 97871
2026/09/22 21:48:24.920, 3, 87802, 97871
2026/09/22 21:48:25.120, 0, 87799, 97871
2026/09/22 21:48:25.120, 1, 88832, 97871
2026/09/22 21:48:25.120, 2, 87294, 97871
2026/09/22 21:48:25.120, 3, 87802, 97871
2026/09/22 21:48:25.320, 0, 87799, 97871
2026/09/22 21:48:25.320, 1, 88832, 97871
2026/09/22 21:48:25.321, 2, 87294, 97871
2026/09/22 21:48:25.321, 3, 87802, 97871
2026/09/22 21:48:25.521, 0, 87799, 97871
2026/09/22 21:48:25.521, 1, 88832, 97871
2026/09/22 21:48:25.521, 2, 87294, 97871
2026/09/22 21:48:25.521, 3, 87802, 97871
2026/09/22 21:48:25.721, 0, 87799, 97871
2026/09/22 21:48:25.721, 1, 88832, 97871
2026/09/22 21:48:25.721, 2, 87294, 97871
2026/09/22 21:48:25.721, 3, 87802, 97871
2026/09/22 21:48:25.921, 0, 87799, 97871
2026/09/22 21:48:25.921, 1, 88832, 97871
2026/09/22 21:48:25.922, 2, 87294, 97871
2026/09/22 21:48:25.922, 3, 87802, 97871
2026/09/22 21:48:26.122, 0, 87799, 97871
2026/09/22 21:48:26.122, 1, 88832, 97871
2026/09/22 21:48:26.122, 2, 87294, 97871
2026/09/22 21:48:26.122, 3, 87802, 97871
2026/09/22 21:48:26.322, 0, 87799, 97871
2026/09/22 21:48:26.322, 1, 88832, 97871
2026/09/22 21:48:26.322, 2, 87294, 97871
2026/09/22 21:48:26.322, 3, 87802, 97871
2026/09/22 21:48:26.522, 0, 87799, 97871
2026/09/22 21:48:26.522, 1, 88832, 97871
2026/09/22 21:48:26.522, 2, 87294, 97871
2026/09/22 21:48:26.522, 3, 87802, 97871
2026/09/22 21:48:26.723, 0, 87799, 97871
2026/09/22 21:48:26.723, 1, 88832, 97871
2026/09/22 21:48:26.723, 2, 87294, 97871
2026/09/22 21:48:26.723, 3, 87802, 97871
2026/09/22 21:48:26.923, 0, 87799, 97871
2026/09/22 21:48:26.923, 1, 88832, 97871
2026/09/22 21:48:26.923, 2, 87294, 97871
2026/09/22 21:48:26.923, 3, 87802, 97871
2026/09/22 21:48:27.123, 0, 87799, 97871
2026/09/22 21:48:27.123, 1, 88832, 97871
2026/09/22 21:48:27.123, 2, 87294, 97871
2026/09/22 21:48:27.123, 3, 87802, 97871
2026/09/22 21:48:27.324, 0, 87799, 97871
2026/09/22 21:48:27.324, 1, 88832, 97871
2026/09/22 21:48:27.324, 2, 87294, 97871
2026/09/22 21:48:27.324, 3, 87802, 97871
2026/09/22 21:48:27.524, 0, 87799, 97871
2026/09/22 21:48:27.524, 1, 88832, 97871
2026/09/22 21:48:27.524, 2, 87294, 97871
2026/09/22 21:48:27.524, 3, 87802, 97871
2026/09/22 21:48:27.724, 0, 87799, 97871
2026/09/22 21:48:27.724, 1, 88832, 97871
2026/09/22 21:48:27.724, 2, 87294, 97871
2026/09/22 21:48:27.724, 3, 87802, 97871
2026/09/22 21:48:27.925, 0, 87799, 97871
2026/09/22 21:48:27.925, 1, 88832, 97871
2026/09/22 21:48:27.925, 2, 87294, 97871
2026/09/22 21:48:27.925, 3, 87802, 97871
2026/09/22 21:48:28.125, 0, 87799, 97871
2026/09/22 21:48:28.125, 1, 88832, 97871
2026/09/22 21:48:28.125, 2, 87294, 97871
2026/09/22 21:48:28.125, 3, 87802, 97871
2026/09/22 21:48:28.325, 0, 87799, 97871
2026/09/22 21:48:28.325, 1, 88832, 97871
2026/09/22 21:48:28.326, 2, 87294, 97871
2026/09/22 21:48:28.326, 3, 87802, 97871
2026/09/22 21:48:28.526, 0, 87799, 97871
2026/09/22 21:48:28.526, 1, 88832, 97871
2026/09/22 21:48:28.526, 2, 87294, 97871
2026/09/22 21:48:28.526, 3, 87802, 97871
2026/09/22 21:48:28.726, 0, 87799, 97871
2026/09/22 21:48:28.726, 1, 88832, 97871
2026/09/22 21:48:28.726, 2, 87294, 97871
2026/09/22 21:48:28.726, 3, 87802, 97871
2026/09/22 21:48:28.926, 0, 87799, 97871
2026/09/22 21:48:28.926, 1, 88832, 97871
2026/09/22 21:48:28.926, 2, 87294, 97871
2026/09/22 21:48:28.926, 3, 87802, 97871
2026/09/22 21:48:29.127, 0, 87799, 97871
2026/09/22 21:48:29.127, 1, 88832, 97871
2026/09/22 21:48:29.127, 2, 87294, 97871
2026/09/22 21:48:29.127, 3, 87802, 97871
2026/09/22 21:48:29.327, 0, 87799, 97871
2026/09/22 21:48:29.327, 1, 88832, 97871
2026/09/22 21:48:29.327, 2, 87294, 97871
2026/09/22 21:48:29.327, 3, 87802, 97871
2026/09/22 21:48:29.527, 0, 87799, 97871
2026/09/22 21:48:29.527, 1, 88832, 97871
2026/09/22 21:48:29.527, 2, 87294, 97871
2026/09/22 21:48:29.527, 3, 87802, 97871
2026/09/22 21:48:29.728, 0, 87799, 97871
2026/09/22 21:48:29.728, 1, 88832, 97871
2026/09/22 21:48:29.728, 2, 87294, 97871
2026/09/22 21:48:29.728, 3, 87802, 97871
2026/09/22 21:48:29.928, 0, 87799, 97871
2026/09/22 21:48:29.928, 1, 88832, 97871
2026/09/22 21:48:29.928, 2, 87294, 97871
2026/09/22 21:48:29.928, 3, 87802, 97871
2026/09/22 21:48:30.128, 0, 87799, 97871
2026/09/22 21:48:30.128, 1, 88832, 97871
2026/09/22 21:48:30.128, 2, 87294, 97871
2026/09/22 21:48:30.128, 3, 87802, 97871
2026/09/22 21:48:30.328, 0, 87799, 97871
2026/09/22 21:48:30.329, 1, 88832, 97871
2026/09/22 21:48:30.329, 2, 87294, 97871
2026/09/22 21:48:30.329, 3, 87802, 97871
2026/09/22 21:48:30.529, 0, 87799, 97871
2026/09/22 21:48:30.529, 1, 88832, 97871
2026/09/22 21:48:30.529, 2, 87294, 97871
2026/09/22 21:48:30.529, 3, 87802, 97871
2026/09/22 21:48:30.729, 0, 87799, 97871
2026/09/22 21:48:30.729, 1, 88832, 97871
2026/09/22 21:48:30.729, 2, 87294, 97871
2026/09/22 21:48:30.729, 3, 87802, 97871
2026/09/22 21:48:30.929, 0, 87799, 97871
2026/09/22 21:48:30.929, 1, 88832, 97871
2026/09/22 21:48:30.929, 2, 87294, 97871
2026/09/22 21:48:30.930, 3, 87802, 97871
2026/09/22 21:48:31.130, 0, 87799, 97871
2026/09/22 21:48:31.130, 1, 88832, 97871
2026/09/22 21:48:31.130, 2, 87294, 97871
2026/09/22 21:48:31.130, 3, 87802, 97871
2026/09/22 21:48:31.330, 0, 87799, 97871
2026/09/22 21:48:31.330, 1, 88832, 97871
2026/09/22 21:48:31.330, 2, 87294, 97871
2026/09/22 21:48:31.330, 3, 87802, 97871
2026/09/22 21:48:31.530, 0, 87799, 97871
2026/09/22 21:48:31.530, 1, 88832, 97871
2026/09/22 21:48:31.530, 2, 87294, 97871
2026/09/22 21:48:31.530, 3, 87802, 97871
2026/09/22 21:48:31.730, 0, 87799, 97871
2026/09/22 21:48:31.731, 1, 88832, 97871
2026/09/22 21:48:31.731, 2, 87294, 97871
2026/09/22 21:48:31.731, 3, 87802, 97871
2026/09/22 21:48:31.931, 0, 87799, 97871
2026/09/22 21:48:31.931, 1, 88832, 97871
2026/09/22 21:48:31.931, 2, 87294, 97871
2026/09/22 21:48:31.931, 3, 87802, 97871
2026/09/22 21:48:32.131, 0, 87799, 97871
2026/09/22 21:48:32.131, 1, 88832, 97871
2026/09/22 21:48:32.131, 2, 87294, 97871
2026/09/22 21:48:32.131, 3, 87802, 97871
2026/09/22 21:48:32.331, 0, 87799, 97871
2026/09/22 21:48:32.332, 1, 88832, 97871
2026/09/22 21:48:32.332, 2, 87294, 97871
2026/09/22 21:48:32.332, 3, 87802, 97871
2026/09/22 21:48:32.532, 0, 87799, 97871
2026/09/22 21:48:32.532, 1, 88832, 97871
2026/09/22 21:48:32.532, 2, 87294, 97871
2026/09/22 21:48:32.532, 3, 87802, 97871
2026/09/22 21:48:32.732, 0, 87799, 97871
2026/09/22 21:48:32.732, 1, 88832, 97871
2026/09/22 21:48:32.732, 2, 87294, 97871
2026/09/22 21:48:32.732, 3, 87802, 97871
2026/09/22 21:48:32.932, 0, 87799, 97871
2026/09/22 21:48:32.933, 1, 88832, 97871
2026/09/22 21:48:32.933, 2, 87294, 97871
2026/09/22 21:48:32.933, 3, 87802, 97871
2026/09/22 21:48:33.133, 0, 87799, 97871
2026/09/22 21:48:33.133, 1, 88832, 97871
2026/09/22 21:48:33.133, 2, 87294, 97871
2026/09/22 21:48:33.133, 3, 87802, 97871
2026/09/22 21:48:33.333, 0, 87799, 97871
2026/09/22 21:48:33.333, 1, 88832, 97871
2026/09/22 21:48:33.333, 2, 87294, 97871
2026/09/22 21:48:33.333, 3, 87802, 97871
2026/09/22 21:48:33.533, 0, 87799, 97871
2026/09/22 21:48:33.534, 1, 88832, 97871
2026/09/22 21:48:33.534, 2, 87294, 97871
2026/09/22 21:48:33.534, 3, 87802, 97871
2026/09/22 21:48:33.734, 0, 87799, 97871
2026/09/22 21:48:33.734, 1, 88832, 97871
2026/09/22 21:48:33.734, 2, 87294, 97871
2026/09/22 21:48:33.734, 3, 87802, 97871
2026/09/22 21:48:33.934, 0, 87799, 97871
2026/09/22 21:48:33.934, 1, 88832, 97871
2026/09/22 21:48:33.934, 2, 87294, 97871
2026/09/22 21:48:33.934, 3, 87802, 97871
2026/09/22 21:48:34.134, 0, 87799, 97871
2026/09/22 21:48:34.134, 1, 88832, 97871
2026/09/22 21:48:34.134, 2, 87294, 97871
2026/09/22 21:48:34.134, 3, 87802, 97871
2026/09/22 21:48:34.335, 0, 87799, 97871
2026/09/22 21:48:34.335, 1, 88832, 97871
2026/09/22 21:48:34.335, 2, 87294, 97871
2026/09/22 21:48:34.335, 3, 87802, 97871
2026/09/22 21:48:34.535, 0, 87799, 97871
2026/09/22 21:48:34.535, 1, 88832, 97871
2026/09/22 21:48:34.535, 2, 87294, 97871
2026/09/22 21:48:34.535, 3, 87802, 97871
2026/09/22 21:48:34.735, 0, 87799, 97871
2026/09/22 21:48:34.735, 1, 88832, 97871
2026/09/22 21:48:34.735, 2, 87294, 97871
2026/09/22 21:48:34.735, 3, 87802, 97871
2026/09/22 21:48:34.935, 0, 87799, 97871
2026/09/22 21:48:34.936, 1, 88832, 97871
2026/09/22 21:48:34.936, 2, 87294, 97871
2026/09/22 21:48:34.936, 3, 87802, 97871
2026/09/22 21:48:35.136, 0, 87799, 97871
2026/09/22 21:48:35.136, 1, 88832, 97871
2026/09/22 21:48:35.136, 2, 87294, 97871
2026/09/22 21:48:35.136, 3, 87802, 97871
2026/09/22 21:48:35.336, 0, 87799, 97871
2026/09/22 21:48:35.336, 1, 88832, 97871
2026/09/22 21:48:35.336, 2, 87294, 97871
2026/09/22 21:48:35.336, 3, 87802, 97871
2026/09/22 21:48:35.536, 0, 87799, 97871
2026/09/22 21:48:35.537, 1, 88832, 97871
2026/09/22 21:48:35.537, 2, 87294, 97871
2026/09/22 21:48:35.537, 3, 87802, 97871
2026/09/22 21:48:35.737, 0, 87799, 97871
2026/09/22 21:48:35.737, 1, 88832, 97871
2026/09/22 21:48:35.737, 2, 87294, 97871
2026/09/22 21:48:35.737, 3, 87802, 97871
2026/09/22 21:48:35.937, 0, 87799, 97871
2026/09/22 21:48:35.937, 1, 88832, 97871
2026/09/22 21:48:35.937, 2, 87294, 97871
2026/09/22 21:48:35.937, 3, 87802, 97871
2026/09/22 21:48:36.137, 0, 87799, 97871
2026/09/22 21:48:36.137, 1, 88832, 97871
2026/09/22 21:48:36.137, 2, 87294, 97871
2026/09/22 21:48:36.138, 3, 87802, 97871
2026/09/22 21:48:36.338, 0, 87799, 97871
2026/09/22 21:48:36.338, 1, 88832, 97871
2026/09/22 21:48:36.338, 2, 87294, 97871
2026/09/22 21:48:36.338, 3, 87802, 97871
2026/09/22 21:48:36.538, 0, 87799, 97871
2026/09/22 21:48:36.538, 1, 88832, 97871
2026/09/22 21:48:36.538, 2, 87294, 97871
2026/09/22 21:48:36.538, 3, 87802, 97871
2026/09/22 21:48:36.738, 0, 87799, 97871
2026/09/22 21:48:36.738, 1, 88832, 97871
2026/09/22 21:48:36.739, 2, 87294, 97871
2026/09/22 21:48:36.739, 3, 87802, 97871
2026/09/22 21:48:36.939, 0, 87799, 97871
2026/09/22 21:48:36.939, 1, 88832, 97871
2026/09/22 21:48:36.939, 2, 87294, 97871
2026/09/22 21:48:36.939, 3, 87802, 97871
2026/09/22 21:48:37.139, 0, 87799, 97871
2026/09/22 21:48:37.139, 1, 88832, 97871
2026/09/22 21:48:37.139, 2, 87294, 97871
2026/09/22 21:48:37.139, 3, 87802, 97871
2026/09/22 21:48:37.339, 0, 87799, 97871
2026/09/22 21:48:37.339, 1, 88832, 97871
2026/09/22 21:48:37.339, 2, 87294, 97871
2026/09/22 21:48:37.339, 3, 87802, 97871
2026/09/22 21:48:37.539, 0, 87799, 97871
2026/09/22 21:48:37.540, 1, 88832, 97871
2026/09/22 21:48:37.540, 2, 87294, 97871
2026/09/22 21:48:37.540, 3, 87802, 97871
2026/09/22 21:48:37.740, 0, 87799, 97871
2026/09/22 21:48:37.740, 1, 88832, 97871
2026/09/22 21:48:37.740, 2, 87294, 97871
2026/09/22 21:48:37.740, 3, 87802, 97871
2026/09/22 21:48:37.940, 0, 87799, 97871
2026/09/22 21:48:37.940, 1, 88832, 97871
2026/09/22 21:48:37.940, 2, 87294, 97871
2026/09/22 21:48:37.940, 3, 87802, 97871
2026/09/22 21:48:38.140, 0, 87799, 97871
2026/09/22 21:48:38.140, 1, 88832, 97871
2026/09/22 21:48:38.141, 2, 87294, 97871
2026/09/22 21:48:38.141, 3, 87802, 97871
2026/09/22 21:48:38.341, 0, 87799, 97871
2026/09/22 21:48:38.341, 1, 88832, 97871
2026/09/22 21:48:38.341, 2, 87294, 97871
2026/09/22 21:48:38.341, 3, 87802, 97871
2026/09/22 21:48:38.541, 0, 87799, 97871
2026/09/22 21:48:38.541, 1, 88832, 97871
2026/09/22 21:48:38.541, 2, 87294, 97871
2026/09/22 21:48:38.541, 3, 87802, 97871
2026/09/22 21:48:38.741, 0, 87799, 97871
2026/09/22 21:48:38.741, 1, 88832, 97871
2026/09/22 21:48:38.741, 2, 87294, 97871
2026/09/22 21:48:38.742, 3, 87802, 97871
2026/09/22 21:48:38.942, 0, 87799, 97871
2026/09/22 21:48:38.942, 1, 88832, 97871
2026/09/22 21:48:38.942, 2, 87294, 97871
2026/09/22 21:48:38.942, 3, 87802, 97871
2026/09/22 21:48:39.142, 0, 87799, 97871
2026/09/22 21:48:39.142, 1, 88832, 97871
2026/09/22 21:48:39.142, 2, 87294, 97871
2026/09/22 21:48:39.142, 3, 87802, 97871
2026/09/22 21:48:39.342, 0, 87799, 97871
2026/09/22 21:48:39.342, 1, 88832, 97871
2026/09/22 21:48:39.342, 2, 87294, 97871
2026/09/22 21:48:39.342, 3, 87802, 97871
2026/09/22 21:48:39.543, 0, 87799, 97871
2026/09/22 21:48:39.543, 1, 88832, 97871
2026/09/22 21:48:39.543, 2, 87294, 97871
2026/09/22 21:48:39.543, 3, 87802, 97871
2026/09/22 21:48:39.743, 0, 87799, 97871
2026/09/22 21:48:39.743, 1, 88832, 97871
2026/09/22 21:48:39.743, 2, 87294, 97871
2026/09/22 21:48:39.743, 3, 87802, 97871
2026/09/22 21:48:39.943, 0, 87799, 97871
2026/09/22 21:48:39.943, 1, 88832, 97871
2026/09/22 21:48:39.943, 2, 87294, 97871
2026/09/22 21:48:39.943, 3, 87802, 97871
2026/09/22 21:48:40.144, 0, 87799, 97871
2026/09/22 21:48:40.144, 1, 88832, 97871
2026/09/22 21:48:40.144, 2, 87294, 97871
2026/09/22 21:48:40.144, 3, 87802, 97871
2026/09/22 21:48:40.344, 0, 87799, 97871
2026/09/22 21:48:40.344, 1, 88832, 97871
2026/09/22 21:48:40.344, 2, 87294, 97871
2026/09/22 21:48:40.344, 3, 87802, 97871
2026/09/22 21:48:40.544, 0, 87799, 97871
2026/09/22 21:48:40.544, 1, 88832, 97871
2026/09/22 21:48:40.544, 2, 87294, 97871
2026/09/22 21:48:40.544, 3, 87802, 97871
2026/09/22 21:48:40.745, 0, 87799, 97871
2026/09/22 21:48:40.745, 1, 88832, 97871
2026/09/22 21:48:40.745, 2, 87294, 97871
2026/09/22 21:48:40.745, 3, 87802, 97871
2026/09/22 21:48:40.945, 0, 87799, 97871
2026/09/22 21:48:40.945, 1, 88832, 97871
2026/09/22 21:48:40.945, 2, 87294, 97871
2026/09/22 21:48:40.945, 3, 87802, 97871
2026/09/22 21:48:41.145, 0, 87799, 97871
2026/09/22 21:48:41.145, 1, 88832, 97871
2026/09/22 21:48:41.145, 2, 87294, 97871
2026/09/22 21:48:41.145, 3, 87802, 97871
2026/09/22 21:48:41.346, 0, 87799, 97871
2026/09/22 21:48:41.346, 1, 88832, 97871
2026/09/22 21:48:41.346, 2, 87294, 97871
2026/09/22 21:48:41.346, 3, 87802, 97871
2026/09/22 21:48:41.546, 0, 87799, 97871
2026/09/22 21:48:41.546, 1, 88832, 97871
2026/09/22 21:48:41.546, 2, 87294, 97871
2026/09/22 21:48:41.546, 3, 87802, 97871
2026/09/22 21:48:41.746, 0, 87799, 97871
2026/09/22 21:48:41.746, 1, 88832, 97871
2026/09/22 21:48:41.746, 2, 87294, 97871
2026/09/22 21:48:41.746, 3, 87802, 97871
2026/09/22 21:48:41.947, 0, 87799, 97871
2026/09/22 21:48:41.947, 1, 88832, 97871
2026/09/22 21:48:41.947, 2, 87294, 97871
2026/09/22 21:48:41.947, 3, 87802, 97871
2026/09/22 21:48:42.147, 0, 87799, 97871
2026/09/22 21:48:42.147, 1, 88832, 97871
2026/09/22 21:48:42.147, 2, 87294, 97871
2026/09/22 21:48:42.147, 3, 87802, 97871
2026/09/22 21:48:42.347, 0, 87799, 97871
2026/09/22 21:48:42.347, 1, 88832, 97871
2026/09/22 21:48:42.348, 2, 87294, 97871
2026/09/22 21:48:42.348, 3, 87802, 97871
2026/09/22 21:48:42.548, 0, 87799, 97871
2026/09/22 21:48:42.548, 1, 88832, 97871
2026/09/22 21:48:42.548, 2, 87294, 97871
2026/09/22 21:48:42.548, 3, 87802, 97871
2026/09/22 21:48:42.748, 0, 87799, 97871
2026/09/22 21:48:42.748, 1, 88832, 97871
2026/09/22 21:48:42.748, 2, 87294, 97871
2026/09/22 21:48:42.748, 3, 87802, 97871
2026/09/22 21:48:42.948, 0, 87799, 97871
2026/09/22 21:48:42.948, 1, 88832, 97871
2026/09/22 21:48:42.949, 2, 87294, 97871
2026/09/22 21:48:42.949, 3, 87802, 97871
2026/09/22 21:48:43.149, 0, 87799, 97871
2026/09/22 21:48:43.149, 1, 88832, 97871
2026/09/22 21:48:43.149, 2, 87294, 97871
2026/09/22 21:48:43.149, 3, 87802, 97871
2026/09/22 21:48:43.349, 0, 87799, 97871
2026/09/22 21:48:43.349, 1, 88832, 97871
2026/09/22 21:48:43.349, 2, 87294, 97871
2026/09/22 21:48:43.349, 3, 87802, 97871
2026/09/22 21:48:43.550, 0, 87799, 97871
2026/09/22 21:48:43.550, 1, 88832, 97871
2026/09/22 21:48:43.550, 2, 87294, 97871
2026/09/22 21:48:43.550, 3, 87802, 97871
2026/09/22 21:48:43.750, 0, 87799, 97871
2026/09/22 21:48:43.750, 1, 88832, 97871
2026/09/22 21:48:43.750, 2, 87294, 97871
2026/09/22 21:48:43.750, 3, 87802, 97871
2026/09/22 21:48:43.950, 0, 87799, 97871
2026/09/22 21:48:43.950, 1, 88832, 97871
2026/09/22 21:48:43.950, 2, 87294, 97871
2026/09/22 21:48:43.950, 3, 87802, 97871
2026/09/22 21:48:44.150, 0, 87799, 97871
2026/09/22 21:48:44.151, 1, 88832, 97871
2026/09/22 21:48:44.151, 2, 87294, 97871
2026/09/22 21:48:44.151, 3, 87802, 97871
2026/09/22 21:48:44.351, 0, 87799, 97871
2026/09/22 21:48:44.351, 1, 88832, 97871
2026/09/22 21:48:44.351, 2, 87294, 97871
2026/09/22 21:48:44.351, 3, 87802, 97871
2026/09/22 21:48:44.551, 0, 87799, 97871
2026/09/22 21:48:44.551, 1, 88832, 97871
2026/09/22 21:48:44.551, 2, 87294, 97871
2026/09/22 21:48:44.551, 3, 87802, 97871
2026/09/22 21:48:44.751, 0, 87799, 97871
2026/09/22 21:48:44.751, 1, 88832, 97871
2026/09/22 21:48:44.752, 2, 87294, 97871
2026/09/22 21:48:44.752, 3, 87802, 97871
2026/09/22 21:48:44.952, 0, 87799, 97871
2026/09/22 21:48:44.952, 1, 88832, 97871
2026/09/22 21:48:44.952, 2, 87294, 97871
2026/09/22 21:48:44.952, 3, 87802, 97871
2026/09/22 21:48:45.152, 0, 87799, 97871
2026/09/22 21:48:45.152, 1, 88832, 97871
2026/09/22 21:48:45.152, 2, 87294, 97871
2026/09/22 21:48:45.152, 3, 87802, 97871
2026/09/22 21:48:45.352, 0, 87799, 97871
2026/09/22 21:48:45.353, 1, 88832, 97871
2026/09/22 21:48:45.353, 2, 87294, 97871
2026/09/22 21:48:45.353, 3, 87802, 97871
2026/09/22 21:48:45.553, 0, 87799, 97871
2026/09/22 21:48:45.553, 1, 88832, 97871
2026/09/22 21:48:45.553, 2, 87294, 97871
2026/09/22 21:48:45.553, 3, 87802, 97871
2026/09/22 21:48:45.753, 0, 87799, 97871
2026/09/22 21:48:45.753, 1, 88832, 97871
2026/09/22 21:48:45.753, 2, 87294, 97871
2026/09/22 21:48:45.753, 3, 87802, 97871
2026/09/22 21:48:45.953, 0, 87799, 97871
2026/09/22 21:48:45.954, 1, 88832, 97871
2026/09/22 21:48:45.954, 2, 87294, 97871
2026/09/22 21:48:45.954, 3, 87802, 97871
2026/09/22 21:48:46.154, 0, 87799, 97871
2026/09/22 21:48:46.154, 1, 88832, 97871
2026/09/22 21:48:46.154, 2, 87294, 97871
2026/09/22 21:48:46.154, 3, 87802, 97871
2026/09/22 21:48:46.354, 0, 87799, 97871
2026/09/22 21:48:46.354, 1, 88832, 97871
2026/09/22 21:48:46.354, 2, 87294, 97871
2026/09/22 21:48:46.354, 3, 87802, 97871
2026/09/22 21:48:46.554, 0, 87799, 97871
2026/09/22 21:48:46.554, 1, 88832, 97871
2026/09/22 21:48:46.554, 2, 87294, 97871
2026/09/22 21:48:46.554, 3, 87802, 97871
2026/09/22 21:48:46.755, 0, 87799, 97871
2026/09/22 21:48:46.755, 1, 88832, 97871
2026/09/22 21:48:46.755, 2, 87294, 97871
2026/09/22 21:48:46.755, 3, 87802, 97871
2026/09/22 21:48:46.955, 0, 87799, 97871
2026/09/22 21:48:46.955, 1, 88832, 97871
2026/09/22 21:48:46.955, 2, 87294, 97871
2026/09/22 21:48:46.955, 3, 87802, 97871
2026/09/22 21:48:47.155, 0, 87799, 97871
2026/09/22 21:48:47.155, 1, 88832, 97871
2026/09/22 21:48:47.155, 2, 87294, 97871
2026/09/22 21:48:47.155, 3, 87802, 97871
2026/09/22 21:48:47.356, 0, 87799, 97871
2026/09/22 21:48:47.356, 1, 88832, 97871
2026/09/22 21:48:47.356, 2, 87294, 97871
2026/09/22 21:48:47.356, 3, 87802, 97871
2026/09/22 21:48:47.556, 0, 87799, 97871
2026/09/22 21:48:47.556, 1, 88832, 97871
2026/09/22 21:48:47.556, 2, 87294, 97871
2026/09/22 21:48:47.556, 3, 87802, 97871
2026/09/22 21:48:47.756, 0, 87799, 97871
2026/09/22 21:48:47.756, 1, 88832, 97871
2026/09/22 21:48:47.756, 2, 87294, 97871
2026/09/22 21:48:47.756, 3, 87802, 97871
2026/09/22 21:48:47.956, 0, 87799, 97871
2026/09/22 21:48:47.957, 1, 88832, 97871
2026/09/22 21:48:47.957, 2, 87294, 97871
2026/09/22 21:48:47.957, 3, 87802, 97871
2026/09/22 21:48:48.157, 0, 87799, 97871
2026/09/22 21:48:48.157, 1, 88832, 97871
2026/09/22 21:48:48.157, 2, 87294, 97871
2026/09/22 21:48:48.157, 3, 87802, 97871
2026/09/22 21:48:48.357, 0, 87799, 97871
2026/09/22 21:48:48.357, 1, 88832, 97871
2026/09/22 21:48:48.357, 2, 87294, 97871
2026/09/22 21:48:48.357, 3, 87802, 97871
2026/09/22 21:48:48.557, 0, 87799, 97871
2026/09/22 21:48:48.558, 1, 88832, 97871
2026/09/22 21:48:48.558, 2, 87294, 97871
2026/09/22 21:48:48.558, 3, 87802, 97871
2026/09/22 21:48:48.758, 0, 87799, 97871
2026/09/22 21:48:48.758, 1, 88832, 97871
2026/09/22 21:48:48.758, 2, 87294, 97871
2026/09/22 21:48:48.758, 3, 87802, 97871
2026/09/22 21:48:48.958, 0, 87799, 97871
2026/09/22 21:48:48.958, 1, 88832, 97871
2026/09/22 21:48:48.958, 2, 87294, 97871
2026/09/22 21:48:48.958, 3, 87802, 97871
2026/09/22 21:48:49.158, 0, 87799, 97871
2026/09/22 21:48:49.159, 1, 88832, 97871
2026/09/22 21:48:49.159, 2, 87294, 97871
2026/09/22 21:48:49.159, 3, 87802, 97871
2026/09/22 21:48:49.359, 0, 87799, 97871
2026/09/22 21:48:49.359, 1, 88832, 97871
2026/09/22 21:48:49.359, 2, 87294, 97871
2026/09/22 21:48:49.359, 3, 87802, 97871
2026/09/22 21:48:49.559, 0, 87799, 97871
2026/09/22 21:48:49.559, 1, 88832, 97871
2026/09/22 21:48:49.559, 2, 87294, 97871
2026/09/22 21:48:49.559, 3, 87802, 97871
2026/09/22 21:48:49.759, 0, 87799, 97871
2026/09/22 21:48:49.759, 1, 88832, 97871
2026/09/22 21:48:49.760, 2, 87294, 97871
2026/09/22 21:48:49.760, 3, 87802, 97871
2026/09/22 21:48:49.960, 0, 87799, 97871
2026/09/22 21:48:49.960, 1, 88832, 97871
2026/09/22 21:48:49.960, 2, 87294, 97871
2026/09/22 21:48:49.960, 3, 87802, 97871
2026/09/22 21:48:50.160, 0, 87799, 97871
2026/09/22 21:48:50.160, 1, 88832, 97871
2026/09/22 21:48:50.160, 2, 87294, 97871
2026/09/22 21:48:50.160, 3, 87802, 97871
2026/09/22 21:48:50.360, 0, 87799, 97871
2026/09/22 21:48:50.360, 1, 88832, 97871
2026/09/22 21:48:50.360, 2, 87294, 97871
2026/09/22 21:48:50.361, 3, 87802, 97871
2026/09/22 21:48:50.561, 0, 87799, 97871
2026/09/22 21:48:50.561, 1, 88832, 97871
2026/09/22 21:48:50.561, 2, 87294, 97871
2026/09/22 21:48:50.561, 3, 87802, 97871
2026/09/22 21:48:50.761, 0, 87799, 97871
2026/09/22 21:48:50.761, 1, 88832, 97871
2026/09/22 21:48:50.761, 2, 87294, 97871
2026/09/22 21:48:50.761, 3, 87802, 97871
2026/09/22 21:48:50.961, 0, 87799, 97871
2026/09/22 21:48:50.961, 1, 88832, 97871
2026/09/22 21:48:50.961, 2, 87294, 97871
2026/09/22 21:48:50.962, 3, 87802, 97871
2026/09/22 21:48:51.162, 0, 87799, 97871
2026/09/22 21:48:51.162, 1, 88832, 97871
2026/09/22 21:48:51.162, 2, 87294, 97871
2026/09/22 21:48:51.162, 3, 87802, 97871
2026/09/22 21:48:51.362, 0, 87799, 97871
2026/09/22 21:48:51.362, 1, 88832, 97871
2026/09/22 21:48:51.362, 2, 87294, 97871
2026/09/22 21:48:51.362, 3, 87802, 97871
2026/09/22 21:48:51.562, 0, 87799, 97871
2026/09/22 21:48:51.562, 1, 88832, 97871
2026/09/22 21:48:51.562, 2, 87294, 97871
2026/09/22 21:48:51.562, 3, 87802, 97871
2026/09/22 21:48:51.763, 0, 87799, 97871
2026/09/22 21:48:51.763, 1, 88832, 97871
2026/09/22 21:48:51.763, 2, 87294, 97871
2026/09/22 21:48:51.763, 3, 87802, 97871
2026/09/22 21:48:51.963, 0, 87799, 97871
2026/09/22 21:48:51.963, 1, 88832, 97871
2026/09/22 21:48:51.963, 2, 87294, 97871
2026/09/22 21:48:51.963, 3, 87802, 97871
2026/09/22 21:48:52.163, 0, 87799, 97871
2026/09/22 21:48:52.163, 1, 88832, 97871
2026/09/22 21:48:52.163, 2, 87294, 97871
2026/09/22 21:48:52.163, 3, 87802, 97871
2026/09/22 21:48:52.364, 0, 87799, 97871
2026/09/22 21:48:52.364, 1, 88832, 97871
2026/09/22 21:48:52.364, 2, 87294, 97871
2026/09/22 21:48:52.364, 3, 87802, 97871
2026/09/22 21:48:52.564, 0, 87799, 97871
2026/09/22 21:48:52.564, 1, 88832, 97871
2026/09/22 21:48:52.564, 2, 87294, 97871
2026/09/22 21:48:52.564, 3, 87802, 97871
2026/09/22 21:48:52.764, 0, 87799, 97871
2026/09/22 21:48:52.764, 1, 88832, 97871
2026/09/22 21:48:52.764, 2, 87294, 97871
2026/09/22 21:48:52.764, 3, 87802, 97871
2026/09/22 21:48:52.964, 0, 87799, 97871
2026/09/22 21:48:52.965, 1, 88832, 97871
2026/09/22 21:48:52.965, 2, 87294, 97871
2026/09/22 21:48:52.965, 3, 87802, 97871
2026/09/22 21:48:53.165, 0, 87799, 97871
2026/09/22 21:48:53.165, 1, 88832, 97871
2026/09/22 21:48:53.165, 2, 87294, 97871
2026/09/22 21:48:53.165, 3, 87802, 97871
2026/09/22 21:48:53.365, 0, 87799, 97871
2026/09/22 21:48:53.365, 1, 88832, 97871
2026/09/22 21:48:53.365, 2, 87294, 97871
2026/09/22 21:48:53.365, 3, 87802, 97871
2026/09/22 21:48:53.566, 0, 87799, 97871
2026/09/22 21:48:53.566, 1, 88832, 97871
2026/09/22 21:48:53.566, 2, 87294, 97871
2026/09/22 21:48:53.566, 3, 87802, 97871
2026/09/22 21:48:53.766, 0, 87799, 97871
2026/09/22 21:48:53.766, 1, 88832, 97871
2026/09/22 21:48:53.766, 2, 87294, 97871
2026/09/22 21:48:53.766, 3, 87802, 97871
2026/09/22 21:48:53.966, 0, 87799, 97871
2026/09/22 21:48:53.966, 1, 88832, 97871
2026/09/22 21:48:53.966, 2, 87294, 97871
2026/09/22 21:48:53.966, 3, 87802, 97871
2026/09/22 21:48:54.166, 0, 87799, 97871
2026/09/22 21:48:54.167, 1, 88832, 97871
2026/09/22 21:48:54.167, 2, 87294, 97871
2026/09/22 21:48:54.167, 3, 87802, 97871
2026/09/22 21:48:54.367, 0, 87799, 97871
2026/09/22 21:48:54.367, 1, 88832, 97871
2026/09/22 21:48:54.367, 2, 87294, 97871
2026/09/22 21:48:54.367, 3, 87802, 97871
2026/09/22 21:48:54.567, 0, 87799, 97871
2026/09/22 21:48:54.567, 1, 88832, 97871
2026/09/22 21:48:54.567, 2, 87294, 97871
2026/09/22 21:48:54.567, 3, 87802, 97871
2026/09/22 21:48:54.767, 0, 87799, 97871
2026/09/22 21:48:54.767, 1, 88832, 97871
2026/09/22 21:48:54.767, 2, 87294, 97871
2026/09/22 21:48:54.768, 3, 87802, 97871
2026/09/22 21:48:54.968, 0, 87799, 97871
2026/09/22 21:48:54.968, 1, 88832, 97871
2026/09/22 21:48:54.968, 2, 87294, 97871
2026/09/22 21:48:54.968, 3, 87802, 97871
2026/09/22 21:48:55.168, 0, 87799, 97871
2026/09/22 21:48:55.168, 1, 88832, 97871
2026/09/22 21:48:55.168, 2, 87294, 97871
2026/09/22 21:48:55.168, 3, 87802, 97871
2026/09/22 21:48:55.368, 0, 87799, 97871
2026/09/22 21:48:55.368, 1, 88832, 97871
2026/09/22 21:48:55.368, 2, 87294, 97871
2026/09/22 21:48:55.368, 3, 87802, 97871
2026/09/22 21:48:55.569, 0, 87799, 97871
2026/09/22 21:48:55.569, 1, 88832, 97871
2026/09/22 21:48:55.569, 2, 87294, 97871
2026/09/22 21:48:55.569, 3, 87802, 97871
2026/09/22 21:48:55.769, 0, 87799, 97871
2026/09/22 21:48:55.769, 1, 88832, 97871
2026/09/22 21:48:55.769, 2, 87294, 97871
2026/09/22 21:48:55.769, 3, 87802, 97871
2026/09/22 21:48:55.969, 0, 87799, 97871
2026/09/22 21:48:55.969, 1, 88832, 97871
2026/09/22 21:48:55.969, 2, 87294, 97871
2026/09/22 21:48:55.969, 3, 87802, 97871
2026/09/22 21:48:56.169, 0, 87799, 97871
2026/09/22 21:48:56.170, 1, 88832, 97871
2026/09/22 21:48:56.170, 2, 87294, 97871
2026/09/22 21:48:56.170, 3, 87802, 97871
2026/09/22 21:48:56.370, 0, 87799, 97871
2026/09/22 21:48:56.370, 1, 88832, 97871
2026/09/22 21:48:56.370, 2, 87294, 97871
2026/09/22 21:48:56.370, 3, 87802, 97871
2026/09/22 21:48:56.570, 0, 87799, 97871
2026/09/22 21:48:56.570, 1, 88832, 97871
2026/09/22 21:48:56.570, 2, 87294, 97871
2026/09/22 21:48:56.570, 3, 87802, 97871
2026/09/22 21:48:56.770, 0, 87799, 97871
2026/09/22 21:48:56.770, 1, 88832, 97871
2026/09/22 21:48:56.770, 2, 87294, 97871
2026/09/22 21:48:56.771, 3, 87802, 97871
2026/09/22 21:48:56.971, 0, 87799, 97871
2026/09/22 21:48:56.971, 1, 88832, 97871
2026/09/22 21:48:56.971, 2, 87294, 97871
2026/09/22 21:48:56.971, 3, 87802, 97871
2026/09/22 21:48:57.171, 0, 87799, 97871
2026/09/22 21:48:57.171, 1, 88832, 97871
2026/09/22 21:48:57.171, 2, 87294, 97871
2026/09/22 21:48:57.171, 3, 87802, 97871
2026/09/22 21:48:57.371, 0, 87799, 97871
2026/09/22 21:48:57.371, 1, 88832, 97871
2026/09/22 21:48:57.371, 2, 87294, 97871
2026/09/22 21:48:57.371, 3, 87802, 97871
2026/09/22 21:48:57.572, 0, 87799, 97871
2026/09/22 21:48:57.572, 1, 88832, 97871
2026/09/22 21:48:57.572, 2, 87294, 97871
2026/09/22 21:48:57.572, 3, 87802, 97871
2026/09/22 21:48:57.772, 0, 87799, 97871
2026/09/22 21:48:57.772, 1, 88832, 97871
2026/09/22 21:48:57.772, 2, 87294, 97871
2026/09/22 21:48:57.772, 3, 87802, 97871
2026/09/22 21:48:57.972, 0, 87799, 97871
2026/09/22 21:48:57.972, 1, 88832, 97871
2026/09/22 21:48:57.972, 2, 87294, 97871
2026/09/22 21:48:57.972, 3, 87802, 97871
2026/09/22 21:48:58.172, 0, 87799, 97871
2026/09/22 21:48:58.173, 1, 88832, 97871
2026/09/22 21:48:58.173, 2, 87294, 97871
2026/09/22 21:48:58.173, 3, 87802, 97871
2026/09/22 21:48:58.373, 0, 87799, 97871
2026/09/22 21:48:58.373, 1, 88832, 97871
2026/09/22 21:48:58.373, 2, 87294, 97871
2026/09/22 21:48:58.373, 3, 87802, 97871
2026/09/22 21:48:58.573, 0, 87799, 97871
2026/09/22 21:48:58.573, 1, 88832, 97871
2026/09/22 21:48:58.573, 2, 87294, 97871
2026/09/22 21:48:58.573, 3, 87802, 97871
2026/09/22 21:48:58.773, 0, 87799, 97871
2026/09/22 21:48:58.773, 1, 88832, 97871
2026/09/22 21:48:58.774, 2, 87294, 97871
2026/09/22 21:48:58.774, 3, 87802, 97871
2026/09/22 21:48:58.974, 0, 87799, 97871
2026/09/22 21:48:58.974, 1, 88832, 97871
2026/09/22 21:48:58.974, 2, 87294, 97871
2026/09/22 21:48:58.974, 3, 87802, 97871
2026/09/22 21:48:59.174, 0, 87799, 97871
2026/09/22 21:48:59.174, 1, 88832, 97871
2026/09/22 21:48:59.174, 2, 87294, 97871
2026/09/22 21:48:59.174, 3, 87802, 97871
2026/09/22 21:48:59.374, 0, 87799, 97871
2026/09/22 21:48:59.374, 1, 88832, 97871
2026/09/22 21:48:59.374, 2, 87294, 97871
2026/09/22 21:48:59.374, 3, 87802, 97871
2026/09/22 21:48:59.574, 0, 87799, 97871
2026/09/22 21:48:59.575, 1, 88832, 97871
2026/09/22 21:48:59.575, 2, 87294, 97871
2026/09/22 21:48:59.575, 3, 87802, 97871
2026/09/22 21:48:59.775, 0, 87799, 97871
2026/09/22 21:48:59.775, 1, 88832, 97871
2026/09/22 21:48:59.775, 2, 87294, 97871
2026/09/22 21:48:59.775, 3, 87802, 97871
2026/09/22 21:48:59.975, 0, 87799, 97871
2026/09/22 21:48:59.975, 1, 88832, 97871
2026/09/22 21:48:59.975, 2, 87294, 97871
2026/09/22 21:48:59.975, 3, 87802, 97871
2026/09/22 21:49:00.175, 0, 87799, 97871
2026/09/22 21:49:00.175, 1, 88832, 97871
2026/09/22 21:49:00.175, 2, 87294, 97871
2026/09/22 21:49:00.175, 3, 87802, 97871
2026/09/22 21:49:00.376, 0, 87799, 97871
2026/09/22 21:49:00.376, 1, 88832, 97871
2026/09/22 21:49:00.376, 2, 87294, 97871
2026/09/22 21:49:00.376, 3, 87802, 97871
2026/09/22 21:49:00.576, 0, 87799, 97871
2026/09/22 21:49:00.576, 1, 88832, 97871
2026/09/22 21:49:00.576, 2, 87294, 97871
2026/09/22 21:49:00.576, 3, 87802, 97871
2026/09/22 21:49:00.776, 0, 87799, 97871
2026/09/22 21:49:00.776, 1, 88832, 97871
2026/09/22 21:49:00.776, 2, 87294, 97871
2026/09/22 21:49:00.776, 3, 87802, 97871
2026/09/22 21:49:00.977, 0, 87799, 97871
2026/09/22 21:49:00.977, 1, 88832, 97871
2026/09/22 21:49:00.977, 2, 87294, 97871
2026/09/22 21:49:00.977, 3, 87802, 97871
2026/09/22 21:49:01.177, 0, 87799, 97871
2026/09/22 21:49:01.177, 1, 88832, 97871
2026/09/22 21:49:01.177, 2, 87294, 97871
2026/09/22 21:49:01.177, 3, 87802, 97871
2026/09/22 21:49:01.377, 0, 87799, 97871
2026/09/22 21:49:01.377, 1, 88832, 97871
2026/09/22 21:49:01.377, 2, 87294, 97871
2026/09/22 21:49:01.377, 3, 87802, 97871
2026/09/22 21:49:01.577, 0, 87799, 97871
2026/09/22 21:49:01.577, 1, 88832, 97871
2026/09/22 21:49:01.578, 2, 87294, 97871
2026/09/22 21:49:01.578, 3, 87802, 97871
2026/09/22 21:49:01.778, 0, 87799, 97871
2026/09/22 21:49:01.778, 1, 88832, 97871
2026/09/22 21:49:01.778, 2, 87294, 97871
2026/09/22 21:49:01.778, 3, 87802, 97871
2026/09/22 21:49:01.978, 0, 87799, 97871
2026/09/22 21:49:01.978, 1, 88832, 97871
2026/09/22 21:49:01.978, 2, 87294, 97871
2026/09/22 21:49:01.978, 3, 87802, 97871
2026/09/22 21:49:02.178, 0, 87799, 97871
2026/09/22 21:49:02.178, 1, 88832, 97871
2026/09/22 21:49:02.178, 2, 87294, 97871
2026/09/22 21:49:02.178, 3, 87802, 97871
2026/09/22 21:49:02.379, 0, 87799, 97871
2026/09/22 21:49:02.379, 1, 88832, 97871
2026/09/22 21:49:02.379, 2, 87294, 97871
2026/09/22 21:49:02.379, 3, 87802, 97871
2026/09/22 21:49:02.579, 0, 87799, 97871
2026/09/22 21:49:02.579, 1, 88832, 97871
2026/09/22 21:49:02.579, 2, 87294, 97871
2026/09/22 21:49:02.579, 3, 87802, 97871
2026/09/22 21:49:02.779, 0, 87799, 97871
2026/09/22 21:49:02.779, 1, 88832, 97871
2026/09/22 21:49:02.779, 2, 87294, 97871
2026/09/22 21:49:02.779, 3, 87802, 97871
2026/09/22 21:49:02.980, 0, 87799, 97871
2026/09/22 21:49:02.980, 1, 88832, 97871
2026/09/22 21:49:02.980, 2, 87294, 97871
2026/09/22 21:49:02.980, 3, 87802, 97871
2026/09/22 21:49:03.180, 0, 87799, 97871
2026/09/22 21:49:03.180, 1, 88832, 97871
2026/09/22 21:49:03.180, 2, 87294, 97871
2026/09/22 21:49:03.180, 3, 87802, 97871
2026/09/22 21:49:03.380, 0, 87799, 97871
2026/09/22 21:49:03.380, 1, 88832, 97871
2026/09/22 21:49:03.380, 2, 87294, 97871
2026/09/22 21:49:03.380, 3, 87802, 97871
2026/09/22 21:49:03.581, 0, 87799, 97871
2026/09/22 21:49:03.581, 1, 88832, 97871
2026/09/22 21:49:03.581, 2, 87294, 97871
2026/09/22 21:49:03.581, 3, 87802, 97871
2026/09/22 21:49:03.781, 0, 87799, 97871
2026/09/22 21:49:03.781, 1, 88832, 97871
2026/09/22 21:49:03.781, 2, 87294, 97871
2026/09/22 21:49:03.781, 3, 87802, 97871
2026/09/22 21:49:03.981, 0, 87799, 97871
2026/09/22 21:49:03.981, 1, 88832, 97871
2026/09/22 21:49:03.981, 2, 87294, 97871
2026/09/22 21:49:03.981, 3, 87802, 97871
2026/09/22 21:49:04.181, 0, 87799, 97871
2026/09/22 21:49:04.182, 1, 88832, 97871
2026/09/22 21:49:04.182, 2, 87294, 97871
2026/09/22 21:49:04.182, 3, 87802, 97871
2026/09/22 21:49:04.382, 0, 87799, 97871
2026/09/22 21:49:04.382, 1, 88832, 97871
2026/09/22 21:49:04.382, 2, 87294, 97871
2026/09/22 21:49:04.382, 3, 87802, 97871
2026/09/22 21:49:04.582, 0, 87799, 97871
2026/09/22 21:49:04.582, 1, 88832, 97871
2026/09/22 21:49:04.582, 2, 87294, 97871
2026/09/22 21:49:04.582, 3, 87802, 97871
2026/09/22 21:49:04.782, 0, 87799, 97871
2026/09/22 21:49:04.782, 1, 88832, 97871
2026/09/22 21:49:04.782, 2, 87294, 97871
2026/09/22 21:49:04.783, 3, 87802, 97871
2026/09/22 21:49:04.983, 0, 87799, 97871
2026/09/22 21:49:04.983, 1, 88832, 97871
2026/09/22 21:49:04.983, 2, 87294, 97871
2026/09/22 21:49:04.983, 3, 87802, 97871
2026/09/22 21:49:05.183, 0, 87799, 97871
2026/09/22 21:49:05.183, 1, 88832, 97871
2026/09/22 21:49:05.183, 2, 87294, 97871
2026/09/22 21:49:05.183, 3, 87802, 97871
2026/09/22 21:49:05.383, 0, 87799, 97871
2026/09/22 21:49:05.383, 1, 88832, 97871
2026/09/22 21:49:05.383, 2, 87294, 97871
2026/09/22 21:49:05.383, 3, 87802, 97871
2026/09/22 21:49:05.583, 0, 87799, 97871
2026/09/22 21:49:05.584, 1, 88832, 97871
2026/09/22 21:49:05.584, 2, 87294, 97871
2026/09/22 21:49:05.584, 3, 87802, 97871
2026/09/22 21:49:05.784, 0, 87799, 97871
2026/09/22 21:49:05.784, 1, 88832, 97871
2026/09/22 21:49:05.784, 2, 87294, 97871
2026/09/22 21:49:05.784, 3, 87802, 97871
2026/09/22 21:49:05.984, 0, 87799, 97871
2026/09/22 21:49:05.984, 1, 88832, 97871
2026/09/22 21:49:05.984, 2, 87294, 97871
2026/09/22 21:49:05.984, 3, 87802, 97871
2026/09/22 21:49:06.184, 0, 87799, 97871
2026/09/22 21:49:06.184, 1, 88832, 97871
2026/09/22 21:49:06.184, 2, 87294, 97871
2026/09/22 21:49:06.185, 3, 87802, 97871
2026/09/22 21:49:06.385, 0, 87799, 97871
2026/09/22 21:49:06.385, 1, 88832, 97871
2026/09/22 21:49:06.385, 2, 87294, 97871
2026/09/22 21:49:06.385, 3, 87802, 97871
2026/09/22 21:49:06.585, 0, 87799, 97871
2026/09/22 21:49:06.585, 1, 88832, 97871
2026/09/22 21:49:06.585, 2, 87294, 97871
2026/09/22 21:49:06.585, 3, 87802, 97871
2026/09/22 21:49:06.785, 0, 87799, 97871
2026/09/22 21:49:06.785, 1, 88832, 97871
2026/09/22 21:49:06.785, 2, 87294, 97871
2026/09/22 21:49:06.785, 3, 87802, 97871
2026/09/22 21:49:06.986, 0, 87799, 97871
2026/09/22 21:49:06.986, 1, 88832, 97871
2026/09/22 21:49:06.986, 2, 87294, 97871
2026/09/22 21:49:06.986, 3, 87802, 97871
2026/09/22 21:49:07.186, 0, 87799, 97871
2026/09/22 21:49:07.186, 1, 88832, 97871
2026/09/22 21:49:07.186, 2, 87294, 97871
2026/09/22 21:49:07.186, 3, 87802, 97871
2026/09/22 21:49:07.386, 0, 87799, 97871
2026/09/22 21:49:07.387, 1, 88832, 97871
2026/09/22 21:49:07.387, 2, 87294, 97871
2026/09/22 21:49:07.387, 3, 87802, 97871
2026/09/22 21:49:07.587, 0, 87799, 97871
2026/09/22 21:49:07.587, 1, 88832, 97871
2026/09/22 21:49:07.587, 2, 87294, 97871
2026/09/22 21:49:07.587, 3, 87802, 97871
2026/09/22 21:49:07.787, 0, 87799, 97871
2026/09/22 21:49:07.787, 1, 88832, 97871
2026/09/22 21:49:07.787, 2, 87294, 97871
2026/09/22 21:49:07.787, 3, 87802, 97871
2026/09/22 21:49:07.987, 0, 87799, 97871
2026/09/22 21:49:07.988, 1, 88832, 97871
2026/09/22 21:49:07.988, 2, 87294, 97871
2026/09/22 21:49:07.988, 3, 87802, 97871
2026/09/22 21:49:08.188, 0, 87799, 97871
2026/09/22 21:49:08.188, 1, 88832, 97871
2026/09/22 21:49:08.188, 2, 87294, 97871
2026/09/22 21:49:08.188, 3, 87802, 97871
2026/09/22 21:49:08.388, 0, 87799, 97871
2026/09/22 21:49:08.388, 1, 88832, 97871
2026/09/22 21:49:08.388, 2, 87294, 97871
2026/09/22 21:49:08.388, 3, 87802, 97871
2026/09/22 21:49:08.588, 0, 87799, 97871
2026/09/22 21:49:08.589, 1, 88832, 97871
2026/09/22 21:49:08.589, 2, 87294, 97871
2026/09/22 21:49:08.589, 3, 87802, 97871
2026/09/22 21:49:08.789, 0, 87799, 97871
2026/09/22 21:49:08.789, 1, 88832, 97871
2026/09/22 21:49:08.789, 2, 87294, 97871
2026/09/22 21:49:08.789, 3, 87802, 97871
2026/09/22 21:49:08.989, 0, 87799, 97871
2026/09/22 21:49:08.989, 1, 88832, 97871
2026/09/22 21:49:08.989, 2, 87294, 97871
2026/09/22 21:49:08.989, 3, 87802, 97871
2026/09/22 21:49:09.189, 0, 87799, 97871
2026/09/22 21:49:09.189, 1, 88832, 97871
2026/09/22 21:49:09.190, 2, 87294, 97871
2026/09/22 21:49:09.190, 3, 87802, 97871
2026/09/22 21:49:09.390, 0, 87799, 97871
2026/09/22 21:49:09.390, 1, 88832, 97871
2026/09/22 21:49:09.390, 2, 87294, 97871
2026/09/22 21:49:09.390, 3, 87802, 97871
2026/09/22 21:49:09.590, 0, 87799, 97871
2026/09/22 21:49:09.590, 1, 88832, 97871
2026/09/22 21:49:09.590, 2, 87294, 97871
2026/09/22 21:49:09.590, 3, 87802, 97871
2026/09/22 21:49:09.790, 0, 87799, 97871
2026/09/22 21:49:09.790, 1, 88832, 97871
2026/09/22 21:49:09.790, 2, 87294, 97871
2026/09/22 21:49:09.790, 3, 87802, 97871
2026/09/22 21:49:09.990, 0, 87799, 97871
2026/09/22 21:49:09.991, 1, 88832, 97871
2026/09/22 21:49:09.991, 2, 87294, 97871
2026/09/22 21:49:09.991, 3, 87802, 97871
2026/09/22 21:49:10.191, 0, 87799, 97871
2026/09/22 21:49:10.191, 1, 88832, 97871
2026/09/22 21:49:10.191, 2, 87294, 97871
2026/09/22 21:49:10.191, 3, 87802, 97871
2026/09/22 21:49:10.391, 0, 87799, 97871
2026/09/22 21:49:10.391, 1, 88832, 97871
2026/09/22 21:49:10.391, 2, 87294, 97871
2026/09/22 21:49:10.391, 3, 87802, 97871
2026/09/22 21:49:10.591, 0, 87799, 97871
2026/09/22 21:49:10.591, 1, 88832, 97871
2026/09/22 21:49:10.592, 2, 87294, 97871
2026/09/22 21:49:10.592, 3, 87802, 97871
2026/09/22 21:49:10.792, 0, 87799, 97871
2026/09/22 21:49:10.792, 1, 88832, 97871
2026/09/22 21:49:10.792, 2, 87294, 97871
2026/09/22 21:49:10.792, 3, 87802, 97871
2026/09/22 21:49:10.992, 0, 87799, 97871
2026/09/22 21:49:10.992, 1, 88832, 97871
2026/09/22 21:49:10.992, 2, 87294, 97871
2026/09/22 21:49:10.992, 3, 87802, 97871
2026/09/22 21:49:11.192, 0, 87799, 97871
2026/09/22 21:49:11.192, 1, 88832, 97871
2026/09/22 21:49:11.193, 2, 87294, 97871
2026/09/22 21:49:11.193, 3, 87802, 97871
2026/09/22 21:49:11.393, 0, 87799, 97871
2026/09/22 21:49:11.393, 1, 88832, 97871
2026/09/22 21:49:11.393, 2, 87294, 97871
2026/09/22 21:49:11.393, 3, 87802, 97871
2026/09/22 21:49:11.593, 0, 87799, 97871
2026/09/22 21:49:11.593, 1, 88832, 97871
2026/09/22 21:49:11.593, 2, 87294, 97871
2026/09/22 21:49:11.593, 3, 87802, 97871
2026/09/22 21:49:11.793, 0, 87799, 97871
2026/09/22 21:49:11.793, 1, 88832, 97871
2026/09/22 21:49:11.793, 2, 87294, 97871
2026/09/22 21:49:11.794, 3, 87802, 97871
2026/09/22 21:49:11.994, 0, 87799, 97871
2026/09/22 21:49:11.994, 1, 88832, 97871
2026/09/22 21:49:11.994, 2, 87294, 97871
2026/09/22 21:49:11.994, 3, 87802, 97871
2026/09/22 21:49:12.194, 0, 87799, 97871
2026/09/22 21:49:12.194, 1, 88832, 97871
2026/09/22 21:49:12.194, 2, 87294, 97871
2026/09/22 21:49:12.194, 3, 87802, 97871
2026/09/22 21:49:12.394, 0, 87799, 97871
2026/09/22 21:49:12.394, 1, 88832, 97871
2026/09/22 21:49:12.394, 2, 87294, 97871
2026/09/22 21:49:12.394, 3, 87802, 97871
2026/09/22 21:49:12.595, 0, 87799, 97871
2026/09/22 21:49:12.595, 1, 88832, 97871
2026/09/22 21:49:12.595, 2, 87294, 97871
2026/09/22 21:49:12.595, 3, 87802, 97871
2026/09/22 21:49:12.795, 0, 87799, 97871
2026/09/22 21:49:12.795, 1, 88832, 97871
2026/09/22 21:49:12.795, 2, 87294, 97871
2026/09/22 21:49:12.795, 3, 87802, 97871
2026/09/22 21:49:12.995, 0, 87799, 97871
2026/09/22 21:49:12.995, 1, 88832, 97871
2026/09/22 21:49:12.995, 2, 87294, 97871
2026/09/22 21:49:12.995, 3, 87802, 97871
2026/09/22 21:49:13.195, 0, 87799, 97871
2026/09/22 21:49:13.196, 1, 88832, 97871
2026/09/22 21:49:13.196, 2, 87294, 97871
2026/09/22 21:49:13.196, 3, 87802, 97871
2026/09/22 21:49:13.396, 0, 87799, 97871
2026/09/22 21:49:13.396, 1, 88832, 97871
2026/09/22 21:49:13.396, 2, 87294, 97871
2026/09/22 21:49:13.396, 3, 87802, 97871
2026/09/22 21:49:13.596, 0, 87799, 97871
2026/09/22 21:49:13.596, 1, 88832, 97871
2026/09/22 21:49:13.596, 2, 87294, 97871
2026/09/22 21:49:13.596, 3, 87802, 97871
2026/09/22 21:49:13.796, 0, 87799, 97871
2026/09/22 21:49:13.796, 1, 88832, 97871
2026/09/22 21:49:13.796, 2, 87294, 97871
2026/09/22 21:49:13.797, 3, 87802, 97871
2026/09/22 21:49:13.997, 0, 87799, 97871
2026/09/22 21:49:13.997, 1, 88832, 97871
2026/09/22 21:49:13.997, 2, 87294, 97871
2026/09/22 21:49:13.997, 3, 87802, 97871
2026/09/22 21:49:14.197, 0, 87799, 97871
2026/09/22 21:49:14.197, 1, 88832, 97871
2026/09/22 21:49:14.197, 2, 87294, 97871
2026/09/22 21:49:14.197, 3, 87802, 97871
2026/09/22 21:49:14.397, 0, 87799, 97871
2026/09/22 21:49:14.397, 1, 88832, 97871
2026/09/22 21:49:14.397, 2, 87294, 97871
2026/09/22 21:49:14.397, 3, 87802, 97871
2026/09/22 21:49:14.598, 0, 87799, 97871
2026/09/22 21:49:14.598, 1, 88832, 97871
2026/09/22 21:49:14.598, 2, 87294, 97871
2026/09/22 21:49:14.598, 3, 87802, 97871
2026/09/22 21:49:14.798, 0, 87799, 97871
2026/09/22 21:49:14.798, 1, 88832, 97871
2026/09/22 21:49:14.798, 2, 87294, 97871
2026/09/22 21:49:14.798, 3, 87802, 97871
2026/09/22 21:49:14.998, 0, 87799, 97871
2026/09/22 21:49:14.998, 1, 88832, 97871
2026/09/22 21:49:14.998, 2, 87294, 97871
2026/09/22 21:49:14.999, 3, 87802, 97871
2026/09/22 21:49:15.199, 0, 87799, 97871
2026/09/22 21:49:15.199, 1, 88832, 97871
2026/09/22 21:49:15.199, 2, 87294, 97871
2026/09/22 21:49:15.199, 3, 87802, 97871
2026/09/22 21:49:15.399, 0, 87799, 97871
2026/09/22 21:49:15.399, 1, 88832, 97871
2026/09/22 21:49:15.399, 2, 87294, 97871
2026/09/22 21:49:15.399, 3, 87802, 97871
2026/09/22 21:49:15.599, 0, 87799, 97871
2026/09/22 21:49:15.599, 1, 88832, 97871
2026/09/22 21:49:15.599, 2, 87294, 97871
2026/09/22 21:49:15.599, 3, 87802, 97871
2026/09/22 21:49:15.799, 0, 87799, 97871
2026/09/22 21:49:15.800, 1, 88832, 97871
2026/09/22 21:49:15.800, 2, 87294, 97871
2026/09/22 21:49:15.800, 3, 87802, 97871
2026/09/22 21:49:16.000, 0, 87799, 97871
2026/09/22 21:49:16.000, 1, 88832, 97871
2026/09/22 21:49:16.000, 2, 87294, 97871
2026/09/22 21:49:16.000, 3, 87802, 97871
2026/09/22 21:49:16.200, 0, 87799, 97871
2026/09/22 21:49:16.200, 1, 88832, 97871
2026/09/22 21:49:16.200, 2, 87294, 97871
2026/09/22 21:49:16.200, 3, 87802, 97871
2026/09/22 21:49:16.400, 0, 87799, 97871
2026/09/22 21:49:16.401, 1, 88832, 97871
2026/09/22 21:49:16.401, 2, 87294, 97871
2026/09/22 21:49:16.401, 3, 87802, 97871
2026/09/22 21:49:16.601, 0, 87799, 97871
2026/09/22 21:49:16.601, 1, 88832, 97871
2026/09/22 21:49:16.601, 2, 87294, 97871
2026/09/22 21:49:16.601, 3, 87802, 97871
2026/09/22 21:49:16.801, 0, 87799, 97871
2026/09/22 21:49:16.801, 1, 88832, 97871
2026/09/22 21:49:16.801, 2, 87294, 97871
2026/09/22 21:49:16.801, 3, 87802, 97871
2026/09/22 21:49:17.001, 0, 87799, 97871
2026/09/22 21:49:17.002, 1, 88832, 97871
2026/09/22 21:49:17.002, 2, 87294, 97871
2026/09/22 21:49:17.002, 3, 87802, 97871
2026/09/22 21:49:17.202, 0, 87799, 97871
2026/09/22 21:49:17.202, 1, 88832, 97871
2026/09/22 21:49:17.202, 2, 87294, 97871
2026/09/22 21:49:17.202, 3, 87802, 97871
2026/09/22 21:49:17.402, 0, 87799, 97871
2026/09/22 21:49:17.402, 1, 88832, 97871
2026/09/22 21:49:17.402, 2, 87294, 97871
2026/09/22 21:49:17.402, 3, 87802, 97871
2026/09/22 21:49:17.602, 0, 87799, 97871
2026/09/22 21:49:17.603, 1, 88832, 97871
2026/09/22 21:49:17.603, 2, 87294, 97871
2026/09/22 21:49:17.603, 3, 87802, 97871
2026/09/22 21:49:17.803, 0, 87799, 97871
2026/09/22 21:49:17.803, 1, 88832, 97871
2026/09/22 21:49:17.803, 2, 87294, 97871
2026/09/22 21:49:17.803, 3, 87802, 97871
2026/09/22 21:49:18.003, 0, 87799, 97871
2026/09/22 21:49:18.003, 1, 88832, 97871
2026/09/22 21:49:18.003, 2, 87294, 97871
2026/09/22 21:49:18.003, 3, 87802, 97871
2026/09/22 21:49:18.203, 0, 87799, 97871
2026/09/22 21:49:18.204, 1, 88832, 97871
2026/09/22 21:49:18.204, 2, 87294, 97871
2026/09/22 21:49:18.204, 3, 87802, 97871
2026/09/22 21:49:18.404, 0, 87799, 97871
2026/09/22 21:49:18.404, 1, 88832, 97871
2026/09/22 21:49:18.404, 2, 87294, 97871
2026/09/22 21:49:18.404, 3, 87802, 97871
2026/09/22 21:49:18.604, 0, 87799, 97871
2026/09/22 21:49:18.604, 1, 88832, 97871
2026/09/22 21:49:18.604, 2, 87294, 97871
2026/09/22 21:49:18.604, 3, 87802, 97871
2026/09/22 21:49:18.804, 0, 87799, 97871
2026/09/22 21:49:18.804, 1, 88832, 97871
2026/09/22 21:49:18.804, 2, 87294, 97871
2026/09/22 21:49:18.805, 3, 87802, 97871
2026/09/22 21:49:19.005, 0, 87799, 97871
2026/09/22 21:49:19.005, 1, 88832, 97871
2026/09/22 21:49:19.005, 2, 87294, 97871
2026/09/22 21:49:19.005, 3, 87802, 97871
2026/09/22 21:49:19.205, 0, 87799, 97871
2026/09/22 21:49:19.205, 1, 88832, 97871
2026/09/22 21:49:19.205, 2, 87294, 97871
2026/09/22 21:49:19.205, 3, 87802, 97871
2026/09/22 21:49:19.405, 0, 87799, 97871
2026/09/22 21:49:19.405, 1, 88832, 97871
2026/09/22 21:49:19.405, 2, 87294, 97871
2026/09/22 21:49:19.405, 3, 87802, 97871
2026/09/22 21:49:19.606, 0, 87799, 97871
2026/09/22 21:49:19.606, 1, 88832, 97871
2026/09/22 21:49:19.606, 2, 87294, 97871
2026/09/22 21:49:19.606, 3, 87802, 97871
2026/09/22 21:49:19.806, 0, 87799, 97871
2026/09/22 21:49:19.806, 1, 88832, 97871
2026/09/22 21:49:19.806, 2, 87294, 97871
2026/09/22 21:49:19.806, 3, 87802, 97871
2026/09/22 21:49:20.006, 0, 87799, 97871
2026/09/22 21:49:20.006, 1, 88832, 97871
2026/09/22 21:49:20.006, 2, 87294, 97871
2026/09/22 21:49:20.007, 3, 87802, 97871
2026/09/22 21:49:20.207, 0, 87799, 97871
2026/09/22 21:49:20.207, 1, 88832, 97871
2026/09/22 21:49:20.207, 2, 87294, 97871
2026/09/22 21:49:20.207, 3, 87802, 97871
2026/09/22 21:49:20.407, 0, 87799, 97871
2026/09/22 21:49:20.407, 1, 88832, 97871
2026/09/22 21:49:20.407, 2, 87294, 97871
2026/09/22 21:49:20.407, 3, 87802, 97871
2026/09/22 21:49:20.607, 0, 87799, 97871
2026/09/22 21:49:20.607, 1, 88832, 97871
2026/09/22 21:49:20.608, 2, 87294, 97871
2026/09/22 21:49:20.608, 3, 87802, 97871
2026/09/22 21:49:20.808, 0, 87799, 97871
2026/09/22 21:49:20.808, 1, 88832, 97871
2026/09/22 21:49:20.808, 2, 87294, 97871
2026/09/22 21:49:20.808, 3, 87802, 97871
2026/09/22 21:49:21.008, 0, 87799, 97871
2026/09/22 21:49:21.008, 1, 88832, 97871
2026/09/22 21:49:21.008, 2, 87294, 97871
2026/09/22 21:49:21.008, 3, 87802, 97871
2026/09/22 21:49:21.208, 0, 87799, 97871
2026/09/22 21:49:21.208, 1, 88832, 97871
2026/09/22 21:49:21.209, 2, 87294, 97871
2026/09/22 21:49:21.209, 3, 87802, 97871
2026/09/22 21:49:21.409, 0, 87799, 97871
2026/09/22 21:49:21.409, 1, 88832, 97871
2026/09/22 21:49:21.409, 2, 87294, 97871
2026/09/22 21:49:21.409, 3, 87802, 97871
2026/09/22 21:49:21.609, 0, 87799, 97871
2026/09/22 21:49:21.609, 1, 88832, 97871
2026/09/22 21:49:21.609, 2, 87294, 97871
2026/09/22 21:49:21.609, 3, 87802, 97871
2026/09/22 21:49:21.809, 0, 87799, 97871
2026/09/22 21:49:21.809, 1, 88832, 97871
2026/09/22 21:49:21.809, 2, 87294, 97871
2026/09/22 21:49:21.809, 3, 87802, 97871
2026/09/22 21:49:22.010, 0, 87799, 97871
2026/09/22 21:49:22.010, 1, 88832, 97871
2026/09/22 21:49:22.010, 2, 87294, 97871
2026/09/22 21:49:22.010, 3, 87802, 97871
2026/09/22 21:49:22.210, 0, 87799, 97871
2026/09/22 21:49:22.210, 1, 88832, 97871
2026/09/22 21:49:22.210, 2, 87294, 97871
2026/09/22 21:49:22.210, 3, 87802, 97871
2026/09/22 21:49:22.410, 0, 87799, 97871
2026/09/22 21:49:22.410, 1, 88832, 97871
2026/09/22 21:49:22.410, 2, 87294, 97871
2026/09/22 21:49:22.410, 3, 87802, 97871
2026/09/22 21:49:22.610, 0, 87799, 97871
2026/09/22 21:49:22.611, 1, 88832, 97871
2026/09/22 21:49:22.611, 2, 87294, 97871
2026/09/22 21:49:22.611, 3, 87802, 97871
2026/09/22 21:49:22.811, 0, 87799, 97871
2026/09/22 21:49:22.811, 1, 88832, 97871
2026/09/22 21:49:22.811, 2, 87294, 97871
2026/09/22 21:49:22.811, 3, 87802, 97871
2026/09/22 21:49:23.011, 0, 87799, 97871
2026/09/22 21:49:23.011, 1, 88832, 97871
2026/09/22 21:49:23.011, 2, 87294, 97871
2026/09/22 21:49:23.011, 3, 87802, 97871
2026/09/22 21:49:23.211, 0, 87799, 97871
2026/09/22 21:49:23.212, 1, 88832, 97871
2026/09/22 21:49:23.212, 2, 87294, 97871
2026/09/22 21:49:23.212, 3, 87802, 97871
2026/09/22 21:49:23.412, 0, 87799, 97871
2026/09/22 21:49:23.412, 1, 88832, 97871
2026/09/22 21:49:23.412, 2, 87294, 97871
2026/09/22 21:49:23.412, 3, 87802, 97871
2026/09/22 21:49:23.612, 0, 87799, 97871
2026/09/22 21:49:23.612, 1, 88832, 97871
2026/09/22 21:49:23.612, 2, 87294, 97871
2026/09/22 21:49:23.613, 3, 87802, 97871
2026/09/22 21:49:23.813, 0, 87799, 97871
2026/09/22 21:49:23.813, 1, 88832, 97871
2026/09/22 21:49:23.813, 2, 87294, 97871
2026/09/22 21:49:23.813, 3, 87802, 97871
2026/09/22 21:49:24.013, 0, 87799, 97871
2026/09/22 21:49:24.013, 1, 88832, 97871
2026/09/22 21:49:24.013, 2, 87294, 97871
2026/09/22 21:49:24.013, 3, 87802, 97871
2026/09/22 21:49:24.213, 0, 87799, 97871
2026/09/22 21:49:24.213, 1, 88832, 97871
2026/09/22 21:49:24.213, 2, 87294, 97871
2026/09/22 21:49:24.213, 3, 87802, 97871
2026/09/22 21:49:24.414, 0, 87799, 97871
2026/09/22 21:49:24.414, 1, 88832, 97871
2026/09/22 21:49:24.414, 2, 87294, 97871
2026/09/22 21:49:24.414, 3, 87802, 97871
2026/09/22 21:49:24.614, 0, 87799, 97871
2026/09/22 21:49:24.614, 1, 88832, 97871
2026/09/22 21:49:24.614, 2, 87294, 97871
2026/09/22 21:49:24.614, 3, 87802, 97871
2026/09/22 21:49:24.814, 0, 87799, 97871
2026/09/22 21:49:24.814, 1, 88832, 97871
2026/09/22 21:49:24.814, 2, 87294, 97871
2026/09/22 21:49:24.815, 3, 87802, 97871
2026/09/22 21:49:25.015, 0, 87799, 97871
2026/09/22 21:49:25.015, 1, 88832, 97871
2026/09/22 21:49:25.015, 2, 87294, 97871
2026/09/22 21:49:25.015, 3, 87802, 97871
2026/09/22 21:49:25.215, 0, 87799, 97871
2026/09/22 21:49:25.215, 1, 88832, 97871
2026/09/22 21:49:25.215, 2, 87294, 97871
2026/09/22 21:49:25.215, 3, 87802, 97871
2026/09/22 21:49:25.415, 0, 87799, 97871
2026/09/22 21:49:25.415, 1, 88832, 97871
2026/09/22 21:49:25.415, 2, 87294, 97871
2026/09/22 21:49:25.415, 3, 87802, 97871
2026/09/22 21:49:25.616, 0, 87799, 97871
2026/09/22 21:49:25.616, 1, 88832, 97871
2026/09/22 21:49:25.616, 2, 87294, 97871
2026/09/22 21:49:25.616, 3, 87802, 97871
2026/09/22 21:49:25.816, 0, 87799, 97871
2026/09/22 21:49:25.816, 1, 88832, 97871
2026/09/22 21:49:25.816, 2, 87294, 97871
2026/09/22 21:49:25.816, 3, 87802, 97871
2026/09/22 21:49:26.016, 0, 87799, 97871
2026/09/22 21:49:26.016, 1, 88832, 97871
2026/09/22 21:49:26.016, 2, 87294, 97871
2026/09/22 21:49:26.016, 3, 87802, 97871
2026/09/22 21:49:26.217, 0, 87799, 97871
2026/09/22 21:49:26.217, 1, 88832, 97871
2026/09/22 21:49:26.217, 2, 87294, 97871
2026/09/22 21:49:26.217, 3, 87802, 97871
2026/09/22 21:49:26.417, 0, 87799, 97871
2026/09/22 21:49:26.417, 1, 88832, 97871
2026/09/22 21:49:26.417, 2, 87294, 97871
2026/09/22 21:49:26.417, 3, 87802, 97871
2026/09/22 21:49:26.617, 0, 87799, 97871
2026/09/22 21:49:26.617, 1, 88832, 97871
2026/09/22 21:49:26.618, 2, 87294, 97871
2026/09/22 21:49:26.618, 3, 87802, 97871
2026/09/22 21:49:26.818, 0, 87799, 97871
2026/09/22 21:49:26.818, 1, 88832, 97871
2026/09/22 21:49:26.818, 2, 87294, 97871
2026/09/22 21:49:26.818, 3, 87802, 97871
2026/09/22 21:49:27.018, 0, 87799, 97871
2026/09/22 21:49:27.018, 1, 88832, 97871
2026/09/22 21:49:27.018, 2, 87294, 97871
2026/09/22 21:49:27.018, 3, 87802, 97871
2026/09/22 21:49:27.218, 0, 87799, 97871
2026/09/22 21:49:27.218, 1, 88832, 97871
2026/09/22 21:49:27.218, 2, 87294, 97871
2026/09/22 21:49:27.218, 3, 87802, 97871
2026/09/22 21:49:27.419, 0, 87799, 97871
2026/09/22 21:49:27.419, 1, 88832, 97871
2026/09/22 21:49:27.419, 2, 87294, 97871
2026/09/22 21:49:27.419, 3, 87802, 97871
2026/09/22 21:49:27.619, 0, 87799, 97871
2026/09/22 21:49:27.619, 1, 88832, 97871
2026/09/22 21:49:27.619, 2, 87294, 97871
2026/09/22 21:49:27.619, 3, 87802, 97871
2026/09/22 21:49:27.819, 0, 87799, 97871
2026/09/22 21:49:27.819, 1, 88832, 97871
2026/09/22 21:49:27.819, 2, 87294, 97871
2026/09/22 21:49:27.819, 3, 87802, 97871
2026/09/22 21:49:28.020, 0, 87799, 97871
2026/09/22 21:49:28.020, 1, 88832, 97871
2026/09/22 21:49:28.020, 2, 87294, 97871
2026/09/22 21:49:28.020, 3, 87802, 97871
2026/09/22 21:49:28.220, 0, 87799, 97871
2026/09/22 21:49:28.220, 1, 88832, 97871
2026/09/22 21:49:28.220, 2, 87294, 97871
2026/09/22 21:49:28.220, 3, 87802, 97871
2026/09/22 21:49:28.420, 0, 87799, 97871
2026/09/22 21:49:28.420, 1, 88832, 97871
2026/09/22 21:49:28.420, 2, 87294, 97871
2026/09/22 21:49:28.420, 3, 87802, 97871
2026/09/22 21:49:28.621, 0, 87799, 97871
2026/09/22 21:49:28.621, 1, 88832, 97871
2026/09/22 21:49:28.621, 2, 87294, 97871
2026/09/22 21:49:28.621, 3, 87802, 97871
2026/09/22 21:49:28.821, 0, 87799, 97871
2026/09/22 21:49:28.821, 1, 88832, 97871
2026/09/22 21:49:28.821, 2, 87294, 97871
2026/09/22 21:49:28.821, 3, 87802, 97871
2026/09/22 21:49:29.021, 0, 87799, 97871
2026/09/22 21:49:29.021, 1, 88832, 97871
2026/09/22 21:49:29.021, 2, 87294, 97871
2026/09/22 21:49:29.021, 3, 87802, 97871
2026/09/22 21:49:29.221, 0, 87799, 97871
2026/09/22 21:49:29.222, 1, 88832, 97871
2026/09/22 21:49:29.222, 2, 87294, 97871
2026/09/22 21:49:29.222, 3, 87802, 97871
2026/09/22 21:49:29.422, 0, 87799, 97871
2026/09/22 21:49:29.422, 1, 88832, 97871
2026/09/22 21:49:29.422, 2, 87294, 97871
2026/09/22 21:49:29.422, 3, 87802, 97871
2026/09/22 21:49:29.622, 0, 87799, 97871
2026/09/22 21:49:29.622, 1, 88832, 97871
2026/09/22 21:49:29.622, 2, 87294, 97871
2026/09/22 21:49:29.622, 3, 87802, 97871
2026/09/22 21:49:29.822, 0, 87799, 97871
2026/09/22 21:49:29.822, 1, 88832, 97871
2026/09/22 21:49:29.822, 2, 87294, 97871
2026/09/22 21:49:29.822, 3, 87802, 97871
2026/09/22 21:49:30.023, 0, 87799, 97871
2026/09/22 21:49:30.023, 1, 88832, 97871
2026/09/22 21:49:30.023, 2, 87294, 97871
2026/09/22 21:49:30.023, 3, 87802, 97871
2026/09/22 21:49:30.223, 0, 87799, 97871
2026/09/22 21:49:30.223, 1, 88832, 97871
2026/09/22 21:49:30.223, 2, 87294, 97871
2026/09/22 21:49:30.223, 3, 87802, 97871
2026/09/22 21:49:30.423, 0, 87799, 97871
2026/09/22 21:49:30.423, 1, 88832, 97871
2026/09/22 21:49:30.423, 2, 87294, 97871
2026/09/22 21:49:30.423, 3, 87802, 97871
2026/09/22 21:49:30.624, 0, 87799, 97871
2026/09/22 21:49:30.624, 1, 88832, 97871
2026/09/22 21:49:30.624, 2, 87294, 97871
2026/09/22 21:49:30.624, 3, 87802, 97871
2026/09/22 21:49:30.824, 0, 87799, 97871
2026/09/22 21:49:30.824, 1, 88832, 97871
2026/09/22 21:49:30.824, 2, 87294, 97871
2026/09/22 21:49:30.824, 3, 87802, 97871
2026/09/22 21:49:31.024, 0, 87799, 97871
2026/09/22 21:49:31.024, 1, 88832, 97871
2026/09/22 21:49:31.024, 2, 87294, 97871
2026/09/22 21:49:31.024, 3, 87802, 97871
2026/09/22 21:49:31.225, 0, 87799, 97871
2026/09/22 21:49:31.225, 1, 88832, 97871
2026/09/22 21:49:31.225, 2, 87294, 97871
2026/09/22 21:49:31.225, 3, 87802, 97871
2026/09/22 21:49:31.425, 0, 87799, 97871
2026/09/22 21:49:31.425, 1, 88832, 97871
2026/09/22 21:49:31.425, 2, 87294, 97871
2026/09/22 21:49:31.425, 3, 87802, 97871
2026/09/22 21:49:31.625, 0, 87799, 97871
2026/09/22 21:49:31.625, 1, 88832, 97871
2026/09/22 21:49:31.625, 2, 87294, 97871
2026/09/22 21:49:31.625, 3, 87802, 97871
2026/09/22 21:49:31.826, 0, 87799, 97871
2026/09/22 21:49:31.826, 1, 88832, 97871
2026/09/22 21:49:31.826, 2, 87294, 97871
2026/09/22 21:49:31.826, 3, 87802, 97871
2026/09/22 21:49:32.026, 0, 87799, 97871
2026/09/22 21:49:32.026, 1, 88832, 97871
2026/09/22 21:49:32.026, 2, 87294, 97871
2026/09/22 21:49:32.026, 3, 87802, 97871
2026/09/22 21:49:32.226, 0, 87799, 97871
2026/09/22 21:49:32.226, 1, 88832, 97871
2026/09/22 21:49:32.227, 2, 87294, 97871
2026/09/22 21:49:32.227, 3, 87802, 97871
2026/09/22 21:49:32.427, 0, 87799, 97871
2026/09/22 21:49:32.427, 1, 88832, 97871
2026/09/22 21:49:32.427, 2, 87294, 97871
2026/09/22 21:49:32.427, 3, 87802, 97871
2026/09/22 21:49:32.627, 0, 87799, 97871
2026/09/22 21:49:32.627, 1, 88832, 97871
2026/09/22 21:49:32.627, 2, 87294, 97871
2026/09/22 21:49:32.627, 3, 87802, 97871
2026/09/22 21:49:32.827, 0, 87799, 97871
2026/09/22 21:49:32.827, 1, 88832, 97871
2026/09/22 21:49:32.827, 2, 87294, 97871
2026/09/22 21:49:32.828, 3, 87802, 97871
2026/09/22 21:49:33.028, 0, 87799, 97871
2026/09/22 21:49:33.028, 1, 88832, 97871
2026/09/22 21:49:33.028, 2, 87294, 97871
2026/09/22 21:49:33.028, 3, 87802, 97871
2026/09/22 21:49:33.228, 0, 87799, 97871
2026/09/22 21:49:33.228, 1, 88832, 97871
2026/09/22 21:49:33.228, 2, 87294, 97871
2026/09/22 21:49:33.228, 3, 87802, 97871
2026/09/22 21:49:33.428, 0, 87799, 97871
2026/09/22 21:49:33.428, 1, 88832, 97871
2026/09/22 21:49:33.428, 2, 87294, 97871
2026/09/22 21:49:33.428, 3, 87802, 97871
2026/09/22 21:49:33.629, 0, 87799, 97871
2026/09/22 21:49:33.629, 1, 88832, 97871
2026/09/22 21:49:33.629, 2, 87294, 97871
2026/09/22 21:49:33.629, 3, 87802, 97871
2026/09/22 21:49:33.829, 0, 87799, 97871
2026/09/22 21:49:33.829, 1, 88832, 97871
2026/09/22 21:49:33.829, 2, 87294, 97871
2026/09/22 21:49:33.829, 3, 87802, 97871
2026/09/22 21:49:34.029, 0, 87799, 97871
2026/09/22 21:49:34.029, 1, 88832, 97871
2026/09/22 21:49:34.029, 2, 87294, 97871
2026/09/22 21:49:34.029, 3, 87802, 97871
2026/09/22 21:49:34.229, 0, 87799, 97871
2026/09/22 21:49:34.230, 1, 88832, 97871
2026/09/22 21:49:34.230, 2, 87294, 97871
2026/09/22 21:49:34.230, 3, 87802, 97871
2026/09/22 21:49:34.430, 0, 87799, 97871
2026/09/22 21:49:34.430, 1, 88832, 97871
2026/09/22 21:49:34.430, 2, 87294, 97871
2026/09/22 21:49:34.430, 3, 87802, 97871
2026/09/22 21:49:34.630, 0, 87799, 97871
2026/09/22 21:49:34.630, 1, 88832, 97871
2026/09/22 21:49:34.630, 2, 87294, 97871
2026/09/22 21:49:34.630, 3, 87802, 97871
2026/09/22 21:49:34.831, 0, 87799, 97871
2026/09/22 21:49:34.831, 1, 88832, 97871
2026/09/22 21:49:34.831, 2, 87294, 97871
2026/09/22 21:49:34.831, 3, 87802, 97871
2026/09/22 21:49:35.031, 0, 87799, 97871
2026/09/22 21:49:35.031, 1, 88832, 97871
2026/09/22 21:49:35.031, 2, 87294, 97871
2026/09/22 21:49:35.031, 3, 87802, 97871
2026/09/22 21:49:35.231, 0, 87799, 97871
2026/09/22 21:49:35.231, 1, 88832, 97871
2026/09/22 21:49:35.231, 2, 87294, 97871
2026/09/22 21:49:35.231, 3, 87802, 97871
2026/09/22 21:49:35.432, 0, 87799, 97871
2026/09/22 21:49:35.432, 1, 88832, 97871
2026/09/22 21:49:35.432, 2, 87294, 97871
2026/09/22 21:49:35.432, 3, 87802, 97871
2026/09/22 21:49:35.632, 0, 87799, 97871
2026/09/22 21:49:35.632, 1, 88832, 97871
2026/09/22 21:49:35.632, 2, 87294, 97871
2026/09/22 21:49:35.632, 3, 87802, 97871
2026/09/22 21:49:35.832, 0, 87799, 97871
2026/09/22 21:49:35.832, 1, 88832, 97871
2026/09/22 21:49:35.832, 2, 87294, 97871
2026/09/22 21:49:35.832, 3, 87802, 97871
2026/09/22 21:49:36.033, 0, 87799, 97871
2026/09/22 21:49:36.033, 1, 88832, 97871
2026/09/22 21:49:36.033, 2, 87294, 97871
2026/09/22 21:49:36.033, 3, 87802, 97871
2026/09/22 21:49:36.233, 0, 87799, 97871
2026/09/22 21:49:36.233, 1, 88832, 97871
2026/09/22 21:49:36.233, 2, 87294, 97871
2026/09/22 21:49:36.233, 3, 87802, 97871
2026/09/22 21:49:36.433, 0, 87799, 97871
2026/09/22 21:49:36.433, 1, 88832, 97871
2026/09/22 21:49:36.433, 2, 87294, 97871
2026/09/22 21:49:36.433, 3, 87802, 97871
2026/09/22 21:49:36.633, 0, 87799, 97871
2026/09/22 21:49:36.634, 1, 88832, 97871
2026/09/22 21:49:36.634, 2, 87294, 97871
2026/09/22 21:49:36.634, 3, 87802, 97871
2026/09/22 21:49:36.834, 0, 87799, 97871
2026/09/22 21:49:36.834, 1, 88832, 97871
2026/09/22 21:49:36.834, 2, 87294, 97871
2026/09/22 21:49:36.834, 3, 87802, 97871
2026/09/22 21:49:37.034, 0, 87799, 97871
2026/09/22 21:49:37.034, 1, 88832, 97871
2026/09/22 21:49:37.034, 2, 87294, 97871
2026/09/22 21:49:37.034, 3, 87802, 97871
2026/09/22 21:49:37.234, 0, 87799, 97871
2026/09/22 21:49:37.235, 1, 88832, 97871
2026/09/22 21:49:37.235, 2, 87294, 97871
2026/09/22 21:49:37.235, 3, 87802, 97871
2026/09/22 21:49:37.435, 0, 87799, 97871
2026/09/22 21:49:37.435, 1, 88832, 97871
2026/09/22 21:49:37.435, 2, 87294, 97871
2026/09/22 21:49:37.435, 3, 87802, 97871
2026/09/22 21:49:37.635, 0, 87799, 97871
2026/09/22 21:49:37.635, 1, 88832, 97871
2026/09/22 21:49:37.635, 2, 87294, 97871
2026/09/22 21:49:37.635, 3, 87802, 97871
2026/09/22 21:49:37.835, 0, 87799, 97871
2026/09/22 21:49:37.835, 1, 88832, 97871
2026/09/22 21:49:37.835, 2, 87294, 97871
2026/09/22 21:49:37.835, 3, 87802, 97871
2026/09/22 21:49:38.036, 0, 87799, 97871
2026/09/22 21:49:38.036, 1, 88832, 97871
2026/09/22 21:49:38.036, 2, 87294, 97871
2026/09/22 21:49:38.036, 3, 87802, 97871
2026/09/22 21:49:38.236, 0, 87799, 97871
2026/09/22 21:49:38.236, 1, 88832, 97871
2026/09/22 21:49:38.236, 2, 87294, 97871
2026/09/22 21:49:38.236, 3, 87802, 97871
2026/09/22 21:49:38.436, 0, 87799, 97871
2026/09/22 21:49:38.436, 1, 88832, 97871
2026/09/22 21:49:38.437, 2, 87294, 97871
2026/09/22 21:49:38.437, 3, 87802, 97871
2026/09/22 21:49:38.637, 0, 87799, 97871
2026/09/22 21:49:38.637, 1, 88832, 97871
2026/09/22 21:49:38.637, 2, 87294, 97871
2026/09/22 21:49:38.637, 3, 87802, 97871
2026/09/22 21:49:38.837, 0, 87799, 97871
2026/09/22 21:49:38.837, 1, 88832, 97871
2026/09/22 21:49:38.837, 2, 87294, 97871
2026/09/22 21:49:38.837, 3, 87802, 97871
2026/09/22 21:49:39.037, 0, 87799, 97871
2026/09/22 21:49:39.037, 1, 88832, 97871
2026/09/22 21:49:39.038, 2, 87294, 97871
2026/09/22 21:49:39.038, 3, 87802, 97871
2026/09/22 21:49:39.238, 0, 87799, 97871
2026/09/22 21:49:39.238, 1, 88832, 97871
2026/09/22 21:49:39.238, 2, 87294, 97871
2026/09/22 21:49:39.238, 3, 87802, 97871
2026/09/22 21:49:39.438, 0, 87799, 97871
2026/09/22 21:49:39.438, 1, 88832, 97871
2026/09/22 21:49:39.438, 2, 87294, 97871
2026/09/22 21:49:39.438, 3, 87802, 97871
2026/09/22 21:49:39.638, 0, 87799, 97871
2026/09/22 21:49:39.638, 1, 88832, 97871
2026/09/22 21:49:39.639, 2, 87294, 97871
2026/09/22 21:49:39.639, 3, 87802, 97871
2026/09/22 21:49:39.839, 0, 87799, 97871
2026/09/22 21:49:39.839, 1, 88832, 97871
2026/09/22 21:49:39.839, 2, 87294, 97871
2026/09/22 21:49:39.839, 3, 87802, 97871
2026/09/22 21:49:40.039, 0, 87799, 97871
2026/09/22 21:49:40.039, 1, 88832, 97871
2026/09/22 21:49:40.039, 2, 87294, 97871
2026/09/22 21:49:40.039, 3, 87802, 97871
2026/09/22 21:49:40.239, 0, 87799, 97871
2026/09/22 21:49:40.239, 1, 88832, 97871
2026/09/22 21:49:40.239, 2, 87294, 97871
2026/09/22 21:49:40.239, 3, 87802, 97871
2026/09/22 21:49:40.440, 0, 87799, 97871
2026/09/22 21:49:40.440, 1, 88832, 97871
2026/09/22 21:49:40.440, 2, 87294, 97871
2026/09/22 21:49:40.440, 3, 87802, 97871
2026/09/22 21:49:40.640, 0, 87799, 97871
2026/09/22 21:49:40.640, 1, 88832, 97871
2026/09/22 21:49:40.640, 2, 87294, 97871
2026/09/22 21:49:40.640, 3, 87802, 97871
2026/09/22 21:49:40.840, 0, 87799, 97871
2026/09/22 21:49:40.840, 1, 88832, 97871
2026/09/22 21:49:40.840, 2, 87294, 97871
2026/09/22 21:49:40.840, 3, 87802, 97871
2026/09/22 21:49:41.041, 0, 87799, 97871
2026/09/22 21:49:41.041, 1, 88832, 97871
2026/09/22 21:49:41.041, 2, 87294, 97871
2026/09/22 21:49:41.041, 3, 87802, 97871
2026/09/22 21:49:41.241, 0, 87799, 97871
2026/09/22 21:49:41.241, 1, 88832, 97871
2026/09/22 21:49:41.241, 2, 87294, 97871
2026/09/22 21:49:41.241, 3, 87802, 97871
2026/09/22 21:49:41.441, 0, 87799, 97871
2026/09/22 21:49:41.441, 1, 88832, 97871
2026/09/22 21:49:41.441, 2, 87294, 97871
2026/09/22 21:49:41.441, 3, 87802, 97871
2026/09/22 21:49:41.641, 0, 87799, 97871
2026/09/22 21:49:41.642, 1, 88832, 97871
2026/09/22 21:49:41.642, 2, 87294, 97871
2026/09/22 21:49:41.642, 3, 87802, 97871
2026/09/22 21:49:41.842, 0, 87799, 97871
2026/09/22 21:49:41.842, 1, 88832, 97871
2026/09/22 21:49:41.842, 2, 87294, 97871
2026/09/22 21:49:41.842, 3, 87802, 97871
2026/09/22 21:49:42.042, 0, 87799, 97871
2026/09/22 21:49:42.042, 1, 88832, 97871
2026/09/22 21:49:42.042, 2, 87294, 97871
2026/09/22 21:49:42.042, 3, 87802, 97871
2026/09/22 21:49:42.242, 0, 87799, 97871
2026/09/22 21:49:42.242, 1, 88832, 97871
2026/09/22 21:49:42.242, 2, 87294, 97871
2026/09/22 21:49:42.242, 3, 87802, 97871
2026/09/22 21:49:42.443, 0, 87799, 97871
2026/09/22 21:49:42.443, 1, 88832, 97871
2026/09/22 21:49:42.443, 2, 87294, 97871
2026/09/22 21:49:42.443, 3, 87802, 97871
2026/09/22 21:49:42.643, 0, 87799, 97871
2026/09/22 21:49:42.643, 1, 88832, 97871
2026/09/22 21:49:42.643, 2, 87294, 97871
2026/09/22 21:49:42.643, 3, 87802, 97871
2026/09/22 21:49:42.843, 0, 87799, 97871
2026/09/22 21:49:42.843, 1, 88832, 97871
2026/09/22 21:49:42.843, 2, 87294, 97871
2026/09/22 21:49:42.843, 3, 87802, 97871
2026/09/22 21:49:43.044, 0, 87799, 97871
2026/09/22 21:49:43.044, 1, 88832, 97871
2026/09/22 21:49:43.044, 2, 87294, 97871
2026/09/22 21:49:43.044, 3, 87802, 97871
2026/09/22 21:49:43.244, 0, 87799, 97871
2026/09/22 21:49:43.244, 1, 88832, 97871
2026/09/22 21:49:43.244, 2, 87294, 97871
2026/09/22 21:49:43.244, 3, 87802, 97871
2026/09/22 21:49:43.444, 0, 87799, 97871
2026/09/22 21:49:43.444, 1, 88832, 97871
2026/09/22 21:49:43.444, 2, 87294, 97871
2026/09/22 21:49:43.444, 3, 87802, 97871
2026/09/22 21:49:43.645, 0, 87799, 97871
2026/09/22 21:49:43.645, 1, 88832, 97871
2026/09/22 21:49:43.645, 2, 87294, 97871
2026/09/22 21:49:43.645, 3, 87802, 97871
2026/09/22 21:49:43.845, 0, 87799, 97871
2026/09/22 21:49:43.845, 1, 88832, 97871
2026/09/22 21:49:43.845, 2, 87294, 97871
2026/09/22 21:49:43.845, 3, 87802, 97871
2026/09/22 21:49:44.045, 0, 87799, 97871
2026/09/22 21:49:44.045, 1, 88832, 97871
2026/09/22 21:49:44.045, 2, 87294, 97871
2026/09/22 21:49:44.046, 3, 87802, 97871
2026/09/22 21:49:44.246, 0, 87799, 97871
2026/09/22 21:49:44.246, 1, 88832, 97871
2026/09/22 21:49:44.246, 2, 87294, 97871
2026/09/22 21:49:44.246, 3, 87802, 97871
2026/09/22 21:49:44.446, 0, 87799, 97871
2026/09/22 21:49:44.446, 1, 88832, 97871
2026/09/22 21:49:44.446, 2, 87294, 97871
2026/09/22 21:49:44.446, 3, 87802, 97871
2026/09/22 21:49:44.646, 0, 87799, 97871
2026/09/22 21:49:44.646, 1, 88832, 97871
2026/09/22 21:49:44.646, 2, 87294, 97871
2026/09/22 21:49:44.646, 3, 87802, 97871
2026/09/22 21:49:44.847, 0, 87799, 97871
2026/09/22 21:49:44.847, 1, 88832, 97871
2026/09/22 21:49:44.847, 2, 87294, 97871
2026/09/22 21:49:44.847, 3, 87802, 97871
2026/09/22 21:49:45.047, 0, 87799, 97871
2026/09/22 21:49:45.047, 1, 88832, 97871
2026/09/22 21:49:45.047, 2, 87294, 97871
2026/09/22 21:49:45.047, 3, 87802, 97871
2026/09/22 21:49:45.247, 0, 87799, 97871
2026/09/22 21:49:45.247, 1, 88832, 97871
2026/09/22 21:49:45.247, 2, 87294, 97871
2026/09/22 21:49:45.247, 3, 87802, 97871
2026/09/22 21:49:45.448, 0, 87799, 97871
2026/09/22 21:49:45.448, 1, 88832, 97871
2026/09/22 21:49:45.448, 2, 87294, 97871
2026/09/22 21:49:45.448, 3, 87802, 97871
2026/09/22 21:49:45.648, 0, 87799, 97871
2026/09/22 21:49:45.648, 1, 88832, 97871
2026/09/22 21:49:45.648, 2, 87294, 97871
2026/09/22 21:49:45.648, 3, 87802, 97871
2026/09/22 21:49:45.848, 0, 87799, 97871
2026/09/22 21:49:45.848, 1, 88832, 97871
2026/09/22 21:49:45.848, 2, 87294, 97871
2026/09/22 21:49:45.848, 3, 87802, 97871
2026/09/22 21:49:46.049, 0, 87799, 97871
2026/09/22 21:49:46.049, 1, 88832, 97871
2026/09/22 21:49:46.049, 2, 87294, 97871
2026/09/22 21:49:46.049, 3, 87802, 97871
2026/09/22 21:49:46.249, 0, 87799, 97871
2026/09/22 21:49:46.249, 1, 88832, 97871
2026/09/22 21:49:46.249, 2, 87294, 97871
2026/09/22 21:49:46.249, 3, 87802, 97871
2026/09/22 21:49:46.449, 0, 87799, 97871
2026/09/22 21:49:46.449, 1, 88832, 97871
2026/09/22 21:49:46.449, 2, 87294, 97871
2026/09/22 21:49:46.449, 3, 87802, 97871
2026/09/22 21:49:46.649, 0, 87799, 97871
2026/09/22 21:49:46.650, 1, 88832, 97871
2026/09/22 21:49:46.650, 2, 87294, 97871
2026/09/22 21:49:46.650, 3, 87802, 97871
2026/09/22 21:49:46.850, 0, 87799, 97871
2026/09/22 21:49:46.850, 1, 88832, 97871
2026/09/22 21:49:46.850, 2, 87294, 97871
2026/09/22 21:49:46.850, 3, 87802, 97871
2026/09/22 21:49:47.050, 0, 87799, 97871
2026/09/22 21:49:47.050, 1, 88832, 97871
2026/09/22 21:49:47.050, 2, 87294, 97871
2026/09/22 21:49:47.050, 3, 87802, 97871
2026/09/22 21:49:47.250, 0, 87799, 97871
2026/09/22 21:49:47.250, 1, 88832, 97871
2026/09/22 21:49:47.250, 2, 87294, 97871
2026/09/22 21:49:47.251, 3, 87802, 97871
2026/09/22 21:49:47.451, 0, 87799, 97871
2026/09/22 21:49:47.451, 1, 88832, 97871
2026/09/22 21:49:47.451, 2, 87294, 97871
2026/09/22 21:49:47.451, 3, 87802, 97871
2026/09/22 21:49:47.651, 0, 87799, 97871
2026/09/22 21:49:47.651, 1, 88832, 97871
2026/09/22 21:49:47.651, 2, 87294, 97871
2026/09/22 21:49:47.651, 3, 87802, 97871
2026/09/22 21:49:47.851, 0, 87799, 97871
2026/09/22 21:49:47.851, 1, 88832, 97871
2026/09/22 21:49:47.851, 2, 87294, 97871
2026/09/22 21:49:47.851, 3, 87802, 97871
2026/09/22 21:49:48.051, 0, 87799, 97871
2026/09/22 21:49:48.052, 1, 88832, 97871
2026/09/22 21:49:48.052, 2, 87294, 97871
2026/09/22 21:49:48.052, 3, 87802, 97871
2026/09/22 21:49:48.252, 0, 87799, 97871
2026/09/22 21:49:48.252, 1, 88832, 97871
2026/09/22 21:49:48.252, 2, 87294, 97871
2026/09/22 21:49:48.252, 3, 87802, 97871
2026/09/22 21:49:48.452, 0, 87799, 97871
2026/09/22 21:49:48.452, 1, 88832, 97871
2026/09/22 21:49:48.452, 2, 87294, 97871
2026/09/22 21:49:48.452, 3, 87802, 97871
2026/09/22 21:49:48.653, 0, 87799, 97871
2026/09/22 21:49:48.653, 1, 88832, 97871
2026/09/22 21:49:48.653, 2, 87294, 97871
2026/09/22 21:49:48.653, 3, 87802, 97871
2026/09/22 21:49:48.853, 0, 87799, 97871
2026/09/22 21:49:48.853, 1, 88832, 97871
2026/09/22 21:49:48.853, 2, 87294, 97871
2026/09/22 21:49:48.853, 3, 87802, 97871
2026/09/22 21:49:49.053, 0, 87799, 97871
2026/09/22 21:49:49.053, 1, 88832, 97871
2026/09/22 21:49:49.053, 2, 87294, 97871
2026/09/22 21:49:49.053, 3, 87802, 97871
2026/09/22 21:49:49.254, 0, 87799, 97871
2026/09/22 21:49:49.254, 1, 88832, 97871
2026/09/22 21:49:49.254, 2, 87294, 97871
2026/09/22 21:49:49.254, 3, 87802, 97871
2026/09/22 21:49:49.454, 0, 87799, 97871
2026/09/22 21:49:49.454, 1, 88832, 97871
2026/09/22 21:49:49.454, 2, 87294, 97871
2026/09/22 21:49:49.454, 3, 87802, 97871
2026/09/22 21:49:49.654, 0, 87799, 97871
2026/09/22 21:49:49.654, 1, 88832, 97871
2026/09/22 21:49:49.654, 2, 87294, 97871
2026/09/22 21:49:49.654, 3, 87802, 97871
2026/09/22 21:49:49.854, 0, 87799, 97871
2026/09/22 21:49:49.854, 1, 88832, 97871
2026/09/22 21:49:49.855, 2, 87294, 97871
2026/09/22 21:49:49.855, 3, 87802, 97871
2026/09/22 21:49:50.055, 0, 87799, 97871
2026/09/22 21:49:50.055, 1, 88832, 97871
2026/09/22 21:49:50.055, 2, 87294, 97871
2026/09/22 21:49:50.055, 3, 87802, 97871
2026/09/22 21:49:50.255, 0, 87799, 97871
2026/09/22 21:49:50.255, 1, 88832, 97871
2026/09/22 21:49:50.255, 2, 87294, 97871
2026/09/22 21:49:50.255, 3, 87802, 97871
2026/09/22 21:49:50.455, 0, 87799, 97871
2026/09/22 21:49:50.456, 1, 88832, 97871
2026/09/22 21:49:50.456, 2, 87294, 97871
2026/09/22 21:49:50.456, 3, 87802, 97871
2026/09/22 21:49:50.656, 0, 87799, 97871
2026/09/22 21:49:50.656, 1, 88832, 97871
2026/09/22 21:49:50.656, 2, 87294, 97871
2026/09/22 21:49:50.656, 3, 87802, 97871
2026/09/22 21:49:50.856, 0, 87799, 97871
2026/09/22 21:49:50.856, 1, 88832, 97871
2026/09/22 21:49:50.856, 2, 87294, 97871
2026/09/22 21:49:50.856, 3, 87802, 97871
2026/09/22 21:49:51.056, 0, 87799, 97871
2026/09/22 21:49:51.057, 1, 88832, 97871
2026/09/22 21:49:51.057, 2, 87294, 97871
2026/09/22 21:49:51.057, 3, 87802, 97871
2026/09/22 21:49:51.257, 0, 87799, 97871
2026/09/22 21:49:51.257, 1, 88832, 97871
2026/09/22 21:49:51.257, 2, 87294, 97871
2026/09/22 21:49:51.257, 3, 87802, 97871
2026/09/22 21:49:51.457, 0, 87799, 97871
2026/09/22 21:49:51.457, 1, 88832, 97871
2026/09/22 21:49:51.457, 2, 87294, 97871
2026/09/22 21:49:51.457, 3, 87802, 97871
2026/09/22 21:49:51.658, 0, 87799, 97871
2026/09/22 21:49:51.658, 1, 88832, 97871
2026/09/22 21:49:51.658, 2, 87294, 97871
2026/09/22 21:49:51.658, 3, 87802, 97871
2026/09/22 21:49:51.858, 0, 87799, 97871
2026/09/22 21:49:51.858, 1, 88832, 97871
2026/09/22 21:49:51.858, 2, 87294, 97871
2026/09/22 21:49:51.858, 3, 87802, 97871
2026/09/22 21:49:52.058, 0, 87799, 97871
2026/09/22 21:49:52.058, 1, 88832, 97871
2026/09/22 21:49:52.058, 2, 87294, 97871
2026/09/22 21:49:52.058, 3, 87802, 97871
2026/09/22 21:49:52.258, 0, 87799, 97871
2026/09/22 21:49:52.259, 1, 88832, 97871
2026/09/22 21:49:52.259, 2, 87294, 97871
2026/09/22 21:49:52.259, 3, 87802, 97871
2026/09/22 21:49:52.459, 0, 87799, 97871
2026/09/22 21:49:52.459, 1, 88832, 97871
2026/09/22 21:49:52.459, 2, 87294, 97871
2026/09/22 21:49:52.459, 3, 87802, 97871
2026/09/22 21:49:52.659, 0, 87799, 97871
2026/09/22 21:49:52.659, 1, 88832, 97871
2026/09/22 21:49:52.659, 2, 87294, 97871
2026/09/22 21:49:52.659, 3, 87802, 97871
2026/09/22 21:49:52.859, 0, 87799, 97871
2026/09/22 21:49:52.860, 1, 88832, 97871
2026/09/22 21:49:52.860, 2, 87294, 97871
2026/09/22 21:49:52.860, 3, 87802, 97871
2026/09/22 21:49:53.060, 0, 87799, 97871
2026/09/22 21:49:53.060, 1, 88832, 97871
2026/09/22 21:49:53.060, 2, 87294, 97871
2026/09/22 21:49:53.060, 3, 87802, 97871
2026/09/22 21:49:53.260, 0, 87799, 97871
2026/09/22 21:49:53.260, 1, 88832, 97871
2026/09/22 21:49:53.260, 2, 87294, 97871
2026/09/22 21:49:53.260, 3, 87802, 97871
2026/09/22 21:49:53.460, 0, 87799, 97871
2026/09/22 21:49:53.461, 1, 88832, 97871
2026/09/22 21:49:53.461, 2, 87294, 97871
2026/09/22 21:49:53.461, 3, 87802, 97871
2026/09/22 21:49:53.661, 0, 87799, 97871
2026/09/22 21:49:53.661, 1, 88832, 97871
2026/09/22 21:49:53.661, 2, 87294, 97871
2026/09/22 21:49:53.661, 3, 87802, 97871
2026/09/22 21:49:53.861, 0, 87799, 97871
2026/09/22 21:49:53.861, 1, 88832, 97871
2026/09/22 21:49:53.861, 2, 87294, 97871
2026/09/22 21:49:53.861, 3, 87802, 97871
2026/09/22 21:49:54.061, 0, 87799, 97871
2026/09/22 21:49:54.062, 1, 88832, 97871
2026/09/22 21:49:54.062, 2, 87294, 97871
2026/09/22 21:49:54.062, 3, 87802, 97871
2026/09/22 21:49:54.262, 0, 87799, 97871
2026/09/22 21:49:54.262, 1, 88832, 97871
2026/09/22 21:49:54.262, 2, 87294, 97871
2026/09/22 21:49:54.262, 3, 87802, 97871
2026/09/22 21:49:54.462, 0, 87799, 97871
2026/09/22 21:49:54.462, 1, 88832, 97871
2026/09/22 21:49:54.462, 2, 87294, 97871
2026/09/22 21:49:54.462, 3, 87802, 97871
2026/09/22 21:49:54.662, 0, 87799, 97871
2026/09/22 21:49:54.662, 1, 88832, 97871
2026/09/22 21:49:54.662, 2, 87294, 97871
2026/09/22 21:49:54.662, 3, 87802, 97871
2026/09/22 21:49:54.863, 0, 87799, 97871
2026/09/22 21:49:54.863, 1, 88832, 97871
2026/09/22 21:49:54.863, 2, 87294, 97871
2026/09/22 21:49:54.863, 3, 87802, 97871
2026/09/22 21:49:55.063, 0, 87799, 97871
2026/09/22 21:49:55.063, 1, 88832, 97871
2026/09/22 21:49:55.063, 2, 87294, 97871
2026/09/22 21:49:55.063, 3, 87802, 97871
2026/09/22 21:49:55.263, 0, 87799, 97871
2026/09/22 21:49:55.263, 1, 88832, 97871
2026/09/22 21:49:55.263, 2, 87294, 97871
2026/09/22 21:49:55.263, 3, 87802, 97871
2026/09/22 21:49:55.463, 0, 87799, 97871
2026/09/22 21:49:55.464, 1, 88832, 97871
2026/09/22 21:49:55.464, 2, 87294, 97871
2026/09/22 21:49:55.464, 3, 87802, 97871
2026/09/22 21:49:55.664, 0, 87799, 97871
2026/09/22 21:49:55.664, 1, 88832, 97871
2026/09/22 21:49:55.664, 2, 87294, 97871
2026/09/22 21:49:55.664, 3, 87802, 97871
2026/09/22 21:49:55.864, 0, 87799, 97871
2026/09/22 21:49:55.864, 1, 88832, 97871
2026/09/22 21:49:55.864, 2, 87294, 97871
2026/09/22 21:49:55.864, 3, 87802, 97871
2026/09/22 21:49:56.064, 0, 87799, 97871
2026/09/22 21:49:56.064, 1, 88832, 97871
2026/09/22 21:49:56.065, 2, 87294, 97871
2026/09/22 21:49:56.065, 3, 87802, 97871
2026/09/22 21:49:56.265, 0, 87799, 97871
2026/09/22 21:49:56.265, 1, 88832, 97871
2026/09/22 21:49:56.265, 2, 87294, 97871
2026/09/22 21:49:56.265, 3, 87802, 97871
2026/09/22 21:49:56.465, 0, 87799, 97871
2026/09/22 21:49:56.465, 1, 88832, 97871
2026/09/22 21:49:56.465, 2, 87294, 97871
2026/09/22 21:49:56.465, 3, 87802, 97871
2026/09/22 21:49:56.665, 0, 87799, 97871
2026/09/22 21:49:56.666, 1, 88832, 97871
2026/09/22 21:49:56.666, 2, 87294, 97871
2026/09/22 21:49:56.666, 3, 87802, 97871
2026/09/22 21:49:56.866, 0, 87799, 97871
2026/09/22 21:49:56.866, 1, 88832, 97871
2026/09/22 21:49:56.866, 2, 87294, 97871
2026/09/22 21:49:56.866, 3, 87802, 97871
2026/09/22 21:49:57.066, 0, 87799, 97871
2026/09/22 21:49:57.066, 1, 88832, 97871
2026/09/22 21:49:57.066, 2, 87294, 97871
2026/09/22 21:49:57.066, 3, 87802, 97871
2026/09/22 21:49:57.266, 0, 87799, 97871
2026/09/22 21:49:57.267, 1, 88832, 97871
2026/09/22 21:49:57.267, 2, 87294, 97871
2026/09/22 21:49:57.267, 3, 87802, 97871
2026/09/22 21:49:57.467, 0, 87799, 97871
2026/09/22 21:49:57.467, 1, 88832, 97871
2026/09/22 21:49:57.467, 2, 87294, 97871
2026/09/22 21:49:57.467, 3, 87802, 97871
2026/09/22 21:49:57.667, 0, 87799, 97871
2026/09/22 21:49:57.667, 1, 88832, 97871
2026/09/22 21:49:57.667, 2, 87294, 97871
2026/09/22 21:49:57.667, 3, 87802, 97871
2026/09/22 21:49:57.867, 0, 87799, 97871
2026/09/22 21:49:57.867, 1, 88832, 97871
2026/09/22 21:49:57.867, 2, 87294, 97871
2026/09/22 21:49:57.867, 3, 87802, 97871
2026/09/22 21:49:58.068, 0, 87799, 97871
2026/09/22 21:49:58.068, 1, 88832, 97871
2026/09/22 21:49:58.068, 2, 87294, 97871
2026/09/22 21:49:58.068, 3, 87802, 97871
2026/09/22 21:49:58.268, 0, 87799, 97871
2026/09/22 21:49:58.268, 1, 88832, 97871
2026/09/22 21:49:58.268, 2, 87294, 97871
2026/09/22 21:49:58.268, 3, 87802, 97871
2026/09/22 21:49:58.468, 0, 87799, 97871
2026/09/22 21:49:58.468, 1, 88832, 97871
2026/09/22 21:49:58.468, 2, 87294, 97871
2026/09/22 21:49:58.468, 3, 87802, 97871
2026/09/22 21:49:58.668, 0, 87799, 97871
2026/09/22 21:49:58.669, 1, 88832, 97871
2026/09/22 21:49:58.669, 2, 87294, 97871
2026/09/22 21:49:58.669, 3, 87802, 97871
2026/09/22 21:49:58.869, 0, 87799, 97871
2026/09/22 21:49:58.869, 1, 88832, 97871
2026/09/22 21:49:58.869, 2, 87294, 97871
2026/09/22 21:49:58.869, 3, 87802, 97871
2026/09/22 21:49:59.069, 0, 87799, 97871
2026/09/22 21:49:59.069, 1, 88832, 97871
2026/09/22 21:49:59.069, 2, 87294, 97871
2026/09/22 21:49:59.069, 3, 87802, 97871
2026/09/22 21:49:59.269, 0, 87799, 97871
2026/09/22 21:49:59.269, 1, 88832, 97871
2026/09/22 21:49:59.269, 2, 87294, 97871
2026/09/22 21:49:59.269, 3, 87802, 97871
2026/09/22 21:49:59.470, 0, 87799, 97871
2026/09/22 21:49:59.470, 1, 88832, 97871
2026/09/22 21:49:59.470, 2, 87294, 97871
2026/09/22 21:49:59.470, 3, 87802, 97871
2026/09/22 21:49:59.670, 0, 87799, 97871
2026/09/22 21:49:59.670, 1, 88832, 97871
2026/09/22 21:49:59.670, 2, 87294, 97871
2026/09/22 21:49:59.670, 3, 87802, 97871
2026/09/22 21:49:59.870, 0, 87799, 97871
2026/09/22 21:49:59.870, 1, 88832, 97871
2026/09/22 21:49:59.870, 2, 87294, 97871
2026/09/22 21:49:59.870, 3, 87802, 97871
2026/09/22 21:50:00.070, 0, 87799, 97871
2026/09/22 21:50:00.071, 1, 88832, 97871
2026/09/22 21:50:00.071, 2, 87294, 97871
2026/09/22 21:50:00.071, 3, 87802, 97871
2026/09/22 21:50:00.271, 0, 87799, 97871
2026/09/22 21:50:00.271, 1, 88832, 97871
2026/09/22 21:50:00.271, 2, 87294, 97871
2026/09/22 21:50:00.271, 3, 87802, 97871
2026/09/22 21:50:00.471, 0, 87799, 97871
2026/09/22 21:50:00.471, 1, 88832, 97871
2026/09/22 21:50:00.471, 2, 87294, 97871
2026/09/22 21:50:00.471, 3, 87802, 97871
2026/09/22 21:50:00.672, 0, 87799, 97871
2026/09/22 21:50:00.672, 1, 88832, 97871
2026/09/22 21:50:00.672, 2, 87294, 97871
2026/09/22 21:50:00.672, 3, 87802, 97871
2026/09/22 21:50:00.872, 0, 87799, 97871
2026/09/22 21:50:00.872, 1, 88832, 97871
2026/09/22 21:50:00.872, 2, 87294, 97871
2026/09/22 21:50:00.872, 3, 87802, 97871
2026/09/22 21:50:01.072, 0, 87799, 97871
2026/09/22 21:50:01.072, 1, 88832, 97871
2026/09/22 21:50:01.072, 2, 87294, 97871
2026/09/22 21:50:01.072, 3, 87802, 97871
2026/09/22 21:50:01.273, 0, 87799, 97871
2026/09/22 21:50:01.273, 1, 88832, 97871
2026/09/22 21:50:01.273, 2, 87294, 97871
2026/09/22 21:50:01.273, 3, 87802, 97871
2026/09/22 21:50:01.473, 0, 87799, 97871
2026/09/22 21:50:01.473, 1, 88832, 97871
2026/09/22 21:50:01.473, 2, 87294, 97871
2026/09/22 21:50:01.473, 3, 87802, 97871
2026/09/22 21:50:01.673, 0, 87799, 97871
2026/09/22 21:50:01.673, 1, 88832, 97871
2026/09/22 21:50:01.673, 2, 87294, 97871
2026/09/22 21:50:01.673, 3, 87802, 97871
2026/09/22 21:50:01.873, 0, 87799, 97871
2026/09/22 21:50:01.874, 1, 88832, 97871
2026/09/22 21:50:01.874, 2, 87294, 97871
2026/09/22 21:50:01.874, 3, 87802, 97871
2026/09/22 21:50:02.074, 0, 87799, 97871
2026/09/22 21:50:02.074, 1, 88832, 97871
2026/09/22 21:50:02.074, 2, 87294, 97871
2026/09/22 21:50:02.074, 3, 87802, 97871
2026/09/22 21:50:02.274, 0, 87799, 97871
2026/09/22 21:50:02.274, 1, 88832, 97871
2026/09/22 21:50:02.274, 2, 87294, 97871
2026/09/22 21:50:02.274, 3, 87802, 97871
2026/09/22 21:50:02.474, 0, 87799, 97871
2026/09/22 21:50:02.474, 1, 88832, 97871
2026/09/22 21:50:02.474, 2, 87294, 97871
2026/09/22 21:50:02.474, 3, 87802, 97871
2026/09/22 21:50:02.675, 0, 87799, 97871
2026/09/22 21:50:02.675, 1, 88832, 97871
2026/09/22 21:50:02.675, 2, 87294, 97871
2026/09/22 21:50:02.675, 3, 87802, 97871
2026/09/22 21:50:02.875, 0, 87799, 97871
2026/09/22 21:50:02.875, 1, 88832, 97871
2026/09/22 21:50:02.875, 2, 87294, 97871
2026/09/22 21:50:02.875, 3, 87802, 97871
2026/09/22 21:50:03.075, 0, 87799, 97871
2026/09/22 21:50:03.075, 1, 88832, 97871
2026/09/22 21:50:03.075, 2, 87294, 97871
2026/09/22 21:50:03.075, 3, 87802, 97871
2026/09/22 21:50:03.275, 0, 87799, 97871
2026/09/22 21:50:03.275, 1, 88832, 97871
2026/09/22 21:50:03.276, 2, 87294, 97871
2026/09/22 21:50:03.276, 3, 87802, 97871
2026/09/22 21:50:03.476, 0, 87799, 97871
2026/09/22 21:50:03.476, 1, 88832, 97871
2026/09/22 21:50:03.476, 2, 87294, 97871
2026/09/22 21:50:03.476, 3, 87802, 97871
2026/09/22 21:50:03.676, 0, 87799, 97871
2026/09/22 21:50:03.676, 1, 88832, 97871
2026/09/22 21:50:03.676, 2, 87294, 97871
2026/09/22 21:50:03.676, 3, 87802, 97871
2026/09/22 21:50:03.876, 0, 87799, 97871
2026/09/22 21:50:03.876, 1, 88832, 97871
2026/09/22 21:50:03.877, 2, 87294, 97871
2026/09/22 21:50:03.877, 3, 87802, 97871
2026/09/22 21:50:04.077, 0, 87799, 97871
2026/09/22 21:50:04.077, 1, 88832, 97871
2026/09/22 21:50:04.077, 2, 87294, 97871
2026/09/22 21:50:04.077, 3, 87802, 97871
2026/09/22 21:50:04.277, 0, 87799, 97871
2026/09/22 21:50:04.277, 1, 88832, 97871
2026/09/22 21:50:04.277, 2, 87294, 97871
2026/09/22 21:50:04.277, 3, 87802, 97871
2026/09/22 21:50:04.477, 0, 87799, 97871
2026/09/22 21:50:04.478, 1, 88832, 97871
2026/09/22 21:50:04.478, 2, 87294, 97871
2026/09/22 21:50:04.478, 3, 87802, 97871
2026/09/22 21:50:04.678, 0, 87799, 97871
2026/09/22 21:50:04.678, 1, 88832, 97871
2026/09/22 21:50:04.678, 2, 87294, 97871
2026/09/22 21:50:04.678, 3, 87802, 97871
2026/09/22 21:50:04.878, 0, 87799, 97871
2026/09/22 21:50:04.878, 1, 88832, 97871
2026/09/22 21:50:04.878, 2, 87294, 97871
2026/09/22 21:50:04.878, 3, 87802, 97871
2026/09/22 21:50:05.078, 0, 87799, 97871
2026/09/22 21:50:05.079, 1, 88832, 97871
2026/09/22 21:50:05.079, 2, 87294, 97871
2026/09/22 21:50:05.079, 3, 87802, 97871
2026/09/22 21:50:05.279, 0, 87799, 97871
2026/09/22 21:50:05.279, 1, 88832, 97871
2026/09/22 21:50:05.279, 2, 87294, 97871
2026/09/22 21:50:05.279, 3, 87802, 97871
2026/09/22 21:50:05.479, 0, 87799, 97871
2026/09/22 21:50:05.479, 1, 88832, 97871
2026/09/22 21:50:05.479, 2, 87294, 97871
2026/09/22 21:50:05.480, 3, 87802, 97871
2026/09/22 21:50:05.680, 0, 87799, 97871
2026/09/22 21:50:05.680, 1, 88832, 97871
2026/09/22 21:50:05.680, 2, 87294, 97871
2026/09/22 21:50:05.680, 3, 87802, 97871
2026/09/22 21:50:05.880, 0, 87799, 97871
2026/09/22 21:50:05.880, 1, 88832, 97871
2026/09/22 21:50:05.880, 2, 87294, 97871
2026/09/22 21:50:05.880, 3, 87802, 97871
2026/09/22 21:50:06.080, 0, 87799, 97871
2026/09/22 21:50:06.080, 1, 88832, 97871
2026/09/22 21:50:06.080, 2, 87294, 97871
2026/09/22 21:50:06.080, 3, 87802, 97871
2026/09/22 21:50:06.281, 0, 87799, 97871
2026/09/22 21:50:06.281, 1, 88832, 97871
2026/09/22 21:50:06.281, 2, 87294, 97871
2026/09/22 21:50:06.281, 3, 87802, 97871
2026/09/22 21:50:06.481, 0, 87799, 97871
2026/09/22 21:50:06.481, 1, 88832, 97871
2026/09/22 21:50:06.481, 2, 87294, 97871
2026/09/22 21:50:06.481, 3, 87802, 97871
2026/09/22 21:50:06.681, 0, 87799, 97871
2026/09/22 21:50:06.681, 1, 88832, 97871
2026/09/22 21:50:06.681, 2, 87294, 97871
2026/09/22 21:50:06.681, 3, 87802, 97871
2026/09/22 21:50:06.881, 0, 87799, 97871
2026/09/22 21:50:06.882, 1, 88832, 97871
2026/09/22 21:50:06.882, 2, 87294, 97871
2026/09/22 21:50:06.882, 3, 87802, 97871
2026/09/22 21:50:07.082, 0, 87799, 97871
2026/09/22 21:50:07.082, 1, 88832, 97871
2026/09/22 21:50:07.082, 2, 87294, 97871
2026/09/22 21:50:07.082, 3, 87802, 97871
2026/09/22 21:50:07.282, 0, 87799, 97871
2026/09/22 21:50:07.282, 1, 88832, 97871
2026/09/22 21:50:07.282, 2, 87294, 97871
2026/09/22 21:50:07.282, 3, 87802, 97871
2026/09/22 21:50:07.482, 0, 87799, 97871
2026/09/22 21:50:07.483, 1, 88832, 97871
2026/09/22 21:50:07.483, 2, 87294, 97871
2026/09/22 21:50:07.483, 3, 87802, 97871
2026/09/22 21:50:07.683, 0, 87799, 97871
2026/09/22 21:50:07.683, 1, 88832, 97871
2026/09/22 21:50:07.683, 2, 87294, 97871
2026/09/22 21:50:07.683, 3, 87802, 97871
2026/09/22 21:50:07.883, 0, 87799, 97871
2026/09/22 21:50:07.883, 1, 88832, 97871
2026/09/22 21:50:07.883, 2, 87294, 97871
2026/09/22 21:50:07.883, 3, 87802, 97871
2026/09/22 21:50:08.083, 0, 87799, 97871
2026/09/22 21:50:08.083, 1, 88832, 97871
2026/09/22 21:50:08.084, 2, 87294, 97871
2026/09/22 21:50:08.084, 3, 87802, 97871
2026/09/22 21:50:08.284, 0, 87799, 97871
2026/09/22 21:50:08.284, 1, 88832, 97871
2026/09/22 21:50:08.284, 2, 87294, 97871
2026/09/22 21:50:08.284, 3, 87802, 97871
2026/09/22 21:50:08.484, 0, 87799, 97871
2026/09/22 21:50:08.484, 1, 88832, 97871
2026/09/22 21:50:08.484, 2, 87294, 97871
2026/09/22 21:50:08.484, 3, 87802, 97871
2026/09/22 21:50:08.684, 0, 87799, 97871
2026/09/22 21:50:08.684, 1, 88832, 97871
2026/09/22 21:50:08.684, 2, 87294, 97871
2026/09/22 21:50:08.684, 3, 87802, 97871
2026/09/22 21:50:08.885, 0, 87799, 97871
2026/09/22 21:50:08.885, 1, 88832, 97871
2026/09/22 21:50:08.885, 2, 87294, 97871
2026/09/22 21:50:08.885, 3, 87802, 97871
2026/09/22 21:50:09.085, 0, 87799, 97871
2026/09/22 21:50:09.085, 1, 88832, 97871
2026/09/22 21:50:09.085, 2, 87294, 97871
2026/09/22 21:50:09.085, 3, 87802, 97871
2026/09/22 21:50:09.285, 0, 87799, 97871
2026/09/22 21:50:09.285, 1, 88832, 97871
2026/09/22 21:50:09.285, 2, 87294, 97871
2026/09/22 21:50:09.285, 3, 87802, 97871
2026/09/22 21:50:09.485, 0, 87799, 97871
2026/09/22 21:50:09.486, 1, 88832, 97871
2026/09/22 21:50:09.486, 2, 87294, 97871
2026/09/22 21:50:09.486, 3, 87802, 97871
2026/09/22 21:50:09.686, 0, 87799, 97871
2026/09/22 21:50:09.686, 1, 88832, 97871
2026/09/22 21:50:09.686, 2, 87294, 97871
2026/09/22 21:50:09.686, 3, 87802, 97871
2026/09/22 21:50:09.886, 0, 87799, 97871
2026/09/22 21:50:09.886, 1, 88832, 97871
2026/09/22 21:50:09.886, 2, 87294, 97871
2026/09/22 21:50:09.886, 3, 87802, 97871
2026/09/22 21:50:10.086, 0, 87799, 97871
2026/09/22 21:50:10.086, 1, 88832, 97871
2026/09/22 21:50:10.086, 2, 87294, 97871
2026/09/22 21:50:10.086, 3, 87802, 97871
2026/09/22 21:50:10.287, 0, 87799, 97871
2026/09/22 21:50:10.287, 1, 88832, 97871
2026/09/22 21:50:10.287, 2, 87294, 97871
2026/09/22 21:50:10.287, 3, 87802, 97871
2026/09/22 21:50:10.487, 0, 87799, 97871
2026/09/22 21:50:10.487, 1, 88832, 97871
2026/09/22 21:50:10.487, 2, 87294, 97871
2026/09/22 21:50:10.487, 3, 87802, 97871
2026/09/22 21:50:10.687, 0, 87799, 97871
2026/09/22 21:50:10.687, 1, 88832, 97871
2026/09/22 21:50:10.687, 2, 87294, 97871
2026/09/22 21:50:10.687, 3, 87802, 97871
2026/09/22 21:50:10.888, 0, 87799, 97871
2026/09/22 21:50:10.888, 1, 88832, 97871
2026/09/22 21:50:10.888, 2, 87294, 97871
2026/09/22 21:50:10.888, 3, 87802, 97871
2026/09/22 21:50:11.088, 0, 87799, 97871
2026/09/22 21:50:11.088, 1, 88832, 97871
2026/09/22 21:50:11.088, 2, 87294, 97871
2026/09/22 21:50:11.088, 3, 87802, 97871
2026/09/22 21:50:11.288, 0, 87799, 97871
2026/09/22 21:50:11.288, 1, 88832, 97871
2026/09/22 21:50:11.288, 2, 87294, 97871
2026/09/22 21:50:11.288, 3, 87802, 97871
2026/09/22 21:50:11.488, 0, 87799, 97871
2026/09/22 21:50:11.488, 1, 88832, 97871
2026/09/22 21:50:11.488, 2, 87294, 97871
2026/09/22 21:50:11.489, 3, 87802, 97871
2026/09/22 21:50:11.689, 0, 87799, 97871
2026/09/22 21:50:11.689, 1, 88832, 97871
2026/09/22 21:50:11.689, 2, 87294, 97871
2026/09/22 21:50:11.689, 3, 87802, 97871
2026/09/22 21:50:11.889, 0, 87799, 97871
2026/09/22 21:50:11.889, 1, 88832, 97871
2026/09/22 21:50:11.889, 2, 87294, 97871
2026/09/22 21:50:11.889, 3, 87802, 97871
2026/09/22 21:50:12.089, 0, 87799, 97871
2026/09/22 21:50:12.089, 1, 88832, 97871
2026/09/22 21:50:12.089, 2, 87294, 97871
2026/09/22 21:50:12.090, 3, 87802, 97871
2026/09/22 21:50:12.290, 0, 87799, 97871
2026/09/22 21:50:12.290, 1, 88832, 97871
2026/09/22 21:50:12.290, 2, 87294, 97871
2026/09/22 21:50:12.290, 3, 87802, 97871
2026/09/22 21:50:12.490, 0, 87799, 97871
2026/09/22 21:50:12.490, 1, 88832, 97871
2026/09/22 21:50:12.490, 2, 87294, 97871
2026/09/22 21:50:12.490, 3, 87802, 97871
2026/09/22 21:50:12.690, 0, 87799, 97871
2026/09/22 21:50:12.691, 1, 88832, 97871
2026/09/22 21:50:12.691, 2, 87294, 97871
2026/09/22 21:50:12.691, 3, 87802, 97871
2026/09/22 21:50:12.891, 0, 87799, 97871
2026/09/22 21:50:12.891, 1, 88832, 97871
2026/09/22 21:50:12.891, 2, 87294, 97871
2026/09/22 21:50:12.891, 3, 87802, 97871
2026/09/22 21:50:13.091, 0, 87799, 97871
2026/09/22 21:50:13.091, 1, 88832, 97871
2026/09/22 21:50:13.091, 2, 87294, 97871
2026/09/22 21:50:13.091, 3, 87802, 97871
2026/09/22 21:50:13.291, 0, 87799, 97871
2026/09/22 21:50:13.291, 1, 88832, 97871
2026/09/22 21:50:13.292, 2, 87294, 97871
2026/09/22 21:50:13.292, 3, 87802, 97871
2026/09/22 21:50:13.492, 0, 87799, 97871
2026/09/22 21:50:13.492, 1, 88832, 97871
2026/09/22 21:50:13.492, 2, 87294, 97871
2026/09/22 21:50:13.492, 3, 87802, 97871
2026/09/22 21:50:13.692, 0, 87799, 97871
2026/09/22 21:50:13.692, 1, 88832, 97871
2026/09/22 21:50:13.692, 2, 87294, 97871
2026/09/22 21:50:13.692, 3, 87802, 97871
2026/09/22 21:50:13.892, 0, 87799, 97871
2026/09/22 21:50:13.892, 1, 88832, 97871
2026/09/22 21:50:13.892, 2, 87294, 97871
2026/09/22 21:50:13.892, 3, 87802, 97871
2026/09/22 21:50:14.093, 0, 87799, 97871
2026/09/22 21:50:14.093, 1, 88832, 97871
2026/09/22 21:50:14.093, 2, 87294, 97871
2026/09/22 21:50:14.093, 3, 87802, 97871
2026/09/22 21:50:14.293, 0, 87799, 97871
2026/09/22 21:50:14.293, 1, 88832, 97871
2026/09/22 21:50:14.293, 2, 87294, 97871
2026/09/22 21:50:14.293, 3, 87802, 97871
2026/09/22 21:50:14.493, 0, 87799, 97871
2026/09/22 21:50:14.493, 1, 88832, 97871
2026/09/22 21:50:14.493, 2, 87294, 97871
2026/09/22 21:50:14.494, 3, 87802, 97871
2026/09/22 21:50:14.694, 0, 87799, 97871
2026/09/22 21:50:14.694, 1, 88832, 97871
2026/09/22 21:50:14.694, 2, 87294, 97871
2026/09/22 21:50:14.694, 3, 87802, 97871
2026/09/22 21:50:14.894, 0, 87799, 97871
2026/09/22 21:50:14.894, 1, 88832, 97871
2026/09/22 21:50:14.894, 2, 87294, 97871
2026/09/22 21:50:14.894, 3, 87802, 97871
2026/09/22 21:50:15.094, 0, 87799, 97871
2026/09/22 21:50:15.094, 1, 88832, 97871
2026/09/22 21:50:15.094, 2, 87294, 97871
2026/09/22 21:50:15.094, 3, 87802, 97871
2026/09/22 21:50:15.294, 0, 87799, 97871
2026/09/22 21:50:15.295, 1, 88832, 97871
2026/09/22 21:50:15.295, 2, 87294, 97871
2026/09/22 21:50:15.295, 3, 87802, 97871
2026/09/22 21:50:15.495, 0, 87799, 97871
2026/09/22 21:50:15.495, 1, 88832, 97871
2026/09/22 21:50:15.495, 2, 87294, 97871
2026/09/22 21:50:15.495, 3, 87802, 97871
2026/09/22 21:50:15.695, 0, 87799, 97871
2026/09/22 21:50:15.695, 1, 88832, 97871
2026/09/22 21:50:15.695, 2, 87294, 97871
2026/09/22 21:50:15.695, 3, 87802, 97871
2026/09/22 21:50:15.895, 0, 87799, 97871
2026/09/22 21:50:15.895, 1, 88832, 97871
2026/09/22 21:50:15.895, 2, 87294, 97871
2026/09/22 21:50:15.895, 3, 87802, 97871
2026/09/22 21:50:16.096, 0, 87799, 97871
2026/09/22 21:50:16.096, 1, 88832, 97871
2026/09/22 21:50:16.096, 2, 87294, 97871
2026/09/22 21:50:16.096, 3, 87802, 97871
2026/09/22 21:50:16.296, 0, 87799, 97871
2026/09/22 21:50:16.296, 1, 88832, 97871
2026/09/22 21:50:16.296, 2, 87294, 97871
2026/09/22 21:50:16.296, 3, 87802, 97871
2026/09/22 21:50:16.496, 0, 87799, 97871
2026/09/22 21:50:16.496, 1, 88832, 97871
2026/09/22 21:50:16.496, 2, 87294, 97871
2026/09/22 21:50:16.496, 3, 87802, 97871
2026/09/22 21:50:16.697, 0, 87799, 97871
2026/09/22 21:50:16.697, 1, 88832, 97871
2026/09/22 21:50:16.697, 2, 87294, 97871
2026/09/22 21:50:16.697, 3, 87802, 97871
2026/09/22 21:50:16.897, 0, 87799, 97871
2026/09/22 21:50:16.897, 1, 88832, 97871
2026/09/22 21:50:16.897, 2, 87294, 97871
2026/09/22 21:50:16.897, 3, 87802, 97871
2026/09/22 21:50:17.097, 0, 87799, 97871
2026/09/22 21:50:17.097, 1, 88832, 97871
2026/09/22 21:50:17.097, 2, 87294, 97871
2026/09/22 21:50:17.097, 3, 87802, 97871
2026/09/22 21:50:17.298, 0, 87799, 97871
2026/09/22 21:50:17.298, 1, 88832, 97871
2026/09/22 21:50:17.298, 2, 87294, 97871
2026/09/22 21:50:17.298, 3, 87802, 97871
2026/09/22 21:50:17.498, 0, 87799, 97871
2026/09/22 21:50:17.498, 1, 88832, 97871
2026/09/22 21:50:17.498, 2, 87294, 97871
2026/09/22 21:50:17.498, 3, 87802, 97871
2026/09/22 21:50:17.698, 0, 87799, 97871
2026/09/22 21:50:17.698, 1, 88832, 97871
2026/09/22 21:50:17.698, 2, 87294, 97871
2026/09/22 21:50:17.698, 3, 87802, 97871
2026/09/22 21:50:17.898, 0, 87799, 97871
2026/09/22 21:50:17.898, 1, 88832, 97871
2026/09/22 21:50:17.899, 2, 87294, 97871
2026/09/22 21:50:17.899, 3, 87802, 97871
2026/09/22 21:50:18.099, 0, 87799, 97871
2026/09/22 21:50:18.099, 1, 88832, 97871
2026/09/22 21:50:18.099, 2, 87294, 97871
2026/09/22 21:50:18.099, 3, 87802, 97871
2026/09/22 21:50:18.299, 0, 87799, 97871
2026/09/22 21:50:18.299, 1, 88832, 97871
2026/09/22 21:50:18.299, 2, 87294, 97871
2026/09/22 21:50:18.299, 3, 87802, 97871
2026/09/22 21:50:18.499, 0, 87799, 97871
2026/09/22 21:50:18.500, 1, 88832, 97871
2026/09/22 21:50:18.500, 2, 87294, 97871
2026/09/22 21:50:18.500, 3, 87802, 97871
2026/09/22 21:50:18.700, 0, 87799, 97871
2026/09/22 21:50:18.700, 1, 88832, 97871
2026/09/22 21:50:18.700, 2, 87294, 97871
2026/09/22 21:50:18.700, 3, 87802, 97871
2026/09/22 21:50:18.900, 0, 87799, 97871
2026/09/22 21:50:18.900, 1, 88832, 97871
2026/09/22 21:50:18.900, 2, 87294, 97871
2026/09/22 21:50:18.900, 3, 87802, 97871
2026/09/22 21:50:19.100, 0, 87799, 97871
2026/09/22 21:50:19.100, 1, 88832, 97871
2026/09/22 21:50:19.100, 2, 87294, 97871
2026/09/22 21:50:19.100, 3, 87802, 97871
2026/09/22 21:50:19.301, 0, 87799, 97871
2026/09/22 21:50:19.301, 1, 88832, 97871
2026/09/22 21:50:19.301, 2, 87294, 97871
2026/09/22 21:50:19.301, 3, 87802, 97871
2026/09/22 21:50:19.501, 0, 87799, 97871
2026/09/22 21:50:19.501, 1, 88832, 97871
2026/09/22 21:50:19.501, 2, 87294, 97871
2026/09/22 21:50:19.501, 3, 87802, 97871
2026/09/22 21:50:19.701, 0, 87799, 97871
2026/09/22 21:50:19.701, 1, 88832, 97871
2026/09/22 21:50:19.701, 2, 87294, 97871
2026/09/22 21:50:19.701, 3, 87802, 97871
2026/09/22 21:50:19.901, 0, 87799, 97871
2026/09/22 21:50:19.902, 1, 88832, 97871
2026/09/22 21:50:19.902, 2, 87294, 97871
2026/09/22 21:50:19.902, 3, 87802, 97871
2026/09/22 21:50:20.102, 0, 87799, 97871
2026/09/22 21:50:20.102, 1, 88832, 97871
2026/09/22 21:50:20.102, 2, 87294, 97871
2026/09/22 21:50:20.102, 3, 87802, 97871
2026/09/22 21:50:20.302, 0, 87799, 97871
2026/09/22 21:50:20.302, 1, 88832, 97871
2026/09/22 21:50:20.302, 2, 87294, 97871
2026/09/22 21:50:20.302, 3, 87802, 97871
2026/09/22 21:50:20.502, 0, 87799, 97871
2026/09/22 21:50:20.502, 1, 88832, 97871
2026/09/22 21:50:20.502, 2, 87294, 97871
2026/09/22 21:50:20.502, 3, 87802, 97871
2026/09/22 21:50:20.703, 0, 87799, 97871
2026/09/22 21:50:20.703, 1, 88832, 97871
2026/09/22 21:50:20.703, 2, 87294, 97871
2026/09/22 21:50:20.703, 3, 87802, 97871
2026/09/22 21:50:20.903, 0, 87799, 97871
2026/09/22 21:50:20.903, 1, 88832, 97871
2026/09/22 21:50:20.903, 2, 87294, 97871
2026/09/22 21:50:20.903, 3, 87802, 97871
2026/09/22 21:50:21.103, 0, 87799, 97871
2026/09/22 21:50:21.103, 1, 88832, 97871
2026/09/22 21:50:21.103, 2, 87294, 97871
2026/09/22 21:50:21.103, 3, 87802, 97871
2026/09/22 21:50:21.304, 0, 87799, 97871
2026/09/22 21:50:21.304, 1, 88832, 97871
2026/09/22 21:50:21.304, 2, 87294, 97871
2026/09/22 21:50:21.304, 3, 87802, 97871
2026/09/22 21:50:21.504, 0, 87799, 97871
2026/09/22 21:50:21.504, 1, 88832, 97871
2026/09/22 21:50:21.504, 2, 87294, 97871
2026/09/22 21:50:21.504, 3, 87802, 97871
2026/09/22 21:50:21.704, 0, 87799, 97871
2026/09/22 21:50:21.704, 1, 88832, 97871
2026/09/22 21:50:21.704, 2, 87294, 97871
2026/09/22 21:50:21.704, 3, 87802, 97871
2026/09/22 21:50:21.904, 0, 87799, 97871
2026/09/22 21:50:21.905, 1, 88832, 97871
2026/09/22 21:50:21.905, 2, 87294, 97871
2026/09/22 21:50:21.905, 3, 87802, 97871
2026/09/22 21:50:22.105, 0, 87799, 97871
2026/09/22 21:50:22.105, 1, 88832, 97871
2026/09/22 21:50:22.105, 2, 87294, 97871
2026/09/22 21:50:22.105, 3, 87802, 97871
2026/09/22 21:50:22.305, 0, 87799, 97871
2026/09/22 21:50:22.305, 1, 88832, 97871
2026/09/22 21:50:22.305, 2, 87294, 97871
2026/09/22 21:50:22.305, 3, 87802, 97871
2026/09/22 21:50:22.505, 0, 87799, 97871
2026/09/22 21:50:22.505, 1, 88832, 97871
2026/09/22 21:50:22.505, 2, 87294, 97871
2026/09/22 21:50:22.505, 3, 87802, 97871
2026/09/22 21:50:22.706, 0, 87799, 97871
2026/09/22 21:50:22.706, 1, 88832, 97871
2026/09/22 21:50:22.706, 2, 87294, 97871
2026/09/22 21:50:22.706, 3, 87802, 97871
2026/09/22 21:50:22.906, 0, 87799, 97871
2026/09/22 21:50:22.906, 1, 88832, 97871
2026/09/22 21:50:22.906, 2, 87294, 97871
2026/09/22 21:50:22.906, 3, 87802, 97871
2026/09/22 21:50:23.106, 0, 87799, 97871
2026/09/22 21:50:23.106, 1, 88832, 97871
2026/09/22 21:50:23.107, 2, 87294, 97871
2026/09/22 21:50:23.107, 3, 87802, 97871
2026/09/22 21:50:23.307, 0, 87799, 97871
2026/09/22 21:50:23.307, 1, 88832, 97871
2026/09/22 21:50:23.307, 2, 87294, 97871
2026/09/22 21:50:23.307, 3, 87802, 97871
2026/09/22 21:50:23.507, 0, 87799, 97871
2026/09/22 21:50:23.507, 1, 88832, 97871
2026/09/22 21:50:23.507, 2, 87294, 97871
2026/09/22 21:50:23.507, 3, 87802, 97871
2026/09/22 21:50:23.707, 0, 87799, 97871
2026/09/22 21:50:23.707, 1, 88832, 97871
2026/09/22 21:50:23.707, 2, 87294, 97871
2026/09/22 21:50:23.707, 3, 87802, 97871
2026/09/22 21:50:23.908, 0, 87799, 97871
2026/09/22 21:50:23.908, 1, 88832, 97871
2026/09/22 21:50:23.908, 2, 87294, 97871
2026/09/22 21:50:23.908, 3, 87802, 97871
2026/09/22 21:50:24.108, 0, 87799, 97871
2026/09/22 21:50:24.108, 1, 88832, 97871
2026/09/22 21:50:24.108, 2, 87294, 97871
2026/09/22 21:50:24.108, 3, 87802, 97871
2026/09/22 21:50:24.308, 0, 87799, 97871
2026/09/22 21:50:24.308, 1, 88832, 97871
2026/09/22 21:50:24.308, 2, 87294, 97871
2026/09/22 21:50:24.308, 3, 87802, 97871
2026/09/22 21:50:24.509, 0, 87799, 97871
2026/09/22 21:50:24.509, 1, 88832, 97871
2026/09/22 21:50:24.509, 2, 87294, 97871
2026/09/22 21:50:24.509, 3, 87802, 97871
2026/09/22 21:50:24.709, 0, 87799, 97871
2026/09/22 21:50:24.709, 1, 88832, 97871
2026/09/22 21:50:24.709, 2, 87294, 97871
2026/09/22 21:50:24.709, 3, 87802, 97871
2026/09/22 21:50:24.909, 0, 87799, 97871
2026/09/22 21:50:24.909, 1, 88832, 97871
2026/09/22 21:50:24.909, 2, 87294, 97871
2026/09/22 21:50:24.909, 3, 87802, 97871
2026/09/22 21:50:25.109, 0, 87799, 97871
2026/09/22 21:50:25.110, 1, 88832, 97871
2026/09/22 21:50:25.110, 2, 87294, 97871
2026/09/22 21:50:25.110, 3, 87802, 97871
2026/09/22 21:50:25.310, 0, 87799, 97871
2026/09/22 21:50:25.310, 1, 88832, 97871
2026/09/22 21:50:25.310, 2, 87294, 97871
2026/09/22 21:50:25.310, 3, 87802, 97871
2026/09/22 21:50:25.510, 0, 87799, 97871
2026/09/22 21:50:25.510, 1, 88832, 97871
2026/09/22 21:50:25.510, 2, 87294, 97871
2026/09/22 21:50:25.510, 3, 87802, 97871
2026/09/22 21:50:25.710, 0, 87799, 97871
2026/09/22 21:50:25.710, 1, 88832, 97871
2026/09/22 21:50:25.710, 2, 87294, 97871
2026/09/22 21:50:25.710, 3, 87802, 97871
2026/09/22 21:50:25.910, 0, 87799, 97871
2026/09/22 21:50:25.911, 1, 88832, 97871
2026/09/22 21:50:25.911, 2, 87294, 97871
2026/09/22 21:50:25.911, 3, 87802, 97871
2026/09/22 21:50:26.111, 0, 87799, 97871
2026/09/22 21:50:26.111, 1, 88832, 97871
2026/09/22 21:50:26.111, 2, 87294, 97871
2026/09/22 21:50:26.111, 3, 87802, 97871
2026/09/22 21:50:26.311, 0, 87799, 97871
2026/09/22 21:50:26.311, 1, 88832, 97871
2026/09/22 21:50:26.311, 2, 87294, 97871
2026/09/22 21:50:26.311, 3, 87802, 97871
2026/09/22 21:50:26.511, 0, 87799, 97871
2026/09/22 21:50:26.512, 1, 88832, 97871
2026/09/22 21:50:26.512, 2, 87294, 97871
2026/09/22 21:50:26.512, 3, 87802, 97871
2026/09/22 21:50:26.712, 0, 87799, 97871
2026/09/22 21:50:26.712, 1, 88832, 97871
2026/09/22 21:50:26.712, 2, 87294, 97871
2026/09/22 21:50:26.712, 3, 87802, 97871
2026/09/22 21:50:26.912, 0, 87799, 97871
2026/09/22 21:50:26.912, 1, 88832, 97871
2026/09/22 21:50:26.912, 2, 87294, 97871
2026/09/22 21:50:26.912, 3, 87802, 97871
2026/09/22 21:50:27.112, 0, 87799, 97871
2026/09/22 21:50:27.112, 1, 88832, 97871
2026/09/22 21:50:27.112, 2, 87294, 97871
2026/09/22 21:50:27.112, 3, 87802, 97871
2026/09/22 21:50:27.313, 0, 87799, 97871
2026/09/22 21:50:27.313, 1, 88832, 97871
2026/09/22 21:50:27.313, 2, 87294, 97871
2026/09/22 21:50:27.313, 3, 87802, 97871
2026/09/22 21:50:27.513, 0, 87799, 97871
2026/09/22 21:50:27.513, 1, 88832, 97871
2026/09/22 21:50:27.513, 2, 87294, 97871
2026/09/22 21:50:27.513, 3, 87802, 97871
2026/09/22 21:50:27.713, 0, 87799, 97871
2026/09/22 21:50:27.713, 1, 88832, 97871
2026/09/22 21:50:27.713, 2, 87294, 97871
2026/09/22 21:50:27.713, 3, 87802, 97871
2026/09/22 21:50:27.913, 0, 87799, 97871
2026/09/22 21:50:27.914, 1, 88832, 97871
2026/09/22 21:50:27.914, 2, 87294, 97871
2026/09/22 21:50:27.914, 3, 87802, 97871
2026/09/22 21:50:28.114, 0, 87799, 97871
2026/09/22 21:50:28.114, 1, 88832, 97871
2026/09/22 21:50:28.114, 2, 87294, 97871
2026/09/22 21:50:28.114, 3, 87802, 97871
2026/09/22 21:50:28.314, 0, 87799, 97871
2026/09/22 21:50:28.314, 1, 88832, 97871
2026/09/22 21:50:28.314, 2, 87294, 97871
2026/09/22 21:50:28.314, 3, 87802, 97871
2026/09/22 21:50:28.514, 0, 87799, 97871
2026/09/22 21:50:28.514, 1, 88832, 97871
2026/09/22 21:50:28.514, 2, 87294, 97871
2026/09/22 21:50:28.514, 3, 87802, 97871
2026/09/22 21:50:28.715, 0, 87799, 97871
2026/09/22 21:50:28.715, 1, 88832, 97871
2026/09/22 21:50:28.715, 2, 87294, 97871
2026/09/22 21:50:28.715, 3, 87802, 97871
2026/09/22 21:50:28.915, 0, 87799, 97871
2026/09/22 21:50:28.915, 1, 88832, 97871
2026/09/22 21:50:28.915, 2, 87294, 97871
2026/09/22 21:50:28.915, 3, 87802, 97871
2026/09/22 21:50:29.115, 0, 87799, 97871
2026/09/22 21:50:29.115, 1, 88832, 97871
2026/09/22 21:50:29.115, 2, 87294, 97871
2026/09/22 21:50:29.115, 3, 87802, 97871
2026/09/22 21:50:29.315, 0, 87799, 97871
2026/09/22 21:50:29.316, 1, 88832, 97871
2026/09/22 21:50:29.316, 2, 87294, 97871
2026/09/22 21:50:29.316, 3, 87802, 97871
2026/09/22 21:50:29.516, 0, 87799, 97871
2026/09/22 21:50:29.516, 1, 88832, 97871
2026/09/22 21:50:29.516, 2, 87294, 97871
2026/09/22 21:50:29.516, 3, 87802, 97871
2026/09/22 21:50:29.716, 0, 87799, 97871
2026/09/22 21:50:29.716, 1, 88832, 97871
2026/09/22 21:50:29.716, 2, 87294, 97871
2026/09/22 21:50:29.716, 3, 87802, 97871
2026/09/22 21:50:29.916, 0, 87799, 97871
2026/09/22 21:50:29.916, 1, 88832, 97871
2026/09/22 21:50:29.916, 2, 87294, 97871
2026/09/22 21:50:29.916, 3, 87802, 97871
2026/09/22 21:50:30.116, 0, 87799, 97871
2026/09/22 21:50:30.117, 1, 88832, 97871
2026/09/22 21:50:30.117, 2, 87294, 97871
2026/09/22 21:50:30.117, 3, 87802, 97871
2026/09/22 21:50:30.317, 0, 87799, 97871
2026/09/22 21:50:30.317, 1, 88832, 97871
2026/09/22 21:50:30.317, 2, 87294, 97871
2026/09/22 21:50:30.317, 3, 87802, 97871
2026/09/22 21:50:30.517, 0, 87799, 97871
2026/09/22 21:50:30.517, 1, 88832, 97871
2026/09/22 21:50:30.517, 2, 87294, 97871
2026/09/22 21:50:30.517, 3, 87802, 97871
2026/09/22 21:50:30.717, 0, 87799, 97871
2026/09/22 21:50:30.717, 1, 88832, 97871
2026/09/22 21:50:30.717, 2, 87294, 97871
2026/09/22 21:50:30.718, 3, 87802, 97871
2026/09/22 21:50:30.918, 0, 87799, 97871
2026/09/22 21:50:30.918, 1, 88832, 97871
2026/09/22 21:50:30.918, 2, 87294, 97871
2026/09/22 21:50:30.918, 3, 87802, 97871
2026/09/22 21:50:31.118, 0, 87799, 97871
2026/09/22 21:50:31.118, 1, 88832, 97871
2026/09/22 21:50:31.118, 2, 87294, 97871
2026/09/22 21:50:31.118, 3, 87802, 97871
2026/09/22 21:50:31.318, 0, 87799, 97871
2026/09/22 21:50:31.318, 1, 88832, 97871
2026/09/22 21:50:31.318, 2, 87294, 97871
2026/09/22 21:50:31.319, 3, 87802, 97871
2026/09/22 21:50:31.519, 0, 87799, 97871
2026/09/22 21:50:31.519, 1, 88832, 97871
2026/09/22 21:50:31.519, 2, 87294, 97871
2026/09/22 21:50:31.519, 3, 87802, 97871
2026/09/22 21:50:31.719, 0, 87799, 97871
2026/09/22 21:50:31.719, 1, 88832, 97871
2026/09/22 21:50:31.719, 2, 87294, 97871
2026/09/22 21:50:31.719, 3, 87802, 97871
2026/09/22 21:50:31.919, 0, 87799, 97871
2026/09/22 21:50:31.919, 1, 88832, 97871
2026/09/22 21:50:31.919, 2, 87294, 97871
2026/09/22 21:50:31.919, 3, 87802, 97871
2026/09/22 21:50:32.120, 0, 87799, 97871
2026/09/22 21:50:32.120, 1, 88832, 97871
2026/09/22 21:50:32.120, 2, 87294, 97871
2026/09/22 21:50:32.120, 3, 87802, 97871
2026/09/22 21:50:32.320, 0, 87799, 97871
2026/09/22 21:50:32.320, 1, 88832, 97871
2026/09/22 21:50:32.320, 2, 87294, 97871
2026/09/22 21:50:32.320, 3, 87802, 97871
2026/09/22 21:50:32.520, 0, 87799, 97871
2026/09/22 21:50:32.520, 1, 88832, 97871
2026/09/22 21:50:32.520, 2, 87294, 97871
2026/09/22 21:50:32.520, 3, 87802, 97871
2026/09/22 21:50:32.720, 0, 87799, 97871
2026/09/22 21:50:32.720, 1, 88832, 97871
2026/09/22 21:50:32.721, 2, 87294, 97871
2026/09/22 21:50:32.721, 3, 87802, 97871
2026/09/22 21:50:32.921, 0, 87799, 97871
2026/09/22 21:50:32.921, 1, 88832, 97871
2026/09/22 21:50:32.921, 2, 87294, 97871
2026/09/22 21:50:32.921, 3, 87802, 97871
2026/09/22 21:50:33.121, 0, 87799, 97871
2026/09/22 21:50:33.121, 1, 88832, 97871
2026/09/22 21:50:33.121, 2, 87294, 97871
2026/09/22 21:50:33.121, 3, 87802, 97871
2026/09/22 21:50:33.321, 0, 87799, 97871
2026/09/22 21:50:33.321, 1, 88832, 97871
2026/09/22 21:50:33.321, 2, 87294, 97871
2026/09/22 21:50:33.322, 3, 87802, 97871
2026/09/22 21:50:33.522, 0, 87799, 97871
2026/09/22 21:50:33.522, 1, 88832, 97871
2026/09/22 21:50:33.522, 2, 87294, 97871
2026/09/22 21:50:33.522, 3, 87802, 97871
2026/09/22 21:50:33.722, 0, 87799, 97871
2026/09/22 21:50:33.722, 1, 88832, 97871
2026/09/22 21:50:33.722, 2, 87294, 97871
2026/09/22 21:50:33.722, 3, 87802, 97871
2026/09/22 21:50:33.922, 0, 87799, 97871
2026/09/22 21:50:33.922, 1, 88832, 97871
2026/09/22 21:50:33.922, 2, 87294, 97871
2026/09/22 21:50:33.923, 3, 87802, 97871
2026/09/22 21:50:34.123, 0, 87799, 97871
2026/09/22 21:50:34.123, 1, 88832, 97871
2026/09/22 21:50:34.123, 2, 87294, 97871
2026/09/22 21:50:34.123, 3, 87802, 97871
2026/09/22 21:50:34.323, 0, 87799, 97871
2026/09/22 21:50:34.323, 1, 88832, 97871
2026/09/22 21:50:34.323, 2, 87294, 97871
2026/09/22 21:50:34.323, 3, 87802, 97871
2026/09/22 21:50:34.523, 0, 87799, 97871
2026/09/22 21:50:34.523, 1, 88832, 97871
2026/09/22 21:50:34.523, 2, 87294, 97871
2026/09/22 21:50:34.523, 3, 87802, 97871
2026/09/22 21:50:34.724, 0, 87799, 97871
2026/09/22 21:50:34.724, 1, 88832, 97871
2026/09/22 21:50:34.724, 2, 87294, 97871
2026/09/22 21:50:34.724, 3, 87802, 97871
2026/09/22 21:50:34.924, 0, 87799, 97871
2026/09/22 21:50:34.924, 1, 88832, 97871
2026/09/22 21:50:34.924, 2, 87294, 97871
2026/09/22 21:50:34.924, 3, 87802, 97871
2026/09/22 21:50:35.124, 0, 87799, 97871
2026/09/22 21:50:35.124, 1, 88832, 97871
2026/09/22 21:50:35.124, 2, 87294, 97871
2026/09/22 21:50:35.124, 3, 87802, 97871
2026/09/22 21:50:35.324, 0, 87799, 97871
2026/09/22 21:50:35.325, 1, 88832, 97871
2026/09/22 21:50:35.325, 2, 87294, 97871
2026/09/22 21:50:35.325, 3, 87802, 97871
2026/09/22 21:50:35.525, 0, 87799, 97871
2026/09/22 21:50:35.525, 1, 88832, 97871
2026/09/22 21:50:35.525, 2, 87294, 97871
2026/09/22 21:50:35.525, 3, 87802, 97871
2026/09/22 21:50:35.725, 0, 87799, 97871
2026/09/22 21:50:35.725, 1, 88832, 97871
2026/09/22 21:50:35.725, 2, 87294, 97871
2026/09/22 21:50:35.725, 3, 87802, 97871
2026/09/22 21:50:35.925, 0, 87799, 97871
2026/09/22 21:50:35.925, 1, 88832, 97871
2026/09/22 21:50:35.925, 2, 87294, 97871
2026/09/22 21:50:35.925, 3, 87802, 97871
2026/09/22 21:50:36.126, 0, 87799, 97871
2026/09/22 21:50:36.126, 1, 88832, 97871
2026/09/22 21:50:36.126, 2, 87294, 97871
2026/09/22 21:50:36.126, 3, 87802, 97871
2026/09/22 21:50:36.326, 0, 87799, 97871
2026/09/22 21:50:36.326, 1, 88832, 97871
2026/09/22 21:50:36.326, 2, 87294, 97871
2026/09/22 21:50:36.326, 3, 87802, 97871
2026/09/22 21:50:36.526, 0, 87799, 97871
2026/09/22 21:50:36.526, 1, 88832, 97871
2026/09/22 21:50:36.526, 2, 87294, 97871
2026/09/22 21:50:36.526, 3, 87802, 97871
2026/09/22 21:50:36.726, 0, 87799, 97871
2026/09/22 21:50:36.727, 1, 88832, 97871
2026/09/22 21:50:36.727, 2, 87294, 97871
2026/09/22 21:50:36.727, 3, 87802, 97871
2026/09/22 21:50:36.927, 0, 87799, 97871
2026/09/22 21:50:36.927, 1, 88832, 97871
2026/09/22 21:50:36.927, 2, 87294, 97871
2026/09/22 21:50:36.927, 3, 87802, 97871
2026/09/22 21:50:37.127, 0, 87799, 97871
2026/09/22 21:50:37.127, 1, 88832, 97871
2026/09/22 21:50:37.127, 2, 87294, 97871
2026/09/22 21:50:37.127, 3, 87802, 97871
2026/09/22 21:50:37.327, 0, 87799, 97871
2026/09/22 21:50:37.327, 1, 88832, 97871
2026/09/22 21:50:37.327, 2, 87294, 97871
2026/09/22 21:50:37.327, 3, 87802, 97871
2026/09/22 21:50:37.528, 0, 87799, 97871
2026/09/22 21:50:37.528, 1, 88832, 97871
2026/09/22 21:50:37.528, 2, 87294, 97871
2026/09/22 21:50:37.528, 3, 87802, 97871
2026/09/22 21:50:37.728, 0, 87799, 97871
2026/09/22 21:50:37.728, 1, 88832, 97871
2026/09/22 21:50:37.728, 2, 87294, 97871
2026/09/22 21:50:37.728, 3, 87802, 97871
2026/09/22 21:50:37.928, 0, 87799, 97871
2026/09/22 21:50:37.928, 1, 88832, 97871
2026/09/22 21:50:37.928, 2, 87294, 97871
2026/09/22 21:50:37.928, 3, 87802, 97871
2026/09/22 21:50:38.128, 0, 87799, 97871
2026/09/22 21:50:38.129, 1, 88832, 97871
2026/09/22 21:50:38.129, 2, 87294, 97871
2026/09/22 21:50:38.129, 3, 87802, 97871
2026/09/22 21:50:38.329, 0, 87799, 97871
2026/09/22 21:50:38.329, 1, 88832, 97871
2026/09/22 21:50:38.329, 2, 87294, 97871
2026/09/22 21:50:38.329, 3, 87802, 97871
2026/09/22 21:50:38.529, 0, 87799, 97871
2026/09/22 21:50:38.529, 1, 88832, 97871
2026/09/22 21:50:38.529, 2, 87294, 97871
2026/09/22 21:50:38.529, 3, 87802, 97871
2026/09/22 21:50:38.730, 0, 87799, 97871
2026/09/22 21:50:38.730, 1, 88832, 97871
2026/09/22 21:50:38.730, 2, 87294, 97871
2026/09/22 21:50:38.730, 3, 87802, 97871
2026/09/22 21:50:38.930, 0, 87799, 97871
2026/09/22 21:50:38.930, 1, 88832, 97871
2026/09/22 21:50:38.930, 2, 87294, 97871
2026/09/22 21:50:38.930, 3, 87802, 97871
2026/09/22 21:50:39.130, 0, 87799, 97871
2026/09/22 21:50:39.130, 1, 88832, 97871
2026/09/22 21:50:39.130, 2, 87294, 97871
2026/09/22 21:50:39.130, 3, 87802, 97871
2026/09/22 21:50:39.330, 0, 87799, 97871
2026/09/22 21:50:39.331, 1, 88832, 97871
2026/09/22 21:50:39.331, 2, 87294, 97871
2026/09/22 21:50:39.331, 3, 87802, 97871
2026/09/22 21:50:39.531, 0, 87799, 97871
2026/09/22 21:50:39.531, 1, 88832, 97871
2026/09/22 21:50:39.531, 2, 87294, 97871
2026/09/22 21:50:39.531, 3, 87802, 97871
2026/09/22 21:50:39.731, 0, 87799, 97871
2026/09/22 21:50:39.731, 1, 88832, 97871
2026/09/22 21:50:39.731, 2, 87294, 97871
2026/09/22 21:50:39.731, 3, 87802, 97871
2026/09/22 21:50:39.931, 0, 87799, 97871
2026/09/22 21:50:39.931, 1, 88832, 97871
2026/09/22 21:50:39.931, 2, 87294, 97871
2026/09/22 21:50:39.931, 3, 87802, 97871
2026/09/22 21:50:40.132, 0, 87799, 97871
2026/09/22 21:50:40.132, 1, 88832, 97871
2026/09/22 21:50:40.132, 2, 87294, 97871
2026/09/22 21:50:40.132, 3, 87802, 97871
2026/09/22 21:50:40.332, 0, 87799, 97871
2026/09/22 21:50:40.332, 1, 88832, 97871
2026/09/22 21:50:40.332, 2, 87294, 97871
2026/09/22 21:50:40.332, 3, 87802, 97871
2026/09/22 21:50:40.532, 0, 87799, 97871
2026/09/22 21:50:40.532, 1, 88832, 97871
2026/09/22 21:50:40.532, 2, 87294, 97871
2026/09/22 21:50:40.533, 3, 87802, 97871
2026/09/22 21:50:40.733, 0, 87799, 97871
2026/09/22 21:50:40.733, 1, 88832, 97871
2026/09/22 21:50:40.733, 2, 87294, 97871
2026/09/22 21:50:40.733, 3, 87802, 97871
2026/09/22 21:50:40.933, 0, 87799, 97871
2026/09/22 21:50:40.933, 1, 88832, 97871
2026/09/22 21:50:40.933, 2, 87294, 97871
2026/09/22 21:50:40.933, 3, 87802, 97871
2026/09/22 21:50:41.133, 0, 87799, 97871
2026/09/22 21:50:41.133, 1, 88832, 97871
2026/09/22 21:50:41.133, 2, 87294, 97871
2026/09/22 21:50:41.133, 3, 87802, 97871
2026/09/22 21:50:41.334, 0, 87799, 97871
2026/09/22 21:50:41.334, 1, 88832, 97871
2026/09/22 21:50:41.334, 2, 87294, 97871
2026/09/22 21:50:41.334, 3, 87802, 97871
2026/09/22 21:50:41.534, 0, 87799, 97871
2026/09/22 21:50:41.534, 1, 88832, 97871
2026/09/22 21:50:41.534, 2, 87294, 97871
2026/09/22 21:50:41.534, 3, 87802, 97871
2026/09/22 21:50:41.734, 0, 87799, 97871
2026/09/22 21:50:41.734, 1, 88832, 97871
2026/09/22 21:50:41.734, 2, 87294, 97871
2026/09/22 21:50:41.734, 3, 87802, 97871
2026/09/22 21:50:41.934, 0, 87799, 97871
2026/09/22 21:50:41.934, 1, 88832, 97871
2026/09/22 21:50:41.934, 2, 87294, 97871
2026/09/22 21:50:41.935, 3, 87802, 97871
2026/09/22 21:50:42.135, 0, 87799, 97871
2026/09/22 21:50:42.135, 1, 88832, 97871
2026/09/22 21:50:42.135, 2, 87294, 97871
2026/09/22 21:50:42.135, 3, 87802, 97871
2026/09/22 21:50:42.335, 0, 87799, 97871
2026/09/22 21:50:42.335, 1, 88832, 97871
2026/09/22 21:50:42.335, 2, 87294, 97871
2026/09/22 21:50:42.335, 3, 87802, 97871
2026/09/22 21:50:42.535, 0, 87799, 97871
2026/09/22 21:50:42.535, 1, 88832, 97871
2026/09/22 21:50:42.535, 2, 87294, 97871
2026/09/22 21:50:42.535, 3, 87802, 97871
2026/09/22 21:50:42.736, 0, 87799, 97871
2026/09/22 21:50:42.736, 1, 88832, 97871
2026/09/22 21:50:42.736, 2, 87294, 97871
2026/09/22 21:50:42.736, 3, 87802, 97871
2026/09/22 21:50:42.936, 0, 87799, 97871
2026/09/22 21:50:42.936, 1, 88832, 97871
2026/09/22 21:50:42.936, 2, 87294, 97871
2026/09/22 21:50:42.936, 3, 87802, 97871
2026/09/22 21:50:43.136, 0, 87799, 97871
2026/09/22 21:50:43.136, 1, 88832, 97871
2026/09/22 21:50:43.136, 2, 87294, 97871
2026/09/22 21:50:43.136, 3, 87802, 97871
2026/09/22 21:50:43.337, 0, 87799, 97871
2026/09/22 21:50:43.337, 1, 88832, 97871
2026/09/22 21:50:43.337, 2, 87294, 97871
2026/09/22 21:50:43.337, 3, 87802, 97871
2026/09/22 21:50:43.537, 0, 87799, 97871
2026/09/22 21:50:43.537, 1, 88832, 97871
2026/09/22 21:50:43.537, 2, 87294, 97871
2026/09/22 21:50:43.537, 3, 87802, 97871
2026/09/22 21:50:43.737, 0, 87799, 97871
2026/09/22 21:50:43.737, 1, 88832, 97871
2026/09/22 21:50:43.737, 2, 87294, 97871
2026/09/22 21:50:43.737, 3, 87802, 97871
2026/09/22 21:50:43.937, 0, 87799, 97871
2026/09/22 21:50:43.938, 1, 88832, 97871
2026/09/22 21:50:43.938, 2, 87294, 97871
2026/09/22 21:50:43.938, 3, 87802, 97871
2026/09/22 21:50:44.138, 0, 87799, 97871
2026/09/22 21:50:44.138, 1, 88832, 97871
2026/09/22 21:50:44.138, 2, 87294, 97871
2026/09/22 21:50:44.138, 3, 87802, 97871
2026/09/22 21:50:44.338, 0, 87799, 97871
2026/09/22 21:50:44.338, 1, 88832, 97871
2026/09/22 21:50:44.338, 2, 87294, 97871
2026/09/22 21:50:44.338, 3, 87802, 97871
2026/09/22 21:50:44.538, 0, 87799, 97871
2026/09/22 21:50:44.538, 1, 88832, 97871
2026/09/22 21:50:44.539, 2, 87294, 97871
2026/09/22 21:50:44.539, 3, 87802, 97871
2026/09/22 21:50:44.739, 0, 87799, 97871
2026/09/22 21:50:44.739, 1, 88832, 97871
2026/09/22 21:50:44.739, 2, 87294, 97871
2026/09/22 21:50:44.739, 3, 87802, 97871
2026/09/22 21:50:44.939, 0, 87799, 97871
2026/09/22 21:50:44.939, 1, 88832, 97871
2026/09/22 21:50:44.939, 2, 87294, 97871
2026/09/22 21:50:44.939, 3, 87802, 97871
2026/09/22 21:50:45.139, 0, 87799, 97871
2026/09/22 21:50:45.139, 1, 88832, 97871
2026/09/22 21:50:45.139, 2, 87294, 97871
2026/09/22 21:50:45.139, 3, 87802, 97871
2026/09/22 21:50:45.340, 0, 87799, 97871
2026/09/22 21:50:45.340, 1, 88832, 97871
2026/09/22 21:50:45.340, 2, 87294, 97871
2026/09/22 21:50:45.340, 3, 87802, 97871
2026/09/22 21:50:45.540, 0, 87799, 97871
2026/09/22 21:50:45.540, 1, 88832, 97871
2026/09/22 21:50:45.540, 2, 87294, 97871
2026/09/22 21:50:45.540, 3, 87802, 97871
2026/09/22 21:50:45.740, 0, 87799, 97871
2026/09/22 21:50:45.740, 1, 88832, 97871
2026/09/22 21:50:45.741, 2, 87294, 97871
2026/09/22 21:50:45.741, 3, 87802, 97871
2026/09/22 21:50:45.941, 0, 87799, 97871
2026/09/22 21:50:45.941, 1, 88832, 97871
2026/09/22 21:50:45.941, 2, 87294, 97871
2026/09/22 21:50:45.941, 3, 87802, 97871
2026/09/22 21:50:46.141, 0, 87799, 97871
2026/09/22 21:50:46.141, 1, 88832, 97871
2026/09/22 21:50:46.141, 2, 87294, 97871
2026/09/22 21:50:46.141, 3, 87802, 97871
2026/09/22 21:50:46.341, 0, 87799, 97871
2026/09/22 21:50:46.341, 1, 88832, 97871
2026/09/22 21:50:46.342, 2, 87294, 97871
2026/09/22 21:50:46.342, 3, 87802, 97871
2026/09/22 21:50:46.542, 0, 87799, 97871
2026/09/22 21:50:46.542, 1, 88832, 97871
2026/09/22 21:50:46.542, 2, 87294, 97871
2026/09/22 21:50:46.542, 3, 87802, 97871
2026/09/22 21:50:46.742, 0, 87799, 97871
2026/09/22 21:50:46.742, 1, 88832, 97871
2026/09/22 21:50:46.742, 2, 87294, 97871
2026/09/22 21:50:46.742, 3, 87802, 97871
2026/09/22 21:50:46.942, 0, 87799, 97871
2026/09/22 21:50:46.942, 1, 88832, 97871
2026/09/22 21:50:46.942, 2, 87294, 97871
2026/09/22 21:50:46.942, 3, 87802, 97871
2026/09/22 21:50:47.143, 0, 87799, 97871
2026/09/22 21:50:47.143, 1, 88832, 97871
2026/09/22 21:50:47.143, 2, 87294, 97871
2026/09/22 21:50:47.143, 3, 87802, 97871
2026/09/22 21:50:47.343, 0, 87799, 97871
2026/09/22 21:50:47.343, 1, 88832, 97871
2026/09/22 21:50:47.343, 2, 87294, 97871
2026/09/22 21:50:47.343, 3, 87802, 97871
2026/09/22 21:50:47.543, 0, 87799, 97871
2026/09/22 21:50:47.543, 1, 88832, 97871
2026/09/22 21:50:47.543, 2, 87294, 97871
2026/09/22 21:50:47.543, 3, 87802, 97871
2026/09/22 21:50:47.743, 0, 87799, 97871
2026/09/22 21:50:47.743, 1, 88832, 97871
2026/09/22 21:50:47.744, 2, 87294, 97871
2026/09/22 21:50:47.744, 3, 87802, 97871
2026/09/22 21:50:47.944, 0, 87799, 97871
2026/09/22 21:50:47.944, 1, 88832, 97871
2026/09/22 21:50:47.944, 2, 87294, 97871
2026/09/22 21:50:47.944, 3, 87802, 97871
2026/09/22 21:50:48.144, 0, 87799, 97871
2026/09/22 21:50:48.144, 1, 88832, 97871
2026/09/22 21:50:48.144, 2, 87294, 97871
2026/09/22 21:50:48.144, 3, 87802, 97871
2026/09/22 21:50:48.344, 0, 87799, 97871
2026/09/22 21:50:48.344, 1, 88832, 97871
2026/09/22 21:50:48.344, 2, 87294, 97871
2026/09/22 21:50:48.344, 3, 87802, 97871
2026/09/22 21:50:48.545, 0, 87799, 97871
2026/09/22 21:50:48.545, 1, 88832, 97871
2026/09/22 21:50:48.545, 2, 87294, 97871
2026/09/22 21:50:48.545, 3, 87802, 97871
2026/09/22 21:50:48.745, 0, 87799, 97871
2026/09/22 21:50:48.745, 1, 88832, 97871
2026/09/22 21:50:48.745, 2, 87294, 97871
2026/09/22 21:50:48.745, 3, 87802, 97871
2026/09/22 21:50:48.945, 0, 87799, 97871
2026/09/22 21:50:48.945, 1, 88832, 97871
2026/09/22 21:50:48.945, 2, 87294, 97871
2026/09/22 21:50:48.945, 3, 87802, 97871
2026/09/22 21:50:49.145, 0, 87799, 97871
2026/09/22 21:50:49.146, 1, 88832, 97871
2026/09/22 21:50:49.146, 2, 87294, 97871
2026/09/22 21:50:49.146, 3, 87802, 97871
2026/09/22 21:50:49.346, 0, 87799, 97871
2026/09/22 21:50:49.346, 1, 88832, 97871
2026/09/22 21:50:49.346, 2, 87294, 97871
2026/09/22 21:50:49.346, 3, 87802, 97871
2026/09/22 21:50:49.546, 0, 87799, 97871
2026/09/22 21:50:49.546, 1, 88832, 97871
2026/09/22 21:50:49.546, 2, 87294, 97871
2026/09/22 21:50:49.546, 3, 87802, 97871
2026/09/22 21:50:49.746, 0, 87799, 97871
2026/09/22 21:50:49.747, 1, 88832, 97871
2026/09/22 21:50:49.747, 2, 87294, 97871
2026/09/22 21:50:49.747, 3, 87802, 97871
2026/09/22 21:50:49.947, 0, 87799, 97871
2026/09/22 21:50:49.947, 1, 88832, 97871
2026/09/22 21:50:49.947, 2, 87294, 97871
2026/09/22 21:50:49.947, 3, 87802, 97871
2026/09/22 21:50:50.147, 0, 87799, 97871
2026/09/22 21:50:50.147, 1, 88832, 97871
2026/09/22 21:50:50.147, 2, 87294, 97871
2026/09/22 21:50:50.147, 3, 87802, 97871
2026/09/22 21:50:50.347, 0, 87799, 97871
2026/09/22 21:50:50.347, 1, 88832, 97871
2026/09/22 21:50:50.347, 2, 87294, 97871
2026/09/22 21:50:50.347, 3, 87802, 97871
2026/09/22 21:50:50.548, 0, 87799, 97871
2026/09/22 21:50:50.548, 1, 88832, 97871
2026/09/22 21:50:50.548, 2, 87294, 97871
2026/09/22 21:50:50.548, 3, 87802, 97871
2026/09/22 21:50:50.748, 0, 87799, 97871
2026/09/22 21:50:50.748, 1, 88832, 97871
2026/09/22 21:50:50.748, 2, 87294, 97871
2026/09/22 21:50:50.748, 3, 87802, 97871
2026/09/22 21:50:50.948, 0, 87799, 97871
2026/09/22 21:50:50.948, 1, 88832, 97871
2026/09/22 21:50:50.948, 2, 87294, 97871
2026/09/22 21:50:50.948, 3, 87802, 97871
2026/09/22 21:50:51.148, 0, 87799, 97871
2026/09/22 21:50:51.148, 1, 88832, 97871
2026/09/22 21:50:51.149, 2, 87294, 97871
2026/09/22 21:50:51.149, 3, 87802, 97871
2026/09/22 21:50:51.349, 0, 87799, 97871
2026/09/22 21:50:51.349, 1, 88832, 97871
2026/09/22 21:50:51.349, 2, 87294, 97871
2026/09/22 21:50:51.349, 3, 87802, 97871
2026/09/22 21:50:51.549, 0, 87799, 97871
2026/09/22 21:50:51.549, 1, 88832, 97871
2026/09/22 21:50:51.549, 2, 87294, 97871
2026/09/22 21:50:51.549, 3, 87802, 97871
2026/09/22 21:50:51.749, 0, 87799, 97871
2026/09/22 21:50:51.749, 1, 88832, 97871
2026/09/22 21:50:51.749, 2, 87294, 97871
2026/09/22 21:50:51.750, 3, 87802, 97871
2026/09/22 21:50:51.950, 0, 87799, 97871
2026/09/22 21:50:51.950, 1, 88832, 97871
2026/09/22 21:50:51.950, 2, 87294, 97871
2026/09/22 21:50:51.950, 3, 87802, 97871
2026/09/22 21:50:52.150, 0, 87799, 97871
2026/09/22 21:50:52.150, 1, 88832, 97871
2026/09/22 21:50:52.150, 2, 87294, 97871
2026/09/22 21:50:52.150, 3, 87802, 97871
2026/09/22 21:50:52.350, 0, 87799, 97871
2026/09/22 21:50:52.350, 1, 88832, 97871
2026/09/22 21:50:52.350, 2, 87294, 97871
2026/09/22 21:50:52.350, 3, 87802, 97871
2026/09/22 21:50:52.551, 0, 87799, 97871
2026/09/22 21:50:52.551, 1, 88832, 97871
2026/09/22 21:50:52.551, 2, 87294, 97871
2026/09/22 21:50:52.551, 3, 87802, 97871
2026/09/22 21:50:52.751, 0, 87799, 97871
2026/09/22 21:50:52.751, 1, 88832, 97871
2026/09/22 21:50:52.751, 2, 87294, 97871
2026/09/22 21:50:52.751, 3, 87802, 97871
2026/09/22 21:50:52.951, 0, 87799, 97871
2026/09/22 21:50:52.951, 1, 88832, 97871
2026/09/22 21:50:52.951, 2, 87294, 97871
2026/09/22 21:50:52.951, 3, 87802, 97871
2026/09/22 21:50:53.151, 0, 87799, 97871
2026/09/22 21:50:53.152, 1, 88832, 97871
2026/09/22 21:50:53.152, 2, 87294, 97871
2026/09/22 21:50:53.152, 3, 87802, 97871
2026/09/22 21:50:53.352, 0, 87799, 97871
2026/09/22 21:50:53.352, 1, 88832, 97871
2026/09/22 21:50:53.352, 2, 87294, 97871
2026/09/22 21:50:53.352, 3, 87802, 97871
2026/09/22 21:50:53.552, 0, 87799, 97871
2026/09/22 21:50:53.552, 1, 88832, 97871
2026/09/22 21:50:53.552, 2, 87294, 97871
2026/09/22 21:50:53.552, 3, 87802, 97871
2026/09/22 21:50:53.752, 0, 87799, 97871
2026/09/22 21:50:53.753, 1, 88832, 97871
2026/09/22 21:50:53.753, 2, 87294, 97871
2026/09/22 21:50:53.753, 3, 87802, 97871
2026/09/22 21:50:53.953, 0, 87799, 97871
2026/09/22 21:50:53.953, 1, 88832, 97871
2026/09/22 21:50:53.953, 2, 87294, 97871
2026/09/22 21:50:53.953, 3, 87802, 97871
2026/09/22 21:50:54.153, 0, 87799, 97871
2026/09/22 21:50:54.153, 1, 88832, 97871
2026/09/22 21:50:54.153, 2, 87294, 97871
2026/09/22 21:50:54.153, 3, 87802, 97871
2026/09/22 21:50:54.353, 0, 87799, 97871
2026/09/22 21:50:54.353, 1, 88832, 97871
2026/09/22 21:50:54.353, 2, 87294, 97871
2026/09/22 21:50:54.354, 3, 87802, 97871
2026/09/22 21:50:54.554, 0, 87799, 97871
2026/09/22 21:50:54.554, 1, 88832, 97871
2026/09/22 21:50:54.554, 2, 87294, 97871
2026/09/22 21:50:54.554, 3, 87802, 97871
2026/09/22 21:50:54.754, 0, 87799, 97871
2026/09/22 21:50:54.754, 1, 88832, 97871
2026/09/22 21:50:54.754, 2, 87294, 97871
2026/09/22 21:50:54.754, 3, 87802, 97871
2026/09/22 21:50:54.954, 0, 87799, 97871
2026/09/22 21:50:54.954, 1, 88832, 97871
2026/09/22 21:50:54.954, 2, 87294, 97871
2026/09/22 21:50:54.954, 3, 87802, 97871
2026/09/22 21:50:55.155, 0, 87799, 97871
2026/09/22 21:50:55.155, 1, 88832, 97871
2026/09/22 21:50:55.155, 2, 87294, 97871
2026/09/22 21:50:55.155, 3, 87802, 97871
2026/09/22 21:50:55.355, 0, 87799, 97871
2026/09/22 21:50:55.355, 1, 88832, 97871
2026/09/22 21:50:55.355, 2, 87294, 97871
2026/09/22 21:50:55.355, 3, 87802, 97871
2026/09/22 21:50:55.555, 0, 87799, 97871
2026/09/22 21:50:55.555, 1, 88832, 97871
2026/09/22 21:50:55.555, 2, 87294, 97871
2026/09/22 21:50:55.555, 3, 87802, 97871
2026/09/22 21:50:55.755, 0, 87799, 97871
2026/09/22 21:50:55.756, 1, 88832, 97871
2026/09/22 21:50:55.756, 2, 87294, 97871
2026/09/22 21:50:55.756, 3, 87802, 97871
2026/09/22 21:50:55.956, 0, 87799, 97871
2026/09/22 21:50:55.956, 1, 88832, 97871
2026/09/22 21:50:55.956, 2, 87294, 97871
2026/09/22 21:50:55.956, 3, 87802, 97871
2026/09/22 21:50:56.156, 0, 87799, 97871
2026/09/22 21:50:56.156, 1, 88832, 97871
2026/09/22 21:50:56.156, 2, 87294, 97871
2026/09/22 21:50:56.156, 3, 87802, 97871
2026/09/22 21:50:56.356, 0, 87799, 97871
2026/09/22 21:50:56.356, 1, 88832, 97871
2026/09/22 21:50:56.356, 2, 87294, 97871
2026/09/22 21:50:56.356, 3, 87802, 97871
2026/09/22 21:50:56.556, 0, 87799, 97871
2026/09/22 21:50:56.557, 1, 88832, 97871
2026/09/22 21:50:56.557, 2, 87294, 97871
2026/09/22 21:50:56.557, 3, 87802, 97871
2026/09/22 21:50:56.757, 0, 87799, 97871
2026/09/22 21:50:56.757, 1, 88832, 97871
2026/09/22 21:50:56.757, 2, 87294, 97871
2026/09/22 21:50:56.757, 3, 87802, 97871
2026/09/22 21:50:56.957, 0, 87799, 97871
2026/09/22 21:50:56.957, 1, 88832, 97871
2026/09/22 21:50:56.957, 2, 87294, 97871
2026/09/22 21:50:56.957, 3, 87802, 97871
2026/09/22 21:50:57.157, 0, 87799, 97871
2026/09/22 21:50:57.158, 1, 88832, 97871
2026/09/22 21:50:57.158, 2, 87294, 97871
2026/09/22 21:50:57.158, 3, 87802, 97871
2026/09/22 21:50:57.358, 0, 87799, 97871
2026/09/22 21:50:57.358, 1, 88832, 97871
2026/09/22 21:50:57.358, 2, 87294, 97871
2026/09/22 21:50:57.358, 3, 87802, 97871
2026/09/22 21:50:57.558, 0, 87799, 97871
2026/09/22 21:50:57.558, 1, 88832, 97871
2026/09/22 21:50:57.558, 2, 87294, 97871
2026/09/22 21:50:57.558, 3, 87802, 97871
2026/09/22 21:50:57.758, 0, 87799, 97871
2026/09/22 21:50:57.758, 1, 88832, 97871
2026/09/22 21:50:57.758, 2, 87294, 97871
2026/09/22 21:50:57.758, 3, 87802, 97871
2026/09/22 21:50:57.959, 0, 87799, 97871
2026/09/22 21:50:57.959, 1, 88832, 97871
2026/09/22 21:50:57.959, 2, 87294, 97871
2026/09/22 21:50:57.959, 3, 87802, 97871
2026/09/22 21:50:58.159, 0, 87799, 97871
2026/09/22 21:50:58.159, 1, 88832, 97871
2026/09/22 21:50:58.159, 2, 87294, 97871
2026/09/22 21:50:58.159, 3, 87802, 97871
2026/09/22 21:50:58.359, 0, 87799, 97871
2026/09/22 21:50:58.359, 1, 88832, 97871
2026/09/22 21:50:58.359, 2, 87294, 97871
2026/09/22 21:50:58.359, 3, 87802, 97871
2026/09/22 21:50:58.560, 0, 87799, 97871
2026/09/22 21:50:58.560, 1, 88832, 97871
2026/09/22 21:50:58.560, 2, 87294, 97871
2026/09/22 21:50:58.560, 3, 87802, 97871
2026/09/22 21:50:58.760, 0, 87799, 97871
2026/09/22 21:50:58.760, 1, 88832, 97871
2026/09/22 21:50:58.760, 2, 87294, 97871
2026/09/22 21:50:58.760, 3, 87802, 97871
2026/09/22 21:50:58.960, 0, 87799, 97871
2026/09/22 21:50:58.960, 1, 88832, 97871
2026/09/22 21:50:58.960, 2, 87294, 97871
2026/09/22 21:50:58.960, 3, 87802, 97871
2026/09/22 21:50:59.161, 0, 87799, 97871
2026/09/22 21:50:59.161, 1, 88832, 97871
2026/09/22 21:50:59.161, 2, 87294, 97871
2026/09/22 21:50:59.161, 3, 87802, 97871
2026/09/22 21:50:59.361, 0, 87799, 97871
2026/09/22 21:50:59.361, 1, 88832, 97871
2026/09/22 21:50:59.361, 2, 87294, 97871
2026/09/22 21:50:59.361, 3, 87802, 97871
2026/09/22 21:50:59.561, 0, 87799, 97871
2026/09/22 21:50:59.561, 1, 88832, 97871
2026/09/22 21:50:59.561, 2, 87294, 97871
2026/09/22 21:50:59.561, 3, 87802, 97871
2026/09/22 21:50:59.761, 0, 87799, 97871
2026/09/22 21:50:59.761, 1, 88832, 97871
2026/09/22 21:50:59.762, 2, 87294, 97871
2026/09/22 21:50:59.762, 3, 87802, 97871
2026/09/22 21:50:59.962, 0, 87799, 97871
2026/09/22 21:50:59.962, 1, 88832, 97871
2026/09/22 21:50:59.962, 2, 87294, 97871
2026/09/22 21:50:59.962, 3, 87802, 97871
2026/09/22 21:51:00.162, 0, 87799, 97871
2026/09/22 21:51:00.162, 1, 88832, 97871
2026/09/22 21:51:00.162, 2, 87294, 97871
2026/09/22 21:51:00.162, 3, 87802, 97871
2026/09/22 21:51:00.362, 0, 87799, 97871
2026/09/22 21:51:00.362, 1, 88832, 97871
2026/09/22 21:51:00.362, 2, 87294, 97871
2026/09/22 21:51:00.362, 3, 87802, 97871
2026/09/22 21:51:00.563, 0, 87799, 97871
2026/09/22 21:51:00.563, 1, 88832, 97871
2026/09/22 21:51:00.563, 2, 87294, 97871
2026/09/22 21:51:00.563, 3, 87802, 97871
2026/09/22 21:51:00.763, 0, 87799, 97871
2026/09/22 21:51:00.763, 1, 88832, 97871
2026/09/22 21:51:00.763, 2, 87294, 97871
2026/09/22 21:51:00.763, 3, 87802, 97871
2026/09/22 21:51:00.963, 0, 87799, 97871
2026/09/22 21:51:00.963, 1, 88832, 97871
2026/09/22 21:51:00.963, 2, 87294, 97871
2026/09/22 21:51:00.963, 3, 87802, 97871
2026/09/22 21:51:01.164, 0, 87799, 97871
2026/09/22 21:51:01.164, 1, 88832, 97871
2026/09/22 21:51:01.164, 2, 87294, 97871
2026/09/22 21:51:01.164, 3, 87802, 97871
2026/09/22 21:51:01.364, 0, 87799, 97871
2026/09/22 21:51:01.364, 1, 88832, 97871
2026/09/22 21:51:01.364, 2, 87294, 97871
2026/09/22 21:51:01.364, 3, 87802, 97871
2026/09/22 21:51:01.564, 0, 87799, 97871
2026/09/22 21:51:01.564, 1, 88832, 97871
2026/09/22 21:51:01.564, 2, 87294, 97871
2026/09/22 21:51:01.564, 3, 87802, 97871
2026/09/22 21:51:01.764, 0, 87799, 97871
2026/09/22 21:51:01.765, 1, 88832, 97871
2026/09/22 21:51:01.765, 2, 87294, 97871
2026/09/22 21:51:01.765, 3, 87802, 97871
2026/09/22 21:51:01.965, 0, 87799, 97871
2026/09/22 21:51:01.965, 1, 88832, 97871
2026/09/22 21:51:01.965, 2, 87294, 97871
2026/09/22 21:51:01.965, 3, 87802, 97871
2026/09/22 21:51:02.165, 0, 87799, 97871
2026/09/22 21:51:02.165, 1, 88832, 97871
2026/09/22 21:51:02.165, 2, 87294, 97871
2026/09/22 21:51:02.165, 3, 87802, 97871
2026/09/22 21:51:02.365, 0, 87799, 97871
2026/09/22 21:51:02.366, 1, 88832, 97871
2026/09/22 21:51:02.366, 2, 87294, 97871
2026/09/22 21:51:02.366, 3, 87802, 97871
2026/09/22 21:51:02.566, 0, 87799, 97871
2026/09/22 21:51:02.566, 1, 88832, 97871
2026/09/22 21:51:02.566, 2, 87294, 97871
2026/09/22 21:51:02.566, 3, 87802, 97871
2026/09/22 21:51:02.766, 0, 87799, 97871
2026/09/22 21:51:02.766, 1, 88832, 97871
2026/09/22 21:51:02.766, 2, 87294, 97871
2026/09/22 21:51:02.766, 3, 87802, 97871
2026/09/22 21:51:02.966, 0, 87799, 97871
2026/09/22 21:51:02.966, 1, 88832, 97871
2026/09/22 21:51:02.967, 2, 87294, 97871
2026/09/22 21:51:02.967, 3, 87802, 97871
2026/09/22 21:51:03.167, 0, 87799, 97871
2026/09/22 21:51:03.167, 1, 88832, 97871
2026/09/22 21:51:03.167, 2, 87294, 97871
2026/09/22 21:51:03.167, 3, 87802, 97871
2026/09/22 21:51:03.367, 0, 87799, 97871
2026/09/22 21:51:03.367, 1, 88832, 97871
2026/09/22 21:51:03.367, 2, 87294, 97871
2026/09/22 21:51:03.367, 3, 87802, 97871
2026/09/22 21:51:03.567, 0, 87799, 97871
2026/09/22 21:51:03.568, 1, 88832, 97871
2026/09/22 21:51:03.568, 2, 87294, 97871
2026/09/22 21:51:03.568, 3, 87802, 97871
2026/09/22 21:51:03.768, 0, 87799, 97871
2026/09/22 21:51:03.768, 1, 88832, 97871
2026/09/22 21:51:03.768, 2, 87294, 97871
2026/09/22 21:51:03.768, 3, 87802, 97871
2026/09/22 21:51:03.968, 0, 87799, 97871
2026/09/22 21:51:03.968, 1, 88832, 97871
2026/09/22 21:51:03.968, 2, 87294, 97871
2026/09/22 21:51:03.968, 3, 87802, 97871
2026/09/22 21:51:04.168, 0, 87799, 97871
2026/09/22 21:51:04.168, 1, 88832, 97871
2026/09/22 21:51:04.168, 2, 87294, 97871
2026/09/22 21:51:04.169, 3, 87802, 97871
2026/09/22 21:51:04.369, 0, 87799, 97871
2026/09/22 21:51:04.369, 1, 88832, 97871
2026/09/22 21:51:04.369, 2, 87294, 97871
2026/09/22 21:51:04.369, 3, 87802, 97871
2026/09/22 21:51:04.569, 0, 87799, 97871
2026/09/22 21:51:04.569, 1, 88832, 97871
2026/09/22 21:51:04.569, 2, 87294, 97871
2026/09/22 21:51:04.569, 3, 87802, 97871
2026/09/22 21:51:04.769, 0, 87799, 97871
2026/09/22 21:51:04.769, 1, 88832, 97871
2026/09/22 21:51:04.769, 2, 87294, 97871
2026/09/22 21:51:04.769, 3, 87802, 97871
2026/09/22 21:51:04.970, 0, 87799, 97871
2026/09/22 21:51:04.970, 1, 88832, 97871
2026/09/22 21:51:04.970, 2, 87294, 97871
2026/09/22 21:51:04.970, 3, 87802, 97871
2026/09/22 21:51:05.170, 0, 87799, 97871
2026/09/22 21:51:05.170, 1, 88832, 97871
2026/09/22 21:51:05.170, 2, 87294, 97871
2026/09/22 21:51:05.170, 3, 87802, 97871
2026/09/22 21:51:05.370, 0, 87799, 97871
2026/09/22 21:51:05.370, 1, 88832, 97871
2026/09/22 21:51:05.370, 2, 87294, 97871
2026/09/22 21:51:05.370, 3, 87802, 97871
2026/09/22 21:51:05.570, 0, 87799, 97871
2026/09/22 21:51:05.571, 1, 88832, 97871
2026/09/22 21:51:05.571, 2, 87294, 97871
2026/09/22 21:51:05.571, 3, 87802, 97871
2026/09/22 21:51:05.771, 0, 87799, 97871
2026/09/22 21:51:05.771, 1, 88832, 97871
2026/09/22 21:51:05.771, 2, 87294, 97871
2026/09/22 21:51:05.771, 3, 87802, 97871
2026/09/22 21:51:05.971, 0, 87799, 97871
2026/09/22 21:51:05.971, 1, 88832, 97871
2026/09/22 21:51:05.971, 2, 87294, 97871
2026/09/22 21:51:05.971, 3, 87802, 97871
2026/09/22 21:51:06.172, 0, 87799, 97871
2026/09/22 21:51:06.172, 1, 88832, 97871
2026/09/22 21:51:06.172, 2, 87294, 97871
2026/09/22 21:51:06.172, 3, 87802, 97871
2026/09/22 21:51:06.372, 0, 87799, 97871
2026/09/22 21:51:06.372, 1, 88832, 97871
2026/09/22 21:51:06.372, 2, 87294, 97871
2026/09/22 21:51:06.372, 3, 87802, 97871
2026/09/22 21:51:06.572, 0, 87799, 97871
2026/09/22 21:51:06.572, 1, 88832, 97871
2026/09/22 21:51:06.572, 2, 87294, 97871
2026/09/22 21:51:06.572, 3, 87802, 97871
2026/09/22 21:51:06.772, 0, 87799, 97871
2026/09/22 21:51:06.773, 1, 88832, 97871
2026/09/22 21:51:06.773, 2, 87294, 97871
2026/09/22 21:51:06.773, 3, 87802, 97871
2026/09/22 21:51:06.973, 0, 87799, 97871
2026/09/22 21:51:06.973, 1, 88832, 97871
2026/09/22 21:51:06.973, 2, 87294, 97871
2026/09/22 21:51:06.973, 3, 87802, 97871
2026/09/22 21:51:07.173, 0, 87799, 97871
2026/09/22 21:51:07.173, 1, 88832, 97871
2026/09/22 21:51:07.173, 2, 87294, 97871
2026/09/22 21:51:07.173, 3, 87802, 97871
2026/09/22 21:51:07.373, 0, 87799, 97871
2026/09/22 21:51:07.373, 1, 88832, 97871
2026/09/22 21:51:07.374, 2, 87294, 97871
2026/09/22 21:51:07.374, 3, 87802, 97871
2026/09/22 21:51:07.574, 0, 87799, 97871
2026/09/22 21:51:07.574, 1, 88832, 97871
2026/09/22 21:51:07.574, 2, 87294, 97871
2026/09/22 21:51:07.574, 3, 87802, 97871
2026/09/22 21:51:07.774, 0, 87799, 97871
2026/09/22 21:51:07.774, 1, 88832, 97871
2026/09/22 21:51:07.774, 2, 87294, 97871
2026/09/22 21:51:07.774, 3, 87802, 97871
2026/09/22 21:51:07.974, 0, 87799, 97871
2026/09/22 21:51:07.974, 1, 88832, 97871
2026/09/22 21:51:07.974, 2, 87294, 97871
2026/09/22 21:51:07.974, 3, 87802, 97871
2026/09/22 21:51:08.174, 0, 87799, 97871
2026/09/22 21:51:08.175, 1, 88832, 97871
2026/09/22 21:51:08.175, 2, 87294, 97871
2026/09/22 21:51:08.175, 3, 87802, 97871
2026/09/22 21:51:08.375, 0, 87799, 97871
2026/09/22 21:51:08.375, 1, 88832, 97871
2026/09/22 21:51:08.375, 2, 87294, 97871
2026/09/22 21:51:08.375, 3, 87802, 97871
2026/09/22 21:51:08.575, 0, 87799, 97871
2026/09/22 21:51:08.575, 1, 88832, 97871
2026/09/22 21:51:08.575, 2, 87294, 97871
2026/09/22 21:51:08.575, 3, 87802, 97871
2026/09/22 21:51:08.775, 0, 87799, 97871
2026/09/22 21:51:08.776, 1, 88832, 97871
2026/09/22 21:51:08.776, 2, 87294, 97871
2026/09/22 21:51:08.776, 3, 87802, 97871
2026/09/22 21:51:08.976, 0, 87799, 97871
2026/09/22 21:51:08.976, 1, 88832, 97871
2026/09/22 21:51:08.976, 2, 87294, 97871
2026/09/22 21:51:08.976, 3, 87802, 97871
2026/09/22 21:51:09.176, 0, 87799, 97871
2026/09/22 21:51:09.176, 1, 88832, 97871
2026/09/22 21:51:09.176, 2, 87294, 97871
2026/09/22 21:51:09.176, 3, 87802, 97871
2026/09/22 21:51:09.376, 0, 87799, 97871
2026/09/22 21:51:09.376, 1, 88832, 97871
2026/09/22 21:51:09.376, 2, 87294, 97871
2026/09/22 21:51:09.376, 3, 87802, 97871
2026/09/22 21:51:09.577, 0, 87799, 97871
2026/09/22 21:51:09.577, 1, 88832, 97871
2026/09/22 21:51:09.577, 2, 87294, 97871
2026/09/22 21:51:09.577, 3, 87802, 97871
2026/09/22 21:51:09.777, 0, 87799, 97871
2026/09/22 21:51:09.777, 1, 88832, 97871
2026/09/22 21:51:09.777, 2, 87294, 97871
2026/09/22 21:51:09.777, 3, 87802, 97871
2026/09/22 21:51:09.977, 0, 87799, 97871
2026/09/22 21:51:09.977, 1, 88832, 97871
2026/09/22 21:51:09.977, 2, 87294, 97871
2026/09/22 21:51:09.977, 3, 87802, 97871
2026/09/22 21:51:10.177, 0, 87799, 97871
2026/09/22 21:51:10.177, 1, 88832, 97871
2026/09/22 21:51:10.177, 2, 87294, 97871
2026/09/22 21:51:10.178, 3, 87802, 97871
2026/09/22 21:51:10.378, 0, 87799, 97871
2026/09/22 21:51:10.378, 1, 88832, 97871
2026/09/22 21:51:10.378, 2, 87294, 97871
2026/09/22 21:51:10.378, 3, 87802, 97871
2026/09/22 21:51:10.578, 0, 87799, 97871
2026/09/22 21:51:10.578, 1, 88832, 97871
2026/09/22 21:51:10.578, 2, 87294, 97871
2026/09/22 21:51:10.578, 3, 87802, 97871
2026/09/22 21:51:10.778, 0, 87799, 97871
2026/09/22 21:51:10.779, 1, 88832, 97871
2026/09/22 21:51:10.779, 2, 87294, 97871
2026/09/22 21:51:10.779, 3, 87802, 97871
2026/09/22 21:51:10.979, 0, 87799, 97871
2026/09/22 21:51:10.979, 1, 88832, 97871
2026/09/22 21:51:10.979, 2, 87294, 97871
2026/09/22 21:51:10.979, 3, 87802, 97871
2026/09/22 21:51:11.179, 0, 87799, 97871
2026/09/22 21:51:11.179, 1, 88832, 97871
2026/09/22 21:51:11.179, 2, 87294, 97871
2026/09/22 21:51:11.179, 3, 87802, 97871
2026/09/22 21:51:11.379, 0, 87799, 97871
2026/09/22 21:51:11.379, 1, 88832, 97871
2026/09/22 21:51:11.379, 2, 87294, 97871
2026/09/22 21:51:11.379, 3, 87802, 97871
2026/09/22 21:51:11.580, 0, 87799, 97871
2026/09/22 21:51:11.580, 1, 88832, 97871
2026/09/22 21:51:11.580, 2, 87294, 97871
2026/09/22 21:51:11.580, 3, 87802, 97871
2026/09/22 21:51:11.780, 0, 87799, 97871
2026/09/22 21:51:11.780, 1, 88832, 97871
2026/09/22 21:51:11.780, 2, 87294, 97871
2026/09/22 21:51:11.780, 3, 87802, 97871
2026/09/22 21:51:11.980, 0, 87799, 97871
2026/09/22 21:51:11.980, 1, 88832, 97871
2026/09/22 21:51:11.980, 2, 87294, 97871
2026/09/22 21:51:11.981, 3, 87802, 97871
2026/09/22 21:51:12.181, 0, 87799, 97871
2026/09/22 21:51:12.181, 1, 88832, 97871
2026/09/22 21:51:12.181, 2, 87294, 97871
2026/09/22 21:51:12.181, 3, 87802, 97871
2026/09/22 21:51:12.381, 0, 87799, 97871
2026/09/22 21:51:12.381, 1, 88832, 97871
2026/09/22 21:51:12.381, 2, 87294, 97871
2026/09/22 21:51:12.381, 3, 87802, 97871
2026/09/22 21:51:12.581, 0, 87799, 97871
2026/09/22 21:51:12.581, 1, 88832, 97871
2026/09/22 21:51:12.581, 2, 87294, 97871
2026/09/22 21:51:12.581, 3, 87802, 97871
2026/09/22 21:51:12.782, 0, 87799, 97871
2026/09/22 21:51:12.782, 1, 88832, 97871
2026/09/22 21:51:12.782, 2, 87294, 97871
2026/09/22 21:51:12.782, 3, 87802, 97871
2026/09/22 21:51:12.982, 0, 87799, 97871
2026/09/22 21:51:12.982, 1, 88832, 97871
2026/09/22 21:51:12.982, 2, 87294, 97871
2026/09/22 21:51:12.982, 3, 87802, 97871
2026/09/22 21:51:13.182, 0, 87799, 97871
2026/09/22 21:51:13.182, 1, 88832, 97871
2026/09/22 21:51:13.182, 2, 87294, 97871
2026/09/22 21:51:13.182, 3, 87802, 97871
2026/09/22 21:51:13.382, 0, 87799, 97871
2026/09/22 21:51:13.383, 1, 88832, 97871
2026/09/22 21:51:13.383, 2, 87294, 97871
2026/09/22 21:51:13.383, 3, 87802, 97871
2026/09/22 21:51:13.583, 0, 87799, 97871
2026/09/22 21:51:13.583, 1, 88832, 97871
2026/09/22 21:51:13.583, 2, 87294, 97871
2026/09/22 21:51:13.583, 3, 87802, 97871
2026/09/22 21:51:13.783, 0, 87799, 97871
2026/09/22 21:51:13.783, 1, 88832, 97871
2026/09/22 21:51:13.783, 2, 87294, 97871
2026/09/22 21:51:13.783, 3, 87802, 97871
2026/09/22 21:51:13.983, 0, 87799, 97871
2026/09/22 21:51:13.983, 1, 88832, 97871
2026/09/22 21:51:13.983, 2, 87294, 97871
2026/09/22 21:51:13.984, 3, 87802, 97871
2026/09/22 21:51:14.184, 0, 87799, 97871
2026/09/22 21:51:14.184, 1, 88832, 97871
2026/09/22 21:51:14.184, 2, 87294, 97871
2026/09/22 21:51:14.184, 3, 87802, 97871
2026/09/22 21:51:14.384, 0, 87799, 97871
2026/09/22 21:51:14.384, 1, 88832, 97871
2026/09/22 21:51:14.384, 2, 87294, 97871
2026/09/22 21:51:14.384, 3, 87802, 97871
2026/09/22 21:51:14.584, 0, 87799, 97871
2026/09/22 21:51:14.584, 1, 88832, 97871
2026/09/22 21:51:14.584, 2, 87294, 97871
2026/09/22 21:51:14.584, 3, 87802, 97871
2026/09/22 21:51:14.785, 0, 87799, 97871
2026/09/22 21:51:14.785, 1, 88832, 97871
2026/09/22 21:51:14.785, 2, 87294, 97871
2026/09/22 21:51:14.785, 3, 87802, 97871
2026/09/22 21:51:14.985, 0, 87799, 97871
2026/09/22 21:51:14.985, 1, 88832, 97871
2026/09/22 21:51:14.985, 2, 87294, 97871
2026/09/22 21:51:14.985, 3, 87802, 97871
2026/09/22 21:51:15.185, 0, 87799, 97871
2026/09/22 21:51:15.185, 1, 88832, 97871
2026/09/22 21:51:15.185, 2, 87294, 97871
2026/09/22 21:51:15.185, 3, 87802, 97871
2026/09/22 21:51:15.385, 0, 87799, 97871
2026/09/22 21:51:15.386, 1, 88832, 97871
2026/09/22 21:51:15.386, 2, 87294, 97871
2026/09/22 21:51:15.386, 3, 87802, 97871
2026/09/22 21:51:15.586, 0, 87799, 97871
2026/09/22 21:51:15.586, 1, 88832, 97871
2026/09/22 21:51:15.586, 2, 87294, 97871
2026/09/22 21:51:15.586, 3, 87802, 97871
2026/09/22 21:51:15.786, 0, 87799, 97871
2026/09/22 21:51:15.786, 1, 88832, 97871
2026/09/22 21:51:15.786, 2, 87294, 97871
2026/09/22 21:51:15.786, 3, 87802, 97871
2026/09/22 21:51:15.986, 0, 87799, 97871
2026/09/22 21:51:15.986, 1, 88832, 97871
2026/09/22 21:51:15.986, 2, 87294, 97871
2026/09/22 21:51:15.987, 3, 87802, 97871
2026/09/22 21:51:16.187, 0, 87799, 97871
2026/09/22 21:51:16.187, 1, 88832, 97871
2026/09/22 21:51:16.187, 2, 87294, 97871
2026/09/22 21:51:16.187, 3, 87802, 97871
2026/09/22 21:51:16.387, 0, 87799, 97871
2026/09/22 21:51:16.387, 1, 88832, 97871
2026/09/22 21:51:16.387, 2, 87294, 97871
2026/09/22 21:51:16.387, 3, 87802, 97871
2026/09/22 21:51:16.587, 0, 87799, 97871
2026/09/22 21:51:16.587, 1, 88832, 97871
2026/09/22 21:51:16.587, 2, 87294, 97871
2026/09/22 21:51:16.587, 3, 87802, 97871
2026/09/22 21:51:16.788, 0, 87799, 97871
2026/09/22 21:51:16.788, 1, 88832, 97871
2026/09/22 21:51:16.788, 2, 87294, 97871
2026/09/22 21:51:16.788, 3, 87802, 97871
2026/09/22 21:51:16.988, 0, 87799, 97871
2026/09/22 21:51:16.988, 1, 88832, 97871
2026/09/22 21:51:16.988, 2, 87294, 97871
2026/09/22 21:51:16.988, 3, 87802, 97871
2026/09/22 21:51:17.188, 0, 87799, 97871
2026/09/22 21:51:17.188, 1, 88832, 97871
2026/09/22 21:51:17.188, 2, 87294, 97871
2026/09/22 21:51:17.188, 3, 87802, 97871
2026/09/22 21:51:17.388, 0, 87799, 97871
2026/09/22 21:51:17.388, 1, 88832, 97871
2026/09/22 21:51:17.389, 2, 87294, 97871
2026/09/22 21:51:17.389, 3, 87802, 97871
2026/09/22 21:51:17.589, 0, 87799, 97871
2026/09/22 21:51:17.589, 1, 88832, 97871
2026/09/22 21:51:17.589, 2, 87294, 97871
2026/09/22 21:51:17.589, 3, 87802, 97871
2026/09/22 21:51:17.789, 0, 87799, 97871
2026/09/22 21:51:17.789, 1, 88832, 97871
2026/09/22 21:51:17.789, 2, 87294, 97871
2026/09/22 21:51:17.789, 3, 87802, 97871
2026/09/22 21:51:17.990, 0, 87799, 97871
2026/09/22 21:51:17.990, 1, 88832, 97871
2026/09/22 21:51:17.990, 2, 87294, 97871
2026/09/22 21:51:17.990, 3, 87802, 97871
2026/09/22 21:51:18.190, 0, 87799, 97871
2026/09/22 21:51:18.190, 1, 88832, 97871
2026/09/22 21:51:18.190, 2, 87294, 97871
2026/09/22 21:51:18.190, 3, 87802, 97871
2026/09/22 21:51:18.390, 0, 87799, 97871
2026/09/22 21:51:18.390, 1, 88832, 97871
2026/09/22 21:51:18.390, 2, 87294, 97871
2026/09/22 21:51:18.390, 3, 87802, 97871
2026/09/22 21:51:18.591, 0, 87799, 97871
2026/09/22 21:51:18.591, 1, 88832, 97871
2026/09/22 21:51:18.591, 2, 87294, 97871
2026/09/22 21:51:18.591, 3, 87802, 97871
2026/09/22 21:51:18.791, 0, 87799, 97871
2026/09/22 21:51:18.791, 1, 88832, 97871
2026/09/22 21:51:18.791, 2, 87294, 97871
2026/09/22 21:51:18.791, 3, 87802, 97871
2026/09/22 21:51:18.991, 0, 87799, 97871
2026/09/22 21:51:18.991, 1, 88832, 97871
2026/09/22 21:51:18.991, 2, 87294, 97871
2026/09/22 21:51:18.991, 3, 87802, 97871
2026/09/22 21:51:19.192, 0, 87799, 97871
2026/09/22 21:51:19.192, 1, 88832, 97871
2026/09/22 21:51:19.192, 2, 87294, 97871
2026/09/22 21:51:19.192, 3, 87802, 97871
2026/09/22 21:51:19.392, 0, 87799, 97871
2026/09/22 21:51:19.392, 1, 88832, 97871
2026/09/22 21:51:19.392, 2, 87294, 97871
2026/09/22 21:51:19.392, 3, 87802, 97871
2026/09/22 21:51:19.592, 0, 87799, 97871
2026/09/22 21:51:19.592, 1, 88832, 97871
2026/09/22 21:51:19.592, 2, 87294, 97871
2026/09/22 21:51:19.592, 3, 87802, 97871
2026/09/22 21:51:19.793, 0, 87799, 97871
2026/09/22 21:51:19.793, 1, 88832, 97871
2026/09/22 21:51:19.793, 2, 87294, 97871
2026/09/22 21:51:19.793, 3, 87802, 97871
2026/09/22 21:51:19.993, 0, 87799, 97871
2026/09/22 21:51:19.993, 1, 88832, 97871
2026/09/22 21:51:19.993, 2, 87294, 97871
2026/09/22 21:51:19.993, 3, 87802, 97871
2026/09/22 21:51:20.193, 0, 87799, 97871
2026/09/22 21:51:20.193, 1, 88832, 97871
2026/09/22 21:51:20.193, 2, 87294, 97871
2026/09/22 21:51:20.193, 3, 87802, 97871
2026/09/22 21:51:20.394, 0, 87799, 97871
2026/09/22 21:51:20.394, 1, 88832, 97871
2026/09/22 21:51:20.394, 2, 87294, 97871
2026/09/22 21:51:20.394, 3, 87802, 97871
2026/09/22 21:51:20.594, 0, 87799, 97871
2026/09/22 21:51:20.594, 1, 88832, 97871
2026/09/22 21:51:20.594, 2, 87294, 97871
2026/09/22 21:51:20.594, 3, 87802, 97871
2026/09/22 21:51:20.794, 0, 87799, 97871
2026/09/22 21:51:20.795, 1, 88832, 97871
2026/09/22 21:51:20.795, 2, 87294, 97871
2026/09/22 21:51:20.795, 3, 87802, 97871
2026/09/22 21:51:20.995, 0, 87799, 97871
2026/09/22 21:51:20.995, 1, 88832, 97871
2026/09/22 21:51:20.995, 2, 87294, 97871
2026/09/22 21:51:20.995, 3, 87802, 97871
2026/09/22 21:51:21.195, 0, 87799, 97871
2026/09/22 21:51:21.195, 1, 88832, 97871
2026/09/22 21:51:21.195, 2, 87294, 97871
2026/09/22 21:51:21.195, 3, 87802, 97871
2026/09/22 21:51:21.395, 0, 87799, 97871
2026/09/22 21:51:21.395, 1, 88832, 97871
2026/09/22 21:51:21.395, 2, 87294, 97871
2026/09/22 21:51:21.395, 3, 87802, 97871
2026/09/22 21:51:21.596, 0, 87799, 97871
2026/09/22 21:51:21.596, 1, 88832, 97871
2026/09/22 21:51:21.596, 2, 87294, 97871
2026/09/22 21:51:21.596, 3, 87802, 97871
2026/09/22 21:51:21.796, 0, 87799, 97871
2026/09/22 21:51:21.796, 1, 88832, 97871
2026/09/22 21:51:21.796, 2, 87294, 97871
2026/09/22 21:51:21.796, 3, 87802, 97871
2026/09/22 21:51:21.996, 0, 87799, 97871
2026/09/22 21:51:21.996, 1, 88832, 97871
2026/09/22 21:51:21.996, 2, 87294, 97871
2026/09/22 21:51:21.997, 3, 87802, 97871
2026/09/22 21:51:22.197, 0, 87799, 97871
2026/09/22 21:51:22.197, 1, 88832, 97871
2026/09/22 21:51:22.197, 2, 87294, 97871
2026/09/22 21:51:22.197, 3, 87802, 97871
2026/09/22 21:51:22.397, 0, 87799, 97871
2026/09/22 21:51:22.397, 1, 88832, 97871
2026/09/22 21:51:22.397, 2, 87294, 97871
2026/09/22 21:51:22.397, 3, 87802, 97871
2026/09/22 21:51:22.597, 0, 87799, 97871
2026/09/22 21:51:22.597, 1, 88832, 97871
2026/09/22 21:51:22.597, 2, 87294, 97871
2026/09/22 21:51:22.598, 3, 87802, 97871
2026/09/22 21:51:22.798, 0, 87799, 97871
2026/09/22 21:51:22.798, 1, 88832, 97871
2026/09/22 21:51:22.798, 2, 87294, 97871
2026/09/22 21:51:22.798, 3, 87802, 97871
2026/09/22 21:51:22.998, 0, 87799, 97871
2026/09/22 21:51:22.998, 1, 88832, 97871
2026/09/22 21:51:22.998, 2, 87294, 97871
2026/09/22 21:51:22.998, 3, 87802, 97871
2026/09/22 21:51:23.198, 0, 87799, 97871
2026/09/22 21:51:23.198, 1, 88832, 97871
2026/09/22 21:51:23.199, 2, 87294, 97871
2026/09/22 21:51:23.199, 3, 87802, 97871
2026/09/22 21:51:23.399, 0, 87799, 97871
2026/09/22 21:51:23.399, 1, 88832, 97871
2026/09/22 21:51:23.399, 2, 87294, 97871
2026/09/22 21:51:23.399, 3, 87802, 97871
2026/09/22 21:51:23.599, 0, 87799, 97871
2026/09/22 21:51:23.599, 1, 88832, 97871
2026/09/22 21:51:23.599, 2, 87294, 97871
2026/09/22 21:51:23.599, 3, 87802, 97871
2026/09/22 21:51:23.799, 0, 87799, 97871
2026/09/22 21:51:23.799, 1, 88832, 97871
2026/09/22 21:51:23.799, 2, 87294, 97871
2026/09/22 21:51:23.800, 3, 87802, 97871
2026/09/22 21:51:24.000, 0, 87799, 97871
2026/09/22 21:51:24.000, 1, 88832, 97871
2026/09/22 21:51:24.000, 2, 87294, 97871
2026/09/22 21:51:24.000, 3, 87802, 97871
2026/09/22 21:51:24.200, 0, 87799, 97871
2026/09/22 21:51:24.200, 1, 88832, 97871
2026/09/22 21:51:24.200, 2, 87294, 97871
2026/09/22 21:51:24.200, 3, 87802, 97871
2026/09/22 21:51:24.400, 0, 87799, 97871
2026/09/22 21:51:24.400, 1, 88832, 97871
2026/09/22 21:51:24.400, 2, 87294, 97871
2026/09/22 21:51:24.400, 3, 87802, 97871
2026/09/22 21:51:24.600, 0, 87799, 97871
2026/09/22 21:51:24.601, 1, 88832, 97871
2026/09/22 21:51:24.601, 2, 87294, 97871
2026/09/22 21:51:24.601, 3, 87802, 97871
2026/09/22 21:51:24.801, 0, 87799, 97871
2026/09/22 21:51:24.801, 1, 88832, 97871
2026/09/22 21:51:24.801, 2, 87294, 97871
2026/09/22 21:51:24.801, 3, 87802, 97871
2026/09/22 21:51:25.001, 0, 87799, 97871
2026/09/22 21:51:25.001, 1, 88832, 97871
2026/09/22 21:51:25.001, 2, 87294, 97871
2026/09/22 21:51:25.001, 3, 87802, 97871
2026/09/22 21:51:25.201, 0, 87799, 97871
2026/09/22 21:51:25.201, 1, 88832, 97871
2026/09/22 21:51:25.202, 2, 87294, 97871
2026/09/22 21:51:25.202, 3, 87802, 97871
2026/09/22 21:51:25.402, 0, 87799, 97871
2026/09/22 21:51:25.402, 1, 88832, 97871
2026/09/22 21:51:25.402, 2, 87294, 97871
2026/09/22 21:51:25.402, 3, 87802, 97871
2026/09/22 21:51:25.602, 0, 87799, 97871
2026/09/22 21:51:25.602, 1, 88832, 97871
2026/09/22 21:51:25.602, 2, 87294, 97871
2026/09/22 21:51:25.602, 3, 87802, 97871
2026/09/22 21:51:25.802, 0, 87799, 97871
2026/09/22 21:51:25.802, 1, 88832, 97871
2026/09/22 21:51:25.802, 2, 87294, 97871
2026/09/22 21:51:25.802, 3, 87802, 97871
2026/09/22 21:51:26.003, 0, 87799, 97871
2026/09/22 21:51:26.003, 1, 88832, 97871
2026/09/22 21:51:26.003, 2, 87294, 97871
2026/09/22 21:51:26.003, 3, 87802, 97871
2026/09/22 21:51:26.203, 0, 87799, 97871
2026/09/22 21:51:26.203, 1, 88832, 97871
2026/09/22 21:51:26.203, 2, 87294, 97871
2026/09/22 21:51:26.203, 3, 87802, 97871
2026/09/22 21:51:26.403, 0, 87799, 97871
2026/09/22 21:51:26.403, 1, 88832, 97871
2026/09/22 21:51:26.403, 2, 87294, 97871
2026/09/22 21:51:26.403, 3, 87802, 97871
2026/09/22 21:51:26.604, 0, 87799, 97871
2026/09/22 21:51:26.604, 1, 88832, 97871
2026/09/22 21:51:26.604, 2, 87294, 97871
2026/09/22 21:51:26.604, 3, 87802, 97871
2026/09/22 21:51:26.804, 0, 87799, 97871
2026/09/22 21:51:26.804, 1, 88832, 97871
2026/09/22 21:51:26.804, 2, 87294, 97871
2026/09/22 21:51:26.804, 3, 87802, 97871
2026/09/22 21:51:27.004, 0, 87799, 97871
2026/09/22 21:51:27.004, 1, 88832, 97871
2026/09/22 21:51:27.004, 2, 87294, 97871
2026/09/22 21:51:27.004, 3, 87802, 97871
2026/09/22 21:51:27.205, 0, 87799, 97871
2026/09/22 21:51:27.205, 1, 88832, 97871
2026/09/22 21:51:27.205, 2, 87294, 97871
2026/09/22 21:51:27.205, 3, 87802, 97871
2026/09/22 21:51:27.405, 0, 87799, 97871
2026/09/22 21:51:27.405, 1, 88832, 97871
2026/09/22 21:51:27.405, 2, 87294, 97871
2026/09/22 21:51:27.405, 3, 87802, 97871
2026/09/22 21:51:27.605, 0, 87799, 97871
2026/09/22 21:51:27.605, 1, 88832, 97871
2026/09/22 21:51:27.605, 2, 87294, 97871
2026/09/22 21:51:27.605, 3, 87802, 97871
2026/09/22 21:51:27.806, 0, 87799, 97871
2026/09/22 21:51:27.806, 1, 88832, 97871
2026/09/22 21:51:27.806, 2, 87294, 97871
2026/09/22 21:51:27.806, 3, 87802, 97871
2026/09/22 21:51:28.006, 0, 87799, 97871
2026/09/22 21:51:28.006, 1, 88832, 97871
2026/09/22 21:51:28.006, 2, 87294, 97871
2026/09/22 21:51:28.006, 3, 87802, 97871
2026/09/22 21:51:28.206, 0, 87799, 97871
2026/09/22 21:51:28.206, 1, 88832, 97871
2026/09/22 21:51:28.206, 2, 87294, 97871
2026/09/22 21:51:28.206, 3, 87802, 97871
2026/09/22 21:51:28.407, 0, 87799, 97871
2026/09/22 21:51:28.407, 1, 88832, 97871
2026/09/22 21:51:28.407, 2, 87294, 97871
2026/09/22 21:51:28.407, 3, 87802, 97871
2026/09/22 21:51:28.607, 0, 87799, 97871
2026/09/22 21:51:28.607, 1, 88832, 97871
2026/09/22 21:51:28.607, 2, 87294, 97871
2026/09/22 21:51:28.607, 3, 87802, 97871
2026/09/22 21:51:28.807, 0, 87799, 97871
2026/09/22 21:51:28.807, 1, 88832, 97871
2026/09/22 21:51:28.807, 2, 87294, 97871
2026/09/22 21:51:28.807, 3, 87802, 97871
2026/09/22 21:51:29.008, 0, 87799, 97871
2026/09/22 21:51:29.008, 1, 88832, 97871
2026/09/22 21:51:29.008, 2, 87294, 97871
2026/09/22 21:51:29.008, 3, 87802, 97871
2026/09/22 21:51:29.208, 0, 87799, 97871
2026/09/22 21:51:29.208, 1, 88832, 97871
2026/09/22 21:51:29.208, 2, 87294, 97871
2026/09/22 21:51:29.208, 3, 87802, 97871
2026/09/22 21:51:29.408, 0, 87799, 97871
2026/09/22 21:51:29.408, 1, 88832, 97871
2026/09/22 21:51:29.408, 2, 87294, 97871
2026/09/22 21:51:29.408, 3, 87802, 97871
2026/09/22 21:51:29.609, 0, 87799, 97871
2026/09/22 21:51:29.609, 1, 88832, 97871
2026/09/22 21:51:29.609, 2, 87294, 97871
2026/09/22 21:51:29.609, 3, 87802, 97871
2026/09/22 21:51:29.809, 0, 87799, 97871
2026/09/22 21:51:29.809, 1, 88832, 97871
2026/09/22 21:51:29.809, 2, 87294, 97871
2026/09/22 21:51:29.809, 3, 87802, 97871
2026/09/22 21:51:30.009, 0, 87799, 97871
2026/09/22 21:51:30.009, 1, 88832, 97871
2026/09/22 21:51:30.009, 2, 87294, 97871
2026/09/22 21:51:30.009, 3, 87802, 97871
2026/09/22 21:51:30.209, 0, 87799, 97871
2026/09/22 21:51:30.210, 1, 88832, 97871
2026/09/22 21:51:30.210, 2, 87294, 97871
2026/09/22 21:51:30.210, 3, 87802, 97871
2026/09/22 21:51:30.410, 0, 87799, 97871
2026/09/22 21:51:30.410, 1, 88832, 97871
2026/09/22 21:51:30.410, 2, 87294, 97871
2026/09/22 21:51:30.410, 3, 87802, 97871
2026/09/22 21:51:30.610, 0, 87799, 97871
2026/09/22 21:51:30.610, 1, 88832, 97871
2026/09/22 21:51:30.610, 2, 87294, 97871
2026/09/22 21:51:30.610, 3, 87802, 97871
2026/09/22 21:51:30.810, 0, 87799, 97871
2026/09/22 21:51:30.810, 1, 88832, 97871
2026/09/22 21:51:30.810, 2, 87294, 97871
2026/09/22 21:51:30.811, 3, 87802, 97871
2026/09/22 21:51:31.011, 0, 87799, 97871
2026/09/22 21:51:31.011, 1, 88832, 97871
2026/09/22 21:51:31.011, 2, 87294, 97871
2026/09/22 21:51:31.011, 3, 87802, 97871
2026/09/22 21:51:31.211, 0, 87799, 97871
2026/09/22 21:51:31.211, 1, 88832, 97871
2026/09/22 21:51:31.211, 2, 87294, 97871
2026/09/22 21:51:31.211, 3, 87802, 97871
2026/09/22 21:51:31.411, 0, 87799, 97871
2026/09/22 21:51:31.411, 1, 88832, 97871
2026/09/22 21:51:31.411, 2, 87294, 97871
2026/09/22 21:51:31.412, 3, 87802, 97871
2026/09/22 21:51:31.612, 0, 87799, 97871
2026/09/22 21:51:31.612, 1, 88832, 97871
2026/09/22 21:51:31.612, 2, 87294, 97871
2026/09/22 21:51:31.612, 3, 87802, 97871
2026/09/22 21:51:31.812, 0, 87799, 97871
2026/09/22 21:51:31.812, 1, 88832, 97871
2026/09/22 21:51:31.812, 2, 87294, 97871
2026/09/22 21:51:31.812, 3, 87802, 97871
2026/09/22 21:51:32.012, 0, 87799, 97871
2026/09/22 21:51:32.012, 1, 88832, 97871
2026/09/22 21:51:32.012, 2, 87294, 97871
2026/09/22 21:51:32.012, 3, 87802, 97871
2026/09/22 21:51:32.213, 0, 87799, 97871
2026/09/22 21:51:32.213, 1, 88832, 97871
2026/09/22 21:51:32.213, 2, 87294, 97871
2026/09/22 21:51:32.213, 3, 87802, 97871
2026/09/22 21:51:32.413, 0, 87799, 97871
2026/09/22 21:51:32.413, 1, 88832, 97871
2026/09/22 21:51:32.413, 2, 87294, 97871
2026/09/22 21:51:32.413, 3, 87802, 97871
2026/09/22 21:51:32.613, 0, 87799, 97871
2026/09/22 21:51:32.613, 1, 88832, 97871
2026/09/22 21:51:32.613, 2, 87294, 97871
2026/09/22 21:51:32.613, 3, 87802, 97871
2026/09/22 21:51:32.814, 0, 87799, 97871
2026/09/22 21:51:32.814, 1, 88832, 97871
2026/09/22 21:51:32.814, 2, 87294, 97871
2026/09/22 21:51:32.814, 3, 87802, 97871
2026/09/22 21:51:33.014, 0, 87799, 97871
2026/09/22 21:51:33.014, 1, 88832, 97871
2026/09/22 21:51:33.014, 2, 87294, 97871
2026/09/22 21:51:33.014, 3, 87802, 97871
2026/09/22 21:51:33.214, 0, 87799, 97871
2026/09/22 21:51:33.214, 1, 88832, 97871
2026/09/22 21:51:33.214, 2, 87294, 97871
2026/09/22 21:51:33.214, 3, 87802, 97871
2026/09/22 21:51:33.415, 0, 87799, 97871
2026/09/22 21:51:33.415, 1, 88832, 97871
2026/09/22 21:51:33.415, 2, 87294, 97871
2026/09/22 21:51:33.415, 3, 87802, 97871
2026/09/22 21:51:33.615, 0, 87799, 97871
2026/09/22 21:51:33.615, 1, 88832, 97871
2026/09/22 21:51:33.615, 2, 87294, 97871
2026/09/22 21:51:33.615, 3, 87802, 97871
2026/09/22 21:51:33.815, 0, 87799, 97871
2026/09/22 21:51:33.815, 1, 88832, 97871
2026/09/22 21:51:33.815, 2, 87294, 97871
2026/09/22 21:51:33.815, 3, 87802, 97871
2026/09/22 21:51:34.016, 0, 87799, 97871
2026/09/22 21:51:34.016, 1, 88832, 97871
2026/09/22 21:51:34.016, 2, 87294, 97871
2026/09/22 21:51:34.016, 3, 87802, 97871
2026/09/22 21:51:34.216, 0, 87799, 97871
2026/09/22 21:51:34.216, 1, 88832, 97871
2026/09/22 21:51:34.216, 2, 87294, 97871
2026/09/22 21:51:34.216, 3, 87802, 97871
2026/09/22 21:51:34.416, 0, 87799, 97871
2026/09/22 21:51:34.416, 1, 88832, 97871
2026/09/22 21:51:34.416, 2, 87294, 97871
2026/09/22 21:51:34.416, 3, 87802, 97871
2026/09/22 21:51:34.616, 0, 87799, 97871
2026/09/22 21:51:34.617, 1, 88832, 97871
2026/09/22 21:51:34.617, 2, 87294, 97871
2026/09/22 21:51:34.617, 3, 87802, 97871
2026/09/22 21:51:34.817, 0, 87799, 97871
2026/09/22 21:51:34.817, 1, 88832, 97871
2026/09/22 21:51:34.817, 2, 87294, 97871
2026/09/22 21:51:34.817, 3, 87802, 97871
2026/09/22 21:51:35.017, 0, 87799, 97871
2026/09/22 21:51:35.017, 1, 88832, 97871
2026/09/22 21:51:35.017, 2, 87294, 97871
2026/09/22 21:51:35.017, 3, 87802, 97871
2026/09/22 21:51:35.217, 0, 87799, 97871
2026/09/22 21:51:35.218, 1, 88832, 97871
2026/09/22 21:51:35.218, 2, 87294, 97871
2026/09/22 21:51:35.218, 3, 87802, 97871
2026/09/22 21:51:35.418, 0, 87799, 97871
2026/09/22 21:51:35.418, 1, 88832, 97871
2026/09/22 21:51:35.418, 2, 87294, 97871
2026/09/22 21:51:35.418, 3, 87802, 97871
2026/09/22 21:51:35.618, 0, 87799, 97871
2026/09/22 21:51:35.618, 1, 88832, 97871
2026/09/22 21:51:35.618, 2, 87294, 97871
2026/09/22 21:51:35.618, 3, 87802, 97871
2026/09/22 21:51:35.818, 0, 87799, 97871
2026/09/22 21:51:35.818, 1, 88832, 97871
2026/09/22 21:51:35.818, 2, 87294, 97871
2026/09/22 21:51:35.819, 3, 87802, 97871
2026/09/22 21:51:36.019, 0, 87799, 97871
2026/09/22 21:51:36.019, 1, 88832, 97871
2026/09/22 21:51:36.019, 2, 87294, 97871
2026/09/22 21:51:36.019, 3, 87802, 97871
2026/09/22 21:51:36.219, 0, 87799, 97871
2026/09/22 21:51:36.219, 1, 88832, 97871
2026/09/22 21:51:36.219, 2, 87294, 97871
2026/09/22 21:51:36.219, 3, 87802, 97871
2026/09/22 21:51:36.419, 0, 87799, 97871
2026/09/22 21:51:36.419, 1, 88832, 97871
2026/09/22 21:51:36.419, 2, 87294, 97871
2026/09/22 21:51:36.420, 3, 87802, 97871
2026/09/22 21:51:36.620, 0, 87799, 97871
2026/09/22 21:51:36.620, 1, 88832, 97871
2026/09/22 21:51:36.620, 2, 87294, 97871
2026/09/22 21:51:36.620, 3, 87802, 97871
2026/09/22 21:51:36.820, 0, 87799, 97871
2026/09/22 21:51:36.820, 1, 88832, 97871
2026/09/22 21:51:36.820, 2, 87294, 97871
2026/09/22 21:51:36.820, 3, 87802, 97871
2026/09/22 21:51:37.020, 0, 87799, 97871
2026/09/22 21:51:37.020, 1, 88832, 97871
2026/09/22 21:51:37.020, 2, 87294, 97871
2026/09/22 21:51:37.020, 3, 87802, 97871
2026/09/22 21:51:37.221, 0, 87799, 97871
2026/09/22 21:51:37.221, 1, 88832, 97871
2026/09/22 21:51:37.221, 2, 87294, 97871
2026/09/22 21:51:37.221, 3, 87802, 97871
2026/09/22 21:51:37.421, 0, 87799, 97871
2026/09/22 21:51:37.421, 1, 88832, 97871
2026/09/22 21:51:37.421, 2, 87294, 97871
2026/09/22 21:51:37.421, 3, 87802, 97871
2026/09/22 21:51:37.621, 0, 87799, 97871
2026/09/22 21:51:37.621, 1, 88832, 97871
2026/09/22 21:51:37.621, 2, 87294, 97871
2026/09/22 21:51:37.621, 3, 87802, 97871
2026/09/22 21:51:37.822, 0, 87799, 97871
2026/09/22 21:51:37.822, 1, 88832, 97871
2026/09/22 21:51:37.822, 2, 87294, 97871
2026/09/22 21:51:37.822, 3, 87802, 97871
2026/09/22 21:51:38.022, 0, 87799, 97871
2026/09/22 21:51:38.022, 1, 88832, 97871
2026/09/22 21:51:38.022, 2, 87294, 97871
2026/09/22 21:51:38.022, 3, 87802, 97871
2026/09/22 21:51:38.222, 0, 87799, 97871
2026/09/22 21:51:38.222, 1, 88832, 97871
2026/09/22 21:51:38.222, 2, 87294, 97871
2026/09/22 21:51:38.222, 3, 87802, 97871
2026/09/22 21:51:38.423, 0, 87799, 97871
2026/09/22 21:51:38.423, 1, 88832, 97871
2026/09/22 21:51:38.423, 2, 87294, 97871
2026/09/22 21:51:38.423, 3, 87802, 97871
2026/09/22 21:51:38.623, 0, 87799, 97871
2026/09/22 21:51:38.623, 1, 88832, 97871
2026/09/22 21:51:38.623, 2, 87294, 97871
2026/09/22 21:51:38.623, 3, 87802, 97871
2026/09/22 21:51:38.823, 0, 87799, 97871
2026/09/22 21:51:38.823, 1, 88832, 97871
2026/09/22 21:51:38.823, 2, 87294, 97871
2026/09/22 21:51:38.823, 3, 87802, 97871
2026/09/22 21:51:39.024, 0, 87799, 97871
2026/09/22 21:51:39.024, 1, 88832, 97871
2026/09/22 21:51:39.024, 2, 87294, 97871
2026/09/22 21:51:39.024, 3, 87802, 97871
2026/09/22 21:51:39.224, 0, 87799, 97871
2026/09/22 21:51:39.224, 1, 88832, 97871
2026/09/22 21:51:39.224, 2, 87294, 97871
2026/09/22 21:51:39.224, 3, 87802, 97871
2026/09/22 21:51:39.424, 0, 87799, 97871
2026/09/22 21:51:39.425, 1, 88832, 97871
2026/09/22 21:51:39.425, 2, 87294, 97871
2026/09/22 21:51:39.425, 3, 87802, 97871
2026/09/22 21:51:39.625, 0, 87799, 97871
2026/09/22 21:51:39.625, 1, 88832, 97871
2026/09/22 21:51:39.625, 2, 87294, 97871
2026/09/22 21:51:39.625, 3, 87802, 97871
2026/09/22 21:51:39.825, 0, 87799, 97871
2026/09/22 21:51:39.825, 1, 88832, 97871
2026/09/22 21:51:39.825, 2, 87294, 97871
2026/09/22 21:51:39.825, 3, 87802, 97871
2026/09/22 21:51:40.025, 0, 87799, 97871
2026/09/22 21:51:40.026, 1, 88832, 97871
2026/09/22 21:51:40.026, 2, 87294, 97871
2026/09/22 21:51:40.026, 3, 87802, 97871
2026/09/22 21:51:40.226, 0, 87799, 97871
2026/09/22 21:51:40.226, 1, 88832, 97871
2026/09/22 21:51:40.226, 2, 87294, 97871
2026/09/22 21:51:40.226, 3, 87802, 97871
2026/09/22 21:51:40.426, 0, 87799, 97871
2026/09/22 21:51:40.426, 1, 88832, 97871
2026/09/22 21:51:40.426, 2, 87294, 97871
2026/09/22 21:51:40.426, 3, 87802, 97871
2026/09/22 21:51:40.626, 0, 87799, 97871
2026/09/22 21:51:40.627, 1, 88832, 97871
2026/09/22 21:51:40.627, 2, 87294, 97871
2026/09/22 21:51:40.627, 3, 87802, 97871
2026/09/22 21:51:40.827, 0, 87799, 97871
2026/09/22 21:51:40.827, 1, 88832, 97871
2026/09/22 21:51:40.827, 2, 87294, 97871
2026/09/22 21:51:40.827, 3, 87802, 97871
2026/09/22 21:51:41.027, 0, 87799, 97871
2026/09/22 21:51:41.027, 1, 88832, 97871
2026/09/22 21:51:41.027, 2, 87294, 97871
2026/09/22 21:51:41.027, 3, 87802, 97871
2026/09/22 21:51:41.227, 0, 87799, 97871
2026/09/22 21:51:41.227, 1, 88832, 97871
2026/09/22 21:51:41.228, 2, 87294, 97871
2026/09/22 21:51:41.228, 3, 87802, 97871
2026/09/22 21:51:41.428, 0, 87799, 97871
2026/09/22 21:51:41.428, 1, 88832, 97871
2026/09/22 21:51:41.428, 2, 87294, 97871
2026/09/22 21:51:41.428, 3, 87802, 97871
2026/09/22 21:51:41.628, 0, 87799, 97871
2026/09/22 21:51:41.628, 1, 88832, 97871
2026/09/22 21:51:41.628, 2, 87294, 97871
2026/09/22 21:51:41.628, 3, 87802, 97871
2026/09/22 21:51:41.828, 0, 87799, 97871
2026/09/22 21:51:41.828, 1, 88832, 97871
2026/09/22 21:51:41.828, 2, 87294, 97871
2026/09/22 21:51:41.828, 3, 87802, 97871
2026/09/22 21:51:42.029, 0, 87799, 97871
2026/09/22 21:51:42.029, 1, 88832, 97871
2026/09/22 21:51:42.029, 2, 87294, 97871
2026/09/22 21:51:42.029, 3, 87802, 97871
2026/09/22 21:51:42.229, 0, 87799, 97871
2026/09/22 21:51:42.229, 1, 88832, 97871
2026/09/22 21:51:42.229, 2, 87294, 97871
2026/09/22 21:51:42.229, 3, 87802, 97871
2026/09/22 21:51:42.429, 0, 87799, 97871
2026/09/22 21:51:42.429, 1, 88832, 97871
2026/09/22 21:51:42.429, 2, 87294, 97871
2026/09/22 21:51:42.429, 3, 87802, 97871
2026/09/22 21:51:42.629, 0, 87799, 97871
2026/09/22 21:51:42.630, 1, 88832, 97871
2026/09/22 21:51:42.630, 2, 87294, 97871
2026/09/22 21:51:42.630, 3, 87802, 97871
2026/09/22 21:51:42.830, 0, 87799, 97871
2026/09/22 21:51:42.830, 1, 88832, 97871
2026/09/22 21:51:42.830, 2, 87294, 97871
2026/09/22 21:51:42.830, 3, 87802, 97871
2026/09/22 21:51:43.030, 0, 87799, 97871
2026/09/22 21:51:43.030, 1, 88832, 97871
2026/09/22 21:51:43.030, 2, 87294, 97871
2026/09/22 21:51:43.030, 3, 87802, 97871
2026/09/22 21:51:43.230, 0, 87799, 97871
2026/09/22 21:51:43.230, 1, 88832, 97871
2026/09/22 21:51:43.230, 2, 87294, 97871
2026/09/22 21:51:43.230, 3, 87802, 97871
2026/09/22 21:51:43.431, 0, 87799, 97871
2026/09/22 21:51:43.431, 1, 88832, 97871
2026/09/22 21:51:43.431, 2, 87294, 97871
2026/09/22 21:51:43.431, 3, 87802, 97871
2026/09/22 21:51:43.631, 0, 87799, 97871
2026/09/22 21:51:43.631, 1, 88832, 97871
2026/09/22 21:51:43.631, 2, 87294, 97871
2026/09/22 21:51:43.631, 3, 87802, 97871
2026/09/22 21:51:43.831, 0, 87799, 97871
2026/09/22 21:51:43.831, 1, 88832, 97871
2026/09/22 21:51:43.831, 2, 87294, 97871
2026/09/22 21:51:43.831, 3, 87802, 97871
2026/09/22 21:51:44.032, 0, 87799, 97871
2026/09/22 21:51:44.032, 1, 88832, 97871
2026/09/22 21:51:44.032, 2, 87294, 97871
2026/09/22 21:51:44.032, 3, 87802, 97871
2026/09/22 21:51:44.232, 0, 87799, 97871
2026/09/22 21:51:44.232, 1, 88832, 97871
2026/09/22 21:51:44.232, 2, 87294, 97871
2026/09/22 21:51:44.232, 3, 87802, 97871
2026/09/22 21:51:44.432, 0, 87799, 97871
2026/09/22 21:51:44.432, 1, 88832, 97871
2026/09/22 21:51:44.432, 2, 87294, 97871
2026/09/22 21:51:44.432, 3, 87802, 97871
2026/09/22 21:51:44.632, 0, 87799, 97871
2026/09/22 21:51:44.633, 1, 88832, 97871
2026/09/22 21:51:44.633, 2, 87294, 97871
2026/09/22 21:51:44.633, 3, 87802, 97871
2026/09/22 21:51:44.833, 0, 87799, 97871
2026/09/22 21:51:44.833, 1, 88832, 97871
2026/09/22 21:51:44.833, 2, 87294, 97871
2026/09/22 21:51:44.833, 3, 87802, 97871
2026/09/22 21:51:45.033, 0, 87799, 97871
2026/09/22 21:51:45.033, 1, 88832, 97871
2026/09/22 21:51:45.033, 2, 87294, 97871
2026/09/22 21:51:45.033, 3, 87802, 97871
2026/09/22 21:51:45.234, 0, 87799, 97871
2026/09/22 21:51:45.234, 1, 88832, 97871
2026/09/22 21:51:45.234, 2, 87294, 97871
2026/09/22 21:51:45.234, 3, 87802, 97871
2026/09/22 21:51:45.434, 0, 87799, 97871
2026/09/22 21:51:45.434, 1, 88832, 97871
2026/09/22 21:51:45.434, 2, 87294, 97871
2026/09/22 21:51:45.434, 3, 87802, 97871
2026/09/22 21:51:45.634, 0, 87799, 97871
2026/09/22 21:51:45.634, 1, 88832, 97871
2026/09/22 21:51:45.634, 2, 87294, 97871
2026/09/22 21:51:45.634, 3, 87802, 97871
2026/09/22 21:51:45.834, 0, 87799, 97871
2026/09/22 21:51:45.834, 1, 88832, 97871
2026/09/22 21:51:45.834, 2, 87294, 97871
2026/09/22 21:51:45.834, 3, 87802, 97871
2026/09/22 21:51:46.035, 0, 87799, 97871
2026/09/22 21:51:46.035, 1, 88832, 97871
2026/09/22 21:51:46.035, 2, 87294, 97871
2026/09/22 21:51:46.035, 3, 87802, 97871
2026/09/22 21:51:46.235, 0, 87799, 97871
2026/09/22 21:51:46.235, 1, 88832, 97871
2026/09/22 21:51:46.235, 2, 87294, 97871
2026/09/22 21:51:46.235, 3, 87802, 97871
2026/09/22 21:51:46.435, 0, 87799, 97871
2026/09/22 21:51:46.435, 1, 88832, 97871
2026/09/22 21:51:46.435, 2, 87294, 97871
2026/09/22 21:51:46.435, 3, 87802, 97871
2026/09/22 21:51:46.635, 0, 87799, 97871
2026/09/22 21:51:46.635, 1, 88832, 97871
2026/09/22 21:51:46.635, 2, 87294, 97871
2026/09/22 21:51:46.636, 3, 87802, 97871
2026/09/22 21:51:46.836, 0, 87799, 97871
2026/09/22 21:51:46.836, 1, 88832, 97871
2026/09/22 21:51:46.836, 2, 87294, 97871
2026/09/22 21:51:46.836, 3, 87802, 97871
2026/09/22 21:51:47.036, 0, 87799, 97871
2026/09/22 21:51:47.036, 1, 88832, 97871
2026/09/22 21:51:47.036, 2, 87294, 97871
2026/09/22 21:51:47.036, 3, 87802, 97871
2026/09/22 21:51:47.236, 0, 87799, 97871
2026/09/22 21:51:47.236, 1, 88832, 97871
2026/09/22 21:51:47.236, 2, 87294, 97871
2026/09/22 21:51:47.236, 3, 87802, 97871
2026/09/22 21:51:47.437, 0, 87799, 97871
2026/09/22 21:51:47.437, 1, 88832, 97871
2026/09/22 21:51:47.437, 2, 87294, 97871
2026/09/22 21:51:47.437, 3, 87802, 97871
2026/09/22 21:51:47.637, 0, 87799, 97871
2026/09/22 21:51:47.637, 1, 88832, 97871
2026/09/22 21:51:47.637, 2, 87294, 97871
2026/09/22 21:51:47.637, 3, 87802, 97871
2026/09/22 21:51:47.837, 0, 87799, 97871
2026/09/22 21:51:47.837, 1, 88832, 97871
2026/09/22 21:51:47.837, 2, 87294, 97871
2026/09/22 21:51:47.837, 3, 87802, 97871
2026/09/22 21:51:48.037, 0, 87799, 97871
2026/09/22 21:51:48.037, 1, 88832, 97871
2026/09/22 21:51:48.037, 2, 87294, 97871
2026/09/22 21:51:48.037, 3, 87802, 97871
2026/09/22 21:51:48.238, 0, 87799, 97871
2026/09/22 21:51:48.238, 1, 88832, 97871
2026/09/22 21:51:48.238, 2, 87294, 97871
2026/09/22 21:51:48.238, 3, 87802, 97871
2026/09/22 21:51:48.438, 0, 87799, 97871
2026/09/22 21:51:48.438, 1, 88832, 97871
2026/09/22 21:51:48.438, 2, 87294, 97871
2026/09/22 21:51:48.438, 3, 87802, 97871
2026/09/22 21:51:48.638, 0, 87799, 97871
2026/09/22 21:51:48.638, 1, 88832, 97871
2026/09/22 21:51:48.638, 2, 87294, 97871
2026/09/22 21:51:48.638, 3, 87802, 97871
2026/09/22 21:51:48.838, 0, 87799, 97871
2026/09/22 21:51:48.839, 1, 88832, 97871
2026/09/22 21:51:48.839, 2, 87294, 97871
2026/09/22 21:51:48.839, 3, 87802, 97871
2026/09/22 21:51:49.039, 0, 87799, 97871
2026/09/22 21:51:49.039, 1, 88832, 97871
2026/09/22 21:51:49.039, 2, 87294, 97871
2026/09/22 21:51:49.039, 3, 87802, 97871
2026/09/22 21:51:49.239, 0, 87799, 97871
2026/09/22 21:51:49.239, 1, 88832, 97871
2026/09/22 21:51:49.239, 2, 87294, 97871
2026/09/22 21:51:49.239, 3, 87802, 97871
2026/09/22 21:51:49.439, 0, 87799, 97871
2026/09/22 21:51:49.439, 1, 88832, 97871
2026/09/22 21:51:49.439, 2, 87294, 97871
2026/09/22 21:51:49.439, 3, 87802, 97871
2026/09/22 21:51:49.640, 0, 87799, 97871
2026/09/22 21:51:49.640, 1, 88832, 97871
2026/09/22 21:51:49.640, 2, 87294, 97871
2026/09/22 21:51:49.640, 3, 87802, 97871
2026/09/22 21:51:49.840, 0, 87799, 97871
2026/09/22 21:51:49.840, 1, 88832, 97871
2026/09/22 21:51:49.840, 2, 87294, 97871
2026/09/22 21:51:49.840, 3, 87802, 97871
2026/09/22 21:51:50.040, 0, 87799, 97871
2026/09/22 21:51:50.040, 1, 88832, 97871
2026/09/22 21:51:50.040, 2, 87294, 97871
2026/09/22 21:51:50.040, 3, 87802, 97871
2026/09/22 21:51:50.240, 0, 87799, 97871
2026/09/22 21:51:50.241, 1, 88832, 97871
2026/09/22 21:51:50.241, 2, 87294, 97871
2026/09/22 21:51:50.241, 3, 87802, 97871
2026/09/22 21:51:50.441, 0, 87799, 97871
2026/09/22 21:51:50.441, 1, 88832, 97871
2026/09/22 21:51:50.441, 2, 87294, 97871
2026/09/22 21:51:50.441, 3, 87802, 97871
2026/09/22 21:51:50.641, 0, 87799, 97871
2026/09/22 21:51:50.641, 1, 88832, 97871
2026/09/22 21:51:50.641, 2, 87294, 97871
2026/09/22 21:51:50.641, 3, 87802, 97871
2026/09/22 21:51:50.841, 0, 87799, 97871
2026/09/22 21:51:50.841, 1, 88832, 97871
2026/09/22 21:51:50.841, 2, 87294, 97871
2026/09/22 21:51:50.841, 3, 87802, 97871
2026/09/22 21:51:51.042, 0, 87799, 97871
2026/09/22 21:51:51.042, 1, 88832, 97871
2026/09/22 21:51:51.042, 2, 87294, 97871
2026/09/22 21:51:51.042, 3, 87802, 97871
2026/09/22 21:51:51.242, 0, 87799, 97871
2026/09/22 21:51:51.242, 1, 88832, 97871
2026/09/22 21:51:51.242, 2, 87294, 97871
2026/09/22 21:51:51.242, 3, 87802, 97871
2026/09/22 21:51:51.442, 0, 87799, 97871
2026/09/22 21:51:51.442, 1, 88832, 97871
2026/09/22 21:51:51.442, 2, 87294, 97871
2026/09/22 21:51:51.442, 3, 87802, 97871
2026/09/22 21:51:51.642, 0, 87799, 97871
2026/09/22 21:51:51.642, 1, 88832, 97871
2026/09/22 21:51:51.643, 2, 87294, 97871
2026/09/22 21:51:51.643, 3, 87802, 97871
2026/09/22 21:51:51.843, 0, 87799, 97871
2026/09/22 21:51:51.843, 1, 88832, 97871
2026/09/22 21:51:51.843, 2, 87294, 97871
2026/09/22 21:51:51.843, 3, 87802, 97871
2026/09/22 21:51:52.043, 0, 87799, 97871
2026/09/22 21:51:52.043, 1, 88832, 97871
2026/09/22 21:51:52.043, 2, 87294, 97871
2026/09/22 21:51:52.043, 3, 87802, 97871
2026/09/22 21:51:52.243, 0, 87799, 97871
2026/09/22 21:51:52.243, 1, 88832, 97871
2026/09/22 21:51:52.243, 2, 87294, 97871
2026/09/22 21:51:52.243, 3, 87802, 97871
2026/09/22 21:51:52.444, 0, 87799, 97871
2026/09/22 21:51:52.444, 1, 88832, 97871
2026/09/22 21:51:52.444, 2, 87294, 97871
2026/09/22 21:51:52.444, 3, 87802, 97871
2026/09/22 21:51:52.644, 0, 87799, 97871
2026/09/22 21:51:52.644, 1, 88832, 97871
2026/09/22 21:51:52.644, 2, 87294, 97871
2026/09/22 21:51:52.644, 3, 87802, 97871
2026/09/22 21:51:52.844, 0, 87799, 97871
2026/09/22 21:51:52.844, 1, 88832, 97871
2026/09/22 21:51:52.844, 2, 87294, 97871
2026/09/22 21:51:52.844, 3, 87802, 97871
2026/09/22 21:51:53.044, 0, 87799, 97871
2026/09/22 21:51:53.045, 1, 88832, 97871
2026/09/22 21:51:53.045, 2, 87294, 97871
2026/09/22 21:51:53.045, 3, 87802, 97871
2026/09/22 21:51:53.245, 0, 87799, 97871
2026/09/22 21:51:53.245, 1, 88832, 97871
2026/09/22 21:51:53.245, 2, 87294, 97871
2026/09/22 21:51:53.245, 3, 87802, 97871
2026/09/22 21:51:53.445, 0, 87799, 97871
2026/09/22 21:51:53.445, 1, 88832, 97871
2026/09/22 21:51:53.445, 2, 87294, 97871
2026/09/22 21:51:53.445, 3, 87802, 97871
2026/09/22 21:51:53.645, 0, 87799, 97871
2026/09/22 21:51:53.645, 1, 88832, 97871
2026/09/22 21:51:53.645, 2, 87294, 97871
2026/09/22 21:51:53.645, 3, 87802, 97871
2026/09/22 21:51:53.846, 0, 87799, 97871
2026/09/22 21:51:53.846, 1, 88832, 97871
2026/09/22 21:51:53.846, 2, 87294, 97871
2026/09/22 21:51:53.846, 3, 87802, 97871
2026/09/22 21:51:54.046, 0, 87799, 97871
2026/09/22 21:51:54.046, 1, 88832, 97871
2026/09/22 21:51:54.046, 2, 87294, 97871
2026/09/22 21:51:54.046, 3, 87802, 97871
2026/09/22 21:51:54.246, 0, 87799, 97871
2026/09/22 21:51:54.246, 1, 88832, 97871
2026/09/22 21:51:54.246, 2, 87294, 97871
2026/09/22 21:51:54.246, 3, 87802, 97871
2026/09/22 21:51:54.446, 0, 87799, 97871
2026/09/22 21:51:54.447, 1, 88832, 97871
2026/09/22 21:51:54.447, 2, 87294, 97871
2026/09/22 21:51:54.447, 3, 87802, 97871
2026/09/22 21:51:54.647, 0, 87799, 97871
2026/09/22 21:51:54.647, 1, 88832, 97871
2026/09/22 21:51:54.647, 2, 87294, 97871
2026/09/22 21:51:54.647, 3, 87802, 97871
2026/09/22 21:51:54.847, 0, 87799, 97871
2026/09/22 21:51:54.847, 1, 88832, 97871
2026/09/22 21:51:54.847, 2, 87294, 97871
2026/09/22 21:51:54.847, 3, 87802, 97871
2026/09/22 21:51:55.047, 0, 87799, 97871
2026/09/22 21:51:55.047, 1, 88832, 97871
2026/09/22 21:51:55.048, 2, 87294, 97871
2026/09/22 21:51:55.048, 3, 87802, 97871
2026/09/22 21:51:55.248, 0, 87799, 97871
2026/09/22 21:51:55.248, 1, 88832, 97871
2026/09/22 21:51:55.248, 2, 87294, 97871
2026/09/22 21:51:55.248, 3, 87802, 97871
2026/09/22 21:51:55.448, 0, 87799, 97871
2026/09/22 21:51:55.448, 1, 88832, 97871
2026/09/22 21:51:55.448, 2, 87294, 97871
2026/09/22 21:51:55.448, 3, 87802, 97871
2026/09/22 21:51:55.648, 0, 87799, 97871
2026/09/22 21:51:55.648, 1, 88832, 97871
2026/09/22 21:51:55.648, 2, 87294, 97871
2026/09/22 21:51:55.648, 3, 87802, 97871
2026/09/22 21:51:55.849, 0, 87799, 97871
2026/09/22 21:51:55.849, 1, 88832, 97871
2026/09/22 21:51:55.849, 2, 87294, 97871
2026/09/22 21:51:55.849, 3, 87802, 97871
2026/09/22 21:51:56.049, 0, 87799, 97871
2026/09/22 21:51:56.049, 1, 88832, 97871
2026/09/22 21:51:56.049, 2, 87294, 97871
2026/09/22 21:51:56.049, 3, 87802, 97871
2026/09/22 21:51:56.249, 0, 87799, 97871
2026/09/22 21:51:56.249, 1, 88832, 97871
2026/09/22 21:51:56.249, 2, 87294, 97871
2026/09/22 21:51:56.249, 3, 87802, 97871
2026/09/22 21:51:56.449, 0, 87799, 97871
2026/09/22 21:51:56.450, 1, 88832, 97871
2026/09/22 21:51:56.450, 2, 87294, 97871
2026/09/22 21:51:56.450, 3, 87802, 97871
2026/09/22 21:51:56.650, 0, 87799, 97871
2026/09/22 21:51:56.650, 1, 88832, 97871
2026/09/22 21:51:56.650, 2, 87294, 97871
2026/09/22 21:51:56.650, 3, 87802, 97871
2026/09/22 21:51:56.850, 0, 87799, 97871
2026/09/22 21:51:56.850, 1, 88832, 97871
2026/09/22 21:51:56.850, 2, 87294, 97871
2026/09/22 21:51:56.850, 3, 87802, 97871
2026/09/22 21:51:57.050, 0, 87799, 97871
2026/09/22 21:51:57.051, 1, 88832, 97871
2026/09/22 21:51:57.051, 2, 87294, 97871
2026/09/22 21:51:57.051, 3, 87802, 97871
2026/09/22 21:51:57.251, 0, 87799, 97871
2026/09/22 21:51:57.251, 1, 88832, 97871
2026/09/22 21:51:57.251, 2, 87294, 97871
2026/09/22 21:51:57.251, 3, 87802, 97871
2026/09/22 21:51:57.451, 0, 87799, 97871
2026/09/22 21:51:57.451, 1, 88832, 97871
2026/09/22 21:51:57.451, 2, 87294, 97871
2026/09/22 21:51:57.451, 3, 87802, 97871
2026/09/22 21:51:57.651, 0, 87799, 97871
2026/09/22 21:51:57.651, 1, 88832, 97871
2026/09/22 21:51:57.651, 2, 87294, 97871
2026/09/22 21:51:57.652, 3, 87802, 97871
2026/09/22 21:51:57.852, 0, 87799, 97871
2026/09/22 21:51:57.852, 1, 88832, 97871
2026/09/22 21:51:57.852, 2, 87294, 97871
2026/09/22 21:51:57.852, 3, 87802, 97871
2026/09/22 21:51:58.052, 0, 87799, 97871
2026/09/22 21:51:58.052, 1, 88832, 97871
2026/09/22 21:51:58.052, 2, 87294, 97871
2026/09/22 21:51:58.052, 3, 87802, 97871
2026/09/22 21:51:58.252, 0, 87799, 97871
2026/09/22 21:51:58.252, 1, 88832, 97871
2026/09/22 21:51:58.252, 2, 87294, 97871
2026/09/22 21:51:58.252, 3, 87802, 97871
2026/09/22 21:51:58.452, 0, 87799, 97871
2026/09/22 21:51:58.453, 1, 88832, 97871
2026/09/22 21:51:58.453, 2, 87294, 97871
2026/09/22 21:51:58.453, 3, 87802, 97871
2026/09/22 21:51:58.653, 0, 87799, 97871
2026/09/22 21:51:58.653, 1, 88832, 97871
2026/09/22 21:51:58.653, 2, 87294, 97871
2026/09/22 21:51:58.653, 3, 87802, 97871
2026/09/22 21:51:58.853, 0, 87799, 97871
2026/09/22 21:51:58.853, 1, 88832, 97871
2026/09/22 21:51:58.853, 2, 87294, 97871
2026/09/22 21:51:58.853, 3, 87802, 97871
2026/09/22 21:51:59.053, 0, 87799, 97871
2026/09/22 21:51:59.053, 1, 88832, 97871
2026/09/22 21:51:59.053, 2, 87294, 97871
2026/09/22 21:51:59.054, 3, 87802, 97871
2026/09/22 21:51:59.254, 0, 87799, 97871
2026/09/22 21:51:59.254, 1, 88832, 97871
2026/09/22 21:51:59.254, 2, 87294, 97871
2026/09/22 21:51:59.254, 3, 87802, 97871
2026/09/22 21:51:59.454, 0, 87799, 97871
2026/09/22 21:51:59.454, 1, 88832, 97871
2026/09/22 21:51:59.454, 2, 87294, 97871
2026/09/22 21:51:59.454, 3, 87802, 97871
2026/09/22 21:51:59.654, 0, 87799, 97871
2026/09/22 21:51:59.654, 1, 88832, 97871
2026/09/22 21:51:59.655, 2, 87294, 97871
2026/09/22 21:51:59.655, 3, 87802, 97871
2026/09/22 21:51:59.855, 0, 87799, 97871
2026/09/22 21:51:59.855, 1, 88832, 97871
2026/09/22 21:51:59.855, 2, 87294, 97871
2026/09/22 21:51:59.855, 3, 87802, 97871
2026/09/22 21:52:00.055, 0, 87799, 97871
2026/09/22 21:52:00.055, 1, 88832, 97871
2026/09/22 21:52:00.055, 2, 87294, 97871
2026/09/22 21:52:00.055, 3, 87802, 97871
2026/09/22 21:52:00.255, 0, 87799, 97871
2026/09/22 21:52:00.255, 1, 88832, 97871
2026/09/22 21:52:00.255, 2, 87294, 97871
2026/09/22 21:52:00.256, 3, 87802, 97871
2026/09/22 21:52:00.456, 0, 87799, 97871
2026/09/22 21:52:00.456, 1, 88832, 97871
2026/09/22 21:52:00.456, 2, 87294, 97871
2026/09/22 21:52:00.456, 3, 87802, 97871
2026/09/22 21:52:00.656, 0, 87799, 97871
2026/09/22 21:52:00.656, 1, 88832, 97871
2026/09/22 21:52:00.656, 2, 87294, 97871
2026/09/22 21:52:00.656, 3, 87802, 97871
2026/09/22 21:52:00.856, 0, 87799, 97871
2026/09/22 21:52:00.856, 1, 88832, 97871
2026/09/22 21:52:00.856, 2, 87294, 97871
2026/09/22 21:52:00.856, 3, 87802, 97871
2026/09/22 21:52:01.057, 0, 87799, 97871
2026/09/22 21:52:01.057, 1, 88832, 97871
2026/09/22 21:52:01.057, 2, 87294, 97871
2026/09/22 21:52:01.057, 3, 87802, 97871
2026/09/22 21:52:01.257, 0, 87799, 97871
2026/09/22 21:52:01.257, 1, 88832, 97871
2026/09/22 21:52:01.257, 2, 87294, 97871
2026/09/22 21:52:01.257, 3, 87802, 97871
2026/09/22 21:52:01.457, 0, 87799, 97871
2026/09/22 21:52:01.457, 1, 88832, 97871
2026/09/22 21:52:01.457, 2, 87294, 97871
2026/09/22 21:52:01.457, 3, 87802, 97871
2026/09/22 21:52:01.657, 0, 87799, 97871
2026/09/22 21:52:01.658, 1, 88832, 97871
2026/09/22 21:52:01.658, 2, 87294, 97871
2026/09/22 21:52:01.658, 3, 87802, 97871
2026/09/22 21:52:01.858, 0, 87799, 97871
2026/09/22 21:52:01.858, 1, 88832, 97871
2026/09/22 21:52:01.858, 2, 87294, 97871
2026/09/22 21:52:01.858, 3, 87802, 97871
2026/09/22 21:52:02.058, 0, 87799, 97871
2026/09/22 21:52:02.058, 1, 88832, 97871
2026/09/22 21:52:02.058, 2, 87294, 97871
2026/09/22 21:52:02.058, 3, 87802, 97871
2026/09/22 21:52:02.258, 0, 87799, 97871
2026/09/22 21:52:02.258, 1, 88832, 97871
2026/09/22 21:52:02.259, 2, 87294, 97871
2026/09/22 21:52:02.259, 3, 87802, 97871
2026/09/22 21:52:02.459, 0, 87799, 97871
2026/09/22 21:52:02.459, 1, 88832, 97871
2026/09/22 21:52:02.459, 2, 87294, 97871
2026/09/22 21:52:02.459, 3, 87802, 97871
2026/09/22 21:52:02.659, 0, 87799, 97871
2026/09/22 21:52:02.659, 1, 88832, 97871
2026/09/22 21:52:02.659, 2, 87294, 97871
2026/09/22 21:52:02.659, 3, 87802, 97871
2026/09/22 21:52:02.859, 0, 87799, 97871
2026/09/22 21:52:02.859, 1, 88832, 97871
2026/09/22 21:52:02.859, 2, 87294, 97871
2026/09/22 21:52:02.860, 3, 87802, 97871
2026/09/22 21:52:03.060, 0, 87799, 97871
2026/09/22 21:52:03.060, 1, 88832, 97871
2026/09/22 21:52:03.060, 2, 87294, 97871
2026/09/22 21:52:03.060, 3, 87802, 97871
2026/09/22 21:52:03.260, 0, 87799, 97871
2026/09/22 21:52:03.260, 1, 88832, 97871
2026/09/22 21:52:03.260, 2, 87294, 97871
2026/09/22 21:52:03.260, 3, 87802, 97871
2026/09/22 21:52:03.460, 0, 87799, 97871
2026/09/22 21:52:03.460, 1, 88832, 97871
2026/09/22 21:52:03.460, 2, 87294, 97871
2026/09/22 21:52:03.460, 3, 87802, 97871
2026/09/22 21:52:03.660, 0, 87799, 97871
2026/09/22 21:52:03.661, 1, 88832, 97871
2026/09/22 21:52:03.661, 2, 87294, 97871
2026/09/22 21:52:03.661, 3, 87802, 97871
2026/09/22 21:52:03.861, 0, 87799, 97871
2026/09/22 21:52:03.861, 1, 88832, 97871
2026/09/22 21:52:03.861, 2, 87294, 97871
2026/09/22 21:52:03.861, 3, 87802, 97871
2026/09/22 21:52:04.061, 0, 87799, 97871
2026/09/22 21:52:04.061, 1, 88832, 97871
2026/09/22 21:52:04.061, 2, 87294, 97871
2026/09/22 21:52:04.061, 3, 87802, 97871
2026/09/22 21:52:04.261, 0, 87799, 97871
2026/09/22 21:52:04.262, 1, 88832, 97871
2026/09/22 21:52:04.262, 2, 87294, 97871
2026/09/22 21:52:04.262, 3, 87802, 97871
2026/09/22 21:52:04.462, 0, 87799, 97871
2026/09/22 21:52:04.462, 1, 88832, 97871
2026/09/22 21:52:04.462, 2, 87294, 97871
2026/09/22 21:52:04.462, 3, 87802, 97871
2026/09/22 21:52:04.662, 0, 87799, 97871
2026/09/22 21:52:04.662, 1, 88832, 97871
2026/09/22 21:52:04.662, 2, 87294, 97871
2026/09/22 21:52:04.662, 3, 87802, 97871
2026/09/22 21:52:04.862, 0, 87799, 97871
2026/09/22 21:52:04.863, 1, 88832, 97871
2026/09/22 21:52:04.863, 2, 87294, 97871
2026/09/22 21:52:04.863, 3, 87802, 97871
2026/09/22 21:52:05.063, 0, 87799, 97871
2026/09/22 21:52:05.063, 1, 88832, 97871
2026/09/22 21:52:05.063, 2, 87294, 97871
2026/09/22 21:52:05.063, 3, 87802, 97871
2026/09/22 21:52:05.263, 0, 87799, 97871
2026/09/22 21:52:05.263, 1, 88832, 97871
2026/09/22 21:52:05.263, 2, 87294, 97871
2026/09/22 21:52:05.263, 3, 87802, 97871
2026/09/22 21:52:05.463, 0, 87799, 97871
2026/09/22 21:52:05.464, 1, 88832, 97871
2026/09/22 21:52:05.464, 2, 87294, 97871
2026/09/22 21:52:05.464, 3, 87802, 97871
2026/09/22 21:52:05.664, 0, 87799, 97871
2026/09/22 21:52:05.664, 1, 88832, 97871
2026/09/22 21:52:05.664, 2, 87294, 97871
2026/09/22 21:52:05.664, 3, 87802, 97871
2026/09/22 21:52:05.864, 0, 87799, 97871
2026/09/22 21:52:05.864, 1, 88832, 97871
2026/09/22 21:52:05.864, 2, 87294, 97871
2026/09/22 21:52:05.864, 3, 87802, 97871
2026/09/22 21:52:06.064, 0, 87799, 97871
2026/09/22 21:52:06.064, 1, 88832, 97871
2026/09/22 21:52:06.064, 2, 87294, 97871
2026/09/22 21:52:06.065, 3, 87802, 97871
2026/09/22 21:52:06.265, 0, 87799, 97871
2026/09/22 21:52:06.265, 1, 88832, 97871
2026/09/22 21:52:06.265, 2, 87294, 97871
2026/09/22 21:52:06.265, 3, 87802, 97871
2026/09/22 21:52:06.465, 0, 87799, 97871
2026/09/22 21:52:06.465, 1, 88832, 97871
2026/09/22 21:52:06.465, 2, 87294, 97871
2026/09/22 21:52:06.465, 3, 87802, 97871
2026/09/22 21:52:06.665, 0, 87799, 97871
2026/09/22 21:52:06.665, 1, 88832, 97871
2026/09/22 21:52:06.665, 2, 87294, 97871
2026/09/22 21:52:06.665, 3, 87802, 97871
2026/09/22 21:52:06.865, 0, 87799, 97871
2026/09/22 21:52:06.866, 1, 88832, 97871
2026/09/22 21:52:06.866, 2, 87294, 97871
2026/09/22 21:52:06.866, 3, 87802, 97871
2026/09/22 21:52:07.066, 0, 87799, 97871
2026/09/22 21:52:07.066, 1, 88832, 97871
2026/09/22 21:52:07.066, 2, 87294, 97871
2026/09/22 21:52:07.066, 3, 87802, 97871
2026/09/22 21:52:07.266, 0, 87799, 97871
2026/09/22 21:52:07.266, 1, 88832, 97871
2026/09/22 21:52:07.266, 2, 87294, 97871
2026/09/22 21:52:07.266, 3, 87802, 97871
2026/09/22 21:52:07.466, 0, 87799, 97871
2026/09/22 21:52:07.466, 1, 88832, 97871
2026/09/22 21:52:07.466, 2, 87294, 97871
2026/09/22 21:52:07.466, 3, 87802, 97871
2026/09/22 21:52:07.667, 0, 87799, 97871
2026/09/22 21:52:07.667, 1, 88832, 97871
2026/09/22 21:52:07.667, 2, 87294, 97871
2026/09/22 21:52:07.667, 3, 87802, 97871
2026/09/22 21:52:07.867, 0, 87799, 97871
2026/09/22 21:52:07.867, 1, 88832, 97871
2026/09/22 21:52:07.867, 2, 87294, 97871
2026/09/22 21:52:07.867, 3, 87802, 97871
2026/09/22 21:52:08.067, 0, 87799, 97871
2026/09/22 21:52:08.067, 1, 88832, 97871
2026/09/22 21:52:08.067, 2, 87294, 97871
2026/09/22 21:52:08.067, 3, 87802, 97871
2026/09/22 21:52:08.267, 0, 87799, 97871
2026/09/22 21:52:08.267, 1, 88832, 97871
2026/09/22 21:52:08.268, 2, 87294, 97871
2026/09/22 21:52:08.268, 3, 87802, 97871
2026/09/22 21:52:08.468, 0, 87799, 97871
2026/09/22 21:52:08.468, 1, 88832, 97871
2026/09/22 21:52:08.468, 2, 87294, 97871
2026/09/22 21:52:08.468, 3, 87802, 97871
2026/09/22 21:52:08.668, 0, 87799, 97871
2026/09/22 21:52:08.668, 1, 88832, 97871
2026/09/22 21:52:08.668, 2, 87294, 97871
2026/09/22 21:52:08.668, 3, 87802, 97871
2026/09/22 21:52:08.868, 0, 87799, 97871
2026/09/22 21:52:08.868, 1, 88832, 97871
2026/09/22 21:52:08.868, 2, 87294, 97871
2026/09/22 21:52:08.869, 3, 87802, 97871
2026/09/22 21:52:09.069, 0, 87799, 97871
2026/09/22 21:52:09.069, 1, 88832, 97871
2026/09/22 21:52:09.069, 2, 87294, 97871
2026/09/22 21:52:09.069, 3, 87802, 97871
2026/09/22 21:52:09.269, 0, 87799, 97871
2026/09/22 21:52:09.269, 1, 88832, 97871
2026/09/22 21:52:09.269, 2, 87294, 97871
2026/09/22 21:52:09.269, 3, 87802, 97871
2026/09/22 21:52:09.469, 0, 87799, 97871
2026/09/22 21:52:09.469, 1, 88832, 97871
2026/09/22 21:52:09.469, 2, 87294, 97871
2026/09/22 21:52:09.469, 3, 87802, 97871
2026/09/22 21:52:09.670, 0, 87799, 97871
2026/09/22 21:52:09.670, 1, 88832, 97871
2026/09/22 21:52:09.670, 2, 87294, 97871
2026/09/22 21:52:09.670, 3, 87802, 97871
2026/09/22 21:52:09.870, 0, 87799, 97871
2026/09/22 21:52:09.870, 1, 88832, 97871
2026/09/22 21:52:09.870, 2, 87294, 97871
2026/09/22 21:52:09.870, 3, 87802, 97871
2026/09/22 21:52:10.070, 0, 87799, 97871
2026/09/22 21:52:10.070, 1, 88832, 97871
2026/09/22 21:52:10.070, 2, 87294, 97871
2026/09/22 21:52:10.070, 3, 87802, 97871
2026/09/22 21:52:10.270, 0, 87799, 97871
2026/09/22 21:52:10.270, 1, 88832, 97871
2026/09/22 21:52:10.271, 2, 87294, 97871
2026/09/22 21:52:10.271, 3, 87802, 97871
2026/09/22 21:52:10.471, 0, 87799, 97871
2026/09/22 21:52:10.471, 1, 88832, 97871
2026/09/22 21:52:10.471, 2, 87294, 97871
2026/09/22 21:52:10.471, 3, 87802, 97871
2026/09/22 21:52:10.671, 0, 87799, 97871
2026/09/22 21:52:10.671, 1, 88832, 97871
2026/09/22 21:52:10.671, 2, 87294, 97871
2026/09/22 21:52:10.671, 3, 87802, 97871
2026/09/22 21:52:10.871, 0, 87799, 97871
2026/09/22 21:52:10.871, 1, 88832, 97871
2026/09/22 21:52:10.871, 2, 87294, 97871
2026/09/22 21:52:10.871, 3, 87802, 97871
2026/09/22 21:52:11.072, 0, 87799, 97871
2026/09/22 21:52:11.072, 1, 88832, 97871
2026/09/22 21:52:11.072, 2, 87294, 97871
2026/09/22 21:52:11.072, 3, 87802, 97871
2026/09/22 21:52:11.272, 0, 87799, 97871
2026/09/22 21:52:11.272, 1, 88832, 97871
2026/09/22 21:52:11.272, 2, 87294, 97871
2026/09/22 21:52:11.272, 3, 87802, 97871
2026/09/22 21:52:11.472, 0, 87799, 97871
2026/09/22 21:52:11.472, 1, 88832, 97871
2026/09/22 21:52:11.472, 2, 87294, 97871
2026/09/22 21:52:11.472, 3, 87802, 97871
2026/09/22 21:52:11.672, 0, 87799, 97871
2026/09/22 21:52:11.672, 1, 88832, 97871
2026/09/22 21:52:11.673, 2, 87294, 97871
2026/09/22 21:52:11.673, 3, 87802, 97871
2026/09/22 21:52:11.873, 0, 87799, 97871
2026/09/22 21:52:11.873, 1, 88832, 97871
2026/09/22 21:52:11.873, 2, 87294, 97871
2026/09/22 21:52:11.873, 3, 87802, 97871
2026/09/22 21:52:12.073, 0, 87799, 97871
2026/09/22 21:52:12.073, 1, 88832, 97871
2026/09/22 21:52:12.073, 2, 87294, 97871
2026/09/22 21:52:12.073, 3, 87802, 97871
2026/09/22 21:52:12.273, 0, 87799, 97871
2026/09/22 21:52:12.273, 1, 88832, 97871
2026/09/22 21:52:12.273, 2, 87294, 97871
2026/09/22 21:52:12.273, 3, 87802, 97871
2026/09/22 21:52:12.474, 0, 87799, 97871
2026/09/22 21:52:12.474, 1, 88832, 97871
2026/09/22 21:52:12.474, 2, 87294, 97871
2026/09/22 21:52:12.474, 3, 87802, 97871
2026/09/22 21:52:12.674, 0, 87799, 97871
2026/09/22 21:52:12.674, 1, 88832, 97871
2026/09/22 21:52:12.674, 2, 87294, 97871
2026/09/22 21:52:12.674, 3, 87802, 97871
2026/09/22 21:52:12.874, 0, 87799, 97871
2026/09/22 21:52:12.874, 1, 88832, 97871
2026/09/22 21:52:12.874, 2, 87294, 97871
2026/09/22 21:52:12.874, 3, 87802, 97871
2026/09/22 21:52:13.074, 0, 87799, 97871
2026/09/22 21:52:13.074, 1, 88832, 97871
2026/09/22 21:52:13.074, 2, 87294, 97871
2026/09/22 21:52:13.075, 3, 87802, 97871
2026/09/22 21:52:13.275, 0, 87799, 97871
2026/09/22 21:52:13.275, 1, 88832, 97871
2026/09/22 21:52:13.275, 2, 87294, 97871
2026/09/22 21:52:13.275, 3, 87802, 97871
2026/09/22 21:52:13.475, 0, 87799, 97871
2026/09/22 21:52:13.475, 1, 88832, 97871
2026/09/22 21:52:13.475, 2, 87294, 97871
2026/09/22 21:52:13.475, 3, 87802, 97871
2026/09/22 21:52:13.675, 0, 87799, 97871
2026/09/22 21:52:13.675, 1, 88832, 97871
2026/09/22 21:52:13.675, 2, 87294, 97871
2026/09/22 21:52:13.676, 3, 87802, 97871
2026/09/22 21:52:13.876, 0, 87799, 97871
2026/09/22 21:52:13.876, 1, 88832, 97871
2026/09/22 21:52:13.876, 2, 87294, 97871
2026/09/22 21:52:13.876, 3, 87802, 97871
2026/09/22 21:52:14.076, 0, 87799, 97871
2026/09/22 21:52:14.076, 1, 88832, 97871
2026/09/22 21:52:14.076, 2, 87294, 97871
2026/09/22 21:52:14.076, 3, 87802, 97871
2026/09/22 21:52:14.276, 0, 87799, 97871
2026/09/22 21:52:14.276, 1, 88832, 97871
2026/09/22 21:52:14.276, 2, 87294, 97871
2026/09/22 21:52:14.276, 3, 87802, 97871
2026/09/22 21:52:14.477, 0, 87799, 97871
2026/09/22 21:52:14.477, 1, 88832, 97871
2026/09/22 21:52:14.477, 2, 87294, 97871
2026/09/22 21:52:14.477, 3, 87802, 97871
2026/09/22 21:52:14.677, 0, 87799, 97871
2026/09/22 21:52:14.677, 1, 88832, 97871
2026/09/22 21:52:14.677, 2, 87294, 97871
2026/09/22 21:52:14.677, 3, 87802, 97871
2026/09/22 21:52:14.877, 0, 87799, 97871
2026/09/22 21:52:14.877, 1, 88832, 97871
2026/09/22 21:52:14.877, 2, 87294, 97871
2026/09/22 21:52:14.877, 3, 87802, 97871
2026/09/22 21:52:15.077, 0, 87799, 97871
2026/09/22 21:52:15.078, 1, 88832, 97871
2026/09/22 21:52:15.078, 2, 87294, 97871
2026/09/22 21:52:15.078, 3, 87802, 97871
2026/09/22 21:52:15.278, 0, 87799, 97871
2026/09/22 21:52:15.278, 1, 88832, 97871
2026/09/22 21:52:15.278, 2, 87294, 97871
2026/09/22 21:52:15.278, 3, 87802, 97871
2026/09/22 21:52:15.478, 0, 87799, 97871
2026/09/22 21:52:15.478, 1, 88832, 97871
2026/09/22 21:52:15.478, 2, 87294, 97871
2026/09/22 21:52:15.478, 3, 87802, 97871
2026/09/22 21:52:15.678, 0, 87799, 97871
2026/09/22 21:52:15.678, 1, 88832, 97871
2026/09/22 21:52:15.678, 2, 87294, 97871
2026/09/22 21:52:15.678, 3, 87802, 97871
2026/09/22 21:52:15.878, 0, 87799, 97871
2026/09/22 21:52:15.879, 1, 88832, 97871
2026/09/22 21:52:15.879, 2, 87294, 97871
2026/09/22 21:52:15.879, 3, 87802, 97871
2026/09/22 21:52:16.079, 0, 87799, 97871
2026/09/22 21:52:16.079, 1, 88832, 97871
2026/09/22 21:52:16.079, 2, 87294, 97871
2026/09/22 21:52:16.079, 3, 87802, 97871
2026/09/22 21:52:16.279, 0, 87799, 97871
2026/09/22 21:52:16.279, 1, 88832, 97871
2026/09/22 21:52:16.279, 2, 87294, 97871
2026/09/22 21:52:16.279, 3, 87802, 97871
2026/09/22 21:52:16.479, 0, 87799, 97871
2026/09/22 21:52:16.479, 1, 88832, 97871
2026/09/22 21:52:16.479, 2, 87294, 97871
2026/09/22 21:52:16.480, 3, 87802, 97871
2026/09/22 21:52:16.680, 0, 87799, 97871
2026/09/22 21:52:16.680, 1, 88832, 97871
2026/09/22 21:52:16.680, 2, 87294, 97871
2026/09/22 21:52:16.680, 3, 87802, 97871
2026/09/22 21:52:16.880, 0, 87799, 97871
2026/09/22 21:52:16.880, 1, 88832, 97871
2026/09/22 21:52:16.880, 2, 87294, 97871
2026/09/22 21:52:16.880, 3, 87802, 97871
2026/09/22 21:52:17.080, 0, 87799, 97871
2026/09/22 21:52:17.080, 1, 88832, 97871
2026/09/22 21:52:17.080, 2, 87294, 97871
2026/09/22 21:52:17.080, 3, 87802, 97871
2026/09/22 21:52:17.281, 0, 87799, 97871
2026/09/22 21:52:17.281, 1, 88832, 97871
2026/09/22 21:52:17.281, 2, 87294, 97871
2026/09/22 21:52:17.281, 3, 87802, 97871
2026/09/22 21:52:17.481, 0, 87799, 97871
2026/09/22 21:52:17.481, 1, 88832, 97871
2026/09/22 21:52:17.481, 2, 87294, 97871
2026/09/22 21:52:17.481, 3, 87802, 97871
2026/09/22 21:52:17.681, 0, 87799, 97871
2026/09/22 21:52:17.681, 1, 88832, 97871
2026/09/22 21:52:17.681, 2, 87294, 97871
2026/09/22 21:52:17.681, 3, 87802, 97871
2026/09/22 21:52:17.881, 0, 87799, 97871
2026/09/22 21:52:17.881, 1, 88832, 97871
2026/09/22 21:52:17.882, 2, 87294, 97871
2026/09/22 21:52:17.882, 3, 87802, 97871
2026/09/22 21:52:18.082, 0, 87799, 97871
2026/09/22 21:52:18.082, 1, 88832, 97871
2026/09/22 21:52:18.082, 2, 87294, 97871
2026/09/22 21:52:18.082, 3, 87802, 97871
2026/09/22 21:52:18.282, 0, 87799, 97871
2026/09/22 21:52:18.282, 1, 88832, 97871
2026/09/22 21:52:18.282, 2, 87294, 97871
2026/09/22 21:52:18.282, 3, 87802, 97871
2026/09/22 21:52:18.482, 0, 87799, 97871
2026/09/22 21:52:18.482, 1, 88832, 97871
2026/09/22 21:52:18.482, 2, 87294, 97871
2026/09/22 21:52:18.483, 3, 87802, 97871
2026/09/22 21:52:18.683, 0, 87799, 97871
2026/09/22 21:52:18.683, 1, 88832, 97871
2026/09/22 21:52:18.683, 2, 87294, 97871
2026/09/22 21:52:18.683, 3, 87802, 97871
2026/09/22 21:52:18.883, 0, 87799, 97871
2026/09/22 21:52:18.883, 1, 88832, 97871
2026/09/22 21:52:18.883, 2, 87294, 97871
2026/09/22 21:52:18.883, 3, 87802, 97871
2026/09/22 21:52:19.083, 0, 87799, 97871
2026/09/22 21:52:19.083, 1, 88832, 97871
2026/09/22 21:52:19.083, 2, 87294, 97871
2026/09/22 21:52:19.083, 3, 87802, 97871
2026/09/22 21:52:19.284, 0, 87799, 97871
2026/09/22 21:52:19.284, 1, 88832, 97871
2026/09/22 21:52:19.284, 2, 87294, 97871
2026/09/22 21:52:19.284, 3, 87802, 97871
2026/09/22 21:52:19.484, 0, 87799, 97871
2026/09/22 21:52:19.484, 1, 88832, 97871
2026/09/22 21:52:19.484, 2, 87294, 97871
2026/09/22 21:52:19.484, 3, 87802, 97871
2026/09/22 21:52:19.684, 0, 87799, 97871
2026/09/22 21:52:19.684, 1, 88832, 97871
2026/09/22 21:52:19.684, 2, 87294, 97871
2026/09/22 21:52:19.684, 3, 87802, 97871
2026/09/22 21:52:19.884, 0, 87799, 97871
2026/09/22 21:52:19.885, 1, 88832, 97871
2026/09/22 21:52:19.885, 2, 87294, 97871
2026/09/22 21:52:19.885, 3, 87802, 97871
2026/09/22 21:52:20.085, 0, 87799, 97871
2026/09/22 21:52:20.085, 1, 88832, 97871
2026/09/22 21:52:20.085, 2, 87294, 97871
2026/09/22 21:52:20.085, 3, 87802, 97871
2026/09/22 21:52:20.285, 0, 87799, 97871
2026/09/22 21:52:20.285, 1, 88832, 97871
2026/09/22 21:52:20.285, 2, 87294, 97871
2026/09/22 21:52:20.285, 3, 87802, 97871
2026/09/22 21:52:20.485, 0, 87799, 97871
2026/09/22 21:52:20.485, 1, 88832, 97871
2026/09/22 21:52:20.486, 2, 87294, 97871
2026/09/22 21:52:20.486, 3, 87802, 97871
2026/09/22 21:52:20.686, 0, 87799, 97871
2026/09/22 21:52:20.686, 1, 88832, 97871
2026/09/22 21:52:20.686, 2, 87294, 97871
2026/09/22 21:52:20.686, 3, 87802, 97871
2026/09/22 21:52:20.886, 0, 87799, 97871
2026/09/22 21:52:20.886, 1, 88832, 97871
2026/09/22 21:52:20.886, 2, 87294, 97871
2026/09/22 21:52:20.886, 3, 87802, 97871
2026/09/22 21:52:21.086, 0, 87799, 97871
2026/09/22 21:52:21.086, 1, 88832, 97871
2026/09/22 21:52:21.086, 2, 87294, 97871
2026/09/22 21:52:21.086, 3, 87802, 97871
2026/09/22 21:52:21.286, 0, 87799, 97871
2026/09/22 21:52:21.287, 1, 88832, 97871
2026/09/22 21:52:21.287, 2, 87294, 97871
2026/09/22 21:52:21.287, 3, 87802, 97871
2026/09/22 21:52:21.487, 0, 87799, 97871
2026/09/22 21:52:21.487, 1, 88832, 97871
2026/09/22 21:52:21.487, 2, 87294, 97871
2026/09/22 21:52:21.487, 3, 87802, 97871
2026/09/22 21:52:21.687, 0, 87799, 97871
2026/09/22 21:52:21.687, 1, 88832, 97871
2026/09/22 21:52:21.687, 2, 87294, 97871
2026/09/22 21:52:21.687, 3, 87802, 97871
2026/09/22 21:52:21.887, 0, 87799, 97871
2026/09/22 21:52:21.887, 1, 88832, 97871
2026/09/22 21:52:21.887, 2, 87294, 97871
2026/09/22 21:52:21.887, 3, 87802, 97871
2026/09/22 21:52:22.088, 0, 87799, 97871
2026/09/22 21:52:22.088, 1, 88832, 97871
2026/09/22 21:52:22.088, 2, 87294, 97871
2026/09/22 21:52:22.088, 3, 87802, 97871
2026/09/22 21:52:22.288, 0, 87799, 97871
2026/09/22 21:52:22.288, 1, 88832, 97871
2026/09/22 21:52:22.288, 2, 87294, 97871
2026/09/22 21:52:22.288, 3, 87802, 97871
2026/09/22 21:52:22.488, 0, 87799, 97871
2026/09/22 21:52:22.488, 1, 88832, 97871
2026/09/22 21:52:22.488, 2, 87294, 97871
2026/09/22 21:52:22.488, 3, 87802, 97871
2026/09/22 21:52:22.688, 0, 87799, 97871
2026/09/22 21:52:22.689, 1, 88832, 97871
2026/09/22 21:52:22.689, 2, 87294, 97871
2026/09/22 21:52:22.689, 3, 87802, 97871
2026/09/22 21:52:22.889, 0, 87799, 97871
2026/09/22 21:52:22.889, 1, 88832, 97871
2026/09/22 21:52:22.889, 2, 87294, 97871
2026/09/22 21:52:22.889, 3, 87802, 97871
2026/09/22 21:52:23.089, 0, 87799, 97871
2026/09/22 21:52:23.089, 1, 88832, 97871
2026/09/22 21:52:23.089, 2, 87294, 97871
2026/09/22 21:52:23.089, 3, 87802, 97871
2026/09/22 21:52:23.290, 0, 87799, 97871
2026/09/22 21:52:23.290, 1, 88832, 97871
2026/09/22 21:52:23.290, 2, 87294, 97871
2026/09/22 21:52:23.290, 3, 87802, 97871
2026/09/22 21:52:23.490, 0, 87799, 97871
2026/09/22 21:52:23.490, 1, 88832, 97871
2026/09/22 21:52:23.490, 2, 87294, 97871
2026/09/22 21:52:23.490, 3, 87802, 97871
2026/09/22 21:52:23.690, 0, 87799, 97871
2026/09/22 21:52:23.690, 1, 88832, 97871
2026/09/22 21:52:23.690, 2, 87294, 97871
2026/09/22 21:52:23.690, 3, 87802, 97871
2026/09/22 21:52:23.891, 0, 87799, 97871
2026/09/22 21:52:23.891, 1, 88832, 97871
2026/09/22 21:52:23.891, 2, 87294, 97871
2026/09/22 21:52:23.891, 3, 87802, 97871
2026/09/22 21:52:24.091, 0, 87799, 97871
2026/09/22 21:52:24.091, 1, 88832, 97871
2026/09/22 21:52:24.091, 2, 87294, 97871
2026/09/22 21:52:24.091, 3, 87802, 97871
2026/09/22 21:52:24.291, 0, 87799, 97871
2026/09/22 21:52:24.291, 1, 88832, 97871
2026/09/22 21:52:24.291, 2, 87294, 97871
2026/09/22 21:52:24.291, 3, 87802, 97871
2026/09/22 21:52:24.492, 0, 87799, 97871
2026/09/22 21:52:24.492, 1, 88832, 97871
2026/09/22 21:52:24.492, 2, 87294, 97871
2026/09/22 21:52:24.492, 3, 87802, 97871
2026/09/22 21:52:24.692, 0, 87799, 97871
2026/09/22 21:52:24.692, 1, 88832, 97871
2026/09/22 21:52:24.692, 2, 87294, 97871
2026/09/22 21:52:24.692, 3, 87802, 97871
2026/09/22 21:52:24.892, 0, 87799, 97871
2026/09/22 21:52:24.892, 1, 88832, 97871
2026/09/22 21:52:24.892, 2, 87294, 97871
2026/09/22 21:52:24.892, 3, 87802, 97871
2026/09/22 21:52:25.093, 0, 87799, 97871
2026/09/22 21:52:25.093, 1, 88832, 97871
2026/09/22 21:52:25.093, 2, 87294, 97871
2026/09/22 21:52:25.093, 3, 87802, 97871
2026/09/22 21:52:25.293, 0, 87799, 97871
2026/09/22 21:52:25.293, 1, 88832, 97871
2026/09/22 21:52:25.293, 2, 87294, 97871
2026/09/22 21:52:25.293, 3, 87802, 97871
2026/09/22 21:52:25.493, 0, 87799, 97871
2026/09/22 21:52:25.493, 1, 88832, 97871
2026/09/22 21:52:25.493, 2, 87294, 97871
2026/09/22 21:52:25.493, 3, 87802, 97871
2026/09/22 21:52:25.693, 0, 87799, 97871
2026/09/22 21:52:25.694, 1, 88832, 97871
2026/09/22 21:52:25.694, 2, 87294, 97871
2026/09/22 21:52:25.694, 3, 87802, 97871
2026/09/22 21:52:25.894, 0, 87799, 97871
2026/09/22 21:52:25.894, 1, 88832, 97871
2026/09/22 21:52:25.894, 2, 87294, 97871
2026/09/22 21:52:25.894, 3, 87802, 97871
2026/09/22 21:52:26.094, 0, 87799, 97871
2026/09/22 21:52:26.094, 1, 88832, 97871
2026/09/22 21:52:26.094, 2, 87294, 97871
2026/09/22 21:52:26.094, 3, 87802, 97871
2026/09/22 21:52:26.294, 0, 87799, 97871
2026/09/22 21:52:26.294, 1, 88832, 97871
2026/09/22 21:52:26.295, 2, 87294, 97871
2026/09/22 21:52:26.295, 3, 87802, 97871
2026/09/22 21:52:26.495, 0, 87799, 97871
2026/09/22 21:52:26.495, 1, 88832, 97871
2026/09/22 21:52:26.495, 2, 87294, 97871
2026/09/22 21:52:26.495, 3, 87802, 97871
2026/09/22 21:52:26.695, 0, 87799, 97871
2026/09/22 21:52:26.695, 1, 88832, 97871
2026/09/22 21:52:26.695, 2, 87294, 97871
2026/09/22 21:52:26.695, 3, 87802, 97871
2026/09/22 21:52:26.895, 0, 87799, 97871
2026/09/22 21:52:26.895, 1, 88832, 97871
2026/09/22 21:52:26.895, 2, 87294, 97871
2026/09/22 21:52:26.895, 3, 87802, 97871
2026/09/22 21:52:27.096, 0, 87799, 97871
2026/09/22 21:52:27.096, 1, 88832, 97871
2026/09/22 21:52:27.096, 2, 87294, 97871
2026/09/22 21:52:27.096, 3, 87802, 97871
2026/09/22 21:52:27.296, 0, 87799, 97871
2026/09/22 21:52:27.296, 1, 88832, 97871
2026/09/22 21:52:27.296, 2, 87294, 97871
2026/09/22 21:52:27.296, 3, 87802, 97871
2026/09/22 21:52:27.496, 0, 87799, 97871
2026/09/22 21:52:27.496, 1, 88832, 97871
2026/09/22 21:52:27.496, 2, 87294, 97871
2026/09/22 21:52:27.496, 3, 87802, 97871
2026/09/22 21:52:27.696, 0, 87799, 97871
2026/09/22 21:52:27.697, 1, 88832, 97871
2026/09/22 21:52:27.697, 2, 87294, 97871
2026/09/22 21:52:27.697, 3, 87802, 97871
2026/09/22 21:52:27.897, 0, 87799, 97871
2026/09/22 21:52:27.897, 1, 88832, 97871
2026/09/22 21:52:27.897, 2, 87294, 97871
2026/09/22 21:52:27.897, 3, 87802, 97871
2026/09/22 21:52:28.097, 0, 87799, 97871
2026/09/22 21:52:28.097, 1, 88832, 97871
2026/09/22 21:52:28.097, 2, 87294, 97871
2026/09/22 21:52:28.097, 3, 87802, 97871
2026/09/22 21:52:28.297, 0, 87799, 97871
2026/09/22 21:52:28.298, 1, 88832, 97871
2026/09/22 21:52:28.298, 2, 87294, 97871
2026/09/22 21:52:28.298, 3, 87802, 97871
2026/09/22 21:52:28.498, 0, 87799, 97871
2026/09/22 21:52:28.498, 1, 88832, 97871
2026/09/22 21:52:28.498, 2, 87294, 97871
2026/09/22 21:52:28.498, 3, 87802, 97871
2026/09/22 21:52:28.698, 0, 87799, 97871
2026/09/22 21:52:28.698, 1, 88832, 97871
2026/09/22 21:52:28.698, 2, 87294, 97871
2026/09/22 21:52:28.698, 3, 87802, 97871
2026/09/22 21:52:28.898, 0, 87799, 97871
2026/09/22 21:52:28.899, 1, 88832, 97871
2026/09/22 21:52:28.899, 2, 87294, 97871
2026/09/22 21:52:28.899, 3, 87802, 97871
2026/09/22 21:52:29.099, 0, 87799, 97871
2026/09/22 21:52:29.099, 1, 88832, 97871
2026/09/22 21:52:29.099, 2, 87294, 97871
2026/09/22 21:52:29.099, 3, 87802, 97871
2026/09/22 21:52:29.299, 0, 87799, 97871
2026/09/22 21:52:29.299, 1, 88832, 97871
2026/09/22 21:52:29.299, 2, 87294, 97871
2026/09/22 21:52:29.299, 3, 87802, 97871
2026/09/22 21:52:29.499, 0, 87799, 97871
2026/09/22 21:52:29.499, 1, 88832, 97871
2026/09/22 21:52:29.499, 2, 87294, 97871
2026/09/22 21:52:29.499, 3, 87802, 97871
2026/09/22 21:52:29.700, 0, 87799, 97871
2026/09/22 21:52:29.700, 1, 88832, 97871
2026/09/22 21:52:29.700, 2, 87294, 97871
2026/09/22 21:52:29.700, 3, 87802, 97871
2026/09/22 21:52:29.900, 0, 87799, 97871
2026/09/22 21:52:29.900, 1, 88832, 97871
2026/09/22 21:52:29.900, 2, 87294, 97871
2026/09/22 21:52:29.900, 3, 87802, 97871
2026/09/22 21:52:30.100, 0, 87799, 97871
2026/09/22 21:52:30.100, 1, 88832, 97871
2026/09/22 21:52:30.100, 2, 87294, 97871
2026/09/22 21:52:30.100, 3, 87802, 97871
2026/09/22 21:52:30.300, 0, 87799, 97871
2026/09/22 21:52:30.300, 1, 88832, 97871
2026/09/22 21:52:30.300, 2, 87294, 97871
2026/09/22 21:52:30.300, 3, 87802, 97871
2026/09/22 21:52:30.501, 0, 87799, 97871
2026/09/22 21:52:30.501, 1, 88832, 97871
2026/09/22 21:52:30.501, 2, 87294, 97871
2026/09/22 21:52:30.501, 3, 87802, 97871
2026/09/22 21:52:30.701, 0, 87799, 97871
2026/09/22 21:52:30.701, 1, 88832, 97871
2026/09/22 21:52:30.701, 2, 87294, 97871
2026/09/22 21:52:30.701, 3, 87802, 97871
2026/09/22 21:52:30.901, 0, 87799, 97871
2026/09/22 21:52:30.901, 1, 88832, 97871
2026/09/22 21:52:30.901, 2, 87294, 97871
2026/09/22 21:52:30.901, 3, 87802, 97871
2026/09/22 21:52:31.101, 0, 87799, 97871
2026/09/22 21:52:31.102, 1, 88832, 97871
2026/09/22 21:52:31.102, 2, 87294, 97871
2026/09/22 21:52:31.102, 3, 87802, 97871
2026/09/22 21:52:31.302, 0, 87799, 97871
2026/09/22 21:52:31.302, 1, 88832, 97871
2026/09/22 21:52:31.302, 2, 87294, 97871
2026/09/22 21:52:31.302, 3, 87802, 97871
2026/09/22 21:52:31.502, 0, 87799, 97871
2026/09/22 21:52:31.502, 1, 88832, 97871
2026/09/22 21:52:31.502, 2, 87294, 97871
2026/09/22 21:52:31.502, 3, 87802, 97871
2026/09/22 21:52:31.702, 0, 87799, 97871
2026/09/22 21:52:31.702, 1, 88832, 97871
2026/09/22 21:52:31.702, 2, 87294, 97871
2026/09/22 21:52:31.702, 3, 87802, 97871
2026/09/22 21:52:31.903, 0, 87799, 97871
2026/09/22 21:52:31.903, 1, 88832, 97871
2026/09/22 21:52:31.903, 2, 87294, 97871
2026/09/22 21:52:31.903, 3, 87802, 97871
2026/09/22 21:52:32.103, 0, 87799, 97871
2026/09/22 21:52:32.103, 1, 88832, 97871
2026/09/22 21:52:32.103, 2, 87294, 97871
2026/09/22 21:52:32.103, 3, 87802, 97871
2026/09/22 21:52:32.303, 0, 87799, 97871
2026/09/22 21:52:32.303, 1, 88832, 97871
2026/09/22 21:52:32.303, 2, 87294, 97871
2026/09/22 21:52:32.303, 3, 87802, 97871
2026/09/22 21:52:32.504, 0, 87799, 97871
2026/09/22 21:52:32.504, 1, 88832, 97871
2026/09/22 21:52:32.504, 2, 87294, 97871
2026/09/22 21:52:32.504, 3, 87802, 97871
2026/09/22 21:52:32.704, 0, 87799, 97871
2026/09/22 21:52:32.704, 1, 88832, 97871
2026/09/22 21:52:32.704, 2, 87294, 97871
2026/09/22 21:52:32.704, 3, 87802, 97871
2026/09/22 21:52:32.904, 0, 87799, 97871
2026/09/22 21:52:32.904, 1, 88832, 97871
2026/09/22 21:52:32.904, 2, 87294, 97871
2026/09/22 21:52:32.904, 3, 87802, 97871
2026/09/22 21:52:33.104, 0, 87799, 97871
2026/09/22 21:52:33.104, 1, 88832, 97871
2026/09/22 21:52:33.105, 2, 87294, 97871
2026/09/22 21:52:33.105, 3, 87802, 97871
2026/09/22 21:52:33.305, 0, 87799, 97871
2026/09/22 21:52:33.305, 1, 88832, 97871
2026/09/22 21:52:33.305, 2, 87294, 97871
2026/09/22 21:52:33.305, 3, 87802, 97871
2026/09/22 21:52:33.505, 0, 87799, 97871
2026/09/22 21:52:33.505, 1, 88832, 97871
2026/09/22 21:52:33.505, 2, 87294, 97871
2026/09/22 21:52:33.505, 3, 87802, 97871
2026/09/22 21:52:33.705, 0, 87799, 97871
2026/09/22 21:52:33.705, 1, 88832, 97871
2026/09/22 21:52:33.705, 2, 87294, 97871
2026/09/22 21:52:33.706, 3, 87802, 97871
2026/09/22 21:52:33.906, 0, 87799, 97871
2026/09/22 21:52:33.906, 1, 88832, 97871
2026/09/22 21:52:33.906, 2, 87294, 97871
2026/09/22 21:52:33.906, 3, 87802, 97871
2026/09/22 21:52:34.106, 0, 87799, 97871
2026/09/22 21:52:34.106, 1, 88832, 97871
2026/09/22 21:52:34.106, 2, 87294, 97871
2026/09/22 21:52:34.106, 3, 87802, 97871
2026/09/22 21:52:34.306, 0, 87799, 97871
2026/09/22 21:52:34.306, 1, 88832, 97871
2026/09/22 21:52:34.306, 2, 87294, 97871
2026/09/22 21:52:34.306, 3, 87802, 97871
2026/09/22 21:52:34.507, 0, 87799, 97871
2026/09/22 21:52:34.507, 1, 88832, 97871
2026/09/22 21:52:34.507, 2, 87294, 97871
2026/09/22 21:52:34.507, 3, 87802, 97871
2026/09/22 21:52:34.707, 0, 87799, 97871
2026/09/22 21:52:34.707, 1, 88832, 97871
2026/09/22 21:52:34.707, 2, 87294, 97871
2026/09/22 21:52:34.707, 3, 87802, 97871
2026/09/22 21:52:34.907, 0, 87799, 97871
2026/09/22 21:52:34.907, 1, 88832, 97871
2026/09/22 21:52:34.907, 2, 87294, 97871
2026/09/22 21:52:34.907, 3, 87802, 97871
2026/09/22 21:52:35.107, 0, 87799, 97871
2026/09/22 21:52:35.108, 1, 88832, 97871
2026/09/22 21:52:35.108, 2, 87294, 97871
2026/09/22 21:52:35.108, 3, 87802, 97871
2026/09/22 21:52:35.308, 0, 87799, 97871
2026/09/22 21:52:35.308, 1, 88832, 97871
2026/09/22 21:52:35.308, 2, 87294, 97871
2026/09/22 21:52:35.308, 3, 87802, 97871
2026/09/22 21:52:35.508, 0, 87799, 97871
2026/09/22 21:52:35.508, 1, 88832, 97871
2026/09/22 21:52:35.508, 2, 87294, 97871
2026/09/22 21:52:35.508, 3, 87802, 97871
2026/09/22 21:52:35.708, 0, 87799, 97871
2026/09/22 21:52:35.708, 1, 88832, 97871
2026/09/22 21:52:35.708, 2, 87294, 97871
2026/09/22 21:52:35.709, 3, 87802, 97871
2026/09/22 21:52:35.909, 0, 87799, 97871
2026/09/22 21:52:35.909, 1, 88832, 97871
2026/09/22 21:52:35.909, 2, 87294, 97871
2026/09/22 21:52:35.909, 3, 87802, 97871
2026/09/22 21:52:36.109, 0, 87799, 97871
2026/09/22 21:52:36.109, 1, 88832, 97871
2026/09/22 21:52:36.109, 2, 87294, 97871
2026/09/22 21:52:36.109, 3, 87802, 97871
2026/09/22 21:52:36.309, 0, 87799, 97871
2026/09/22 21:52:36.309, 1, 88832, 97871
2026/09/22 21:52:36.309, 2, 87294, 97871
2026/09/22 21:52:36.309, 3, 87802, 97871
2026/09/22 21:52:36.509, 0, 87799, 97871
2026/09/22 21:52:36.510, 1, 88832, 97871
2026/09/22 21:52:36.510, 2, 87294, 97871
2026/09/22 21:52:36.510, 3, 87802, 97871
2026/09/22 21:52:36.710, 0, 87799, 97871
2026/09/22 21:52:36.710, 1, 88832, 97871
2026/09/22 21:52:36.710, 2, 87294, 97871
2026/09/22 21:52:36.710, 3, 87802, 97871
2026/09/22 21:52:36.910, 0, 87799, 97871
2026/09/22 21:52:36.910, 1, 88832, 97871
2026/09/22 21:52:36.910, 2, 87294, 97871
2026/09/22 21:52:36.910, 3, 87802, 97871
2026/09/22 21:52:37.110, 0, 87799, 97871
2026/09/22 21:52:37.110, 1, 88832, 97871
2026/09/22 21:52:37.110, 2, 87294, 97871
2026/09/22 21:52:37.110, 3, 87802, 97871
2026/09/22 21:52:37.311, 0, 87799, 97871
2026/09/22 21:52:37.311, 1, 88832, 97871
2026/09/22 21:52:37.311, 2, 87294, 97871
2026/09/22 21:52:37.311, 3, 87802, 97871
2026/09/22 21:52:37.511, 0, 87799, 97871
2026/09/22 21:52:37.511, 1, 88832, 97871
2026/09/22 21:52:37.511, 2, 87294, 97871
2026/09/22 21:52:37.511, 3, 87802, 97871
2026/09/22 21:52:37.711, 0, 87799, 97871
2026/09/22 21:52:37.711, 1, 88832, 97871
2026/09/22 21:52:37.711, 2, 87294, 97871
2026/09/22 21:52:37.711, 3, 87802, 97871
2026/09/22 21:52:37.911, 0, 87799, 97871
2026/09/22 21:52:37.911, 1, 88832, 97871
2026/09/22 21:52:37.911, 2, 87294, 97871
2026/09/22 21:52:37.912, 3, 87802, 97871
2026/09/22 21:52:38.112, 0, 87799, 97871
2026/09/22 21:52:38.112, 1, 88832, 97871
2026/09/22 21:52:38.112, 2, 87294, 97871
2026/09/22 21:52:38.112, 3, 87802, 97871
2026/09/22 21:52:38.312, 0, 87799, 97871
2026/09/22 21:52:38.312, 1, 88832, 97871
2026/09/22 21:52:38.312, 2, 87294, 97871
2026/09/22 21:52:38.312, 3, 87802, 97871
2026/09/22 21:52:38.512, 0, 87799, 97871
2026/09/22 21:52:38.512, 1, 88832, 97871
2026/09/22 21:52:38.512, 2, 87294, 97871
2026/09/22 21:52:38.512, 3, 87802, 97871
2026/09/22 21:52:38.713, 0, 87799, 97871
2026/09/22 21:52:38.713, 1, 88832, 97871
2026/09/22 21:52:38.713, 2, 87294, 97871
2026/09/22 21:52:38.713, 3, 87802, 97871
2026/09/22 21:52:38.913, 0, 87799, 97871
2026/09/22 21:52:38.913, 1, 88832, 97871
2026/09/22 21:52:38.913, 2, 87294, 97871
2026/09/22 21:52:38.913, 3, 87802, 97871
2026/09/22 21:52:39.113, 0, 87799, 97871
2026/09/22 21:52:39.113, 1, 88832, 97871
2026/09/22 21:52:39.113, 2, 87294, 97871
2026/09/22 21:52:39.113, 3, 87802, 97871
2026/09/22 21:52:39.313, 0, 87799, 97871
2026/09/22 21:52:39.314, 1, 88832, 97871
2026/09/22 21:52:39.314, 2, 87294, 97871
2026/09/22 21:52:39.314, 3, 87802, 97871
2026/09/22 21:52:39.514, 0, 87799, 97871
2026/09/22 21:52:39.514, 1, 88832, 97871
2026/09/22 21:52:39.514, 2, 87294, 97871
2026/09/22 21:52:39.514, 3, 87802, 97871
2026/09/22 21:52:39.714, 0, 87799, 97871
2026/09/22 21:52:39.714, 1, 88832, 97871
2026/09/22 21:52:39.714, 2, 87294, 97871
2026/09/22 21:52:39.714, 3, 87802, 97871
2026/09/22 21:52:39.919, 0, 87799, 97871
2026/09/22 21:52:39.920, 1, 88832, 97871
2026/09/22 21:52:39.920, 2, 87294, 97871
2026/09/22 21:52:39.920, 3, 87802, 97871
2026/09/22 21:52:40.120, 0, 87799, 97871
2026/09/22 21:52:40.120, 1, 88832, 97871
2026/09/22 21:52:40.120, 2, 87294, 97871
2026/09/22 21:52:40.120, 3, 87802, 97871
2026/09/22 21:52:40.320, 0, 87799, 97871
2026/09/22 21:52:40.320, 1, 88832, 97871
2026/09/22 21:52:40.320, 2, 87294, 97871
2026/09/22 21:52:40.320, 3, 87802, 97871
2026/09/22 21:52:40.520, 0, 87799, 97871
2026/09/22 21:52:40.520, 1, 88832, 97871
2026/09/22 21:52:40.520, 2, 87294, 97871
2026/09/22 21:52:40.520, 3, 87802, 97871
2026/09/22 21:52:40.721, 0, 87799, 97871
2026/09/22 21:52:40.721, 1, 88832, 97871
2026/09/22 21:52:40.721, 2, 87294, 97871
2026/09/22 21:52:40.721, 3, 87802, 97871
2026/09/22 21:52:40.921, 0, 87799, 97871
2026/09/22 21:52:40.921, 1, 88832, 97871
2026/09/22 21:52:40.921, 2, 87294, 97871
2026/09/22 21:52:40.921, 3, 87802, 97871
2026/09/22 21:52:41.121, 0, 87799, 97871
2026/09/22 21:52:41.121, 1, 88832, 97871
2026/09/22 21:52:41.121, 2, 87294, 97871
2026/09/22 21:52:41.121, 3, 87802, 97871
2026/09/22 21:52:41.321, 0, 87799, 97871
2026/09/22 21:52:41.322, 1, 88832, 97871
2026/09/22 21:52:41.322, 2, 87294, 97871
2026/09/22 21:52:41.322, 3, 87802, 97871
2026/09/22 21:52:41.522, 0, 87799, 97871
2026/09/22 21:52:41.522, 1, 88832, 97871
2026/09/22 21:52:41.522, 2, 87294, 97871
2026/09/22 21:52:41.522, 3, 87802, 97871
2026/09/22 21:52:41.722, 0, 87799, 97871
2026/09/22 21:52:41.722, 1, 88832, 97871
2026/09/22 21:52:41.722, 2, 87294, 97871
2026/09/22 21:52:41.722, 3, 87802, 97871
2026/09/22 21:52:41.922, 0, 87799, 97871
2026/09/22 21:52:41.922, 1, 88832, 97871
2026/09/22 21:52:41.923, 2, 87294, 97871
2026/09/22 21:52:41.923, 3, 87802, 97871
2026/09/22 21:52:42.123, 0, 87799, 97871
2026/09/22 21:52:42.123, 1, 88832, 97871
2026/09/22 21:52:42.123, 2, 87294, 97871
2026/09/22 21:52:42.123, 3, 87802, 97871
2026/09/22 21:52:42.323, 0, 87799, 97871
2026/09/22 21:52:42.323, 1, 88832, 97871
2026/09/22 21:52:42.323, 2, 87294, 97871
2026/09/22 21:52:42.323, 3, 87802, 97871
2026/09/22 21:52:42.523, 0, 87799, 97871
2026/09/22 21:52:42.523, 1, 88832, 97871
2026/09/22 21:52:42.523, 2, 87294, 97871
2026/09/22 21:52:42.523, 3, 87802, 97871
2026/09/22 21:52:42.724, 0, 87799, 97871
2026/09/22 21:52:42.724, 1, 88832, 97871
2026/09/22 21:52:42.724, 2, 87294, 97871
2026/09/22 21:52:42.724, 3, 87802, 97871
2026/09/22 21:52:42.924, 0, 87799, 97871
2026/09/22 21:52:42.924, 1, 88832, 97871
2026/09/22 21:52:42.924, 2, 87294, 97871
2026/09/22 21:52:42.924, 3, 87802, 97871
2026/09/22 21:52:43.124, 0, 87799, 97871
2026/09/22 21:52:43.124, 1, 88832, 97871
2026/09/22 21:52:43.124, 2, 87294, 97871
2026/09/22 21:52:43.124, 3, 87802, 97871
2026/09/22 21:52:43.324, 0, 87799, 97871
2026/09/22 21:52:43.324, 1, 88832, 97871
2026/09/22 21:52:43.325, 2, 87294, 97871
2026/09/22 21:52:43.325, 3, 87802, 97871
2026/09/22 21:52:43.525, 0, 87799, 97871
2026/09/22 21:52:43.525, 1, 88832, 97871
2026/09/22 21:52:43.525, 2, 87294, 97871
2026/09/22 21:52:43.525, 3, 87802, 97871
2026/09/22 21:52:43.725, 0, 87799, 97871
2026/09/22 21:52:43.725, 1, 88832, 97871
2026/09/22 21:52:43.725, 2, 87294, 97871
2026/09/22 21:52:43.725, 3, 87802, 97871
2026/09/22 21:52:43.925, 0, 87799, 97871
2026/09/22 21:52:43.925, 1, 88832, 97871
2026/09/22 21:52:43.925, 2, 87294, 97871
2026/09/22 21:52:43.926, 3, 87802, 97871
2026/09/22 21:52:44.126, 0, 87799, 97871
2026/09/22 21:52:44.126, 1, 88832, 97871
2026/09/22 21:52:44.126, 2, 87294, 97871
2026/09/22 21:52:44.126, 3, 87802, 97871
2026/09/22 21:52:44.326, 0, 87799, 97871
2026/09/22 21:52:44.326, 1, 88832, 97871
2026/09/22 21:52:44.326, 2, 87294, 97871
2026/09/22 21:52:44.326, 3, 87802, 97871
2026/09/22 21:52:44.526, 0, 87799, 97871
2026/09/22 21:52:44.526, 1, 88832, 97871
2026/09/22 21:52:44.526, 2, 87294, 97871
2026/09/22 21:52:44.526, 3, 87802, 97871
2026/09/22 21:52:44.727, 0, 87799, 97871
2026/09/22 21:52:44.727, 1, 88832, 97871
2026/09/22 21:52:44.727, 2, 87294, 97871
2026/09/22 21:52:44.727, 3, 87802, 97871
2026/09/22 21:52:44.927, 0, 87799, 97871
2026/09/22 21:52:44.927, 1, 88832, 97871
2026/09/22 21:52:44.927, 2, 87294, 97871
2026/09/22 21:52:44.927, 3, 87802, 97871
2026/09/22 21:52:45.127, 0, 87799, 97871
2026/09/22 21:52:45.127, 1, 88832, 97871
2026/09/22 21:52:45.127, 2, 87294, 97871
2026/09/22 21:52:45.127, 3, 87802, 97871
2026/09/22 21:52:45.327, 0, 87799, 97871
2026/09/22 21:52:45.327, 1, 88832, 97871
2026/09/22 21:52:45.327, 2, 87294, 97871
2026/09/22 21:52:45.328, 3, 87802, 97871
2026/09/22 21:52:45.528, 0, 87799, 97871
2026/09/22 21:52:45.528, 1, 88832, 97871
2026/09/22 21:52:45.528, 2, 87294, 97871
2026/09/22 21:52:45.528, 3, 87802, 97871
2026/09/22 21:52:45.728, 0, 87799, 97871
2026/09/22 21:52:45.728, 1, 88832, 97871
2026/09/22 21:52:45.728, 2, 87294, 97871
2026/09/22 21:52:45.728, 3, 87802, 97871
2026/09/22 21:52:45.928, 0, 87799, 97871
2026/09/22 21:52:45.928, 1, 88832, 97871
2026/09/22 21:52:45.928, 2, 87294, 97871
2026/09/22 21:52:45.928, 3, 87802, 97871
2026/09/22 21:52:46.129, 0, 87799, 97871
2026/09/22 21:52:46.129, 1, 88832, 97871
2026/09/22 21:52:46.129, 2, 87294, 97871
2026/09/22 21:52:46.129, 3, 87802, 97871
2026/09/22 21:52:46.329, 0, 87799, 97871
2026/09/22 21:52:46.329, 1, 88832, 97871
2026/09/22 21:52:46.329, 2, 87294, 97871
2026/09/22 21:52:46.329, 3, 87802, 97871
2026/09/22 21:52:46.529, 0, 87799, 97871
2026/09/22 21:52:46.529, 1, 88832, 97871
2026/09/22 21:52:46.529, 2, 87294, 97871
2026/09/22 21:52:46.529, 3, 87802, 97871
2026/09/22 21:52:46.729, 0, 87799, 97871
2026/09/22 21:52:46.730, 1, 88832, 97871
2026/09/22 21:52:46.730, 2, 87294, 97871
2026/09/22 21:52:46.730, 3, 87802, 97871
2026/09/22 21:52:46.930, 0, 87799, 97871
2026/09/22 21:52:46.930, 1, 88832, 97871
2026/09/22 21:52:46.930, 2, 87294, 97871
2026/09/22 21:52:46.930, 3, 87802, 97871
2026/09/22 21:52:47.130, 0, 87799, 97871
2026/09/22 21:52:47.130, 1, 88832, 97871
2026/09/22 21:52:47.130, 2, 87294, 97871
2026/09/22 21:52:47.130, 3, 87802, 97871
2026/09/22 21:52:47.330, 0, 87799, 97871
2026/09/22 21:52:47.330, 1, 88832, 97871
2026/09/22 21:52:47.331, 2, 87294, 97871
2026/09/22 21:52:47.331, 3, 87802, 97871
2026/09/22 21:52:47.531, 0, 87799, 97871
2026/09/22 21:52:47.531, 1, 88832, 97871
2026/09/22 21:52:47.531, 2, 87294, 97871
2026/09/22 21:52:47.531, 3, 87802, 97871
2026/09/22 21:52:47.731, 0, 87799, 97871
2026/09/22 21:52:47.731, 1, 88832, 97871
2026/09/22 21:52:47.731, 2, 87294, 97871
2026/09/22 21:52:47.731, 3, 87802, 97871
2026/09/22 21:52:47.931, 0, 87799, 97871
2026/09/22 21:52:47.931, 1, 88832, 97871
2026/09/22 21:52:47.931, 2, 87294, 97871
2026/09/22 21:52:47.931, 3, 87802, 97871
2026/09/22 21:52:48.132, 0, 87799, 97871
2026/09/22 21:52:48.132, 1, 88832, 97871
2026/09/22 21:52:48.132, 2, 87294, 97871
2026/09/22 21:52:48.132, 3, 87802, 97871
2026/09/22 21:52:48.332, 0, 87799, 97871
2026/09/22 21:52:48.332, 1, 88832, 97871
2026/09/22 21:52:48.332, 2, 87294, 97871
2026/09/22 21:52:48.332, 3, 87802, 97871
2026/09/22 21:52:48.532, 0, 87799, 97871
2026/09/22 21:52:48.532, 1, 88832, 97871
2026/09/22 21:52:48.532, 2, 87294, 97871
2026/09/22 21:52:48.532, 3, 87802, 97871
2026/09/22 21:52:48.732, 0, 87799, 97871
2026/09/22 21:52:48.733, 1, 88832, 97871
2026/09/22 21:52:48.733, 2, 87294, 97871
2026/09/22 21:52:48.733, 3, 87802, 97871
2026/09/22 21:52:48.933, 0, 87799, 97871
2026/09/22 21:52:48.933, 1, 88832, 97871
2026/09/22 21:52:48.933, 2, 87294, 97871
2026/09/22 21:52:48.933, 3, 87802, 97871
2026/09/22 21:52:49.133, 0, 87799, 97871
2026/09/22 21:52:49.133, 1, 88832, 97871
2026/09/22 21:52:49.133, 2, 87294, 97871
2026/09/22 21:52:49.134, 3, 87802, 97871
2026/09/22 21:52:49.334, 0, 87799, 97871
2026/09/22 21:52:49.334, 1, 88832, 97871
2026/09/22 21:52:49.334, 2, 87294, 97871
2026/09/22 21:52:49.334, 3, 87802, 97871
2026/09/22 21:52:49.534, 0, 87799, 97871
2026/09/22 21:52:49.534, 1, 88832, 97871
2026/09/22 21:52:49.534, 2, 87294, 97871
2026/09/22 21:52:49.534, 3, 87802, 97871
2026/09/22 21:52:49.734, 0, 87799, 97871
2026/09/22 21:52:49.734, 1, 88832, 97871
2026/09/22 21:52:49.734, 2, 87294, 97871
2026/09/22 21:52:49.734, 3, 87802, 97871
2026/09/22 21:52:49.934, 0, 87799, 97871
2026/09/22 21:52:49.935, 1, 88832, 97871
2026/09/22 21:52:49.935, 2, 87294, 97871
2026/09/22 21:52:49.935, 3, 87802, 97871
2026/09/22 21:52:50.135, 0, 87799, 97871
2026/09/22 21:52:50.135, 1, 88832, 97871
2026/09/22 21:52:50.135, 2, 87294, 97871
2026/09/22 21:52:50.135, 3, 87802, 97871
2026/09/22 21:52:50.335, 0, 87799, 97871
2026/09/22 21:52:50.335, 1, 88832, 97871
2026/09/22 21:52:50.335, 2, 87294, 97871
2026/09/22 21:52:50.335, 3, 87802, 97871
2026/09/22 21:52:50.535, 0, 87799, 97871
2026/09/22 21:52:50.535, 1, 88832, 97871
2026/09/22 21:52:50.535, 2, 87294, 97871
2026/09/22 21:52:50.536, 3, 87802, 97871
2026/09/22 21:52:50.736, 0, 87799, 97871
2026/09/22 21:52:50.736, 1, 88832, 97871
2026/09/22 21:52:50.736, 2, 87294, 97871
2026/09/22 21:52:50.736, 3, 87802, 97871
2026/09/22 21:52:50.936, 0, 87799, 97871
2026/09/22 21:52:50.936, 1, 88832, 97871
2026/09/22 21:52:50.936, 2, 87294, 97871
2026/09/22 21:52:50.936, 3, 87802, 97871
2026/09/22 21:52:51.136, 0, 87799, 97871
2026/09/22 21:52:51.136, 1, 88832, 97871
2026/09/22 21:52:51.136, 2, 87294, 97871
2026/09/22 21:52:51.136, 3, 87802, 97871
2026/09/22 21:52:51.337, 0, 87799, 97871
2026/09/22 21:52:51.337, 1, 88832, 97871
2026/09/22 21:52:51.337, 2, 87294, 97871
2026/09/22 21:52:51.337, 3, 87802, 97871
2026/09/22 21:52:51.537, 0, 87799, 97871
2026/09/22 21:52:51.537, 1, 88832, 97871
2026/09/22 21:52:51.537, 2, 87294, 97871
2026/09/22 21:52:51.537, 3, 87802, 97871
2026/09/22 21:52:51.737, 0, 87799, 97871
2026/09/22 21:52:51.737, 1, 88832, 97871
2026/09/22 21:52:51.737, 2, 87294, 97871
2026/09/22 21:52:51.737, 3, 87802, 97871
2026/09/22 21:52:51.937, 0, 87799, 97871
2026/09/22 21:52:51.937, 1, 88832, 97871
2026/09/22 21:52:51.937, 2, 87294, 97871
2026/09/22 21:52:51.937, 3, 87802, 97871
2026/09/22 21:52:52.138, 0, 87799, 97871
2026/09/22 21:52:52.138, 1, 88832, 97871
2026/09/22 21:52:52.138, 2, 87294, 97871
2026/09/22 21:52:52.138, 3, 87802, 97871
2026/09/22 21:52:52.338, 0, 87799, 97871
2026/09/22 21:52:52.338, 1, 88832, 97871
2026/09/22 21:52:52.338, 2, 87294, 97871
2026/09/22 21:52:52.338, 3, 87802, 97871
2026/09/22 21:52:52.538, 0, 87799, 97871
2026/09/22 21:52:52.538, 1, 88832, 97871
2026/09/22 21:52:52.538, 2, 87294, 97871
2026/09/22 21:52:52.538, 3, 87802, 97871
2026/09/22 21:52:52.739, 0, 87799, 97871
2026/09/22 21:52:52.739, 1, 88832, 97871
2026/09/22 21:52:52.739, 2, 87294, 97871
2026/09/22 21:52:52.739, 3, 87802, 97871
2026/09/22 21:52:52.939, 0, 87799, 97871
2026/09/22 21:52:52.939, 1, 88832, 97871
2026/09/22 21:52:52.939, 2, 87294, 97871
2026/09/22 21:52:52.939, 3, 87802, 97871
2026/09/22 21:52:53.139, 0, 87799, 97871
2026/09/22 21:52:53.139, 1, 88832, 97871
2026/09/22 21:52:53.139, 2, 87294, 97871
2026/09/22 21:52:53.139, 3, 87802, 97871
2026/09/22 21:52:53.339, 0, 87799, 97871
2026/09/22 21:52:53.340, 1, 88832, 97871
2026/09/22 21:52:53.340, 2, 87294, 97871
2026/09/22 21:52:53.340, 3, 87802, 97871
2026/09/22 21:52:53.540, 0, 87799, 97871
2026/09/22 21:52:53.540, 1, 88832, 97871
2026/09/22 21:52:53.540, 2, 87294, 97871
2026/09/22 21:52:53.540, 3, 87802, 97871
2026/09/22 21:52:53.740, 0, 87799, 97871
2026/09/22 21:52:53.740, 1, 88832, 97871
2026/09/22 21:52:53.740, 2, 87294, 97871
2026/09/22 21:52:53.740, 3, 87802, 97871
2026/09/22 21:52:53.940, 0, 87799, 97871
2026/09/22 21:52:53.941, 1, 88832, 97871
2026/09/22 21:52:53.941, 2, 87294, 97871
2026/09/22 21:52:53.941, 3, 87802, 97871
2026/09/22 21:52:54.141, 0, 87799, 97871
2026/09/22 21:52:54.141, 1, 88832, 97871
2026/09/22 21:52:54.141, 2, 87294, 97871
2026/09/22 21:52:54.141, 3, 87802, 97871
2026/09/22 21:52:54.341, 0, 87799, 97871
2026/09/22 21:52:54.341, 1, 88832, 97871
2026/09/22 21:52:54.341, 2, 87294, 97871
2026/09/22 21:52:54.341, 3, 87802, 97871
2026/09/22 21:52:54.541, 0, 87799, 97871
2026/09/22 21:52:54.541, 1, 88832, 97871
2026/09/22 21:52:54.541, 2, 87294, 97871
2026/09/22 21:52:54.542, 3, 87802, 97871
2026/09/22 21:52:54.742, 0, 87799, 97871
2026/09/22 21:52:54.742, 1, 88832, 97871
2026/09/22 21:52:54.742, 2, 87294, 97871
2026/09/22 21:52:54.742, 3, 87802, 97871
2026/09/22 21:52:54.942, 0, 87799, 97871
2026/09/22 21:52:54.942, 1, 88832, 97871
2026/09/22 21:52:54.942, 2, 87294, 97871
2026/09/22 21:52:54.942, 3, 87802, 97871
2026/09/22 21:52:55.142, 0, 87799, 97871
2026/09/22 21:52:55.142, 1, 88832, 97871
2026/09/22 21:52:55.142, 2, 87294, 97871
2026/09/22 21:52:55.142, 3, 87802, 97871
2026/09/22 21:52:55.343, 0, 87799, 97871
2026/09/22 21:52:55.343, 1, 88832, 97871
2026/09/22 21:52:55.343, 2, 87294, 97871
2026/09/22 21:52:55.343, 3, 87802, 97871
2026/09/22 21:52:55.543, 0, 87799, 97871
2026/09/22 21:52:55.543, 1, 88832, 97871
2026/09/22 21:52:55.543, 2, 87294, 97871
2026/09/22 21:52:55.543, 3, 87802, 97871
2026/09/22 21:52:55.743, 0, 87799, 97871
2026/09/22 21:52:55.743, 1, 88832, 97871
2026/09/22 21:52:55.743, 2, 87294, 97871
2026/09/22 21:52:55.743, 3, 87802, 97871
2026/09/22 21:52:55.943, 0, 87799, 97871
2026/09/22 21:52:55.944, 1, 88832, 97871
2026/09/22 21:52:55.944, 2, 87294, 97871
2026/09/22 21:52:55.944, 3, 87802, 97871
2026/09/22 21:52:56.144, 0, 87799, 97871
2026/09/22 21:52:56.144, 1, 88832, 97871
2026/09/22 21:52:56.144, 2, 87294, 97871
2026/09/22 21:52:56.144, 3, 87802, 97871
2026/09/22 21:52:56.344, 0, 87799, 97871
2026/09/22 21:52:56.344, 1, 88832, 97871
2026/09/22 21:52:56.344, 2, 87294, 97871
2026/09/22 21:52:56.344, 3, 87802, 97871
2026/09/22 21:52:56.544, 0, 87799, 97871
2026/09/22 21:52:56.544, 1, 88832, 97871
2026/09/22 21:52:56.544, 2, 87294, 97871
2026/09/22 21:52:56.544, 3, 87802, 97871
2026/09/22 21:52:56.745, 0, 87799, 97871
2026/09/22 21:52:56.745, 1, 88832, 97871
2026/09/22 21:52:56.745, 2, 87294, 97871
2026/09/22 21:52:56.745, 3, 87802, 97871
2026/09/22 21:52:56.945, 0, 87799, 97871
2026/09/22 21:52:56.945, 1, 88832, 97871
2026/09/22 21:52:56.945, 2, 87294, 97871
2026/09/22 21:52:56.945, 3, 87802, 97871
2026/09/22 21:52:57.145, 0, 87799, 97871
2026/09/22 21:52:57.145, 1, 88832, 97871
2026/09/22 21:52:57.145, 2, 87294, 97871
2026/09/22 21:52:57.145, 3, 87802, 97871
2026/09/22 21:52:57.345, 0, 87799, 97871
2026/09/22 21:52:57.346, 1, 88832, 97871
2026/09/22 21:52:57.346, 2, 87294, 97871
2026/09/22 21:52:57.346, 3, 87802, 97871
2026/09/22 21:52:57.546, 0, 87799, 97871
2026/09/22 21:52:57.546, 1, 88832, 97871
2026/09/22 21:52:57.546, 2, 87294, 97871
2026/09/22 21:52:57.546, 3, 87802, 97871
2026/09/22 21:52:57.746, 0, 87799, 97871
2026/09/22 21:52:57.746, 1, 88832, 97871
2026/09/22 21:52:57.746, 2, 87294, 97871
2026/09/22 21:52:57.746, 3, 87802, 97871
2026/09/22 21:52:57.946, 0, 87799, 97871
2026/09/22 21:52:57.946, 1, 88832, 97871
2026/09/22 21:52:57.946, 2, 87294, 97871
2026/09/22 21:52:57.947, 3, 87802, 97871
2026/09/22 21:52:58.147, 0, 87799, 97871
2026/09/22 21:52:58.147, 1, 88832, 97871
2026/09/22 21:52:58.147, 2, 87294, 97871
2026/09/22 21:52:58.147, 3, 87802, 97871
2026/09/22 21:52:58.347, 0, 87799, 97871
2026/09/22 21:52:58.347, 1, 88832, 97871
2026/09/22 21:52:58.347, 2, 87294, 97871
2026/09/22 21:52:58.347, 3, 87802, 97871
2026/09/22 21:52:58.547, 0, 87799, 97871
2026/09/22 21:52:58.547, 1, 88832, 97871
2026/09/22 21:52:58.547, 2, 87294, 97871
2026/09/22 21:52:58.547, 3, 87802, 97871
2026/09/22 21:52:58.747, 0, 87799, 97871
2026/09/22 21:52:58.748, 1, 88832, 97871
2026/09/22 21:52:58.748, 2, 87294, 97871
2026/09/22 21:52:58.748, 3, 87802, 97871
2026/09/22 21:52:58.948, 0, 87799, 97871
2026/09/22 21:52:58.948, 1, 88832, 97871
2026/09/22 21:52:58.948, 2, 87294, 97871
2026/09/22 21:52:58.948, 3, 87802, 97871
2026/09/22 21:52:59.148, 0, 87799, 97871
2026/09/22 21:52:59.148, 1, 88832, 97871
2026/09/22 21:52:59.148, 2, 87294, 97871
2026/09/22 21:52:59.148, 3, 87802, 97871
2026/09/22 21:52:59.348, 0, 87799, 97871
2026/09/22 21:52:59.349, 1, 88832, 97871
2026/09/22 21:52:59.349, 2, 87294, 97871
2026/09/22 21:52:59.349, 3, 87802, 97871
2026/09/22 21:52:59.549, 0, 87799, 97871
2026/09/22 21:52:59.549, 1, 88832, 97871
2026/09/22 21:52:59.549, 2, 87294, 97871
2026/09/22 21:52:59.549, 3, 87802, 97871
2026/09/22 21:52:59.749, 0, 87799, 97871
2026/09/22 21:52:59.749, 1, 88832, 97871
2026/09/22 21:52:59.749, 2, 87294, 97871
2026/09/22 21:52:59.749, 3, 87802, 97871
2026/09/22 21:52:59.949, 0, 87799, 97871
2026/09/22 21:52:59.949, 1, 88832, 97871
2026/09/22 21:52:59.950, 2, 87294, 97871
2026/09/22 21:52:59.950, 3, 87802, 97871
2026/09/22 21:53:00.150, 0, 87799, 97871
2026/09/22 21:53:00.150, 1, 88832, 97871
2026/09/22 21:53:00.150, 2, 87294, 97871
2026/09/22 21:53:00.150, 3, 87802, 97871
2026/09/22 21:53:00.350, 0, 87799, 97871
2026/09/22 21:53:00.350, 1, 88832, 97871
2026/09/22 21:53:00.350, 2, 87294, 97871
2026/09/22 21:53:00.350, 3, 87802, 97871
2026/09/22 21:53:00.550, 0, 87799, 97871
2026/09/22 21:53:00.550, 1, 88832, 97871
2026/09/22 21:53:00.550, 2, 87294, 97871
2026/09/22 21:53:00.550, 3, 87802, 97871
2026/09/22 21:53:00.751, 0, 87799, 97871
2026/09/22 21:53:00.751, 1, 88832, 97871
2026/09/22 21:53:00.751, 2, 87294, 97871
2026/09/22 21:53:00.751, 3, 87802, 97871
2026/09/22 21:53:00.951, 0, 87799, 97871
2026/09/22 21:53:00.951, 1, 88832, 97871
2026/09/22 21:53:00.951, 2, 87294, 97871
2026/09/22 21:53:00.951, 3, 87802, 97871
2026/09/22 21:53:01.151, 0, 87799, 97871
2026/09/22 21:53:01.151, 1, 88832, 97871
2026/09/22 21:53:01.151, 2, 87294, 97871
2026/09/22 21:53:01.151, 3, 87802, 97871
2026/09/22 21:53:01.352, 0, 87799, 97871
2026/09/22 21:53:01.352, 1, 88832, 97871
2026/09/22 21:53:01.352, 2, 87294, 97871
2026/09/22 21:53:01.352, 3, 87802, 97871
2026/09/22 21:53:01.552, 0, 87799, 97871
2026/09/22 21:53:01.552, 1, 88832, 97871
2026/09/22 21:53:01.552, 2, 87294, 97871
2026/09/22 21:53:01.552, 3, 87802, 97871
2026/09/22 21:53:01.752, 0, 87799, 97871
2026/09/22 21:53:01.752, 1, 88832, 97871
2026/09/22 21:53:01.752, 2, 87294, 97871
2026/09/22 21:53:01.752, 3, 87802, 97871
2026/09/22 21:53:01.953, 0, 87799, 97871
2026/09/22 21:53:01.953, 1, 88832, 97871
2026/09/22 21:53:01.953, 2, 87294, 97871
2026/09/22 21:53:01.953, 3, 87802, 97871
2026/09/22 21:53:02.153, 0, 87799, 97871
2026/09/22 21:53:02.153, 1, 88832, 97871
2026/09/22 21:53:02.153, 2, 87294, 97871
2026/09/22 21:53:02.153, 3, 87802, 97871
2026/09/22 21:53:02.353, 0, 87799, 97871
2026/09/22 21:53:02.353, 1, 88832, 97871
2026/09/22 21:53:02.353, 2, 87294, 97871
2026/09/22 21:53:02.353, 3, 87802, 97871
2026/09/22 21:53:02.553, 0, 87799, 97871
2026/09/22 21:53:02.554, 1, 88832, 97871
2026/09/22 21:53:02.554, 2, 87294, 97871
2026/09/22 21:53:02.554, 3, 87802, 97871
2026/09/22 21:53:02.754, 0, 87799, 97871
2026/09/22 21:53:02.754, 1, 88832, 97871
2026/09/22 21:53:02.754, 2, 87294, 97871
2026/09/22 21:53:02.754, 3, 87802, 97871
2026/09/22 21:53:02.954, 0, 87799, 97871
2026/09/22 21:53:02.954, 1, 88832, 97871
2026/09/22 21:53:02.954, 2, 87294, 97871
2026/09/22 21:53:02.954, 3, 87802, 97871
2026/09/22 21:53:03.154, 0, 87799, 97871
2026/09/22 21:53:03.154, 1, 88832, 97871
2026/09/22 21:53:03.155, 2, 87294, 97871
2026/09/22 21:53:03.155, 3, 87802, 97871
2026/09/22 21:53:03.355, 0, 87799, 97871
2026/09/22 21:53:03.355, 1, 88832, 97871
2026/09/22 21:53:03.355, 2, 87294, 97871
2026/09/22 21:53:03.355, 3, 87802, 97871
2026/09/22 21:53:03.555, 0, 87799, 97871
2026/09/22 21:53:03.555, 1, 88832, 97871
2026/09/22 21:53:03.555, 2, 87294, 97871
2026/09/22 21:53:03.555, 3, 87802, 97871
2026/09/22 21:53:03.755, 0, 87799, 97871
2026/09/22 21:53:03.755, 1, 88832, 97871
2026/09/22 21:53:03.756, 2, 87294, 97871
2026/09/22 21:53:03.756, 3, 87802, 97871
2026/09/22 21:53:03.956, 0, 87799, 97871
2026/09/22 21:53:03.956, 1, 88832, 97871
2026/09/22 21:53:03.956, 2, 87294, 97871
2026/09/22 21:53:03.956, 3, 87802, 97871
2026/09/22 21:53:04.156, 0, 87799, 97871
2026/09/22 21:53:04.156, 1, 88832, 97871
2026/09/22 21:53:04.156, 2, 87294, 97871
2026/09/22 21:53:04.156, 3, 87802, 97871
2026/09/22 21:53:04.356, 0, 87799, 97871
2026/09/22 21:53:04.356, 1, 88832, 97871
2026/09/22 21:53:04.356, 2, 87294, 97871
2026/09/22 21:53:04.356, 3, 87802, 97871
2026/09/22 21:53:04.557, 0, 87799, 97871
2026/09/22 21:53:04.557, 1, 88832, 97871
2026/09/22 21:53:04.557, 2, 87294, 97871
2026/09/22 21:53:04.557, 3, 87802, 97871
2026/09/22 21:53:04.757, 0, 87799, 97871
2026/09/22 21:53:04.757, 1, 88832, 97871
2026/09/22 21:53:04.757, 2, 87294, 97871
2026/09/22 21:53:04.757, 3, 87802, 97871
2026/09/22 21:53:04.957, 0, 87799, 97871
2026/09/22 21:53:04.957, 1, 88832, 97871
2026/09/22 21:53:04.957, 2, 87294, 97871
2026/09/22 21:53:04.957, 3, 87802, 97871
2026/09/22 21:53:05.157, 0, 87799, 97871
2026/09/22 21:53:05.158, 1, 88832, 97871
2026/09/22 21:53:05.158, 2, 87294, 97871
2026/09/22 21:53:05.158, 3, 87802, 97871
2026/09/22 21:53:05.358, 0, 87799, 97871
2026/09/22 21:53:05.358, 1, 88832, 97871
2026/09/22 21:53:05.358, 2, 87294, 97871
2026/09/22 21:53:05.358, 3, 87802, 97871
2026/09/22 21:53:05.558, 0, 87799, 97871
2026/09/22 21:53:05.558, 1, 88832, 97871
2026/09/22 21:53:05.558, 2, 87294, 97871
2026/09/22 21:53:05.558, 3, 87802, 97871
2026/09/22 21:53:05.758, 0, 87799, 97871
2026/09/22 21:53:05.759, 1, 88832, 97871
2026/09/22 21:53:05.759, 2, 87294, 97871
2026/09/22 21:53:05.759, 3, 87802, 97871
2026/09/22 21:53:05.959, 0, 87799, 97871
2026/09/22 21:53:05.959, 1, 88832, 97871
2026/09/22 21:53:05.959, 2, 87294, 97871
2026/09/22 21:53:05.959, 3, 87802, 97871
2026/09/22 21:53:06.159, 0, 87799, 97871
2026/09/22 21:53:06.159, 1, 88832, 97871
2026/09/22 21:53:06.159, 2, 87294, 97871
2026/09/22 21:53:06.159, 3, 87802, 97871
2026/09/22 21:53:06.359, 0, 87799, 97871
2026/09/22 21:53:06.360, 1, 88832, 97871
2026/09/22 21:53:06.360, 2, 87294, 97871
2026/09/22 21:53:06.360, 3, 87802, 97871
2026/09/22 21:53:06.560, 0, 87799, 97871
2026/09/22 21:53:06.560, 1, 88832, 97871
2026/09/22 21:53:06.560, 2, 87294, 97871
2026/09/22 21:53:06.560, 3, 87802, 97871
2026/09/22 21:53:06.760, 0, 87799, 97871
2026/09/22 21:53:06.760, 1, 88832, 97871
2026/09/22 21:53:06.760, 2, 87294, 97871
2026/09/22 21:53:06.760, 3, 87802, 97871
2026/09/22 21:53:06.960, 0, 87799, 97871
2026/09/22 21:53:06.960, 1, 88832, 97871
2026/09/22 21:53:06.960, 2, 87294, 97871
2026/09/22 21:53:06.961, 3, 87802, 97871
2026/09/22 21:53:07.161, 0, 87799, 97871
2026/09/22 21:53:07.161, 1, 88832, 97871
2026/09/22 21:53:07.161, 2, 87294, 97871
2026/09/22 21:53:07.161, 3, 87802, 97871
2026/09/22 21:53:07.361, 0, 87799, 97871
2026/09/22 21:53:07.361, 1, 88832, 97871
2026/09/22 21:53:07.361, 2, 87294, 97871
2026/09/22 21:53:07.361, 3, 87802, 97871
2026/09/22 21:53:07.561, 0, 87799, 97871
2026/09/22 21:53:07.561, 1, 88832, 97871
2026/09/22 21:53:07.561, 2, 87294, 97871
2026/09/22 21:53:07.562, 3, 87802, 97871
2026/09/22 21:53:07.762, 0, 87799, 97871
2026/09/22 21:53:07.762, 1, 88832, 97871
2026/09/22 21:53:07.762, 2, 87294, 97871
2026/09/22 21:53:07.762, 3, 87802, 97871
2026/09/22 21:53:07.962, 0, 87799, 97871
2026/09/22 21:53:07.962, 1, 88832, 97871
2026/09/22 21:53:07.962, 2, 87294, 97871
2026/09/22 21:53:07.962, 3, 87802, 97871
2026/09/22 21:53:08.162, 0, 87799, 97871
2026/09/22 21:53:08.162, 1, 88832, 97871
2026/09/22 21:53:08.163, 2, 87294, 97871
2026/09/22 21:53:08.163, 3, 87802, 97871
2026/09/22 21:53:08.363, 0, 87799, 97871
2026/09/22 21:53:08.363, 1, 88832, 97871
2026/09/22 21:53:08.363, 2, 87294, 97871
2026/09/22 21:53:08.363, 3, 87802, 97871
2026/09/22 21:53:08.563, 0, 87799, 97871
2026/09/22 21:53:08.563, 1, 88832, 97871
2026/09/22 21:53:08.563, 2, 87294, 97871
2026/09/22 21:53:08.563, 3, 87802, 97871
2026/09/22 21:53:08.763, 0, 87799, 97871
2026/09/22 21:53:08.764, 1, 88832, 97871
2026/09/22 21:53:08.764, 2, 87294, 97871
2026/09/22 21:53:08.764, 3, 87802, 97871
2026/09/22 21:53:08.964, 0, 87799, 97871
2026/09/22 21:53:08.964, 1, 88832, 97871
2026/09/22 21:53:08.964, 2, 87294, 97871
2026/09/22 21:53:08.964, 3, 87802, 97871
2026/09/22 21:53:09.164, 0, 87799, 97871
2026/09/22 21:53:09.164, 1, 88832, 97871
2026/09/22 21:53:09.164, 2, 87294, 97871
2026/09/22 21:53:09.164, 3, 87802, 97871
2026/09/22 21:53:09.364, 0, 87799, 97871
2026/09/22 21:53:09.364, 1, 88832, 97871
2026/09/22 21:53:09.365, 2, 87294, 97871
2026/09/22 21:53:09.365, 3, 87802, 97871
2026/09/22 21:53:09.565, 0, 87799, 97871
2026/09/22 21:53:09.565, 1, 88832, 97871
2026/09/22 21:53:09.565, 2, 87294, 97871
2026/09/22 21:53:09.565, 3, 87802, 97871
2026/09/22 21:53:09.765, 0, 87799, 97871
2026/09/22 21:53:09.765, 1, 88832, 97871
2026/09/22 21:53:09.765, 2, 87294, 97871
2026/09/22 21:53:09.765, 3, 87802, 97871
2026/09/22 21:53:09.965, 0, 87799, 97871
2026/09/22 21:53:09.965, 1, 88832, 97871
2026/09/22 21:53:09.966, 2, 87294, 97871
2026/09/22 21:53:09.966, 3, 87802, 97871
2026/09/22 21:53:10.166, 0, 87799, 97871
2026/09/22 21:53:10.166, 1, 88832, 97871
2026/09/22 21:53:10.166, 2, 87294, 97871
2026/09/22 21:53:10.166, 3, 87802, 97871
2026/09/22 21:53:10.366, 0, 87799, 97871
2026/09/22 21:53:10.366, 1, 88832, 97871
2026/09/22 21:53:10.366, 2, 87294, 97871
2026/09/22 21:53:10.366, 3, 87802, 97871
2026/09/22 21:53:10.566, 0, 87799, 97871
2026/09/22 21:53:10.566, 1, 88832, 97871
2026/09/22 21:53:10.566, 2, 87294, 97871
2026/09/22 21:53:10.566, 3, 87802, 97871
2026/09/22 21:53:10.766, 0, 87799, 97871
2026/09/22 21:53:10.767, 1, 88832, 97871
2026/09/22 21:53:10.767, 2, 87294, 97871
2026/09/22 21:53:10.767, 3, 87802, 97871
2026/09/22 21:53:10.967, 0, 87799, 97871
2026/09/22 21:53:10.967, 1, 88832, 97871
2026/09/22 21:53:10.967, 2, 87294, 97871
2026/09/22 21:53:10.967, 3, 87802, 97871
2026/09/22 21:53:11.167, 0, 87799, 97871
2026/09/22 21:53:11.167, 1, 88832, 97871
2026/09/22 21:53:11.167, 2, 87294, 97871
2026/09/22 21:53:11.167, 3, 87802, 97871
2026/09/22 21:53:11.367, 0, 87799, 97871
2026/09/22 21:53:11.368, 1, 88832, 97871
2026/09/22 21:53:11.368, 2, 87294, 97871
2026/09/22 21:53:11.368, 3, 87802, 97871
2026/09/22 21:53:11.568, 0, 87799, 97871
2026/09/22 21:53:11.568, 1, 88832, 97871
2026/09/22 21:53:11.568, 2, 87294, 97871
2026/09/22 21:53:11.568, 3, 87802, 97871
2026/09/22 21:53:11.768, 0, 87799, 97871
2026/09/22 21:53:11.768, 1, 88832, 97871
2026/09/22 21:53:11.768, 2, 87294, 97871
2026/09/22 21:53:11.768, 3, 87802, 97871
2026/09/22 21:53:11.968, 0, 87799, 97871
2026/09/22 21:53:11.968, 1, 88832, 97871
2026/09/22 21:53:11.968, 2, 87294, 97871
2026/09/22 21:53:11.969, 3, 87802, 97871
2026/09/22 21:53:12.169, 0, 87799, 97871
2026/09/22 21:53:12.169, 1, 88832, 97871
2026/09/22 21:53:12.169, 2, 87294, 97871
2026/09/22 21:53:12.169, 3, 87802, 97871
2026/09/22 21:53:12.369, 0, 87799, 97871
2026/09/22 21:53:12.369, 1, 88832, 97871
2026/09/22 21:53:12.369, 2, 87294, 97871
2026/09/22 21:53:12.369, 3, 87802, 97871
2026/09/22 21:53:12.569, 0, 87799, 97871
2026/09/22 21:53:12.569, 1, 88832, 97871
2026/09/22 21:53:12.569, 2, 87294, 97871
2026/09/22 21:53:12.569, 3, 87802, 97871
2026/09/22 21:53:12.769, 0, 87799, 97871
2026/09/22 21:53:12.770, 1, 88832, 97871
2026/09/22 21:53:12.770, 2, 87294, 97871
2026/09/22 21:53:12.770, 3, 87802, 97871
2026/09/22 21:53:12.970, 0, 87799, 97871
2026/09/22 21:53:12.970, 1, 88832, 97871
2026/09/22 21:53:12.970, 2, 87294, 97871
2026/09/22 21:53:12.970, 3, 87802, 97871
2026/09/22 21:53:13.170, 0, 87799, 97871
2026/09/22 21:53:13.170, 1, 88832, 97871
2026/09/22 21:53:13.170, 2, 87294, 97871
2026/09/22 21:53:13.170, 3, 87802, 97871
2026/09/22 21:53:13.370, 0, 87799, 97871
2026/09/22 21:53:13.370, 1, 88832, 97871
2026/09/22 21:53:13.370, 2, 87294, 97871
2026/09/22 21:53:13.370, 3, 87802, 97871
2026/09/22 21:53:13.570, 0, 87799, 97871
2026/09/22 21:53:13.571, 1, 88832, 97871
2026/09/22 21:53:13.571, 2, 87294, 97871
2026/09/22 21:53:13.571, 3, 87802, 97871
2026/09/22 21:53:13.771, 0, 87799, 97871
2026/09/22 21:53:13.771, 1, 88832, 97871
2026/09/22 21:53:13.771, 2, 87294, 97871
2026/09/22 21:53:13.771, 3, 87802, 97871
2026/09/22 21:53:13.971, 0, 87799, 97871
2026/09/22 21:53:13.971, 1, 88832, 97871
2026/09/22 21:53:13.971, 2, 87294, 97871
2026/09/22 21:53:13.971, 3, 87802, 97871
2026/09/22 21:53:14.171, 0, 87799, 97871
2026/09/22 21:53:14.171, 1, 88832, 97871
2026/09/22 21:53:14.171, 2, 87294, 97871
2026/09/22 21:53:14.171, 3, 87802, 97871
2026/09/22 21:53:14.372, 0, 87799, 97871
2026/09/22 21:53:14.372, 1, 88832, 97871
2026/09/22 21:53:14.372, 2, 87294, 97871
2026/09/22 21:53:14.372, 3, 87802, 97871
2026/09/22 21:53:14.572, 0, 87799, 97871
2026/09/22 21:53:14.572, 1, 88832, 97871
2026/09/22 21:53:14.572, 2, 87294, 97871
2026/09/22 21:53:14.572, 3, 87802, 97871
2026/09/22 21:53:14.772, 0, 87799, 97871
2026/09/22 21:53:14.772, 1, 88832, 97871
2026/09/22 21:53:14.772, 2, 87294, 97871
2026/09/22 21:53:14.772, 3, 87802, 97871
2026/09/22 21:53:14.972, 0, 87799, 97871
2026/09/22 21:53:14.972, 1, 88832, 97871
2026/09/22 21:53:14.972, 2, 87294, 97871
2026/09/22 21:53:14.972, 3, 87802, 97871
2026/09/22 21:53:15.172, 0, 87799, 97871
2026/09/22 21:53:15.191, 1, 88832, 97871
2026/09/22 21:53:15.191, 2, 87294, 97871
2026/09/22 21:53:15.191, 3, 87802, 97871
2026/09/22 21:53:15.391, 0, 87799, 97871
2026/09/22 21:53:15.391, 1, 88832, 97871
2026/09/22 21:53:15.391, 2, 87294, 97871
2026/09/22 21:53:15.391, 3, 87802, 97871
2026/09/22 21:53:15.592, 0, 87799, 97871
2026/09/22 21:53:15.626, 1, 88832, 97871
2026/09/22 21:53:15.665, 2, 87294, 97871
2026/09/22 21:53:15.684, 3, 87802, 97871
2026/09/22 21:53:15.884, 0, 87799, 97871
2026/09/22 21:53:15.884, 1, 88832, 97871
2026/09/22 21:53:15.884, 2, 87294, 97871
2026/09/22 21:53:15.884, 3, 87802, 97871
2026/09/22 21:53:16.084, 0, 87799, 97871
2026/09/22 21:53:16.084, 1, 88832, 97871
2026/09/22 21:53:16.084, 2, 87294, 97871
2026/09/22 21:53:16.084, 3, 87802, 97871
2026/09/22 21:53:16.284, 0, 87799, 97871
2026/09/22 21:53:16.284, 1, 88832, 97871
2026/09/22 21:53:16.284, 2, 87294, 97871
2026/09/22 21:53:16.284, 3, 87802, 97871
2026/09/22 21:53:16.484, 0, 87799, 97871
2026/09/22 21:53:16.485, 1, 88832, 97871
2026/09/22 21:53:16.485, 2, 87294, 97871
2026/09/22 21:53:16.485, 3, 87802, 97871
2026/09/22 21:53:16.685, 0, 87799, 97871
2026/09/22 21:53:16.705, 1, 88832, 97871
2026/09/22 21:53:16.722, 2, 87294, 97871
2026/09/22 21:53:16.722, 3, 87802, 97871
2026/09/22 21:53:16.922, 0, 87799, 97871
2026/09/22 21:53:16.922, 1, 88832, 97871
2026/09/22 21:53:16.922, 2, 87294, 97871
2026/09/22 21:53:16.922, 3, 87802, 97871
2026/09/22 21:53:17.122, 0, 87799, 97871
2026/09/22 21:53:17.122, 1, 88832, 97871
2026/09/22 21:53:17.122, 2, 87294, 97871
2026/09/22 21:53:17.122, 3, 87802, 97871
2026/09/22 21:53:17.323, 0, 87799, 97871
2026/09/22 21:53:17.323, 1, 88832, 97871
2026/09/22 21:53:17.323, 2, 87294, 97871
2026/09/22 21:53:17.323, 3, 87802, 97871
2026/09/22 21:53:17.523, 0, 87799, 97871
2026/09/22 21:53:17.523, 1, 88832, 97871
2026/09/22 21:53:17.523, 2, 87294, 97871
2026/09/22 21:53:17.523, 3, 87802, 97871
2026/09/22 21:53:17.723, 0, 87799, 97871
2026/09/22 21:53:17.723, 1, 88832, 97871
2026/09/22 21:53:17.723, 2, 87294, 97871
2026/09/22 21:53:17.723, 3, 87802, 97871
2026/09/22 21:53:17.923, 0, 87799, 97871
2026/09/22 21:53:17.923, 1, 88832, 97871
2026/09/22 21:53:17.923, 2, 87294, 97871
2026/09/22 21:53:17.923, 3, 87802, 97871
2026/09/22 21:53:18.123, 0, 87799, 97871
2026/09/22 21:53:18.123, 1, 88832, 97871
2026/09/22 21:53:18.123, 2, 87294, 97871
2026/09/22 21:53:18.124, 3, 87802, 97871
2026/09/22 21:53:18.324, 0, 87799, 97871
2026/09/22 21:53:18.324, 1, 88832, 97871
2026/09/22 21:53:18.324, 2, 87294, 97871
2026/09/22 21:53:18.324, 3, 87802, 97871
2026/09/22 21:53:18.524, 0, 87799, 97871
2026/09/22 21:53:18.524, 1, 88832, 97871
2026/09/22 21:53:18.524, 2, 87294, 97871
2026/09/22 21:53:18.524, 3, 87802, 97871
2026/09/22 21:53:18.724, 0, 87799, 97871
2026/09/22 21:53:18.724, 1, 88832, 97871
2026/09/22 21:53:18.724, 2, 87294, 97871
2026/09/22 21:53:18.724, 3, 87802, 97871
2026/09/22 21:53:18.924, 0, 87799, 97871
2026/09/22 21:53:18.924, 1, 88832, 97871
2026/09/22 21:53:18.924, 2, 87294, 97871
2026/09/22 21:53:18.924, 3, 87802, 97871
2026/09/22 21:53:19.125, 0, 87799, 97871
2026/09/22 21:53:19.125, 1, 88832, 97871
2026/09/22 21:53:19.125, 2, 87294, 97871
2026/09/22 21:53:19.125, 3, 87802, 97871
2026/09/22 21:53:19.325, 0, 87799, 97871
2026/09/22 21:53:19.325, 1, 88832, 97871
2026/09/22 21:53:19.325, 2, 87294, 97871
2026/09/22 21:53:19.325, 3, 87802, 97871
2026/09/22 21:53:19.525, 0, 87799, 97871
2026/09/22 21:53:19.525, 1, 88832, 97871
2026/09/22 21:53:19.525, 2, 87294, 97871
2026/09/22 21:53:19.525, 3, 87802, 97871
2026/09/22 21:53:19.725, 0, 87799, 97871
2026/09/22 21:53:19.725, 1, 88832, 97871
2026/09/22 21:53:19.725, 2, 87294, 97871
2026/09/22 21:53:19.725, 3, 87802, 97871
2026/09/22 21:53:19.925, 0, 87799, 97871
2026/09/22 21:53:19.926, 1, 88832, 97871
2026/09/22 21:53:19.926, 2, 87294, 97871
2026/09/22 21:53:19.926, 3, 87802, 97871
2026/09/22 21:53:20.126, 0, 87799, 97871
2026/09/22 21:53:20.126, 1, 88832, 97871
2026/09/22 21:53:20.126, 2, 87294, 97871
2026/09/22 21:53:20.126, 3, 87802, 97871
2026/09/22 21:53:20.326, 0, 87799, 97871
2026/09/22 21:53:20.326, 1, 88832, 97871
2026/09/22 21:53:20.326, 2, 87294, 97871
2026/09/22 21:53:20.326, 3, 87802, 97871
2026/09/22 21:53:20.526, 0, 87799, 97871
2026/09/22 21:53:20.526, 1, 88832, 97871
2026/09/22 21:53:20.526, 2, 87294, 97871
2026/09/22 21:53:20.526, 3, 87802, 97871
2026/09/22 21:53:20.726, 0, 87799, 97871
2026/09/22 21:53:20.726, 1, 88832, 97871
2026/09/22 21:53:20.726, 2, 87294, 97871
2026/09/22 21:53:20.726, 3, 87802, 97871
2026/09/22 21:53:20.927, 0, 87799, 97871
2026/09/22 21:53:20.927, 1, 88832, 97871
2026/09/22 21:53:20.927, 2, 87294, 97871
2026/09/22 21:53:20.927, 3, 87802, 97871
2026/09/22 21:53:21.127, 0, 87799, 97871
2026/09/22 21:53:21.127, 1, 88832, 97871
2026/09/22 21:53:21.127, 2, 87294, 97871
2026/09/22 21:53:21.127, 3, 87802, 97871
2026/09/22 21:53:21.327, 0, 87799, 97871
2026/09/22 21:53:21.327, 1, 88832, 97871
2026/09/22 21:53:21.327, 2, 87294, 97871
2026/09/22 21:53:21.327, 3, 87802, 97871
2026/09/22 21:53:21.527, 0, 87799, 97871
2026/09/22 21:53:21.527, 1, 88832, 97871
2026/09/22 21:53:21.527, 2, 87294, 97871
2026/09/22 21:53:21.527, 3, 87802, 97871
2026/09/22 21:53:21.728, 0, 87799, 97871
2026/09/22 21:53:21.728, 1, 88832, 97871
2026/09/22 21:53:21.728, 2, 87294, 97871
2026/09/22 21:53:21.728, 3, 87802, 97871
2026/09/22 21:53:21.928, 0, 87799, 97871
2026/09/22 21:53:21.928, 1, 88832, 97871
2026/09/22 21:53:21.928, 2, 87294, 97871
2026/09/22 21:53:21.928, 3, 87802, 97871
2026/09/22 21:53:22.128, 0, 87799, 97871
2026/09/22 21:53:22.128, 1, 88832, 97871
2026/09/22 21:53:22.128, 2, 87294, 97871
2026/09/22 21:53:22.128, 3, 87802, 97871
2026/09/22 21:53:22.328, 0, 87799, 97871
2026/09/22 21:53:22.328, 1, 88832, 97871
2026/09/22 21:53:22.328, 2, 87294, 97871
2026/09/22 21:53:22.328, 3, 87802, 97871
2026/09/22 21:53:22.528, 0, 87799, 97871
2026/09/22 21:53:22.528, 1, 88832, 97871
2026/09/22 21:53:22.528, 2, 87294, 97871
2026/09/22 21:53:22.528, 3, 87802, 97871
2026/09/22 21:53:22.729, 0, 87799, 97871
2026/09/22 21:53:22.729, 1, 88832, 97871
2026/09/22 21:53:22.729, 2, 87294, 97871
2026/09/22 21:53:22.729, 3, 87802, 97871
2026/09/22 21:53:22.929, 0, 87799, 97871
2026/09/22 21:53:22.929, 1, 88832, 97871
2026/09/22 21:53:22.929, 2, 87294, 97871
2026/09/22 21:53:22.929, 3, 87802, 97871
2026/09/22 21:53:23.129, 0, 87799, 97871
2026/09/22 21:53:23.129, 1, 88832, 97871
2026/09/22 21:53:23.129, 2, 87294, 97871
2026/09/22 21:53:23.129, 3, 87802, 97871
2026/09/22 21:53:23.329, 0, 87799, 97871
2026/09/22 21:53:23.329, 1, 88832, 97871
2026/09/22 21:53:23.329, 2, 87294, 97871
2026/09/22 21:53:23.330, 3, 87802, 97871
2026/09/22 21:53:23.530, 0, 87799, 97871
2026/09/22 21:53:23.530, 1, 88832, 97871
2026/09/22 21:53:23.530, 2, 87294, 97871
2026/09/22 21:53:23.530, 3, 87802, 97871
2026/09/22 21:53:23.730, 0, 87799, 97871
2026/09/22 21:53:23.730, 1, 88832, 97871
2026/09/22 21:53:23.730, 2, 87294, 97871
2026/09/22 21:53:23.730, 3, 87802, 97871
2026/09/22 21:53:23.930, 0, 87799, 97871
2026/09/22 21:53:23.930, 1, 88832, 97871
2026/09/22 21:53:23.930, 2, 87294, 97871
2026/09/22 21:53:23.930, 3, 87802, 97871
2026/09/22 21:53:24.130, 0, 87799, 97871
2026/09/22 21:53:24.130, 1, 88832, 97871
2026/09/22 21:53:24.131, 2, 87294, 97871
2026/09/22 21:53:24.131, 3, 87802, 97871
2026/09/22 21:53:24.331, 0, 87799, 97871
2026/09/22 21:53:24.331, 1, 88832, 97871
2026/09/22 21:53:24.331, 2, 87294, 97871
2026/09/22 21:53:24.331, 3, 87802, 97871
2026/09/22 21:53:24.531, 0, 87799, 97871
2026/09/22 21:53:24.531, 1, 88832, 97871
2026/09/22 21:53:24.531, 2, 87294, 97871
2026/09/22 21:53:24.531, 3, 87802, 97871
2026/09/22 21:53:24.731, 0, 87799, 97871
2026/09/22 21:53:24.731, 1, 88832, 97871
2026/09/22 21:53:24.731, 2, 87294, 97871
2026/09/22 21:53:24.731, 3, 87802, 97871
2026/09/22 21:53:24.931, 0, 87799, 97871
2026/09/22 21:53:24.931, 1, 88832, 97871
2026/09/22 21:53:24.931, 2, 87294, 97871
2026/09/22 21:53:24.931, 3, 87802, 97871
2026/09/22 21:53:25.131, 0, 87799, 97871
2026/09/22 21:53:25.132, 1, 88832, 97871
2026/09/22 21:53:25.132, 2, 87294, 97871
2026/09/22 21:53:25.132, 3, 87802, 97871
2026/09/22 21:53:25.332, 0, 87799, 97871
2026/09/22 21:53:25.332, 1, 88832, 97871
2026/09/22 21:53:25.332, 2, 87294, 97871
2026/09/22 21:53:25.332, 3, 87802, 97871
2026/09/22 21:53:25.532, 0, 87799, 97871
2026/09/22 21:53:25.532, 1, 88832, 97871
2026/09/22 21:53:25.532, 2, 87294, 97871
2026/09/22 21:53:25.532, 3, 87802, 97871
2026/09/22 21:53:25.732, 0, 87799, 97871
2026/09/22 21:53:25.732, 1, 88832, 97871
2026/09/22 21:53:25.732, 2, 87294, 97871
2026/09/22 21:53:25.732, 3, 87802, 97871
2026/09/22 21:53:25.932, 0, 87799, 97871
2026/09/22 21:53:25.932, 1, 88832, 97871
2026/09/22 21:53:25.932, 2, 87294, 97871
2026/09/22 21:53:25.932, 3, 87802, 97871
2026/09/22 21:53:26.133, 0, 87799, 97871
2026/09/22 21:53:26.133, 1, 88832, 97871
2026/09/22 21:53:26.133, 2, 87294, 97871
2026/09/22 21:53:26.133, 3, 87802, 97871
2026/09/22 21:53:26.333, 0, 87799, 97871
2026/09/22 21:53:26.333, 1, 88832, 97871
2026/09/22 21:53:26.333, 2, 87294, 97871
2026/09/22 21:53:26.333, 3, 87802, 97871
2026/09/22 21:53:26.533, 0, 87799, 97871
2026/09/22 21:53:26.533, 1, 88832, 97871
2026/09/22 21:53:26.533, 2, 87294, 97871
2026/09/22 21:53:26.533, 3, 87802, 97871
2026/09/22 21:53:26.733, 0, 87799, 97871
2026/09/22 21:53:26.733, 1, 88832, 97871
2026/09/22 21:53:26.733, 2, 87294, 97871
2026/09/22 21:53:26.734, 3, 87802, 97871
2026/09/22 21:53:26.934, 0, 87799, 97871
2026/09/22 21:53:26.934, 1, 88832, 97871
2026/09/22 21:53:26.934, 2, 87294, 97871
2026/09/22 21:53:26.934, 3, 87802, 97871
2026/09/22 21:53:27.134, 0, 87799, 97871
2026/09/22 21:53:27.134, 1, 88832, 97871
2026/09/22 21:53:27.134, 2, 87294, 97871
2026/09/22 21:53:27.134, 3, 87802, 97871
2026/09/22 21:53:27.334, 0, 89281, 97871
2026/09/22 21:53:27.334, 1, 90314, 97871
2026/09/22 21:53:27.334, 2, 88776, 97871
2026/09/22 21:53:27.334, 3, 89284, 97871
2026/09/22 21:53:27.534, 0, 89281, 97871
2026/09/22 21:53:27.534, 1, 90314, 97871
2026/09/22 21:53:27.534, 2, 88776, 97871
2026/09/22 21:53:27.535, 3, 89284, 97871
2026/09/22 21:53:27.735, 0, 89281, 97871
2026/09/22 21:53:27.735, 1, 90314, 97871
2026/09/22 21:53:27.735, 2, 88776, 97871
2026/09/22 21:53:27.735, 3, 89284, 97871
2026/09/22 21:53:27.935, 0, 89281, 97871
2026/09/22 21:53:27.935, 1, 90314, 97871
2026/09/22 21:53:27.935, 2, 88776, 97871
2026/09/22 21:53:27.935, 3, 89284, 97871
2026/09/22 21:53:28.135, 0, 89281, 97871
2026/09/22 21:53:28.135, 1, 90314, 97871
2026/09/22 21:53:28.135, 2, 88776, 97871
2026/09/22 21:53:28.135, 3, 89284, 97871
2026/09/22 21:53:28.336, 0, 89281, 97871
2026/09/22 21:53:28.336, 1, 90314, 97871
2026/09/22 21:53:28.336, 2, 88776, 97871
2026/09/22 21:53:28.336, 3, 89284, 97871
2026/09/22 21:53:28.536, 0, 89281, 97871
2026/09/22 21:53:28.536, 1, 90314, 97871
2026/09/22 21:53:28.536, 2, 88776, 97871
2026/09/22 21:53:28.536, 3, 89284, 97871
2026/09/22 21:53:28.736, 0, 89281, 97871
2026/09/22 21:53:28.736, 1, 90314, 97871
2026/09/22 21:53:28.736, 2, 88776, 97871
2026/09/22 21:53:28.736, 3, 89284, 97871
2026/09/22 21:53:28.936, 0, 89281, 97871
2026/09/22 21:53:28.936, 1, 90314, 97871
2026/09/22 21:53:28.937, 2, 88776, 97871
2026/09/22 21:53:28.937, 3, 89284, 97871
2026/09/22 21:53:29.137, 0, 89281, 97871
2026/09/22 21:53:29.137, 1, 90314, 97871
2026/09/22 21:53:29.137, 2, 88776, 97871
2026/09/22 21:53:29.137, 3, 89284, 97871
2026/09/22 21:53:29.337, 0, 89281, 97871
2026/09/22 21:53:29.337, 1, 90314, 97871
2026/09/22 21:53:29.337, 2, 88776, 97871
2026/09/22 21:53:29.337, 3, 89284, 97871
2026/09/22 21:53:29.537, 0, 89281, 97871
2026/09/22 21:53:29.537, 1, 90314, 97871
2026/09/22 21:53:29.537, 2, 88776, 97871
2026/09/22 21:53:29.537, 3, 89284, 97871
2026/09/22 21:53:29.737, 0, 89281, 97871
2026/09/22 21:53:29.737, 1, 90314, 97871
2026/09/22 21:53:29.738, 2, 88776, 97871
2026/09/22 21:53:29.738, 3, 89284, 97871
2026/09/22 21:53:29.938, 0, 89281, 97871
2026/09/22 21:53:29.938, 1, 90314, 97871
2026/09/22 21:53:29.938, 2, 88776, 97871
2026/09/22 21:53:29.938, 3, 89284, 97871
2026/09/22 21:53:30.138, 0, 89281, 97871
2026/09/22 21:53:30.138, 1, 90314, 97871
2026/09/22 21:53:30.138, 2, 88776, 97871
2026/09/22 21:53:30.138, 3, 89284, 97871
2026/09/22 21:53:30.338, 0, 89281, 97871
2026/09/22 21:53:30.338, 1, 90314, 97871
2026/09/22 21:53:30.338, 2, 88776, 97871
2026/09/22 21:53:30.338, 3, 89284, 97871
2026/09/22 21:53:30.539, 0, 89281, 97871
2026/09/22 21:53:30.539, 1, 90314, 97871
2026/09/22 21:53:30.539, 2, 88776, 97871
2026/09/22 21:53:30.539, 3, 89284, 97871
2026/09/22 21:53:30.739, 0, 89281, 97871
2026/09/22 21:53:30.739, 1, 90314, 97871
2026/09/22 21:53:30.739, 2, 88776, 97871
2026/09/22 21:53:30.739, 3, 89284, 97871
2026/09/22 21:53:30.939, 0, 89281, 97871
2026/09/22 21:53:30.939, 1, 90314, 97871
2026/09/22 21:53:30.939, 2, 88776, 97871
2026/09/22 21:53:30.939, 3, 89284, 97871
2026/09/22 21:53:31.139, 0, 89281, 97871
2026/09/22 21:53:31.140, 1, 90314, 97871
2026/09/22 21:53:31.140, 2, 88776, 97871
2026/09/22 21:53:31.140, 3, 89284, 97871
2026/09/22 21:53:31.340, 0, 89281, 97871
2026/09/22 21:53:31.340, 1, 90314, 97871
2026/09/22 21:53:31.340, 2, 88776, 97871
2026/09/22 21:53:31.340, 3, 89284, 97871
2026/09/22 21:53:31.540, 0, 89281, 97871
2026/09/22 21:53:31.540, 1, 90314, 97871
2026/09/22 21:53:31.540, 2, 88776, 97871
2026/09/22 21:53:31.540, 3, 89284, 97871
2026/09/22 21:53:31.740, 0, 89281, 97871
2026/09/22 21:53:31.740, 1, 90314, 97871
2026/09/22 21:53:31.740, 2, 88776, 97871
2026/09/22 21:53:31.740, 3, 89284, 97871
2026/09/22 21:53:31.941, 0, 89281, 97871
2026/09/22 21:53:31.941, 1, 90314, 97871
2026/09/22 21:53:31.941, 2, 88776, 97871
2026/09/22 21:53:31.941, 3, 89284, 97871
2026/09/22 21:53:32.141, 0, 89281, 97871
2026/09/22 21:53:32.141, 1, 90314, 97871
2026/09/22 21:53:32.141, 2, 88776, 97871
2026/09/22 21:53:32.141, 3, 89284, 97871
2026/09/22 21:53:32.341, 0, 89281, 97871
2026/09/22 21:53:32.341, 1, 90314, 97871
2026/09/22 21:53:32.341, 2, 88776, 97871
2026/09/22 21:53:32.341, 3, 89284, 97871
2026/09/22 21:53:32.542, 0, 89281, 97871
2026/09/22 21:53:32.542, 1, 90314, 97871
2026/09/22 21:53:32.542, 2, 88776, 97871
2026/09/22 21:53:32.542, 3, 89284, 97871
2026/09/22 21:53:32.742, 0, 89281, 97871
2026/09/22 21:53:32.742, 1, 90314, 97871
2026/09/22 21:53:32.742, 2, 88776, 97871
2026/09/22 21:53:32.742, 3, 89284, 97871
2026/09/22 21:53:32.942, 0, 89281, 97871
2026/09/22 21:53:32.942, 1, 90314, 97871
2026/09/22 21:53:32.942, 2, 88776, 97871
2026/09/22 21:53:32.942, 3, 89284, 97871
2026/09/22 21:53:33.142, 0, 89281, 97871
2026/09/22 21:53:33.142, 1, 90314, 97871
2026/09/22 21:53:33.142, 2, 88776, 97871
2026/09/22 21:53:33.143, 3, 89284, 97871
2026/09/22 21:53:33.343, 0, 89281, 97871
2026/09/22 21:53:33.343, 1, 90314, 97871
2026/09/22 21:53:33.343, 2, 88776, 97871
2026/09/22 21:53:33.343, 3, 89284, 97871
2026/09/22 21:53:33.543, 0, 89281, 97871
2026/09/22 21:53:33.543, 1, 90314, 97871
2026/09/22 21:53:33.543, 2, 88776, 97871
2026/09/22 21:53:33.543, 3, 89284, 97871
2026/09/22 21:53:33.743, 0, 89281, 97871
2026/09/22 21:53:33.743, 1, 90314, 97871
2026/09/22 21:53:33.743, 2, 88776, 97871
2026/09/22 21:53:33.743, 3, 89284, 97871
2026/09/22 21:53:33.944, 0, 89281, 97871
2026/09/22 21:53:33.944, 1, 90314, 97871
2026/09/22 21:53:33.944, 2, 88776, 97871
2026/09/22 21:53:33.944, 3, 89284, 97871
2026/09/22 21:53:34.144, 0, 89281, 97871
2026/09/22 21:53:34.144, 1, 90314, 97871
2026/09/22 21:53:34.144, 2, 88776, 97871
2026/09/22 21:53:34.144, 3, 89284, 97871
2026/09/22 21:53:34.344, 0, 89281, 97871
2026/09/22 21:53:34.344, 1, 90314, 97871
2026/09/22 21:53:34.344, 2, 88776, 97871
2026/09/22 21:53:34.344, 3, 89284, 97871
2026/09/22 21:53:34.544, 0, 89281, 97871
2026/09/22 21:53:34.544, 1, 90314, 97871
2026/09/22 21:53:34.544, 2, 88776, 97871
2026/09/22 21:53:34.544, 3, 89284, 97871
2026/09/22 21:53:34.745, 0, 89281, 97871
2026/09/22 21:53:34.745, 1, 90314, 97871
2026/09/22 21:53:34.745, 2, 88776, 97871
2026/09/22 21:53:34.745, 3, 89284, 97871
2026/09/22 21:53:34.945, 0, 89281, 97871
2026/09/22 21:53:34.945, 1, 90314, 97871
2026/09/22 21:53:34.945, 2, 88776, 97871
2026/09/22 21:53:34.945, 3, 89284, 97871
2026/09/22 21:53:35.145, 0, 89281, 97871
2026/09/22 21:53:35.145, 1, 90314, 97871
2026/09/22 21:53:35.145, 2, 88776, 97871
2026/09/22 21:53:35.145, 3, 89284, 97871
2026/09/22 21:53:35.346, 0, 89281, 97871
2026/09/22 21:53:35.346, 1, 90314, 97871
2026/09/22 21:53:35.346, 2, 88776, 97871
2026/09/22 21:53:35.346, 3, 89284, 97871
2026/09/22 21:53:35.546, 0, 89281, 97871
2026/09/22 21:53:35.546, 1, 90314, 97871
2026/09/22 21:53:35.546, 2, 88776, 97871
2026/09/22 21:53:35.546, 3, 89284, 97871
2026/09/22 21:53:35.746, 0, 89281, 97871
2026/09/22 21:53:35.746, 1, 90314, 97871
2026/09/22 21:53:35.746, 2, 88776, 97871
2026/09/22 21:53:35.746, 3, 89284, 97871
2026/09/22 21:53:35.946, 0, 89281, 97871
2026/09/22 21:53:35.946, 1, 90314, 97871
2026/09/22 21:53:35.946, 2, 88776, 97871
2026/09/22 21:53:35.947, 3, 89284, 97871
2026/09/22 21:53:36.147, 0, 89281, 97871
2026/09/22 21:53:36.147, 1, 90314, 97871
2026/09/22 21:53:36.147, 2, 88776, 97871
2026/09/22 21:53:36.147, 3, 89284, 97871
2026/09/22 21:53:36.347, 0, 89281, 97871
2026/09/22 21:53:36.347, 1, 90314, 97871
2026/09/22 21:53:36.347, 2, 88776, 97871
2026/09/22 21:53:36.347, 3, 89284, 97871
2026/09/22 21:53:36.547, 0, 89281, 97871
2026/09/22 21:53:36.547, 1, 90314, 97871
2026/09/22 21:53:36.547, 2, 88776, 97871
2026/09/22 21:53:36.548, 3, 89284, 97871
2026/09/22 21:53:36.748, 0, 89281, 97871
2026/09/22 21:53:36.748, 1, 90314, 97871
2026/09/22 21:53:36.748, 2, 88776, 97871
2026/09/22 21:53:36.748, 3, 89284, 97871
2026/09/22 21:53:36.948, 0, 89281, 97871
2026/09/22 21:53:36.948, 1, 90314, 97871
2026/09/22 21:53:36.948, 2, 88776, 97871
2026/09/22 21:53:36.948, 3, 89284, 97871
2026/09/22 21:53:37.148, 0, 89281, 97871
2026/09/22 21:53:37.148, 1, 90314, 97871
2026/09/22 21:53:37.148, 2, 88776, 97871
2026/09/22 21:53:37.148, 3, 89284, 97871
2026/09/22 21:53:37.349, 0, 89281, 97871
2026/09/22 21:53:37.349, 1, 90314, 97871
2026/09/22 21:53:37.349, 2, 88776, 97871
2026/09/22 21:53:37.349, 3, 89284, 97871
2026/09/22 21:53:37.549, 0, 89281, 97871
2026/09/22 21:53:37.549, 1, 90314, 97871
2026/09/22 21:53:37.549, 2, 88776, 97871
2026/09/22 21:53:37.549, 3, 89284, 97871
2026/09/22 21:53:37.749, 0, 89281, 97871
2026/09/22 21:53:37.755, 1, 90314, 97871
2026/09/22 21:53:37.755, 2, 88776, 97871
2026/09/22 21:53:37.755, 3, 89284, 97871
2026/09/22 21:53:37.955, 0, 89281, 97871
2026/09/22 21:53:37.955, 1, 90314, 97871
2026/09/22 21:53:37.955, 2, 88776, 97871
2026/09/22 21:53:37.955, 3, 89284, 97871
2026/09/22 21:53:38.155, 0, 89281, 97871
2026/09/22 21:53:38.155, 1, 90314, 97871
2026/09/22 21:53:38.155, 2, 88776, 97871
2026/09/22 21:53:38.155, 3, 89284, 97871
2026/09/22 21:53:38.355, 0, 89281, 97871
2026/09/22 21:53:38.356, 1, 90314, 97871
2026/09/22 21:53:38.356, 2, 88776, 97871
2026/09/22 21:53:38.356, 3, 89284, 97871
2026/09/22 21:53:38.556, 0, 89281, 97871
2026/09/22 21:53:38.556, 1, 90314, 97871
2026/09/22 21:53:38.556, 2, 88776, 97871
2026/09/22 21:53:38.556, 3, 89284, 97871
2026/09/22 21:53:38.756, 0, 89281, 97871
2026/09/22 21:53:38.756, 1, 90314, 97871
2026/09/22 21:53:38.756, 2, 88776, 97871
2026/09/22 21:53:38.756, 3, 89284, 97871
2026/09/22 21:53:38.956, 0, 89281, 97871
2026/09/22 21:53:38.956, 1, 90314, 97871
2026/09/22 21:53:38.956, 2, 88776, 97871
2026/09/22 21:53:38.956, 3, 89284, 97871
2026/09/22 21:53:39.157, 0, 89281, 97871
2026/09/22 21:53:39.157, 1, 90314, 97871
2026/09/22 21:53:39.157, 2, 88776, 97871
2026/09/22 21:53:39.157, 3, 89284, 97871
2026/09/22 21:53:39.357, 0, 89281, 97871
2026/09/22 21:53:39.357, 1, 90314, 97871
2026/09/22 21:53:39.357, 2, 88776, 97871
2026/09/22 21:53:39.357, 3, 89284, 97871
2026/09/22 21:53:39.557, 0, 89281, 97871
2026/09/22 21:53:39.557, 1, 90314, 97871
2026/09/22 21:53:39.557, 2, 88776, 97871
2026/09/22 21:53:39.557, 3, 89284, 97871
2026/09/22 21:53:39.758, 0, 89281, 97871
2026/09/22 21:53:39.758, 1, 90314, 97871
2026/09/22 21:53:39.758, 2, 88776, 97871
2026/09/22 21:53:39.758, 3, 89284, 97871
2026/09/22 21:53:39.958, 0, 89281, 97871
2026/09/22 21:53:39.958, 1, 90314, 97871
2026/09/22 21:53:39.958, 2, 88776, 97871
2026/09/22 21:53:39.958, 3, 89284, 97871
2026/09/22 21:53:40.158, 0, 89281, 97871
2026/09/22 21:53:40.158, 1, 90314, 97871
2026/09/22 21:53:40.158, 2, 88776, 97871
2026/09/22 21:53:40.158, 3, 89284, 97871
2026/09/22 21:53:40.361, 0, 89281, 97871
2026/09/22 21:53:40.361, 1, 90314, 97871
2026/09/22 21:53:40.361, 2, 88776, 97871
2026/09/22 21:53:40.361, 3, 89284, 97871
2026/09/22 21:53:40.561, 0, 89281, 97871
2026/09/22 21:53:40.561, 1, 90314, 97871
2026/09/22 21:53:40.561, 2, 88776, 97871
2026/09/22 21:53:40.561, 3, 89284, 97871
2026/09/22 21:53:40.762, 0, 89281, 97871
2026/09/22 21:53:40.762, 1, 90314, 97871
2026/09/22 21:53:40.762, 2, 88776, 97871
2026/09/22 21:53:40.762, 3, 89284, 97871
2026/09/22 21:53:40.962, 0, 89281, 97871
2026/09/22 21:53:40.962, 1, 90314, 97871
2026/09/22 21:53:40.962, 2, 88776, 97871
2026/09/22 21:53:40.962, 3, 89284, 97871
2026/09/22 21:53:41.162, 0, 89281, 97871
2026/09/22 21:53:41.162, 1, 90314, 97871
2026/09/22 21:53:41.162, 2, 88776, 97871
2026/09/22 21:53:41.162, 3, 89284, 97871
2026/09/22 21:53:41.362, 0, 89281, 97871
2026/09/22 21:53:41.362, 1, 90314, 97871
2026/09/22 21:53:41.362, 2, 88776, 97871
2026/09/22 21:53:41.363, 3, 89284, 97871
2026/09/22 21:53:41.563, 0, 89281, 97871
2026/09/22 21:53:41.596, 1, 90314, 97871
2026/09/22 21:53:41.617, 2, 88776, 97871
2026/09/22 21:53:41.618, 3, 89284, 97871
2026/09/22 21:53:41.849, 0, 89281, 97871
2026/09/22 21:53:41.885, 1, 90314, 97871
2026/09/22 21:53:41.920, 2, 88776, 97871
2026/09/22 21:53:41.957, 3, 89284, 97871
2026/09/22 21:53:42.157, 0, 89281, 97871
2026/09/22 21:53:42.158, 1, 90314, 97871
2026/09/22 21:53:42.158, 2, 88776, 97871
2026/09/22 21:53:42.158, 3, 89284, 97871
2026/09/22 21:53:42.358, 0, 89281, 97871
2026/09/22 21:53:42.358, 1, 90314, 97871
2026/09/22 21:53:42.358, 2, 88776, 97871
2026/09/22 21:53:42.358, 3, 89284, 97871
2026/09/22 21:53:42.558, 0, 89281, 97871
2026/09/22 21:53:42.558, 1, 90314, 97871
2026/09/22 21:53:42.558, 2, 88776, 97871
2026/09/22 21:53:42.558, 3, 89284, 97871
2026/09/22 21:53:42.758, 0, 89281, 97871
2026/09/22 21:53:42.758, 1, 90314, 97871
2026/09/22 21:53:42.758, 2, 88776, 97871
2026/09/22 21:53:42.758, 3, 89284, 97871
2026/09/22 21:53:42.958, 0, 89281, 97871
2026/09/22 21:53:42.958, 1, 90314, 97871
2026/09/22 21:53:42.958, 2, 88776, 97871
2026/09/22 21:53:42.959, 3, 89284, 97871
2026/09/22 21:53:43.159, 0, 89281, 97871
2026/09/22 21:53:43.159, 1, 90314, 97871
2026/09/22 21:53:43.159, 2, 88776, 97871
2026/09/22 21:53:43.159, 3, 89284, 97871
2026/09/22 21:53:43.359, 0, 89281, 97871
2026/09/22 21:53:43.359, 1, 90314, 97871
2026/09/22 21:53:43.359, 2, 88776, 97871
2026/09/22 21:53:43.359, 3, 89284, 97871
2026/09/22 21:53:43.559, 0, 89281, 97871
2026/09/22 21:53:43.559, 1, 90314, 97871
2026/09/22 21:53:43.559, 2, 88776, 97871
2026/09/22 21:53:43.559, 3, 89284, 97871
2026/09/22 21:53:43.759, 0, 89281, 97871
2026/09/22 21:53:43.759, 1, 90314, 97871
2026/09/22 21:53:43.759, 2, 88776, 97871
2026/09/22 21:53:43.760, 3, 89284, 97871
2026/09/22 21:53:43.960, 0, 89281, 97871
2026/09/22 21:53:43.960, 1, 90314, 97871
2026/09/22 21:53:43.960, 2, 88776, 97871
2026/09/22 21:53:43.960, 3, 89284, 97871
2026/09/22 21:53:44.160, 0, 89281, 97871
2026/09/22 21:53:44.160, 1, 90314, 97871
2026/09/22 21:53:44.160, 2, 88776, 97871
2026/09/22 21:53:44.160, 3, 89284, 97871
2026/09/22 21:53:44.360, 0, 89281, 97871
2026/09/22 21:53:44.360, 1, 90314, 97871
2026/09/22 21:53:44.360, 2, 88776, 97871
2026/09/22 21:53:44.360, 3, 89284, 97871
2026/09/22 21:53:44.560, 0, 89281, 97871
2026/09/22 21:53:44.560, 1, 90314, 97871
2026/09/22 21:53:44.560, 2, 88776, 97871
2026/09/22 21:53:44.560, 3, 89284, 97871
2026/09/22 21:53:44.761, 0, 89281, 97871
2026/09/22 21:53:44.761, 1, 90314, 97871
2026/09/22 21:53:44.761, 2, 88776, 97871
2026/09/22 21:53:44.761, 3, 89284, 97871
2026/09/22 21:53:44.961, 0, 89281, 97871
2026/09/22 21:53:44.961, 1, 90314, 97871
2026/09/22 21:53:44.961, 2, 88776, 97871
2026/09/22 21:53:44.961, 3, 89284, 97871
2026/09/22 21:53:45.161, 0, 89281, 97871
2026/09/22 21:53:45.161, 1, 90314, 97871
2026/09/22 21:53:45.161, 2, 88776, 97871
2026/09/22 21:53:45.161, 3, 89284, 97871
2026/09/22 21:53:45.361, 0, 89281, 97871
2026/09/22 21:53:45.361, 1, 90314, 97871
2026/09/22 21:53:45.361, 2, 88776, 97871
2026/09/22 21:53:45.361, 3, 89284, 97871
2026/09/22 21:53:45.561, 0, 89281, 97871
2026/09/22 21:53:45.561, 1, 90314, 97871
2026/09/22 21:53:45.562, 2, 88776, 97871
2026/09/22 21:53:45.562, 3, 89284, 97871
2026/09/22 21:53:45.762, 0, 89281, 97871
2026/09/22 21:53:45.762, 1, 90314, 97871
2026/09/22 21:53:45.762, 2, 88776, 97871
2026/09/22 21:53:45.762, 3, 89284, 97871
2026/09/22 21:53:45.962, 0, 89281, 97871
2026/09/22 21:53:45.962, 1, 90314, 97871
2026/09/22 21:53:45.962, 2, 88776, 97871
2026/09/22 21:53:45.962, 3, 89284, 97871
2026/09/22 21:53:46.162, 0, 89281, 97871
2026/09/22 21:53:46.162, 1, 90314, 97871
2026/09/22 21:53:46.162, 2, 88776, 97871
2026/09/22 21:53:46.162, 3, 89284, 97871
2026/09/22 21:53:46.362, 0, 89281, 97871
2026/09/22 21:53:46.362, 1, 90314, 97871
2026/09/22 21:53:46.362, 2, 88776, 97871
2026/09/22 21:53:46.362, 3, 89284, 97871
2026/09/22 21:53:46.563, 0, 89281, 97871
2026/09/22 21:53:46.563, 1, 90314, 97871
2026/09/22 21:53:46.563, 2, 88776, 97871
2026/09/22 21:53:46.563, 3, 89284, 97871
2026/09/22 21:53:46.763, 0, 89281, 97871
2026/09/22 21:53:46.763, 1, 90314, 97871
2026/09/22 21:53:46.763, 2, 88776, 97871
2026/09/22 21:53:46.763, 3, 89284, 97871
2026/09/22 21:53:46.963, 0, 89281, 97871
2026/09/22 21:53:46.963, 1, 90314, 97871
2026/09/22 21:53:46.963, 2, 88776, 97871
2026/09/22 21:53:46.963, 3, 89284, 97871
2026/09/22 21:53:47.163, 0, 89281, 97871
2026/09/22 21:53:47.163, 1, 90314, 97871
2026/09/22 21:53:47.163, 2, 88776, 97871
2026/09/22 21:53:47.163, 3, 89284, 97871
2026/09/22 21:53:47.363, 0, 89281, 97871
2026/09/22 21:53:47.364, 1, 90314, 97871
2026/09/22 21:53:47.364, 2, 88776, 97871
2026/09/22 21:53:47.364, 3, 89284, 97871
2026/09/22 21:53:47.564, 0, 89281, 97871
2026/09/22 21:53:47.564, 1, 90314, 97871
2026/09/22 21:53:47.564, 2, 88776, 97871
2026/09/22 21:53:47.564, 3, 89284, 97871
2026/09/22 21:53:47.764, 0, 89281, 97871
2026/09/22 21:53:47.764, 1, 90314, 97871
2026/09/22 21:53:47.764, 2, 88776, 97871
2026/09/22 21:53:47.764, 3, 89284, 97871
2026/09/22 21:53:47.964, 0, 89281, 97871
2026/09/22 21:53:47.964, 1, 90314, 97871
2026/09/22 21:53:47.964, 2, 88776, 97871
2026/09/22 21:53:47.964, 3, 89284, 97871
2026/09/22 21:53:48.164, 0, 89281, 97871
2026/09/22 21:53:48.164, 1, 90314, 97871
2026/09/22 21:53:48.164, 2, 88776, 97871
2026/09/22 21:53:48.164, 3, 89284, 97871
2026/09/22 21:53:48.365, 0, 89281, 97871
2026/09/22 21:53:48.365, 1, 90314, 97871
2026/09/22 21:53:48.365, 2, 88776, 97871
2026/09/22 21:53:48.365, 3, 89284, 97871
2026/09/22 21:53:48.565, 0, 89281, 97871
2026/09/22 21:53:48.565, 1, 90314, 97871
2026/09/22 21:53:48.565, 2, 88776, 97871
2026/09/22 21:53:48.565, 3, 89284, 97871
2026/09/22 21:53:48.765, 0, 89281, 97871
2026/09/22 21:53:48.765, 1, 90314, 97871
2026/09/22 21:53:48.765, 2, 88776, 97871
2026/09/22 21:53:48.765, 3, 89284, 97871
2026/09/22 21:53:48.965, 0, 89281, 97871
2026/09/22 21:53:48.965, 1, 90314, 97871
2026/09/22 21:53:48.965, 2, 88776, 97871
2026/09/22 21:53:48.965, 3, 89284, 97871
2026/09/22 21:53:49.165, 0, 89281, 97871
2026/09/22 21:53:49.166, 1, 90314, 97871
2026/09/22 21:53:49.166, 2, 88776, 97871
2026/09/22 21:53:49.166, 3, 89284, 97871
2026/09/22 21:53:49.366, 0, 89281, 97871
2026/09/22 21:53:49.366, 1, 90314, 97871
2026/09/22 21:53:49.366, 2, 88776, 97871
2026/09/22 21:53:49.366, 3, 89284, 97871
2026/09/22 21:53:49.566, 0, 89281, 97871
2026/09/22 21:53:49.566, 1, 90314, 97871
2026/09/22 21:53:49.566, 2, 88776, 97871
2026/09/22 21:53:49.566, 3, 89284, 97871
2026/09/22 21:53:49.766, 0, 89281, 97871
2026/09/22 21:53:49.766, 1, 90314, 97871
2026/09/22 21:53:49.766, 2, 88776, 97871
2026/09/22 21:53:49.767, 3, 89284, 97871
2026/09/22 21:53:49.967, 0, 89281, 97871
2026/09/22 21:53:49.967, 1, 90314, 97871
2026/09/22 21:53:49.967, 2, 88776, 97871
2026/09/22 21:53:49.967, 3, 89284, 97871
2026/09/22 21:53:50.167, 0, 89281, 97871
2026/09/22 21:53:50.167, 1, 90314, 97871
2026/09/22 21:53:50.167, 2, 88776, 97871
2026/09/22 21:53:50.167, 3, 89284, 97871
2026/09/22 21:53:50.367, 0, 89281, 97871
2026/09/22 21:53:50.367, 1, 90314, 97871
2026/09/22 21:53:50.367, 2, 88776, 97871
2026/09/22 21:53:50.367, 3, 89284, 97871
2026/09/22 21:53:50.567, 0, 89281, 97871
2026/09/22 21:53:50.567, 1, 90314, 97871
2026/09/22 21:53:50.567, 2, 88776, 97871
2026/09/22 21:53:50.567, 3, 89284, 97871
2026/09/22 21:53:50.768, 0, 89281, 97871
2026/09/22 21:53:50.768, 1, 90314, 97871
2026/09/22 21:53:50.768, 2, 88776, 97871
2026/09/22 21:53:50.768, 3, 89284, 97871
2026/09/22 21:53:50.968, 0, 89281, 97871
2026/09/22 21:53:50.968, 1, 90314, 97871
2026/09/22 21:53:50.968, 2, 88776, 97871
2026/09/22 21:53:50.968, 3, 89284, 97871
2026/09/22 21:53:51.168, 0, 89281, 97871
2026/09/22 21:53:51.168, 1, 90314, 97871
2026/09/22 21:53:51.168, 2, 88776, 97871
2026/09/22 21:53:51.168, 3, 89284, 97871
2026/09/22 21:53:51.368, 0, 89281, 97871
2026/09/22 21:53:51.368, 1, 90314, 97871
2026/09/22 21:53:51.368, 2, 88776, 97871
2026/09/22 21:53:51.368, 3, 89284, 97871
2026/09/22 21:53:51.569, 0, 89281, 97871
2026/09/22 21:53:51.569, 1, 90314, 97871
2026/09/22 21:53:51.569, 2, 88776, 97871
2026/09/22 21:53:51.569, 3, 89284, 97871
2026/09/22 21:53:51.769, 0, 89281, 97871
2026/09/22 21:53:51.769, 1, 90314, 97871
2026/09/22 21:53:51.769, 2, 88776, 97871
2026/09/22 21:53:51.769, 3, 89284, 97871
2026/09/22 21:53:51.969, 0, 89281, 97871
2026/09/22 21:53:51.969, 1, 90314, 97871
2026/09/22 21:53:51.969, 2, 88776, 97871
2026/09/22 21:53:51.969, 3, 89284, 97871
2026/09/22 21:53:52.169, 0, 89281, 97871
2026/09/22 21:53:52.169, 1, 90314, 97871
2026/09/22 21:53:52.169, 2, 88776, 97871
2026/09/22 21:53:52.169, 3, 89284, 97871
2026/09/22 21:53:52.369, 0, 89281, 97871
2026/09/22 21:53:52.369, 1, 90314, 97871
2026/09/22 21:53:52.369, 2, 88776, 97871
2026/09/22 21:53:52.370, 3, 89284, 97871
2026/09/22 21:53:52.570, 0, 89281, 97871
2026/09/22 21:53:52.570, 1, 90314, 97871
2026/09/22 21:53:52.570, 2, 88776, 97871
2026/09/22 21:53:52.570, 3, 89284, 97871
2026/09/22 21:53:52.770, 0, 89281, 97871
2026/09/22 21:53:52.770, 1, 90314, 97871
2026/09/22 21:53:52.770, 2, 88776, 97871
2026/09/22 21:53:52.770, 3, 89284, 97871
2026/09/22 21:53:52.970, 0, 89281, 97871
2026/09/22 21:53:52.970, 1, 90314, 97871
2026/09/22 21:53:52.970, 2, 88776, 97871
2026/09/22 21:53:52.970, 3, 89284, 97871
2026/09/22 21:53:53.170, 0, 89281, 97871
2026/09/22 21:53:53.170, 1, 90314, 97871
2026/09/22 21:53:53.170, 2, 88776, 97871
2026/09/22 21:53:53.170, 3, 89284, 97871
2026/09/22 21:53:53.371, 0, 89281, 97871
2026/09/22 21:53:53.371, 1, 90314, 97871
2026/09/22 21:53:53.371, 2, 88776, 97871
2026/09/22 21:53:53.371, 3, 89284, 97871
2026/09/22 21:53:53.571, 0, 89281, 97871
2026/09/22 21:53:53.571, 1, 90314, 97871
2026/09/22 21:53:53.571, 2, 88776, 97871
2026/09/22 21:53:53.571, 3, 89284, 97871
2026/09/22 21:53:53.771, 0, 89281, 97871
2026/09/22 21:53:53.771, 1, 90314, 97871
2026/09/22 21:53:53.771, 2, 88776, 97871
2026/09/22 21:53:53.771, 3, 89284, 97871
2026/09/22 21:53:53.971, 0, 89281, 97871
2026/09/22 21:53:53.971, 1, 90314, 97871
2026/09/22 21:53:53.971, 2, 88776, 97871
2026/09/22 21:53:53.971, 3, 89284, 97871
2026/09/22 21:53:54.171, 0, 89281, 97871
2026/09/22 21:53:54.172, 1, 90314, 97871
2026/09/22 21:53:54.172, 2, 88776, 97871
2026/09/22 21:53:54.172, 3, 89284, 97871
2026/09/22 21:53:54.372, 0, 89281, 97871
2026/09/22 21:53:54.372, 1, 90314, 97871
2026/09/22 21:53:54.372, 2, 88776, 97871
2026/09/22 21:53:54.372, 3, 89284, 97871
2026/09/22 21:53:54.572, 0, 89281, 97871
2026/09/22 21:53:54.572, 1, 90314, 97871
2026/09/22 21:53:54.572, 2, 88776, 97871
2026/09/22 21:53:54.572, 3, 89284, 97871
2026/09/22 21:53:54.772, 0, 89281, 97871
2026/09/22 21:53:54.772, 1, 90314, 97871
2026/09/22 21:53:54.773, 2, 88776, 97871
2026/09/22 21:53:54.773, 3, 89284, 97871
2026/09/22 21:53:54.973, 0, 89281, 97871
2026/09/22 21:53:54.973, 1, 90314, 97871
2026/09/22 21:53:54.973, 2, 88776, 97871
2026/09/22 21:53:54.973, 3, 89284, 97871
2026/09/22 21:53:55.173, 0, 89281, 97871
2026/09/22 21:53:55.173, 1, 90314, 97871
2026/09/22 21:53:55.173, 2, 88776, 97871
2026/09/22 21:53:55.173, 3, 89284, 97871
2026/09/22 21:53:55.373, 0, 89281, 97871
2026/09/22 21:53:55.373, 1, 90314, 97871
2026/09/22 21:53:55.373, 2, 88776, 97871
2026/09/22 21:53:55.373, 3, 89284, 97871
2026/09/22 21:53:55.573, 0, 89281, 97871
2026/09/22 21:53:55.573, 1, 90314, 97871
2026/09/22 21:53:55.574, 2, 88776, 97871
2026/09/22 21:53:55.574, 3, 89284, 97871
2026/09/22 21:53:55.774, 0, 89281, 97871
2026/09/22 21:53:55.774, 1, 90314, 97871
2026/09/22 21:53:55.774, 2, 88776, 97871
2026/09/22 21:53:55.774, 3, 89284, 97871
2026/09/22 21:53:55.974, 0, 89281, 97871
2026/09/22 21:53:55.974, 1, 90314, 97871
2026/09/22 21:53:55.974, 2, 88776, 97871
2026/09/22 21:53:55.974, 3, 89284, 97871
2026/09/22 21:53:56.174, 0, 89281, 97871
2026/09/22 21:53:56.174, 1, 90314, 97871
2026/09/22 21:53:56.174, 2, 88776, 97871
2026/09/22 21:53:56.174, 3, 89284, 97871
2026/09/22 21:53:56.374, 0, 89281, 97871
2026/09/22 21:53:56.375, 1, 90314, 97871
2026/09/22 21:53:56.375, 2, 88776, 97871
2026/09/22 21:53:56.375, 3, 89284, 97871
2026/09/22 21:53:56.575, 0, 89281, 97871
2026/09/22 21:53:56.575, 1, 90314, 97871
2026/09/22 21:53:56.575, 2, 88776, 97871
2026/09/22 21:53:56.575, 3, 89284, 97871
2026/09/22 21:53:56.775, 0, 89281, 97871
2026/09/22 21:53:56.775, 1, 90314, 97871
2026/09/22 21:53:56.775, 2, 88776, 97871
2026/09/22 21:53:56.775, 3, 89284, 97871
2026/09/22 21:53:56.975, 0, 89281, 97871
2026/09/22 21:53:56.975, 1, 90314, 97871
2026/09/22 21:53:56.975, 2, 88776, 97871
2026/09/22 21:53:56.976, 3, 89284, 97871
2026/09/22 21:53:57.176, 0, 89281, 97871
2026/09/22 21:53:57.176, 1, 90314, 97871
2026/09/22 21:53:57.176, 2, 88776, 97871
2026/09/22 21:53:57.176, 3, 89284, 97871
2026/09/22 21:53:57.376, 0, 89281, 97871
2026/09/22 21:53:57.376, 1, 90314, 97871
2026/09/22 21:53:57.376, 2, 88776, 97871
2026/09/22 21:53:57.376, 3, 89284, 97871
2026/09/22 21:53:57.576, 0, 89281, 97871
2026/09/22 21:53:57.576, 1, 90314, 97871
2026/09/22 21:53:57.576, 2, 88776, 97871
2026/09/22 21:53:57.576, 3, 89284, 97871
2026/09/22 21:53:57.777, 0, 89281, 97871
2026/09/22 21:53:57.777, 1, 90314, 97871
2026/09/22 21:53:57.777, 2, 88776, 97871
2026/09/22 21:53:57.777, 3, 89284, 97871
2026/09/22 21:53:57.977, 0, 89281, 97871
2026/09/22 21:53:57.977, 1, 90314, 97871
2026/09/22 21:53:57.977, 2, 88776, 97871
2026/09/22 21:53:57.977, 3, 89284, 97871
2026/09/22 21:53:58.177, 0, 89281, 97871
2026/09/22 21:53:58.177, 1, 90314, 97871
2026/09/22 21:53:58.177, 2, 88776, 97871
2026/09/22 21:53:58.177, 3, 89284, 97871
2026/09/22 21:53:58.377, 0, 89281, 97871
2026/09/22 21:53:58.378, 1, 90314, 97871
2026/09/22 21:53:58.378, 2, 88776, 97871
2026/09/22 21:53:58.378, 3, 89284, 97871
2026/09/22 21:53:58.578, 0, 89281, 97871
2026/09/22 21:53:58.578, 1, 90314, 97871
2026/09/22 21:53:58.578, 2, 88776, 97871
2026/09/22 21:53:58.578, 3, 89284, 97871
2026/09/22 21:53:58.778, 0, 89281, 97871
2026/09/22 21:53:58.778, 1, 90314, 97871
2026/09/22 21:53:58.778, 2, 88776, 97871
2026/09/22 21:53:58.778, 3, 89284, 97871
2026/09/22 21:53:58.978, 0, 89281, 97871
2026/09/22 21:53:58.978, 1, 90314, 97871
2026/09/22 21:53:58.978, 2, 88776, 97871
2026/09/22 21:53:58.978, 3, 89284, 97871
2026/09/22 21:53:59.179, 0, 89281, 97871
2026/09/22 21:53:59.179, 1, 90314, 97871
2026/09/22 21:53:59.179, 2, 88776, 97871
2026/09/22 21:53:59.179, 3, 89284, 97871
2026/09/22 21:53:59.379, 0, 89281, 97871
2026/09/22 21:53:59.379, 1, 90314, 97871
2026/09/22 21:53:59.379, 2, 88776, 97871
2026/09/22 21:53:59.379, 3, 89284, 97871
2026/09/22 21:53:59.579, 0, 89281, 97871
2026/09/22 21:53:59.579, 1, 90314, 97871
2026/09/22 21:53:59.579, 2, 88776, 97871
2026/09/22 21:53:59.579, 3, 89284, 97871
2026/09/22 21:53:59.779, 0, 89281, 97871
2026/09/22 21:53:59.780, 1, 90314, 97871
2026/09/22 21:53:59.780, 2, 88776, 97871
2026/09/22 21:53:59.780, 3, 89284, 97871
2026/09/22 21:53:59.980, 0, 89281, 97871
2026/09/22 21:53:59.980, 1, 90314, 97871
2026/09/22 21:53:59.980, 2, 88776, 97871
2026/09/22 21:53:59.980, 3, 89284, 97871
2026/09/22 21:54:00.180, 0, 89281, 97871
2026/09/22 21:54:00.180, 1, 90314, 97871
2026/09/22 21:54:00.180, 2, 88776, 97871
2026/09/22 21:54:00.180, 3, 89284, 97871
2026/09/22 21:54:00.380, 0, 89281, 97871
2026/09/22 21:54:00.380, 1, 90314, 97871
2026/09/22 21:54:00.381, 2, 88776, 97871
2026/09/22 21:54:00.381, 3, 89284, 97871
2026/09/22 21:54:00.581, 0, 89281, 97871
2026/09/22 21:54:00.581, 1, 90314, 97871
2026/09/22 21:54:00.581, 2, 88776, 97871
2026/09/22 21:54:00.581, 3, 89284, 97871
2026/09/22 21:54:00.781, 0, 89281, 97871
2026/09/22 21:54:00.781, 1, 90314, 97871
2026/09/22 21:54:00.781, 2, 88776, 97871
2026/09/22 21:54:00.781, 3, 89284, 97871
2026/09/22 21:54:00.981, 0, 89281, 97871
2026/09/22 21:54:00.981, 1, 90314, 97871
2026/09/22 21:54:00.981, 2, 88776, 97871
2026/09/22 21:54:00.981, 3, 89284, 97871
2026/09/22 21:54:01.182, 0, 89281, 97871
2026/09/22 21:54:01.182, 1, 90314, 97871
2026/09/22 21:54:01.182, 2, 88776, 97871
2026/09/22 21:54:01.182, 3, 89284, 97871
2026/09/22 21:54:01.382, 0, 89281, 97871
2026/09/22 21:54:01.382, 1, 90314, 97871
2026/09/22 21:54:01.382, 2, 88776, 97871
2026/09/22 21:54:01.382, 3, 89284, 97871
2026/09/22 21:54:01.582, 0, 89281, 97871
2026/09/22 21:54:01.582, 1, 90314, 97871
2026/09/22 21:54:01.582, 2, 88776, 97871
2026/09/22 21:54:01.582, 3, 89284, 97871
2026/09/22 21:54:01.783, 0, 89281, 97871
2026/09/22 21:54:01.783, 1, 90314, 97871
2026/09/22 21:54:01.783, 2, 88776, 97871
2026/09/22 21:54:01.783, 3, 89284, 97871
2026/09/22 21:54:01.983, 0, 89281, 97871
2026/09/22 21:54:01.983, 1, 90314, 97871
2026/09/22 21:54:01.983, 2, 88776, 97871
2026/09/22 21:54:01.983, 3, 89284, 97871
2026/09/22 21:54:02.183, 0, 89281, 97871
2026/09/22 21:54:02.183, 1, 90314, 97871
2026/09/22 21:54:02.183, 2, 88776, 97871
2026/09/22 21:54:02.183, 3, 89284, 97871
2026/09/22 21:54:02.383, 0, 89281, 97871
2026/09/22 21:54:02.383, 1, 90314, 97871
2026/09/22 21:54:02.383, 2, 88776, 97871
2026/09/22 21:54:02.383, 3, 89284, 97871
2026/09/22 21:54:02.584, 0, 89281, 97871
2026/09/22 21:54:02.584, 1, 90314, 97871
2026/09/22 21:54:02.584, 2, 88776, 97871
2026/09/22 21:54:02.584, 3, 89284, 97871
2026/09/22 21:54:02.784, 0, 89281, 97871
2026/09/22 21:54:02.784, 1, 90314, 97871
2026/09/22 21:54:02.784, 2, 88776, 97871
2026/09/22 21:54:02.784, 3, 89284, 97871
2026/09/22 21:54:02.984, 0, 89281, 97871
2026/09/22 21:54:02.984, 1, 90314, 97871
2026/09/22 21:54:02.984, 2, 88776, 97871
2026/09/22 21:54:02.984, 3, 89284, 97871
2026/09/22 21:54:03.184, 0, 89281, 97871
2026/09/22 21:54:03.184, 1, 90314, 97871
2026/09/22 21:54:03.184, 2, 88776, 97871
2026/09/22 21:54:03.184, 3, 89284, 97871
2026/09/22 21:54:03.385, 0, 89281, 97871
2026/09/22 21:54:03.385, 1, 90314, 97871
2026/09/22 21:54:03.385, 2, 88776, 97871
2026/09/22 21:54:03.385, 3, 89284, 97871
2026/09/22 21:54:03.585, 0, 89281, 97871
2026/09/22 21:54:03.585, 1, 90314, 97871
2026/09/22 21:54:03.585, 2, 88776, 97871
2026/09/22 21:54:03.585, 3, 89284, 97871
2026/09/22 21:54:03.785, 0, 89281, 97871
2026/09/22 21:54:03.785, 1, 90314, 97871
2026/09/22 21:54:03.785, 2, 88776, 97871
2026/09/22 21:54:03.785, 3, 89284, 97871
2026/09/22 21:54:03.986, 0, 89281, 97871
2026/09/22 21:54:03.986, 1, 90314, 97871
2026/09/22 21:54:03.986, 2, 88776, 97871
2026/09/22 21:54:03.986, 3, 89284, 97871
2026/09/22 21:54:04.186, 0, 89281, 97871
2026/09/22 21:54:04.186, 1, 90314, 97871
2026/09/22 21:54:04.186, 2, 88776, 97871
2026/09/22 21:54:04.186, 3, 89284, 97871
2026/09/22 21:54:04.386, 0, 89281, 97871
2026/09/22 21:54:04.386, 1, 90314, 97871
2026/09/22 21:54:04.386, 2, 88776, 97871
2026/09/22 21:54:04.386, 3, 89284, 97871
2026/09/22 21:54:04.586, 0, 89281, 97871
2026/09/22 21:54:04.586, 1, 90314, 97871
2026/09/22 21:54:04.586, 2, 88776, 97871
2026/09/22 21:54:04.586, 3, 89284, 97871
2026/09/22 21:54:04.787, 0, 89281, 97871
2026/09/22 21:54:04.787, 1, 90314, 97871
2026/09/22 21:54:04.787, 2, 88776, 97871
2026/09/22 21:54:04.787, 3, 89284, 97871
2026/09/22 21:54:04.987, 0, 89281, 97871
2026/09/22 21:54:04.987, 1, 90314, 97871
2026/09/22 21:54:04.987, 2, 88776, 97871
2026/09/22 21:54:04.987, 3, 89284, 97871
2026/09/22 21:54:05.187, 0, 89281, 97871
2026/09/22 21:54:05.187, 1, 90314, 97871
2026/09/22 21:54:05.187, 2, 88776, 97871
2026/09/22 21:54:05.187, 3, 89284, 97871
2026/09/22 21:54:05.387, 0, 89281, 97871
2026/09/22 21:54:05.387, 1, 90314, 97871
2026/09/22 21:54:05.387, 2, 88776, 97871
2026/09/22 21:54:05.388, 3, 89284, 97871
2026/09/22 21:54:05.588, 0, 89281, 97871
2026/09/22 21:54:05.588, 1, 90314, 97871
2026/09/22 21:54:05.588, 2, 88776, 97871
2026/09/22 21:54:05.588, 3, 89284, 97871
2026/09/22 21:54:05.788, 0, 89281, 97871
2026/09/22 21:54:05.788, 1, 90314, 97871
2026/09/22 21:54:05.788, 2, 88776, 97871
2026/09/22 21:54:05.788, 3, 89284, 97871
2026/09/22 21:54:05.988, 0, 89281, 97871
2026/09/22 21:54:05.989, 1, 90314, 97871
2026/09/22 21:54:05.989, 2, 88776, 97871
2026/09/22 21:54:05.989, 3, 89284, 97871
2026/09/22 21:54:06.189, 0, 89281, 97871
2026/09/22 21:54:06.189, 1, 90314, 97871
2026/09/22 21:54:06.189, 2, 88776, 97871
2026/09/22 21:54:06.189, 3, 89284, 97871
2026/09/22 21:54:06.389, 0, 89281, 97871
2026/09/22 21:54:06.389, 1, 90314, 97871
2026/09/22 21:54:06.389, 2, 88776, 97871
2026/09/22 21:54:06.389, 3, 89284, 97871
2026/09/22 21:54:06.589, 0, 89281, 97871
2026/09/22 21:54:06.589, 1, 90314, 97871
2026/09/22 21:54:06.590, 2, 88776, 97871
2026/09/22 21:54:06.590, 3, 89284, 97871
2026/09/22 21:54:06.790, 0, 89281, 97871
2026/09/22 21:54:06.790, 1, 90314, 97871
2026/09/22 21:54:06.790, 2, 88776, 97871
2026/09/22 21:54:06.790, 3, 89284, 97871
2026/09/22 21:54:06.990, 0, 89281, 97871
2026/09/22 21:54:06.990, 1, 90314, 97871
2026/09/22 21:54:06.990, 2, 88776, 97871
2026/09/22 21:54:06.990, 3, 89284, 97871
2026/09/22 21:54:07.190, 0, 89281, 97871
2026/09/22 21:54:07.191, 1, 90314, 97871
2026/09/22 21:54:07.191, 2, 88776, 97871
2026/09/22 21:54:07.191, 3, 89284, 97871
2026/09/22 21:54:07.391, 0, 89281, 97871
2026/09/22 21:54:07.391, 1, 90314, 97871
2026/09/22 21:54:07.391, 2, 88776, 97871
2026/09/22 21:54:07.391, 3, 89284, 97871
2026/09/22 21:54:07.591, 0, 89281, 97871
2026/09/22 21:54:07.591, 1, 90314, 97871
2026/09/22 21:54:07.591, 2, 88776, 97871
2026/09/22 21:54:07.591, 3, 89284, 97871
2026/09/22 21:54:07.791, 0, 89281, 97871
2026/09/22 21:54:07.791, 1, 90314, 97871
2026/09/22 21:54:07.791, 2, 88776, 97871
2026/09/22 21:54:07.791, 3, 89284, 97871
2026/09/22 21:54:07.992, 0, 89281, 97871
2026/09/22 21:54:07.992, 1, 90314, 97871
2026/09/22 21:54:07.992, 2, 88776, 97871
2026/09/22 21:54:07.992, 3, 89284, 97871
2026/09/22 21:54:08.192, 0, 89281, 97871
2026/09/22 21:54:08.192, 1, 90314, 97871
2026/09/22 21:54:08.192, 2, 88776, 97871
2026/09/22 21:54:08.192, 3, 89284, 97871
2026/09/22 21:54:08.392, 0, 89281, 97871
2026/09/22 21:54:08.392, 1, 90314, 97871
2026/09/22 21:54:08.392, 2, 88776, 97871
2026/09/22 21:54:08.392, 3, 89284, 97871
2026/09/22 21:54:08.592, 0, 89281, 97871
2026/09/22 21:54:08.592, 1, 90314, 97871
2026/09/22 21:54:08.592, 2, 88776, 97871
2026/09/22 21:54:08.592, 3, 89284, 97871
2026/09/22 21:54:08.793, 0, 89281, 97871
2026/09/22 21:54:08.793, 1, 90314, 97871
2026/09/22 21:54:08.793, 2, 88776, 97871
2026/09/22 21:54:08.793, 3, 89284, 97871
2026/09/22 21:54:08.993, 0, 89281, 97871
2026/09/22 21:54:08.993, 1, 90314, 97871
2026/09/22 21:54:08.993, 2, 88776, 97871
2026/09/22 21:54:08.993, 3, 89284, 97871
2026/09/22 21:54:09.193, 0, 89281, 97871
2026/09/22 21:54:09.193, 1, 90314, 97871
2026/09/22 21:54:09.193, 2, 88776, 97871
2026/09/22 21:54:09.194, 3, 89284, 97871
2026/09/22 21:54:09.394, 0, 89281, 97871
2026/09/22 21:54:09.394, 1, 90314, 97871
2026/09/22 21:54:09.394, 2, 88776, 97871
2026/09/22 21:54:09.394, 3, 89284, 97871
2026/09/22 21:54:09.594, 0, 89281, 97871
2026/09/22 21:54:09.594, 1, 90314, 97871
2026/09/22 21:54:09.594, 2, 88776, 97871
2026/09/22 21:54:09.594, 3, 89284, 97871
2026/09/22 21:54:09.794, 0, 89281, 97871
2026/09/22 21:54:09.794, 1, 90314, 97871
2026/09/22 21:54:09.794, 2, 88776, 97871
2026/09/22 21:54:09.794, 3, 89284, 97871
2026/09/22 21:54:09.995, 0, 89281, 97871
2026/09/22 21:54:09.995, 1, 90314, 97871
2026/09/22 21:54:09.995, 2, 88776, 97871
2026/09/22 21:54:09.995, 3, 89284, 97871
2026/09/22 21:54:10.195, 0, 89281, 97871
2026/09/22 21:54:10.195, 1, 90314, 97871
2026/09/22 21:54:10.195, 2, 88776, 97871
2026/09/22 21:54:10.195, 3, 89284, 97871
2026/09/22 21:54:10.395, 0, 89281, 97871
2026/09/22 21:54:10.395, 1, 90314, 97871
2026/09/22 21:54:10.395, 2, 88776, 97871
2026/09/22 21:54:10.395, 3, 89284, 97871
2026/09/22 21:54:10.595, 0, 89281, 97871
2026/09/22 21:54:10.596, 1, 90314, 97871
2026/09/22 21:54:10.596, 2, 88776, 97871
2026/09/22 21:54:10.596, 3, 89284, 97871
2026/09/22 21:54:10.796, 0, 89281, 97871
2026/09/22 21:54:10.796, 1, 90314, 97871
2026/09/22 21:54:10.796, 2, 88776, 97871
2026/09/22 21:54:10.796, 3, 89284, 97871
2026/09/22 21:54:10.996, 0, 89281, 97871
2026/09/22 21:54:10.996, 1, 90314, 97871
2026/09/22 21:54:10.996, 2, 88776, 97871
2026/09/22 21:54:10.996, 3, 89284, 97871
2026/09/22 21:54:11.196, 0, 89281, 97871
2026/09/22 21:54:11.196, 1, 90314, 97871
2026/09/22 21:54:11.196, 2, 88776, 97871
2026/09/22 21:54:11.196, 3, 89284, 97871
2026/09/22 21:54:11.396, 0, 89281, 97871
2026/09/22 21:54:11.397, 1, 90314, 97871
2026/09/22 21:54:11.397, 2, 88776, 97871
2026/09/22 21:54:11.397, 3, 89284, 97871
2026/09/22 21:54:11.597, 0, 89281, 97871
2026/09/22 21:54:11.597, 1, 90314, 97871
2026/09/22 21:54:11.597, 2, 88776, 97871
2026/09/22 21:54:11.597, 3, 89284, 97871
2026/09/22 21:54:11.797, 0, 89281, 97871
2026/09/22 21:54:11.797, 1, 90314, 97871
2026/09/22 21:54:11.797, 2, 88776, 97871
2026/09/22 21:54:11.797, 3, 89284, 97871
2026/09/22 21:54:11.997, 0, 89281, 97871
2026/09/22 21:54:11.997, 1, 90314, 97871
2026/09/22 21:54:11.997, 2, 88776, 97871
2026/09/22 21:54:11.997, 3, 89284, 97871
2026/09/22 21:54:12.197, 0, 89281, 97871
2026/09/22 21:54:12.198, 1, 90314, 97871
2026/09/22 21:54:12.198, 2, 88776, 97871
2026/09/22 21:54:12.198, 3, 89284, 97871
2026/09/22 21:54:12.398, 0, 89281, 97871
2026/09/22 21:54:12.398, 1, 90314, 97871
2026/09/22 21:54:12.398, 2, 88776, 97871
2026/09/22 21:54:12.398, 3, 89284, 97871
2026/09/22 21:54:12.598, 0, 89281, 97871
2026/09/22 21:54:12.598, 1, 90314, 97871
2026/09/22 21:54:12.598, 2, 88776, 97871
2026/09/22 21:54:12.598, 3, 89284, 97871
2026/09/22 21:54:12.798, 0, 89281, 97871
2026/09/22 21:54:12.799, 1, 90314, 97871
2026/09/22 21:54:12.799, 2, 88776, 97871
2026/09/22 21:54:12.799, 3, 89284, 97871
2026/09/22 21:54:12.999, 0, 89281, 97871
2026/09/22 21:54:12.999, 1, 90314, 97871
2026/09/22 21:54:12.999, 2, 88776, 97871
2026/09/22 21:54:12.999, 3, 89284, 97871
2026/09/22 21:54:13.199, 0, 89281, 97871
2026/09/22 21:54:13.199, 1, 90314, 97871
2026/09/22 21:54:13.199, 2, 88776, 97871
2026/09/22 21:54:13.199, 3, 89284, 97871
2026/09/22 21:54:13.399, 0, 89281, 97871
2026/09/22 21:54:13.400, 1, 90314, 97871
2026/09/22 21:54:13.400, 2, 88776, 97871
2026/09/22 21:54:13.400, 3, 89284, 97871
2026/09/22 21:54:13.600, 0, 89281, 97871
2026/09/22 21:54:13.600, 1, 90314, 97871
2026/09/22 21:54:13.600, 2, 88776, 97871
2026/09/22 21:54:13.600, 3, 89284, 97871
2026/09/22 21:54:13.800, 0, 89281, 97871
2026/09/22 21:54:13.800, 1, 90314, 97871
2026/09/22 21:54:13.800, 2, 88776, 97871
2026/09/22 21:54:13.800, 3, 89284, 97871
2026/09/22 21:54:14.000, 0, 89281, 97871
2026/09/22 21:54:14.000, 1, 90314, 97871
2026/09/22 21:54:14.001, 2, 88776, 97871
2026/09/22 21:54:14.001, 3, 89284, 97871
2026/09/22 21:54:14.201, 0, 89281, 97871
2026/09/22 21:54:14.201, 1, 90314, 97871
2026/09/22 21:54:14.201, 2, 88776, 97871
2026/09/22 21:54:14.201, 3, 89284, 97871
2026/09/22 21:54:14.401, 0, 89281, 97871
2026/09/22 21:54:14.401, 1, 90314, 97871
2026/09/22 21:54:14.401, 2, 88776, 97871
2026/09/22 21:54:14.401, 3, 89284, 97871
2026/09/22 21:54:14.601, 0, 89281, 97871
2026/09/22 21:54:14.601, 1, 90314, 97871
2026/09/22 21:54:14.601, 2, 88776, 97871
2026/09/22 21:54:14.602, 3, 89284, 97871
2026/09/22 21:54:14.802, 0, 89281, 97871
2026/09/22 21:54:14.802, 1, 90314, 97871
2026/09/22 21:54:14.802, 2, 88776, 97871
2026/09/22 21:54:14.802, 3, 89284, 97871
2026/09/22 21:54:15.002, 0, 89281, 97871
2026/09/22 21:54:15.002, 1, 90314, 97871
2026/09/22 21:54:15.002, 2, 88776, 97871
2026/09/22 21:54:15.002, 3, 89284, 97871
2026/09/22 21:54:15.202, 0, 89281, 97871
2026/09/22 21:54:15.202, 1, 90314, 97871
2026/09/22 21:54:15.202, 2, 88776, 97871
2026/09/22 21:54:15.202, 3, 89284, 97871
2026/09/22 21:54:15.402, 0, 89281, 97871
2026/09/22 21:54:15.402, 1, 90314, 97871
2026/09/22 21:54:15.403, 2, 88776, 97871
2026/09/22 21:54:15.403, 3, 89284, 97871
2026/09/22 21:54:15.603, 0, 89281, 97871
2026/09/22 21:54:15.603, 1, 90314, 97871
2026/09/22 21:54:15.603, 2, 88776, 97871
2026/09/22 21:54:15.603, 3, 89284, 97871
2026/09/22 21:54:15.803, 0, 89281, 97871
2026/09/22 21:54:15.803, 1, 90314, 97871
2026/09/22 21:54:15.803, 2, 88776, 97871
2026/09/22 21:54:15.803, 3, 89284, 97871
2026/09/22 21:54:16.003, 0, 89281, 97871
2026/09/22 21:54:16.003, 1, 90314, 97871
2026/09/22 21:54:16.003, 2, 88776, 97871
2026/09/22 21:54:16.003, 3, 89284, 97871
2026/09/22 21:54:16.203, 0, 89281, 97871
2026/09/22 21:54:16.203, 1, 90314, 97871
2026/09/22 21:54:16.204, 2, 88776, 97871
2026/09/22 21:54:16.204, 3, 89284, 97871
2026/09/22 21:54:16.404, 0, 89281, 97871
2026/09/22 21:54:16.404, 1, 90314, 97871
2026/09/22 21:54:16.404, 2, 88776, 97871
2026/09/22 21:54:16.404, 3, 89284, 97871
2026/09/22 21:54:16.604, 0, 89281, 97871
2026/09/22 21:54:16.604, 1, 90314, 97871
2026/09/22 21:54:16.604, 2, 88776, 97871
2026/09/22 21:54:16.604, 3, 89284, 97871
2026/09/22 21:54:16.804, 0, 89281, 97871
2026/09/22 21:54:16.804, 1, 90314, 97871
2026/09/22 21:54:16.804, 2, 88776, 97871
2026/09/22 21:54:16.805, 3, 89284, 97871
2026/09/22 21:54:17.005, 0, 89281, 97871
2026/09/22 21:54:17.005, 1, 90314, 97871
2026/09/22 21:54:17.005, 2, 88776, 97871
2026/09/22 21:54:17.005, 3, 89284, 97871
2026/09/22 21:54:17.205, 0, 89281, 97871
2026/09/22 21:54:17.205, 1, 90314, 97871
2026/09/22 21:54:17.205, 2, 88776, 97871
2026/09/22 21:54:17.205, 3, 89284, 97871
2026/09/22 21:54:17.405, 0, 89281, 97871
2026/09/22 21:54:17.405, 1, 90314, 97871
2026/09/22 21:54:17.405, 2, 88776, 97871
2026/09/22 21:54:17.405, 3, 89284, 97871
2026/09/22 21:54:17.605, 0, 89281, 97871
2026/09/22 21:54:17.605, 1, 90314, 97871
2026/09/22 21:54:17.605, 2, 88776, 97871
2026/09/22 21:54:17.606, 3, 89284, 97871
2026/09/22 21:54:17.806, 0, 89281, 97871
2026/09/22 21:54:17.806, 1, 90314, 97871
2026/09/22 21:54:17.806, 2, 88776, 97871
2026/09/22 21:54:17.806, 3, 89284, 97871
2026/09/22 21:54:18.006, 0, 89281, 97871
2026/09/22 21:54:18.006, 1, 90314, 97871
2026/09/22 21:54:18.006, 2, 88776, 97871
2026/09/22 21:54:18.006, 3, 89284, 97871
2026/09/22 21:54:18.206, 0, 89281, 97871
2026/09/22 21:54:18.206, 1, 90314, 97871
2026/09/22 21:54:18.206, 2, 88776, 97871
2026/09/22 21:54:18.206, 3, 89284, 97871
2026/09/22 21:54:18.406, 0, 89281, 97871
2026/09/22 21:54:18.407, 1, 90314, 97871
2026/09/22 21:54:18.407, 2, 88776, 97871
2026/09/22 21:54:18.407, 3, 89284, 97871
2026/09/22 21:54:18.607, 0, 89281, 97871
2026/09/22 21:54:18.607, 1, 90314, 97871
2026/09/22 21:54:18.607, 2, 88776, 97871
2026/09/22 21:54:18.607, 3, 89284, 97871
2026/09/22 21:54:18.807, 0, 89281, 97871
2026/09/22 21:54:18.807, 1, 90314, 97871
2026/09/22 21:54:18.807, 2, 88776, 97871
2026/09/22 21:54:18.807, 3, 89284, 97871
2026/09/22 21:54:19.007, 0, 89281, 97871
2026/09/22 21:54:19.007, 1, 90314, 97871
2026/09/22 21:54:19.008, 2, 88776, 97871
2026/09/22 21:54:19.008, 3, 89284, 97871
2026/09/22 21:54:19.208, 0, 89281, 97871
2026/09/22 21:54:19.208, 1, 90314, 97871
2026/09/22 21:54:19.208, 2, 88776, 97871
2026/09/22 21:54:19.208, 3, 89284, 97871
2026/09/22 21:54:19.408, 0, 89281, 97871
2026/09/22 21:54:19.408, 1, 90314, 97871
2026/09/22 21:54:19.408, 2, 88776, 97871
2026/09/22 21:54:19.408, 3, 89284, 97871
2026/09/22 21:54:19.608, 0, 89281, 97871
2026/09/22 21:54:19.608, 1, 90314, 97871
2026/09/22 21:54:19.608, 2, 88776, 97871
2026/09/22 21:54:19.608, 3, 89284, 97871
2026/09/22 21:54:19.808, 0, 89281, 97871
2026/09/22 21:54:19.809, 1, 90314, 97871
2026/09/22 21:54:19.809, 2, 88776, 97871
2026/09/22 21:54:19.809, 3, 89284, 97871
2026/09/22 21:54:20.009, 0, 89281, 97871
2026/09/22 21:54:20.009, 1, 90314, 97871
2026/09/22 21:54:20.009, 2, 88776, 97871
2026/09/22 21:54:20.009, 3, 89284, 97871
2026/09/22 21:54:20.209, 0, 89281, 97871
2026/09/22 21:54:20.209, 1, 90314, 97871
2026/09/22 21:54:20.209, 2, 88776, 97871
2026/09/22 21:54:20.209, 3, 89284, 97871
2026/09/22 21:54:20.409, 0, 89281, 97871
2026/09/22 21:54:20.409, 1, 90314, 97871
2026/09/22 21:54:20.409, 2, 88776, 97871
2026/09/22 21:54:20.410, 3, 89284, 97871
2026/09/22 21:54:20.610, 0, 89281, 97871
2026/09/22 21:54:20.610, 1, 90314, 97871
2026/09/22 21:54:20.610, 2, 88776, 97871
2026/09/22 21:54:20.610, 3, 89284, 97871
2026/09/22 21:54:20.810, 0, 89281, 97871
2026/09/22 21:54:20.810, 1, 90314, 97871
2026/09/22 21:54:20.810, 2, 88776, 97871
2026/09/22 21:54:20.810, 3, 89284, 97871
2026/09/22 21:54:21.010, 0, 89281, 97871
2026/09/22 21:54:21.010, 1, 90314, 97871
2026/09/22 21:54:21.010, 2, 88776, 97871
2026/09/22 21:54:21.010, 3, 89284, 97871
2026/09/22 21:54:21.210, 0, 89281, 97871
2026/09/22 21:54:21.211, 1, 90314, 97871
2026/09/22 21:54:21.211, 2, 88776, 97871
2026/09/22 21:54:21.211, 3, 89284, 97871
2026/09/22 21:54:21.411, 0, 89281, 97871
2026/09/22 21:54:21.411, 1, 90314, 97871
2026/09/22 21:54:21.411, 2, 88776, 97871
2026/09/22 21:54:21.411, 3, 89284, 97871
2026/09/22 21:54:21.611, 0, 89281, 97871
2026/09/22 21:54:21.611, 1, 90314, 97871
2026/09/22 21:54:21.611, 2, 88776, 97871
2026/09/22 21:54:21.611, 3, 89284, 97871
2026/09/22 21:54:21.811, 0, 89281, 97871
2026/09/22 21:54:21.812, 1, 90314, 97871
2026/09/22 21:54:21.812, 2, 88776, 97871
2026/09/22 21:54:21.812, 3, 89284, 97871
2026/09/22 21:54:22.012, 0, 89281, 97871
2026/09/22 21:54:22.012, 1, 90314, 97871
2026/09/22 21:54:22.012, 2, 88776, 97871
2026/09/22 21:54:22.012, 3, 89284, 97871
2026/09/22 21:54:22.212, 0, 89281, 97871
2026/09/22 21:54:22.212, 1, 90314, 97871
2026/09/22 21:54:22.212, 2, 88776, 97871
2026/09/22 21:54:22.212, 3, 89284, 97871
2026/09/22 21:54:22.412, 0, 89281, 97871
2026/09/22 21:54:22.412, 1, 90314, 97871
2026/09/22 21:54:22.413, 2, 88776, 97871
2026/09/22 21:54:22.413, 3, 89284, 97871
2026/09/22 21:54:22.613, 0, 89281, 97871
2026/09/22 21:54:22.613, 1, 90314, 97871
2026/09/22 21:54:22.613, 2, 88776, 97871
2026/09/22 21:54:22.613, 3, 89284, 97871
2026/09/22 21:54:22.813, 0, 89281, 97871
2026/09/22 21:54:22.813, 1, 90314, 97871
2026/09/22 21:54:22.813, 2, 88776, 97871
2026/09/22 21:54:22.813, 3, 89284, 97871
2026/09/22 21:54:23.013, 0, 89281, 97871
2026/09/22 21:54:23.013, 1, 90314, 97871
2026/09/22 21:54:23.013, 2, 88776, 97871
2026/09/22 21:54:23.013, 3, 89284, 97871
2026/09/22 21:54:23.213, 0, 89281, 97871
2026/09/22 21:54:23.214, 1, 90314, 97871
2026/09/22 21:54:23.214, 2, 88776, 97871
2026/09/22 21:54:23.214, 3, 89284, 97871
2026/09/22 21:54:23.414, 0, 89281, 97871
2026/09/22 21:54:23.414, 1, 90314, 97871
2026/09/22 21:54:23.414, 2, 88776, 97871
2026/09/22 21:54:23.414, 3, 89284, 97871
2026/09/22 21:54:23.614, 0, 89281, 97871
2026/09/22 21:54:23.614, 1, 90314, 97871
2026/09/22 21:54:23.614, 2, 88776, 97871
2026/09/22 21:54:23.614, 3, 89284, 97871
2026/09/22 21:54:23.814, 0, 89281, 97871
2026/09/22 21:54:23.815, 1, 90314, 97871
2026/09/22 21:54:23.815, 2, 88776, 97871
2026/09/22 21:54:23.815, 3, 89284, 97871
2026/09/22 21:54:24.015, 0, 89281, 97871
2026/09/22 21:54:24.015, 1, 90314, 97871
2026/09/22 21:54:24.015, 2, 88776, 97871
2026/09/22 21:54:24.015, 3, 89284, 97871
2026/09/22 21:54:24.215, 0, 89281, 97871
2026/09/22 21:54:24.215, 1, 90314, 97871
2026/09/22 21:54:24.215, 2, 88776, 97871
2026/09/22 21:54:24.215, 3, 89284, 97871
2026/09/22 21:54:24.415, 0, 89281, 97871
2026/09/22 21:54:24.415, 1, 90314, 97871
2026/09/22 21:54:24.416, 2, 88776, 97871
2026/09/22 21:54:24.416, 3, 89284, 97871
2026/09/22 21:54:24.616, 0, 89281, 97871
2026/09/22 21:54:24.616, 1, 90314, 97871
2026/09/22 21:54:24.616, 2, 88776, 97871
2026/09/22 21:54:24.616, 3, 89284, 97871
2026/09/22 21:54:24.816, 0, 89281, 97871
2026/09/22 21:54:24.816, 1, 90314, 97871
2026/09/22 21:54:24.816, 2, 88776, 97871
2026/09/22 21:54:24.816, 3, 89284, 97871
2026/09/22 21:54:25.017, 0, 89281, 97871
2026/09/22 21:54:25.017, 1, 90314, 97871
2026/09/22 21:54:25.017, 2, 88776, 97871
2026/09/22 21:54:25.017, 3, 89284, 97871
2026/09/22 21:54:25.217, 0, 89281, 97871
2026/09/22 21:54:25.217, 1, 90314, 97871
2026/09/22 21:54:25.217, 2, 88776, 97871
2026/09/22 21:54:25.217, 3, 89284, 97871
2026/09/22 21:54:25.417, 0, 89281, 97871
2026/09/22 21:54:25.417, 1, 90314, 97871
2026/09/22 21:54:25.417, 2, 88776, 97871
2026/09/22 21:54:25.417, 3, 89284, 97871
2026/09/22 21:54:25.617, 0, 89281, 97871
2026/09/22 21:54:25.618, 1, 90314, 97871
2026/09/22 21:54:25.618, 2, 88776, 97871
2026/09/22 21:54:25.618, 3, 89284, 97871
2026/09/22 21:54:25.818, 0, 89281, 97871
2026/09/22 21:54:25.818, 1, 90314, 97871
2026/09/22 21:54:25.818, 2, 88776, 97871
2026/09/22 21:54:25.818, 3, 89284, 97871
2026/09/22 21:54:26.018, 0, 89281, 97871
2026/09/22 21:54:26.018, 1, 90314, 97871
2026/09/22 21:54:26.018, 2, 88776, 97871
2026/09/22 21:54:26.018, 3, 89284, 97871
2026/09/22 21:54:26.218, 0, 89281, 97871
2026/09/22 21:54:26.218, 1, 90314, 97871
2026/09/22 21:54:26.219, 2, 88776, 97871
2026/09/22 21:54:26.219, 3, 89284, 97871
2026/09/22 21:54:26.419, 0, 89281, 97871
2026/09/22 21:54:26.419, 1, 90314, 97871
2026/09/22 21:54:26.419, 2, 88776, 97871
2026/09/22 21:54:26.419, 3, 89284, 97871
2026/09/22 21:54:26.619, 0, 89281, 97871
2026/09/22 21:54:26.619, 1, 90314, 97871
2026/09/22 21:54:26.619, 2, 88776, 97871
2026/09/22 21:54:26.619, 3, 89284, 97871
2026/09/22 21:54:26.819, 0, 89281, 97871
2026/09/22 21:54:26.819, 1, 90314, 97871
2026/09/22 21:54:26.819, 2, 88776, 97871
2026/09/22 21:54:26.819, 3, 89284, 97871
2026/09/22 21:54:27.019, 0, 89281, 97871
2026/09/22 21:54:27.020, 1, 90314, 97871
2026/09/22 21:54:27.020, 2, 88776, 97871
2026/09/22 21:54:27.020, 3, 89284, 97871
2026/09/22 21:54:27.220, 0, 89281, 97871
2026/09/22 21:54:27.220, 1, 90314, 97871
2026/09/22 21:54:27.220, 2, 88776, 97871
2026/09/22 21:54:27.220, 3, 89284, 97871
2026/09/22 21:54:27.420, 0, 89281, 97871
2026/09/22 21:54:27.420, 1, 90314, 97871
2026/09/22 21:54:27.420, 2, 88776, 97871
2026/09/22 21:54:27.420, 3, 89284, 97871
2026/09/22 21:54:27.620, 0, 89281, 97871
2026/09/22 21:54:27.620, 1, 90314, 97871
2026/09/22 21:54:27.620, 2, 88776, 97871
2026/09/22 21:54:27.620, 3, 89284, 97871
2026/09/22 21:54:27.820, 0, 89281, 97871
2026/09/22 21:54:27.821, 1, 90314, 97871
2026/09/22 21:54:27.821, 2, 88776, 97871
2026/09/22 21:54:27.821, 3, 89284, 97871
2026/09/22 21:54:28.021, 0, 89281, 97871
2026/09/22 21:54:28.021, 1, 90314, 97871
2026/09/22 21:54:28.021, 2, 88776, 97871
2026/09/22 21:54:28.021, 3, 89284, 97871
2026/09/22 21:54:28.221, 0, 89281, 97871
2026/09/22 21:54:28.221, 1, 90314, 97871
2026/09/22 21:54:28.221, 2, 88776, 97871
2026/09/22 21:54:28.221, 3, 89284, 97871
2026/09/22 21:54:28.421, 0, 89281, 97871
2026/09/22 21:54:28.422, 1, 90314, 97871
2026/09/22 21:54:28.422, 2, 88776, 97871
2026/09/22 21:54:28.422, 3, 89284, 97871
2026/09/22 21:54:28.622, 0, 89281, 97871
2026/09/22 21:54:28.622, 1, 90314, 97871
2026/09/22 21:54:28.622, 2, 88776, 97871
2026/09/22 21:54:28.622, 3, 89284, 97871
2026/09/22 21:54:28.822, 0, 89281, 97871
2026/09/22 21:54:28.822, 1, 90314, 97871
2026/09/22 21:54:28.822, 2, 88776, 97871
2026/09/22 21:54:28.822, 3, 89284, 97871
2026/09/22 21:54:29.022, 0, 89281, 97871
2026/09/22 21:54:29.022, 1, 90314, 97871
2026/09/22 21:54:29.023, 2, 88776, 97871
2026/09/22 21:54:29.023, 3, 89284, 97871
2026/09/22 21:54:29.223, 0, 89281, 97871
2026/09/22 21:54:29.223, 1, 90314, 97871
2026/09/22 21:54:29.223, 2, 88776, 97871
2026/09/22 21:54:29.223, 3, 89284, 97871
2026/09/22 21:54:29.423, 0, 89281, 97871
2026/09/22 21:54:29.423, 1, 90314, 97871
2026/09/22 21:54:29.423, 2, 88776, 97871
2026/09/22 21:54:29.423, 3, 89284, 97871
2026/09/22 21:54:29.623, 0, 89281, 97871
2026/09/22 21:54:29.623, 1, 90314, 97871
2026/09/22 21:54:29.623, 2, 88776, 97871
2026/09/22 21:54:29.623, 3, 89284, 97871
2026/09/22 21:54:29.823, 0, 89281, 97871
2026/09/22 21:54:29.824, 1, 90314, 97871
2026/09/22 21:54:29.824, 2, 88776, 97871
2026/09/22 21:54:29.824, 3, 89284, 97871
2026/09/22 21:54:30.024, 0, 89281, 97871
2026/09/22 21:54:30.024, 1, 90314, 97871
2026/09/22 21:54:30.024, 2, 88776, 97871
2026/09/22 21:54:30.024, 3, 89284, 97871
2026/09/22 21:54:30.224, 0, 89281, 97871
2026/09/22 21:54:30.224, 1, 90314, 97871
2026/09/22 21:54:30.224, 2, 88776, 97871
2026/09/22 21:54:30.224, 3, 89284, 97871
2026/09/22 21:54:30.424, 0, 89281, 97871
2026/09/22 21:54:30.424, 1, 90314, 97871
2026/09/22 21:54:30.424, 2, 88776, 97871
2026/09/22 21:54:30.425, 3, 89284, 97871
2026/09/22 21:54:30.625, 0, 89281, 97871
2026/09/22 21:54:30.625, 1, 90314, 97871
2026/09/22 21:54:30.625, 2, 88776, 97871
2026/09/22 21:54:30.625, 3, 89284, 97871
2026/09/22 21:54:30.825, 0, 89281, 97871
2026/09/22 21:54:30.825, 1, 90314, 97871
2026/09/22 21:54:30.825, 2, 88776, 97871
2026/09/22 21:54:30.825, 3, 89284, 97871
2026/09/22 21:54:31.025, 0, 89281, 97871
2026/09/22 21:54:31.025, 1, 90314, 97871
2026/09/22 21:54:31.025, 2, 88776, 97871
2026/09/22 21:54:31.025, 3, 89284, 97871
2026/09/22 21:54:31.225, 0, 89281, 97871
2026/09/22 21:54:31.225, 1, 90314, 97871
2026/09/22 21:54:31.225, 2, 88776, 97871
2026/09/22 21:54:31.225, 3, 89284, 97871
2026/09/22 21:54:31.426, 0, 89281, 97871
2026/09/22 21:54:31.426, 1, 90314, 97871
2026/09/22 21:54:31.426, 2, 88776, 97871
2026/09/22 21:54:31.426, 3, 89284, 97871
2026/09/22 21:54:31.626, 0, 89281, 97871
2026/09/22 21:54:31.626, 1, 90314, 97871
2026/09/22 21:54:31.626, 2, 88776, 97871
2026/09/22 21:54:31.626, 3, 89284, 97871
2026/09/22 21:54:31.826, 0, 89281, 97871
2026/09/22 21:54:31.826, 1, 90314, 97871
2026/09/22 21:54:31.826, 2, 88776, 97871
2026/09/22 21:54:31.826, 3, 89284, 97871
2026/09/22 21:54:32.026, 0, 89281, 97871
2026/09/22 21:54:32.026, 1, 90314, 97871
2026/09/22 21:54:32.026, 2, 88776, 97871
2026/09/22 21:54:32.026, 3, 89284, 97871
2026/09/22 21:54:32.227, 0, 89281, 97871
2026/09/22 21:54:32.227, 1, 90314, 97871
2026/09/22 21:54:32.227, 2, 88776, 97871
2026/09/22 21:54:32.227, 3, 89284, 97871
2026/09/22 21:54:32.427, 0, 89281, 97871
2026/09/22 21:54:32.427, 1, 90314, 97871
2026/09/22 21:54:32.427, 2, 88776, 97871
2026/09/22 21:54:32.427, 3, 89284, 97871
2026/09/22 21:54:32.627, 0, 89281, 97871
2026/09/22 21:54:32.627, 1, 90314, 97871
2026/09/22 21:54:32.627, 2, 88776, 97871
2026/09/22 21:54:32.627, 3, 89284, 97871
2026/09/22 21:54:32.827, 0, 89281, 97871
2026/09/22 21:54:32.827, 1, 90314, 97871
2026/09/22 21:54:32.827, 2, 88776, 97871
2026/09/22 21:54:32.827, 3, 89284, 97871
2026/09/22 21:54:33.027, 0, 89281, 97871
2026/09/22 21:54:33.028, 1, 90314, 97871
2026/09/22 21:54:33.028, 2, 88776, 97871
2026/09/22 21:54:33.028, 3, 89284, 97871
2026/09/22 21:54:33.228, 0, 89281, 97871
2026/09/22 21:54:33.228, 1, 90314, 97871
2026/09/22 21:54:33.228, 2, 88776, 97871
2026/09/22 21:54:33.228, 3, 89284, 97871
2026/09/22 21:54:33.428, 0, 89281, 97871
2026/09/22 21:54:33.428, 1, 90314, 97871
2026/09/22 21:54:33.428, 2, 88776, 97871
2026/09/22 21:54:33.428, 3, 89284, 97871
2026/09/22 21:54:33.628, 0, 89281, 97871
2026/09/22 21:54:33.628, 1, 90314, 97871
2026/09/22 21:54:33.628, 2, 88776, 97871
2026/09/22 21:54:33.628, 3, 89284, 97871
2026/09/22 21:54:33.829, 0, 89281, 97871
2026/09/22 21:54:33.829, 1, 90314, 97871
2026/09/22 21:54:33.829, 2, 88776, 97871
2026/09/22 21:54:33.829, 3, 89284, 97871
2026/09/22 21:54:34.029, 0, 89281, 97871
2026/09/22 21:54:34.029, 1, 90314, 97871
2026/09/22 21:54:34.029, 2, 88776, 97871
2026/09/22 21:54:34.029, 3, 89284, 97871
2026/09/22 21:54:34.229, 0, 89281, 97871
2026/09/22 21:54:34.229, 1, 90314, 97871
2026/09/22 21:54:34.229, 2, 88776, 97871
2026/09/22 21:54:34.229, 3, 89284, 97871
2026/09/22 21:54:34.430, 0, 89281, 97871
2026/09/22 21:54:34.430, 1, 90314, 97871
2026/09/22 21:54:34.430, 2, 88776, 97871
2026/09/22 21:54:34.430, 3, 89284, 97871
2026/09/22 21:54:34.630, 0, 89281, 97871
2026/09/22 21:54:34.630, 1, 90314, 97871
2026/09/22 21:54:34.630, 2, 88776, 97871
2026/09/22 21:54:34.630, 3, 89284, 97871
2026/09/22 21:54:34.830, 0, 89281, 97871
2026/09/22 21:54:34.830, 1, 90314, 97871
2026/09/22 21:54:34.830, 2, 88776, 97871
2026/09/22 21:54:34.830, 3, 89284, 97871
2026/09/22 21:54:35.030, 0, 89281, 97871
2026/09/22 21:54:35.030, 1, 90314, 97871
2026/09/22 21:54:35.030, 2, 88776, 97871
2026/09/22 21:54:35.030, 3, 89284, 97871
2026/09/22 21:54:35.231, 0, 89281, 97871
2026/09/22 21:54:35.231, 1, 90314, 97871
2026/09/22 21:54:35.231, 2, 88776, 97871
2026/09/22 21:54:35.231, 3, 89284, 97871
2026/09/22 21:54:35.431, 0, 89281, 97871
2026/09/22 21:54:35.431, 1, 90314, 97871
2026/09/22 21:54:35.431, 2, 88776, 97871
2026/09/22 21:54:35.431, 3, 89284, 97871
2026/09/22 21:54:35.631, 0, 89281, 97871
2026/09/22 21:54:35.631, 1, 90314, 97871
2026/09/22 21:54:35.631, 2, 88776, 97871
2026/09/22 21:54:35.631, 3, 89284, 97871
2026/09/22 21:54:35.831, 0, 89281, 97871
2026/09/22 21:54:35.832, 1, 90314, 97871
2026/09/22 21:54:35.832, 2, 88776, 97871
2026/09/22 21:54:35.832, 3, 89284, 97871
2026/09/22 21:54:36.032, 0, 89281, 97871
2026/09/22 21:54:36.032, 1, 90314, 97871
2026/09/22 21:54:36.032, 2, 88776, 97871
2026/09/22 21:54:36.032, 3, 89284, 97871
2026/09/22 21:54:36.232, 0, 89281, 97871
2026/09/22 21:54:36.232, 1, 90314, 97871
2026/09/22 21:54:36.232, 2, 88776, 97871
2026/09/22 21:54:36.232, 3, 89284, 97871
2026/09/22 21:54:36.432, 0, 89281, 97871
2026/09/22 21:54:36.432, 1, 90314, 97871
2026/09/22 21:54:36.432, 2, 88776, 97871
2026/09/22 21:54:36.432, 3, 89284, 97871
2026/09/22 21:54:36.632, 0, 89281, 97871
2026/09/22 21:54:36.633, 1, 90314, 97871
2026/09/22 21:54:36.633, 2, 88776, 97871
2026/09/22 21:54:36.633, 3, 89284, 97871
2026/09/22 21:54:36.833, 0, 89281, 97871
2026/09/22 21:54:36.833, 1, 90314, 97871
2026/09/22 21:54:36.833, 2, 88776, 97871
2026/09/22 21:54:36.833, 3, 89284, 97871
2026/09/22 21:54:37.033, 0, 89281, 97871
2026/09/22 21:54:37.033, 1, 90314, 97871
2026/09/22 21:54:37.033, 2, 88776, 97871
2026/09/22 21:54:37.033, 3, 89284, 97871
2026/09/22 21:54:37.233, 0, 89281, 97871
2026/09/22 21:54:37.233, 1, 90314, 97871
2026/09/22 21:54:37.233, 2, 88776, 97871
2026/09/22 21:54:37.233, 3, 89284, 97871
2026/09/22 21:54:37.434, 0, 89281, 97871
2026/09/22 21:54:37.434, 1, 90314, 97871
2026/09/22 21:54:37.434, 2, 88776, 97871
2026/09/22 21:54:37.434, 3, 89284, 97871
2026/09/22 21:54:37.634, 0, 89281, 97871
2026/09/22 21:54:37.634, 1, 90314, 97871
2026/09/22 21:54:37.634, 2, 88776, 97871
2026/09/22 21:54:37.634, 3, 89284, 97871
2026/09/22 21:54:37.834, 0, 89281, 97871
2026/09/22 21:54:37.834, 1, 90314, 97871
2026/09/22 21:54:37.834, 2, 88776, 97871
2026/09/22 21:54:37.834, 3, 89284, 97871
2026/09/22 21:54:38.035, 0, 89281, 97871
2026/09/22 21:54:38.035, 1, 90314, 97871
2026/09/22 21:54:38.035, 2, 88776, 97871
2026/09/22 21:54:38.035, 3, 89284, 97871
2026/09/22 21:54:38.235, 0, 89281, 97871
2026/09/22 21:54:38.235, 1, 90314, 97871
2026/09/22 21:54:38.235, 2, 88776, 97871
2026/09/22 21:54:38.235, 3, 89284, 97871
2026/09/22 21:54:38.435, 0, 89281, 97871
2026/09/22 21:54:38.435, 1, 90314, 97871
2026/09/22 21:54:38.435, 2, 88776, 97871
2026/09/22 21:54:38.435, 3, 89284, 97871
2026/09/22 21:54:38.635, 0, 89281, 97871
2026/09/22 21:54:38.635, 1, 90314, 97871
2026/09/22 21:54:38.636, 2, 88776, 97871
2026/09/22 21:54:38.636, 3, 89284, 97871
2026/09/22 21:54:38.836, 0, 89281, 97871
2026/09/22 21:54:38.836, 1, 90314, 97871
2026/09/22 21:54:38.836, 2, 88776, 97871
2026/09/22 21:54:38.836, 3, 89284, 97871
2026/09/22 21:54:39.036, 0, 89281, 97871
2026/09/22 21:54:39.036, 1, 90314, 97871
2026/09/22 21:54:39.036, 2, 88776, 97871
2026/09/22 21:54:39.036, 3, 89284, 97871
2026/09/22 21:54:39.236, 0, 89281, 97871
2026/09/22 21:54:39.236, 1, 90314, 97871
2026/09/22 21:54:39.236, 2, 88776, 97871
2026/09/22 21:54:39.236, 3, 89284, 97871
2026/09/22 21:54:39.436, 0, 89281, 97871
2026/09/22 21:54:39.437, 1, 90314, 97871
2026/09/22 21:54:39.437, 2, 88776, 97871
2026/09/22 21:54:39.437, 3, 89284, 97871
2026/09/22 21:54:39.637, 0, 89281, 97871
2026/09/22 21:54:39.637, 1, 90314, 97871
2026/09/22 21:54:39.637, 2, 88776, 97871
2026/09/22 21:54:39.637, 3, 89284, 97871
2026/09/22 21:54:39.837, 0, 89281, 97871
2026/09/22 21:54:39.844, 1, 90314, 97871
2026/09/22 21:54:39.845, 2, 88776, 97871
2026/09/22 21:54:39.845, 3, 89284, 97871
2026/09/22 21:54:40.045, 0, 89281, 97871
2026/09/22 21:54:40.067, 1, 90314, 97871
2026/09/22 21:54:40.105, 2, 88776, 97871
2026/09/22 21:54:40.140, 3, 89284, 97871
2026/09/22 21:54:40.341, 0, 89281, 97871
2026/09/22 21:54:40.341, 1, 90314, 97871
2026/09/22 21:54:40.341, 2, 88776, 97871
2026/09/22 21:54:40.341, 3, 89284, 97871
2026/09/22 21:54:40.541, 0, 89281, 97871
2026/09/22 21:54:40.541, 1, 90314, 97871
2026/09/22 21:54:40.541, 2, 88776, 97871
2026/09/22 21:54:40.541, 3, 89284, 97871
2026/09/22 21:54:40.741, 0, 89281, 97871
2026/09/22 21:54:40.741, 1, 90314, 97871
2026/09/22 21:54:40.741, 2, 88776, 97871
2026/09/22 21:54:40.741, 3, 89284, 97871
2026/09/22 21:54:40.941, 0, 89281, 97871
2026/09/22 21:54:40.941, 1, 90314, 97871
2026/09/22 21:54:40.941, 2, 88776, 97871
2026/09/22 21:54:40.941, 3, 89284, 97871
2026/09/22 21:54:41.141, 0, 89281, 97871
2026/09/22 21:54:41.177, 1, 90314, 97871
2026/09/22 21:54:41.213, 2, 88776, 97871
2026/09/22 21:54:41.249, 3, 89284, 97871
2026/09/22 21:54:41.449, 0, 89281, 97871
2026/09/22 21:54:41.449, 1, 90314, 97871
2026/09/22 21:54:41.449, 2, 88776, 97871
2026/09/22 21:54:41.449, 3, 89284, 97871
2026/09/22 21:54:41.649, 0, 89281, 97871
2026/09/22 21:54:41.649, 1, 90314, 97871
2026/09/22 21:54:41.649, 2, 88776, 97871
2026/09/22 21:54:41.649, 3, 89284, 97871
2026/09/22 21:54:41.849, 0, 89281, 97871
2026/09/22 21:54:41.849, 1, 90314, 97871
2026/09/22 21:54:41.849, 2, 88776, 97871
2026/09/22 21:54:41.849, 3, 89284, 97871
2026/09/22 21:54:42.049, 0, 89281, 97871
2026/09/22 21:54:42.050, 1, 90314, 97871
2026/09/22 21:54:42.050, 2, 88776, 97871
2026/09/22 21:54:42.050, 3, 89284, 97871
2026/09/22 21:54:42.250, 0, 89281, 97871
2026/09/22 21:54:42.250, 1, 90314, 97871
2026/09/22 21:54:42.250, 2, 88776, 97871
2026/09/22 21:54:42.250, 3, 89284, 97871
2026/09/22 21:54:42.450, 0, 89281, 97871
2026/09/22 21:54:42.450, 1, 90314, 97871
2026/09/22 21:54:42.450, 2, 88776, 97871
2026/09/22 21:54:42.450, 3, 89284, 97871
2026/09/22 21:54:42.650, 0, 89281, 97871
2026/09/22 21:54:42.650, 1, 90314, 97871
2026/09/22 21:54:42.650, 2, 88776, 97871
2026/09/22 21:54:42.650, 3, 89284, 97871
2026/09/22 21:54:42.850, 0, 89281, 97871
2026/09/22 21:54:42.850, 1, 90314, 97871
2026/09/22 21:54:42.850, 2, 88776, 97871
2026/09/22 21:54:42.851, 3, 89284, 97871
2026/09/22 21:54:43.051, 0, 89281, 97871
2026/09/22 21:54:43.051, 1, 90314, 97871
2026/09/22 21:54:43.051, 2, 88776, 97871
2026/09/22 21:54:43.051, 3, 89284, 97871
2026/09/22 21:54:43.251, 0, 89281, 97871
2026/09/22 21:54:43.251, 1, 90314, 97871
2026/09/22 21:54:43.251, 2, 88776, 97871
2026/09/22 21:54:43.251, 3, 89284, 97871
2026/09/22 21:54:43.451, 0, 89281, 97871
2026/09/22 21:54:43.451, 1, 90314, 97871
2026/09/22 21:54:43.451, 2, 88776, 97871
2026/09/22 21:54:43.451, 3, 89284, 97871
2026/09/22 21:54:43.651, 0, 89281, 97871
2026/09/22 21:54:43.651, 1, 90314, 97871
2026/09/22 21:54:43.651, 2, 88776, 97871
2026/09/22 21:54:43.651, 3, 89284, 97871
2026/09/22 21:54:43.851, 0, 89281, 97871
2026/09/22 21:54:43.852, 1, 90314, 97871
2026/09/22 21:54:43.852, 2, 88776, 97871
2026/09/22 21:54:43.852, 3, 89284, 97871
2026/09/22 21:54:44.052, 0, 89281, 97871
2026/09/22 21:54:44.052, 1, 90314, 97871
2026/09/22 21:54:44.052, 2, 88776, 97871
2026/09/22 21:54:44.052, 3, 89284, 97871
2026/09/22 21:54:44.252, 0, 89281, 97871
2026/09/22 21:54:44.252, 1, 90314, 97871
2026/09/22 21:54:44.252, 2, 88776, 97871
2026/09/22 21:54:44.252, 3, 89284, 97871
2026/09/22 21:54:44.452, 0, 89281, 97871
2026/09/22 21:54:44.452, 1, 90314, 97871
2026/09/22 21:54:44.452, 2, 88776, 97871
2026/09/22 21:54:44.452, 3, 89284, 97871
2026/09/22 21:54:44.652, 0, 89281, 97871
2026/09/22 21:54:44.653, 1, 90314, 97871
2026/09/22 21:54:44.653, 2, 88776, 97871
2026/09/22 21:54:44.653, 3, 89284, 97871
2026/09/22 21:54:44.853, 0, 89281, 97871
2026/09/22 21:54:44.853, 1, 90314, 97871
2026/09/22 21:54:44.853, 2, 88776, 97871
2026/09/22 21:54:44.853, 3, 89284, 97871
2026/09/22 21:54:45.053, 0, 89281, 97871
2026/09/22 21:54:45.053, 1, 90314, 97871
2026/09/22 21:54:45.053, 2, 88776, 97871
2026/09/22 21:54:45.053, 3, 89284, 97871
2026/09/22 21:54:45.253, 0, 89281, 97871
2026/09/22 21:54:45.253, 1, 90314, 97871
2026/09/22 21:54:45.253, 2, 88776, 97871
2026/09/22 21:54:45.253, 3, 89284, 97871
2026/09/22 21:54:45.453, 0, 89281, 97871
2026/09/22 21:54:45.453, 1, 90314, 97871
2026/09/22 21:54:45.453, 2, 88776, 97871
2026/09/22 21:54:45.453, 3, 89284, 97871
2026/09/22 21:54:45.654, 0, 89281, 97871
2026/09/22 21:54:45.654, 1, 90314, 97871
2026/09/22 21:54:45.654, 2, 88776, 97871
2026/09/22 21:54:45.654, 3, 89284, 97871
2026/09/22 21:54:45.854, 0, 89281, 97871
2026/09/22 21:54:45.854, 1, 90314, 97871
2026/09/22 21:54:45.854, 2, 88776, 97871
2026/09/22 21:54:45.854, 3, 89284, 97871
2026/09/22 21:54:46.054, 0, 89281, 97871
2026/09/22 21:54:46.054, 1, 90314, 97871
2026/09/22 21:54:46.054, 2, 88776, 97871
2026/09/22 21:54:46.054, 3, 89284, 97871
2026/09/22 21:54:46.254, 0, 89281, 97871
2026/09/22 21:54:46.254, 1, 90314, 97871
2026/09/22 21:54:46.254, 2, 88776, 97871
2026/09/22 21:54:46.254, 3, 89284, 97871
2026/09/22 21:54:46.454, 0, 89281, 97871
2026/09/22 21:54:46.455, 1, 90314, 97871
2026/09/22 21:54:46.455, 2, 88776, 97871
2026/09/22 21:54:46.455, 3, 89284, 97871
2026/09/22 21:54:46.655, 0, 89281, 97871
2026/09/22 21:54:46.655, 1, 90314, 97871
2026/09/22 21:54:46.655, 2, 88776, 97871
2026/09/22 21:54:46.655, 3, 89284, 97871
2026/09/22 21:54:46.855, 0, 89281, 97871
2026/09/22 21:54:46.855, 1, 90314, 97871
2026/09/22 21:54:46.855, 2, 88776, 97871
2026/09/22 21:54:46.855, 3, 89284, 97871
2026/09/22 21:54:47.055, 0, 89281, 97871
2026/09/22 21:54:47.055, 1, 90314, 97871
2026/09/22 21:54:47.055, 2, 88776, 97871
2026/09/22 21:54:47.055, 3, 89284, 97871
2026/09/22 21:54:47.255, 0, 89281, 97871
2026/09/22 21:54:47.255, 1, 90314, 97871
2026/09/22 21:54:47.256, 2, 88776, 97871
2026/09/22 21:54:47.256, 3, 89284, 97871
2026/09/22 21:54:47.456, 0, 89281, 97871
2026/09/22 21:54:47.456, 1, 90314, 97871
2026/09/22 21:54:47.456, 2, 88776, 97871
2026/09/22 21:54:47.456, 3, 89284, 97871
2026/09/22 21:54:47.656, 0, 89281, 97871
2026/09/22 21:54:47.656, 1, 90314, 97871
2026/09/22 21:54:47.656, 2, 88776, 97871
2026/09/22 21:54:47.656, 3, 89284, 97871
2026/09/22 21:54:47.856, 0, 89281, 97871
2026/09/22 21:54:47.856, 1, 90314, 97871
2026/09/22 21:54:47.856, 2, 88776, 97871
2026/09/22 21:54:47.856, 3, 89284, 97871
2026/09/22 21:54:48.056, 0, 89281, 97871
2026/09/22 21:54:48.056, 1, 90314, 97871
2026/09/22 21:54:48.056, 2, 88776, 97871
2026/09/22 21:54:48.056, 3, 89284, 97871
2026/09/22 21:54:48.257, 0, 89281, 97871
2026/09/22 21:54:48.257, 1, 90314, 97871
2026/09/22 21:54:48.257, 2, 88776, 97871
2026/09/22 21:54:48.257, 3, 89284, 97871
2026/09/22 21:54:48.457, 0, 89281, 97871
2026/09/22 21:54:48.457, 1, 90314, 97871
2026/09/22 21:54:48.457, 2, 88776, 97871
2026/09/22 21:54:48.457, 3, 89284, 97871
2026/09/22 21:54:48.657, 0, 89281, 97871
2026/09/22 21:54:48.657, 1, 90314, 97871
2026/09/22 21:54:48.657, 2, 88776, 97871
2026/09/22 21:54:48.657, 3, 89284, 97871
2026/09/22 21:54:48.857, 0, 89281, 97871
2026/09/22 21:54:48.857, 1, 90314, 97871
2026/09/22 21:54:48.857, 2, 88776, 97871
2026/09/22 21:54:48.857, 3, 89284, 97871
2026/09/22 21:54:49.057, 0, 89281, 97871
2026/09/22 21:54:49.057, 1, 90314, 97871
2026/09/22 21:54:49.058, 2, 88776, 97871
2026/09/22 21:54:49.058, 3, 89284, 97871
2026/09/22 21:54:49.258, 0, 89281, 97871
2026/09/22 21:54:49.258, 1, 90314, 97871
2026/09/22 21:54:49.258, 2, 88776, 97871
2026/09/22 21:54:49.258, 3, 89284, 97871
2026/09/22 21:54:49.458, 0, 89281, 97871
2026/09/22 21:54:49.458, 1, 90314, 97871
2026/09/22 21:54:49.458, 2, 88776, 97871
2026/09/22 21:54:49.458, 3, 89284, 97871
2026/09/22 21:54:49.658, 0, 89281, 97871
2026/09/22 21:54:49.658, 1, 90314, 97871
2026/09/22 21:54:49.658, 2, 88776, 97871
2026/09/22 21:54:49.658, 3, 89284, 97871
2026/09/22 21:54:49.858, 0, 89281, 97871
2026/09/22 21:54:49.858, 1, 90314, 97871
2026/09/22 21:54:49.858, 2, 88776, 97871
2026/09/22 21:54:49.858, 3, 89284, 97871
2026/09/22 21:54:50.059, 0, 89281, 97871
2026/09/22 21:54:50.059, 1, 90314, 97871
2026/09/22 21:54:50.059, 2, 88776, 97871
2026/09/22 21:54:50.059, 3, 89284, 97871
2026/09/22 21:54:50.259, 0, 89281, 97871
2026/09/22 21:54:50.259, 1, 90314, 97871
2026/09/22 21:54:50.259, 2, 88776, 97871
2026/09/22 21:54:50.259, 3, 89284, 97871
2026/09/22 21:54:50.459, 0, 89281, 97871
2026/09/22 21:54:50.459, 1, 90314, 97871
2026/09/22 21:54:50.459, 2, 88776, 97871
2026/09/22 21:54:50.459, 3, 89284, 97871
2026/09/22 21:54:50.659, 0, 89281, 97871
2026/09/22 21:54:50.659, 1, 90314, 97871
2026/09/22 21:54:50.659, 2, 88776, 97871
2026/09/22 21:54:50.659, 3, 89284, 97871
2026/09/22 21:54:50.859, 0, 89281, 97871
2026/09/22 21:54:50.859, 1, 90314, 97871
2026/09/22 21:54:50.859, 2, 88776, 97871
2026/09/22 21:54:50.859, 3, 89284, 97871
2026/09/22 21:54:51.060, 0, 89281, 97871
2026/09/22 21:54:51.060, 1, 90314, 97871
2026/09/22 21:54:51.060, 2, 88776, 97871
2026/09/22 21:54:51.060, 3, 89284, 97871
2026/09/22 21:54:51.260, 0, 89281, 97871
2026/09/22 21:54:51.260, 1, 90314, 97871
2026/09/22 21:54:51.260, 2, 88776, 97871
2026/09/22 21:54:51.260, 3, 89284, 97871
2026/09/22 21:54:51.460, 0, 89281, 97871
2026/09/22 21:54:51.460, 1, 90314, 97871
2026/09/22 21:54:51.460, 2, 88776, 97871
2026/09/22 21:54:51.460, 3, 89284, 97871
2026/09/22 21:54:51.660, 0, 89281, 97871
2026/09/22 21:54:51.660, 1, 90314, 97871
2026/09/22 21:54:51.660, 2, 88776, 97871
2026/09/22 21:54:51.660, 3, 89284, 97871
2026/09/22 21:54:51.860, 0, 89281, 97871
2026/09/22 21:54:51.860, 1, 90314, 97871
2026/09/22 21:54:51.860, 2, 88776, 97871
2026/09/22 21:54:51.860, 3, 89284, 97871
2026/09/22 21:54:52.061, 0, 89281, 97871
2026/09/22 21:54:52.061, 1, 90314, 97871
2026/09/22 21:54:52.061, 2, 88776, 97871
2026/09/22 21:54:52.061, 3, 89284, 97871
2026/09/22 21:54:52.261, 0, 89281, 97871
2026/09/22 21:54:52.261, 1, 90314, 97871
2026/09/22 21:54:52.261, 2, 88776, 97871
2026/09/22 21:54:52.261, 3, 89284, 97871
2026/09/22 21:54:52.461, 0, 89281, 97871
2026/09/22 21:54:52.461, 1, 90314, 97871
2026/09/22 21:54:52.461, 2, 88776, 97871
2026/09/22 21:54:52.461, 3, 89284, 97871
2026/09/22 21:54:52.661, 0, 89281, 97871
2026/09/22 21:54:52.661, 1, 90314, 97871
2026/09/22 21:54:52.661, 2, 88776, 97871
2026/09/22 21:54:52.661, 3, 89284, 97871
2026/09/22 21:54:52.861, 0, 89281, 97871
2026/09/22 21:54:52.861, 1, 90314, 97871
2026/09/22 21:54:52.861, 2, 88776, 97871
2026/09/22 21:54:52.862, 3, 89284, 97871
2026/09/22 21:54:53.062, 0, 89281, 97871
2026/09/22 21:54:53.062, 1, 90314, 97871
2026/09/22 21:54:53.062, 2, 88776, 97871
2026/09/22 21:54:53.062, 3, 89284, 97871
2026/09/22 21:54:53.262, 0, 89281, 97871
2026/09/22 21:54:53.262, 1, 90314, 97871
2026/09/22 21:54:53.262, 2, 88776, 97871
2026/09/22 21:54:53.262, 3, 89284, 97871
2026/09/22 21:54:53.462, 0, 89281, 97871
2026/09/22 21:54:53.462, 1, 90314, 97871
2026/09/22 21:54:53.462, 2, 88776, 97871
2026/09/22 21:54:53.462, 3, 89284, 97871
2026/09/22 21:54:53.662, 0, 89281, 97871
2026/09/22 21:54:53.662, 1, 90314, 97871
2026/09/22 21:54:53.662, 2, 88776, 97871
2026/09/22 21:54:53.662, 3, 89284, 97871
2026/09/22 21:54:53.862, 0, 89281, 97871
2026/09/22 21:54:53.862, 1, 90314, 97871
2026/09/22 21:54:53.862, 2, 88776, 97871
2026/09/22 21:54:53.863, 3, 89284, 97871
2026/09/22 21:54:54.063, 0, 89281, 97871
2026/09/22 21:54:54.063, 1, 90314, 97871
2026/09/22 21:54:54.063, 2, 88776, 97871
2026/09/22 21:54:54.063, 3, 89284, 97871
2026/09/22 21:54:54.263, 0, 89281, 97871
2026/09/22 21:54:54.263, 1, 90314, 97871
2026/09/22 21:54:54.263, 2, 88776, 97871
2026/09/22 21:54:54.263, 3, 89284, 97871
2026/09/22 21:54:54.463, 0, 89281, 97871
2026/09/22 21:54:54.463, 1, 90314, 97871
2026/09/22 21:54:54.463, 2, 88776, 97871
2026/09/22 21:54:54.463, 3, 89284, 97871
2026/09/22 21:54:54.663, 0, 89281, 97871
2026/09/22 21:54:54.663, 1, 90314, 97871
2026/09/22 21:54:54.664, 2, 88776, 97871
2026/09/22 21:54:54.664, 3, 89284, 97871
2026/09/22 21:54:54.864, 0, 89281, 97871
2026/09/22 21:54:54.864, 1, 90314, 97871
2026/09/22 21:54:54.864, 2, 88776, 97871
2026/09/22 21:54:54.864, 3, 89284, 97871
2026/09/22 21:54:55.064, 0, 89281, 97871
2026/09/22 21:54:55.064, 1, 90314, 97871
2026/09/22 21:54:55.064, 2, 88776, 97871
2026/09/22 21:54:55.064, 3, 89284, 97871
2026/09/22 21:54:55.264, 0, 89281, 97871
2026/09/22 21:54:55.264, 1, 90314, 97871
2026/09/22 21:54:55.264, 2, 88776, 97871
2026/09/22 21:54:55.264, 3, 89284, 97871
2026/09/22 21:54:55.464, 0, 89281, 97871
2026/09/22 21:54:55.464, 1, 90314, 97871
2026/09/22 21:54:55.464, 2, 88776, 97871
2026/09/22 21:54:55.464, 3, 89284, 97871
2026/09/22 21:54:55.665, 0, 89281, 97871
2026/09/22 21:54:55.665, 1, 90314, 97871
2026/09/22 21:54:55.665, 2, 88776, 97871
2026/09/22 21:54:55.665, 3, 89284, 97871
2026/09/22 21:54:55.865, 0, 89281, 97871
2026/09/22 21:54:55.865, 1, 90314, 97871
2026/09/22 21:54:55.866, 2, 88776, 97871
2026/09/22 21:54:55.866, 3, 89284, 97871
2026/09/22 21:54:56.066, 0, 89281, 97871
2026/09/22 21:54:56.066, 1, 90314, 97871
2026/09/22 21:54:56.066, 2, 88776, 97871
2026/09/22 21:54:56.066, 3, 89284, 97871
2026/09/22 21:54:56.266, 0, 89281, 97871
2026/09/22 21:54:56.266, 1, 90314, 97871
2026/09/22 21:54:56.266, 2, 88776, 97871
2026/09/22 21:54:56.266, 3, 89284, 97871
2026/09/22 21:54:56.466, 0, 89281, 97871
2026/09/22 21:54:56.466, 1, 90314, 97871
2026/09/22 21:54:56.467, 2, 88776, 97871
2026/09/22 21:54:56.467, 3, 89284, 97871
2026/09/22 21:54:56.667, 0, 89281, 97871
2026/09/22 21:54:56.667, 1, 90314, 97871
2026/09/22 21:54:56.667, 2, 88776, 97871
2026/09/22 21:54:56.667, 3, 89284, 97871
2026/09/22 21:54:56.867, 0, 89281, 97871
2026/09/22 21:54:56.867, 1, 90314, 97871
2026/09/22 21:54:56.867, 2, 88776, 97871
2026/09/22 21:54:56.867, 3, 89284, 97871
2026/09/22 21:54:57.067, 0, 89281, 97871
2026/09/22 21:54:57.067, 1, 90314, 97871
2026/09/22 21:54:57.067, 2, 88776, 97871
2026/09/22 21:54:57.068, 3, 89284, 97871
2026/09/22 21:54:57.268, 0, 89281, 97871
2026/09/22 21:54:57.268, 1, 90314, 97871
2026/09/22 21:54:57.268, 2, 88776, 97871
2026/09/22 21:54:57.268, 3, 89284, 97871
2026/09/22 21:54:57.468, 0, 89281, 97871
2026/09/22 21:54:57.468, 1, 90314, 97871
2026/09/22 21:54:57.468, 2, 88776, 97871
2026/09/22 21:54:57.468, 3, 89284, 97871
2026/09/22 21:54:57.668, 0, 89281, 97871
2026/09/22 21:54:57.668, 1, 90314, 97871
2026/09/22 21:54:57.668, 2, 88776, 97871
2026/09/22 21:54:57.668, 3, 89284, 97871
2026/09/22 21:54:57.868, 0, 89281, 97871
2026/09/22 21:54:57.868, 1, 90314, 97871
2026/09/22 21:54:57.868, 2, 88776, 97871
2026/09/22 21:54:57.868, 3, 89284, 97871
2026/09/22 21:54:58.069, 0, 89281, 97871
2026/09/22 21:54:58.069, 1, 90314, 97871
2026/09/22 21:54:58.069, 2, 88776, 97871
2026/09/22 21:54:58.069, 3, 89284, 97871
2026/09/22 21:54:58.269, 0, 89281, 97871
2026/09/22 21:54:58.269, 1, 90314, 97871
2026/09/22 21:54:58.269, 2, 88776, 97871
2026/09/22 21:54:58.269, 3, 89284, 97871
2026/09/22 21:54:58.469, 0, 89281, 97871
2026/09/22 21:54:58.469, 1, 90314, 97871
2026/09/22 21:54:58.469, 2, 88776, 97871
2026/09/22 21:54:58.470, 3, 89284, 97871
2026/09/22 21:54:58.670, 0, 89281, 97871
2026/09/22 21:54:58.670, 1, 90314, 97871
2026/09/22 21:54:58.670, 2, 88776, 97871
2026/09/22 21:54:58.670, 3, 89284, 97871
2026/09/22 21:54:58.870, 0, 89281, 97871
2026/09/22 21:54:58.870, 1, 90314, 97871
2026/09/22 21:54:58.870, 2, 88776, 97871
2026/09/22 21:54:58.870, 3, 89284, 97871
2026/09/22 21:54:59.070, 0, 89281, 97871
2026/09/22 21:54:59.070, 1, 90314, 97871
2026/09/22 21:54:59.070, 2, 88776, 97871
2026/09/22 21:54:59.071, 3, 89284, 97871
2026/09/22 21:54:59.271, 0, 89281, 97871
2026/09/22 21:54:59.271, 1, 90314, 97871
2026/09/22 21:54:59.271, 2, 88776, 97871
2026/09/22 21:54:59.271, 3, 89284, 97871
2026/09/22 21:54:59.471, 0, 89281, 97871
2026/09/22 21:54:59.471, 1, 90314, 97871
2026/09/22 21:54:59.471, 2, 88776, 97871
2026/09/22 21:54:59.471, 3, 89284, 97871
2026/09/22 21:54:59.671, 0, 89281, 97871
2026/09/22 21:54:59.671, 1, 90314, 97871
2026/09/22 21:54:59.671, 2, 88776, 97871
2026/09/22 21:54:59.671, 3, 89284, 97871
2026/09/22 21:54:59.871, 0, 89281, 97871
2026/09/22 21:54:59.872, 1, 90314, 97871
2026/09/22 21:54:59.872, 2, 88776, 97871
2026/09/22 21:54:59.872, 3, 89284, 97871
2026/09/22 21:55:00.072, 0, 89281, 97871
2026/09/22 21:55:00.072, 1, 90314, 97871
2026/09/22 21:55:00.072, 2, 88776, 97871
2026/09/22 21:55:00.072, 3, 89284, 97871
2026/09/22 21:55:00.272, 0, 89281, 97871
2026/09/22 21:55:00.272, 1, 90314, 97871
2026/09/22 21:55:00.272, 2, 88776, 97871
2026/09/22 21:55:00.272, 3, 89284, 97871
2026/09/22 21:55:00.472, 0, 89281, 97871
2026/09/22 21:55:00.472, 1, 90314, 97871
2026/09/22 21:55:00.472, 2, 88776, 97871
2026/09/22 21:55:00.472, 3, 89284, 97871
2026/09/22 21:55:00.672, 0, 89281, 97871
2026/09/22 21:55:00.673, 1, 90314, 97871
2026/09/22 21:55:00.673, 2, 88776, 97871
2026/09/22 21:55:00.673, 3, 89284, 97871
2026/09/22 21:55:00.873, 0, 89281, 97871
2026/09/22 21:55:00.873, 1, 90314, 97871
2026/09/22 21:55:00.873, 2, 88776, 97871
2026/09/22 21:55:00.873, 3, 89284, 97871
2026/09/22 21:55:01.073, 0, 89281, 97871
2026/09/22 21:55:01.073, 1, 90314, 97871
2026/09/22 21:55:01.073, 2, 88776, 97871
2026/09/22 21:55:01.073, 3, 89284, 97871
2026/09/22 21:55:01.273, 0, 89281, 97871
2026/09/22 21:55:01.273, 1, 90314, 97871
2026/09/22 21:55:01.273, 2, 88776, 97871
2026/09/22 21:55:01.273, 3, 89284, 97871
2026/09/22 21:55:01.473, 0, 89281, 97871
2026/09/22 21:55:01.473, 1, 90314, 97871
2026/09/22 21:55:01.474, 2, 88776, 97871
2026/09/22 21:55:01.474, 3, 89284, 97871
2026/09/22 21:55:01.674, 0, 89281, 97871
2026/09/22 21:55:01.674, 1, 90314, 97871
2026/09/22 21:55:01.674, 2, 88776, 97871
2026/09/22 21:55:01.674, 3, 89284, 97871
2026/09/22 21:55:01.874, 0, 89281, 97871
2026/09/22 21:55:01.874, 1, 90314, 97871
2026/09/22 21:55:01.874, 2, 88776, 97871
2026/09/22 21:55:01.874, 3, 89284, 97871
2026/09/22 21:55:02.074, 0, 89281, 97871
2026/09/22 21:55:02.074, 1, 90314, 97871
2026/09/22 21:55:02.074, 2, 88776, 97871
2026/09/22 21:55:02.074, 3, 89284, 97871
2026/09/22 21:55:02.275, 0, 89281, 97871
2026/09/22 21:55:02.275, 1, 90314, 97871
2026/09/22 21:55:02.275, 2, 88776, 97871
2026/09/22 21:55:02.275, 3, 89284, 97871
2026/09/22 21:55:02.475, 0, 89281, 97871
2026/09/22 21:55:02.475, 1, 90314, 97871
2026/09/22 21:55:02.475, 2, 88776, 97871
2026/09/22 21:55:02.475, 3, 89284, 97871
2026/09/22 21:55:02.675, 0, 89281, 97871
2026/09/22 21:55:02.675, 1, 90314, 97871
2026/09/22 21:55:02.675, 2, 88776, 97871
2026/09/22 21:55:02.675, 3, 89284, 97871
2026/09/22 21:55:02.875, 0, 89281, 97871
2026/09/22 21:55:02.875, 1, 90314, 97871
2026/09/22 21:55:02.875, 2, 88776, 97871
2026/09/22 21:55:02.875, 3, 89284, 97871
2026/09/22 21:55:03.075, 0, 89281, 97871
2026/09/22 21:55:03.076, 1, 90314, 97871
2026/09/22 21:55:03.076, 2, 88776, 97871
2026/09/22 21:55:03.076, 3, 89284, 97871
2026/09/22 21:55:03.276, 0, 89281, 97871
2026/09/22 21:55:03.276, 1, 90314, 97871
2026/09/22 21:55:03.276, 2, 88776, 97871
2026/09/22 21:55:03.276, 3, 89284, 97871
2026/09/22 21:55:03.476, 0, 89281, 97871
2026/09/22 21:55:03.476, 1, 90314, 97871
2026/09/22 21:55:03.476, 2, 88776, 97871
2026/09/22 21:55:03.476, 3, 89284, 97871
2026/09/22 21:55:03.676, 0, 89281, 97871
2026/09/22 21:55:03.676, 1, 90314, 97871
2026/09/22 21:55:03.676, 2, 88776, 97871
2026/09/22 21:55:03.676, 3, 89284, 97871
2026/09/22 21:55:03.877, 0, 89281, 97871
2026/09/22 21:55:03.877, 1, 90314, 97871
2026/09/22 21:55:03.877, 2, 88776, 97871
2026/09/22 21:55:03.877, 3, 89284, 97871
2026/09/22 21:55:04.077, 0, 89281, 97871
2026/09/22 21:55:04.077, 1, 90314, 97871
2026/09/22 21:55:04.077, 2, 88776, 97871
2026/09/22 21:55:04.077, 3, 89284, 97871
2026/09/22 21:55:04.277, 0, 89281, 97871
2026/09/22 21:55:04.277, 1, 90314, 97871
2026/09/22 21:55:04.277, 2, 88776, 97871
2026/09/22 21:55:04.277, 3, 89284, 97871
2026/09/22 21:55:04.477, 0, 89281, 97871
2026/09/22 21:55:04.477, 1, 90314, 97871
2026/09/22 21:55:04.477, 2, 88776, 97871
2026/09/22 21:55:04.477, 3, 89284, 97871
2026/09/22 21:55:04.678, 0, 89281, 97871
2026/09/22 21:55:04.678, 1, 90314, 97871
2026/09/22 21:55:04.678, 2, 88776, 97871
2026/09/22 21:55:04.678, 3, 89284, 97871
2026/09/22 21:55:04.878, 0, 89281, 97871
2026/09/22 21:55:04.878, 1, 90314, 97871
2026/09/22 21:55:04.878, 2, 88776, 97871
2026/09/22 21:55:04.878, 3, 89284, 97871
2026/09/22 21:55:05.078, 0, 89281, 97871
2026/09/22 21:55:05.078, 1, 90314, 97871
2026/09/22 21:55:05.078, 2, 88776, 97871
2026/09/22 21:55:05.078, 3, 89284, 97871
2026/09/22 21:55:05.278, 0, 89281, 97871
2026/09/22 21:55:05.278, 1, 90314, 97871
2026/09/22 21:55:05.279, 2, 88776, 97871
2026/09/22 21:55:05.279, 3, 89284, 97871
2026/09/22 21:55:05.479, 0, 89281, 97871
2026/09/22 21:55:05.479, 1, 90314, 97871
2026/09/22 21:55:05.479, 2, 88776, 97871
2026/09/22 21:55:05.479, 3, 89284, 97871
2026/09/22 21:55:05.679, 0, 89281, 97871
2026/09/22 21:55:05.679, 1, 90314, 97871
2026/09/22 21:55:05.679, 2, 88776, 97871
2026/09/22 21:55:05.679, 3, 89284, 97871
2026/09/22 21:55:05.879, 0, 89281, 97871
2026/09/22 21:55:05.879, 1, 90314, 97871
2026/09/22 21:55:05.879, 2, 88776, 97871
2026/09/22 21:55:05.879, 3, 89284, 97871
2026/09/22 21:55:06.079, 0, 89281, 97871
2026/09/22 21:55:06.080, 1, 90314, 97871
2026/09/22 21:55:06.080, 2, 88776, 97871
2026/09/22 21:55:06.080, 3, 89284, 97871
2026/09/22 21:55:06.280, 0, 89281, 97871
2026/09/22 21:55:06.280, 1, 90314, 97871
2026/09/22 21:55:06.280, 2, 88776, 97871
2026/09/22 21:55:06.280, 3, 89284, 97871
2026/09/22 21:55:06.480, 0, 89281, 97871
2026/09/22 21:55:06.480, 1, 90314, 97871
2026/09/22 21:55:06.480, 2, 88776, 97871
2026/09/22 21:55:06.480, 3, 89284, 97871
2026/09/22 21:55:06.680, 0, 89281, 97871
2026/09/22 21:55:06.680, 1, 90314, 97871
2026/09/22 21:55:06.680, 2, 88776, 97871
2026/09/22 21:55:06.680, 3, 89284, 97871
2026/09/22 21:55:06.880, 0, 89281, 97871
2026/09/22 21:55:06.881, 1, 90314, 97871
2026/09/22 21:55:06.881, 2, 88776, 97871
2026/09/22 21:55:06.881, 3, 89284, 97871
2026/09/22 21:55:07.081, 0, 89281, 97871
2026/09/22 21:55:07.081, 1, 90314, 97871
2026/09/22 21:55:07.081, 2, 88776, 97871
2026/09/22 21:55:07.081, 3, 89284, 97871
2026/09/22 21:55:07.281, 0, 89281, 97871
2026/09/22 21:55:07.281, 1, 90314, 97871
2026/09/22 21:55:07.281, 2, 88776, 97871
2026/09/22 21:55:07.281, 3, 89284, 97871
2026/09/22 21:55:07.481, 0, 89281, 97871
2026/09/22 21:55:07.481, 1, 90314, 97871
2026/09/22 21:55:07.481, 2, 88776, 97871
2026/09/22 21:55:07.481, 3, 89284, 97871
2026/09/22 21:55:07.681, 0, 89281, 97871
2026/09/22 21:55:07.682, 1, 90314, 97871
2026/09/22 21:55:07.682, 2, 88776, 97871
2026/09/22 21:55:07.682, 3, 89284, 97871
2026/09/22 21:55:07.882, 0, 89281, 97871
2026/09/22 21:55:07.882, 1, 90314, 97871
2026/09/22 21:55:07.882, 2, 88776, 97871
2026/09/22 21:55:07.882, 3, 89284, 97871
2026/09/22 21:55:08.082, 0, 89281, 97871
2026/09/22 21:55:08.082, 1, 90314, 97871
2026/09/22 21:55:08.082, 2, 88776, 97871
2026/09/22 21:55:08.082, 3, 89284, 97871
2026/09/22 21:55:08.282, 0, 89281, 97871
2026/09/22 21:55:08.282, 1, 90314, 97871
2026/09/22 21:55:08.282, 2, 88776, 97871
2026/09/22 21:55:08.282, 3, 89284, 97871
2026/09/22 21:55:08.482, 0, 89281, 97871
2026/09/22 21:55:08.482, 1, 90314, 97871
2026/09/22 21:55:08.482, 2, 88776, 97871
2026/09/22 21:55:08.483, 3, 89284, 97871
2026/09/22 21:55:08.683, 0, 89281, 97871
2026/09/22 21:55:08.683, 1, 90314, 97871
2026/09/22 21:55:08.683, 2, 88776, 97871
2026/09/22 21:55:08.683, 3, 89284, 97871
2026/09/22 21:55:08.883, 0, 89281, 97871
2026/09/22 21:55:08.883, 1, 90314, 97871
2026/09/22 21:55:08.883, 2, 88776, 97871
2026/09/22 21:55:08.883, 3, 89284, 97871
2026/09/22 21:55:09.083, 0, 89281, 97871
2026/09/22 21:55:09.083, 1, 90314, 97871
2026/09/22 21:55:09.083, 2, 88776, 97871
2026/09/22 21:55:09.083, 3, 89284, 97871
2026/09/22 21:55:09.284, 0, 89281, 97871
2026/09/22 21:55:09.284, 1, 90314, 97871
2026/09/22 21:55:09.284, 2, 88776, 97871
2026/09/22 21:55:09.284, 3, 89284, 97871
2026/09/22 21:55:09.484, 0, 89281, 97871
2026/09/22 21:55:09.484, 1, 90314, 97871
2026/09/22 21:55:09.484, 2, 88776, 97871
2026/09/22 21:55:09.484, 3, 89284, 97871
2026/09/22 21:55:09.684, 0, 89281, 97871
2026/09/22 21:55:09.684, 1, 90314, 97871
2026/09/22 21:55:09.684, 2, 88776, 97871
2026/09/22 21:55:09.684, 3, 89284, 97871
2026/09/22 21:55:09.884, 0, 89281, 97871
2026/09/22 21:55:09.884, 1, 90314, 97871
2026/09/22 21:55:09.884, 2, 88776, 97871
2026/09/22 21:55:09.884, 3, 89284, 97871
2026/09/22 21:55:10.084, 0, 89281, 97871
2026/09/22 21:55:10.084, 1, 90314, 97871
2026/09/22 21:55:10.085, 2, 88776, 97871
2026/09/22 21:55:10.085, 3, 89284, 97871
2026/09/22 21:55:10.285, 0, 89281, 97871
2026/09/22 21:55:10.285, 1, 90314, 97871
2026/09/22 21:55:10.285, 2, 88776, 97871
2026/09/22 21:55:10.285, 3, 89284, 97871
2026/09/22 21:55:10.485, 0, 89281, 97871
2026/09/22 21:55:10.485, 1, 90314, 97871
2026/09/22 21:55:10.485, 2, 88776, 97871
2026/09/22 21:55:10.485, 3, 89284, 97871
2026/09/22 21:55:10.685, 0, 89281, 97871
2026/09/22 21:55:10.685, 1, 90314, 97871
2026/09/22 21:55:10.685, 2, 88776, 97871
2026/09/22 21:55:10.685, 3, 89284, 97871
2026/09/22 21:55:10.886, 0, 89281, 97871
2026/09/22 21:55:10.886, 1, 90314, 97871
2026/09/22 21:55:10.886, 2, 88776, 97871
2026/09/22 21:55:10.886, 3, 89284, 97871
2026/09/22 21:55:11.086, 0, 89281, 97871
2026/09/22 21:55:11.086, 1, 90314, 97871
2026/09/22 21:55:11.086, 2, 88776, 97871
2026/09/22 21:55:11.086, 3, 89284, 97871
2026/09/22 21:55:11.286, 0, 89281, 97871
2026/09/22 21:55:11.286, 1, 90314, 97871
2026/09/22 21:55:11.286, 2, 88776, 97871
2026/09/22 21:55:11.286, 3, 89284, 97871
2026/09/22 21:55:11.486, 0, 89281, 97871
2026/09/22 21:55:11.486, 1, 90314, 97871
2026/09/22 21:55:11.486, 2, 88776, 97871
2026/09/22 21:55:11.486, 3, 89284, 97871
2026/09/22 21:55:11.687, 0, 89281, 97871
2026/09/22 21:55:11.687, 1, 90314, 97871
2026/09/22 21:55:11.687, 2, 88776, 97871
2026/09/22 21:55:11.687, 3, 89284, 97871
2026/09/22 21:55:11.887, 0, 89281, 97871
2026/09/22 21:55:11.887, 1, 90314, 97871
2026/09/22 21:55:11.887, 2, 88776, 97871
2026/09/22 21:55:11.887, 3, 89284, 97871
2026/09/22 21:55:12.087, 0, 89281, 97871
2026/09/22 21:55:12.087, 1, 90314, 97871
2026/09/22 21:55:12.087, 2, 88776, 97871
2026/09/22 21:55:12.087, 3, 89284, 97871
2026/09/22 21:55:12.287, 0, 89281, 97871
2026/09/22 21:55:12.288, 1, 90314, 97871
2026/09/22 21:55:12.288, 2, 88776, 97871
2026/09/22 21:55:12.288, 3, 89284, 97871
2026/09/22 21:55:12.488, 0, 89281, 97871
2026/09/22 21:55:12.488, 1, 90314, 97871
2026/09/22 21:55:12.488, 2, 88776, 97871
2026/09/22 21:55:12.488, 3, 89284, 97871
2026/09/22 21:55:12.688, 0, 89281, 97871
2026/09/22 21:55:12.688, 1, 90314, 97871
2026/09/22 21:55:12.688, 2, 88776, 97871
2026/09/22 21:55:12.688, 3, 89284, 97871
2026/09/22 21:55:12.888, 0, 89281, 97871
2026/09/22 21:55:12.888, 1, 90314, 97871
2026/09/22 21:55:12.888, 2, 88776, 97871
2026/09/22 21:55:12.888, 3, 89284, 97871
2026/09/22 21:55:13.088, 0, 89281, 97871
2026/09/22 21:55:13.089, 1, 90314, 97871
2026/09/22 21:55:13.089, 2, 88776, 97871
2026/09/22 21:55:13.089, 3, 89284, 97871
2026/09/22 21:55:13.289, 0, 89281, 97871
2026/09/22 21:55:13.289, 1, 90314, 97871
2026/09/22 21:55:13.289, 2, 88776, 97871
2026/09/22 21:55:13.289, 3, 89284, 97871
2026/09/22 21:55:13.489, 0, 89281, 97871
2026/09/22 21:55:13.489, 1, 90314, 97871
2026/09/22 21:55:13.489, 2, 88776, 97871
2026/09/22 21:55:13.489, 3, 89284, 97871
2026/09/22 21:55:13.689, 0, 89281, 97871
2026/09/22 21:55:13.689, 1, 90314, 97871
2026/09/22 21:55:13.689, 2, 88776, 97871
2026/09/22 21:55:13.689, 3, 89284, 97871
2026/09/22 21:55:13.889, 0, 89281, 97871
2026/09/22 21:55:13.889, 1, 90314, 97871
2026/09/22 21:55:13.890, 2, 88776, 97871
2026/09/22 21:55:13.890, 3, 89284, 97871
2026/09/22 21:55:14.090, 0, 89281, 97871
2026/09/22 21:55:14.090, 1, 90314, 97871
2026/09/22 21:55:14.090, 2, 88776, 97871
2026/09/22 21:55:14.090, 3, 89284, 97871
2026/09/22 21:55:14.290, 0, 89281, 97871
2026/09/22 21:55:14.290, 1, 90314, 97871
2026/09/22 21:55:14.290, 2, 88776, 97871
2026/09/22 21:55:14.290, 3, 89284, 97871
2026/09/22 21:55:14.490, 0, 89281, 97871
2026/09/22 21:55:14.490, 1, 90314, 97871
2026/09/22 21:55:14.490, 2, 88776, 97871
2026/09/22 21:55:14.490, 3, 89284, 97871
2026/09/22 21:55:14.691, 0, 89281, 97871
2026/09/22 21:55:14.691, 1, 90314, 97871
2026/09/22 21:55:14.691, 2, 88776, 97871
2026/09/22 21:55:14.691, 3, 89284, 97871
2026/09/22 21:55:14.891, 0, 89281, 97871
2026/09/22 21:55:14.891, 1, 90314, 97871
2026/09/22 21:55:14.891, 2, 88776, 97871
2026/09/22 21:55:14.891, 3, 89284, 97871
2026/09/22 21:55:15.091, 0, 89281, 97871
2026/09/22 21:55:15.091, 1, 90314, 97871
2026/09/22 21:55:15.091, 2, 88776, 97871
2026/09/22 21:55:15.091, 3, 89284, 97871
2026/09/22 21:55:15.291, 0, 89281, 97871
2026/09/22 21:55:15.292, 1, 90314, 97871
2026/09/22 21:55:15.292, 2, 88776, 97871
2026/09/22 21:55:15.292, 3, 89284, 97871
2026/09/22 21:55:15.492, 0, 89281, 97871
2026/09/22 21:55:15.492, 1, 90314, 97871
2026/09/22 21:55:15.492, 2, 88776, 97871
2026/09/22 21:55:15.492, 3, 89284, 97871
2026/09/22 21:55:15.692, 0, 89281, 97871
2026/09/22 21:55:15.692, 1, 90314, 97871
2026/09/22 21:55:15.692, 2, 88776, 97871
2026/09/22 21:55:15.692, 3, 89284, 97871
2026/09/22 21:55:15.892, 0, 89281, 97871
2026/09/22 21:55:15.892, 1, 90314, 97871
2026/09/22 21:55:15.892, 2, 88776, 97871
2026/09/22 21:55:15.892, 3, 89284, 97871
2026/09/22 21:55:16.092, 0, 89281, 97871
2026/09/22 21:55:16.093, 1, 90314, 97871
2026/09/22 21:55:16.093, 2, 88776, 97871
2026/09/22 21:55:16.093, 3, 89284, 97871
2026/09/22 21:55:16.293, 0, 89281, 97871
2026/09/22 21:55:16.293, 1, 90314, 97871
2026/09/22 21:55:16.293, 2, 88776, 97871
2026/09/22 21:55:16.293, 3, 89284, 97871
2026/09/22 21:55:16.493, 0, 89281, 97871
2026/09/22 21:55:16.493, 1, 90314, 97871
2026/09/22 21:55:16.493, 2, 88776, 97871
2026/09/22 21:55:16.493, 3, 89284, 97871
2026/09/22 21:55:16.693, 0, 89281, 97871
2026/09/22 21:55:16.693, 1, 90314, 97871
2026/09/22 21:55:16.693, 2, 88776, 97871
2026/09/22 21:55:16.693, 3, 89284, 97871
2026/09/22 21:55:16.893, 0, 89281, 97871
2026/09/22 21:55:16.894, 1, 90314, 97871
2026/09/22 21:55:16.894, 2, 88776, 97871
2026/09/22 21:55:16.894, 3, 89284, 97871
2026/09/22 21:55:17.094, 0, 89281, 97871
2026/09/22 21:55:17.094, 1, 90314, 97871
2026/09/22 21:55:17.094, 2, 88776, 97871
2026/09/22 21:55:17.094, 3, 89284, 97871
2026/09/22 21:55:17.294, 0, 89281, 97871
2026/09/22 21:55:17.294, 1, 90314, 97871
2026/09/22 21:55:17.294, 2, 88776, 97871
2026/09/22 21:55:17.294, 3, 89284, 97871
2026/09/22 21:55:17.494, 0, 89281, 97871
2026/09/22 21:55:17.494, 1, 90314, 97871
2026/09/22 21:55:17.494, 2, 88776, 97871
2026/09/22 21:55:17.494, 3, 89284, 97871
2026/09/22 21:55:17.694, 0, 89281, 97871
2026/09/22 21:55:17.695, 1, 90314, 97871
2026/09/22 21:55:17.695, 2, 88776, 97871
2026/09/22 21:55:17.695, 3, 89284, 97871
2026/09/22 21:55:17.895, 0, 89281, 97871
2026/09/22 21:55:17.895, 1, 90314, 97871
2026/09/22 21:55:17.895, 2, 88776, 97871
2026/09/22 21:55:17.895, 3, 89284, 97871
2026/09/22 21:55:18.095, 0, 89281, 97871
2026/09/22 21:55:18.095, 1, 90314, 97871
2026/09/22 21:55:18.095, 2, 88776, 97871
2026/09/22 21:55:18.095, 3, 89284, 97871
2026/09/22 21:55:18.295, 0, 89281, 97871
2026/09/22 21:55:18.295, 1, 90314, 97871
2026/09/22 21:55:18.295, 2, 88776, 97871
2026/09/22 21:55:18.295, 3, 89284, 97871
2026/09/22 21:55:18.495, 0, 89281, 97871
2026/09/22 21:55:18.495, 1, 90314, 97871
2026/09/22 21:55:18.495, 2, 88776, 97871
2026/09/22 21:55:18.495, 3, 89284, 97871
2026/09/22 21:55:18.696, 0, 89281, 97871
2026/09/22 21:55:18.696, 1, 90314, 97871
2026/09/22 21:55:18.696, 2, 88776, 97871
2026/09/22 21:55:18.696, 3, 89284, 97871
2026/09/22 21:55:18.896, 0, 89281, 97871
2026/09/22 21:55:18.896, 1, 90314, 97871
2026/09/22 21:55:18.896, 2, 88776, 97871
2026/09/22 21:55:18.896, 3, 89284, 97871
2026/09/22 21:55:19.096, 0, 89281, 97871
2026/09/22 21:55:19.096, 1, 90314, 97871
2026/09/22 21:55:19.096, 2, 88776, 97871
2026/09/22 21:55:19.096, 3, 89284, 97871
2026/09/22 21:55:19.296, 0, 89281, 97871
2026/09/22 21:55:19.296, 1, 90314, 97871
2026/09/22 21:55:19.296, 2, 88776, 97871
2026/09/22 21:55:19.297, 3, 89284, 97871
2026/09/22 21:55:19.497, 0, 89281, 97871
2026/09/22 21:55:19.497, 1, 90314, 97871
2026/09/22 21:55:19.497, 2, 88776, 97871
2026/09/22 21:55:19.497, 3, 89284, 97871
2026/09/22 21:55:19.697, 0, 89281, 97871
2026/09/22 21:55:19.697, 1, 90314, 97871
2026/09/22 21:55:19.697, 2, 88776, 97871
2026/09/22 21:55:19.697, 3, 89284, 97871
2026/09/22 21:55:19.897, 0, 89281, 97871
2026/09/22 21:55:19.897, 1, 90314, 97871
2026/09/22 21:55:19.897, 2, 88776, 97871
2026/09/22 21:55:19.897, 3, 89284, 97871
2026/09/22 21:55:20.098, 0, 89281, 97871
2026/09/22 21:55:20.098, 1, 90314, 97871
2026/09/22 21:55:20.098, 2, 88776, 97871
2026/09/22 21:55:20.098, 3, 89284, 97871
2026/09/22 21:55:20.298, 0, 89281, 97871
2026/09/22 21:55:20.298, 1, 90314, 97871
2026/09/22 21:55:20.298, 2, 88776, 97871
2026/09/22 21:55:20.298, 3, 89284, 97871
2026/09/22 21:55:20.498, 0, 89281, 97871
2026/09/22 21:55:20.498, 1, 90314, 97871
2026/09/22 21:55:20.498, 2, 88776, 97871
2026/09/22 21:55:20.498, 3, 89284, 97871
2026/09/22 21:55:20.698, 0, 89281, 97871
2026/09/22 21:55:20.698, 1, 90314, 97871
2026/09/22 21:55:20.699, 2, 88776, 97871
2026/09/22 21:55:20.699, 3, 89284, 97871
2026/09/22 21:55:20.899, 0, 89281, 97871
2026/09/22 21:55:20.899, 1, 90314, 97871
2026/09/22 21:55:20.899, 2, 88776, 97871
2026/09/22 21:55:20.899, 3, 89284, 97871
2026/09/22 21:55:21.099, 0, 89281, 97871
2026/09/22 21:55:21.099, 1, 90314, 97871
2026/09/22 21:55:21.099, 2, 88776, 97871
2026/09/22 21:55:21.099, 3, 89284, 97871
2026/09/22 21:55:21.299, 0, 89281, 97871
2026/09/22 21:55:21.299, 1, 90314, 97871
2026/09/22 21:55:21.299, 2, 88776, 97871
2026/09/22 21:55:21.299, 3, 89284, 97871
2026/09/22 21:55:21.499, 0, 89281, 97871
2026/09/22 21:55:21.499, 1, 90314, 97871
2026/09/22 21:55:21.499, 2, 88776, 97871
2026/09/22 21:55:21.499, 3, 89284, 97871
2026/09/22 21:55:21.700, 0, 89281, 97871
2026/09/22 21:55:21.700, 1, 90314, 97871
2026/09/22 21:55:21.700, 2, 88776, 97871
2026/09/22 21:55:21.700, 3, 89284, 97871
2026/09/22 21:55:21.900, 0, 89281, 97871
2026/09/22 21:55:21.900, 1, 90314, 97871
2026/09/22 21:55:21.900, 2, 88776, 97871
2026/09/22 21:55:21.900, 3, 89284, 97871
2026/09/22 21:55:22.100, 0, 89281, 97871
2026/09/22 21:55:22.100, 1, 90314, 97871
2026/09/22 21:55:22.100, 2, 88776, 97871
2026/09/22 21:55:22.100, 3, 89284, 97871
2026/09/22 21:55:22.301, 0, 89281, 97871
2026/09/22 21:55:22.301, 1, 90314, 97871
2026/09/22 21:55:22.301, 2, 88776, 97871
2026/09/22 21:55:22.301, 3, 89284, 97871
2026/09/22 21:55:22.501, 0, 89281, 97871
2026/09/22 21:55:22.501, 1, 90314, 97871
2026/09/22 21:55:22.501, 2, 88776, 97871
2026/09/22 21:55:22.501, 3, 89284, 97871
2026/09/22 21:55:22.701, 0, 89281, 97871
2026/09/22 21:55:22.701, 1, 90314, 97871
2026/09/22 21:55:22.701, 2, 88776, 97871
2026/09/22 21:55:22.701, 3, 89284, 97871
2026/09/22 21:55:22.902, 0, 89281, 97871
2026/09/22 21:55:22.902, 1, 90314, 97871
2026/09/22 21:55:22.902, 2, 88776, 97871
2026/09/22 21:55:22.902, 3, 89284, 97871
2026/09/22 21:55:23.102, 0, 89281, 97871
2026/09/22 21:55:23.102, 1, 90314, 97871
2026/09/22 21:55:23.102, 2, 88776, 97871
2026/09/22 21:55:23.102, 3, 89284, 97871
2026/09/22 21:55:23.302, 0, 89281, 97871
2026/09/22 21:55:23.302, 1, 90314, 97871
2026/09/22 21:55:23.302, 2, 88776, 97871
2026/09/22 21:55:23.302, 3, 89284, 97871
2026/09/22 21:55:23.502, 0, 89281, 97871
2026/09/22 21:55:23.502, 1, 90314, 97871
2026/09/22 21:55:23.502, 2, 88776, 97871
2026/09/22 21:55:23.502, 3, 89284, 97871
2026/09/22 21:55:23.703, 0, 89281, 97871
2026/09/22 21:55:23.703, 1, 90314, 97871
2026/09/22 21:55:23.703, 2, 88776, 97871
2026/09/22 21:55:23.703, 3, 89284, 97871
2026/09/22 21:55:23.903, 0, 89281, 97871
2026/09/22 21:55:23.903, 1, 90314, 97871
2026/09/22 21:55:23.903, 2, 88776, 97871
2026/09/22 21:55:23.903, 3, 89284, 97871
2026/09/22 21:55:24.103, 0, 89281, 97871
2026/09/22 21:55:24.103, 1, 90314, 97871
2026/09/22 21:55:24.103, 2, 88776, 97871
2026/09/22 21:55:24.103, 3, 89284, 97871
2026/09/22 21:55:24.303, 0, 89281, 97871
2026/09/22 21:55:24.303, 1, 90314, 97871
2026/09/22 21:55:24.303, 2, 88776, 97871
2026/09/22 21:55:24.303, 3, 89284, 97871
2026/09/22 21:55:24.504, 0, 89281, 97871
2026/09/22 21:55:24.504, 1, 90314, 97871
2026/09/22 21:55:24.504, 2, 88776, 97871
2026/09/22 21:55:24.504, 3, 89284, 97871
2026/09/22 21:55:24.704, 0, 89281, 97871
2026/09/22 21:55:24.704, 1, 90314, 97871
2026/09/22 21:55:24.704, 2, 88776, 97871
2026/09/22 21:55:24.704, 3, 89284, 97871
2026/09/22 21:55:24.904, 0, 89281, 97871
2026/09/22 21:55:24.904, 1, 90314, 97871
2026/09/22 21:55:24.904, 2, 88776, 97871
2026/09/22 21:55:24.904, 3, 89284, 97871
2026/09/22 21:55:25.104, 0, 89281, 97871
2026/09/22 21:55:25.105, 1, 90314, 97871
2026/09/22 21:55:25.105, 2, 88776, 97871
2026/09/22 21:55:25.105, 3, 89284, 97871
2026/09/22 21:55:25.305, 0, 89281, 97871
2026/09/22 21:55:25.305, 1, 90314, 97871
2026/09/22 21:55:25.305, 2, 88776, 97871
2026/09/22 21:55:25.305, 3, 89284, 97871
2026/09/22 21:55:25.505, 0, 89281, 97871
2026/09/22 21:55:25.505, 1, 90314, 97871
2026/09/22 21:55:25.505, 2, 88776, 97871
2026/09/22 21:55:25.505, 3, 89284, 97871
2026/09/22 21:55:25.705, 0, 89281, 97871
2026/09/22 21:55:25.705, 1, 90314, 97871
2026/09/22 21:55:25.705, 2, 88776, 97871
2026/09/22 21:55:25.705, 3, 89284, 97871
2026/09/22 21:55:25.906, 0, 89281, 97871
2026/09/22 21:55:25.906, 1, 90314, 97871
2026/09/22 21:55:25.906, 2, 88776, 97871
2026/09/22 21:55:25.906, 3, 89284, 97871
2026/09/22 21:55:26.106, 0, 89281, 97871
2026/09/22 21:55:26.106, 1, 90314, 97871
2026/09/22 21:55:26.106, 2, 88776, 97871
2026/09/22 21:55:26.106, 3, 89284, 97871
2026/09/22 21:55:26.306, 0, 89281, 97871
2026/09/22 21:55:26.306, 1, 90314, 97871
2026/09/22 21:55:26.306, 2, 88776, 97871
2026/09/22 21:55:26.306, 3, 89284, 97871
2026/09/22 21:55:26.506, 0, 89281, 97871
2026/09/22 21:55:26.506, 1, 90314, 97871
2026/09/22 21:55:26.507, 2, 88776, 97871
2026/09/22 21:55:26.507, 3, 89284, 97871
2026/09/22 21:55:26.707, 0, 89281, 97871
2026/09/22 21:55:26.707, 1, 90314, 97871
2026/09/22 21:55:26.707, 2, 88776, 97871
2026/09/22 21:55:26.707, 3, 89284, 97871
2026/09/22 21:55:26.907, 0, 89281, 97871
2026/09/22 21:55:26.907, 1, 90314, 97871
2026/09/22 21:55:26.907, 2, 88776, 97871
2026/09/22 21:55:26.907, 3, 89284, 97871
2026/09/22 21:55:27.107, 0, 89281, 97871
2026/09/22 21:55:27.107, 1, 90314, 97871
2026/09/22 21:55:27.107, 2, 88776, 97871
2026/09/22 21:55:27.107, 3, 89284, 97871
2026/09/22 21:55:27.307, 0, 89281, 97871
2026/09/22 21:55:27.308, 1, 90314, 97871
2026/09/22 21:55:27.308, 2, 88776, 97871
2026/09/22 21:55:27.308, 3, 89284, 97871
2026/09/22 21:55:27.508, 0, 89281, 97871
2026/09/22 21:55:27.508, 1, 90314, 97871
2026/09/22 21:55:27.508, 2, 88776, 97871
2026/09/22 21:55:27.508, 3, 89284, 97871
2026/09/22 21:55:27.708, 0, 89281, 97871
2026/09/22 21:55:27.708, 1, 90314, 97871
2026/09/22 21:55:27.708, 2, 88776, 97871
2026/09/22 21:55:27.708, 3, 89284, 97871
2026/09/22 21:55:27.908, 0, 89281, 97871
2026/09/22 21:55:27.908, 1, 90314, 97871
2026/09/22 21:55:27.908, 2, 88776, 97871
2026/09/22 21:55:27.909, 3, 89284, 97871
2026/09/22 21:55:28.109, 0, 89281, 97871
2026/09/22 21:55:28.109, 1, 90314, 97871
2026/09/22 21:55:28.109, 2, 88776, 97871
2026/09/22 21:55:28.109, 3, 89284, 97871
2026/09/22 21:55:28.309, 0, 89281, 97871
2026/09/22 21:55:28.309, 1, 90314, 97871
2026/09/22 21:55:28.309, 2, 88776, 97871
2026/09/22 21:55:28.309, 3, 89284, 97871
2026/09/22 21:55:28.509, 0, 89281, 97871
2026/09/22 21:55:28.509, 1, 90314, 97871
2026/09/22 21:55:28.509, 2, 88776, 97871
2026/09/22 21:55:28.509, 3, 89284, 97871
2026/09/22 21:55:28.709, 0, 89281, 97871
2026/09/22 21:55:28.709, 1, 90314, 97871
2026/09/22 21:55:28.710, 2, 88776, 97871
2026/09/22 21:55:28.710, 3, 89284, 97871
2026/09/22 21:55:28.910, 0, 89281, 97871
2026/09/22 21:55:28.910, 1, 90314, 97871
2026/09/22 21:55:28.910, 2, 88776, 97871
2026/09/22 21:55:28.910, 3, 89284, 97871
2026/09/22 21:55:29.110, 0, 89281, 97871
2026/09/22 21:55:29.110, 1, 90314, 97871
2026/09/22 21:55:29.110, 2, 88776, 97871
2026/09/22 21:55:29.110, 3, 89284, 97871
2026/09/22 21:55:29.310, 0, 89281, 97871
2026/09/22 21:55:29.310, 1, 90314, 97871
2026/09/22 21:55:29.310, 2, 88776, 97871
2026/09/22 21:55:29.310, 3, 89284, 97871
2026/09/22 21:55:29.510, 0, 89281, 97871
2026/09/22 21:55:29.511, 1, 90314, 97871
2026/09/22 21:55:29.511, 2, 88776, 97871
2026/09/22 21:55:29.511, 3, 89284, 97871
2026/09/22 21:55:29.711, 0, 89281, 97871
2026/09/22 21:55:29.711, 1, 90314, 97871
2026/09/22 21:55:29.711, 2, 88776, 97871
2026/09/22 21:55:29.711, 3, 89284, 97871
2026/09/22 21:55:29.911, 0, 89281, 97871
2026/09/22 21:55:29.911, 1, 90314, 97871
2026/09/22 21:55:29.911, 2, 88776, 97871
2026/09/22 21:55:29.911, 3, 89284, 97871
2026/09/22 21:55:30.111, 0, 89281, 97871
2026/09/22 21:55:30.111, 1, 90314, 97871
2026/09/22 21:55:30.111, 2, 88776, 97871
2026/09/22 21:55:30.111, 3, 89284, 97871
2026/09/22 21:55:30.311, 0, 89281, 97871
2026/09/22 21:55:30.311, 1, 90314, 97871
2026/09/22 21:55:30.312, 2, 88776, 97871
2026/09/22 21:55:30.312, 3, 89284, 97871
2026/09/22 21:55:30.512, 0, 89281, 97871
2026/09/22 21:55:30.512, 1, 90314, 97871
2026/09/22 21:55:30.512, 2, 88776, 97871
2026/09/22 21:55:30.512, 3, 89284, 97871
2026/09/22 21:55:30.712, 0, 89281, 97871
2026/09/22 21:55:30.712, 1, 90314, 97871
2026/09/22 21:55:30.712, 2, 88776, 97871
2026/09/22 21:55:30.712, 3, 89284, 97871
2026/09/22 21:55:30.912, 0, 89281, 97871
2026/09/22 21:55:30.912, 1, 90314, 97871
2026/09/22 21:55:30.912, 2, 88776, 97871
2026/09/22 21:55:30.912, 3, 89284, 97871
2026/09/22 21:55:31.112, 0, 89281, 97871
2026/09/22 21:55:31.112, 1, 90314, 97871
2026/09/22 21:55:31.112, 2, 88776, 97871
2026/09/22 21:55:31.112, 3, 89284, 97871
2026/09/22 21:55:31.312, 0, 89281, 97871
2026/09/22 21:55:31.313, 1, 90314, 97871
2026/09/22 21:55:31.313, 2, 88776, 97871
2026/09/22 21:55:31.313, 3, 89284, 97871
2026/09/22 21:55:31.513, 0, 89281, 97871
2026/09/22 21:55:31.513, 1, 90314, 97871
2026/09/22 21:55:31.513, 2, 88776, 97871
2026/09/22 21:55:31.513, 3, 89284, 97871
2026/09/22 21:55:31.713, 0, 89281, 97871
2026/09/22 21:55:31.713, 1, 90314, 97871
2026/09/22 21:55:31.713, 2, 88776, 97871
2026/09/22 21:55:31.713, 3, 89284, 97871
2026/09/22 21:55:31.913, 0, 89281, 97871
2026/09/22 21:55:31.913, 1, 90314, 97871
2026/09/22 21:55:31.913, 2, 88776, 97871
2026/09/22 21:55:31.913, 3, 89284, 97871
2026/09/22 21:55:32.113, 0, 89281, 97871
2026/09/22 21:55:32.113, 1, 90314, 97871
2026/09/22 21:55:32.114, 2, 88776, 97871
2026/09/22 21:55:32.114, 3, 89284, 97871
2026/09/22 21:55:32.314, 0, 89281, 97871
2026/09/22 21:55:32.314, 1, 90314, 97871
2026/09/22 21:55:32.314, 2, 88776, 97871
2026/09/22 21:55:32.314, 3, 89284, 97871
2026/09/22 21:55:32.514, 0, 89281, 97871
2026/09/22 21:55:32.514, 1, 90314, 97871
2026/09/22 21:55:32.514, 2, 88776, 97871
2026/09/22 21:55:32.514, 3, 89284, 97871
2026/09/22 21:55:32.714, 0, 89281, 97871
2026/09/22 21:55:32.714, 1, 90314, 97871
2026/09/22 21:55:32.714, 2, 88776, 97871
2026/09/22 21:55:32.714, 3, 89284, 97871
2026/09/22 21:55:32.915, 0, 89281, 97871
2026/09/22 21:55:32.915, 1, 90314, 97871
2026/09/22 21:55:32.915, 2, 88776, 97871
2026/09/22 21:55:32.915, 3, 89284, 97871
2026/09/22 21:55:33.115, 0, 89281, 97871
2026/09/22 21:55:33.115, 1, 90314, 97871
2026/09/22 21:55:33.115, 2, 88776, 97871
2026/09/22 21:55:33.115, 3, 89284, 97871
2026/09/22 21:55:33.315, 0, 89281, 97871
2026/09/22 21:55:33.315, 1, 90314, 97871
2026/09/22 21:55:33.315, 2, 88776, 97871
2026/09/22 21:55:33.315, 3, 89284, 97871
2026/09/22 21:55:33.515, 0, 89281, 97871
2026/09/22 21:55:33.515, 1, 90314, 97871
2026/09/22 21:55:33.516, 2, 88776, 97871
2026/09/22 21:55:33.516, 3, 89284, 97871
2026/09/22 21:55:33.716, 0, 89281, 97871
2026/09/22 21:55:33.716, 1, 90314, 97871
2026/09/22 21:55:33.716, 2, 88776, 97871
2026/09/22 21:55:33.716, 3, 89284, 97871
2026/09/22 21:55:33.916, 0, 89281, 97871
2026/09/22 21:55:33.916, 1, 90314, 97871
2026/09/22 21:55:33.916, 2, 88776, 97871
2026/09/22 21:55:33.916, 3, 89284, 97871
2026/09/22 21:55:34.116, 0, 89281, 97871
2026/09/22 21:55:34.116, 1, 90314, 97871
2026/09/22 21:55:34.116, 2, 88776, 97871
2026/09/22 21:55:34.116, 3, 89284, 97871
2026/09/22 21:55:34.317, 0, 89281, 97871
2026/09/22 21:55:34.317, 1, 90314, 97871
2026/09/22 21:55:34.317, 2, 88776, 97871
2026/09/22 21:55:34.317, 3, 89284, 97871
2026/09/22 21:55:34.517, 0, 89281, 97871
2026/09/22 21:55:34.517, 1, 90314, 97871
2026/09/22 21:55:34.517, 2, 88776, 97871
2026/09/22 21:55:34.517, 3, 89284, 97871
2026/09/22 21:55:34.717, 0, 89281, 97871
2026/09/22 21:55:34.717, 1, 90314, 97871
2026/09/22 21:55:34.717, 2, 88776, 97871
2026/09/22 21:55:34.717, 3, 89284, 97871
2026/09/22 21:55:34.917, 0, 89281, 97871
2026/09/22 21:55:34.917, 1, 90314, 97871
2026/09/22 21:55:34.918, 2, 88776, 97871
2026/09/22 21:55:34.918, 3, 89284, 97871
2026/09/22 21:55:35.118, 0, 89281, 97871
2026/09/22 21:55:35.118, 1, 90314, 97871
2026/09/22 21:55:35.118, 2, 88776, 97871
2026/09/22 21:55:35.118, 3, 89284, 97871
2026/09/22 21:55:35.318, 0, 89281, 97871
2026/09/22 21:55:35.318, 1, 90314, 97871
2026/09/22 21:55:35.318, 2, 88776, 97871
2026/09/22 21:55:35.318, 3, 89284, 97871
2026/09/22 21:55:35.518, 0, 89281, 97871
2026/09/22 21:55:35.518, 1, 90314, 97871
2026/09/22 21:55:35.518, 2, 88776, 97871
2026/09/22 21:55:35.518, 3, 89284, 97871
2026/09/22 21:55:35.719, 0, 89281, 97871
2026/09/22 21:55:35.719, 1, 90314, 97871
2026/09/22 21:55:35.719, 2, 88776, 97871
2026/09/22 21:55:35.719, 3, 89284, 97871
2026/09/22 21:55:35.919, 0, 89281, 97871
2026/09/22 21:55:35.919, 1, 90314, 97871
2026/09/22 21:55:35.919, 2, 88776, 97871
2026/09/22 21:55:35.919, 3, 89284, 97871
2026/09/22 21:55:36.119, 0, 89281, 97871
2026/09/22 21:55:36.119, 1, 90314, 97871
2026/09/22 21:55:36.119, 2, 88776, 97871
2026/09/22 21:55:36.119, 3, 89284, 97871
2026/09/22 21:55:36.319, 0, 89281, 97871
2026/09/22 21:55:36.319, 1, 90314, 97871
2026/09/22 21:55:36.320, 2, 88776, 97871
2026/09/22 21:55:36.320, 3, 89284, 97871
2026/09/22 21:55:36.520, 0, 89281, 97871
2026/09/22 21:55:36.520, 1, 90314, 97871
2026/09/22 21:55:36.520, 2, 88776, 97871
2026/09/22 21:55:36.520, 3, 89284, 97871
2026/09/22 21:55:36.720, 0, 89281, 97871
2026/09/22 21:55:36.720, 1, 90314, 97871
2026/09/22 21:55:36.720, 2, 88776, 97871
2026/09/22 21:55:36.720, 3, 89284, 97871
2026/09/22 21:55:36.920, 0, 89281, 97871
2026/09/22 21:55:36.920, 1, 90314, 97871
2026/09/22 21:55:36.920, 2, 88776, 97871
2026/09/22 21:55:36.920, 3, 89284, 97871
2026/09/22 21:55:37.120, 0, 89281, 97871
2026/09/22 21:55:37.120, 1, 90314, 97871
2026/09/22 21:55:37.120, 2, 88776, 97871
2026/09/22 21:55:37.120, 3, 89284, 97871
2026/09/22 21:55:37.321, 0, 89281, 97871
2026/09/22 21:55:37.321, 1, 90314, 97871
2026/09/22 21:55:37.321, 2, 88776, 97871
2026/09/22 21:55:37.321, 3, 89284, 97871
2026/09/22 21:55:37.521, 0, 89281, 97871
2026/09/22 21:55:37.521, 1, 90314, 97871
2026/09/22 21:55:37.521, 2, 88776, 97871
2026/09/22 21:55:37.521, 3, 89284, 97871
2026/09/22 21:55:37.721, 0, 89281, 97871
2026/09/22 21:55:37.721, 1, 90314, 97871
2026/09/22 21:55:37.721, 2, 88776, 97871
2026/09/22 21:55:37.721, 3, 89284, 97871
2026/09/22 21:55:37.921, 0, 89281, 97871
2026/09/22 21:55:37.921, 1, 90314, 97871
2026/09/22 21:55:37.921, 2, 88776, 97871
2026/09/22 21:55:37.921, 3, 89284, 97871
2026/09/22 21:55:38.121, 0, 89281, 97871
2026/09/22 21:55:38.121, 1, 90314, 97871
2026/09/22 21:55:38.122, 2, 88776, 97871
2026/09/22 21:55:38.122, 3, 89284, 97871
2026/09/22 21:55:38.322, 0, 89281, 97871
2026/09/22 21:55:38.322, 1, 90314, 97871
2026/09/22 21:55:38.322, 2, 88776, 97871
2026/09/22 21:55:38.322, 3, 89284, 97871
2026/09/22 21:55:38.522, 0, 89281, 97871
2026/09/22 21:55:38.522, 1, 90314, 97871
2026/09/22 21:55:38.522, 2, 88776, 97871
2026/09/22 21:55:38.522, 3, 89284, 97871
2026/09/22 21:55:38.722, 0, 89281, 97871
2026/09/22 21:55:38.722, 1, 90314, 97871
2026/09/22 21:55:38.722, 2, 88776, 97871
2026/09/22 21:55:38.722, 3, 89284, 97871
2026/09/22 21:55:38.922, 0, 89281, 97871
2026/09/22 21:55:38.922, 1, 90314, 97871
2026/09/22 21:55:38.922, 2, 88776, 97871
2026/09/22 21:55:38.922, 3, 89284, 97871
2026/09/22 21:55:39.123, 0, 89281, 97871
2026/09/22 21:55:39.123, 1, 90314, 97871
2026/09/22 21:55:39.123, 2, 88776, 97871
2026/09/22 21:55:39.123, 3, 89284, 97871
2026/09/22 21:55:39.323, 0, 89281, 97871
2026/09/22 21:55:39.323, 1, 90314, 97871
2026/09/22 21:55:39.323, 2, 88776, 97871
2026/09/22 21:55:39.323, 3, 89284, 97871
2026/09/22 21:55:39.523, 0, 89281, 97871
2026/09/22 21:55:39.523, 1, 90314, 97871
2026/09/22 21:55:39.523, 2, 88776, 97871
2026/09/22 21:55:39.523, 3, 89284, 97871
2026/09/22 21:55:39.723, 0, 89281, 97871
2026/09/22 21:55:39.723, 1, 90314, 97871
2026/09/22 21:55:39.723, 2, 88776, 97871
2026/09/22 21:55:39.723, 3, 89284, 97871
2026/09/22 21:55:39.923, 0, 89281, 97871
2026/09/22 21:55:39.924, 1, 90314, 97871
2026/09/22 21:55:39.924, 2, 88776, 97871
2026/09/22 21:55:39.924, 3, 89284, 97871
2026/09/22 21:55:40.124, 0, 89281, 97871
2026/09/22 21:55:40.124, 1, 90314, 97871
2026/09/22 21:55:40.124, 2, 88776, 97871
2026/09/22 21:55:40.124, 3, 89284, 97871
2026/09/22 21:55:40.324, 0, 89281, 97871
2026/09/22 21:55:40.324, 1, 90314, 97871
2026/09/22 21:55:40.324, 2, 88776, 97871
2026/09/22 21:55:40.324, 3, 89284, 97871
2026/09/22 21:55:40.524, 0, 89281, 97871
2026/09/22 21:55:40.525, 1, 90314, 97871
2026/09/22 21:55:40.525, 2, 88776, 97871
2026/09/22 21:55:40.525, 3, 89284, 97871
2026/09/22 21:55:40.725, 0, 89281, 97871
2026/09/22 21:55:40.725, 1, 90314, 97871
2026/09/22 21:55:40.725, 2, 88776, 97871
2026/09/22 21:55:40.725, 3, 89284, 97871
2026/09/22 21:55:40.925, 0, 89281, 97871
2026/09/22 21:55:40.925, 1, 90314, 97871
2026/09/22 21:55:40.925, 2, 88776, 97871
2026/09/22 21:55:40.925, 3, 89284, 97871
2026/09/22 21:55:41.125, 0, 89281, 97871
2026/09/22 21:55:41.125, 1, 90314, 97871
2026/09/22 21:55:41.125, 2, 88776, 97871
2026/09/22 21:55:41.125, 3, 89284, 97871
2026/09/22 21:55:41.325, 0, 89281, 97871
2026/09/22 21:55:41.325, 1, 90314, 97871
2026/09/22 21:55:41.325, 2, 88776, 97871
2026/09/22 21:55:41.326, 3, 89284, 97871
2026/09/22 21:55:41.526, 0, 89281, 97871
2026/09/22 21:55:41.526, 1, 90314, 97871
2026/09/22 21:55:41.526, 2, 88776, 97871
2026/09/22 21:55:41.526, 3, 89284, 97871
2026/09/22 21:55:41.726, 0, 89281, 97871
2026/09/22 21:55:41.726, 1, 90314, 97871
2026/09/22 21:55:41.726, 2, 88776, 97871
2026/09/22 21:55:41.726, 3, 89284, 97871
2026/09/22 21:55:41.926, 0, 89281, 97871
2026/09/22 21:55:41.926, 1, 90314, 97871
2026/09/22 21:55:41.926, 2, 88776, 97871
2026/09/22 21:55:41.926, 3, 89284, 97871
2026/09/22 21:55:42.127, 0, 89281, 97871
2026/09/22 21:55:42.127, 1, 90314, 97871
2026/09/22 21:55:42.127, 2, 88776, 97871
2026/09/22 21:55:42.127, 3, 89284, 97871
2026/09/22 21:55:42.327, 0, 89281, 97871
2026/09/22 21:55:42.327, 1, 90314, 97871
2026/09/22 21:55:42.327, 2, 88776, 97871
2026/09/22 21:55:42.327, 3, 89284, 97871
2026/09/22 21:55:42.527, 0, 89281, 97871
2026/09/22 21:55:42.527, 1, 90314, 97871
2026/09/22 21:55:42.527, 2, 88776, 97871
2026/09/22 21:55:42.527, 3, 89284, 97871
2026/09/22 21:55:42.727, 0, 89281, 97871
2026/09/22 21:55:42.727, 1, 90314, 97871
2026/09/22 21:55:42.727, 2, 88776, 97871
2026/09/22 21:55:42.728, 3, 89284, 97871
2026/09/22 21:55:42.928, 0, 89281, 97871
2026/09/22 21:55:42.928, 1, 90314, 97871
2026/09/22 21:55:42.928, 2, 88776, 97871
2026/09/22 21:55:42.928, 3, 89284, 97871
2026/09/22 21:55:43.128, 0, 89281, 97871
2026/09/22 21:55:43.128, 1, 90314, 97871
2026/09/22 21:55:43.128, 2, 88776, 97871
2026/09/22 21:55:43.128, 3, 89284, 97871
2026/09/22 21:55:43.328, 0, 89281, 97871
2026/09/22 21:55:43.328, 1, 90314, 97871
2026/09/22 21:55:43.328, 2, 88776, 97871
2026/09/22 21:55:43.328, 3, 89284, 97871
2026/09/22 21:55:43.528, 0, 89281, 97871
2026/09/22 21:55:43.528, 1, 90314, 97871
2026/09/22 21:55:43.528, 2, 88776, 97871
2026/09/22 21:55:43.528, 3, 89284, 97871
2026/09/22 21:55:43.728, 0, 89281, 97871
2026/09/22 21:55:43.729, 1, 90314, 97871
2026/09/22 21:55:43.729, 2, 88776, 97871
2026/09/22 21:55:43.729, 3, 89284, 97871
2026/09/22 21:55:43.929, 0, 89281, 97871
2026/09/22 21:55:43.929, 1, 90314, 97871
2026/09/22 21:55:43.929, 2, 88776, 97871
2026/09/22 21:55:43.929, 3, 89284, 97871
2026/09/22 21:55:44.129, 0, 89281, 97871
2026/09/22 21:55:44.129, 1, 90314, 97871
2026/09/22 21:55:44.129, 2, 88776, 97871
2026/09/22 21:55:44.129, 3, 89284, 97871
2026/09/22 21:55:44.329, 0, 89281, 97871
2026/09/22 21:55:44.329, 1, 90314, 97871
2026/09/22 21:55:44.329, 2, 88776, 97871
2026/09/22 21:55:44.329, 3, 89284, 97871
2026/09/22 21:55:44.529, 0, 89281, 97871
2026/09/22 21:55:44.529, 1, 90314, 97871
2026/09/22 21:55:44.530, 2, 88776, 97871
2026/09/22 21:55:44.530, 3, 89284, 97871
2026/09/22 21:55:44.730, 0, 89281, 97871
2026/09/22 21:55:44.730, 1, 90314, 97871
2026/09/22 21:55:44.730, 2, 88776, 97871
2026/09/22 21:55:44.730, 3, 89284, 97871
2026/09/22 21:55:44.930, 0, 89281, 97871
2026/09/22 21:55:44.930, 1, 90314, 97871
2026/09/22 21:55:44.930, 2, 88776, 97871
2026/09/22 21:55:44.930, 3, 89284, 97871
2026/09/22 21:55:45.130, 0, 89281, 97871
2026/09/22 21:55:45.130, 1, 90314, 97871
2026/09/22 21:55:45.130, 2, 88776, 97871
2026/09/22 21:55:45.130, 3, 89284, 97871
2026/09/22 21:55:45.330, 0, 89281, 97871
2026/09/22 21:55:45.331, 1, 90314, 97871
2026/09/22 21:55:45.331, 2, 88776, 97871
2026/09/22 21:55:45.331, 3, 89284, 97871
2026/09/22 21:55:45.531, 0, 89281, 97871
2026/09/22 21:55:45.531, 1, 90314, 97871
2026/09/22 21:55:45.531, 2, 88776, 97871
2026/09/22 21:55:45.531, 3, 89284, 97871
2026/09/22 21:55:45.731, 0, 89281, 97871
2026/09/22 21:55:45.731, 1, 90314, 97871
2026/09/22 21:55:45.731, 2, 88776, 97871
2026/09/22 21:55:45.731, 3, 89284, 97871
2026/09/22 21:55:45.931, 0, 89281, 97871
2026/09/22 21:55:45.931, 1, 90314, 97871
2026/09/22 21:55:45.931, 2, 88776, 97871
2026/09/22 21:55:45.931, 3, 89284, 97871
2026/09/22 21:55:46.131, 0, 89281, 97871
2026/09/22 21:55:46.131, 1, 90314, 97871
2026/09/22 21:55:46.131, 2, 88776, 97871
2026/09/22 21:55:46.131, 3, 89284, 97871
2026/09/22 21:55:46.332, 0, 89281, 97871
2026/09/22 21:55:46.332, 1, 90314, 97871
2026/09/22 21:55:46.332, 2, 88776, 97871
2026/09/22 21:55:46.332, 3, 89284, 97871
2026/09/22 21:55:46.532, 0, 89281, 97871
2026/09/22 21:55:46.532, 1, 90314, 97871
2026/09/22 21:55:46.532, 2, 88776, 97871
2026/09/22 21:55:46.532, 3, 89284, 97871
2026/09/22 21:55:46.732, 0, 89281, 97871
2026/09/22 21:55:46.732, 1, 90314, 97871
2026/09/22 21:55:46.732, 2, 88776, 97871
2026/09/22 21:55:46.732, 3, 89284, 97871
2026/09/22 21:55:46.932, 0, 89281, 97871
2026/09/22 21:55:46.932, 1, 90314, 97871
2026/09/22 21:55:46.932, 2, 88776, 97871
2026/09/22 21:55:46.932, 3, 89284, 97871
2026/09/22 21:55:47.132, 0, 89281, 97871
2026/09/22 21:55:47.132, 1, 90314, 97871
2026/09/22 21:55:47.132, 2, 88776, 97871
2026/09/22 21:55:47.133, 3, 89284, 97871
2026/09/22 21:55:47.333, 0, 89281, 97871
2026/09/22 21:55:47.333, 1, 90314, 97871
2026/09/22 21:55:47.333, 2, 88776, 97871
2026/09/22 21:55:47.333, 3, 89284, 97871
2026/09/22 21:55:47.533, 0, 89281, 97871
2026/09/22 21:55:47.533, 1, 90314, 97871
2026/09/22 21:55:47.533, 2, 88776, 97871
2026/09/22 21:55:47.533, 3, 89284, 97871
2026/09/22 21:55:47.733, 0, 89281, 97871
2026/09/22 21:55:47.733, 1, 90314, 97871
2026/09/22 21:55:47.733, 2, 88776, 97871
2026/09/22 21:55:47.733, 3, 89284, 97871
2026/09/22 21:55:47.933, 0, 89281, 97871
2026/09/22 21:55:47.933, 1, 90314, 97871
2026/09/22 21:55:47.933, 2, 88776, 97871
2026/09/22 21:55:47.933, 3, 89284, 97871
2026/09/22 21:55:48.134, 0, 89281, 97871
2026/09/22 21:55:48.134, 1, 90314, 97871
2026/09/22 21:55:48.134, 2, 88776, 97871
2026/09/22 21:55:48.134, 3, 89284, 97871
2026/09/22 21:55:48.334, 0, 89281, 97871
2026/09/22 21:55:48.334, 1, 90314, 97871
2026/09/22 21:55:48.334, 2, 88776, 97871
2026/09/22 21:55:48.334, 3, 89284, 97871
2026/09/22 21:55:48.534, 0, 89281, 97871
2026/09/22 21:55:48.534, 1, 90314, 97871
2026/09/22 21:55:48.534, 2, 88776, 97871
2026/09/22 21:55:48.534, 3, 89284, 97871
2026/09/22 21:55:48.734, 0, 89281, 97871
2026/09/22 21:55:48.734, 1, 90314, 97871
2026/09/22 21:55:48.734, 2, 88776, 97871
2026/09/22 21:55:48.734, 3, 89284, 97871
2026/09/22 21:55:48.935, 0, 89281, 97871
2026/09/22 21:55:48.935, 1, 90314, 97871
2026/09/22 21:55:48.935, 2, 88776, 97871
2026/09/22 21:55:48.935, 3, 89284, 97871
2026/09/22 21:55:49.135, 0, 89281, 97871
2026/09/22 21:55:49.135, 1, 90314, 97871
2026/09/22 21:55:49.135, 2, 88776, 97871
2026/09/22 21:55:49.135, 3, 89284, 97871
2026/09/22 21:55:49.335, 0, 89281, 97871
2026/09/22 21:55:49.335, 1, 90314, 97871
2026/09/22 21:55:49.335, 2, 88776, 97871
2026/09/22 21:55:49.335, 3, 89284, 97871
2026/09/22 21:55:49.535, 0, 89281, 97871
2026/09/22 21:55:49.536, 1, 90314, 97871
2026/09/22 21:55:49.536, 2, 88776, 97871
2026/09/22 21:55:49.536, 3, 89284, 97871
2026/09/22 21:55:49.736, 0, 89281, 97871
2026/09/22 21:55:49.736, 1, 90314, 97871
2026/09/22 21:55:49.736, 2, 88776, 97871
2026/09/22 21:55:49.736, 3, 89284, 97871
2026/09/22 21:55:49.936, 0, 89281, 97871
2026/09/22 21:55:49.936, 1, 90314, 97871
2026/09/22 21:55:49.936, 2, 88776, 97871
2026/09/22 21:55:49.936, 3, 89284, 97871
2026/09/22 21:55:50.136, 0, 89281, 97871
2026/09/22 21:55:50.136, 1, 90314, 97871
2026/09/22 21:55:50.136, 2, 88776, 97871
2026/09/22 21:55:50.136, 3, 89284, 97871
2026/09/22 21:55:50.337, 0, 89281, 97871
2026/09/22 21:55:50.337, 1, 90314, 97871
2026/09/22 21:55:50.337, 2, 88776, 97871
2026/09/22 21:55:50.337, 3, 89284, 97871
2026/09/22 21:55:50.537, 0, 89281, 97871
2026/09/22 21:55:50.537, 1, 90314, 97871
2026/09/22 21:55:50.537, 2, 88776, 97871
2026/09/22 21:55:50.537, 3, 89284, 97871
2026/09/22 21:55:50.737, 0, 89281, 97871
2026/09/22 21:55:50.737, 1, 90314, 97871
2026/09/22 21:55:50.737, 2, 88776, 97871
2026/09/22 21:55:50.737, 3, 89284, 97871
2026/09/22 21:55:50.937, 0, 89281, 97871
2026/09/22 21:55:50.937, 1, 90314, 97871
2026/09/22 21:55:50.937, 2, 88776, 97871
2026/09/22 21:55:50.938, 3, 89284, 97871
2026/09/22 21:55:51.138, 0, 89281, 97871
2026/09/22 21:55:51.138, 1, 90314, 97871
2026/09/22 21:55:51.138, 2, 88776, 97871
2026/09/22 21:55:51.138, 3, 89284, 97871
2026/09/22 21:55:51.338, 0, 89281, 97871
2026/09/22 21:55:51.338, 1, 90314, 97871
2026/09/22 21:55:51.338, 2, 88776, 97871
2026/09/22 21:55:51.338, 3, 89284, 97871
2026/09/22 21:55:51.538, 0, 89281, 97871
2026/09/22 21:55:51.538, 1, 90314, 97871
2026/09/22 21:55:51.538, 2, 88776, 97871
2026/09/22 21:55:51.538, 3, 89284, 97871
2026/09/22 21:55:51.738, 0, 89281, 97871
2026/09/22 21:55:51.738, 1, 90314, 97871
2026/09/22 21:55:51.738, 2, 88776, 97871
2026/09/22 21:55:51.738, 3, 89284, 97871
2026/09/22 21:55:51.939, 0, 89281, 97871
2026/09/22 21:55:51.939, 1, 90314, 97871
2026/09/22 21:55:51.939, 2, 88776, 97871
2026/09/22 21:55:51.939, 3, 89284, 97871
2026/09/22 21:55:52.139, 0, 89281, 97871
2026/09/22 21:55:52.139, 1, 90314, 97871
2026/09/22 21:55:52.139, 2, 88776, 97871
2026/09/22 21:55:52.139, 3, 89284, 97871
2026/09/22 21:55:52.339, 0, 89281, 97871
2026/09/22 21:55:52.339, 1, 90314, 97871
2026/09/22 21:55:52.339, 2, 88776, 97871
2026/09/22 21:55:52.339, 3, 89284, 97871
2026/09/22 21:55:52.539, 0, 89281, 97871
2026/09/22 21:55:52.539, 1, 90314, 97871
2026/09/22 21:55:52.539, 2, 88776, 97871
2026/09/22 21:55:52.539, 3, 89284, 97871
2026/09/22 21:55:52.740, 0, 89281, 97871
2026/09/22 21:55:52.740, 1, 90314, 97871
2026/09/22 21:55:52.740, 2, 88776, 97871
2026/09/22 21:55:52.740, 3, 89284, 97871
2026/09/22 21:55:52.940, 0, 89281, 97871
2026/09/22 21:55:52.940, 1, 90314, 97871
2026/09/22 21:55:52.940, 2, 88776, 97871
2026/09/22 21:55:52.940, 3, 89284, 97871
2026/09/22 21:55:53.140, 0, 89281, 97871
2026/09/22 21:55:53.140, 1, 90314, 97871
2026/09/22 21:55:53.140, 2, 88776, 97871
2026/09/22 21:55:53.140, 3, 89284, 97871
2026/09/22 21:55:53.340, 0, 89281, 97871
2026/09/22 21:55:53.340, 1, 90314, 97871
2026/09/22 21:55:53.340, 2, 88776, 97871
2026/09/22 21:55:53.340, 3, 89284, 97871
2026/09/22 21:55:53.540, 0, 89281, 97871
2026/09/22 21:55:53.541, 1, 90314, 97871
2026/09/22 21:55:53.541, 2, 88776, 97871
2026/09/22 21:55:53.541, 3, 89284, 97871
2026/09/22 21:55:53.741, 0, 89281, 97871
2026/09/22 21:55:53.741, 1, 90314, 97871
2026/09/22 21:55:53.741, 2, 88776, 97871
2026/09/22 21:55:53.741, 3, 89284, 97871
2026/09/22 21:55:53.941, 0, 89281, 97871
2026/09/22 21:55:53.941, 1, 90314, 97871
2026/09/22 21:55:53.941, 2, 88776, 97871
2026/09/22 21:55:53.941, 3, 89284, 97871
2026/09/22 21:55:54.141, 0, 89281, 97871
2026/09/22 21:55:54.141, 1, 90314, 97871
2026/09/22 21:55:54.141, 2, 88776, 97871
2026/09/22 21:55:54.141, 3, 89284, 97871
2026/09/22 21:55:54.341, 0, 89281, 97871
2026/09/22 21:55:54.342, 1, 90314, 97871
2026/09/22 21:55:54.342, 2, 88776, 97871
2026/09/22 21:55:54.342, 3, 89284, 97871
2026/09/22 21:55:54.542, 0, 89281, 97871
2026/09/22 21:55:54.542, 1, 90314, 97871
2026/09/22 21:55:54.542, 2, 88776, 97871
2026/09/22 21:55:54.542, 3, 89284, 97871
2026/09/22 21:55:54.742, 0, 89281, 97871
2026/09/22 21:55:54.742, 1, 90314, 97871
2026/09/22 21:55:54.742, 2, 88776, 97871
2026/09/22 21:55:54.742, 3, 89284, 97871
2026/09/22 21:55:54.942, 0, 89281, 97871
2026/09/22 21:55:54.942, 1, 90314, 97871
2026/09/22 21:55:54.942, 2, 88776, 97871
2026/09/22 21:55:54.942, 3, 89284, 97871
2026/09/22 21:55:55.142, 0, 89281, 97871
2026/09/22 21:55:55.143, 1, 90314, 97871
2026/09/22 21:55:55.143, 2, 88776, 97871
2026/09/22 21:55:55.143, 3, 89284, 97871
2026/09/22 21:55:55.343, 0, 89281, 97871
2026/09/22 21:55:55.343, 1, 90314, 97871
2026/09/22 21:55:55.343, 2, 88776, 97871
2026/09/22 21:55:55.343, 3, 89284, 97871
2026/09/22 21:55:55.543, 0, 89281, 97871
2026/09/22 21:55:55.543, 1, 90314, 97871
2026/09/22 21:55:55.543, 2, 88776, 97871
2026/09/22 21:55:55.543, 3, 89284, 97871
2026/09/22 21:55:55.743, 0, 89281, 97871
2026/09/22 21:55:55.743, 1, 90314, 97871
2026/09/22 21:55:55.743, 2, 88776, 97871
2026/09/22 21:55:55.743, 3, 89284, 97871
2026/09/22 21:55:55.943, 0, 89281, 97871
2026/09/22 21:55:55.943, 1, 90314, 97871
2026/09/22 21:55:55.944, 2, 88776, 97871
2026/09/22 21:55:55.944, 3, 89284, 97871
2026/09/22 21:55:56.144, 0, 89281, 97871
2026/09/22 21:55:56.144, 1, 90314, 97871
2026/09/22 21:55:56.144, 2, 88776, 97871
2026/09/22 21:55:56.144, 3, 89284, 97871
2026/09/22 21:55:56.344, 0, 89281, 97871
2026/09/22 21:55:56.344, 1, 90314, 97871
2026/09/22 21:55:56.344, 2, 88776, 97871
2026/09/22 21:55:56.344, 3, 89284, 97871
2026/09/22 21:55:56.544, 0, 89281, 97871
2026/09/22 21:55:56.544, 1, 90314, 97871
2026/09/22 21:55:56.544, 2, 88776, 97871
2026/09/22 21:55:56.544, 3, 89284, 97871
2026/09/22 21:55:56.744, 0, 89281, 97871
2026/09/22 21:55:56.745, 1, 90314, 97871
2026/09/22 21:55:56.745, 2, 88776, 97871
2026/09/22 21:55:56.745, 3, 89284, 97871
2026/09/22 21:55:56.945, 0, 89281, 97871
2026/09/22 21:55:56.945, 1, 90314, 97871
2026/09/22 21:55:56.945, 2, 88776, 97871
2026/09/22 21:55:56.945, 3, 89284, 97871
2026/09/22 21:55:57.145, 0, 89281, 97871
2026/09/22 21:55:57.145, 1, 90314, 97871
2026/09/22 21:55:57.145, 2, 88776, 97871
2026/09/22 21:55:57.145, 3, 89284, 97871
2026/09/22 21:55:57.345, 0, 89281, 97871
2026/09/22 21:55:57.345, 1, 90314, 97871
2026/09/22 21:55:57.345, 2, 88776, 97871
2026/09/22 21:55:57.345, 3, 89284, 97871
2026/09/22 21:55:57.545, 0, 89281, 97871
2026/09/22 21:55:57.545, 1, 90314, 97871
2026/09/22 21:55:57.545, 2, 88776, 97871
2026/09/22 21:55:57.546, 3, 89284, 97871
2026/09/22 21:55:57.746, 0, 89281, 97871
2026/09/22 21:55:57.746, 1, 90314, 97871
2026/09/22 21:55:57.746, 2, 88776, 97871
2026/09/22 21:55:57.746, 3, 89284, 97871
2026/09/22 21:55:57.946, 0, 89281, 97871
2026/09/22 21:55:57.946, 1, 90314, 97871
2026/09/22 21:55:57.946, 2, 88776, 97871
2026/09/22 21:55:57.946, 3, 89284, 97871
2026/09/22 21:55:58.146, 0, 89281, 97871
2026/09/22 21:55:58.146, 1, 90314, 97871
2026/09/22 21:55:58.146, 2, 88776, 97871
2026/09/22 21:55:58.146, 3, 89284, 97871
2026/09/22 21:55:58.346, 0, 89281, 97871
2026/09/22 21:55:58.346, 1, 90314, 97871
2026/09/22 21:55:58.347, 2, 88776, 97871
2026/09/22 21:55:58.347, 3, 89284, 97871
2026/09/22 21:55:58.547, 0, 89281, 97871
2026/09/22 21:55:58.547, 1, 90314, 97871
2026/09/22 21:55:58.547, 2, 88776, 97871
2026/09/22 21:55:58.547, 3, 89284, 97871
2026/09/22 21:55:58.747, 0, 89281, 97871
2026/09/22 21:55:58.747, 1, 90314, 97871
2026/09/22 21:55:58.747, 2, 88776, 97871
2026/09/22 21:55:58.747, 3, 89284, 97871
2026/09/22 21:55:58.947, 0, 89281, 97871
2026/09/22 21:55:58.947, 1, 90314, 97871
2026/09/22 21:55:58.947, 2, 88776, 97871
2026/09/22 21:55:58.947, 3, 89284, 97871
2026/09/22 21:55:59.148, 0, 89281, 97871
2026/09/22 21:55:59.148, 1, 90314, 97871
2026/09/22 21:55:59.148, 2, 88776, 97871
2026/09/22 21:55:59.148, 3, 89284, 97871
2026/09/22 21:55:59.348, 0, 89281, 97871
2026/09/22 21:55:59.348, 1, 90314, 97871
2026/09/22 21:55:59.348, 2, 88776, 97871
2026/09/22 21:55:59.348, 3, 89284, 97871
2026/09/22 21:55:59.548, 0, 89281, 97871
2026/09/22 21:55:59.548, 1, 90314, 97871
2026/09/22 21:55:59.548, 2, 88776, 97871
2026/09/22 21:55:59.548, 3, 89284, 97871
2026/09/22 21:55:59.748, 0, 89281, 97871
2026/09/22 21:55:59.748, 1, 90314, 97871
2026/09/22 21:55:59.748, 2, 88776, 97871
2026/09/22 21:55:59.748, 3, 89284, 97871
2026/09/22 21:55:59.948, 0, 89281, 97871
2026/09/22 21:55:59.948, 1, 90314, 97871
2026/09/22 21:55:59.948, 2, 88776, 97871
2026/09/22 21:55:59.949, 3, 89284, 97871
2026/09/22 21:56:00.149, 0, 89281, 97871
2026/09/22 21:56:00.149, 1, 90314, 97871
2026/09/22 21:56:00.149, 2, 88776, 97871
2026/09/22 21:56:00.149, 3, 89284, 97871
2026/09/22 21:56:00.349, 0, 89281, 97871
2026/09/22 21:56:00.349, 1, 90314, 97871
2026/09/22 21:56:00.349, 2, 88776, 97871
2026/09/22 21:56:00.349, 3, 89284, 97871
2026/09/22 21:56:00.549, 0, 89281, 97871
2026/09/22 21:56:00.549, 1, 90314, 97871
2026/09/22 21:56:00.549, 2, 88776, 97871
2026/09/22 21:56:00.549, 3, 89284, 97871
2026/09/22 21:56:00.749, 0, 89281, 97871
2026/09/22 21:56:00.749, 1, 90314, 97871
2026/09/22 21:56:00.749, 2, 88776, 97871
2026/09/22 21:56:00.749, 3, 89284, 97871
2026/09/22 21:56:00.949, 0, 89281, 97871
2026/09/22 21:56:00.950, 1, 90314, 97871
2026/09/22 21:56:00.950, 2, 88776, 97871
2026/09/22 21:56:00.950, 3, 89284, 97871
2026/09/22 21:56:01.150, 0, 89281, 97871
2026/09/22 21:56:01.150, 1, 90314, 97871
2026/09/22 21:56:01.150, 2, 88776, 97871
2026/09/22 21:56:01.150, 3, 89284, 97871
2026/09/22 21:56:01.350, 0, 89281, 97871
2026/09/22 21:56:01.350, 1, 90314, 97871
2026/09/22 21:56:01.350, 2, 88776, 97871
2026/09/22 21:56:01.350, 3, 89284, 97871
2026/09/22 21:56:01.550, 0, 89281, 97871
2026/09/22 21:56:01.550, 1, 90314, 97871
2026/09/22 21:56:01.550, 2, 88776, 97871
2026/09/22 21:56:01.550, 3, 89284, 97871
2026/09/22 21:56:01.750, 0, 89281, 97871
2026/09/22 21:56:01.751, 1, 90314, 97871
2026/09/22 21:56:01.751, 2, 88776, 97871
2026/09/22 21:56:01.751, 3, 89284, 97871
2026/09/22 21:56:01.951, 0, 89281, 97871
2026/09/22 21:56:01.951, 1, 90314, 97871
2026/09/22 21:56:01.951, 2, 88776, 97871
2026/09/22 21:56:01.951, 3, 89284, 97871
2026/09/22 21:56:02.151, 0, 89281, 97871
2026/09/22 21:56:02.151, 1, 90314, 97871
2026/09/22 21:56:02.151, 2, 88776, 97871
2026/09/22 21:56:02.151, 3, 89284, 97871
2026/09/22 21:56:02.351, 0, 89281, 97871
2026/09/22 21:56:02.351, 1, 90314, 97871
2026/09/22 21:56:02.351, 2, 88776, 97871
2026/09/22 21:56:02.351, 3, 89284, 97871
2026/09/22 21:56:02.551, 0, 89281, 97871
2026/09/22 21:56:02.551, 1, 90314, 97871
2026/09/22 21:56:02.551, 2, 88776, 97871
2026/09/22 21:56:02.551, 3, 89284, 97871
2026/09/22 21:56:02.751, 0, 89281, 97871
2026/09/22 21:56:02.752, 1, 90314, 97871
2026/09/22 21:56:02.752, 2, 88776, 97871
2026/09/22 21:56:02.752, 3, 89284, 97871
2026/09/22 21:56:02.952, 0, 89281, 97871
2026/09/22 21:56:02.952, 1, 90314, 97871
2026/09/22 21:56:02.952, 2, 88776, 97871
2026/09/22 21:56:02.952, 3, 89284, 97871
2026/09/22 21:56:03.152, 0, 89281, 97871
2026/09/22 21:56:03.152, 1, 90314, 97871
2026/09/22 21:56:03.152, 2, 88776, 97871
2026/09/22 21:56:03.152, 3, 89284, 97871
2026/09/22 21:56:03.352, 0, 89281, 97871
2026/09/22 21:56:03.352, 1, 90314, 97871
2026/09/22 21:56:03.352, 2, 88776, 97871
2026/09/22 21:56:03.352, 3, 89284, 97871
2026/09/22 21:56:03.552, 0, 89281, 97871
2026/09/22 21:56:03.553, 1, 90314, 97871
2026/09/22 21:56:03.553, 2, 88776, 97871
2026/09/22 21:56:03.553, 3, 89284, 97871
2026/09/22 21:56:03.753, 0, 89281, 97871
2026/09/22 21:56:03.753, 1, 90314, 97871
2026/09/22 21:56:03.753, 2, 88776, 97871
2026/09/22 21:56:03.753, 3, 89284, 97871
2026/09/22 21:56:03.953, 0, 89281, 97871
2026/09/22 21:56:03.953, 1, 90314, 97871
2026/09/22 21:56:03.953, 2, 88776, 97871
2026/09/22 21:56:03.953, 3, 89284, 97871
2026/09/22 21:56:04.153, 0, 89281, 97871
2026/09/22 21:56:04.153, 1, 90314, 97871
2026/09/22 21:56:04.153, 2, 88776, 97871
2026/09/22 21:56:04.153, 3, 89284, 97871
2026/09/22 21:56:04.353, 0, 89281, 97871
2026/09/22 21:56:04.353, 1, 90314, 97871
2026/09/22 21:56:04.353, 2, 88776, 97871
2026/09/22 21:56:04.354, 3, 89284, 97871
2026/09/22 21:56:04.554, 0, 89281, 97871
2026/09/22 21:56:04.554, 1, 90314, 97871
2026/09/22 21:56:04.554, 2, 88776, 97871
2026/09/22 21:56:04.554, 3, 89284, 97871
2026/09/22 21:56:04.754, 0, 89281, 97871
2026/09/22 21:56:04.754, 1, 90314, 97871
2026/09/22 21:56:04.754, 2, 88776, 97871
2026/09/22 21:56:04.754, 3, 89284, 97871
2026/09/22 21:56:04.954, 0, 89281, 97871
2026/09/22 21:56:04.954, 1, 90314, 97871
2026/09/22 21:56:04.954, 2, 88776, 97871
2026/09/22 21:56:04.954, 3, 89284, 97871
2026/09/22 21:56:05.155, 0, 89281, 97871
2026/09/22 21:56:05.155, 1, 90314, 97871
2026/09/22 21:56:05.155, 2, 88776, 97871
2026/09/22 21:56:05.155, 3, 89284, 97871
2026/09/22 21:56:05.355, 0, 89281, 97871
2026/09/22 21:56:05.355, 1, 90314, 97871
2026/09/22 21:56:05.355, 2, 88776, 97871
2026/09/22 21:56:05.355, 3, 89284, 97871
2026/09/22 21:56:05.555, 0, 89281, 97871
2026/09/22 21:56:05.555, 1, 90314, 97871
2026/09/22 21:56:05.555, 2, 88776, 97871
2026/09/22 21:56:05.555, 3, 89284, 97871
2026/09/22 21:56:05.755, 0, 89281, 97871
2026/09/22 21:56:05.755, 1, 90314, 97871
2026/09/22 21:56:05.755, 2, 88776, 97871
2026/09/22 21:56:05.755, 3, 89284, 97871
2026/09/22 21:56:05.955, 0, 89281, 97871
2026/09/22 21:56:05.955, 1, 90314, 97871
2026/09/22 21:56:05.955, 2, 88776, 97871
2026/09/22 21:56:05.955, 3, 89284, 97871
2026/09/22 21:56:06.156, 0, 89281, 97871
2026/09/22 21:56:06.156, 1, 90314, 97871
2026/09/22 21:56:06.156, 2, 88776, 97871
2026/09/22 21:56:06.156, 3, 89284, 97871
2026/09/22 21:56:06.356, 0, 89281, 97871
2026/09/22 21:56:06.356, 1, 90314, 97871
2026/09/22 21:56:06.356, 2, 88776, 97871
2026/09/22 21:56:06.356, 3, 89284, 97871
2026/09/22 21:56:06.556, 0, 89281, 97871
2026/09/22 21:56:06.556, 1, 90314, 97871
2026/09/22 21:56:06.556, 2, 88776, 97871
2026/09/22 21:56:06.556, 3, 89284, 97871
2026/09/22 21:56:06.756, 0, 89281, 97871
2026/09/22 21:56:06.756, 1, 90314, 97871
2026/09/22 21:56:06.756, 2, 88776, 97871
2026/09/22 21:56:06.756, 3, 89284, 97871
2026/09/22 21:56:06.956, 0, 89281, 97871
2026/09/22 21:56:06.956, 1, 90314, 97871
2026/09/22 21:56:06.957, 2, 88776, 97871
2026/09/22 21:56:06.957, 3, 89284, 97871
2026/09/22 21:56:07.157, 0, 89281, 97871
2026/09/22 21:56:07.157, 1, 90314, 97871
2026/09/22 21:56:07.157, 2, 88776, 97871
2026/09/22 21:56:07.157, 3, 89284, 97871
2026/09/22 21:56:07.357, 0, 89281, 97871
2026/09/22 21:56:07.357, 1, 90314, 97871
2026/09/22 21:56:07.357, 2, 88776, 97871
2026/09/22 21:56:07.357, 3, 89284, 97871
2026/09/22 21:56:07.557, 0, 89281, 97871
2026/09/22 21:56:07.557, 1, 90314, 97871
2026/09/22 21:56:07.557, 2, 88776, 97871
2026/09/22 21:56:07.557, 3, 89284, 97871
2026/09/22 21:56:07.757, 0, 89281, 97871
2026/09/22 21:56:07.757, 1, 90314, 97871
2026/09/22 21:56:07.758, 2, 88776, 97871
2026/09/22 21:56:07.758, 3, 89284, 97871
2026/09/22 21:56:07.958, 0, 89281, 97871
2026/09/22 21:56:07.958, 1, 90314, 97871
2026/09/22 21:56:07.958, 2, 88776, 97871
2026/09/22 21:56:07.958, 3, 89284, 97871
2026/09/22 21:56:08.158, 0, 89281, 97871
2026/09/22 21:56:08.158, 1, 90314, 97871
2026/09/22 21:56:08.158, 2, 88776, 97871
2026/09/22 21:56:08.158, 3, 89284, 97871
2026/09/22 21:56:08.358, 0, 89281, 97871
2026/09/22 21:56:08.358, 1, 90314, 97871
2026/09/22 21:56:08.358, 2, 88776, 97871
2026/09/22 21:56:08.358, 3, 89284, 97871
2026/09/22 21:56:08.558, 0, 89281, 97871
2026/09/22 21:56:08.558, 1, 90314, 97871
2026/09/22 21:56:08.558, 2, 88776, 97871
2026/09/22 21:56:08.558, 3, 89284, 97871
2026/09/22 21:56:08.759, 0, 89281, 97871
2026/09/22 21:56:08.759, 1, 90314, 97871
2026/09/22 21:56:08.759, 2, 88776, 97871
2026/09/22 21:56:08.759, 3, 89284, 97871
2026/09/22 21:56:08.959, 0, 89281, 97871
2026/09/22 21:56:08.959, 1, 90314, 97871
2026/09/22 21:56:08.959, 2, 88776, 97871
2026/09/22 21:56:08.959, 3, 89284, 97871
2026/09/22 21:56:09.159, 0, 89281, 97871
2026/09/22 21:56:09.159, 1, 90314, 97871
2026/09/22 21:56:09.159, 2, 88776, 97871
2026/09/22 21:56:09.159, 3, 89284, 97871
2026/09/22 21:56:09.359, 0, 89281, 97871
2026/09/22 21:56:09.359, 1, 90314, 97871
2026/09/22 21:56:09.359, 2, 88776, 97871
2026/09/22 21:56:09.359, 3, 89284, 97871
2026/09/22 21:56:09.559, 0, 89281, 97871
2026/09/22 21:56:09.559, 1, 90314, 97871
2026/09/22 21:56:09.560, 2, 88776, 97871
2026/09/22 21:56:09.560, 3, 89284, 97871
2026/09/22 21:56:09.760, 0, 89281, 97871
2026/09/22 21:56:09.760, 1, 90314, 97871
2026/09/22 21:56:09.760, 2, 88776, 97871
2026/09/22 21:56:09.760, 3, 89284, 97871
2026/09/22 21:56:09.960, 0, 89281, 97871
2026/09/22 21:56:09.960, 1, 90314, 97871
2026/09/22 21:56:09.960, 2, 88776, 97871
2026/09/22 21:56:09.960, 3, 89284, 97871
2026/09/22 21:56:10.160, 0, 89281, 97871
2026/09/22 21:56:10.160, 1, 90314, 97871
2026/09/22 21:56:10.160, 2, 88776, 97871
2026/09/22 21:56:10.160, 3, 89284, 97871
2026/09/22 21:56:10.360, 0, 89281, 97871
2026/09/22 21:56:10.360, 1, 90314, 97871
2026/09/22 21:56:10.361, 2, 88776, 97871
2026/09/22 21:56:10.361, 3, 89284, 97871
2026/09/22 21:56:10.561, 0, 89281, 97871
2026/09/22 21:56:10.561, 1, 90314, 97871
2026/09/22 21:56:10.561, 2, 88776, 97871
2026/09/22 21:56:10.561, 3, 89284, 97871
2026/09/22 21:56:10.761, 0, 89281, 97871
2026/09/22 21:56:10.761, 1, 90314, 97871
2026/09/22 21:56:10.761, 2, 88776, 97871
2026/09/22 21:56:10.761, 3, 89284, 97871
2026/09/22 21:56:10.961, 0, 89281, 97871
2026/09/22 21:56:10.961, 1, 90314, 97871
2026/09/22 21:56:10.961, 2, 88776, 97871
2026/09/22 21:56:10.961, 3, 89284, 97871
2026/09/22 21:56:11.162, 0, 89281, 97871
2026/09/22 21:56:11.162, 1, 90314, 97871
2026/09/22 21:56:11.162, 2, 88776, 97871
2026/09/22 21:56:11.162, 3, 89284, 97871
2026/09/22 21:56:11.362, 0, 89281, 97871
2026/09/22 21:56:11.362, 1, 90314, 97871
2026/09/22 21:56:11.362, 2, 88776, 97871
2026/09/22 21:56:11.362, 3, 89284, 97871
2026/09/22 21:56:11.562, 0, 89281, 97871
2026/09/22 21:56:11.562, 1, 90314, 97871
2026/09/22 21:56:11.562, 2, 88776, 97871
2026/09/22 21:56:11.562, 3, 89284, 97871
2026/09/22 21:56:11.762, 0, 89281, 97871
2026/09/22 21:56:11.762, 1, 90314, 97871
2026/09/22 21:56:11.762, 2, 88776, 97871
2026/09/22 21:56:11.762, 3, 89284, 97871
2026/09/22 21:56:11.962, 0, 89281, 97871
2026/09/22 21:56:11.963, 1, 90314, 97871
2026/09/22 21:56:11.963, 2, 88776, 97871
2026/09/22 21:56:11.963, 3, 89284, 97871
2026/09/22 21:56:12.163, 0, 89281, 97871
2026/09/22 21:56:12.163, 1, 90314, 97871
2026/09/22 21:56:12.163, 2, 88776, 97871
2026/09/22 21:56:12.163, 3, 89284, 97871
2026/09/22 21:56:12.363, 0, 89281, 97871
2026/09/22 21:56:12.363, 1, 90314, 97871
2026/09/22 21:56:12.363, 2, 88776, 97871
2026/09/22 21:56:12.363, 3, 89284, 97871
2026/09/22 21:56:12.563, 0, 89281, 97871
2026/09/22 21:56:12.563, 1, 90314, 97871
2026/09/22 21:56:12.563, 2, 88776, 97871
2026/09/22 21:56:12.563, 3, 89284, 97871
2026/09/22 21:56:12.763, 0, 89281, 97871
2026/09/22 21:56:12.763, 1, 90314, 97871
2026/09/22 21:56:12.763, 2, 88776, 97871
2026/09/22 21:56:12.763, 3, 89284, 97871
2026/09/22 21:56:12.964, 0, 89281, 97871
2026/09/22 21:56:12.964, 1, 90314, 97871
2026/09/22 21:56:12.964, 2, 88776, 97871
2026/09/22 21:56:12.964, 3, 89284, 97871
2026/09/22 21:56:13.164, 0, 89281, 97871
2026/09/22 21:56:13.164, 1, 90314, 97871
2026/09/22 21:56:13.164, 2, 88776, 97871
2026/09/22 21:56:13.164, 3, 89284, 97871
2026/09/22 21:56:13.364, 0, 89281, 97871
2026/09/22 21:56:13.364, 1, 90314, 97871
2026/09/22 21:56:13.364, 2, 88776, 97871
2026/09/22 21:56:13.364, 3, 89284, 97871
2026/09/22 21:56:13.564, 0, 89281, 97871
2026/09/22 21:56:13.564, 1, 90314, 97871
2026/09/22 21:56:13.564, 2, 88776, 97871
2026/09/22 21:56:13.564, 3, 89284, 97871
2026/09/22 21:56:13.764, 0, 89281, 97871
2026/09/22 21:56:13.764, 1, 90314, 97871
2026/09/22 21:56:13.764, 2, 88776, 97871
2026/09/22 21:56:13.764, 3, 89284, 97871
2026/09/22 21:56:13.965, 0, 89281, 97871
2026/09/22 21:56:13.965, 1, 90314, 97871
2026/09/22 21:56:13.965, 2, 88776, 97871
2026/09/22 21:56:13.965, 3, 89284, 97871
2026/09/22 21:56:14.165, 0, 89281, 97871
2026/09/22 21:56:14.165, 1, 90314, 97871
2026/09/22 21:56:14.165, 2, 88776, 97871
2026/09/22 21:56:14.165, 3, 89284, 97871
2026/09/22 21:56:14.365, 0, 89281, 97871
2026/09/22 21:56:14.365, 1, 90314, 97871
2026/09/22 21:56:14.365, 2, 88776, 97871
2026/09/22 21:56:14.365, 3, 89284, 97871
2026/09/22 21:56:14.565, 0, 89281, 97871
2026/09/22 21:56:14.565, 1, 90314, 97871
2026/09/22 21:56:14.565, 2, 88776, 97871
2026/09/22 21:56:14.565, 3, 89284, 97871
2026/09/22 21:56:14.765, 0, 89281, 97871
2026/09/22 21:56:14.766, 1, 90314, 97871
2026/09/22 21:56:14.766, 2, 88776, 97871
2026/09/22 21:56:14.766, 3, 89284, 97871
2026/09/22 21:56:14.966, 0, 89281, 97871
2026/09/22 21:56:14.966, 1, 90314, 97871
2026/09/22 21:56:14.966, 2, 88776, 97871
2026/09/22 21:56:14.966, 3, 89284, 97871
2026/09/22 21:56:15.166, 0, 89281, 97871
2026/09/22 21:56:15.166, 1, 90314, 97871
2026/09/22 21:56:15.166, 2, 88776, 97871
2026/09/22 21:56:15.166, 3, 89284, 97871
2026/09/22 21:56:15.366, 0, 89281, 97871
2026/09/22 21:56:15.366, 1, 90314, 97871
2026/09/22 21:56:15.366, 2, 88776, 97871
2026/09/22 21:56:15.366, 3, 89284, 97871
2026/09/22 21:56:15.566, 0, 89281, 97871
2026/09/22 21:56:15.566, 1, 90314, 97871
2026/09/22 21:56:15.567, 2, 88776, 97871
2026/09/22 21:56:15.567, 3, 89284, 97871
2026/09/22 21:56:15.767, 0, 89281, 97871
2026/09/22 21:56:15.767, 1, 90314, 97871
2026/09/22 21:56:15.767, 2, 88776, 97871
2026/09/22 21:56:15.767, 3, 89284, 97871
2026/09/22 21:56:15.967, 0, 89281, 97871
2026/09/22 21:56:15.967, 1, 90314, 97871
2026/09/22 21:56:15.967, 2, 88776, 97871
2026/09/22 21:56:15.967, 3, 89284, 97871
2026/09/22 21:56:16.167, 0, 89281, 97871
2026/09/22 21:56:16.167, 1, 90314, 97871
2026/09/22 21:56:16.167, 2, 88776, 97871
2026/09/22 21:56:16.167, 3, 89284, 97871
2026/09/22 21:56:16.367, 0, 89281, 97871
2026/09/22 21:56:16.367, 1, 90314, 97871
2026/09/22 21:56:16.367, 2, 88776, 97871
2026/09/22 21:56:16.367, 3, 89284, 97871
2026/09/22 21:56:16.567, 0, 89281, 97871
2026/09/22 21:56:16.568, 1, 90314, 97871
2026/09/22 21:56:16.568, 2, 88776, 97871
2026/09/22 21:56:16.568, 3, 89284, 97871
2026/09/22 21:56:16.768, 0, 89281, 97871
2026/09/22 21:56:16.768, 1, 90314, 97871
2026/09/22 21:56:16.768, 2, 88776, 97871
2026/09/22 21:56:16.768, 3, 89284, 97871
2026/09/22 21:56:16.968, 0, 89281, 97871
2026/09/22 21:56:16.968, 1, 90314, 97871
2026/09/22 21:56:16.968, 2, 88776, 97871
2026/09/22 21:56:16.968, 3, 89284, 97871
2026/09/22 21:56:17.168, 0, 89281, 97871
2026/09/22 21:56:17.168, 1, 90314, 97871
2026/09/22 21:56:17.168, 2, 88776, 97871
2026/09/22 21:56:17.168, 3, 89284, 97871
2026/09/22 21:56:17.368, 0, 89281, 97871
2026/09/22 21:56:17.368, 1, 90314, 97871
2026/09/22 21:56:17.368, 2, 88776, 97871
2026/09/22 21:56:17.368, 3, 89284, 97871
2026/09/22 21:56:17.569, 0, 89281, 97871
2026/09/22 21:56:17.569, 1, 90314, 97871
2026/09/22 21:56:17.569, 2, 88776, 97871
2026/09/22 21:56:17.569, 3, 89284, 97871
2026/09/22 21:56:17.769, 0, 89281, 97871
2026/09/22 21:56:17.769, 1, 90314, 97871
2026/09/22 21:56:17.769, 2, 88776, 97871
2026/09/22 21:56:17.769, 3, 89284, 97871
2026/09/22 21:56:17.969, 0, 89281, 97871
2026/09/22 21:56:17.969, 1, 90314, 97871
2026/09/22 21:56:17.969, 2, 88776, 97871
2026/09/22 21:56:17.969, 3, 89284, 97871
2026/09/22 21:56:18.169, 0, 89281, 97871
2026/09/22 21:56:18.169, 1, 90314, 97871
2026/09/22 21:56:18.169, 2, 88776, 97871
2026/09/22 21:56:18.169, 3, 89284, 97871
2026/09/22 21:56:18.369, 0, 89281, 97871
2026/09/22 21:56:18.370, 1, 90314, 97871
2026/09/22 21:56:18.370, 2, 88776, 97871
2026/09/22 21:56:18.370, 3, 89284, 97871
2026/09/22 21:56:18.570, 0, 89281, 97871
2026/09/22 21:56:18.570, 1, 90314, 97871
2026/09/22 21:56:18.570, 2, 88776, 97871
2026/09/22 21:56:18.570, 3, 89284, 97871
2026/09/22 21:56:18.770, 0, 89281, 97871
2026/09/22 21:56:18.770, 1, 90314, 97871
2026/09/22 21:56:18.770, 2, 88776, 97871
2026/09/22 21:56:18.770, 3, 89284, 97871
2026/09/22 21:56:18.970, 0, 89281, 97871
2026/09/22 21:56:18.970, 1, 90314, 97871
2026/09/22 21:56:18.970, 2, 88776, 97871
2026/09/22 21:56:18.970, 3, 89284, 97871
2026/09/22 21:56:19.170, 0, 89281, 97871
2026/09/22 21:56:19.170, 1, 90314, 97871
2026/09/22 21:56:19.170, 2, 88776, 97871
2026/09/22 21:56:19.170, 3, 89284, 97871
2026/09/22 21:56:19.371, 0, 89281, 97871
2026/09/22 21:56:19.371, 1, 90314, 97871
2026/09/22 21:56:19.371, 2, 88776, 97871
2026/09/22 21:56:19.371, 3, 89284, 97871
2026/09/22 21:56:19.571, 0, 89281, 97871
2026/09/22 21:56:19.571, 1, 90314, 97871
2026/09/22 21:56:19.571, 2, 88776, 97871
2026/09/22 21:56:19.571, 3, 89284, 97871
2026/09/22 21:56:19.771, 0, 89281, 97871
2026/09/22 21:56:19.771, 1, 90314, 97871
2026/09/22 21:56:19.771, 2, 88776, 97871
2026/09/22 21:56:19.771, 3, 89284, 97871
2026/09/22 21:56:19.971, 0, 89281, 97871
2026/09/22 21:56:19.971, 1, 90314, 97871
2026/09/22 21:56:19.971, 2, 88776, 97871
2026/09/22 21:56:19.972, 3, 89284, 97871
2026/09/22 21:56:20.172, 0, 89281, 97871
2026/09/22 21:56:20.172, 1, 90314, 97871
2026/09/22 21:56:20.172, 2, 88776, 97871
2026/09/22 21:56:20.172, 3, 89284, 97871
2026/09/22 21:56:20.372, 0, 89281, 97871
2026/09/22 21:56:20.372, 1, 90314, 97871
2026/09/22 21:56:20.372, 2, 88776, 97871
2026/09/22 21:56:20.372, 3, 89284, 97871
2026/09/22 21:56:20.572, 0, 89281, 97871
2026/09/22 21:56:20.572, 1, 90314, 97871
2026/09/22 21:56:20.572, 2, 88776, 97871
2026/09/22 21:56:20.572, 3, 89284, 97871
2026/09/22 21:56:20.772, 0, 89281, 97871
2026/09/22 21:56:20.772, 1, 90314, 97871
2026/09/22 21:56:20.772, 2, 88776, 97871
2026/09/22 21:56:20.772, 3, 89284, 97871
2026/09/22 21:56:20.973, 0, 89281, 97871
2026/09/22 21:56:20.973, 1, 90314, 97871
2026/09/22 21:56:20.973, 2, 88776, 97871
2026/09/22 21:56:20.973, 3, 89284, 97871
2026/09/22 21:56:21.173, 0, 89281, 97871
2026/09/22 21:56:21.173, 1, 90314, 97871
2026/09/22 21:56:21.173, 2, 88776, 97871
2026/09/22 21:56:21.173, 3, 89284, 97871
2026/09/22 21:56:21.373, 0, 89281, 97871
2026/09/22 21:56:21.373, 1, 90314, 97871
2026/09/22 21:56:21.373, 2, 88776, 97871
2026/09/22 21:56:21.373, 3, 89284, 97871
2026/09/22 21:56:21.573, 0, 89281, 97871
2026/09/22 21:56:21.573, 1, 90314, 97871
2026/09/22 21:56:21.573, 2, 88776, 97871
2026/09/22 21:56:21.573, 3, 89284, 97871
2026/09/22 21:56:21.773, 0, 89281, 97871
2026/09/22 21:56:21.773, 1, 90314, 97871
2026/09/22 21:56:21.773, 2, 88776, 97871
2026/09/22 21:56:21.774, 3, 89284, 97871
2026/09/22 21:56:21.974, 0, 89281, 97871
2026/09/22 21:56:21.974, 1, 90314, 97871
2026/09/22 21:56:21.974, 2, 88776, 97871
2026/09/22 21:56:21.974, 3, 89284, 97871
2026/09/22 21:56:22.174, 0, 89281, 97871
2026/09/22 21:56:22.174, 1, 90314, 97871
2026/09/22 21:56:22.174, 2, 88776, 97871
2026/09/22 21:56:22.174, 3, 89284, 97871
2026/09/22 21:56:22.374, 0, 89281, 97871
2026/09/22 21:56:22.374, 1, 90314, 97871
2026/09/22 21:56:22.374, 2, 88776, 97871
2026/09/22 21:56:22.374, 3, 89284, 97871
2026/09/22 21:56:22.574, 0, 89281, 97871
2026/09/22 21:56:22.574, 1, 90314, 97871
2026/09/22 21:56:22.574, 2, 88776, 97871
2026/09/22 21:56:22.574, 3, 89284, 97871
2026/09/22 21:56:22.775, 0, 89281, 97871
2026/09/22 21:56:22.775, 1, 90314, 97871
2026/09/22 21:56:22.775, 2, 88776, 97871
2026/09/22 21:56:22.775, 3, 89284, 97871
2026/09/22 21:56:22.975, 0, 89281, 97871
2026/09/22 21:56:22.975, 1, 90314, 97871
2026/09/22 21:56:22.975, 2, 88776, 97871
2026/09/22 21:56:22.975, 3, 89284, 97871
2026/09/22 21:56:23.175, 0, 89281, 97871
2026/09/22 21:56:23.175, 1, 90314, 97871
2026/09/22 21:56:23.175, 2, 88776, 97871
2026/09/22 21:56:23.175, 3, 89284, 97871
2026/09/22 21:56:23.375, 0, 89281, 97871
2026/09/22 21:56:23.375, 1, 90314, 97871
2026/09/22 21:56:23.375, 2, 88776, 97871
2026/09/22 21:56:23.375, 3, 89284, 97871
2026/09/22 21:56:23.575, 0, 89281, 97871
2026/09/22 21:56:23.575, 1, 90314, 97871
2026/09/22 21:56:23.575, 2, 88776, 97871
2026/09/22 21:56:23.576, 3, 89284, 97871
2026/09/22 21:56:23.776, 0, 89281, 97871
2026/09/22 21:56:23.776, 1, 90314, 97871
2026/09/22 21:56:23.776, 2, 88776, 97871
2026/09/22 21:56:23.776, 3, 89284, 97871
2026/09/22 21:56:23.976, 0, 89281, 97871
2026/09/22 21:56:23.976, 1, 90314, 97871
2026/09/22 21:56:23.976, 2, 88776, 97871
2026/09/22 21:56:23.976, 3, 89284, 97871
2026/09/22 21:56:24.176, 0, 89281, 97871
2026/09/22 21:56:24.176, 1, 90314, 97871
2026/09/22 21:56:24.176, 2, 88776, 97871
2026/09/22 21:56:24.176, 3, 89284, 97871
2026/09/22 21:56:24.376, 0, 89281, 97871
2026/09/22 21:56:24.376, 1, 90314, 97871
2026/09/22 21:56:24.376, 2, 88776, 97871
2026/09/22 21:56:24.376, 3, 89284, 97871
2026/09/22 21:56:24.576, 0, 89281, 97871
2026/09/22 21:56:24.576, 1, 90314, 97871
2026/09/22 21:56:24.576, 2, 88776, 97871
2026/09/22 21:56:24.576, 3, 89284, 97871
2026/09/22 21:56:24.777, 0, 89281, 97871
2026/09/22 21:56:24.777, 1, 90314, 97871
2026/09/22 21:56:24.777, 2, 88776, 97871
2026/09/22 21:56:24.777, 3, 89284, 97871
2026/09/22 21:56:24.977, 0, 89281, 97871
2026/09/22 21:56:24.977, 1, 90314, 97871
2026/09/22 21:56:24.977, 2, 88776, 97871
2026/09/22 21:56:24.977, 3, 89284, 97871
2026/09/22 21:56:25.177, 0, 89281, 97871
2026/09/22 21:56:25.177, 1, 90314, 97871
2026/09/22 21:56:25.177, 2, 88776, 97871
2026/09/22 21:56:25.177, 3, 89284, 97871
2026/09/22 21:56:25.377, 0, 89281, 97871
2026/09/22 21:56:25.377, 1, 90314, 97871
2026/09/22 21:56:25.377, 2, 88776, 97871
2026/09/22 21:56:25.377, 3, 89284, 97871
2026/09/22 21:56:25.577, 0, 89281, 97871
2026/09/22 21:56:25.577, 1, 90314, 97871
2026/09/22 21:56:25.578, 2, 88776, 97871
2026/09/22 21:56:25.578, 3, 89284, 97871
2026/09/22 21:56:25.778, 0, 89281, 97871
2026/09/22 21:56:25.778, 1, 90314, 97871
2026/09/22 21:56:25.778, 2, 88776, 97871
2026/09/22 21:56:25.778, 3, 89284, 97871
2026/09/22 21:56:25.978, 0, 89281, 97871
2026/09/22 21:56:25.978, 1, 90314, 97871
2026/09/22 21:56:25.978, 2, 88776, 97871
2026/09/22 21:56:25.978, 3, 89284, 97871
2026/09/22 21:56:26.178, 0, 89281, 97871
2026/09/22 21:56:26.178, 1, 90314, 97871
2026/09/22 21:56:26.178, 2, 88776, 97871
2026/09/22 21:56:26.178, 3, 89284, 97871
2026/09/22 21:56:26.378, 0, 89281, 97871
2026/09/22 21:56:26.378, 1, 90314, 97871
2026/09/22 21:56:26.378, 2, 88776, 97871
2026/09/22 21:56:26.378, 3, 89284, 97871
2026/09/22 21:56:26.579, 0, 89281, 97871
2026/09/22 21:56:26.579, 1, 90314, 97871
2026/09/22 21:56:26.579, 2, 88776, 97871
2026/09/22 21:56:26.579, 3, 89284, 97871
2026/09/22 21:56:26.779, 0, 89281, 97871
2026/09/22 21:56:26.779, 1, 90314, 97871
2026/09/22 21:56:26.779, 2, 88776, 97871
2026/09/22 21:56:26.779, 3, 89284, 97871
2026/09/22 21:56:26.979, 0, 89281, 97871
2026/09/22 21:56:26.979, 1, 90314, 97871
2026/09/22 21:56:26.979, 2, 88776, 97871
2026/09/22 21:56:26.979, 3, 89284, 97871
2026/09/22 21:56:27.179, 0, 89281, 97871
2026/09/22 21:56:27.179, 1, 90314, 97871
2026/09/22 21:56:27.179, 2, 88776, 97871
2026/09/22 21:56:27.179, 3, 89284, 97871
2026/09/22 21:56:27.379, 0, 89281, 97871
2026/09/22 21:56:27.379, 1, 90314, 97871
2026/09/22 21:56:27.380, 2, 88776, 97871
2026/09/22 21:56:27.380, 3, 89284, 97871
2026/09/22 21:56:27.580, 0, 89281, 97871
2026/09/22 21:56:27.580, 1, 90314, 97871
2026/09/22 21:56:27.580, 2, 88776, 97871
2026/09/22 21:56:27.580, 3, 89284, 97871
2026/09/22 21:56:27.780, 0, 89281, 97871
2026/09/22 21:56:27.780, 1, 90314, 97871
2026/09/22 21:56:27.780, 2, 88776, 97871
2026/09/22 21:56:27.780, 3, 89284, 97871
2026/09/22 21:56:27.980, 0, 89281, 97871
2026/09/22 21:56:27.980, 1, 90314, 97871
2026/09/22 21:56:27.980, 2, 88776, 97871
2026/09/22 21:56:27.980, 3, 89284, 97871
2026/09/22 21:56:28.180, 0, 89281, 97871
2026/09/22 21:56:28.180, 1, 90314, 97871
2026/09/22 21:56:28.180, 2, 88776, 97871
2026/09/22 21:56:28.181, 3, 89284, 97871
2026/09/22 21:56:28.381, 0, 89281, 97871
2026/09/22 21:56:28.381, 1, 90314, 97871
2026/09/22 21:56:28.381, 2, 88776, 97871
2026/09/22 21:56:28.381, 3, 89284, 97871
2026/09/22 21:56:28.581, 0, 89281, 97871
2026/09/22 21:56:28.581, 1, 90314, 97871
2026/09/22 21:56:28.581, 2, 88776, 97871
2026/09/22 21:56:28.581, 3, 89284, 97871
2026/09/22 21:56:28.781, 0, 89281, 97871
2026/09/22 21:56:28.781, 1, 90314, 97871
2026/09/22 21:56:28.781, 2, 88776, 97871
2026/09/22 21:56:28.781, 3, 89284, 97871
2026/09/22 21:56:28.981, 0, 89281, 97871
2026/09/22 21:56:28.981, 1, 90314, 97871
2026/09/22 21:56:28.981, 2, 88776, 97871
2026/09/22 21:56:28.981, 3, 89284, 97871
2026/09/22 21:56:29.181, 0, 89281, 97871
2026/09/22 21:56:29.181, 1, 90314, 97871
2026/09/22 21:56:29.182, 2, 88776, 97871
2026/09/22 21:56:29.182, 3, 89284, 97871
2026/09/22 21:56:29.382, 0, 89281, 97871
2026/09/22 21:56:29.382, 1, 90314, 97871
2026/09/22 21:56:29.382, 2, 88776, 97871
2026/09/22 21:56:29.382, 3, 89284, 97871
2026/09/22 21:56:29.582, 0, 89281, 97871
2026/09/22 21:56:29.582, 1, 90314, 97871
2026/09/22 21:56:29.582, 2, 88776, 97871
2026/09/22 21:56:29.582, 3, 89284, 97871
2026/09/22 21:56:29.782, 0, 89281, 97871
2026/09/22 21:56:29.782, 1, 90314, 97871
2026/09/22 21:56:29.782, 2, 88776, 97871
2026/09/22 21:56:29.782, 3, 89284, 97871
2026/09/22 21:56:29.982, 0, 89281, 97871
2026/09/22 21:56:29.982, 1, 90314, 97871
2026/09/22 21:56:29.983, 2, 88776, 97871
2026/09/22 21:56:29.983, 3, 89284, 97871
2026/09/22 21:56:30.183, 0, 89281, 97871
2026/09/22 21:56:30.183, 1, 90314, 97871
2026/09/22 21:56:30.183, 2, 88776, 97871
2026/09/22 21:56:30.183, 3, 89284, 97871
2026/09/22 21:56:30.383, 0, 89281, 97871
2026/09/22 21:56:30.383, 1, 90314, 97871
2026/09/22 21:56:30.383, 2, 88776, 97871
2026/09/22 21:56:30.383, 3, 89284, 97871
2026/09/22 21:56:30.583, 0, 89281, 97871
2026/09/22 21:56:30.583, 1, 90314, 97871
2026/09/22 21:56:30.583, 2, 88776, 97871
2026/09/22 21:56:30.583, 3, 89284, 97871
2026/09/22 21:56:30.783, 0, 89281, 97871
2026/09/22 21:56:30.783, 1, 90314, 97871
2026/09/22 21:56:30.783, 2, 88776, 97871
2026/09/22 21:56:30.783, 3, 89284, 97871
2026/09/22 21:56:30.983, 0, 89281, 97871
2026/09/22 21:56:30.984, 1, 90314, 97871
2026/09/22 21:56:30.984, 2, 88776, 97871
2026/09/22 21:56:30.984, 3, 89284, 97871
2026/09/22 21:56:31.184, 0, 89281, 97871
2026/09/22 21:56:31.184, 1, 90314, 97871
2026/09/22 21:56:31.184, 2, 88776, 97871
2026/09/22 21:56:31.184, 3, 89284, 97871
2026/09/22 21:56:31.384, 0, 89281, 97871
2026/09/22 21:56:31.384, 1, 90314, 97871
2026/09/22 21:56:31.384, 2, 88776, 97871
2026/09/22 21:56:31.384, 3, 89284, 97871
2026/09/22 21:56:31.584, 0, 89281, 97871
2026/09/22 21:56:31.584, 1, 90314, 97871
2026/09/22 21:56:31.584, 2, 88776, 97871
2026/09/22 21:56:31.584, 3, 89284, 97871
2026/09/22 21:56:31.784, 0, 89281, 97871
2026/09/22 21:56:31.784, 1, 90314, 97871
2026/09/22 21:56:31.784, 2, 88776, 97871
2026/09/22 21:56:31.784, 3, 89284, 97871
2026/09/22 21:56:31.984, 0, 89281, 97871
2026/09/22 21:56:31.985, 1, 90314, 97871
2026/09/22 21:56:31.985, 2, 88776, 97871
2026/09/22 21:56:31.985, 3, 89284, 97871
2026/09/22 21:56:32.185, 0, 89281, 97871
2026/09/22 21:56:32.185, 1, 90314, 97871
2026/09/22 21:56:32.185, 2, 88776, 97871
2026/09/22 21:56:32.185, 3, 89284, 97871
2026/09/22 21:56:32.385, 0, 89281, 97871
2026/09/22 21:56:32.385, 1, 90314, 97871
2026/09/22 21:56:32.385, 2, 88776, 97871
2026/09/22 21:56:32.385, 3, 89284, 97871
2026/09/22 21:56:32.585, 0, 89281, 97871
2026/09/22 21:56:32.585, 1, 90314, 97871
2026/09/22 21:56:32.586, 2, 88776, 97871
2026/09/22 21:56:32.586, 3, 89284, 97871
2026/09/22 21:56:32.786, 0, 89281, 97871
2026/09/22 21:56:32.786, 1, 90314, 97871
2026/09/22 21:56:32.786, 2, 88776, 97871
2026/09/22 21:56:32.786, 3, 89284, 97871
2026/09/22 21:56:32.986, 0, 89281, 97871
2026/09/22 21:56:32.986, 1, 90314, 97871
2026/09/22 21:56:32.986, 2, 88776, 97871
2026/09/22 21:56:32.986, 3, 89284, 97871
2026/09/22 21:56:33.186, 0, 89281, 97871
2026/09/22 21:56:33.186, 1, 90314, 97871
2026/09/22 21:56:33.186, 2, 88776, 97871
2026/09/22 21:56:33.187, 3, 89284, 97871
2026/09/22 21:56:33.387, 0, 89281, 97871
2026/09/22 21:56:33.387, 1, 90314, 97871
2026/09/22 21:56:33.387, 2, 88776, 97871
2026/09/22 21:56:33.387, 3, 89284, 97871
2026/09/22 21:56:33.587, 0, 89281, 97871
2026/09/22 21:56:33.587, 1, 90314, 97871
2026/09/22 21:56:33.587, 2, 88776, 97871
2026/09/22 21:56:33.587, 3, 89284, 97871
2026/09/22 21:56:33.787, 0, 89281, 97871
2026/09/22 21:56:33.787, 1, 90314, 97871
2026/09/22 21:56:33.787, 2, 88776, 97871
2026/09/22 21:56:33.787, 3, 89284, 97871
2026/09/22 21:56:33.987, 0, 89281, 97871
2026/09/22 21:56:33.988, 1, 90314, 97871
2026/09/22 21:56:33.988, 2, 88776, 97871
2026/09/22 21:56:33.988, 3, 89284, 97871
