2026/09/26 22:56:36.686, 0, 91822, 97871
2026/09/26 22:56:36.687, 1, 92028, 97871
2026/09/26 22:56:36.687, 2, 92186, 97871
2026/09/26 22:56:36.687, 3, 92097, 97871
2026/09/26 22:56:36.887, 0, 91822, 97871
2026/09/26 22:56:36.887, 1, 92028, 97871
2026/09/26 22:56:36.887, 2, 92186, 97871
2026/09/26 22:56:36.887, 3, 92097, 97871
2026/09/26 22:56:37.087, 0, 91822, 97871
2026/09/26 22:56:37.088, 1, 92028, 97871
2026/09/26 22:56:37.088, 2, 92186, 97871
2026/09/26 22:56:37.088, 3, 92097, 97871
2026/09/26 22:56:37.288, 0, 91822, 97871
2026/09/26 22:56:37.288, 1, 92028, 97871
2026/09/26 22:56:37.288, 2, 92186, 97871
2026/09/26 22:56:37.288, 3, 92097, 97871
2026/09/26 22:56:37.488, 0, 91822, 97871
2026/09/26 22:56:37.488, 1, 92028, 97871
2026/09/26 22:56:37.488, 2, 92186, 97871
2026/09/26 22:56:37.488, 3, 92097, 97871
2026/09/26 22:56:37.688, 0, 91822, 97871
2026/09/26 22:56:37.689, 1, 92028, 97871
2026/09/26 22:56:37.689, 2, 92186, 97871
2026/09/26 22:56:37.689, 3, 92097, 97871
2026/09/26 22:56:37.889, 0, 91822, 97871
2026/09/26 22:56:37.889, 1, 92028, 97871
2026/09/26 22:56:37.889, 2, 92186, 97871
2026/09/26 22:56:37.889, 3, 92097, 97871
2026/09/26 22:56:38.089, 0, 91822, 97871
2026/09/26 22:56:38.089, 1, 92028, 97871
2026/09/26 22:56:38.089, 2, 92186, 97871
2026/09/26 22:56:38.090, 3, 92097, 97871
2026/09/26 22:56:38.290, 0, 91822, 97871
2026/09/26 22:56:38.290, 1, 92028, 97871
2026/09/26 22:56:38.290, 2, 92186, 97871
2026/09/26 22:56:38.290, 3, 92097, 97871
2026/09/26 22:56:38.490, 0, 91822, 97871
2026/09/26 22:56:38.490, 1, 92028, 97871
2026/09/26 22:56:38.490, 2, 92186, 97871
2026/09/26 22:56:38.490, 3, 92097, 97871
2026/09/26 22:56:38.690, 0, 91822, 97871
2026/09/26 22:56:38.691, 1, 92028, 97871
2026/09/26 22:56:38.691, 2, 92186, 97871
2026/09/26 22:56:38.691, 3, 92097, 97871
2026/09/26 22:56:38.891, 0, 91822, 97871
2026/09/26 22:56:38.891, 1, 92028, 97871
2026/09/26 22:56:38.891, 2, 92186, 97871
2026/09/26 22:56:38.891, 3, 92097, 97871
2026/09/26 22:56:39.091, 0, 91822, 97871
2026/09/26 22:56:39.092, 1, 92028, 97871
2026/09/26 22:56:39.092, 2, 92186, 97871
2026/09/26 22:56:39.092, 3, 92097, 97871
2026/09/26 22:56:39.292, 0, 91822, 97871
2026/09/26 22:56:39.292, 1, 92028, 97871
2026/09/26 22:56:39.292, 2, 92186, 97871
2026/09/26 22:56:39.292, 3, 92097, 97871
2026/09/26 22:56:39.492, 0, 91822, 97871
2026/09/26 22:56:39.492, 1, 92028, 97871
2026/09/26 22:56:39.492, 2, 92186, 97871
2026/09/26 22:56:39.493, 3, 92097, 97871
2026/09/26 22:56:39.693, 0, 91822, 97871
2026/09/26 22:56:39.693, 1, 92028, 97871
2026/09/26 22:56:39.693, 2, 92186, 97871
2026/09/26 22:56:39.693, 3, 92097, 97871
2026/09/26 22:56:39.893, 0, 91822, 97871
2026/09/26 22:56:39.905, 1, 92028, 97871
2026/09/26 22:56:39.943, 2, 92186, 97871
2026/09/26 22:56:39.974, 3, 92097, 97871
2026/09/26 22:56:40.175, 0, 91822, 97871
2026/09/26 22:56:40.202, 1, 92028, 97871
2026/09/26 22:56:40.235, 2, 92186, 97871
2026/09/26 22:56:40.251, 3, 92097, 97871
2026/09/26 22:56:40.451, 0, 91822, 97871
2026/09/26 22:56:40.452, 1, 92028, 97871
2026/09/26 22:56:40.452, 2, 92186, 97871
2026/09/26 22:56:40.452, 3, 92097, 97871
2026/09/26 22:56:40.652, 0, 91822, 97871
2026/09/26 22:56:40.652, 1, 92028, 97871
2026/09/26 22:56:40.652, 2, 92186, 97871
2026/09/26 22:56:40.652, 3, 92097, 97871
2026/09/26 22:56:40.852, 0, 91822, 97871
2026/09/26 22:56:40.852, 1, 92028, 97871
2026/09/26 22:56:40.852, 2, 92186, 97871
2026/09/26 22:56:40.852, 3, 92097, 97871
2026/09/26 22:56:41.053, 0, 91822, 97871
2026/09/26 22:56:41.053, 1, 92028, 97871
2026/09/26 22:56:41.053, 2, 92186, 97871
2026/09/26 22:56:41.053, 3, 92097, 97871
2026/09/26 22:56:41.253, 0, 91822, 97871
2026/09/26 22:56:41.253, 1, 92028, 97871
2026/09/26 22:56:41.253, 2, 92186, 97871
2026/09/26 22:56:41.253, 3, 92097, 97871
2026/09/26 22:56:41.453, 0, 91822, 97871
2026/09/26 22:56:41.453, 1, 92028, 97871
2026/09/26 22:56:41.453, 2, 92186, 97871
2026/09/26 22:56:41.453, 3, 92097, 97871
2026/09/26 22:56:41.654, 0, 91822, 97871
2026/09/26 22:56:41.676, 1, 92028, 97871
2026/09/26 22:56:41.676, 2, 92186, 97871
2026/09/26 22:56:41.676, 3, 92097, 97871
2026/09/26 22:56:41.876, 0, 91822, 97871
2026/09/26 22:56:41.909, 1, 92028, 97871
2026/09/26 22:56:41.943, 2, 92186, 97871
2026/09/26 22:56:41.943, 3, 92097, 97871
2026/09/26 22:56:42.144, 0, 91822, 97871
2026/09/26 22:56:42.144, 1, 92028, 97871
2026/09/26 22:56:42.144, 2, 92186, 97871
2026/09/26 22:56:42.144, 3, 92097, 97871
2026/09/26 22:56:42.344, 0, 91822, 97871
2026/09/26 22:56:42.344, 1, 92028, 97871
2026/09/26 22:56:42.344, 2, 92186, 97871
2026/09/26 22:56:42.344, 3, 92097, 97871
2026/09/26 22:56:42.544, 0, 91822, 97871
2026/09/26 22:56:42.544, 1, 92028, 97871
2026/09/26 22:56:42.544, 2, 92186, 97871
2026/09/26 22:56:42.545, 3, 92097, 97871
2026/09/26 22:56:42.745, 0, 91822, 97871
2026/09/26 22:56:42.745, 1, 92028, 97871
2026/09/26 22:56:42.745, 2, 92186, 97871
2026/09/26 22:56:42.745, 3, 92097, 97871
2026/09/26 22:56:42.945, 0, 91822, 97871
2026/09/26 22:56:42.945, 1, 92028, 97871
2026/09/26 22:56:42.945, 2, 92186, 97871
2026/09/26 22:56:42.945, 3, 92097, 97871
2026/09/26 22:56:43.146, 0, 91822, 97871
2026/09/26 22:56:43.146, 1, 92028, 97871
2026/09/26 22:56:43.146, 2, 92186, 97871
2026/09/26 22:56:43.146, 3, 92097, 97871
2026/09/26 22:56:43.346, 0, 91822, 97871
2026/09/26 22:56:43.346, 1, 92028, 97871
2026/09/26 22:56:43.346, 2, 92186, 97871
2026/09/26 22:56:43.346, 3, 92097, 97871
2026/09/26 22:56:43.546, 0, 91822, 97871
2026/09/26 22:56:43.546, 1, 92028, 97871
2026/09/26 22:56:43.546, 2, 92186, 97871
2026/09/26 22:56:43.546, 3, 92097, 97871
2026/09/26 22:56:43.747, 0, 91822, 97871
2026/09/26 22:56:43.747, 1, 92028, 97871
2026/09/26 22:56:43.747, 2, 92186, 97871
2026/09/26 22:56:43.747, 3, 92097, 97871
2026/09/26 22:56:43.947, 0, 91822, 97871
2026/09/26 22:56:43.947, 1, 92028, 97871
2026/09/26 22:56:43.947, 2, 92186, 97871
2026/09/26 22:56:43.947, 3, 92097, 97871
2026/09/26 22:56:44.147, 0, 91822, 97871
2026/09/26 22:56:44.147, 1, 92028, 97871
2026/09/26 22:56:44.147, 2, 92186, 97871
2026/09/26 22:56:44.147, 3, 92097, 97871
2026/09/26 22:56:44.347, 0, 91822, 97871
2026/09/26 22:56:44.347, 1, 92028, 97871
2026/09/26 22:56:44.348, 2, 92186, 97871
2026/09/26 22:56:44.348, 3, 92097, 97871
2026/09/26 22:56:44.548, 0, 91822, 97871
2026/09/26 22:56:44.548, 1, 92028, 97871
2026/09/26 22:56:44.548, 2, 92186, 97871
2026/09/26 22:56:44.548, 3, 92097, 97871
2026/09/26 22:56:44.748, 0, 91822, 97871
2026/09/26 22:56:44.748, 1, 92028, 97871
2026/09/26 22:56:44.748, 2, 92186, 97871
2026/09/26 22:56:44.748, 3, 92097, 97871
2026/09/26 22:56:44.948, 0, 91822, 97871
2026/09/26 22:56:44.949, 1, 92028, 97871
2026/09/26 22:56:44.949, 2, 92186, 97871
2026/09/26 22:56:44.949, 3, 92097, 97871
2026/09/26 22:56:45.149, 0, 91822, 97871
2026/09/26 22:56:45.149, 1, 92028, 97871
2026/09/26 22:56:45.149, 2, 92186, 97871
2026/09/26 22:56:45.149, 3, 92097, 97871
2026/09/26 22:56:45.349, 0, 91822, 97871
2026/09/26 22:56:45.349, 1, 92028, 97871
2026/09/26 22:56:45.349, 2, 92186, 97871
2026/09/26 22:56:45.349, 3, 92097, 97871
2026/09/26 22:56:45.549, 0, 91822, 97871
2026/09/26 22:56:45.549, 1, 92028, 97871
2026/09/26 22:56:45.550, 2, 92186, 97871
2026/09/26 22:56:45.550, 3, 92097, 97871
2026/09/26 22:56:45.750, 0, 91822, 97871
2026/09/26 22:56:45.750, 1, 92028, 97871
2026/09/26 22:56:45.750, 2, 92186, 97871
2026/09/26 22:56:45.750, 3, 92097, 97871
2026/09/26 22:56:45.950, 0, 91822, 97871
2026/09/26 22:56:45.950, 1, 92028, 97871
2026/09/26 22:56:45.950, 2, 92186, 97871
2026/09/26 22:56:45.950, 3, 92097, 97871
2026/09/26 22:56:46.150, 0, 91822, 97871
2026/09/26 22:56:46.150, 1, 92028, 97871
2026/09/26 22:56:46.151, 2, 92186, 97871
2026/09/26 22:56:46.151, 3, 92097, 97871
2026/09/26 22:56:46.351, 0, 91822, 97871
2026/09/26 22:56:46.351, 1, 92028, 97871
2026/09/26 22:56:46.351, 2, 92186, 97871
2026/09/26 22:56:46.351, 3, 92097, 97871
2026/09/26 22:56:46.551, 0, 91822, 97871
2026/09/26 22:56:46.551, 1, 92028, 97871
2026/09/26 22:56:46.551, 2, 92186, 97871
2026/09/26 22:56:46.551, 3, 92097, 97871
2026/09/26 22:56:46.751, 0, 91822, 97871
2026/09/26 22:56:46.752, 1, 92028, 97871
2026/09/26 22:56:46.752, 2, 92186, 97871
2026/09/26 22:56:46.752, 3, 92097, 97871
2026/09/26 22:56:46.952, 0, 91822, 97871
2026/09/26 22:56:46.952, 1, 92028, 97871
2026/09/26 22:56:46.952, 2, 92186, 97871
2026/09/26 22:56:46.952, 3, 92097, 97871
2026/09/26 22:56:47.152, 0, 91822, 97871
2026/09/26 22:56:47.152, 1, 92028, 97871
2026/09/26 22:56:47.152, 2, 92186, 97871
2026/09/26 22:56:47.152, 3, 92097, 97871
2026/09/26 22:56:47.352, 0, 91822, 97871
2026/09/26 22:56:47.352, 1, 92028, 97871
2026/09/26 22:56:47.352, 2, 92186, 97871
2026/09/26 22:56:47.353, 3, 92097, 97871
2026/09/26 22:56:47.553, 0, 91822, 97871
2026/09/26 22:56:47.553, 1, 92028, 97871
2026/09/26 22:56:47.553, 2, 92186, 97871
2026/09/26 22:56:47.553, 3, 92097, 97871
2026/09/26 22:56:47.753, 0, 91822, 97871
2026/09/26 22:56:47.753, 1, 92028, 97871
2026/09/26 22:56:47.753, 2, 92186, 97871
2026/09/26 22:56:47.753, 3, 92097, 97871
2026/09/26 22:56:47.953, 0, 91822, 97871
2026/09/26 22:56:47.953, 1, 92028, 97871
2026/09/26 22:56:47.953, 2, 92186, 97871
2026/09/26 22:56:47.953, 3, 92097, 97871
2026/09/26 22:56:48.154, 0, 91822, 97871
2026/09/26 22:56:48.154, 1, 92028, 97871
2026/09/26 22:56:48.154, 2, 92186, 97871
2026/09/26 22:56:48.154, 3, 92097, 97871
2026/09/26 22:56:48.354, 0, 91822, 97871
2026/09/26 22:56:48.354, 1, 92028, 97871
2026/09/26 22:56:48.354, 2, 92186, 97871
2026/09/26 22:56:48.354, 3, 92097, 97871
2026/09/26 22:56:48.554, 0, 91822, 97871
2026/09/26 22:56:48.554, 1, 92028, 97871
2026/09/26 22:56:48.554, 2, 92186, 97871
2026/09/26 22:56:48.554, 3, 92097, 97871
2026/09/26 22:56:48.754, 0, 91822, 97871
2026/09/26 22:56:48.755, 1, 92028, 97871
2026/09/26 22:56:48.755, 2, 92186, 97871
2026/09/26 22:56:48.755, 3, 92097, 97871
2026/09/26 22:56:48.955, 0, 91822, 97871
2026/09/26 22:56:48.955, 1, 92028, 97871
2026/09/26 22:56:48.955, 2, 92186, 97871
2026/09/26 22:56:48.955, 3, 92097, 97871
2026/09/26 22:56:49.155, 0, 91822, 97871
2026/09/26 22:56:49.155, 1, 92028, 97871
2026/09/26 22:56:49.155, 2, 92186, 97871
2026/09/26 22:56:49.155, 3, 92097, 97871
2026/09/26 22:56:49.355, 0, 91822, 97871
2026/09/26 22:56:49.355, 1, 92028, 97871
2026/09/26 22:56:49.355, 2, 92186, 97871
2026/09/26 22:56:49.356, 3, 92097, 97871
2026/09/26 22:56:49.556, 0, 91822, 97871
2026/09/26 22:56:49.556, 1, 92028, 97871
2026/09/26 22:56:49.556, 2, 92186, 97871
2026/09/26 22:56:49.556, 3, 92097, 97871
2026/09/26 22:56:49.756, 0, 91822, 97871
2026/09/26 22:56:49.756, 1, 92028, 97871
2026/09/26 22:56:49.756, 2, 92186, 97871
2026/09/26 22:56:49.756, 3, 92097, 97871
2026/09/26 22:56:49.956, 0, 91822, 97871
2026/09/26 22:56:49.956, 1, 92028, 97871
2026/09/26 22:56:49.956, 2, 92186, 97871
2026/09/26 22:56:49.956, 3, 92097, 97871
2026/09/26 22:56:50.157, 0, 91822, 97871
2026/09/26 22:56:50.157, 1, 92028, 97871
2026/09/26 22:56:50.157, 2, 92186, 97871
2026/09/26 22:56:50.157, 3, 92097, 97871
2026/09/26 22:56:50.357, 0, 91822, 97871
2026/09/26 22:56:50.357, 1, 92028, 97871
2026/09/26 22:56:50.357, 2, 92186, 97871
2026/09/26 22:56:50.357, 3, 92097, 97871
2026/09/26 22:56:50.557, 0, 91822, 97871
2026/09/26 22:56:50.557, 1, 92028, 97871
2026/09/26 22:56:50.557, 2, 92186, 97871
2026/09/26 22:56:50.557, 3, 92097, 97871
2026/09/26 22:56:50.758, 0, 91822, 97871
2026/09/26 22:56:50.758, 1, 92028, 97871
2026/09/26 22:56:50.758, 2, 92186, 97871
2026/09/26 22:56:50.758, 3, 92097, 97871
2026/09/26 22:56:50.958, 0, 91822, 97871
2026/09/26 22:56:50.958, 1, 92028, 97871
2026/09/26 22:56:50.958, 2, 92186, 97871
2026/09/26 22:56:50.958, 3, 92097, 97871
2026/09/26 22:56:51.158, 0, 91822, 97871
2026/09/26 22:56:51.158, 1, 92028, 97871
2026/09/26 22:56:51.158, 2, 92186, 97871
2026/09/26 22:56:51.158, 3, 92097, 97871
2026/09/26 22:56:51.359, 0, 91822, 97871
2026/09/26 22:56:51.359, 1, 92028, 97871
2026/09/26 22:56:51.359, 2, 92186, 97871
2026/09/26 22:56:51.359, 3, 92097, 97871
2026/09/26 22:56:51.559, 0, 91822, 97871
2026/09/26 22:56:51.559, 1, 92028, 97871
2026/09/26 22:56:51.559, 2, 92186, 97871
2026/09/26 22:56:51.559, 3, 92097, 97871
2026/09/26 22:56:51.759, 0, 91822, 97871
2026/09/26 22:56:51.759, 1, 92028, 97871
2026/09/26 22:56:51.759, 2, 92186, 97871
2026/09/26 22:56:51.759, 3, 92097, 97871
2026/09/26 22:56:51.959, 0, 91822, 97871
2026/09/26 22:56:51.960, 1, 92028, 97871
2026/09/26 22:56:51.960, 2, 92186, 97871
2026/09/26 22:56:51.960, 3, 92097, 97871
2026/09/26 22:56:52.160, 0, 91822, 97871
2026/09/26 22:56:52.160, 1, 92028, 97871
2026/09/26 22:56:52.160, 2, 92186, 97871
2026/09/26 22:56:52.160, 3, 92097, 97871
2026/09/26 22:56:52.360, 0, 91822, 97871
2026/09/26 22:56:52.360, 1, 92028, 97871
2026/09/26 22:56:52.360, 2, 92186, 97871
2026/09/26 22:56:52.360, 3, 92097, 97871
2026/09/26 22:56:52.560, 0, 91822, 97871
2026/09/26 22:56:52.560, 1, 92028, 97871
2026/09/26 22:56:52.560, 2, 92186, 97871
2026/09/26 22:56:52.560, 3, 92097, 97871
2026/09/26 22:56:52.761, 0, 91822, 97871
2026/09/26 22:56:52.761, 1, 92028, 97871
2026/09/26 22:56:52.761, 2, 92186, 97871
2026/09/26 22:56:52.761, 3, 92097, 97871
2026/09/26 22:56:52.961, 0, 91822, 97871
2026/09/26 22:56:52.961, 1, 92028, 97871
2026/09/26 22:56:52.961, 2, 92186, 97871
2026/09/26 22:56:52.961, 3, 92097, 97871
2026/09/26 22:56:53.161, 0, 91822, 97871
2026/09/26 22:56:53.161, 1, 92028, 97871
2026/09/26 22:56:53.161, 2, 92186, 97871
2026/09/26 22:56:53.161, 3, 92097, 97871
2026/09/26 22:56:53.361, 0, 91822, 97871
2026/09/26 22:56:53.362, 1, 92028, 97871
2026/09/26 22:56:53.362, 2, 92186, 97871
2026/09/26 22:56:53.362, 3, 92097, 97871
2026/09/26 22:56:53.562, 0, 91822, 97871
2026/09/26 22:56:53.562, 1, 92028, 97871
2026/09/26 22:56:53.562, 2, 92186, 97871
2026/09/26 22:56:53.562, 3, 92097, 97871
2026/09/26 22:56:53.762, 0, 91822, 97871
2026/09/26 22:56:53.762, 1, 92028, 97871
2026/09/26 22:56:53.762, 2, 92186, 97871
2026/09/26 22:56:53.762, 3, 92097, 97871
2026/09/26 22:56:53.962, 0, 91822, 97871
2026/09/26 22:56:53.962, 1, 92028, 97871
2026/09/26 22:56:53.962, 2, 92186, 97871
2026/09/26 22:56:53.963, 3, 92097, 97871
2026/09/26 22:56:54.163, 0, 91822, 97871
2026/09/26 22:56:54.163, 1, 92028, 97871
2026/09/26 22:56:54.163, 2, 92186, 97871
2026/09/26 22:56:54.163, 3, 92097, 97871
2026/09/26 22:56:54.363, 0, 91822, 97871
2026/09/26 22:56:54.363, 1, 92028, 97871
2026/09/26 22:56:54.363, 2, 92186, 97871
2026/09/26 22:56:54.363, 3, 92097, 97871
2026/09/26 22:56:54.563, 0, 91822, 97871
2026/09/26 22:56:54.563, 1, 92028, 97871
2026/09/26 22:56:54.563, 2, 92186, 97871
2026/09/26 22:56:54.563, 3, 92097, 97871
2026/09/26 22:56:54.764, 0, 91822, 97871
2026/09/26 22:56:54.764, 1, 92028, 97871
2026/09/26 22:56:54.764, 2, 92186, 97871
2026/09/26 22:56:54.764, 3, 92097, 97871
2026/09/26 22:56:54.964, 0, 91822, 97871
2026/09/26 22:56:54.964, 1, 92028, 97871
2026/09/26 22:56:54.964, 2, 92186, 97871
2026/09/26 22:56:54.964, 3, 92097, 97871
2026/09/26 22:56:55.164, 0, 91822, 97871
2026/09/26 22:56:55.164, 1, 92028, 97871
2026/09/26 22:56:55.164, 2, 92186, 97871
2026/09/26 22:56:55.164, 3, 92097, 97871
2026/09/26 22:56:55.364, 0, 91822, 97871
2026/09/26 22:56:55.364, 1, 92028, 97871
2026/09/26 22:56:55.365, 2, 92186, 97871
2026/09/26 22:56:55.365, 3, 92097, 97871
2026/09/26 22:56:55.565, 0, 91822, 97871
2026/09/26 22:56:55.565, 1, 92028, 97871
2026/09/26 22:56:55.565, 2, 92186, 97871
2026/09/26 22:56:55.565, 3, 92097, 97871
2026/09/26 22:56:55.765, 0, 91822, 97871
2026/09/26 22:56:55.765, 1, 92028, 97871
2026/09/26 22:56:55.765, 2, 92186, 97871
2026/09/26 22:56:55.765, 3, 92097, 97871
2026/09/26 22:56:55.965, 0, 91822, 97871
2026/09/26 22:56:55.965, 1, 92028, 97871
2026/09/26 22:56:55.965, 2, 92186, 97871
2026/09/26 22:56:55.965, 3, 92097, 97871
2026/09/26 22:56:56.166, 0, 91822, 97871
2026/09/26 22:56:56.166, 1, 92028, 97871
2026/09/26 22:56:56.166, 2, 92186, 97871
2026/09/26 22:56:56.166, 3, 92097, 97871
2026/09/26 22:56:56.366, 0, 91822, 97871
2026/09/26 22:56:56.366, 1, 92028, 97871
2026/09/26 22:56:56.366, 2, 92186, 97871
2026/09/26 22:56:56.366, 3, 92097, 97871
2026/09/26 22:56:56.566, 0, 91822, 97871
2026/09/26 22:56:56.566, 1, 92028, 97871
2026/09/26 22:56:56.566, 2, 92186, 97871
2026/09/26 22:56:56.566, 3, 92097, 97871
2026/09/26 22:56:56.766, 0, 91822, 97871
2026/09/26 22:56:56.767, 1, 92028, 97871
2026/09/26 22:56:56.767, 2, 92186, 97871
2026/09/26 22:56:56.767, 3, 92097, 97871
2026/09/26 22:56:56.967, 0, 91822, 97871
2026/09/26 22:56:56.967, 1, 92028, 97871
2026/09/26 22:56:56.967, 2, 92186, 97871
2026/09/26 22:56:56.967, 3, 92097, 97871
2026/09/26 22:56:57.167, 0, 91822, 97871
2026/09/26 22:56:57.167, 1, 92028, 97871
2026/09/26 22:56:57.167, 2, 92186, 97871
2026/09/26 22:56:57.167, 3, 92097, 97871
2026/09/26 22:56:57.367, 0, 91822, 97871
2026/09/26 22:56:57.368, 1, 92028, 97871
2026/09/26 22:56:57.368, 2, 92186, 97871
2026/09/26 22:56:57.368, 3, 92097, 97871
2026/09/26 22:56:57.568, 0, 91822, 97871
2026/09/26 22:56:57.568, 1, 92028, 97871
2026/09/26 22:56:57.568, 2, 92186, 97871
2026/09/26 22:56:57.568, 3, 92097, 97871
2026/09/26 22:56:57.768, 0, 91822, 97871
2026/09/26 22:56:57.768, 1, 92028, 97871
2026/09/26 22:56:57.768, 2, 92186, 97871
2026/09/26 22:56:57.768, 3, 92097, 97871
2026/09/26 22:56:57.969, 0, 91822, 97871
2026/09/26 22:56:57.969, 1, 92028, 97871
2026/09/26 22:56:57.969, 2, 92186, 97871
2026/09/26 22:56:57.969, 3, 92097, 97871
2026/09/26 22:56:58.169, 0, 91822, 97871
2026/09/26 22:56:58.169, 1, 92028, 97871
2026/09/26 22:56:58.169, 2, 92186, 97871
2026/09/26 22:56:58.169, 3, 92097, 97871
2026/09/26 22:56:58.369, 0, 91822, 97871
2026/09/26 22:56:58.369, 1, 92028, 97871
2026/09/26 22:56:58.369, 2, 92186, 97871
2026/09/26 22:56:58.369, 3, 92097, 97871
2026/09/26 22:56:58.569, 0, 91822, 97871
2026/09/26 22:56:58.570, 1, 92028, 97871
2026/09/26 22:56:58.570, 2, 92186, 97871
2026/09/26 22:56:58.570, 3, 92097, 97871
2026/09/26 22:56:58.770, 0, 91822, 97871
2026/09/26 22:56:58.770, 1, 92028, 97871
2026/09/26 22:56:58.770, 2, 92186, 97871
2026/09/26 22:56:58.770, 3, 92097, 97871
2026/09/26 22:56:58.970, 0, 91822, 97871
2026/09/26 22:56:58.970, 1, 92028, 97871
2026/09/26 22:56:58.970, 2, 92186, 97871
2026/09/26 22:56:58.970, 3, 92097, 97871
2026/09/26 22:56:59.170, 0, 91822, 97871
2026/09/26 22:56:59.170, 1, 92028, 97871
2026/09/26 22:56:59.171, 2, 92186, 97871
2026/09/26 22:56:59.171, 3, 92097, 97871
2026/09/26 22:56:59.371, 0, 91822, 97871
2026/09/26 22:56:59.371, 1, 92028, 97871
2026/09/26 22:56:59.371, 2, 92186, 97871
2026/09/26 22:56:59.371, 3, 92097, 97871
2026/09/26 22:56:59.571, 0, 91822, 97871
2026/09/26 22:56:59.571, 1, 92028, 97871
2026/09/26 22:56:59.571, 2, 92186, 97871
2026/09/26 22:56:59.571, 3, 92097, 97871
2026/09/26 22:56:59.771, 0, 91822, 97871
2026/09/26 22:56:59.771, 1, 92028, 97871
2026/09/26 22:56:59.771, 2, 92186, 97871
2026/09/26 22:56:59.771, 3, 92097, 97871
2026/09/26 22:56:59.972, 0, 91822, 97871
2026/09/26 22:56:59.972, 1, 92028, 97871
2026/09/26 22:56:59.972, 2, 92186, 97871
2026/09/26 22:56:59.972, 3, 92097, 97871
2026/09/26 22:57:00.172, 0, 91822, 97871
2026/09/26 22:57:00.172, 1, 92028, 97871
2026/09/26 22:57:00.172, 2, 92186, 97871
2026/09/26 22:57:00.172, 3, 92097, 97871
2026/09/26 22:57:00.372, 0, 91822, 97871
2026/09/26 22:57:00.372, 1, 92028, 97871
2026/09/26 22:57:00.372, 2, 92186, 97871
2026/09/26 22:57:00.372, 3, 92097, 97871
2026/09/26 22:57:00.572, 0, 91822, 97871
2026/09/26 22:57:00.573, 1, 92028, 97871
2026/09/26 22:57:00.573, 2, 92186, 97871
2026/09/26 22:57:00.573, 3, 92097, 97871
2026/09/26 22:57:00.773, 0, 91822, 97871
2026/09/26 22:57:00.773, 1, 92028, 97871
2026/09/26 22:57:00.773, 2, 92186, 97871
2026/09/26 22:57:00.773, 3, 92097, 97871
2026/09/26 22:57:00.973, 0, 91822, 97871
2026/09/26 22:57:00.973, 1, 92028, 97871
2026/09/26 22:57:00.973, 2, 92186, 97871
2026/09/26 22:57:00.973, 3, 92097, 97871
2026/09/26 22:57:01.173, 0, 91822, 97871
2026/09/26 22:57:01.174, 1, 92028, 97871
2026/09/26 22:57:01.174, 2, 92186, 97871
2026/09/26 22:57:01.174, 3, 92097, 97871
2026/09/26 22:57:01.374, 0, 91822, 97871
2026/09/26 22:57:01.374, 1, 92028, 97871
2026/09/26 22:57:01.374, 2, 92186, 97871
2026/09/26 22:57:01.374, 3, 92097, 97871
2026/09/26 22:57:01.574, 0, 91822, 97871
2026/09/26 22:57:01.574, 1, 92028, 97871
2026/09/26 22:57:01.574, 2, 92186, 97871
2026/09/26 22:57:01.574, 3, 92097, 97871
2026/09/26 22:57:01.774, 0, 91822, 97871
2026/09/26 22:57:01.774, 1, 92028, 97871
2026/09/26 22:57:01.774, 2, 92186, 97871
2026/09/26 22:57:01.774, 3, 92097, 97871
2026/09/26 22:57:01.974, 0, 91822, 97871
2026/09/26 22:57:01.975, 1, 92028, 97871
2026/09/26 22:57:01.975, 2, 92186, 97871
2026/09/26 22:57:01.975, 3, 92097, 97871
2026/09/26 22:57:02.175, 0, 91822, 97871
2026/09/26 22:57:02.175, 1, 92028, 97871
2026/09/26 22:57:02.175, 2, 92186, 97871
2026/09/26 22:57:02.175, 3, 92097, 97871
2026/09/26 22:57:02.375, 0, 91822, 97871
2026/09/26 22:57:02.375, 1, 92028, 97871
2026/09/26 22:57:02.375, 2, 92186, 97871
2026/09/26 22:57:02.375, 3, 92097, 97871
2026/09/26 22:57:02.575, 0, 91822, 97871
2026/09/26 22:57:02.575, 1, 92028, 97871
2026/09/26 22:57:02.575, 2, 92186, 97871
2026/09/26 22:57:02.575, 3, 92097, 97871
2026/09/26 22:57:02.775, 0, 91822, 97871
2026/09/26 22:57:02.775, 1, 92028, 97871
2026/09/26 22:57:02.775, 2, 92186, 97871
2026/09/26 22:57:02.776, 3, 92097, 97871
2026/09/26 22:57:02.976, 0, 91822, 97871
2026/09/26 22:57:02.976, 1, 92028, 97871
2026/09/26 22:57:02.976, 2, 92186, 97871
2026/09/26 22:57:02.976, 3, 92097, 97871
2026/09/26 22:57:03.176, 0, 91822, 97871
2026/09/26 22:57:03.176, 1, 92028, 97871
2026/09/26 22:57:03.176, 2, 92186, 97871
2026/09/26 22:57:03.176, 3, 92097, 97871
2026/09/26 22:57:03.376, 0, 91822, 97871
2026/09/26 22:57:03.376, 1, 92028, 97871
2026/09/26 22:57:03.376, 2, 92186, 97871
2026/09/26 22:57:03.376, 3, 92097, 97871
2026/09/26 22:57:03.576, 0, 91822, 97871
2026/09/26 22:57:03.576, 1, 92028, 97871
2026/09/26 22:57:03.576, 2, 92186, 97871
2026/09/26 22:57:03.577, 3, 92097, 97871
2026/09/26 22:57:03.777, 0, 91822, 97871
2026/09/26 22:57:03.777, 1, 92028, 97871
2026/09/26 22:57:03.777, 2, 92186, 97871
2026/09/26 22:57:03.777, 3, 92097, 97871
2026/09/26 22:57:03.977, 0, 91822, 97871
2026/09/26 22:57:03.977, 1, 92028, 97871
2026/09/26 22:57:03.977, 2, 92186, 97871
2026/09/26 22:57:03.977, 3, 92097, 97871
2026/09/26 22:57:04.177, 0, 91822, 97871
2026/09/26 22:57:04.177, 1, 92028, 97871
2026/09/26 22:57:04.177, 2, 92186, 97871
2026/09/26 22:57:04.177, 3, 92097, 97871
2026/09/26 22:57:04.377, 0, 91822, 97871
2026/09/26 22:57:04.377, 1, 92028, 97871
2026/09/26 22:57:04.377, 2, 92186, 97871
2026/09/26 22:57:04.378, 3, 92097, 97871
2026/09/26 22:57:04.578, 0, 91822, 97871
2026/09/26 22:57:04.578, 1, 92028, 97871
2026/09/26 22:57:04.578, 2, 92186, 97871
2026/09/26 22:57:04.578, 3, 92097, 97871
2026/09/26 22:57:04.778, 0, 91822, 97871
2026/09/26 22:57:04.778, 1, 92028, 97871
2026/09/26 22:57:04.778, 2, 92186, 97871
2026/09/26 22:57:04.778, 3, 92097, 97871
2026/09/26 22:57:04.978, 0, 91822, 97871
2026/09/26 22:57:04.978, 1, 92028, 97871
2026/09/26 22:57:04.978, 2, 92186, 97871
2026/09/26 22:57:04.978, 3, 92097, 97871
2026/09/26 22:57:05.178, 0, 91822, 97871
2026/09/26 22:57:05.178, 1, 92028, 97871
2026/09/26 22:57:05.178, 2, 92186, 97871
2026/09/26 22:57:05.178, 3, 92097, 97871
2026/09/26 22:57:05.379, 0, 91822, 97871
2026/09/26 22:57:05.379, 1, 92028, 97871
2026/09/26 22:57:05.379, 2, 92186, 97871
2026/09/26 22:57:05.379, 3, 92097, 97871
2026/09/26 22:57:05.579, 0, 91822, 97871
2026/09/26 22:57:05.579, 1, 92028, 97871
2026/09/26 22:57:05.579, 2, 92186, 97871
2026/09/26 22:57:05.579, 3, 92097, 97871
2026/09/26 22:57:05.779, 0, 91822, 97871
2026/09/26 22:57:05.780, 1, 92028, 97871
2026/09/26 22:57:05.780, 2, 92186, 97871
2026/09/26 22:57:05.780, 3, 92097, 97871
2026/09/26 22:57:05.980, 0, 91844, 97871
2026/09/26 22:57:05.980, 1, 92050, 97871
2026/09/26 22:57:05.980, 2, 92208, 97871
2026/09/26 22:57:05.980, 3, 92119, 97871
2026/09/26 22:57:06.180, 0, 91874, 97871
2026/09/26 22:57:06.180, 1, 92080, 97871
2026/09/26 22:57:06.181, 2, 92238, 97871
2026/09/26 22:57:06.181, 3, 92149, 97871
2026/09/26 22:57:06.381, 0, 91876, 97871
2026/09/26 22:57:06.381, 1, 92082, 97871
2026/09/26 22:57:06.381, 2, 92240, 97871
2026/09/26 22:57:06.381, 3, 92151, 97871
2026/09/26 22:57:06.581, 0, 91876, 97871
2026/09/26 22:57:06.582, 1, 92082, 97871
2026/09/26 22:57:06.582, 2, 92240, 97871
2026/09/26 22:57:06.582, 3, 92151, 97871
2026/09/26 22:57:06.782, 0, 91876, 97871
2026/09/26 22:57:06.782, 1, 92082, 97871
2026/09/26 22:57:06.782, 2, 92240, 97871
2026/09/26 22:57:06.782, 3, 92151, 97871
2026/09/26 22:57:06.983, 0, 91876, 97871
2026/09/26 22:57:06.983, 1, 92082, 97871
2026/09/26 22:57:06.983, 2, 92240, 97871
2026/09/26 22:57:06.983, 3, 92151, 97871
2026/09/26 22:57:07.183, 0, 91876, 97871
2026/09/26 22:57:07.183, 1, 92082, 97871
2026/09/26 22:57:07.183, 2, 92240, 97871
2026/09/26 22:57:07.183, 3, 92151, 97871
2026/09/26 22:57:07.384, 0, 91876, 97871
2026/09/26 22:57:07.384, 1, 92082, 97871
2026/09/26 22:57:07.384, 2, 92240, 97871
2026/09/26 22:57:07.384, 3, 92151, 97871
2026/09/26 22:57:07.584, 0, 91876, 97871
2026/09/26 22:57:07.584, 1, 92082, 97871
2026/09/26 22:57:07.584, 2, 92240, 97871
2026/09/26 22:57:07.584, 3, 92151, 97871
2026/09/26 22:57:07.784, 0, 91876, 97871
2026/09/26 22:57:07.785, 1, 92082, 97871
2026/09/26 22:57:07.785, 2, 92240, 97871
2026/09/26 22:57:07.785, 3, 92151, 97871
2026/09/26 22:57:07.985, 0, 91876, 97871
2026/09/26 22:57:07.985, 1, 92082, 97871
2026/09/26 22:57:07.985, 2, 92240, 97871
2026/09/26 22:57:07.985, 3, 92151, 97871
2026/09/26 22:57:08.185, 0, 91876, 97871
2026/09/26 22:57:08.185, 1, 92082, 97871
2026/09/26 22:57:08.185, 2, 92240, 97871
2026/09/26 22:57:08.185, 3, 92151, 97871
2026/09/26 22:57:08.386, 0, 91876, 97871
2026/09/26 22:57:08.386, 1, 92082, 97871
2026/09/26 22:57:08.386, 2, 92240, 97871
2026/09/26 22:57:08.386, 3, 92151, 97871
2026/09/26 22:57:08.586, 0, 91876, 97871
2026/09/26 22:57:08.586, 1, 92082, 97871
2026/09/26 22:57:08.586, 2, 92240, 97871
2026/09/26 22:57:08.586, 3, 92151, 97871
2026/09/26 22:57:08.786, 0, 91876, 97871
2026/09/26 22:57:08.786, 1, 92082, 97871
2026/09/26 22:57:08.786, 2, 92240, 97871
2026/09/26 22:57:08.786, 3, 92151, 97871
2026/09/26 22:57:08.987, 0, 91876, 97871
2026/09/26 22:57:08.987, 1, 92082, 97871
2026/09/26 22:57:08.987, 2, 92240, 97871
2026/09/26 22:57:08.987, 3, 92151, 97871
2026/09/26 22:57:09.187, 0, 91876, 97871
2026/09/26 22:57:09.210, 1, 92082, 97871
2026/09/26 22:57:09.224, 2, 92240, 97871
2026/09/26 22:57:09.225, 3, 92151, 97871
2026/09/26 22:57:09.425, 0, 91876, 97871
2026/09/26 22:57:09.446, 1, 92082, 97871
2026/09/26 22:57:09.479, 2, 92240, 97871
2026/09/26 22:57:09.493, 3, 92151, 97871
2026/09/26 22:57:09.693, 0, 91876, 97871
2026/09/26 22:57:09.693, 1, 92082, 97871
2026/09/26 22:57:09.693, 2, 92240, 97871
2026/09/26 22:57:09.694, 3, 92151, 97871
2026/09/26 22:57:09.894, 0, 91876, 97871
2026/09/26 22:57:09.894, 1, 92082, 97871
2026/09/26 22:57:09.894, 2, 92240, 97871
2026/09/26 22:57:09.894, 3, 92151, 97871
2026/09/26 22:57:10.094, 0, 91876, 97871
2026/09/26 22:57:10.094, 1, 92082, 97871
2026/09/26 22:57:10.094, 2, 92240, 97871
2026/09/26 22:57:10.094, 3, 92151, 97871
2026/09/26 22:57:10.294, 0, 91876, 97871
2026/09/26 22:57:10.294, 1, 92082, 97871
2026/09/26 22:57:10.294, 2, 92240, 97871
2026/09/26 22:57:10.295, 3, 92151, 97871
2026/09/26 22:57:10.495, 0, 91876, 97871
2026/09/26 22:57:10.510, 1, 92082, 97871
2026/09/26 22:57:10.547, 2, 92240, 97871
2026/09/26 22:57:10.579, 3, 92151, 97871
2026/09/26 22:57:10.779, 0, 91876, 97871
2026/09/26 22:57:10.779, 1, 92082, 97871
2026/09/26 22:57:10.779, 2, 92240, 97871
2026/09/26 22:57:10.779, 3, 92151, 97871
2026/09/26 22:57:10.979, 0, 91876, 97871
2026/09/26 22:57:10.979, 1, 92082, 97871
2026/09/26 22:57:10.979, 2, 92240, 97871
2026/09/26 22:57:10.979, 3, 92151, 97871
2026/09/26 22:57:11.179, 0, 91876, 97871
2026/09/26 22:57:11.179, 1, 92082, 97871
2026/09/26 22:57:11.179, 2, 92240, 97871
2026/09/26 22:57:11.179, 3, 92151, 97871
2026/09/26 22:57:11.380, 0, 91876, 97871
2026/09/26 22:57:11.380, 1, 92082, 97871
2026/09/26 22:57:11.380, 2, 92240, 97871
2026/09/26 22:57:11.380, 3, 92151, 97871
2026/09/26 22:57:11.580, 0, 91876, 97871
2026/09/26 22:57:11.580, 1, 92082, 97871
2026/09/26 22:57:11.580, 2, 92240, 97871
2026/09/26 22:57:11.580, 3, 92151, 97871
2026/09/26 22:57:11.780, 0, 91876, 97871
2026/09/26 22:57:11.780, 1, 92082, 97871
2026/09/26 22:57:11.780, 2, 92240, 97871
2026/09/26 22:57:11.780, 3, 92151, 97871
2026/09/26 22:57:11.980, 0, 91876, 97871
2026/09/26 22:57:11.981, 1, 92082, 97871
2026/09/26 22:57:11.981, 2, 92240, 97871
2026/09/26 22:57:11.981, 3, 92151, 97871
2026/09/26 22:57:12.181, 0, 91876, 97871
2026/09/26 22:57:12.181, 1, 92082, 97871
2026/09/26 22:57:12.181, 2, 92240, 97871
2026/09/26 22:57:12.181, 3, 92151, 97871
2026/09/26 22:57:12.381, 0, 91876, 97871
2026/09/26 22:57:12.381, 1, 92082, 97871
2026/09/26 22:57:12.381, 2, 92240, 97871
2026/09/26 22:57:12.381, 3, 92151, 97871
2026/09/26 22:57:12.581, 0, 91876, 97871
2026/09/26 22:57:12.581, 1, 92082, 97871
2026/09/26 22:57:12.582, 2, 92240, 97871
2026/09/26 22:57:12.582, 3, 92151, 97871
2026/09/26 22:57:12.782, 0, 91876, 97871
2026/09/26 22:57:12.782, 1, 92082, 97871
2026/09/26 22:57:12.782, 2, 92240, 97871
2026/09/26 22:57:12.782, 3, 92151, 97871
2026/09/26 22:57:12.982, 0, 91876, 97871
2026/09/26 22:57:12.982, 1, 92082, 97871
2026/09/26 22:57:12.982, 2, 92240, 97871
2026/09/26 22:57:12.982, 3, 92151, 97871
2026/09/26 22:57:13.182, 0, 91876, 97871
2026/09/26 22:57:13.182, 1, 92082, 97871
2026/09/26 22:57:13.182, 2, 92240, 97871
2026/09/26 22:57:13.182, 3, 92151, 97871
2026/09/26 22:57:13.383, 0, 91876, 97871
2026/09/26 22:57:13.383, 1, 92082, 97871
2026/09/26 22:57:13.383, 2, 92240, 97871
2026/09/26 22:57:13.383, 3, 92151, 97871
2026/09/26 22:57:13.583, 0, 91876, 97871
2026/09/26 22:57:13.583, 1, 92082, 97871
2026/09/26 22:57:13.583, 2, 92240, 97871
2026/09/26 22:57:13.583, 3, 92151, 97871
2026/09/26 22:57:13.783, 0, 91876, 97871
2026/09/26 22:57:13.783, 1, 92082, 97871
2026/09/26 22:57:13.783, 2, 92240, 97871
2026/09/26 22:57:13.783, 3, 92151, 97871
2026/09/26 22:57:13.983, 0, 91876, 97871
2026/09/26 22:57:13.984, 1, 92082, 97871
2026/09/26 22:57:13.984, 2, 92240, 97871
2026/09/26 22:57:13.984, 3, 92151, 97871
2026/09/26 22:57:14.184, 0, 91876, 97871
2026/09/26 22:57:14.184, 1, 92082, 97871
2026/09/26 22:57:14.184, 2, 92240, 97871
2026/09/26 22:57:14.184, 3, 92151, 97871
2026/09/26 22:57:14.384, 0, 91876, 97871
2026/09/26 22:57:14.384, 1, 92082, 97871
2026/09/26 22:57:14.384, 2, 92240, 97871
2026/09/26 22:57:14.384, 3, 92151, 97871
2026/09/26 22:57:14.584, 0, 91876, 97871
2026/09/26 22:57:14.584, 1, 92082, 97871
2026/09/26 22:57:14.585, 2, 92240, 97871
2026/09/26 22:57:14.585, 3, 92151, 97871
2026/09/26 22:57:14.785, 0, 91876, 97871
2026/09/26 22:57:14.785, 1, 92082, 97871
2026/09/26 22:57:14.785, 2, 92240, 97871
2026/09/26 22:57:14.785, 3, 92151, 97871
2026/09/26 22:57:14.985, 0, 91876, 97871
2026/09/26 22:57:14.985, 1, 92082, 97871
2026/09/26 22:57:14.985, 2, 92240, 97871
2026/09/26 22:57:14.985, 3, 92151, 97871
2026/09/26 22:57:15.185, 0, 91876, 97871
2026/09/26 22:57:15.185, 1, 92082, 97871
2026/09/26 22:57:15.186, 2, 92240, 97871
2026/09/26 22:57:15.186, 3, 92151, 97871
2026/09/26 22:57:15.386, 0, 91876, 97871
2026/09/26 22:57:15.386, 1, 92082, 97871
2026/09/26 22:57:15.386, 2, 92240, 97871
2026/09/26 22:57:15.386, 3, 92151, 97871
2026/09/26 22:57:15.586, 0, 91876, 97871
2026/09/26 22:57:15.586, 1, 92082, 97871
2026/09/26 22:57:15.586, 2, 92240, 97871
2026/09/26 22:57:15.586, 3, 92151, 97871
2026/09/26 22:57:15.786, 0, 91876, 97871
2026/09/26 22:57:15.786, 1, 92082, 97871
2026/09/26 22:57:15.786, 2, 92240, 97871
2026/09/26 22:57:15.787, 3, 92151, 97871
2026/09/26 22:57:15.987, 0, 91876, 97871
2026/09/26 22:57:15.987, 1, 92082, 97871
2026/09/26 22:57:15.987, 2, 92240, 97871
2026/09/26 22:57:15.987, 3, 92151, 97871
2026/09/26 22:57:16.187, 0, 91876, 97871
2026/09/26 22:57:16.187, 1, 92082, 97871
2026/09/26 22:57:16.187, 2, 92240, 97871
2026/09/26 22:57:16.187, 3, 92151, 97871
2026/09/26 22:57:16.387, 0, 91876, 97871
2026/09/26 22:57:16.387, 1, 92082, 97871
2026/09/26 22:57:16.387, 2, 92240, 97871
2026/09/26 22:57:16.388, 3, 92151, 97871
2026/09/26 22:57:16.588, 0, 91876, 97871
2026/09/26 22:57:16.588, 1, 92082, 97871
2026/09/26 22:57:16.588, 2, 92240, 97871
2026/09/26 22:57:16.588, 3, 92151, 97871
2026/09/26 22:57:16.788, 0, 91876, 97871
2026/09/26 22:57:16.788, 1, 92082, 97871
2026/09/26 22:57:16.788, 2, 92240, 97871
2026/09/26 22:57:16.788, 3, 92151, 97871
2026/09/26 22:57:16.988, 0, 91876, 97871
2026/09/26 22:57:16.988, 1, 92082, 97871
2026/09/26 22:57:16.988, 2, 92240, 97871
2026/09/26 22:57:16.988, 3, 92151, 97871
2026/09/26 22:57:17.188, 0, 91876, 97871
2026/09/26 22:57:17.189, 1, 92082, 97871
2026/09/26 22:57:17.189, 2, 92240, 97871
2026/09/26 22:57:17.189, 3, 92151, 97871
2026/09/26 22:57:17.389, 0, 91876, 97871
2026/09/26 22:57:17.389, 1, 92082, 97871
2026/09/26 22:57:17.389, 2, 92240, 97871
2026/09/26 22:57:17.389, 3, 92151, 97871
2026/09/26 22:57:17.589, 0, 91876, 97871
2026/09/26 22:57:17.589, 1, 92082, 97871
2026/09/26 22:57:17.589, 2, 92240, 97871
2026/09/26 22:57:17.589, 3, 92151, 97871
2026/09/26 22:57:17.789, 0, 91876, 97871
2026/09/26 22:57:17.789, 1, 92082, 97871
2026/09/26 22:57:17.789, 2, 92240, 97871
2026/09/26 22:57:17.790, 3, 92151, 97871
2026/09/26 22:57:17.990, 0, 91876, 97871
2026/09/26 22:57:17.990, 1, 92082, 97871
2026/09/26 22:57:17.990, 2, 92240, 97871
2026/09/26 22:57:17.990, 3, 92151, 97871
2026/09/26 22:57:18.190, 0, 91876, 97871
2026/09/26 22:57:18.190, 1, 92082, 97871
2026/09/26 22:57:18.190, 2, 92240, 97871
2026/09/26 22:57:18.190, 3, 92151, 97871
2026/09/26 22:57:18.390, 0, 91876, 97871
2026/09/26 22:57:18.390, 1, 92082, 97871
2026/09/26 22:57:18.390, 2, 92240, 97871
2026/09/26 22:57:18.390, 3, 92151, 97871
2026/09/26 22:57:18.590, 0, 91876, 97871
2026/09/26 22:57:18.591, 1, 92082, 97871
2026/09/26 22:57:18.591, 2, 92240, 97871
2026/09/26 22:57:18.591, 3, 92151, 97871
2026/09/26 22:57:18.791, 0, 91876, 97871
2026/09/26 22:57:18.791, 1, 92082, 97871
2026/09/26 22:57:18.791, 2, 92240, 97871
2026/09/26 22:57:18.791, 3, 92151, 97871
2026/09/26 22:57:18.991, 0, 91876, 97871
2026/09/26 22:57:18.991, 1, 92082, 97871
2026/09/26 22:57:18.991, 2, 92240, 97871
2026/09/26 22:57:18.991, 3, 92151, 97871
2026/09/26 22:57:19.191, 0, 91876, 97871
2026/09/26 22:57:19.191, 1, 92082, 97871
2026/09/26 22:57:19.191, 2, 92240, 97871
2026/09/26 22:57:19.191, 3, 92151, 97871
2026/09/26 22:57:19.391, 0, 91876, 97871
2026/09/26 22:57:19.392, 1, 92082, 97871
2026/09/26 22:57:19.392, 2, 92240, 97871
2026/09/26 22:57:19.392, 3, 92151, 97871
2026/09/26 22:57:19.592, 0, 91876, 97871
2026/09/26 22:57:19.592, 1, 92082, 97871
2026/09/26 22:57:19.592, 2, 92240, 97871
2026/09/26 22:57:19.592, 3, 92151, 97871
2026/09/26 22:57:19.792, 0, 91876, 97871
2026/09/26 22:57:19.792, 1, 92082, 97871
2026/09/26 22:57:19.792, 2, 92240, 97871
2026/09/26 22:57:19.792, 3, 92151, 97871
2026/09/26 22:57:19.992, 0, 91876, 97871
2026/09/26 22:57:19.992, 1, 92082, 97871
2026/09/26 22:57:19.992, 2, 92240, 97871
2026/09/26 22:57:19.992, 3, 92151, 97871
2026/09/26 22:57:20.192, 0, 91876, 97871
2026/09/26 22:57:20.192, 1, 92082, 97871
2026/09/26 22:57:20.193, 2, 92240, 97871
2026/09/26 22:57:20.193, 3, 92151, 97871
2026/09/26 22:57:20.393, 0, 91876, 97871
2026/09/26 22:57:20.393, 1, 92082, 97871
2026/09/26 22:57:20.393, 2, 92240, 97871
2026/09/26 22:57:20.393, 3, 92151, 97871
2026/09/26 22:57:20.593, 0, 91876, 97871
2026/09/26 22:57:20.593, 1, 92082, 97871
2026/09/26 22:57:20.593, 2, 92240, 97871
2026/09/26 22:57:20.593, 3, 92151, 97871
2026/09/26 22:57:20.793, 0, 91876, 97871
2026/09/26 22:57:20.794, 1, 92082, 97871
2026/09/26 22:57:20.794, 2, 92240, 97871
2026/09/26 22:57:20.794, 3, 92151, 97871
2026/09/26 22:57:20.994, 0, 91876, 97871
2026/09/26 22:57:20.994, 1, 92082, 97871
2026/09/26 22:57:20.994, 2, 92240, 97871
2026/09/26 22:57:20.994, 3, 92151, 97871
2026/09/26 22:57:21.194, 0, 91876, 97871
2026/09/26 22:57:21.194, 1, 92082, 97871
2026/09/26 22:57:21.194, 2, 92240, 97871
2026/09/26 22:57:21.194, 3, 92151, 97871
2026/09/26 22:57:21.395, 0, 91876, 97871
2026/09/26 22:57:21.395, 1, 92082, 97871
2026/09/26 22:57:21.395, 2, 92240, 97871
2026/09/26 22:57:21.395, 3, 92151, 97871
2026/09/26 22:57:21.595, 0, 91876, 97871
2026/09/26 22:57:21.595, 1, 92082, 97871
2026/09/26 22:57:21.595, 2, 92240, 97871
2026/09/26 22:57:21.595, 3, 92151, 97871
2026/09/26 22:57:21.795, 0, 91876, 97871
2026/09/26 22:57:21.796, 1, 92082, 97871
2026/09/26 22:57:21.796, 2, 92240, 97871
2026/09/26 22:57:21.796, 3, 92151, 97871
2026/09/26 22:57:21.996, 0, 91876, 97871
2026/09/26 22:57:21.996, 1, 92082, 97871
2026/09/26 22:57:21.996, 2, 92240, 97871
2026/09/26 22:57:21.996, 3, 92151, 97871
2026/09/26 22:57:22.196, 0, 91876, 97871
2026/09/26 22:57:22.196, 1, 92082, 97871
2026/09/26 22:57:22.196, 2, 92240, 97871
2026/09/26 22:57:22.196, 3, 92151, 97871
2026/09/26 22:57:22.397, 0, 91876, 97871
2026/09/26 22:57:22.397, 1, 92082, 97871
2026/09/26 22:57:22.397, 2, 92240, 97871
2026/09/26 22:57:22.397, 3, 92151, 97871
2026/09/26 22:57:22.597, 0, 91876, 97871
2026/09/26 22:57:22.597, 1, 92082, 97871
2026/09/26 22:57:22.597, 2, 92240, 97871
2026/09/26 22:57:22.597, 3, 92151, 97871
2026/09/26 22:57:22.798, 0, 91876, 97871
2026/09/26 22:57:22.798, 1, 92082, 97871
2026/09/26 22:57:22.798, 2, 92240, 97871
2026/09/26 22:57:22.798, 3, 92151, 97871
2026/09/26 22:57:22.998, 0, 91876, 97871
2026/09/26 22:57:22.998, 1, 92082, 97871
2026/09/26 22:57:22.998, 2, 92240, 97871
2026/09/26 22:57:22.998, 3, 92151, 97871
2026/09/26 22:57:23.198, 0, 91876, 97871
2026/09/26 22:57:23.198, 1, 92082, 97871
2026/09/26 22:57:23.198, 2, 92240, 97871
2026/09/26 22:57:23.199, 3, 92151, 97871
2026/09/26 22:57:23.399, 0, 91876, 97871
2026/09/26 22:57:23.399, 1, 92082, 97871
2026/09/26 22:57:23.399, 2, 92240, 97871
2026/09/26 22:57:23.399, 3, 92151, 97871
2026/09/26 22:57:23.599, 0, 91876, 97871
2026/09/26 22:57:23.599, 1, 92082, 97871
2026/09/26 22:57:23.599, 2, 92240, 97871
2026/09/26 22:57:23.599, 3, 92151, 97871
2026/09/26 22:57:23.799, 0, 91876, 97871
2026/09/26 22:57:23.799, 1, 92082, 97871
2026/09/26 22:57:23.799, 2, 92240, 97871
2026/09/26 22:57:23.800, 3, 92151, 97871
2026/09/26 22:57:24.000, 0, 91876, 97871
2026/09/26 22:57:24.000, 1, 92082, 97871
2026/09/26 22:57:24.000, 2, 92240, 97871
2026/09/26 22:57:24.000, 3, 92151, 97871
2026/09/26 22:57:24.200, 0, 91876, 97871
2026/09/26 22:57:24.200, 1, 92082, 97871
2026/09/26 22:57:24.200, 2, 92240, 97871
2026/09/26 22:57:24.200, 3, 92151, 97871
2026/09/26 22:57:24.400, 0, 91876, 97871
2026/09/26 22:57:24.401, 1, 92082, 97871
2026/09/26 22:57:24.401, 2, 92240, 97871
2026/09/26 22:57:24.401, 3, 92151, 97871
2026/09/26 22:57:24.601, 0, 91876, 97871
2026/09/26 22:57:24.601, 1, 92082, 97871
2026/09/26 22:57:24.601, 2, 92240, 97871
2026/09/26 22:57:24.601, 3, 92151, 97871
2026/09/26 22:57:24.801, 0, 91876, 97871
2026/09/26 22:57:24.801, 1, 92082, 97871
2026/09/26 22:57:24.801, 2, 92240, 97871
2026/09/26 22:57:24.801, 3, 92151, 97871
2026/09/26 22:57:25.002, 0, 91876, 97871
2026/09/26 22:57:25.002, 1, 92082, 97871
2026/09/26 22:57:25.002, 2, 92240, 97871
2026/09/26 22:57:25.002, 3, 92151, 97871
2026/09/26 22:57:25.202, 0, 91876, 97871
2026/09/26 22:57:25.202, 1, 92082, 97871
2026/09/26 22:57:25.202, 2, 92240, 97871
2026/09/26 22:57:25.202, 3, 92151, 97871
2026/09/26 22:57:25.402, 0, 91876, 97871
2026/09/26 22:57:25.402, 1, 92082, 97871
2026/09/26 22:57:25.402, 2, 92240, 97871
2026/09/26 22:57:25.403, 3, 92151, 97871
2026/09/26 22:57:25.603, 0, 91876, 97871
2026/09/26 22:57:25.603, 1, 92082, 97871
2026/09/26 22:57:25.603, 2, 92240, 97871
2026/09/26 22:57:25.603, 3, 92151, 97871
2026/09/26 22:57:25.803, 0, 91876, 97871
2026/09/26 22:57:25.803, 1, 92082, 97871
2026/09/26 22:57:25.803, 2, 92240, 97871
2026/09/26 22:57:25.803, 3, 92151, 97871
2026/09/26 22:57:26.003, 0, 91876, 97871
2026/09/26 22:57:26.004, 1, 92082, 97871
2026/09/26 22:57:26.004, 2, 92240, 97871
2026/09/26 22:57:26.004, 3, 92151, 97871
2026/09/26 22:57:26.204, 0, 91876, 97871
2026/09/26 22:57:26.204, 1, 92082, 97871
2026/09/26 22:57:26.204, 2, 92240, 97871
2026/09/26 22:57:26.204, 3, 92151, 97871
2026/09/26 22:57:26.404, 0, 91876, 97871
2026/09/26 22:57:26.404, 1, 92082, 97871
2026/09/26 22:57:26.404, 2, 92240, 97871
2026/09/26 22:57:26.404, 3, 92151, 97871
2026/09/26 22:57:26.605, 0, 91876, 97871
2026/09/26 22:57:26.605, 1, 92082, 97871
2026/09/26 22:57:26.605, 2, 92240, 97871
2026/09/26 22:57:26.605, 3, 92151, 97871
2026/09/26 22:57:26.805, 0, 91876, 97871
2026/09/26 22:57:26.805, 1, 92082, 97871
2026/09/26 22:57:26.805, 2, 92240, 97871
2026/09/26 22:57:26.805, 3, 92151, 97871
2026/09/26 22:57:27.005, 0, 91876, 97871
2026/09/26 22:57:27.006, 1, 92082, 97871
2026/09/26 22:57:27.006, 2, 92240, 97871
2026/09/26 22:57:27.006, 3, 92151, 97871
2026/09/26 22:57:27.206, 0, 91876, 97871
2026/09/26 22:57:27.206, 1, 92082, 97871
2026/09/26 22:57:27.206, 2, 92240, 97871
2026/09/26 22:57:27.206, 3, 92151, 97871
2026/09/26 22:57:27.406, 0, 91876, 97871
2026/09/26 22:57:27.406, 1, 92082, 97871
2026/09/26 22:57:27.406, 2, 92240, 97871
2026/09/26 22:57:27.406, 3, 92151, 97871
2026/09/26 22:57:27.607, 0, 91876, 97871
2026/09/26 22:57:27.607, 1, 92082, 97871
2026/09/26 22:57:27.607, 2, 92240, 97871
2026/09/26 22:57:27.607, 3, 92151, 97871
2026/09/26 22:57:27.807, 0, 91876, 97871
2026/09/26 22:57:27.807, 1, 92082, 97871
2026/09/26 22:57:27.807, 2, 92240, 97871
2026/09/26 22:57:27.807, 3, 92151, 97871
2026/09/26 22:57:28.007, 0, 91876, 97871
2026/09/26 22:57:28.007, 1, 92082, 97871
2026/09/26 22:57:28.007, 2, 92240, 97871
2026/09/26 22:57:28.007, 3, 92151, 97871
2026/09/26 22:57:28.207, 0, 91876, 97871
2026/09/26 22:57:28.207, 1, 92082, 97871
2026/09/26 22:57:28.208, 2, 92240, 97871
2026/09/26 22:57:28.208, 3, 92151, 97871
2026/09/26 22:57:28.408, 0, 91876, 97871
2026/09/26 22:57:28.408, 1, 92082, 97871
2026/09/26 22:57:28.408, 2, 92240, 97871
2026/09/26 22:57:28.408, 3, 92151, 97871
2026/09/26 22:57:28.608, 0, 91876, 97871
2026/09/26 22:57:28.608, 1, 92082, 97871
2026/09/26 22:57:28.608, 2, 92240, 97871
2026/09/26 22:57:28.608, 3, 92151, 97871
2026/09/26 22:57:28.808, 0, 91876, 97871
2026/09/26 22:57:28.809, 1, 92082, 97871
2026/09/26 22:57:28.809, 2, 92240, 97871
2026/09/26 22:57:28.809, 3, 92151, 97871
2026/09/26 22:57:29.009, 0, 91876, 97871
2026/09/26 22:57:29.009, 1, 92082, 97871
2026/09/26 22:57:29.009, 2, 92240, 97871
2026/09/26 22:57:29.009, 3, 92151, 97871
2026/09/26 22:57:29.209, 0, 91876, 97871
2026/09/26 22:57:29.209, 1, 92082, 97871
2026/09/26 22:57:29.209, 2, 92240, 97871
2026/09/26 22:57:29.209, 3, 92151, 97871
2026/09/26 22:57:29.409, 0, 91876, 97871
2026/09/26 22:57:29.410, 1, 92082, 97871
2026/09/26 22:57:29.410, 2, 92240, 97871
2026/09/26 22:57:29.410, 3, 92151, 97871
2026/09/26 22:57:29.610, 0, 91876, 97871
2026/09/26 22:57:29.610, 1, 92082, 97871
2026/09/26 22:57:29.610, 2, 92240, 97871
2026/09/26 22:57:29.610, 3, 92151, 97871
2026/09/26 22:57:29.810, 0, 91876, 97871
2026/09/26 22:57:29.810, 1, 92082, 97871
2026/09/26 22:57:29.810, 2, 92240, 97871
2026/09/26 22:57:29.810, 3, 92151, 97871
2026/09/26 22:57:30.011, 0, 91876, 97871
2026/09/26 22:57:30.011, 1, 92082, 97871
2026/09/26 22:57:30.011, 2, 92240, 97871
2026/09/26 22:57:30.011, 3, 92151, 97871
2026/09/26 22:57:30.211, 0, 91876, 97871
2026/09/26 22:57:30.211, 1, 92082, 97871
2026/09/26 22:57:30.211, 2, 92240, 97871
2026/09/26 22:57:30.211, 3, 92151, 97871
2026/09/26 22:57:30.411, 0, 91876, 97871
2026/09/26 22:57:30.411, 1, 92082, 97871
2026/09/26 22:57:30.411, 2, 92240, 97871
2026/09/26 22:57:30.412, 3, 92151, 97871
2026/09/26 22:57:30.612, 0, 91876, 97871
2026/09/26 22:57:30.612, 1, 92082, 97871
2026/09/26 22:57:30.612, 2, 92240, 97871
2026/09/26 22:57:30.612, 3, 92151, 97871
2026/09/26 22:57:30.812, 0, 91876, 97871
2026/09/26 22:57:30.812, 1, 92082, 97871
2026/09/26 22:57:30.812, 2, 92240, 97871
2026/09/26 22:57:30.812, 3, 92151, 97871
2026/09/26 22:57:31.013, 0, 91876, 97871
2026/09/26 22:57:31.013, 1, 92082, 97871
2026/09/26 22:57:31.013, 2, 92240, 97871
2026/09/26 22:57:31.013, 3, 92151, 97871
2026/09/26 22:57:31.213, 0, 91876, 97871
2026/09/26 22:57:31.213, 1, 92082, 97871
2026/09/26 22:57:31.213, 2, 92240, 97871
2026/09/26 22:57:31.213, 3, 92151, 97871
2026/09/26 22:57:31.413, 0, 91876, 97871
2026/09/26 22:57:31.413, 1, 92082, 97871
2026/09/26 22:57:31.413, 2, 92240, 97871
2026/09/26 22:57:31.413, 3, 92151, 97871
2026/09/26 22:57:31.614, 0, 91876, 97871
2026/09/26 22:57:31.614, 1, 92082, 97871
2026/09/26 22:57:31.614, 2, 92240, 97871
2026/09/26 22:57:31.614, 3, 92151, 97871
2026/09/26 22:57:31.814, 0, 91876, 97871
2026/09/26 22:57:31.814, 1, 92082, 97871
2026/09/26 22:57:31.814, 2, 92240, 97871
2026/09/26 22:57:31.814, 3, 92151, 97871
2026/09/26 22:57:32.014, 0, 91876, 97871
2026/09/26 22:57:32.014, 1, 92082, 97871
2026/09/26 22:57:32.014, 2, 92240, 97871
2026/09/26 22:57:32.014, 3, 92151, 97871
2026/09/26 22:57:32.214, 0, 91876, 97871
2026/09/26 22:57:32.215, 1, 92082, 97871
2026/09/26 22:57:32.215, 2, 92240, 97871
2026/09/26 22:57:32.215, 3, 92151, 97871
2026/09/26 22:57:32.415, 0, 91876, 97871
2026/09/26 22:57:32.415, 1, 92082, 97871
2026/09/26 22:57:32.415, 2, 92240, 97871
2026/09/26 22:57:32.415, 3, 92151, 97871
2026/09/26 22:57:32.615, 0, 91876, 97871
2026/09/26 22:57:32.615, 1, 92082, 97871
2026/09/26 22:57:32.615, 2, 92240, 97871
2026/09/26 22:57:32.616, 3, 92151, 97871
2026/09/26 22:57:32.816, 0, 91876, 97871
2026/09/26 22:57:32.816, 1, 92082, 97871
2026/09/26 22:57:32.816, 2, 92240, 97871
2026/09/26 22:57:32.816, 3, 92151, 97871
2026/09/26 22:57:33.016, 0, 91876, 97871
2026/09/26 22:57:33.016, 1, 92082, 97871
2026/09/26 22:57:33.016, 2, 92240, 97871
2026/09/26 22:57:33.016, 3, 92151, 97871
2026/09/26 22:57:33.216, 0, 91876, 97871
2026/09/26 22:57:33.216, 1, 92082, 97871
2026/09/26 22:57:33.216, 2, 92240, 97871
2026/09/26 22:57:33.217, 3, 92151, 97871
2026/09/26 22:57:33.417, 0, 91876, 97871
2026/09/26 22:57:33.417, 1, 92082, 97871
2026/09/26 22:57:33.417, 2, 92240, 97871
2026/09/26 22:57:33.417, 3, 92151, 97871
2026/09/26 22:57:33.617, 0, 91876, 97871
2026/09/26 22:57:33.617, 1, 92082, 97871
2026/09/26 22:57:33.617, 2, 92240, 97871
2026/09/26 22:57:33.618, 3, 92151, 97871
2026/09/26 22:57:33.818, 0, 91876, 97871
2026/09/26 22:57:33.818, 1, 92082, 97871
2026/09/26 22:57:33.818, 2, 92240, 97871
2026/09/26 22:57:33.818, 3, 92151, 97871
2026/09/26 22:57:34.018, 0, 91876, 97871
2026/09/26 22:57:34.018, 1, 92082, 97871
2026/09/26 22:57:34.018, 2, 92240, 97871
2026/09/26 22:57:34.018, 3, 92151, 97871
2026/09/26 22:57:34.218, 0, 91876, 97871
2026/09/26 22:57:34.219, 1, 92082, 97871
2026/09/26 22:57:34.219, 2, 92240, 97871
2026/09/26 22:57:34.219, 3, 92151, 97871
2026/09/26 22:57:34.419, 0, 91876, 97871
2026/09/26 22:57:34.419, 1, 92082, 97871
2026/09/26 22:57:34.419, 2, 92240, 97871
2026/09/26 22:57:34.419, 3, 92151, 97871
2026/09/26 22:57:34.619, 0, 91876, 97871
2026/09/26 22:57:34.619, 1, 92082, 97871
2026/09/26 22:57:34.619, 2, 92240, 97871
2026/09/26 22:57:34.619, 3, 92151, 97871
2026/09/26 22:57:34.819, 0, 91876, 97871
2026/09/26 22:57:34.820, 1, 92082, 97871
2026/09/26 22:57:34.820, 2, 92240, 97871
2026/09/26 22:57:34.820, 3, 92151, 97871
2026/09/26 22:57:35.020, 0, 91876, 97871
2026/09/26 22:57:35.020, 1, 92082, 97871
2026/09/26 22:57:35.020, 2, 92240, 97871
2026/09/26 22:57:35.020, 3, 92151, 97871
2026/09/26 22:57:35.220, 0, 91876, 97871
2026/09/26 22:57:35.221, 1, 92082, 97871
2026/09/26 22:57:35.221, 2, 92240, 97871
2026/09/26 22:57:35.221, 3, 92151, 97871
2026/09/26 22:57:35.421, 0, 91876, 97871
2026/09/26 22:57:35.421, 1, 92082, 97871
2026/09/26 22:57:35.421, 2, 92240, 97871
2026/09/26 22:57:35.421, 3, 92151, 97871
2026/09/26 22:57:35.621, 0, 91876, 97871
2026/09/26 22:57:35.621, 1, 92082, 97871
2026/09/26 22:57:35.621, 2, 92240, 97871
2026/09/26 22:57:35.622, 3, 92151, 97871
2026/09/26 22:57:35.822, 0, 91876, 97871
2026/09/26 22:57:35.822, 1, 92082, 97871
2026/09/26 22:57:35.822, 2, 92240, 97871
2026/09/26 22:57:35.822, 3, 92151, 97871
2026/09/26 22:57:36.022, 0, 91876, 97871
2026/09/26 22:57:36.022, 1, 92082, 97871
2026/09/26 22:57:36.022, 2, 92240, 97871
2026/09/26 22:57:36.023, 3, 92151, 97871
2026/09/26 22:57:36.223, 0, 91876, 97871
2026/09/26 22:57:36.223, 1, 92082, 97871
2026/09/26 22:57:36.223, 2, 92240, 97871
2026/09/26 22:57:36.223, 3, 92151, 97871
2026/09/26 22:57:36.423, 0, 91876, 97871
2026/09/26 22:57:36.423, 1, 92082, 97871
2026/09/26 22:57:36.423, 2, 92240, 97871
2026/09/26 22:57:36.423, 3, 92151, 97871
2026/09/26 22:57:36.623, 0, 91876, 97871
2026/09/26 22:57:36.624, 1, 92082, 97871
2026/09/26 22:57:36.624, 2, 92240, 97871
2026/09/26 22:57:36.624, 3, 92151, 97871
2026/09/26 22:57:36.824, 0, 91876, 97871
2026/09/26 22:57:36.824, 1, 92082, 97871
2026/09/26 22:57:36.824, 2, 92240, 97871
2026/09/26 22:57:36.824, 3, 92151, 97871
2026/09/26 22:57:37.024, 0, 91876, 97871
2026/09/26 22:57:37.024, 1, 92082, 97871
2026/09/26 22:57:37.024, 2, 92240, 97871
2026/09/26 22:57:37.024, 3, 92151, 97871
2026/09/26 22:57:37.225, 0, 91876, 97871
2026/09/26 22:57:37.225, 1, 92082, 97871
2026/09/26 22:57:37.225, 2, 92240, 97871
2026/09/26 22:57:37.225, 3, 92151, 97871
2026/09/26 22:57:37.425, 0, 91876, 97871
2026/09/26 22:57:37.425, 1, 92082, 97871
2026/09/26 22:57:37.425, 2, 92240, 97871
2026/09/26 22:57:37.425, 3, 92151, 97871
2026/09/26 22:57:37.625, 0, 91876, 97871
2026/09/26 22:57:37.626, 1, 92082, 97871
2026/09/26 22:57:37.626, 2, 92240, 97871
2026/09/26 22:57:37.626, 3, 92151, 97871
2026/09/26 22:57:37.826, 0, 91876, 97871
2026/09/26 22:57:37.826, 1, 92082, 97871
2026/09/26 22:57:37.826, 2, 92240, 97871
2026/09/26 22:57:37.826, 3, 92151, 97871
2026/09/26 22:57:38.027, 0, 91876, 97871
2026/09/26 22:57:38.027, 1, 92082, 97871
2026/09/26 22:57:38.027, 2, 92240, 97871
2026/09/26 22:57:38.027, 3, 92151, 97871
2026/09/26 22:57:38.227, 0, 91876, 97871
2026/09/26 22:57:38.227, 1, 92082, 97871
2026/09/26 22:57:38.227, 2, 92240, 97871
2026/09/26 22:57:38.227, 3, 92151, 97871
2026/09/26 22:57:38.427, 0, 91876, 97871
2026/09/26 22:57:38.427, 1, 92082, 97871
2026/09/26 22:57:38.427, 2, 92240, 97871
2026/09/26 22:57:38.428, 3, 92151, 97871
2026/09/26 22:57:38.628, 0, 91876, 97871
2026/09/26 22:57:38.628, 1, 92082, 97871
2026/09/26 22:57:38.628, 2, 92240, 97871
2026/09/26 22:57:38.628, 3, 92151, 97871
2026/09/26 22:57:38.828, 0, 91876, 97871
2026/09/26 22:57:38.828, 1, 92082, 97871
2026/09/26 22:57:38.828, 2, 92240, 97871
2026/09/26 22:57:38.828, 3, 92151, 97871
2026/09/26 22:57:39.028, 0, 91876, 97871
2026/09/26 22:57:39.029, 1, 92082, 97871
2026/09/26 22:57:39.029, 2, 92240, 97871
2026/09/26 22:57:39.029, 3, 92151, 97871
2026/09/26 22:57:39.229, 0, 91876, 97871
2026/09/26 22:57:39.229, 1, 92082, 97871
2026/09/26 22:57:39.229, 2, 92240, 97871
2026/09/26 22:57:39.229, 3, 92151, 97871
2026/09/26 22:57:39.429, 0, 91876, 97871
2026/09/26 22:57:39.430, 1, 92082, 97871
2026/09/26 22:57:39.430, 2, 92240, 97871
2026/09/26 22:57:39.430, 3, 92151, 97871
2026/09/26 22:57:39.630, 0, 91876, 97871
2026/09/26 22:57:39.630, 1, 92082, 97871
2026/09/26 22:57:39.630, 2, 92240, 97871
2026/09/26 22:57:39.630, 3, 92151, 97871
2026/09/26 22:57:39.830, 0, 91876, 97871
2026/09/26 22:57:39.830, 1, 92082, 97871
2026/09/26 22:57:39.830, 2, 92240, 97871
2026/09/26 22:57:39.830, 3, 92151, 97871
2026/09/26 22:57:40.031, 0, 91876, 97871
2026/09/26 22:57:40.031, 1, 92082, 97871
2026/09/26 22:57:40.031, 2, 92240, 97871
2026/09/26 22:57:40.031, 3, 92151, 97871
2026/09/26 22:57:40.231, 0, 91876, 97871
2026/09/26 22:57:40.231, 1, 92082, 97871
2026/09/26 22:57:40.231, 2, 92240, 97871
2026/09/26 22:57:40.231, 3, 92151, 97871
2026/09/26 22:57:40.431, 0, 91876, 97871
2026/09/26 22:57:40.432, 1, 92082, 97871
2026/09/26 22:57:40.432, 2, 92240, 97871
2026/09/26 22:57:40.432, 3, 92151, 97871
2026/09/26 22:57:40.632, 0, 91876, 97871
2026/09/26 22:57:40.632, 1, 92082, 97871
2026/09/26 22:57:40.632, 2, 92240, 97871
2026/09/26 22:57:40.632, 3, 92151, 97871
2026/09/26 22:57:40.832, 0, 91876, 97871
2026/09/26 22:57:40.832, 1, 92082, 97871
2026/09/26 22:57:40.833, 2, 92240, 97871
2026/09/26 22:57:40.833, 3, 92151, 97871
2026/09/26 22:57:41.033, 0, 91876, 97871
2026/09/26 22:57:41.033, 1, 92082, 97871
2026/09/26 22:57:41.033, 2, 92240, 97871
2026/09/26 22:57:41.033, 3, 92151, 97871
2026/09/26 22:57:41.233, 0, 91876, 97871
2026/09/26 22:57:41.233, 1, 92082, 97871
2026/09/26 22:57:41.233, 2, 92240, 97871
2026/09/26 22:57:41.233, 3, 92151, 97871
2026/09/26 22:57:41.433, 0, 91876, 97871
2026/09/26 22:57:41.434, 1, 92082, 97871
2026/09/26 22:57:41.434, 2, 92240, 97871
2026/09/26 22:57:41.434, 3, 92151, 97871
2026/09/26 22:57:41.634, 0, 91876, 97871
2026/09/26 22:57:41.634, 1, 92082, 97871
2026/09/26 22:57:41.634, 2, 92240, 97871
2026/09/26 22:57:41.634, 3, 92151, 97871
2026/09/26 22:57:41.834, 0, 91876, 97871
2026/09/26 22:57:41.834, 1, 92082, 97871
2026/09/26 22:57:41.835, 2, 92240, 97871
2026/09/26 22:57:41.835, 3, 92151, 97871
2026/09/26 22:57:42.035, 0, 91876, 97871
2026/09/26 22:57:42.035, 1, 92082, 97871
2026/09/26 22:57:42.035, 2, 92240, 97871
2026/09/26 22:57:42.035, 3, 92151, 97871
2026/09/26 22:57:42.235, 0, 91876, 97871
2026/09/26 22:57:42.235, 1, 92082, 97871
2026/09/26 22:57:42.235, 2, 92240, 97871
2026/09/26 22:57:42.235, 3, 92151, 97871
2026/09/26 22:57:42.435, 0, 91876, 97871
2026/09/26 22:57:42.435, 1, 92082, 97871
2026/09/26 22:57:42.436, 2, 92240, 97871
2026/09/26 22:57:42.436, 3, 92151, 97871
2026/09/26 22:57:42.636, 0, 91876, 97871
2026/09/26 22:57:42.636, 1, 92082, 97871
2026/09/26 22:57:42.636, 2, 92240, 97871
2026/09/26 22:57:42.636, 3, 92151, 97871
2026/09/26 22:57:42.836, 0, 91876, 97871
2026/09/26 22:57:42.836, 1, 92082, 97871
2026/09/26 22:57:42.837, 2, 92240, 97871
2026/09/26 22:57:42.837, 3, 92151, 97871
2026/09/26 22:57:43.037, 0, 91876, 97871
2026/09/26 22:57:43.037, 1, 92082, 97871
2026/09/26 22:57:43.037, 2, 92240, 97871
2026/09/26 22:57:43.037, 3, 92151, 97871
2026/09/26 22:57:43.237, 0, 91876, 97871
2026/09/26 22:57:43.237, 1, 92082, 97871
2026/09/26 22:57:43.238, 2, 92240, 97871
2026/09/26 22:57:43.238, 3, 92151, 97871
2026/09/26 22:57:43.438, 0, 91876, 97871
2026/09/26 22:57:43.438, 1, 92082, 97871
2026/09/26 22:57:43.438, 2, 92240, 97871
2026/09/26 22:57:43.438, 3, 92151, 97871
2026/09/26 22:57:43.638, 0, 91876, 97871
2026/09/26 22:57:43.638, 1, 92082, 97871
2026/09/26 22:57:43.638, 2, 92240, 97871
2026/09/26 22:57:43.638, 3, 92151, 97871
2026/09/26 22:57:43.838, 0, 91876, 97871
2026/09/26 22:57:43.839, 1, 92082, 97871
2026/09/26 22:57:43.839, 2, 92240, 97871
2026/09/26 22:57:43.839, 3, 92151, 97871
2026/09/26 22:57:44.039, 0, 91876, 97871
2026/09/26 22:57:44.039, 1, 92082, 97871
2026/09/26 22:57:44.039, 2, 92240, 97871
2026/09/26 22:57:44.039, 3, 92151, 97871
2026/09/26 22:57:44.239, 0, 91876, 97871
2026/09/26 22:57:44.239, 1, 92082, 97871
2026/09/26 22:57:44.239, 2, 92240, 97871
2026/09/26 22:57:44.239, 3, 92151, 97871
2026/09/26 22:57:44.440, 0, 91876, 97871
2026/09/26 22:57:44.440, 1, 92082, 97871
2026/09/26 22:57:44.440, 2, 92240, 97871
2026/09/26 22:57:44.440, 3, 92151, 97871
2026/09/26 22:57:44.640, 0, 91876, 97871
2026/09/26 22:57:44.640, 1, 92082, 97871
2026/09/26 22:57:44.640, 2, 92240, 97871
2026/09/26 22:57:44.640, 3, 92151, 97871
2026/09/26 22:57:44.840, 0, 91876, 97871
2026/09/26 22:57:44.841, 1, 92082, 97871
2026/09/26 22:57:44.841, 2, 92240, 97871
2026/09/26 22:57:44.841, 3, 92151, 97871
2026/09/26 22:57:45.041, 0, 91876, 97871
2026/09/26 22:57:45.041, 1, 92082, 97871
2026/09/26 22:57:45.041, 2, 92240, 97871
2026/09/26 22:57:45.041, 3, 92151, 97871
2026/09/26 22:57:45.241, 0, 91876, 97871
2026/09/26 22:57:45.241, 1, 92082, 97871
2026/09/26 22:57:45.241, 2, 92240, 97871
2026/09/26 22:57:45.241, 3, 92151, 97871
2026/09/26 22:57:45.441, 0, 91876, 97871
2026/09/26 22:57:45.442, 1, 92082, 97871
2026/09/26 22:57:45.442, 2, 92240, 97871
2026/09/26 22:57:45.442, 3, 92151, 97871
2026/09/26 22:57:45.642, 0, 91876, 97871
2026/09/26 22:57:45.642, 1, 92082, 97871
2026/09/26 22:57:45.642, 2, 92240, 97871
2026/09/26 22:57:45.642, 3, 92151, 97871
2026/09/26 22:57:45.842, 0, 91876, 97871
2026/09/26 22:57:45.842, 1, 92082, 97871
2026/09/26 22:57:45.843, 2, 92240, 97871
2026/09/26 22:57:45.843, 3, 92151, 97871
2026/09/26 22:57:46.043, 0, 91876, 97871
2026/09/26 22:57:46.043, 1, 92082, 97871
2026/09/26 22:57:46.043, 2, 92240, 97871
2026/09/26 22:57:46.043, 3, 92151, 97871
2026/09/26 22:57:46.243, 0, 91876, 97871
2026/09/26 22:57:46.243, 1, 92082, 97871
2026/09/26 22:57:46.243, 2, 92240, 97871
2026/09/26 22:57:46.243, 3, 92151, 97871
2026/09/26 22:57:46.444, 0, 91876, 97871
2026/09/26 22:57:46.444, 1, 92082, 97871
2026/09/26 22:57:46.444, 2, 92240, 97871
2026/09/26 22:57:46.444, 3, 92151, 97871
2026/09/26 22:57:46.644, 0, 91876, 97871
2026/09/26 22:57:46.644, 1, 92082, 97871
2026/09/26 22:57:46.644, 2, 92240, 97871
2026/09/26 22:57:46.644, 3, 92151, 97871
2026/09/26 22:57:46.844, 0, 91876, 97871
2026/09/26 22:57:46.844, 1, 92082, 97871
2026/09/26 22:57:46.845, 2, 92240, 97871
2026/09/26 22:57:46.845, 3, 92151, 97871
2026/09/26 22:57:47.045, 0, 91876, 97871
2026/09/26 22:57:47.045, 1, 92082, 97871
2026/09/26 22:57:47.045, 2, 92240, 97871
2026/09/26 22:57:47.045, 3, 92151, 97871
2026/09/26 22:57:47.245, 0, 91876, 97871
2026/09/26 22:57:47.245, 1, 92082, 97871
2026/09/26 22:57:47.245, 2, 92240, 97871
2026/09/26 22:57:47.245, 3, 92151, 97871
2026/09/26 22:57:47.446, 0, 91876, 97871
2026/09/26 22:57:47.446, 1, 92082, 97871
2026/09/26 22:57:47.446, 2, 92240, 97871
2026/09/26 22:57:47.446, 3, 92151, 97871
2026/09/26 22:57:47.646, 0, 91876, 97871
2026/09/26 22:57:47.646, 1, 92082, 97871
2026/09/26 22:57:47.646, 2, 92240, 97871
2026/09/26 22:57:47.646, 3, 92151, 97871
2026/09/26 22:57:47.846, 0, 91876, 97871
2026/09/26 22:57:47.846, 1, 92082, 97871
2026/09/26 22:57:47.847, 2, 92240, 97871
2026/09/26 22:57:47.847, 3, 92151, 97871
2026/09/26 22:57:48.047, 0, 91876, 97871
2026/09/26 22:57:48.047, 1, 92082, 97871
2026/09/26 22:57:48.047, 2, 92240, 97871
2026/09/26 22:57:48.047, 3, 92151, 97871
2026/09/26 22:57:48.247, 0, 91876, 97871
2026/09/26 22:57:48.247, 1, 92082, 97871
2026/09/26 22:57:48.247, 2, 92240, 97871
2026/09/26 22:57:48.248, 3, 92151, 97871
2026/09/26 22:57:48.448, 0, 91876, 97871
2026/09/26 22:57:48.448, 1, 92082, 97871
2026/09/26 22:57:48.448, 2, 92240, 97871
2026/09/26 22:57:48.448, 3, 92151, 97871
2026/09/26 22:57:48.648, 0, 91876, 97871
2026/09/26 22:57:48.648, 1, 92082, 97871
2026/09/26 22:57:48.648, 2, 92240, 97871
2026/09/26 22:57:48.648, 3, 92151, 97871
2026/09/26 22:57:48.849, 0, 91876, 97871
2026/09/26 22:57:48.849, 1, 92082, 97871
2026/09/26 22:57:48.849, 2, 92240, 97871
2026/09/26 22:57:48.849, 3, 92151, 97871
2026/09/26 22:57:49.049, 0, 91876, 97871
2026/09/26 22:57:49.049, 1, 92082, 97871
2026/09/26 22:57:49.049, 2, 92240, 97871
2026/09/26 22:57:49.049, 3, 92151, 97871
2026/09/26 22:57:49.249, 0, 91876, 97871
2026/09/26 22:57:49.250, 1, 92082, 97871
2026/09/26 22:57:49.250, 2, 92240, 97871
2026/09/26 22:57:49.250, 3, 92151, 97871
2026/09/26 22:57:49.450, 0, 91876, 97871
2026/09/26 22:57:49.450, 1, 92082, 97871
2026/09/26 22:57:49.450, 2, 92240, 97871
2026/09/26 22:57:49.450, 3, 92151, 97871
2026/09/26 22:57:49.650, 0, 91876, 97871
2026/09/26 22:57:49.650, 1, 92082, 97871
2026/09/26 22:57:49.650, 2, 92240, 97871
2026/09/26 22:57:49.651, 3, 92151, 97871
2026/09/26 22:57:49.851, 0, 91876, 97871
2026/09/26 22:57:49.851, 1, 92082, 97871
2026/09/26 22:57:49.851, 2, 92240, 97871
2026/09/26 22:57:49.851, 3, 92151, 97871
2026/09/26 22:57:50.051, 0, 91876, 97871
2026/09/26 22:57:50.051, 1, 92082, 97871
2026/09/26 22:57:50.051, 2, 92240, 97871
2026/09/26 22:57:50.051, 3, 92151, 97871
2026/09/26 22:57:50.252, 0, 91876, 97871
2026/09/26 22:57:50.252, 1, 92082, 97871
2026/09/26 22:57:50.252, 2, 92240, 97871
2026/09/26 22:57:50.252, 3, 92151, 97871
2026/09/26 22:57:50.452, 0, 91876, 97871
2026/09/26 22:57:50.452, 1, 92082, 97871
2026/09/26 22:57:50.452, 2, 92240, 97871
2026/09/26 22:57:50.452, 3, 92151, 97871
2026/09/26 22:57:50.652, 0, 91876, 97871
2026/09/26 22:57:50.653, 1, 92082, 97871
2026/09/26 22:57:50.653, 2, 92240, 97871
2026/09/26 22:57:50.653, 3, 92151, 97871
2026/09/26 22:57:50.853, 0, 91876, 97871
2026/09/26 22:57:50.853, 1, 92082, 97871
2026/09/26 22:57:50.853, 2, 92240, 97871
2026/09/26 22:57:50.853, 3, 92151, 97871
2026/09/26 22:57:51.053, 0, 91876, 97871
2026/09/26 22:57:51.053, 1, 92082, 97871
2026/09/26 22:57:51.053, 2, 92240, 97871
2026/09/26 22:57:51.053, 3, 92151, 97871
2026/09/26 22:57:51.254, 0, 91876, 97871
2026/09/26 22:57:51.254, 1, 92082, 97871
2026/09/26 22:57:51.254, 2, 92240, 97871
2026/09/26 22:57:51.254, 3, 92151, 97871
2026/09/26 22:57:51.454, 0, 91876, 97871
2026/09/26 22:57:51.454, 1, 92082, 97871
2026/09/26 22:57:51.454, 2, 92240, 97871
2026/09/26 22:57:51.454, 3, 92151, 97871
2026/09/26 22:57:51.654, 0, 91876, 97871
2026/09/26 22:57:51.655, 1, 92082, 97871
2026/09/26 22:57:51.655, 2, 92240, 97871
2026/09/26 22:57:51.655, 3, 92151, 97871
2026/09/26 22:57:51.855, 0, 91876, 97871
2026/09/26 22:57:51.855, 1, 92082, 97871
2026/09/26 22:57:51.855, 2, 92240, 97871
2026/09/26 22:57:51.855, 3, 92151, 97871
2026/09/26 22:57:52.055, 0, 91876, 97871
2026/09/26 22:57:52.055, 1, 92082, 97871
2026/09/26 22:57:52.055, 2, 92240, 97871
2026/09/26 22:57:52.055, 3, 92151, 97871
2026/09/26 22:57:52.256, 0, 91876, 97871
2026/09/26 22:57:52.256, 1, 92082, 97871
2026/09/26 22:57:52.256, 2, 92240, 97871
2026/09/26 22:57:52.256, 3, 92151, 97871
2026/09/26 22:57:52.456, 0, 91876, 97871
2026/09/26 22:57:52.456, 1, 92082, 97871
2026/09/26 22:57:52.456, 2, 92240, 97871
2026/09/26 22:57:52.457, 3, 92151, 97871
2026/09/26 22:57:52.657, 0, 91876, 97871
2026/09/26 22:57:52.657, 1, 92082, 97871
2026/09/26 22:57:52.657, 2, 92240, 97871
2026/09/26 22:57:52.657, 3, 92151, 97871
2026/09/26 22:57:52.857, 0, 91876, 97871
2026/09/26 22:57:52.857, 1, 92082, 97871
2026/09/26 22:57:52.857, 2, 92240, 97871
2026/09/26 22:57:52.857, 3, 92151, 97871
2026/09/26 22:57:53.057, 0, 91876, 97871
2026/09/26 22:57:53.058, 1, 92082, 97871
2026/09/26 22:57:53.058, 2, 92240, 97871
2026/09/26 22:57:53.058, 3, 92151, 97871
2026/09/26 22:57:53.258, 0, 91876, 97871
2026/09/26 22:57:53.258, 1, 92082, 97871
2026/09/26 22:57:53.258, 2, 92240, 97871
2026/09/26 22:57:53.258, 3, 92151, 97871
2026/09/26 22:57:53.458, 0, 91876, 97871
2026/09/26 22:57:53.458, 1, 92082, 97871
2026/09/26 22:57:53.458, 2, 92240, 97871
2026/09/26 22:57:53.458, 3, 92151, 97871
2026/09/26 22:57:53.659, 0, 91876, 97871
2026/09/26 22:57:53.659, 1, 92082, 97871
2026/09/26 22:57:53.659, 2, 92240, 97871
2026/09/26 22:57:53.659, 3, 92151, 97871
2026/09/26 22:57:53.859, 0, 91876, 97871
2026/09/26 22:57:53.859, 1, 92082, 97871
2026/09/26 22:57:53.859, 2, 92240, 97871
2026/09/26 22:57:53.859, 3, 92151, 97871
2026/09/26 22:57:54.059, 0, 91876, 97871
2026/09/26 22:57:54.059, 1, 92082, 97871
2026/09/26 22:57:54.059, 2, 92240, 97871
2026/09/26 22:57:54.060, 3, 92151, 97871
2026/09/26 22:57:54.260, 0, 91876, 97871
2026/09/26 22:57:54.260, 1, 92082, 97871
2026/09/26 22:57:54.260, 2, 92240, 97871
2026/09/26 22:57:54.260, 3, 92151, 97871
2026/09/26 22:57:54.460, 0, 91876, 97871
2026/09/26 22:57:54.460, 1, 92082, 97871
2026/09/26 22:57:54.460, 2, 92240, 97871
2026/09/26 22:57:54.461, 3, 92151, 97871
2026/09/26 22:57:54.661, 0, 91876, 97871
2026/09/26 22:57:54.661, 1, 92082, 97871
2026/09/26 22:57:54.661, 2, 92240, 97871
2026/09/26 22:57:54.661, 3, 92151, 97871
2026/09/26 22:57:54.861, 0, 91876, 97871
2026/09/26 22:57:54.861, 1, 92082, 97871
2026/09/26 22:57:54.861, 2, 92240, 97871
2026/09/26 22:57:54.861, 3, 92151, 97871
2026/09/26 22:57:55.062, 0, 91876, 97871
2026/09/26 22:57:55.062, 1, 92082, 97871
2026/09/26 22:57:55.062, 2, 92240, 97871
2026/09/26 22:57:55.062, 3, 92151, 97871
2026/09/26 22:57:55.262, 0, 91876, 97871
2026/09/26 22:57:55.262, 1, 92082, 97871
2026/09/26 22:57:55.262, 2, 92240, 97871
2026/09/26 22:57:55.262, 3, 92151, 97871
2026/09/26 22:57:55.462, 0, 91876, 97871
2026/09/26 22:57:55.462, 1, 92082, 97871
2026/09/26 22:57:55.462, 2, 92240, 97871
2026/09/26 22:57:55.462, 3, 92151, 97871
2026/09/26 22:57:55.663, 0, 91876, 97871
2026/09/26 22:57:55.663, 1, 92082, 97871
2026/09/26 22:57:55.663, 2, 92240, 97871
2026/09/26 22:57:55.663, 3, 92151, 97871
2026/09/26 22:57:55.863, 0, 91876, 97871
2026/09/26 22:57:55.863, 1, 92082, 97871
2026/09/26 22:57:55.864, 2, 92240, 97871
2026/09/26 22:57:55.864, 3, 92151, 97871
2026/09/26 22:57:56.064, 0, 91876, 97871
2026/09/26 22:57:56.064, 1, 92082, 97871
2026/09/26 22:57:56.064, 2, 92240, 97871
2026/09/26 22:57:56.064, 3, 92151, 97871
2026/09/26 22:57:56.264, 0, 91876, 97871
2026/09/26 22:57:56.264, 1, 92082, 97871
2026/09/26 22:57:56.264, 2, 92240, 97871
2026/09/26 22:57:56.264, 3, 92151, 97871
2026/09/26 22:57:56.465, 0, 91876, 97871
2026/09/26 22:57:56.465, 1, 92082, 97871
2026/09/26 22:57:56.465, 2, 92240, 97871
2026/09/26 22:57:56.465, 3, 92151, 97871
2026/09/26 22:57:56.665, 0, 91876, 97871
2026/09/26 22:57:56.665, 1, 92082, 97871
2026/09/26 22:57:56.665, 2, 92240, 97871
2026/09/26 22:57:56.665, 3, 92151, 97871
2026/09/26 22:57:56.865, 0, 91876, 97871
2026/09/26 22:57:56.866, 1, 92082, 97871
2026/09/26 22:57:56.866, 2, 92240, 97871
2026/09/26 22:57:56.866, 3, 92151, 97871
2026/09/26 22:57:57.066, 0, 91876, 97871
2026/09/26 22:57:57.066, 1, 92082, 97871
2026/09/26 22:57:57.066, 2, 92240, 97871
2026/09/26 22:57:57.066, 3, 92151, 97871
2026/09/26 22:57:57.266, 0, 91876, 97871
2026/09/26 22:57:57.266, 1, 92082, 97871
2026/09/26 22:57:57.266, 2, 92240, 97871
2026/09/26 22:57:57.266, 3, 92151, 97871
2026/09/26 22:57:57.467, 0, 91876, 97871
2026/09/26 22:57:57.467, 1, 92082, 97871
2026/09/26 22:57:57.467, 2, 92240, 97871
2026/09/26 22:57:57.467, 3, 92151, 97871
2026/09/26 22:57:57.667, 0, 91876, 97871
2026/09/26 22:57:57.667, 1, 92082, 97871
2026/09/26 22:57:57.667, 2, 92240, 97871
2026/09/26 22:57:57.667, 3, 92151, 97871
2026/09/26 22:57:57.867, 0, 91876, 97871
2026/09/26 22:57:57.867, 1, 92082, 97871
2026/09/26 22:57:57.867, 2, 92240, 97871
2026/09/26 22:57:57.867, 3, 92151, 97871
2026/09/26 22:57:58.068, 0, 91876, 97871
2026/09/26 22:57:58.068, 1, 92082, 97871
2026/09/26 22:57:58.068, 2, 92240, 97871
2026/09/26 22:57:58.068, 3, 92151, 97871
2026/09/26 22:57:58.268, 0, 91876, 97871
2026/09/26 22:57:58.268, 1, 92082, 97871
2026/09/26 22:57:58.268, 2, 92240, 97871
2026/09/26 22:57:58.268, 3, 92151, 97871
2026/09/26 22:57:58.468, 0, 91876, 97871
2026/09/26 22:57:58.468, 1, 92082, 97871
2026/09/26 22:57:58.468, 2, 92240, 97871
2026/09/26 22:57:58.468, 3, 92151, 97871
2026/09/26 22:57:58.669, 0, 91876, 97871
2026/09/26 22:57:58.669, 1, 92082, 97871
2026/09/26 22:57:58.669, 2, 92240, 97871
2026/09/26 22:57:58.669, 3, 92151, 97871
2026/09/26 22:57:58.869, 0, 91876, 97871
2026/09/26 22:57:58.869, 1, 92082, 97871
2026/09/26 22:57:58.869, 2, 92240, 97871
2026/09/26 22:57:58.870, 3, 92151, 97871
2026/09/26 22:57:59.070, 0, 91876, 97871
2026/09/26 22:57:59.070, 1, 92082, 97871
2026/09/26 22:57:59.070, 2, 92240, 97871
2026/09/26 22:57:59.070, 3, 92151, 97871
2026/09/26 22:57:59.270, 0, 91876, 97871
2026/09/26 22:57:59.270, 1, 92082, 97871
2026/09/26 22:57:59.270, 2, 92240, 97871
2026/09/26 22:57:59.270, 3, 92151, 97871
2026/09/26 22:57:59.470, 0, 91876, 97871
2026/09/26 22:57:59.471, 1, 92082, 97871
2026/09/26 22:57:59.471, 2, 92240, 97871
2026/09/26 22:57:59.471, 3, 92151, 97871
2026/09/26 22:57:59.671, 0, 91876, 97871
2026/09/26 22:57:59.671, 1, 92082, 97871
2026/09/26 22:57:59.671, 2, 92240, 97871
2026/09/26 22:57:59.671, 3, 92151, 97871
2026/09/26 22:57:59.871, 0, 91876, 97871
2026/09/26 22:57:59.871, 1, 92082, 97871
2026/09/26 22:57:59.871, 2, 92240, 97871
2026/09/26 22:57:59.871, 3, 92151, 97871
2026/09/26 22:58:00.072, 0, 91876, 97871
2026/09/26 22:58:00.072, 1, 92082, 97871
2026/09/26 22:58:00.072, 2, 92240, 97871
2026/09/26 22:58:00.072, 3, 92151, 97871
2026/09/26 22:58:00.272, 0, 91876, 97871
2026/09/26 22:58:00.272, 1, 92082, 97871
2026/09/26 22:58:00.272, 2, 92240, 97871
2026/09/26 22:58:00.272, 3, 92151, 97871
2026/09/26 22:58:00.472, 0, 91876, 97871
2026/09/26 22:58:00.472, 1, 92082, 97871
2026/09/26 22:58:00.472, 2, 92240, 97871
2026/09/26 22:58:00.472, 3, 92151, 97871
2026/09/26 22:58:00.673, 0, 91876, 97871
2026/09/26 22:58:00.673, 1, 92082, 97871
2026/09/26 22:58:00.673, 2, 92240, 97871
2026/09/26 22:58:00.673, 3, 92151, 97871
2026/09/26 22:58:00.873, 0, 91876, 97871
2026/09/26 22:58:00.873, 1, 92082, 97871
2026/09/26 22:58:00.873, 2, 92240, 97871
2026/09/26 22:58:00.873, 3, 92151, 97871
2026/09/26 22:58:01.073, 0, 91876, 97871
2026/09/26 22:58:01.073, 1, 92082, 97871
2026/09/26 22:58:01.074, 2, 92240, 97871
2026/09/26 22:58:01.074, 3, 92151, 97871
2026/09/26 22:58:01.274, 0, 91876, 97871
2026/09/26 22:58:01.274, 1, 92082, 97871
2026/09/26 22:58:01.274, 2, 92240, 97871
2026/09/26 22:58:01.274, 3, 92151, 97871
2026/09/26 22:58:01.474, 0, 91876, 97871
2026/09/26 22:58:01.474, 1, 92082, 97871
2026/09/26 22:58:01.474, 2, 92240, 97871
2026/09/26 22:58:01.474, 3, 92151, 97871
2026/09/26 22:58:01.674, 0, 91876, 97871
2026/09/26 22:58:01.675, 1, 92082, 97871
2026/09/26 22:58:01.675, 2, 92240, 97871
2026/09/26 22:58:01.675, 3, 92151, 97871
2026/09/26 22:58:01.875, 0, 91876, 97871
2026/09/26 22:58:01.875, 1, 92082, 97871
2026/09/26 22:58:01.875, 2, 92240, 97871
2026/09/26 22:58:01.875, 3, 92151, 97871
2026/09/26 22:58:02.075, 0, 91876, 97871
2026/09/26 22:58:02.075, 1, 92082, 97871
2026/09/26 22:58:02.075, 2, 92240, 97871
2026/09/26 22:58:02.076, 3, 92151, 97871
2026/09/26 22:58:02.276, 0, 91876, 97871
2026/09/26 22:58:02.276, 1, 92082, 97871
2026/09/26 22:58:02.276, 2, 92240, 97871
2026/09/26 22:58:02.276, 3, 92151, 97871
2026/09/26 22:58:02.476, 0, 91876, 97871
2026/09/26 22:58:02.476, 1, 92082, 97871
2026/09/26 22:58:02.476, 2, 92240, 97871
2026/09/26 22:58:02.476, 3, 92151, 97871
2026/09/26 22:58:02.676, 0, 91876, 97871
2026/09/26 22:58:02.676, 1, 92082, 97871
2026/09/26 22:58:02.677, 2, 92240, 97871
2026/09/26 22:58:02.677, 3, 92151, 97871
2026/09/26 22:58:02.877, 0, 91876, 97871
2026/09/26 22:58:02.877, 1, 92082, 97871
2026/09/26 22:58:02.877, 2, 92240, 97871
2026/09/26 22:58:02.877, 3, 92151, 97871
2026/09/26 22:58:03.077, 0, 91876, 97871
2026/09/26 22:58:03.077, 1, 92082, 97871
2026/09/26 22:58:03.077, 2, 92240, 97871
2026/09/26 22:58:03.077, 3, 92151, 97871
2026/09/26 22:58:03.277, 0, 91876, 97871
2026/09/26 22:58:03.278, 1, 92082, 97871
2026/09/26 22:58:03.278, 2, 92240, 97871
2026/09/26 22:58:03.278, 3, 92151, 97871
2026/09/26 22:58:03.478, 0, 91876, 97871
2026/09/26 22:58:03.478, 1, 92082, 97871
2026/09/26 22:58:03.478, 2, 92240, 97871
2026/09/26 22:58:03.478, 3, 92151, 97871
2026/09/26 22:58:03.678, 0, 91876, 97871
2026/09/26 22:58:03.678, 1, 92082, 97871
2026/09/26 22:58:03.678, 2, 92240, 97871
2026/09/26 22:58:03.679, 3, 92151, 97871
2026/09/26 22:58:03.879, 0, 91876, 97871
2026/09/26 22:58:03.879, 1, 92082, 97871
2026/09/26 22:58:03.879, 2, 92240, 97871
2026/09/26 22:58:03.879, 3, 92151, 97871
2026/09/26 22:58:04.079, 0, 91876, 97871
2026/09/26 22:58:04.079, 1, 92082, 97871
2026/09/26 22:58:04.079, 2, 92240, 97871
2026/09/26 22:58:04.079, 3, 92151, 97871
2026/09/26 22:58:04.279, 0, 91876, 97871
2026/09/26 22:58:04.279, 1, 92082, 97871
2026/09/26 22:58:04.280, 2, 92240, 97871
2026/09/26 22:58:04.280, 3, 92151, 97871
2026/09/26 22:58:04.480, 0, 91876, 97871
2026/09/26 22:58:04.480, 1, 92082, 97871
2026/09/26 22:58:04.480, 2, 92240, 97871
2026/09/26 22:58:04.480, 3, 92151, 97871
2026/09/26 22:58:04.680, 0, 91876, 97871
2026/09/26 22:58:04.680, 1, 92082, 97871
2026/09/26 22:58:04.680, 2, 92240, 97871
2026/09/26 22:58:04.680, 3, 92151, 97871
2026/09/26 22:58:04.880, 0, 91876, 97871
2026/09/26 22:58:04.881, 1, 92082, 97871
2026/09/26 22:58:04.881, 2, 92240, 97871
2026/09/26 22:58:04.881, 3, 92151, 97871
2026/09/26 22:58:05.081, 0, 91876, 97871
2026/09/26 22:58:05.081, 1, 92082, 97871
2026/09/26 22:58:05.081, 2, 92240, 97871
2026/09/26 22:58:05.081, 3, 92151, 97871
2026/09/26 22:58:05.281, 0, 91876, 97871
2026/09/26 22:58:05.281, 1, 92082, 97871
2026/09/26 22:58:05.281, 2, 92240, 97871
2026/09/26 22:58:05.281, 3, 92151, 97871
2026/09/26 22:58:05.482, 0, 91876, 97871
2026/09/26 22:58:05.482, 1, 92082, 97871
2026/09/26 22:58:05.482, 2, 92240, 97871
2026/09/26 22:58:05.482, 3, 92151, 97871
2026/09/26 22:58:05.682, 0, 91876, 97871
2026/09/26 22:58:05.682, 1, 92082, 97871
2026/09/26 22:58:05.682, 2, 92240, 97871
2026/09/26 22:58:05.682, 3, 92151, 97871
2026/09/26 22:58:05.882, 0, 91876, 97871
2026/09/26 22:58:05.883, 1, 92082, 97871
2026/09/26 22:58:05.883, 2, 92240, 97871
2026/09/26 22:58:05.883, 3, 92151, 97871
2026/09/26 22:58:06.083, 0, 91876, 97871
2026/09/26 22:58:06.083, 1, 92082, 97871
2026/09/26 22:58:06.083, 2, 92240, 97871
2026/09/26 22:58:06.083, 3, 92151, 97871
2026/09/26 22:58:06.283, 0, 91876, 97871
2026/09/26 22:58:06.283, 1, 92082, 97871
2026/09/26 22:58:06.283, 2, 92240, 97871
2026/09/26 22:58:06.283, 3, 92151, 97871
2026/09/26 22:58:06.484, 0, 91876, 97871
2026/09/26 22:58:06.484, 1, 92082, 97871
2026/09/26 22:58:06.484, 2, 92240, 97871
2026/09/26 22:58:06.484, 3, 92151, 97871
2026/09/26 22:58:06.684, 0, 91876, 97871
2026/09/26 22:58:06.684, 1, 92082, 97871
2026/09/26 22:58:06.684, 2, 92240, 97871
2026/09/26 22:58:06.684, 3, 92151, 97871
2026/09/26 22:58:06.884, 0, 91876, 97871
2026/09/26 22:58:06.884, 1, 92082, 97871
2026/09/26 22:58:06.885, 2, 92240, 97871
2026/09/26 22:58:06.885, 3, 92151, 97871
2026/09/26 22:58:07.085, 0, 91876, 97871
2026/09/26 22:58:07.085, 1, 92082, 97871
2026/09/26 22:58:07.085, 2, 92240, 97871
2026/09/26 22:58:07.085, 3, 92151, 97871
2026/09/26 22:58:07.285, 0, 91876, 97871
2026/09/26 22:58:07.285, 1, 92082, 97871
2026/09/26 22:58:07.285, 2, 92240, 97871
2026/09/26 22:58:07.285, 3, 92151, 97871
2026/09/26 22:58:07.485, 0, 91876, 97871
2026/09/26 22:58:07.486, 1, 92082, 97871
2026/09/26 22:58:07.486, 2, 92240, 97871
2026/09/26 22:58:07.486, 3, 92151, 97871
2026/09/26 22:58:07.686, 0, 91876, 97871
2026/09/26 22:58:07.686, 1, 92082, 97871
2026/09/26 22:58:07.686, 2, 92240, 97871
2026/09/26 22:58:07.686, 3, 92151, 97871
2026/09/26 22:58:07.886, 0, 91876, 97871
2026/09/26 22:58:07.886, 1, 92082, 97871
2026/09/26 22:58:07.886, 2, 92240, 97871
2026/09/26 22:58:07.887, 3, 92151, 97871
2026/09/26 22:58:08.087, 0, 91876, 97871
2026/09/26 22:58:08.087, 1, 92082, 97871
2026/09/26 22:58:08.087, 2, 92240, 97871
2026/09/26 22:58:08.087, 3, 92151, 97871
2026/09/26 22:58:08.287, 0, 91876, 97871
2026/09/26 22:58:08.287, 1, 92082, 97871
2026/09/26 22:58:08.287, 2, 92240, 97871
2026/09/26 22:58:08.287, 3, 92151, 97871
2026/09/26 22:58:08.487, 0, 91876, 97871
2026/09/26 22:58:08.487, 1, 92082, 97871
2026/09/26 22:58:08.488, 2, 92240, 97871
2026/09/26 22:58:08.488, 3, 92151, 97871
2026/09/26 22:58:08.688, 0, 91876, 97871
2026/09/26 22:58:08.688, 1, 92082, 97871
2026/09/26 22:58:08.688, 2, 92240, 97871
2026/09/26 22:58:08.688, 3, 92151, 97871
2026/09/26 22:58:08.888, 0, 91876, 97871
2026/09/26 22:58:08.888, 1, 92082, 97871
2026/09/26 22:58:08.889, 2, 92240, 97871
2026/09/26 22:58:08.889, 3, 92151, 97871
2026/09/26 22:58:09.089, 0, 91876, 97871
2026/09/26 22:58:09.089, 1, 92082, 97871
2026/09/26 22:58:09.089, 2, 92240, 97871
2026/09/26 22:58:09.089, 3, 92151, 97871
2026/09/26 22:58:09.289, 0, 91876, 97871
2026/09/26 22:58:09.289, 1, 92082, 97871
2026/09/26 22:58:09.290, 2, 92240, 97871
2026/09/26 22:58:09.290, 3, 92151, 97871
2026/09/26 22:58:09.490, 0, 91876, 97871
2026/09/26 22:58:09.490, 1, 92082, 97871
2026/09/26 22:58:09.490, 2, 92240, 97871
2026/09/26 22:58:09.490, 3, 92151, 97871
2026/09/26 22:58:09.690, 0, 91876, 97871
2026/09/26 22:58:09.690, 1, 92082, 97871
2026/09/26 22:58:09.691, 2, 92240, 97871
2026/09/26 22:58:09.691, 3, 92151, 97871
2026/09/26 22:58:09.891, 0, 91876, 97871
2026/09/26 22:58:09.891, 1, 92082, 97871
2026/09/26 22:58:09.891, 2, 92240, 97871
2026/09/26 22:58:09.891, 3, 92151, 97871
2026/09/26 22:58:10.091, 0, 91876, 97871
2026/09/26 22:58:10.091, 1, 92082, 97871
2026/09/26 22:58:10.091, 2, 92240, 97871
2026/09/26 22:58:10.091, 3, 92151, 97871
2026/09/26 22:58:10.291, 0, 91876, 97871
2026/09/26 22:58:10.292, 1, 92082, 97871
2026/09/26 22:58:10.292, 2, 92240, 97871
2026/09/26 22:58:10.292, 3, 92151, 97871
2026/09/26 22:58:10.492, 0, 91876, 97871
2026/09/26 22:58:10.492, 1, 92082, 97871
2026/09/26 22:58:10.492, 2, 92240, 97871
2026/09/26 22:58:10.492, 3, 92151, 97871
2026/09/26 22:58:10.692, 0, 91876, 97871
2026/09/26 22:58:10.692, 1, 92082, 97871
2026/09/26 22:58:10.692, 2, 92240, 97871
2026/09/26 22:58:10.692, 3, 92151, 97871
2026/09/26 22:58:10.893, 0, 91876, 97871
2026/09/26 22:58:10.893, 1, 92082, 97871
2026/09/26 22:58:10.893, 2, 92240, 97871
2026/09/26 22:58:10.893, 3, 92151, 97871
2026/09/26 22:58:11.093, 0, 91876, 97871
2026/09/26 22:58:11.093, 1, 92082, 97871
2026/09/26 22:58:11.093, 2, 92240, 97871
2026/09/26 22:58:11.093, 3, 92151, 97871
2026/09/26 22:58:11.293, 0, 91876, 97871
2026/09/26 22:58:11.293, 1, 92082, 97871
2026/09/26 22:58:11.293, 2, 92240, 97871
2026/09/26 22:58:11.294, 3, 92151, 97871
2026/09/26 22:58:11.494, 0, 91876, 97871
2026/09/26 22:58:11.494, 1, 92082, 97871
2026/09/26 22:58:11.494, 2, 92240, 97871
2026/09/26 22:58:11.494, 3, 92151, 97871
2026/09/26 22:58:11.694, 0, 91876, 97871
2026/09/26 22:58:11.694, 1, 92082, 97871
2026/09/26 22:58:11.694, 2, 92240, 97871
2026/09/26 22:58:11.694, 3, 92151, 97871
2026/09/26 22:58:11.894, 0, 91876, 97871
2026/09/26 22:58:11.895, 1, 92082, 97871
2026/09/26 22:58:11.895, 2, 92240, 97871
2026/09/26 22:58:11.895, 3, 92151, 97871
2026/09/26 22:58:12.095, 0, 91876, 97871
2026/09/26 22:58:12.095, 1, 92082, 97871
2026/09/26 22:58:12.095, 2, 92240, 97871
2026/09/26 22:58:12.095, 3, 92151, 97871
2026/09/26 22:58:12.295, 0, 91876, 97871
2026/09/26 22:58:12.295, 1, 92082, 97871
2026/09/26 22:58:12.295, 2, 92240, 97871
2026/09/26 22:58:12.295, 3, 92151, 97871
2026/09/26 22:58:12.495, 0, 91876, 97871
2026/09/26 22:58:12.496, 1, 92082, 97871
2026/09/26 22:58:12.496, 2, 92240, 97871
2026/09/26 22:58:12.496, 3, 92151, 97871
2026/09/26 22:58:12.696, 0, 91876, 97871
2026/09/26 22:58:12.696, 1, 92082, 97871
2026/09/26 22:58:12.696, 2, 92240, 97871
2026/09/26 22:58:12.696, 3, 92151, 97871
2026/09/26 22:58:12.896, 0, 91876, 97871
2026/09/26 22:58:12.896, 1, 92082, 97871
2026/09/26 22:58:12.896, 2, 92240, 97871
2026/09/26 22:58:12.896, 3, 92151, 97871
2026/09/26 22:58:13.097, 0, 91876, 97871
2026/09/26 22:58:13.097, 1, 92082, 97871
2026/09/26 22:58:13.097, 2, 92240, 97871
2026/09/26 22:58:13.097, 3, 92151, 97871
2026/09/26 22:58:13.297, 0, 91876, 97871
2026/09/26 22:58:13.297, 1, 92082, 97871
2026/09/26 22:58:13.297, 2, 92240, 97871
2026/09/26 22:58:13.297, 3, 92151, 97871
2026/09/26 22:58:13.497, 0, 91876, 97871
2026/09/26 22:58:13.497, 1, 92082, 97871
2026/09/26 22:58:13.497, 2, 92240, 97871
2026/09/26 22:58:13.498, 3, 92151, 97871
2026/09/26 22:58:13.698, 0, 91876, 97871
2026/09/26 22:58:13.698, 1, 92082, 97871
2026/09/26 22:58:13.698, 2, 92240, 97871
2026/09/26 22:58:13.698, 3, 92151, 97871
2026/09/26 22:58:13.898, 0, 91876, 97871
2026/09/26 22:58:13.898, 1, 92082, 97871
2026/09/26 22:58:13.898, 2, 92240, 97871
2026/09/26 22:58:13.898, 3, 92151, 97871
2026/09/26 22:58:14.098, 0, 91876, 97871
2026/09/26 22:58:14.099, 1, 92082, 97871
2026/09/26 22:58:14.099, 2, 92240, 97871
2026/09/26 22:58:14.099, 3, 92151, 97871
2026/09/26 22:58:14.299, 0, 91876, 97871
2026/09/26 22:58:14.299, 1, 92082, 97871
2026/09/26 22:58:14.299, 2, 92240, 97871
2026/09/26 22:58:14.299, 3, 92151, 97871
2026/09/26 22:58:14.499, 0, 91876, 97871
2026/09/26 22:58:14.499, 1, 92082, 97871
2026/09/26 22:58:14.499, 2, 92240, 97871
2026/09/26 22:58:14.500, 3, 92151, 97871
2026/09/26 22:58:14.700, 0, 91876, 97871
2026/09/26 22:58:14.700, 1, 92082, 97871
2026/09/26 22:58:14.700, 2, 92240, 97871
2026/09/26 22:58:14.700, 3, 92151, 97871
2026/09/26 22:58:14.900, 0, 91876, 97871
2026/09/26 22:58:14.900, 1, 92082, 97871
2026/09/26 22:58:14.900, 2, 92240, 97871
2026/09/26 22:58:14.900, 3, 92151, 97871
2026/09/26 22:58:15.100, 0, 91876, 97871
2026/09/26 22:58:15.101, 1, 92082, 97871
2026/09/26 22:58:15.101, 2, 92240, 97871
2026/09/26 22:58:15.101, 3, 92151, 97871
2026/09/26 22:58:15.301, 0, 91876, 97871
2026/09/26 22:58:15.301, 1, 92082, 97871
2026/09/26 22:58:15.301, 2, 92240, 97871
2026/09/26 22:58:15.301, 3, 92151, 97871
2026/09/26 22:58:15.501, 0, 91876, 97871
2026/09/26 22:58:15.501, 1, 92082, 97871
2026/09/26 22:58:15.501, 2, 92240, 97871
2026/09/26 22:58:15.501, 3, 92151, 97871
2026/09/26 22:58:15.701, 0, 91876, 97871
2026/09/26 22:58:15.701, 1, 92082, 97871
2026/09/26 22:58:15.702, 2, 92240, 97871
2026/09/26 22:58:15.702, 3, 92151, 97871
2026/09/26 22:58:15.902, 0, 91876, 97871
2026/09/26 22:58:15.902, 1, 92082, 97871
2026/09/26 22:58:15.902, 2, 92240, 97871
2026/09/26 22:58:15.902, 3, 92151, 97871
2026/09/26 22:58:16.102, 0, 91876, 97871
2026/09/26 22:58:16.102, 1, 92082, 97871
2026/09/26 22:58:16.103, 2, 92240, 97871
2026/09/26 22:58:16.103, 3, 92151, 97871
2026/09/26 22:58:16.303, 0, 91876, 97871
2026/09/26 22:58:16.303, 1, 92082, 97871
2026/09/26 22:58:16.303, 2, 92240, 97871
2026/09/26 22:58:16.303, 3, 92151, 97871
2026/09/26 22:58:16.503, 0, 91876, 97871
2026/09/26 22:58:16.503, 1, 92082, 97871
2026/09/26 22:58:16.503, 2, 92240, 97871
2026/09/26 22:58:16.503, 3, 92151, 97871
2026/09/26 22:58:16.704, 0, 91876, 97871
2026/09/26 22:58:16.704, 1, 92082, 97871
2026/09/26 22:58:16.704, 2, 92240, 97871
2026/09/26 22:58:16.704, 3, 92151, 97871
2026/09/26 22:58:16.904, 0, 91876, 97871
2026/09/26 22:58:16.904, 1, 92082, 97871
2026/09/26 22:58:16.904, 2, 92240, 97871
2026/09/26 22:58:16.904, 3, 92151, 97871
2026/09/26 22:58:17.105, 0, 91876, 97871
2026/09/26 22:58:17.105, 1, 92082, 97871
2026/09/26 22:58:17.105, 2, 92240, 97871
2026/09/26 22:58:17.105, 3, 92151, 97871
2026/09/26 22:58:17.305, 0, 91876, 97871
2026/09/26 22:58:17.305, 1, 92082, 97871
2026/09/26 22:58:17.305, 2, 92240, 97871
2026/09/26 22:58:17.305, 3, 92151, 97871
2026/09/26 22:58:17.505, 0, 91876, 97871
2026/09/26 22:58:17.505, 1, 92082, 97871
2026/09/26 22:58:17.505, 2, 92240, 97871
2026/09/26 22:58:17.505, 3, 92151, 97871
2026/09/26 22:58:17.706, 0, 91876, 97871
2026/09/26 22:58:17.706, 1, 92082, 97871
2026/09/26 22:58:17.706, 2, 92240, 97871
2026/09/26 22:58:17.706, 3, 92151, 97871
2026/09/26 22:58:17.906, 0, 91876, 97871
2026/09/26 22:58:17.906, 1, 92082, 97871
2026/09/26 22:58:17.906, 2, 92240, 97871
2026/09/26 22:58:17.906, 3, 92151, 97871
2026/09/26 22:58:18.106, 0, 91876, 97871
2026/09/26 22:58:18.106, 1, 92082, 97871
2026/09/26 22:58:18.107, 2, 92240, 97871
2026/09/26 22:58:18.107, 3, 92151, 97871
2026/09/26 22:58:18.307, 0, 91876, 97871
2026/09/26 22:58:18.307, 1, 92082, 97871
2026/09/26 22:58:18.307, 2, 92240, 97871
2026/09/26 22:58:18.307, 3, 92151, 97871
2026/09/26 22:58:18.507, 0, 91876, 97871
2026/09/26 22:58:18.507, 1, 92082, 97871
2026/09/26 22:58:18.507, 2, 92240, 97871
2026/09/26 22:58:18.507, 3, 92151, 97871
2026/09/26 22:58:18.708, 0, 91876, 97871
2026/09/26 22:58:18.708, 1, 92082, 97871
2026/09/26 22:58:18.708, 2, 92240, 97871
2026/09/26 22:58:18.708, 3, 92151, 97871
2026/09/26 22:58:18.908, 0, 91876, 97871
2026/09/26 22:58:18.908, 1, 92082, 97871
2026/09/26 22:58:18.908, 2, 92240, 97871
2026/09/26 22:58:18.908, 3, 92151, 97871
2026/09/26 22:58:19.108, 0, 91876, 97871
2026/09/26 22:58:19.108, 1, 92082, 97871
2026/09/26 22:58:19.109, 2, 92240, 97871
2026/09/26 22:58:19.109, 3, 92151, 97871
2026/09/26 22:58:19.309, 0, 91876, 97871
2026/09/26 22:58:19.309, 1, 92082, 97871
2026/09/26 22:58:19.309, 2, 92240, 97871
2026/09/26 22:58:19.309, 3, 92151, 97871
2026/09/26 22:58:19.509, 0, 91876, 97871
2026/09/26 22:58:19.509, 1, 92082, 97871
2026/09/26 22:58:19.509, 2, 92240, 97871
2026/09/26 22:58:19.510, 3, 92151, 97871
2026/09/26 22:58:19.710, 0, 91876, 97871
2026/09/26 22:58:19.710, 1, 92082, 97871
2026/09/26 22:58:19.710, 2, 92240, 97871
2026/09/26 22:58:19.710, 3, 92151, 97871
2026/09/26 22:58:19.910, 0, 91876, 97871
2026/09/26 22:58:19.910, 1, 92082, 97871
2026/09/26 22:58:19.910, 2, 92240, 97871
2026/09/26 22:58:19.910, 3, 92151, 97871
2026/09/26 22:58:20.111, 0, 91876, 97871
2026/09/26 22:58:20.111, 1, 92082, 97871
2026/09/26 22:58:20.111, 2, 92240, 97871
2026/09/26 22:58:20.111, 3, 92151, 97871
2026/09/26 22:58:20.311, 0, 91876, 97871
2026/09/26 22:58:20.311, 1, 92082, 97871
2026/09/26 22:58:20.311, 2, 92240, 97871
2026/09/26 22:58:20.311, 3, 92151, 97871
2026/09/26 22:58:20.511, 0, 91876, 97871
2026/09/26 22:58:20.512, 1, 92082, 97871
2026/09/26 22:58:20.512, 2, 92240, 97871
2026/09/26 22:58:20.512, 3, 92151, 97871
2026/09/26 22:58:20.712, 0, 91876, 97871
2026/09/26 22:58:20.712, 1, 92082, 97871
2026/09/26 22:58:20.712, 2, 92240, 97871
2026/09/26 22:58:20.712, 3, 92151, 97871
2026/09/26 22:58:20.912, 0, 91876, 97871
2026/09/26 22:58:20.912, 1, 92082, 97871
2026/09/26 22:58:20.912, 2, 92240, 97871
2026/09/26 22:58:20.913, 3, 92151, 97871
2026/09/26 22:58:21.113, 0, 91876, 97871
2026/09/26 22:58:21.113, 1, 92082, 97871
2026/09/26 22:58:21.113, 2, 92240, 97871
2026/09/26 22:58:21.113, 3, 92151, 97871
2026/09/26 22:58:21.313, 0, 91876, 97871
2026/09/26 22:58:21.313, 1, 92082, 97871
2026/09/26 22:58:21.313, 2, 92240, 97871
2026/09/26 22:58:21.313, 3, 92151, 97871
2026/09/26 22:58:21.513, 0, 91876, 97871
2026/09/26 22:58:21.513, 1, 92082, 97871
2026/09/26 22:58:21.514, 2, 92240, 97871
2026/09/26 22:58:21.514, 3, 92151, 97871
2026/09/26 22:58:21.714, 0, 91876, 97871
2026/09/26 22:58:21.714, 1, 92082, 97871
2026/09/26 22:58:21.714, 2, 92240, 97871
2026/09/26 22:58:21.714, 3, 92151, 97871
2026/09/26 22:58:21.914, 0, 91876, 97871
2026/09/26 22:58:21.914, 1, 92082, 97871
2026/09/26 22:58:21.914, 2, 92240, 97871
2026/09/26 22:58:21.915, 3, 92151, 97871
2026/09/26 22:58:22.115, 0, 91876, 97871
2026/09/26 22:58:22.115, 1, 92082, 97871
2026/09/26 22:58:22.115, 2, 92240, 97871
2026/09/26 22:58:22.115, 3, 92151, 97871
2026/09/26 22:58:22.315, 0, 91876, 97871
2026/09/26 22:58:22.315, 1, 92082, 97871
2026/09/26 22:58:22.315, 2, 92240, 97871
2026/09/26 22:58:22.315, 3, 92151, 97871
2026/09/26 22:58:22.515, 0, 91876, 97871
2026/09/26 22:58:22.515, 1, 92082, 97871
2026/09/26 22:58:22.515, 2, 92240, 97871
2026/09/26 22:58:22.516, 3, 92151, 97871
2026/09/26 22:58:22.716, 0, 91876, 97871
2026/09/26 22:58:22.716, 1, 92082, 97871
2026/09/26 22:58:22.716, 2, 92240, 97871
2026/09/26 22:58:22.716, 3, 92151, 97871
2026/09/26 22:58:22.916, 0, 91876, 97871
2026/09/26 22:58:22.917, 1, 92082, 97871
2026/09/26 22:58:22.917, 2, 92240, 97871
2026/09/26 22:58:22.917, 3, 92151, 97871
2026/09/26 22:58:23.117, 0, 91876, 97871
2026/09/26 22:58:23.117, 1, 92082, 97871
2026/09/26 22:58:23.117, 2, 92240, 97871
2026/09/26 22:58:23.117, 3, 92151, 97871
2026/09/26 22:58:23.317, 0, 91876, 97871
2026/09/26 22:58:23.317, 1, 92082, 97871
2026/09/26 22:58:23.317, 2, 92240, 97871
2026/09/26 22:58:23.317, 3, 92151, 97871
2026/09/26 22:58:23.518, 0, 91876, 97871
2026/09/26 22:58:23.518, 1, 92082, 97871
2026/09/26 22:58:23.518, 2, 92240, 97871
2026/09/26 22:58:23.518, 3, 92151, 97871
2026/09/26 22:58:23.718, 0, 91876, 97871
2026/09/26 22:58:23.718, 1, 92082, 97871
2026/09/26 22:58:23.718, 2, 92240, 97871
2026/09/26 22:58:23.718, 3, 92151, 97871
2026/09/26 22:58:23.918, 0, 91876, 97871
2026/09/26 22:58:23.918, 1, 92082, 97871
2026/09/26 22:58:23.919, 2, 92240, 97871
2026/09/26 22:58:23.919, 3, 92151, 97871
2026/09/26 22:58:24.119, 0, 91876, 97871
2026/09/26 22:58:24.119, 1, 92082, 97871
2026/09/26 22:58:24.119, 2, 92240, 97871
2026/09/26 22:58:24.119, 3, 92151, 97871
2026/09/26 22:58:24.319, 0, 91876, 97871
2026/09/26 22:58:24.319, 1, 92082, 97871
2026/09/26 22:58:24.319, 2, 92240, 97871
2026/09/26 22:58:24.320, 3, 92151, 97871
2026/09/26 22:58:24.520, 0, 91876, 97871
2026/09/26 22:58:24.520, 1, 92082, 97871
2026/09/26 22:58:24.520, 2, 92240, 97871
2026/09/26 22:58:24.520, 3, 92151, 97871
2026/09/26 22:58:24.720, 0, 91876, 97871
2026/09/26 22:58:24.720, 1, 92082, 97871
2026/09/26 22:58:24.720, 2, 92240, 97871
2026/09/26 22:58:24.721, 3, 92151, 97871
2026/09/26 22:58:24.921, 0, 91876, 97871
2026/09/26 22:58:24.921, 1, 92082, 97871
2026/09/26 22:58:24.921, 2, 92240, 97871
2026/09/26 22:58:24.921, 3, 92151, 97871
2026/09/26 22:58:25.121, 0, 91876, 97871
2026/09/26 22:58:25.121, 1, 92082, 97871
2026/09/26 22:58:25.121, 2, 92240, 97871
2026/09/26 22:58:25.122, 3, 92151, 97871
2026/09/26 22:58:25.322, 0, 91876, 97871
2026/09/26 22:58:25.322, 1, 92082, 97871
2026/09/26 22:58:25.322, 2, 92240, 97871
2026/09/26 22:58:25.322, 3, 92151, 97871
2026/09/26 22:58:25.522, 0, 91876, 97871
2026/09/26 22:58:25.522, 1, 92082, 97871
2026/09/26 22:58:25.522, 2, 92240, 97871
2026/09/26 22:58:25.522, 3, 92151, 97871
2026/09/26 22:58:25.723, 0, 91876, 97871
2026/09/26 22:58:25.723, 1, 92082, 97871
2026/09/26 22:58:25.723, 2, 92240, 97871
2026/09/26 22:58:25.723, 3, 92151, 97871
2026/09/26 22:58:25.923, 0, 91876, 97871
2026/09/26 22:58:25.923, 1, 92082, 97871
2026/09/26 22:58:25.923, 2, 92240, 97871
2026/09/26 22:58:25.923, 3, 92151, 97871
2026/09/26 22:58:26.124, 0, 91876, 97871
2026/09/26 22:58:26.124, 1, 92082, 97871
2026/09/26 22:58:26.124, 2, 92240, 97871
2026/09/26 22:58:26.124, 3, 92151, 97871
2026/09/26 22:58:26.324, 0, 91876, 97871
2026/09/26 22:58:26.324, 1, 92082, 97871
2026/09/26 22:58:26.324, 2, 92240, 97871
2026/09/26 22:58:26.324, 3, 92151, 97871
2026/09/26 22:58:26.524, 0, 91876, 97871
2026/09/26 22:58:26.524, 1, 92082, 97871
2026/09/26 22:58:26.525, 2, 92240, 97871
2026/09/26 22:58:26.525, 3, 92151, 97871
2026/09/26 22:58:26.725, 0, 91876, 97871
2026/09/26 22:58:26.725, 1, 92082, 97871
2026/09/26 22:58:26.725, 2, 92240, 97871
2026/09/26 22:58:26.725, 3, 92151, 97871
2026/09/26 22:58:26.925, 0, 91876, 97871
2026/09/26 22:58:26.926, 1, 92082, 97871
2026/09/26 22:58:26.926, 2, 92240, 97871
2026/09/26 22:58:26.926, 3, 92151, 97871
2026/09/26 22:58:27.126, 0, 91876, 97871
2026/09/26 22:58:27.126, 1, 92082, 97871
2026/09/26 22:58:27.126, 2, 92240, 97871
2026/09/26 22:58:27.126, 3, 92151, 97871
2026/09/26 22:58:27.326, 0, 91876, 97871
2026/09/26 22:58:27.326, 1, 92082, 97871
2026/09/26 22:58:27.326, 2, 92240, 97871
2026/09/26 22:58:27.327, 3, 92151, 97871
2026/09/26 22:58:27.527, 0, 91876, 97871
2026/09/26 22:58:27.527, 1, 92082, 97871
2026/09/26 22:58:27.527, 2, 92240, 97871
2026/09/26 22:58:27.527, 3, 92151, 97871
2026/09/26 22:58:27.727, 0, 91876, 97871
2026/09/26 22:58:27.727, 1, 92082, 97871
2026/09/26 22:58:27.727, 2, 92240, 97871
2026/09/26 22:58:27.728, 3, 92151, 97871
2026/09/26 22:58:27.928, 0, 91876, 97871
2026/09/26 22:58:27.928, 1, 92082, 97871
2026/09/26 22:58:27.928, 2, 92240, 97871
2026/09/26 22:58:27.928, 3, 92151, 97871
2026/09/26 22:58:28.128, 0, 91876, 97871
2026/09/26 22:58:28.128, 1, 92082, 97871
2026/09/26 22:58:28.128, 2, 92240, 97871
2026/09/26 22:58:28.128, 3, 92151, 97871
2026/09/26 22:58:28.329, 0, 91876, 97871
2026/09/26 22:58:28.329, 1, 92082, 97871
2026/09/26 22:58:28.329, 2, 92240, 97871
2026/09/26 22:58:28.329, 3, 92151, 97871
2026/09/26 22:58:28.529, 0, 91876, 97871
2026/09/26 22:58:28.529, 1, 92082, 97871
2026/09/26 22:58:28.529, 2, 92240, 97871
2026/09/26 22:58:28.529, 3, 92151, 97871
2026/09/26 22:58:28.729, 0, 91876, 97871
2026/09/26 22:58:28.730, 1, 92082, 97871
2026/09/26 22:58:28.730, 2, 92240, 97871
2026/09/26 22:58:28.730, 3, 92151, 97871
2026/09/26 22:58:28.930, 0, 91876, 97871
2026/09/26 22:58:28.930, 1, 92082, 97871
2026/09/26 22:58:28.930, 2, 92240, 97871
2026/09/26 22:58:28.930, 3, 92151, 97871
2026/09/26 22:58:29.131, 0, 91876, 97871
2026/09/26 22:58:29.131, 1, 92082, 97871
2026/09/26 22:58:29.131, 2, 92240, 97871
2026/09/26 22:58:29.131, 3, 92151, 97871
2026/09/26 22:58:29.331, 0, 91876, 97871
2026/09/26 22:58:29.331, 1, 92082, 97871
2026/09/26 22:58:29.331, 2, 92240, 97871
2026/09/26 22:58:29.331, 3, 92151, 97871
2026/09/26 22:58:29.531, 0, 91876, 97871
2026/09/26 22:58:29.531, 1, 92082, 97871
2026/09/26 22:58:29.532, 2, 92240, 97871
2026/09/26 22:58:29.532, 3, 92151, 97871
2026/09/26 22:58:29.732, 0, 91876, 97871
2026/09/26 22:58:29.732, 1, 92082, 97871
2026/09/26 22:58:29.732, 2, 92240, 97871
2026/09/26 22:58:29.732, 3, 92151, 97871
2026/09/26 22:58:29.932, 0, 91876, 97871
2026/09/26 22:58:29.932, 1, 92082, 97871
2026/09/26 22:58:29.932, 2, 92240, 97871
2026/09/26 22:58:29.932, 3, 92151, 97871
2026/09/26 22:58:30.132, 0, 91876, 97871
2026/09/26 22:58:30.132, 1, 92082, 97871
2026/09/26 22:58:30.133, 2, 92240, 97871
2026/09/26 22:58:30.133, 3, 92151, 97871
2026/09/26 22:58:30.333, 0, 91876, 97871
2026/09/26 22:58:30.333, 1, 92082, 97871
2026/09/26 22:58:30.333, 2, 92240, 97871
2026/09/26 22:58:30.333, 3, 92151, 97871
2026/09/26 22:58:30.533, 0, 91876, 97871
2026/09/26 22:58:30.533, 1, 92082, 97871
2026/09/26 22:58:30.533, 2, 92240, 97871
2026/09/26 22:58:30.533, 3, 92151, 97871
2026/09/26 22:58:30.733, 0, 91876, 97871
2026/09/26 22:58:30.734, 1, 92082, 97871
2026/09/26 22:58:30.734, 2, 92240, 97871
2026/09/26 22:58:30.734, 3, 92151, 97871
2026/09/26 22:58:30.934, 0, 91876, 97871
2026/09/26 22:58:30.934, 1, 92082, 97871
2026/09/26 22:58:30.934, 2, 92240, 97871
2026/09/26 22:58:30.934, 3, 92151, 97871
2026/09/26 22:58:31.134, 0, 91876, 97871
2026/09/26 22:58:31.134, 1, 92082, 97871
2026/09/26 22:58:31.135, 2, 92240, 97871
2026/09/26 22:58:31.135, 3, 92151, 97871
2026/09/26 22:58:31.335, 0, 91876, 97871
2026/09/26 22:58:31.335, 1, 92082, 97871
2026/09/26 22:58:31.335, 2, 92240, 97871
2026/09/26 22:58:31.335, 3, 92151, 97871
2026/09/26 22:58:31.535, 0, 91876, 97871
2026/09/26 22:58:31.535, 1, 92082, 97871
2026/09/26 22:58:31.535, 2, 92240, 97871
2026/09/26 22:58:31.535, 3, 92151, 97871
2026/09/26 22:58:31.736, 0, 91876, 97871
2026/09/26 22:58:31.736, 1, 92082, 97871
2026/09/26 22:58:31.736, 2, 92240, 97871
2026/09/26 22:58:31.736, 3, 92151, 97871
2026/09/26 22:58:31.936, 0, 91876, 97871
2026/09/26 22:58:31.936, 1, 92082, 97871
2026/09/26 22:58:31.936, 2, 92240, 97871
2026/09/26 22:58:31.936, 3, 92151, 97871
2026/09/26 22:58:32.137, 0, 91876, 97871
2026/09/26 22:58:32.137, 1, 92082, 97871
2026/09/26 22:58:32.137, 2, 92240, 97871
2026/09/26 22:58:32.137, 3, 92151, 97871
2026/09/26 22:58:32.337, 0, 91876, 97871
2026/09/26 22:58:32.337, 1, 92082, 97871
2026/09/26 22:58:32.337, 2, 92240, 97871
2026/09/26 22:58:32.338, 3, 92151, 97871
2026/09/26 22:58:32.538, 0, 91876, 97871
2026/09/26 22:58:32.538, 1, 92082, 97871
2026/09/26 22:58:32.538, 2, 92240, 97871
2026/09/26 22:58:32.538, 3, 92151, 97871
2026/09/26 22:58:32.738, 0, 91876, 97871
2026/09/26 22:58:32.738, 1, 92082, 97871
2026/09/26 22:58:32.738, 2, 92240, 97871
2026/09/26 22:58:32.738, 3, 92151, 97871
2026/09/26 22:58:32.938, 0, 91876, 97871
2026/09/26 22:58:32.938, 1, 92082, 97871
2026/09/26 22:58:32.939, 2, 92240, 97871
2026/09/26 22:58:32.939, 3, 92151, 97871
2026/09/26 22:58:33.139, 0, 91876, 97871
2026/09/26 22:58:33.139, 1, 92082, 97871
2026/09/26 22:58:33.139, 2, 92240, 97871
2026/09/26 22:58:33.139, 3, 92151, 97871
2026/09/26 22:58:33.340, 0, 91876, 97871
2026/09/26 22:58:33.340, 1, 92082, 97871
2026/09/26 22:58:33.340, 2, 92240, 97871
2026/09/26 22:58:33.340, 3, 92151, 97871
2026/09/26 22:58:33.540, 0, 91876, 97871
2026/09/26 22:58:33.540, 1, 92082, 97871
2026/09/26 22:58:33.540, 2, 92240, 97871
2026/09/26 22:58:33.540, 3, 92151, 97871
2026/09/26 22:58:33.740, 0, 91876, 97871
2026/09/26 22:58:33.741, 1, 92082, 97871
2026/09/26 22:58:33.741, 2, 92240, 97871
2026/09/26 22:58:33.741, 3, 92151, 97871
2026/09/26 22:58:33.941, 0, 91876, 97871
2026/09/26 22:58:33.941, 1, 92082, 97871
2026/09/26 22:58:33.941, 2, 92240, 97871
2026/09/26 22:58:33.941, 3, 92151, 97871
2026/09/26 22:58:34.141, 0, 91876, 97871
2026/09/26 22:58:34.141, 1, 92082, 97871
2026/09/26 22:58:34.141, 2, 92240, 97871
2026/09/26 22:58:34.142, 3, 92151, 97871
2026/09/26 22:58:34.342, 0, 91876, 97871
2026/09/26 22:58:34.342, 1, 92082, 97871
2026/09/26 22:58:34.342, 2, 92240, 97871
2026/09/26 22:58:34.342, 3, 92151, 97871
2026/09/26 22:58:34.542, 0, 91876, 97871
2026/09/26 22:58:34.542, 1, 92082, 97871
2026/09/26 22:58:34.542, 2, 92240, 97871
2026/09/26 22:58:34.542, 3, 92151, 97871
2026/09/26 22:58:34.742, 0, 91876, 97871
2026/09/26 22:58:34.743, 1, 92082, 97871
2026/09/26 22:58:34.743, 2, 92240, 97871
2026/09/26 22:58:34.743, 3, 92151, 97871
2026/09/26 22:58:34.943, 0, 91876, 97871
2026/09/26 22:58:34.943, 1, 92082, 97871
2026/09/26 22:58:34.943, 2, 92240, 97871
2026/09/26 22:58:34.943, 3, 92151, 97871
2026/09/26 22:58:35.143, 0, 91876, 97871
2026/09/26 22:58:35.143, 1, 92082, 97871
2026/09/26 22:58:35.144, 2, 92240, 97871
2026/09/26 22:58:35.144, 3, 92151, 97871
2026/09/26 22:58:35.344, 0, 91876, 97871
2026/09/26 22:58:35.344, 1, 92082, 97871
2026/09/26 22:58:35.344, 2, 92240, 97871
2026/09/26 22:58:35.344, 3, 92151, 97871
2026/09/26 22:58:35.544, 0, 91876, 97871
2026/09/26 22:58:35.544, 1, 92082, 97871
2026/09/26 22:58:35.544, 2, 92240, 97871
2026/09/26 22:58:35.544, 3, 92151, 97871
2026/09/26 22:58:35.745, 0, 91876, 97871
2026/09/26 22:58:35.745, 1, 92082, 97871
2026/09/26 22:58:35.745, 2, 92240, 97871
2026/09/26 22:58:35.745, 3, 92151, 97871
2026/09/26 22:58:35.945, 0, 91876, 97871
2026/09/26 22:58:35.945, 1, 92082, 97871
2026/09/26 22:58:35.946, 2, 92240, 97871
2026/09/26 22:58:35.946, 3, 92151, 97871
2026/09/26 22:58:36.146, 0, 91876, 97871
2026/09/26 22:58:36.146, 1, 92082, 97871
2026/09/26 22:58:36.146, 2, 92240, 97871
2026/09/26 22:58:36.146, 3, 92151, 97871
2026/09/26 22:58:36.347, 0, 91876, 97871
2026/09/26 22:58:36.347, 1, 92082, 97871
2026/09/26 22:58:36.347, 2, 92240, 97871
2026/09/26 22:58:36.347, 3, 92151, 97871
2026/09/26 22:58:36.547, 0, 91876, 97871
2026/09/26 22:58:36.547, 1, 92082, 97871
2026/09/26 22:58:36.547, 2, 92240, 97871
2026/09/26 22:58:36.547, 3, 92151, 97871
2026/09/26 22:58:36.748, 0, 91876, 97871
2026/09/26 22:58:36.748, 1, 92082, 97871
2026/09/26 22:58:36.748, 2, 92240, 97871
2026/09/26 22:58:36.748, 3, 92151, 97871
2026/09/26 22:58:36.948, 0, 91876, 97871
2026/09/26 22:58:36.948, 1, 92082, 97871
2026/09/26 22:58:36.948, 2, 92240, 97871
2026/09/26 22:58:36.948, 3, 92151, 97871
2026/09/26 22:58:37.148, 0, 91876, 97871
2026/09/26 22:58:37.149, 1, 92082, 97871
2026/09/26 22:58:37.149, 2, 92240, 97871
2026/09/26 22:58:37.149, 3, 92151, 97871
2026/09/26 22:58:37.349, 0, 91876, 97871
2026/09/26 22:58:37.349, 1, 92082, 97871
2026/09/26 22:58:37.349, 2, 92240, 97871
2026/09/26 22:58:37.349, 3, 92151, 97871
2026/09/26 22:58:37.549, 0, 91876, 97871
2026/09/26 22:58:37.549, 1, 92082, 97871
2026/09/26 22:58:37.549, 2, 92240, 97871
2026/09/26 22:58:37.549, 3, 92151, 97871
2026/09/26 22:58:37.750, 0, 91876, 97871
2026/09/26 22:58:37.750, 1, 92082, 97871
2026/09/26 22:58:37.750, 2, 92240, 97871
2026/09/26 22:58:37.750, 3, 92151, 97871
2026/09/26 22:58:37.950, 0, 91876, 97871
2026/09/26 22:58:37.950, 1, 92082, 97871
2026/09/26 22:58:37.950, 2, 92240, 97871
2026/09/26 22:58:37.950, 3, 92151, 97871
2026/09/26 22:58:38.151, 0, 91876, 97871
2026/09/26 22:58:38.151, 1, 92082, 97871
2026/09/26 22:58:38.151, 2, 92240, 97871
2026/09/26 22:58:38.151, 3, 92151, 97871
2026/09/26 22:58:38.351, 0, 91876, 97871
2026/09/26 22:58:38.351, 1, 92082, 97871
2026/09/26 22:58:38.351, 2, 92240, 97871
2026/09/26 22:58:38.351, 3, 92151, 97871
2026/09/26 22:58:38.551, 0, 91876, 97871
2026/09/26 22:58:38.551, 1, 92082, 97871
2026/09/26 22:58:38.551, 2, 92240, 97871
2026/09/26 22:58:38.551, 3, 92151, 97871
2026/09/26 22:58:38.752, 0, 91876, 97871
2026/09/26 22:58:38.752, 1, 92082, 97871
2026/09/26 22:58:38.752, 2, 92240, 97871
2026/09/26 22:58:38.752, 3, 92151, 97871
2026/09/26 22:58:38.952, 0, 91876, 97871
2026/09/26 22:58:38.952, 1, 92082, 97871
2026/09/26 22:58:38.952, 2, 92240, 97871
2026/09/26 22:58:38.952, 3, 92151, 97871
2026/09/26 22:58:39.152, 0, 91876, 97871
2026/09/26 22:58:39.153, 1, 92082, 97871
2026/09/26 22:58:39.153, 2, 92240, 97871
2026/09/26 22:58:39.153, 3, 92151, 97871
2026/09/26 22:58:39.353, 0, 91876, 97871
2026/09/26 22:58:39.353, 1, 92082, 97871
2026/09/26 22:58:39.353, 2, 92240, 97871
2026/09/26 22:58:39.353, 3, 92151, 97871
2026/09/26 22:58:39.553, 0, 91876, 97871
2026/09/26 22:58:39.553, 1, 92082, 97871
2026/09/26 22:58:39.554, 2, 92240, 97871
2026/09/26 22:58:39.554, 3, 92151, 97871
2026/09/26 22:58:39.754, 0, 91876, 97871
2026/09/26 22:58:39.754, 1, 92082, 97871
2026/09/26 22:58:39.754, 2, 92240, 97871
2026/09/26 22:58:39.754, 3, 92151, 97871
2026/09/26 22:58:39.954, 0, 91876, 97871
2026/09/26 22:58:39.954, 1, 92082, 97871
2026/09/26 22:58:39.954, 2, 92240, 97871
2026/09/26 22:58:39.954, 3, 92151, 97871
2026/09/26 22:58:40.154, 0, 91876, 97871
2026/09/26 22:58:40.154, 1, 92082, 97871
2026/09/26 22:58:40.155, 2, 92240, 97871
2026/09/26 22:58:40.155, 3, 92151, 97871
2026/09/26 22:58:40.355, 0, 91876, 97871
2026/09/26 22:58:40.355, 1, 92082, 97871
2026/09/26 22:58:40.355, 2, 92240, 97871
2026/09/26 22:58:40.355, 3, 92151, 97871
2026/09/26 22:58:40.555, 0, 91876, 97871
2026/09/26 22:58:40.555, 1, 92082, 97871
2026/09/26 22:58:40.555, 2, 92240, 97871
2026/09/26 22:58:40.556, 3, 92151, 97871
2026/09/26 22:58:40.756, 0, 91876, 97871
2026/09/26 22:58:40.756, 1, 92082, 97871
2026/09/26 22:58:40.756, 2, 92240, 97871
2026/09/26 22:58:40.756, 3, 92151, 97871
2026/09/26 22:58:40.956, 0, 91876, 97871
2026/09/26 22:58:40.956, 1, 92082, 97871
2026/09/26 22:58:40.956, 2, 92240, 97871
2026/09/26 22:58:40.956, 3, 92151, 97871
2026/09/26 22:58:41.156, 0, 91876, 97871
2026/09/26 22:58:41.157, 1, 92082, 97871
2026/09/26 22:58:41.157, 2, 92240, 97871
2026/09/26 22:58:41.157, 3, 92151, 97871
2026/09/26 22:58:41.357, 0, 91876, 97871
2026/09/26 22:58:41.357, 1, 92082, 97871
2026/09/26 22:58:41.357, 2, 92240, 97871
2026/09/26 22:58:41.357, 3, 92151, 97871
2026/09/26 22:58:41.557, 0, 91876, 97871
2026/09/26 22:58:41.557, 1, 92082, 97871
2026/09/26 22:58:41.557, 2, 92240, 97871
2026/09/26 22:58:41.557, 3, 92151, 97871
2026/09/26 22:58:41.758, 0, 91876, 97871
2026/09/26 22:58:41.758, 1, 92082, 97871
2026/09/26 22:58:41.758, 2, 92240, 97871
2026/09/26 22:58:41.758, 3, 92151, 97871
2026/09/26 22:58:41.958, 0, 91876, 97871
2026/09/26 22:58:41.958, 1, 92082, 97871
2026/09/26 22:58:41.958, 2, 92240, 97871
2026/09/26 22:58:41.958, 3, 92151, 97871
2026/09/26 22:58:42.158, 0, 91876, 97871
2026/09/26 22:58:42.159, 1, 92082, 97871
2026/09/26 22:58:42.159, 2, 92240, 97871
2026/09/26 22:58:42.159, 3, 92151, 97871
2026/09/26 22:58:42.359, 0, 91876, 97871
2026/09/26 22:58:42.359, 1, 92082, 97871
2026/09/26 22:58:42.359, 2, 92240, 97871
2026/09/26 22:58:42.359, 3, 92151, 97871
2026/09/26 22:58:42.559, 0, 91876, 97871
2026/09/26 22:58:42.559, 1, 92082, 97871
2026/09/26 22:58:42.559, 2, 92240, 97871
2026/09/26 22:58:42.559, 3, 92151, 97871
2026/09/26 22:58:42.760, 0, 91876, 97871
2026/09/26 22:58:42.760, 1, 92082, 97871
2026/09/26 22:58:42.760, 2, 92240, 97871
2026/09/26 22:58:42.760, 3, 92151, 97871
2026/09/26 22:58:42.960, 0, 91876, 97871
2026/09/26 22:58:42.960, 1, 92082, 97871
2026/09/26 22:58:42.960, 2, 92240, 97871
2026/09/26 22:58:42.960, 3, 92151, 97871
2026/09/26 22:58:43.160, 0, 91876, 97871
2026/09/26 22:58:43.160, 1, 92082, 97871
2026/09/26 22:58:43.161, 2, 92240, 97871
2026/09/26 22:58:43.161, 3, 92151, 97871
2026/09/26 22:58:43.361, 0, 91876, 97871
2026/09/26 22:58:43.361, 1, 92082, 97871
2026/09/26 22:58:43.361, 2, 92240, 97871
2026/09/26 22:58:43.361, 3, 92151, 97871
2026/09/26 22:58:43.561, 0, 91876, 97871
2026/09/26 22:58:43.561, 1, 92082, 97871
2026/09/26 22:58:43.561, 2, 92240, 97871
2026/09/26 22:58:43.562, 3, 92151, 97871
2026/09/26 22:58:43.762, 0, 91876, 97871
2026/09/26 22:58:43.762, 1, 92082, 97871
2026/09/26 22:58:43.762, 2, 92240, 97871
2026/09/26 22:58:43.762, 3, 92151, 97871
2026/09/26 22:58:43.962, 0, 91876, 97871
2026/09/26 22:58:43.962, 1, 92082, 97871
2026/09/26 22:58:43.962, 2, 92240, 97871
2026/09/26 22:58:43.962, 3, 92151, 97871
2026/09/26 22:58:44.163, 0, 91876, 97871
2026/09/26 22:58:44.163, 1, 92082, 97871
2026/09/26 22:58:44.163, 2, 92240, 97871
2026/09/26 22:58:44.163, 3, 92151, 97871
2026/09/26 22:58:44.363, 0, 91876, 97871
2026/09/26 22:58:44.363, 1, 92082, 97871
2026/09/26 22:58:44.363, 2, 92240, 97871
2026/09/26 22:58:44.363, 3, 92151, 97871
2026/09/26 22:58:44.563, 0, 91876, 97871
2026/09/26 22:58:44.563, 1, 92082, 97871
2026/09/26 22:58:44.564, 2, 92240, 97871
2026/09/26 22:58:44.564, 3, 92151, 97871
2026/09/26 22:58:44.764, 0, 91876, 97871
2026/09/26 22:58:44.764, 1, 92082, 97871
2026/09/26 22:58:44.764, 2, 92240, 97871
2026/09/26 22:58:44.764, 3, 92151, 97871
2026/09/26 22:58:44.964, 0, 91876, 97871
2026/09/26 22:58:44.964, 1, 92082, 97871
2026/09/26 22:58:44.964, 2, 92240, 97871
2026/09/26 22:58:44.964, 3, 92151, 97871
2026/09/26 22:58:45.165, 0, 91876, 97871
2026/09/26 22:58:45.165, 1, 92082, 97871
2026/09/26 22:58:45.165, 2, 92240, 97871
2026/09/26 22:58:45.165, 3, 92151, 97871
2026/09/26 22:58:45.365, 0, 91876, 97871
2026/09/26 22:58:45.365, 1, 92082, 97871
2026/09/26 22:58:45.365, 2, 92240, 97871
2026/09/26 22:58:45.365, 3, 92151, 97871
2026/09/26 22:58:45.565, 0, 91876, 97871
2026/09/26 22:58:45.566, 1, 92082, 97871
2026/09/26 22:58:45.566, 2, 92240, 97871
2026/09/26 22:58:45.566, 3, 92151, 97871
2026/09/26 22:58:45.766, 0, 91876, 97871
2026/09/26 22:58:45.766, 1, 92082, 97871
2026/09/26 22:58:45.766, 2, 92240, 97871
2026/09/26 22:58:45.766, 3, 92151, 97871
2026/09/26 22:58:45.966, 0, 91876, 97871
2026/09/26 22:58:45.967, 1, 92082, 97871
2026/09/26 22:58:45.967, 2, 92240, 97871
2026/09/26 22:58:45.967, 3, 92151, 97871
2026/09/26 22:58:46.167, 0, 91876, 97871
2026/09/26 22:58:46.167, 1, 92082, 97871
2026/09/26 22:58:46.167, 2, 92240, 97871
2026/09/26 22:58:46.167, 3, 92151, 97871
2026/09/26 22:58:46.367, 0, 91876, 97871
2026/09/26 22:58:46.367, 1, 92082, 97871
2026/09/26 22:58:46.367, 2, 92240, 97871
2026/09/26 22:58:46.367, 3, 92151, 97871
2026/09/26 22:58:46.568, 0, 91876, 97871
2026/09/26 22:58:46.568, 1, 92082, 97871
2026/09/26 22:58:46.568, 2, 92240, 97871
2026/09/26 22:58:46.568, 3, 92151, 97871
2026/09/26 22:58:46.768, 0, 91876, 97871
2026/09/26 22:58:46.768, 1, 92082, 97871
2026/09/26 22:58:46.768, 2, 92240, 97871
2026/09/26 22:58:46.768, 3, 92151, 97871
2026/09/26 22:58:46.968, 0, 91876, 97871
2026/09/26 22:58:46.968, 1, 92082, 97871
2026/09/26 22:58:46.968, 2, 92240, 97871
2026/09/26 22:58:46.969, 3, 92151, 97871
2026/09/26 22:58:47.169, 0, 91876, 97871
2026/09/26 22:58:47.169, 1, 92082, 97871
2026/09/26 22:58:47.169, 2, 92240, 97871
2026/09/26 22:58:47.169, 3, 92151, 97871
2026/09/26 22:58:47.369, 0, 91876, 97871
2026/09/26 22:58:47.369, 1, 92082, 97871
2026/09/26 22:58:47.369, 2, 92240, 97871
2026/09/26 22:58:47.369, 3, 92151, 97871
2026/09/26 22:58:47.569, 0, 91876, 97871
2026/09/26 22:58:47.569, 1, 92082, 97871
2026/09/26 22:58:47.570, 2, 92240, 97871
2026/09/26 22:58:47.570, 3, 92151, 97871
2026/09/26 22:58:47.770, 0, 91876, 97871
2026/09/26 22:58:47.770, 1, 92082, 97871
2026/09/26 22:58:47.770, 2, 92240, 97871
2026/09/26 22:58:47.770, 3, 92151, 97871
2026/09/26 22:58:47.970, 0, 91876, 97871
2026/09/26 22:58:47.970, 1, 92082, 97871
2026/09/26 22:58:47.971, 2, 92240, 97871
2026/09/26 22:58:47.971, 3, 92151, 97871
2026/09/26 22:58:48.171, 0, 91876, 97871
2026/09/26 22:58:48.171, 1, 92082, 97871
2026/09/26 22:58:48.171, 2, 92240, 97871
2026/09/26 22:58:48.171, 3, 92151, 97871
2026/09/26 22:58:48.371, 0, 91876, 97871
2026/09/26 22:58:48.371, 1, 92082, 97871
2026/09/26 22:58:48.371, 2, 92240, 97871
2026/09/26 22:58:48.372, 3, 92151, 97871
2026/09/26 22:58:48.572, 0, 91876, 97871
2026/09/26 22:58:48.572, 1, 92082, 97871
2026/09/26 22:58:48.572, 2, 92240, 97871
2026/09/26 22:58:48.572, 3, 92151, 97871
2026/09/26 22:58:48.772, 0, 91876, 97871
2026/09/26 22:58:48.772, 1, 92082, 97871
2026/09/26 22:58:48.772, 2, 92240, 97871
2026/09/26 22:58:48.772, 3, 92151, 97871
2026/09/26 22:58:48.972, 0, 91876, 97871
2026/09/26 22:58:48.973, 1, 92082, 97871
2026/09/26 22:58:48.973, 2, 92240, 97871
2026/09/26 22:58:48.973, 3, 92151, 97871
2026/09/26 22:58:49.173, 0, 91876, 97871
2026/09/26 22:58:49.173, 1, 92082, 97871
2026/09/26 22:58:49.173, 2, 92240, 97871
2026/09/26 22:58:49.173, 3, 92151, 97871
2026/09/26 22:58:49.373, 0, 91876, 97871
2026/09/26 22:58:49.373, 1, 92082, 97871
2026/09/26 22:58:49.373, 2, 92240, 97871
2026/09/26 22:58:49.373, 3, 92151, 97871
2026/09/26 22:58:49.573, 0, 91876, 97871
2026/09/26 22:58:49.574, 1, 92082, 97871
2026/09/26 22:58:49.574, 2, 92240, 97871
2026/09/26 22:58:49.574, 3, 92151, 97871
2026/09/26 22:58:49.774, 0, 91876, 97871
2026/09/26 22:58:49.774, 1, 92082, 97871
2026/09/26 22:58:49.774, 2, 92240, 97871
2026/09/26 22:58:49.774, 3, 92151, 97871
2026/09/26 22:58:49.974, 0, 91876, 97871
2026/09/26 22:58:49.974, 1, 92082, 97871
2026/09/26 22:58:49.975, 2, 92240, 97871
2026/09/26 22:58:49.975, 3, 92151, 97871
2026/09/26 22:58:50.175, 0, 91876, 97871
2026/09/26 22:58:50.175, 1, 92082, 97871
2026/09/26 22:58:50.175, 2, 92240, 97871
2026/09/26 22:58:50.175, 3, 92151, 97871
2026/09/26 22:58:50.375, 0, 91876, 97871
2026/09/26 22:58:50.375, 1, 92082, 97871
2026/09/26 22:58:50.375, 2, 92240, 97871
2026/09/26 22:58:50.375, 3, 92151, 97871
2026/09/26 22:58:50.576, 0, 91876, 97871
2026/09/26 22:58:50.576, 1, 92082, 97871
2026/09/26 22:58:50.576, 2, 92240, 97871
2026/09/26 22:58:50.576, 3, 92151, 97871
2026/09/26 22:58:50.776, 0, 91876, 97871
2026/09/26 22:58:50.776, 1, 92082, 97871
2026/09/26 22:58:50.776, 2, 92240, 97871
2026/09/26 22:58:50.776, 3, 92151, 97871
2026/09/26 22:58:50.976, 0, 91876, 97871
2026/09/26 22:58:50.977, 1, 92082, 97871
2026/09/26 22:58:50.977, 2, 92240, 97871
2026/09/26 22:58:50.977, 3, 92151, 97871
2026/09/26 22:58:51.177, 0, 91876, 97871
2026/09/26 22:58:51.177, 1, 92082, 97871
2026/09/26 22:58:51.177, 2, 92240, 97871
2026/09/26 22:58:51.177, 3, 92151, 97871
2026/09/26 22:58:51.377, 0, 91876, 97871
2026/09/26 22:58:51.377, 1, 92082, 97871
2026/09/26 22:58:51.377, 2, 92240, 97871
2026/09/26 22:58:51.377, 3, 92151, 97871
2026/09/26 22:58:51.578, 0, 91876, 97871
2026/09/26 22:58:51.578, 1, 92082, 97871
2026/09/26 22:58:51.578, 2, 92240, 97871
2026/09/26 22:58:51.578, 3, 92151, 97871
2026/09/26 22:58:51.778, 0, 91876, 97871
2026/09/26 22:58:51.778, 1, 92082, 97871
2026/09/26 22:58:51.778, 2, 92240, 97871
2026/09/26 22:58:51.778, 3, 92151, 97871
2026/09/26 22:58:51.978, 0, 91876, 97871
2026/09/26 22:58:51.978, 1, 92082, 97871
2026/09/26 22:58:51.978, 2, 92240, 97871
2026/09/26 22:58:51.978, 3, 92151, 97871
2026/09/26 22:58:52.179, 0, 91876, 97871
2026/09/26 22:58:52.179, 1, 92082, 97871
2026/09/26 22:58:52.179, 2, 92240, 97871
2026/09/26 22:58:52.179, 3, 92151, 97871
2026/09/26 22:58:52.379, 0, 91876, 97871
2026/09/26 22:58:52.379, 1, 92082, 97871
2026/09/26 22:58:52.379, 2, 92240, 97871
2026/09/26 22:58:52.379, 3, 92151, 97871
2026/09/26 22:58:52.579, 0, 91876, 97871
2026/09/26 22:58:52.579, 1, 92082, 97871
2026/09/26 22:58:52.579, 2, 92240, 97871
2026/09/26 22:58:52.579, 3, 92151, 97871
2026/09/26 22:58:52.779, 0, 91876, 97871
2026/09/26 22:58:52.779, 1, 92082, 97871
2026/09/26 22:58:52.780, 2, 92240, 97871
2026/09/26 22:58:52.780, 3, 92151, 97871
2026/09/26 22:58:52.980, 0, 91876, 97871
2026/09/26 22:58:52.992, 1, 92082, 97871
2026/09/26 22:58:52.992, 2, 92240, 97871
2026/09/26 22:58:52.992, 3, 92151, 97871
2026/09/26 22:58:53.192, 0, 91876, 97871
2026/09/26 22:58:53.192, 1, 92082, 97871
2026/09/26 22:58:53.192, 2, 92240, 97871
2026/09/26 22:58:53.192, 3, 92151, 97871
2026/09/26 22:58:53.392, 0, 91876, 97871
2026/09/26 22:58:53.422, 1, 92082, 97871
2026/09/26 22:58:53.455, 2, 92240, 97871
2026/09/26 22:58:53.470, 3, 92151, 97871
2026/09/26 22:58:53.670, 0, 91876, 97871
2026/09/26 22:58:53.670, 1, 92082, 97871
2026/09/26 22:58:53.670, 2, 92240, 97871
2026/09/26 22:58:53.670, 3, 92151, 97871
2026/09/26 22:58:53.870, 0, 91876, 97871
2026/09/26 22:58:53.870, 1, 92082, 97871
2026/09/26 22:58:53.870, 2, 92240, 97871
2026/09/26 22:58:53.870, 3, 92151, 97871
2026/09/26 22:58:54.070, 0, 91876, 97871
2026/09/26 22:58:54.070, 1, 92082, 97871
2026/09/26 22:58:54.071, 2, 92240, 97871
2026/09/26 22:58:54.071, 3, 92151, 97871
2026/09/26 22:58:54.271, 0, 91876, 97871
2026/09/26 22:58:54.271, 1, 92082, 97871
2026/09/26 22:58:54.271, 2, 92240, 97871
2026/09/26 22:58:54.271, 3, 92151, 97871
2026/09/26 22:58:54.471, 0, 91876, 97871
2026/09/26 22:58:54.471, 1, 92082, 97871
2026/09/26 22:58:54.471, 2, 92240, 97871
2026/09/26 22:58:54.471, 3, 92151, 97871
2026/09/26 22:58:54.671, 0, 91876, 97871
2026/09/26 22:58:54.671, 1, 92082, 97871
2026/09/26 22:58:54.671, 2, 92240, 97871
2026/09/26 22:58:54.672, 3, 92151, 97871
2026/09/26 22:58:54.872, 0, 91876, 97871
2026/09/26 22:58:54.872, 1, 92082, 97871
2026/09/26 22:58:54.872, 2, 92240, 97871
2026/09/26 22:58:54.872, 3, 92151, 97871
2026/09/26 22:58:55.072, 0, 91876, 97871
2026/09/26 22:58:55.099, 1, 92082, 97871
2026/09/26 22:58:55.132, 2, 92240, 97871
2026/09/26 22:58:55.147, 3, 92151, 97871
2026/09/26 22:58:55.347, 0, 91876, 97871
2026/09/26 22:58:55.347, 1, 92082, 97871
2026/09/26 22:58:55.347, 2, 92240, 97871
2026/09/26 22:58:55.347, 3, 92151, 97871
2026/09/26 22:58:55.547, 0, 91876, 97871
2026/09/26 22:58:55.547, 1, 92082, 97871
2026/09/26 22:58:55.547, 2, 92240, 97871
2026/09/26 22:58:55.547, 3, 92151, 97871
2026/09/26 22:58:55.747, 0, 91876, 97871
2026/09/26 22:58:55.748, 1, 92082, 97871
2026/09/26 22:58:55.748, 2, 92240, 97871
2026/09/26 22:58:55.748, 3, 92151, 97871
2026/09/26 22:58:55.948, 0, 91876, 97871
2026/09/26 22:58:55.948, 1, 92082, 97871
2026/09/26 22:58:55.948, 2, 92240, 97871
2026/09/26 22:58:55.948, 3, 92151, 97871
2026/09/26 22:58:56.148, 0, 91876, 97871
2026/09/26 22:58:56.148, 1, 92082, 97871
2026/09/26 22:58:56.148, 2, 92240, 97871
2026/09/26 22:58:56.148, 3, 92151, 97871
2026/09/26 22:58:56.348, 0, 91876, 97871
2026/09/26 22:58:56.348, 1, 92082, 97871
2026/09/26 22:58:56.348, 2, 92240, 97871
2026/09/26 22:58:56.349, 3, 92151, 97871
2026/09/26 22:58:56.549, 0, 91876, 97871
2026/09/26 22:58:56.549, 1, 92082, 97871
2026/09/26 22:58:56.549, 2, 92240, 97871
2026/09/26 22:58:56.549, 3, 92151, 97871
2026/09/26 22:58:56.749, 0, 91876, 97871
2026/09/26 22:58:56.749, 1, 92082, 97871
2026/09/26 22:58:56.749, 2, 92240, 97871
2026/09/26 22:58:56.749, 3, 92151, 97871
2026/09/26 22:58:56.949, 0, 91876, 97871
2026/09/26 22:58:56.949, 1, 92082, 97871
2026/09/26 22:58:56.949, 2, 92240, 97871
2026/09/26 22:58:56.949, 3, 92151, 97871
2026/09/26 22:58:57.149, 0, 91876, 97871
2026/09/26 22:58:57.149, 1, 92082, 97871
2026/09/26 22:58:57.150, 2, 92240, 97871
2026/09/26 22:58:57.150, 3, 92151, 97871
2026/09/26 22:58:57.350, 0, 91876, 97871
2026/09/26 22:58:57.350, 1, 92082, 97871
2026/09/26 22:58:57.350, 2, 92240, 97871
2026/09/26 22:58:57.350, 3, 92151, 97871
2026/09/26 22:58:57.550, 0, 91876, 97871
2026/09/26 22:58:57.550, 1, 92082, 97871
2026/09/26 22:58:57.550, 2, 92240, 97871
2026/09/26 22:58:57.550, 3, 92151, 97871
2026/09/26 22:58:57.750, 0, 91876, 97871
2026/09/26 22:58:57.750, 1, 92082, 97871
2026/09/26 22:58:57.750, 2, 92240, 97871
2026/09/26 22:58:57.751, 3, 92151, 97871
2026/09/26 22:58:57.951, 0, 91876, 97871
2026/09/26 22:58:57.951, 1, 92082, 97871
2026/09/26 22:58:57.951, 2, 92240, 97871
2026/09/26 22:58:57.951, 3, 92151, 97871
2026/09/26 22:58:58.151, 0, 91876, 97871
2026/09/26 22:58:58.151, 1, 92082, 97871
2026/09/26 22:58:58.151, 2, 92240, 97871
2026/09/26 22:58:58.151, 3, 92151, 97871
2026/09/26 22:58:58.351, 0, 91876, 97871
2026/09/26 22:58:58.351, 1, 92082, 97871
2026/09/26 22:58:58.351, 2, 92240, 97871
2026/09/26 22:58:58.352, 3, 92151, 97871
2026/09/26 22:58:58.552, 0, 91876, 97871
2026/09/26 22:58:58.552, 1, 92082, 97871
2026/09/26 22:58:58.552, 2, 92240, 97871
2026/09/26 22:58:58.552, 3, 92151, 97871
2026/09/26 22:58:58.752, 0, 91876, 97871
2026/09/26 22:58:58.752, 1, 92082, 97871
2026/09/26 22:58:58.752, 2, 92240, 97871
2026/09/26 22:58:58.752, 3, 92151, 97871
2026/09/26 22:58:58.952, 0, 91876, 97871
2026/09/26 22:58:58.952, 1, 92082, 97871
2026/09/26 22:58:58.953, 2, 92240, 97871
2026/09/26 22:58:58.953, 3, 92151, 97871
2026/09/26 22:58:59.153, 0, 91876, 97871
2026/09/26 22:58:59.153, 1, 92082, 97871
2026/09/26 22:58:59.153, 2, 92240, 97871
2026/09/26 22:58:59.153, 3, 92151, 97871
2026/09/26 22:58:59.353, 0, 91876, 97871
2026/09/26 22:58:59.353, 1, 92082, 97871
2026/09/26 22:58:59.353, 2, 92240, 97871
2026/09/26 22:58:59.353, 3, 92151, 97871
2026/09/26 22:58:59.553, 0, 91876, 97871
2026/09/26 22:58:59.553, 1, 92082, 97871
2026/09/26 22:58:59.553, 2, 92240, 97871
2026/09/26 22:58:59.553, 3, 92151, 97871
2026/09/26 22:58:59.754, 0, 91876, 97871
2026/09/26 22:58:59.754, 1, 92082, 97871
2026/09/26 22:58:59.754, 2, 92240, 97871
2026/09/26 22:58:59.754, 3, 92151, 97871
2026/09/26 22:58:59.954, 0, 91876, 97871
2026/09/26 22:58:59.954, 1, 92082, 97871
2026/09/26 22:58:59.954, 2, 92240, 97871
2026/09/26 22:58:59.954, 3, 92151, 97871
2026/09/26 22:59:00.154, 0, 91876, 97871
2026/09/26 22:59:00.154, 1, 92082, 97871
2026/09/26 22:59:00.154, 2, 92240, 97871
2026/09/26 22:59:00.154, 3, 92151, 97871
2026/09/26 22:59:00.355, 0, 91876, 97871
2026/09/26 22:59:00.355, 1, 92082, 97871
2026/09/26 22:59:00.355, 2, 92240, 97871
2026/09/26 22:59:00.355, 3, 92151, 97871
2026/09/26 22:59:00.555, 0, 91876, 97871
2026/09/26 22:59:00.555, 1, 92082, 97871
2026/09/26 22:59:00.555, 2, 92240, 97871
2026/09/26 22:59:00.555, 3, 92151, 97871
2026/09/26 22:59:00.755, 0, 91876, 97871
2026/09/26 22:59:00.755, 1, 92082, 97871
2026/09/26 22:59:00.755, 2, 92240, 97871
2026/09/26 22:59:00.755, 3, 92151, 97871
2026/09/26 22:59:00.955, 0, 91876, 97871
2026/09/26 22:59:00.955, 1, 92082, 97871
2026/09/26 22:59:00.955, 2, 92240, 97871
2026/09/26 22:59:00.956, 3, 92151, 97871
2026/09/26 22:59:01.156, 0, 91876, 97871
2026/09/26 22:59:01.156, 1, 92082, 97871
2026/09/26 22:59:01.156, 2, 92240, 97871
2026/09/26 22:59:01.156, 3, 92151, 97871
2026/09/26 22:59:01.356, 0, 91876, 97871
2026/09/26 22:59:01.356, 1, 92082, 97871
2026/09/26 22:59:01.356, 2, 92240, 97871
2026/09/26 22:59:01.356, 3, 92151, 97871
2026/09/26 22:59:01.556, 0, 91876, 97871
2026/09/26 22:59:01.556, 1, 92082, 97871
2026/09/26 22:59:01.556, 2, 92240, 97871
2026/09/26 22:59:01.556, 3, 92151, 97871
2026/09/26 22:59:01.757, 0, 91876, 97871
2026/09/26 22:59:01.757, 1, 92082, 97871
2026/09/26 22:59:01.757, 2, 92240, 97871
2026/09/26 22:59:01.757, 3, 92151, 97871
2026/09/26 22:59:01.957, 0, 91876, 97871
2026/09/26 22:59:01.957, 1, 92082, 97871
2026/09/26 22:59:01.957, 2, 92240, 97871
2026/09/26 22:59:01.957, 3, 92151, 97871
2026/09/26 22:59:02.157, 0, 91876, 97871
2026/09/26 22:59:02.157, 1, 92082, 97871
2026/09/26 22:59:02.157, 2, 92240, 97871
2026/09/26 22:59:02.157, 3, 92151, 97871
2026/09/26 22:59:02.358, 0, 91876, 97871
2026/09/26 22:59:02.358, 1, 92082, 97871
2026/09/26 22:59:02.358, 2, 92240, 97871
2026/09/26 22:59:02.358, 3, 92151, 97871
2026/09/26 22:59:02.558, 0, 91876, 97871
2026/09/26 22:59:02.558, 1, 92082, 97871
2026/09/26 22:59:02.558, 2, 92240, 97871
2026/09/26 22:59:02.558, 3, 92151, 97871
2026/09/26 22:59:02.758, 0, 91876, 97871
2026/09/26 22:59:02.758, 1, 92082, 97871
2026/09/26 22:59:02.758, 2, 92240, 97871
2026/09/26 22:59:02.759, 3, 92151, 97871
2026/09/26 22:59:02.959, 0, 91876, 97871
2026/09/26 22:59:02.959, 1, 92082, 97871
2026/09/26 22:59:02.959, 2, 92240, 97871
2026/09/26 22:59:02.959, 3, 92151, 97871
2026/09/26 22:59:03.159, 0, 91876, 97871
2026/09/26 22:59:03.159, 1, 92082, 97871
2026/09/26 22:59:03.159, 2, 92240, 97871
2026/09/26 22:59:03.159, 3, 92151, 97871
2026/09/26 22:59:03.359, 0, 91876, 97871
2026/09/26 22:59:03.359, 1, 92082, 97871
2026/09/26 22:59:03.359, 2, 92240, 97871
2026/09/26 22:59:03.359, 3, 92151, 97871
2026/09/26 22:59:03.559, 0, 91876, 97871
2026/09/26 22:59:03.560, 1, 92082, 97871
2026/09/26 22:59:03.560, 2, 92240, 97871
2026/09/26 22:59:03.560, 3, 92151, 97871
2026/09/26 22:59:03.760, 0, 91876, 97871
2026/09/26 22:59:03.760, 1, 92082, 97871
2026/09/26 22:59:03.760, 2, 92240, 97871
2026/09/26 22:59:03.760, 3, 92151, 97871
2026/09/26 22:59:03.960, 0, 91876, 97871
2026/09/26 22:59:03.960, 1, 92082, 97871
2026/09/26 22:59:03.960, 2, 92240, 97871
2026/09/26 22:59:03.960, 3, 92151, 97871
2026/09/26 22:59:04.160, 0, 91876, 97871
2026/09/26 22:59:04.160, 1, 92082, 97871
2026/09/26 22:59:04.160, 2, 92240, 97871
2026/09/26 22:59:04.160, 3, 92151, 97871
2026/09/26 22:59:04.361, 0, 91876, 97871
2026/09/26 22:59:04.361, 1, 92082, 97871
2026/09/26 22:59:04.361, 2, 92240, 97871
2026/09/26 22:59:04.361, 3, 92151, 97871
2026/09/26 22:59:04.561, 0, 91876, 97871
2026/09/26 22:59:04.561, 1, 92082, 97871
2026/09/26 22:59:04.561, 2, 92240, 97871
2026/09/26 22:59:04.561, 3, 92151, 97871
2026/09/26 22:59:04.761, 0, 91876, 97871
2026/09/26 22:59:04.761, 1, 92082, 97871
2026/09/26 22:59:04.761, 2, 92240, 97871
2026/09/26 22:59:04.761, 3, 92151, 97871
2026/09/26 22:59:04.961, 0, 91876, 97871
2026/09/26 22:59:04.961, 1, 92082, 97871
2026/09/26 22:59:04.961, 2, 92240, 97871
2026/09/26 22:59:04.962, 3, 92151, 97871
2026/09/26 22:59:05.162, 0, 91876, 97871
2026/09/26 22:59:05.162, 1, 92082, 97871
2026/09/26 22:59:05.162, 2, 92240, 97871
2026/09/26 22:59:05.162, 3, 92151, 97871
2026/09/26 22:59:05.362, 0, 91876, 97871
2026/09/26 22:59:05.362, 1, 92082, 97871
2026/09/26 22:59:05.362, 2, 92240, 97871
2026/09/26 22:59:05.362, 3, 92151, 97871
2026/09/26 22:59:05.562, 0, 91876, 97871
2026/09/26 22:59:05.562, 1, 92082, 97871
2026/09/26 22:59:05.562, 2, 92240, 97871
2026/09/26 22:59:05.562, 3, 92151, 97871
2026/09/26 22:59:05.762, 0, 91876, 97871
2026/09/26 22:59:05.762, 1, 92082, 97871
2026/09/26 22:59:05.763, 2, 92240, 97871
2026/09/26 22:59:05.763, 3, 92151, 97871
2026/09/26 22:59:05.963, 0, 91876, 97871
2026/09/26 22:59:05.963, 1, 92082, 97871
2026/09/26 22:59:05.963, 2, 92240, 97871
2026/09/26 22:59:05.963, 3, 92151, 97871
2026/09/26 22:59:06.163, 0, 91876, 97871
2026/09/26 22:59:06.163, 1, 92082, 97871
2026/09/26 22:59:06.163, 2, 92240, 97871
2026/09/26 22:59:06.163, 3, 92151, 97871
2026/09/26 22:59:06.363, 0, 91876, 97871
2026/09/26 22:59:06.363, 1, 92082, 97871
2026/09/26 22:59:06.363, 2, 92240, 97871
2026/09/26 22:59:06.363, 3, 92151, 97871
2026/09/26 22:59:06.564, 0, 91876, 97871
2026/09/26 22:59:06.564, 1, 92082, 97871
2026/09/26 22:59:06.564, 2, 92240, 97871
2026/09/26 22:59:06.564, 3, 92151, 97871
2026/09/26 22:59:06.764, 0, 91876, 97871
2026/09/26 22:59:06.764, 1, 92082, 97871
2026/09/26 22:59:06.764, 2, 92240, 97871
2026/09/26 22:59:06.764, 3, 92151, 97871
2026/09/26 22:59:06.964, 0, 91876, 97871
2026/09/26 22:59:06.964, 1, 92082, 97871
2026/09/26 22:59:06.964, 2, 92240, 97871
2026/09/26 22:59:06.964, 3, 92151, 97871
2026/09/26 22:59:07.164, 0, 91876, 97871
2026/09/26 22:59:07.164, 1, 92082, 97871
2026/09/26 22:59:07.165, 2, 92240, 97871
2026/09/26 22:59:07.165, 3, 92151, 97871
2026/09/26 22:59:07.365, 0, 91876, 97871
2026/09/26 22:59:07.365, 1, 92082, 97871
2026/09/26 22:59:07.365, 2, 92240, 97871
2026/09/26 22:59:07.365, 3, 92151, 97871
2026/09/26 22:59:07.565, 0, 91876, 97871
2026/09/26 22:59:07.565, 1, 92082, 97871
2026/09/26 22:59:07.565, 2, 92240, 97871
2026/09/26 22:59:07.565, 3, 92151, 97871
2026/09/26 22:59:07.765, 0, 91876, 97871
2026/09/26 22:59:07.765, 1, 92082, 97871
2026/09/26 22:59:07.765, 2, 92240, 97871
2026/09/26 22:59:07.765, 3, 92151, 97871
2026/09/26 22:59:07.966, 0, 91876, 97871
2026/09/26 22:59:07.966, 1, 92082, 97871
2026/09/26 22:59:07.966, 2, 92240, 97871
2026/09/26 22:59:07.966, 3, 92151, 97871
2026/09/26 22:59:08.166, 0, 91876, 97871
2026/09/26 22:59:08.166, 1, 92082, 97871
2026/09/26 22:59:08.166, 2, 92240, 97871
2026/09/26 22:59:08.166, 3, 92151, 97871
2026/09/26 22:59:08.366, 0, 91876, 97871
2026/09/26 22:59:08.366, 1, 92082, 97871
2026/09/26 22:59:08.366, 2, 92240, 97871
2026/09/26 22:59:08.366, 3, 92151, 97871
2026/09/26 22:59:08.566, 0, 91876, 97871
2026/09/26 22:59:08.566, 1, 92082, 97871
2026/09/26 22:59:08.566, 2, 92240, 97871
2026/09/26 22:59:08.567, 3, 92151, 97871
2026/09/26 22:59:08.767, 0, 91876, 97871
2026/09/26 22:59:08.767, 1, 92082, 97871
2026/09/26 22:59:08.767, 2, 92240, 97871
2026/09/26 22:59:08.767, 3, 92151, 97871
2026/09/26 22:59:08.967, 0, 91876, 97871
2026/09/26 22:59:08.967, 1, 92082, 97871
2026/09/26 22:59:08.967, 2, 92240, 97871
2026/09/26 22:59:08.967, 3, 92151, 97871
2026/09/26 22:59:09.167, 0, 91876, 97871
2026/09/26 22:59:09.167, 1, 92082, 97871
2026/09/26 22:59:09.168, 2, 92240, 97871
2026/09/26 22:59:09.168, 3, 92151, 97871
2026/09/26 22:59:09.368, 0, 91876, 97871
2026/09/26 22:59:09.368, 1, 92082, 97871
2026/09/26 22:59:09.368, 2, 92240, 97871
2026/09/26 22:59:09.368, 3, 92151, 97871
2026/09/26 22:59:09.568, 0, 91876, 97871
2026/09/26 22:59:09.568, 1, 92082, 97871
2026/09/26 22:59:09.568, 2, 92240, 97871
2026/09/26 22:59:09.568, 3, 92151, 97871
2026/09/26 22:59:09.768, 0, 91876, 97871
2026/09/26 22:59:09.768, 1, 92082, 97871
2026/09/26 22:59:09.768, 2, 92240, 97871
2026/09/26 22:59:09.768, 3, 92151, 97871
2026/09/26 22:59:09.969, 0, 91876, 97871
2026/09/26 22:59:09.969, 1, 92082, 97871
2026/09/26 22:59:09.969, 2, 92240, 97871
2026/09/26 22:59:09.969, 3, 92151, 97871
2026/09/26 22:59:10.169, 0, 91876, 97871
2026/09/26 22:59:10.169, 1, 92082, 97871
2026/09/26 22:59:10.169, 2, 92240, 97871
2026/09/26 22:59:10.169, 3, 92151, 97871
2026/09/26 22:59:10.369, 0, 91876, 97871
2026/09/26 22:59:10.369, 1, 92082, 97871
2026/09/26 22:59:10.369, 2, 92240, 97871
2026/09/26 22:59:10.369, 3, 92151, 97871
2026/09/26 22:59:10.569, 0, 91876, 97871
2026/09/26 22:59:10.569, 1, 92082, 97871
2026/09/26 22:59:10.569, 2, 92240, 97871
2026/09/26 22:59:10.569, 3, 92151, 97871
2026/09/26 22:59:10.769, 0, 91876, 97871
2026/09/26 22:59:10.770, 1, 92082, 97871
2026/09/26 22:59:10.770, 2, 92240, 97871
2026/09/26 22:59:10.770, 3, 92151, 97871
2026/09/26 22:59:10.970, 0, 91876, 97871
2026/09/26 22:59:10.970, 1, 92082, 97871
2026/09/26 22:59:10.970, 2, 92240, 97871
2026/09/26 22:59:10.970, 3, 92151, 97871
2026/09/26 22:59:11.170, 0, 91876, 97871
2026/09/26 22:59:11.170, 1, 92082, 97871
2026/09/26 22:59:11.170, 2, 92240, 97871
2026/09/26 22:59:11.170, 3, 92151, 97871
2026/09/26 22:59:11.370, 0, 91876, 97871
2026/09/26 22:59:11.370, 1, 92082, 97871
2026/09/26 22:59:11.370, 2, 92240, 97871
2026/09/26 22:59:11.370, 3, 92151, 97871
2026/09/26 22:59:11.571, 0, 92798, 97871
2026/09/26 22:59:11.571, 1, 93004, 97871
2026/09/26 22:59:11.571, 2, 93162, 97871
2026/09/26 22:59:11.571, 3, 93073, 97871
2026/09/26 22:59:11.771, 0, 92894, 97871
2026/09/26 22:59:11.771, 1, 93100, 97871
2026/09/26 22:59:11.771, 2, 93258, 97871
2026/09/26 22:59:11.771, 3, 93169, 97871
2026/09/26 22:59:11.971, 0, 93374, 97871
2026/09/26 22:59:11.971, 1, 93580, 97871
2026/09/26 22:59:11.971, 2, 93738, 97871
2026/09/26 22:59:11.971, 3, 93649, 97871
2026/09/26 22:59:12.172, 0, 93374, 97871
2026/09/26 22:59:12.172, 1, 93580, 97871
2026/09/26 22:59:12.172, 2, 93738, 97871
2026/09/26 22:59:12.172, 3, 93649, 97871
2026/09/26 22:59:12.372, 0, 93374, 97871
2026/09/26 22:59:12.372, 1, 93580, 97871
2026/09/26 22:59:12.372, 2, 93738, 97871
2026/09/26 22:59:12.372, 3, 93649, 97871
2026/09/26 22:59:12.572, 0, 93374, 97871
2026/09/26 22:59:12.572, 1, 93580, 97871
2026/09/26 22:59:12.572, 2, 93738, 97871
2026/09/26 22:59:12.572, 3, 93649, 97871
2026/09/26 22:59:12.772, 0, 93854, 97871
2026/09/26 22:59:12.776, 1, 94060, 97871
2026/09/26 22:59:12.776, 2, 94218, 97871
2026/09/26 22:59:12.776, 3, 94129, 97871
2026/09/26 22:59:12.976, 0, 93854, 97871
2026/09/26 22:59:12.976, 1, 94060, 97871
2026/09/26 22:59:12.976, 2, 94218, 97871
2026/09/26 22:59:12.976, 3, 94129, 97871
2026/09/26 22:59:13.177, 0, 93854, 97871
2026/09/26 22:59:13.177, 1, 94060, 97871
2026/09/26 22:59:13.177, 2, 94218, 97871
2026/09/26 22:59:13.177, 3, 94129, 97871
2026/09/26 22:59:13.377, 0, 93854, 97871
2026/09/26 22:59:13.377, 1, 94060, 97871
2026/09/26 22:59:13.377, 2, 94218, 97871
2026/09/26 22:59:13.377, 3, 94129, 97871
2026/09/26 22:59:13.577, 0, 93854, 97871
2026/09/26 22:59:13.577, 1, 94060, 97871
2026/09/26 22:59:13.577, 2, 94218, 97871
2026/09/26 22:59:13.577, 3, 94129, 97871
2026/09/26 22:59:13.777, 0, 93854, 97871
2026/09/26 22:59:13.777, 1, 94060, 97871
2026/09/26 22:59:13.777, 2, 94218, 97871
2026/09/26 22:59:13.778, 3, 94129, 97871
2026/09/26 22:59:13.978, 0, 93854, 97871
2026/09/26 22:59:13.978, 1, 94060, 97871
2026/09/26 22:59:13.978, 2, 94218, 97871
2026/09/26 22:59:13.978, 3, 94129, 97871
2026/09/26 22:59:14.178, 0, 93854, 97871
2026/09/26 22:59:14.178, 1, 94060, 97871
2026/09/26 22:59:14.178, 2, 94218, 97871
2026/09/26 22:59:14.178, 3, 94129, 97871
2026/09/26 22:59:14.378, 0, 93854, 97871
2026/09/26 22:59:14.378, 1, 94060, 97871
2026/09/26 22:59:14.378, 2, 94218, 97871
2026/09/26 22:59:14.378, 3, 94129, 97871
2026/09/26 22:59:14.578, 0, 93854, 97871
2026/09/26 22:59:14.578, 1, 94060, 97871
2026/09/26 22:59:14.579, 2, 94218, 97871
2026/09/26 22:59:14.579, 3, 94129, 97871
2026/09/26 22:59:14.779, 0, 93854, 97871
2026/09/26 22:59:14.779, 1, 94060, 97871
2026/09/26 22:59:14.779, 2, 94218, 97871
2026/09/26 22:59:14.779, 3, 94129, 97871
2026/09/26 22:59:14.979, 0, 93854, 97871
2026/09/26 22:59:14.979, 1, 94060, 97871
2026/09/26 22:59:14.979, 2, 94218, 97871
2026/09/26 22:59:14.979, 3, 94129, 97871
2026/09/26 22:59:15.179, 0, 93854, 97871
2026/09/26 22:59:15.179, 1, 94060, 97871
2026/09/26 22:59:15.179, 2, 94218, 97871
2026/09/26 22:59:15.179, 3, 94129, 97871
2026/09/26 22:59:15.379, 0, 93856, 97871
2026/09/26 22:59:15.380, 1, 94062, 97871
2026/09/26 22:59:15.380, 2, 94220, 97871
2026/09/26 22:59:15.380, 3, 94131, 97871
2026/09/26 22:59:15.580, 0, 93856, 97871
2026/09/26 22:59:15.580, 1, 94062, 97871
2026/09/26 22:59:15.580, 2, 94220, 97871
2026/09/26 22:59:15.580, 3, 94131, 97871
2026/09/26 22:59:15.780, 0, 93856, 97871
2026/09/26 22:59:15.780, 1, 94062, 97871
2026/09/26 22:59:15.781, 2, 94220, 97871
2026/09/26 22:59:15.781, 3, 94131, 97871
2026/09/26 22:59:15.981, 0, 93856, 97871
2026/09/26 22:59:15.981, 1, 94062, 97871
2026/09/26 22:59:15.981, 2, 94220, 97871
2026/09/26 22:59:15.981, 3, 94131, 97871
2026/09/26 22:59:16.181, 0, 93856, 97871
2026/09/26 22:59:16.181, 1, 94062, 97871
2026/09/26 22:59:16.181, 2, 94220, 97871
2026/09/26 22:59:16.181, 3, 94131, 97871
2026/09/26 22:59:16.381, 0, 93856, 97871
2026/09/26 22:59:16.381, 1, 94062, 97871
2026/09/26 22:59:16.381, 2, 94220, 97871
2026/09/26 22:59:16.381, 3, 94131, 97871
2026/09/26 22:59:16.581, 0, 93856, 97871
2026/09/26 22:59:16.582, 1, 94062, 97871
2026/09/26 22:59:16.582, 2, 94220, 97871
2026/09/26 22:59:16.582, 3, 94131, 97871
2026/09/26 22:59:16.782, 0, 93856, 97871
2026/09/26 22:59:16.782, 1, 94062, 97871
2026/09/26 22:59:16.782, 2, 94220, 97871
2026/09/26 22:59:16.782, 3, 94131, 97871
2026/09/26 22:59:16.982, 0, 93856, 97871
2026/09/26 22:59:16.982, 1, 94062, 97871
2026/09/26 22:59:16.982, 2, 94220, 97871
2026/09/26 22:59:16.982, 3, 94131, 97871
2026/09/26 22:59:17.182, 0, 93856, 97871
2026/09/26 22:59:17.182, 1, 94062, 97871
2026/09/26 22:59:17.182, 2, 94220, 97871
2026/09/26 22:59:17.182, 3, 94131, 97871
2026/09/26 22:59:17.382, 0, 93856, 97871
2026/09/26 22:59:17.383, 1, 94062, 97871
2026/09/26 22:59:17.383, 2, 94220, 97871
2026/09/26 22:59:17.383, 3, 94131, 97871
2026/09/26 22:59:17.583, 0, 93856, 97871
2026/09/26 22:59:17.583, 1, 94062, 97871
2026/09/26 22:59:17.583, 2, 94220, 97871
2026/09/26 22:59:17.583, 3, 94131, 97871
2026/09/26 22:59:17.783, 0, 93856, 97871
2026/09/26 22:59:17.783, 1, 94062, 97871
2026/09/26 22:59:17.783, 2, 94220, 97871
2026/09/26 22:59:17.783, 3, 94131, 97871
2026/09/26 22:59:17.983, 0, 93856, 97871
2026/09/26 22:59:17.983, 1, 94062, 97871
2026/09/26 22:59:17.983, 2, 94220, 97871
2026/09/26 22:59:17.983, 3, 94131, 97871
2026/09/26 22:59:18.183, 0, 93856, 97871
2026/09/26 22:59:18.184, 1, 94062, 97871
2026/09/26 22:59:18.184, 2, 94220, 97871
2026/09/26 22:59:18.184, 3, 94131, 97871
2026/09/26 22:59:18.384, 0, 93856, 97871
2026/09/26 22:59:18.384, 1, 94062, 97871
2026/09/26 22:59:18.384, 2, 94220, 97871
2026/09/26 22:59:18.384, 3, 94131, 97871
2026/09/26 22:59:18.584, 0, 93856, 97871
2026/09/26 22:59:18.584, 1, 94062, 97871
2026/09/26 22:59:18.584, 2, 94220, 97871
2026/09/26 22:59:18.584, 3, 94131, 97871
2026/09/26 22:59:18.784, 0, 93856, 97871
2026/09/26 22:59:18.784, 1, 94062, 97871
2026/09/26 22:59:18.784, 2, 94220, 97871
2026/09/26 22:59:18.784, 3, 94131, 97871
2026/09/26 22:59:18.985, 0, 93856, 97871
2026/09/26 22:59:18.985, 1, 94062, 97871
2026/09/26 22:59:18.985, 2, 94220, 97871
2026/09/26 22:59:18.985, 3, 94131, 97871
2026/09/26 22:59:19.185, 0, 93856, 97871
2026/09/26 22:59:19.185, 1, 94062, 97871
2026/09/26 22:59:19.185, 2, 94220, 97871
2026/09/26 22:59:19.185, 3, 94131, 97871
2026/09/26 22:59:19.385, 0, 93856, 97871
2026/09/26 22:59:19.385, 1, 94062, 97871
2026/09/26 22:59:19.385, 2, 94220, 97871
2026/09/26 22:59:19.385, 3, 94131, 97871
2026/09/26 22:59:19.585, 0, 93856, 97871
2026/09/26 22:59:19.585, 1, 94062, 97871
2026/09/26 22:59:19.585, 2, 94220, 97871
2026/09/26 22:59:19.585, 3, 94131, 97871
2026/09/26 22:59:19.786, 0, 93856, 97871
2026/09/26 22:59:19.786, 1, 94062, 97871
2026/09/26 22:59:19.786, 2, 94220, 97871
2026/09/26 22:59:19.786, 3, 94131, 97871
2026/09/26 22:59:19.986, 0, 93856, 97871
2026/09/26 22:59:19.986, 1, 94062, 97871
2026/09/26 22:59:19.986, 2, 94220, 97871
2026/09/26 22:59:19.986, 3, 94131, 97871
2026/09/26 22:59:20.186, 0, 93856, 97871
2026/09/26 22:59:20.186, 1, 94062, 97871
2026/09/26 22:59:20.186, 2, 94220, 97871
2026/09/26 22:59:20.186, 3, 94131, 97871
2026/09/26 22:59:20.387, 0, 93856, 97871
2026/09/26 22:59:20.387, 1, 94062, 97871
2026/09/26 22:59:20.387, 2, 94220, 97871
2026/09/26 22:59:20.387, 3, 94131, 97871
2026/09/26 22:59:20.587, 0, 93856, 97871
2026/09/26 22:59:20.587, 1, 94062, 97871
2026/09/26 22:59:20.587, 2, 94220, 97871
2026/09/26 22:59:20.587, 3, 94131, 97871
2026/09/26 22:59:20.787, 0, 93856, 97871
2026/09/26 22:59:20.788, 1, 94062, 97871
2026/09/26 22:59:20.788, 2, 94220, 97871
2026/09/26 22:59:20.788, 3, 94131, 97871
2026/09/26 22:59:20.988, 0, 93856, 97871
2026/09/26 22:59:20.988, 1, 94062, 97871
2026/09/26 22:59:20.988, 2, 94220, 97871
2026/09/26 22:59:20.988, 3, 94131, 97871
2026/09/26 22:59:21.188, 0, 93856, 97871
2026/09/26 22:59:21.188, 1, 94062, 97871
2026/09/26 22:59:21.188, 2, 94220, 97871
2026/09/26 22:59:21.188, 3, 94131, 97871
2026/09/26 22:59:21.388, 0, 93856, 97871
2026/09/26 22:59:21.388, 1, 94062, 97871
2026/09/26 22:59:21.388, 2, 94220, 97871
2026/09/26 22:59:21.388, 3, 94131, 97871
2026/09/26 22:59:21.588, 0, 93856, 97871
2026/09/26 22:59:21.589, 1, 94062, 97871
2026/09/26 22:59:21.589, 2, 94220, 97871
2026/09/26 22:59:21.589, 3, 94131, 97871
2026/09/26 22:59:21.789, 0, 93856, 97871
2026/09/26 22:59:21.789, 1, 94062, 97871
2026/09/26 22:59:21.789, 2, 94220, 97871
2026/09/26 22:59:21.789, 3, 94131, 97871
2026/09/26 22:59:21.989, 0, 93856, 97871
2026/09/26 22:59:21.989, 1, 94062, 97871
2026/09/26 22:59:21.989, 2, 94220, 97871
2026/09/26 22:59:21.989, 3, 94131, 97871
2026/09/26 22:59:22.189, 0, 93856, 97871
2026/09/26 22:59:22.189, 1, 94062, 97871
2026/09/26 22:59:22.189, 2, 94220, 97871
2026/09/26 22:59:22.189, 3, 94131, 97871
2026/09/26 22:59:22.390, 0, 93856, 97871
2026/09/26 22:59:22.390, 1, 94062, 97871
2026/09/26 22:59:22.390, 2, 94220, 97871
2026/09/26 22:59:22.390, 3, 94131, 97871
2026/09/26 22:59:22.590, 0, 93856, 97871
2026/09/26 22:59:22.590, 1, 94062, 97871
2026/09/26 22:59:22.590, 2, 94220, 97871
2026/09/26 22:59:22.590, 3, 94131, 97871
2026/09/26 22:59:22.790, 0, 93856, 97871
2026/09/26 22:59:22.815, 1, 94062, 97871
2026/09/26 22:59:22.830, 2, 94220, 97871
2026/09/26 22:59:22.830, 3, 94131, 97871
2026/09/26 22:59:23.030, 0, 93856, 97871
2026/09/26 22:59:23.051, 1, 94062, 97871
2026/09/26 22:59:23.083, 2, 94220, 97871
2026/09/26 22:59:23.098, 3, 94131, 97871
2026/09/26 22:59:23.298, 0, 93856, 97871
2026/09/26 22:59:23.298, 1, 94062, 97871
2026/09/26 22:59:23.299, 2, 94220, 97871
2026/09/26 22:59:23.299, 3, 94131, 97871
2026/09/26 22:59:23.499, 0, 93856, 97871
2026/09/26 22:59:23.499, 1, 94062, 97871
2026/09/26 22:59:23.499, 2, 94220, 97871
2026/09/26 22:59:23.499, 3, 94131, 97871
2026/09/26 22:59:23.699, 0, 93856, 97871
2026/09/26 22:59:23.699, 1, 94062, 97871
2026/09/26 22:59:23.699, 2, 94220, 97871
2026/09/26 22:59:23.699, 3, 94131, 97871
2026/09/26 22:59:23.899, 0, 93856, 97871
2026/09/26 22:59:23.899, 1, 94062, 97871
2026/09/26 22:59:23.899, 2, 94220, 97871
2026/09/26 22:59:23.899, 3, 94131, 97871
2026/09/26 22:59:24.099, 0, 93856, 97871
2026/09/26 22:59:24.099, 1, 94062, 97871
2026/09/26 22:59:24.099, 2, 94220, 97871
2026/09/26 22:59:24.100, 3, 94131, 97871
2026/09/26 22:59:24.300, 0, 93856, 97871
2026/09/26 22:59:24.300, 1, 94062, 97871
2026/09/26 22:59:24.300, 2, 94220, 97871
2026/09/26 22:59:24.300, 3, 94131, 97871
2026/09/26 22:59:24.500, 0, 93856, 97871
2026/09/26 22:59:24.500, 1, 94062, 97871
2026/09/26 22:59:24.500, 2, 94220, 97871
2026/09/26 22:59:24.500, 3, 94131, 97871
2026/09/26 22:59:24.700, 0, 93856, 97871
2026/09/26 22:59:24.700, 1, 94062, 97871
2026/09/26 22:59:24.700, 2, 94220, 97871
2026/09/26 22:59:24.700, 3, 94131, 97871
2026/09/26 22:59:24.900, 0, 93856, 97871
2026/09/26 22:59:24.901, 1, 94062, 97871
2026/09/26 22:59:24.901, 2, 94220, 97871
2026/09/26 22:59:24.901, 3, 94131, 97871
2026/09/26 22:59:25.101, 0, 93856, 97871
2026/09/26 22:59:25.101, 1, 94062, 97871
2026/09/26 22:59:25.101, 2, 94220, 97871
2026/09/26 22:59:25.101, 3, 94131, 97871
2026/09/26 22:59:25.301, 0, 93856, 97871
2026/09/26 22:59:25.301, 1, 94062, 97871
2026/09/26 22:59:25.301, 2, 94220, 97871
2026/09/26 22:59:25.301, 3, 94131, 97871
2026/09/26 22:59:25.501, 0, 93856, 97871
2026/09/26 22:59:25.501, 1, 94062, 97871
2026/09/26 22:59:25.501, 2, 94220, 97871
2026/09/26 22:59:25.501, 3, 94131, 97871
2026/09/26 22:59:25.701, 0, 93856, 97871
2026/09/26 22:59:25.702, 1, 94062, 97871
2026/09/26 22:59:25.702, 2, 94220, 97871
2026/09/26 22:59:25.702, 3, 94131, 97871
2026/09/26 22:59:25.902, 0, 93856, 97871
2026/09/26 22:59:25.902, 1, 94062, 97871
2026/09/26 22:59:25.902, 2, 94220, 97871
2026/09/26 22:59:25.902, 3, 94131, 97871
2026/09/26 22:59:26.102, 0, 93856, 97871
2026/09/26 22:59:26.102, 1, 94062, 97871
2026/09/26 22:59:26.102, 2, 94220, 97871
2026/09/26 22:59:26.102, 3, 94131, 97871
2026/09/26 22:59:26.302, 0, 93856, 97871
2026/09/26 22:59:26.302, 1, 94062, 97871
2026/09/26 22:59:26.302, 2, 94220, 97871
2026/09/26 22:59:26.302, 3, 94131, 97871
2026/09/26 22:59:26.502, 0, 93856, 97871
2026/09/26 22:59:26.503, 1, 94062, 97871
2026/09/26 22:59:26.503, 2, 94220, 97871
2026/09/26 22:59:26.503, 3, 94131, 97871
2026/09/26 22:59:26.703, 0, 93856, 97871
2026/09/26 22:59:26.703, 1, 94062, 97871
2026/09/26 22:59:26.703, 2, 94220, 97871
2026/09/26 22:59:26.703, 3, 94131, 97871
2026/09/26 22:59:26.903, 0, 93856, 97871
2026/09/26 22:59:26.903, 1, 94062, 97871
2026/09/26 22:59:26.903, 2, 94220, 97871
2026/09/26 22:59:26.903, 3, 94131, 97871
2026/09/26 22:59:27.103, 0, 93856, 97871
2026/09/26 22:59:27.103, 1, 94062, 97871
2026/09/26 22:59:27.103, 2, 94220, 97871
2026/09/26 22:59:27.103, 3, 94131, 97871
2026/09/26 22:59:27.304, 0, 93856, 97871
2026/09/26 22:59:27.304, 1, 94062, 97871
2026/09/26 22:59:27.304, 2, 94220, 97871
2026/09/26 22:59:27.304, 3, 94131, 97871
2026/09/26 22:59:27.504, 0, 93856, 97871
2026/09/26 22:59:27.504, 1, 94062, 97871
2026/09/26 22:59:27.504, 2, 94220, 97871
2026/09/26 22:59:27.504, 3, 94131, 97871
2026/09/26 22:59:27.704, 0, 93856, 97871
2026/09/26 22:59:27.704, 1, 94062, 97871
2026/09/26 22:59:27.704, 2, 94220, 97871
2026/09/26 22:59:27.704, 3, 94131, 97871
2026/09/26 22:59:27.904, 0, 93856, 97871
2026/09/26 22:59:27.904, 1, 94062, 97871
2026/09/26 22:59:27.904, 2, 94220, 97871
2026/09/26 22:59:27.904, 3, 94131, 97871
2026/09/26 22:59:28.104, 0, 93856, 97871
2026/09/26 22:59:28.105, 1, 94062, 97871
2026/09/26 22:59:28.105, 2, 94220, 97871
2026/09/26 22:59:28.105, 3, 94131, 97871
2026/09/26 22:59:28.305, 0, 93856, 97871
2026/09/26 22:59:28.305, 1, 94062, 97871
2026/09/26 22:59:28.305, 2, 94220, 97871
2026/09/26 22:59:28.305, 3, 94131, 97871
2026/09/26 22:59:28.505, 0, 93856, 97871
2026/09/26 22:59:28.505, 1, 94062, 97871
2026/09/26 22:59:28.505, 2, 94220, 97871
2026/09/26 22:59:28.505, 3, 94131, 97871
2026/09/26 22:59:28.705, 0, 93856, 97871
2026/09/26 22:59:28.705, 1, 94062, 97871
2026/09/26 22:59:28.705, 2, 94220, 97871
2026/09/26 22:59:28.705, 3, 94131, 97871
2026/09/26 22:59:28.905, 0, 93856, 97871
2026/09/26 22:59:28.906, 1, 94062, 97871
2026/09/26 22:59:28.921, 2, 94220, 97871
2026/09/26 22:59:28.921, 3, 94131, 97871
2026/09/26 22:59:29.121, 0, 93856, 97871
2026/09/26 22:59:29.121, 1, 94062, 97871
2026/09/26 22:59:29.121, 2, 94220, 97871
2026/09/26 22:59:29.121, 3, 94131, 97871
2026/09/26 22:59:29.321, 0, 93856, 97871
2026/09/26 22:59:29.321, 1, 94062, 97871
2026/09/26 22:59:29.321, 2, 94220, 97871
2026/09/26 22:59:29.321, 3, 94131, 97871
2026/09/26 22:59:29.521, 0, 93856, 97871
2026/09/26 22:59:29.521, 1, 94062, 97871
2026/09/26 22:59:29.521, 2, 94220, 97871
2026/09/26 22:59:29.521, 3, 94131, 97871
2026/09/26 22:59:29.721, 0, 93856, 97871
2026/09/26 22:59:29.722, 1, 94062, 97871
2026/09/26 22:59:29.722, 2, 94220, 97871
2026/09/26 22:59:29.722, 3, 94131, 97871
2026/09/26 22:59:29.922, 0, 93856, 97871
2026/09/26 22:59:29.922, 1, 94062, 97871
2026/09/26 22:59:29.922, 2, 94220, 97871
2026/09/26 22:59:29.922, 3, 94131, 97871
2026/09/26 22:59:30.122, 0, 93856, 97871
2026/09/26 22:59:30.122, 1, 94062, 97871
2026/09/26 22:59:30.122, 2, 94220, 97871
2026/09/26 22:59:30.122, 3, 94131, 97871
2026/09/26 22:59:30.322, 0, 93856, 97871
2026/09/26 22:59:30.322, 1, 94062, 97871
2026/09/26 22:59:30.322, 2, 94220, 97871
2026/09/26 22:59:30.322, 3, 94131, 97871
2026/09/26 22:59:30.522, 0, 93856, 97871
2026/09/26 22:59:30.522, 1, 94062, 97871
2026/09/26 22:59:30.523, 2, 94220, 97871
2026/09/26 22:59:30.523, 3, 94131, 97871
2026/09/26 22:59:30.723, 0, 93856, 97871
2026/09/26 22:59:30.723, 1, 94062, 97871
2026/09/26 22:59:30.723, 2, 94220, 97871
2026/09/26 22:59:30.723, 3, 94131, 97871
2026/09/26 22:59:30.923, 0, 93856, 97871
2026/09/26 22:59:30.923, 1, 94062, 97871
2026/09/26 22:59:30.923, 2, 94220, 97871
2026/09/26 22:59:30.923, 3, 94131, 97871
2026/09/26 22:59:31.123, 0, 93856, 97871
2026/09/26 22:59:31.123, 1, 94062, 97871
2026/09/26 22:59:31.123, 2, 94220, 97871
2026/09/26 22:59:31.123, 3, 94131, 97871
2026/09/26 22:59:31.324, 0, 93856, 97871
2026/09/26 22:59:31.324, 1, 94062, 97871
2026/09/26 22:59:31.324, 2, 94220, 97871
2026/09/26 22:59:31.324, 3, 94131, 97871
2026/09/26 22:59:31.524, 0, 93856, 97871
2026/09/26 22:59:31.524, 1, 94062, 97871
2026/09/26 22:59:31.524, 2, 94220, 97871
2026/09/26 22:59:31.524, 3, 94131, 97871
2026/09/26 22:59:31.724, 0, 93856, 97871
2026/09/26 22:59:31.724, 1, 94062, 97871
2026/09/26 22:59:31.724, 2, 94220, 97871
2026/09/26 22:59:31.724, 3, 94131, 97871
2026/09/26 22:59:31.924, 0, 93856, 97871
2026/09/26 22:59:31.924, 1, 94062, 97871
2026/09/26 22:59:31.924, 2, 94220, 97871
2026/09/26 22:59:31.924, 3, 94131, 97871
2026/09/26 22:59:32.125, 0, 93856, 97871
2026/09/26 22:59:32.125, 1, 94062, 97871
2026/09/26 22:59:32.125, 2, 94220, 97871
2026/09/26 22:59:32.125, 3, 94131, 97871
2026/09/26 22:59:32.325, 0, 93856, 97871
2026/09/26 22:59:32.325, 1, 94062, 97871
2026/09/26 22:59:32.325, 2, 94220, 97871
2026/09/26 22:59:32.325, 3, 94131, 97871
2026/09/26 22:59:32.525, 0, 93856, 97871
2026/09/26 22:59:32.525, 1, 94062, 97871
2026/09/26 22:59:32.525, 2, 94220, 97871
2026/09/26 22:59:32.525, 3, 94131, 97871
2026/09/26 22:59:32.725, 0, 93856, 97871
2026/09/26 22:59:32.725, 1, 94062, 97871
2026/09/26 22:59:32.725, 2, 94220, 97871
2026/09/26 22:59:32.725, 3, 94131, 97871
2026/09/26 22:59:32.926, 0, 93856, 97871
2026/09/26 22:59:32.926, 1, 94062, 97871
2026/09/26 22:59:32.926, 2, 94220, 97871
2026/09/26 22:59:32.926, 3, 94131, 97871
2026/09/26 22:59:33.126, 0, 93856, 97871
2026/09/26 22:59:33.126, 1, 94062, 97871
2026/09/26 22:59:33.126, 2, 94220, 97871
2026/09/26 22:59:33.126, 3, 94131, 97871
2026/09/26 22:59:33.326, 0, 93856, 97871
2026/09/26 22:59:33.326, 1, 94062, 97871
2026/09/26 22:59:33.326, 2, 94220, 97871
2026/09/26 22:59:33.326, 3, 94131, 97871
2026/09/26 22:59:33.526, 0, 93856, 97871
2026/09/26 22:59:33.526, 1, 94062, 97871
2026/09/26 22:59:33.526, 2, 94220, 97871
2026/09/26 22:59:33.526, 3, 94131, 97871
2026/09/26 22:59:33.726, 0, 93856, 97871
2026/09/26 22:59:33.727, 1, 94062, 97871
2026/09/26 22:59:33.727, 2, 94220, 97871
2026/09/26 22:59:33.727, 3, 94131, 97871
2026/09/26 22:59:33.927, 0, 93856, 97871
2026/09/26 22:59:33.927, 1, 94062, 97871
2026/09/26 22:59:33.927, 2, 94220, 97871
2026/09/26 22:59:33.927, 3, 94131, 97871
2026/09/26 22:59:34.127, 0, 93856, 97871
2026/09/26 22:59:34.127, 1, 94062, 97871
2026/09/26 22:59:34.127, 2, 94220, 97871
2026/09/26 22:59:34.127, 3, 94131, 97871
2026/09/26 22:59:34.327, 0, 93856, 97871
2026/09/26 22:59:34.327, 1, 94062, 97871
2026/09/26 22:59:34.327, 2, 94220, 97871
2026/09/26 22:59:34.327, 3, 94131, 97871
2026/09/26 22:59:34.527, 0, 93856, 97871
2026/09/26 22:59:34.528, 1, 94062, 97871
2026/09/26 22:59:34.528, 2, 94220, 97871
2026/09/26 22:59:34.528, 3, 94131, 97871
2026/09/26 22:59:34.728, 0, 93856, 97871
2026/09/26 22:59:34.728, 1, 94062, 97871
2026/09/26 22:59:34.728, 2, 94220, 97871
2026/09/26 22:59:34.728, 3, 94131, 97871
2026/09/26 22:59:34.928, 0, 93856, 97871
2026/09/26 22:59:34.928, 1, 94062, 97871
2026/09/26 22:59:34.928, 2, 94220, 97871
2026/09/26 22:59:34.928, 3, 94131, 97871
2026/09/26 22:59:35.128, 0, 93856, 97871
2026/09/26 22:59:35.128, 1, 94062, 97871
2026/09/26 22:59:35.128, 2, 94220, 97871
2026/09/26 22:59:35.128, 3, 94131, 97871
2026/09/26 22:59:35.328, 0, 93856, 97871
2026/09/26 22:59:35.329, 1, 94062, 97871
2026/09/26 22:59:35.329, 2, 94220, 97871
2026/09/26 22:59:35.329, 3, 94131, 97871
2026/09/26 22:59:35.529, 0, 93856, 97871
2026/09/26 22:59:35.529, 1, 94062, 97871
2026/09/26 22:59:35.529, 2, 94220, 97871
2026/09/26 22:59:35.529, 3, 94131, 97871
2026/09/26 22:59:35.729, 0, 93856, 97871
2026/09/26 22:59:35.729, 1, 94062, 97871
2026/09/26 22:59:35.729, 2, 94220, 97871
2026/09/26 22:59:35.729, 3, 94131, 97871
2026/09/26 22:59:35.929, 0, 93856, 97871
2026/09/26 22:59:35.929, 1, 94062, 97871
2026/09/26 22:59:35.929, 2, 94220, 97871
2026/09/26 22:59:35.929, 3, 94131, 97871
2026/09/26 22:59:36.130, 0, 93856, 97871
2026/09/26 22:59:36.130, 1, 94062, 97871
2026/09/26 22:59:36.130, 2, 94220, 97871
2026/09/26 22:59:36.130, 3, 94131, 97871
2026/09/26 22:59:36.330, 0, 93856, 97871
2026/09/26 22:59:36.330, 1, 94062, 97871
2026/09/26 22:59:36.330, 2, 94220, 97871
2026/09/26 22:59:36.330, 3, 94131, 97871
2026/09/26 22:59:36.530, 0, 93856, 97871
2026/09/26 22:59:36.530, 1, 94062, 97871
2026/09/26 22:59:36.530, 2, 94220, 97871
2026/09/26 22:59:36.530, 3, 94131, 97871
2026/09/26 22:59:36.731, 0, 93856, 97871
2026/09/26 22:59:36.731, 1, 94062, 97871
2026/09/26 22:59:36.731, 2, 94220, 97871
2026/09/26 22:59:36.731, 3, 94131, 97871
2026/09/26 22:59:36.931, 0, 93856, 97871
2026/09/26 22:59:36.931, 1, 94062, 97871
2026/09/26 22:59:36.931, 2, 94220, 97871
2026/09/26 22:59:36.931, 3, 94131, 97871
2026/09/26 22:59:37.131, 0, 93856, 97871
2026/09/26 22:59:37.131, 1, 94062, 97871
2026/09/26 22:59:37.132, 2, 94220, 97871
2026/09/26 22:59:37.132, 3, 94131, 97871
2026/09/26 22:59:37.332, 0, 93856, 97871
2026/09/26 22:59:37.332, 1, 94062, 97871
2026/09/26 22:59:37.332, 2, 94220, 97871
2026/09/26 22:59:37.332, 3, 94131, 97871
2026/09/26 22:59:37.532, 0, 93856, 97871
2026/09/26 22:59:37.532, 1, 94062, 97871
2026/09/26 22:59:37.532, 2, 94220, 97871
2026/09/26 22:59:37.532, 3, 94131, 97871
2026/09/26 22:59:37.732, 0, 93856, 97871
2026/09/26 22:59:37.732, 1, 94062, 97871
2026/09/26 22:59:37.732, 2, 94220, 97871
2026/09/26 22:59:37.732, 3, 94131, 97871
2026/09/26 22:59:37.932, 0, 93856, 97871
2026/09/26 22:59:37.932, 1, 94062, 97871
2026/09/26 22:59:37.933, 2, 94220, 97871
2026/09/26 22:59:37.933, 3, 94131, 97871
2026/09/26 22:59:38.133, 0, 93856, 97871
2026/09/26 22:59:38.133, 1, 94062, 97871
2026/09/26 22:59:38.133, 2, 94220, 97871
2026/09/26 22:59:38.133, 3, 94131, 97871
2026/09/26 22:59:38.333, 0, 93856, 97871
2026/09/26 22:59:38.333, 1, 94062, 97871
2026/09/26 22:59:38.333, 2, 94220, 97871
2026/09/26 22:59:38.333, 3, 94131, 97871
2026/09/26 22:59:38.533, 0, 93856, 97871
2026/09/26 22:59:38.533, 1, 94062, 97871
2026/09/26 22:59:38.533, 2, 94220, 97871
2026/09/26 22:59:38.533, 3, 94131, 97871
2026/09/26 22:59:38.733, 0, 93856, 97871
2026/09/26 22:59:38.734, 1, 94062, 97871
2026/09/26 22:59:38.734, 2, 94220, 97871
2026/09/26 22:59:38.734, 3, 94131, 97871
2026/09/26 22:59:38.934, 0, 93856, 97871
2026/09/26 22:59:38.934, 1, 94062, 97871
2026/09/26 22:59:38.934, 2, 94220, 97871
2026/09/26 22:59:38.934, 3, 94131, 97871
2026/09/26 22:59:39.134, 0, 93856, 97871
2026/09/26 22:59:39.134, 1, 94062, 97871
2026/09/26 22:59:39.134, 2, 94220, 97871
2026/09/26 22:59:39.134, 3, 94131, 97871
2026/09/26 22:59:39.334, 0, 93856, 97871
2026/09/26 22:59:39.334, 1, 94062, 97871
2026/09/26 22:59:39.334, 2, 94220, 97871
2026/09/26 22:59:39.334, 3, 94131, 97871
2026/09/26 22:59:39.534, 0, 93856, 97871
2026/09/26 22:59:39.534, 1, 94062, 97871
2026/09/26 22:59:39.534, 2, 94220, 97871
2026/09/26 22:59:39.535, 3, 94131, 97871
2026/09/26 22:59:39.735, 0, 93856, 97871
2026/09/26 22:59:39.735, 1, 94062, 97871
2026/09/26 22:59:39.735, 2, 94220, 97871
2026/09/26 22:59:39.735, 3, 94131, 97871
2026/09/26 22:59:39.935, 0, 93856, 97871
2026/09/26 22:59:39.935, 1, 94062, 97871
2026/09/26 22:59:39.935, 2, 94220, 97871
2026/09/26 22:59:39.935, 3, 94131, 97871
2026/09/26 22:59:40.135, 0, 93856, 97871
2026/09/26 22:59:40.135, 1, 94062, 97871
2026/09/26 22:59:40.135, 2, 94220, 97871
2026/09/26 22:59:40.135, 3, 94131, 97871
2026/09/26 22:59:40.335, 0, 93856, 97871
2026/09/26 22:59:40.335, 1, 94062, 97871
2026/09/26 22:59:40.335, 2, 94220, 97871
2026/09/26 22:59:40.335, 3, 94131, 97871
2026/09/26 22:59:40.536, 0, 93856, 97871
2026/09/26 22:59:40.536, 1, 94062, 97871
2026/09/26 22:59:40.536, 2, 94220, 97871
2026/09/26 22:59:40.536, 3, 94131, 97871
2026/09/26 22:59:40.736, 0, 93856, 97871
2026/09/26 22:59:40.736, 1, 94062, 97871
2026/09/26 22:59:40.736, 2, 94220, 97871
2026/09/26 22:59:40.736, 3, 94131, 97871
2026/09/26 22:59:40.936, 0, 93856, 97871
2026/09/26 22:59:40.936, 1, 94062, 97871
2026/09/26 22:59:40.936, 2, 94220, 97871
2026/09/26 22:59:40.936, 3, 94131, 97871
2026/09/26 22:59:41.136, 0, 93856, 97871
2026/09/26 22:59:41.136, 1, 94062, 97871
2026/09/26 22:59:41.136, 2, 94220, 97871
2026/09/26 22:59:41.137, 3, 94131, 97871
2026/09/26 22:59:41.337, 0, 93856, 97871
2026/09/26 22:59:41.337, 1, 94062, 97871
2026/09/26 22:59:41.337, 2, 94220, 97871
2026/09/26 22:59:41.337, 3, 94131, 97871
2026/09/26 22:59:41.537, 0, 93856, 97871
2026/09/26 22:59:41.537, 1, 94062, 97871
2026/09/26 22:59:41.537, 2, 94220, 97871
2026/09/26 22:59:41.537, 3, 94131, 97871
2026/09/26 22:59:41.737, 0, 93856, 97871
2026/09/26 22:59:41.737, 1, 94062, 97871
2026/09/26 22:59:41.737, 2, 94220, 97871
2026/09/26 22:59:41.737, 3, 94131, 97871
2026/09/26 22:59:41.937, 0, 93856, 97871
2026/09/26 22:59:41.937, 1, 94062, 97871
2026/09/26 22:59:41.937, 2, 94220, 97871
2026/09/26 22:59:41.938, 3, 94131, 97871
2026/09/26 22:59:42.138, 0, 93856, 97871
2026/09/26 22:59:42.138, 1, 94062, 97871
2026/09/26 22:59:42.138, 2, 94220, 97871
2026/09/26 22:59:42.138, 3, 94131, 97871
2026/09/26 22:59:42.338, 0, 93856, 97871
2026/09/26 22:59:42.338, 1, 94062, 97871
2026/09/26 22:59:42.338, 2, 94220, 97871
2026/09/26 22:59:42.338, 3, 94131, 97871
2026/09/26 22:59:42.538, 0, 93856, 97871
2026/09/26 22:59:42.538, 1, 94062, 97871
2026/09/26 22:59:42.538, 2, 94220, 97871
2026/09/26 22:59:42.538, 3, 94131, 97871
2026/09/26 22:59:42.738, 0, 93856, 97871
2026/09/26 22:59:42.738, 1, 94062, 97871
2026/09/26 22:59:42.738, 2, 94220, 97871
2026/09/26 22:59:42.738, 3, 94131, 97871
2026/09/26 22:59:42.939, 0, 93856, 97871
2026/09/26 22:59:42.939, 1, 94062, 97871
2026/09/26 22:59:42.939, 2, 94220, 97871
2026/09/26 22:59:42.939, 3, 94131, 97871
2026/09/26 22:59:43.139, 0, 93856, 97871
2026/09/26 22:59:43.139, 1, 94062, 97871
2026/09/26 22:59:43.139, 2, 94220, 97871
2026/09/26 22:59:43.139, 3, 94131, 97871
2026/09/26 22:59:43.339, 0, 93856, 97871
2026/09/26 22:59:43.339, 1, 94062, 97871
2026/09/26 22:59:43.339, 2, 94220, 97871
2026/09/26 22:59:43.339, 3, 94131, 97871
2026/09/26 22:59:43.539, 0, 93856, 97871
2026/09/26 22:59:43.539, 1, 94062, 97871
2026/09/26 22:59:43.539, 2, 94220, 97871
2026/09/26 22:59:43.540, 3, 94131, 97871
2026/09/26 22:59:43.740, 0, 93856, 97871
2026/09/26 22:59:43.740, 1, 94062, 97871
2026/09/26 22:59:43.740, 2, 94220, 97871
2026/09/26 22:59:43.740, 3, 94131, 97871
2026/09/26 22:59:43.940, 0, 93856, 97871
2026/09/26 22:59:43.940, 1, 94062, 97871
2026/09/26 22:59:43.940, 2, 94220, 97871
2026/09/26 22:59:43.940, 3, 94131, 97871
2026/09/26 22:59:44.140, 0, 93856, 97871
2026/09/26 22:59:44.140, 1, 94062, 97871
2026/09/26 22:59:44.140, 2, 94220, 97871
2026/09/26 22:59:44.140, 3, 94131, 97871
2026/09/26 22:59:44.341, 0, 93856, 97871
2026/09/26 22:59:44.341, 1, 94062, 97871
2026/09/26 22:59:44.341, 2, 94220, 97871
2026/09/26 22:59:44.341, 3, 94131, 97871
2026/09/26 22:59:44.541, 0, 93856, 97871
2026/09/26 22:59:44.541, 1, 94062, 97871
2026/09/26 22:59:44.541, 2, 94220, 97871
2026/09/26 22:59:44.541, 3, 94131, 97871
2026/09/26 22:59:44.741, 0, 93856, 97871
2026/09/26 22:59:44.741, 1, 94062, 97871
2026/09/26 22:59:44.741, 2, 94220, 97871
2026/09/26 22:59:44.741, 3, 94131, 97871
2026/09/26 22:59:44.941, 0, 93856, 97871
2026/09/26 22:59:44.942, 1, 94062, 97871
2026/09/26 22:59:44.942, 2, 94220, 97871
2026/09/26 22:59:44.942, 3, 94131, 97871
2026/09/26 22:59:45.142, 0, 93856, 97871
2026/09/26 22:59:45.142, 1, 94062, 97871
2026/09/26 22:59:45.142, 2, 94220, 97871
2026/09/26 22:59:45.142, 3, 94131, 97871
2026/09/26 22:59:45.342, 0, 93856, 97871
2026/09/26 22:59:45.342, 1, 94062, 97871
2026/09/26 22:59:45.342, 2, 94220, 97871
2026/09/26 22:59:45.342, 3, 94131, 97871
2026/09/26 22:59:45.542, 0, 93856, 97871
2026/09/26 22:59:45.542, 1, 94062, 97871
2026/09/26 22:59:45.542, 2, 94220, 97871
2026/09/26 22:59:45.542, 3, 94131, 97871
2026/09/26 22:59:45.742, 0, 93856, 97871
2026/09/26 22:59:45.743, 1, 94062, 97871
2026/09/26 22:59:45.743, 2, 94220, 97871
2026/09/26 22:59:45.743, 3, 94131, 97871
2026/09/26 22:59:45.943, 0, 93856, 97871
2026/09/26 22:59:45.943, 1, 94062, 97871
2026/09/26 22:59:45.943, 2, 94220, 97871
2026/09/26 22:59:45.943, 3, 94131, 97871
2026/09/26 22:59:46.143, 0, 93856, 97871
2026/09/26 22:59:46.143, 1, 94062, 97871
2026/09/26 22:59:46.143, 2, 94220, 97871
2026/09/26 22:59:46.143, 3, 94131, 97871
2026/09/26 22:59:46.343, 0, 93856, 97871
2026/09/26 22:59:46.343, 1, 94062, 97871
2026/09/26 22:59:46.343, 2, 94220, 97871
2026/09/26 22:59:46.343, 3, 94131, 97871
2026/09/26 22:59:46.543, 0, 93856, 97871
2026/09/26 22:59:46.544, 1, 94062, 97871
2026/09/26 22:59:46.544, 2, 94220, 97871
2026/09/26 22:59:46.544, 3, 94131, 97871
2026/09/26 22:59:46.744, 0, 93856, 97871
2026/09/26 22:59:46.744, 1, 94062, 97871
2026/09/26 22:59:46.744, 2, 94220, 97871
2026/09/26 22:59:46.744, 3, 94131, 97871
2026/09/26 22:59:46.944, 0, 93856, 97871
2026/09/26 22:59:46.944, 1, 94062, 97871
2026/09/26 22:59:46.944, 2, 94220, 97871
2026/09/26 22:59:46.944, 3, 94131, 97871
2026/09/26 22:59:47.144, 0, 93856, 97871
2026/09/26 22:59:47.144, 1, 94062, 97871
2026/09/26 22:59:47.144, 2, 94220, 97871
2026/09/26 22:59:47.145, 3, 94131, 97871
2026/09/26 22:59:47.345, 0, 93856, 97871
2026/09/26 22:59:47.345, 1, 94062, 97871
2026/09/26 22:59:47.345, 2, 94220, 97871
2026/09/26 22:59:47.345, 3, 94131, 97871
2026/09/26 22:59:47.545, 0, 93856, 97871
2026/09/26 22:59:47.545, 1, 94062, 97871
2026/09/26 22:59:47.545, 2, 94220, 97871
2026/09/26 22:59:47.545, 3, 94131, 97871
2026/09/26 22:59:47.745, 0, 93856, 97871
2026/09/26 22:59:47.745, 1, 94062, 97871
2026/09/26 22:59:47.745, 2, 94220, 97871
2026/09/26 22:59:47.745, 3, 94131, 97871
2026/09/26 22:59:47.945, 0, 93856, 97871
2026/09/26 22:59:47.945, 1, 94062, 97871
2026/09/26 22:59:47.945, 2, 94220, 97871
2026/09/26 22:59:47.946, 3, 94131, 97871
2026/09/26 22:59:48.146, 0, 93856, 97871
2026/09/26 22:59:48.146, 1, 94062, 97871
2026/09/26 22:59:48.146, 2, 94220, 97871
2026/09/26 22:59:48.146, 3, 94131, 97871
2026/09/26 22:59:48.346, 0, 93856, 97871
2026/09/26 22:59:48.346, 1, 94062, 97871
2026/09/26 22:59:48.346, 2, 94220, 97871
2026/09/26 22:59:48.346, 3, 94131, 97871
2026/09/26 22:59:48.546, 0, 93856, 97871
2026/09/26 22:59:48.546, 1, 94062, 97871
2026/09/26 22:59:48.546, 2, 94220, 97871
2026/09/26 22:59:48.546, 3, 94131, 97871
2026/09/26 22:59:48.746, 0, 93856, 97871
2026/09/26 22:59:48.746, 1, 94062, 97871
2026/09/26 22:59:48.747, 2, 94220, 97871
2026/09/26 22:59:48.747, 3, 94131, 97871
2026/09/26 22:59:48.947, 0, 93856, 97871
2026/09/26 22:59:48.947, 1, 94062, 97871
2026/09/26 22:59:48.947, 2, 94220, 97871
2026/09/26 22:59:48.947, 3, 94131, 97871
2026/09/26 22:59:49.147, 0, 93856, 97871
2026/09/26 22:59:49.147, 1, 94062, 97871
2026/09/26 22:59:49.147, 2, 94220, 97871
2026/09/26 22:59:49.147, 3, 94131, 97871
2026/09/26 22:59:49.347, 0, 93856, 97871
2026/09/26 22:59:49.347, 1, 94062, 97871
2026/09/26 22:59:49.347, 2, 94220, 97871
2026/09/26 22:59:49.347, 3, 94131, 97871
2026/09/26 22:59:49.547, 0, 93856, 97871
2026/09/26 22:59:49.548, 1, 94062, 97871
2026/09/26 22:59:49.548, 2, 94220, 97871
2026/09/26 22:59:49.548, 3, 94131, 97871
2026/09/26 22:59:49.748, 0, 93856, 97871
2026/09/26 22:59:49.748, 1, 94062, 97871
2026/09/26 22:59:49.748, 2, 94220, 97871
2026/09/26 22:59:49.748, 3, 94131, 97871
2026/09/26 22:59:49.948, 0, 93856, 97871
2026/09/26 22:59:49.948, 1, 94062, 97871
2026/09/26 22:59:49.948, 2, 94220, 97871
2026/09/26 22:59:49.948, 3, 94131, 97871
2026/09/26 22:59:50.148, 0, 93856, 97871
2026/09/26 22:59:50.148, 1, 94062, 97871
2026/09/26 22:59:50.148, 2, 94220, 97871
2026/09/26 22:59:50.148, 3, 94131, 97871
2026/09/26 22:59:50.349, 0, 93856, 97871
2026/09/26 22:59:50.349, 1, 94062, 97871
2026/09/26 22:59:50.349, 2, 94220, 97871
2026/09/26 22:59:50.349, 3, 94131, 97871
2026/09/26 22:59:50.549, 0, 93856, 97871
2026/09/26 22:59:50.549, 1, 94062, 97871
2026/09/26 22:59:50.549, 2, 94220, 97871
2026/09/26 22:59:50.549, 3, 94131, 97871
2026/09/26 22:59:50.749, 0, 93856, 97871
2026/09/26 22:59:50.749, 1, 94062, 97871
2026/09/26 22:59:50.749, 2, 94220, 97871
2026/09/26 22:59:50.749, 3, 94131, 97871
2026/09/26 22:59:50.949, 0, 93856, 97871
2026/09/26 22:59:50.949, 1, 94062, 97871
2026/09/26 22:59:50.949, 2, 94220, 97871
2026/09/26 22:59:50.950, 3, 94131, 97871
2026/09/26 22:59:51.150, 0, 93856, 97871
2026/09/26 22:59:51.150, 1, 94062, 97871
2026/09/26 22:59:51.150, 2, 94220, 97871
2026/09/26 22:59:51.150, 3, 94131, 97871
2026/09/26 22:59:51.350, 0, 93856, 97871
2026/09/26 22:59:51.350, 1, 94062, 97871
2026/09/26 22:59:51.350, 2, 94220, 97871
2026/09/26 22:59:51.350, 3, 94131, 97871
2026/09/26 22:59:51.550, 0, 93856, 97871
2026/09/26 22:59:51.550, 1, 94062, 97871
2026/09/26 22:59:51.550, 2, 94220, 97871
2026/09/26 22:59:51.550, 3, 94131, 97871
2026/09/26 22:59:51.750, 0, 93856, 97871
2026/09/26 22:59:51.750, 1, 94062, 97871
2026/09/26 22:59:51.751, 2, 94220, 97871
2026/09/26 22:59:51.751, 3, 94131, 97871
2026/09/26 22:59:51.951, 0, 93856, 97871
2026/09/26 22:59:51.951, 1, 94062, 97871
2026/09/26 22:59:51.951, 2, 94220, 97871
2026/09/26 22:59:51.951, 3, 94131, 97871
2026/09/26 22:59:52.151, 0, 93856, 97871
2026/09/26 22:59:52.151, 1, 94062, 97871
2026/09/26 22:59:52.151, 2, 94220, 97871
2026/09/26 22:59:52.151, 3, 94131, 97871
2026/09/26 22:59:52.351, 0, 93856, 97871
2026/09/26 22:59:52.351, 1, 94062, 97871
2026/09/26 22:59:52.351, 2, 94220, 97871
2026/09/26 22:59:52.351, 3, 94131, 97871
2026/09/26 22:59:52.551, 0, 93856, 97871
2026/09/26 22:59:52.552, 1, 94062, 97871
2026/09/26 22:59:52.552, 2, 94220, 97871
2026/09/26 22:59:52.552, 3, 94131, 97871
2026/09/26 22:59:52.752, 0, 93856, 97871
2026/09/26 22:59:52.752, 1, 94062, 97871
2026/09/26 22:59:52.752, 2, 94220, 97871
2026/09/26 22:59:52.752, 3, 94131, 97871
2026/09/26 22:59:52.952, 0, 93856, 97871
2026/09/26 22:59:52.952, 1, 94062, 97871
2026/09/26 22:59:52.952, 2, 94220, 97871
2026/09/26 22:59:52.952, 3, 94131, 97871
2026/09/26 22:59:53.152, 0, 93856, 97871
2026/09/26 22:59:53.152, 1, 94062, 97871
2026/09/26 22:59:53.152, 2, 94220, 97871
2026/09/26 22:59:53.152, 3, 94131, 97871
2026/09/26 22:59:53.352, 0, 93856, 97871
2026/09/26 22:59:53.353, 1, 94062, 97871
2026/09/26 22:59:53.353, 2, 94220, 97871
2026/09/26 22:59:53.353, 3, 94131, 97871
2026/09/26 22:59:53.553, 0, 93856, 97871
2026/09/26 22:59:53.553, 1, 94062, 97871
2026/09/26 22:59:53.553, 2, 94220, 97871
2026/09/26 22:59:53.553, 3, 94131, 97871
2026/09/26 22:59:53.753, 0, 93856, 97871
2026/09/26 22:59:53.753, 1, 94062, 97871
2026/09/26 22:59:53.753, 2, 94220, 97871
2026/09/26 22:59:53.753, 3, 94131, 97871
2026/09/26 22:59:53.953, 0, 93856, 97871
2026/09/26 22:59:53.953, 1, 94062, 97871
2026/09/26 22:59:53.953, 2, 94220, 97871
2026/09/26 22:59:53.953, 3, 94131, 97871
2026/09/26 22:59:54.153, 0, 93856, 97871
2026/09/26 22:59:54.154, 1, 94062, 97871
2026/09/26 22:59:54.154, 2, 94220, 97871
2026/09/26 22:59:54.154, 3, 94131, 97871
2026/09/26 22:59:54.354, 0, 93856, 97871
2026/09/26 22:59:54.354, 1, 94062, 97871
2026/09/26 22:59:54.354, 2, 94220, 97871
2026/09/26 22:59:54.354, 3, 94131, 97871
2026/09/26 22:59:54.554, 0, 93856, 97871
2026/09/26 22:59:54.554, 1, 94062, 97871
2026/09/26 22:59:54.554, 2, 94220, 97871
2026/09/26 22:59:54.554, 3, 94131, 97871
2026/09/26 22:59:54.754, 0, 93856, 97871
2026/09/26 22:59:54.754, 1, 94062, 97871
2026/09/26 22:59:54.754, 2, 94220, 97871
2026/09/26 22:59:54.754, 3, 94131, 97871
2026/09/26 22:59:54.955, 0, 93856, 97871
2026/09/26 22:59:54.955, 1, 94062, 97871
2026/09/26 22:59:54.955, 2, 94220, 97871
2026/09/26 22:59:54.955, 3, 94131, 97871
2026/09/26 22:59:55.155, 0, 93856, 97871
2026/09/26 22:59:55.155, 1, 94062, 97871
2026/09/26 22:59:55.155, 2, 94220, 97871
2026/09/26 22:59:55.155, 3, 94131, 97871
2026/09/26 22:59:55.355, 0, 93856, 97871
2026/09/26 22:59:55.355, 1, 94062, 97871
2026/09/26 22:59:55.355, 2, 94220, 97871
2026/09/26 22:59:55.355, 3, 94131, 97871
2026/09/26 22:59:55.555, 0, 93856, 97871
2026/09/26 22:59:55.555, 1, 94062, 97871
2026/09/26 22:59:55.555, 2, 94220, 97871
2026/09/26 22:59:55.556, 3, 94131, 97871
2026/09/26 22:59:55.756, 0, 93856, 97871
2026/09/26 22:59:55.756, 1, 94062, 97871
2026/09/26 22:59:55.756, 2, 94220, 97871
2026/09/26 22:59:55.756, 3, 94131, 97871
2026/09/26 22:59:55.956, 0, 93856, 97871
2026/09/26 22:59:55.956, 1, 94062, 97871
2026/09/26 22:59:55.956, 2, 94220, 97871
2026/09/26 22:59:55.956, 3, 94131, 97871
2026/09/26 22:59:56.156, 0, 93856, 97871
2026/09/26 22:59:56.156, 1, 94062, 97871
2026/09/26 22:59:56.156, 2, 94220, 97871
2026/09/26 22:59:56.156, 3, 94131, 97871
2026/09/26 22:59:56.356, 0, 93856, 97871
2026/09/26 22:59:56.357, 1, 94062, 97871
2026/09/26 22:59:56.357, 2, 94220, 97871
2026/09/26 22:59:56.357, 3, 94131, 97871
2026/09/26 22:59:56.557, 0, 93856, 97871
2026/09/26 22:59:56.557, 1, 94062, 97871
2026/09/26 22:59:56.557, 2, 94220, 97871
2026/09/26 22:59:56.557, 3, 94131, 97871
2026/09/26 22:59:56.757, 0, 93856, 97871
2026/09/26 22:59:56.757, 1, 94062, 97871
2026/09/26 22:59:56.757, 2, 94220, 97871
2026/09/26 22:59:56.757, 3, 94131, 97871
2026/09/26 22:59:56.957, 0, 93856, 97871
2026/09/26 22:59:56.958, 1, 94062, 97871
2026/09/26 22:59:56.958, 2, 94220, 97871
2026/09/26 22:59:56.958, 3, 94131, 97871
2026/09/26 22:59:57.158, 0, 93856, 97871
2026/09/26 22:59:57.158, 1, 94062, 97871
2026/09/26 22:59:57.158, 2, 94220, 97871
2026/09/26 22:59:57.158, 3, 94131, 97871
2026/09/26 22:59:57.358, 0, 93856, 97871
2026/09/26 22:59:57.358, 1, 94062, 97871
2026/09/26 22:59:57.358, 2, 94220, 97871
2026/09/26 22:59:57.358, 3, 94131, 97871
2026/09/26 22:59:57.558, 0, 93856, 97871
2026/09/26 22:59:57.558, 1, 94062, 97871
2026/09/26 22:59:57.558, 2, 94220, 97871
2026/09/26 22:59:57.558, 3, 94131, 97871
2026/09/26 22:59:57.758, 0, 93856, 97871
2026/09/26 22:59:57.759, 1, 94062, 97871
2026/09/26 22:59:57.759, 2, 94220, 97871
2026/09/26 22:59:57.759, 3, 94131, 97871
2026/09/26 22:59:57.959, 0, 93856, 97871
2026/09/26 22:59:57.959, 1, 94062, 97871
2026/09/26 22:59:57.959, 2, 94220, 97871
2026/09/26 22:59:57.959, 3, 94131, 97871
2026/09/26 22:59:58.159, 0, 93856, 97871
2026/09/26 22:59:58.159, 1, 94062, 97871
2026/09/26 22:59:58.159, 2, 94220, 97871
2026/09/26 22:59:58.159, 3, 94131, 97871
2026/09/26 22:59:58.359, 0, 93856, 97871
2026/09/26 22:59:58.359, 1, 94062, 97871
2026/09/26 22:59:58.359, 2, 94220, 97871
2026/09/26 22:59:58.360, 3, 94131, 97871
2026/09/26 22:59:58.560, 0, 93856, 97871
2026/09/26 22:59:58.560, 1, 94062, 97871
2026/09/26 22:59:58.560, 2, 94220, 97871
2026/09/26 22:59:58.560, 3, 94131, 97871
2026/09/26 22:59:58.760, 0, 93856, 97871
2026/09/26 22:59:58.760, 1, 94062, 97871
2026/09/26 22:59:58.760, 2, 94220, 97871
2026/09/26 22:59:58.760, 3, 94131, 97871
2026/09/26 22:59:58.960, 0, 93856, 97871
2026/09/26 22:59:58.960, 1, 94062, 97871
2026/09/26 22:59:58.960, 2, 94220, 97871
2026/09/26 22:59:58.960, 3, 94131, 97871
2026/09/26 22:59:59.160, 0, 93856, 97871
2026/09/26 22:59:59.160, 1, 94062, 97871
2026/09/26 22:59:59.160, 2, 94220, 97871
2026/09/26 22:59:59.160, 3, 94131, 97871
2026/09/26 22:59:59.361, 0, 93856, 97871
2026/09/26 22:59:59.361, 1, 94062, 97871
2026/09/26 22:59:59.361, 2, 94220, 97871
2026/09/26 22:59:59.361, 3, 94131, 97871
2026/09/26 22:59:59.561, 0, 93856, 97871
2026/09/26 22:59:59.561, 1, 94062, 97871
2026/09/26 22:59:59.561, 2, 94220, 97871
2026/09/26 22:59:59.561, 3, 94131, 97871
2026/09/26 22:59:59.761, 0, 93856, 97871
2026/09/26 22:59:59.761, 1, 94062, 97871
2026/09/26 22:59:59.761, 2, 94220, 97871
2026/09/26 22:59:59.761, 3, 94131, 97871
2026/09/26 22:59:59.961, 0, 93856, 97871
2026/09/26 22:59:59.961, 1, 94062, 97871
2026/09/26 22:59:59.962, 2, 94220, 97871
2026/09/26 22:59:59.962, 3, 94131, 97871
2026/09/26 23:00:00.162, 0, 93856, 97871
2026/09/26 23:00:00.162, 1, 94062, 97871
2026/09/26 23:00:00.162, 2, 94220, 97871
2026/09/26 23:00:00.162, 3, 94131, 97871
2026/09/26 23:00:00.362, 0, 93856, 97871
2026/09/26 23:00:00.362, 1, 94062, 97871
2026/09/26 23:00:00.362, 2, 94220, 97871
2026/09/26 23:00:00.362, 3, 94131, 97871
2026/09/26 23:00:00.562, 0, 93856, 97871
2026/09/26 23:00:00.562, 1, 94062, 97871
2026/09/26 23:00:00.562, 2, 94220, 97871
2026/09/26 23:00:00.562, 3, 94131, 97871
2026/09/26 23:00:00.762, 0, 93856, 97871
2026/09/26 23:00:00.762, 1, 94062, 97871
2026/09/26 23:00:00.763, 2, 94220, 97871
2026/09/26 23:00:00.763, 3, 94131, 97871
2026/09/26 23:00:00.963, 0, 93856, 97871
2026/09/26 23:00:00.963, 1, 94062, 97871
2026/09/26 23:00:00.963, 2, 94220, 97871
2026/09/26 23:00:00.963, 3, 94131, 97871
2026/09/26 23:00:01.163, 0, 93856, 97871
2026/09/26 23:00:01.163, 1, 94062, 97871
2026/09/26 23:00:01.163, 2, 94220, 97871
2026/09/26 23:00:01.163, 3, 94131, 97871
2026/09/26 23:00:01.363, 0, 93856, 97871
2026/09/26 23:00:01.363, 1, 94062, 97871
2026/09/26 23:00:01.363, 2, 94220, 97871
2026/09/26 23:00:01.363, 3, 94131, 97871
2026/09/26 23:00:01.563, 0, 93856, 97871
2026/09/26 23:00:01.564, 1, 94062, 97871
2026/09/26 23:00:01.564, 2, 94220, 97871
2026/09/26 23:00:01.564, 3, 94131, 97871
2026/09/26 23:00:01.764, 0, 93856, 97871
2026/09/26 23:00:01.764, 1, 94062, 97871
2026/09/26 23:00:01.764, 2, 94220, 97871
2026/09/26 23:00:01.764, 3, 94131, 97871
2026/09/26 23:00:01.964, 0, 93856, 97871
2026/09/26 23:00:01.964, 1, 94062, 97871
2026/09/26 23:00:01.964, 2, 94220, 97871
2026/09/26 23:00:01.964, 3, 94131, 97871
2026/09/26 23:00:02.164, 0, 93856, 97871
2026/09/26 23:00:02.164, 1, 94062, 97871
2026/09/26 23:00:02.164, 2, 94220, 97871
2026/09/26 23:00:02.164, 3, 94131, 97871
2026/09/26 23:00:02.365, 0, 93856, 97871
2026/09/26 23:00:02.365, 1, 94062, 97871
2026/09/26 23:00:02.365, 2, 94220, 97871
2026/09/26 23:00:02.365, 3, 94131, 97871
2026/09/26 23:00:02.565, 0, 93856, 97871
2026/09/26 23:00:02.565, 1, 94062, 97871
2026/09/26 23:00:02.565, 2, 94220, 97871
2026/09/26 23:00:02.565, 3, 94131, 97871
2026/09/26 23:00:02.765, 0, 93856, 97871
2026/09/26 23:00:02.765, 1, 94062, 97871
2026/09/26 23:00:02.765, 2, 94220, 97871
2026/09/26 23:00:02.765, 3, 94131, 97871
2026/09/26 23:00:02.965, 0, 93856, 97871
2026/09/26 23:00:02.965, 1, 94062, 97871
2026/09/26 23:00:02.965, 2, 94220, 97871
2026/09/26 23:00:02.965, 3, 94131, 97871
2026/09/26 23:00:03.166, 0, 93856, 97871
2026/09/26 23:00:03.166, 1, 94062, 97871
2026/09/26 23:00:03.166, 2, 94220, 97871
2026/09/26 23:00:03.166, 3, 94131, 97871
2026/09/26 23:00:03.366, 0, 93856, 97871
2026/09/26 23:00:03.366, 1, 94062, 97871
2026/09/26 23:00:03.366, 2, 94220, 97871
2026/09/26 23:00:03.366, 3, 94131, 97871
2026/09/26 23:00:03.566, 0, 93856, 97871
2026/09/26 23:00:03.566, 1, 94062, 97871
2026/09/26 23:00:03.566, 2, 94220, 97871
2026/09/26 23:00:03.566, 3, 94131, 97871
2026/09/26 23:00:03.766, 0, 93856, 97871
2026/09/26 23:00:03.766, 1, 94062, 97871
2026/09/26 23:00:03.766, 2, 94220, 97871
2026/09/26 23:00:03.766, 3, 94131, 97871
2026/09/26 23:00:03.967, 0, 93856, 97871
2026/09/26 23:00:03.967, 1, 94062, 97871
2026/09/26 23:00:03.967, 2, 94220, 97871
2026/09/26 23:00:03.967, 3, 94131, 97871
2026/09/26 23:00:04.167, 0, 93856, 97871
2026/09/26 23:00:04.167, 1, 94062, 97871
2026/09/26 23:00:04.167, 2, 94220, 97871
2026/09/26 23:00:04.167, 3, 94131, 97871
2026/09/26 23:00:04.367, 0, 93856, 97871
2026/09/26 23:00:04.367, 1, 94062, 97871
2026/09/26 23:00:04.367, 2, 94220, 97871
2026/09/26 23:00:04.367, 3, 94131, 97871
2026/09/26 23:00:04.567, 0, 93856, 97871
2026/09/26 23:00:04.568, 1, 94062, 97871
2026/09/26 23:00:04.568, 2, 94220, 97871
2026/09/26 23:00:04.568, 3, 94131, 97871
2026/09/26 23:00:04.768, 0, 93856, 97871
2026/09/26 23:00:04.768, 1, 94062, 97871
2026/09/26 23:00:04.768, 2, 94220, 97871
2026/09/26 23:00:04.768, 3, 94131, 97871
2026/09/26 23:00:04.968, 0, 93856, 97871
2026/09/26 23:00:04.968, 1, 94062, 97871
2026/09/26 23:00:04.968, 2, 94220, 97871
2026/09/26 23:00:04.968, 3, 94131, 97871
2026/09/26 23:00:05.168, 0, 93856, 97871
2026/09/26 23:00:05.168, 1, 94062, 97871
2026/09/26 23:00:05.168, 2, 94220, 97871
2026/09/26 23:00:05.168, 3, 94131, 97871
2026/09/26 23:00:05.368, 0, 93856, 97871
2026/09/26 23:00:05.369, 1, 94062, 97871
2026/09/26 23:00:05.369, 2, 94220, 97871
2026/09/26 23:00:05.369, 3, 94131, 97871
2026/09/26 23:00:05.569, 0, 93856, 97871
2026/09/26 23:00:05.569, 1, 94062, 97871
2026/09/26 23:00:05.569, 2, 94220, 97871
2026/09/26 23:00:05.569, 3, 94131, 97871
2026/09/26 23:00:05.769, 0, 93856, 97871
2026/09/26 23:00:05.769, 1, 94062, 97871
2026/09/26 23:00:05.769, 2, 94220, 97871
2026/09/26 23:00:05.769, 3, 94131, 97871
2026/09/26 23:00:05.969, 0, 93856, 97871
2026/09/26 23:00:05.969, 1, 94062, 97871
2026/09/26 23:00:05.969, 2, 94220, 97871
2026/09/26 23:00:05.969, 3, 94131, 97871
2026/09/26 23:00:06.170, 0, 93856, 97871
2026/09/26 23:00:06.170, 1, 94062, 97871
2026/09/26 23:00:06.170, 2, 94220, 97871
2026/09/26 23:00:06.170, 3, 94131, 97871
2026/09/26 23:00:06.370, 0, 93856, 97871
2026/09/26 23:00:06.370, 1, 94062, 97871
2026/09/26 23:00:06.370, 2, 94220, 97871
2026/09/26 23:00:06.370, 3, 94131, 97871
2026/09/26 23:00:06.570, 0, 93856, 97871
2026/09/26 23:00:06.570, 1, 94062, 97871
2026/09/26 23:00:06.570, 2, 94220, 97871
2026/09/26 23:00:06.570, 3, 94131, 97871
2026/09/26 23:00:06.770, 0, 93856, 97871
2026/09/26 23:00:06.770, 1, 94062, 97871
2026/09/26 23:00:06.770, 2, 94220, 97871
2026/09/26 23:00:06.771, 3, 94131, 97871
2026/09/26 23:00:06.971, 0, 93856, 97871
2026/09/26 23:00:06.971, 1, 94062, 97871
2026/09/26 23:00:06.971, 2, 94220, 97871
2026/09/26 23:00:06.971, 3, 94131, 97871
2026/09/26 23:00:07.171, 0, 93856, 97871
2026/09/26 23:00:07.171, 1, 94062, 97871
2026/09/26 23:00:07.171, 2, 94220, 97871
2026/09/26 23:00:07.171, 3, 94131, 97871
2026/09/26 23:00:07.371, 0, 93856, 97871
2026/09/26 23:00:07.371, 1, 94062, 97871
2026/09/26 23:00:07.371, 2, 94220, 97871
2026/09/26 23:00:07.371, 3, 94131, 97871
2026/09/26 23:00:07.571, 0, 93856, 97871
2026/09/26 23:00:07.571, 1, 94062, 97871
2026/09/26 23:00:07.571, 2, 94220, 97871
2026/09/26 23:00:07.571, 3, 94131, 97871
2026/09/26 23:00:07.772, 0, 93856, 97871
2026/09/26 23:00:07.772, 1, 94062, 97871
2026/09/26 23:00:07.772, 2, 94220, 97871
2026/09/26 23:00:07.772, 3, 94131, 97871
2026/09/26 23:00:07.972, 0, 93856, 97871
2026/09/26 23:00:07.972, 1, 94062, 97871
2026/09/26 23:00:07.972, 2, 94220, 97871
2026/09/26 23:00:07.972, 3, 94131, 97871
2026/09/26 23:00:08.172, 0, 93856, 97871
2026/09/26 23:00:08.172, 1, 94062, 97871
2026/09/26 23:00:08.172, 2, 94220, 97871
2026/09/26 23:00:08.172, 3, 94131, 97871
2026/09/26 23:00:08.372, 0, 93856, 97871
2026/09/26 23:00:08.372, 1, 94062, 97871
2026/09/26 23:00:08.372, 2, 94220, 97871
2026/09/26 23:00:08.372, 3, 94131, 97871
2026/09/26 23:00:08.573, 0, 93856, 97871
2026/09/26 23:00:08.573, 1, 94062, 97871
2026/09/26 23:00:08.573, 2, 94220, 97871
2026/09/26 23:00:08.573, 3, 94131, 97871
2026/09/26 23:00:08.773, 0, 93856, 97871
2026/09/26 23:00:08.773, 1, 94062, 97871
2026/09/26 23:00:08.773, 2, 94220, 97871
2026/09/26 23:00:08.773, 3, 94131, 97871
2026/09/26 23:00:08.973, 0, 93856, 97871
2026/09/26 23:00:08.973, 1, 94062, 97871
2026/09/26 23:00:08.973, 2, 94220, 97871
2026/09/26 23:00:08.973, 3, 94131, 97871
2026/09/26 23:00:09.173, 0, 93856, 97871
2026/09/26 23:00:09.173, 1, 94062, 97871
2026/09/26 23:00:09.173, 2, 94220, 97871
2026/09/26 23:00:09.173, 3, 94131, 97871
2026/09/26 23:00:09.374, 0, 93856, 97871
2026/09/26 23:00:09.374, 1, 94062, 97871
2026/09/26 23:00:09.374, 2, 94220, 97871
2026/09/26 23:00:09.374, 3, 94131, 97871
2026/09/26 23:00:09.574, 0, 93856, 97871
2026/09/26 23:00:09.574, 1, 94062, 97871
2026/09/26 23:00:09.574, 2, 94220, 97871
2026/09/26 23:00:09.574, 3, 94131, 97871
2026/09/26 23:00:09.774, 0, 93856, 97871
2026/09/26 23:00:09.774, 1, 94062, 97871
2026/09/26 23:00:09.774, 2, 94220, 97871
2026/09/26 23:00:09.774, 3, 94131, 97871
2026/09/26 23:00:09.974, 0, 93856, 97871
2026/09/26 23:00:09.974, 1, 94062, 97871
2026/09/26 23:00:09.974, 2, 94220, 97871
2026/09/26 23:00:09.975, 3, 94131, 97871
2026/09/26 23:00:10.175, 0, 93856, 97871
2026/09/26 23:00:10.175, 1, 94062, 97871
2026/09/26 23:00:10.175, 2, 94220, 97871
2026/09/26 23:00:10.175, 3, 94131, 97871
2026/09/26 23:00:10.375, 0, 93856, 97871
2026/09/26 23:00:10.375, 1, 94062, 97871
2026/09/26 23:00:10.375, 2, 94220, 97871
2026/09/26 23:00:10.375, 3, 94131, 97871
2026/09/26 23:00:10.575, 0, 93856, 97871
2026/09/26 23:00:10.575, 1, 94062, 97871
2026/09/26 23:00:10.575, 2, 94220, 97871
2026/09/26 23:00:10.575, 3, 94131, 97871
2026/09/26 23:00:10.775, 0, 93856, 97871
2026/09/26 23:00:10.776, 1, 94062, 97871
2026/09/26 23:00:10.776, 2, 94220, 97871
2026/09/26 23:00:10.776, 3, 94131, 97871
2026/09/26 23:00:10.976, 0, 93856, 97871
2026/09/26 23:00:10.976, 1, 94062, 97871
2026/09/26 23:00:10.976, 2, 94220, 97871
2026/09/26 23:00:10.976, 3, 94131, 97871
2026/09/26 23:00:11.176, 0, 93856, 97871
2026/09/26 23:00:11.176, 1, 94062, 97871
2026/09/26 23:00:11.176, 2, 94220, 97871
2026/09/26 23:00:11.176, 3, 94131, 97871
2026/09/26 23:00:11.376, 0, 93856, 97871
2026/09/26 23:00:11.376, 1, 94062, 97871
2026/09/26 23:00:11.376, 2, 94220, 97871
2026/09/26 23:00:11.376, 3, 94131, 97871
2026/09/26 23:00:11.576, 0, 93856, 97871
2026/09/26 23:00:11.577, 1, 94062, 97871
2026/09/26 23:00:11.577, 2, 94220, 97871
2026/09/26 23:00:11.577, 3, 94131, 97871
2026/09/26 23:00:11.777, 0, 93856, 97871
2026/09/26 23:00:11.777, 1, 94062, 97871
2026/09/26 23:00:11.777, 2, 94220, 97871
2026/09/26 23:00:11.777, 3, 94131, 97871
2026/09/26 23:00:11.977, 0, 93856, 97871
2026/09/26 23:00:11.977, 1, 94062, 97871
2026/09/26 23:00:11.977, 2, 94220, 97871
2026/09/26 23:00:11.977, 3, 94131, 97871
2026/09/26 23:00:12.177, 0, 93856, 97871
2026/09/26 23:00:12.177, 1, 94062, 97871
2026/09/26 23:00:12.177, 2, 94220, 97871
2026/09/26 23:00:12.177, 3, 94131, 97871
2026/09/26 23:00:12.377, 0, 93856, 97871
2026/09/26 23:00:12.378, 1, 94062, 97871
2026/09/26 23:00:12.378, 2, 94220, 97871
2026/09/26 23:00:12.378, 3, 94131, 97871
2026/09/26 23:00:12.578, 0, 93856, 97871
2026/09/26 23:00:12.578, 1, 94062, 97871
2026/09/26 23:00:12.578, 2, 94220, 97871
2026/09/26 23:00:12.578, 3, 94131, 97871
2026/09/26 23:00:12.778, 0, 93856, 97871
2026/09/26 23:00:12.778, 1, 94062, 97871
2026/09/26 23:00:12.778, 2, 94220, 97871
2026/09/26 23:00:12.778, 3, 94131, 97871
2026/09/26 23:00:12.978, 0, 93856, 97871
2026/09/26 23:00:12.978, 1, 94062, 97871
2026/09/26 23:00:12.978, 2, 94220, 97871
2026/09/26 23:00:12.978, 3, 94131, 97871
2026/09/26 23:00:13.178, 0, 93856, 97871
2026/09/26 23:00:13.179, 1, 94062, 97871
2026/09/26 23:00:13.179, 2, 94220, 97871
2026/09/26 23:00:13.179, 3, 94131, 97871
2026/09/26 23:00:13.379, 0, 93856, 97871
2026/09/26 23:00:13.379, 1, 94062, 97871
2026/09/26 23:00:13.379, 2, 94220, 97871
2026/09/26 23:00:13.379, 3, 94131, 97871
2026/09/26 23:00:13.579, 0, 93856, 97871
2026/09/26 23:00:13.579, 1, 94062, 97871
2026/09/26 23:00:13.579, 2, 94220, 97871
2026/09/26 23:00:13.579, 3, 94131, 97871
2026/09/26 23:00:13.779, 0, 93856, 97871
2026/09/26 23:00:13.779, 1, 94062, 97871
2026/09/26 23:00:13.779, 2, 94220, 97871
2026/09/26 23:00:13.779, 3, 94131, 97871
2026/09/26 23:00:13.980, 0, 93856, 97871
2026/09/26 23:00:13.980, 1, 94062, 97871
2026/09/26 23:00:13.980, 2, 94220, 97871
2026/09/26 23:00:13.980, 3, 94131, 97871
2026/09/26 23:00:14.180, 0, 93856, 97871
2026/09/26 23:00:14.180, 1, 94062, 97871
2026/09/26 23:00:14.180, 2, 94220, 97871
2026/09/26 23:00:14.180, 3, 94131, 97871
2026/09/26 23:00:14.380, 0, 93856, 97871
2026/09/26 23:00:14.380, 1, 94062, 97871
2026/09/26 23:00:14.380, 2, 94220, 97871
2026/09/26 23:00:14.380, 3, 94131, 97871
2026/09/26 23:00:14.580, 0, 93856, 97871
2026/09/26 23:00:14.580, 1, 94062, 97871
2026/09/26 23:00:14.580, 2, 94220, 97871
2026/09/26 23:00:14.580, 3, 94131, 97871
2026/09/26 23:00:14.781, 0, 93856, 97871
2026/09/26 23:00:14.781, 1, 94062, 97871
2026/09/26 23:00:14.781, 2, 94220, 97871
2026/09/26 23:00:14.781, 3, 94131, 97871
2026/09/26 23:00:14.981, 0, 93856, 97871
2026/09/26 23:00:14.981, 1, 94062, 97871
2026/09/26 23:00:14.981, 2, 94220, 97871
2026/09/26 23:00:14.981, 3, 94131, 97871
2026/09/26 23:00:15.181, 0, 93856, 97871
2026/09/26 23:00:15.181, 1, 94062, 97871
2026/09/26 23:00:15.181, 2, 94220, 97871
2026/09/26 23:00:15.182, 3, 94131, 97871
2026/09/26 23:00:15.382, 0, 93856, 97871
2026/09/26 23:00:15.382, 1, 94062, 97871
2026/09/26 23:00:15.382, 2, 94220, 97871
2026/09/26 23:00:15.382, 3, 94131, 97871
2026/09/26 23:00:15.582, 0, 93856, 97871
2026/09/26 23:00:15.582, 1, 94062, 97871
2026/09/26 23:00:15.582, 2, 94220, 97871
2026/09/26 23:00:15.582, 3, 94131, 97871
2026/09/26 23:00:15.782, 0, 93856, 97871
2026/09/26 23:00:15.782, 1, 94062, 97871
2026/09/26 23:00:15.783, 2, 94220, 97871
2026/09/26 23:00:15.783, 3, 94131, 97871
2026/09/26 23:00:15.983, 0, 93856, 97871
2026/09/26 23:00:15.983, 1, 94062, 97871
2026/09/26 23:00:15.983, 2, 94220, 97871
2026/09/26 23:00:15.983, 3, 94131, 97871
2026/09/26 23:00:16.183, 0, 93856, 97871
2026/09/26 23:00:16.183, 1, 94062, 97871
2026/09/26 23:00:16.183, 2, 94220, 97871
2026/09/26 23:00:16.183, 3, 94131, 97871
2026/09/26 23:00:16.384, 0, 93856, 97871
2026/09/26 23:00:16.384, 1, 94062, 97871
2026/09/26 23:00:16.384, 2, 94220, 97871
2026/09/26 23:00:16.384, 3, 94131, 97871
2026/09/26 23:00:16.584, 0, 93856, 97871
2026/09/26 23:00:16.584, 1, 94062, 97871
2026/09/26 23:00:16.584, 2, 94220, 97871
2026/09/26 23:00:16.584, 3, 94131, 97871
2026/09/26 23:00:16.784, 0, 93856, 97871
2026/09/26 23:00:16.784, 1, 94062, 97871
2026/09/26 23:00:16.784, 2, 94220, 97871
2026/09/26 23:00:16.785, 3, 94131, 97871
2026/09/26 23:00:16.985, 0, 93856, 97871
2026/09/26 23:00:16.985, 1, 94062, 97871
2026/09/26 23:00:16.985, 2, 94220, 97871
2026/09/26 23:00:16.985, 3, 94131, 97871
2026/09/26 23:00:17.185, 0, 93856, 97871
2026/09/26 23:00:17.185, 1, 94062, 97871
2026/09/26 23:00:17.185, 2, 94220, 97871
2026/09/26 23:00:17.185, 3, 94131, 97871
2026/09/26 23:00:17.385, 0, 93856, 97871
2026/09/26 23:00:17.385, 1, 94062, 97871
2026/09/26 23:00:17.385, 2, 94220, 97871
2026/09/26 23:00:17.385, 3, 94131, 97871
2026/09/26 23:00:17.586, 0, 93856, 97871
2026/09/26 23:00:17.586, 1, 94062, 97871
2026/09/26 23:00:17.586, 2, 94220, 97871
2026/09/26 23:00:17.586, 3, 94131, 97871
2026/09/26 23:00:17.786, 0, 93856, 97871
2026/09/26 23:00:17.786, 1, 94062, 97871
2026/09/26 23:00:17.786, 2, 94220, 97871
2026/09/26 23:00:17.786, 3, 94131, 97871
2026/09/26 23:00:17.986, 0, 93856, 97871
2026/09/26 23:00:18.008, 1, 94062, 97871
2026/09/26 23:00:18.022, 2, 94220, 97871
2026/09/26 23:00:18.056, 3, 94131, 97871
2026/09/26 23:00:18.256, 0, 93856, 97871
2026/09/26 23:00:18.276, 1, 94062, 97871
2026/09/26 23:00:18.309, 2, 94220, 97871
2026/09/26 23:00:18.324, 3, 94131, 97871
2026/09/26 23:00:18.524, 0, 93856, 97871
2026/09/26 23:00:18.524, 1, 94062, 97871
2026/09/26 23:00:18.524, 2, 94220, 97871
2026/09/26 23:00:18.524, 3, 94131, 97871
2026/09/26 23:00:18.724, 0, 93856, 97871
2026/09/26 23:00:18.724, 1, 94062, 97871
2026/09/26 23:00:18.724, 2, 94220, 97871
2026/09/26 23:00:18.724, 3, 94131, 97871
2026/09/26 23:00:18.924, 0, 93856, 97871
2026/09/26 23:00:18.924, 1, 94062, 97871
2026/09/26 23:00:18.924, 2, 94220, 97871
2026/09/26 23:00:18.924, 3, 94131, 97871
2026/09/26 23:00:19.125, 0, 93856, 97871
2026/09/26 23:00:19.125, 1, 94062, 97871
2026/09/26 23:00:19.125, 2, 94220, 97871
2026/09/26 23:00:19.125, 3, 94131, 97871
2026/09/26 23:00:19.325, 0, 93856, 97871
2026/09/26 23:00:19.358, 1, 94062, 97871
2026/09/26 23:00:19.392, 2, 94220, 97871
2026/09/26 23:00:19.425, 3, 94131, 97871
2026/09/26 23:00:19.625, 0, 93856, 97871
2026/09/26 23:00:19.625, 1, 94062, 97871
2026/09/26 23:00:19.625, 2, 94220, 97871
2026/09/26 23:00:19.625, 3, 94131, 97871
2026/09/26 23:00:19.825, 0, 93856, 97871
2026/09/26 23:00:19.825, 1, 94062, 97871
2026/09/26 23:00:19.825, 2, 94220, 97871
2026/09/26 23:00:19.825, 3, 94131, 97871
2026/09/26 23:00:20.026, 0, 93856, 97871
2026/09/26 23:00:20.026, 1, 94062, 97871
2026/09/26 23:00:20.026, 2, 94220, 97871
2026/09/26 23:00:20.026, 3, 94131, 97871
2026/09/26 23:00:20.226, 0, 93856, 97871
2026/09/26 23:00:20.226, 1, 94062, 97871
2026/09/26 23:00:20.226, 2, 94220, 97871
2026/09/26 23:00:20.226, 3, 94131, 97871
2026/09/26 23:00:20.426, 0, 93856, 97871
2026/09/26 23:00:20.426, 1, 94062, 97871
2026/09/26 23:00:20.426, 2, 94220, 97871
2026/09/26 23:00:20.426, 3, 94131, 97871
2026/09/26 23:00:20.626, 0, 93856, 97871
2026/09/26 23:00:20.626, 1, 94062, 97871
2026/09/26 23:00:20.626, 2, 94220, 97871
2026/09/26 23:00:20.626, 3, 94131, 97871
2026/09/26 23:00:20.827, 0, 93856, 97871
2026/09/26 23:00:20.827, 1, 94062, 97871
2026/09/26 23:00:20.827, 2, 94220, 97871
2026/09/26 23:00:20.827, 3, 94131, 97871
2026/09/26 23:00:21.027, 0, 93856, 97871
2026/09/26 23:00:21.027, 1, 94062, 97871
2026/09/26 23:00:21.027, 2, 94220, 97871
2026/09/26 23:00:21.027, 3, 94131, 97871
2026/09/26 23:00:21.227, 0, 93856, 97871
2026/09/26 23:00:21.227, 1, 94062, 97871
2026/09/26 23:00:21.227, 2, 94220, 97871
2026/09/26 23:00:21.227, 3, 94131, 97871
2026/09/26 23:00:21.427, 0, 93856, 97871
2026/09/26 23:00:21.427, 1, 94062, 97871
2026/09/26 23:00:21.428, 2, 94220, 97871
2026/09/26 23:00:21.428, 3, 94131, 97871
2026/09/26 23:00:21.628, 0, 93856, 97871
2026/09/26 23:00:21.628, 1, 94062, 97871
2026/09/26 23:00:21.628, 2, 94220, 97871
2026/09/26 23:00:21.628, 3, 94131, 97871
2026/09/26 23:00:21.828, 0, 93856, 97871
2026/09/26 23:00:21.828, 1, 94062, 97871
2026/09/26 23:00:21.828, 2, 94220, 97871
2026/09/26 23:00:21.828, 3, 94131, 97871
2026/09/26 23:00:22.028, 0, 93856, 97871
2026/09/26 23:00:22.028, 1, 94062, 97871
2026/09/26 23:00:22.028, 2, 94220, 97871
2026/09/26 23:00:22.029, 3, 94131, 97871
2026/09/26 23:00:22.229, 0, 93856, 97871
2026/09/26 23:00:22.229, 1, 94062, 97871
2026/09/26 23:00:22.229, 2, 94220, 97871
2026/09/26 23:00:22.229, 3, 94131, 97871
2026/09/26 23:00:22.429, 0, 93856, 97871
2026/09/26 23:00:22.429, 1, 94062, 97871
2026/09/26 23:00:22.429, 2, 94220, 97871
2026/09/26 23:00:22.429, 3, 94131, 97871
2026/09/26 23:00:22.629, 0, 93856, 97871
2026/09/26 23:00:22.629, 1, 94062, 97871
2026/09/26 23:00:22.629, 2, 94220, 97871
2026/09/26 23:00:22.629, 3, 94131, 97871
2026/09/26 23:00:22.829, 0, 93856, 97871
2026/09/26 23:00:22.829, 1, 94062, 97871
2026/09/26 23:00:22.829, 2, 94220, 97871
2026/09/26 23:00:22.830, 3, 94131, 97871
2026/09/26 23:00:23.030, 0, 93856, 97871
2026/09/26 23:00:23.030, 1, 94062, 97871
2026/09/26 23:00:23.030, 2, 94220, 97871
2026/09/26 23:00:23.030, 3, 94131, 97871
2026/09/26 23:00:23.230, 0, 93856, 97871
2026/09/26 23:00:23.230, 1, 94062, 97871
2026/09/26 23:00:23.230, 2, 94220, 97871
2026/09/26 23:00:23.230, 3, 94131, 97871
2026/09/26 23:00:23.430, 0, 93856, 97871
2026/09/26 23:00:23.430, 1, 94062, 97871
2026/09/26 23:00:23.430, 2, 94220, 97871
2026/09/26 23:00:23.430, 3, 94131, 97871
2026/09/26 23:00:23.630, 0, 93856, 97871
2026/09/26 23:00:23.630, 1, 94062, 97871
2026/09/26 23:00:23.630, 2, 94220, 97871
2026/09/26 23:00:23.630, 3, 94131, 97871
2026/09/26 23:00:23.831, 0, 93856, 97871
2026/09/26 23:00:23.831, 1, 94062, 97871
2026/09/26 23:00:23.831, 2, 94220, 97871
2026/09/26 23:00:23.831, 3, 94131, 97871
2026/09/26 23:00:24.031, 0, 93856, 97871
2026/09/26 23:00:24.031, 1, 94062, 97871
2026/09/26 23:00:24.031, 2, 94220, 97871
2026/09/26 23:00:24.031, 3, 94131, 97871
2026/09/26 23:00:24.231, 0, 93856, 97871
2026/09/26 23:00:24.231, 1, 94062, 97871
2026/09/26 23:00:24.231, 2, 94220, 97871
2026/09/26 23:00:24.231, 3, 94131, 97871
2026/09/26 23:00:24.431, 0, 93856, 97871
2026/09/26 23:00:24.431, 1, 94062, 97871
2026/09/26 23:00:24.432, 2, 94220, 97871
2026/09/26 23:00:24.432, 3, 94131, 97871
2026/09/26 23:00:24.632, 0, 93856, 97871
2026/09/26 23:00:24.632, 1, 94062, 97871
2026/09/26 23:00:24.632, 2, 94220, 97871
2026/09/26 23:00:24.632, 3, 94131, 97871
2026/09/26 23:00:24.832, 0, 93856, 97871
2026/09/26 23:00:24.832, 1, 94062, 97871
2026/09/26 23:00:24.832, 2, 94220, 97871
2026/09/26 23:00:24.832, 3, 94131, 97871
2026/09/26 23:00:25.032, 0, 93856, 97871
2026/09/26 23:00:25.032, 1, 94062, 97871
2026/09/26 23:00:25.032, 2, 94220, 97871
2026/09/26 23:00:25.032, 3, 94131, 97871
2026/09/26 23:00:25.232, 0, 93856, 97871
2026/09/26 23:00:25.232, 1, 94062, 97871
2026/09/26 23:00:25.233, 2, 94220, 97871
2026/09/26 23:00:25.233, 3, 94131, 97871
2026/09/26 23:00:25.433, 0, 93856, 97871
2026/09/26 23:00:25.433, 1, 94062, 97871
2026/09/26 23:00:25.433, 2, 94220, 97871
2026/09/26 23:00:25.433, 3, 94131, 97871
2026/09/26 23:00:25.633, 0, 93856, 97871
2026/09/26 23:00:25.633, 1, 94062, 97871
2026/09/26 23:00:25.633, 2, 94220, 97871
2026/09/26 23:00:25.633, 3, 94131, 97871
2026/09/26 23:00:25.833, 0, 93856, 97871
2026/09/26 23:00:25.833, 1, 94062, 97871
2026/09/26 23:00:25.833, 2, 94220, 97871
2026/09/26 23:00:25.833, 3, 94131, 97871
2026/09/26 23:00:26.034, 0, 93856, 97871
2026/09/26 23:00:26.034, 1, 94062, 97871
2026/09/26 23:00:26.034, 2, 94220, 97871
2026/09/26 23:00:26.034, 3, 94131, 97871
2026/09/26 23:00:26.234, 0, 93856, 97871
2026/09/26 23:00:26.234, 1, 94062, 97871
2026/09/26 23:00:26.234, 2, 94220, 97871
2026/09/26 23:00:26.234, 3, 94131, 97871
2026/09/26 23:00:26.434, 0, 93856, 97871
2026/09/26 23:00:26.434, 1, 94062, 97871
2026/09/26 23:00:26.434, 2, 94220, 97871
2026/09/26 23:00:26.434, 3, 94131, 97871
2026/09/26 23:00:26.634, 0, 93856, 97871
2026/09/26 23:00:26.634, 1, 94062, 97871
2026/09/26 23:00:26.635, 2, 94220, 97871
2026/09/26 23:00:26.635, 3, 94131, 97871
2026/09/26 23:00:26.835, 0, 93856, 97871
2026/09/26 23:00:26.835, 1, 94062, 97871
2026/09/26 23:00:26.835, 2, 94220, 97871
2026/09/26 23:00:26.835, 3, 94131, 97871
2026/09/26 23:00:27.035, 0, 93856, 97871
2026/09/26 23:00:27.035, 1, 94062, 97871
2026/09/26 23:00:27.035, 2, 94220, 97871
2026/09/26 23:00:27.035, 3, 94131, 97871
2026/09/26 23:00:27.235, 0, 93856, 97871
2026/09/26 23:00:27.235, 1, 94062, 97871
2026/09/26 23:00:27.235, 2, 94220, 97871
2026/09/26 23:00:27.235, 3, 94131, 97871
2026/09/26 23:00:27.435, 0, 93856, 97871
2026/09/26 23:00:27.436, 1, 94062, 97871
2026/09/26 23:00:27.436, 2, 94220, 97871
2026/09/26 23:00:27.436, 3, 94131, 97871
2026/09/26 23:00:27.636, 0, 93856, 97871
2026/09/26 23:00:27.636, 1, 94062, 97871
2026/09/26 23:00:27.636, 2, 94220, 97871
2026/09/26 23:00:27.636, 3, 94131, 97871
2026/09/26 23:00:27.836, 0, 93856, 97871
2026/09/26 23:00:27.836, 1, 94062, 97871
2026/09/26 23:00:27.836, 2, 94220, 97871
2026/09/26 23:00:27.836, 3, 94131, 97871
2026/09/26 23:00:28.036, 0, 93856, 97871
2026/09/26 23:00:28.036, 1, 94062, 97871
2026/09/26 23:00:28.036, 2, 94220, 97871
2026/09/26 23:00:28.036, 3, 94131, 97871
2026/09/26 23:00:28.237, 0, 93856, 97871
2026/09/26 23:00:28.237, 1, 94062, 97871
2026/09/26 23:00:28.237, 2, 94220, 97871
2026/09/26 23:00:28.237, 3, 94131, 97871
2026/09/26 23:00:28.437, 0, 93856, 97871
2026/09/26 23:00:28.437, 1, 94062, 97871
2026/09/26 23:00:28.437, 2, 94220, 97871
2026/09/26 23:00:28.437, 3, 94131, 97871
2026/09/26 23:00:28.637, 0, 93856, 97871
2026/09/26 23:00:28.637, 1, 94062, 97871
2026/09/26 23:00:28.637, 2, 94220, 97871
2026/09/26 23:00:28.637, 3, 94131, 97871
2026/09/26 23:00:28.837, 0, 93856, 97871
2026/09/26 23:00:28.837, 1, 94062, 97871
2026/09/26 23:00:28.837, 2, 94220, 97871
2026/09/26 23:00:28.837, 3, 94131, 97871
2026/09/26 23:00:29.037, 0, 93856, 97871
2026/09/26 23:00:29.038, 1, 94062, 97871
2026/09/26 23:00:29.038, 2, 94220, 97871
2026/09/26 23:00:29.038, 3, 94131, 97871
2026/09/26 23:00:29.238, 0, 93856, 97871
2026/09/26 23:00:29.238, 1, 94062, 97871
2026/09/26 23:00:29.238, 2, 94220, 97871
2026/09/26 23:00:29.238, 3, 94131, 97871
2026/09/26 23:00:29.438, 0, 93856, 97871
2026/09/26 23:00:29.438, 1, 94062, 97871
2026/09/26 23:00:29.438, 2, 94220, 97871
2026/09/26 23:00:29.438, 3, 94131, 97871
2026/09/26 23:00:29.638, 0, 93856, 97871
2026/09/26 23:00:29.638, 1, 94062, 97871
2026/09/26 23:00:29.638, 2, 94220, 97871
2026/09/26 23:00:29.638, 3, 94131, 97871
2026/09/26 23:00:29.838, 0, 93856, 97871
2026/09/26 23:00:29.839, 1, 94062, 97871
2026/09/26 23:00:29.839, 2, 94220, 97871
2026/09/26 23:00:29.839, 3, 94131, 97871
2026/09/26 23:00:30.039, 0, 93856, 97871
2026/09/26 23:00:30.039, 1, 94062, 97871
2026/09/26 23:00:30.039, 2, 94220, 97871
2026/09/26 23:00:30.039, 3, 94131, 97871
2026/09/26 23:00:30.239, 0, 93856, 97871
2026/09/26 23:00:30.239, 1, 94062, 97871
2026/09/26 23:00:30.239, 2, 94220, 97871
2026/09/26 23:00:30.239, 3, 94131, 97871
2026/09/26 23:00:30.439, 0, 93856, 97871
2026/09/26 23:00:30.439, 1, 94062, 97871
2026/09/26 23:00:30.439, 2, 94220, 97871
2026/09/26 23:00:30.439, 3, 94131, 97871
2026/09/26 23:00:30.639, 0, 93856, 97871
2026/09/26 23:00:30.639, 1, 94062, 97871
2026/09/26 23:00:30.640, 2, 94220, 97871
2026/09/26 23:00:30.640, 3, 94131, 97871
2026/09/26 23:00:30.840, 0, 93856, 97871
2026/09/26 23:00:30.840, 1, 94062, 97871
2026/09/26 23:00:30.840, 2, 94220, 97871
2026/09/26 23:00:30.840, 3, 94131, 97871
2026/09/26 23:00:31.040, 0, 93856, 97871
2026/09/26 23:00:31.040, 1, 94062, 97871
2026/09/26 23:00:31.040, 2, 94220, 97871
2026/09/26 23:00:31.040, 3, 94131, 97871
2026/09/26 23:00:31.240, 0, 93856, 97871
2026/09/26 23:00:31.240, 1, 94062, 97871
2026/09/26 23:00:31.240, 2, 94220, 97871
2026/09/26 23:00:31.240, 3, 94131, 97871
2026/09/26 23:00:31.440, 0, 93856, 97871
2026/09/26 23:00:31.440, 1, 94062, 97871
2026/09/26 23:00:31.441, 2, 94220, 97871
2026/09/26 23:00:31.441, 3, 94131, 97871
2026/09/26 23:00:31.641, 0, 93856, 97871
2026/09/26 23:00:31.641, 1, 94062, 97871
2026/09/26 23:00:31.641, 2, 94220, 97871
2026/09/26 23:00:31.641, 3, 94131, 97871
2026/09/26 23:00:31.841, 0, 93856, 97871
2026/09/26 23:00:31.841, 1, 94062, 97871
2026/09/26 23:00:31.841, 2, 94220, 97871
2026/09/26 23:00:31.841, 3, 94131, 97871
2026/09/26 23:00:32.041, 0, 93856, 97871
2026/09/26 23:00:32.041, 1, 94062, 97871
2026/09/26 23:00:32.041, 2, 94220, 97871
2026/09/26 23:00:32.041, 3, 94131, 97871
2026/09/26 23:00:32.241, 0, 93856, 97871
2026/09/26 23:00:32.241, 1, 94062, 97871
2026/09/26 23:00:32.242, 2, 94220, 97871
2026/09/26 23:00:32.242, 3, 94131, 97871
2026/09/26 23:00:32.442, 0, 93856, 97871
2026/09/26 23:00:32.442, 1, 94062, 97871
2026/09/26 23:00:32.442, 2, 94220, 97871
2026/09/26 23:00:32.442, 3, 94131, 97871
2026/09/26 23:00:32.642, 0, 93856, 97871
2026/09/26 23:00:32.642, 1, 94062, 97871
2026/09/26 23:00:32.642, 2, 94220, 97871
2026/09/26 23:00:32.642, 3, 94131, 97871
2026/09/26 23:00:32.842, 0, 93856, 97871
2026/09/26 23:00:32.842, 1, 94062, 97871
2026/09/26 23:00:32.842, 2, 94220, 97871
2026/09/26 23:00:32.842, 3, 94131, 97871
2026/09/26 23:00:33.042, 0, 93856, 97871
2026/09/26 23:00:33.042, 1, 94062, 97871
2026/09/26 23:00:33.043, 2, 94220, 97871
2026/09/26 23:00:33.043, 3, 94131, 97871
2026/09/26 23:00:33.243, 0, 93856, 97871
2026/09/26 23:00:33.243, 1, 94062, 97871
2026/09/26 23:00:33.243, 2, 94220, 97871
2026/09/26 23:00:33.243, 3, 94131, 97871
2026/09/26 23:00:33.443, 0, 93856, 97871
2026/09/26 23:00:33.443, 1, 94062, 97871
2026/09/26 23:00:33.443, 2, 94220, 97871
2026/09/26 23:00:33.443, 3, 94131, 97871
2026/09/26 23:00:33.643, 0, 93856, 97871
2026/09/26 23:00:33.643, 1, 94062, 97871
2026/09/26 23:00:33.643, 2, 94220, 97871
2026/09/26 23:00:33.644, 3, 94131, 97871
2026/09/26 23:00:33.844, 0, 93856, 97871
2026/09/26 23:00:33.844, 1, 94062, 97871
2026/09/26 23:00:33.844, 2, 94220, 97871
2026/09/26 23:00:33.844, 3, 94131, 97871
2026/09/26 23:00:34.044, 0, 93856, 97871
2026/09/26 23:00:34.044, 1, 94062, 97871
2026/09/26 23:00:34.044, 2, 94220, 97871
2026/09/26 23:00:34.044, 3, 94131, 97871
2026/09/26 23:00:34.244, 0, 93856, 97871
2026/09/26 23:00:34.244, 1, 94062, 97871
2026/09/26 23:00:34.244, 2, 94220, 97871
2026/09/26 23:00:34.244, 3, 94131, 97871
2026/09/26 23:00:34.444, 0, 93856, 97871
2026/09/26 23:00:34.445, 1, 94062, 97871
2026/09/26 23:00:34.445, 2, 94220, 97871
2026/09/26 23:00:34.445, 3, 94131, 97871
2026/09/26 23:00:34.645, 0, 93856, 97871
2026/09/26 23:00:34.645, 1, 94062, 97871
2026/09/26 23:00:34.645, 2, 94220, 97871
2026/09/26 23:00:34.645, 3, 94131, 97871
2026/09/26 23:00:34.845, 0, 93856, 97871
2026/09/26 23:00:34.845, 1, 94062, 97871
2026/09/26 23:00:34.845, 2, 94220, 97871
2026/09/26 23:00:34.845, 3, 94131, 97871
2026/09/26 23:00:35.045, 0, 93856, 97871
2026/09/26 23:00:35.045, 1, 94062, 97871
2026/09/26 23:00:35.045, 2, 94220, 97871
2026/09/26 23:00:35.045, 3, 94131, 97871
2026/09/26 23:00:35.245, 0, 93856, 97871
2026/09/26 23:00:35.246, 1, 94062, 97871
2026/09/26 23:00:35.246, 2, 94220, 97871
2026/09/26 23:00:35.246, 3, 94131, 97871
2026/09/26 23:00:35.446, 0, 93856, 97871
2026/09/26 23:00:35.446, 1, 94062, 97871
2026/09/26 23:00:35.446, 2, 94220, 97871
2026/09/26 23:00:35.446, 3, 94131, 97871
2026/09/26 23:00:35.646, 0, 93856, 97871
2026/09/26 23:00:35.646, 1, 94062, 97871
2026/09/26 23:00:35.646, 2, 94220, 97871
2026/09/26 23:00:35.646, 3, 94131, 97871
2026/09/26 23:00:35.846, 0, 93856, 97871
2026/09/26 23:00:35.846, 1, 94062, 97871
2026/09/26 23:00:35.847, 2, 94220, 97871
2026/09/26 23:00:35.847, 3, 94131, 97871
2026/09/26 23:00:36.047, 0, 93856, 97871
2026/09/26 23:00:36.047, 1, 94062, 97871
2026/09/26 23:00:36.047, 2, 94220, 97871
2026/09/26 23:00:36.047, 3, 94131, 97871
2026/09/26 23:00:36.247, 0, 93856, 97871
2026/09/26 23:00:36.247, 1, 94062, 97871
2026/09/26 23:00:36.247, 2, 94220, 97871
2026/09/26 23:00:36.247, 3, 94131, 97871
2026/09/26 23:00:36.447, 0, 93856, 97871
2026/09/26 23:00:36.447, 1, 94062, 97871
2026/09/26 23:00:36.447, 2, 94220, 97871
2026/09/26 23:00:36.447, 3, 94131, 97871
2026/09/26 23:00:36.647, 0, 93856, 97871
2026/09/26 23:00:36.648, 1, 94062, 97871
2026/09/26 23:00:36.648, 2, 94220, 97871
2026/09/26 23:00:36.648, 3, 94131, 97871
2026/09/26 23:00:36.848, 0, 93856, 97871
2026/09/26 23:00:36.848, 1, 94062, 97871
2026/09/26 23:00:36.848, 2, 94220, 97871
2026/09/26 23:00:36.848, 3, 94131, 97871
2026/09/26 23:00:37.048, 0, 93856, 97871
2026/09/26 23:00:37.048, 1, 94062, 97871
2026/09/26 23:00:37.048, 2, 94220, 97871
2026/09/26 23:00:37.048, 3, 94131, 97871
2026/09/26 23:00:37.248, 0, 93856, 97871
2026/09/26 23:00:37.248, 1, 94062, 97871
2026/09/26 23:00:37.248, 2, 94220, 97871
2026/09/26 23:00:37.248, 3, 94131, 97871
2026/09/26 23:00:37.449, 0, 93856, 97871
2026/09/26 23:00:37.449, 1, 94062, 97871
2026/09/26 23:00:37.449, 2, 94220, 97871
2026/09/26 23:00:37.449, 3, 94131, 97871
2026/09/26 23:00:37.649, 0, 93856, 97871
2026/09/26 23:00:37.649, 1, 94062, 97871
2026/09/26 23:00:37.649, 2, 94220, 97871
2026/09/26 23:00:37.649, 3, 94131, 97871
2026/09/26 23:00:37.849, 0, 93856, 97871
2026/09/26 23:00:37.849, 1, 94062, 97871
2026/09/26 23:00:37.849, 2, 94220, 97871
2026/09/26 23:00:37.849, 3, 94131, 97871
2026/09/26 23:00:38.049, 0, 93856, 97871
2026/09/26 23:00:38.049, 1, 94062, 97871
2026/09/26 23:00:38.050, 2, 94220, 97871
2026/09/26 23:00:38.050, 3, 94131, 97871
2026/09/26 23:00:38.250, 0, 93856, 97871
2026/09/26 23:00:38.250, 1, 94062, 97871
2026/09/26 23:00:38.250, 2, 94220, 97871
2026/09/26 23:00:38.250, 3, 94131, 97871
2026/09/26 23:00:38.450, 0, 93856, 97871
2026/09/26 23:00:38.450, 1, 94062, 97871
2026/09/26 23:00:38.450, 2, 94220, 97871
2026/09/26 23:00:38.450, 3, 94131, 97871
2026/09/26 23:00:38.650, 0, 93856, 97871
2026/09/26 23:00:38.650, 1, 94062, 97871
2026/09/26 23:00:38.650, 2, 94220, 97871
2026/09/26 23:00:38.650, 3, 94131, 97871
2026/09/26 23:00:38.850, 0, 93856, 97871
2026/09/26 23:00:38.850, 1, 94062, 97871
2026/09/26 23:00:38.851, 2, 94220, 97871
2026/09/26 23:00:38.851, 3, 94131, 97871
2026/09/26 23:00:39.051, 0, 93856, 97871
2026/09/26 23:00:39.051, 1, 94062, 97871
2026/09/26 23:00:39.051, 2, 94220, 97871
2026/09/26 23:00:39.051, 3, 94131, 97871
2026/09/26 23:00:39.251, 0, 93856, 97871
2026/09/26 23:00:39.251, 1, 94062, 97871
2026/09/26 23:00:39.251, 2, 94220, 97871
2026/09/26 23:00:39.251, 3, 94131, 97871
2026/09/26 23:00:39.451, 0, 93856, 97871
2026/09/26 23:00:39.451, 1, 94062, 97871
2026/09/26 23:00:39.451, 2, 94220, 97871
2026/09/26 23:00:39.451, 3, 94131, 97871
2026/09/26 23:00:39.651, 0, 93856, 97871
2026/09/26 23:00:39.652, 1, 94062, 97871
2026/09/26 23:00:39.652, 2, 94220, 97871
2026/09/26 23:00:39.652, 3, 94131, 97871
2026/09/26 23:00:39.852, 0, 93856, 97871
2026/09/26 23:00:39.852, 1, 94062, 97871
2026/09/26 23:00:39.852, 2, 94220, 97871
2026/09/26 23:00:39.852, 3, 94131, 97871
2026/09/26 23:00:40.052, 0, 93856, 97871
2026/09/26 23:00:40.052, 1, 94062, 97871
2026/09/26 23:00:40.052, 2, 94220, 97871
2026/09/26 23:00:40.052, 3, 94131, 97871
2026/09/26 23:00:40.252, 0, 93856, 97871
2026/09/26 23:00:40.252, 1, 94062, 97871
2026/09/26 23:00:40.252, 2, 94220, 97871
2026/09/26 23:00:40.252, 3, 94131, 97871
2026/09/26 23:00:40.452, 0, 93856, 97871
2026/09/26 23:00:40.453, 1, 94062, 97871
2026/09/26 23:00:40.453, 2, 94220, 97871
2026/09/26 23:00:40.453, 3, 94131, 97871
2026/09/26 23:00:40.653, 0, 93856, 97871
2026/09/26 23:00:40.653, 1, 94062, 97871
2026/09/26 23:00:40.653, 2, 94220, 97871
2026/09/26 23:00:40.653, 3, 94131, 97871
2026/09/26 23:00:40.853, 0, 93856, 97871
2026/09/26 23:00:40.853, 1, 94062, 97871
2026/09/26 23:00:40.853, 2, 94220, 97871
2026/09/26 23:00:40.853, 3, 94131, 97871
2026/09/26 23:00:41.053, 0, 93856, 97871
2026/09/26 23:00:41.053, 1, 94062, 97871
2026/09/26 23:00:41.053, 2, 94220, 97871
2026/09/26 23:00:41.053, 3, 94131, 97871
2026/09/26 23:00:41.253, 0, 93856, 97871
2026/09/26 23:00:41.254, 1, 94062, 97871
2026/09/26 23:00:41.254, 2, 94220, 97871
2026/09/26 23:00:41.254, 3, 94131, 97871
2026/09/26 23:00:41.454, 0, 93856, 97871
2026/09/26 23:00:41.454, 1, 94062, 97871
2026/09/26 23:00:41.454, 2, 94220, 97871
2026/09/26 23:00:41.454, 3, 94131, 97871
2026/09/26 23:00:41.654, 0, 93856, 97871
2026/09/26 23:00:41.654, 1, 94062, 97871
2026/09/26 23:00:41.654, 2, 94220, 97871
2026/09/26 23:00:41.654, 3, 94131, 97871
2026/09/26 23:00:41.854, 0, 93856, 97871
2026/09/26 23:00:41.854, 1, 94062, 97871
2026/09/26 23:00:41.854, 2, 94220, 97871
2026/09/26 23:00:41.854, 3, 94131, 97871
2026/09/26 23:00:42.054, 0, 93856, 97871
2026/09/26 23:00:42.055, 1, 94062, 97871
2026/09/26 23:00:42.055, 2, 94220, 97871
2026/09/26 23:00:42.055, 3, 94131, 97871
2026/09/26 23:00:42.255, 0, 93856, 97871
2026/09/26 23:00:42.255, 1, 94062, 97871
2026/09/26 23:00:42.255, 2, 94220, 97871
2026/09/26 23:00:42.255, 3, 94131, 97871
2026/09/26 23:00:42.455, 0, 93856, 97871
2026/09/26 23:00:42.455, 1, 94062, 97871
2026/09/26 23:00:42.455, 2, 94220, 97871
2026/09/26 23:00:42.455, 3, 94131, 97871
2026/09/26 23:00:42.655, 0, 93856, 97871
2026/09/26 23:00:42.655, 1, 94062, 97871
2026/09/26 23:00:42.655, 2, 94220, 97871
2026/09/26 23:00:42.655, 3, 94131, 97871
2026/09/26 23:00:42.856, 0, 93856, 97871
2026/09/26 23:00:42.856, 1, 94062, 97871
2026/09/26 23:00:42.856, 2, 94220, 97871
2026/09/26 23:00:42.856, 3, 94131, 97871
2026/09/26 23:00:43.056, 0, 93856, 97871
2026/09/26 23:00:43.056, 1, 94062, 97871
2026/09/26 23:00:43.056, 2, 94220, 97871
2026/09/26 23:00:43.056, 3, 94131, 97871
2026/09/26 23:00:43.256, 0, 93856, 97871
2026/09/26 23:00:43.256, 1, 94062, 97871
2026/09/26 23:00:43.256, 2, 94220, 97871
2026/09/26 23:00:43.256, 3, 94131, 97871
2026/09/26 23:00:43.456, 0, 93856, 97871
2026/09/26 23:00:43.456, 1, 94062, 97871
2026/09/26 23:00:43.456, 2, 94220, 97871
2026/09/26 23:00:43.456, 3, 94131, 97871
2026/09/26 23:00:43.657, 0, 93856, 97871
2026/09/26 23:00:43.657, 1, 94062, 97871
2026/09/26 23:00:43.657, 2, 94220, 97871
2026/09/26 23:00:43.657, 3, 94131, 97871
2026/09/26 23:00:43.857, 0, 93856, 97871
2026/09/26 23:00:43.857, 1, 94062, 97871
2026/09/26 23:00:43.857, 2, 94220, 97871
2026/09/26 23:00:43.857, 3, 94131, 97871
2026/09/26 23:00:44.057, 0, 93856, 97871
2026/09/26 23:00:44.057, 1, 94062, 97871
2026/09/26 23:00:44.057, 2, 94220, 97871
2026/09/26 23:00:44.057, 3, 94131, 97871
2026/09/26 23:00:44.257, 0, 93856, 97871
2026/09/26 23:00:44.257, 1, 94062, 97871
2026/09/26 23:00:44.257, 2, 94220, 97871
2026/09/26 23:00:44.258, 3, 94131, 97871
2026/09/26 23:00:44.458, 0, 93856, 97871
2026/09/26 23:00:44.458, 1, 94062, 97871
2026/09/26 23:00:44.458, 2, 94220, 97871
2026/09/26 23:00:44.458, 3, 94131, 97871
2026/09/26 23:00:44.658, 0, 93856, 97871
2026/09/26 23:00:44.658, 1, 94062, 97871
2026/09/26 23:00:44.658, 2, 94220, 97871
2026/09/26 23:00:44.658, 3, 94131, 97871
2026/09/26 23:00:44.858, 0, 93856, 97871
2026/09/26 23:00:44.858, 1, 94062, 97871
2026/09/26 23:00:44.858, 2, 94220, 97871
2026/09/26 23:00:44.858, 3, 94131, 97871
2026/09/26 23:00:45.058, 0, 93856, 97871
2026/09/26 23:00:45.058, 1, 94062, 97871
2026/09/26 23:00:45.058, 2, 94220, 97871
2026/09/26 23:00:45.058, 3, 94131, 97871
2026/09/26 23:00:45.259, 0, 93856, 97871
2026/09/26 23:00:45.259, 1, 94062, 97871
2026/09/26 23:00:45.259, 2, 94220, 97871
2026/09/26 23:00:45.259, 3, 94131, 97871
2026/09/26 23:00:45.459, 0, 93856, 97871
2026/09/26 23:00:45.459, 1, 94062, 97871
2026/09/26 23:00:45.459, 2, 94220, 97871
2026/09/26 23:00:45.459, 3, 94131, 97871
2026/09/26 23:00:45.659, 0, 93856, 97871
2026/09/26 23:00:45.659, 1, 94062, 97871
2026/09/26 23:00:45.659, 2, 94220, 97871
2026/09/26 23:00:45.659, 3, 94131, 97871
2026/09/26 23:00:45.859, 0, 93856, 97871
2026/09/26 23:00:45.859, 1, 94062, 97871
2026/09/26 23:00:45.859, 2, 94220, 97871
2026/09/26 23:00:45.859, 3, 94131, 97871
2026/09/26 23:00:46.060, 0, 93856, 97871
2026/09/26 23:00:46.060, 1, 94062, 97871
2026/09/26 23:00:46.060, 2, 94220, 97871
2026/09/26 23:00:46.060, 3, 94131, 97871
2026/09/26 23:00:46.260, 0, 93856, 97871
2026/09/26 23:00:46.260, 1, 94062, 97871
2026/09/26 23:00:46.260, 2, 94220, 97871
2026/09/26 23:00:46.260, 3, 94131, 97871
2026/09/26 23:00:46.460, 0, 93856, 97871
2026/09/26 23:00:46.460, 1, 94062, 97871
2026/09/26 23:00:46.460, 2, 94220, 97871
2026/09/26 23:00:46.460, 3, 94131, 97871
2026/09/26 23:00:46.660, 0, 93856, 97871
2026/09/26 23:00:46.660, 1, 94062, 97871
2026/09/26 23:00:46.660, 2, 94220, 97871
2026/09/26 23:00:46.660, 3, 94131, 97871
2026/09/26 23:00:46.861, 0, 93856, 97871
2026/09/26 23:00:46.861, 1, 94062, 97871
2026/09/26 23:00:46.861, 2, 94220, 97871
2026/09/26 23:00:46.861, 3, 94131, 97871
2026/09/26 23:00:47.061, 0, 93856, 97871
2026/09/26 23:00:47.061, 1, 94062, 97871
2026/09/26 23:00:47.061, 2, 94220, 97871
2026/09/26 23:00:47.061, 3, 94131, 97871
2026/09/26 23:00:47.261, 0, 93856, 97871
2026/09/26 23:00:47.261, 1, 94062, 97871
2026/09/26 23:00:47.261, 2, 94220, 97871
2026/09/26 23:00:47.261, 3, 94131, 97871
2026/09/26 23:00:47.461, 0, 93856, 97871
2026/09/26 23:00:47.461, 1, 94062, 97871
2026/09/26 23:00:47.461, 2, 94220, 97871
2026/09/26 23:00:47.462, 3, 94131, 97871
2026/09/26 23:00:47.662, 0, 93856, 97871
2026/09/26 23:00:47.662, 1, 94062, 97871
2026/09/26 23:00:47.662, 2, 94220, 97871
2026/09/26 23:00:47.662, 3, 94131, 97871
2026/09/26 23:00:47.862, 0, 93856, 97871
2026/09/26 23:00:47.862, 1, 94062, 97871
2026/09/26 23:00:47.862, 2, 94220, 97871
2026/09/26 23:00:47.862, 3, 94131, 97871
2026/09/26 23:00:48.062, 0, 93856, 97871
2026/09/26 23:00:48.062, 1, 94062, 97871
2026/09/26 23:00:48.062, 2, 94220, 97871
2026/09/26 23:00:48.062, 3, 94131, 97871
2026/09/26 23:00:48.262, 0, 93856, 97871
2026/09/26 23:00:48.262, 1, 94062, 97871
2026/09/26 23:00:48.262, 2, 94220, 97871
2026/09/26 23:00:48.262, 3, 94131, 97871
2026/09/26 23:00:48.463, 0, 93856, 97871
2026/09/26 23:00:48.463, 1, 94062, 97871
2026/09/26 23:00:48.463, 2, 94220, 97871
2026/09/26 23:00:48.463, 3, 94131, 97871
2026/09/26 23:00:48.663, 0, 93856, 97871
2026/09/26 23:00:48.663, 1, 94062, 97871
2026/09/26 23:00:48.663, 2, 94220, 97871
2026/09/26 23:00:48.663, 3, 94131, 97871
2026/09/26 23:00:48.863, 0, 93856, 97871
2026/09/26 23:00:48.863, 1, 94062, 97871
2026/09/26 23:00:48.863, 2, 94220, 97871
2026/09/26 23:00:48.863, 3, 94131, 97871
2026/09/26 23:00:49.063, 0, 93856, 97871
2026/09/26 23:00:49.063, 1, 94062, 97871
2026/09/26 23:00:49.063, 2, 94220, 97871
2026/09/26 23:00:49.063, 3, 94131, 97871
2026/09/26 23:00:49.264, 0, 93856, 97871
2026/09/26 23:00:49.264, 1, 94062, 97871
2026/09/26 23:00:49.264, 2, 94220, 97871
2026/09/26 23:00:49.264, 3, 94131, 97871
2026/09/26 23:00:49.464, 0, 93856, 97871
2026/09/26 23:00:49.464, 1, 94062, 97871
2026/09/26 23:00:49.464, 2, 94220, 97871
2026/09/26 23:00:49.464, 3, 94131, 97871
2026/09/26 23:00:49.664, 0, 93856, 97871
2026/09/26 23:00:49.664, 1, 94062, 97871
2026/09/26 23:00:49.664, 2, 94220, 97871
2026/09/26 23:00:49.664, 3, 94131, 97871
2026/09/26 23:00:49.864, 0, 93856, 97871
2026/09/26 23:00:49.864, 1, 94062, 97871
2026/09/26 23:00:49.864, 2, 94220, 97871
2026/09/26 23:00:49.865, 3, 94131, 97871
2026/09/26 23:00:50.065, 0, 93856, 97871
2026/09/26 23:00:50.065, 1, 94062, 97871
2026/09/26 23:00:50.065, 2, 94220, 97871
2026/09/26 23:00:50.065, 3, 94131, 97871
2026/09/26 23:00:50.265, 0, 93856, 97871
2026/09/26 23:00:50.265, 1, 94062, 97871
2026/09/26 23:00:50.265, 2, 94220, 97871
2026/09/26 23:00:50.265, 3, 94131, 97871
2026/09/26 23:00:50.465, 0, 93856, 97871
2026/09/26 23:00:50.465, 1, 94062, 97871
2026/09/26 23:00:50.465, 2, 94220, 97871
2026/09/26 23:00:50.465, 3, 94131, 97871
2026/09/26 23:00:50.665, 0, 93856, 97871
2026/09/26 23:00:50.665, 1, 94062, 97871
2026/09/26 23:00:50.666, 2, 94220, 97871
2026/09/26 23:00:50.666, 3, 94131, 97871
2026/09/26 23:00:50.866, 0, 93856, 97871
2026/09/26 23:00:50.866, 1, 94062, 97871
2026/09/26 23:00:50.866, 2, 94220, 97871
2026/09/26 23:00:50.866, 3, 94131, 97871
2026/09/26 23:00:51.066, 0, 93856, 97871
2026/09/26 23:00:51.066, 1, 94062, 97871
2026/09/26 23:00:51.066, 2, 94220, 97871
2026/09/26 23:00:51.066, 3, 94131, 97871
2026/09/26 23:00:51.266, 0, 93856, 97871
2026/09/26 23:00:51.266, 1, 94062, 97871
2026/09/26 23:00:51.266, 2, 94220, 97871
2026/09/26 23:00:51.266, 3, 94131, 97871
2026/09/26 23:00:51.466, 0, 93856, 97871
2026/09/26 23:00:51.467, 1, 94062, 97871
2026/09/26 23:00:51.467, 2, 94220, 97871
2026/09/26 23:00:51.467, 3, 94131, 97871
2026/09/26 23:00:51.667, 0, 93856, 97871
2026/09/26 23:00:51.667, 1, 94062, 97871
2026/09/26 23:00:51.667, 2, 94220, 97871
2026/09/26 23:00:51.667, 3, 94131, 97871
2026/09/26 23:00:51.867, 0, 93856, 97871
2026/09/26 23:00:51.867, 1, 94062, 97871
2026/09/26 23:00:51.867, 2, 94220, 97871
2026/09/26 23:00:51.867, 3, 94131, 97871
2026/09/26 23:00:52.067, 0, 93856, 97871
2026/09/26 23:00:52.067, 1, 94062, 97871
2026/09/26 23:00:52.067, 2, 94220, 97871
2026/09/26 23:00:52.067, 3, 94131, 97871
2026/09/26 23:00:52.268, 0, 93856, 97871
2026/09/26 23:00:52.268, 1, 94062, 97871
2026/09/26 23:00:52.268, 2, 94220, 97871
2026/09/26 23:00:52.268, 3, 94131, 97871
2026/09/26 23:00:52.468, 0, 93856, 97871
2026/09/26 23:00:52.468, 1, 94062, 97871
2026/09/26 23:00:52.468, 2, 94220, 97871
2026/09/26 23:00:52.468, 3, 94131, 97871
2026/09/26 23:00:52.668, 0, 93856, 97871
2026/09/26 23:00:52.668, 1, 94062, 97871
2026/09/26 23:00:52.668, 2, 94220, 97871
2026/09/26 23:00:52.668, 3, 94131, 97871
2026/09/26 23:00:52.868, 0, 93856, 97871
2026/09/26 23:00:52.868, 1, 94062, 97871
2026/09/26 23:00:52.869, 2, 94220, 97871
2026/09/26 23:00:52.869, 3, 94131, 97871
2026/09/26 23:00:53.069, 0, 93856, 97871
2026/09/26 23:00:53.069, 1, 94062, 97871
2026/09/26 23:00:53.069, 2, 94220, 97871
2026/09/26 23:00:53.069, 3, 94131, 97871
2026/09/26 23:00:53.269, 0, 93856, 97871
2026/09/26 23:00:53.269, 1, 94062, 97871
2026/09/26 23:00:53.269, 2, 94220, 97871
2026/09/26 23:00:53.269, 3, 94131, 97871
2026/09/26 23:00:53.469, 0, 93856, 97871
2026/09/26 23:00:53.469, 1, 94062, 97871
2026/09/26 23:00:53.469, 2, 94220, 97871
2026/09/26 23:00:53.469, 3, 94131, 97871
2026/09/26 23:00:53.670, 0, 93856, 97871
2026/09/26 23:00:53.670, 1, 94062, 97871
2026/09/26 23:00:53.670, 2, 94220, 97871
2026/09/26 23:00:53.670, 3, 94131, 97871
2026/09/26 23:00:53.870, 0, 93856, 97871
2026/09/26 23:00:53.870, 1, 94062, 97871
2026/09/26 23:00:53.870, 2, 94220, 97871
2026/09/26 23:00:53.870, 3, 94131, 97871
2026/09/26 23:00:54.070, 0, 93856, 97871
2026/09/26 23:00:54.070, 1, 94062, 97871
2026/09/26 23:00:54.070, 2, 94220, 97871
2026/09/26 23:00:54.070, 3, 94131, 97871
2026/09/26 23:00:54.270, 0, 93856, 97871
2026/09/26 23:00:54.270, 1, 94062, 97871
2026/09/26 23:00:54.270, 2, 94220, 97871
2026/09/26 23:00:54.271, 3, 94131, 97871
2026/09/26 23:00:54.471, 0, 93856, 97871
2026/09/26 23:00:54.471, 1, 94062, 97871
2026/09/26 23:00:54.471, 2, 94220, 97871
2026/09/26 23:00:54.471, 3, 94131, 97871
2026/09/26 23:00:54.671, 0, 93856, 97871
2026/09/26 23:00:54.671, 1, 94062, 97871
2026/09/26 23:00:54.671, 2, 94220, 97871
2026/09/26 23:00:54.671, 3, 94131, 97871
2026/09/26 23:00:54.871, 0, 93856, 97871
2026/09/26 23:00:54.871, 1, 94062, 97871
2026/09/26 23:00:54.871, 2, 94220, 97871
2026/09/26 23:00:54.871, 3, 94131, 97871
2026/09/26 23:00:55.071, 0, 93856, 97871
2026/09/26 23:00:55.072, 1, 94062, 97871
2026/09/26 23:00:55.072, 2, 94220, 97871
2026/09/26 23:00:55.072, 3, 94131, 97871
2026/09/26 23:00:55.272, 0, 93856, 97871
2026/09/26 23:00:55.272, 1, 94062, 97871
2026/09/26 23:00:55.272, 2, 94220, 97871
2026/09/26 23:00:55.272, 3, 94131, 97871
2026/09/26 23:00:55.472, 0, 93856, 97871
2026/09/26 23:00:55.472, 1, 94062, 97871
2026/09/26 23:00:55.472, 2, 94220, 97871
2026/09/26 23:00:55.472, 3, 94131, 97871
2026/09/26 23:00:55.672, 0, 93856, 97871
2026/09/26 23:00:55.672, 1, 94062, 97871
2026/09/26 23:00:55.672, 2, 94220, 97871
2026/09/26 23:00:55.672, 3, 94131, 97871
2026/09/26 23:00:55.873, 0, 93856, 97871
2026/09/26 23:00:55.873, 1, 94062, 97871
2026/09/26 23:00:55.873, 2, 94220, 97871
2026/09/26 23:00:55.873, 3, 94131, 97871
2026/09/26 23:00:56.073, 0, 93856, 97871
2026/09/26 23:00:56.073, 1, 94062, 97871
2026/09/26 23:00:56.073, 2, 94220, 97871
2026/09/26 23:00:56.073, 3, 94131, 97871
2026/09/26 23:00:56.273, 0, 93856, 97871
2026/09/26 23:00:56.273, 1, 94062, 97871
2026/09/26 23:00:56.273, 2, 94220, 97871
2026/09/26 23:00:56.273, 3, 94131, 97871
2026/09/26 23:00:56.473, 0, 93856, 97871
2026/09/26 23:00:56.473, 1, 94062, 97871
2026/09/26 23:00:56.473, 2, 94220, 97871
2026/09/26 23:00:56.473, 3, 94131, 97871
2026/09/26 23:00:56.674, 0, 93856, 97871
2026/09/26 23:00:56.674, 1, 94062, 97871
2026/09/26 23:00:56.674, 2, 94220, 97871
2026/09/26 23:00:56.674, 3, 94131, 97871
2026/09/26 23:00:56.874, 0, 93856, 97871
2026/09/26 23:00:56.874, 1, 94062, 97871
2026/09/26 23:00:56.874, 2, 94220, 97871
2026/09/26 23:00:56.874, 3, 94131, 97871
2026/09/26 23:00:57.074, 0, 93856, 97871
2026/09/26 23:00:57.074, 1, 94062, 97871
2026/09/26 23:00:57.074, 2, 94220, 97871
2026/09/26 23:00:57.074, 3, 94131, 97871
2026/09/26 23:00:57.274, 0, 93856, 97871
2026/09/26 23:00:57.274, 1, 94062, 97871
2026/09/26 23:00:57.274, 2, 94220, 97871
2026/09/26 23:00:57.274, 3, 94131, 97871
2026/09/26 23:00:57.475, 0, 93856, 97871
2026/09/26 23:00:57.475, 1, 94062, 97871
2026/09/26 23:00:57.475, 2, 94220, 97871
2026/09/26 23:00:57.475, 3, 94131, 97871
2026/09/26 23:00:57.675, 0, 93856, 97871
2026/09/26 23:00:57.675, 1, 94062, 97871
2026/09/26 23:00:57.675, 2, 94220, 97871
2026/09/26 23:00:57.675, 3, 94131, 97871
2026/09/26 23:00:57.875, 0, 93856, 97871
2026/09/26 23:00:57.875, 1, 94062, 97871
2026/09/26 23:00:57.875, 2, 94220, 97871
2026/09/26 23:00:57.875, 3, 94131, 97871
2026/09/26 23:00:58.075, 0, 93856, 97871
2026/09/26 23:00:58.075, 1, 94062, 97871
2026/09/26 23:00:58.075, 2, 94220, 97871
2026/09/26 23:00:58.075, 3, 94131, 97871
2026/09/26 23:00:58.276, 0, 93856, 97871
2026/09/26 23:00:58.276, 1, 94062, 97871
2026/09/26 23:00:58.276, 2, 94220, 97871
2026/09/26 23:00:58.276, 3, 94131, 97871
2026/09/26 23:00:58.476, 0, 93856, 97871
2026/09/26 23:00:58.476, 1, 94062, 97871
2026/09/26 23:00:58.476, 2, 94220, 97871
2026/09/26 23:00:58.476, 3, 94131, 97871
2026/09/26 23:00:58.676, 0, 93856, 97871
2026/09/26 23:00:58.676, 1, 94062, 97871
2026/09/26 23:00:58.676, 2, 94220, 97871
2026/09/26 23:00:58.676, 3, 94131, 97871
2026/09/26 23:00:58.876, 0, 93856, 97871
2026/09/26 23:00:58.876, 1, 94062, 97871
2026/09/26 23:00:58.876, 2, 94220, 97871
2026/09/26 23:00:58.876, 3, 94131, 97871
2026/09/26 23:00:59.077, 0, 93856, 97871
2026/09/26 23:00:59.077, 1, 94062, 97871
2026/09/26 23:00:59.077, 2, 94220, 97871
2026/09/26 23:00:59.077, 3, 94131, 97871
2026/09/26 23:00:59.277, 0, 93856, 97871
2026/09/26 23:00:59.277, 1, 94062, 97871
2026/09/26 23:00:59.277, 2, 94220, 97871
2026/09/26 23:00:59.277, 3, 94131, 97871
2026/09/26 23:00:59.477, 0, 93856, 97871
2026/09/26 23:00:59.477, 1, 94062, 97871
2026/09/26 23:00:59.477, 2, 94220, 97871
2026/09/26 23:00:59.477, 3, 94131, 97871
2026/09/26 23:00:59.677, 0, 93856, 97871
2026/09/26 23:00:59.677, 1, 94062, 97871
2026/09/26 23:00:59.677, 2, 94220, 97871
2026/09/26 23:00:59.677, 3, 94131, 97871
2026/09/26 23:00:59.878, 0, 93856, 97871
2026/09/26 23:00:59.878, 1, 94062, 97871
2026/09/26 23:00:59.878, 2, 94220, 97871
2026/09/26 23:00:59.878, 3, 94131, 97871
2026/09/26 23:01:00.078, 0, 93856, 97871
2026/09/26 23:01:00.078, 1, 94062, 97871
2026/09/26 23:01:00.078, 2, 94220, 97871
2026/09/26 23:01:00.078, 3, 94131, 97871
2026/09/26 23:01:00.278, 0, 93856, 97871
2026/09/26 23:01:00.278, 1, 94062, 97871
2026/09/26 23:01:00.278, 2, 94220, 97871
2026/09/26 23:01:00.278, 3, 94131, 97871
2026/09/26 23:01:00.478, 0, 93856, 97871
2026/09/26 23:01:00.478, 1, 94062, 97871
2026/09/26 23:01:00.478, 2, 94220, 97871
2026/09/26 23:01:00.478, 3, 94131, 97871
2026/09/26 23:01:00.679, 0, 93856, 97871
2026/09/26 23:01:00.679, 1, 94062, 97871
2026/09/26 23:01:00.679, 2, 94220, 97871
2026/09/26 23:01:00.679, 3, 94131, 97871
2026/09/26 23:01:00.879, 0, 93856, 97871
2026/09/26 23:01:00.879, 1, 94062, 97871
2026/09/26 23:01:00.879, 2, 94220, 97871
2026/09/26 23:01:00.879, 3, 94131, 97871
2026/09/26 23:01:01.079, 0, 93856, 97871
2026/09/26 23:01:01.079, 1, 94062, 97871
2026/09/26 23:01:01.079, 2, 94220, 97871
2026/09/26 23:01:01.079, 3, 94131, 97871
2026/09/26 23:01:01.279, 0, 93856, 97871
2026/09/26 23:01:01.279, 1, 94062, 97871
2026/09/26 23:01:01.279, 2, 94220, 97871
2026/09/26 23:01:01.279, 3, 94131, 97871
2026/09/26 23:01:01.480, 0, 93856, 97871
2026/09/26 23:01:01.480, 1, 94062, 97871
2026/09/26 23:01:01.480, 2, 94220, 97871
2026/09/26 23:01:01.480, 3, 94131, 97871
2026/09/26 23:01:01.680, 0, 93856, 97871
2026/09/26 23:01:01.680, 1, 94062, 97871
2026/09/26 23:01:01.680, 2, 94220, 97871
2026/09/26 23:01:01.680, 3, 94131, 97871
2026/09/26 23:01:01.880, 0, 93856, 97871
2026/09/26 23:01:01.880, 1, 94062, 97871
2026/09/26 23:01:01.880, 2, 94220, 97871
2026/09/26 23:01:01.880, 3, 94131, 97871
2026/09/26 23:01:02.080, 0, 93856, 97871
2026/09/26 23:01:02.080, 1, 94062, 97871
2026/09/26 23:01:02.080, 2, 94220, 97871
2026/09/26 23:01:02.080, 3, 94131, 97871
2026/09/26 23:01:02.280, 0, 93856, 97871
2026/09/26 23:01:02.281, 1, 94062, 97871
2026/09/26 23:01:02.281, 2, 94220, 97871
2026/09/26 23:01:02.281, 3, 94131, 97871
2026/09/26 23:01:02.481, 0, 93856, 97871
2026/09/26 23:01:02.481, 1, 94062, 97871
2026/09/26 23:01:02.481, 2, 94220, 97871
2026/09/26 23:01:02.481, 3, 94131, 97871
2026/09/26 23:01:02.681, 0, 93856, 97871
2026/09/26 23:01:02.681, 1, 94062, 97871
2026/09/26 23:01:02.681, 2, 94220, 97871
2026/09/26 23:01:02.681, 3, 94131, 97871
2026/09/26 23:01:02.881, 0, 93856, 97871
2026/09/26 23:01:02.881, 1, 94062, 97871
2026/09/26 23:01:02.881, 2, 94220, 97871
2026/09/26 23:01:02.881, 3, 94131, 97871
2026/09/26 23:01:03.081, 0, 93856, 97871
2026/09/26 23:01:03.082, 1, 94062, 97871
2026/09/26 23:01:03.082, 2, 94220, 97871
2026/09/26 23:01:03.082, 3, 94131, 97871
2026/09/26 23:01:03.282, 0, 93856, 97871
2026/09/26 23:01:03.282, 1, 94062, 97871
2026/09/26 23:01:03.282, 2, 94220, 97871
2026/09/26 23:01:03.282, 3, 94131, 97871
2026/09/26 23:01:03.482, 0, 93856, 97871
2026/09/26 23:01:03.482, 1, 94062, 97871
2026/09/26 23:01:03.482, 2, 94220, 97871
2026/09/26 23:01:03.482, 3, 94131, 97871
2026/09/26 23:01:03.682, 0, 93856, 97871
2026/09/26 23:01:03.682, 1, 94062, 97871
2026/09/26 23:01:03.682, 2, 94220, 97871
2026/09/26 23:01:03.682, 3, 94131, 97871
2026/09/26 23:01:03.882, 0, 93856, 97871
2026/09/26 23:01:03.883, 1, 94062, 97871
2026/09/26 23:01:03.883, 2, 94220, 97871
2026/09/26 23:01:03.883, 3, 94131, 97871
2026/09/26 23:01:04.083, 0, 93856, 97871
2026/09/26 23:01:04.083, 1, 94062, 97871
2026/09/26 23:01:04.083, 2, 94220, 97871
2026/09/26 23:01:04.083, 3, 94131, 97871
2026/09/26 23:01:04.283, 0, 93856, 97871
2026/09/26 23:01:04.283, 1, 94062, 97871
2026/09/26 23:01:04.283, 2, 94220, 97871
2026/09/26 23:01:04.283, 3, 94131, 97871
2026/09/26 23:01:04.483, 0, 93856, 97871
2026/09/26 23:01:04.483, 1, 94062, 97871
2026/09/26 23:01:04.483, 2, 94220, 97871
2026/09/26 23:01:04.483, 3, 94131, 97871
2026/09/26 23:01:04.684, 0, 93856, 97871
2026/09/26 23:01:04.684, 1, 94062, 97871
2026/09/26 23:01:04.684, 2, 94220, 97871
2026/09/26 23:01:04.684, 3, 94131, 97871
2026/09/26 23:01:04.884, 0, 93856, 97871
2026/09/26 23:01:04.884, 1, 94062, 97871
2026/09/26 23:01:04.884, 2, 94220, 97871
2026/09/26 23:01:04.884, 3, 94131, 97871
2026/09/26 23:01:05.084, 0, 93856, 97871
2026/09/26 23:01:05.084, 1, 94062, 97871
2026/09/26 23:01:05.084, 2, 94220, 97871
2026/09/26 23:01:05.084, 3, 94131, 97871
2026/09/26 23:01:05.284, 0, 93856, 97871
2026/09/26 23:01:05.284, 1, 94062, 97871
2026/09/26 23:01:05.284, 2, 94220, 97871
2026/09/26 23:01:05.284, 3, 94131, 97871
2026/09/26 23:01:05.485, 0, 93856, 97871
2026/09/26 23:01:05.485, 1, 94062, 97871
2026/09/26 23:01:05.485, 2, 94220, 97871
2026/09/26 23:01:05.485, 3, 94131, 97871
2026/09/26 23:01:05.685, 0, 93856, 97871
2026/09/26 23:01:05.685, 1, 94062, 97871
2026/09/26 23:01:05.685, 2, 94220, 97871
2026/09/26 23:01:05.685, 3, 94131, 97871
2026/09/26 23:01:05.885, 0, 93856, 97871
2026/09/26 23:01:05.885, 1, 94062, 97871
2026/09/26 23:01:05.885, 2, 94220, 97871
2026/09/26 23:01:05.885, 3, 94131, 97871
2026/09/26 23:01:06.085, 0, 93856, 97871
2026/09/26 23:01:06.085, 1, 94062, 97871
2026/09/26 23:01:06.085, 2, 94220, 97871
2026/09/26 23:01:06.085, 3, 94131, 97871
2026/09/26 23:01:06.285, 0, 93856, 97871
2026/09/26 23:01:06.286, 1, 94062, 97871
2026/09/26 23:01:06.286, 2, 94220, 97871
2026/09/26 23:01:06.286, 3, 94131, 97871
2026/09/26 23:01:06.486, 0, 93856, 97871
2026/09/26 23:01:06.486, 1, 94062, 97871
2026/09/26 23:01:06.486, 2, 94220, 97871
2026/09/26 23:01:06.486, 3, 94131, 97871
2026/09/26 23:01:06.686, 0, 93856, 97871
2026/09/26 23:01:06.686, 1, 94062, 97871
2026/09/26 23:01:06.686, 2, 94220, 97871
2026/09/26 23:01:06.686, 3, 94131, 97871
2026/09/26 23:01:06.886, 0, 93856, 97871
2026/09/26 23:01:06.886, 1, 94062, 97871
2026/09/26 23:01:06.886, 2, 94220, 97871
2026/09/26 23:01:06.886, 3, 94131, 97871
2026/09/26 23:01:07.087, 0, 93856, 97871
2026/09/26 23:01:07.087, 1, 94062, 97871
2026/09/26 23:01:07.087, 2, 94220, 97871
2026/09/26 23:01:07.087, 3, 94131, 97871
2026/09/26 23:01:07.287, 0, 93856, 97871
2026/09/26 23:01:07.287, 1, 94062, 97871
2026/09/26 23:01:07.287, 2, 94220, 97871
2026/09/26 23:01:07.287, 3, 94131, 97871
2026/09/26 23:01:07.487, 0, 93856, 97871
2026/09/26 23:01:07.487, 1, 94062, 97871
2026/09/26 23:01:07.487, 2, 94220, 97871
2026/09/26 23:01:07.487, 3, 94131, 97871
2026/09/26 23:01:07.687, 0, 93856, 97871
2026/09/26 23:01:07.687, 1, 94062, 97871
2026/09/26 23:01:07.687, 2, 94220, 97871
2026/09/26 23:01:07.687, 3, 94131, 97871
2026/09/26 23:01:07.888, 0, 93856, 97871
2026/09/26 23:01:07.888, 1, 94062, 97871
2026/09/26 23:01:07.888, 2, 94220, 97871
2026/09/26 23:01:07.888, 3, 94131, 97871
2026/09/26 23:01:08.088, 0, 93856, 97871
2026/09/26 23:01:08.088, 1, 94062, 97871
2026/09/26 23:01:08.088, 2, 94220, 97871
2026/09/26 23:01:08.088, 3, 94131, 97871
2026/09/26 23:01:08.288, 0, 93856, 97871
2026/09/26 23:01:08.288, 1, 94062, 97871
2026/09/26 23:01:08.288, 2, 94220, 97871
2026/09/26 23:01:08.288, 3, 94131, 97871
2026/09/26 23:01:08.488, 0, 93856, 97871
2026/09/26 23:01:08.488, 1, 94062, 97871
2026/09/26 23:01:08.488, 2, 94220, 97871
2026/09/26 23:01:08.488, 3, 94131, 97871
2026/09/26 23:01:08.689, 0, 93856, 97871
2026/09/26 23:01:08.689, 1, 94062, 97871
2026/09/26 23:01:08.689, 2, 94220, 97871
2026/09/26 23:01:08.689, 3, 94131, 97871
2026/09/26 23:01:08.889, 0, 93856, 97871
2026/09/26 23:01:08.889, 1, 94062, 97871
2026/09/26 23:01:08.889, 2, 94220, 97871
2026/09/26 23:01:08.889, 3, 94131, 97871
2026/09/26 23:01:09.089, 0, 93856, 97871
2026/09/26 23:01:09.089, 1, 94062, 97871
2026/09/26 23:01:09.089, 2, 94220, 97871
2026/09/26 23:01:09.089, 3, 94131, 97871
2026/09/26 23:01:09.289, 0, 93856, 97871
2026/09/26 23:01:09.289, 1, 94062, 97871
2026/09/26 23:01:09.289, 2, 94220, 97871
2026/09/26 23:01:09.289, 3, 94131, 97871
2026/09/26 23:01:09.490, 0, 93856, 97871
2026/09/26 23:01:09.490, 1, 94062, 97871
2026/09/26 23:01:09.490, 2, 94220, 97871
2026/09/26 23:01:09.490, 3, 94131, 97871
2026/09/26 23:01:09.690, 0, 93856, 97871
2026/09/26 23:01:09.690, 1, 94062, 97871
2026/09/26 23:01:09.690, 2, 94220, 97871
2026/09/26 23:01:09.690, 3, 94131, 97871
2026/09/26 23:01:09.890, 0, 93856, 97871
2026/09/26 23:01:09.890, 1, 94062, 97871
2026/09/26 23:01:09.890, 2, 94220, 97871
2026/09/26 23:01:09.890, 3, 94131, 97871
2026/09/26 23:01:10.090, 0, 93856, 97871
2026/09/26 23:01:10.090, 1, 94062, 97871
2026/09/26 23:01:10.090, 2, 94220, 97871
2026/09/26 23:01:10.091, 3, 94131, 97871
2026/09/26 23:01:10.291, 0, 93856, 97871
2026/09/26 23:01:10.291, 1, 94062, 97871
2026/09/26 23:01:10.291, 2, 94220, 97871
2026/09/26 23:01:10.291, 3, 94131, 97871
2026/09/26 23:01:10.491, 0, 93856, 97871
2026/09/26 23:01:10.491, 1, 94062, 97871
2026/09/26 23:01:10.491, 2, 94220, 97871
2026/09/26 23:01:10.491, 3, 94131, 97871
2026/09/26 23:01:10.691, 0, 93856, 97871
2026/09/26 23:01:10.691, 1, 94062, 97871
2026/09/26 23:01:10.691, 2, 94220, 97871
2026/09/26 23:01:10.691, 3, 94131, 97871
2026/09/26 23:01:10.891, 0, 93856, 97871
2026/09/26 23:01:10.892, 1, 94062, 97871
2026/09/26 23:01:10.892, 2, 94220, 97871
2026/09/26 23:01:10.892, 3, 94131, 97871
2026/09/26 23:01:11.092, 0, 93856, 97871
2026/09/26 23:01:11.092, 1, 94062, 97871
2026/09/26 23:01:11.092, 2, 94220, 97871
2026/09/26 23:01:11.092, 3, 94131, 97871
2026/09/26 23:01:11.292, 0, 93856, 97871
2026/09/26 23:01:11.292, 1, 94062, 97871
2026/09/26 23:01:11.292, 2, 94220, 97871
2026/09/26 23:01:11.292, 3, 94131, 97871
2026/09/26 23:01:11.492, 0, 93856, 97871
2026/09/26 23:01:11.492, 1, 94062, 97871
2026/09/26 23:01:11.492, 2, 94220, 97871
2026/09/26 23:01:11.493, 3, 94131, 97871
2026/09/26 23:01:11.693, 0, 93856, 97871
2026/09/26 23:01:11.693, 1, 94062, 97871
2026/09/26 23:01:11.693, 2, 94220, 97871
2026/09/26 23:01:11.693, 3, 94131, 97871
2026/09/26 23:01:11.893, 0, 93858, 97871
2026/09/26 23:01:11.893, 1, 94064, 97871
2026/09/26 23:01:11.893, 2, 94222, 97871
2026/09/26 23:01:11.893, 3, 94133, 97871
2026/09/26 23:01:12.093, 0, 93858, 97871
2026/09/26 23:01:12.093, 1, 94064, 97871
2026/09/26 23:01:12.093, 2, 94222, 97871
2026/09/26 23:01:12.093, 3, 94133, 97871
2026/09/26 23:01:12.293, 0, 93858, 97871
2026/09/26 23:01:12.293, 1, 94064, 97871
2026/09/26 23:01:12.293, 2, 94222, 97871
2026/09/26 23:01:12.293, 3, 94133, 97871
2026/09/26 23:01:12.494, 0, 93858, 97871
2026/09/26 23:01:12.494, 1, 94064, 97871
2026/09/26 23:01:12.494, 2, 94222, 97871
2026/09/26 23:01:12.494, 3, 94133, 97871
2026/09/26 23:01:12.694, 0, 93858, 97871
2026/09/26 23:01:12.694, 1, 94064, 97871
2026/09/26 23:01:12.694, 2, 94222, 97871
2026/09/26 23:01:12.694, 3, 94133, 97871
2026/09/26 23:01:12.894, 0, 93858, 97871
2026/09/26 23:01:12.894, 1, 94064, 97871
2026/09/26 23:01:12.894, 2, 94222, 97871
2026/09/26 23:01:12.894, 3, 94133, 97871
2026/09/26 23:01:13.095, 0, 93858, 97871
2026/09/26 23:01:13.095, 1, 94064, 97871
2026/09/26 23:01:13.095, 2, 94222, 97871
2026/09/26 23:01:13.095, 3, 94133, 97871
2026/09/26 23:01:13.295, 0, 93858, 97871
2026/09/26 23:01:13.295, 1, 94064, 97871
2026/09/26 23:01:13.295, 2, 94222, 97871
2026/09/26 23:01:13.295, 3, 94133, 97871
2026/09/26 23:01:13.495, 0, 93858, 97871
2026/09/26 23:01:13.495, 1, 94064, 97871
2026/09/26 23:01:13.495, 2, 94222, 97871
2026/09/26 23:01:13.495, 3, 94133, 97871
2026/09/26 23:01:13.695, 0, 93858, 97871
2026/09/26 23:01:13.695, 1, 94064, 97871
2026/09/26 23:01:13.696, 2, 94222, 97871
2026/09/26 23:01:13.696, 3, 94133, 97871
2026/09/26 23:01:13.896, 0, 93858, 97871
2026/09/26 23:01:13.896, 1, 94064, 97871
2026/09/26 23:01:13.896, 2, 94222, 97871
2026/09/26 23:01:13.896, 3, 94133, 97871
2026/09/26 23:01:14.096, 0, 93858, 97871
2026/09/26 23:01:14.096, 1, 94064, 97871
2026/09/26 23:01:14.096, 2, 94222, 97871
2026/09/26 23:01:14.096, 3, 94133, 97871
2026/09/26 23:01:14.296, 0, 93858, 97871
2026/09/26 23:01:14.296, 1, 94064, 97871
2026/09/26 23:01:14.296, 2, 94222, 97871
2026/09/26 23:01:14.296, 3, 94133, 97871
2026/09/26 23:01:14.496, 0, 93858, 97871
2026/09/26 23:01:14.496, 1, 94064, 97871
2026/09/26 23:01:14.496, 2, 94222, 97871
2026/09/26 23:01:14.496, 3, 94133, 97871
2026/09/26 23:01:14.697, 0, 93858, 97871
2026/09/26 23:01:14.697, 1, 94064, 97871
2026/09/26 23:01:14.697, 2, 94222, 97871
2026/09/26 23:01:14.697, 3, 94133, 97871
2026/09/26 23:01:14.897, 0, 93858, 97871
2026/09/26 23:01:14.897, 1, 94064, 97871
2026/09/26 23:01:14.897, 2, 94222, 97871
2026/09/26 23:01:14.897, 3, 94133, 97871
2026/09/26 23:01:15.097, 0, 93858, 97871
2026/09/26 23:01:15.097, 1, 94064, 97871
2026/09/26 23:01:15.097, 2, 94222, 97871
2026/09/26 23:01:15.097, 3, 94133, 97871
2026/09/26 23:01:15.297, 0, 93858, 97871
2026/09/26 23:01:15.297, 1, 94064, 97871
2026/09/26 23:01:15.297, 2, 94222, 97871
2026/09/26 23:01:15.297, 3, 94133, 97871
2026/09/26 23:01:15.498, 0, 93858, 97871
2026/09/26 23:01:15.498, 1, 94064, 97871
2026/09/26 23:01:15.498, 2, 94222, 97871
2026/09/26 23:01:15.498, 3, 94133, 97871
2026/09/26 23:01:15.698, 0, 93858, 97871
2026/09/26 23:01:15.698, 1, 94064, 97871
2026/09/26 23:01:15.698, 2, 94222, 97871
2026/09/26 23:01:15.698, 3, 94133, 97871
2026/09/26 23:01:15.898, 0, 93858, 97871
2026/09/26 23:01:15.898, 1, 94064, 97871
2026/09/26 23:01:15.898, 2, 94222, 97871
2026/09/26 23:01:15.898, 3, 94133, 97871
2026/09/26 23:01:16.098, 0, 93858, 97871
2026/09/26 23:01:16.098, 1, 94064, 97871
2026/09/26 23:01:16.098, 2, 94222, 97871
2026/09/26 23:01:16.098, 3, 94133, 97871
2026/09/26 23:01:16.299, 0, 93858, 97871
2026/09/26 23:01:16.299, 1, 94064, 97871
2026/09/26 23:01:16.299, 2, 94222, 97871
2026/09/26 23:01:16.299, 3, 94133, 97871
2026/09/26 23:01:16.499, 0, 93858, 97871
2026/09/26 23:01:16.499, 1, 94064, 97871
2026/09/26 23:01:16.499, 2, 94222, 97871
2026/09/26 23:01:16.499, 3, 94133, 97871
2026/09/26 23:01:16.699, 0, 93858, 97871
2026/09/26 23:01:16.699, 1, 94064, 97871
2026/09/26 23:01:16.699, 2, 94222, 97871
2026/09/26 23:01:16.699, 3, 94133, 97871
2026/09/26 23:01:16.899, 0, 93858, 97871
2026/09/26 23:01:16.899, 1, 94064, 97871
2026/09/26 23:01:16.899, 2, 94222, 97871
2026/09/26 23:01:16.899, 3, 94133, 97871
2026/09/26 23:01:17.100, 0, 93858, 97871
2026/09/26 23:01:17.100, 1, 94064, 97871
2026/09/26 23:01:17.100, 2, 94222, 97871
2026/09/26 23:01:17.100, 3, 94133, 97871
2026/09/26 23:01:17.300, 0, 93858, 97871
2026/09/26 23:01:17.300, 1, 94064, 97871
2026/09/26 23:01:17.300, 2, 94222, 97871
2026/09/26 23:01:17.300, 3, 94133, 97871
2026/09/26 23:01:17.500, 0, 93858, 97871
2026/09/26 23:01:17.500, 1, 94064, 97871
2026/09/26 23:01:17.500, 2, 94222, 97871
2026/09/26 23:01:17.500, 3, 94133, 97871
2026/09/26 23:01:17.700, 0, 93858, 97871
2026/09/26 23:01:17.700, 1, 94064, 97871
2026/09/26 23:01:17.700, 2, 94222, 97871
2026/09/26 23:01:17.700, 3, 94133, 97871
2026/09/26 23:01:17.900, 0, 93858, 97871
2026/09/26 23:01:17.901, 1, 94064, 97871
2026/09/26 23:01:17.901, 2, 94222, 97871
2026/09/26 23:01:17.901, 3, 94133, 97871
2026/09/26 23:01:18.101, 0, 93858, 97871
2026/09/26 23:01:18.101, 1, 94064, 97871
2026/09/26 23:01:18.101, 2, 94222, 97871
2026/09/26 23:01:18.101, 3, 94133, 97871
2026/09/26 23:01:18.301, 0, 93858, 97871
2026/09/26 23:01:18.301, 1, 94064, 97871
2026/09/26 23:01:18.301, 2, 94222, 97871
2026/09/26 23:01:18.301, 3, 94133, 97871
2026/09/26 23:01:18.501, 0, 93858, 97871
2026/09/26 23:01:18.501, 1, 94064, 97871
2026/09/26 23:01:18.501, 2, 94222, 97871
2026/09/26 23:01:18.501, 3, 94133, 97871
2026/09/26 23:01:18.702, 0, 93858, 97871
2026/09/26 23:01:18.702, 1, 94064, 97871
2026/09/26 23:01:18.702, 2, 94222, 97871
2026/09/26 23:01:18.702, 3, 94133, 97871
2026/09/26 23:01:18.902, 0, 93858, 97871
2026/09/26 23:01:18.902, 1, 94064, 97871
2026/09/26 23:01:18.902, 2, 94222, 97871
2026/09/26 23:01:18.902, 3, 94133, 97871
2026/09/26 23:01:19.102, 0, 93858, 97871
2026/09/26 23:01:19.102, 1, 94064, 97871
2026/09/26 23:01:19.102, 2, 94222, 97871
2026/09/26 23:01:19.102, 3, 94133, 97871
2026/09/26 23:01:19.302, 0, 93858, 97871
2026/09/26 23:01:19.302, 1, 94064, 97871
2026/09/26 23:01:19.302, 2, 94222, 97871
2026/09/26 23:01:19.302, 3, 94133, 97871
2026/09/26 23:01:19.502, 0, 93858, 97871
2026/09/26 23:01:19.503, 1, 94064, 97871
2026/09/26 23:01:19.503, 2, 94222, 97871
2026/09/26 23:01:19.503, 3, 94133, 97871
2026/09/26 23:01:19.703, 0, 93858, 97871
2026/09/26 23:01:19.703, 1, 94064, 97871
2026/09/26 23:01:19.703, 2, 94222, 97871
2026/09/26 23:01:19.703, 3, 94133, 97871
2026/09/26 23:01:19.903, 0, 93858, 97871
2026/09/26 23:01:19.903, 1, 94064, 97871
2026/09/26 23:01:19.903, 2, 94222, 97871
2026/09/26 23:01:19.903, 3, 94133, 97871
2026/09/26 23:01:20.103, 0, 93858, 97871
2026/09/26 23:01:20.103, 1, 94064, 97871
2026/09/26 23:01:20.103, 2, 94222, 97871
2026/09/26 23:01:20.103, 3, 94133, 97871
2026/09/26 23:01:20.303, 0, 93858, 97871
2026/09/26 23:01:20.304, 1, 94064, 97871
2026/09/26 23:01:20.304, 2, 94222, 97871
2026/09/26 23:01:20.304, 3, 94133, 97871
2026/09/26 23:01:20.504, 0, 93858, 97871
2026/09/26 23:01:20.504, 1, 94064, 97871
2026/09/26 23:01:20.504, 2, 94222, 97871
2026/09/26 23:01:20.504, 3, 94133, 97871
2026/09/26 23:01:20.704, 0, 93858, 97871
2026/09/26 23:01:20.704, 1, 94064, 97871
2026/09/26 23:01:20.704, 2, 94222, 97871
2026/09/26 23:01:20.704, 3, 94133, 97871
2026/09/26 23:01:20.904, 0, 93858, 97871
2026/09/26 23:01:20.904, 1, 94064, 97871
2026/09/26 23:01:20.904, 2, 94222, 97871
2026/09/26 23:01:20.904, 3, 94133, 97871
2026/09/26 23:01:21.105, 0, 93858, 97871
2026/09/26 23:01:21.105, 1, 94064, 97871
2026/09/26 23:01:21.105, 2, 94222, 97871
2026/09/26 23:01:21.105, 3, 94133, 97871
2026/09/26 23:01:21.305, 0, 93858, 97871
2026/09/26 23:01:21.305, 1, 94064, 97871
2026/09/26 23:01:21.305, 2, 94222, 97871
2026/09/26 23:01:21.305, 3, 94133, 97871
2026/09/26 23:01:21.505, 0, 93858, 97871
2026/09/26 23:01:21.505, 1, 94064, 97871
2026/09/26 23:01:21.505, 2, 94222, 97871
2026/09/26 23:01:21.505, 3, 94133, 97871
2026/09/26 23:01:21.705, 0, 93858, 97871
2026/09/26 23:01:21.705, 1, 94064, 97871
2026/09/26 23:01:21.706, 2, 94222, 97871
2026/09/26 23:01:21.706, 3, 94133, 97871
2026/09/26 23:01:21.906, 0, 93858, 97871
2026/09/26 23:01:21.906, 1, 94064, 97871
2026/09/26 23:01:21.906, 2, 94222, 97871
2026/09/26 23:01:21.906, 3, 94133, 97871
2026/09/26 23:01:22.106, 0, 93858, 97871
2026/09/26 23:01:22.106, 1, 94064, 97871
2026/09/26 23:01:22.106, 2, 94222, 97871
2026/09/26 23:01:22.106, 3, 94133, 97871
2026/09/26 23:01:22.306, 0, 93858, 97871
2026/09/26 23:01:22.306, 1, 94064, 97871
2026/09/26 23:01:22.306, 2, 94222, 97871
2026/09/26 23:01:22.306, 3, 94133, 97871
2026/09/26 23:01:22.506, 0, 93858, 97871
2026/09/26 23:01:22.506, 1, 94064, 97871
2026/09/26 23:01:22.507, 2, 94222, 97871
2026/09/26 23:01:22.507, 3, 94133, 97871
2026/09/26 23:01:22.707, 0, 93858, 97871
2026/09/26 23:01:22.707, 1, 94064, 97871
2026/09/26 23:01:22.707, 2, 94222, 97871
2026/09/26 23:01:22.707, 3, 94133, 97871
2026/09/26 23:01:22.907, 0, 93858, 97871
2026/09/26 23:01:22.907, 1, 94064, 97871
2026/09/26 23:01:22.907, 2, 94222, 97871
2026/09/26 23:01:22.907, 3, 94133, 97871
2026/09/26 23:01:23.107, 0, 93858, 97871
2026/09/26 23:01:23.107, 1, 94064, 97871
2026/09/26 23:01:23.107, 2, 94222, 97871
2026/09/26 23:01:23.107, 3, 94133, 97871
2026/09/26 23:01:23.307, 0, 93858, 97871
2026/09/26 23:01:23.307, 1, 94064, 97871
2026/09/26 23:01:23.307, 2, 94222, 97871
2026/09/26 23:01:23.308, 3, 94133, 97871
2026/09/26 23:01:23.508, 0, 93858, 97871
2026/09/26 23:01:23.508, 1, 94064, 97871
2026/09/26 23:01:23.508, 2, 94222, 97871
2026/09/26 23:01:23.508, 3, 94133, 97871
2026/09/26 23:01:23.708, 0, 93858, 97871
2026/09/26 23:01:23.708, 1, 94064, 97871
2026/09/26 23:01:23.708, 2, 94222, 97871
2026/09/26 23:01:23.708, 3, 94133, 97871
2026/09/26 23:01:23.908, 0, 93858, 97871
2026/09/26 23:01:23.908, 1, 94064, 97871
2026/09/26 23:01:23.908, 2, 94222, 97871
2026/09/26 23:01:23.908, 3, 94133, 97871
2026/09/26 23:01:24.108, 0, 93858, 97871
2026/09/26 23:01:24.109, 1, 94064, 97871
2026/09/26 23:01:24.109, 2, 94222, 97871
2026/09/26 23:01:24.109, 3, 94133, 97871
2026/09/26 23:01:24.309, 0, 93858, 97871
2026/09/26 23:01:24.309, 1, 94064, 97871
2026/09/26 23:01:24.309, 2, 94222, 97871
2026/09/26 23:01:24.309, 3, 94133, 97871
2026/09/26 23:01:24.509, 0, 93858, 97871
2026/09/26 23:01:24.509, 1, 94064, 97871
2026/09/26 23:01:24.509, 2, 94222, 97871
2026/09/26 23:01:24.509, 3, 94133, 97871
2026/09/26 23:01:24.709, 0, 93858, 97871
2026/09/26 23:01:24.709, 1, 94064, 97871
2026/09/26 23:01:24.709, 2, 94222, 97871
2026/09/26 23:01:24.709, 3, 94133, 97871
2026/09/26 23:01:24.909, 0, 93858, 97871
2026/09/26 23:01:24.909, 1, 94064, 97871
2026/09/26 23:01:24.910, 2, 94222, 97871
2026/09/26 23:01:24.910, 3, 94133, 97871
2026/09/26 23:01:25.110, 0, 93858, 97871
2026/09/26 23:01:25.110, 1, 94064, 97871
2026/09/26 23:01:25.110, 2, 94222, 97871
2026/09/26 23:01:25.110, 3, 94133, 97871
2026/09/26 23:01:25.310, 0, 93858, 97871
2026/09/26 23:01:25.310, 1, 94064, 97871
2026/09/26 23:01:25.310, 2, 94222, 97871
2026/09/26 23:01:25.310, 3, 94133, 97871
2026/09/26 23:01:25.510, 0, 93858, 97871
2026/09/26 23:01:25.510, 1, 94064, 97871
2026/09/26 23:01:25.510, 2, 94222, 97871
2026/09/26 23:01:25.510, 3, 94133, 97871
2026/09/26 23:01:25.710, 0, 93858, 97871
2026/09/26 23:01:25.711, 1, 94064, 97871
2026/09/26 23:01:25.711, 2, 94222, 97871
2026/09/26 23:01:25.711, 3, 94133, 97871
2026/09/26 23:01:25.911, 0, 93858, 97871
2026/09/26 23:01:25.911, 1, 94064, 97871
2026/09/26 23:01:25.911, 2, 94222, 97871
2026/09/26 23:01:25.911, 3, 94133, 97871
2026/09/26 23:01:26.111, 0, 93858, 97871
2026/09/26 23:01:26.111, 1, 94064, 97871
2026/09/26 23:01:26.111, 2, 94222, 97871
2026/09/26 23:01:26.111, 3, 94133, 97871
2026/09/26 23:01:26.311, 0, 93858, 97871
2026/09/26 23:01:26.311, 1, 94064, 97871
2026/09/26 23:01:26.311, 2, 94222, 97871
2026/09/26 23:01:26.311, 3, 94133, 97871
2026/09/26 23:01:26.511, 0, 93858, 97871
2026/09/26 23:01:26.511, 1, 94064, 97871
2026/09/26 23:01:26.512, 2, 94222, 97871
2026/09/26 23:01:26.512, 3, 94133, 97871
2026/09/26 23:01:26.712, 0, 93858, 97871
2026/09/26 23:01:26.712, 1, 94064, 97871
2026/09/26 23:01:26.712, 2, 94222, 97871
2026/09/26 23:01:26.712, 3, 94133, 97871
2026/09/26 23:01:26.912, 0, 93858, 97871
2026/09/26 23:01:26.912, 1, 94064, 97871
2026/09/26 23:01:26.912, 2, 94222, 97871
2026/09/26 23:01:26.912, 3, 94133, 97871
2026/09/26 23:01:27.112, 0, 93858, 97871
2026/09/26 23:01:27.112, 1, 94064, 97871
2026/09/26 23:01:27.112, 2, 94222, 97871
2026/09/26 23:01:27.112, 3, 94133, 97871
2026/09/26 23:01:27.312, 0, 93858, 97871
2026/09/26 23:01:27.313, 1, 94064, 97871
2026/09/26 23:01:27.313, 2, 94222, 97871
2026/09/26 23:01:27.313, 3, 94133, 97871
2026/09/26 23:01:27.513, 0, 93858, 97871
2026/09/26 23:01:27.513, 1, 94064, 97871
2026/09/26 23:01:27.513, 2, 94222, 97871
2026/09/26 23:01:27.513, 3, 94133, 97871
2026/09/26 23:01:27.713, 0, 93858, 97871
2026/09/26 23:01:27.713, 1, 94064, 97871
2026/09/26 23:01:27.713, 2, 94222, 97871
2026/09/26 23:01:27.713, 3, 94133, 97871
2026/09/26 23:01:27.913, 0, 93858, 97871
2026/09/26 23:01:27.913, 1, 94064, 97871
2026/09/26 23:01:27.913, 2, 94222, 97871
2026/09/26 23:01:27.914, 3, 94133, 97871
2026/09/26 23:01:28.114, 0, 93858, 97871
2026/09/26 23:01:28.114, 1, 94064, 97871
2026/09/26 23:01:28.114, 2, 94222, 97871
2026/09/26 23:01:28.114, 3, 94133, 97871
2026/09/26 23:01:28.314, 0, 93858, 97871
2026/09/26 23:01:28.314, 1, 94064, 97871
2026/09/26 23:01:28.314, 2, 94222, 97871
2026/09/26 23:01:28.314, 3, 94133, 97871
2026/09/26 23:01:28.514, 0, 93858, 97871
2026/09/26 23:01:28.514, 1, 94064, 97871
2026/09/26 23:01:28.514, 2, 94222, 97871
2026/09/26 23:01:28.514, 3, 94133, 97871
2026/09/26 23:01:28.714, 0, 93858, 97871
2026/09/26 23:01:28.714, 1, 94064, 97871
2026/09/26 23:01:28.714, 2, 94222, 97871
2026/09/26 23:01:28.714, 3, 94133, 97871
2026/09/26 23:01:28.915, 0, 93858, 97871
2026/09/26 23:01:28.915, 1, 94064, 97871
2026/09/26 23:01:28.915, 2, 94222, 97871
2026/09/26 23:01:28.915, 3, 94133, 97871
2026/09/26 23:01:29.115, 0, 93858, 97871
2026/09/26 23:01:29.115, 1, 94064, 97871
2026/09/26 23:01:29.115, 2, 94222, 97871
2026/09/26 23:01:29.115, 3, 94133, 97871
2026/09/26 23:01:29.315, 0, 93858, 97871
2026/09/26 23:01:29.315, 1, 94064, 97871
2026/09/26 23:01:29.315, 2, 94222, 97871
2026/09/26 23:01:29.315, 3, 94133, 97871
2026/09/26 23:01:29.515, 0, 93858, 97871
2026/09/26 23:01:29.515, 1, 94064, 97871
2026/09/26 23:01:29.515, 2, 94222, 97871
2026/09/26 23:01:29.515, 3, 94133, 97871
2026/09/26 23:01:29.716, 0, 93858, 97871
2026/09/26 23:01:29.716, 1, 94064, 97871
2026/09/26 23:01:29.716, 2, 94222, 97871
2026/09/26 23:01:29.716, 3, 94133, 97871
2026/09/26 23:01:29.916, 0, 93858, 97871
2026/09/26 23:01:29.916, 1, 94064, 97871
2026/09/26 23:01:29.916, 2, 94222, 97871
2026/09/26 23:01:29.916, 3, 94133, 97871
2026/09/26 23:01:30.116, 0, 93858, 97871
2026/09/26 23:01:30.116, 1, 94064, 97871
2026/09/26 23:01:30.116, 2, 94222, 97871
2026/09/26 23:01:30.116, 3, 94133, 97871
2026/09/26 23:01:30.316, 0, 93858, 97871
2026/09/26 23:01:30.316, 1, 94064, 97871
2026/09/26 23:01:30.316, 2, 94222, 97871
2026/09/26 23:01:30.316, 3, 94133, 97871
2026/09/26 23:01:30.517, 0, 93858, 97871
2026/09/26 23:01:30.517, 1, 94064, 97871
2026/09/26 23:01:30.517, 2, 94222, 97871
2026/09/26 23:01:30.517, 3, 94133, 97871
2026/09/26 23:01:30.717, 0, 93858, 97871
2026/09/26 23:01:30.717, 1, 94064, 97871
2026/09/26 23:01:30.717, 2, 94222, 97871
2026/09/26 23:01:30.717, 3, 94133, 97871
2026/09/26 23:01:30.917, 0, 93858, 97871
2026/09/26 23:01:30.917, 1, 94064, 97871
2026/09/26 23:01:30.917, 2, 94222, 97871
2026/09/26 23:01:30.917, 3, 94133, 97871
2026/09/26 23:01:31.117, 0, 93858, 97871
2026/09/26 23:01:31.117, 1, 94064, 97871
2026/09/26 23:01:31.117, 2, 94222, 97871
2026/09/26 23:01:31.117, 3, 94133, 97871
2026/09/26 23:01:31.318, 0, 93858, 97871
2026/09/26 23:01:31.318, 1, 94064, 97871
2026/09/26 23:01:31.318, 2, 94222, 97871
2026/09/26 23:01:31.318, 3, 94133, 97871
2026/09/26 23:01:31.518, 0, 93858, 97871
2026/09/26 23:01:31.518, 1, 94064, 97871
2026/09/26 23:01:31.518, 2, 94222, 97871
2026/09/26 23:01:31.518, 3, 94133, 97871
2026/09/26 23:01:31.718, 0, 93858, 97871
2026/09/26 23:01:31.718, 1, 94064, 97871
2026/09/26 23:01:31.718, 2, 94222, 97871
2026/09/26 23:01:31.718, 3, 94133, 97871
2026/09/26 23:01:31.918, 0, 93858, 97871
2026/09/26 23:01:31.918, 1, 94064, 97871
2026/09/26 23:01:31.918, 2, 94222, 97871
2026/09/26 23:01:31.918, 3, 94133, 97871
2026/09/26 23:01:32.119, 0, 93858, 97871
2026/09/26 23:01:32.119, 1, 94064, 97871
2026/09/26 23:01:32.119, 2, 94222, 97871
2026/09/26 23:01:32.119, 3, 94133, 97871
2026/09/26 23:01:32.319, 0, 93858, 97871
2026/09/26 23:01:32.319, 1, 94064, 97871
2026/09/26 23:01:32.319, 2, 94222, 97871
2026/09/26 23:01:32.319, 3, 94133, 97871
2026/09/26 23:01:32.519, 0, 93858, 97871
2026/09/26 23:01:32.519, 1, 94064, 97871
2026/09/26 23:01:32.519, 2, 94222, 97871
2026/09/26 23:01:32.519, 3, 94133, 97871
2026/09/26 23:01:32.719, 0, 93858, 97871
2026/09/26 23:01:32.719, 1, 94064, 97871
2026/09/26 23:01:32.719, 2, 94222, 97871
2026/09/26 23:01:32.720, 3, 94133, 97871
2026/09/26 23:01:32.920, 0, 93858, 97871
2026/09/26 23:01:32.920, 1, 94064, 97871
2026/09/26 23:01:32.920, 2, 94222, 97871
2026/09/26 23:01:32.920, 3, 94133, 97871
2026/09/26 23:01:33.120, 0, 93858, 97871
2026/09/26 23:01:33.120, 1, 94064, 97871
2026/09/26 23:01:33.120, 2, 94222, 97871
2026/09/26 23:01:33.120, 3, 94133, 97871
2026/09/26 23:01:33.320, 0, 93858, 97871
2026/09/26 23:01:33.320, 1, 94064, 97871
2026/09/26 23:01:33.320, 2, 94222, 97871
2026/09/26 23:01:33.320, 3, 94133, 97871
2026/09/26 23:01:33.520, 0, 93858, 97871
2026/09/26 23:01:33.520, 1, 94064, 97871
2026/09/26 23:01:33.520, 2, 94222, 97871
2026/09/26 23:01:33.520, 3, 94133, 97871
2026/09/26 23:01:33.721, 0, 93858, 97871
2026/09/26 23:01:33.721, 1, 94064, 97871
2026/09/26 23:01:33.721, 2, 94222, 97871
2026/09/26 23:01:33.721, 3, 94133, 97871
2026/09/26 23:01:33.921, 0, 93858, 97871
2026/09/26 23:01:33.921, 1, 94064, 97871
2026/09/26 23:01:33.921, 2, 94222, 97871
2026/09/26 23:01:33.921, 3, 94133, 97871
2026/09/26 23:01:34.121, 0, 93858, 97871
2026/09/26 23:01:34.121, 1, 94064, 97871
2026/09/26 23:01:34.121, 2, 94222, 97871
2026/09/26 23:01:34.121, 3, 94133, 97871
2026/09/26 23:01:34.321, 0, 93858, 97871
2026/09/26 23:01:34.321, 1, 94064, 97871
2026/09/26 23:01:34.321, 2, 94222, 97871
2026/09/26 23:01:34.321, 3, 94133, 97871
2026/09/26 23:01:34.522, 0, 93858, 97871
2026/09/26 23:01:34.522, 1, 94064, 97871
2026/09/26 23:01:34.522, 2, 94222, 97871
2026/09/26 23:01:34.522, 3, 94133, 97871
2026/09/26 23:01:34.722, 0, 93858, 97871
2026/09/26 23:01:34.722, 1, 94064, 97871
2026/09/26 23:01:34.722, 2, 94222, 97871
2026/09/26 23:01:34.722, 3, 94133, 97871
2026/09/26 23:01:34.922, 0, 93858, 97871
2026/09/26 23:01:34.922, 1, 94064, 97871
2026/09/26 23:01:34.922, 2, 94222, 97871
2026/09/26 23:01:34.922, 3, 94133, 97871
2026/09/26 23:01:35.122, 0, 93858, 97871
2026/09/26 23:01:35.122, 1, 94064, 97871
2026/09/26 23:01:35.122, 2, 94222, 97871
2026/09/26 23:01:35.123, 3, 94133, 97871
2026/09/26 23:01:35.323, 0, 93858, 97871
2026/09/26 23:01:35.323, 1, 94064, 97871
2026/09/26 23:01:35.323, 2, 94222, 97871
2026/09/26 23:01:35.323, 3, 94133, 97871
2026/09/26 23:01:35.523, 0, 93858, 97871
2026/09/26 23:01:35.523, 1, 94064, 97871
2026/09/26 23:01:35.523, 2, 94222, 97871
2026/09/26 23:01:35.523, 3, 94133, 97871
2026/09/26 23:01:35.723, 0, 93858, 97871
2026/09/26 23:01:35.723, 1, 94064, 97871
2026/09/26 23:01:35.723, 2, 94222, 97871
2026/09/26 23:01:35.723, 3, 94133, 97871
2026/09/26 23:01:35.923, 0, 93858, 97871
2026/09/26 23:01:35.923, 1, 94064, 97871
2026/09/26 23:01:35.923, 2, 94222, 97871
2026/09/26 23:01:35.924, 3, 94133, 97871
2026/09/26 23:01:36.124, 0, 93858, 97871
2026/09/26 23:01:36.124, 1, 94064, 97871
2026/09/26 23:01:36.124, 2, 94222, 97871
2026/09/26 23:01:36.124, 3, 94133, 97871
2026/09/26 23:01:36.324, 0, 93858, 97871
2026/09/26 23:01:36.324, 1, 94064, 97871
2026/09/26 23:01:36.324, 2, 94222, 97871
2026/09/26 23:01:36.324, 3, 94133, 97871
2026/09/26 23:01:36.524, 0, 93858, 97871
2026/09/26 23:01:36.524, 1, 94064, 97871
2026/09/26 23:01:36.524, 2, 94222, 97871
2026/09/26 23:01:36.524, 3, 94133, 97871
2026/09/26 23:01:36.724, 0, 93858, 97871
2026/09/26 23:01:36.724, 1, 94064, 97871
2026/09/26 23:01:36.725, 2, 94222, 97871
2026/09/26 23:01:36.725, 3, 94133, 97871
2026/09/26 23:01:36.925, 0, 93858, 97871
2026/09/26 23:01:36.925, 1, 94064, 97871
2026/09/26 23:01:36.925, 2, 94222, 97871
2026/09/26 23:01:36.925, 3, 94133, 97871
2026/09/26 23:01:37.125, 0, 93858, 97871
2026/09/26 23:01:37.125, 1, 94064, 97871
2026/09/26 23:01:37.125, 2, 94222, 97871
2026/09/26 23:01:37.125, 3, 94133, 97871
2026/09/26 23:01:37.325, 0, 93858, 97871
2026/09/26 23:01:37.325, 1, 94064, 97871
2026/09/26 23:01:37.325, 2, 94222, 97871
2026/09/26 23:01:37.325, 3, 94133, 97871
2026/09/26 23:01:37.525, 0, 93858, 97871
2026/09/26 23:01:37.526, 1, 94064, 97871
2026/09/26 23:01:37.526, 2, 94222, 97871
2026/09/26 23:01:37.526, 3, 94133, 97871
2026/09/26 23:01:37.726, 0, 93858, 97871
2026/09/26 23:01:37.726, 1, 94064, 97871
2026/09/26 23:01:37.726, 2, 94222, 97871
2026/09/26 23:01:37.726, 3, 94133, 97871
2026/09/26 23:01:37.926, 0, 93858, 97871
2026/09/26 23:01:37.926, 1, 94064, 97871
2026/09/26 23:01:37.926, 2, 94222, 97871
2026/09/26 23:01:37.926, 3, 94133, 97871
2026/09/26 23:01:38.126, 0, 93858, 97871
2026/09/26 23:01:38.126, 1, 94064, 97871
2026/09/26 23:01:38.126, 2, 94222, 97871
2026/09/26 23:01:38.126, 3, 94133, 97871
2026/09/26 23:01:38.326, 0, 93858, 97871
2026/09/26 23:01:38.327, 1, 94064, 97871
2026/09/26 23:01:38.327, 2, 94222, 97871
2026/09/26 23:01:38.327, 3, 94133, 97871
2026/09/26 23:01:38.527, 0, 93858, 97871
2026/09/26 23:01:38.527, 1, 94064, 97871
2026/09/26 23:01:38.527, 2, 94222, 97871
2026/09/26 23:01:38.527, 3, 94133, 97871
2026/09/26 23:01:38.727, 0, 93858, 97871
2026/09/26 23:01:38.727, 1, 94064, 97871
2026/09/26 23:01:38.727, 2, 94222, 97871
2026/09/26 23:01:38.727, 3, 94133, 97871
2026/09/26 23:01:38.927, 0, 93858, 97871
2026/09/26 23:01:38.927, 1, 94064, 97871
2026/09/26 23:01:38.927, 2, 94222, 97871
2026/09/26 23:01:38.928, 3, 94133, 97871
2026/09/26 23:01:39.128, 0, 93858, 97871
2026/09/26 23:01:39.128, 1, 94064, 97871
2026/09/26 23:01:39.128, 2, 94222, 97871
2026/09/26 23:01:39.128, 3, 94133, 97871
2026/09/26 23:01:39.328, 0, 93858, 97871
2026/09/26 23:01:39.328, 1, 94064, 97871
2026/09/26 23:01:39.328, 2, 94222, 97871
2026/09/26 23:01:39.328, 3, 94133, 97871
2026/09/26 23:01:39.528, 0, 93858, 97871
2026/09/26 23:01:39.528, 1, 94064, 97871
2026/09/26 23:01:39.528, 2, 94222, 97871
2026/09/26 23:01:39.528, 3, 94133, 97871
2026/09/26 23:01:39.728, 0, 93858, 97871
2026/09/26 23:01:39.728, 1, 94064, 97871
2026/09/26 23:01:39.728, 2, 94222, 97871
2026/09/26 23:01:39.729, 3, 94133, 97871
2026/09/26 23:01:39.929, 0, 93858, 97871
2026/09/26 23:01:39.929, 1, 94064, 97871
2026/09/26 23:01:39.929, 2, 94222, 97871
2026/09/26 23:01:39.929, 3, 94133, 97871
2026/09/26 23:01:40.129, 0, 93858, 97871
2026/09/26 23:01:40.129, 1, 94064, 97871
2026/09/26 23:01:40.129, 2, 94222, 97871
2026/09/26 23:01:40.129, 3, 94133, 97871
2026/09/26 23:01:40.329, 0, 93858, 97871
2026/09/26 23:01:40.329, 1, 94064, 97871
2026/09/26 23:01:40.329, 2, 94222, 97871
2026/09/26 23:01:40.329, 3, 94133, 97871
2026/09/26 23:01:40.529, 0, 93858, 97871
2026/09/26 23:01:40.529, 1, 94064, 97871
2026/09/26 23:01:40.530, 2, 94222, 97871
2026/09/26 23:01:40.530, 3, 94133, 97871
2026/09/26 23:01:40.730, 0, 93858, 97871
2026/09/26 23:01:40.730, 1, 94064, 97871
2026/09/26 23:01:40.730, 2, 94222, 97871
2026/09/26 23:01:40.730, 3, 94133, 97871
2026/09/26 23:01:40.930, 0, 93858, 97871
2026/09/26 23:01:40.930, 1, 94064, 97871
2026/09/26 23:01:40.930, 2, 94222, 97871
2026/09/26 23:01:40.930, 3, 94133, 97871
2026/09/26 23:01:41.130, 0, 93858, 97871
2026/09/26 23:01:41.130, 1, 94064, 97871
2026/09/26 23:01:41.130, 2, 94222, 97871
2026/09/26 23:01:41.130, 3, 94133, 97871
2026/09/26 23:01:41.331, 0, 93858, 97871
2026/09/26 23:01:41.331, 1, 94064, 97871
2026/09/26 23:01:41.331, 2, 94222, 97871
2026/09/26 23:01:41.331, 3, 94133, 97871
2026/09/26 23:01:41.531, 0, 93858, 97871
2026/09/26 23:01:41.531, 1, 94064, 97871
2026/09/26 23:01:41.531, 2, 94222, 97871
2026/09/26 23:01:41.531, 3, 94133, 97871
2026/09/26 23:01:41.731, 0, 93858, 97871
2026/09/26 23:01:41.731, 1, 94064, 97871
2026/09/26 23:01:41.731, 2, 94222, 97871
2026/09/26 23:01:41.731, 3, 94133, 97871
2026/09/26 23:01:41.931, 0, 93858, 97871
2026/09/26 23:01:41.931, 1, 94064, 97871
2026/09/26 23:01:41.931, 2, 94222, 97871
2026/09/26 23:01:41.931, 3, 94133, 97871
2026/09/26 23:01:42.132, 0, 93858, 97871
2026/09/26 23:01:42.132, 1, 94064, 97871
2026/09/26 23:01:42.132, 2, 94222, 97871
2026/09/26 23:01:42.132, 3, 94133, 97871
2026/09/26 23:01:42.332, 0, 93858, 97871
2026/09/26 23:01:42.332, 1, 94064, 97871
2026/09/26 23:01:42.332, 2, 94222, 97871
2026/09/26 23:01:42.332, 3, 94133, 97871
2026/09/26 23:01:42.532, 0, 93858, 97871
2026/09/26 23:01:42.532, 1, 94064, 97871
2026/09/26 23:01:42.532, 2, 94222, 97871
2026/09/26 23:01:42.532, 3, 94133, 97871
2026/09/26 23:01:42.732, 0, 93858, 97871
2026/09/26 23:01:42.732, 1, 94064, 97871
2026/09/26 23:01:42.732, 2, 94222, 97871
2026/09/26 23:01:42.732, 3, 94133, 97871
2026/09/26 23:01:42.932, 0, 93858, 97871
2026/09/26 23:01:42.933, 1, 94064, 97871
2026/09/26 23:01:42.933, 2, 94222, 97871
2026/09/26 23:01:42.933, 3, 94133, 97871
2026/09/26 23:01:43.133, 0, 93858, 97871
2026/09/26 23:01:43.133, 1, 94064, 97871
2026/09/26 23:01:43.133, 2, 94222, 97871
2026/09/26 23:01:43.133, 3, 94133, 97871
2026/09/26 23:01:43.333, 0, 93858, 97871
2026/09/26 23:01:43.333, 1, 94064, 97871
2026/09/26 23:01:43.333, 2, 94222, 97871
2026/09/26 23:01:43.333, 3, 94133, 97871
2026/09/26 23:01:43.533, 0, 93858, 97871
2026/09/26 23:01:43.533, 1, 94064, 97871
2026/09/26 23:01:43.533, 2, 94222, 97871
2026/09/26 23:01:43.533, 3, 94133, 97871
2026/09/26 23:01:43.733, 0, 93858, 97871
2026/09/26 23:01:43.733, 1, 94064, 97871
2026/09/26 23:01:43.734, 2, 94222, 97871
2026/09/26 23:01:43.734, 3, 94133, 97871
2026/09/26 23:01:43.934, 0, 93858, 97871
2026/09/26 23:01:43.934, 1, 94064, 97871
2026/09/26 23:01:43.934, 2, 94222, 97871
2026/09/26 23:01:43.934, 3, 94133, 97871
2026/09/26 23:01:44.134, 0, 93858, 97871
2026/09/26 23:01:44.134, 1, 94064, 97871
2026/09/26 23:01:44.134, 2, 94222, 97871
2026/09/26 23:01:44.134, 3, 94133, 97871
2026/09/26 23:01:44.334, 0, 93858, 97871
2026/09/26 23:01:44.334, 1, 94064, 97871
2026/09/26 23:01:44.334, 2, 94222, 97871
2026/09/26 23:01:44.334, 3, 94133, 97871
2026/09/26 23:01:44.534, 0, 93858, 97871
2026/09/26 23:01:44.535, 1, 94064, 97871
2026/09/26 23:01:44.535, 2, 94222, 97871
2026/09/26 23:01:44.535, 3, 94133, 97871
2026/09/26 23:01:44.735, 0, 93858, 97871
2026/09/26 23:01:44.735, 1, 94064, 97871
2026/09/26 23:01:44.735, 2, 94222, 97871
2026/09/26 23:01:44.735, 3, 94133, 97871
2026/09/26 23:01:44.935, 0, 93858, 97871
2026/09/26 23:01:44.935, 1, 94064, 97871
2026/09/26 23:01:44.935, 2, 94222, 97871
2026/09/26 23:01:44.935, 3, 94133, 97871
2026/09/26 23:01:45.135, 0, 93858, 97871
2026/09/26 23:01:45.135, 1, 94064, 97871
2026/09/26 23:01:45.135, 2, 94222, 97871
2026/09/26 23:01:45.135, 3, 94133, 97871
2026/09/26 23:01:45.335, 0, 93858, 97871
2026/09/26 23:01:45.336, 1, 94064, 97871
2026/09/26 23:01:45.336, 2, 94222, 97871
2026/09/26 23:01:45.336, 3, 94133, 97871
2026/09/26 23:01:45.536, 0, 93858, 97871
2026/09/26 23:01:45.536, 1, 94064, 97871
2026/09/26 23:01:45.536, 2, 94222, 97871
2026/09/26 23:01:45.536, 3, 94133, 97871
2026/09/26 23:01:45.736, 0, 93858, 97871
2026/09/26 23:01:45.736, 1, 94064, 97871
2026/09/26 23:01:45.736, 2, 94222, 97871
2026/09/26 23:01:45.736, 3, 94133, 97871
2026/09/26 23:01:45.936, 0, 93858, 97871
2026/09/26 23:01:45.936, 1, 94064, 97871
2026/09/26 23:01:45.936, 2, 94222, 97871
2026/09/26 23:01:45.936, 3, 94133, 97871
2026/09/26 23:01:46.137, 0, 93858, 97871
2026/09/26 23:01:46.137, 1, 94064, 97871
2026/09/26 23:01:46.137, 2, 94222, 97871
2026/09/26 23:01:46.137, 3, 94133, 97871
2026/09/26 23:01:46.337, 0, 93858, 97871
2026/09/26 23:01:46.337, 1, 94064, 97871
2026/09/26 23:01:46.337, 2, 94222, 97871
2026/09/26 23:01:46.337, 3, 94133, 97871
2026/09/26 23:01:46.537, 0, 93858, 97871
2026/09/26 23:01:46.537, 1, 94064, 97871
2026/09/26 23:01:46.537, 2, 94222, 97871
2026/09/26 23:01:46.537, 3, 94133, 97871
2026/09/26 23:01:46.737, 0, 93858, 97871
2026/09/26 23:01:46.737, 1, 94064, 97871
2026/09/26 23:01:46.737, 2, 94222, 97871
2026/09/26 23:01:46.737, 3, 94133, 97871
2026/09/26 23:01:46.938, 0, 93858, 97871
2026/09/26 23:01:46.938, 1, 94064, 97871
2026/09/26 23:01:46.938, 2, 94222, 97871
2026/09/26 23:01:46.938, 3, 94133, 97871
2026/09/26 23:01:47.138, 0, 93858, 97871
2026/09/26 23:01:47.138, 1, 94064, 97871
2026/09/26 23:01:47.138, 2, 94222, 97871
2026/09/26 23:01:47.138, 3, 94133, 97871
2026/09/26 23:01:47.338, 0, 93858, 97871
2026/09/26 23:01:47.338, 1, 94064, 97871
2026/09/26 23:01:47.338, 2, 94222, 97871
2026/09/26 23:01:47.338, 3, 94133, 97871
2026/09/26 23:01:47.538, 0, 93858, 97871
2026/09/26 23:01:47.538, 1, 94064, 97871
2026/09/26 23:01:47.538, 2, 94222, 97871
2026/09/26 23:01:47.538, 3, 94133, 97871
2026/09/26 23:01:47.739, 0, 93858, 97871
2026/09/26 23:01:47.739, 1, 94064, 97871
2026/09/26 23:01:47.739, 2, 94222, 97871
2026/09/26 23:01:47.739, 3, 94133, 97871
2026/09/26 23:01:47.939, 0, 93858, 97871
2026/09/26 23:01:47.939, 1, 94064, 97871
2026/09/26 23:01:47.939, 2, 94222, 97871
2026/09/26 23:01:47.939, 3, 94133, 97871
2026/09/26 23:01:48.139, 0, 93858, 97871
2026/09/26 23:01:48.139, 1, 94064, 97871
2026/09/26 23:01:48.139, 2, 94222, 97871
2026/09/26 23:01:48.139, 3, 94133, 97871
2026/09/26 23:01:48.339, 0, 93858, 97871
2026/09/26 23:01:48.339, 1, 94064, 97871
2026/09/26 23:01:48.339, 2, 94222, 97871
2026/09/26 23:01:48.339, 3, 94133, 97871
2026/09/26 23:01:48.540, 0, 93858, 97871
2026/09/26 23:01:48.540, 1, 94064, 97871
2026/09/26 23:01:48.540, 2, 94222, 97871
2026/09/26 23:01:48.540, 3, 94133, 97871
2026/09/26 23:01:48.740, 0, 93858, 97871
2026/09/26 23:01:48.740, 1, 94064, 97871
2026/09/26 23:01:48.740, 2, 94222, 97871
2026/09/26 23:01:48.740, 3, 94133, 97871
2026/09/26 23:01:48.940, 0, 93858, 97871
2026/09/26 23:01:48.940, 1, 94064, 97871
2026/09/26 23:01:48.940, 2, 94222, 97871
2026/09/26 23:01:48.940, 3, 94133, 97871
2026/09/26 23:01:49.140, 0, 93858, 97871
2026/09/26 23:01:49.141, 1, 94064, 97871
2026/09/26 23:01:49.141, 2, 94222, 97871
2026/09/26 23:01:49.141, 3, 94133, 97871
2026/09/26 23:01:49.341, 0, 93858, 97871
2026/09/26 23:01:49.341, 1, 94064, 97871
2026/09/26 23:01:49.341, 2, 94222, 97871
2026/09/26 23:01:49.341, 3, 94133, 97871
2026/09/26 23:01:49.541, 0, 93858, 97871
2026/09/26 23:01:49.541, 1, 94064, 97871
2026/09/26 23:01:49.541, 2, 94222, 97871
2026/09/26 23:01:49.541, 3, 94133, 97871
2026/09/26 23:01:49.741, 0, 93858, 97871
2026/09/26 23:01:49.741, 1, 94064, 97871
2026/09/26 23:01:49.741, 2, 94222, 97871
2026/09/26 23:01:49.741, 3, 94133, 97871
2026/09/26 23:01:49.941, 0, 93858, 97871
2026/09/26 23:01:49.942, 1, 94064, 97871
2026/09/26 23:01:49.942, 2, 94222, 97871
2026/09/26 23:01:49.942, 3, 94133, 97871
2026/09/26 23:01:50.142, 0, 93858, 97871
2026/09/26 23:01:50.142, 1, 94064, 97871
2026/09/26 23:01:50.142, 2, 94222, 97871
2026/09/26 23:01:50.142, 3, 94133, 97871
2026/09/26 23:01:50.342, 0, 93858, 97871
2026/09/26 23:01:50.342, 1, 94064, 97871
2026/09/26 23:01:50.342, 2, 94222, 97871
2026/09/26 23:01:50.342, 3, 94133, 97871
2026/09/26 23:01:50.542, 0, 93858, 97871
2026/09/26 23:01:50.542, 1, 94064, 97871
2026/09/26 23:01:50.542, 2, 94222, 97871
2026/09/26 23:01:50.542, 3, 94133, 97871
2026/09/26 23:01:50.742, 0, 93858, 97871
2026/09/26 23:01:50.743, 1, 94064, 97871
2026/09/26 23:01:50.743, 2, 94222, 97871
2026/09/26 23:01:50.743, 3, 94133, 97871
2026/09/26 23:01:50.943, 0, 93858, 97871
2026/09/26 23:01:50.943, 1, 94064, 97871
2026/09/26 23:01:50.943, 2, 94222, 97871
2026/09/26 23:01:50.943, 3, 94133, 97871
2026/09/26 23:01:51.143, 0, 93858, 97871
2026/09/26 23:01:51.143, 1, 94064, 97871
2026/09/26 23:01:51.143, 2, 94222, 97871
2026/09/26 23:01:51.143, 3, 94133, 97871
2026/09/26 23:01:51.343, 0, 93858, 97871
2026/09/26 23:01:51.343, 1, 94064, 97871
2026/09/26 23:01:51.343, 2, 94222, 97871
2026/09/26 23:01:51.343, 3, 94133, 97871
2026/09/26 23:01:51.543, 0, 93858, 97871
2026/09/26 23:01:51.544, 1, 94064, 97871
2026/09/26 23:01:51.544, 2, 94222, 97871
2026/09/26 23:01:51.544, 3, 94133, 97871
2026/09/26 23:01:51.744, 0, 93858, 97871
2026/09/26 23:01:51.744, 1, 94064, 97871
2026/09/26 23:01:51.744, 2, 94222, 97871
2026/09/26 23:01:51.744, 3, 94133, 97871
2026/09/26 23:01:51.944, 0, 93858, 97871
2026/09/26 23:01:51.944, 1, 94064, 97871
2026/09/26 23:01:51.944, 2, 94222, 97871
2026/09/26 23:01:51.944, 3, 94133, 97871
2026/09/26 23:01:52.144, 0, 93858, 97871
2026/09/26 23:01:52.144, 1, 94064, 97871
2026/09/26 23:01:52.144, 2, 94222, 97871
2026/09/26 23:01:52.144, 3, 94133, 97871
2026/09/26 23:01:52.344, 0, 93858, 97871
2026/09/26 23:01:52.344, 1, 94064, 97871
2026/09/26 23:01:52.345, 2, 94222, 97871
2026/09/26 23:01:52.345, 3, 94133, 97871
2026/09/26 23:01:52.545, 0, 93858, 97871
2026/09/26 23:01:52.545, 1, 94064, 97871
2026/09/26 23:01:52.545, 2, 94222, 97871
2026/09/26 23:01:52.545, 3, 94133, 97871
2026/09/26 23:01:52.745, 0, 93858, 97871
2026/09/26 23:01:52.745, 1, 94064, 97871
2026/09/26 23:01:52.745, 2, 94222, 97871
2026/09/26 23:01:52.745, 3, 94133, 97871
2026/09/26 23:01:52.945, 0, 93858, 97871
2026/09/26 23:01:52.945, 1, 94064, 97871
2026/09/26 23:01:52.945, 2, 94222, 97871
2026/09/26 23:01:52.945, 3, 94133, 97871
2026/09/26 23:01:53.145, 0, 93858, 97871
2026/09/26 23:01:53.145, 1, 94064, 97871
2026/09/26 23:01:53.146, 2, 94222, 97871
2026/09/26 23:01:53.146, 3, 94133, 97871
2026/09/26 23:01:53.346, 0, 93858, 97871
2026/09/26 23:01:53.346, 1, 94064, 97871
2026/09/26 23:01:53.346, 2, 94222, 97871
2026/09/26 23:01:53.346, 3, 94133, 97871
2026/09/26 23:01:53.546, 0, 93858, 97871
2026/09/26 23:01:53.546, 1, 94064, 97871
2026/09/26 23:01:53.546, 2, 94222, 97871
2026/09/26 23:01:53.546, 3, 94133, 97871
2026/09/26 23:01:53.746, 0, 93858, 97871
2026/09/26 23:01:53.747, 1, 94064, 97871
2026/09/26 23:01:53.747, 2, 94222, 97871
2026/09/26 23:01:53.747, 3, 94133, 97871
2026/09/26 23:01:53.947, 0, 93858, 97871
2026/09/26 23:01:53.947, 1, 94064, 97871
2026/09/26 23:01:53.947, 2, 94222, 97871
2026/09/26 23:01:53.947, 3, 94133, 97871
