2026/09/22 23:12:22.056, 0, 94597, 97871
2026/09/22 23:12:22.056, 1, 94609, 97871
2026/09/22 23:12:22.057, 2, 94604, 97871
2026/09/22 23:12:22.057, 3, 94598, 97871
2026/09/22 23:12:22.257, 0, 94597, 97871
2026/09/22 23:12:22.257, 1, 94609, 97871
2026/09/22 23:12:22.257, 2, 94604, 97871
2026/09/22 23:12:22.257, 3, 94598, 97871
2026/09/22 23:12:22.457, 0, 94597, 97871
2026/09/22 23:12:22.457, 1, 94609, 97871
2026/09/22 23:12:22.457, 2, 94604, 97871
2026/09/22 23:12:22.457, 3, 94598, 97871
2026/09/22 23:12:22.657, 0, 94597, 97871
2026/09/22 23:12:22.657, 1, 94609, 97871
2026/09/22 23:12:22.657, 2, 94604, 97871
2026/09/22 23:12:22.657, 3, 94598, 97871
2026/09/22 23:12:22.858, 0, 94597, 97871
2026/09/22 23:12:22.858, 1, 94609, 97871
2026/09/22 23:12:22.858, 2, 94604, 97871
2026/09/22 23:12:22.858, 3, 94598, 97871
2026/09/22 23:12:23.058, 0, 94597, 97871
2026/09/22 23:12:23.058, 1, 94609, 97871
2026/09/22 23:12:23.058, 2, 94604, 97871
2026/09/22 23:12:23.058, 3, 94598, 97871
2026/09/22 23:12:23.258, 0, 94597, 97871
2026/09/22 23:12:23.258, 1, 94609, 97871
2026/09/22 23:12:23.258, 2, 94604, 97871
2026/09/22 23:12:23.258, 3, 94598, 97871
2026/09/22 23:12:23.458, 0, 94597, 97871
2026/09/22 23:12:23.458, 1, 94609, 97871
2026/09/22 23:12:23.458, 2, 94604, 97871
2026/09/22 23:12:23.458, 3, 94598, 97871
2026/09/22 23:12:23.659, 0, 94597, 97871
2026/09/22 23:12:23.659, 1, 94609, 97871
2026/09/22 23:12:23.659, 2, 94604, 97871
2026/09/22 23:12:23.659, 3, 94598, 97871
2026/09/22 23:12:23.859, 0, 94597, 97871
2026/09/22 23:12:23.882, 1, 94609, 97871
2026/09/22 23:12:23.914, 2, 94604, 97871
2026/09/22 23:12:23.928, 3, 94598, 97871
2026/09/22 23:12:24.128, 0, 94597, 97871
2026/09/22 23:12:24.162, 1, 94609, 97871
2026/09/22 23:12:24.193, 2, 94604, 97871
2026/09/22 23:12:24.207, 3, 94598, 97871
2026/09/22 23:12:24.407, 0, 94597, 97871
2026/09/22 23:12:24.408, 1, 94609, 97871
2026/09/22 23:12:24.408, 2, 94604, 97871
2026/09/22 23:12:24.408, 3, 94598, 97871
2026/09/22 23:12:24.608, 0, 94597, 97871
2026/09/22 23:12:24.608, 1, 94609, 97871
2026/09/22 23:12:24.608, 2, 94604, 97871
2026/09/22 23:12:24.608, 3, 94598, 97871
2026/09/22 23:12:24.808, 0, 94597, 97871
2026/09/22 23:12:24.808, 1, 94609, 97871
2026/09/22 23:12:24.808, 2, 94604, 97871
2026/09/22 23:12:24.808, 3, 94598, 97871
2026/09/22 23:12:25.008, 0, 94597, 97871
2026/09/22 23:12:25.008, 1, 94609, 97871
2026/09/22 23:12:25.008, 2, 94604, 97871
2026/09/22 23:12:25.008, 3, 94598, 97871
2026/09/22 23:12:25.208, 0, 94597, 97871
2026/09/22 23:12:25.208, 1, 94609, 97871
2026/09/22 23:12:25.209, 2, 94604, 97871
2026/09/22 23:12:25.209, 3, 94598, 97871
2026/09/22 23:12:25.409, 0, 94597, 97871
2026/09/22 23:12:25.409, 1, 94609, 97871
2026/09/22 23:12:25.409, 2, 94604, 97871
2026/09/22 23:12:25.409, 3, 94598, 97871
2026/09/22 23:12:25.609, 0, 94597, 97871
2026/09/22 23:12:25.609, 1, 94609, 97871
2026/09/22 23:12:25.609, 2, 94604, 97871
2026/09/22 23:12:25.609, 3, 94598, 97871
2026/09/22 23:12:25.809, 0, 94597, 97871
2026/09/22 23:12:25.809, 1, 94609, 97871
2026/09/22 23:12:25.809, 2, 94604, 97871
2026/09/22 23:12:25.809, 3, 94598, 97871
2026/09/22 23:12:26.009, 0, 94597, 97871
2026/09/22 23:12:26.009, 1, 94609, 97871
2026/09/22 23:12:26.010, 2, 94604, 97871
2026/09/22 23:12:26.010, 3, 94598, 97871
2026/09/22 23:12:26.210, 0, 94597, 97871
2026/09/22 23:12:26.210, 1, 94609, 97871
2026/09/22 23:12:26.210, 2, 94604, 97871
2026/09/22 23:12:26.210, 3, 94598, 97871
2026/09/22 23:12:26.410, 0, 94597, 97871
2026/09/22 23:12:26.410, 1, 94609, 97871
2026/09/22 23:12:26.410, 2, 94604, 97871
2026/09/22 23:12:26.410, 3, 94598, 97871
2026/09/22 23:12:26.610, 0, 94597, 97871
2026/09/22 23:12:26.632, 1, 94609, 97871
2026/09/22 23:12:26.647, 2, 94604, 97871
2026/09/22 23:12:26.647, 3, 94598, 97871
2026/09/22 23:12:26.847, 0, 94597, 97871
2026/09/22 23:12:26.847, 1, 94609, 97871
2026/09/22 23:12:26.847, 2, 94604, 97871
2026/09/22 23:12:26.847, 3, 94598, 97871
2026/09/22 23:12:27.047, 0, 94597, 97871
2026/09/22 23:12:27.065, 1, 94609, 97871
2026/09/22 23:12:27.065, 2, 94604, 97871
2026/09/22 23:12:27.065, 3, 94598, 97871
2026/09/22 23:12:27.265, 0, 94597, 97871
2026/09/22 23:12:27.265, 1, 94609, 97871
2026/09/22 23:12:27.265, 2, 94604, 97871
2026/09/22 23:12:27.266, 3, 94598, 97871
2026/09/22 23:12:27.466, 0, 94597, 97871
2026/09/22 23:12:27.466, 1, 94609, 97871
2026/09/22 23:12:27.466, 2, 94604, 97871
2026/09/22 23:12:27.466, 3, 94598, 97871
2026/09/22 23:12:27.666, 0, 94597, 97871
2026/09/22 23:12:27.666, 1, 94609, 97871
2026/09/22 23:12:27.666, 2, 94604, 97871
2026/09/22 23:12:27.666, 3, 94598, 97871
2026/09/22 23:12:27.866, 0, 94597, 97871
2026/09/22 23:12:27.866, 1, 94609, 97871
2026/09/22 23:12:27.866, 2, 94604, 97871
2026/09/22 23:12:27.866, 3, 94598, 97871
2026/09/22 23:12:28.066, 0, 94597, 97871
2026/09/22 23:12:28.066, 1, 94609, 97871
2026/09/22 23:12:28.066, 2, 94604, 97871
2026/09/22 23:12:28.066, 3, 94598, 97871
2026/09/22 23:12:28.267, 0, 94597, 97871
2026/09/22 23:12:28.267, 1, 94609, 97871
2026/09/22 23:12:28.267, 2, 94604, 97871
2026/09/22 23:12:28.267, 3, 94598, 97871
2026/09/22 23:12:28.467, 0, 94597, 97871
2026/09/22 23:12:28.467, 1, 94609, 97871
2026/09/22 23:12:28.467, 2, 94604, 97871
2026/09/22 23:12:28.467, 3, 94598, 97871
2026/09/22 23:12:28.667, 0, 94597, 97871
2026/09/22 23:12:28.667, 1, 94609, 97871
2026/09/22 23:12:28.667, 2, 94604, 97871
2026/09/22 23:12:28.667, 3, 94598, 97871
2026/09/22 23:12:28.867, 0, 94597, 97871
2026/09/22 23:12:28.867, 1, 94609, 97871
2026/09/22 23:12:28.867, 2, 94604, 97871
2026/09/22 23:12:28.868, 3, 94598, 97871
2026/09/22 23:12:29.068, 0, 94597, 97871
2026/09/22 23:12:29.068, 1, 94609, 97871
2026/09/22 23:12:29.068, 2, 94604, 97871
2026/09/22 23:12:29.068, 3, 94598, 97871
2026/09/22 23:12:29.268, 0, 94597, 97871
2026/09/22 23:12:29.268, 1, 94609, 97871
2026/09/22 23:12:29.268, 2, 94604, 97871
2026/09/22 23:12:29.268, 3, 94598, 97871
2026/09/22 23:12:29.468, 0, 94597, 97871
2026/09/22 23:12:29.468, 1, 94609, 97871
2026/09/22 23:12:29.468, 2, 94604, 97871
2026/09/22 23:12:29.468, 3, 94598, 97871
2026/09/22 23:12:29.668, 0, 94597, 97871
2026/09/22 23:12:29.668, 1, 94609, 97871
2026/09/22 23:12:29.668, 2, 94604, 97871
2026/09/22 23:12:29.668, 3, 94598, 97871
2026/09/22 23:12:29.869, 0, 94597, 97871
2026/09/22 23:12:29.869, 1, 94609, 97871
2026/09/22 23:12:29.869, 2, 94604, 97871
2026/09/22 23:12:29.869, 3, 94598, 97871
2026/09/22 23:12:30.069, 0, 94597, 97871
2026/09/22 23:12:30.069, 1, 94609, 97871
2026/09/22 23:12:30.069, 2, 94604, 97871
2026/09/22 23:12:30.069, 3, 94598, 97871
2026/09/22 23:12:30.269, 0, 94597, 97871
2026/09/22 23:12:30.269, 1, 94609, 97871
2026/09/22 23:12:30.269, 2, 94604, 97871
2026/09/22 23:12:30.269, 3, 94598, 97871
2026/09/22 23:12:30.469, 0, 94597, 97871
2026/09/22 23:12:30.469, 1, 94609, 97871
2026/09/22 23:12:30.470, 2, 94604, 97871
2026/09/22 23:12:30.470, 3, 94598, 97871
2026/09/22 23:12:30.670, 0, 94597, 97871
2026/09/22 23:12:30.670, 1, 94609, 97871
2026/09/22 23:12:30.670, 2, 94604, 97871
2026/09/22 23:12:30.670, 3, 94598, 97871
2026/09/22 23:12:30.870, 0, 94597, 97871
2026/09/22 23:12:30.870, 1, 94609, 97871
2026/09/22 23:12:30.870, 2, 94604, 97871
2026/09/22 23:12:30.870, 3, 94598, 97871
2026/09/22 23:12:31.070, 0, 94597, 97871
2026/09/22 23:12:31.070, 1, 94609, 97871
2026/09/22 23:12:31.070, 2, 94604, 97871
2026/09/22 23:12:31.070, 3, 94598, 97871
2026/09/22 23:12:31.270, 0, 94597, 97871
2026/09/22 23:12:31.271, 1, 94609, 97871
2026/09/22 23:12:31.271, 2, 94604, 97871
2026/09/22 23:12:31.271, 3, 94598, 97871
2026/09/22 23:12:31.471, 0, 94597, 97871
2026/09/22 23:12:31.471, 1, 94609, 97871
2026/09/22 23:12:31.471, 2, 94604, 97871
2026/09/22 23:12:31.471, 3, 94598, 97871
2026/09/22 23:12:31.671, 0, 94597, 97871
2026/09/22 23:12:31.671, 1, 94609, 97871
2026/09/22 23:12:31.671, 2, 94604, 97871
2026/09/22 23:12:31.671, 3, 94598, 97871
2026/09/22 23:12:31.871, 0, 94597, 97871
2026/09/22 23:12:31.871, 1, 94609, 97871
2026/09/22 23:12:31.871, 2, 94604, 97871
2026/09/22 23:12:31.871, 3, 94598, 97871
2026/09/22 23:12:32.071, 0, 94597, 97871
2026/09/22 23:12:32.072, 1, 94609, 97871
2026/09/22 23:12:32.072, 2, 94604, 97871
2026/09/22 23:12:32.072, 3, 94598, 97871
2026/09/22 23:12:32.272, 0, 94597, 97871
2026/09/22 23:12:32.272, 1, 94609, 97871
2026/09/22 23:12:32.272, 2, 94604, 97871
2026/09/22 23:12:32.272, 3, 94598, 97871
2026/09/22 23:12:32.472, 0, 94597, 97871
2026/09/22 23:12:32.472, 1, 94609, 97871
2026/09/22 23:12:32.472, 2, 94604, 97871
2026/09/22 23:12:32.472, 3, 94598, 97871
2026/09/22 23:12:32.672, 0, 94597, 97871
2026/09/22 23:12:32.672, 1, 94609, 97871
2026/09/22 23:12:32.672, 2, 94604, 97871
2026/09/22 23:12:32.672, 3, 94598, 97871
2026/09/22 23:12:32.872, 0, 94597, 97871
2026/09/22 23:12:32.873, 1, 94609, 97871
2026/09/22 23:12:32.873, 2, 94604, 97871
2026/09/22 23:12:32.873, 3, 94598, 97871
2026/09/22 23:12:33.073, 0, 94597, 97871
2026/09/22 23:12:33.073, 1, 94609, 97871
2026/09/22 23:12:33.073, 2, 94604, 97871
2026/09/22 23:12:33.073, 3, 94598, 97871
2026/09/22 23:12:33.273, 0, 94597, 97871
2026/09/22 23:12:33.273, 1, 94609, 97871
2026/09/22 23:12:33.273, 2, 94604, 97871
2026/09/22 23:12:33.273, 3, 94598, 97871
2026/09/22 23:12:33.473, 0, 94597, 97871
2026/09/22 23:12:33.473, 1, 94609, 97871
2026/09/22 23:12:33.473, 2, 94604, 97871
2026/09/22 23:12:33.473, 3, 94598, 97871
2026/09/22 23:12:33.673, 0, 94597, 97871
2026/09/22 23:12:33.674, 1, 94609, 97871
2026/09/22 23:12:33.674, 2, 94604, 97871
2026/09/22 23:12:33.674, 3, 94598, 97871
2026/09/22 23:12:33.874, 0, 94597, 97871
2026/09/22 23:12:33.874, 1, 94609, 97871
2026/09/22 23:12:33.874, 2, 94604, 97871
2026/09/22 23:12:33.874, 3, 94598, 97871
2026/09/22 23:12:34.074, 0, 94597, 97871
2026/09/22 23:12:34.074, 1, 94609, 97871
2026/09/22 23:12:34.074, 2, 94604, 97871
2026/09/22 23:12:34.074, 3, 94598, 97871
2026/09/22 23:12:34.274, 0, 94597, 97871
2026/09/22 23:12:34.274, 1, 94609, 97871
2026/09/22 23:12:34.274, 2, 94604, 97871
2026/09/22 23:12:34.274, 3, 94598, 97871
2026/09/22 23:12:34.475, 0, 94597, 97871
2026/09/22 23:12:34.475, 1, 94609, 97871
2026/09/22 23:12:34.475, 2, 94604, 97871
2026/09/22 23:12:34.475, 3, 94598, 97871
2026/09/22 23:12:34.675, 0, 94597, 97871
2026/09/22 23:12:34.675, 1, 94609, 97871
2026/09/22 23:12:34.675, 2, 94604, 97871
2026/09/22 23:12:34.675, 3, 94598, 97871
2026/09/22 23:12:34.875, 0, 94597, 97871
2026/09/22 23:12:34.875, 1, 94609, 97871
2026/09/22 23:12:34.875, 2, 94604, 97871
2026/09/22 23:12:34.875, 3, 94598, 97871
2026/09/22 23:12:35.075, 0, 94597, 97871
2026/09/22 23:12:35.075, 1, 94609, 97871
2026/09/22 23:12:35.075, 2, 94604, 97871
2026/09/22 23:12:35.075, 3, 94598, 97871
2026/09/22 23:12:35.275, 0, 94597, 97871
2026/09/22 23:12:35.276, 1, 94609, 97871
2026/09/22 23:12:35.276, 2, 94604, 97871
2026/09/22 23:12:35.276, 3, 94598, 97871
2026/09/22 23:12:35.476, 0, 94597, 97871
2026/09/22 23:12:35.476, 1, 94609, 97871
2026/09/22 23:12:35.476, 2, 94604, 97871
2026/09/22 23:12:35.476, 3, 94598, 97871
2026/09/22 23:12:35.676, 0, 94597, 97871
2026/09/22 23:12:35.676, 1, 94609, 97871
2026/09/22 23:12:35.676, 2, 94604, 97871
2026/09/22 23:12:35.676, 3, 94598, 97871
2026/09/22 23:12:35.876, 0, 94597, 97871
2026/09/22 23:12:35.876, 1, 94609, 97871
2026/09/22 23:12:35.876, 2, 94604, 97871
2026/09/22 23:12:35.876, 3, 94598, 97871
2026/09/22 23:12:36.077, 0, 94597, 97871
2026/09/22 23:12:36.077, 1, 94609, 97871
2026/09/22 23:12:36.077, 2, 94604, 97871
2026/09/22 23:12:36.077, 3, 94598, 97871
2026/09/22 23:12:36.277, 0, 94597, 97871
2026/09/22 23:12:36.277, 1, 94609, 97871
2026/09/22 23:12:36.277, 2, 94604, 97871
2026/09/22 23:12:36.277, 3, 94598, 97871
2026/09/22 23:12:36.477, 0, 94597, 97871
2026/09/22 23:12:36.477, 1, 94609, 97871
2026/09/22 23:12:36.477, 2, 94604, 97871
2026/09/22 23:12:36.477, 3, 94598, 97871
2026/09/22 23:12:36.677, 0, 94597, 97871
2026/09/22 23:12:36.677, 1, 94609, 97871
2026/09/22 23:12:36.677, 2, 94604, 97871
2026/09/22 23:12:36.678, 3, 94598, 97871
2026/09/22 23:12:36.878, 0, 94597, 97871
2026/09/22 23:12:36.878, 1, 94609, 97871
2026/09/22 23:12:36.878, 2, 94604, 97871
2026/09/22 23:12:36.878, 3, 94598, 97871
2026/09/22 23:12:37.078, 0, 94597, 97871
2026/09/22 23:12:37.078, 1, 94609, 97871
2026/09/22 23:12:37.078, 2, 94604, 97871
2026/09/22 23:12:37.078, 3, 94598, 97871
2026/09/22 23:12:37.278, 0, 94597, 97871
2026/09/22 23:12:37.278, 1, 94609, 97871
2026/09/22 23:12:37.278, 2, 94604, 97871
2026/09/22 23:12:37.278, 3, 94598, 97871
2026/09/22 23:12:37.478, 0, 94597, 97871
2026/09/22 23:12:37.478, 1, 94609, 97871
2026/09/22 23:12:37.478, 2, 94604, 97871
2026/09/22 23:12:37.479, 3, 94598, 97871
2026/09/22 23:12:37.679, 0, 94597, 97871
2026/09/22 23:12:37.679, 1, 94609, 97871
2026/09/22 23:12:37.679, 2, 94604, 97871
2026/09/22 23:12:37.679, 3, 94598, 97871
2026/09/22 23:12:37.879, 0, 94597, 97871
2026/09/22 23:12:37.879, 1, 94609, 97871
2026/09/22 23:12:37.879, 2, 94604, 97871
2026/09/22 23:12:37.879, 3, 94598, 97871
2026/09/22 23:12:38.079, 0, 94597, 97871
2026/09/22 23:12:38.079, 1, 94609, 97871
2026/09/22 23:12:38.079, 2, 94604, 97871
2026/09/22 23:12:38.079, 3, 94598, 97871
2026/09/22 23:12:38.279, 0, 94597, 97871
2026/09/22 23:12:38.279, 1, 94609, 97871
2026/09/22 23:12:38.280, 2, 94604, 97871
2026/09/22 23:12:38.280, 3, 94598, 97871
2026/09/22 23:12:38.480, 0, 94597, 97871
2026/09/22 23:12:38.480, 1, 94609, 97871
2026/09/22 23:12:38.480, 2, 94604, 97871
2026/09/22 23:12:38.480, 3, 94598, 97871
2026/09/22 23:12:38.680, 0, 94597, 97871
2026/09/22 23:12:38.680, 1, 94609, 97871
2026/09/22 23:12:38.680, 2, 94604, 97871
2026/09/22 23:12:38.680, 3, 94598, 97871
2026/09/22 23:12:38.880, 0, 94597, 97871
2026/09/22 23:12:38.880, 1, 94609, 97871
2026/09/22 23:12:38.880, 2, 94604, 97871
2026/09/22 23:12:38.880, 3, 94598, 97871
2026/09/22 23:12:39.080, 0, 94597, 97871
2026/09/22 23:12:39.080, 1, 94609, 97871
2026/09/22 23:12:39.080, 2, 94604, 97871
2026/09/22 23:12:39.081, 3, 94598, 97871
2026/09/22 23:12:39.281, 0, 94597, 97871
2026/09/22 23:12:39.281, 1, 94609, 97871
2026/09/22 23:12:39.281, 2, 94604, 97871
2026/09/22 23:12:39.281, 3, 94598, 97871
2026/09/22 23:12:39.481, 0, 94597, 97871
2026/09/22 23:12:39.481, 1, 94609, 97871
2026/09/22 23:12:39.481, 2, 94604, 97871
2026/09/22 23:12:39.481, 3, 94598, 97871
2026/09/22 23:12:39.681, 0, 94597, 97871
2026/09/22 23:12:39.681, 1, 94609, 97871
2026/09/22 23:12:39.681, 2, 94604, 97871
2026/09/22 23:12:39.681, 3, 94598, 97871
2026/09/22 23:12:39.881, 0, 94597, 97871
2026/09/22 23:12:39.881, 1, 94609, 97871
2026/09/22 23:12:39.882, 2, 94604, 97871
2026/09/22 23:12:39.882, 3, 94598, 97871
2026/09/22 23:12:40.082, 0, 94597, 97871
2026/09/22 23:12:40.082, 1, 94609, 97871
2026/09/22 23:12:40.082, 2, 94604, 97871
2026/09/22 23:12:40.082, 3, 94598, 97871
2026/09/22 23:12:40.282, 0, 94597, 97871
2026/09/22 23:12:40.282, 1, 94609, 97871
2026/09/22 23:12:40.282, 2, 94604, 97871
2026/09/22 23:12:40.282, 3, 94598, 97871
2026/09/22 23:12:40.482, 0, 94597, 97871
2026/09/22 23:12:40.482, 1, 94609, 97871
2026/09/22 23:12:40.482, 2, 94604, 97871
2026/09/22 23:12:40.482, 3, 94598, 97871
2026/09/22 23:12:40.682, 0, 94597, 97871
2026/09/22 23:12:40.682, 1, 94609, 97871
2026/09/22 23:12:40.683, 2, 94604, 97871
2026/09/22 23:12:40.683, 3, 94598, 97871
2026/09/22 23:12:40.883, 0, 94597, 97871
2026/09/22 23:12:40.883, 1, 94609, 97871
2026/09/22 23:12:40.883, 2, 94604, 97871
2026/09/22 23:12:40.883, 3, 94598, 97871
2026/09/22 23:12:41.083, 0, 94597, 97871
2026/09/22 23:12:41.083, 1, 94609, 97871
2026/09/22 23:12:41.083, 2, 94604, 97871
2026/09/22 23:12:41.083, 3, 94598, 97871
2026/09/22 23:12:41.283, 0, 94597, 97871
2026/09/22 23:12:41.283, 1, 94609, 97871
2026/09/22 23:12:41.283, 2, 94604, 97871
2026/09/22 23:12:41.283, 3, 94598, 97871
2026/09/22 23:12:41.483, 0, 94597, 97871
2026/09/22 23:12:41.483, 1, 94609, 97871
2026/09/22 23:12:41.483, 2, 94604, 97871
2026/09/22 23:12:41.484, 3, 94598, 97871
2026/09/22 23:12:41.684, 0, 94597, 97871
2026/09/22 23:12:41.684, 1, 94609, 97871
2026/09/22 23:12:41.684, 2, 94604, 97871
2026/09/22 23:12:41.684, 3, 94598, 97871
2026/09/22 23:12:41.884, 0, 94597, 97871
2026/09/22 23:12:41.884, 1, 94609, 97871
2026/09/22 23:12:41.884, 2, 94604, 97871
2026/09/22 23:12:41.884, 3, 94598, 97871
2026/09/22 23:12:42.084, 0, 94597, 97871
2026/09/22 23:12:42.084, 1, 94609, 97871
2026/09/22 23:12:42.084, 2, 94604, 97871
2026/09/22 23:12:42.084, 3, 94598, 97871
2026/09/22 23:12:42.284, 0, 94597, 97871
2026/09/22 23:12:42.284, 1, 94609, 97871
2026/09/22 23:12:42.285, 2, 94604, 97871
2026/09/22 23:12:42.285, 3, 94598, 97871
2026/09/22 23:12:42.485, 0, 94597, 97871
2026/09/22 23:12:42.485, 1, 94609, 97871
2026/09/22 23:12:42.485, 2, 94604, 97871
2026/09/22 23:12:42.485, 3, 94598, 97871
2026/09/22 23:12:42.685, 0, 94597, 97871
2026/09/22 23:12:42.685, 1, 94609, 97871
2026/09/22 23:12:42.685, 2, 94604, 97871
2026/09/22 23:12:42.685, 3, 94598, 97871
2026/09/22 23:12:42.885, 0, 94597, 97871
2026/09/22 23:12:42.885, 1, 94609, 97871
2026/09/22 23:12:42.885, 2, 94604, 97871
2026/09/22 23:12:42.885, 3, 94598, 97871
2026/09/22 23:12:43.085, 0, 94597, 97871
2026/09/22 23:12:43.086, 1, 94609, 97871
2026/09/22 23:12:43.086, 2, 94604, 97871
2026/09/22 23:12:43.086, 3, 94598, 97871
2026/09/22 23:12:43.286, 0, 94597, 97871
2026/09/22 23:12:43.286, 1, 94609, 97871
2026/09/22 23:12:43.286, 2, 94604, 97871
2026/09/22 23:12:43.286, 3, 94598, 97871
2026/09/22 23:12:43.486, 0, 94597, 97871
2026/09/22 23:12:43.486, 1, 94609, 97871
2026/09/22 23:12:43.486, 2, 94604, 97871
2026/09/22 23:12:43.486, 3, 94598, 97871
2026/09/22 23:12:43.686, 0, 94597, 97871
2026/09/22 23:12:43.686, 1, 94609, 97871
2026/09/22 23:12:43.686, 2, 94604, 97871
2026/09/22 23:12:43.686, 3, 94598, 97871
2026/09/22 23:12:43.886, 0, 94597, 97871
2026/09/22 23:12:43.886, 1, 94609, 97871
2026/09/22 23:12:43.887, 2, 94604, 97871
2026/09/22 23:12:43.887, 3, 94598, 97871
2026/09/22 23:12:44.087, 0, 94597, 97871
2026/09/22 23:12:44.087, 1, 94609, 97871
2026/09/22 23:12:44.087, 2, 94604, 97871
2026/09/22 23:12:44.087, 3, 94598, 97871
2026/09/22 23:12:44.287, 0, 94597, 97871
2026/09/22 23:12:44.287, 1, 94609, 97871
2026/09/22 23:12:44.287, 2, 94604, 97871
2026/09/22 23:12:44.287, 3, 94598, 97871
2026/09/22 23:12:44.487, 0, 94597, 97871
2026/09/22 23:12:44.487, 1, 94609, 97871
2026/09/22 23:12:44.487, 2, 94604, 97871
2026/09/22 23:12:44.487, 3, 94598, 97871
2026/09/22 23:12:44.687, 0, 94597, 97871
2026/09/22 23:12:44.687, 1, 94609, 97871
2026/09/22 23:12:44.688, 2, 94604, 97871
2026/09/22 23:12:44.688, 3, 94598, 97871
2026/09/22 23:12:44.888, 0, 94597, 97871
2026/09/22 23:12:44.888, 1, 94609, 97871
2026/09/22 23:12:44.888, 2, 94604, 97871
2026/09/22 23:12:44.888, 3, 94598, 97871
2026/09/22 23:12:45.088, 0, 94597, 97871
2026/09/22 23:12:45.088, 1, 94609, 97871
2026/09/22 23:12:45.088, 2, 94604, 97871
2026/09/22 23:12:45.088, 3, 94598, 97871
2026/09/22 23:12:45.288, 0, 94597, 97871
2026/09/22 23:12:45.288, 1, 94609, 97871
2026/09/22 23:12:45.288, 2, 94604, 97871
2026/09/22 23:12:45.288, 3, 94598, 97871
2026/09/22 23:12:45.488, 0, 94597, 97871
2026/09/22 23:12:45.488, 1, 94609, 97871
2026/09/22 23:12:45.488, 2, 94604, 97871
2026/09/22 23:12:45.489, 3, 94598, 97871
2026/09/22 23:12:45.689, 0, 94597, 97871
2026/09/22 23:12:45.689, 1, 94609, 97871
2026/09/22 23:12:45.689, 2, 94604, 97871
2026/09/22 23:12:45.689, 3, 94598, 97871
2026/09/22 23:12:45.889, 0, 94597, 97871
2026/09/22 23:12:45.889, 1, 94609, 97871
2026/09/22 23:12:45.889, 2, 94604, 97871
2026/09/22 23:12:45.889, 3, 94598, 97871
2026/09/22 23:12:46.089, 0, 94597, 97871
2026/09/22 23:12:46.089, 1, 94609, 97871
2026/09/22 23:12:46.089, 2, 94604, 97871
2026/09/22 23:12:46.089, 3, 94598, 97871
2026/09/22 23:12:46.289, 0, 94597, 97871
2026/09/22 23:12:46.289, 1, 94609, 97871
2026/09/22 23:12:46.290, 2, 94604, 97871
2026/09/22 23:12:46.290, 3, 94598, 97871
2026/09/22 23:12:46.490, 0, 94597, 97871
2026/09/22 23:12:46.490, 1, 94609, 97871
2026/09/22 23:12:46.490, 2, 94604, 97871
2026/09/22 23:12:46.490, 3, 94598, 97871
2026/09/22 23:12:46.690, 0, 94597, 97871
2026/09/22 23:12:46.690, 1, 94609, 97871
2026/09/22 23:12:46.690, 2, 94604, 97871
2026/09/22 23:12:46.690, 3, 94598, 97871
2026/09/22 23:12:46.890, 0, 94597, 97871
2026/09/22 23:12:46.890, 1, 94609, 97871
2026/09/22 23:12:46.890, 2, 94604, 97871
2026/09/22 23:12:46.890, 3, 94598, 97871
2026/09/22 23:12:47.090, 0, 94597, 97871
2026/09/22 23:12:47.090, 1, 94609, 97871
2026/09/22 23:12:47.091, 2, 94604, 97871
2026/09/22 23:12:47.091, 3, 94598, 97871
2026/09/22 23:12:47.291, 0, 94597, 97871
2026/09/22 23:12:47.291, 1, 94609, 97871
2026/09/22 23:12:47.291, 2, 94604, 97871
2026/09/22 23:12:47.291, 3, 94598, 97871
2026/09/22 23:12:47.491, 0, 94597, 97871
2026/09/22 23:12:47.491, 1, 94609, 97871
2026/09/22 23:12:47.491, 2, 94604, 97871
2026/09/22 23:12:47.491, 3, 94598, 97871
2026/09/22 23:12:47.691, 0, 94597, 97871
2026/09/22 23:12:47.691, 1, 94609, 97871
2026/09/22 23:12:47.691, 2, 94604, 97871
2026/09/22 23:12:47.691, 3, 94598, 97871
2026/09/22 23:12:47.891, 0, 94597, 97871
2026/09/22 23:12:47.891, 1, 94609, 97871
2026/09/22 23:12:47.891, 2, 94604, 97871
2026/09/22 23:12:47.891, 3, 94598, 97871
2026/09/22 23:12:48.091, 0, 94597, 97871
2026/09/22 23:12:48.092, 1, 94609, 97871
2026/09/22 23:12:48.092, 2, 94604, 97871
2026/09/22 23:12:48.092, 3, 94598, 97871
2026/09/22 23:12:48.292, 0, 94597, 97871
2026/09/22 23:12:48.292, 1, 94609, 97871
2026/09/22 23:12:48.292, 2, 94604, 97871
2026/09/22 23:12:48.292, 3, 94598, 97871
2026/09/22 23:12:48.492, 0, 94597, 97871
2026/09/22 23:12:48.492, 1, 94609, 97871
2026/09/22 23:12:48.492, 2, 94604, 97871
2026/09/22 23:12:48.492, 3, 94598, 97871
2026/09/22 23:12:48.692, 0, 94597, 97871
2026/09/22 23:12:48.692, 1, 94609, 97871
2026/09/22 23:12:48.692, 2, 94604, 97871
2026/09/22 23:12:48.692, 3, 94598, 97871
2026/09/22 23:12:48.892, 0, 94597, 97871
2026/09/22 23:12:48.892, 1, 94609, 97871
2026/09/22 23:12:48.892, 2, 94604, 97871
2026/09/22 23:12:48.892, 3, 94598, 97871
2026/09/22 23:12:49.093, 0, 94597, 97871
2026/09/22 23:12:49.093, 1, 94609, 97871
2026/09/22 23:12:49.093, 2, 94604, 97871
2026/09/22 23:12:49.093, 3, 94598, 97871
2026/09/22 23:12:49.293, 0, 94597, 97871
2026/09/22 23:12:49.293, 1, 94609, 97871
2026/09/22 23:12:49.293, 2, 94604, 97871
2026/09/22 23:12:49.293, 3, 94598, 97871
2026/09/22 23:12:49.493, 0, 94597, 97871
2026/09/22 23:12:49.493, 1, 94609, 97871
2026/09/22 23:12:49.493, 2, 94604, 97871
2026/09/22 23:12:49.493, 3, 94598, 97871
2026/09/22 23:12:49.693, 0, 94597, 97871
2026/09/22 23:12:49.693, 1, 94609, 97871
2026/09/22 23:12:49.693, 2, 94604, 97871
2026/09/22 23:12:49.693, 3, 94598, 97871
2026/09/22 23:12:49.893, 0, 94597, 97871
2026/09/22 23:12:49.893, 1, 94609, 97871
2026/09/22 23:12:49.893, 2, 94604, 97871
2026/09/22 23:12:49.894, 3, 94598, 97871
2026/09/22 23:12:50.094, 0, 94597, 97871
2026/09/22 23:12:50.094, 1, 94609, 97871
2026/09/22 23:12:50.094, 2, 94604, 97871
2026/09/22 23:12:50.094, 3, 94598, 97871
2026/09/22 23:12:50.294, 0, 94597, 97871
2026/09/22 23:12:50.294, 1, 94609, 97871
2026/09/22 23:12:50.294, 2, 94604, 97871
2026/09/22 23:12:50.294, 3, 94598, 97871
2026/09/22 23:12:50.494, 0, 94597, 97871
2026/09/22 23:12:50.494, 1, 94609, 97871
2026/09/22 23:12:50.494, 2, 94604, 97871
2026/09/22 23:12:50.494, 3, 94598, 97871
2026/09/22 23:12:50.694, 0, 94597, 97871
2026/09/22 23:12:50.694, 1, 94609, 97871
2026/09/22 23:12:50.694, 2, 94604, 97871
2026/09/22 23:12:50.694, 3, 94598, 97871
2026/09/22 23:12:50.894, 0, 94597, 97871
2026/09/22 23:12:50.894, 1, 94609, 97871
2026/09/22 23:12:50.894, 2, 94604, 97871
2026/09/22 23:12:50.894, 3, 94598, 97871
2026/09/22 23:12:51.095, 0, 94597, 97871
2026/09/22 23:12:51.095, 1, 94609, 97871
2026/09/22 23:12:51.095, 2, 94604, 97871
2026/09/22 23:12:51.095, 3, 94598, 97871
2026/09/22 23:12:51.295, 0, 94597, 97871
2026/09/22 23:12:51.295, 1, 94609, 97871
2026/09/22 23:12:51.295, 2, 94604, 97871
2026/09/22 23:12:51.295, 3, 94598, 97871
2026/09/22 23:12:51.495, 0, 94597, 97871
2026/09/22 23:12:51.495, 1, 94609, 97871
2026/09/22 23:12:51.495, 2, 94604, 97871
2026/09/22 23:12:51.495, 3, 94598, 97871
2026/09/22 23:12:51.695, 0, 94597, 97871
2026/09/22 23:12:51.695, 1, 94609, 97871
2026/09/22 23:12:51.695, 2, 94604, 97871
2026/09/22 23:12:51.695, 3, 94598, 97871
2026/09/22 23:12:51.895, 0, 94597, 97871
2026/09/22 23:12:51.895, 1, 94609, 97871
2026/09/22 23:12:51.895, 2, 94604, 97871
2026/09/22 23:12:51.895, 3, 94598, 97871
2026/09/22 23:12:52.095, 0, 94597, 97871
2026/09/22 23:12:52.096, 1, 94609, 97871
2026/09/22 23:12:52.096, 2, 94604, 97871
2026/09/22 23:12:52.096, 3, 94598, 97871
2026/09/22 23:12:52.296, 0, 94597, 97871
2026/09/22 23:12:52.296, 1, 94609, 97871
2026/09/22 23:12:52.296, 2, 94604, 97871
2026/09/22 23:12:52.296, 3, 94598, 97871
2026/09/22 23:12:52.496, 0, 94597, 97871
2026/09/22 23:12:52.496, 1, 94609, 97871
2026/09/22 23:12:52.496, 2, 94604, 97871
2026/09/22 23:12:52.496, 3, 94598, 97871
2026/09/22 23:12:52.696, 0, 94597, 97871
2026/09/22 23:12:52.696, 1, 94609, 97871
2026/09/22 23:12:52.696, 2, 94604, 97871
2026/09/22 23:12:52.696, 3, 94598, 97871
2026/09/22 23:12:52.897, 0, 94597, 97871
2026/09/22 23:12:52.897, 1, 94609, 97871
2026/09/22 23:12:52.897, 2, 94604, 97871
2026/09/22 23:12:52.897, 3, 94598, 97871
2026/09/22 23:12:53.097, 0, 94597, 97871
2026/09/22 23:12:53.097, 1, 94609, 97871
2026/09/22 23:12:53.097, 2, 94604, 97871
2026/09/22 23:12:53.097, 3, 94598, 97871
2026/09/22 23:12:53.297, 0, 94597, 97871
2026/09/22 23:12:53.297, 1, 94609, 97871
2026/09/22 23:12:53.297, 2, 94604, 97871
2026/09/22 23:12:53.297, 3, 94598, 97871
2026/09/22 23:12:53.497, 0, 94597, 97871
2026/09/22 23:12:53.497, 1, 94609, 97871
2026/09/22 23:12:53.497, 2, 94604, 97871
2026/09/22 23:12:53.497, 3, 94598, 97871
2026/09/22 23:12:53.697, 0, 94597, 97871
2026/09/22 23:12:53.697, 1, 94609, 97871
2026/09/22 23:12:53.697, 2, 94604, 97871
2026/09/22 23:12:53.698, 3, 94598, 97871
2026/09/22 23:12:53.898, 0, 94597, 97871
2026/09/22 23:12:53.898, 1, 94609, 97871
2026/09/22 23:12:53.898, 2, 94604, 97871
2026/09/22 23:12:53.898, 3, 94598, 97871
2026/09/22 23:12:54.098, 0, 94597, 97871
2026/09/22 23:12:54.098, 1, 94609, 97871
2026/09/22 23:12:54.098, 2, 94604, 97871
2026/09/22 23:12:54.098, 3, 94598, 97871
2026/09/22 23:12:54.298, 0, 94597, 97871
2026/09/22 23:12:54.298, 1, 94609, 97871
2026/09/22 23:12:54.298, 2, 94604, 97871
2026/09/22 23:12:54.298, 3, 94598, 97871
2026/09/22 23:12:54.498, 0, 94597, 97871
2026/09/22 23:12:54.498, 1, 94609, 97871
2026/09/22 23:12:54.498, 2, 94604, 97871
2026/09/22 23:12:54.499, 3, 94598, 97871
2026/09/22 23:12:54.699, 0, 94597, 97871
2026/09/22 23:12:54.699, 1, 94609, 97871
2026/09/22 23:12:54.699, 2, 94604, 97871
2026/09/22 23:12:54.699, 3, 94598, 97871
2026/09/22 23:12:54.899, 0, 94597, 97871
2026/09/22 23:12:54.899, 1, 94609, 97871
2026/09/22 23:12:54.899, 2, 94604, 97871
2026/09/22 23:12:54.899, 3, 94598, 97871
2026/09/22 23:12:55.099, 0, 94597, 97871
2026/09/22 23:12:55.099, 1, 94609, 97871
2026/09/22 23:12:55.099, 2, 94604, 97871
2026/09/22 23:12:55.099, 3, 94598, 97871
2026/09/22 23:12:55.299, 0, 94597, 97871
2026/09/22 23:12:55.299, 1, 94609, 97871
2026/09/22 23:12:55.299, 2, 94604, 97871
2026/09/22 23:12:55.299, 3, 94598, 97871
2026/09/22 23:12:55.499, 0, 94597, 97871
2026/09/22 23:12:55.500, 1, 94609, 97871
2026/09/22 23:12:55.500, 2, 94604, 97871
2026/09/22 23:12:55.500, 3, 94598, 97871
2026/09/22 23:12:55.700, 0, 94597, 97871
2026/09/22 23:12:55.700, 1, 94609, 97871
2026/09/22 23:12:55.700, 2, 94604, 97871
2026/09/22 23:12:55.700, 3, 94598, 97871
2026/09/22 23:12:55.900, 0, 94597, 97871
2026/09/22 23:12:55.900, 1, 94609, 97871
2026/09/22 23:12:55.900, 2, 94604, 97871
2026/09/22 23:12:55.900, 3, 94598, 97871
2026/09/22 23:12:56.100, 0, 94597, 97871
2026/09/22 23:12:56.100, 1, 94609, 97871
2026/09/22 23:12:56.100, 2, 94604, 97871
2026/09/22 23:12:56.100, 3, 94598, 97871
2026/09/22 23:12:56.300, 0, 94597, 97871
2026/09/22 23:12:56.300, 1, 94609, 97871
2026/09/22 23:12:56.300, 2, 94604, 97871
2026/09/22 23:12:56.300, 3, 94598, 97871
2026/09/22 23:12:56.500, 0, 94597, 97871
2026/09/22 23:12:56.501, 1, 94609, 97871
2026/09/22 23:12:56.501, 2, 94604, 97871
2026/09/22 23:12:56.501, 3, 94598, 97871
2026/09/22 23:12:56.701, 0, 94597, 97871
2026/09/22 23:12:56.701, 1, 94609, 97871
2026/09/22 23:12:56.701, 2, 94604, 97871
2026/09/22 23:12:56.701, 3, 94598, 97871
2026/09/22 23:12:56.901, 0, 94597, 97871
2026/09/22 23:12:56.901, 1, 94609, 97871
2026/09/22 23:12:56.901, 2, 94604, 97871
2026/09/22 23:12:56.901, 3, 94598, 97871
2026/09/22 23:12:57.101, 0, 94621, 97871
2026/09/22 23:12:57.101, 1, 94633, 97871
2026/09/22 23:12:57.101, 2, 94628, 97871
2026/09/22 23:12:57.101, 3, 94622, 97871
2026/09/22 23:12:57.301, 0, 94713, 97871
2026/09/22 23:12:57.302, 1, 94725, 97871
2026/09/22 23:12:57.302, 2, 94720, 97871
2026/09/22 23:12:57.302, 3, 94714, 97871
2026/09/22 23:12:57.502, 0, 94713, 97871
2026/09/22 23:12:57.502, 1, 94725, 97871
2026/09/22 23:12:57.502, 2, 94720, 97871
2026/09/22 23:12:57.502, 3, 94714, 97871
2026/09/22 23:12:57.702, 0, 94713, 97871
2026/09/22 23:12:57.702, 1, 94725, 97871
2026/09/22 23:12:57.702, 2, 94720, 97871
2026/09/22 23:12:57.702, 3, 94714, 97871
2026/09/22 23:12:57.902, 0, 94713, 97871
2026/09/22 23:12:57.902, 1, 94725, 97871
2026/09/22 23:12:57.903, 2, 94720, 97871
2026/09/22 23:12:57.903, 3, 94714, 97871
2026/09/22 23:12:58.103, 0, 94713, 97871
2026/09/22 23:12:58.103, 1, 94725, 97871
2026/09/22 23:12:58.103, 2, 94720, 97871
2026/09/22 23:12:58.103, 3, 94714, 97871
2026/09/22 23:12:58.303, 0, 94713, 97871
2026/09/22 23:12:58.303, 1, 94725, 97871
2026/09/22 23:12:58.303, 2, 94720, 97871
2026/09/22 23:12:58.303, 3, 94714, 97871
2026/09/22 23:12:58.503, 0, 94713, 97871
2026/09/22 23:12:58.503, 1, 94725, 97871
2026/09/22 23:12:58.503, 2, 94720, 97871
2026/09/22 23:12:58.503, 3, 94714, 97871
2026/09/22 23:12:58.703, 0, 94713, 97871
2026/09/22 23:12:58.704, 1, 94725, 97871
2026/09/22 23:12:58.704, 2, 94720, 97871
2026/09/22 23:12:58.704, 3, 94714, 97871
2026/09/22 23:12:58.904, 0, 94713, 97871
2026/09/22 23:12:58.904, 1, 94725, 97871
2026/09/22 23:12:58.904, 2, 94720, 97871
2026/09/22 23:12:58.904, 3, 94714, 97871
2026/09/22 23:12:59.104, 0, 94713, 97871
2026/09/22 23:12:59.104, 1, 94725, 97871
2026/09/22 23:12:59.104, 2, 94720, 97871
2026/09/22 23:12:59.104, 3, 94714, 97871
2026/09/22 23:12:59.304, 0, 94713, 97871
2026/09/22 23:12:59.304, 1, 94725, 97871
2026/09/22 23:12:59.304, 2, 94720, 97871
2026/09/22 23:12:59.304, 3, 94714, 97871
2026/09/22 23:12:59.505, 0, 94713, 97871
2026/09/22 23:12:59.505, 1, 94725, 97871
2026/09/22 23:12:59.505, 2, 94720, 97871
2026/09/22 23:12:59.505, 3, 94714, 97871
2026/09/22 23:12:59.705, 0, 94713, 97871
2026/09/22 23:12:59.705, 1, 94725, 97871
2026/09/22 23:12:59.705, 2, 94720, 97871
2026/09/22 23:12:59.705, 3, 94714, 97871
2026/09/22 23:12:59.905, 0, 94713, 97871
2026/09/22 23:12:59.905, 1, 94725, 97871
2026/09/22 23:12:59.905, 2, 94720, 97871
2026/09/22 23:12:59.905, 3, 94714, 97871
2026/09/22 23:13:00.105, 0, 94713, 97871
2026/09/22 23:13:00.105, 1, 94725, 97871
2026/09/22 23:13:00.105, 2, 94720, 97871
2026/09/22 23:13:00.106, 3, 94714, 97871
2026/09/22 23:13:00.306, 0, 94713, 97871
2026/09/22 23:13:00.306, 1, 94725, 97871
2026/09/22 23:13:00.306, 2, 94720, 97871
2026/09/22 23:13:00.306, 3, 94714, 97871
2026/09/22 23:13:00.506, 0, 94713, 97871
2026/09/22 23:13:00.506, 1, 94725, 97871
2026/09/22 23:13:00.506, 2, 94720, 97871
2026/09/22 23:13:00.506, 3, 94714, 97871
2026/09/22 23:13:00.706, 0, 94713, 97871
2026/09/22 23:13:00.706, 1, 94725, 97871
2026/09/22 23:13:00.706, 2, 94720, 97871
2026/09/22 23:13:00.706, 3, 94714, 97871
2026/09/22 23:13:00.906, 0, 94713, 97871
2026/09/22 23:13:00.906, 1, 94725, 97871
2026/09/22 23:13:00.907, 2, 94720, 97871
2026/09/22 23:13:00.907, 3, 94714, 97871
2026/09/22 23:13:01.107, 0, 94713, 97871
2026/09/22 23:13:01.107, 1, 94725, 97871
2026/09/22 23:13:01.107, 2, 94720, 97871
2026/09/22 23:13:01.107, 3, 94714, 97871
2026/09/22 23:13:01.307, 0, 94713, 97871
2026/09/22 23:13:01.331, 1, 94725, 97871
2026/09/22 23:13:01.367, 2, 94720, 97871
2026/09/22 23:13:01.395, 3, 94714, 97871
2026/09/22 23:13:01.595, 0, 94713, 97871
2026/09/22 23:13:01.632, 1, 94725, 97871
2026/09/22 23:13:01.663, 2, 94720, 97871
2026/09/22 23:13:01.676, 3, 94714, 97871
2026/09/22 23:13:01.876, 0, 94713, 97871
2026/09/22 23:13:01.876, 1, 94725, 97871
2026/09/22 23:13:01.876, 2, 94720, 97871
2026/09/22 23:13:01.876, 3, 94714, 97871
2026/09/22 23:13:02.076, 0, 94713, 97871
2026/09/22 23:13:02.077, 1, 94725, 97871
2026/09/22 23:13:02.077, 2, 94720, 97871
2026/09/22 23:13:02.077, 3, 94714, 97871
2026/09/22 23:13:02.277, 0, 94713, 97871
2026/09/22 23:13:02.277, 1, 94725, 97871
2026/09/22 23:13:02.277, 2, 94720, 97871
2026/09/22 23:13:02.277, 3, 94714, 97871
2026/09/22 23:13:02.477, 0, 94713, 97871
2026/09/22 23:13:02.477, 1, 94725, 97871
2026/09/22 23:13:02.477, 2, 94720, 97871
2026/09/22 23:13:02.477, 3, 94714, 97871
2026/09/22 23:13:02.677, 0, 94713, 97871
2026/09/22 23:13:02.677, 1, 94725, 97871
2026/09/22 23:13:02.677, 2, 94720, 97871
2026/09/22 23:13:02.677, 3, 94714, 97871
2026/09/22 23:13:02.878, 0, 94713, 97871
2026/09/22 23:13:02.878, 1, 94725, 97871
2026/09/22 23:13:02.878, 2, 94720, 97871
2026/09/22 23:13:02.878, 3, 94714, 97871
2026/09/22 23:13:03.078, 0, 94713, 97871
2026/09/22 23:13:03.078, 1, 94725, 97871
2026/09/22 23:13:03.078, 2, 94720, 97871
2026/09/22 23:13:03.078, 3, 94714, 97871
2026/09/22 23:13:03.278, 0, 94713, 97871
2026/09/22 23:13:03.278, 1, 94725, 97871
2026/09/22 23:13:03.278, 2, 94720, 97871
2026/09/22 23:13:03.278, 3, 94714, 97871
2026/09/22 23:13:03.478, 0, 94713, 97871
2026/09/22 23:13:03.478, 1, 94725, 97871
2026/09/22 23:13:03.478, 2, 94720, 97871
2026/09/22 23:13:03.478, 3, 94714, 97871
2026/09/22 23:13:03.679, 0, 94713, 97871
2026/09/22 23:13:03.679, 1, 94725, 97871
2026/09/22 23:13:03.679, 2, 94720, 97871
2026/09/22 23:13:03.679, 3, 94714, 97871
2026/09/22 23:13:03.879, 0, 94713, 97871
2026/09/22 23:13:03.879, 1, 94725, 97871
2026/09/22 23:13:03.879, 2, 94720, 97871
2026/09/22 23:13:03.879, 3, 94714, 97871
2026/09/22 23:13:04.079, 0, 94713, 97871
2026/09/22 23:13:04.079, 1, 94725, 97871
2026/09/22 23:13:04.079, 2, 94720, 97871
2026/09/22 23:13:04.079, 3, 94714, 97871
2026/09/22 23:13:04.279, 0, 94713, 97871
2026/09/22 23:13:04.279, 1, 94725, 97871
2026/09/22 23:13:04.279, 2, 94720, 97871
2026/09/22 23:13:04.279, 3, 94714, 97871
2026/09/22 23:13:04.479, 0, 94713, 97871
2026/09/22 23:13:04.479, 1, 94725, 97871
2026/09/22 23:13:04.479, 2, 94720, 97871
2026/09/22 23:13:04.479, 3, 94714, 97871
2026/09/22 23:13:04.680, 0, 94713, 97871
2026/09/22 23:13:04.680, 1, 94725, 97871
2026/09/22 23:13:04.680, 2, 94720, 97871
2026/09/22 23:13:04.680, 3, 94714, 97871
2026/09/22 23:13:04.880, 0, 94713, 97871
2026/09/22 23:13:04.880, 1, 94725, 97871
2026/09/22 23:13:04.880, 2, 94720, 97871
2026/09/22 23:13:04.880, 3, 94714, 97871
2026/09/22 23:13:05.080, 0, 94713, 97871
2026/09/22 23:13:05.080, 1, 94725, 97871
2026/09/22 23:13:05.080, 2, 94720, 97871
2026/09/22 23:13:05.080, 3, 94714, 97871
2026/09/22 23:13:05.280, 0, 94713, 97871
2026/09/22 23:13:05.280, 1, 94725, 97871
2026/09/22 23:13:05.280, 2, 94720, 97871
2026/09/22 23:13:05.280, 3, 94714, 97871
2026/09/22 23:13:05.480, 0, 94713, 97871
2026/09/22 23:13:05.480, 1, 94725, 97871
2026/09/22 23:13:05.480, 2, 94720, 97871
2026/09/22 23:13:05.480, 3, 94714, 97871
2026/09/22 23:13:05.680, 0, 94713, 97871
2026/09/22 23:13:05.681, 1, 94725, 97871
2026/09/22 23:13:05.681, 2, 94720, 97871
2026/09/22 23:13:05.681, 3, 94714, 97871
2026/09/22 23:13:05.881, 0, 94713, 97871
2026/09/22 23:13:05.881, 1, 94725, 97871
2026/09/22 23:13:05.881, 2, 94720, 97871
2026/09/22 23:13:05.881, 3, 94714, 97871
2026/09/22 23:13:06.081, 0, 94713, 97871
2026/09/22 23:13:06.081, 1, 94725, 97871
2026/09/22 23:13:06.081, 2, 94720, 97871
2026/09/22 23:13:06.081, 3, 94714, 97871
2026/09/22 23:13:06.281, 0, 94713, 97871
2026/09/22 23:13:06.281, 1, 94725, 97871
2026/09/22 23:13:06.281, 2, 94720, 97871
2026/09/22 23:13:06.281, 3, 94714, 97871
2026/09/22 23:13:06.481, 0, 94713, 97871
2026/09/22 23:13:06.481, 1, 94725, 97871
2026/09/22 23:13:06.481, 2, 94720, 97871
2026/09/22 23:13:06.482, 3, 94714, 97871
2026/09/22 23:13:06.682, 0, 94713, 97871
2026/09/22 23:13:06.682, 1, 94725, 97871
2026/09/22 23:13:06.682, 2, 94720, 97871
2026/09/22 23:13:06.682, 3, 94714, 97871
2026/09/22 23:13:06.882, 0, 94713, 97871
2026/09/22 23:13:06.882, 1, 94725, 97871
2026/09/22 23:13:06.882, 2, 94720, 97871
2026/09/22 23:13:06.882, 3, 94714, 97871
2026/09/22 23:13:07.082, 0, 94713, 97871
2026/09/22 23:13:07.082, 1, 94725, 97871
2026/09/22 23:13:07.082, 2, 94720, 97871
2026/09/22 23:13:07.082, 3, 94714, 97871
2026/09/22 23:13:07.282, 0, 94713, 97871
2026/09/22 23:13:07.282, 1, 94725, 97871
2026/09/22 23:13:07.282, 2, 94720, 97871
2026/09/22 23:13:07.282, 3, 94714, 97871
2026/09/22 23:13:07.482, 0, 94713, 97871
2026/09/22 23:13:07.483, 1, 94725, 97871
2026/09/22 23:13:07.483, 2, 94720, 97871
2026/09/22 23:13:07.483, 3, 94714, 97871
2026/09/22 23:13:07.683, 0, 94713, 97871
2026/09/22 23:13:07.683, 1, 94725, 97871
2026/09/22 23:13:07.683, 2, 94720, 97871
2026/09/22 23:13:07.683, 3, 94714, 97871
2026/09/22 23:13:07.883, 0, 94713, 97871
2026/09/22 23:13:07.883, 1, 94725, 97871
2026/09/22 23:13:07.883, 2, 94720, 97871
2026/09/22 23:13:07.883, 3, 94714, 97871
2026/09/22 23:13:08.083, 0, 94713, 97871
2026/09/22 23:13:08.083, 1, 94725, 97871
2026/09/22 23:13:08.083, 2, 94720, 97871
2026/09/22 23:13:08.083, 3, 94714, 97871
2026/09/22 23:13:08.283, 0, 94713, 97871
2026/09/22 23:13:08.283, 1, 94725, 97871
2026/09/22 23:13:08.283, 2, 94720, 97871
2026/09/22 23:13:08.283, 3, 94714, 97871
2026/09/22 23:13:08.484, 0, 94713, 97871
2026/09/22 23:13:08.484, 1, 94725, 97871
2026/09/22 23:13:08.484, 2, 94720, 97871
2026/09/22 23:13:08.484, 3, 94714, 97871
2026/09/22 23:13:08.684, 0, 94713, 97871
2026/09/22 23:13:08.684, 1, 94725, 97871
2026/09/22 23:13:08.684, 2, 94720, 97871
2026/09/22 23:13:08.684, 3, 94714, 97871
2026/09/22 23:13:08.884, 0, 94713, 97871
2026/09/22 23:13:08.884, 1, 94725, 97871
2026/09/22 23:13:08.884, 2, 94720, 97871
2026/09/22 23:13:08.884, 3, 94714, 97871
2026/09/22 23:13:09.084, 0, 94713, 97871
2026/09/22 23:13:09.085, 1, 94725, 97871
2026/09/22 23:13:09.085, 2, 94720, 97871
2026/09/22 23:13:09.085, 3, 94714, 97871
2026/09/22 23:13:09.285, 0, 94713, 97871
2026/09/22 23:13:09.285, 1, 94725, 97871
2026/09/22 23:13:09.285, 2, 94720, 97871
2026/09/22 23:13:09.285, 3, 94714, 97871
2026/09/22 23:13:09.485, 0, 94713, 97871
2026/09/22 23:13:09.485, 1, 94725, 97871
2026/09/22 23:13:09.485, 2, 94720, 97871
2026/09/22 23:13:09.486, 3, 94714, 97871
2026/09/22 23:13:09.686, 0, 94713, 97871
2026/09/22 23:13:09.686, 1, 94725, 97871
2026/09/22 23:13:09.686, 2, 94720, 97871
2026/09/22 23:13:09.686, 3, 94714, 97871
2026/09/22 23:13:09.886, 0, 94713, 97871
2026/09/22 23:13:09.886, 1, 94725, 97871
2026/09/22 23:13:09.886, 2, 94720, 97871
2026/09/22 23:13:09.886, 3, 94714, 97871
2026/09/22 23:13:10.086, 0, 94713, 97871
2026/09/22 23:13:10.086, 1, 94725, 97871
2026/09/22 23:13:10.086, 2, 94720, 97871
2026/09/22 23:13:10.086, 3, 94714, 97871
2026/09/22 23:13:10.286, 0, 94713, 97871
2026/09/22 23:13:10.287, 1, 94725, 97871
2026/09/22 23:13:10.287, 2, 94720, 97871
2026/09/22 23:13:10.287, 3, 94714, 97871
2026/09/22 23:13:10.487, 0, 94713, 97871
2026/09/22 23:13:10.487, 1, 94725, 97871
2026/09/22 23:13:10.487, 2, 94720, 97871
2026/09/22 23:13:10.487, 3, 94714, 97871
2026/09/22 23:13:10.687, 0, 94713, 97871
2026/09/22 23:13:10.687, 1, 94725, 97871
2026/09/22 23:13:10.687, 2, 94720, 97871
2026/09/22 23:13:10.687, 3, 94714, 97871
2026/09/22 23:13:10.887, 0, 94713, 97871
2026/09/22 23:13:10.887, 1, 94725, 97871
2026/09/22 23:13:10.887, 2, 94720, 97871
2026/09/22 23:13:10.887, 3, 94714, 97871
2026/09/22 23:13:11.087, 0, 94713, 97871
2026/09/22 23:13:11.088, 1, 94725, 97871
2026/09/22 23:13:11.088, 2, 94720, 97871
2026/09/22 23:13:11.088, 3, 94714, 97871
2026/09/22 23:13:11.288, 0, 94713, 97871
2026/09/22 23:13:11.288, 1, 94725, 97871
2026/09/22 23:13:11.288, 2, 94720, 97871
2026/09/22 23:13:11.288, 3, 94714, 97871
2026/09/22 23:13:11.488, 0, 94713, 97871
2026/09/22 23:13:11.488, 1, 94725, 97871
2026/09/22 23:13:11.488, 2, 94720, 97871
2026/09/22 23:13:11.488, 3, 94714, 97871
2026/09/22 23:13:11.688, 0, 94713, 97871
2026/09/22 23:13:11.688, 1, 94725, 97871
2026/09/22 23:13:11.688, 2, 94720, 97871
2026/09/22 23:13:11.688, 3, 94714, 97871
2026/09/22 23:13:11.889, 0, 94713, 97871
2026/09/22 23:13:11.889, 1, 94725, 97871
2026/09/22 23:13:11.889, 2, 94720, 97871
2026/09/22 23:13:11.889, 3, 94714, 97871
2026/09/22 23:13:12.089, 0, 94713, 97871
2026/09/22 23:13:12.089, 1, 94725, 97871
2026/09/22 23:13:12.089, 2, 94720, 97871
2026/09/22 23:13:12.089, 3, 94714, 97871
2026/09/22 23:13:12.289, 0, 94713, 97871
2026/09/22 23:13:12.290, 1, 94725, 97871
2026/09/22 23:13:12.290, 2, 94720, 97871
2026/09/22 23:13:12.290, 3, 94714, 97871
2026/09/22 23:13:12.490, 0, 94713, 97871
2026/09/22 23:13:12.490, 1, 94725, 97871
2026/09/22 23:13:12.490, 2, 94720, 97871
2026/09/22 23:13:12.490, 3, 94714, 97871
2026/09/22 23:13:12.690, 0, 94713, 97871
2026/09/22 23:13:12.690, 1, 94725, 97871
2026/09/22 23:13:12.690, 2, 94720, 97871
2026/09/22 23:13:12.690, 3, 94714, 97871
2026/09/22 23:13:12.890, 0, 94713, 97871
2026/09/22 23:13:12.891, 1, 94725, 97871
2026/09/22 23:13:12.891, 2, 94720, 97871
2026/09/22 23:13:12.891, 3, 94714, 97871
2026/09/22 23:13:13.091, 0, 94713, 97871
2026/09/22 23:13:13.091, 1, 94725, 97871
2026/09/22 23:13:13.091, 2, 94720, 97871
2026/09/22 23:13:13.091, 3, 94714, 97871
2026/09/22 23:13:13.291, 0, 94713, 97871
2026/09/22 23:13:13.292, 1, 94725, 97871
2026/09/22 23:13:13.292, 2, 94720, 97871
2026/09/22 23:13:13.292, 3, 94714, 97871
2026/09/22 23:13:13.492, 0, 94713, 97871
2026/09/22 23:13:13.492, 1, 94725, 97871
2026/09/22 23:13:13.492, 2, 94720, 97871
2026/09/22 23:13:13.492, 3, 94714, 97871
2026/09/22 23:13:13.692, 0, 94713, 97871
2026/09/22 23:13:13.693, 1, 94725, 97871
2026/09/22 23:13:13.693, 2, 94720, 97871
2026/09/22 23:13:13.693, 3, 94714, 97871
2026/09/22 23:13:13.893, 0, 94713, 97871
2026/09/22 23:13:13.893, 1, 94725, 97871
2026/09/22 23:13:13.893, 2, 94720, 97871
2026/09/22 23:13:13.893, 3, 94714, 97871
2026/09/22 23:13:14.094, 0, 94713, 97871
2026/09/22 23:13:14.094, 1, 94725, 97871
2026/09/22 23:13:14.094, 2, 94720, 97871
2026/09/22 23:13:14.094, 3, 94714, 97871
2026/09/22 23:13:14.294, 0, 94713, 97871
2026/09/22 23:13:14.294, 1, 94725, 97871
2026/09/22 23:13:14.294, 2, 94720, 97871
2026/09/22 23:13:14.294, 3, 94714, 97871
2026/09/22 23:13:14.494, 0, 94713, 97871
2026/09/22 23:13:14.494, 1, 94725, 97871
2026/09/22 23:13:14.495, 2, 94720, 97871
2026/09/22 23:13:14.495, 3, 94714, 97871
2026/09/22 23:13:14.695, 0, 94713, 97871
2026/09/22 23:13:14.695, 1, 94725, 97871
2026/09/22 23:13:14.695, 2, 94720, 97871
2026/09/22 23:13:14.695, 3, 94714, 97871
2026/09/22 23:13:14.895, 0, 94713, 97871
2026/09/22 23:13:14.895, 1, 94725, 97871
2026/09/22 23:13:14.895, 2, 94720, 97871
2026/09/22 23:13:14.895, 3, 94714, 97871
2026/09/22 23:13:15.095, 0, 94713, 97871
2026/09/22 23:13:15.096, 1, 94725, 97871
2026/09/22 23:13:15.096, 2, 94720, 97871
2026/09/22 23:13:15.096, 3, 94714, 97871
2026/09/22 23:13:15.296, 0, 94713, 97871
2026/09/22 23:13:15.296, 1, 94725, 97871
2026/09/22 23:13:15.296, 2, 94720, 97871
2026/09/22 23:13:15.296, 3, 94714, 97871
2026/09/22 23:13:15.496, 0, 94713, 97871
2026/09/22 23:13:15.496, 1, 94725, 97871
2026/09/22 23:13:15.497, 2, 94720, 97871
2026/09/22 23:13:15.497, 3, 94714, 97871
2026/09/22 23:13:15.697, 0, 94713, 97871
2026/09/22 23:13:15.697, 1, 94725, 97871
2026/09/22 23:13:15.697, 2, 94720, 97871
2026/09/22 23:13:15.697, 3, 94714, 97871
2026/09/22 23:13:15.897, 0, 94713, 97871
2026/09/22 23:13:15.897, 1, 94725, 97871
2026/09/22 23:13:15.897, 2, 94720, 97871
2026/09/22 23:13:15.897, 3, 94714, 97871
2026/09/22 23:13:16.097, 0, 94713, 97871
2026/09/22 23:13:16.098, 1, 94725, 97871
2026/09/22 23:13:16.098, 2, 94720, 97871
2026/09/22 23:13:16.098, 3, 94714, 97871
2026/09/22 23:13:16.298, 0, 94713, 97871
2026/09/22 23:13:16.298, 1, 94725, 97871
2026/09/22 23:13:16.298, 2, 94720, 97871
2026/09/22 23:13:16.298, 3, 94714, 97871
2026/09/22 23:13:16.498, 0, 94713, 97871
2026/09/22 23:13:16.499, 1, 94725, 97871
2026/09/22 23:13:16.499, 2, 94720, 97871
2026/09/22 23:13:16.499, 3, 94714, 97871
2026/09/22 23:13:16.699, 0, 94713, 97871
2026/09/22 23:13:16.699, 1, 94725, 97871
2026/09/22 23:13:16.699, 2, 94720, 97871
2026/09/22 23:13:16.699, 3, 94714, 97871
2026/09/22 23:13:16.899, 0, 94713, 97871
2026/09/22 23:13:16.899, 1, 94725, 97871
2026/09/22 23:13:16.899, 2, 94720, 97871
2026/09/22 23:13:16.899, 3, 94714, 97871
2026/09/22 23:13:17.100, 0, 94713, 97871
2026/09/22 23:13:17.100, 1, 94725, 97871
2026/09/22 23:13:17.100, 2, 94720, 97871
2026/09/22 23:13:17.100, 3, 94714, 97871
2026/09/22 23:13:17.300, 0, 94713, 97871
2026/09/22 23:13:17.300, 1, 94725, 97871
2026/09/22 23:13:17.300, 2, 94720, 97871
2026/09/22 23:13:17.300, 3, 94714, 97871
2026/09/22 23:13:17.500, 0, 94713, 97871
2026/09/22 23:13:17.501, 1, 94725, 97871
2026/09/22 23:13:17.501, 2, 94720, 97871
2026/09/22 23:13:17.501, 3, 94714, 97871
2026/09/22 23:13:17.701, 0, 94713, 97871
2026/09/22 23:13:17.701, 1, 94725, 97871
2026/09/22 23:13:17.701, 2, 94720, 97871
2026/09/22 23:13:17.701, 3, 94714, 97871
2026/09/22 23:13:17.901, 0, 94713, 97871
2026/09/22 23:13:17.902, 1, 94725, 97871
2026/09/22 23:13:17.902, 2, 94720, 97871
2026/09/22 23:13:17.902, 3, 94714, 97871
2026/09/22 23:13:18.102, 0, 94713, 97871
2026/09/22 23:13:18.102, 1, 94725, 97871
2026/09/22 23:13:18.102, 2, 94720, 97871
2026/09/22 23:13:18.102, 3, 94714, 97871
2026/09/22 23:13:18.302, 0, 94713, 97871
2026/09/22 23:13:18.302, 1, 94725, 97871
2026/09/22 23:13:18.302, 2, 94720, 97871
2026/09/22 23:13:18.302, 3, 94714, 97871
2026/09/22 23:13:18.503, 0, 94713, 97871
2026/09/22 23:13:18.503, 1, 94725, 97871
2026/09/22 23:13:18.503, 2, 94720, 97871
2026/09/22 23:13:18.503, 3, 94714, 97871
2026/09/22 23:13:18.703, 0, 94713, 97871
2026/09/22 23:13:18.703, 1, 94725, 97871
2026/09/22 23:13:18.703, 2, 94720, 97871
2026/09/22 23:13:18.703, 3, 94714, 97871
2026/09/22 23:13:18.903, 0, 94713, 97871
2026/09/22 23:13:18.904, 1, 94725, 97871
2026/09/22 23:13:18.904, 2, 94720, 97871
2026/09/22 23:13:18.904, 3, 94714, 97871
2026/09/22 23:13:19.104, 0, 94713, 97871
2026/09/22 23:13:19.104, 1, 94725, 97871
2026/09/22 23:13:19.104, 2, 94720, 97871
2026/09/22 23:13:19.104, 3, 94714, 97871
2026/09/22 23:13:19.304, 0, 94713, 97871
2026/09/22 23:13:19.304, 1, 94725, 97871
2026/09/22 23:13:19.304, 2, 94720, 97871
2026/09/22 23:13:19.304, 3, 94714, 97871
2026/09/22 23:13:19.504, 0, 94713, 97871
2026/09/22 23:13:19.505, 1, 94725, 97871
2026/09/22 23:13:19.505, 2, 94720, 97871
2026/09/22 23:13:19.505, 3, 94714, 97871
2026/09/22 23:13:19.705, 0, 94713, 97871
2026/09/22 23:13:19.705, 1, 94725, 97871
2026/09/22 23:13:19.705, 2, 94720, 97871
2026/09/22 23:13:19.705, 3, 94714, 97871
2026/09/22 23:13:19.906, 0, 94713, 97871
2026/09/22 23:13:19.906, 1, 94725, 97871
2026/09/22 23:13:19.906, 2, 94720, 97871
2026/09/22 23:13:19.906, 3, 94714, 97871
2026/09/22 23:13:20.106, 0, 94713, 97871
2026/09/22 23:13:20.106, 1, 94725, 97871
2026/09/22 23:13:20.106, 2, 94720, 97871
2026/09/22 23:13:20.106, 3, 94714, 97871
2026/09/22 23:13:20.306, 0, 94713, 97871
2026/09/22 23:13:20.307, 1, 94725, 97871
2026/09/22 23:13:20.307, 2, 94720, 97871
2026/09/22 23:13:20.307, 3, 94714, 97871
2026/09/22 23:13:20.507, 0, 94713, 97871
2026/09/22 23:13:20.507, 1, 94725, 97871
2026/09/22 23:13:20.507, 2, 94720, 97871
2026/09/22 23:13:20.507, 3, 94714, 97871
2026/09/22 23:13:20.707, 0, 94713, 97871
2026/09/22 23:13:20.707, 1, 94725, 97871
2026/09/22 23:13:20.708, 2, 94720, 97871
2026/09/22 23:13:20.708, 3, 94714, 97871
2026/09/22 23:13:20.908, 0, 94713, 97871
2026/09/22 23:13:20.908, 1, 94725, 97871
2026/09/22 23:13:20.908, 2, 94720, 97871
2026/09/22 23:13:20.908, 3, 94714, 97871
2026/09/22 23:13:21.108, 0, 94713, 97871
2026/09/22 23:13:21.108, 1, 94725, 97871
2026/09/22 23:13:21.108, 2, 94720, 97871
2026/09/22 23:13:21.108, 3, 94714, 97871
2026/09/22 23:13:21.308, 0, 94713, 97871
2026/09/22 23:13:21.308, 1, 94725, 97871
2026/09/22 23:13:21.308, 2, 94720, 97871
2026/09/22 23:13:21.308, 3, 94714, 97871
2026/09/22 23:13:21.508, 0, 94713, 97871
2026/09/22 23:13:21.509, 1, 94725, 97871
2026/09/22 23:13:21.509, 2, 94720, 97871
2026/09/22 23:13:21.509, 3, 94714, 97871
2026/09/22 23:13:21.709, 0, 94713, 97871
2026/09/22 23:13:21.709, 1, 94725, 97871
2026/09/22 23:13:21.709, 2, 94720, 97871
2026/09/22 23:13:21.709, 3, 94714, 97871
2026/09/22 23:13:21.909, 0, 94713, 97871
2026/09/22 23:13:21.909, 1, 94725, 97871
2026/09/22 23:13:21.909, 2, 94720, 97871
2026/09/22 23:13:21.910, 3, 94714, 97871
2026/09/22 23:13:22.110, 0, 94713, 97871
2026/09/22 23:13:22.110, 1, 94725, 97871
2026/09/22 23:13:22.110, 2, 94720, 97871
2026/09/22 23:13:22.110, 3, 94714, 97871
2026/09/22 23:13:22.310, 0, 94713, 97871
2026/09/22 23:13:22.310, 1, 94725, 97871
2026/09/22 23:13:22.310, 2, 94720, 97871
2026/09/22 23:13:22.310, 3, 94714, 97871
2026/09/22 23:13:22.511, 0, 94713, 97871
2026/09/22 23:13:22.511, 1, 94725, 97871
2026/09/22 23:13:22.511, 2, 94720, 97871
2026/09/22 23:13:22.511, 3, 94714, 97871
2026/09/22 23:13:22.711, 0, 94713, 97871
2026/09/22 23:13:22.711, 1, 94725, 97871
2026/09/22 23:13:22.711, 2, 94720, 97871
2026/09/22 23:13:22.711, 3, 94714, 97871
2026/09/22 23:13:22.911, 0, 94713, 97871
2026/09/22 23:13:22.912, 1, 94725, 97871
2026/09/22 23:13:22.912, 2, 94720, 97871
2026/09/22 23:13:22.912, 3, 94714, 97871
2026/09/22 23:13:23.112, 0, 94713, 97871
2026/09/22 23:13:23.112, 1, 94725, 97871
2026/09/22 23:13:23.112, 2, 94720, 97871
2026/09/22 23:13:23.112, 3, 94714, 97871
2026/09/22 23:13:23.312, 0, 94713, 97871
2026/09/22 23:13:23.312, 1, 94725, 97871
2026/09/22 23:13:23.312, 2, 94720, 97871
2026/09/22 23:13:23.312, 3, 94714, 97871
2026/09/22 23:13:23.512, 0, 94713, 97871
2026/09/22 23:13:23.513, 1, 94725, 97871
2026/09/22 23:13:23.513, 2, 94720, 97871
2026/09/22 23:13:23.513, 3, 94714, 97871
2026/09/22 23:13:23.713, 0, 94713, 97871
2026/09/22 23:13:23.713, 1, 94725, 97871
2026/09/22 23:13:23.713, 2, 94720, 97871
2026/09/22 23:13:23.713, 3, 94714, 97871
2026/09/22 23:13:23.913, 0, 94713, 97871
2026/09/22 23:13:23.914, 1, 94725, 97871
2026/09/22 23:13:23.914, 2, 94720, 97871
2026/09/22 23:13:23.914, 3, 94714, 97871
2026/09/22 23:13:24.114, 0, 94713, 97871
2026/09/22 23:13:24.114, 1, 94725, 97871
2026/09/22 23:13:24.114, 2, 94720, 97871
2026/09/22 23:13:24.114, 3, 94714, 97871
2026/09/22 23:13:24.314, 0, 94713, 97871
2026/09/22 23:13:24.314, 1, 94725, 97871
2026/09/22 23:13:24.314, 2, 94720, 97871
2026/09/22 23:13:24.314, 3, 94714, 97871
2026/09/22 23:13:24.514, 0, 94713, 97871
2026/09/22 23:13:24.515, 1, 94725, 97871
2026/09/22 23:13:24.515, 2, 94720, 97871
2026/09/22 23:13:24.515, 3, 94714, 97871
2026/09/22 23:13:24.715, 0, 94713, 97871
2026/09/22 23:13:24.715, 1, 94725, 97871
2026/09/22 23:13:24.715, 2, 94720, 97871
2026/09/22 23:13:24.715, 3, 94714, 97871
2026/09/22 23:13:24.915, 0, 94713, 97871
2026/09/22 23:13:24.915, 1, 94725, 97871
2026/09/22 23:13:24.916, 2, 94720, 97871
2026/09/22 23:13:24.916, 3, 94714, 97871
2026/09/22 23:13:25.116, 0, 94713, 97871
2026/09/22 23:13:25.116, 1, 94725, 97871
2026/09/22 23:13:25.116, 2, 94720, 97871
2026/09/22 23:13:25.116, 3, 94714, 97871
2026/09/22 23:13:25.316, 0, 94713, 97871
2026/09/22 23:13:25.317, 1, 94725, 97871
2026/09/22 23:13:25.317, 2, 94720, 97871
2026/09/22 23:13:25.317, 3, 94714, 97871
2026/09/22 23:13:25.517, 0, 94713, 97871
2026/09/22 23:13:25.517, 1, 94725, 97871
2026/09/22 23:13:25.517, 2, 94720, 97871
2026/09/22 23:13:25.517, 3, 94714, 97871
2026/09/22 23:13:25.717, 0, 94713, 97871
2026/09/22 23:13:25.717, 1, 94725, 97871
2026/09/22 23:13:25.717, 2, 94720, 97871
2026/09/22 23:13:25.717, 3, 94714, 97871
2026/09/22 23:13:25.918, 0, 94713, 97871
2026/09/22 23:13:25.918, 1, 94725, 97871
2026/09/22 23:13:25.918, 2, 94720, 97871
2026/09/22 23:13:25.918, 3, 94714, 97871
2026/09/22 23:13:26.118, 0, 94713, 97871
2026/09/22 23:13:26.118, 1, 94725, 97871
2026/09/22 23:13:26.118, 2, 94720, 97871
2026/09/22 23:13:26.118, 3, 94714, 97871
2026/09/22 23:13:26.318, 0, 94713, 97871
2026/09/22 23:13:26.318, 1, 94725, 97871
2026/09/22 23:13:26.318, 2, 94720, 97871
2026/09/22 23:13:26.318, 3, 94714, 97871
2026/09/22 23:13:26.518, 0, 94713, 97871
2026/09/22 23:13:26.519, 1, 94725, 97871
2026/09/22 23:13:26.519, 2, 94720, 97871
2026/09/22 23:13:26.519, 3, 94714, 97871
2026/09/22 23:13:26.719, 0, 94713, 97871
2026/09/22 23:13:26.719, 1, 94725, 97871
2026/09/22 23:13:26.719, 2, 94720, 97871
2026/09/22 23:13:26.719, 3, 94714, 97871
2026/09/22 23:13:26.919, 0, 94713, 97871
2026/09/22 23:13:26.920, 1, 94725, 97871
2026/09/22 23:13:26.920, 2, 94720, 97871
2026/09/22 23:13:26.920, 3, 94714, 97871
2026/09/22 23:13:27.120, 0, 94713, 97871
2026/09/22 23:13:27.120, 1, 94725, 97871
2026/09/22 23:13:27.120, 2, 94720, 97871
2026/09/22 23:13:27.120, 3, 94714, 97871
2026/09/22 23:13:27.320, 0, 94713, 97871
2026/09/22 23:13:27.321, 1, 94725, 97871
2026/09/22 23:13:27.321, 2, 94720, 97871
2026/09/22 23:13:27.321, 3, 94714, 97871
2026/09/22 23:13:27.521, 0, 94713, 97871
2026/09/22 23:13:27.521, 1, 94725, 97871
2026/09/22 23:13:27.521, 2, 94720, 97871
2026/09/22 23:13:27.521, 3, 94714, 97871
2026/09/22 23:13:27.721, 0, 94713, 97871
2026/09/22 23:13:27.721, 1, 94725, 97871
2026/09/22 23:13:27.721, 2, 94720, 97871
2026/09/22 23:13:27.721, 3, 94714, 97871
2026/09/22 23:13:27.921, 0, 94713, 97871
2026/09/22 23:13:27.922, 1, 94725, 97871
2026/09/22 23:13:27.922, 2, 94720, 97871
2026/09/22 23:13:27.922, 3, 94714, 97871
2026/09/22 23:13:28.122, 0, 94713, 97871
2026/09/22 23:13:28.122, 1, 94725, 97871
2026/09/22 23:13:28.122, 2, 94720, 97871
2026/09/22 23:13:28.122, 3, 94714, 97871
2026/09/22 23:13:28.322, 0, 94713, 97871
2026/09/22 23:13:28.322, 1, 94725, 97871
2026/09/22 23:13:28.322, 2, 94720, 97871
2026/09/22 23:13:28.322, 3, 94714, 97871
2026/09/22 23:13:28.523, 0, 94713, 97871
2026/09/22 23:13:28.523, 1, 94725, 97871
2026/09/22 23:13:28.523, 2, 94720, 97871
2026/09/22 23:13:28.523, 3, 94714, 97871
2026/09/22 23:13:28.723, 0, 94713, 97871
2026/09/22 23:13:28.723, 1, 94725, 97871
2026/09/22 23:13:28.723, 2, 94720, 97871
2026/09/22 23:13:28.723, 3, 94714, 97871
2026/09/22 23:13:28.923, 0, 94713, 97871
2026/09/22 23:13:28.924, 1, 94725, 97871
2026/09/22 23:13:28.924, 2, 94720, 97871
2026/09/22 23:13:28.924, 3, 94714, 97871
2026/09/22 23:13:29.124, 0, 94713, 97871
2026/09/22 23:13:29.124, 1, 94725, 97871
2026/09/22 23:13:29.124, 2, 94720, 97871
2026/09/22 23:13:29.124, 3, 94714, 97871
2026/09/22 23:13:29.324, 0, 94713, 97871
2026/09/22 23:13:29.324, 1, 94725, 97871
2026/09/22 23:13:29.325, 2, 94720, 97871
2026/09/22 23:13:29.325, 3, 94714, 97871
2026/09/22 23:13:29.525, 0, 94713, 97871
2026/09/22 23:13:29.525, 1, 94725, 97871
2026/09/22 23:13:29.525, 2, 94720, 97871
2026/09/22 23:13:29.525, 3, 94714, 97871
2026/09/22 23:13:29.725, 0, 94713, 97871
2026/09/22 23:13:29.725, 1, 94725, 97871
2026/09/22 23:13:29.725, 2, 94720, 97871
2026/09/22 23:13:29.725, 3, 94714, 97871
2026/09/22 23:13:29.925, 0, 94713, 97871
2026/09/22 23:13:29.926, 1, 94725, 97871
2026/09/22 23:13:29.926, 2, 94720, 97871
2026/09/22 23:13:29.926, 3, 94714, 97871
2026/09/22 23:13:30.126, 0, 94713, 97871
2026/09/22 23:13:30.126, 1, 94725, 97871
2026/09/22 23:13:30.126, 2, 94720, 97871
2026/09/22 23:13:30.126, 3, 94714, 97871
2026/09/22 23:13:30.326, 0, 94713, 97871
2026/09/22 23:13:30.326, 1, 94725, 97871
2026/09/22 23:13:30.326, 2, 94720, 97871
2026/09/22 23:13:30.326, 3, 94714, 97871
2026/09/22 23:13:30.526, 0, 94713, 97871
2026/09/22 23:13:30.527, 1, 94725, 97871
2026/09/22 23:13:30.527, 2, 94720, 97871
2026/09/22 23:13:30.527, 3, 94714, 97871
2026/09/22 23:13:30.727, 0, 94713, 97871
2026/09/22 23:13:30.727, 1, 94725, 97871
2026/09/22 23:13:30.727, 2, 94720, 97871
2026/09/22 23:13:30.727, 3, 94714, 97871
2026/09/22 23:13:30.927, 0, 94713, 97871
2026/09/22 23:13:30.927, 1, 94725, 97871
2026/09/22 23:13:30.927, 2, 94720, 97871
2026/09/22 23:13:30.928, 3, 94714, 97871
2026/09/22 23:13:31.128, 0, 94713, 97871
2026/09/22 23:13:31.128, 1, 94725, 97871
2026/09/22 23:13:31.128, 2, 94720, 97871
2026/09/22 23:13:31.128, 3, 94714, 97871
2026/09/22 23:13:31.328, 0, 94713, 97871
2026/09/22 23:13:31.328, 1, 94725, 97871
2026/09/22 23:13:31.328, 2, 94720, 97871
2026/09/22 23:13:31.328, 3, 94714, 97871
2026/09/22 23:13:31.529, 0, 94713, 97871
2026/09/22 23:13:31.529, 1, 94725, 97871
2026/09/22 23:13:31.529, 2, 94720, 97871
2026/09/22 23:13:31.529, 3, 94714, 97871
2026/09/22 23:13:31.729, 0, 94713, 97871
2026/09/22 23:13:31.729, 1, 94725, 97871
2026/09/22 23:13:31.729, 2, 94720, 97871
2026/09/22 23:13:31.729, 3, 94714, 97871
2026/09/22 23:13:31.929, 0, 94713, 97871
2026/09/22 23:13:31.930, 1, 94725, 97871
2026/09/22 23:13:31.930, 2, 94720, 97871
2026/09/22 23:13:31.930, 3, 94714, 97871
2026/09/22 23:13:32.130, 0, 94713, 97871
2026/09/22 23:13:32.130, 1, 94725, 97871
2026/09/22 23:13:32.130, 2, 94720, 97871
2026/09/22 23:13:32.130, 3, 94714, 97871
2026/09/22 23:13:32.330, 0, 94713, 97871
2026/09/22 23:13:32.330, 1, 94725, 97871
2026/09/22 23:13:32.330, 2, 94720, 97871
2026/09/22 23:13:32.330, 3, 94714, 97871
2026/09/22 23:13:32.531, 0, 94713, 97871
2026/09/22 23:13:32.531, 1, 94725, 97871
2026/09/22 23:13:32.531, 2, 94720, 97871
2026/09/22 23:13:32.531, 3, 94714, 97871
2026/09/22 23:13:32.731, 0, 94713, 97871
2026/09/22 23:13:32.731, 1, 94725, 97871
2026/09/22 23:13:32.731, 2, 94720, 97871
2026/09/22 23:13:32.731, 3, 94714, 97871
2026/09/22 23:13:32.931, 0, 94713, 97871
2026/09/22 23:13:32.931, 1, 94725, 97871
2026/09/22 23:13:32.931, 2, 94720, 97871
2026/09/22 23:13:32.931, 3, 94714, 97871
2026/09/22 23:13:33.132, 0, 94713, 97871
2026/09/22 23:13:33.132, 1, 94725, 97871
2026/09/22 23:13:33.132, 2, 94720, 97871
2026/09/22 23:13:33.132, 3, 94714, 97871
2026/09/22 23:13:33.332, 0, 94713, 97871
2026/09/22 23:13:33.332, 1, 94725, 97871
2026/09/22 23:13:33.332, 2, 94720, 97871
2026/09/22 23:13:33.332, 3, 94714, 97871
2026/09/22 23:13:33.533, 0, 94713, 97871
2026/09/22 23:13:33.533, 1, 94725, 97871
2026/09/22 23:13:33.533, 2, 94720, 97871
2026/09/22 23:13:33.533, 3, 94714, 97871
2026/09/22 23:13:33.733, 0, 94713, 97871
2026/09/22 23:13:33.733, 1, 94725, 97871
2026/09/22 23:13:33.733, 2, 94720, 97871
2026/09/22 23:13:33.733, 3, 94714, 97871
2026/09/22 23:13:33.934, 0, 94713, 97871
2026/09/22 23:13:33.934, 1, 94725, 97871
2026/09/22 23:13:33.934, 2, 94720, 97871
2026/09/22 23:13:33.934, 3, 94714, 97871
2026/09/22 23:13:34.134, 0, 94713, 97871
2026/09/22 23:13:34.134, 1, 94725, 97871
2026/09/22 23:13:34.134, 2, 94720, 97871
2026/09/22 23:13:34.134, 3, 94714, 97871
2026/09/22 23:13:34.334, 0, 94713, 97871
2026/09/22 23:13:34.334, 1, 94725, 97871
2026/09/22 23:13:34.334, 2, 94720, 97871
2026/09/22 23:13:34.335, 3, 94714, 97871
2026/09/22 23:13:34.535, 0, 94713, 97871
2026/09/22 23:13:34.535, 1, 94725, 97871
2026/09/22 23:13:34.535, 2, 94720, 97871
2026/09/22 23:13:34.535, 3, 94714, 97871
2026/09/22 23:13:34.735, 0, 94713, 97871
2026/09/22 23:13:34.735, 1, 94725, 97871
2026/09/22 23:13:34.735, 2, 94720, 97871
2026/09/22 23:13:34.735, 3, 94714, 97871
2026/09/22 23:13:34.935, 0, 94713, 97871
2026/09/22 23:13:34.935, 1, 94725, 97871
2026/09/22 23:13:34.936, 2, 94720, 97871
2026/09/22 23:13:34.936, 3, 94714, 97871
2026/09/22 23:13:35.136, 0, 94713, 97871
2026/09/22 23:13:35.136, 1, 94725, 97871
2026/09/22 23:13:35.136, 2, 94720, 97871
2026/09/22 23:13:35.136, 3, 94714, 97871
2026/09/22 23:13:35.336, 0, 94713, 97871
2026/09/22 23:13:35.336, 1, 94725, 97871
2026/09/22 23:13:35.336, 2, 94720, 97871
2026/09/22 23:13:35.336, 3, 94714, 97871
2026/09/22 23:13:35.536, 0, 94713, 97871
2026/09/22 23:13:35.537, 1, 94725, 97871
2026/09/22 23:13:35.537, 2, 94720, 97871
2026/09/22 23:13:35.537, 3, 94714, 97871
2026/09/22 23:13:35.737, 0, 94713, 97871
2026/09/22 23:13:35.737, 1, 94725, 97871
2026/09/22 23:13:35.737, 2, 94720, 97871
2026/09/22 23:13:35.737, 3, 94714, 97871
2026/09/22 23:13:35.937, 0, 94713, 97871
2026/09/22 23:13:35.938, 1, 94725, 97871
2026/09/22 23:13:35.938, 2, 94720, 97871
2026/09/22 23:13:35.938, 3, 94714, 97871
2026/09/22 23:13:36.138, 0, 94713, 97871
2026/09/22 23:13:36.138, 1, 94725, 97871
2026/09/22 23:13:36.138, 2, 94720, 97871
2026/09/22 23:13:36.138, 3, 94714, 97871
2026/09/22 23:13:36.338, 0, 94713, 97871
2026/09/22 23:13:36.338, 1, 94725, 97871
2026/09/22 23:13:36.339, 2, 94720, 97871
2026/09/22 23:13:36.339, 3, 94714, 97871
2026/09/22 23:13:36.539, 0, 94713, 97871
2026/09/22 23:13:36.539, 1, 94725, 97871
2026/09/22 23:13:36.539, 2, 94720, 97871
2026/09/22 23:13:36.539, 3, 94714, 97871
2026/09/22 23:13:36.739, 0, 94713, 97871
2026/09/22 23:13:36.739, 1, 94725, 97871
2026/09/22 23:13:36.739, 2, 94720, 97871
2026/09/22 23:13:36.739, 3, 94714, 97871
2026/09/22 23:13:36.939, 0, 94713, 97871
2026/09/22 23:13:36.939, 1, 94725, 97871
2026/09/22 23:13:36.939, 2, 94720, 97871
2026/09/22 23:13:36.939, 3, 94714, 97871
2026/09/22 23:13:37.140, 0, 94713, 97871
2026/09/22 23:13:37.140, 1, 94725, 97871
2026/09/22 23:13:37.140, 2, 94720, 97871
2026/09/22 23:13:37.140, 3, 94714, 97871
2026/09/22 23:13:37.340, 0, 94713, 97871
2026/09/22 23:13:37.340, 1, 94725, 97871
2026/09/22 23:13:37.340, 2, 94720, 97871
2026/09/22 23:13:37.340, 3, 94714, 97871
2026/09/22 23:13:37.540, 0, 94713, 97871
2026/09/22 23:13:37.540, 1, 94725, 97871
2026/09/22 23:13:37.540, 2, 94720, 97871
2026/09/22 23:13:37.540, 3, 94714, 97871
2026/09/22 23:13:37.741, 0, 94713, 97871
2026/09/22 23:13:37.741, 1, 94725, 97871
2026/09/22 23:13:37.741, 2, 94720, 97871
2026/09/22 23:13:37.741, 3, 94714, 97871
2026/09/22 23:13:37.941, 0, 94713, 97871
2026/09/22 23:13:37.941, 1, 94725, 97871
2026/09/22 23:13:37.941, 2, 94720, 97871
2026/09/22 23:13:37.941, 3, 94714, 97871
2026/09/22 23:13:38.142, 0, 94713, 97871
2026/09/22 23:13:38.142, 1, 94725, 97871
2026/09/22 23:13:38.142, 2, 94720, 97871
2026/09/22 23:13:38.142, 3, 94714, 97871
2026/09/22 23:13:38.342, 0, 94713, 97871
2026/09/22 23:13:38.342, 1, 94725, 97871
2026/09/22 23:13:38.342, 2, 94720, 97871
2026/09/22 23:13:38.342, 3, 94714, 97871
2026/09/22 23:13:38.543, 0, 94713, 97871
2026/09/22 23:13:38.543, 1, 94725, 97871
2026/09/22 23:13:38.543, 2, 94720, 97871
2026/09/22 23:13:38.543, 3, 94714, 97871
2026/09/22 23:13:38.743, 0, 94713, 97871
2026/09/22 23:13:38.743, 1, 94725, 97871
2026/09/22 23:13:38.743, 2, 94720, 97871
2026/09/22 23:13:38.744, 3, 94714, 97871
2026/09/22 23:13:38.944, 0, 94713, 97871
2026/09/22 23:13:38.944, 1, 94725, 97871
2026/09/22 23:13:38.944, 2, 94720, 97871
2026/09/22 23:13:38.944, 3, 94714, 97871
2026/09/22 23:13:39.144, 0, 94713, 97871
2026/09/22 23:13:39.144, 1, 94725, 97871
2026/09/22 23:13:39.144, 2, 94720, 97871
2026/09/22 23:13:39.144, 3, 94714, 97871
2026/09/22 23:13:39.344, 0, 94713, 97871
2026/09/22 23:13:39.344, 1, 94725, 97871
2026/09/22 23:13:39.344, 2, 94720, 97871
2026/09/22 23:13:39.345, 3, 94714, 97871
2026/09/22 23:13:39.545, 0, 94713, 97871
2026/09/22 23:13:39.545, 1, 94725, 97871
2026/09/22 23:13:39.545, 2, 94720, 97871
2026/09/22 23:13:39.545, 3, 94714, 97871
2026/09/22 23:13:39.745, 0, 94713, 97871
2026/09/22 23:13:39.745, 1, 94725, 97871
2026/09/22 23:13:39.745, 2, 94720, 97871
2026/09/22 23:13:39.745, 3, 94714, 97871
2026/09/22 23:13:39.945, 0, 94713, 97871
2026/09/22 23:13:39.946, 1, 94725, 97871
2026/09/22 23:13:39.946, 2, 94720, 97871
2026/09/22 23:13:39.946, 3, 94714, 97871
2026/09/22 23:13:40.146, 0, 94713, 97871
2026/09/22 23:13:40.146, 1, 94725, 97871
2026/09/22 23:13:40.146, 2, 94720, 97871
2026/09/22 23:13:40.146, 3, 94714, 97871
2026/09/22 23:13:40.346, 0, 94713, 97871
2026/09/22 23:13:40.347, 1, 94725, 97871
2026/09/22 23:13:40.347, 2, 94720, 97871
2026/09/22 23:13:40.347, 3, 94714, 97871
2026/09/22 23:13:40.547, 0, 94713, 97871
2026/09/22 23:13:40.547, 1, 94725, 97871
2026/09/22 23:13:40.547, 2, 94720, 97871
2026/09/22 23:13:40.547, 3, 94714, 97871
2026/09/22 23:13:40.747, 0, 94713, 97871
2026/09/22 23:13:40.748, 1, 94725, 97871
2026/09/22 23:13:40.748, 2, 94720, 97871
2026/09/22 23:13:40.748, 3, 94714, 97871
2026/09/22 23:13:40.948, 0, 94713, 97871
2026/09/22 23:13:40.948, 1, 94725, 97871
2026/09/22 23:13:40.948, 2, 94720, 97871
2026/09/22 23:13:40.948, 3, 94714, 97871
2026/09/22 23:13:41.148, 0, 94713, 97871
2026/09/22 23:13:41.149, 1, 94725, 97871
2026/09/22 23:13:41.149, 2, 94720, 97871
2026/09/22 23:13:41.149, 3, 94714, 97871
2026/09/22 23:13:41.349, 0, 94713, 97871
2026/09/22 23:13:41.349, 1, 94725, 97871
2026/09/22 23:13:41.349, 2, 94720, 97871
2026/09/22 23:13:41.349, 3, 94714, 97871
2026/09/22 23:13:41.549, 0, 94713, 97871
2026/09/22 23:13:41.549, 1, 94725, 97871
2026/09/22 23:13:41.549, 2, 94720, 97871
2026/09/22 23:13:41.549, 3, 94714, 97871
2026/09/22 23:13:41.749, 0, 94713, 97871
2026/09/22 23:13:41.750, 1, 94725, 97871
2026/09/22 23:13:41.750, 2, 94720, 97871
2026/09/22 23:13:41.750, 3, 94714, 97871
2026/09/22 23:13:41.950, 0, 94713, 97871
2026/09/22 23:13:41.950, 1, 94725, 97871
2026/09/22 23:13:41.950, 2, 94720, 97871
2026/09/22 23:13:41.950, 3, 94714, 97871
2026/09/22 23:13:42.150, 0, 94713, 97871
2026/09/22 23:13:42.151, 1, 94725, 97871
2026/09/22 23:13:42.151, 2, 94720, 97871
2026/09/22 23:13:42.151, 3, 94714, 97871
2026/09/22 23:13:42.351, 0, 94713, 97871
2026/09/22 23:13:42.351, 1, 94725, 97871
2026/09/22 23:13:42.351, 2, 94720, 97871
2026/09/22 23:13:42.351, 3, 94714, 97871
2026/09/22 23:13:42.551, 0, 94713, 97871
2026/09/22 23:13:42.552, 1, 94725, 97871
2026/09/22 23:13:42.552, 2, 94720, 97871
2026/09/22 23:13:42.552, 3, 94714, 97871
2026/09/22 23:13:42.752, 0, 94713, 97871
2026/09/22 23:13:42.752, 1, 94725, 97871
2026/09/22 23:13:42.752, 2, 94720, 97871
2026/09/22 23:13:42.752, 3, 94714, 97871
2026/09/22 23:13:42.952, 0, 94713, 97871
2026/09/22 23:13:42.952, 1, 94725, 97871
2026/09/22 23:13:42.953, 2, 94720, 97871
2026/09/22 23:13:42.953, 3, 94714, 97871
2026/09/22 23:13:43.153, 0, 94713, 97871
2026/09/22 23:13:43.153, 1, 94725, 97871
2026/09/22 23:13:43.153, 2, 94720, 97871
2026/09/22 23:13:43.153, 3, 94714, 97871
2026/09/22 23:13:43.353, 0, 94713, 97871
2026/09/22 23:13:43.353, 1, 94725, 97871
2026/09/22 23:13:43.353, 2, 94720, 97871
2026/09/22 23:13:43.353, 3, 94714, 97871
2026/09/22 23:13:43.553, 0, 94713, 97871
2026/09/22 23:13:43.553, 1, 94725, 97871
2026/09/22 23:13:43.554, 2, 94720, 97871
2026/09/22 23:13:43.554, 3, 94714, 97871
2026/09/22 23:13:43.754, 0, 94713, 97871
2026/09/22 23:13:43.754, 1, 94725, 97871
2026/09/22 23:13:43.754, 2, 94720, 97871
2026/09/22 23:13:43.754, 3, 94714, 97871
2026/09/22 23:13:43.954, 0, 94713, 97871
2026/09/22 23:13:43.954, 1, 94725, 97871
2026/09/22 23:13:43.954, 2, 94720, 97871
2026/09/22 23:13:43.954, 3, 94714, 97871
2026/09/22 23:13:44.154, 0, 94713, 97871
2026/09/22 23:13:44.155, 1, 94725, 97871
2026/09/22 23:13:44.155, 2, 94720, 97871
2026/09/22 23:13:44.155, 3, 94714, 97871
2026/09/22 23:13:44.355, 0, 94713, 97871
2026/09/22 23:13:44.355, 1, 94725, 97871
2026/09/22 23:13:44.355, 2, 94720, 97871
2026/09/22 23:13:44.355, 3, 94714, 97871
2026/09/22 23:13:44.555, 0, 94713, 97871
2026/09/22 23:13:44.556, 1, 94725, 97871
2026/09/22 23:13:44.556, 2, 94720, 97871
2026/09/22 23:13:44.556, 3, 94714, 97871
2026/09/22 23:13:44.756, 0, 94713, 97871
2026/09/22 23:13:44.756, 1, 94725, 97871
2026/09/22 23:13:44.756, 2, 94720, 97871
2026/09/22 23:13:44.756, 3, 94714, 97871
2026/09/22 23:13:44.956, 0, 94713, 97871
2026/09/22 23:13:44.957, 1, 94725, 97871
2026/09/22 23:13:44.957, 2, 94720, 97871
2026/09/22 23:13:44.957, 3, 94714, 97871
2026/09/22 23:13:45.157, 0, 94713, 97871
2026/09/22 23:13:45.157, 1, 94725, 97871
2026/09/22 23:13:45.157, 2, 94720, 97871
2026/09/22 23:13:45.157, 3, 94714, 97871
2026/09/22 23:13:45.357, 0, 94713, 97871
2026/09/22 23:13:45.358, 1, 94725, 97871
2026/09/22 23:13:45.358, 2, 94720, 97871
2026/09/22 23:13:45.358, 3, 94714, 97871
2026/09/22 23:13:45.558, 0, 94713, 97871
2026/09/22 23:13:45.558, 1, 94725, 97871
2026/09/22 23:13:45.558, 2, 94720, 97871
2026/09/22 23:13:45.558, 3, 94714, 97871
2026/09/22 23:13:45.758, 0, 94713, 97871
2026/09/22 23:13:45.758, 1, 94725, 97871
2026/09/22 23:13:45.758, 2, 94720, 97871
2026/09/22 23:13:45.758, 3, 94714, 97871
2026/09/22 23:13:45.958, 0, 94713, 97871
2026/09/22 23:13:45.959, 1, 94725, 97871
2026/09/22 23:13:45.959, 2, 94720, 97871
2026/09/22 23:13:45.959, 3, 94714, 97871
2026/09/22 23:13:46.159, 0, 94713, 97871
2026/09/22 23:13:46.159, 1, 94725, 97871
2026/09/22 23:13:46.159, 2, 94720, 97871
2026/09/22 23:13:46.159, 3, 94714, 97871
2026/09/22 23:13:46.359, 0, 94713, 97871
2026/09/22 23:13:46.359, 1, 94725, 97871
2026/09/22 23:13:46.359, 2, 94720, 97871
2026/09/22 23:13:46.359, 3, 94714, 97871
2026/09/22 23:13:46.559, 0, 94713, 97871
2026/09/22 23:13:46.560, 1, 94725, 97871
2026/09/22 23:13:46.560, 2, 94720, 97871
2026/09/22 23:13:46.560, 3, 94714, 97871
2026/09/22 23:13:46.760, 0, 94713, 97871
2026/09/22 23:13:46.760, 1, 94725, 97871
2026/09/22 23:13:46.760, 2, 94720, 97871
2026/09/22 23:13:46.760, 3, 94714, 97871
2026/09/22 23:13:46.960, 0, 94713, 97871
2026/09/22 23:13:46.960, 1, 94725, 97871
2026/09/22 23:13:46.960, 2, 94720, 97871
2026/09/22 23:13:46.961, 3, 94714, 97871
2026/09/22 23:13:47.161, 0, 94713, 97871
2026/09/22 23:13:47.161, 1, 94725, 97871
2026/09/22 23:13:47.161, 2, 94720, 97871
2026/09/22 23:13:47.161, 3, 94714, 97871
2026/09/22 23:13:47.361, 0, 94713, 97871
2026/09/22 23:13:47.361, 1, 94725, 97871
2026/09/22 23:13:47.361, 2, 94720, 97871
2026/09/22 23:13:47.361, 3, 94714, 97871
2026/09/22 23:13:47.562, 0, 94713, 97871
2026/09/22 23:13:47.562, 1, 94725, 97871
2026/09/22 23:13:47.562, 2, 94720, 97871
2026/09/22 23:13:47.562, 3, 94714, 97871
2026/09/22 23:13:47.762, 0, 94713, 97871
2026/09/22 23:13:47.762, 1, 94725, 97871
2026/09/22 23:13:47.762, 2, 94720, 97871
2026/09/22 23:13:47.762, 3, 94714, 97871
2026/09/22 23:13:47.962, 0, 94713, 97871
2026/09/22 23:13:47.963, 1, 94725, 97871
2026/09/22 23:13:47.963, 2, 94720, 97871
2026/09/22 23:13:47.963, 3, 94714, 97871
2026/09/22 23:13:48.163, 0, 94713, 97871
2026/09/22 23:13:48.163, 1, 94725, 97871
2026/09/22 23:13:48.163, 2, 94720, 97871
2026/09/22 23:13:48.163, 3, 94714, 97871
2026/09/22 23:13:48.363, 0, 94713, 97871
2026/09/22 23:13:48.364, 1, 94725, 97871
2026/09/22 23:13:48.364, 2, 94720, 97871
2026/09/22 23:13:48.364, 3, 94714, 97871
2026/09/22 23:13:48.564, 0, 94713, 97871
2026/09/22 23:13:48.564, 1, 94725, 97871
2026/09/22 23:13:48.564, 2, 94720, 97871
2026/09/22 23:13:48.564, 3, 94714, 97871
2026/09/22 23:13:48.764, 0, 94713, 97871
2026/09/22 23:13:48.764, 1, 94725, 97871
2026/09/22 23:13:48.764, 2, 94720, 97871
2026/09/22 23:13:48.765, 3, 94714, 97871
2026/09/22 23:13:48.965, 0, 94713, 97871
2026/09/22 23:13:48.965, 1, 94725, 97871
2026/09/22 23:13:48.965, 2, 94720, 97871
2026/09/22 23:13:48.965, 3, 94714, 97871
2026/09/22 23:13:49.165, 0, 94713, 97871
2026/09/22 23:13:49.165, 1, 94725, 97871
2026/09/22 23:13:49.165, 2, 94720, 97871
2026/09/22 23:13:49.165, 3, 94714, 97871
2026/09/22 23:13:49.366, 0, 94713, 97871
2026/09/22 23:13:49.366, 1, 94725, 97871
2026/09/22 23:13:49.366, 2, 94720, 97871
2026/09/22 23:13:49.366, 3, 94714, 97871
2026/09/22 23:13:49.566, 0, 94713, 97871
2026/09/22 23:13:49.566, 1, 94725, 97871
2026/09/22 23:13:49.566, 2, 94720, 97871
2026/09/22 23:13:49.566, 3, 94714, 97871
2026/09/22 23:13:49.766, 0, 94713, 97871
2026/09/22 23:13:49.766, 1, 94725, 97871
2026/09/22 23:13:49.766, 2, 94720, 97871
2026/09/22 23:13:49.767, 3, 94714, 97871
2026/09/22 23:13:49.967, 0, 94713, 97871
2026/09/22 23:13:49.967, 1, 94725, 97871
2026/09/22 23:13:49.967, 2, 94720, 97871
2026/09/22 23:13:49.967, 3, 94714, 97871
2026/09/22 23:13:50.167, 0, 94713, 97871
2026/09/22 23:13:50.167, 1, 94725, 97871
2026/09/22 23:13:50.167, 2, 94720, 97871
2026/09/22 23:13:50.167, 3, 94714, 97871
2026/09/22 23:13:50.367, 0, 94713, 97871
2026/09/22 23:13:50.367, 1, 94725, 97871
2026/09/22 23:13:50.367, 2, 94720, 97871
2026/09/22 23:13:50.368, 3, 94714, 97871
2026/09/22 23:13:50.568, 0, 94713, 97871
2026/09/22 23:13:50.568, 1, 94725, 97871
2026/09/22 23:13:50.568, 2, 94720, 97871
2026/09/22 23:13:50.568, 3, 94714, 97871
2026/09/22 23:13:50.768, 0, 94713, 97871
2026/09/22 23:13:50.768, 1, 94725, 97871
2026/09/22 23:13:50.768, 2, 94720, 97871
2026/09/22 23:13:50.768, 3, 94714, 97871
2026/09/22 23:13:50.969, 0, 94713, 97871
2026/09/22 23:13:50.969, 1, 94725, 97871
2026/09/22 23:13:50.969, 2, 94720, 97871
2026/09/22 23:13:50.969, 3, 94714, 97871
2026/09/22 23:13:51.169, 0, 94713, 97871
2026/09/22 23:13:51.169, 1, 94725, 97871
2026/09/22 23:13:51.169, 2, 94720, 97871
2026/09/22 23:13:51.169, 3, 94714, 97871
2026/09/22 23:13:51.369, 0, 94713, 97871
2026/09/22 23:13:51.369, 1, 94725, 97871
2026/09/22 23:13:51.369, 2, 94720, 97871
2026/09/22 23:13:51.370, 3, 94714, 97871
2026/09/22 23:13:51.570, 0, 94713, 97871
2026/09/22 23:13:51.570, 1, 94725, 97871
2026/09/22 23:13:51.570, 2, 94720, 97871
2026/09/22 23:13:51.570, 3, 94714, 97871
2026/09/22 23:13:51.770, 0, 94713, 97871
2026/09/22 23:13:51.770, 1, 94725, 97871
2026/09/22 23:13:51.770, 2, 94720, 97871
2026/09/22 23:13:51.770, 3, 94714, 97871
2026/09/22 23:13:51.970, 0, 94713, 97871
2026/09/22 23:13:51.970, 1, 94725, 97871
2026/09/22 23:13:51.971, 2, 94720, 97871
2026/09/22 23:13:51.971, 3, 94714, 97871
2026/09/22 23:13:52.171, 0, 94713, 97871
2026/09/22 23:13:52.171, 1, 94725, 97871
2026/09/22 23:13:52.171, 2, 94720, 97871
2026/09/22 23:13:52.171, 3, 94714, 97871
2026/09/22 23:13:52.371, 0, 94713, 97871
2026/09/22 23:13:52.371, 1, 94725, 97871
2026/09/22 23:13:52.371, 2, 94720, 97871
2026/09/22 23:13:52.371, 3, 94714, 97871
2026/09/22 23:13:52.572, 0, 94713, 97871
2026/09/22 23:13:52.572, 1, 94725, 97871
2026/09/22 23:13:52.572, 2, 94720, 97871
2026/09/22 23:13:52.572, 3, 94714, 97871
2026/09/22 23:13:52.772, 0, 94713, 97871
2026/09/22 23:13:52.772, 1, 94725, 97871
2026/09/22 23:13:52.772, 2, 94720, 97871
2026/09/22 23:13:52.772, 3, 94714, 97871
2026/09/22 23:13:52.972, 0, 94713, 97871
2026/09/22 23:13:52.972, 1, 94725, 97871
2026/09/22 23:13:52.972, 2, 94720, 97871
2026/09/22 23:13:52.973, 3, 94714, 97871
2026/09/22 23:13:53.173, 0, 94713, 97871
2026/09/22 23:13:53.173, 1, 94725, 97871
2026/09/22 23:13:53.173, 2, 94720, 97871
2026/09/22 23:13:53.173, 3, 94714, 97871
2026/09/22 23:13:53.373, 0, 94713, 97871
2026/09/22 23:13:53.373, 1, 94725, 97871
2026/09/22 23:13:53.373, 2, 94720, 97871
2026/09/22 23:13:53.374, 3, 94714, 97871
2026/09/22 23:13:53.574, 0, 94713, 97871
2026/09/22 23:13:53.574, 1, 94725, 97871
2026/09/22 23:13:53.574, 2, 94720, 97871
2026/09/22 23:13:53.574, 3, 94714, 97871
2026/09/22 23:13:53.774, 0, 94713, 97871
2026/09/22 23:13:53.774, 1, 94725, 97871
2026/09/22 23:13:53.774, 2, 94720, 97871
2026/09/22 23:13:53.774, 3, 94714, 97871
2026/09/22 23:13:53.975, 0, 94713, 97871
2026/09/22 23:13:53.975, 1, 94725, 97871
2026/09/22 23:13:53.975, 2, 94720, 97871
2026/09/22 23:13:53.975, 3, 94714, 97871
2026/09/22 23:13:54.175, 0, 94713, 97871
2026/09/22 23:13:54.175, 1, 94725, 97871
2026/09/22 23:13:54.175, 2, 94720, 97871
2026/09/22 23:13:54.176, 3, 94714, 97871
2026/09/22 23:13:54.376, 0, 94713, 97871
2026/09/22 23:13:54.376, 1, 94725, 97871
2026/09/22 23:13:54.376, 2, 94720, 97871
2026/09/22 23:13:54.376, 3, 94714, 97871
2026/09/22 23:13:54.576, 0, 94713, 97871
2026/09/22 23:13:54.576, 1, 94725, 97871
2026/09/22 23:13:54.576, 2, 94720, 97871
2026/09/22 23:13:54.576, 3, 94714, 97871
2026/09/22 23:13:54.776, 0, 94713, 97871
2026/09/22 23:13:54.776, 1, 94725, 97871
2026/09/22 23:13:54.777, 2, 94720, 97871
2026/09/22 23:13:54.777, 3, 94714, 97871
2026/09/22 23:13:54.977, 0, 94713, 97871
2026/09/22 23:13:54.977, 1, 94725, 97871
2026/09/22 23:13:54.977, 2, 94720, 97871
2026/09/22 23:13:54.977, 3, 94714, 97871
2026/09/22 23:13:55.177, 0, 94713, 97871
2026/09/22 23:13:55.177, 1, 94725, 97871
2026/09/22 23:13:55.177, 2, 94720, 97871
2026/09/22 23:13:55.177, 3, 94714, 97871
2026/09/22 23:13:55.377, 0, 94713, 97871
2026/09/22 23:13:55.378, 1, 94725, 97871
2026/09/22 23:13:55.378, 2, 94720, 97871
2026/09/22 23:13:55.378, 3, 94714, 97871
2026/09/22 23:13:55.578, 0, 94713, 97871
2026/09/22 23:13:55.578, 1, 94725, 97871
2026/09/22 23:13:55.578, 2, 94720, 97871
2026/09/22 23:13:55.578, 3, 94714, 97871
2026/09/22 23:13:55.778, 0, 94713, 97871
2026/09/22 23:13:55.778, 1, 94725, 97871
2026/09/22 23:13:55.778, 2, 94720, 97871
2026/09/22 23:13:55.778, 3, 94714, 97871
2026/09/22 23:13:55.979, 0, 94713, 97871
2026/09/22 23:13:55.979, 1, 94725, 97871
2026/09/22 23:13:55.979, 2, 94720, 97871
2026/09/22 23:13:55.979, 3, 94714, 97871
2026/09/22 23:13:56.179, 0, 94713, 97871
2026/09/22 23:13:56.179, 1, 94725, 97871
2026/09/22 23:13:56.179, 2, 94720, 97871
2026/09/22 23:13:56.179, 3, 94714, 97871
2026/09/22 23:13:56.379, 0, 94713, 97871
2026/09/22 23:13:56.380, 1, 94725, 97871
2026/09/22 23:13:56.380, 2, 94720, 97871
2026/09/22 23:13:56.380, 3, 94714, 97871
2026/09/22 23:13:56.580, 0, 94713, 97871
2026/09/22 23:13:56.580, 1, 94725, 97871
2026/09/22 23:13:56.580, 2, 94720, 97871
2026/09/22 23:13:56.580, 3, 94714, 97871
2026/09/22 23:13:56.780, 0, 94713, 97871
2026/09/22 23:13:56.780, 1, 94725, 97871
2026/09/22 23:13:56.781, 2, 94720, 97871
2026/09/22 23:13:56.781, 3, 94714, 97871
2026/09/22 23:13:56.981, 0, 94713, 97871
2026/09/22 23:13:56.981, 1, 94725, 97871
2026/09/22 23:13:56.981, 2, 94720, 97871
2026/09/22 23:13:56.981, 3, 94714, 97871
2026/09/22 23:13:57.181, 0, 94713, 97871
2026/09/22 23:13:57.181, 1, 94725, 97871
2026/09/22 23:13:57.181, 2, 94720, 97871
2026/09/22 23:13:57.181, 3, 94714, 97871
2026/09/22 23:13:57.381, 0, 94713, 97871
2026/09/22 23:13:57.381, 1, 94725, 97871
2026/09/22 23:13:57.381, 2, 94720, 97871
2026/09/22 23:13:57.382, 3, 94714, 97871
2026/09/22 23:13:57.582, 0, 94713, 97871
2026/09/22 23:13:57.582, 1, 94725, 97871
2026/09/22 23:13:57.582, 2, 94720, 97871
2026/09/22 23:13:57.582, 3, 94714, 97871
2026/09/22 23:13:57.782, 0, 94713, 97871
2026/09/22 23:13:57.782, 1, 94725, 97871
2026/09/22 23:13:57.782, 2, 94720, 97871
2026/09/22 23:13:57.782, 3, 94714, 97871
2026/09/22 23:13:57.982, 0, 94713, 97871
2026/09/22 23:13:57.982, 1, 94725, 97871
2026/09/22 23:13:57.982, 2, 94720, 97871
2026/09/22 23:13:57.983, 3, 94714, 97871
2026/09/22 23:13:58.183, 0, 94713, 97871
2026/09/22 23:13:58.183, 1, 94725, 97871
2026/09/22 23:13:58.183, 2, 94720, 97871
2026/09/22 23:13:58.183, 3, 94714, 97871
2026/09/22 23:13:58.383, 0, 94713, 97871
2026/09/22 23:13:58.383, 1, 94725, 97871
2026/09/22 23:13:58.383, 2, 94720, 97871
2026/09/22 23:13:58.383, 3, 94714, 97871
2026/09/22 23:13:58.583, 0, 94713, 97871
2026/09/22 23:13:58.584, 1, 94725, 97871
2026/09/22 23:13:58.584, 2, 94720, 97871
2026/09/22 23:13:58.584, 3, 94714, 97871
2026/09/22 23:13:58.784, 0, 94713, 97871
2026/09/22 23:13:58.784, 1, 94725, 97871
2026/09/22 23:13:58.784, 2, 94720, 97871
2026/09/22 23:13:58.784, 3, 94714, 97871
2026/09/22 23:13:58.984, 0, 94713, 97871
2026/09/22 23:13:58.984, 1, 94725, 97871
2026/09/22 23:13:58.984, 2, 94720, 97871
2026/09/22 23:13:58.984, 3, 94714, 97871
2026/09/22 23:13:59.184, 0, 94713, 97871
2026/09/22 23:13:59.185, 1, 94725, 97871
2026/09/22 23:13:59.185, 2, 94720, 97871
2026/09/22 23:13:59.185, 3, 94714, 97871
2026/09/22 23:13:59.385, 0, 94713, 97871
2026/09/22 23:13:59.385, 1, 94725, 97871
2026/09/22 23:13:59.385, 2, 94720, 97871
2026/09/22 23:13:59.385, 3, 94714, 97871
2026/09/22 23:13:59.585, 0, 94713, 97871
2026/09/22 23:13:59.585, 1, 94725, 97871
2026/09/22 23:13:59.585, 2, 94720, 97871
2026/09/22 23:13:59.585, 3, 94714, 97871
2026/09/22 23:13:59.785, 0, 94713, 97871
2026/09/22 23:13:59.785, 1, 94725, 97871
2026/09/22 23:13:59.786, 2, 94720, 97871
2026/09/22 23:13:59.786, 3, 94714, 97871
2026/09/22 23:13:59.986, 0, 94713, 97871
2026/09/22 23:13:59.986, 1, 94725, 97871
2026/09/22 23:13:59.986, 2, 94720, 97871
2026/09/22 23:13:59.986, 3, 94714, 97871
2026/09/22 23:14:00.186, 0, 94713, 97871
2026/09/22 23:14:00.186, 1, 94725, 97871
2026/09/22 23:14:00.186, 2, 94720, 97871
2026/09/22 23:14:00.186, 3, 94714, 97871
2026/09/22 23:14:00.386, 0, 94713, 97871
2026/09/22 23:14:00.387, 1, 94725, 97871
2026/09/22 23:14:00.387, 2, 94720, 97871
2026/09/22 23:14:00.387, 3, 94714, 97871
2026/09/22 23:14:00.587, 0, 94713, 97871
2026/09/22 23:14:00.587, 1, 94725, 97871
2026/09/22 23:14:00.587, 2, 94720, 97871
2026/09/22 23:14:00.587, 3, 94714, 97871
2026/09/22 23:14:00.787, 0, 94713, 97871
2026/09/22 23:14:00.787, 1, 94725, 97871
2026/09/22 23:14:00.787, 2, 94720, 97871
2026/09/22 23:14:00.787, 3, 94714, 97871
2026/09/22 23:14:00.988, 0, 94713, 97871
2026/09/22 23:14:00.988, 1, 94725, 97871
2026/09/22 23:14:00.988, 2, 94720, 97871
2026/09/22 23:14:00.988, 3, 94714, 97871
2026/09/22 23:14:01.188, 0, 94713, 97871
2026/09/22 23:14:01.188, 1, 94725, 97871
2026/09/22 23:14:01.188, 2, 94720, 97871
2026/09/22 23:14:01.188, 3, 94714, 97871
2026/09/22 23:14:01.388, 0, 94713, 97871
2026/09/22 23:14:01.388, 1, 94725, 97871
2026/09/22 23:14:01.388, 2, 94720, 97871
2026/09/22 23:14:01.388, 3, 94714, 97871
2026/09/22 23:14:01.589, 0, 94713, 97871
2026/09/22 23:14:01.589, 1, 94725, 97871
2026/09/22 23:14:01.589, 2, 94720, 97871
2026/09/22 23:14:01.589, 3, 94714, 97871
2026/09/22 23:14:01.789, 0, 94713, 97871
2026/09/22 23:14:01.789, 1, 94725, 97871
2026/09/22 23:14:01.789, 2, 94720, 97871
2026/09/22 23:14:01.789, 3, 94714, 97871
2026/09/22 23:14:01.989, 0, 94713, 97871
2026/09/22 23:14:01.989, 1, 94725, 97871
2026/09/22 23:14:01.989, 2, 94720, 97871
2026/09/22 23:14:01.989, 3, 94714, 97871
2026/09/22 23:14:02.189, 0, 94713, 97871
2026/09/22 23:14:02.190, 1, 94725, 97871
2026/09/22 23:14:02.190, 2, 94720, 97871
2026/09/22 23:14:02.190, 3, 94714, 97871
2026/09/22 23:14:02.390, 0, 94713, 97871
2026/09/22 23:14:02.390, 1, 94725, 97871
2026/09/22 23:14:02.390, 2, 94720, 97871
2026/09/22 23:14:02.390, 3, 94714, 97871
2026/09/22 23:14:02.590, 0, 94713, 97871
2026/09/22 23:14:02.590, 1, 94725, 97871
2026/09/22 23:14:02.591, 2, 94720, 97871
2026/09/22 23:14:02.591, 3, 94714, 97871
2026/09/22 23:14:02.791, 0, 94713, 97871
2026/09/22 23:14:02.791, 1, 94725, 97871
2026/09/22 23:14:02.791, 2, 94720, 97871
2026/09/22 23:14:02.791, 3, 94714, 97871
2026/09/22 23:14:02.991, 0, 94713, 97871
2026/09/22 23:14:02.991, 1, 94725, 97871
2026/09/22 23:14:02.991, 2, 94720, 97871
2026/09/22 23:14:02.991, 3, 94714, 97871
2026/09/22 23:14:03.192, 0, 94713, 97871
2026/09/22 23:14:03.192, 1, 94725, 97871
2026/09/22 23:14:03.192, 2, 94720, 97871
2026/09/22 23:14:03.192, 3, 94714, 97871
2026/09/22 23:14:03.392, 0, 94713, 97871
2026/09/22 23:14:03.392, 1, 94725, 97871
2026/09/22 23:14:03.392, 2, 94720, 97871
2026/09/22 23:14:03.392, 3, 94714, 97871
2026/09/22 23:14:03.592, 0, 94713, 97871
2026/09/22 23:14:03.592, 1, 94725, 97871
2026/09/22 23:14:03.592, 2, 94720, 97871
2026/09/22 23:14:03.592, 3, 94714, 97871
2026/09/22 23:14:03.793, 0, 94713, 97871
2026/09/22 23:14:03.793, 1, 94725, 97871
2026/09/22 23:14:03.793, 2, 94720, 97871
2026/09/22 23:14:03.793, 3, 94714, 97871
2026/09/22 23:14:03.993, 0, 94713, 97871
2026/09/22 23:14:03.993, 1, 94725, 97871
2026/09/22 23:14:03.993, 2, 94720, 97871
2026/09/22 23:14:03.993, 3, 94714, 97871
2026/09/22 23:14:04.193, 0, 94713, 97871
2026/09/22 23:14:04.193, 1, 94725, 97871
2026/09/22 23:14:04.193, 2, 94720, 97871
2026/09/22 23:14:04.193, 3, 94714, 97871
2026/09/22 23:14:04.394, 0, 94713, 97871
2026/09/22 23:14:04.394, 1, 94725, 97871
2026/09/22 23:14:04.394, 2, 94720, 97871
2026/09/22 23:14:04.394, 3, 94714, 97871
2026/09/22 23:14:04.594, 0, 94713, 97871
2026/09/22 23:14:04.594, 1, 94725, 97871
2026/09/22 23:14:04.594, 2, 94720, 97871
2026/09/22 23:14:04.594, 3, 94714, 97871
2026/09/22 23:14:04.794, 0, 94713, 97871
2026/09/22 23:14:04.795, 1, 94725, 97871
2026/09/22 23:14:04.795, 2, 94720, 97871
2026/09/22 23:14:04.795, 3, 94714, 97871
2026/09/22 23:14:04.995, 0, 94713, 97871
2026/09/22 23:14:04.995, 1, 94725, 97871
2026/09/22 23:14:04.995, 2, 94720, 97871
2026/09/22 23:14:04.995, 3, 94714, 97871
2026/09/22 23:14:05.195, 0, 94713, 97871
2026/09/22 23:14:05.195, 1, 94725, 97871
2026/09/22 23:14:05.195, 2, 94720, 97871
2026/09/22 23:14:05.196, 3, 94714, 97871
2026/09/22 23:14:05.396, 0, 94713, 97871
2026/09/22 23:14:05.396, 1, 94725, 97871
2026/09/22 23:14:05.396, 2, 94720, 97871
2026/09/22 23:14:05.396, 3, 94714, 97871
2026/09/22 23:14:05.596, 0, 94713, 97871
2026/09/22 23:14:05.596, 1, 94725, 97871
2026/09/22 23:14:05.596, 2, 94720, 97871
2026/09/22 23:14:05.597, 3, 94714, 97871
2026/09/22 23:14:05.797, 0, 94713, 97871
2026/09/22 23:14:05.797, 1, 94725, 97871
2026/09/22 23:14:05.797, 2, 94720, 97871
2026/09/22 23:14:05.797, 3, 94714, 97871
2026/09/22 23:14:05.997, 0, 94713, 97871
2026/09/22 23:14:05.997, 1, 94725, 97871
2026/09/22 23:14:05.997, 2, 94720, 97871
2026/09/22 23:14:05.997, 3, 94714, 97871
2026/09/22 23:14:06.197, 0, 94713, 97871
2026/09/22 23:14:06.197, 1, 94725, 97871
2026/09/22 23:14:06.197, 2, 94720, 97871
2026/09/22 23:14:06.198, 3, 94714, 97871
2026/09/22 23:14:06.398, 0, 94713, 97871
2026/09/22 23:14:06.398, 1, 94725, 97871
2026/09/22 23:14:06.398, 2, 94720, 97871
2026/09/22 23:14:06.398, 3, 94714, 97871
2026/09/22 23:14:06.598, 0, 94713, 97871
2026/09/22 23:14:06.598, 1, 94725, 97871
2026/09/22 23:14:06.598, 2, 94720, 97871
2026/09/22 23:14:06.598, 3, 94714, 97871
2026/09/22 23:14:06.798, 0, 94713, 97871
2026/09/22 23:14:06.799, 1, 94725, 97871
2026/09/22 23:14:06.799, 2, 94720, 97871
2026/09/22 23:14:06.799, 3, 94714, 97871
2026/09/22 23:14:06.999, 0, 94713, 97871
2026/09/22 23:14:06.999, 1, 94725, 97871
2026/09/22 23:14:06.999, 2, 94720, 97871
2026/09/22 23:14:06.999, 3, 94714, 97871
2026/09/22 23:14:07.200, 0, 94713, 97871
2026/09/22 23:14:07.200, 1, 94725, 97871
2026/09/22 23:14:07.200, 2, 94720, 97871
2026/09/22 23:14:07.200, 3, 94714, 97871
2026/09/22 23:14:07.400, 0, 94713, 97871
2026/09/22 23:14:07.400, 1, 94725, 97871
2026/09/22 23:14:07.400, 2, 94720, 97871
2026/09/22 23:14:07.400, 3, 94714, 97871
2026/09/22 23:14:07.601, 0, 94713, 97871
2026/09/22 23:14:07.601, 1, 94725, 97871
2026/09/22 23:14:07.601, 2, 94720, 97871
2026/09/22 23:14:07.601, 3, 94714, 97871
2026/09/22 23:14:07.801, 0, 94713, 97871
2026/09/22 23:14:07.801, 1, 94725, 97871
2026/09/22 23:14:07.801, 2, 94720, 97871
2026/09/22 23:14:07.801, 3, 94714, 97871
2026/09/22 23:14:08.001, 0, 94713, 97871
2026/09/22 23:14:08.001, 1, 94725, 97871
2026/09/22 23:14:08.002, 2, 94720, 97871
2026/09/22 23:14:08.002, 3, 94714, 97871
2026/09/22 23:14:08.202, 0, 94713, 97871
2026/09/22 23:14:08.202, 1, 94725, 97871
2026/09/22 23:14:08.202, 2, 94720, 97871
2026/09/22 23:14:08.202, 3, 94714, 97871
2026/09/22 23:14:08.402, 0, 94713, 97871
2026/09/22 23:14:08.402, 1, 94725, 97871
2026/09/22 23:14:08.402, 2, 94720, 97871
2026/09/22 23:14:08.402, 3, 94714, 97871
2026/09/22 23:14:08.602, 0, 94713, 97871
2026/09/22 23:14:08.603, 1, 94725, 97871
2026/09/22 23:14:08.603, 2, 94720, 97871
2026/09/22 23:14:08.603, 3, 94714, 97871
2026/09/22 23:14:08.803, 0, 94713, 97871
2026/09/22 23:14:08.803, 1, 94725, 97871
2026/09/22 23:14:08.803, 2, 94720, 97871
2026/09/22 23:14:08.803, 3, 94714, 97871
2026/09/22 23:14:09.003, 0, 94713, 97871
2026/09/22 23:14:09.003, 1, 94725, 97871
2026/09/22 23:14:09.004, 2, 94720, 97871
2026/09/22 23:14:09.004, 3, 94714, 97871
2026/09/22 23:14:09.204, 0, 94713, 97871
2026/09/22 23:14:09.204, 1, 94725, 97871
2026/09/22 23:14:09.204, 2, 94720, 97871
2026/09/22 23:14:09.204, 3, 94714, 97871
2026/09/22 23:14:09.404, 0, 94713, 97871
2026/09/22 23:14:09.404, 1, 94725, 97871
2026/09/22 23:14:09.405, 2, 94720, 97871
2026/09/22 23:14:09.405, 3, 94714, 97871
2026/09/22 23:14:09.605, 0, 94713, 97871
2026/09/22 23:14:09.605, 1, 94725, 97871
2026/09/22 23:14:09.605, 2, 94720, 97871
2026/09/22 23:14:09.605, 3, 94714, 97871
2026/09/22 23:14:09.805, 0, 94713, 97871
2026/09/22 23:14:09.806, 1, 94725, 97871
2026/09/22 23:14:09.806, 2, 94720, 97871
2026/09/22 23:14:09.806, 3, 94714, 97871
2026/09/22 23:14:10.006, 0, 94713, 97871
2026/09/22 23:14:10.006, 1, 94725, 97871
2026/09/22 23:14:10.006, 2, 94720, 97871
2026/09/22 23:14:10.006, 3, 94714, 97871
2026/09/22 23:14:10.206, 0, 94713, 97871
2026/09/22 23:14:10.207, 1, 94725, 97871
2026/09/22 23:14:10.207, 2, 94720, 97871
2026/09/22 23:14:10.207, 3, 94714, 97871
2026/09/22 23:14:10.407, 0, 94713, 97871
2026/09/22 23:14:10.407, 1, 94725, 97871
2026/09/22 23:14:10.407, 2, 94720, 97871
2026/09/22 23:14:10.407, 3, 94714, 97871
2026/09/22 23:14:10.607, 0, 94713, 97871
2026/09/22 23:14:10.608, 1, 94725, 97871
2026/09/22 23:14:10.608, 2, 94720, 97871
2026/09/22 23:14:10.608, 3, 94714, 97871
2026/09/22 23:14:10.808, 0, 94713, 97871
2026/09/22 23:14:10.808, 1, 94725, 97871
2026/09/22 23:14:10.808, 2, 94720, 97871
2026/09/22 23:14:10.808, 3, 94714, 97871
2026/09/22 23:14:11.008, 0, 94713, 97871
2026/09/22 23:14:11.008, 1, 94725, 97871
2026/09/22 23:14:11.008, 2, 94720, 97871
2026/09/22 23:14:11.008, 3, 94714, 97871
2026/09/22 23:14:11.208, 0, 94713, 97871
2026/09/22 23:14:11.209, 1, 94725, 97871
2026/09/22 23:14:11.209, 2, 94720, 97871
2026/09/22 23:14:11.209, 3, 94714, 97871
2026/09/22 23:14:11.409, 0, 94713, 97871
2026/09/22 23:14:11.409, 1, 94725, 97871
2026/09/22 23:14:11.409, 2, 94720, 97871
2026/09/22 23:14:11.409, 3, 94714, 97871
2026/09/22 23:14:11.609, 0, 94713, 97871
2026/09/22 23:14:11.609, 1, 94725, 97871
2026/09/22 23:14:11.609, 2, 94720, 97871
2026/09/22 23:14:11.609, 3, 94714, 97871
2026/09/22 23:14:11.810, 0, 94713, 97871
2026/09/22 23:14:11.810, 1, 94725, 97871
2026/09/22 23:14:11.810, 2, 94720, 97871
2026/09/22 23:14:11.810, 3, 94714, 97871
2026/09/22 23:14:12.010, 0, 94713, 97871
2026/09/22 23:14:12.010, 1, 94725, 97871
2026/09/22 23:14:12.010, 2, 94720, 97871
2026/09/22 23:14:12.010, 3, 94714, 97871
2026/09/22 23:14:12.211, 0, 94713, 97871
2026/09/22 23:14:12.211, 1, 94725, 97871
2026/09/22 23:14:12.211, 2, 94720, 97871
2026/09/22 23:14:12.211, 3, 94714, 97871
2026/09/22 23:14:12.411, 0, 94713, 97871
2026/09/22 23:14:12.411, 1, 94725, 97871
2026/09/22 23:14:12.411, 2, 94720, 97871
2026/09/22 23:14:12.411, 3, 94714, 97871
2026/09/22 23:14:12.611, 0, 94713, 97871
2026/09/22 23:14:12.611, 1, 94725, 97871
2026/09/22 23:14:12.611, 2, 94720, 97871
2026/09/22 23:14:12.611, 3, 94714, 97871
2026/09/22 23:14:12.811, 0, 94713, 97871
2026/09/22 23:14:12.812, 1, 94725, 97871
2026/09/22 23:14:12.812, 2, 94720, 97871
2026/09/22 23:14:12.812, 3, 94714, 97871
2026/09/22 23:14:13.012, 0, 94713, 97871
2026/09/22 23:14:13.012, 1, 94725, 97871
2026/09/22 23:14:13.012, 2, 94720, 97871
2026/09/22 23:14:13.012, 3, 94714, 97871
2026/09/22 23:14:13.212, 0, 94713, 97871
2026/09/22 23:14:13.212, 1, 94725, 97871
2026/09/22 23:14:13.212, 2, 94720, 97871
2026/09/22 23:14:13.213, 3, 94714, 97871
2026/09/22 23:14:13.413, 0, 94713, 97871
2026/09/22 23:14:13.413, 1, 94725, 97871
2026/09/22 23:14:13.413, 2, 94720, 97871
2026/09/22 23:14:13.413, 3, 94714, 97871
2026/09/22 23:14:13.613, 0, 94713, 97871
2026/09/22 23:14:13.613, 1, 94725, 97871
2026/09/22 23:14:13.613, 2, 94720, 97871
2026/09/22 23:14:13.613, 3, 94714, 97871
2026/09/22 23:14:13.813, 0, 94713, 97871
2026/09/22 23:14:13.813, 1, 94725, 97871
2026/09/22 23:14:13.813, 2, 94720, 97871
2026/09/22 23:14:13.814, 3, 94714, 97871
2026/09/22 23:14:14.014, 0, 94713, 97871
2026/09/22 23:14:14.014, 1, 94725, 97871
2026/09/22 23:14:14.014, 2, 94720, 97871
2026/09/22 23:14:14.014, 3, 94714, 97871
2026/09/22 23:14:14.214, 0, 94713, 97871
2026/09/22 23:14:14.214, 1, 94725, 97871
2026/09/22 23:14:14.214, 2, 94720, 97871
2026/09/22 23:14:14.214, 3, 94714, 97871
2026/09/22 23:14:14.415, 0, 94713, 97871
2026/09/22 23:14:14.415, 1, 94725, 97871
2026/09/22 23:14:14.415, 2, 94720, 97871
2026/09/22 23:14:14.415, 3, 94714, 97871
2026/09/22 23:14:14.615, 0, 94713, 97871
2026/09/22 23:14:14.615, 1, 94725, 97871
2026/09/22 23:14:14.615, 2, 94720, 97871
2026/09/22 23:14:14.615, 3, 94714, 97871
2026/09/22 23:14:14.815, 0, 94713, 97871
2026/09/22 23:14:14.815, 1, 94725, 97871
2026/09/22 23:14:14.815, 2, 94720, 97871
2026/09/22 23:14:14.816, 3, 94714, 97871
2026/09/22 23:14:15.016, 0, 94713, 97871
2026/09/22 23:14:15.016, 1, 94725, 97871
2026/09/22 23:14:15.016, 2, 94720, 97871
2026/09/22 23:14:15.016, 3, 94714, 97871
2026/09/22 23:14:15.216, 0, 94713, 97871
2026/09/22 23:14:15.216, 1, 94725, 97871
2026/09/22 23:14:15.216, 2, 94720, 97871
2026/09/22 23:14:15.216, 3, 94714, 97871
2026/09/22 23:14:15.416, 0, 94713, 97871
2026/09/22 23:14:15.416, 1, 94725, 97871
2026/09/22 23:14:15.417, 2, 94720, 97871
2026/09/22 23:14:15.417, 3, 94714, 97871
2026/09/22 23:14:15.617, 0, 94713, 97871
2026/09/22 23:14:15.617, 1, 94725, 97871
2026/09/22 23:14:15.617, 2, 94720, 97871
2026/09/22 23:14:15.617, 3, 94714, 97871
2026/09/22 23:14:15.817, 0, 94713, 97871
2026/09/22 23:14:15.817, 1, 94725, 97871
2026/09/22 23:14:15.818, 2, 94720, 97871
2026/09/22 23:14:15.818, 3, 94714, 97871
2026/09/22 23:14:16.018, 0, 94713, 97871
2026/09/22 23:14:16.018, 1, 94725, 97871
2026/09/22 23:14:16.018, 2, 94720, 97871
2026/09/22 23:14:16.018, 3, 94714, 97871
2026/09/22 23:14:16.218, 0, 94713, 97871
2026/09/22 23:14:16.218, 1, 94725, 97871
2026/09/22 23:14:16.218, 2, 94720, 97871
2026/09/22 23:14:16.218, 3, 94714, 97871
2026/09/22 23:14:16.419, 0, 94713, 97871
2026/09/22 23:14:16.419, 1, 94725, 97871
2026/09/22 23:14:16.419, 2, 94720, 97871
2026/09/22 23:14:16.419, 3, 94714, 97871
2026/09/22 23:14:16.619, 0, 94713, 97871
2026/09/22 23:14:16.619, 1, 94725, 97871
2026/09/22 23:14:16.619, 2, 94720, 97871
2026/09/22 23:14:16.619, 3, 94714, 97871
2026/09/22 23:14:16.819, 0, 94713, 97871
2026/09/22 23:14:16.819, 1, 94725, 97871
2026/09/22 23:14:16.820, 2, 94720, 97871
2026/09/22 23:14:16.820, 3, 94714, 97871
2026/09/22 23:14:17.020, 0, 94713, 97871
2026/09/22 23:14:17.020, 1, 94725, 97871
2026/09/22 23:14:17.020, 2, 94720, 97871
2026/09/22 23:14:17.020, 3, 94714, 97871
2026/09/22 23:14:17.220, 0, 94713, 97871
2026/09/22 23:14:17.220, 1, 94725, 97871
2026/09/22 23:14:17.220, 2, 94720, 97871
2026/09/22 23:14:17.220, 3, 94714, 97871
2026/09/22 23:14:17.420, 0, 94713, 97871
2026/09/22 23:14:17.420, 1, 94725, 97871
2026/09/22 23:14:17.420, 2, 94720, 97871
2026/09/22 23:14:17.420, 3, 94714, 97871
2026/09/22 23:14:17.621, 0, 94713, 97871
2026/09/22 23:14:17.621, 1, 94725, 97871
2026/09/22 23:14:17.621, 2, 94720, 97871
2026/09/22 23:14:17.621, 3, 94714, 97871
2026/09/22 23:14:17.821, 0, 94713, 97871
2026/09/22 23:14:17.821, 1, 94725, 97871
2026/09/22 23:14:17.821, 2, 94720, 97871
2026/09/22 23:14:17.821, 3, 94714, 97871
2026/09/22 23:14:18.021, 0, 94713, 97871
2026/09/22 23:14:18.022, 1, 94725, 97871
2026/09/22 23:14:18.022, 2, 94720, 97871
2026/09/22 23:14:18.022, 3, 94714, 97871
2026/09/22 23:14:18.222, 0, 94713, 97871
2026/09/22 23:14:18.222, 1, 94725, 97871
2026/09/22 23:14:18.222, 2, 94720, 97871
2026/09/22 23:14:18.222, 3, 94714, 97871
2026/09/22 23:14:18.422, 0, 94713, 97871
2026/09/22 23:14:18.422, 1, 94725, 97871
2026/09/22 23:14:18.422, 2, 94720, 97871
2026/09/22 23:14:18.423, 3, 94714, 97871
2026/09/22 23:14:18.623, 0, 94713, 97871
2026/09/22 23:14:18.623, 1, 94725, 97871
2026/09/22 23:14:18.623, 2, 94720, 97871
2026/09/22 23:14:18.623, 3, 94714, 97871
2026/09/22 23:14:18.823, 0, 94713, 97871
2026/09/22 23:14:18.823, 1, 94725, 97871
2026/09/22 23:14:18.823, 2, 94720, 97871
2026/09/22 23:14:18.823, 3, 94714, 97871
2026/09/22 23:14:19.024, 0, 94713, 97871
2026/09/22 23:14:19.024, 1, 94725, 97871
2026/09/22 23:14:19.024, 2, 94720, 97871
2026/09/22 23:14:19.024, 3, 94714, 97871
2026/09/22 23:14:19.224, 0, 94713, 97871
2026/09/22 23:14:19.224, 1, 94725, 97871
2026/09/22 23:14:19.224, 2, 94720, 97871
2026/09/22 23:14:19.224, 3, 94714, 97871
2026/09/22 23:14:19.424, 0, 94713, 97871
2026/09/22 23:14:19.424, 1, 94725, 97871
2026/09/22 23:14:19.425, 2, 94720, 97871
2026/09/22 23:14:19.425, 3, 94714, 97871
2026/09/22 23:14:19.625, 0, 94713, 97871
2026/09/22 23:14:19.625, 1, 94725, 97871
2026/09/22 23:14:19.625, 2, 94720, 97871
2026/09/22 23:14:19.625, 3, 94714, 97871
2026/09/22 23:14:19.825, 0, 94713, 97871
2026/09/22 23:14:19.825, 1, 94725, 97871
2026/09/22 23:14:19.825, 2, 94720, 97871
2026/09/22 23:14:19.826, 3, 94714, 97871
2026/09/22 23:14:20.026, 0, 94713, 97871
2026/09/22 23:14:20.026, 1, 94725, 97871
2026/09/22 23:14:20.026, 2, 94720, 97871
2026/09/22 23:14:20.026, 3, 94714, 97871
2026/09/22 23:14:20.226, 0, 94713, 97871
2026/09/22 23:14:20.226, 1, 94725, 97871
2026/09/22 23:14:20.226, 2, 94720, 97871
2026/09/22 23:14:20.226, 3, 94714, 97871
2026/09/22 23:14:20.427, 0, 94713, 97871
2026/09/22 23:14:20.427, 1, 94725, 97871
2026/09/22 23:14:20.427, 2, 94720, 97871
2026/09/22 23:14:20.427, 3, 94714, 97871
2026/09/22 23:14:20.627, 0, 94713, 97871
2026/09/22 23:14:20.627, 1, 94725, 97871
2026/09/22 23:14:20.627, 2, 94720, 97871
2026/09/22 23:14:20.627, 3, 94714, 97871
2026/09/22 23:14:20.827, 0, 94713, 97871
2026/09/22 23:14:20.828, 1, 94725, 97871
2026/09/22 23:14:20.828, 2, 94720, 97871
2026/09/22 23:14:20.828, 3, 94714, 97871
2026/09/22 23:14:21.028, 0, 94713, 97871
2026/09/22 23:14:21.028, 1, 94725, 97871
2026/09/22 23:14:21.028, 2, 94720, 97871
2026/09/22 23:14:21.028, 3, 94714, 97871
2026/09/22 23:14:21.228, 0, 94713, 97871
2026/09/22 23:14:21.228, 1, 94725, 97871
2026/09/22 23:14:21.228, 2, 94720, 97871
2026/09/22 23:14:21.229, 3, 94714, 97871
2026/09/22 23:14:21.429, 0, 94713, 97871
2026/09/22 23:14:21.429, 1, 94725, 97871
2026/09/22 23:14:21.429, 2, 94720, 97871
2026/09/22 23:14:21.429, 3, 94714, 97871
2026/09/22 23:14:21.629, 0, 94713, 97871
2026/09/22 23:14:21.629, 1, 94725, 97871
2026/09/22 23:14:21.629, 2, 94720, 97871
2026/09/22 23:14:21.629, 3, 94714, 97871
2026/09/22 23:14:21.829, 0, 94713, 97871
2026/09/22 23:14:21.829, 1, 94725, 97871
2026/09/22 23:14:21.830, 2, 94720, 97871
2026/09/22 23:14:21.830, 3, 94714, 97871
2026/09/22 23:14:22.030, 0, 94713, 97871
2026/09/22 23:14:22.030, 1, 94725, 97871
2026/09/22 23:14:22.030, 2, 94720, 97871
2026/09/22 23:14:22.030, 3, 94714, 97871
2026/09/22 23:14:22.230, 0, 94713, 97871
2026/09/22 23:14:22.230, 1, 94725, 97871
2026/09/22 23:14:22.230, 2, 94720, 97871
2026/09/22 23:14:22.230, 3, 94714, 97871
2026/09/22 23:14:22.430, 0, 94713, 97871
2026/09/22 23:14:22.431, 1, 94725, 97871
2026/09/22 23:14:22.431, 2, 94720, 97871
2026/09/22 23:14:22.431, 3, 94714, 97871
2026/09/22 23:14:22.631, 0, 94713, 97871
2026/09/22 23:14:22.631, 1, 94725, 97871
2026/09/22 23:14:22.631, 2, 94720, 97871
2026/09/22 23:14:22.631, 3, 94714, 97871
2026/09/22 23:14:22.831, 0, 94713, 97871
2026/09/22 23:14:22.831, 1, 94725, 97871
2026/09/22 23:14:22.831, 2, 94720, 97871
2026/09/22 23:14:22.831, 3, 94714, 97871
2026/09/22 23:14:23.031, 0, 94713, 97871
2026/09/22 23:14:23.032, 1, 94725, 97871
2026/09/22 23:14:23.032, 2, 94720, 97871
2026/09/22 23:14:23.032, 3, 94714, 97871
2026/09/22 23:14:23.232, 0, 94713, 97871
2026/09/22 23:14:23.232, 1, 94725, 97871
2026/09/22 23:14:23.232, 2, 94720, 97871
2026/09/22 23:14:23.232, 3, 94714, 97871
2026/09/22 23:14:23.432, 0, 94713, 97871
2026/09/22 23:14:23.432, 1, 94725, 97871
2026/09/22 23:14:23.433, 2, 94720, 97871
2026/09/22 23:14:23.433, 3, 94714, 97871
2026/09/22 23:14:23.633, 0, 94713, 97871
2026/09/22 23:14:23.633, 1, 94725, 97871
2026/09/22 23:14:23.633, 2, 94720, 97871
2026/09/22 23:14:23.633, 3, 94714, 97871
2026/09/22 23:14:23.833, 0, 94713, 97871
2026/09/22 23:14:23.833, 1, 94725, 97871
2026/09/22 23:14:23.833, 2, 94720, 97871
2026/09/22 23:14:23.833, 3, 94714, 97871
2026/09/22 23:14:24.033, 0, 94713, 97871
2026/09/22 23:14:24.033, 1, 94725, 97871
2026/09/22 23:14:24.033, 2, 94720, 97871
2026/09/22 23:14:24.033, 3, 94714, 97871
2026/09/22 23:14:24.234, 0, 94713, 97871
2026/09/22 23:14:24.234, 1, 94725, 97871
2026/09/22 23:14:24.234, 2, 94720, 97871
2026/09/22 23:14:24.234, 3, 94714, 97871
2026/09/22 23:14:24.434, 0, 94713, 97871
2026/09/22 23:14:24.434, 1, 94725, 97871
2026/09/22 23:14:24.434, 2, 94720, 97871
2026/09/22 23:14:24.434, 3, 94714, 97871
2026/09/22 23:14:24.634, 0, 94713, 97871
2026/09/22 23:14:24.634, 1, 94725, 97871
2026/09/22 23:14:24.634, 2, 94720, 97871
2026/09/22 23:14:24.634, 3, 94714, 97871
2026/09/22 23:14:24.834, 0, 94713, 97871
2026/09/22 23:14:24.834, 1, 94725, 97871
2026/09/22 23:14:24.835, 2, 94720, 97871
2026/09/22 23:14:24.835, 3, 94714, 97871
2026/09/22 23:14:25.035, 0, 94713, 97871
2026/09/22 23:14:25.035, 1, 94725, 97871
2026/09/22 23:14:25.035, 2, 94720, 97871
2026/09/22 23:14:25.035, 3, 94714, 97871
2026/09/22 23:14:25.235, 0, 94713, 97871
2026/09/22 23:14:25.235, 1, 94725, 97871
2026/09/22 23:14:25.236, 2, 94720, 97871
2026/09/22 23:14:25.236, 3, 94714, 97871
2026/09/22 23:14:25.436, 0, 94713, 97871
2026/09/22 23:14:25.436, 1, 94725, 97871
2026/09/22 23:14:25.436, 2, 94720, 97871
2026/09/22 23:14:25.436, 3, 94714, 97871
2026/09/22 23:14:25.636, 0, 94713, 97871
2026/09/22 23:14:25.636, 1, 94725, 97871
2026/09/22 23:14:25.636, 2, 94720, 97871
2026/09/22 23:14:25.636, 3, 94714, 97871
2026/09/22 23:14:25.836, 0, 94713, 97871
2026/09/22 23:14:25.836, 1, 94725, 97871
2026/09/22 23:14:25.837, 2, 94720, 97871
2026/09/22 23:14:25.837, 3, 94714, 97871
2026/09/22 23:14:26.037, 0, 94713, 97871
2026/09/22 23:14:26.037, 1, 94725, 97871
2026/09/22 23:14:26.037, 2, 94720, 97871
2026/09/22 23:14:26.037, 3, 94714, 97871
2026/09/22 23:14:26.237, 0, 94713, 97871
2026/09/22 23:14:26.237, 1, 94725, 97871
2026/09/22 23:14:26.237, 2, 94720, 97871
2026/09/22 23:14:26.237, 3, 94714, 97871
2026/09/22 23:14:26.438, 0, 94713, 97871
2026/09/22 23:14:26.438, 1, 94725, 97871
2026/09/22 23:14:26.438, 2, 94720, 97871
2026/09/22 23:14:26.438, 3, 94714, 97871
2026/09/22 23:14:26.638, 0, 94713, 97871
2026/09/22 23:14:26.638, 1, 94725, 97871
2026/09/22 23:14:26.638, 2, 94720, 97871
2026/09/22 23:14:26.638, 3, 94714, 97871
2026/09/22 23:14:26.838, 0, 94713, 97871
2026/09/22 23:14:26.838, 1, 94725, 97871
2026/09/22 23:14:26.838, 2, 94720, 97871
2026/09/22 23:14:26.838, 3, 94714, 97871
2026/09/22 23:14:27.039, 0, 94713, 97871
2026/09/22 23:14:27.039, 1, 94725, 97871
2026/09/22 23:14:27.039, 2, 94720, 97871
2026/09/22 23:14:27.039, 3, 94714, 97871
2026/09/22 23:14:27.239, 0, 94713, 97871
2026/09/22 23:14:27.239, 1, 94725, 97871
2026/09/22 23:14:27.239, 2, 94720, 97871
2026/09/22 23:14:27.239, 3, 94714, 97871
2026/09/22 23:14:27.439, 0, 94713, 97871
2026/09/22 23:14:27.439, 1, 94725, 97871
2026/09/22 23:14:27.440, 2, 94720, 97871
2026/09/22 23:14:27.440, 3, 94714, 97871
2026/09/22 23:14:27.640, 0, 94713, 97871
2026/09/22 23:14:27.640, 1, 94725, 97871
2026/09/22 23:14:27.640, 2, 94720, 97871
2026/09/22 23:14:27.640, 3, 94714, 97871
2026/09/22 23:14:27.840, 0, 94713, 97871
2026/09/22 23:14:27.840, 1, 94725, 97871
2026/09/22 23:14:27.840, 2, 94720, 97871
2026/09/22 23:14:27.841, 3, 94714, 97871
2026/09/22 23:14:28.041, 0, 94713, 97871
2026/09/22 23:14:28.041, 1, 94725, 97871
2026/09/22 23:14:28.041, 2, 94720, 97871
2026/09/22 23:14:28.041, 3, 94714, 97871
2026/09/22 23:14:28.241, 0, 94713, 97871
2026/09/22 23:14:28.241, 1, 94725, 97871
2026/09/22 23:14:28.241, 2, 94720, 97871
2026/09/22 23:14:28.241, 3, 94714, 97871
2026/09/22 23:14:28.441, 0, 94713, 97871
2026/09/22 23:14:28.441, 1, 94725, 97871
2026/09/22 23:14:28.441, 2, 94720, 97871
2026/09/22 23:14:28.441, 3, 94714, 97871
2026/09/22 23:14:28.642, 0, 94713, 97871
2026/09/22 23:14:28.642, 1, 94725, 97871
2026/09/22 23:14:28.642, 2, 94720, 97871
2026/09/22 23:14:28.642, 3, 94714, 97871
2026/09/22 23:14:28.842, 0, 94713, 97871
2026/09/22 23:14:28.842, 1, 94725, 97871
2026/09/22 23:14:28.842, 2, 94720, 97871
2026/09/22 23:14:28.842, 3, 94714, 97871
2026/09/22 23:14:29.042, 0, 94713, 97871
2026/09/22 23:14:29.042, 1, 94725, 97871
2026/09/22 23:14:29.042, 2, 94720, 97871
2026/09/22 23:14:29.043, 3, 94714, 97871
2026/09/22 23:14:29.243, 0, 94713, 97871
2026/09/22 23:14:29.243, 1, 94725, 97871
2026/09/22 23:14:29.243, 2, 94720, 97871
2026/09/22 23:14:29.243, 3, 94714, 97871
2026/09/22 23:14:29.443, 0, 94713, 97871
2026/09/22 23:14:29.443, 1, 94725, 97871
2026/09/22 23:14:29.443, 2, 94720, 97871
2026/09/22 23:14:29.443, 3, 94714, 97871
2026/09/22 23:14:29.644, 0, 94713, 97871
2026/09/22 23:14:29.644, 1, 94725, 97871
2026/09/22 23:14:29.644, 2, 94720, 97871
2026/09/22 23:14:29.644, 3, 94714, 97871
2026/09/22 23:14:29.844, 0, 94713, 97871
2026/09/22 23:14:29.844, 1, 94725, 97871
2026/09/22 23:14:29.844, 2, 94720, 97871
2026/09/22 23:14:29.844, 3, 94714, 97871
2026/09/22 23:14:30.044, 0, 94713, 97871
2026/09/22 23:14:30.044, 1, 94725, 97871
2026/09/22 23:14:30.045, 2, 94720, 97871
2026/09/22 23:14:30.045, 3, 94714, 97871
2026/09/22 23:14:30.245, 0, 94713, 97871
2026/09/22 23:14:30.245, 1, 94725, 97871
2026/09/22 23:14:30.245, 2, 94720, 97871
2026/09/22 23:14:30.245, 3, 94714, 97871
2026/09/22 23:14:30.445, 0, 94713, 97871
2026/09/22 23:14:30.445, 1, 94725, 97871
2026/09/22 23:14:30.445, 2, 94720, 97871
2026/09/22 23:14:30.445, 3, 94714, 97871
2026/09/22 23:14:30.646, 0, 94713, 97871
2026/09/22 23:14:30.646, 1, 94725, 97871
2026/09/22 23:14:30.646, 2, 94720, 97871
2026/09/22 23:14:30.646, 3, 94714, 97871
2026/09/22 23:14:30.846, 0, 94713, 97871
2026/09/22 23:14:30.846, 1, 94725, 97871
2026/09/22 23:14:30.846, 2, 94720, 97871
2026/09/22 23:14:30.846, 3, 94714, 97871
2026/09/22 23:14:31.046, 0, 94713, 97871
2026/09/22 23:14:31.046, 1, 94725, 97871
2026/09/22 23:14:31.046, 2, 94720, 97871
2026/09/22 23:14:31.046, 3, 94714, 97871
2026/09/22 23:14:31.246, 0, 94713, 97871
2026/09/22 23:14:31.246, 1, 94725, 97871
2026/09/22 23:14:31.247, 2, 94720, 97871
2026/09/22 23:14:31.247, 3, 94714, 97871
2026/09/22 23:14:31.447, 0, 94713, 97871
2026/09/22 23:14:31.447, 1, 94725, 97871
2026/09/22 23:14:31.447, 2, 94720, 97871
2026/09/22 23:14:31.447, 3, 94714, 97871
2026/09/22 23:14:31.647, 0, 94713, 97871
2026/09/22 23:14:31.647, 1, 94725, 97871
2026/09/22 23:14:31.647, 2, 94720, 97871
2026/09/22 23:14:31.647, 3, 94714, 97871
2026/09/22 23:14:31.848, 0, 94713, 97871
2026/09/22 23:14:31.848, 1, 94725, 97871
2026/09/22 23:14:31.848, 2, 94720, 97871
2026/09/22 23:14:31.848, 3, 94714, 97871
2026/09/22 23:14:32.048, 0, 94713, 97871
2026/09/22 23:14:32.048, 1, 94725, 97871
2026/09/22 23:14:32.048, 2, 94720, 97871
2026/09/22 23:14:32.048, 3, 94714, 97871
2026/09/22 23:14:32.248, 0, 94713, 97871
2026/09/22 23:14:32.248, 1, 94725, 97871
2026/09/22 23:14:32.248, 2, 94720, 97871
2026/09/22 23:14:32.248, 3, 94714, 97871
2026/09/22 23:14:32.449, 0, 94713, 97871
2026/09/22 23:14:32.449, 1, 94725, 97871
2026/09/22 23:14:32.449, 2, 94720, 97871
2026/09/22 23:14:32.449, 3, 94714, 97871
2026/09/22 23:14:32.649, 0, 94713, 97871
2026/09/22 23:14:32.649, 1, 94725, 97871
2026/09/22 23:14:32.649, 2, 94720, 97871
2026/09/22 23:14:32.649, 3, 94714, 97871
2026/09/22 23:14:32.849, 0, 94713, 97871
2026/09/22 23:14:32.849, 1, 94725, 97871
2026/09/22 23:14:32.849, 2, 94720, 97871
2026/09/22 23:14:32.849, 3, 94714, 97871
2026/09/22 23:14:33.050, 0, 94713, 97871
2026/09/22 23:14:33.050, 1, 94725, 97871
2026/09/22 23:14:33.050, 2, 94720, 97871
2026/09/22 23:14:33.050, 3, 94714, 97871
2026/09/22 23:14:33.250, 0, 94713, 97871
2026/09/22 23:14:33.250, 1, 94725, 97871
2026/09/22 23:14:33.250, 2, 94720, 97871
2026/09/22 23:14:33.250, 3, 94714, 97871
2026/09/22 23:14:33.450, 0, 94713, 97871
2026/09/22 23:14:33.450, 1, 94725, 97871
2026/09/22 23:14:33.450, 2, 94720, 97871
2026/09/22 23:14:33.450, 3, 94714, 97871
2026/09/22 23:14:33.650, 0, 94713, 97871
2026/09/22 23:14:33.651, 1, 94725, 97871
2026/09/22 23:14:33.651, 2, 94720, 97871
2026/09/22 23:14:33.651, 3, 94714, 97871
2026/09/22 23:14:33.851, 0, 94713, 97871
2026/09/22 23:14:33.851, 1, 94725, 97871
2026/09/22 23:14:33.851, 2, 94720, 97871
2026/09/22 23:14:33.852, 3, 94714, 97871
2026/09/22 23:14:34.052, 0, 94713, 97871
2026/09/22 23:14:34.052, 1, 94725, 97871
2026/09/22 23:14:34.052, 2, 94720, 97871
2026/09/22 23:14:34.052, 3, 94714, 97871
2026/09/22 23:14:34.252, 0, 94713, 97871
2026/09/22 23:14:34.252, 1, 94725, 97871
2026/09/22 23:14:34.252, 2, 94720, 97871
2026/09/22 23:14:34.253, 3, 94714, 97871
2026/09/22 23:14:34.453, 0, 94713, 97871
2026/09/22 23:14:34.453, 1, 94725, 97871
2026/09/22 23:14:34.453, 2, 94720, 97871
2026/09/22 23:14:34.453, 3, 94714, 97871
2026/09/22 23:14:34.653, 0, 94713, 97871
2026/09/22 23:14:34.653, 1, 94725, 97871
2026/09/22 23:14:34.653, 2, 94720, 97871
2026/09/22 23:14:34.653, 3, 94714, 97871
2026/09/22 23:14:34.853, 0, 94713, 97871
2026/09/22 23:14:34.854, 1, 94725, 97871
2026/09/22 23:14:34.854, 2, 94720, 97871
2026/09/22 23:14:34.854, 3, 94714, 97871
2026/09/22 23:14:35.054, 0, 94713, 97871
2026/09/22 23:14:35.054, 1, 94725, 97871
2026/09/22 23:14:35.054, 2, 94720, 97871
2026/09/22 23:14:35.054, 3, 94714, 97871
2026/09/22 23:14:35.254, 0, 94713, 97871
2026/09/22 23:14:35.254, 1, 94725, 97871
2026/09/22 23:14:35.254, 2, 94720, 97871
2026/09/22 23:14:35.254, 3, 94714, 97871
2026/09/22 23:14:35.454, 0, 94713, 97871
2026/09/22 23:14:35.454, 1, 94725, 97871
2026/09/22 23:14:35.455, 2, 94720, 97871
2026/09/22 23:14:35.455, 3, 94714, 97871
2026/09/22 23:14:35.655, 0, 94713, 97871
2026/09/22 23:14:35.655, 1, 94725, 97871
2026/09/22 23:14:35.655, 2, 94720, 97871
2026/09/22 23:14:35.655, 3, 94714, 97871
2026/09/22 23:14:35.855, 0, 94713, 97871
2026/09/22 23:14:35.855, 1, 94725, 97871
2026/09/22 23:14:35.855, 2, 94720, 97871
2026/09/22 23:14:35.855, 3, 94714, 97871
2026/09/22 23:14:36.055, 0, 94713, 97871
2026/09/22 23:14:36.055, 1, 94725, 97871
2026/09/22 23:14:36.056, 2, 94720, 97871
2026/09/22 23:14:36.056, 3, 94714, 97871
2026/09/22 23:14:36.256, 0, 94713, 97871
2026/09/22 23:14:36.256, 1, 94725, 97871
2026/09/22 23:14:36.256, 2, 94720, 97871
2026/09/22 23:14:36.256, 3, 94714, 97871
2026/09/22 23:14:36.456, 0, 94713, 97871
2026/09/22 23:14:36.456, 1, 94725, 97871
2026/09/22 23:14:36.456, 2, 94720, 97871
2026/09/22 23:14:36.456, 3, 94714, 97871
2026/09/22 23:14:36.657, 0, 94713, 97871
2026/09/22 23:14:36.657, 1, 94725, 97871
2026/09/22 23:14:36.657, 2, 94720, 97871
2026/09/22 23:14:36.657, 3, 94714, 97871
2026/09/22 23:14:36.857, 0, 94713, 97871
2026/09/22 23:14:36.857, 1, 94725, 97871
2026/09/22 23:14:36.857, 2, 94720, 97871
2026/09/22 23:14:36.857, 3, 94714, 97871
2026/09/22 23:14:37.058, 0, 94713, 97871
2026/09/22 23:14:37.058, 1, 94725, 97871
2026/09/22 23:14:37.058, 2, 94720, 97871
2026/09/22 23:14:37.058, 3, 94714, 97871
2026/09/22 23:14:37.258, 0, 94713, 97871
2026/09/22 23:14:37.258, 1, 94725, 97871
2026/09/22 23:14:37.258, 2, 94720, 97871
2026/09/22 23:14:37.258, 3, 94714, 97871
2026/09/22 23:14:37.458, 0, 94713, 97871
2026/09/22 23:14:37.458, 1, 94725, 97871
2026/09/22 23:14:37.458, 2, 94720, 97871
2026/09/22 23:14:37.458, 3, 94714, 97871
2026/09/22 23:14:37.658, 0, 94713, 97871
2026/09/22 23:14:37.659, 1, 94725, 97871
2026/09/22 23:14:37.659, 2, 94720, 97871
2026/09/22 23:14:37.659, 3, 94714, 97871
2026/09/22 23:14:37.859, 0, 94713, 97871
2026/09/22 23:14:37.859, 1, 94725, 97871
2026/09/22 23:14:37.859, 2, 94720, 97871
2026/09/22 23:14:37.859, 3, 94714, 97871
2026/09/22 23:14:38.059, 0, 94713, 97871
2026/09/22 23:14:38.059, 1, 94725, 97871
2026/09/22 23:14:38.059, 2, 94720, 97871
2026/09/22 23:14:38.059, 3, 94714, 97871
2026/09/22 23:14:38.259, 0, 94713, 97871
2026/09/22 23:14:38.260, 1, 94725, 97871
2026/09/22 23:14:38.260, 2, 94720, 97871
2026/09/22 23:14:38.260, 3, 94714, 97871
2026/09/22 23:14:38.460, 0, 94713, 97871
2026/09/22 23:14:38.460, 1, 94725, 97871
2026/09/22 23:14:38.460, 2, 94720, 97871
2026/09/22 23:14:38.460, 3, 94714, 97871
2026/09/22 23:14:38.660, 0, 94713, 97871
2026/09/22 23:14:38.660, 1, 94725, 97871
2026/09/22 23:14:38.660, 2, 94720, 97871
2026/09/22 23:14:38.660, 3, 94714, 97871
2026/09/22 23:14:38.860, 0, 94713, 97871
2026/09/22 23:14:38.861, 1, 94725, 97871
2026/09/22 23:14:38.861, 2, 94720, 97871
2026/09/22 23:14:38.861, 3, 94714, 97871
2026/09/22 23:14:39.061, 0, 94713, 97871
2026/09/22 23:14:39.061, 1, 94725, 97871
2026/09/22 23:14:39.061, 2, 94720, 97871
2026/09/22 23:14:39.061, 3, 94714, 97871
2026/09/22 23:14:39.261, 0, 94713, 97871
2026/09/22 23:14:39.261, 1, 94725, 97871
2026/09/22 23:14:39.261, 2, 94720, 97871
2026/09/22 23:14:39.261, 3, 94714, 97871
2026/09/22 23:14:39.462, 0, 94713, 97871
2026/09/22 23:14:39.462, 1, 94725, 97871
2026/09/22 23:14:39.462, 2, 94720, 97871
2026/09/22 23:14:39.462, 3, 94714, 97871
2026/09/22 23:14:39.662, 0, 94713, 97871
2026/09/22 23:14:39.662, 1, 94725, 97871
2026/09/22 23:14:39.662, 2, 94720, 97871
2026/09/22 23:14:39.662, 3, 94714, 97871
2026/09/22 23:14:39.862, 0, 94713, 97871
2026/09/22 23:14:39.862, 1, 94725, 97871
2026/09/22 23:14:39.862, 2, 94720, 97871
2026/09/22 23:14:39.862, 3, 94714, 97871
2026/09/22 23:14:40.062, 0, 94713, 97871
2026/09/22 23:14:40.063, 1, 94725, 97871
2026/09/22 23:14:40.063, 2, 94720, 97871
2026/09/22 23:14:40.063, 3, 94714, 97871
2026/09/22 23:14:40.263, 0, 94713, 97871
2026/09/22 23:14:40.263, 1, 94725, 97871
2026/09/22 23:14:40.263, 2, 94720, 97871
2026/09/22 23:14:40.263, 3, 94714, 97871
2026/09/22 23:14:40.463, 0, 94713, 97871
2026/09/22 23:14:40.463, 1, 94725, 97871
2026/09/22 23:14:40.463, 2, 94720, 97871
2026/09/22 23:14:40.463, 3, 94714, 97871
2026/09/22 23:14:40.663, 0, 94713, 97871
2026/09/22 23:14:40.663, 1, 94725, 97871
2026/09/22 23:14:40.664, 2, 94720, 97871
2026/09/22 23:14:40.664, 3, 94714, 97871
2026/09/22 23:14:40.864, 0, 94713, 97871
2026/09/22 23:14:40.864, 1, 94725, 97871
2026/09/22 23:14:40.864, 2, 94720, 97871
2026/09/22 23:14:40.864, 3, 94714, 97871
2026/09/22 23:14:41.064, 0, 94713, 97871
2026/09/22 23:14:41.064, 1, 94725, 97871
2026/09/22 23:14:41.064, 2, 94720, 97871
2026/09/22 23:14:41.064, 3, 94714, 97871
2026/09/22 23:14:41.265, 0, 94713, 97871
2026/09/22 23:14:41.265, 1, 94725, 97871
2026/09/22 23:14:41.265, 2, 94720, 97871
2026/09/22 23:14:41.265, 3, 94714, 97871
2026/09/22 23:14:41.465, 0, 94713, 97871
2026/09/22 23:14:41.465, 1, 94725, 97871
2026/09/22 23:14:41.465, 2, 94720, 97871
2026/09/22 23:14:41.465, 3, 94714, 97871
2026/09/22 23:14:41.665, 0, 94713, 97871
2026/09/22 23:14:41.665, 1, 94725, 97871
2026/09/22 23:14:41.665, 2, 94720, 97871
2026/09/22 23:14:41.665, 3, 94714, 97871
2026/09/22 23:14:41.865, 0, 94713, 97871
2026/09/22 23:14:41.865, 1, 94725, 97871
2026/09/22 23:14:41.865, 2, 94720, 97871
2026/09/22 23:14:41.866, 3, 94714, 97871
2026/09/22 23:14:42.066, 0, 94713, 97871
2026/09/22 23:14:42.066, 1, 94725, 97871
2026/09/22 23:14:42.066, 2, 94720, 97871
2026/09/22 23:14:42.066, 3, 94714, 97871
2026/09/22 23:14:42.266, 0, 94713, 97871
2026/09/22 23:14:42.266, 1, 94725, 97871
2026/09/22 23:14:42.266, 2, 94720, 97871
2026/09/22 23:14:42.266, 3, 94714, 97871
2026/09/22 23:14:42.466, 0, 94713, 97871
2026/09/22 23:14:42.466, 1, 94725, 97871
2026/09/22 23:14:42.466, 2, 94720, 97871
2026/09/22 23:14:42.466, 3, 94714, 97871
2026/09/22 23:14:42.666, 0, 94713, 97871
2026/09/22 23:14:42.666, 1, 94725, 97871
2026/09/22 23:14:42.667, 2, 94720, 97871
2026/09/22 23:14:42.667, 3, 94714, 97871
2026/09/22 23:14:42.867, 0, 94713, 97871
2026/09/22 23:14:42.867, 1, 94725, 97871
2026/09/22 23:14:42.867, 2, 94720, 97871
2026/09/22 23:14:42.867, 3, 94714, 97871
2026/09/22 23:14:43.067, 0, 94713, 97871
2026/09/22 23:14:43.067, 1, 94725, 97871
2026/09/22 23:14:43.067, 2, 94720, 97871
2026/09/22 23:14:43.067, 3, 94714, 97871
2026/09/22 23:14:43.267, 0, 94713, 97871
2026/09/22 23:14:43.267, 1, 94725, 97871
2026/09/22 23:14:43.267, 2, 94720, 97871
2026/09/22 23:14:43.268, 3, 94714, 97871
2026/09/22 23:14:43.468, 0, 94713, 97871
2026/09/22 23:14:43.468, 1, 94725, 97871
2026/09/22 23:14:43.468, 2, 94720, 97871
2026/09/22 23:14:43.468, 3, 94714, 97871
2026/09/22 23:14:43.668, 0, 94713, 97871
2026/09/22 23:14:43.668, 1, 94725, 97871
2026/09/22 23:14:43.668, 2, 94720, 97871
2026/09/22 23:14:43.668, 3, 94714, 97871
2026/09/22 23:14:43.868, 0, 94713, 97871
2026/09/22 23:14:43.868, 1, 94725, 97871
2026/09/22 23:14:43.868, 2, 94720, 97871
2026/09/22 23:14:43.868, 3, 94714, 97871
2026/09/22 23:14:44.069, 0, 94713, 97871
2026/09/22 23:14:44.069, 1, 94725, 97871
2026/09/22 23:14:44.069, 2, 94720, 97871
2026/09/22 23:14:44.069, 3, 94714, 97871
2026/09/22 23:14:44.269, 0, 94713, 97871
2026/09/22 23:14:44.269, 1, 94725, 97871
2026/09/22 23:14:44.269, 2, 94720, 97871
2026/09/22 23:14:44.269, 3, 94714, 97871
2026/09/22 23:14:44.469, 0, 94713, 97871
2026/09/22 23:14:44.469, 1, 94725, 97871
2026/09/22 23:14:44.469, 2, 94720, 97871
2026/09/22 23:14:44.469, 3, 94714, 97871
2026/09/22 23:14:44.669, 0, 94713, 97871
2026/09/22 23:14:44.669, 1, 94725, 97871
2026/09/22 23:14:44.670, 2, 94720, 97871
2026/09/22 23:14:44.670, 3, 94714, 97871
2026/09/22 23:14:44.870, 0, 94713, 97871
2026/09/22 23:14:44.870, 1, 94725, 97871
2026/09/22 23:14:44.870, 2, 94720, 97871
2026/09/22 23:14:44.870, 3, 94714, 97871
2026/09/22 23:14:45.070, 0, 94713, 97871
2026/09/22 23:14:45.071, 1, 94725, 97871
2026/09/22 23:14:45.071, 2, 94720, 97871
2026/09/22 23:14:45.071, 3, 94714, 97871
2026/09/22 23:14:45.271, 0, 94713, 97871
2026/09/22 23:14:45.271, 1, 94725, 97871
2026/09/22 23:14:45.271, 2, 94720, 97871
2026/09/22 23:14:45.271, 3, 94714, 97871
2026/09/22 23:14:45.471, 0, 94713, 97871
2026/09/22 23:14:45.471, 1, 94725, 97871
2026/09/22 23:14:45.471, 2, 94720, 97871
2026/09/22 23:14:45.471, 3, 94714, 97871
2026/09/22 23:14:45.672, 0, 94713, 97871
2026/09/22 23:14:45.672, 1, 94725, 97871
2026/09/22 23:14:45.672, 2, 94720, 97871
2026/09/22 23:14:45.672, 3, 94714, 97871
2026/09/22 23:14:45.872, 0, 94713, 97871
2026/09/22 23:14:45.872, 1, 94725, 97871
2026/09/22 23:14:45.872, 2, 94720, 97871
2026/09/22 23:14:45.872, 3, 94714, 97871
2026/09/22 23:14:46.072, 0, 94713, 97871
2026/09/22 23:14:46.072, 1, 94725, 97871
2026/09/22 23:14:46.072, 2, 94720, 97871
2026/09/22 23:14:46.072, 3, 94714, 97871
2026/09/22 23:14:46.273, 0, 94713, 97871
2026/09/22 23:14:46.273, 1, 94725, 97871
2026/09/22 23:14:46.273, 2, 94720, 97871
2026/09/22 23:14:46.273, 3, 94714, 97871
2026/09/22 23:14:46.473, 0, 94713, 97871
2026/09/22 23:14:46.473, 1, 94725, 97871
2026/09/22 23:14:46.473, 2, 94720, 97871
2026/09/22 23:14:46.473, 3, 94714, 97871
2026/09/22 23:14:46.673, 0, 94713, 97871
2026/09/22 23:14:46.673, 1, 94725, 97871
2026/09/22 23:14:46.674, 2, 94720, 97871
2026/09/22 23:14:46.674, 3, 94714, 97871
2026/09/22 23:14:46.874, 0, 94713, 97871
2026/09/22 23:14:46.874, 1, 94725, 97871
2026/09/22 23:14:46.874, 2, 94720, 97871
2026/09/22 23:14:46.874, 3, 94714, 97871
2026/09/22 23:14:47.074, 0, 94713, 97871
2026/09/22 23:14:47.074, 1, 94725, 97871
2026/09/22 23:14:47.074, 2, 94720, 97871
2026/09/22 23:14:47.074, 3, 94714, 97871
2026/09/22 23:14:47.274, 0, 94713, 97871
2026/09/22 23:14:47.275, 1, 94725, 97871
2026/09/22 23:14:47.275, 2, 94720, 97871
2026/09/22 23:14:47.275, 3, 94714, 97871
2026/09/22 23:14:47.475, 0, 94713, 97871
2026/09/22 23:14:47.475, 1, 94725, 97871
2026/09/22 23:14:47.475, 2, 94720, 97871
2026/09/22 23:14:47.475, 3, 94714, 97871
2026/09/22 23:14:47.675, 0, 94713, 97871
2026/09/22 23:14:47.675, 1, 94725, 97871
2026/09/22 23:14:47.675, 2, 94720, 97871
2026/09/22 23:14:47.675, 3, 94714, 97871
2026/09/22 23:14:47.875, 0, 94713, 97871
2026/09/22 23:14:47.876, 1, 94725, 97871
2026/09/22 23:14:47.876, 2, 94720, 97871
2026/09/22 23:14:47.876, 3, 94714, 97871
2026/09/22 23:14:48.076, 0, 94713, 97871
2026/09/22 23:14:48.076, 1, 94725, 97871
2026/09/22 23:14:48.076, 2, 94720, 97871
2026/09/22 23:14:48.076, 3, 94714, 97871
2026/09/22 23:14:48.276, 0, 94713, 97871
2026/09/22 23:14:48.277, 1, 94725, 97871
2026/09/22 23:14:48.277, 2, 94720, 97871
2026/09/22 23:14:48.277, 3, 94714, 97871
2026/09/22 23:14:48.477, 0, 94713, 97871
2026/09/22 23:14:48.477, 1, 94725, 97871
2026/09/22 23:14:48.477, 2, 94720, 97871
2026/09/22 23:14:48.477, 3, 94714, 97871
2026/09/22 23:14:48.677, 0, 94713, 97871
2026/09/22 23:14:48.677, 1, 94725, 97871
2026/09/22 23:14:48.677, 2, 94720, 97871
2026/09/22 23:14:48.677, 3, 94714, 97871
2026/09/22 23:14:48.877, 0, 94713, 97871
2026/09/22 23:14:48.877, 1, 94725, 97871
2026/09/22 23:14:48.878, 2, 94720, 97871
2026/09/22 23:14:48.878, 3, 94714, 97871
2026/09/22 23:14:49.078, 0, 94713, 97871
2026/09/22 23:14:49.078, 1, 94725, 97871
2026/09/22 23:14:49.078, 2, 94720, 97871
2026/09/22 23:14:49.078, 3, 94714, 97871
2026/09/22 23:14:49.278, 0, 94713, 97871
2026/09/22 23:14:49.278, 1, 94725, 97871
2026/09/22 23:14:49.278, 2, 94720, 97871
2026/09/22 23:14:49.278, 3, 94714, 97871
2026/09/22 23:14:49.478, 0, 94713, 97871
2026/09/22 23:14:49.478, 1, 94725, 97871
2026/09/22 23:14:49.479, 2, 94720, 97871
2026/09/22 23:14:49.479, 3, 94714, 97871
2026/09/22 23:14:49.679, 0, 94713, 97871
2026/09/22 23:14:49.679, 1, 94725, 97871
2026/09/22 23:14:49.679, 2, 94720, 97871
2026/09/22 23:14:49.679, 3, 94714, 97871
2026/09/22 23:14:49.879, 0, 94713, 97871
2026/09/22 23:14:49.879, 1, 94725, 97871
2026/09/22 23:14:49.879, 2, 94720, 97871
2026/09/22 23:14:49.880, 3, 94714, 97871
2026/09/22 23:14:50.080, 0, 94713, 97871
2026/09/22 23:14:50.080, 1, 94725, 97871
2026/09/22 23:14:50.080, 2, 94720, 97871
2026/09/22 23:14:50.080, 3, 94714, 97871
2026/09/22 23:14:50.280, 0, 94713, 97871
2026/09/22 23:14:50.280, 1, 94725, 97871
2026/09/22 23:14:50.280, 2, 94720, 97871
2026/09/22 23:14:50.280, 3, 94714, 97871
2026/09/22 23:14:50.481, 0, 94713, 97871
2026/09/22 23:14:50.481, 1, 94725, 97871
2026/09/22 23:14:50.481, 2, 94720, 97871
2026/09/22 23:14:50.481, 3, 94714, 97871
2026/09/22 23:14:50.681, 0, 94713, 97871
2026/09/22 23:14:50.681, 1, 94725, 97871
2026/09/22 23:14:50.681, 2, 94720, 97871
2026/09/22 23:14:50.681, 3, 94714, 97871
2026/09/22 23:14:50.881, 0, 94713, 97871
2026/09/22 23:14:50.882, 1, 94725, 97871
2026/09/22 23:14:50.882, 2, 94720, 97871
2026/09/22 23:14:50.882, 3, 94714, 97871
2026/09/22 23:14:51.082, 0, 94713, 97871
2026/09/22 23:14:51.082, 1, 94725, 97871
2026/09/22 23:14:51.082, 2, 94720, 97871
2026/09/22 23:14:51.082, 3, 94714, 97871
2026/09/22 23:14:51.282, 0, 94713, 97871
2026/09/22 23:14:51.282, 1, 94725, 97871
2026/09/22 23:14:51.282, 2, 94720, 97871
2026/09/22 23:14:51.282, 3, 94714, 97871
2026/09/22 23:14:51.483, 0, 94713, 97871
2026/09/22 23:14:51.483, 1, 94725, 97871
2026/09/22 23:14:51.483, 2, 94720, 97871
2026/09/22 23:14:51.483, 3, 94714, 97871
2026/09/22 23:14:51.683, 0, 94713, 97871
2026/09/22 23:14:51.683, 1, 94725, 97871
2026/09/22 23:14:51.683, 2, 94720, 97871
2026/09/22 23:14:51.683, 3, 94714, 97871
2026/09/22 23:14:51.883, 0, 94713, 97871
2026/09/22 23:14:51.883, 1, 94725, 97871
2026/09/22 23:14:51.883, 2, 94720, 97871
2026/09/22 23:14:51.883, 3, 94714, 97871
2026/09/22 23:14:52.083, 0, 94713, 97871
2026/09/22 23:14:52.083, 1, 94725, 97871
2026/09/22 23:14:52.084, 2, 94720, 97871
2026/09/22 23:14:52.084, 3, 94714, 97871
2026/09/22 23:14:52.284, 0, 94713, 97871
2026/09/22 23:14:52.284, 1, 94725, 97871
2026/09/22 23:14:52.284, 2, 94720, 97871
2026/09/22 23:14:52.284, 3, 94714, 97871
2026/09/22 23:14:52.484, 0, 94713, 97871
2026/09/22 23:14:52.484, 1, 94725, 97871
2026/09/22 23:14:52.485, 2, 94720, 97871
2026/09/22 23:14:52.485, 3, 94714, 97871
2026/09/22 23:14:52.685, 0, 94713, 97871
2026/09/22 23:14:52.685, 1, 94725, 97871
2026/09/22 23:14:52.685, 2, 94720, 97871
2026/09/22 23:14:52.685, 3, 94714, 97871
2026/09/22 23:14:52.885, 0, 94713, 97871
2026/09/22 23:14:52.885, 1, 94725, 97871
2026/09/22 23:14:52.885, 2, 94720, 97871
2026/09/22 23:14:52.885, 3, 94714, 97871
2026/09/22 23:14:53.086, 0, 94713, 97871
2026/09/22 23:14:53.086, 1, 94725, 97871
2026/09/22 23:14:53.086, 2, 94720, 97871
2026/09/22 23:14:53.086, 3, 94714, 97871
2026/09/22 23:14:53.286, 0, 94713, 97871
2026/09/22 23:14:53.286, 1, 94725, 97871
2026/09/22 23:14:53.286, 2, 94720, 97871
2026/09/22 23:14:53.286, 3, 94714, 97871
2026/09/22 23:14:53.486, 0, 94713, 97871
2026/09/22 23:14:53.486, 1, 94725, 97871
2026/09/22 23:14:53.487, 2, 94720, 97871
2026/09/22 23:14:53.487, 3, 94714, 97871
2026/09/22 23:14:53.687, 0, 94713, 97871
2026/09/22 23:14:53.687, 1, 94725, 97871
2026/09/22 23:14:53.687, 2, 94720, 97871
2026/09/22 23:14:53.687, 3, 94714, 97871
2026/09/22 23:14:53.887, 0, 94713, 97871
2026/09/22 23:14:53.887, 1, 94725, 97871
2026/09/22 23:14:53.887, 2, 94720, 97871
2026/09/22 23:14:53.887, 3, 94714, 97871
2026/09/22 23:14:54.088, 0, 94713, 97871
2026/09/22 23:14:54.088, 1, 94725, 97871
2026/09/22 23:14:54.088, 2, 94720, 97871
2026/09/22 23:14:54.088, 3, 94714, 97871
2026/09/22 23:14:54.288, 0, 94713, 97871
2026/09/22 23:14:54.288, 1, 94725, 97871
2026/09/22 23:14:54.288, 2, 94720, 97871
2026/09/22 23:14:54.288, 3, 94714, 97871
2026/09/22 23:14:54.488, 0, 94713, 97871
2026/09/22 23:14:54.488, 1, 94725, 97871
2026/09/22 23:14:54.488, 2, 94720, 97871
2026/09/22 23:14:54.488, 3, 94714, 97871
2026/09/22 23:14:54.688, 0, 94713, 97871
2026/09/22 23:14:54.689, 1, 94725, 97871
2026/09/22 23:14:54.689, 2, 94720, 97871
2026/09/22 23:14:54.689, 3, 94714, 97871
2026/09/22 23:14:54.889, 0, 94713, 97871
2026/09/22 23:14:54.889, 1, 94725, 97871
2026/09/22 23:14:54.889, 2, 94720, 97871
2026/09/22 23:14:54.889, 3, 94714, 97871
2026/09/22 23:14:55.089, 0, 94713, 97871
2026/09/22 23:14:55.089, 1, 94725, 97871
2026/09/22 23:14:55.089, 2, 94720, 97871
2026/09/22 23:14:55.089, 3, 94714, 97871
2026/09/22 23:14:55.290, 0, 94713, 97871
2026/09/22 23:14:55.290, 1, 94725, 97871
2026/09/22 23:14:55.290, 2, 94720, 97871
2026/09/22 23:14:55.290, 3, 94714, 97871
2026/09/22 23:14:55.490, 0, 94713, 97871
2026/09/22 23:14:55.490, 1, 94725, 97871
2026/09/22 23:14:55.490, 2, 94720, 97871
2026/09/22 23:14:55.490, 3, 94714, 97871
2026/09/22 23:14:55.690, 0, 94713, 97871
2026/09/22 23:14:55.690, 1, 94725, 97871
2026/09/22 23:14:55.690, 2, 94720, 97871
2026/09/22 23:14:55.690, 3, 94714, 97871
2026/09/22 23:14:55.890, 0, 94713, 97871
2026/09/22 23:14:55.891, 1, 94725, 97871
2026/09/22 23:14:55.891, 2, 94720, 97871
2026/09/22 23:14:55.891, 3, 94714, 97871
2026/09/22 23:14:56.091, 0, 94713, 97871
2026/09/22 23:14:56.091, 1, 94725, 97871
2026/09/22 23:14:56.091, 2, 94720, 97871
2026/09/22 23:14:56.091, 3, 94714, 97871
2026/09/22 23:14:56.291, 0, 94713, 97871
2026/09/22 23:14:56.291, 1, 94725, 97871
2026/09/22 23:14:56.291, 2, 94720, 97871
2026/09/22 23:14:56.291, 3, 94714, 97871
2026/09/22 23:14:56.492, 0, 94713, 97871
2026/09/22 23:14:56.492, 1, 94725, 97871
2026/09/22 23:14:56.492, 2, 94720, 97871
2026/09/22 23:14:56.492, 3, 94714, 97871
2026/09/22 23:14:56.692, 0, 94713, 97871
2026/09/22 23:14:56.692, 1, 94725, 97871
2026/09/22 23:14:56.692, 2, 94720, 97871
2026/09/22 23:14:56.692, 3, 94714, 97871
2026/09/22 23:14:56.892, 0, 94713, 97871
2026/09/22 23:14:56.893, 1, 94725, 97871
2026/09/22 23:14:56.893, 2, 94720, 97871
2026/09/22 23:14:56.893, 3, 94714, 97871
2026/09/22 23:14:57.093, 0, 94713, 97871
2026/09/22 23:14:57.093, 1, 94725, 97871
2026/09/22 23:14:57.093, 2, 94720, 97871
2026/09/22 23:14:57.093, 3, 94714, 97871
2026/09/22 23:14:57.293, 0, 94713, 97871
2026/09/22 23:14:57.293, 1, 94725, 97871
2026/09/22 23:14:57.293, 2, 94720, 97871
2026/09/22 23:14:57.293, 3, 94714, 97871
2026/09/22 23:14:57.493, 0, 94713, 97871
2026/09/22 23:14:57.493, 1, 94725, 97871
2026/09/22 23:14:57.494, 2, 94720, 97871
2026/09/22 23:14:57.494, 3, 94714, 97871
2026/09/22 23:14:57.694, 0, 94713, 97871
2026/09/22 23:14:57.694, 1, 94725, 97871
2026/09/22 23:14:57.694, 2, 94720, 97871
2026/09/22 23:14:57.694, 3, 94714, 97871
2026/09/22 23:14:57.894, 0, 94713, 97871
2026/09/22 23:14:57.894, 1, 94725, 97871
2026/09/22 23:14:57.894, 2, 94720, 97871
2026/09/22 23:14:57.894, 3, 94714, 97871
2026/09/22 23:14:58.094, 0, 94713, 97871
2026/09/22 23:14:58.094, 1, 94725, 97871
2026/09/22 23:14:58.094, 2, 94720, 97871
2026/09/22 23:14:58.094, 3, 94714, 97871
2026/09/22 23:14:58.295, 0, 94713, 97871
2026/09/22 23:14:58.295, 1, 94725, 97871
2026/09/22 23:14:58.295, 2, 94720, 97871
2026/09/22 23:14:58.295, 3, 94714, 97871
2026/09/22 23:14:58.495, 0, 94713, 97871
2026/09/22 23:14:58.495, 1, 94725, 97871
2026/09/22 23:14:58.495, 2, 94720, 97871
2026/09/22 23:14:58.495, 3, 94714, 97871
2026/09/22 23:14:58.695, 0, 94713, 97871
2026/09/22 23:14:58.695, 1, 94725, 97871
2026/09/22 23:14:58.695, 2, 94720, 97871
2026/09/22 23:14:58.696, 3, 94714, 97871
2026/09/22 23:14:58.896, 0, 94713, 97871
2026/09/22 23:14:58.896, 1, 94725, 97871
2026/09/22 23:14:58.896, 2, 94720, 97871
2026/09/22 23:14:58.896, 3, 94714, 97871
2026/09/22 23:14:59.096, 0, 94713, 97871
2026/09/22 23:14:59.096, 1, 94725, 97871
2026/09/22 23:14:59.096, 2, 94720, 97871
2026/09/22 23:14:59.096, 3, 94714, 97871
2026/09/22 23:14:59.297, 0, 94713, 97871
2026/09/22 23:14:59.297, 1, 94725, 97871
2026/09/22 23:14:59.297, 2, 94720, 97871
2026/09/22 23:14:59.297, 3, 94714, 97871
2026/09/22 23:14:59.497, 0, 94713, 97871
2026/09/22 23:14:59.497, 1, 94725, 97871
2026/09/22 23:14:59.497, 2, 94720, 97871
2026/09/22 23:14:59.497, 3, 94714, 97871
2026/09/22 23:14:59.697, 0, 94713, 97871
2026/09/22 23:14:59.697, 1, 94725, 97871
2026/09/22 23:14:59.698, 2, 94720, 97871
2026/09/22 23:14:59.698, 3, 94714, 97871
2026/09/22 23:14:59.898, 0, 94713, 97871
2026/09/22 23:14:59.898, 1, 94725, 97871
2026/09/22 23:14:59.898, 2, 94720, 97871
2026/09/22 23:14:59.898, 3, 94714, 97871
2026/09/22 23:15:00.098, 0, 94713, 97871
2026/09/22 23:15:00.098, 1, 94725, 97871
2026/09/22 23:15:00.098, 2, 94720, 97871
2026/09/22 23:15:00.098, 3, 94714, 97871
2026/09/22 23:15:00.298, 0, 94713, 97871
2026/09/22 23:15:00.298, 1, 94725, 97871
2026/09/22 23:15:00.298, 2, 94720, 97871
2026/09/22 23:15:00.299, 3, 94714, 97871
2026/09/22 23:15:00.499, 0, 94713, 97871
2026/09/22 23:15:00.499, 1, 94725, 97871
2026/09/22 23:15:00.499, 2, 94720, 97871
2026/09/22 23:15:00.499, 3, 94714, 97871
2026/09/22 23:15:00.699, 0, 94713, 97871
2026/09/22 23:15:00.699, 1, 94725, 97871
2026/09/22 23:15:00.699, 2, 94720, 97871
2026/09/22 23:15:00.699, 3, 94714, 97871
2026/09/22 23:15:00.899, 0, 94713, 97871
2026/09/22 23:15:00.899, 1, 94725, 97871
2026/09/22 23:15:00.900, 2, 94720, 97871
2026/09/22 23:15:00.900, 3, 94714, 97871
2026/09/22 23:15:01.100, 0, 94713, 97871
2026/09/22 23:15:01.100, 1, 94725, 97871
2026/09/22 23:15:01.100, 2, 94720, 97871
2026/09/22 23:15:01.100, 3, 94714, 97871
2026/09/22 23:15:01.300, 0, 94713, 97871
2026/09/22 23:15:01.300, 1, 94725, 97871
2026/09/22 23:15:01.301, 2, 94720, 97871
2026/09/22 23:15:01.301, 3, 94714, 97871
2026/09/22 23:15:01.501, 0, 94713, 97871
2026/09/22 23:15:01.501, 1, 94725, 97871
2026/09/22 23:15:01.501, 2, 94720, 97871
2026/09/22 23:15:01.501, 3, 94714, 97871
2026/09/22 23:15:01.701, 0, 94713, 97871
2026/09/22 23:15:01.701, 1, 94725, 97871
2026/09/22 23:15:01.701, 2, 94720, 97871
2026/09/22 23:15:01.701, 3, 94714, 97871
2026/09/22 23:15:01.901, 0, 94713, 97871
2026/09/22 23:15:01.902, 1, 94725, 97871
2026/09/22 23:15:01.902, 2, 94720, 97871
2026/09/22 23:15:01.902, 3, 94714, 97871
2026/09/22 23:15:02.102, 0, 94713, 97871
2026/09/22 23:15:02.102, 1, 94725, 97871
2026/09/22 23:15:02.102, 2, 94720, 97871
2026/09/22 23:15:02.102, 3, 94714, 97871
2026/09/22 23:15:02.302, 0, 94713, 97871
2026/09/22 23:15:02.302, 1, 94725, 97871
2026/09/22 23:15:02.302, 2, 94720, 97871
2026/09/22 23:15:02.302, 3, 94714, 97871
2026/09/22 23:15:02.502, 0, 94713, 97871
2026/09/22 23:15:02.503, 1, 94725, 97871
2026/09/22 23:15:02.503, 2, 94720, 97871
2026/09/22 23:15:02.503, 3, 94714, 97871
2026/09/22 23:15:02.703, 0, 94713, 97871
2026/09/22 23:15:02.703, 1, 94725, 97871
2026/09/22 23:15:02.703, 2, 94720, 97871
2026/09/22 23:15:02.703, 3, 94714, 97871
2026/09/22 23:15:02.903, 0, 94713, 97871
2026/09/22 23:15:02.903, 1, 94725, 97871
2026/09/22 23:15:02.903, 2, 94720, 97871
2026/09/22 23:15:02.903, 3, 94714, 97871
2026/09/22 23:15:03.103, 0, 94713, 97871
2026/09/22 23:15:03.103, 1, 94725, 97871
2026/09/22 23:15:03.104, 2, 94720, 97871
2026/09/22 23:15:03.104, 3, 94714, 97871
2026/09/22 23:15:03.304, 0, 94713, 97871
2026/09/22 23:15:03.304, 1, 94725, 97871
2026/09/22 23:15:03.304, 2, 94720, 97871
2026/09/22 23:15:03.304, 3, 94714, 97871
2026/09/22 23:15:03.504, 0, 94713, 97871
2026/09/22 23:15:03.504, 1, 94725, 97871
2026/09/22 23:15:03.504, 2, 94720, 97871
2026/09/22 23:15:03.504, 3, 94714, 97871
2026/09/22 23:15:03.705, 0, 94713, 97871
2026/09/22 23:15:03.705, 1, 94725, 97871
2026/09/22 23:15:03.705, 2, 94720, 97871
2026/09/22 23:15:03.705, 3, 94714, 97871
2026/09/22 23:15:03.905, 0, 94713, 97871
2026/09/22 23:15:03.905, 1, 94725, 97871
2026/09/22 23:15:03.905, 2, 94720, 97871
2026/09/22 23:15:03.905, 3, 94714, 97871
2026/09/22 23:15:04.105, 0, 94713, 97871
2026/09/22 23:15:04.106, 1, 94725, 97871
2026/09/22 23:15:04.106, 2, 94720, 97871
2026/09/22 23:15:04.106, 3, 94714, 97871
2026/09/22 23:15:04.306, 0, 94713, 97871
2026/09/22 23:15:04.306, 1, 94725, 97871
2026/09/22 23:15:04.306, 2, 94720, 97871
2026/09/22 23:15:04.306, 3, 94714, 97871
2026/09/22 23:15:04.506, 0, 94713, 97871
2026/09/22 23:15:04.506, 1, 94725, 97871
2026/09/22 23:15:04.506, 2, 94720, 97871
2026/09/22 23:15:04.506, 3, 94714, 97871
2026/09/22 23:15:04.706, 0, 94713, 97871
2026/09/22 23:15:04.707, 1, 94725, 97871
2026/09/22 23:15:04.707, 2, 94720, 97871
2026/09/22 23:15:04.707, 3, 94714, 97871
2026/09/22 23:15:04.907, 0, 94713, 97871
2026/09/22 23:15:04.907, 1, 94725, 97871
2026/09/22 23:15:04.907, 2, 94720, 97871
2026/09/22 23:15:04.907, 3, 94714, 97871
2026/09/22 23:15:05.107, 0, 94713, 97871
2026/09/22 23:15:05.107, 1, 94725, 97871
2026/09/22 23:15:05.107, 2, 94720, 97871
2026/09/22 23:15:05.107, 3, 94714, 97871
2026/09/22 23:15:05.307, 0, 94713, 97871
2026/09/22 23:15:05.308, 1, 94725, 97871
2026/09/22 23:15:05.308, 2, 94720, 97871
2026/09/22 23:15:05.308, 3, 94714, 97871
2026/09/22 23:15:05.508, 0, 94713, 97871
2026/09/22 23:15:05.508, 1, 94725, 97871
2026/09/22 23:15:05.508, 2, 94720, 97871
2026/09/22 23:15:05.508, 3, 94714, 97871
2026/09/22 23:15:05.708, 0, 94713, 97871
2026/09/22 23:15:05.708, 1, 94725, 97871
2026/09/22 23:15:05.708, 2, 94720, 97871
2026/09/22 23:15:05.708, 3, 94714, 97871
2026/09/22 23:15:05.909, 0, 94713, 97871
2026/09/22 23:15:05.909, 1, 94725, 97871
2026/09/22 23:15:05.909, 2, 94720, 97871
2026/09/22 23:15:05.909, 3, 94714, 97871
2026/09/22 23:15:06.109, 0, 94713, 97871
2026/09/22 23:15:06.109, 1, 94725, 97871
2026/09/22 23:15:06.109, 2, 94720, 97871
2026/09/22 23:15:06.109, 3, 94714, 97871
2026/09/22 23:15:06.309, 0, 94713, 97871
2026/09/22 23:15:06.310, 1, 94725, 97871
2026/09/22 23:15:06.310, 2, 94720, 97871
2026/09/22 23:15:06.310, 3, 94714, 97871
2026/09/22 23:15:06.510, 0, 94713, 97871
2026/09/22 23:15:06.510, 1, 94725, 97871
2026/09/22 23:15:06.510, 2, 94720, 97871
2026/09/22 23:15:06.510, 3, 94714, 97871
2026/09/22 23:15:06.710, 0, 94713, 97871
2026/09/22 23:15:06.710, 1, 94725, 97871
2026/09/22 23:15:06.710, 2, 94720, 97871
2026/09/22 23:15:06.710, 3, 94714, 97871
2026/09/22 23:15:06.910, 0, 94713, 97871
2026/09/22 23:15:06.911, 1, 94725, 97871
2026/09/22 23:15:06.911, 2, 94720, 97871
2026/09/22 23:15:06.911, 3, 94714, 97871
2026/09/22 23:15:07.111, 0, 94713, 97871
2026/09/22 23:15:07.111, 1, 94725, 97871
2026/09/22 23:15:07.111, 2, 94720, 97871
2026/09/22 23:15:07.111, 3, 94714, 97871
2026/09/22 23:15:07.311, 0, 94713, 97871
2026/09/22 23:15:07.311, 1, 94725, 97871
2026/09/22 23:15:07.311, 2, 94720, 97871
2026/09/22 23:15:07.311, 3, 94714, 97871
2026/09/22 23:15:07.511, 0, 94713, 97871
2026/09/22 23:15:07.511, 1, 94725, 97871
2026/09/22 23:15:07.512, 2, 94720, 97871
2026/09/22 23:15:07.512, 3, 94714, 97871
2026/09/22 23:15:07.712, 0, 94713, 97871
2026/09/22 23:15:07.712, 1, 94725, 97871
2026/09/22 23:15:07.712, 2, 94720, 97871
2026/09/22 23:15:07.712, 3, 94714, 97871
2026/09/22 23:15:07.912, 0, 94713, 97871
2026/09/22 23:15:07.912, 1, 94725, 97871
2026/09/22 23:15:07.912, 2, 94720, 97871
2026/09/22 23:15:07.912, 3, 94714, 97871
2026/09/22 23:15:08.113, 0, 94713, 97871
2026/09/22 23:15:08.113, 1, 94725, 97871
2026/09/22 23:15:08.113, 2, 94720, 97871
2026/09/22 23:15:08.113, 3, 94714, 97871
2026/09/22 23:15:08.313, 0, 94713, 97871
2026/09/22 23:15:08.313, 1, 94725, 97871
2026/09/22 23:15:08.313, 2, 94720, 97871
2026/09/22 23:15:08.313, 3, 94714, 97871
2026/09/22 23:15:08.513, 0, 94713, 97871
2026/09/22 23:15:08.513, 1, 94725, 97871
2026/09/22 23:15:08.513, 2, 94720, 97871
2026/09/22 23:15:08.513, 3, 94714, 97871
2026/09/22 23:15:08.713, 0, 94713, 97871
2026/09/22 23:15:08.713, 1, 94725, 97871
2026/09/22 23:15:08.714, 2, 94720, 97871
2026/09/22 23:15:08.714, 3, 94714, 97871
2026/09/22 23:15:08.914, 0, 94713, 97871
2026/09/22 23:15:08.914, 1, 94725, 97871
2026/09/22 23:15:08.914, 2, 94720, 97871
2026/09/22 23:15:08.914, 3, 94714, 97871
2026/09/22 23:15:09.114, 0, 94713, 97871
2026/09/22 23:15:09.114, 1, 94725, 97871
2026/09/22 23:15:09.114, 2, 94720, 97871
2026/09/22 23:15:09.114, 3, 94714, 97871
2026/09/22 23:15:09.314, 0, 94713, 97871
2026/09/22 23:15:09.314, 1, 94725, 97871
2026/09/22 23:15:09.314, 2, 94720, 97871
2026/09/22 23:15:09.314, 3, 94714, 97871
2026/09/22 23:15:09.515, 0, 94713, 97871
2026/09/22 23:15:09.515, 1, 94725, 97871
2026/09/22 23:15:09.515, 2, 94720, 97871
2026/09/22 23:15:09.515, 3, 94714, 97871
2026/09/22 23:15:09.715, 0, 94713, 97871
2026/09/22 23:15:09.715, 1, 94725, 97871
2026/09/22 23:15:09.715, 2, 94720, 97871
2026/09/22 23:15:09.715, 3, 94714, 97871
2026/09/22 23:15:09.915, 0, 94713, 97871
2026/09/22 23:15:09.915, 1, 94725, 97871
2026/09/22 23:15:09.916, 2, 94720, 97871
2026/09/22 23:15:09.916, 3, 94714, 97871
2026/09/22 23:15:10.116, 0, 94713, 97871
2026/09/22 23:15:10.116, 1, 94725, 97871
2026/09/22 23:15:10.116, 2, 94720, 97871
2026/09/22 23:15:10.116, 3, 94714, 97871
2026/09/22 23:15:10.316, 0, 94713, 97871
2026/09/22 23:15:10.316, 1, 94725, 97871
2026/09/22 23:15:10.316, 2, 94720, 97871
2026/09/22 23:15:10.317, 3, 94714, 97871
2026/09/22 23:15:10.517, 0, 94713, 97871
2026/09/22 23:15:10.517, 1, 94725, 97871
2026/09/22 23:15:10.517, 2, 94720, 97871
2026/09/22 23:15:10.517, 3, 94714, 97871
2026/09/22 23:15:10.717, 0, 94713, 97871
2026/09/22 23:15:10.717, 1, 94725, 97871
2026/09/22 23:15:10.717, 2, 94720, 97871
2026/09/22 23:15:10.717, 3, 94714, 97871
2026/09/22 23:15:10.917, 0, 94713, 97871
2026/09/22 23:15:10.917, 1, 94725, 97871
2026/09/22 23:15:10.917, 2, 94720, 97871
2026/09/22 23:15:10.917, 3, 94714, 97871
2026/09/22 23:15:11.117, 0, 94713, 97871
2026/09/22 23:15:11.118, 1, 94725, 97871
2026/09/22 23:15:11.118, 2, 94720, 97871
2026/09/22 23:15:11.118, 3, 94714, 97871
2026/09/22 23:15:11.318, 0, 94713, 97871
2026/09/22 23:15:11.318, 1, 94725, 97871
2026/09/22 23:15:11.318, 2, 94720, 97871
2026/09/22 23:15:11.318, 3, 94714, 97871
2026/09/22 23:15:11.518, 0, 94713, 97871
2026/09/22 23:15:11.518, 1, 94725, 97871
2026/09/22 23:15:11.518, 2, 94720, 97871
2026/09/22 23:15:11.518, 3, 94714, 97871
2026/09/22 23:15:11.719, 0, 94713, 97871
2026/09/22 23:15:11.719, 1, 94725, 97871
2026/09/22 23:15:11.719, 2, 94720, 97871
2026/09/22 23:15:11.719, 3, 94714, 97871
2026/09/22 23:15:11.919, 0, 94713, 97871
2026/09/22 23:15:11.919, 1, 94725, 97871
2026/09/22 23:15:11.919, 2, 94720, 97871
2026/09/22 23:15:11.919, 3, 94714, 97871
2026/09/22 23:15:12.120, 0, 94713, 97871
2026/09/22 23:15:12.120, 1, 94725, 97871
2026/09/22 23:15:12.120, 2, 94720, 97871
2026/09/22 23:15:12.120, 3, 94714, 97871
2026/09/22 23:15:12.320, 0, 94713, 97871
2026/09/22 23:15:12.320, 1, 94725, 97871
2026/09/22 23:15:12.320, 2, 94720, 97871
2026/09/22 23:15:12.320, 3, 94714, 97871
2026/09/22 23:15:12.521, 0, 94713, 97871
2026/09/22 23:15:12.521, 1, 94725, 97871
2026/09/22 23:15:12.521, 2, 94720, 97871
2026/09/22 23:15:12.521, 3, 94714, 97871
2026/09/22 23:15:12.721, 0, 94713, 97871
2026/09/22 23:15:12.721, 1, 94725, 97871
2026/09/22 23:15:12.721, 2, 94720, 97871
2026/09/22 23:15:12.721, 3, 94714, 97871
2026/09/22 23:15:12.922, 0, 94713, 97871
2026/09/22 23:15:12.922, 1, 94725, 97871
2026/09/22 23:15:12.922, 2, 94720, 97871
2026/09/22 23:15:12.922, 3, 94714, 97871
2026/09/22 23:15:13.122, 0, 94713, 97871
2026/09/22 23:15:13.122, 1, 94725, 97871
2026/09/22 23:15:13.122, 2, 94720, 97871
2026/09/22 23:15:13.122, 3, 94714, 97871
2026/09/22 23:15:13.323, 0, 94713, 97871
2026/09/22 23:15:13.323, 1, 94725, 97871
2026/09/22 23:15:13.323, 2, 94720, 97871
2026/09/22 23:15:13.323, 3, 94714, 97871
2026/09/22 23:15:13.523, 0, 94713, 97871
2026/09/22 23:15:13.523, 1, 94725, 97871
2026/09/22 23:15:13.523, 2, 94720, 97871
2026/09/22 23:15:13.523, 3, 94714, 97871
2026/09/22 23:15:13.723, 0, 94713, 97871
2026/09/22 23:15:13.723, 1, 94725, 97871
2026/09/22 23:15:13.723, 2, 94720, 97871
2026/09/22 23:15:13.724, 3, 94714, 97871
2026/09/22 23:15:13.924, 0, 94713, 97871
2026/09/22 23:15:13.924, 1, 94725, 97871
2026/09/22 23:15:13.924, 2, 94720, 97871
2026/09/22 23:15:13.924, 3, 94714, 97871
2026/09/22 23:15:14.124, 0, 94713, 97871
2026/09/22 23:15:14.124, 1, 94725, 97871
2026/09/22 23:15:14.124, 2, 94720, 97871
2026/09/22 23:15:14.124, 3, 94714, 97871
2026/09/22 23:15:14.324, 0, 94713, 97871
2026/09/22 23:15:14.325, 1, 94725, 97871
2026/09/22 23:15:14.325, 2, 94720, 97871
2026/09/22 23:15:14.325, 3, 94714, 97871
2026/09/22 23:15:14.525, 0, 94713, 97871
2026/09/22 23:15:14.525, 1, 94725, 97871
2026/09/22 23:15:14.525, 2, 94720, 97871
2026/09/22 23:15:14.525, 3, 94714, 97871
2026/09/22 23:15:14.725, 0, 94713, 97871
2026/09/22 23:15:14.725, 1, 94725, 97871
2026/09/22 23:15:14.726, 2, 94720, 97871
2026/09/22 23:15:14.726, 3, 94714, 97871
2026/09/22 23:15:14.926, 0, 94713, 97871
2026/09/22 23:15:14.926, 1, 94725, 97871
2026/09/22 23:15:14.926, 2, 94720, 97871
2026/09/22 23:15:14.926, 3, 94714, 97871
2026/09/22 23:15:15.126, 0, 94713, 97871
2026/09/22 23:15:15.126, 1, 94725, 97871
2026/09/22 23:15:15.126, 2, 94720, 97871
2026/09/22 23:15:15.126, 3, 94714, 97871
2026/09/22 23:15:15.327, 0, 94713, 97871
2026/09/22 23:15:15.327, 1, 94725, 97871
2026/09/22 23:15:15.327, 2, 94720, 97871
2026/09/22 23:15:15.327, 3, 94714, 97871
2026/09/22 23:15:15.527, 0, 94713, 97871
2026/09/22 23:15:15.527, 1, 94725, 97871
2026/09/22 23:15:15.527, 2, 94720, 97871
2026/09/22 23:15:15.527, 3, 94714, 97871
2026/09/22 23:15:15.727, 0, 94713, 97871
2026/09/22 23:15:15.727, 1, 94725, 97871
2026/09/22 23:15:15.728, 2, 94720, 97871
2026/09/22 23:15:15.728, 3, 94714, 97871
2026/09/22 23:15:15.928, 0, 94713, 97871
2026/09/22 23:15:15.928, 1, 94725, 97871
2026/09/22 23:15:15.928, 2, 94720, 97871
2026/09/22 23:15:15.928, 3, 94714, 97871
2026/09/22 23:15:16.128, 0, 94713, 97871
2026/09/22 23:15:16.128, 1, 94725, 97871
2026/09/22 23:15:16.128, 2, 94720, 97871
2026/09/22 23:15:16.128, 3, 94714, 97871
2026/09/22 23:15:16.328, 0, 94713, 97871
2026/09/22 23:15:16.329, 1, 94725, 97871
2026/09/22 23:15:16.329, 2, 94720, 97871
2026/09/22 23:15:16.329, 3, 94714, 97871
2026/09/22 23:15:16.529, 0, 94713, 97871
2026/09/22 23:15:16.529, 1, 94725, 97871
2026/09/22 23:15:16.529, 2, 94720, 97871
2026/09/22 23:15:16.529, 3, 94714, 97871
2026/09/22 23:15:16.729, 0, 94713, 97871
2026/09/22 23:15:16.729, 1, 94725, 97871
2026/09/22 23:15:16.729, 2, 94720, 97871
2026/09/22 23:15:16.729, 3, 94714, 97871
2026/09/22 23:15:16.930, 0, 94713, 97871
2026/09/22 23:15:16.930, 1, 94725, 97871
2026/09/22 23:15:16.930, 2, 94720, 97871
2026/09/22 23:15:16.930, 3, 94714, 97871
2026/09/22 23:15:17.130, 0, 94713, 97871
2026/09/22 23:15:17.130, 1, 94725, 97871
2026/09/22 23:15:17.130, 2, 94720, 97871
2026/09/22 23:15:17.130, 3, 94714, 97871
2026/09/22 23:15:17.330, 0, 94713, 97871
2026/09/22 23:15:17.330, 1, 94725, 97871
2026/09/22 23:15:17.330, 2, 94720, 97871
2026/09/22 23:15:17.331, 3, 94714, 97871
2026/09/22 23:15:17.531, 0, 94713, 97871
2026/09/22 23:15:17.531, 1, 94725, 97871
2026/09/22 23:15:17.531, 2, 94720, 97871
2026/09/22 23:15:17.531, 3, 94714, 97871
2026/09/22 23:15:17.731, 0, 94713, 97871
2026/09/22 23:15:17.731, 1, 94725, 97871
2026/09/22 23:15:17.731, 2, 94720, 97871
2026/09/22 23:15:17.731, 3, 94714, 97871
2026/09/22 23:15:17.931, 0, 94713, 97871
2026/09/22 23:15:17.931, 1, 94725, 97871
2026/09/22 23:15:17.931, 2, 94720, 97871
2026/09/22 23:15:17.931, 3, 94714, 97871
2026/09/22 23:15:18.132, 0, 94713, 97871
2026/09/22 23:15:18.132, 1, 94725, 97871
2026/09/22 23:15:18.132, 2, 94720, 97871
2026/09/22 23:15:18.132, 3, 94714, 97871
2026/09/22 23:15:18.332, 0, 94713, 97871
2026/09/22 23:15:18.332, 1, 94725, 97871
2026/09/22 23:15:18.332, 2, 94720, 97871
2026/09/22 23:15:18.332, 3, 94714, 97871
2026/09/22 23:15:18.532, 0, 94713, 97871
2026/09/22 23:15:18.532, 1, 94725, 97871
2026/09/22 23:15:18.532, 2, 94720, 97871
2026/09/22 23:15:18.532, 3, 94714, 97871
2026/09/22 23:15:18.732, 0, 94713, 97871
2026/09/22 23:15:18.733, 1, 94725, 97871
2026/09/22 23:15:18.733, 2, 94720, 97871
2026/09/22 23:15:18.733, 3, 94714, 97871
2026/09/22 23:15:18.933, 0, 94713, 97871
2026/09/22 23:15:18.933, 1, 94725, 97871
2026/09/22 23:15:18.933, 2, 94720, 97871
2026/09/22 23:15:18.933, 3, 94714, 97871
2026/09/22 23:15:19.133, 0, 94713, 97871
2026/09/22 23:15:19.133, 1, 94725, 97871
2026/09/22 23:15:19.134, 2, 94720, 97871
2026/09/22 23:15:19.134, 3, 94714, 97871
2026/09/22 23:15:19.334, 0, 94713, 97871
2026/09/22 23:15:19.334, 1, 94725, 97871
2026/09/22 23:15:19.334, 2, 94720, 97871
2026/09/22 23:15:19.334, 3, 94714, 97871
2026/09/22 23:15:19.534, 0, 94713, 97871
2026/09/22 23:15:19.534, 1, 94725, 97871
2026/09/22 23:15:19.534, 2, 94720, 97871
2026/09/22 23:15:19.534, 3, 94714, 97871
2026/09/22 23:15:19.734, 0, 94713, 97871
2026/09/22 23:15:19.734, 1, 94725, 97871
2026/09/22 23:15:19.734, 2, 94720, 97871
2026/09/22 23:15:19.734, 3, 94714, 97871
2026/09/22 23:15:19.935, 0, 94713, 97871
2026/09/22 23:15:19.935, 1, 94725, 97871
2026/09/22 23:15:19.935, 2, 94720, 97871
2026/09/22 23:15:19.935, 3, 94714, 97871
2026/09/22 23:15:20.135, 0, 94713, 97871
2026/09/22 23:15:20.135, 1, 94725, 97871
2026/09/22 23:15:20.135, 2, 94720, 97871
2026/09/22 23:15:20.135, 3, 94714, 97871
2026/09/22 23:15:20.335, 0, 94713, 97871
2026/09/22 23:15:20.335, 1, 94725, 97871
2026/09/22 23:15:20.335, 2, 94720, 97871
2026/09/22 23:15:20.335, 3, 94714, 97871
2026/09/22 23:15:20.536, 0, 94713, 97871
2026/09/22 23:15:20.536, 1, 94725, 97871
2026/09/22 23:15:20.536, 2, 94720, 97871
2026/09/22 23:15:20.536, 3, 94714, 97871
2026/09/22 23:15:20.736, 0, 94713, 97871
2026/09/22 23:15:20.736, 1, 94725, 97871
2026/09/22 23:15:20.736, 2, 94720, 97871
2026/09/22 23:15:20.736, 3, 94714, 97871
2026/09/22 23:15:20.936, 0, 94713, 97871
2026/09/22 23:15:20.936, 1, 94725, 97871
2026/09/22 23:15:20.936, 2, 94720, 97871
2026/09/22 23:15:20.936, 3, 94714, 97871
2026/09/22 23:15:21.137, 0, 94713, 97871
2026/09/22 23:15:21.137, 1, 94725, 97871
2026/09/22 23:15:21.137, 2, 94720, 97871
2026/09/22 23:15:21.137, 3, 94714, 97871
2026/09/22 23:15:21.337, 0, 94713, 97871
2026/09/22 23:15:21.337, 1, 94725, 97871
2026/09/22 23:15:21.337, 2, 94720, 97871
2026/09/22 23:15:21.337, 3, 94714, 97871
2026/09/22 23:15:21.537, 0, 94713, 97871
2026/09/22 23:15:21.537, 1, 94725, 97871
2026/09/22 23:15:21.537, 2, 94720, 97871
2026/09/22 23:15:21.538, 3, 94714, 97871
2026/09/22 23:15:21.738, 0, 94713, 97871
2026/09/22 23:15:21.738, 1, 94725, 97871
2026/09/22 23:15:21.738, 2, 94720, 97871
2026/09/22 23:15:21.738, 3, 94714, 97871
2026/09/22 23:15:21.938, 0, 94713, 97871
2026/09/22 23:15:21.938, 1, 94725, 97871
2026/09/22 23:15:21.938, 2, 94720, 97871
2026/09/22 23:15:21.938, 3, 94714, 97871
2026/09/22 23:15:22.138, 0, 94713, 97871
2026/09/22 23:15:22.138, 1, 94725, 97871
2026/09/22 23:15:22.138, 2, 94720, 97871
2026/09/22 23:15:22.139, 3, 94714, 97871
2026/09/22 23:15:22.339, 0, 94713, 97871
2026/09/22 23:15:22.339, 1, 94725, 97871
2026/09/22 23:15:22.339, 2, 94720, 97871
2026/09/22 23:15:22.339, 3, 94714, 97871
2026/09/22 23:15:22.539, 0, 94713, 97871
2026/09/22 23:15:22.539, 1, 94725, 97871
2026/09/22 23:15:22.539, 2, 94720, 97871
2026/09/22 23:15:22.539, 3, 94714, 97871
2026/09/22 23:15:22.739, 0, 94713, 97871
2026/09/22 23:15:22.739, 1, 94725, 97871
2026/09/22 23:15:22.739, 2, 94720, 97871
2026/09/22 23:15:22.739, 3, 94714, 97871
2026/09/22 23:15:22.940, 0, 94713, 97871
2026/09/22 23:15:22.940, 1, 94725, 97871
2026/09/22 23:15:22.940, 2, 94720, 97871
2026/09/22 23:15:22.940, 3, 94714, 97871
2026/09/22 23:15:23.140, 0, 94713, 97871
2026/09/22 23:15:23.140, 1, 94725, 97871
2026/09/22 23:15:23.140, 2, 94720, 97871
2026/09/22 23:15:23.140, 3, 94714, 97871
2026/09/22 23:15:23.340, 0, 94713, 97871
2026/09/22 23:15:23.340, 1, 94725, 97871
2026/09/22 23:15:23.341, 2, 94720, 97871
2026/09/22 23:15:23.341, 3, 94714, 97871
2026/09/22 23:15:23.541, 0, 94713, 97871
2026/09/22 23:15:23.541, 1, 94725, 97871
2026/09/22 23:15:23.541, 2, 94720, 97871
2026/09/22 23:15:23.541, 3, 94714, 97871
2026/09/22 23:15:23.741, 0, 94713, 97871
2026/09/22 23:15:23.741, 1, 94725, 97871
2026/09/22 23:15:23.741, 2, 94720, 97871
2026/09/22 23:15:23.741, 3, 94714, 97871
2026/09/22 23:15:23.941, 0, 94713, 97871
2026/09/22 23:15:23.942, 1, 94725, 97871
2026/09/22 23:15:23.942, 2, 94720, 97871
2026/09/22 23:15:23.942, 3, 94714, 97871
2026/09/22 23:15:24.142, 0, 94713, 97871
2026/09/22 23:15:24.142, 1, 94725, 97871
2026/09/22 23:15:24.142, 2, 94720, 97871
2026/09/22 23:15:24.142, 3, 94714, 97871
2026/09/22 23:15:24.342, 0, 94713, 97871
2026/09/22 23:15:24.342, 1, 94725, 97871
2026/09/22 23:15:24.342, 2, 94720, 97871
2026/09/22 23:15:24.342, 3, 94714, 97871
2026/09/22 23:15:24.543, 0, 94713, 97871
2026/09/22 23:15:24.543, 1, 94725, 97871
2026/09/22 23:15:24.543, 2, 94720, 97871
2026/09/22 23:15:24.543, 3, 94714, 97871
2026/09/22 23:15:24.743, 0, 94713, 97871
2026/09/22 23:15:24.743, 1, 94725, 97871
2026/09/22 23:15:24.743, 2, 94720, 97871
2026/09/22 23:15:24.743, 3, 94714, 97871
2026/09/22 23:15:24.943, 0, 94713, 97871
2026/09/22 23:15:24.943, 1, 94725, 97871
2026/09/22 23:15:24.943, 2, 94720, 97871
2026/09/22 23:15:24.943, 3, 94714, 97871
2026/09/22 23:15:25.143, 0, 94713, 97871
2026/09/22 23:15:25.144, 1, 94725, 97871
2026/09/22 23:15:25.144, 2, 94720, 97871
2026/09/22 23:15:25.144, 3, 94714, 97871
2026/09/22 23:15:25.344, 0, 94713, 97871
2026/09/22 23:15:25.344, 1, 94725, 97871
2026/09/22 23:15:25.344, 2, 94720, 97871
2026/09/22 23:15:25.344, 3, 94714, 97871
2026/09/22 23:15:25.544, 0, 94713, 97871
2026/09/22 23:15:25.544, 1, 94725, 97871
2026/09/22 23:15:25.545, 2, 94720, 97871
2026/09/22 23:15:25.545, 3, 94714, 97871
2026/09/22 23:15:25.745, 0, 94713, 97871
2026/09/22 23:15:25.745, 1, 94725, 97871
2026/09/22 23:15:25.745, 2, 94720, 97871
2026/09/22 23:15:25.745, 3, 94714, 97871
2026/09/22 23:15:25.945, 0, 94713, 97871
2026/09/22 23:15:25.945, 1, 94725, 97871
2026/09/22 23:15:25.945, 2, 94720, 97871
2026/09/22 23:15:25.946, 3, 94714, 97871
2026/09/22 23:15:26.146, 0, 94713, 97871
2026/09/22 23:15:26.146, 1, 94725, 97871
2026/09/22 23:15:26.146, 2, 94720, 97871
2026/09/22 23:15:26.146, 3, 94714, 97871
2026/09/22 23:15:26.346, 0, 94713, 97871
2026/09/22 23:15:26.346, 1, 94725, 97871
2026/09/22 23:15:26.346, 2, 94720, 97871
2026/09/22 23:15:26.346, 3, 94714, 97871
2026/09/22 23:15:26.547, 0, 94713, 97871
2026/09/22 23:15:26.547, 1, 94725, 97871
2026/09/22 23:15:26.547, 2, 94720, 97871
2026/09/22 23:15:26.547, 3, 94714, 97871
2026/09/22 23:15:26.747, 0, 94713, 97871
2026/09/22 23:15:26.747, 1, 94725, 97871
2026/09/22 23:15:26.747, 2, 94720, 97871
2026/09/22 23:15:26.747, 3, 94714, 97871
2026/09/22 23:15:26.947, 0, 94713, 97871
2026/09/22 23:15:26.948, 1, 94725, 97871
2026/09/22 23:15:26.948, 2, 94720, 97871
2026/09/22 23:15:26.948, 3, 94714, 97871
2026/09/22 23:15:27.148, 0, 94713, 97871
2026/09/22 23:15:27.148, 1, 94725, 97871
2026/09/22 23:15:27.148, 2, 94720, 97871
2026/09/22 23:15:27.148, 3, 94714, 97871
2026/09/22 23:15:27.348, 0, 94713, 97871
2026/09/22 23:15:27.348, 1, 94725, 97871
2026/09/22 23:15:27.348, 2, 94720, 97871
2026/09/22 23:15:27.348, 3, 94714, 97871
2026/09/22 23:15:27.548, 0, 94713, 97871
2026/09/22 23:15:27.549, 1, 94725, 97871
2026/09/22 23:15:27.549, 2, 94720, 97871
2026/09/22 23:15:27.549, 3, 94714, 97871
2026/09/22 23:15:27.749, 0, 94713, 97871
2026/09/22 23:15:27.749, 1, 94725, 97871
2026/09/22 23:15:27.749, 2, 94720, 97871
2026/09/22 23:15:27.749, 3, 94714, 97871
2026/09/22 23:15:27.949, 0, 94713, 97871
2026/09/22 23:15:27.949, 1, 94725, 97871
2026/09/22 23:15:27.949, 2, 94720, 97871
2026/09/22 23:15:27.950, 3, 94714, 97871
2026/09/22 23:15:28.150, 0, 94713, 97871
2026/09/22 23:15:28.150, 1, 94725, 97871
2026/09/22 23:15:28.150, 2, 94720, 97871
2026/09/22 23:15:28.150, 3, 94714, 97871
2026/09/22 23:15:28.350, 0, 94713, 97871
2026/09/22 23:15:28.350, 1, 94725, 97871
2026/09/22 23:15:28.350, 2, 94720, 97871
2026/09/22 23:15:28.350, 3, 94714, 97871
2026/09/22 23:15:28.550, 0, 94713, 97871
2026/09/22 23:15:28.550, 1, 94725, 97871
2026/09/22 23:15:28.551, 2, 94720, 97871
2026/09/22 23:15:28.551, 3, 94714, 97871
2026/09/22 23:15:28.751, 0, 94713, 97871
2026/09/22 23:15:28.751, 1, 94725, 97871
2026/09/22 23:15:28.751, 2, 94720, 97871
2026/09/22 23:15:28.751, 3, 94714, 97871
2026/09/22 23:15:28.951, 0, 94713, 97871
2026/09/22 23:15:28.951, 1, 94725, 97871
2026/09/22 23:15:28.951, 2, 94720, 97871
2026/09/22 23:15:28.951, 3, 94714, 97871
2026/09/22 23:15:29.152, 0, 94713, 97871
2026/09/22 23:15:29.152, 1, 94725, 97871
2026/09/22 23:15:29.152, 2, 94720, 97871
2026/09/22 23:15:29.152, 3, 94714, 97871
2026/09/22 23:15:29.352, 0, 94713, 97871
2026/09/22 23:15:29.352, 1, 94725, 97871
2026/09/22 23:15:29.352, 2, 94720, 97871
2026/09/22 23:15:29.352, 3, 94714, 97871
2026/09/22 23:15:29.552, 0, 94713, 97871
2026/09/22 23:15:29.552, 1, 94725, 97871
2026/09/22 23:15:29.553, 2, 94720, 97871
2026/09/22 23:15:29.553, 3, 94714, 97871
2026/09/22 23:15:29.753, 0, 94713, 97871
2026/09/22 23:15:29.753, 1, 94725, 97871
2026/09/22 23:15:29.753, 2, 94720, 97871
2026/09/22 23:15:29.753, 3, 94714, 97871
2026/09/22 23:15:29.953, 0, 94713, 97871
2026/09/22 23:15:29.953, 1, 94725, 97871
2026/09/22 23:15:29.953, 2, 94720, 97871
2026/09/22 23:15:29.953, 3, 94714, 97871
2026/09/22 23:15:30.153, 0, 94713, 97871
2026/09/22 23:15:30.154, 1, 94725, 97871
2026/09/22 23:15:30.154, 2, 94720, 97871
2026/09/22 23:15:30.154, 3, 94714, 97871
2026/09/22 23:15:30.354, 0, 94713, 97871
2026/09/22 23:15:30.354, 1, 94725, 97871
2026/09/22 23:15:30.354, 2, 94720, 97871
2026/09/22 23:15:30.354, 3, 94714, 97871
2026/09/22 23:15:30.554, 0, 94713, 97871
2026/09/22 23:15:30.554, 1, 94725, 97871
2026/09/22 23:15:30.554, 2, 94720, 97871
2026/09/22 23:15:30.555, 3, 94714, 97871
2026/09/22 23:15:30.755, 0, 94713, 97871
2026/09/22 23:15:30.755, 1, 94725, 97871
2026/09/22 23:15:30.755, 2, 94720, 97871
2026/09/22 23:15:30.755, 3, 94714, 97871
2026/09/22 23:15:30.955, 0, 94713, 97871
2026/09/22 23:15:30.955, 1, 94725, 97871
2026/09/22 23:15:30.955, 2, 94720, 97871
2026/09/22 23:15:30.955, 3, 94714, 97871
2026/09/22 23:15:31.155, 0, 94713, 97871
2026/09/22 23:15:31.155, 1, 94725, 97871
2026/09/22 23:15:31.155, 2, 94720, 97871
2026/09/22 23:15:31.156, 3, 94714, 97871
2026/09/22 23:15:31.356, 0, 94713, 97871
2026/09/22 23:15:31.356, 1, 94725, 97871
2026/09/22 23:15:31.356, 2, 94720, 97871
2026/09/22 23:15:31.356, 3, 94714, 97871
2026/09/22 23:15:31.556, 0, 94713, 97871
2026/09/22 23:15:31.556, 1, 94725, 97871
2026/09/22 23:15:31.556, 2, 94720, 97871
2026/09/22 23:15:31.556, 3, 94714, 97871
2026/09/22 23:15:31.756, 0, 94713, 97871
2026/09/22 23:15:31.756, 1, 94725, 97871
2026/09/22 23:15:31.756, 2, 94720, 97871
2026/09/22 23:15:31.756, 3, 94714, 97871
2026/09/22 23:15:31.957, 0, 94713, 97871
2026/09/22 23:15:31.957, 1, 94725, 97871
2026/09/22 23:15:31.957, 2, 94720, 97871
2026/09/22 23:15:31.957, 3, 94714, 97871
2026/09/22 23:15:32.157, 0, 94713, 97871
2026/09/22 23:15:32.157, 1, 94725, 97871
2026/09/22 23:15:32.157, 2, 94720, 97871
2026/09/22 23:15:32.157, 3, 94714, 97871
2026/09/22 23:15:32.357, 0, 94713, 97871
2026/09/22 23:15:32.358, 1, 94725, 97871
2026/09/22 23:15:32.358, 2, 94720, 97871
2026/09/22 23:15:32.358, 3, 94714, 97871
2026/09/22 23:15:32.558, 0, 94713, 97871
2026/09/22 23:15:32.558, 1, 94725, 97871
2026/09/22 23:15:32.558, 2, 94720, 97871
2026/09/22 23:15:32.558, 3, 94714, 97871
2026/09/22 23:15:32.759, 0, 94713, 97871
2026/09/22 23:15:32.759, 1, 94725, 97871
2026/09/22 23:15:32.759, 2, 94720, 97871
2026/09/22 23:15:32.759, 3, 94714, 97871
2026/09/22 23:15:32.959, 0, 94713, 97871
2026/09/22 23:15:32.959, 1, 94725, 97871
2026/09/22 23:15:32.959, 2, 94720, 97871
2026/09/22 23:15:32.959, 3, 94714, 97871
2026/09/22 23:15:33.159, 0, 94713, 97871
2026/09/22 23:15:33.159, 1, 94725, 97871
2026/09/22 23:15:33.159, 2, 94720, 97871
2026/09/22 23:15:33.159, 3, 94714, 97871
2026/09/22 23:15:33.360, 0, 94713, 97871
2026/09/22 23:15:33.360, 1, 94725, 97871
2026/09/22 23:15:33.360, 2, 94720, 97871
2026/09/22 23:15:33.360, 3, 94714, 97871
2026/09/22 23:15:33.560, 0, 94713, 97871
2026/09/22 23:15:33.560, 1, 94725, 97871
2026/09/22 23:15:33.560, 2, 94720, 97871
2026/09/22 23:15:33.560, 3, 94714, 97871
2026/09/22 23:15:33.760, 0, 94713, 97871
2026/09/22 23:15:33.760, 1, 94725, 97871
2026/09/22 23:15:33.760, 2, 94720, 97871
2026/09/22 23:15:33.760, 3, 94714, 97871
2026/09/22 23:15:33.960, 0, 94713, 97871
2026/09/22 23:15:33.961, 1, 94725, 97871
2026/09/22 23:15:33.961, 2, 94720, 97871
2026/09/22 23:15:33.961, 3, 94714, 97871
2026/09/22 23:15:34.161, 0, 94713, 97871
2026/09/22 23:15:34.161, 1, 94725, 97871
2026/09/22 23:15:34.161, 2, 94720, 97871
2026/09/22 23:15:34.161, 3, 94714, 97871
2026/09/22 23:15:34.361, 0, 94713, 97871
2026/09/22 23:15:34.361, 1, 94725, 97871
2026/09/22 23:15:34.361, 2, 94720, 97871
2026/09/22 23:15:34.361, 3, 94714, 97871
2026/09/22 23:15:34.562, 0, 94713, 97871
2026/09/22 23:15:34.562, 1, 94725, 97871
2026/09/22 23:15:34.562, 2, 94720, 97871
2026/09/22 23:15:34.562, 3, 94714, 97871
2026/09/22 23:15:34.762, 0, 94713, 97871
2026/09/22 23:15:34.762, 1, 94725, 97871
2026/09/22 23:15:34.762, 2, 94720, 97871
2026/09/22 23:15:34.762, 3, 94714, 97871
2026/09/22 23:15:34.962, 0, 94713, 97871
2026/09/22 23:15:34.962, 1, 94725, 97871
2026/09/22 23:15:34.963, 2, 94720, 97871
2026/09/22 23:15:34.963, 3, 94714, 97871
2026/09/22 23:15:35.163, 0, 94713, 97871
2026/09/22 23:15:35.163, 1, 94725, 97871
2026/09/22 23:15:35.163, 2, 94720, 97871
2026/09/22 23:15:35.163, 3, 94714, 97871
2026/09/22 23:15:35.363, 0, 94713, 97871
2026/09/22 23:15:35.363, 1, 94725, 97871
2026/09/22 23:15:35.363, 2, 94720, 97871
2026/09/22 23:15:35.363, 3, 94714, 97871
2026/09/22 23:15:35.564, 0, 94713, 97871
2026/09/22 23:15:35.564, 1, 94725, 97871
2026/09/22 23:15:35.564, 2, 94720, 97871
2026/09/22 23:15:35.564, 3, 94714, 97871
2026/09/22 23:15:35.764, 0, 94713, 97871
2026/09/22 23:15:35.764, 1, 94725, 97871
2026/09/22 23:15:35.764, 2, 94720, 97871
2026/09/22 23:15:35.764, 3, 94714, 97871
2026/09/22 23:15:35.964, 0, 94713, 97871
2026/09/22 23:15:35.964, 1, 94725, 97871
2026/09/22 23:15:35.964, 2, 94720, 97871
2026/09/22 23:15:35.964, 3, 94714, 97871
2026/09/22 23:15:36.164, 0, 94713, 97871
2026/09/22 23:15:36.164, 1, 94725, 97871
2026/09/22 23:15:36.165, 2, 94720, 97871
2026/09/22 23:15:36.165, 3, 94714, 97871
2026/09/22 23:15:36.365, 0, 94713, 97871
2026/09/22 23:15:36.365, 1, 94725, 97871
2026/09/22 23:15:36.365, 2, 94720, 97871
2026/09/22 23:15:36.365, 3, 94714, 97871
2026/09/22 23:15:36.565, 0, 94713, 97871
2026/09/22 23:15:36.565, 1, 94725, 97871
2026/09/22 23:15:36.565, 2, 94720, 97871
2026/09/22 23:15:36.565, 3, 94714, 97871
2026/09/22 23:15:36.765, 0, 94713, 97871
2026/09/22 23:15:36.766, 1, 94725, 97871
2026/09/22 23:15:36.766, 2, 94720, 97871
2026/09/22 23:15:36.766, 3, 94714, 97871
2026/09/22 23:15:36.966, 0, 94713, 97871
2026/09/22 23:15:36.966, 1, 94725, 97871
2026/09/22 23:15:36.966, 2, 94720, 97871
2026/09/22 23:15:36.966, 3, 94714, 97871
2026/09/22 23:15:37.166, 0, 94713, 97871
2026/09/22 23:15:37.167, 1, 94725, 97871
2026/09/22 23:15:37.167, 2, 94720, 97871
2026/09/22 23:15:37.167, 3, 94714, 97871
2026/09/22 23:15:37.367, 0, 94713, 97871
2026/09/22 23:15:37.367, 1, 94725, 97871
2026/09/22 23:15:37.367, 2, 94720, 97871
2026/09/22 23:15:37.367, 3, 94714, 97871
2026/09/22 23:15:37.567, 0, 94713, 97871
2026/09/22 23:15:37.567, 1, 94725, 97871
2026/09/22 23:15:37.567, 2, 94720, 97871
2026/09/22 23:15:37.567, 3, 94714, 97871
2026/09/22 23:15:37.768, 0, 94713, 97871
2026/09/22 23:15:37.768, 1, 94725, 97871
2026/09/22 23:15:37.768, 2, 94720, 97871
2026/09/22 23:15:37.768, 3, 94714, 97871
2026/09/22 23:15:37.968, 0, 94713, 97871
2026/09/22 23:15:37.968, 1, 94725, 97871
2026/09/22 23:15:37.968, 2, 94720, 97871
2026/09/22 23:15:37.968, 3, 94714, 97871
2026/09/22 23:15:38.168, 0, 94713, 97871
2026/09/22 23:15:38.168, 1, 94725, 97871
2026/09/22 23:15:38.168, 2, 94720, 97871
2026/09/22 23:15:38.168, 3, 94714, 97871
2026/09/22 23:15:38.368, 0, 94713, 97871
2026/09/22 23:15:38.369, 1, 94725, 97871
2026/09/22 23:15:38.369, 2, 94720, 97871
2026/09/22 23:15:38.369, 3, 94714, 97871
2026/09/22 23:15:38.569, 0, 94713, 97871
2026/09/22 23:15:38.569, 1, 94725, 97871
2026/09/22 23:15:38.569, 2, 94720, 97871
2026/09/22 23:15:38.569, 3, 94714, 97871
2026/09/22 23:15:38.769, 0, 94713, 97871
2026/09/22 23:15:38.770, 1, 94725, 97871
2026/09/22 23:15:38.770, 2, 94720, 97871
2026/09/22 23:15:38.770, 3, 94714, 97871
2026/09/22 23:15:38.970, 0, 94713, 97871
2026/09/22 23:15:38.970, 1, 94725, 97871
2026/09/22 23:15:38.970, 2, 94720, 97871
2026/09/22 23:15:38.970, 3, 94714, 97871
2026/09/22 23:15:39.170, 0, 94713, 97871
2026/09/22 23:15:39.170, 1, 94725, 97871
2026/09/22 23:15:39.170, 2, 94720, 97871
2026/09/22 23:15:39.171, 3, 94714, 97871
2026/09/22 23:15:39.371, 0, 94713, 97871
2026/09/22 23:15:39.371, 1, 94725, 97871
2026/09/22 23:15:39.371, 2, 94720, 97871
2026/09/22 23:15:39.371, 3, 94714, 97871
2026/09/22 23:15:39.571, 0, 94713, 97871
2026/09/22 23:15:39.571, 1, 94725, 97871
2026/09/22 23:15:39.571, 2, 94720, 97871
2026/09/22 23:15:39.571, 3, 94714, 97871
2026/09/22 23:15:39.772, 0, 94713, 97871
2026/09/22 23:15:39.772, 1, 94725, 97871
2026/09/22 23:15:39.772, 2, 94720, 97871
2026/09/22 23:15:39.772, 3, 94714, 97871
2026/09/22 23:15:39.972, 0, 94713, 97871
2026/09/22 23:15:39.972, 1, 94725, 97871
2026/09/22 23:15:39.972, 2, 94720, 97871
2026/09/22 23:15:39.973, 3, 94714, 97871
2026/09/22 23:15:40.173, 0, 94713, 97871
2026/09/22 23:15:40.173, 1, 94725, 97871
2026/09/22 23:15:40.173, 2, 94720, 97871
2026/09/22 23:15:40.173, 3, 94714, 97871
2026/09/22 23:15:40.373, 0, 94713, 97871
2026/09/22 23:15:40.373, 1, 94725, 97871
2026/09/22 23:15:40.373, 2, 94720, 97871
2026/09/22 23:15:40.373, 3, 94714, 97871
2026/09/22 23:15:40.573, 0, 94713, 97871
2026/09/22 23:15:40.574, 1, 94725, 97871
2026/09/22 23:15:40.574, 2, 94720, 97871
2026/09/22 23:15:40.574, 3, 94714, 97871
2026/09/22 23:15:40.774, 0, 94713, 97871
2026/09/22 23:15:40.774, 1, 94725, 97871
2026/09/22 23:15:40.774, 2, 94720, 97871
2026/09/22 23:15:40.774, 3, 94714, 97871
2026/09/22 23:15:40.974, 0, 94713, 97871
2026/09/22 23:15:40.974, 1, 94725, 97871
2026/09/22 23:15:40.974, 2, 94720, 97871
2026/09/22 23:15:40.974, 3, 94714, 97871
2026/09/22 23:15:41.175, 0, 94713, 97871
2026/09/22 23:15:41.175, 1, 94725, 97871
2026/09/22 23:15:41.175, 2, 94720, 97871
2026/09/22 23:15:41.175, 3, 94714, 97871
2026/09/22 23:15:41.375, 0, 94713, 97871
2026/09/22 23:15:41.375, 1, 94725, 97871
2026/09/22 23:15:41.375, 2, 94720, 97871
2026/09/22 23:15:41.375, 3, 94714, 97871
2026/09/22 23:15:41.575, 0, 94713, 97871
2026/09/22 23:15:41.575, 1, 94725, 97871
2026/09/22 23:15:41.576, 2, 94720, 97871
2026/09/22 23:15:41.576, 3, 94714, 97871
2026/09/22 23:15:41.776, 0, 94713, 97871
2026/09/22 23:15:41.776, 1, 94725, 97871
2026/09/22 23:15:41.776, 2, 94720, 97871
2026/09/22 23:15:41.776, 3, 94714, 97871
2026/09/22 23:15:41.976, 0, 94713, 97871
2026/09/22 23:15:41.977, 1, 94725, 97871
2026/09/22 23:15:41.977, 2, 94720, 97871
2026/09/22 23:15:41.977, 3, 94714, 97871
2026/09/22 23:15:42.177, 0, 94713, 97871
2026/09/22 23:15:42.177, 1, 94725, 97871
2026/09/22 23:15:42.177, 2, 94720, 97871
2026/09/22 23:15:42.177, 3, 94714, 97871
2026/09/22 23:15:42.377, 0, 94713, 97871
2026/09/22 23:15:42.377, 1, 94725, 97871
2026/09/22 23:15:42.378, 2, 94720, 97871
2026/09/22 23:15:42.378, 3, 94714, 97871
2026/09/22 23:15:42.578, 0, 94713, 97871
2026/09/22 23:15:42.578, 1, 94725, 97871
2026/09/22 23:15:42.578, 2, 94720, 97871
2026/09/22 23:15:42.578, 3, 94714, 97871
2026/09/22 23:15:42.778, 0, 94713, 97871
2026/09/22 23:15:42.778, 1, 94725, 97871
2026/09/22 23:15:42.778, 2, 94720, 97871
2026/09/22 23:15:42.778, 3, 94714, 97871
2026/09/22 23:15:42.978, 0, 94713, 97871
2026/09/22 23:15:42.979, 1, 94725, 97871
2026/09/22 23:15:42.979, 2, 94720, 97871
2026/09/22 23:15:42.979, 3, 94714, 97871
2026/09/22 23:15:43.179, 0, 94713, 97871
2026/09/22 23:15:43.179, 1, 94725, 97871
2026/09/22 23:15:43.179, 2, 94720, 97871
2026/09/22 23:15:43.179, 3, 94714, 97871
2026/09/22 23:15:43.379, 0, 94713, 97871
2026/09/22 23:15:43.379, 1, 94725, 97871
2026/09/22 23:15:43.379, 2, 94720, 97871
2026/09/22 23:15:43.379, 3, 94714, 97871
2026/09/22 23:15:43.580, 0, 94713, 97871
2026/09/22 23:15:43.580, 1, 94725, 97871
2026/09/22 23:15:43.580, 2, 94720, 97871
2026/09/22 23:15:43.580, 3, 94714, 97871
2026/09/22 23:15:43.780, 0, 94713, 97871
2026/09/22 23:15:43.780, 1, 94725, 97871
2026/09/22 23:15:43.780, 2, 94720, 97871
2026/09/22 23:15:43.780, 3, 94714, 97871
2026/09/22 23:15:43.981, 0, 94713, 97871
2026/09/22 23:15:43.981, 1, 94725, 97871
2026/09/22 23:15:43.981, 2, 94720, 97871
2026/09/22 23:15:43.981, 3, 94714, 97871
2026/09/22 23:15:44.181, 0, 94713, 97871
2026/09/22 23:15:44.181, 1, 94725, 97871
2026/09/22 23:15:44.181, 2, 94720, 97871
2026/09/22 23:15:44.181, 3, 94714, 97871
2026/09/22 23:15:44.381, 0, 94713, 97871
2026/09/22 23:15:44.382, 1, 94725, 97871
2026/09/22 23:15:44.382, 2, 94720, 97871
2026/09/22 23:15:44.382, 3, 94714, 97871
2026/09/22 23:15:44.582, 0, 94713, 97871
2026/09/22 23:15:44.582, 1, 94725, 97871
2026/09/22 23:15:44.582, 2, 94720, 97871
2026/09/22 23:15:44.582, 3, 94714, 97871
2026/09/22 23:15:44.782, 0, 94713, 97871
2026/09/22 23:15:44.782, 1, 94725, 97871
2026/09/22 23:15:44.782, 2, 94720, 97871
2026/09/22 23:15:44.782, 3, 94714, 97871
2026/09/22 23:15:44.982, 0, 94713, 97871
2026/09/22 23:15:44.982, 1, 94725, 97871
2026/09/22 23:15:44.983, 2, 94720, 97871
2026/09/22 23:15:44.983, 3, 94714, 97871
2026/09/22 23:15:45.183, 0, 94713, 97871
2026/09/22 23:15:45.183, 1, 94725, 97871
2026/09/22 23:15:45.183, 2, 94720, 97871
2026/09/22 23:15:45.183, 3, 94714, 97871
2026/09/22 23:15:45.383, 0, 94713, 97871
2026/09/22 23:15:45.383, 1, 94725, 97871
2026/09/22 23:15:45.383, 2, 94720, 97871
2026/09/22 23:15:45.383, 3, 94714, 97871
2026/09/22 23:15:45.583, 0, 94713, 97871
2026/09/22 23:15:45.584, 1, 94725, 97871
2026/09/22 23:15:45.584, 2, 94720, 97871
2026/09/22 23:15:45.584, 3, 94714, 97871
2026/09/22 23:15:45.784, 0, 94713, 97871
2026/09/22 23:15:45.784, 1, 94725, 97871
2026/09/22 23:15:45.784, 2, 94720, 97871
2026/09/22 23:15:45.784, 3, 94714, 97871
2026/09/22 23:15:45.984, 0, 94713, 97871
2026/09/22 23:15:45.985, 1, 94725, 97871
2026/09/22 23:15:45.985, 2, 94720, 97871
2026/09/22 23:15:45.985, 3, 94714, 97871
2026/09/22 23:15:46.185, 0, 94713, 97871
2026/09/22 23:15:46.185, 1, 94725, 97871
2026/09/22 23:15:46.185, 2, 94720, 97871
2026/09/22 23:15:46.185, 3, 94714, 97871
2026/09/22 23:15:46.385, 0, 94713, 97871
2026/09/22 23:15:46.385, 1, 94725, 97871
2026/09/22 23:15:46.386, 2, 94720, 97871
2026/09/22 23:15:46.386, 3, 94714, 97871
2026/09/22 23:15:46.586, 0, 94713, 97871
2026/09/22 23:15:46.586, 1, 94725, 97871
2026/09/22 23:15:46.586, 2, 94720, 97871
2026/09/22 23:15:46.586, 3, 94714, 97871
2026/09/22 23:15:46.786, 0, 94713, 97871
2026/09/22 23:15:46.786, 1, 94725, 97871
2026/09/22 23:15:46.786, 2, 94720, 97871
2026/09/22 23:15:46.786, 3, 94714, 97871
2026/09/22 23:15:46.987, 0, 94713, 97871
2026/09/22 23:15:46.987, 1, 94725, 97871
2026/09/22 23:15:46.987, 2, 94720, 97871
2026/09/22 23:15:46.987, 3, 94714, 97871
2026/09/22 23:15:47.187, 0, 94713, 97871
2026/09/22 23:15:47.187, 1, 94725, 97871
2026/09/22 23:15:47.187, 2, 94720, 97871
2026/09/22 23:15:47.187, 3, 94714, 97871
2026/09/22 23:15:47.387, 0, 94713, 97871
2026/09/22 23:15:47.387, 1, 94725, 97871
2026/09/22 23:15:47.387, 2, 94720, 97871
2026/09/22 23:15:47.387, 3, 94714, 97871
2026/09/22 23:15:47.588, 0, 94713, 97871
2026/09/22 23:15:47.588, 1, 94725, 97871
2026/09/22 23:15:47.588, 2, 94720, 97871
2026/09/22 23:15:47.588, 3, 94714, 97871
2026/09/22 23:15:47.788, 0, 94713, 97871
2026/09/22 23:15:47.788, 1, 94725, 97871
2026/09/22 23:15:47.788, 2, 94720, 97871
2026/09/22 23:15:47.788, 3, 94714, 97871
2026/09/22 23:15:47.988, 0, 94713, 97871
2026/09/22 23:15:47.988, 1, 94725, 97871
2026/09/22 23:15:47.989, 2, 94720, 97871
2026/09/22 23:15:47.989, 3, 94714, 97871
2026/09/22 23:15:48.189, 0, 94713, 97871
2026/09/22 23:15:48.189, 1, 94725, 97871
2026/09/22 23:15:48.189, 2, 94720, 97871
2026/09/22 23:15:48.189, 3, 94714, 97871
2026/09/22 23:15:48.389, 0, 94713, 97871
2026/09/22 23:15:48.389, 1, 94725, 97871
2026/09/22 23:15:48.389, 2, 94720, 97871
2026/09/22 23:15:48.390, 3, 94714, 97871
2026/09/22 23:15:48.590, 0, 94713, 97871
2026/09/22 23:15:48.590, 1, 94725, 97871
2026/09/22 23:15:48.590, 2, 94720, 97871
2026/09/22 23:15:48.590, 3, 94714, 97871
2026/09/22 23:15:48.790, 0, 94713, 97871
2026/09/22 23:15:48.790, 1, 94725, 97871
2026/09/22 23:15:48.790, 2, 94720, 97871
2026/09/22 23:15:48.790, 3, 94714, 97871
2026/09/22 23:15:48.991, 0, 94713, 97871
2026/09/22 23:15:48.991, 1, 94725, 97871
2026/09/22 23:15:48.991, 2, 94720, 97871
2026/09/22 23:15:48.991, 3, 94714, 97871
2026/09/22 23:15:49.191, 0, 94713, 97871
2026/09/22 23:15:49.191, 1, 94725, 97871
2026/09/22 23:15:49.191, 2, 94720, 97871
2026/09/22 23:15:49.191, 3, 94714, 97871
2026/09/22 23:15:49.391, 0, 94713, 97871
2026/09/22 23:15:49.391, 1, 94725, 97871
2026/09/22 23:15:49.391, 2, 94720, 97871
2026/09/22 23:15:49.391, 3, 94714, 97871
2026/09/22 23:15:49.592, 0, 94713, 97871
2026/09/22 23:15:49.592, 1, 94725, 97871
2026/09/22 23:15:49.592, 2, 94720, 97871
2026/09/22 23:15:49.592, 3, 94714, 97871
2026/09/22 23:15:49.792, 0, 94713, 97871
2026/09/22 23:15:49.792, 1, 94725, 97871
2026/09/22 23:15:49.792, 2, 94720, 97871
2026/09/22 23:15:49.792, 3, 94714, 97871
2026/09/22 23:15:49.992, 0, 94713, 97871
2026/09/22 23:15:49.992, 1, 94725, 97871
2026/09/22 23:15:49.992, 2, 94720, 97871
2026/09/22 23:15:49.992, 3, 94714, 97871
2026/09/22 23:15:50.193, 0, 94713, 97871
2026/09/22 23:15:50.193, 1, 94725, 97871
2026/09/22 23:15:50.193, 2, 94720, 97871
2026/09/22 23:15:50.193, 3, 94714, 97871
2026/09/22 23:15:50.393, 0, 94713, 97871
2026/09/22 23:15:50.393, 1, 94725, 97871
2026/09/22 23:15:50.393, 2, 94720, 97871
2026/09/22 23:15:50.393, 3, 94714, 97871
2026/09/22 23:15:50.593, 0, 94713, 97871
2026/09/22 23:15:50.594, 1, 94725, 97871
2026/09/22 23:15:50.594, 2, 94720, 97871
2026/09/22 23:15:50.594, 3, 94714, 97871
2026/09/22 23:15:50.794, 0, 94713, 97871
2026/09/22 23:15:50.794, 1, 94725, 97871
2026/09/22 23:15:50.794, 2, 94720, 97871
2026/09/22 23:15:50.794, 3, 94714, 97871
2026/09/22 23:15:50.994, 0, 94713, 97871
2026/09/22 23:15:50.995, 1, 94725, 97871
2026/09/22 23:15:50.995, 2, 94720, 97871
2026/09/22 23:15:50.995, 3, 94714, 97871
2026/09/22 23:15:51.195, 0, 94713, 97871
2026/09/22 23:15:51.195, 1, 94725, 97871
2026/09/22 23:15:51.195, 2, 94720, 97871
2026/09/22 23:15:51.195, 3, 94714, 97871
2026/09/22 23:15:51.395, 0, 94713, 97871
2026/09/22 23:15:51.395, 1, 94725, 97871
2026/09/22 23:15:51.395, 2, 94720, 97871
2026/09/22 23:15:51.396, 3, 94714, 97871
2026/09/22 23:15:51.596, 0, 94713, 97871
2026/09/22 23:15:51.596, 1, 94725, 97871
2026/09/22 23:15:51.596, 2, 94720, 97871
2026/09/22 23:15:51.596, 3, 94714, 97871
2026/09/22 23:15:51.796, 0, 94713, 97871
2026/09/22 23:15:51.796, 1, 94725, 97871
2026/09/22 23:15:51.796, 2, 94720, 97871
2026/09/22 23:15:51.796, 3, 94714, 97871
2026/09/22 23:15:51.996, 0, 94713, 97871
2026/09/22 23:15:51.996, 1, 94725, 97871
2026/09/22 23:15:51.997, 2, 94720, 97871
2026/09/22 23:15:51.997, 3, 94714, 97871
2026/09/22 23:15:52.197, 0, 94713, 97871
2026/09/22 23:15:52.197, 1, 94725, 97871
2026/09/22 23:15:52.197, 2, 94720, 97871
2026/09/22 23:15:52.197, 3, 94714, 97871
2026/09/22 23:15:52.397, 0, 94713, 97871
2026/09/22 23:15:52.397, 1, 94725, 97871
2026/09/22 23:15:52.397, 2, 94720, 97871
2026/09/22 23:15:52.397, 3, 94714, 97871
2026/09/22 23:15:52.598, 0, 94713, 97871
2026/09/22 23:15:52.598, 1, 94725, 97871
2026/09/22 23:15:52.598, 2, 94720, 97871
2026/09/22 23:15:52.598, 3, 94714, 97871
2026/09/22 23:15:52.798, 0, 94713, 97871
2026/09/22 23:15:52.798, 1, 94725, 97871
2026/09/22 23:15:52.798, 2, 94720, 97871
2026/09/22 23:15:52.798, 3, 94714, 97871
2026/09/22 23:15:52.998, 0, 94713, 97871
2026/09/22 23:15:52.998, 1, 94725, 97871
2026/09/22 23:15:52.999, 2, 94720, 97871
2026/09/22 23:15:52.999, 3, 94714, 97871
2026/09/22 23:15:53.199, 0, 94713, 97871
2026/09/22 23:15:53.199, 1, 94725, 97871
2026/09/22 23:15:53.199, 2, 94720, 97871
2026/09/22 23:15:53.199, 3, 94714, 97871
2026/09/22 23:15:53.399, 0, 94713, 97871
2026/09/22 23:15:53.399, 1, 94725, 97871
2026/09/22 23:15:53.399, 2, 94720, 97871
2026/09/22 23:15:53.399, 3, 94714, 97871
2026/09/22 23:15:53.600, 0, 94713, 97871
2026/09/22 23:15:53.600, 1, 94725, 97871
2026/09/22 23:15:53.600, 2, 94720, 97871
2026/09/22 23:15:53.600, 3, 94714, 97871
2026/09/22 23:15:53.800, 0, 94713, 97871
2026/09/22 23:15:53.800, 1, 94725, 97871
2026/09/22 23:15:53.800, 2, 94720, 97871
2026/09/22 23:15:53.800, 3, 94714, 97871
2026/09/22 23:15:54.000, 0, 94713, 97871
2026/09/22 23:15:54.000, 1, 94725, 97871
2026/09/22 23:15:54.000, 2, 94720, 97871
2026/09/22 23:15:54.000, 3, 94714, 97871
2026/09/22 23:15:54.200, 0, 94713, 97871
2026/09/22 23:15:54.200, 1, 94725, 97871
2026/09/22 23:15:54.200, 2, 94720, 97871
2026/09/22 23:15:54.201, 3, 94714, 97871
2026/09/22 23:15:54.401, 0, 94713, 97871
2026/09/22 23:15:54.401, 1, 94725, 97871
2026/09/22 23:15:54.401, 2, 94720, 97871
2026/09/22 23:15:54.401, 3, 94714, 97871
2026/09/22 23:15:54.601, 0, 94713, 97871
2026/09/22 23:15:54.601, 1, 94725, 97871
2026/09/22 23:15:54.601, 2, 94720, 97871
2026/09/22 23:15:54.601, 3, 94714, 97871
2026/09/22 23:15:54.801, 0, 94713, 97871
2026/09/22 23:15:54.801, 1, 94725, 97871
2026/09/22 23:15:54.802, 2, 94720, 97871
2026/09/22 23:15:54.802, 3, 94714, 97871
2026/09/22 23:15:55.002, 0, 94713, 97871
2026/09/22 23:15:55.002, 1, 94725, 97871
2026/09/22 23:15:55.002, 2, 94720, 97871
2026/09/22 23:15:55.002, 3, 94714, 97871
2026/09/22 23:15:55.202, 0, 94713, 97871
2026/09/22 23:15:55.203, 1, 94725, 97871
2026/09/22 23:15:55.203, 2, 94720, 97871
2026/09/22 23:15:55.203, 3, 94714, 97871
2026/09/22 23:15:55.403, 0, 94713, 97871
2026/09/22 23:15:55.403, 1, 94725, 97871
2026/09/22 23:15:55.403, 2, 94720, 97871
2026/09/22 23:15:55.403, 3, 94714, 97871
2026/09/22 23:15:55.603, 0, 94713, 97871
2026/09/22 23:15:55.603, 1, 94725, 97871
2026/09/22 23:15:55.604, 2, 94720, 97871
2026/09/22 23:15:55.604, 3, 94714, 97871
2026/09/22 23:15:55.804, 0, 94713, 97871
2026/09/22 23:15:55.804, 1, 94725, 97871
2026/09/22 23:15:55.804, 2, 94720, 97871
2026/09/22 23:15:55.804, 3, 94714, 97871
2026/09/22 23:15:56.004, 0, 94713, 97871
2026/09/22 23:15:56.004, 1, 94725, 97871
2026/09/22 23:15:56.004, 2, 94720, 97871
2026/09/22 23:15:56.004, 3, 94714, 97871
2026/09/22 23:15:56.204, 0, 94713, 97871
2026/09/22 23:15:56.205, 1, 94725, 97871
2026/09/22 23:15:56.205, 2, 94720, 97871
2026/09/22 23:15:56.205, 3, 94714, 97871
2026/09/22 23:15:56.405, 0, 94713, 97871
2026/09/22 23:15:56.405, 1, 94725, 97871
2026/09/22 23:15:56.405, 2, 94720, 97871
2026/09/22 23:15:56.405, 3, 94714, 97871
2026/09/22 23:15:56.605, 0, 94713, 97871
2026/09/22 23:15:56.605, 1, 94725, 97871
2026/09/22 23:15:56.606, 2, 94720, 97871
2026/09/22 23:15:56.606, 3, 94714, 97871
2026/09/22 23:15:56.806, 0, 94713, 97871
2026/09/22 23:15:56.806, 1, 94725, 97871
2026/09/22 23:15:56.806, 2, 94720, 97871
2026/09/22 23:15:56.806, 3, 94714, 97871
2026/09/22 23:15:57.006, 0, 94713, 97871
2026/09/22 23:15:57.006, 1, 94725, 97871
2026/09/22 23:15:57.006, 2, 94720, 97871
2026/09/22 23:15:57.006, 3, 94714, 97871
2026/09/22 23:15:57.206, 0, 94713, 97871
2026/09/22 23:15:57.206, 1, 94725, 97871
2026/09/22 23:15:57.206, 2, 94720, 97871
2026/09/22 23:15:57.207, 3, 94714, 97871
2026/09/22 23:15:57.407, 0, 94713, 97871
2026/09/22 23:15:57.407, 1, 94725, 97871
2026/09/22 23:15:57.407, 2, 94720, 97871
2026/09/22 23:15:57.407, 3, 94714, 97871
2026/09/22 23:15:57.607, 0, 94713, 97871
2026/09/22 23:15:57.607, 1, 94725, 97871
2026/09/22 23:15:57.607, 2, 94720, 97871
2026/09/22 23:15:57.607, 3, 94714, 97871
2026/09/22 23:15:57.808, 0, 94713, 97871
2026/09/22 23:15:57.808, 1, 94725, 97871
2026/09/22 23:15:57.808, 2, 94720, 97871
2026/09/22 23:15:57.808, 3, 94714, 97871
2026/09/22 23:15:58.008, 0, 94713, 97871
2026/09/22 23:15:58.008, 1, 94725, 97871
2026/09/22 23:15:58.008, 2, 94720, 97871
2026/09/22 23:15:58.008, 3, 94714, 97871
2026/09/22 23:15:58.208, 0, 94713, 97871
2026/09/22 23:15:58.208, 1, 94725, 97871
2026/09/22 23:15:58.208, 2, 94720, 97871
2026/09/22 23:15:58.208, 3, 94714, 97871
2026/09/22 23:15:58.408, 0, 94713, 97871
2026/09/22 23:15:58.409, 1, 94725, 97871
2026/09/22 23:15:58.409, 2, 94720, 97871
2026/09/22 23:15:58.409, 3, 94714, 97871
2026/09/22 23:15:58.609, 0, 94713, 97871
2026/09/22 23:15:58.609, 1, 94725, 97871
2026/09/22 23:15:58.609, 2, 94720, 97871
2026/09/22 23:15:58.609, 3, 94714, 97871
2026/09/22 23:15:58.809, 0, 94713, 97871
2026/09/22 23:15:58.809, 1, 94725, 97871
2026/09/22 23:15:58.809, 2, 94720, 97871
2026/09/22 23:15:58.809, 3, 94714, 97871
2026/09/22 23:15:59.009, 0, 94713, 97871
2026/09/22 23:15:59.010, 1, 94725, 97871
2026/09/22 23:15:59.010, 2, 94720, 97871
2026/09/22 23:15:59.010, 3, 94714, 97871
2026/09/22 23:15:59.210, 0, 94713, 97871
2026/09/22 23:15:59.210, 1, 94725, 97871
2026/09/22 23:15:59.210, 2, 94720, 97871
2026/09/22 23:15:59.210, 3, 94714, 97871
2026/09/22 23:15:59.410, 0, 94713, 97871
2026/09/22 23:15:59.410, 1, 94725, 97871
2026/09/22 23:15:59.411, 2, 94720, 97871
2026/09/22 23:15:59.411, 3, 94714, 97871
2026/09/22 23:15:59.611, 0, 94713, 97871
2026/09/22 23:15:59.611, 1, 94725, 97871
2026/09/22 23:15:59.611, 2, 94720, 97871
2026/09/22 23:15:59.611, 3, 94714, 97871
2026/09/22 23:15:59.811, 0, 94713, 97871
2026/09/22 23:15:59.811, 1, 94725, 97871
2026/09/22 23:15:59.811, 2, 94720, 97871
2026/09/22 23:15:59.811, 3, 94714, 97871
2026/09/22 23:16:00.011, 0, 94713, 97871
2026/09/22 23:16:00.012, 1, 94725, 97871
2026/09/22 23:16:00.012, 2, 94720, 97871
2026/09/22 23:16:00.012, 3, 94714, 97871
2026/09/22 23:16:00.212, 0, 94713, 97871
2026/09/22 23:16:00.212, 1, 94725, 97871
2026/09/22 23:16:00.212, 2, 94720, 97871
2026/09/22 23:16:00.212, 3, 94714, 97871
2026/09/22 23:16:00.412, 0, 94713, 97871
2026/09/22 23:16:00.412, 1, 94725, 97871
2026/09/22 23:16:00.412, 2, 94720, 97871
2026/09/22 23:16:00.412, 3, 94714, 97871
2026/09/22 23:16:00.612, 0, 94713, 97871
2026/09/22 23:16:00.612, 1, 94725, 97871
2026/09/22 23:16:00.612, 2, 94720, 97871
2026/09/22 23:16:00.613, 3, 94714, 97871
2026/09/22 23:16:00.813, 0, 94713, 97871
2026/09/22 23:16:00.813, 1, 94725, 97871
2026/09/22 23:16:00.813, 2, 94720, 97871
2026/09/22 23:16:00.813, 3, 94714, 97871
2026/09/22 23:16:01.013, 0, 94713, 97871
2026/09/22 23:16:01.013, 1, 94725, 97871
2026/09/22 23:16:01.013, 2, 94720, 97871
2026/09/22 23:16:01.013, 3, 94714, 97871
2026/09/22 23:16:01.213, 0, 94713, 97871
2026/09/22 23:16:01.214, 1, 94725, 97871
2026/09/22 23:16:01.214, 2, 94720, 97871
2026/09/22 23:16:01.214, 3, 94714, 97871
2026/09/22 23:16:01.414, 0, 94713, 97871
2026/09/22 23:16:01.414, 1, 94725, 97871
2026/09/22 23:16:01.414, 2, 94720, 97871
2026/09/22 23:16:01.414, 3, 94714, 97871
2026/09/22 23:16:01.614, 0, 94713, 97871
2026/09/22 23:16:01.614, 1, 94725, 97871
2026/09/22 23:16:01.614, 2, 94720, 97871
2026/09/22 23:16:01.615, 3, 94714, 97871
2026/09/22 23:16:01.815, 0, 94713, 97871
2026/09/22 23:16:01.815, 1, 94725, 97871
2026/09/22 23:16:01.815, 2, 94720, 97871
2026/09/22 23:16:01.815, 3, 94714, 97871
2026/09/22 23:16:02.015, 0, 94713, 97871
2026/09/22 23:16:02.015, 1, 94725, 97871
2026/09/22 23:16:02.015, 2, 94720, 97871
2026/09/22 23:16:02.015, 3, 94714, 97871
2026/09/22 23:16:02.216, 0, 94713, 97871
2026/09/22 23:16:02.216, 1, 94725, 97871
2026/09/22 23:16:02.216, 2, 94720, 97871
2026/09/22 23:16:02.216, 3, 94714, 97871
2026/09/22 23:16:02.416, 0, 94713, 97871
2026/09/22 23:16:02.416, 1, 94725, 97871
2026/09/22 23:16:02.416, 2, 94720, 97871
2026/09/22 23:16:02.416, 3, 94714, 97871
2026/09/22 23:16:02.616, 0, 94713, 97871
2026/09/22 23:16:02.616, 1, 94725, 97871
2026/09/22 23:16:02.616, 2, 94720, 97871
2026/09/22 23:16:02.616, 3, 94714, 97871
2026/09/22 23:16:02.816, 0, 94713, 97871
2026/09/22 23:16:02.816, 1, 94725, 97871
2026/09/22 23:16:02.817, 2, 94720, 97871
2026/09/22 23:16:02.817, 3, 94714, 97871
2026/09/22 23:16:03.017, 0, 94713, 97871
2026/09/22 23:16:03.017, 1, 94725, 97871
2026/09/22 23:16:03.017, 2, 94720, 97871
2026/09/22 23:16:03.017, 3, 94714, 97871
2026/09/22 23:16:03.217, 0, 94713, 97871
2026/09/22 23:16:03.217, 1, 94725, 97871
2026/09/22 23:16:03.217, 2, 94720, 97871
2026/09/22 23:16:03.217, 3, 94714, 97871
2026/09/22 23:16:03.417, 0, 94713, 97871
2026/09/22 23:16:03.417, 1, 94725, 97871
2026/09/22 23:16:03.417, 2, 94720, 97871
2026/09/22 23:16:03.417, 3, 94714, 97871
2026/09/22 23:16:03.617, 0, 94713, 97871
2026/09/22 23:16:03.618, 1, 94725, 97871
2026/09/22 23:16:03.618, 2, 94720, 97871
2026/09/22 23:16:03.618, 3, 94714, 97871
2026/09/22 23:16:03.818, 0, 94713, 97871
2026/09/22 23:16:03.818, 1, 94725, 97871
2026/09/22 23:16:03.818, 2, 94720, 97871
2026/09/22 23:16:03.818, 3, 94714, 97871
2026/09/22 23:16:04.018, 0, 94713, 97871
2026/09/22 23:16:04.018, 1, 94725, 97871
2026/09/22 23:16:04.018, 2, 94720, 97871
2026/09/22 23:16:04.019, 3, 94714, 97871
2026/09/22 23:16:04.219, 0, 94713, 97871
2026/09/22 23:16:04.219, 1, 94725, 97871
2026/09/22 23:16:04.219, 2, 94720, 97871
2026/09/22 23:16:04.219, 3, 94714, 97871
2026/09/22 23:16:04.419, 0, 94713, 97871
2026/09/22 23:16:04.419, 1, 94725, 97871
2026/09/22 23:16:04.419, 2, 94720, 97871
2026/09/22 23:16:04.419, 3, 94714, 97871
2026/09/22 23:16:04.619, 0, 94713, 97871
2026/09/22 23:16:04.620, 1, 94725, 97871
2026/09/22 23:16:04.620, 2, 94720, 97871
2026/09/22 23:16:04.620, 3, 94714, 97871
2026/09/22 23:16:04.820, 0, 94713, 97871
2026/09/22 23:16:04.820, 1, 94725, 97871
2026/09/22 23:16:04.820, 2, 94720, 97871
2026/09/22 23:16:04.820, 3, 94714, 97871
2026/09/22 23:16:05.020, 0, 94713, 97871
2026/09/22 23:16:05.020, 1, 94725, 97871
2026/09/22 23:16:05.020, 2, 94720, 97871
2026/09/22 23:16:05.020, 3, 94714, 97871
2026/09/22 23:16:05.220, 0, 94713, 97871
2026/09/22 23:16:05.221, 1, 94725, 97871
2026/09/22 23:16:05.221, 2, 94720, 97871
2026/09/22 23:16:05.221, 3, 94714, 97871
2026/09/22 23:16:05.421, 0, 94713, 97871
2026/09/22 23:16:05.421, 1, 94725, 97871
2026/09/22 23:16:05.421, 2, 94720, 97871
2026/09/22 23:16:05.421, 3, 94714, 97871
2026/09/22 23:16:05.621, 0, 94713, 97871
2026/09/22 23:16:05.621, 1, 94725, 97871
2026/09/22 23:16:05.621, 2, 94720, 97871
2026/09/22 23:16:05.621, 3, 94714, 97871
2026/09/22 23:16:05.821, 0, 94713, 97871
2026/09/22 23:16:05.821, 1, 94725, 97871
2026/09/22 23:16:05.821, 2, 94720, 97871
2026/09/22 23:16:05.821, 3, 94714, 97871
2026/09/22 23:16:06.022, 0, 94713, 97871
2026/09/22 23:16:06.022, 1, 94725, 97871
2026/09/22 23:16:06.022, 2, 94720, 97871
2026/09/22 23:16:06.022, 3, 94714, 97871
2026/09/22 23:16:06.222, 0, 94713, 97871
2026/09/22 23:16:06.222, 1, 94725, 97871
2026/09/22 23:16:06.222, 2, 94720, 97871
2026/09/22 23:16:06.222, 3, 94714, 97871
2026/09/22 23:16:06.422, 0, 94713, 97871
2026/09/22 23:16:06.422, 1, 94725, 97871
2026/09/22 23:16:06.423, 2, 94720, 97871
2026/09/22 23:16:06.423, 3, 94714, 97871
2026/09/22 23:16:06.623, 0, 94713, 97871
2026/09/22 23:16:06.623, 1, 94725, 97871
2026/09/22 23:16:06.623, 2, 94720, 97871
2026/09/22 23:16:06.623, 3, 94714, 97871
2026/09/22 23:16:06.823, 0, 94713, 97871
2026/09/22 23:16:06.823, 1, 94725, 97871
2026/09/22 23:16:06.823, 2, 94720, 97871
2026/09/22 23:16:06.824, 3, 94714, 97871
2026/09/22 23:16:07.024, 0, 94713, 97871
2026/09/22 23:16:07.024, 1, 94725, 97871
2026/09/22 23:16:07.024, 2, 94720, 97871
2026/09/22 23:16:07.024, 3, 94714, 97871
2026/09/22 23:16:07.224, 0, 94713, 97871
2026/09/22 23:16:07.224, 1, 94725, 97871
2026/09/22 23:16:07.224, 2, 94720, 97871
2026/09/22 23:16:07.224, 3, 94714, 97871
2026/09/22 23:16:07.424, 0, 94713, 97871
2026/09/22 23:16:07.424, 1, 94725, 97871
2026/09/22 23:16:07.424, 2, 94720, 97871
2026/09/22 23:16:07.424, 3, 94714, 97871
2026/09/22 23:16:07.624, 0, 94713, 97871
2026/09/22 23:16:07.625, 1, 94725, 97871
2026/09/22 23:16:07.625, 2, 94720, 97871
2026/09/22 23:16:07.625, 3, 94714, 97871
2026/09/22 23:16:07.825, 0, 94713, 97871
2026/09/22 23:16:07.825, 1, 94725, 97871
2026/09/22 23:16:07.825, 2, 94720, 97871
2026/09/22 23:16:07.825, 3, 94714, 97871
2026/09/22 23:16:08.025, 0, 94713, 97871
2026/09/22 23:16:08.025, 1, 94725, 97871
2026/09/22 23:16:08.025, 2, 94720, 97871
2026/09/22 23:16:08.025, 3, 94714, 97871
2026/09/22 23:16:08.226, 0, 94713, 97871
2026/09/22 23:16:08.226, 1, 94725, 97871
2026/09/22 23:16:08.226, 2, 94720, 97871
2026/09/22 23:16:08.226, 3, 94714, 97871
2026/09/22 23:16:08.426, 0, 94713, 97871
2026/09/22 23:16:08.426, 1, 94725, 97871
2026/09/22 23:16:08.426, 2, 94720, 97871
2026/09/22 23:16:08.426, 3, 94714, 97871
2026/09/22 23:16:08.626, 0, 94713, 97871
2026/09/22 23:16:08.626, 1, 94725, 97871
2026/09/22 23:16:08.627, 2, 94720, 97871
2026/09/22 23:16:08.627, 3, 94714, 97871
2026/09/22 23:16:08.827, 0, 94713, 97871
2026/09/22 23:16:08.827, 1, 94725, 97871
2026/09/22 23:16:08.827, 2, 94720, 97871
2026/09/22 23:16:08.827, 3, 94714, 97871
2026/09/22 23:16:09.028, 0, 94713, 97871
2026/09/22 23:16:09.028, 1, 94725, 97871
2026/09/22 23:16:09.028, 2, 94720, 97871
2026/09/22 23:16:09.028, 3, 94714, 97871
2026/09/22 23:16:09.228, 0, 94713, 97871
2026/09/22 23:16:09.228, 1, 94725, 97871
2026/09/22 23:16:09.228, 2, 94720, 97871
2026/09/22 23:16:09.228, 3, 94714, 97871
2026/09/22 23:16:09.428, 0, 94713, 97871
2026/09/22 23:16:09.428, 1, 94725, 97871
2026/09/22 23:16:09.429, 2, 94720, 97871
2026/09/22 23:16:09.429, 3, 94714, 97871
2026/09/22 23:16:09.629, 0, 94713, 97871
2026/09/22 23:16:09.629, 1, 94725, 97871
2026/09/22 23:16:09.629, 2, 94720, 97871
2026/09/22 23:16:09.629, 3, 94714, 97871
2026/09/22 23:16:09.829, 0, 94713, 97871
2026/09/22 23:16:09.829, 1, 94725, 97871
2026/09/22 23:16:09.829, 2, 94720, 97871
2026/09/22 23:16:09.829, 3, 94714, 97871
2026/09/22 23:16:10.029, 0, 94713, 97871
2026/09/22 23:16:10.029, 1, 94725, 97871
2026/09/22 23:16:10.029, 2, 94720, 97871
2026/09/22 23:16:10.030, 3, 94714, 97871
2026/09/22 23:16:10.230, 0, 94713, 97871
2026/09/22 23:16:10.230, 1, 94725, 97871
2026/09/22 23:16:10.230, 2, 94720, 97871
2026/09/22 23:16:10.230, 3, 94714, 97871
2026/09/22 23:16:10.430, 0, 94713, 97871
2026/09/22 23:16:10.430, 1, 94725, 97871
2026/09/22 23:16:10.430, 2, 94720, 97871
2026/09/22 23:16:10.430, 3, 94714, 97871
2026/09/22 23:16:10.631, 0, 94713, 97871
2026/09/22 23:16:10.631, 1, 94725, 97871
2026/09/22 23:16:10.631, 2, 94720, 97871
2026/09/22 23:16:10.631, 3, 94714, 97871
2026/09/22 23:16:10.831, 0, 94713, 97871
2026/09/22 23:16:10.831, 1, 94725, 97871
2026/09/22 23:16:10.831, 2, 94720, 97871
2026/09/22 23:16:10.831, 3, 94714, 97871
2026/09/22 23:16:11.032, 0, 94713, 97871
2026/09/22 23:16:11.032, 1, 94725, 97871
2026/09/22 23:16:11.032, 2, 94720, 97871
2026/09/22 23:16:11.032, 3, 94714, 97871
2026/09/22 23:16:11.232, 0, 94713, 97871
2026/09/22 23:16:11.232, 1, 94725, 97871
2026/09/22 23:16:11.232, 2, 94720, 97871
2026/09/22 23:16:11.232, 3, 94714, 97871
2026/09/22 23:16:11.432, 0, 94713, 97871
2026/09/22 23:16:11.432, 1, 94725, 97871
2026/09/22 23:16:11.432, 2, 94720, 97871
2026/09/22 23:16:11.432, 3, 94714, 97871
2026/09/22 23:16:11.632, 0, 94713, 97871
2026/09/22 23:16:11.633, 1, 94725, 97871
2026/09/22 23:16:11.633, 2, 94720, 97871
2026/09/22 23:16:11.633, 3, 94714, 97871
2026/09/22 23:16:11.833, 0, 94713, 97871
2026/09/22 23:16:11.833, 1, 94725, 97871
2026/09/22 23:16:11.833, 2, 94720, 97871
2026/09/22 23:16:11.833, 3, 94714, 97871
2026/09/22 23:16:12.033, 0, 94713, 97871
2026/09/22 23:16:12.033, 1, 94725, 97871
2026/09/22 23:16:12.033, 2, 94720, 97871
2026/09/22 23:16:12.033, 3, 94714, 97871
2026/09/22 23:16:12.233, 0, 94713, 97871
2026/09/22 23:16:12.234, 1, 94725, 97871
2026/09/22 23:16:12.234, 2, 94720, 97871
2026/09/22 23:16:12.234, 3, 94714, 97871
2026/09/22 23:16:12.434, 0, 94713, 97871
2026/09/22 23:16:12.434, 1, 94725, 97871
2026/09/22 23:16:12.434, 2, 94720, 97871
2026/09/22 23:16:12.434, 3, 94714, 97871
2026/09/22 23:16:12.634, 0, 94713, 97871
2026/09/22 23:16:12.635, 1, 94725, 97871
2026/09/22 23:16:12.635, 2, 94720, 97871
2026/09/22 23:16:12.635, 3, 94714, 97871
2026/09/22 23:16:12.835, 0, 94713, 97871
2026/09/22 23:16:12.835, 1, 94725, 97871
2026/09/22 23:16:12.835, 2, 94720, 97871
2026/09/22 23:16:12.835, 3, 94714, 97871
2026/09/22 23:16:13.035, 0, 94713, 97871
2026/09/22 23:16:13.036, 1, 94725, 97871
2026/09/22 23:16:13.036, 2, 94720, 97871
2026/09/22 23:16:13.036, 3, 94714, 97871
2026/09/22 23:16:13.236, 0, 94713, 97871
2026/09/22 23:16:13.236, 1, 94725, 97871
2026/09/22 23:16:13.236, 2, 94720, 97871
2026/09/22 23:16:13.236, 3, 94714, 97871
2026/09/22 23:16:13.436, 0, 94713, 97871
2026/09/22 23:16:13.437, 1, 94725, 97871
2026/09/22 23:16:13.437, 2, 94720, 97871
2026/09/22 23:16:13.437, 3, 94714, 97871
2026/09/22 23:16:13.637, 0, 94713, 97871
2026/09/22 23:16:13.637, 1, 94725, 97871
2026/09/22 23:16:13.637, 2, 94720, 97871
2026/09/22 23:16:13.637, 3, 94714, 97871
2026/09/22 23:16:13.837, 0, 94713, 97871
2026/09/22 23:16:13.837, 1, 94725, 97871
2026/09/22 23:16:13.837, 2, 94720, 97871
2026/09/22 23:16:13.837, 3, 94714, 97871
2026/09/22 23:16:14.037, 0, 94713, 97871
2026/09/22 23:16:14.038, 1, 94725, 97871
2026/09/22 23:16:14.038, 2, 94720, 97871
2026/09/22 23:16:14.038, 3, 94714, 97871
2026/09/22 23:16:14.238, 0, 94713, 97871
2026/09/22 23:16:14.238, 1, 94725, 97871
2026/09/22 23:16:14.238, 2, 94720, 97871
2026/09/22 23:16:14.238, 3, 94714, 97871
2026/09/22 23:16:14.438, 0, 94713, 97871
2026/09/22 23:16:14.438, 1, 94725, 97871
2026/09/22 23:16:14.438, 2, 94720, 97871
2026/09/22 23:16:14.439, 3, 94714, 97871
2026/09/22 23:16:14.639, 0, 94713, 97871
2026/09/22 23:16:14.639, 1, 94725, 97871
2026/09/22 23:16:14.639, 2, 94720, 97871
2026/09/22 23:16:14.639, 3, 94714, 97871
2026/09/22 23:16:14.839, 0, 94713, 97871
2026/09/22 23:16:14.839, 1, 94725, 97871
2026/09/22 23:16:14.839, 2, 94720, 97871
2026/09/22 23:16:14.840, 3, 94714, 97871
2026/09/22 23:16:15.040, 0, 94713, 97871
2026/09/22 23:16:15.040, 1, 94725, 97871
2026/09/22 23:16:15.040, 2, 94720, 97871
2026/09/22 23:16:15.040, 3, 94714, 97871
2026/09/22 23:16:15.240, 0, 94713, 97871
2026/09/22 23:16:15.240, 1, 94725, 97871
2026/09/22 23:16:15.240, 2, 94720, 97871
2026/09/22 23:16:15.240, 3, 94714, 97871
2026/09/22 23:16:15.441, 0, 94713, 97871
2026/09/22 23:16:15.441, 1, 94725, 97871
2026/09/22 23:16:15.441, 2, 94720, 97871
2026/09/22 23:16:15.441, 3, 94714, 97871
2026/09/22 23:16:15.641, 0, 94713, 97871
2026/09/22 23:16:15.641, 1, 94725, 97871
2026/09/22 23:16:15.641, 2, 94720, 97871
2026/09/22 23:16:15.641, 3, 94714, 97871
2026/09/22 23:16:15.841, 0, 94713, 97871
2026/09/22 23:16:15.842, 1, 94725, 97871
2026/09/22 23:16:15.842, 2, 94720, 97871
2026/09/22 23:16:15.842, 3, 94714, 97871
2026/09/22 23:16:16.042, 0, 94713, 97871
2026/09/22 23:16:16.042, 1, 94725, 97871
2026/09/22 23:16:16.042, 2, 94720, 97871
2026/09/22 23:16:16.042, 3, 94714, 97871
2026/09/22 23:16:16.242, 0, 94713, 97871
2026/09/22 23:16:16.242, 1, 94725, 97871
2026/09/22 23:16:16.242, 2, 94720, 97871
2026/09/22 23:16:16.242, 3, 94714, 97871
2026/09/22 23:16:16.443, 0, 94713, 97871
2026/09/22 23:16:16.443, 1, 94725, 97871
2026/09/22 23:16:16.443, 2, 94720, 97871
2026/09/22 23:16:16.443, 3, 94714, 97871
2026/09/22 23:16:16.643, 0, 94713, 97871
2026/09/22 23:16:16.643, 1, 94725, 97871
2026/09/22 23:16:16.643, 2, 94720, 97871
2026/09/22 23:16:16.643, 3, 94714, 97871
2026/09/22 23:16:16.843, 0, 94713, 97871
2026/09/22 23:16:16.843, 1, 94725, 97871
2026/09/22 23:16:16.843, 2, 94720, 97871
2026/09/22 23:16:16.843, 3, 94714, 97871
2026/09/22 23:16:17.044, 0, 94713, 97871
2026/09/22 23:16:17.044, 1, 94725, 97871
2026/09/22 23:16:17.044, 2, 94720, 97871
2026/09/22 23:16:17.044, 3, 94714, 97871
2026/09/22 23:16:17.244, 0, 94713, 97871
2026/09/22 23:16:17.244, 1, 94725, 97871
2026/09/22 23:16:17.244, 2, 94720, 97871
2026/09/22 23:16:17.244, 3, 94714, 97871
2026/09/22 23:16:17.444, 0, 94713, 97871
2026/09/22 23:16:17.444, 1, 94725, 97871
2026/09/22 23:16:17.445, 2, 94720, 97871
2026/09/22 23:16:17.445, 3, 94714, 97871
2026/09/22 23:16:17.645, 0, 94713, 97871
2026/09/22 23:16:17.645, 1, 94725, 97871
2026/09/22 23:16:17.645, 2, 94720, 97871
2026/09/22 23:16:17.645, 3, 94714, 97871
2026/09/22 23:16:17.845, 0, 94713, 97871
2026/09/22 23:16:17.846, 1, 94725, 97871
2026/09/22 23:16:17.846, 2, 94720, 97871
2026/09/22 23:16:17.846, 3, 94714, 97871
2026/09/22 23:16:18.046, 0, 94713, 97871
2026/09/22 23:16:18.046, 1, 94725, 97871
2026/09/22 23:16:18.046, 2, 94720, 97871
2026/09/22 23:16:18.046, 3, 94714, 97871
2026/09/22 23:16:18.246, 0, 94713, 97871
2026/09/22 23:16:18.246, 1, 94725, 97871
2026/09/22 23:16:18.246, 2, 94720, 97871
2026/09/22 23:16:18.246, 3, 94714, 97871
2026/09/22 23:16:18.446, 0, 94713, 97871
2026/09/22 23:16:18.446, 1, 94725, 97871
2026/09/22 23:16:18.447, 2, 94720, 97871
2026/09/22 23:16:18.447, 3, 94714, 97871
2026/09/22 23:16:18.647, 0, 94713, 97871
2026/09/22 23:16:18.647, 1, 94725, 97871
2026/09/22 23:16:18.647, 2, 94720, 97871
2026/09/22 23:16:18.647, 3, 94714, 97871
2026/09/22 23:16:18.847, 0, 94713, 97871
2026/09/22 23:16:18.847, 1, 94725, 97871
2026/09/22 23:16:18.847, 2, 94720, 97871
2026/09/22 23:16:18.847, 3, 94714, 97871
2026/09/22 23:16:19.047, 0, 94713, 97871
2026/09/22 23:16:19.048, 1, 94725, 97871
2026/09/22 23:16:19.048, 2, 94720, 97871
2026/09/22 23:16:19.048, 3, 94714, 97871
2026/09/22 23:16:19.248, 0, 94713, 97871
2026/09/22 23:16:19.248, 1, 94725, 97871
2026/09/22 23:16:19.248, 2, 94720, 97871
2026/09/22 23:16:19.248, 3, 94714, 97871
2026/09/22 23:16:19.448, 0, 94713, 97871
2026/09/22 23:16:19.448, 1, 94725, 97871
2026/09/22 23:16:19.448, 2, 94720, 97871
2026/09/22 23:16:19.448, 3, 94714, 97871
2026/09/22 23:16:19.648, 0, 94713, 97871
2026/09/22 23:16:19.648, 1, 94725, 97871
2026/09/22 23:16:19.648, 2, 94720, 97871
2026/09/22 23:16:19.649, 3, 94714, 97871
2026/09/22 23:16:19.849, 0, 94713, 97871
2026/09/22 23:16:19.849, 1, 94725, 97871
2026/09/22 23:16:19.849, 2, 94720, 97871
2026/09/22 23:16:19.849, 3, 94714, 97871
2026/09/22 23:16:20.049, 0, 94713, 97871
2026/09/22 23:16:20.049, 1, 94725, 97871
2026/09/22 23:16:20.049, 2, 94720, 97871
2026/09/22 23:16:20.050, 3, 94714, 97871
2026/09/22 23:16:20.250, 0, 94713, 97871
2026/09/22 23:16:20.250, 1, 94725, 97871
2026/09/22 23:16:20.250, 2, 94720, 97871
2026/09/22 23:16:20.250, 3, 94714, 97871
2026/09/22 23:16:20.450, 0, 94713, 97871
2026/09/22 23:16:20.450, 1, 94725, 97871
2026/09/22 23:16:20.450, 2, 94720, 97871
2026/09/22 23:16:20.450, 3, 94714, 97871
2026/09/22 23:16:20.650, 0, 94713, 97871
2026/09/22 23:16:20.651, 1, 94725, 97871
2026/09/22 23:16:20.651, 2, 94720, 97871
2026/09/22 23:16:20.651, 3, 94714, 97871
2026/09/22 23:16:20.851, 0, 94713, 97871
2026/09/22 23:16:20.851, 1, 94725, 97871
2026/09/22 23:16:20.851, 2, 94720, 97871
2026/09/22 23:16:20.851, 3, 94714, 97871
2026/09/22 23:16:21.051, 0, 94713, 97871
2026/09/22 23:16:21.051, 1, 94725, 97871
2026/09/22 23:16:21.051, 2, 94720, 97871
2026/09/22 23:16:21.051, 3, 94714, 97871
2026/09/22 23:16:21.251, 0, 94713, 97871
2026/09/22 23:16:21.252, 1, 94725, 97871
2026/09/22 23:16:21.252, 2, 94720, 97871
2026/09/22 23:16:21.252, 3, 94714, 97871
2026/09/22 23:16:21.452, 0, 94713, 97871
2026/09/22 23:16:21.452, 1, 94725, 97871
2026/09/22 23:16:21.452, 2, 94720, 97871
2026/09/22 23:16:21.452, 3, 94714, 97871
2026/09/22 23:16:21.653, 0, 94713, 97871
2026/09/22 23:16:21.653, 1, 94725, 97871
2026/09/22 23:16:21.653, 2, 94720, 97871
2026/09/22 23:16:21.653, 3, 94714, 97871
2026/09/22 23:16:21.853, 0, 94713, 97871
2026/09/22 23:16:21.853, 1, 94725, 97871
2026/09/22 23:16:21.853, 2, 94720, 97871
2026/09/22 23:16:21.853, 3, 94714, 97871
2026/09/22 23:16:22.054, 0, 94713, 97871
2026/09/22 23:16:22.054, 1, 94725, 97871
2026/09/22 23:16:22.054, 2, 94720, 97871
2026/09/22 23:16:22.054, 3, 94714, 97871
2026/09/22 23:16:22.254, 0, 94713, 97871
2026/09/22 23:16:22.254, 1, 94725, 97871
2026/09/22 23:16:22.254, 2, 94720, 97871
2026/09/22 23:16:22.254, 3, 94714, 97871
2026/09/22 23:16:22.454, 0, 94713, 97871
2026/09/22 23:16:22.455, 1, 94725, 97871
2026/09/22 23:16:22.455, 2, 94720, 97871
2026/09/22 23:16:22.455, 3, 94714, 97871
2026/09/22 23:16:22.655, 0, 94713, 97871
2026/09/22 23:16:22.655, 1, 94725, 97871
2026/09/22 23:16:22.655, 2, 94720, 97871
2026/09/22 23:16:22.655, 3, 94714, 97871
2026/09/22 23:16:22.855, 0, 94713, 97871
2026/09/22 23:16:22.855, 1, 94725, 97871
2026/09/22 23:16:22.855, 2, 94720, 97871
2026/09/22 23:16:22.855, 3, 94714, 97871
2026/09/22 23:16:23.055, 0, 94713, 97871
2026/09/22 23:16:23.056, 1, 94725, 97871
2026/09/22 23:16:23.056, 2, 94720, 97871
2026/09/22 23:16:23.056, 3, 94714, 97871
2026/09/22 23:16:23.256, 0, 94713, 97871
2026/09/22 23:16:23.256, 1, 94725, 97871
2026/09/22 23:16:23.256, 2, 94720, 97871
2026/09/22 23:16:23.256, 3, 94714, 97871
2026/09/22 23:16:23.456, 0, 94713, 97871
2026/09/22 23:16:23.456, 1, 94725, 97871
2026/09/22 23:16:23.456, 2, 94720, 97871
2026/09/22 23:16:23.456, 3, 94714, 97871
2026/09/22 23:16:23.656, 0, 94713, 97871
2026/09/22 23:16:23.657, 1, 94725, 97871
2026/09/22 23:16:23.657, 2, 94720, 97871
2026/09/22 23:16:23.657, 3, 94714, 97871
2026/09/22 23:16:23.857, 0, 94713, 97871
2026/09/22 23:16:23.857, 1, 94725, 97871
2026/09/22 23:16:23.857, 2, 94720, 97871
2026/09/22 23:16:23.857, 3, 94714, 97871
2026/09/22 23:16:24.057, 0, 94713, 97871
2026/09/22 23:16:24.057, 1, 94725, 97871
2026/09/22 23:16:24.057, 2, 94720, 97871
2026/09/22 23:16:24.058, 3, 94714, 97871
2026/09/22 23:16:24.258, 0, 94713, 97871
2026/09/22 23:16:24.258, 1, 94725, 97871
2026/09/22 23:16:24.258, 2, 94720, 97871
2026/09/22 23:16:24.258, 3, 94714, 97871
2026/09/22 23:16:24.458, 0, 94713, 97871
2026/09/22 23:16:24.458, 1, 94725, 97871
2026/09/22 23:16:24.458, 2, 94720, 97871
2026/09/22 23:16:24.458, 3, 94714, 97871
2026/09/22 23:16:24.658, 0, 94713, 97871
2026/09/22 23:16:24.659, 1, 94725, 97871
2026/09/22 23:16:24.659, 2, 94720, 97871
2026/09/22 23:16:24.659, 3, 94714, 97871
2026/09/22 23:16:24.859, 0, 94713, 97871
2026/09/22 23:16:24.859, 1, 94725, 97871
2026/09/22 23:16:24.859, 2, 94720, 97871
2026/09/22 23:16:24.859, 3, 94714, 97871
2026/09/22 23:16:25.059, 0, 94713, 97871
2026/09/22 23:16:25.059, 1, 94725, 97871
2026/09/22 23:16:25.059, 2, 94720, 97871
2026/09/22 23:16:25.059, 3, 94714, 97871
2026/09/22 23:16:25.259, 0, 94713, 97871
2026/09/22 23:16:25.259, 1, 94725, 97871
2026/09/22 23:16:25.260, 2, 94720, 97871
2026/09/22 23:16:25.260, 3, 94714, 97871
2026/09/22 23:16:25.460, 0, 94713, 97871
2026/09/22 23:16:25.460, 1, 94725, 97871
2026/09/22 23:16:25.460, 2, 94720, 97871
2026/09/22 23:16:25.460, 3, 94714, 97871
2026/09/22 23:16:25.660, 0, 94713, 97871
2026/09/22 23:16:25.660, 1, 94725, 97871
2026/09/22 23:16:25.660, 2, 94720, 97871
2026/09/22 23:16:25.660, 3, 94714, 97871
2026/09/22 23:16:25.860, 0, 94713, 97871
2026/09/22 23:16:25.860, 1, 94725, 97871
2026/09/22 23:16:25.860, 2, 94720, 97871
2026/09/22 23:16:25.860, 3, 94714, 97871
2026/09/22 23:16:26.060, 0, 94713, 97871
2026/09/22 23:16:26.061, 1, 94725, 97871
2026/09/22 23:16:26.061, 2, 94720, 97871
2026/09/22 23:16:26.061, 3, 94714, 97871
2026/09/22 23:16:26.261, 0, 94713, 97871
2026/09/22 23:16:26.261, 1, 94725, 97871
2026/09/22 23:16:26.261, 2, 94720, 97871
2026/09/22 23:16:26.261, 3, 94714, 97871
2026/09/22 23:16:26.461, 0, 94713, 97871
2026/09/22 23:16:26.461, 1, 94725, 97871
2026/09/22 23:16:26.462, 2, 94720, 97871
2026/09/22 23:16:26.462, 3, 94714, 97871
2026/09/22 23:16:26.662, 0, 94713, 97871
2026/09/22 23:16:26.662, 1, 94725, 97871
2026/09/22 23:16:26.662, 2, 94720, 97871
2026/09/22 23:16:26.662, 3, 94714, 97871
2026/09/22 23:16:26.862, 0, 94713, 97871
2026/09/22 23:16:26.862, 1, 94725, 97871
2026/09/22 23:16:26.862, 2, 94720, 97871
2026/09/22 23:16:26.862, 3, 94714, 97871
2026/09/22 23:16:27.063, 0, 94713, 97871
2026/09/22 23:16:27.063, 1, 94725, 97871
2026/09/22 23:16:27.063, 2, 94720, 97871
2026/09/22 23:16:27.063, 3, 94714, 97871
2026/09/22 23:16:27.263, 0, 94713, 97871
2026/09/22 23:16:27.263, 1, 94725, 97871
2026/09/22 23:16:27.263, 2, 94720, 97871
2026/09/22 23:16:27.263, 3, 94714, 97871
2026/09/22 23:16:27.463, 0, 94713, 97871
2026/09/22 23:16:27.463, 1, 94725, 97871
2026/09/22 23:16:27.463, 2, 94720, 97871
2026/09/22 23:16:27.463, 3, 94714, 97871
2026/09/22 23:16:27.663, 0, 94713, 97871
2026/09/22 23:16:27.664, 1, 94725, 97871
2026/09/22 23:16:27.664, 2, 94720, 97871
2026/09/22 23:16:27.664, 3, 94714, 97871
2026/09/22 23:16:27.864, 0, 94713, 97871
2026/09/22 23:16:27.864, 1, 94725, 97871
2026/09/22 23:16:27.864, 2, 94720, 97871
2026/09/22 23:16:27.864, 3, 94714, 97871
2026/09/22 23:16:28.064, 0, 94713, 97871
2026/09/22 23:16:28.064, 1, 94725, 97871
2026/09/22 23:16:28.064, 2, 94720, 97871
2026/09/22 23:16:28.064, 3, 94714, 97871
2026/09/22 23:16:28.264, 0, 94713, 97871
2026/09/22 23:16:28.265, 1, 94725, 97871
2026/09/22 23:16:28.265, 2, 94720, 97871
2026/09/22 23:16:28.265, 3, 94714, 97871
2026/09/22 23:16:28.465, 0, 94713, 97871
2026/09/22 23:16:28.465, 1, 94725, 97871
2026/09/22 23:16:28.465, 2, 94720, 97871
2026/09/22 23:16:28.465, 3, 94714, 97871
2026/09/22 23:16:28.665, 0, 94713, 97871
2026/09/22 23:16:28.665, 1, 94725, 97871
2026/09/22 23:16:28.666, 2, 94720, 97871
2026/09/22 23:16:28.666, 3, 94714, 97871
2026/09/22 23:16:28.866, 0, 94713, 97871
2026/09/22 23:16:28.866, 1, 94725, 97871
2026/09/22 23:16:28.866, 2, 94720, 97871
2026/09/22 23:16:28.866, 3, 94714, 97871
2026/09/22 23:16:29.066, 0, 94713, 97871
2026/09/22 23:16:29.066, 1, 94725, 97871
2026/09/22 23:16:29.066, 2, 94720, 97871
2026/09/22 23:16:29.066, 3, 94714, 97871
2026/09/22 23:16:29.266, 0, 94713, 97871
2026/09/22 23:16:29.267, 1, 94725, 97871
2026/09/22 23:16:29.267, 2, 94720, 97871
2026/09/22 23:16:29.267, 3, 94714, 97871
2026/09/22 23:16:29.467, 0, 94713, 97871
2026/09/22 23:16:29.467, 1, 94725, 97871
2026/09/22 23:16:29.467, 2, 94720, 97871
2026/09/22 23:16:29.467, 3, 94714, 97871
2026/09/22 23:16:29.667, 0, 94713, 97871
2026/09/22 23:16:29.667, 1, 94725, 97871
2026/09/22 23:16:29.667, 2, 94720, 97871
2026/09/22 23:16:29.667, 3, 94714, 97871
2026/09/22 23:16:29.867, 0, 94713, 97871
2026/09/22 23:16:29.867, 1, 94725, 97871
2026/09/22 23:16:29.868, 2, 94720, 97871
2026/09/22 23:16:29.868, 3, 94714, 97871
2026/09/22 23:16:30.068, 0, 94713, 97871
2026/09/22 23:16:30.068, 1, 94725, 97871
2026/09/22 23:16:30.068, 2, 94720, 97871
2026/09/22 23:16:30.068, 3, 94714, 97871
2026/09/22 23:16:30.268, 0, 94713, 97871
2026/09/22 23:16:30.268, 1, 94725, 97871
2026/09/22 23:16:30.268, 2, 94720, 97871
2026/09/22 23:16:30.268, 3, 94714, 97871
2026/09/22 23:16:30.468, 0, 94713, 97871
2026/09/22 23:16:30.468, 1, 94725, 97871
2026/09/22 23:16:30.469, 2, 94720, 97871
2026/09/22 23:16:30.469, 3, 94714, 97871
2026/09/22 23:16:30.669, 0, 94713, 97871
2026/09/22 23:16:30.669, 1, 94725, 97871
2026/09/22 23:16:30.669, 2, 94720, 97871
2026/09/22 23:16:30.669, 3, 94714, 97871
2026/09/22 23:16:30.869, 0, 94713, 97871
2026/09/22 23:16:30.869, 1, 94725, 97871
2026/09/22 23:16:30.869, 2, 94720, 97871
2026/09/22 23:16:30.870, 3, 94714, 97871
2026/09/22 23:16:31.070, 0, 94713, 97871
2026/09/22 23:16:31.070, 1, 94725, 97871
2026/09/22 23:16:31.070, 2, 94720, 97871
2026/09/22 23:16:31.070, 3, 94714, 97871
2026/09/22 23:16:31.270, 0, 94713, 97871
2026/09/22 23:16:31.270, 1, 94725, 97871
2026/09/22 23:16:31.270, 2, 94720, 97871
2026/09/22 23:16:31.270, 3, 94714, 97871
2026/09/22 23:16:31.470, 0, 94713, 97871
2026/09/22 23:16:31.470, 1, 94725, 97871
2026/09/22 23:16:31.471, 2, 94720, 97871
2026/09/22 23:16:31.471, 3, 94714, 97871
2026/09/22 23:16:31.671, 0, 94713, 97871
2026/09/22 23:16:31.671, 1, 94725, 97871
2026/09/22 23:16:31.671, 2, 94720, 97871
2026/09/22 23:16:31.671, 3, 94714, 97871
2026/09/22 23:16:31.871, 0, 94713, 97871
2026/09/22 23:16:31.871, 1, 94725, 97871
2026/09/22 23:16:31.871, 2, 94720, 97871
2026/09/22 23:16:31.871, 3, 94714, 97871
2026/09/22 23:16:32.072, 0, 94713, 97871
2026/09/22 23:16:32.072, 1, 94725, 97871
2026/09/22 23:16:32.072, 2, 94720, 97871
2026/09/22 23:16:32.072, 3, 94714, 97871
2026/09/22 23:16:32.272, 0, 94713, 97871
2026/09/22 23:16:32.272, 1, 94725, 97871
2026/09/22 23:16:32.272, 2, 94720, 97871
2026/09/22 23:16:32.272, 3, 94714, 97871
2026/09/22 23:16:32.472, 0, 94713, 97871
2026/09/22 23:16:32.472, 1, 94725, 97871
2026/09/22 23:16:32.473, 2, 94720, 97871
2026/09/22 23:16:32.473, 3, 94714, 97871
2026/09/22 23:16:32.673, 0, 94713, 97871
2026/09/22 23:16:32.673, 1, 94725, 97871
2026/09/22 23:16:32.673, 2, 94720, 97871
2026/09/22 23:16:32.673, 3, 94714, 97871
2026/09/22 23:16:32.873, 0, 94713, 97871
2026/09/22 23:16:32.873, 1, 94725, 97871
2026/09/22 23:16:32.873, 2, 94720, 97871
2026/09/22 23:16:32.873, 3, 94714, 97871
2026/09/22 23:16:33.073, 0, 94713, 97871
2026/09/22 23:16:33.073, 1, 94725, 97871
2026/09/22 23:16:33.074, 2, 94720, 97871
2026/09/22 23:16:33.074, 3, 94714, 97871
2026/09/22 23:16:33.274, 0, 94713, 97871
2026/09/22 23:16:33.274, 1, 94725, 97871
2026/09/22 23:16:33.274, 2, 94720, 97871
2026/09/22 23:16:33.274, 3, 94714, 97871
2026/09/22 23:16:33.474, 0, 94713, 97871
2026/09/22 23:16:33.474, 1, 94725, 97871
2026/09/22 23:16:33.474, 2, 94720, 97871
2026/09/22 23:16:33.475, 3, 94714, 97871
2026/09/22 23:16:33.675, 0, 94713, 97871
2026/09/22 23:16:33.675, 1, 94725, 97871
2026/09/22 23:16:33.675, 2, 94720, 97871
2026/09/22 23:16:33.675, 3, 94714, 97871
2026/09/22 23:16:33.875, 0, 94713, 97871
2026/09/22 23:16:33.875, 1, 94725, 97871
2026/09/22 23:16:33.875, 2, 94720, 97871
2026/09/22 23:16:33.875, 3, 94714, 97871
2026/09/22 23:16:34.076, 0, 94713, 97871
2026/09/22 23:16:34.076, 1, 94725, 97871
2026/09/22 23:16:34.076, 2, 94720, 97871
2026/09/22 23:16:34.076, 3, 94714, 97871
2026/09/22 23:16:34.276, 0, 94713, 97871
2026/09/22 23:16:34.276, 1, 94725, 97871
2026/09/22 23:16:34.276, 2, 94720, 97871
2026/09/22 23:16:34.276, 3, 94714, 97871
2026/09/22 23:16:34.476, 0, 94713, 97871
2026/09/22 23:16:34.476, 1, 94725, 97871
2026/09/22 23:16:34.476, 2, 94720, 97871
2026/09/22 23:16:34.476, 3, 94714, 97871
2026/09/22 23:16:34.676, 0, 94713, 97871
2026/09/22 23:16:34.677, 1, 94725, 97871
2026/09/22 23:16:34.677, 2, 94720, 97871
2026/09/22 23:16:34.677, 3, 94714, 97871
2026/09/22 23:16:34.877, 0, 94713, 97871
2026/09/22 23:16:34.877, 1, 94725, 97871
2026/09/22 23:16:34.877, 2, 94720, 97871
2026/09/22 23:16:34.877, 3, 94714, 97871
2026/09/22 23:16:35.077, 0, 94713, 97871
2026/09/22 23:16:35.077, 1, 94725, 97871
2026/09/22 23:16:35.077, 2, 94720, 97871
2026/09/22 23:16:35.077, 3, 94714, 97871
2026/09/22 23:16:35.277, 0, 94713, 97871
2026/09/22 23:16:35.278, 1, 94725, 97871
2026/09/22 23:16:35.278, 2, 94720, 97871
2026/09/22 23:16:35.278, 3, 94714, 97871
2026/09/22 23:16:35.478, 0, 94713, 97871
2026/09/22 23:16:35.478, 1, 94725, 97871
2026/09/22 23:16:35.478, 2, 94720, 97871
2026/09/22 23:16:35.478, 3, 94714, 97871
2026/09/22 23:16:35.678, 0, 94713, 97871
2026/09/22 23:16:35.678, 1, 94725, 97871
2026/09/22 23:16:35.678, 2, 94720, 97871
2026/09/22 23:16:35.679, 3, 94714, 97871
2026/09/22 23:16:35.879, 0, 94713, 97871
2026/09/22 23:16:35.879, 1, 94725, 97871
2026/09/22 23:16:35.879, 2, 94720, 97871
2026/09/22 23:16:35.879, 3, 94714, 97871
2026/09/22 23:16:36.079, 0, 94713, 97871
2026/09/22 23:16:36.079, 1, 94725, 97871
2026/09/22 23:16:36.079, 2, 94720, 97871
2026/09/22 23:16:36.080, 3, 94714, 97871
2026/09/22 23:16:36.280, 0, 94713, 97871
2026/09/22 23:16:36.280, 1, 94725, 97871
2026/09/22 23:16:36.280, 2, 94720, 97871
2026/09/22 23:16:36.280, 3, 94714, 97871
2026/09/22 23:16:36.480, 0, 94713, 97871
2026/09/22 23:16:36.480, 1, 94725, 97871
2026/09/22 23:16:36.480, 2, 94720, 97871
2026/09/22 23:16:36.480, 3, 94714, 97871
2026/09/22 23:16:36.680, 0, 94713, 97871
2026/09/22 23:16:36.680, 1, 94725, 97871
2026/09/22 23:16:36.681, 2, 94720, 97871
2026/09/22 23:16:36.681, 3, 94714, 97871
2026/09/22 23:16:36.881, 0, 94713, 97871
2026/09/22 23:16:36.881, 1, 94725, 97871
2026/09/22 23:16:36.881, 2, 94720, 97871
2026/09/22 23:16:36.881, 3, 94714, 97871
2026/09/22 23:16:37.081, 0, 94713, 97871
2026/09/22 23:16:37.081, 1, 94725, 97871
2026/09/22 23:16:37.081, 2, 94720, 97871
2026/09/22 23:16:37.081, 3, 94714, 97871
2026/09/22 23:16:37.281, 0, 94713, 97871
2026/09/22 23:16:37.281, 1, 94725, 97871
2026/09/22 23:16:37.282, 2, 94720, 97871
2026/09/22 23:16:37.282, 3, 94714, 97871
2026/09/22 23:16:37.482, 0, 94713, 97871
2026/09/22 23:16:37.482, 1, 94725, 97871
2026/09/22 23:16:37.482, 2, 94720, 97871
2026/09/22 23:16:37.482, 3, 94714, 97871
2026/09/22 23:16:37.682, 0, 94713, 97871
2026/09/22 23:16:37.682, 1, 94725, 97871
2026/09/22 23:16:37.682, 2, 94720, 97871
2026/09/22 23:16:37.682, 3, 94714, 97871
2026/09/22 23:16:37.883, 0, 94713, 97871
2026/09/22 23:16:37.883, 1, 94725, 97871
2026/09/22 23:16:37.883, 2, 94720, 97871
2026/09/22 23:16:37.883, 3, 94714, 97871
2026/09/22 23:16:38.083, 0, 94713, 97871
2026/09/22 23:16:38.083, 1, 94725, 97871
2026/09/22 23:16:38.083, 2, 94720, 97871
2026/09/22 23:16:38.083, 3, 94714, 97871
2026/09/22 23:16:38.283, 0, 94713, 97871
2026/09/22 23:16:38.283, 1, 94725, 97871
2026/09/22 23:16:38.283, 2, 94720, 97871
2026/09/22 23:16:38.283, 3, 94714, 97871
2026/09/22 23:16:38.484, 0, 94713, 97871
2026/09/22 23:16:38.484, 1, 94725, 97871
2026/09/22 23:16:38.484, 2, 94720, 97871
2026/09/22 23:16:38.484, 3, 94714, 97871
2026/09/22 23:16:38.684, 0, 94713, 97871
2026/09/22 23:16:38.684, 1, 94725, 97871
2026/09/22 23:16:38.684, 2, 94720, 97871
2026/09/22 23:16:38.684, 3, 94714, 97871
2026/09/22 23:16:38.884, 0, 94713, 97871
2026/09/22 23:16:38.884, 1, 94725, 97871
2026/09/22 23:16:38.885, 2, 94720, 97871
2026/09/22 23:16:38.885, 3, 94714, 97871
2026/09/22 23:16:39.085, 0, 94713, 97871
2026/09/22 23:16:39.085, 1, 94725, 97871
2026/09/22 23:16:39.085, 2, 94720, 97871
2026/09/22 23:16:39.085, 3, 94714, 97871
2026/09/22 23:16:39.285, 0, 94713, 97871
2026/09/22 23:16:39.285, 1, 94725, 97871
2026/09/22 23:16:39.285, 2, 94720, 97871
2026/09/22 23:16:39.285, 3, 94714, 97871
2026/09/22 23:16:39.485, 0, 94713, 97871
2026/09/22 23:16:39.485, 1, 94725, 97871
2026/09/22 23:16:39.485, 2, 94720, 97871
2026/09/22 23:16:39.485, 3, 94714, 97871
2026/09/22 23:16:39.685, 0, 94713, 97871
2026/09/22 23:16:39.686, 1, 94725, 97871
2026/09/22 23:16:39.686, 2, 94720, 97871
2026/09/22 23:16:39.686, 3, 94714, 97871
2026/09/22 23:16:39.886, 0, 94713, 97871
2026/09/22 23:16:39.886, 1, 94725, 97871
2026/09/22 23:16:39.886, 2, 94720, 97871
2026/09/22 23:16:39.886, 3, 94714, 97871
2026/09/22 23:16:40.086, 0, 94713, 97871
2026/09/22 23:16:40.086, 1, 94725, 97871
2026/09/22 23:16:40.086, 2, 94720, 97871
2026/09/22 23:16:40.087, 3, 94714, 97871
2026/09/22 23:16:40.287, 0, 94713, 97871
2026/09/22 23:16:40.287, 1, 94725, 97871
2026/09/22 23:16:40.287, 2, 94720, 97871
2026/09/22 23:16:40.287, 3, 94714, 97871
2026/09/22 23:16:40.487, 0, 94713, 97871
2026/09/22 23:16:40.487, 1, 94725, 97871
2026/09/22 23:16:40.487, 2, 94720, 97871
2026/09/22 23:16:40.487, 3, 94714, 97871
2026/09/22 23:16:40.687, 0, 94713, 97871
2026/09/22 23:16:40.687, 1, 94725, 97871
2026/09/22 23:16:40.687, 2, 94720, 97871
2026/09/22 23:16:40.688, 3, 94714, 97871
2026/09/22 23:16:40.888, 0, 94713, 97871
2026/09/22 23:16:40.888, 1, 94725, 97871
2026/09/22 23:16:40.888, 2, 94720, 97871
2026/09/22 23:16:40.888, 3, 94714, 97871
2026/09/22 23:16:41.088, 0, 94713, 97871
2026/09/22 23:16:41.088, 1, 94725, 97871
2026/09/22 23:16:41.088, 2, 94720, 97871
2026/09/22 23:16:41.088, 3, 94714, 97871
2026/09/22 23:16:41.288, 0, 94713, 97871
2026/09/22 23:16:41.288, 1, 94725, 97871
2026/09/22 23:16:41.288, 2, 94720, 97871
2026/09/22 23:16:41.288, 3, 94714, 97871
2026/09/22 23:16:41.489, 0, 94713, 97871
2026/09/22 23:16:41.489, 1, 94725, 97871
2026/09/22 23:16:41.489, 2, 94720, 97871
2026/09/22 23:16:41.489, 3, 94714, 97871
2026/09/22 23:16:41.689, 0, 94713, 97871
2026/09/22 23:16:41.689, 1, 94725, 97871
2026/09/22 23:16:41.689, 2, 94720, 97871
2026/09/22 23:16:41.689, 3, 94714, 97871
2026/09/22 23:16:41.890, 0, 94713, 97871
2026/09/22 23:16:41.890, 1, 94725, 97871
2026/09/22 23:16:41.890, 2, 94720, 97871
2026/09/22 23:16:41.890, 3, 94714, 97871
2026/09/22 23:16:42.090, 0, 94713, 97871
2026/09/22 23:16:42.090, 1, 94725, 97871
2026/09/22 23:16:42.090, 2, 94720, 97871
2026/09/22 23:16:42.090, 3, 94714, 97871
2026/09/22 23:16:42.290, 0, 94713, 97871
2026/09/22 23:16:42.291, 1, 94725, 97871
2026/09/22 23:16:42.291, 2, 94720, 97871
2026/09/22 23:16:42.291, 3, 94714, 97871
2026/09/22 23:16:42.491, 0, 94713, 97871
2026/09/22 23:16:42.491, 1, 94725, 97871
2026/09/22 23:16:42.491, 2, 94720, 97871
2026/09/22 23:16:42.491, 3, 94714, 97871
2026/09/22 23:16:42.691, 0, 94713, 97871
2026/09/22 23:16:42.691, 1, 94725, 97871
2026/09/22 23:16:42.691, 2, 94720, 97871
2026/09/22 23:16:42.691, 3, 94714, 97871
2026/09/22 23:16:42.892, 0, 94713, 97871
2026/09/22 23:16:42.892, 1, 94725, 97871
2026/09/22 23:16:42.892, 2, 94720, 97871
2026/09/22 23:16:42.892, 3, 94714, 97871
2026/09/22 23:16:43.092, 0, 94713, 97871
2026/09/22 23:16:43.092, 1, 94725, 97871
2026/09/22 23:16:43.092, 2, 94720, 97871
2026/09/22 23:16:43.092, 3, 94714, 97871
2026/09/22 23:16:43.292, 0, 94713, 97871
2026/09/22 23:16:43.292, 1, 94725, 97871
2026/09/22 23:16:43.292, 2, 94720, 97871
2026/09/22 23:16:43.292, 3, 94714, 97871
2026/09/22 23:16:43.492, 0, 94713, 97871
2026/09/22 23:16:43.492, 1, 94725, 97871
2026/09/22 23:16:43.493, 2, 94720, 97871
2026/09/22 23:16:43.493, 3, 94714, 97871
2026/09/22 23:16:43.693, 0, 94713, 97871
2026/09/22 23:16:43.693, 1, 94725, 97871
2026/09/22 23:16:43.693, 2, 94720, 97871
2026/09/22 23:16:43.693, 3, 94714, 97871
2026/09/22 23:16:43.893, 0, 94713, 97871
2026/09/22 23:16:43.893, 1, 94725, 97871
2026/09/22 23:16:43.893, 2, 94720, 97871
2026/09/22 23:16:43.893, 3, 94714, 97871
2026/09/22 23:16:44.093, 0, 94713, 97871
2026/09/22 23:16:44.093, 1, 94725, 97871
2026/09/22 23:16:44.094, 2, 94720, 97871
2026/09/22 23:16:44.094, 3, 94714, 97871
2026/09/22 23:16:44.294, 0, 94713, 97871
2026/09/22 23:16:44.294, 1, 94725, 97871
2026/09/22 23:16:44.294, 2, 94720, 97871
2026/09/22 23:16:44.294, 3, 94714, 97871
2026/09/22 23:16:44.494, 0, 94713, 97871
2026/09/22 23:16:44.494, 1, 94725, 97871
2026/09/22 23:16:44.494, 2, 94720, 97871
2026/09/22 23:16:44.494, 3, 94714, 97871
2026/09/22 23:16:44.695, 0, 94713, 97871
2026/09/22 23:16:44.695, 1, 94725, 97871
2026/09/22 23:16:44.695, 2, 94720, 97871
2026/09/22 23:16:44.695, 3, 94714, 97871
2026/09/22 23:16:44.895, 0, 94713, 97871
2026/09/22 23:16:44.895, 1, 94725, 97871
2026/09/22 23:16:44.895, 2, 94720, 97871
2026/09/22 23:16:44.895, 3, 94714, 97871
2026/09/22 23:16:45.095, 0, 94713, 97871
2026/09/22 23:16:45.096, 1, 94725, 97871
2026/09/22 23:16:45.096, 2, 94720, 97871
2026/09/22 23:16:45.096, 3, 94714, 97871
2026/09/22 23:16:45.296, 0, 94713, 97871
2026/09/22 23:16:45.296, 1, 94725, 97871
2026/09/22 23:16:45.296, 2, 94720, 97871
2026/09/22 23:16:45.296, 3, 94714, 97871
2026/09/22 23:16:45.496, 0, 94713, 97871
2026/09/22 23:16:45.496, 1, 94725, 97871
2026/09/22 23:16:45.496, 2, 94720, 97871
2026/09/22 23:16:45.496, 3, 94714, 97871
2026/09/22 23:16:45.697, 0, 94713, 97871
2026/09/22 23:16:45.697, 1, 94725, 97871
2026/09/22 23:16:45.697, 2, 94720, 97871
2026/09/22 23:16:45.697, 3, 94714, 97871
2026/09/22 23:16:45.897, 0, 94713, 97871
2026/09/22 23:16:45.897, 1, 94725, 97871
2026/09/22 23:16:45.897, 2, 94720, 97871
2026/09/22 23:16:45.897, 3, 94714, 97871
2026/09/22 23:16:46.097, 0, 94713, 97871
2026/09/22 23:16:46.097, 1, 94725, 97871
2026/09/22 23:16:46.097, 2, 94720, 97871
2026/09/22 23:16:46.098, 3, 94714, 97871
2026/09/22 23:16:46.298, 0, 94713, 97871
2026/09/22 23:16:46.298, 1, 94725, 97871
2026/09/22 23:16:46.298, 2, 94720, 97871
2026/09/22 23:16:46.298, 3, 94714, 97871
2026/09/22 23:16:46.498, 0, 94713, 97871
2026/09/22 23:16:46.498, 1, 94725, 97871
2026/09/22 23:16:46.498, 2, 94720, 97871
2026/09/22 23:16:46.498, 3, 94714, 97871
2026/09/22 23:16:46.698, 0, 94713, 97871
2026/09/22 23:16:46.698, 1, 94725, 97871
2026/09/22 23:16:46.698, 2, 94720, 97871
2026/09/22 23:16:46.699, 3, 94714, 97871
2026/09/22 23:16:46.899, 0, 94713, 97871
2026/09/22 23:16:46.899, 1, 94725, 97871
2026/09/22 23:16:46.899, 2, 94720, 97871
2026/09/22 23:16:46.899, 3, 94714, 97871
2026/09/22 23:16:47.099, 0, 94713, 97871
2026/09/22 23:16:47.099, 1, 94725, 97871
2026/09/22 23:16:47.099, 2, 94720, 97871
2026/09/22 23:16:47.099, 3, 94714, 97871
2026/09/22 23:16:47.300, 0, 94713, 97871
2026/09/22 23:16:47.300, 1, 94725, 97871
2026/09/22 23:16:47.300, 2, 94720, 97871
2026/09/22 23:16:47.300, 3, 94714, 97871
2026/09/22 23:16:47.500, 0, 94713, 97871
2026/09/22 23:16:47.500, 1, 94725, 97871
2026/09/22 23:16:47.500, 2, 94720, 97871
2026/09/22 23:16:47.500, 3, 94714, 97871
2026/09/22 23:16:47.700, 0, 94713, 97871
2026/09/22 23:16:47.700, 1, 94725, 97871
2026/09/22 23:16:47.700, 2, 94720, 97871
2026/09/22 23:16:47.700, 3, 94714, 97871
2026/09/22 23:16:47.900, 0, 94713, 97871
2026/09/22 23:16:47.901, 1, 94725, 97871
2026/09/22 23:16:47.901, 2, 94720, 97871
2026/09/22 23:16:47.901, 3, 94714, 97871
2026/09/22 23:16:48.101, 0, 94713, 97871
2026/09/22 23:16:48.101, 1, 94725, 97871
2026/09/22 23:16:48.101, 2, 94720, 97871
2026/09/22 23:16:48.101, 3, 94714, 97871
2026/09/22 23:16:48.301, 0, 94713, 97871
2026/09/22 23:16:48.301, 1, 94725, 97871
2026/09/22 23:16:48.301, 2, 94720, 97871
2026/09/22 23:16:48.301, 3, 94714, 97871
2026/09/22 23:16:48.501, 0, 94713, 97871
2026/09/22 23:16:48.501, 1, 94725, 97871
2026/09/22 23:16:48.501, 2, 94720, 97871
2026/09/22 23:16:48.501, 3, 94714, 97871
2026/09/22 23:16:48.701, 0, 94713, 97871
2026/09/22 23:16:48.702, 1, 94725, 97871
2026/09/22 23:16:48.702, 2, 94720, 97871
2026/09/22 23:16:48.702, 3, 94714, 97871
2026/09/22 23:16:48.902, 0, 94713, 97871
2026/09/22 23:16:48.902, 1, 94725, 97871
2026/09/22 23:16:48.902, 2, 94720, 97871
2026/09/22 23:16:48.902, 3, 94714, 97871
2026/09/22 23:16:49.102, 0, 94713, 97871
2026/09/22 23:16:49.102, 1, 94725, 97871
2026/09/22 23:16:49.102, 2, 94720, 97871
2026/09/22 23:16:49.102, 3, 94714, 97871
2026/09/22 23:16:49.302, 0, 94713, 97871
2026/09/22 23:16:49.302, 1, 94725, 97871
2026/09/22 23:16:49.302, 2, 94720, 97871
2026/09/22 23:16:49.302, 3, 94714, 97871
2026/09/22 23:16:49.502, 0, 94713, 97871
2026/09/22 23:16:49.502, 1, 94725, 97871
2026/09/22 23:16:49.502, 2, 94720, 97871
2026/09/22 23:16:49.502, 3, 94714, 97871
2026/09/22 23:16:49.703, 0, 94713, 97871
2026/09/22 23:16:49.703, 1, 94725, 97871
2026/09/22 23:16:49.703, 2, 94720, 97871
2026/09/22 23:16:49.703, 3, 94714, 97871
2026/09/22 23:16:49.903, 0, 94713, 97871
2026/09/22 23:16:49.927, 1, 94725, 97871
2026/09/22 23:16:49.955, 2, 94720, 97871
2026/09/22 23:16:49.955, 3, 94714, 97871
2026/09/22 23:16:50.155, 0, 94713, 97871
2026/09/22 23:16:50.156, 1, 94725, 97871
2026/09/22 23:16:50.156, 2, 94720, 97871
2026/09/22 23:16:50.156, 3, 94714, 97871
2026/09/22 23:16:50.356, 0, 94713, 97871
2026/09/22 23:16:50.356, 1, 94725, 97871
2026/09/22 23:16:50.356, 2, 94720, 97871
2026/09/22 23:16:50.356, 3, 94714, 97871
2026/09/22 23:16:50.556, 0, 94713, 97871
2026/09/22 23:16:50.556, 1, 94725, 97871
2026/09/22 23:16:50.556, 2, 94720, 97871
2026/09/22 23:16:50.556, 3, 94714, 97871
2026/09/22 23:16:50.756, 0, 94713, 97871
2026/09/22 23:16:50.756, 1, 94725, 97871
2026/09/22 23:16:50.756, 2, 94720, 97871
2026/09/22 23:16:50.756, 3, 94714, 97871
2026/09/22 23:16:50.956, 0, 94713, 97871
2026/09/22 23:16:50.956, 1, 94725, 97871
2026/09/22 23:16:50.956, 2, 94720, 97871
2026/09/22 23:16:50.956, 3, 94714, 97871
2026/09/22 23:16:51.156, 0, 94713, 97871
2026/09/22 23:16:51.159, 1, 94725, 97871
2026/09/22 23:16:51.160, 2, 94720, 97871
2026/09/22 23:16:51.160, 3, 94714, 97871
2026/09/22 23:16:51.360, 0, 94713, 97871
2026/09/22 23:16:51.360, 1, 94725, 97871
2026/09/22 23:16:51.360, 2, 94720, 97871
2026/09/22 23:16:51.360, 3, 94714, 97871
2026/09/22 23:16:51.560, 0, 94713, 97871
2026/09/22 23:16:51.560, 1, 94725, 97871
2026/09/22 23:16:51.560, 2, 94720, 97871
2026/09/22 23:16:51.560, 3, 94714, 97871
2026/09/22 23:16:51.760, 0, 94713, 97871
2026/09/22 23:16:51.760, 1, 94725, 97871
2026/09/22 23:16:51.760, 2, 94720, 97871
2026/09/22 23:16:51.760, 3, 94714, 97871
2026/09/22 23:16:51.960, 0, 94713, 97871
2026/09/22 23:16:51.960, 1, 94725, 97871
2026/09/22 23:16:51.960, 2, 94720, 97871
2026/09/22 23:16:51.960, 3, 94714, 97871
2026/09/22 23:16:52.161, 0, 94713, 97871
2026/09/22 23:16:52.161, 1, 94725, 97871
2026/09/22 23:16:52.161, 2, 94720, 97871
2026/09/22 23:16:52.161, 3, 94714, 97871
2026/09/22 23:16:52.361, 0, 94713, 97871
2026/09/22 23:16:52.361, 1, 94725, 97871
2026/09/22 23:16:52.361, 2, 94720, 97871
2026/09/22 23:16:52.361, 3, 94714, 97871
2026/09/22 23:16:52.561, 0, 94713, 97871
2026/09/22 23:16:52.561, 1, 94725, 97871
2026/09/22 23:16:52.561, 2, 94720, 97871
2026/09/22 23:16:52.561, 3, 94714, 97871
2026/09/22 23:16:52.761, 0, 94713, 97871
2026/09/22 23:16:52.761, 1, 94725, 97871
2026/09/22 23:16:52.761, 2, 94720, 97871
2026/09/22 23:16:52.761, 3, 94714, 97871
2026/09/22 23:16:52.961, 0, 94713, 97871
2026/09/22 23:16:52.961, 1, 94725, 97871
2026/09/22 23:16:52.961, 2, 94720, 97871
2026/09/22 23:16:52.962, 3, 94714, 97871
2026/09/22 23:16:53.162, 0, 94713, 97871
2026/09/22 23:16:53.162, 1, 94725, 97871
2026/09/22 23:16:53.162, 2, 94720, 97871
2026/09/22 23:16:53.162, 3, 94714, 97871
2026/09/22 23:16:53.362, 0, 94713, 97871
2026/09/22 23:16:53.362, 1, 94725, 97871
2026/09/22 23:16:53.362, 2, 94720, 97871
2026/09/22 23:16:53.362, 3, 94714, 97871
2026/09/22 23:16:53.562, 0, 94713, 97871
2026/09/22 23:16:53.562, 1, 94725, 97871
2026/09/22 23:16:53.562, 2, 94720, 97871
2026/09/22 23:16:53.562, 3, 94714, 97871
2026/09/22 23:16:53.762, 0, 94713, 97871
2026/09/22 23:16:53.762, 1, 94725, 97871
2026/09/22 23:16:53.762, 2, 94720, 97871
2026/09/22 23:16:53.762, 3, 94714, 97871
2026/09/22 23:16:53.962, 0, 94713, 97871
2026/09/22 23:16:53.962, 1, 94725, 97871
2026/09/22 23:16:53.963, 2, 94720, 97871
2026/09/22 23:16:53.963, 3, 94714, 97871
2026/09/22 23:16:54.163, 0, 94713, 97871
2026/09/22 23:16:54.163, 1, 94725, 97871
2026/09/22 23:16:54.163, 2, 94720, 97871
2026/09/22 23:16:54.163, 3, 94714, 97871
2026/09/22 23:16:54.363, 0, 94713, 97871
2026/09/22 23:16:54.363, 1, 94725, 97871
2026/09/22 23:16:54.363, 2, 94720, 97871
2026/09/22 23:16:54.363, 3, 94714, 97871
2026/09/22 23:16:54.563, 0, 94713, 97871
2026/09/22 23:16:54.563, 1, 94725, 97871
2026/09/22 23:16:54.563, 2, 94720, 97871
2026/09/22 23:16:54.563, 3, 94714, 97871
2026/09/22 23:16:54.763, 0, 94713, 97871
2026/09/22 23:16:54.763, 1, 94725, 97871
2026/09/22 23:16:54.763, 2, 94720, 97871
2026/09/22 23:16:54.763, 3, 94714, 97871
2026/09/22 23:16:54.964, 0, 94713, 97871
2026/09/22 23:16:54.964, 1, 94725, 97871
2026/09/22 23:16:54.964, 2, 94720, 97871
2026/09/22 23:16:54.964, 3, 94714, 97871
2026/09/22 23:16:55.164, 0, 94713, 97871
2026/09/22 23:16:55.164, 1, 94725, 97871
2026/09/22 23:16:55.164, 2, 94720, 97871
2026/09/22 23:16:55.164, 3, 94714, 97871
2026/09/22 23:16:55.364, 0, 94713, 97871
2026/09/22 23:16:55.364, 1, 94725, 97871
2026/09/22 23:16:55.364, 2, 94720, 97871
2026/09/22 23:16:55.364, 3, 94714, 97871
2026/09/22 23:16:55.564, 0, 94713, 97871
2026/09/22 23:16:55.564, 1, 94725, 97871
2026/09/22 23:16:55.564, 2, 94720, 97871
2026/09/22 23:16:55.564, 3, 94714, 97871
2026/09/22 23:16:55.764, 0, 94713, 97871
2026/09/22 23:16:55.764, 1, 94725, 97871
2026/09/22 23:16:55.764, 2, 94720, 97871
2026/09/22 23:16:55.764, 3, 95738, 97871
2026/09/22 23:16:55.965, 0, 94713, 97871
2026/09/22 23:16:55.965, 1, 94725, 97871
2026/09/22 23:16:55.965, 2, 94720, 97871
2026/09/22 23:16:55.965, 3, 95738, 97871
2026/09/22 23:16:56.165, 0, 94713, 97871
2026/09/22 23:16:56.165, 1, 94725, 97871
2026/09/22 23:16:56.165, 2, 94720, 97871
2026/09/22 23:16:56.165, 3, 95738, 97871
2026/09/22 23:16:56.365, 0, 94713, 97871
2026/09/22 23:16:56.365, 1, 94725, 97871
2026/09/22 23:16:56.365, 2, 94720, 97871
2026/09/22 23:16:56.365, 3, 95738, 97871
2026/09/22 23:16:56.565, 0, 94713, 97871
2026/09/22 23:16:56.565, 1, 94725, 97871
2026/09/22 23:16:56.565, 2, 94720, 97871
2026/09/22 23:16:56.565, 3, 95738, 97871
2026/09/22 23:16:56.765, 0, 94713, 97871
2026/09/22 23:16:56.766, 1, 94725, 97871
2026/09/22 23:16:56.766, 2, 94720, 97871
2026/09/22 23:16:56.766, 3, 95738, 97871
2026/09/22 23:16:56.966, 0, 94713, 97871
2026/09/22 23:16:56.966, 1, 94725, 97871
2026/09/22 23:16:56.966, 2, 94720, 97871
2026/09/22 23:16:56.966, 3, 95738, 97871
2026/09/22 23:16:57.166, 0, 94713, 97871
2026/09/22 23:16:57.166, 1, 94725, 97871
2026/09/22 23:16:57.166, 2, 94720, 97871
2026/09/22 23:16:57.166, 3, 95738, 97871
2026/09/22 23:16:57.366, 0, 94713, 97871
2026/09/22 23:16:57.366, 1, 94725, 97871
2026/09/22 23:16:57.366, 2, 94720, 97871
2026/09/22 23:16:57.366, 3, 95738, 97871
2026/09/22 23:16:57.566, 0, 94713, 97871
2026/09/22 23:16:57.566, 1, 94725, 97871
2026/09/22 23:16:57.566, 2, 94720, 97871
2026/09/22 23:16:57.566, 3, 95738, 97871
2026/09/22 23:16:57.766, 0, 94713, 97871
2026/09/22 23:16:57.767, 1, 94725, 97871
2026/09/22 23:16:57.767, 2, 94720, 97871
2026/09/22 23:16:57.767, 3, 95738, 97871
2026/09/22 23:16:57.967, 0, 94713, 97871
2026/09/22 23:16:57.967, 1, 94725, 97871
2026/09/22 23:16:57.967, 2, 94720, 97871
2026/09/22 23:16:57.967, 3, 95738, 97871
2026/09/22 23:16:58.167, 0, 94713, 97871
2026/09/22 23:16:58.167, 1, 94725, 97871
2026/09/22 23:16:58.167, 2, 94720, 97871
2026/09/22 23:16:58.167, 3, 95738, 97871
2026/09/22 23:16:58.367, 0, 94713, 97871
2026/09/22 23:16:58.367, 1, 94725, 97871
2026/09/22 23:16:58.367, 2, 94720, 97871
2026/09/22 23:16:58.367, 3, 95738, 97871
2026/09/22 23:16:58.567, 0, 94713, 97871
2026/09/22 23:16:58.567, 1, 94725, 97871
2026/09/22 23:16:58.567, 2, 94720, 97871
2026/09/22 23:16:58.567, 3, 95738, 97871
2026/09/22 23:16:58.767, 0, 94713, 97871
2026/09/22 23:16:58.768, 1, 94725, 97871
2026/09/22 23:16:58.768, 2, 94720, 97871
2026/09/22 23:16:58.768, 3, 95738, 97871
2026/09/22 23:16:58.968, 0, 94713, 97871
2026/09/22 23:16:58.968, 1, 94725, 97871
2026/09/22 23:16:58.968, 2, 94720, 97871
2026/09/22 23:16:58.968, 3, 95738, 97871
2026/09/22 23:16:59.168, 0, 94713, 97871
2026/09/22 23:16:59.168, 1, 94725, 97871
2026/09/22 23:16:59.168, 2, 94720, 97871
2026/09/22 23:16:59.168, 3, 95738, 97871
2026/09/22 23:16:59.369, 0, 94713, 97871
2026/09/22 23:16:59.369, 1, 94725, 97871
2026/09/22 23:16:59.369, 2, 94720, 97871
2026/09/22 23:16:59.369, 3, 95738, 97871
2026/09/22 23:16:59.569, 0, 94713, 97871
2026/09/22 23:16:59.569, 1, 94725, 97871
2026/09/22 23:16:59.569, 2, 94720, 97871
2026/09/22 23:16:59.569, 3, 95738, 97871
2026/09/22 23:16:59.769, 0, 94713, 97871
2026/09/22 23:16:59.769, 1, 94725, 97871
2026/09/22 23:16:59.769, 2, 94720, 97871
2026/09/22 23:16:59.769, 3, 95738, 97871
2026/09/22 23:16:59.969, 0, 94713, 97871
2026/09/22 23:16:59.969, 1, 94725, 97871
2026/09/22 23:16:59.969, 2, 94720, 97871
2026/09/22 23:16:59.969, 3, 95738, 97871
2026/09/22 23:17:00.169, 0, 94713, 97871
2026/09/22 23:17:00.169, 1, 94725, 97871
2026/09/22 23:17:00.169, 2, 94720, 97871
2026/09/22 23:17:00.170, 3, 95738, 97871
2026/09/22 23:17:00.370, 0, 94713, 97871
2026/09/22 23:17:00.370, 1, 94725, 97871
2026/09/22 23:17:00.370, 2, 94720, 97871
2026/09/22 23:17:00.370, 3, 95738, 97871
2026/09/22 23:17:00.570, 0, 94713, 97871
2026/09/22 23:17:00.570, 1, 94725, 97871
2026/09/22 23:17:00.570, 2, 94720, 97871
2026/09/22 23:17:00.570, 3, 95738, 97871
2026/09/22 23:17:00.770, 0, 94713, 97871
2026/09/22 23:17:00.770, 1, 94725, 97871
2026/09/22 23:17:00.770, 2, 94720, 97871
2026/09/22 23:17:00.770, 3, 95738, 97871
2026/09/22 23:17:00.970, 0, 94713, 97871
2026/09/22 23:17:00.970, 1, 94725, 97871
2026/09/22 23:17:00.970, 2, 94720, 97871
2026/09/22 23:17:00.970, 3, 95738, 97871
2026/09/22 23:17:01.171, 0, 94713, 97871
2026/09/22 23:17:01.171, 1, 94725, 97871
2026/09/22 23:17:01.171, 2, 94720, 97871
2026/09/22 23:17:01.171, 3, 95738, 97871
2026/09/22 23:17:01.371, 0, 94713, 97871
2026/09/22 23:17:01.371, 1, 94725, 97871
2026/09/22 23:17:01.371, 2, 94720, 97871
2026/09/22 23:17:01.371, 3, 95738, 97871
2026/09/22 23:17:01.571, 0, 94713, 97871
2026/09/22 23:17:01.571, 1, 94725, 97871
2026/09/22 23:17:01.571, 2, 94720, 97871
2026/09/22 23:17:01.571, 3, 95738, 97871
2026/09/22 23:17:01.771, 0, 94713, 97871
2026/09/22 23:17:01.771, 1, 94725, 97871
2026/09/22 23:17:01.771, 2, 94720, 97871
2026/09/22 23:17:01.771, 3, 95738, 97871
2026/09/22 23:17:01.971, 0, 94713, 97871
2026/09/22 23:17:01.971, 1, 94725, 97871
2026/09/22 23:17:01.971, 2, 94720, 97871
2026/09/22 23:17:01.972, 3, 95738, 97871
2026/09/22 23:17:02.172, 0, 94713, 97871
2026/09/22 23:17:02.172, 1, 94725, 97871
2026/09/22 23:17:02.172, 2, 94720, 97871
2026/09/22 23:17:02.172, 3, 95738, 97871
2026/09/22 23:17:02.372, 0, 94713, 97871
2026/09/22 23:17:02.372, 1, 94725, 97871
2026/09/22 23:17:02.372, 2, 94720, 97871
2026/09/22 23:17:02.372, 3, 95738, 97871
2026/09/22 23:17:02.572, 0, 94713, 97871
2026/09/22 23:17:02.572, 1, 94725, 97871
2026/09/22 23:17:02.572, 2, 94720, 97871
2026/09/22 23:17:02.572, 3, 95738, 97871
2026/09/22 23:17:02.772, 0, 95439, 97871
2026/09/22 23:17:02.772, 1, 95451, 97871
2026/09/22 23:17:02.772, 2, 95446, 97871
2026/09/22 23:17:02.772, 3, 96464, 97871
2026/09/22 23:17:02.972, 0, 95439, 97871
2026/09/22 23:17:02.973, 1, 95451, 97871
2026/09/22 23:17:02.973, 2, 95446, 97871
2026/09/22 23:17:02.973, 3, 96464, 97871
2026/09/22 23:17:03.173, 0, 96209, 97871
2026/09/22 23:17:03.173, 1, 96221, 97871
2026/09/22 23:17:03.173, 2, 96216, 97871
2026/09/22 23:17:03.173, 3, 97234, 97871
2026/09/22 23:17:03.373, 0, 96209, 97871
2026/09/22 23:17:03.373, 1, 96221, 97871
2026/09/22 23:17:03.373, 2, 96216, 97871
2026/09/22 23:17:03.373, 3, 97234, 97871
2026/09/22 23:17:03.573, 0, 96209, 97871
2026/09/22 23:17:03.573, 1, 96221, 97871
2026/09/22 23:17:03.573, 2, 96216, 97871
2026/09/22 23:17:03.573, 3, 97234, 97871
2026/09/22 23:17:03.773, 0, 96209, 97871
2026/09/22 23:17:03.773, 1, 96221, 97871
2026/09/22 23:17:03.774, 2, 96216, 97871
2026/09/22 23:17:03.774, 3, 97234, 97871
2026/09/22 23:17:03.974, 0, 96209, 97871
2026/09/22 23:17:03.974, 1, 96221, 97871
2026/09/22 23:17:03.974, 2, 96216, 97871
2026/09/22 23:17:03.974, 3, 97234, 97871
2026/09/22 23:17:04.174, 0, 96209, 97871
2026/09/22 23:17:04.174, 1, 96221, 97871
2026/09/22 23:17:04.174, 2, 96216, 97871
2026/09/22 23:17:04.174, 3, 97234, 97871
2026/09/22 23:17:04.375, 0, 96209, 97871
2026/09/22 23:17:04.375, 1, 96221, 97871
2026/09/22 23:17:04.375, 2, 96216, 97871
2026/09/22 23:17:04.375, 3, 97234, 97871
2026/09/22 23:17:04.575, 0, 96209, 97871
2026/09/22 23:17:04.575, 1, 96221, 97871
2026/09/22 23:17:04.575, 2, 96216, 97871
2026/09/22 23:17:04.575, 3, 97234, 97871
2026/09/22 23:17:04.775, 0, 96209, 97871
2026/09/22 23:17:04.775, 1, 96221, 97871
2026/09/22 23:17:04.775, 2, 96216, 97871
2026/09/22 23:17:04.775, 3, 97234, 97871
2026/09/22 23:17:04.976, 0, 96209, 97871
2026/09/22 23:17:04.976, 1, 96221, 97871
2026/09/22 23:17:04.976, 2, 96216, 97871
2026/09/22 23:17:04.976, 3, 97234, 97871
2026/09/22 23:17:05.176, 0, 96209, 97871
2026/09/22 23:17:05.176, 1, 96221, 97871
2026/09/22 23:17:05.176, 2, 96216, 97871
2026/09/22 23:17:05.176, 3, 97234, 97871
2026/09/22 23:17:05.376, 0, 96209, 97871
2026/09/22 23:17:05.376, 1, 96221, 97871
2026/09/22 23:17:05.376, 2, 96216, 97871
2026/09/22 23:17:05.376, 3, 97234, 97871
2026/09/22 23:17:05.576, 0, 96209, 97871
2026/09/22 23:17:05.577, 1, 96221, 97871
2026/09/22 23:17:05.577, 2, 96216, 97871
2026/09/22 23:17:05.577, 3, 97234, 97871
2026/09/22 23:17:05.777, 0, 96209, 97871
2026/09/22 23:17:05.777, 1, 96221, 97871
2026/09/22 23:17:05.777, 2, 96216, 97871
2026/09/22 23:17:05.777, 3, 97234, 97871
2026/09/22 23:17:05.977, 0, 96209, 97871
2026/09/22 23:17:05.977, 1, 96221, 97871
2026/09/22 23:17:05.977, 2, 96216, 97871
2026/09/22 23:17:05.977, 3, 97234, 97871
2026/09/22 23:17:06.177, 0, 96209, 97871
2026/09/22 23:17:06.178, 1, 96221, 97871
2026/09/22 23:17:06.178, 2, 96216, 97871
2026/09/22 23:17:06.178, 3, 97234, 97871
2026/09/22 23:17:06.378, 0, 96209, 97871
2026/09/22 23:17:06.378, 1, 96221, 97871
2026/09/22 23:17:06.378, 2, 96216, 97871
2026/09/22 23:17:06.378, 3, 97234, 97871
2026/09/22 23:17:06.578, 0, 96209, 97871
2026/09/22 23:17:06.578, 1, 96221, 97871
2026/09/22 23:17:06.578, 2, 96216, 97871
2026/09/22 23:17:06.578, 3, 97234, 97871
2026/09/22 23:17:06.779, 0, 96209, 97871
2026/09/22 23:17:06.779, 1, 96221, 97871
2026/09/22 23:17:06.779, 2, 96216, 97871
2026/09/22 23:17:06.779, 3, 97234, 97871
2026/09/22 23:17:06.979, 0, 96209, 97871
2026/09/22 23:17:06.979, 1, 96221, 97871
2026/09/22 23:17:06.979, 2, 96216, 97871
2026/09/22 23:17:06.979, 3, 97234, 97871
2026/09/22 23:17:07.179, 0, 96209, 97871
2026/09/22 23:17:07.180, 1, 96221, 97871
2026/09/22 23:17:07.180, 2, 96216, 97871
2026/09/22 23:17:07.180, 3, 97234, 97871
2026/09/22 23:17:07.380, 0, 96209, 97871
2026/09/22 23:17:07.380, 1, 96221, 97871
2026/09/22 23:17:07.380, 2, 96216, 97871
2026/09/22 23:17:07.380, 3, 97234, 97871
2026/09/22 23:17:07.580, 0, 96209, 97871
2026/09/22 23:17:07.580, 1, 96221, 97871
2026/09/22 23:17:07.580, 2, 96216, 97871
2026/09/22 23:17:07.580, 3, 97234, 97871
2026/09/22 23:17:07.780, 0, 96209, 97871
2026/09/22 23:17:07.780, 1, 96221, 97871
2026/09/22 23:17:07.781, 2, 96216, 97871
2026/09/22 23:17:07.781, 3, 97234, 97871
2026/09/22 23:17:07.981, 0, 96209, 97871
2026/09/22 23:17:07.981, 1, 96221, 97871
2026/09/22 23:17:07.981, 2, 96216, 97871
2026/09/22 23:17:07.981, 3, 97234, 97871
2026/09/22 23:17:08.181, 0, 96209, 97871
2026/09/22 23:17:08.181, 1, 96221, 97871
2026/09/22 23:17:08.181, 2, 96216, 97871
2026/09/22 23:17:08.181, 3, 97234, 97871
2026/09/22 23:17:08.381, 0, 96209, 97871
2026/09/22 23:17:08.381, 1, 96221, 97871
2026/09/22 23:17:08.381, 2, 96216, 97871
2026/09/22 23:17:08.381, 3, 97234, 97871
2026/09/22 23:17:08.582, 0, 96209, 97871
2026/09/22 23:17:08.582, 1, 96221, 97871
2026/09/22 23:17:08.582, 2, 96216, 97871
2026/09/22 23:17:08.582, 3, 97234, 97871
2026/09/22 23:17:08.782, 0, 96209, 97871
2026/09/22 23:17:08.782, 1, 96221, 97871
2026/09/22 23:17:08.782, 2, 96216, 97871
2026/09/22 23:17:08.782, 3, 97234, 97871
2026/09/22 23:17:08.982, 0, 96209, 97871
2026/09/22 23:17:08.982, 1, 96221, 97871
2026/09/22 23:17:08.982, 2, 96216, 97871
2026/09/22 23:17:08.982, 3, 97234, 97871
2026/09/22 23:17:09.182, 0, 96209, 97871
2026/09/22 23:17:09.183, 1, 96221, 97871
2026/09/22 23:17:09.183, 2, 96216, 97871
2026/09/22 23:17:09.183, 3, 97234, 97871
2026/09/22 23:17:09.383, 0, 96209, 97871
2026/09/22 23:17:09.383, 1, 96221, 97871
2026/09/22 23:17:09.383, 2, 96216, 97871
2026/09/22 23:17:09.383, 3, 97234, 97871
2026/09/22 23:17:09.583, 0, 96209, 97871
2026/09/22 23:17:09.583, 1, 96221, 97871
2026/09/22 23:17:09.583, 2, 96216, 97871
2026/09/22 23:17:09.583, 3, 97234, 97871
2026/09/22 23:17:09.784, 0, 96209, 97871
2026/09/22 23:17:09.784, 1, 96221, 97871
2026/09/22 23:17:09.784, 2, 96216, 97871
2026/09/22 23:17:09.784, 3, 97234, 97871
2026/09/22 23:17:09.984, 0, 96209, 97871
2026/09/22 23:17:09.984, 1, 96221, 97871
2026/09/22 23:17:09.984, 2, 96216, 97871
2026/09/22 23:17:09.984, 3, 97234, 97871
2026/09/22 23:17:10.184, 0, 96209, 97871
2026/09/22 23:17:10.184, 1, 96221, 97871
2026/09/22 23:17:10.184, 2, 96216, 97871
2026/09/22 23:17:10.184, 3, 97234, 97871
2026/09/22 23:17:10.385, 0, 96209, 97871
2026/09/22 23:17:10.385, 1, 96221, 97871
2026/09/22 23:17:10.385, 2, 96216, 97871
2026/09/22 23:17:10.385, 3, 97234, 97871
2026/09/22 23:17:10.585, 0, 96209, 97871
2026/09/22 23:17:10.585, 1, 96221, 97871
2026/09/22 23:17:10.585, 2, 96216, 97871
2026/09/22 23:17:10.585, 3, 97234, 97871
2026/09/22 23:17:10.785, 0, 96209, 97871
2026/09/22 23:17:10.785, 1, 96221, 97871
2026/09/22 23:17:10.785, 2, 96216, 97871
2026/09/22 23:17:10.785, 3, 97234, 97871
2026/09/22 23:17:10.985, 0, 96209, 97871
2026/09/22 23:17:10.985, 1, 96221, 97871
2026/09/22 23:17:10.985, 2, 96216, 97871
2026/09/22 23:17:10.985, 3, 97234, 97871
2026/09/22 23:17:11.186, 0, 96209, 97871
2026/09/22 23:17:11.186, 1, 96221, 97871
2026/09/22 23:17:11.186, 2, 96216, 97871
2026/09/22 23:17:11.186, 3, 97234, 97871
2026/09/22 23:17:11.386, 0, 96209, 97871
2026/09/22 23:17:11.386, 1, 96221, 97871
2026/09/22 23:17:11.386, 2, 96216, 97871
2026/09/22 23:17:11.386, 3, 97234, 97871
2026/09/22 23:17:11.586, 0, 96209, 97871
2026/09/22 23:17:11.586, 1, 96221, 97871
2026/09/22 23:17:11.586, 2, 96216, 97871
2026/09/22 23:17:11.586, 3, 97234, 97871
2026/09/22 23:17:11.787, 0, 96209, 97871
2026/09/22 23:17:11.787, 1, 96221, 97871
2026/09/22 23:17:11.787, 2, 96216, 97871
2026/09/22 23:17:11.787, 3, 97234, 97871
2026/09/22 23:17:11.987, 0, 96209, 97871
2026/09/22 23:17:11.987, 1, 96221, 97871
2026/09/22 23:17:11.987, 2, 96216, 97871
2026/09/22 23:17:11.987, 3, 97234, 97871
2026/09/22 23:17:12.187, 0, 96209, 97871
2026/09/22 23:17:12.187, 1, 96221, 97871
2026/09/22 23:17:12.187, 2, 96216, 97871
2026/09/22 23:17:12.187, 3, 97234, 97871
2026/09/22 23:17:12.388, 0, 96209, 97871
2026/09/22 23:17:12.388, 1, 96221, 97871
2026/09/22 23:17:12.388, 2, 96216, 97871
2026/09/22 23:17:12.388, 3, 97234, 97871
2026/09/22 23:17:12.588, 0, 96209, 97871
2026/09/22 23:17:12.588, 1, 96221, 97871
2026/09/22 23:17:12.588, 2, 96216, 97871
2026/09/22 23:17:12.588, 3, 97234, 97871
2026/09/22 23:17:12.788, 0, 96209, 97871
2026/09/22 23:17:12.788, 1, 96221, 97871
2026/09/22 23:17:12.788, 2, 96216, 97871
2026/09/22 23:17:12.788, 3, 97234, 97871
2026/09/22 23:17:12.988, 0, 96209, 97871
2026/09/22 23:17:12.988, 1, 96221, 97871
2026/09/22 23:17:12.988, 2, 96216, 97871
2026/09/22 23:17:12.988, 3, 97234, 97871
2026/09/22 23:17:13.189, 0, 96209, 97871
2026/09/22 23:17:13.189, 1, 96221, 97871
2026/09/22 23:17:13.189, 2, 96216, 97871
2026/09/22 23:17:13.189, 3, 97234, 97871
2026/09/22 23:17:13.389, 0, 96209, 97871
2026/09/22 23:17:13.389, 1, 96221, 97871
2026/09/22 23:17:13.389, 2, 96216, 97871
2026/09/22 23:17:13.389, 3, 97234, 97871
2026/09/22 23:17:13.589, 0, 96209, 97871
2026/09/22 23:17:13.589, 1, 96221, 97871
2026/09/22 23:17:13.589, 2, 96216, 97871
2026/09/22 23:17:13.589, 3, 97234, 97871
2026/09/22 23:17:13.789, 0, 96209, 97871
2026/09/22 23:17:13.790, 1, 96221, 97871
2026/09/22 23:17:13.790, 2, 96216, 97871
2026/09/22 23:17:13.790, 3, 97234, 97871
2026/09/22 23:17:13.990, 0, 96209, 97871
2026/09/22 23:17:13.990, 1, 96221, 97871
2026/09/22 23:17:13.990, 2, 96216, 97871
2026/09/22 23:17:13.990, 3, 97234, 97871
2026/09/22 23:17:14.190, 0, 96209, 97871
2026/09/22 23:17:14.190, 1, 96221, 97871
2026/09/22 23:17:14.190, 2, 96216, 97871
2026/09/22 23:17:14.191, 3, 97234, 97871
2026/09/22 23:17:14.391, 0, 96209, 97871
2026/09/22 23:17:14.391, 1, 96221, 97871
2026/09/22 23:17:14.391, 2, 96216, 97871
2026/09/22 23:17:14.391, 3, 97234, 97871
2026/09/22 23:17:14.591, 0, 96209, 97871
2026/09/22 23:17:14.591, 1, 96221, 97871
2026/09/22 23:17:14.591, 2, 96216, 97871
2026/09/22 23:17:14.591, 3, 96722, 97871
2026/09/22 23:17:14.791, 0, 96209, 97871
2026/09/22 23:17:14.791, 1, 96221, 97871
2026/09/22 23:17:14.791, 2, 96216, 97871
2026/09/22 23:17:14.791, 3, 96722, 97871
2026/09/22 23:17:14.992, 0, 96209, 97871
2026/09/22 23:17:14.992, 1, 96221, 97871
2026/09/22 23:17:14.992, 2, 96216, 97871
2026/09/22 23:17:14.992, 3, 96722, 97871
2026/09/22 23:17:15.192, 0, 96209, 97871
2026/09/22 23:17:15.192, 1, 96221, 97871
2026/09/22 23:17:15.192, 2, 96216, 97871
2026/09/22 23:17:15.192, 3, 96722, 97871
2026/09/22 23:17:15.392, 0, 96209, 97871
2026/09/22 23:17:15.392, 1, 96221, 97871
2026/09/22 23:17:15.392, 2, 96216, 97871
2026/09/22 23:17:15.392, 3, 96722, 97871
2026/09/22 23:17:15.592, 0, 96209, 97871
2026/09/22 23:17:15.592, 1, 96221, 97871
2026/09/22 23:17:15.592, 2, 96216, 97871
2026/09/22 23:17:15.592, 3, 96722, 97871
2026/09/22 23:17:15.792, 0, 96209, 97871
2026/09/22 23:17:15.819, 1, 96221, 97871
2026/09/22 23:17:15.852, 2, 96216, 97871
2026/09/22 23:17:15.866, 3, 96722, 97871
2026/09/22 23:17:16.066, 0, 96209, 97871
2026/09/22 23:17:16.093, 1, 96221, 97871
2026/09/22 23:17:16.124, 2, 96216, 97871
2026/09/22 23:17:16.151, 3, 96722, 97871
2026/09/22 23:17:16.351, 0, 96209, 97871
2026/09/22 23:17:16.352, 1, 96221, 97871
2026/09/22 23:17:16.352, 2, 96216, 97871
2026/09/22 23:17:16.352, 3, 96722, 97871
2026/09/22 23:17:16.552, 0, 96209, 97871
2026/09/22 23:17:16.552, 1, 96221, 97871
2026/09/22 23:17:16.552, 2, 96216, 97871
2026/09/22 23:17:16.552, 3, 96722, 97871
2026/09/22 23:17:16.752, 0, 96209, 97871
2026/09/22 23:17:16.752, 1, 96221, 97871
2026/09/22 23:17:16.752, 2, 96216, 97871
2026/09/22 23:17:16.752, 3, 96722, 97871
2026/09/22 23:17:16.952, 0, 96209, 97871
2026/09/22 23:17:16.952, 1, 96221, 97871
2026/09/22 23:17:16.952, 2, 96216, 97871
2026/09/22 23:17:16.952, 3, 96722, 97871
2026/09/22 23:17:17.152, 0, 96209, 97871
2026/09/22 23:17:17.152, 1, 96221, 97871
2026/09/22 23:17:17.152, 2, 96216, 97871
2026/09/22 23:17:17.152, 3, 96722, 97871
2026/09/22 23:17:17.353, 0, 96209, 97871
2026/09/22 23:17:17.366, 1, 96221, 97871
2026/09/22 23:17:17.381, 2, 96216, 97871
2026/09/22 23:17:17.381, 3, 96722, 97871
2026/09/22 23:17:17.581, 0, 96209, 97871
2026/09/22 23:17:17.581, 1, 96221, 97871
2026/09/22 23:17:17.581, 2, 96216, 97871
2026/09/22 23:17:17.581, 3, 96722, 97871
2026/09/22 23:17:17.781, 0, 96209, 97871
2026/09/22 23:17:17.781, 1, 96221, 97871
2026/09/22 23:17:17.781, 2, 96216, 97871
2026/09/22 23:17:17.781, 3, 96722, 97871
2026/09/22 23:17:17.981, 0, 96209, 97871
2026/09/22 23:17:17.981, 1, 96221, 97871
2026/09/22 23:17:17.981, 2, 96216, 97871
2026/09/22 23:17:17.981, 3, 96722, 97871
2026/09/22 23:17:18.181, 0, 96209, 97871
2026/09/22 23:17:18.181, 1, 96221, 97871
2026/09/22 23:17:18.181, 2, 96216, 97871
2026/09/22 23:17:18.181, 3, 96722, 97871
2026/09/22 23:17:18.381, 0, 96209, 97871
2026/09/22 23:17:18.381, 1, 96221, 97871
2026/09/22 23:17:18.381, 2, 96216, 97871
2026/09/22 23:17:18.382, 3, 96722, 97871
2026/09/22 23:17:18.582, 0, 96209, 97871
2026/09/22 23:17:18.582, 1, 96221, 97871
2026/09/22 23:17:18.582, 2, 96216, 97871
2026/09/22 23:17:18.582, 3, 96722, 97871
2026/09/22 23:17:18.782, 0, 96209, 97871
2026/09/22 23:17:18.782, 1, 96221, 97871
2026/09/22 23:17:18.782, 2, 96216, 97871
2026/09/22 23:17:18.782, 3, 96722, 97871
2026/09/22 23:17:18.982, 0, 96209, 97871
2026/09/22 23:17:18.982, 1, 96221, 97871
2026/09/22 23:17:18.982, 2, 96216, 97871
2026/09/22 23:17:18.982, 3, 96722, 97871
2026/09/22 23:17:19.182, 0, 96209, 97871
2026/09/22 23:17:19.182, 1, 96221, 97871
2026/09/22 23:17:19.182, 2, 96216, 97871
2026/09/22 23:17:19.182, 3, 96722, 97871
2026/09/22 23:17:19.383, 0, 96209, 97871
2026/09/22 23:17:19.383, 1, 96221, 97871
2026/09/22 23:17:19.383, 2, 96216, 97871
2026/09/22 23:17:19.383, 3, 96722, 97871
2026/09/22 23:17:19.583, 0, 96209, 97871
2026/09/22 23:17:19.583, 1, 96221, 97871
2026/09/22 23:17:19.583, 2, 96216, 97871
2026/09/22 23:17:19.583, 3, 96722, 97871
2026/09/22 23:17:19.783, 0, 96209, 97871
2026/09/22 23:17:19.783, 1, 96221, 97871
2026/09/22 23:17:19.783, 2, 96216, 97871
2026/09/22 23:17:19.783, 3, 96722, 97871
2026/09/22 23:17:19.983, 0, 96209, 97871
2026/09/22 23:17:19.983, 1, 96221, 97871
2026/09/22 23:17:19.983, 2, 96216, 97871
2026/09/22 23:17:19.983, 3, 96722, 97871
2026/09/22 23:17:20.183, 0, 96209, 97871
2026/09/22 23:17:20.183, 1, 96221, 97871
2026/09/22 23:17:20.184, 2, 96216, 97871
2026/09/22 23:17:20.184, 3, 96722, 97871
2026/09/22 23:17:20.384, 0, 96209, 97871
2026/09/22 23:17:20.384, 1, 96221, 97871
2026/09/22 23:17:20.384, 2, 96216, 97871
2026/09/22 23:17:20.384, 3, 96722, 97871
2026/09/22 23:17:20.584, 0, 96209, 97871
2026/09/22 23:17:20.584, 1, 96221, 97871
2026/09/22 23:17:20.584, 2, 96216, 97871
2026/09/22 23:17:20.584, 3, 96722, 97871
2026/09/22 23:17:20.784, 0, 96209, 97871
2026/09/22 23:17:20.784, 1, 96221, 97871
2026/09/22 23:17:20.784, 2, 96216, 97871
2026/09/22 23:17:20.784, 3, 96722, 97871
2026/09/22 23:17:20.984, 0, 96209, 97871
2026/09/22 23:17:20.984, 1, 96221, 97871
2026/09/22 23:17:20.984, 2, 96216, 97871
2026/09/22 23:17:20.984, 3, 96722, 97871
2026/09/22 23:17:21.185, 0, 96209, 97871
2026/09/22 23:17:21.185, 1, 96221, 97871
2026/09/22 23:17:21.185, 2, 96216, 97871
2026/09/22 23:17:21.185, 3, 96722, 97871
2026/09/22 23:17:21.385, 0, 96209, 97871
2026/09/22 23:17:21.385, 1, 96221, 97871
2026/09/22 23:17:21.385, 2, 96216, 97871
2026/09/22 23:17:21.385, 3, 96722, 97871
2026/09/22 23:17:21.585, 0, 96209, 97871
2026/09/22 23:17:21.585, 1, 96221, 97871
2026/09/22 23:17:21.585, 2, 96216, 97871
2026/09/22 23:17:21.585, 3, 96722, 97871
2026/09/22 23:17:21.785, 0, 96209, 97871
2026/09/22 23:17:21.785, 1, 96221, 97871
2026/09/22 23:17:21.785, 2, 96216, 97871
2026/09/22 23:17:21.785, 3, 96722, 97871
2026/09/22 23:17:21.985, 0, 96209, 97871
2026/09/22 23:17:21.985, 1, 96221, 97871
2026/09/22 23:17:21.985, 2, 96216, 97871
2026/09/22 23:17:21.985, 3, 96722, 97871
2026/09/22 23:17:22.185, 0, 96209, 97871
2026/09/22 23:17:22.186, 1, 96221, 97871
2026/09/22 23:17:22.186, 2, 96216, 97871
2026/09/22 23:17:22.186, 3, 96722, 97871
2026/09/22 23:17:22.386, 0, 96209, 97871
2026/09/22 23:17:22.386, 1, 96221, 97871
2026/09/22 23:17:22.386, 2, 96216, 97871
2026/09/22 23:17:22.386, 3, 96722, 97871
2026/09/22 23:17:22.586, 0, 96209, 97871
2026/09/22 23:17:22.586, 1, 96221, 97871
2026/09/22 23:17:22.586, 2, 96216, 97871
2026/09/22 23:17:22.586, 3, 96722, 97871
2026/09/22 23:17:22.786, 0, 96209, 97871
2026/09/22 23:17:22.786, 1, 96221, 97871
2026/09/22 23:17:22.786, 2, 96216, 97871
2026/09/22 23:17:22.786, 3, 96722, 97871
2026/09/22 23:17:22.986, 0, 96209, 97871
2026/09/22 23:17:22.986, 1, 96221, 97871
2026/09/22 23:17:22.986, 2, 96216, 97871
2026/09/22 23:17:22.986, 3, 96722, 97871
2026/09/22 23:17:23.186, 0, 96209, 97871
2026/09/22 23:17:23.186, 1, 96221, 97871
2026/09/22 23:17:23.187, 2, 96216, 97871
2026/09/22 23:17:23.187, 3, 96722, 97871
2026/09/22 23:17:23.387, 0, 96209, 97871
2026/09/22 23:17:23.387, 1, 96221, 97871
2026/09/22 23:17:23.387, 2, 96216, 97871
2026/09/22 23:17:23.387, 3, 96722, 97871
2026/09/22 23:17:23.587, 0, 96209, 97871
2026/09/22 23:17:23.587, 1, 96221, 97871
2026/09/22 23:17:23.587, 2, 96216, 97871
2026/09/22 23:17:23.587, 3, 96722, 97871
2026/09/22 23:17:23.787, 0, 96209, 97871
2026/09/22 23:17:23.787, 1, 96221, 97871
2026/09/22 23:17:23.787, 2, 96216, 97871
2026/09/22 23:17:23.787, 3, 96722, 97871
2026/09/22 23:17:23.987, 0, 96209, 97871
2026/09/22 23:17:23.987, 1, 96221, 97871
2026/09/22 23:17:23.987, 2, 96216, 97871
2026/09/22 23:17:23.987, 3, 96722, 97871
2026/09/22 23:17:24.187, 0, 96209, 97871
2026/09/22 23:17:24.188, 1, 96221, 97871
2026/09/22 23:17:24.188, 2, 96216, 97871
2026/09/22 23:17:24.188, 3, 96722, 97871
2026/09/22 23:17:24.388, 0, 96209, 97871
2026/09/22 23:17:24.388, 1, 96221, 97871
2026/09/22 23:17:24.388, 2, 96216, 97871
2026/09/22 23:17:24.388, 3, 96722, 97871
2026/09/22 23:17:24.588, 0, 96209, 97871
2026/09/22 23:17:24.588, 1, 96221, 97871
2026/09/22 23:17:24.588, 2, 96216, 97871
2026/09/22 23:17:24.588, 3, 96722, 97871
2026/09/22 23:17:24.789, 0, 96209, 97871
2026/09/22 23:17:24.789, 1, 96221, 97871
2026/09/22 23:17:24.789, 2, 96216, 97871
2026/09/22 23:17:24.789, 3, 96722, 97871
2026/09/22 23:17:24.989, 0, 96209, 97871
2026/09/22 23:17:24.989, 1, 96221, 97871
2026/09/22 23:17:24.989, 2, 96216, 97871
2026/09/22 23:17:24.989, 3, 96722, 97871
2026/09/22 23:17:25.189, 0, 96209, 97871
2026/09/22 23:17:25.189, 1, 96221, 97871
2026/09/22 23:17:25.189, 2, 96216, 97871
2026/09/22 23:17:25.189, 3, 96722, 97871
2026/09/22 23:17:25.389, 0, 96209, 97871
2026/09/22 23:17:25.389, 1, 96221, 97871
2026/09/22 23:17:25.389, 2, 96216, 97871
2026/09/22 23:17:25.389, 3, 96722, 97871
2026/09/22 23:17:25.590, 0, 96209, 97871
2026/09/22 23:17:25.590, 1, 96221, 97871
2026/09/22 23:17:25.590, 2, 96216, 97871
2026/09/22 23:17:25.590, 3, 96722, 97871
2026/09/22 23:17:25.790, 0, 96209, 97871
2026/09/22 23:17:25.790, 1, 96221, 97871
2026/09/22 23:17:25.790, 2, 96216, 97871
2026/09/22 23:17:25.790, 3, 96722, 97871
2026/09/22 23:17:25.990, 0, 96209, 97871
2026/09/22 23:17:25.990, 1, 96221, 97871
2026/09/22 23:17:25.990, 2, 96216, 97871
2026/09/22 23:17:25.990, 3, 96722, 97871
2026/09/22 23:17:26.190, 0, 96209, 97871
2026/09/22 23:17:26.190, 1, 96221, 97871
2026/09/22 23:17:26.190, 2, 96216, 97871
2026/09/22 23:17:26.190, 3, 96722, 97871
2026/09/22 23:17:26.390, 0, 96209, 97871
2026/09/22 23:17:26.390, 1, 96221, 97871
2026/09/22 23:17:26.390, 2, 96216, 97871
2026/09/22 23:17:26.390, 3, 96722, 97871
2026/09/22 23:17:26.591, 0, 96209, 97871
2026/09/22 23:17:26.591, 1, 96221, 97871
2026/09/22 23:17:26.591, 2, 96216, 97871
2026/09/22 23:17:26.591, 3, 96722, 97871
2026/09/22 23:17:26.791, 0, 96209, 97871
2026/09/22 23:17:26.791, 1, 96221, 97871
2026/09/22 23:17:26.791, 2, 96216, 97871
2026/09/22 23:17:26.791, 3, 96722, 97871
2026/09/22 23:17:26.991, 0, 96209, 97871
2026/09/22 23:17:26.991, 1, 96221, 97871
2026/09/22 23:17:26.991, 2, 96216, 97871
2026/09/22 23:17:26.991, 3, 96722, 97871
2026/09/22 23:17:27.191, 0, 96209, 97871
2026/09/22 23:17:27.191, 1, 96221, 97871
2026/09/22 23:17:27.191, 2, 96216, 97871
2026/09/22 23:17:27.191, 3, 96722, 97871
2026/09/22 23:17:27.391, 0, 96209, 97871
2026/09/22 23:17:27.391, 1, 96221, 97871
2026/09/22 23:17:27.391, 2, 96216, 97871
2026/09/22 23:17:27.392, 3, 96722, 97871
2026/09/22 23:17:27.592, 0, 96209, 97871
2026/09/22 23:17:27.592, 1, 96221, 97871
2026/09/22 23:17:27.592, 2, 96216, 97871
2026/09/22 23:17:27.592, 3, 96722, 97871
2026/09/22 23:17:27.792, 0, 96209, 97871
2026/09/22 23:17:27.792, 1, 96221, 97871
2026/09/22 23:17:27.792, 2, 96216, 97871
2026/09/22 23:17:27.792, 3, 96722, 97871
2026/09/22 23:17:27.992, 0, 96209, 97871
2026/09/22 23:17:27.992, 1, 96221, 97871
2026/09/22 23:17:27.992, 2, 96216, 97871
2026/09/22 23:17:27.992, 3, 96722, 97871
2026/09/22 23:17:28.192, 0, 96209, 97871
2026/09/22 23:17:28.192, 1, 96221, 97871
2026/09/22 23:17:28.192, 2, 96216, 97871
2026/09/22 23:17:28.192, 3, 96722, 97871
2026/09/22 23:17:28.393, 0, 96209, 97871
2026/09/22 23:17:28.393, 1, 96221, 97871
2026/09/22 23:17:28.393, 2, 96216, 97871
2026/09/22 23:17:28.393, 3, 96722, 97871
2026/09/22 23:17:28.593, 0, 96209, 97871
2026/09/22 23:17:28.593, 1, 96221, 97871
2026/09/22 23:17:28.593, 2, 96216, 97871
2026/09/22 23:17:28.593, 3, 96722, 97871
2026/09/22 23:17:28.793, 0, 96209, 97871
2026/09/22 23:17:28.793, 1, 96221, 97871
2026/09/22 23:17:28.793, 2, 96216, 97871
2026/09/22 23:17:28.793, 3, 96722, 97871
2026/09/22 23:17:28.993, 0, 96209, 97871
2026/09/22 23:17:28.993, 1, 96221, 97871
2026/09/22 23:17:28.993, 2, 96216, 97871
2026/09/22 23:17:28.993, 3, 96722, 97871
2026/09/22 23:17:29.193, 0, 96209, 97871
2026/09/22 23:17:29.193, 1, 96221, 97871
2026/09/22 23:17:29.194, 2, 96216, 97871
2026/09/22 23:17:29.194, 3, 96722, 97871
2026/09/22 23:17:29.394, 0, 96209, 97871
2026/09/22 23:17:29.394, 1, 96221, 97871
2026/09/22 23:17:29.394, 2, 96216, 97871
2026/09/22 23:17:29.394, 3, 96722, 97871
2026/09/22 23:17:29.594, 0, 96209, 97871
2026/09/22 23:17:29.594, 1, 96221, 97871
2026/09/22 23:17:29.594, 2, 96216, 97871
2026/09/22 23:17:29.594, 3, 96722, 97871
2026/09/22 23:17:29.794, 0, 96209, 97871
2026/09/22 23:17:29.794, 1, 96221, 97871
2026/09/22 23:17:29.794, 2, 96216, 97871
2026/09/22 23:17:29.794, 3, 96722, 97871
2026/09/22 23:17:29.994, 0, 96209, 97871
2026/09/22 23:17:29.994, 1, 96221, 97871
2026/09/22 23:17:29.995, 2, 96216, 97871
2026/09/22 23:17:29.995, 3, 96722, 97871
2026/09/22 23:17:30.195, 0, 96209, 97871
2026/09/22 23:17:30.195, 1, 96221, 97871
2026/09/22 23:17:30.195, 2, 96216, 97871
2026/09/22 23:17:30.195, 3, 96722, 97871
2026/09/22 23:17:30.395, 0, 96209, 97871
2026/09/22 23:17:30.395, 1, 96221, 97871
2026/09/22 23:17:30.395, 2, 96216, 97871
2026/09/22 23:17:30.395, 3, 96722, 97871
2026/09/22 23:17:30.595, 0, 96209, 97871
2026/09/22 23:17:30.595, 1, 96221, 97871
2026/09/22 23:17:30.595, 2, 96216, 97871
2026/09/22 23:17:30.595, 3, 96722, 97871
2026/09/22 23:17:30.795, 0, 96209, 97871
2026/09/22 23:17:30.795, 1, 96221, 97871
2026/09/22 23:17:30.795, 2, 96216, 97871
2026/09/22 23:17:30.795, 3, 96722, 97871
2026/09/22 23:17:30.996, 0, 96209, 97871
2026/09/22 23:17:30.996, 1, 96221, 97871
2026/09/22 23:17:30.996, 2, 96216, 97871
2026/09/22 23:17:30.996, 3, 96722, 97871
2026/09/22 23:17:31.196, 0, 96209, 97871
2026/09/22 23:17:31.196, 1, 96221, 97871
2026/09/22 23:17:31.196, 2, 96216, 97871
2026/09/22 23:17:31.196, 3, 96722, 97871
2026/09/22 23:17:31.396, 0, 96209, 97871
2026/09/22 23:17:31.396, 1, 96221, 97871
2026/09/22 23:17:31.396, 2, 96216, 97871
2026/09/22 23:17:31.396, 3, 96722, 97871
2026/09/22 23:17:31.597, 0, 96209, 97871
2026/09/22 23:17:31.597, 1, 96221, 97871
2026/09/22 23:17:31.597, 2, 96216, 97871
2026/09/22 23:17:31.597, 3, 96722, 97871
2026/09/22 23:17:31.797, 0, 96209, 97871
2026/09/22 23:17:31.797, 1, 96221, 97871
2026/09/22 23:17:31.797, 2, 96216, 97871
2026/09/22 23:17:31.797, 3, 96722, 97871
2026/09/22 23:17:31.997, 0, 96209, 97871
2026/09/22 23:17:31.997, 1, 96221, 97871
2026/09/22 23:17:31.998, 2, 96216, 97871
2026/09/22 23:17:31.998, 3, 96722, 97871
2026/09/22 23:17:32.198, 0, 96209, 97871
2026/09/22 23:17:32.198, 1, 96221, 97871
2026/09/22 23:17:32.198, 2, 96216, 97871
2026/09/22 23:17:32.198, 3, 96722, 97871
2026/09/22 23:17:32.398, 0, 96209, 97871
2026/09/22 23:17:32.398, 1, 96221, 97871
2026/09/22 23:17:32.398, 2, 96216, 97871
2026/09/22 23:17:32.398, 3, 96722, 97871
2026/09/22 23:17:32.599, 0, 96209, 97871
2026/09/22 23:17:32.599, 1, 96221, 97871
2026/09/22 23:17:32.599, 2, 96216, 97871
2026/09/22 23:17:32.599, 3, 96722, 97871
2026/09/22 23:17:32.799, 0, 96209, 97871
2026/09/22 23:17:32.799, 1, 96221, 97871
2026/09/22 23:17:32.799, 2, 96216, 97871
2026/09/22 23:17:32.799, 3, 96722, 97871
2026/09/22 23:17:32.999, 0, 96209, 97871
2026/09/22 23:17:32.999, 1, 96221, 97871
2026/09/22 23:17:32.999, 2, 96216, 97871
2026/09/22 23:17:32.999, 3, 96722, 97871
2026/09/22 23:17:33.199, 0, 96209, 97871
2026/09/22 23:17:33.199, 1, 96221, 97871
2026/09/22 23:17:33.199, 2, 96216, 97871
2026/09/22 23:17:33.199, 3, 96722, 97871
2026/09/22 23:17:33.399, 0, 96209, 97871
2026/09/22 23:17:33.400, 1, 96221, 97871
2026/09/22 23:17:33.400, 2, 96216, 97871
2026/09/22 23:17:33.400, 3, 96722, 97871
2026/09/22 23:17:33.600, 0, 96209, 97871
2026/09/22 23:17:33.600, 1, 96221, 97871
2026/09/22 23:17:33.600, 2, 96216, 97871
2026/09/22 23:17:33.600, 3, 96722, 97871
2026/09/22 23:17:33.800, 0, 96209, 97871
2026/09/22 23:17:33.800, 1, 96221, 97871
2026/09/22 23:17:33.800, 2, 96216, 97871
2026/09/22 23:17:33.800, 3, 96722, 97871
2026/09/22 23:17:34.000, 0, 96209, 97871
2026/09/22 23:17:34.001, 1, 96221, 97871
2026/09/22 23:17:34.001, 2, 96216, 97871
2026/09/22 23:17:34.001, 3, 96722, 97871
2026/09/22 23:17:34.201, 0, 96209, 97871
2026/09/22 23:17:34.201, 1, 96221, 97871
2026/09/22 23:17:34.201, 2, 96216, 97871
2026/09/22 23:17:34.201, 3, 96722, 97871
2026/09/22 23:17:34.401, 0, 96209, 97871
2026/09/22 23:17:34.401, 1, 96221, 97871
2026/09/22 23:17:34.402, 2, 96216, 97871
2026/09/22 23:17:34.402, 3, 96722, 97871
2026/09/22 23:17:34.602, 0, 96209, 97871
2026/09/22 23:17:34.602, 1, 96221, 97871
2026/09/22 23:17:34.602, 2, 96216, 97871
2026/09/22 23:17:34.602, 3, 96722, 97871
2026/09/22 23:17:34.802, 0, 96209, 97871
2026/09/22 23:17:34.802, 1, 96221, 97871
2026/09/22 23:17:34.802, 2, 96216, 97871
2026/09/22 23:17:34.802, 3, 96722, 97871
2026/09/22 23:17:35.003, 0, 96209, 97871
2026/09/22 23:17:35.003, 1, 96221, 97871
2026/09/22 23:17:35.003, 2, 96216, 97871
2026/09/22 23:17:35.003, 3, 96722, 97871
2026/09/22 23:17:35.203, 0, 96209, 97871
2026/09/22 23:17:35.203, 1, 96221, 97871
2026/09/22 23:17:35.203, 2, 96216, 97871
2026/09/22 23:17:35.203, 3, 96722, 97871
2026/09/22 23:17:35.403, 0, 96209, 97871
2026/09/22 23:17:35.403, 1, 96221, 97871
2026/09/22 23:17:35.403, 2, 96216, 97871
2026/09/22 23:17:35.403, 3, 96722, 97871
2026/09/22 23:17:35.603, 0, 96209, 97871
2026/09/22 23:17:35.604, 1, 96221, 97871
2026/09/22 23:17:35.604, 2, 96216, 97871
2026/09/22 23:17:35.604, 3, 96722, 97871
2026/09/22 23:17:35.804, 0, 96209, 97871
2026/09/22 23:17:35.804, 1, 96221, 97871
2026/09/22 23:17:35.804, 2, 96216, 97871
2026/09/22 23:17:35.804, 3, 96722, 97871
2026/09/22 23:17:36.004, 0, 96209, 97871
2026/09/22 23:17:36.004, 1, 96221, 97871
2026/09/22 23:17:36.004, 2, 96216, 97871
2026/09/22 23:17:36.004, 3, 96722, 97871
2026/09/22 23:17:36.204, 0, 96209, 97871
2026/09/22 23:17:36.204, 1, 96221, 97871
2026/09/22 23:17:36.204, 2, 96216, 97871
2026/09/22 23:17:36.204, 3, 96722, 97871
2026/09/22 23:17:36.405, 0, 96209, 97871
2026/09/22 23:17:36.405, 1, 96221, 97871
2026/09/22 23:17:36.405, 2, 96216, 97871
2026/09/22 23:17:36.405, 3, 96722, 97871
2026/09/22 23:17:36.605, 0, 96209, 97871
2026/09/22 23:17:36.605, 1, 96221, 97871
2026/09/22 23:17:36.605, 2, 96216, 97871
2026/09/22 23:17:36.605, 3, 96722, 97871
2026/09/22 23:17:36.805, 0, 96209, 97871
2026/09/22 23:17:36.805, 1, 96221, 97871
2026/09/22 23:17:36.805, 2, 96216, 97871
2026/09/22 23:17:36.805, 3, 96722, 97871
2026/09/22 23:17:37.006, 0, 96209, 97871
2026/09/22 23:17:37.006, 1, 96221, 97871
2026/09/22 23:17:37.006, 2, 96216, 97871
2026/09/22 23:17:37.006, 3, 96722, 97871
2026/09/22 23:17:37.206, 0, 96209, 97871
2026/09/22 23:17:37.206, 1, 96221, 97871
2026/09/22 23:17:37.206, 2, 96216, 97871
2026/09/22 23:17:37.206, 3, 96722, 97871
2026/09/22 23:17:37.406, 0, 96209, 97871
2026/09/22 23:17:37.406, 1, 96221, 97871
2026/09/22 23:17:37.406, 2, 96216, 97871
2026/09/22 23:17:37.406, 3, 96722, 97871
2026/09/22 23:17:37.607, 0, 96209, 97871
2026/09/22 23:17:37.607, 1, 96221, 97871
2026/09/22 23:17:37.607, 2, 96216, 97871
2026/09/22 23:17:37.607, 3, 96722, 97871
2026/09/22 23:17:37.807, 0, 96209, 97871
2026/09/22 23:17:37.807, 1, 96221, 97871
2026/09/22 23:17:37.807, 2, 96216, 97871
2026/09/22 23:17:37.807, 3, 96722, 97871
2026/09/22 23:17:38.007, 0, 96209, 97871
2026/09/22 23:17:38.007, 1, 96221, 97871
2026/09/22 23:17:38.007, 2, 96216, 97871
2026/09/22 23:17:38.007, 3, 96722, 97871
2026/09/22 23:17:38.207, 0, 96209, 97871
2026/09/22 23:17:38.208, 1, 96221, 97871
2026/09/22 23:17:38.208, 2, 96216, 97871
2026/09/22 23:17:38.208, 3, 96722, 97871
2026/09/22 23:17:38.408, 0, 96209, 97871
2026/09/22 23:17:38.408, 1, 96221, 97871
2026/09/22 23:17:38.408, 2, 96216, 97871
2026/09/22 23:17:38.408, 3, 96722, 97871
2026/09/22 23:17:38.608, 0, 96209, 97871
2026/09/22 23:17:38.608, 1, 96221, 97871
2026/09/22 23:17:38.608, 2, 96216, 97871
2026/09/22 23:17:38.608, 3, 96722, 97871
2026/09/22 23:17:38.808, 0, 96209, 97871
2026/09/22 23:17:38.809, 1, 96221, 97871
2026/09/22 23:17:38.809, 2, 96216, 97871
2026/09/22 23:17:38.809, 3, 96722, 97871
2026/09/22 23:17:39.009, 0, 96209, 97871
2026/09/22 23:17:39.009, 1, 96221, 97871
2026/09/22 23:17:39.009, 2, 96216, 97871
2026/09/22 23:17:39.009, 3, 96722, 97871
2026/09/22 23:17:39.209, 0, 96209, 97871
2026/09/22 23:17:39.209, 1, 96221, 97871
2026/09/22 23:17:39.209, 2, 96216, 97871
2026/09/22 23:17:39.209, 3, 96722, 97871
2026/09/22 23:17:39.409, 0, 96209, 97871
2026/09/22 23:17:39.409, 1, 96221, 97871
2026/09/22 23:17:39.409, 2, 96216, 97871
2026/09/22 23:17:39.410, 3, 96722, 97871
2026/09/22 23:17:39.610, 0, 96209, 97871
2026/09/22 23:17:39.610, 1, 96221, 97871
2026/09/22 23:17:39.610, 2, 96216, 97871
2026/09/22 23:17:39.610, 3, 96722, 97871
2026/09/22 23:17:39.810, 0, 96209, 97871
2026/09/22 23:17:39.810, 1, 96221, 97871
2026/09/22 23:17:39.810, 2, 96216, 97871
2026/09/22 23:17:39.810, 3, 96722, 97871
2026/09/22 23:17:40.010, 0, 96209, 97871
2026/09/22 23:17:40.010, 1, 96221, 97871
2026/09/22 23:17:40.010, 2, 96216, 97871
2026/09/22 23:17:40.010, 3, 96722, 97871
2026/09/22 23:17:40.211, 0, 96209, 97871
2026/09/22 23:17:40.211, 1, 96221, 97871
2026/09/22 23:17:40.211, 2, 96216, 97871
2026/09/22 23:17:40.211, 3, 96722, 97871
2026/09/22 23:17:40.411, 0, 96209, 97871
2026/09/22 23:17:40.411, 1, 96221, 97871
2026/09/22 23:17:40.411, 2, 96216, 97871
2026/09/22 23:17:40.411, 3, 96722, 97871
2026/09/22 23:17:40.611, 0, 96209, 97871
2026/09/22 23:17:40.611, 1, 96221, 97871
2026/09/22 23:17:40.611, 2, 96216, 97871
2026/09/22 23:17:40.611, 3, 96722, 97871
2026/09/22 23:17:40.811, 0, 96209, 97871
2026/09/22 23:17:40.812, 1, 96221, 97871
2026/09/22 23:17:40.812, 2, 96216, 97871
2026/09/22 23:17:40.812, 3, 96722, 97871
2026/09/22 23:17:41.012, 0, 96209, 97871
2026/09/22 23:17:41.012, 1, 96221, 97871
2026/09/22 23:17:41.012, 2, 96216, 97871
2026/09/22 23:17:41.012, 3, 96722, 97871
2026/09/22 23:17:41.212, 0, 96209, 97871
2026/09/22 23:17:41.212, 1, 96221, 97871
2026/09/22 23:17:41.212, 2, 96216, 97871
2026/09/22 23:17:41.212, 3, 96722, 97871
2026/09/22 23:17:41.413, 0, 96209, 97871
2026/09/22 23:17:41.413, 1, 96221, 97871
2026/09/22 23:17:41.413, 2, 96216, 97871
2026/09/22 23:17:41.413, 3, 96722, 97871
2026/09/22 23:17:41.613, 0, 96209, 97871
2026/09/22 23:17:41.613, 1, 96221, 97871
2026/09/22 23:17:41.613, 2, 96216, 97871
2026/09/22 23:17:41.613, 3, 96722, 97871
2026/09/22 23:17:41.813, 0, 96209, 97871
2026/09/22 23:17:41.813, 1, 96221, 97871
2026/09/22 23:17:41.813, 2, 96216, 97871
2026/09/22 23:17:41.813, 3, 96722, 97871
2026/09/22 23:17:42.013, 0, 96209, 97871
2026/09/22 23:17:42.013, 1, 96221, 97871
2026/09/22 23:17:42.014, 2, 96216, 97871
2026/09/22 23:17:42.014, 3, 96722, 97871
2026/09/22 23:17:42.214, 0, 96209, 97871
2026/09/22 23:17:42.214, 1, 96221, 97871
2026/09/22 23:17:42.214, 2, 96216, 97871
2026/09/22 23:17:42.214, 3, 96722, 97871
2026/09/22 23:17:42.414, 0, 96209, 97871
2026/09/22 23:17:42.414, 1, 96221, 97871
2026/09/22 23:17:42.414, 2, 96216, 97871
2026/09/22 23:17:42.414, 3, 96722, 97871
2026/09/22 23:17:42.614, 0, 96209, 97871
2026/09/22 23:17:42.614, 1, 96221, 97871
2026/09/22 23:17:42.614, 2, 96216, 97871
2026/09/22 23:17:42.614, 3, 96722, 97871
2026/09/22 23:17:42.814, 0, 96209, 97871
2026/09/22 23:17:42.815, 1, 96221, 97871
2026/09/22 23:17:42.815, 2, 96216, 97871
2026/09/22 23:17:42.815, 3, 96722, 97871
2026/09/22 23:17:43.015, 0, 96209, 97871
2026/09/22 23:17:43.015, 1, 96221, 97871
2026/09/22 23:17:43.015, 2, 96216, 97871
2026/09/22 23:17:43.015, 3, 96722, 97871
2026/09/22 23:17:43.215, 0, 96209, 97871
2026/09/22 23:17:43.215, 1, 96221, 97871
2026/09/22 23:17:43.215, 2, 96216, 97871
2026/09/22 23:17:43.215, 3, 96722, 97871
2026/09/22 23:17:43.415, 0, 96209, 97871
2026/09/22 23:17:43.416, 1, 96221, 97871
2026/09/22 23:17:43.416, 2, 96216, 97871
2026/09/22 23:17:43.416, 3, 96722, 97871
2026/09/22 23:17:43.616, 0, 96209, 97871
2026/09/22 23:17:43.616, 1, 96221, 97871
2026/09/22 23:17:43.616, 2, 96216, 97871
2026/09/22 23:17:43.616, 3, 96722, 97871
2026/09/22 23:17:43.816, 0, 96209, 97871
2026/09/22 23:17:43.816, 1, 96221, 97871
2026/09/22 23:17:43.816, 2, 96216, 97871
2026/09/22 23:17:43.816, 3, 96722, 97871
2026/09/22 23:17:44.016, 0, 96209, 97871
2026/09/22 23:17:44.016, 1, 96221, 97871
2026/09/22 23:17:44.016, 2, 96216, 97871
2026/09/22 23:17:44.016, 3, 96722, 97871
2026/09/22 23:17:44.216, 0, 96209, 97871
2026/09/22 23:17:44.217, 1, 96221, 97871
2026/09/22 23:17:44.217, 2, 96216, 97871
2026/09/22 23:17:44.217, 3, 96722, 97871
2026/09/22 23:17:44.417, 0, 96209, 97871
2026/09/22 23:17:44.417, 1, 96221, 97871
2026/09/22 23:17:44.417, 2, 96216, 97871
2026/09/22 23:17:44.417, 3, 96722, 97871
2026/09/22 23:17:44.617, 0, 96209, 97871
2026/09/22 23:17:44.617, 1, 96221, 97871
2026/09/22 23:17:44.617, 2, 96216, 97871
2026/09/22 23:17:44.617, 3, 96722, 97871
2026/09/22 23:17:44.817, 0, 96209, 97871
2026/09/22 23:17:44.817, 1, 96221, 97871
2026/09/22 23:17:44.817, 2, 96216, 97871
2026/09/22 23:17:44.817, 3, 96722, 97871
2026/09/22 23:17:45.018, 0, 96209, 97871
2026/09/22 23:17:45.018, 1, 96221, 97871
2026/09/22 23:17:45.018, 2, 96216, 97871
2026/09/22 23:17:45.018, 3, 96722, 97871
2026/09/22 23:17:45.218, 0, 96209, 97871
2026/09/22 23:17:45.218, 1, 96221, 97871
2026/09/22 23:17:45.218, 2, 96216, 97871
2026/09/22 23:17:45.218, 3, 96722, 97871
2026/09/22 23:17:45.418, 0, 96209, 97871
2026/09/22 23:17:45.418, 1, 96221, 97871
2026/09/22 23:17:45.418, 2, 96216, 97871
2026/09/22 23:17:45.418, 3, 96722, 97871
2026/09/22 23:17:45.618, 0, 96209, 97871
2026/09/22 23:17:45.619, 1, 96221, 97871
2026/09/22 23:17:45.619, 2, 96216, 97871
2026/09/22 23:17:45.619, 3, 96722, 97871
2026/09/22 23:17:45.819, 0, 96209, 97871
2026/09/22 23:17:45.819, 1, 96221, 97871
2026/09/22 23:17:45.819, 2, 96216, 97871
2026/09/22 23:17:45.819, 3, 96722, 97871
2026/09/22 23:17:46.019, 0, 96209, 97871
2026/09/22 23:17:46.019, 1, 96221, 97871
2026/09/22 23:17:46.019, 2, 96216, 97871
2026/09/22 23:17:46.019, 3, 96722, 97871
2026/09/22 23:17:46.219, 0, 96209, 97871
2026/09/22 23:17:46.219, 1, 96221, 97871
2026/09/22 23:17:46.220, 2, 96216, 97871
2026/09/22 23:17:46.220, 3, 96722, 97871
2026/09/22 23:17:46.420, 0, 96209, 97871
2026/09/22 23:17:46.420, 1, 96221, 97871
2026/09/22 23:17:46.420, 2, 96216, 97871
2026/09/22 23:17:46.420, 3, 96722, 97871
2026/09/22 23:17:46.620, 0, 96209, 97871
2026/09/22 23:17:46.620, 1, 96221, 97871
2026/09/22 23:17:46.620, 2, 96216, 97871
2026/09/22 23:17:46.620, 3, 96722, 97871
2026/09/22 23:17:46.820, 0, 96209, 97871
2026/09/22 23:17:46.820, 1, 96221, 97871
2026/09/22 23:17:46.820, 2, 96216, 97871
2026/09/22 23:17:46.820, 3, 96722, 97871
2026/09/22 23:17:47.021, 0, 96209, 97871
2026/09/22 23:17:47.021, 1, 96221, 97871
2026/09/22 23:17:47.021, 2, 96216, 97871
2026/09/22 23:17:47.021, 3, 96722, 97871
2026/09/22 23:17:47.221, 0, 96211, 97871
2026/09/22 23:17:47.221, 1, 96223, 97871
2026/09/22 23:17:47.221, 2, 96218, 97871
2026/09/22 23:17:47.221, 3, 96724, 97871
2026/09/22 23:17:47.421, 0, 96211, 97871
2026/09/22 23:17:47.422, 1, 96223, 97871
2026/09/22 23:17:47.422, 2, 96218, 97871
2026/09/22 23:17:47.422, 3, 96724, 97871
2026/09/22 23:17:47.622, 0, 96211, 97871
2026/09/22 23:17:47.622, 1, 96223, 97871
2026/09/22 23:17:47.622, 2, 96218, 97871
2026/09/22 23:17:47.622, 3, 96724, 97871
2026/09/22 23:17:47.822, 0, 96211, 97871
2026/09/22 23:17:47.822, 1, 96223, 97871
2026/09/22 23:17:47.822, 2, 96218, 97871
2026/09/22 23:17:47.822, 3, 96724, 97871
2026/09/22 23:17:48.022, 0, 96211, 97871
2026/09/22 23:17:48.023, 1, 96223, 97871
2026/09/22 23:17:48.023, 2, 96218, 97871
2026/09/22 23:17:48.023, 3, 96724, 97871
2026/09/22 23:17:48.223, 0, 96211, 97871
2026/09/22 23:17:48.223, 1, 96223, 97871
2026/09/22 23:17:48.223, 2, 96218, 97871
2026/09/22 23:17:48.223, 3, 96724, 97871
2026/09/22 23:17:48.423, 0, 96211, 97871
2026/09/22 23:17:48.423, 1, 96223, 97871
2026/09/22 23:17:48.423, 2, 96218, 97871
2026/09/22 23:17:48.423, 3, 96724, 97871
2026/09/22 23:17:48.623, 0, 96211, 97871
2026/09/22 23:17:48.623, 1, 96223, 97871
2026/09/22 23:17:48.623, 2, 96218, 97871
2026/09/22 23:17:48.623, 3, 96724, 97871
2026/09/22 23:17:48.824, 0, 96211, 97871
2026/09/22 23:17:48.824, 1, 96223, 97871
2026/09/22 23:17:48.824, 2, 96218, 97871
2026/09/22 23:17:48.824, 3, 96724, 97871
2026/09/22 23:17:49.024, 0, 96211, 97871
2026/09/22 23:17:49.024, 1, 96223, 97871
2026/09/22 23:17:49.024, 2, 96218, 97871
2026/09/22 23:17:49.024, 3, 96724, 97871
2026/09/22 23:17:49.224, 0, 96211, 97871
2026/09/22 23:17:49.224, 1, 96223, 97871
2026/09/22 23:17:49.224, 2, 96218, 97871
2026/09/22 23:17:49.224, 3, 96724, 97871
2026/09/22 23:17:49.425, 0, 96211, 97871
2026/09/22 23:17:49.425, 1, 96223, 97871
2026/09/22 23:17:49.425, 2, 96218, 97871
2026/09/22 23:17:49.425, 3, 96724, 97871
2026/09/22 23:17:49.625, 0, 96211, 97871
2026/09/22 23:17:49.625, 1, 96223, 97871
2026/09/22 23:17:49.625, 2, 96218, 97871
2026/09/22 23:17:49.625, 3, 96724, 97871
2026/09/22 23:17:49.825, 0, 96211, 97871
2026/09/22 23:17:49.825, 1, 96223, 97871
2026/09/22 23:17:49.826, 2, 96218, 97871
2026/09/22 23:17:49.826, 3, 96724, 97871
2026/09/22 23:17:50.026, 0, 96211, 97871
2026/09/22 23:17:50.026, 1, 96223, 97871
2026/09/22 23:17:50.026, 2, 96218, 97871
2026/09/22 23:17:50.026, 3, 96724, 97871
2026/09/22 23:17:50.226, 0, 96211, 97871
2026/09/22 23:17:50.226, 1, 96223, 97871
2026/09/22 23:17:50.226, 2, 96218, 97871
2026/09/22 23:17:50.226, 3, 96724, 97871
2026/09/22 23:17:50.426, 0, 96211, 97871
2026/09/22 23:17:50.427, 1, 96223, 97871
2026/09/22 23:17:50.427, 2, 96218, 97871
2026/09/22 23:17:50.427, 3, 96724, 97871
2026/09/22 23:17:50.627, 0, 96211, 97871
2026/09/22 23:17:50.627, 1, 96223, 97871
2026/09/22 23:17:50.627, 2, 96218, 97871
2026/09/22 23:17:50.627, 3, 96724, 97871
2026/09/22 23:17:50.827, 0, 96211, 97871
2026/09/22 23:17:50.827, 1, 96223, 97871
2026/09/22 23:17:50.827, 2, 96218, 97871
2026/09/22 23:17:50.827, 3, 96724, 97871
2026/09/22 23:17:51.027, 0, 96211, 97871
2026/09/22 23:17:51.027, 1, 96223, 97871
2026/09/22 23:17:51.027, 2, 96218, 97871
2026/09/22 23:17:51.027, 3, 96724, 97871
2026/09/22 23:17:51.227, 0, 96211, 97871
2026/09/22 23:17:51.227, 1, 96223, 97871
2026/09/22 23:17:51.227, 2, 96218, 97871
2026/09/22 23:17:51.227, 3, 96724, 97871
2026/09/22 23:17:51.428, 0, 96211, 97871
2026/09/22 23:17:51.428, 1, 96223, 97871
2026/09/22 23:17:51.428, 2, 96218, 97871
2026/09/22 23:17:51.428, 3, 96724, 97871
2026/09/22 23:17:51.628, 0, 96211, 97871
2026/09/22 23:17:51.628, 1, 96223, 97871
2026/09/22 23:17:51.628, 2, 96218, 97871
2026/09/22 23:17:51.628, 3, 96724, 97871
2026/09/22 23:17:51.828, 0, 96211, 97871
2026/09/22 23:17:51.828, 1, 96223, 97871
2026/09/22 23:17:51.828, 2, 96218, 97871
2026/09/22 23:17:51.828, 3, 96724, 97871
2026/09/22 23:17:52.028, 0, 96211, 97871
2026/09/22 23:17:52.029, 1, 96223, 97871
2026/09/22 23:17:52.029, 2, 96218, 97871
2026/09/22 23:17:52.029, 3, 96724, 97871
2026/09/22 23:17:52.229, 0, 96211, 97871
2026/09/22 23:17:52.229, 1, 96223, 97871
2026/09/22 23:17:52.229, 2, 96218, 97871
2026/09/22 23:17:52.229, 3, 96724, 97871
2026/09/22 23:17:52.429, 0, 96211, 97871
2026/09/22 23:17:52.429, 1, 96223, 97871
2026/09/22 23:17:52.429, 2, 96218, 97871
2026/09/22 23:17:52.429, 3, 96724, 97871
2026/09/22 23:17:52.629, 0, 96211, 97871
2026/09/22 23:17:52.630, 1, 96223, 97871
2026/09/22 23:17:52.630, 2, 96218, 97871
2026/09/22 23:17:52.630, 3, 96724, 97871
2026/09/22 23:17:52.830, 0, 96211, 97871
2026/09/22 23:17:52.830, 1, 96223, 97871
2026/09/22 23:17:52.830, 2, 96218, 97871
2026/09/22 23:17:52.830, 3, 96724, 97871
2026/09/22 23:17:53.030, 0, 96211, 97871
2026/09/22 23:17:53.030, 1, 96223, 97871
2026/09/22 23:17:53.030, 2, 96218, 97871
2026/09/22 23:17:53.030, 3, 96724, 97871
2026/09/22 23:17:53.230, 0, 96211, 97871
2026/09/22 23:17:53.230, 1, 96223, 97871
2026/09/22 23:17:53.230, 2, 96218, 97871
2026/09/22 23:17:53.230, 3, 96724, 97871
2026/09/22 23:17:53.431, 0, 96211, 97871
2026/09/22 23:17:53.431, 1, 96223, 97871
2026/09/22 23:17:53.431, 2, 96218, 97871
2026/09/22 23:17:53.431, 3, 96212, 97871
2026/09/22 23:17:53.631, 0, 96211, 97871
2026/09/22 23:17:53.631, 1, 96223, 97871
2026/09/22 23:17:53.631, 2, 96218, 97871
2026/09/22 23:17:53.631, 3, 96212, 97871
2026/09/22 23:17:53.831, 0, 96211, 97871
2026/09/22 23:17:53.831, 1, 96223, 97871
2026/09/22 23:17:53.831, 2, 96218, 97871
2026/09/22 23:17:53.832, 3, 96212, 97871
2026/09/22 23:17:54.032, 0, 96211, 97871
2026/09/22 23:17:54.032, 1, 96223, 97871
2026/09/22 23:17:54.032, 2, 96218, 97871
2026/09/22 23:17:54.032, 3, 96212, 97871
2026/09/22 23:17:54.232, 0, 96211, 97871
2026/09/22 23:17:54.232, 1, 96223, 97871
2026/09/22 23:17:54.232, 2, 96218, 97871
2026/09/22 23:17:54.232, 3, 96212, 97871
2026/09/22 23:17:54.432, 0, 96211, 97871
2026/09/22 23:17:54.433, 1, 96223, 97871
2026/09/22 23:17:54.433, 2, 96218, 97871
2026/09/22 23:17:54.433, 3, 96212, 97871
2026/09/22 23:17:54.633, 0, 96211, 97871
2026/09/22 23:17:54.633, 1, 96223, 97871
2026/09/22 23:17:54.633, 2, 96218, 97871
2026/09/22 23:17:54.633, 3, 96212, 97871
2026/09/22 23:17:54.833, 0, 96211, 97871
2026/09/22 23:17:54.833, 1, 96223, 97871
2026/09/22 23:17:54.833, 2, 96218, 97871
2026/09/22 23:17:54.833, 3, 96212, 97871
2026/09/22 23:17:55.034, 0, 96211, 97871
2026/09/22 23:17:55.034, 1, 96223, 97871
2026/09/22 23:17:55.034, 2, 96218, 97871
2026/09/22 23:17:55.034, 3, 96212, 97871
2026/09/22 23:17:55.234, 0, 96211, 97871
2026/09/22 23:17:55.234, 1, 96223, 97871
2026/09/22 23:17:55.234, 2, 96218, 97871
2026/09/22 23:17:55.234, 3, 96212, 97871
2026/09/22 23:17:55.434, 0, 96211, 97871
2026/09/22 23:17:55.434, 1, 96223, 97871
2026/09/22 23:17:55.434, 2, 96218, 97871
2026/09/22 23:17:55.434, 3, 96212, 97871
2026/09/22 23:17:55.635, 0, 96211, 97871
2026/09/22 23:17:55.635, 1, 96223, 97871
2026/09/22 23:17:55.635, 2, 96218, 97871
2026/09/22 23:17:55.635, 3, 96212, 97871
2026/09/22 23:17:55.835, 0, 96211, 97871
2026/09/22 23:17:55.835, 1, 96223, 97871
2026/09/22 23:17:55.835, 2, 96218, 97871
2026/09/22 23:17:55.835, 3, 96212, 97871
2026/09/22 23:17:56.035, 0, 96211, 97871
2026/09/22 23:17:56.035, 1, 96223, 97871
2026/09/22 23:17:56.035, 2, 96218, 97871
2026/09/22 23:17:56.035, 3, 96212, 97871
2026/09/22 23:17:56.235, 0, 96211, 97871
2026/09/22 23:17:56.235, 1, 96223, 97871
2026/09/22 23:17:56.236, 2, 96218, 97871
2026/09/22 23:17:56.236, 3, 96212, 97871
2026/09/22 23:17:56.436, 0, 96211, 97871
2026/09/22 23:17:56.436, 1, 96223, 97871
2026/09/22 23:17:56.436, 2, 96218, 97871
2026/09/22 23:17:56.436, 3, 96212, 97871
2026/09/22 23:17:56.636, 0, 96211, 97871
2026/09/22 23:17:56.636, 1, 96223, 97871
2026/09/22 23:17:56.636, 2, 96218, 97871
2026/09/22 23:17:56.636, 3, 96212, 97871
2026/09/22 23:17:56.836, 0, 96211, 97871
2026/09/22 23:17:56.837, 1, 96223, 97871
2026/09/22 23:17:56.837, 2, 96218, 97871
2026/09/22 23:17:56.837, 3, 96212, 97871
2026/09/22 23:17:57.037, 0, 96211, 97871
2026/09/22 23:17:57.037, 1, 96223, 97871
2026/09/22 23:17:57.037, 2, 96218, 97871
2026/09/22 23:17:57.037, 3, 96212, 97871
2026/09/22 23:17:57.237, 0, 96211, 97871
2026/09/22 23:17:57.237, 1, 96223, 97871
2026/09/22 23:17:57.237, 2, 96218, 97871
2026/09/22 23:17:57.237, 3, 96212, 97871
2026/09/22 23:17:57.437, 0, 96211, 97871
2026/09/22 23:17:57.437, 1, 96223, 97871
2026/09/22 23:17:57.437, 2, 96218, 97871
2026/09/22 23:17:57.437, 3, 96212, 97871
2026/09/22 23:17:57.638, 0, 96211, 97871
2026/09/22 23:17:57.638, 1, 96223, 97871
2026/09/22 23:17:57.638, 2, 96218, 97871
2026/09/22 23:17:57.638, 3, 96212, 97871
2026/09/22 23:17:57.838, 0, 96211, 97871
2026/09/22 23:17:57.838, 1, 96223, 97871
2026/09/22 23:17:57.838, 2, 96218, 97871
2026/09/22 23:17:57.838, 3, 96212, 97871
2026/09/22 23:17:58.038, 0, 96211, 97871
2026/09/22 23:17:58.038, 1, 96223, 97871
2026/09/22 23:17:58.038, 2, 96218, 97871
2026/09/22 23:17:58.038, 3, 96212, 97871
2026/09/22 23:17:58.238, 0, 96211, 97871
2026/09/22 23:17:58.239, 1, 96223, 97871
2026/09/22 23:17:58.239, 2, 96218, 97871
2026/09/22 23:17:58.239, 3, 96212, 97871
2026/09/22 23:17:58.439, 0, 96211, 97871
2026/09/22 23:17:58.439, 1, 96223, 97871
2026/09/22 23:17:58.439, 2, 96218, 97871
2026/09/22 23:17:58.439, 3, 96212, 97871
2026/09/22 23:17:58.639, 0, 96211, 97871
2026/09/22 23:17:58.639, 1, 96223, 97871
2026/09/22 23:17:58.639, 2, 96218, 97871
2026/09/22 23:17:58.640, 3, 96212, 97871
2026/09/22 23:17:58.840, 0, 96211, 97871
2026/09/22 23:17:58.840, 1, 96223, 97871
2026/09/22 23:17:58.840, 2, 96218, 97871
2026/09/22 23:17:58.840, 3, 96212, 97871
2026/09/22 23:17:59.040, 0, 96211, 97871
2026/09/22 23:17:59.040, 1, 96223, 97871
2026/09/22 23:17:59.040, 2, 96218, 97871
2026/09/22 23:17:59.040, 3, 96212, 97871
2026/09/22 23:17:59.240, 0, 96211, 97871
2026/09/22 23:17:59.240, 1, 96223, 97871
2026/09/22 23:17:59.240, 2, 96218, 97871
2026/09/22 23:17:59.240, 3, 96212, 97871
2026/09/22 23:17:59.441, 0, 96211, 97871
2026/09/22 23:17:59.441, 1, 96223, 97871
2026/09/22 23:17:59.441, 2, 96218, 97871
2026/09/22 23:17:59.441, 3, 96212, 97871
2026/09/22 23:17:59.641, 0, 96211, 97871
2026/09/22 23:17:59.641, 1, 96223, 97871
2026/09/22 23:17:59.641, 2, 96218, 97871
2026/09/22 23:17:59.641, 3, 96212, 97871
2026/09/22 23:17:59.841, 0, 96211, 97871
2026/09/22 23:17:59.841, 1, 96223, 97871
2026/09/22 23:17:59.841, 2, 96218, 97871
2026/09/22 23:17:59.841, 3, 96212, 97871
2026/09/22 23:18:00.041, 0, 96211, 97871
2026/09/22 23:18:00.042, 1, 96223, 97871
2026/09/22 23:18:00.042, 2, 96218, 97871
2026/09/22 23:18:00.042, 3, 96212, 97871
2026/09/22 23:18:00.242, 0, 96211, 97871
2026/09/22 23:18:00.242, 1, 96223, 97871
2026/09/22 23:18:00.242, 2, 96218, 97871
2026/09/22 23:18:00.242, 3, 96212, 97871
2026/09/22 23:18:00.442, 0, 96211, 97871
2026/09/22 23:18:00.442, 1, 96223, 97871
2026/09/22 23:18:00.442, 2, 96218, 97871
2026/09/22 23:18:00.442, 3, 96212, 97871
2026/09/22 23:18:00.642, 0, 96211, 97871
2026/09/22 23:18:00.642, 1, 96223, 97871
2026/09/22 23:18:00.643, 2, 96218, 97871
2026/09/22 23:18:00.643, 3, 96212, 97871
2026/09/22 23:18:00.843, 0, 96211, 97871
2026/09/22 23:18:00.843, 1, 96223, 97871
2026/09/22 23:18:00.843, 2, 96218, 97871
2026/09/22 23:18:00.843, 3, 96212, 97871
2026/09/22 23:18:01.043, 0, 96211, 97871
2026/09/22 23:18:01.043, 1, 96223, 97871
2026/09/22 23:18:01.043, 2, 96218, 97871
2026/09/22 23:18:01.044, 3, 96212, 97871
2026/09/22 23:18:01.244, 0, 96211, 97871
2026/09/22 23:18:01.244, 1, 96223, 97871
2026/09/22 23:18:01.244, 2, 96218, 97871
2026/09/22 23:18:01.244, 3, 96212, 97871
2026/09/22 23:18:01.444, 0, 96211, 97871
2026/09/22 23:18:01.444, 1, 96223, 97871
2026/09/22 23:18:01.444, 2, 96218, 97871
2026/09/22 23:18:01.444, 3, 96212, 97871
2026/09/22 23:18:01.644, 0, 96211, 97871
2026/09/22 23:18:01.645, 1, 96223, 97871
2026/09/22 23:18:01.645, 2, 96218, 97871
2026/09/22 23:18:01.645, 3, 96212, 97871
2026/09/22 23:18:01.845, 0, 96211, 97871
2026/09/22 23:18:01.845, 1, 96223, 97871
2026/09/22 23:18:01.845, 2, 96218, 97871
2026/09/22 23:18:01.845, 3, 96212, 97871
2026/09/22 23:18:02.045, 0, 96211, 97871
2026/09/22 23:18:02.045, 1, 96223, 97871
2026/09/22 23:18:02.045, 2, 96218, 97871
2026/09/22 23:18:02.045, 3, 96212, 97871
2026/09/22 23:18:02.245, 0, 96211, 97871
2026/09/22 23:18:02.246, 1, 96223, 97871
2026/09/22 23:18:02.246, 2, 96218, 97871
2026/09/22 23:18:02.246, 3, 96212, 97871
2026/09/22 23:18:02.446, 0, 96211, 97871
2026/09/22 23:18:02.446, 1, 96223, 97871
2026/09/22 23:18:02.446, 2, 96218, 97871
2026/09/22 23:18:02.446, 3, 96212, 97871
2026/09/22 23:18:02.646, 0, 96211, 97871
2026/09/22 23:18:02.646, 1, 96223, 97871
2026/09/22 23:18:02.646, 2, 96218, 97871
2026/09/22 23:18:02.646, 3, 96212, 97871
2026/09/22 23:18:02.847, 0, 96211, 97871
2026/09/22 23:18:02.847, 1, 96223, 97871
2026/09/22 23:18:02.847, 2, 96218, 97871
2026/09/22 23:18:02.847, 3, 96212, 97871
2026/09/22 23:18:03.047, 0, 96211, 97871
2026/09/22 23:18:03.047, 1, 96223, 97871
2026/09/22 23:18:03.047, 2, 96218, 97871
2026/09/22 23:18:03.047, 3, 96212, 97871
2026/09/22 23:18:03.247, 0, 96211, 97871
2026/09/22 23:18:03.247, 1, 96223, 97871
2026/09/22 23:18:03.247, 2, 96218, 97871
2026/09/22 23:18:03.247, 3, 96212, 97871
2026/09/22 23:18:03.448, 0, 96211, 97871
2026/09/22 23:18:03.448, 1, 96223, 97871
2026/09/22 23:18:03.448, 2, 96218, 97871
2026/09/22 23:18:03.448, 3, 96212, 97871
2026/09/22 23:18:03.648, 0, 96211, 97871
2026/09/22 23:18:03.648, 1, 96223, 97871
2026/09/22 23:18:03.648, 2, 96218, 97871
2026/09/22 23:18:03.648, 3, 96212, 97871
2026/09/22 23:18:03.849, 0, 96211, 97871
2026/09/22 23:18:03.849, 1, 96223, 97871
2026/09/22 23:18:03.849, 2, 96218, 97871
2026/09/22 23:18:03.849, 3, 96212, 97871
2026/09/22 23:18:04.049, 0, 96211, 97871
2026/09/22 23:18:04.049, 1, 96223, 97871
2026/09/22 23:18:04.049, 2, 96218, 97871
2026/09/22 23:18:04.049, 3, 96212, 97871
2026/09/22 23:18:04.249, 0, 96211, 97871
2026/09/22 23:18:04.249, 1, 96223, 97871
2026/09/22 23:18:04.249, 2, 96218, 97871
2026/09/22 23:18:04.249, 3, 96212, 97871
2026/09/22 23:18:04.449, 0, 96211, 97871
2026/09/22 23:18:04.449, 1, 96223, 97871
2026/09/22 23:18:04.449, 2, 96218, 97871
2026/09/22 23:18:04.449, 3, 96212, 97871
2026/09/22 23:18:04.650, 0, 96211, 97871
2026/09/22 23:18:04.650, 1, 96223, 97871
2026/09/22 23:18:04.650, 2, 96218, 97871
2026/09/22 23:18:04.650, 3, 96212, 97871
2026/09/22 23:18:04.850, 0, 96211, 97871
2026/09/22 23:18:04.850, 1, 96223, 97871
2026/09/22 23:18:04.850, 2, 96218, 97871
2026/09/22 23:18:04.850, 3, 96212, 97871
2026/09/22 23:18:05.050, 0, 96211, 97871
2026/09/22 23:18:05.050, 1, 96223, 97871
2026/09/22 23:18:05.050, 2, 96218, 97871
2026/09/22 23:18:05.051, 3, 96212, 97871
2026/09/22 23:18:05.251, 0, 96211, 97871
2026/09/22 23:18:05.251, 1, 96223, 97871
2026/09/22 23:18:05.251, 2, 96218, 97871
2026/09/22 23:18:05.251, 3, 96212, 97871
2026/09/22 23:18:05.451, 0, 96211, 97871
2026/09/22 23:18:05.451, 1, 96223, 97871
2026/09/22 23:18:05.451, 2, 96218, 97871
2026/09/22 23:18:05.451, 3, 96212, 97871
2026/09/22 23:18:05.651, 0, 96211, 97871
2026/09/22 23:18:05.651, 1, 96223, 97871
2026/09/22 23:18:05.651, 2, 96218, 97871
2026/09/22 23:18:05.651, 3, 96212, 97871
2026/09/22 23:18:05.852, 0, 96211, 97871
2026/09/22 23:18:05.852, 1, 96223, 97871
2026/09/22 23:18:05.852, 2, 96218, 97871
2026/09/22 23:18:05.852, 3, 96212, 97871
2026/09/22 23:18:06.052, 0, 96211, 97871
2026/09/22 23:18:06.052, 1, 96223, 97871
2026/09/22 23:18:06.052, 2, 96218, 97871
2026/09/22 23:18:06.052, 3, 96212, 97871
2026/09/22 23:18:06.252, 0, 96211, 97871
2026/09/22 23:18:06.253, 1, 96223, 97871
2026/09/22 23:18:06.253, 2, 96218, 97871
2026/09/22 23:18:06.253, 3, 96212, 97871
2026/09/22 23:18:06.453, 0, 96211, 97871
2026/09/22 23:18:06.453, 1, 96223, 97871
2026/09/22 23:18:06.453, 2, 96218, 97871
2026/09/22 23:18:06.453, 3, 96212, 97871
2026/09/22 23:18:06.653, 0, 96211, 97871
2026/09/22 23:18:06.653, 1, 96223, 97871
2026/09/22 23:18:06.653, 2, 96218, 97871
2026/09/22 23:18:06.653, 3, 96212, 97871
2026/09/22 23:18:06.853, 0, 96211, 97871
2026/09/22 23:18:06.853, 1, 96223, 97871
2026/09/22 23:18:06.853, 2, 96218, 97871
2026/09/22 23:18:06.853, 3, 96212, 97871
2026/09/22 23:18:07.054, 0, 96211, 97871
2026/09/22 23:18:07.054, 1, 96223, 97871
2026/09/22 23:18:07.054, 2, 96218, 97871
2026/09/22 23:18:07.054, 3, 96212, 97871
2026/09/22 23:18:07.254, 0, 96211, 97871
2026/09/22 23:18:07.254, 1, 96223, 97871
2026/09/22 23:18:07.254, 2, 96218, 97871
2026/09/22 23:18:07.254, 3, 96212, 97871
2026/09/22 23:18:07.454, 0, 96211, 97871
2026/09/22 23:18:07.454, 1, 96223, 97871
2026/09/22 23:18:07.454, 2, 96218, 97871
2026/09/22 23:18:07.454, 3, 96212, 97871
2026/09/22 23:18:07.654, 0, 96211, 97871
2026/09/22 23:18:07.654, 1, 96223, 97871
2026/09/22 23:18:07.655, 2, 96218, 97871
2026/09/22 23:18:07.655, 3, 96212, 97871
2026/09/22 23:18:07.855, 0, 96211, 97871
2026/09/22 23:18:07.855, 1, 96223, 97871
2026/09/22 23:18:07.855, 2, 96218, 97871
2026/09/22 23:18:07.855, 3, 96212, 97871
2026/09/22 23:18:08.055, 0, 96211, 97871
2026/09/22 23:18:08.055, 1, 96223, 97871
2026/09/22 23:18:08.055, 2, 96218, 97871
2026/09/22 23:18:08.055, 3, 96212, 97871
2026/09/22 23:18:08.255, 0, 96211, 97871
2026/09/22 23:18:08.256, 1, 96223, 97871
2026/09/22 23:18:08.256, 2, 96218, 97871
2026/09/22 23:18:08.256, 3, 96212, 97871
2026/09/22 23:18:08.456, 0, 96211, 97871
2026/09/22 23:18:08.456, 1, 96223, 97871
2026/09/22 23:18:08.456, 2, 96218, 97871
2026/09/22 23:18:08.456, 3, 96212, 97871
2026/09/22 23:18:08.656, 0, 96211, 97871
2026/09/22 23:18:08.656, 1, 96223, 97871
2026/09/22 23:18:08.656, 2, 96218, 97871
2026/09/22 23:18:08.656, 3, 96212, 97871
2026/09/22 23:18:08.856, 0, 96211, 97871
2026/09/22 23:18:08.856, 1, 96223, 97871
2026/09/22 23:18:08.856, 2, 96218, 97871
2026/09/22 23:18:08.856, 3, 96212, 97871
2026/09/22 23:18:09.056, 0, 96211, 97871
2026/09/22 23:18:09.057, 1, 96223, 97871
2026/09/22 23:18:09.057, 2, 96218, 97871
2026/09/22 23:18:09.057, 3, 96212, 97871
2026/09/22 23:18:09.257, 0, 96211, 97871
2026/09/22 23:18:09.257, 1, 96223, 97871
2026/09/22 23:18:09.257, 2, 96218, 97871
2026/09/22 23:18:09.257, 3, 96212, 97871
2026/09/22 23:18:09.457, 0, 96211, 97871
2026/09/22 23:18:09.457, 1, 96223, 97871
2026/09/22 23:18:09.457, 2, 96218, 97871
2026/09/22 23:18:09.457, 3, 96212, 97871
2026/09/22 23:18:09.657, 0, 96211, 97871
2026/09/22 23:18:09.657, 1, 96223, 97871
2026/09/22 23:18:09.657, 2, 96218, 97871
2026/09/22 23:18:09.657, 3, 96212, 97871
2026/09/22 23:18:09.857, 0, 96211, 97871
2026/09/22 23:18:09.857, 1, 96223, 97871
2026/09/22 23:18:09.858, 2, 96218, 97871
2026/09/22 23:18:09.858, 3, 96212, 97871
2026/09/22 23:18:10.058, 0, 96211, 97871
2026/09/22 23:18:10.058, 1, 96223, 97871
2026/09/22 23:18:10.058, 2, 96218, 97871
2026/09/22 23:18:10.058, 3, 96212, 97871
2026/09/22 23:18:10.258, 0, 96211, 97871
2026/09/22 23:18:10.258, 1, 96223, 97871
2026/09/22 23:18:10.258, 2, 96218, 97871
2026/09/22 23:18:10.258, 3, 96212, 97871
2026/09/22 23:18:10.458, 0, 96211, 97871
2026/09/22 23:18:10.458, 1, 96223, 97871
2026/09/22 23:18:10.458, 2, 96218, 97871
2026/09/22 23:18:10.458, 3, 96212, 97871
2026/09/22 23:18:10.658, 0, 96211, 97871
2026/09/22 23:18:10.658, 1, 96223, 97871
2026/09/22 23:18:10.658, 2, 96218, 97871
2026/09/22 23:18:10.658, 3, 96212, 97871
2026/09/22 23:18:10.859, 0, 96211, 97871
2026/09/22 23:18:10.859, 1, 96223, 97871
2026/09/22 23:18:10.859, 2, 96218, 97871
2026/09/22 23:18:10.859, 3, 96212, 97871
2026/09/22 23:18:11.059, 0, 96211, 97871
2026/09/22 23:18:11.059, 1, 96223, 97871
2026/09/22 23:18:11.059, 2, 96218, 97871
2026/09/22 23:18:11.059, 3, 96212, 97871
2026/09/22 23:18:11.259, 0, 96211, 97871
2026/09/22 23:18:11.259, 1, 96223, 97871
2026/09/22 23:18:11.259, 2, 96218, 97871
2026/09/22 23:18:11.259, 3, 96212, 97871
2026/09/22 23:18:11.459, 0, 96211, 97871
2026/09/22 23:18:11.459, 1, 96223, 97871
2026/09/22 23:18:11.460, 2, 96218, 97871
2026/09/22 23:18:11.460, 3, 96212, 97871
2026/09/22 23:18:11.660, 0, 96211, 97871
2026/09/22 23:18:11.660, 1, 96223, 97871
2026/09/22 23:18:11.660, 2, 96218, 97871
2026/09/22 23:18:11.660, 3, 96212, 97871
2026/09/22 23:18:11.860, 0, 96211, 97871
2026/09/22 23:18:11.860, 1, 96223, 97871
2026/09/22 23:18:11.860, 2, 96218, 97871
2026/09/22 23:18:11.861, 3, 96212, 97871
2026/09/22 23:18:12.061, 0, 96211, 97871
2026/09/22 23:18:12.061, 1, 96223, 97871
2026/09/22 23:18:12.061, 2, 96218, 97871
2026/09/22 23:18:12.061, 3, 96212, 97871
2026/09/22 23:18:12.261, 0, 96211, 97871
2026/09/22 23:18:12.261, 1, 96223, 97871
2026/09/22 23:18:12.261, 2, 96218, 97871
2026/09/22 23:18:12.261, 3, 96212, 97871
2026/09/22 23:18:12.462, 0, 96211, 97871
2026/09/22 23:18:12.462, 1, 96223, 97871
2026/09/22 23:18:12.462, 2, 96218, 97871
2026/09/22 23:18:12.462, 3, 96212, 97871
2026/09/22 23:18:12.662, 0, 96211, 97871
2026/09/22 23:18:12.662, 1, 96223, 97871
2026/09/22 23:18:12.662, 2, 96218, 97871
2026/09/22 23:18:12.662, 3, 96212, 97871
2026/09/22 23:18:12.862, 0, 96211, 97871
2026/09/22 23:18:12.862, 1, 96223, 97871
2026/09/22 23:18:12.862, 2, 96218, 97871
2026/09/22 23:18:12.862, 3, 96212, 97871
2026/09/22 23:18:13.062, 0, 96211, 97871
2026/09/22 23:18:13.062, 1, 96223, 97871
2026/09/22 23:18:13.062, 2, 96218, 97871
2026/09/22 23:18:13.062, 3, 96212, 97871
2026/09/22 23:18:13.262, 0, 96211, 97871
2026/09/22 23:18:13.263, 1, 96223, 97871
2026/09/22 23:18:13.263, 2, 96218, 97871
2026/09/22 23:18:13.263, 3, 96212, 97871
2026/09/22 23:18:13.463, 0, 96211, 97871
2026/09/22 23:18:13.463, 1, 96223, 97871
2026/09/22 23:18:13.463, 2, 96218, 97871
2026/09/22 23:18:13.463, 3, 96212, 97871
2026/09/22 23:18:13.663, 0, 96211, 97871
2026/09/22 23:18:13.663, 1, 96223, 97871
2026/09/22 23:18:13.663, 2, 96218, 97871
2026/09/22 23:18:13.663, 3, 96212, 97871
2026/09/22 23:18:13.863, 0, 96211, 97871
2026/09/22 23:18:13.863, 1, 96223, 97871
2026/09/22 23:18:13.863, 2, 96218, 97871
2026/09/22 23:18:13.863, 3, 96212, 97871
2026/09/22 23:18:14.064, 0, 96211, 97871
2026/09/22 23:18:14.092, 1, 96223, 97871
2026/09/22 23:18:14.119, 2, 96218, 97871
2026/09/22 23:18:14.119, 3, 96212, 97871
2026/09/22 23:18:14.319, 0, 96211, 97871
2026/09/22 23:18:14.320, 1, 96223, 97871
2026/09/22 23:18:14.320, 2, 96218, 97871
2026/09/22 23:18:14.320, 3, 96212, 97871
2026/09/22 23:18:14.520, 0, 96211, 97871
2026/09/22 23:18:14.520, 1, 96223, 97871
2026/09/22 23:18:14.520, 2, 96218, 97871
2026/09/22 23:18:14.520, 3, 96212, 97871
2026/09/22 23:18:14.720, 0, 96211, 97871
2026/09/22 23:18:14.720, 1, 96223, 97871
2026/09/22 23:18:14.720, 2, 96218, 97871
2026/09/22 23:18:14.720, 3, 96212, 97871
2026/09/22 23:18:14.920, 0, 96211, 97871
2026/09/22 23:18:14.920, 1, 96223, 97871
2026/09/22 23:18:14.920, 2, 96218, 97871
2026/09/22 23:18:14.920, 3, 96212, 97871
2026/09/22 23:18:15.120, 0, 96211, 97871
2026/09/22 23:18:15.146, 1, 96223, 97871
2026/09/22 23:18:15.182, 2, 96218, 97871
2026/09/22 23:18:15.212, 3, 96212, 97871
2026/09/22 23:18:15.412, 0, 96211, 97871
2026/09/22 23:18:15.412, 1, 96223, 97871
2026/09/22 23:18:15.412, 2, 96218, 97871
2026/09/22 23:18:15.412, 3, 96212, 97871
2026/09/22 23:18:15.612, 0, 96211, 97871
2026/09/22 23:18:15.612, 1, 96223, 97871
2026/09/22 23:18:15.612, 2, 96218, 97871
2026/09/22 23:18:15.612, 3, 96212, 97871
2026/09/22 23:18:15.812, 0, 96211, 97871
2026/09/22 23:18:15.812, 1, 96223, 97871
2026/09/22 23:18:15.812, 2, 96218, 97871
2026/09/22 23:18:15.812, 3, 96212, 97871
2026/09/22 23:18:16.012, 0, 96211, 97871
2026/09/22 23:18:16.012, 1, 96223, 97871
2026/09/22 23:18:16.012, 2, 96218, 97871
2026/09/22 23:18:16.012, 3, 96212, 97871
2026/09/22 23:18:16.212, 0, 96211, 97871
2026/09/22 23:18:16.213, 1, 96223, 97871
2026/09/22 23:18:16.213, 2, 96218, 97871
2026/09/22 23:18:16.213, 3, 96212, 97871
2026/09/22 23:18:16.413, 0, 96211, 97871
2026/09/22 23:18:16.413, 1, 96223, 97871
2026/09/22 23:18:16.413, 2, 96218, 97871
2026/09/22 23:18:16.413, 3, 96212, 97871
2026/09/22 23:18:16.613, 0, 96211, 97871
2026/09/22 23:18:16.613, 1, 96223, 97871
2026/09/22 23:18:16.613, 2, 96218, 97871
2026/09/22 23:18:16.613, 3, 96212, 97871
2026/09/22 23:18:16.813, 0, 96211, 97871
2026/09/22 23:18:16.813, 1, 96223, 97871
2026/09/22 23:18:16.813, 2, 96218, 97871
2026/09/22 23:18:16.813, 3, 96212, 97871
2026/09/22 23:18:17.013, 0, 96211, 97871
2026/09/22 23:18:17.013, 1, 96223, 97871
2026/09/22 23:18:17.014, 2, 96218, 97871
2026/09/22 23:18:17.014, 3, 96212, 97871
2026/09/22 23:18:17.214, 0, 96211, 97871
2026/09/22 23:18:17.214, 1, 96223, 97871
2026/09/22 23:18:17.214, 2, 96218, 97871
2026/09/22 23:18:17.214, 3, 96212, 97871
2026/09/22 23:18:17.414, 0, 96211, 97871
2026/09/22 23:18:17.414, 1, 96223, 97871
2026/09/22 23:18:17.414, 2, 96218, 97871
2026/09/22 23:18:17.414, 3, 96212, 97871
2026/09/22 23:18:17.614, 0, 96211, 97871
2026/09/22 23:18:17.614, 1, 96223, 97871
2026/09/22 23:18:17.614, 2, 96218, 97871
2026/09/22 23:18:17.614, 3, 96212, 97871
2026/09/22 23:18:17.814, 0, 96211, 97871
2026/09/22 23:18:17.814, 1, 96223, 97871
2026/09/22 23:18:17.814, 2, 96218, 97871
2026/09/22 23:18:17.815, 3, 96212, 97871
2026/09/22 23:18:18.015, 0, 96211, 97871
2026/09/22 23:18:18.015, 1, 96223, 97871
2026/09/22 23:18:18.015, 2, 96218, 97871
2026/09/22 23:18:18.015, 3, 96212, 97871
2026/09/22 23:18:18.215, 0, 96211, 97871
2026/09/22 23:18:18.215, 1, 96223, 97871
2026/09/22 23:18:18.215, 2, 96218, 97871
2026/09/22 23:18:18.215, 3, 96212, 97871
2026/09/22 23:18:18.415, 0, 96211, 97871
2026/09/22 23:18:18.415, 1, 96223, 97871
2026/09/22 23:18:18.415, 2, 96218, 97871
2026/09/22 23:18:18.415, 3, 96212, 97871
2026/09/22 23:18:18.615, 0, 96211, 97871
2026/09/22 23:18:18.615, 1, 96223, 97871
2026/09/22 23:18:18.615, 2, 96218, 97871
2026/09/22 23:18:18.615, 3, 96212, 97871
2026/09/22 23:18:18.816, 0, 96211, 97871
2026/09/22 23:18:18.816, 1, 96223, 97871
2026/09/22 23:18:18.816, 2, 96218, 97871
2026/09/22 23:18:18.816, 3, 96212, 97871
2026/09/22 23:18:19.016, 0, 96211, 97871
2026/09/22 23:18:19.016, 1, 96223, 97871
2026/09/22 23:18:19.016, 2, 96218, 97871
2026/09/22 23:18:19.016, 3, 96212, 97871
2026/09/22 23:18:19.216, 0, 96211, 97871
2026/09/22 23:18:19.216, 1, 96223, 97871
2026/09/22 23:18:19.216, 2, 96218, 97871
2026/09/22 23:18:19.216, 3, 96212, 97871
2026/09/22 23:18:19.416, 0, 96211, 97871
2026/09/22 23:18:19.416, 1, 96223, 97871
2026/09/22 23:18:19.416, 2, 96218, 97871
2026/09/22 23:18:19.416, 3, 96212, 97871
2026/09/22 23:18:19.616, 0, 96211, 97871
2026/09/22 23:18:19.617, 1, 96223, 97871
2026/09/22 23:18:19.617, 2, 96218, 97871
2026/09/22 23:18:19.617, 3, 96212, 97871
2026/09/22 23:18:19.817, 0, 96211, 97871
2026/09/22 23:18:19.817, 1, 96223, 97871
2026/09/22 23:18:19.817, 2, 96218, 97871
2026/09/22 23:18:19.817, 3, 96212, 97871
2026/09/22 23:18:20.017, 0, 96211, 97871
2026/09/22 23:18:20.017, 1, 96223, 97871
2026/09/22 23:18:20.017, 2, 96218, 97871
2026/09/22 23:18:20.017, 3, 96212, 97871
2026/09/22 23:18:20.217, 0, 96211, 97871
2026/09/22 23:18:20.217, 1, 96223, 97871
2026/09/22 23:18:20.217, 2, 96218, 97871
2026/09/22 23:18:20.217, 3, 96212, 97871
2026/09/22 23:18:20.417, 0, 96211, 97871
2026/09/22 23:18:20.417, 1, 96223, 97871
2026/09/22 23:18:20.417, 2, 96218, 97871
2026/09/22 23:18:20.418, 3, 96212, 97871
2026/09/22 23:18:20.618, 0, 96211, 97871
2026/09/22 23:18:20.618, 1, 96223, 97871
2026/09/22 23:18:20.618, 2, 96218, 97871
2026/09/22 23:18:20.618, 3, 96212, 97871
2026/09/22 23:18:20.818, 0, 96211, 97871
2026/09/22 23:18:20.818, 1, 96223, 97871
2026/09/22 23:18:20.818, 2, 96218, 97871
2026/09/22 23:18:20.818, 3, 96212, 97871
2026/09/22 23:18:21.018, 0, 96211, 97871
2026/09/22 23:18:21.018, 1, 96223, 97871
2026/09/22 23:18:21.018, 2, 96218, 97871
2026/09/22 23:18:21.018, 3, 96212, 97871
2026/09/22 23:18:21.218, 0, 96211, 97871
2026/09/22 23:18:21.218, 1, 96223, 97871
2026/09/22 23:18:21.218, 2, 96218, 97871
2026/09/22 23:18:21.218, 3, 96212, 97871
2026/09/22 23:18:21.418, 0, 96211, 97871
2026/09/22 23:18:21.419, 1, 96223, 97871
2026/09/22 23:18:21.419, 2, 96218, 97871
2026/09/22 23:18:21.419, 3, 96212, 97871
2026/09/22 23:18:21.619, 0, 96211, 97871
2026/09/22 23:18:21.619, 1, 96223, 97871
2026/09/22 23:18:21.619, 2, 96218, 97871
2026/09/22 23:18:21.619, 3, 96212, 97871
2026/09/22 23:18:21.819, 0, 96211, 97871
2026/09/22 23:18:21.819, 1, 96223, 97871
2026/09/22 23:18:21.819, 2, 96218, 97871
2026/09/22 23:18:21.819, 3, 96212, 97871
2026/09/22 23:18:22.019, 0, 96211, 97871
2026/09/22 23:18:22.019, 1, 96223, 97871
2026/09/22 23:18:22.019, 2, 96218, 97871
2026/09/22 23:18:22.019, 3, 96212, 97871
2026/09/22 23:18:22.219, 0, 96211, 97871
2026/09/22 23:18:22.220, 1, 96223, 97871
2026/09/22 23:18:22.220, 2, 96218, 97871
2026/09/22 23:18:22.220, 3, 96212, 97871
2026/09/22 23:18:22.420, 0, 96211, 97871
2026/09/22 23:18:22.420, 1, 96223, 97871
2026/09/22 23:18:22.420, 2, 96218, 97871
2026/09/22 23:18:22.420, 3, 96212, 97871
2026/09/22 23:18:22.620, 0, 96211, 97871
2026/09/22 23:18:22.620, 1, 96223, 97871
2026/09/22 23:18:22.620, 2, 96218, 97871
2026/09/22 23:18:22.620, 3, 96212, 97871
2026/09/22 23:18:22.820, 0, 96211, 97871
2026/09/22 23:18:22.820, 1, 96223, 97871
2026/09/22 23:18:22.820, 2, 96218, 97871
2026/09/22 23:18:22.820, 3, 96212, 97871
2026/09/22 23:18:23.020, 0, 96211, 97871
2026/09/22 23:18:23.020, 1, 96223, 97871
2026/09/22 23:18:23.020, 2, 96218, 97871
2026/09/22 23:18:23.021, 3, 96212, 97871
2026/09/22 23:18:23.221, 0, 96211, 97871
2026/09/22 23:18:23.221, 1, 96223, 97871
2026/09/22 23:18:23.221, 2, 96218, 97871
2026/09/22 23:18:23.221, 3, 96212, 97871
2026/09/22 23:18:23.421, 0, 96211, 97871
2026/09/22 23:18:23.421, 1, 96223, 97871
2026/09/22 23:18:23.421, 2, 96218, 97871
2026/09/22 23:18:23.421, 3, 96212, 97871
2026/09/22 23:18:23.621, 0, 96211, 97871
2026/09/22 23:18:23.621, 1, 96223, 97871
2026/09/22 23:18:23.621, 2, 96218, 97871
2026/09/22 23:18:23.621, 3, 96212, 97871
2026/09/22 23:18:23.821, 0, 96211, 97871
2026/09/22 23:18:23.821, 1, 96223, 97871
2026/09/22 23:18:23.821, 2, 96218, 97871
2026/09/22 23:18:23.821, 3, 96212, 97871
2026/09/22 23:18:24.022, 0, 96211, 97871
2026/09/22 23:18:24.022, 1, 96223, 97871
2026/09/22 23:18:24.022, 2, 96218, 97871
2026/09/22 23:18:24.022, 3, 96212, 97871
2026/09/22 23:18:24.222, 0, 96211, 97871
2026/09/22 23:18:24.222, 1, 96223, 97871
2026/09/22 23:18:24.222, 2, 96218, 97871
2026/09/22 23:18:24.222, 3, 96212, 97871
2026/09/22 23:18:24.422, 0, 96211, 97871
2026/09/22 23:18:24.422, 1, 96223, 97871
2026/09/22 23:18:24.422, 2, 96218, 97871
2026/09/22 23:18:24.422, 3, 96212, 97871
2026/09/22 23:18:24.622, 0, 96211, 97871
2026/09/22 23:18:24.622, 1, 96223, 97871
2026/09/22 23:18:24.622, 2, 96218, 97871
2026/09/22 23:18:24.622, 3, 96212, 97871
2026/09/22 23:18:24.822, 0, 96211, 97871
2026/09/22 23:18:24.822, 1, 96223, 97871
2026/09/22 23:18:24.823, 2, 96218, 97871
2026/09/22 23:18:24.823, 3, 96212, 97871
2026/09/22 23:18:25.023, 0, 96211, 97871
2026/09/22 23:18:25.023, 1, 96223, 97871
2026/09/22 23:18:25.023, 2, 96218, 97871
2026/09/22 23:18:25.023, 3, 96212, 97871
2026/09/22 23:18:25.223, 0, 96211, 97871
2026/09/22 23:18:25.223, 1, 96223, 97871
2026/09/22 23:18:25.223, 2, 96218, 97871
2026/09/22 23:18:25.223, 3, 96212, 97871
2026/09/22 23:18:25.423, 0, 96211, 97871
2026/09/22 23:18:25.423, 1, 96223, 97871
2026/09/22 23:18:25.423, 2, 96218, 97871
2026/09/22 23:18:25.423, 3, 96212, 97871
2026/09/22 23:18:25.623, 0, 96211, 97871
2026/09/22 23:18:25.623, 1, 96223, 97871
2026/09/22 23:18:25.623, 2, 96218, 97871
2026/09/22 23:18:25.623, 3, 96212, 97871
2026/09/22 23:18:25.824, 0, 96211, 97871
2026/09/22 23:18:25.824, 1, 96223, 97871
2026/09/22 23:18:25.824, 2, 96218, 97871
2026/09/22 23:18:25.824, 3, 96212, 97871
2026/09/22 23:18:26.024, 0, 96211, 97871
2026/09/22 23:18:26.024, 1, 96223, 97871
2026/09/22 23:18:26.024, 2, 96218, 97871
2026/09/22 23:18:26.024, 3, 96212, 97871
2026/09/22 23:18:26.224, 0, 96211, 97871
2026/09/22 23:18:26.224, 1, 96223, 97871
2026/09/22 23:18:26.224, 2, 96218, 97871
2026/09/22 23:18:26.224, 3, 96212, 97871
2026/09/22 23:18:26.424, 0, 96211, 97871
2026/09/22 23:18:26.424, 1, 96223, 97871
2026/09/22 23:18:26.424, 2, 96218, 97871
2026/09/22 23:18:26.424, 3, 96212, 97871
2026/09/22 23:18:26.624, 0, 96211, 97871
2026/09/22 23:18:26.624, 1, 96223, 97871
2026/09/22 23:18:26.625, 2, 96218, 97871
2026/09/22 23:18:26.625, 3, 96212, 97871
2026/09/22 23:18:26.825, 0, 96211, 97871
2026/09/22 23:18:26.825, 1, 96223, 97871
2026/09/22 23:18:26.825, 2, 96218, 97871
2026/09/22 23:18:26.825, 3, 96212, 97871
2026/09/22 23:18:27.025, 0, 96211, 97871
2026/09/22 23:18:27.025, 1, 96223, 97871
2026/09/22 23:18:27.025, 2, 96218, 97871
2026/09/22 23:18:27.025, 3, 96212, 97871
2026/09/22 23:18:27.225, 0, 96211, 97871
2026/09/22 23:18:27.225, 1, 96223, 97871
2026/09/22 23:18:27.225, 2, 96218, 97871
2026/09/22 23:18:27.225, 3, 96212, 97871
2026/09/22 23:18:27.425, 0, 96211, 97871
2026/09/22 23:18:27.425, 1, 96223, 97871
2026/09/22 23:18:27.425, 2, 96218, 97871
2026/09/22 23:18:27.425, 3, 96212, 97871
2026/09/22 23:18:27.625, 0, 96211, 97871
2026/09/22 23:18:27.626, 1, 96223, 97871
2026/09/22 23:18:27.626, 2, 96218, 97871
2026/09/22 23:18:27.626, 3, 96212, 97871
2026/09/22 23:18:27.826, 0, 96211, 97871
2026/09/22 23:18:27.826, 1, 96223, 97871
2026/09/22 23:18:27.826, 2, 96218, 97871
2026/09/22 23:18:27.826, 3, 96212, 97871
2026/09/22 23:18:28.026, 0, 96211, 97871
2026/09/22 23:18:28.026, 1, 96223, 97871
2026/09/22 23:18:28.026, 2, 96218, 97871
2026/09/22 23:18:28.026, 3, 96212, 97871
2026/09/22 23:18:28.226, 0, 96211, 97871
2026/09/22 23:18:28.226, 1, 96223, 97871
2026/09/22 23:18:28.226, 2, 96218, 97871
2026/09/22 23:18:28.226, 3, 96212, 97871
2026/09/22 23:18:28.426, 0, 96211, 97871
2026/09/22 23:18:28.427, 1, 96223, 97871
2026/09/22 23:18:28.427, 2, 96218, 97871
2026/09/22 23:18:28.427, 3, 96212, 97871
2026/09/22 23:18:28.627, 0, 96211, 97871
2026/09/22 23:18:28.627, 1, 96223, 97871
2026/09/22 23:18:28.627, 2, 96218, 97871
2026/09/22 23:18:28.627, 3, 96212, 97871
2026/09/22 23:18:28.827, 0, 96211, 97871
2026/09/22 23:18:28.827, 1, 96223, 97871
2026/09/22 23:18:28.827, 2, 96218, 97871
2026/09/22 23:18:28.827, 3, 96212, 97871
2026/09/22 23:18:29.027, 0, 96211, 97871
2026/09/22 23:18:29.028, 1, 96223, 97871
2026/09/22 23:18:29.028, 2, 96218, 97871
2026/09/22 23:18:29.028, 3, 96212, 97871
2026/09/22 23:18:29.228, 0, 96211, 97871
2026/09/22 23:18:29.228, 1, 96223, 97871
2026/09/22 23:18:29.228, 2, 96218, 97871
2026/09/22 23:18:29.228, 3, 96212, 97871
2026/09/22 23:18:29.428, 0, 96211, 97871
2026/09/22 23:18:29.428, 1, 96223, 97871
2026/09/22 23:18:29.428, 2, 96218, 97871
2026/09/22 23:18:29.428, 3, 96212, 97871
2026/09/22 23:18:29.628, 0, 96211, 97871
2026/09/22 23:18:29.628, 1, 96223, 97871
2026/09/22 23:18:29.628, 2, 96218, 97871
2026/09/22 23:18:29.629, 3, 96212, 97871
2026/09/22 23:18:29.829, 0, 96211, 97871
2026/09/22 23:18:29.829, 1, 96223, 97871
2026/09/22 23:18:29.829, 2, 96218, 97871
2026/09/22 23:18:29.829, 3, 96212, 97871
2026/09/22 23:18:30.029, 0, 96211, 97871
2026/09/22 23:18:30.029, 1, 96223, 97871
2026/09/22 23:18:30.029, 2, 96218, 97871
2026/09/22 23:18:30.029, 3, 96212, 97871
2026/09/22 23:18:30.229, 0, 96211, 97871
2026/09/22 23:18:30.229, 1, 96223, 97871
2026/09/22 23:18:30.229, 2, 96218, 97871
2026/09/22 23:18:30.229, 3, 96212, 97871
2026/09/22 23:18:30.430, 0, 96211, 97871
2026/09/22 23:18:30.430, 1, 96223, 97871
2026/09/22 23:18:30.430, 2, 96218, 97871
2026/09/22 23:18:30.430, 3, 96212, 97871
2026/09/22 23:18:30.630, 0, 96211, 97871
2026/09/22 23:18:30.630, 1, 96223, 97871
2026/09/22 23:18:30.630, 2, 96218, 97871
2026/09/22 23:18:30.630, 3, 96212, 97871
2026/09/22 23:18:30.830, 0, 96211, 97871
2026/09/22 23:18:30.830, 1, 96223, 97871
2026/09/22 23:18:30.830, 2, 96218, 97871
2026/09/22 23:18:30.830, 3, 96212, 97871
2026/09/22 23:18:31.030, 0, 96211, 97871
2026/09/22 23:18:31.031, 1, 96223, 97871
2026/09/22 23:18:31.031, 2, 96218, 97871
2026/09/22 23:18:31.031, 3, 96212, 97871
2026/09/22 23:18:31.231, 0, 96211, 97871
2026/09/22 23:18:31.231, 1, 96223, 97871
2026/09/22 23:18:31.231, 2, 96218, 97871
2026/09/22 23:18:31.231, 3, 96212, 97871
2026/09/22 23:18:31.431, 0, 96211, 97871
2026/09/22 23:18:31.431, 1, 96223, 97871
2026/09/22 23:18:31.431, 2, 96218, 97871
2026/09/22 23:18:31.431, 3, 96212, 97871
2026/09/22 23:18:31.631, 0, 96211, 97871
2026/09/22 23:18:31.632, 1, 96223, 97871
2026/09/22 23:18:31.632, 2, 96218, 97871
2026/09/22 23:18:31.632, 3, 96212, 97871
2026/09/22 23:18:31.832, 0, 96211, 97871
2026/09/22 23:18:31.832, 1, 96223, 97871
2026/09/22 23:18:31.832, 2, 96218, 97871
2026/09/22 23:18:31.832, 3, 96212, 97871
2026/09/22 23:18:32.032, 0, 96211, 97871
2026/09/22 23:18:32.032, 1, 96223, 97871
2026/09/22 23:18:32.032, 2, 96218, 97871
2026/09/22 23:18:32.033, 3, 96212, 97871
2026/09/22 23:18:32.233, 0, 96211, 97871
2026/09/22 23:18:32.233, 1, 96223, 97871
2026/09/22 23:18:32.233, 2, 96218, 97871
2026/09/22 23:18:32.233, 3, 96212, 97871
2026/09/22 23:18:32.433, 0, 96211, 97871
2026/09/22 23:18:32.433, 1, 96223, 97871
2026/09/22 23:18:32.433, 2, 96218, 97871
2026/09/22 23:18:32.433, 3, 96212, 97871
2026/09/22 23:18:32.633, 0, 96211, 97871
2026/09/22 23:18:32.633, 1, 96223, 97871
2026/09/22 23:18:32.634, 2, 96218, 97871
2026/09/22 23:18:32.634, 3, 96212, 97871
2026/09/22 23:18:32.834, 0, 96211, 97871
2026/09/22 23:18:32.834, 1, 96223, 97871
2026/09/22 23:18:32.834, 2, 96218, 97871
2026/09/22 23:18:32.834, 3, 96212, 97871
2026/09/22 23:18:33.034, 0, 96211, 97871
2026/09/22 23:18:33.034, 1, 96223, 97871
2026/09/22 23:18:33.034, 2, 96218, 97871
2026/09/22 23:18:33.034, 3, 96212, 97871
2026/09/22 23:18:33.234, 0, 96211, 97871
2026/09/22 23:18:33.234, 1, 96223, 97871
2026/09/22 23:18:33.235, 2, 96218, 97871
2026/09/22 23:18:33.235, 3, 96212, 97871
2026/09/22 23:18:33.435, 0, 96211, 97871
2026/09/22 23:18:33.435, 1, 96223, 97871
2026/09/22 23:18:33.435, 2, 96218, 97871
2026/09/22 23:18:33.435, 3, 96212, 97871
2026/09/22 23:18:33.635, 0, 96211, 97871
2026/09/22 23:18:33.635, 1, 96223, 97871
2026/09/22 23:18:33.635, 2, 96218, 97871
2026/09/22 23:18:33.635, 3, 96212, 97871
2026/09/22 23:18:33.836, 0, 96211, 97871
2026/09/22 23:18:33.836, 1, 96223, 97871
2026/09/22 23:18:33.836, 2, 96218, 97871
2026/09/22 23:18:33.836, 3, 96212, 97871
2026/09/22 23:18:34.036, 0, 96211, 97871
2026/09/22 23:18:34.036, 1, 96223, 97871
2026/09/22 23:18:34.036, 2, 96218, 97871
2026/09/22 23:18:34.036, 3, 96212, 97871
2026/09/22 23:18:34.236, 0, 96211, 97871
2026/09/22 23:18:34.236, 1, 96223, 97871
2026/09/22 23:18:34.236, 2, 96218, 97871
2026/09/22 23:18:34.237, 3, 96212, 97871
2026/09/22 23:18:34.437, 0, 96211, 97871
2026/09/22 23:18:34.437, 1, 96223, 97871
2026/09/22 23:18:34.437, 2, 96218, 97871
2026/09/22 23:18:34.437, 3, 96212, 97871
2026/09/22 23:18:34.637, 0, 96211, 97871
2026/09/22 23:18:34.637, 1, 96223, 97871
2026/09/22 23:18:34.637, 2, 96218, 97871
2026/09/22 23:18:34.637, 3, 96212, 97871
2026/09/22 23:18:34.837, 0, 96211, 97871
2026/09/22 23:18:34.837, 1, 96223, 97871
2026/09/22 23:18:34.837, 2, 96218, 97871
2026/09/22 23:18:34.837, 3, 96212, 97871
2026/09/22 23:18:35.037, 0, 96211, 97871
2026/09/22 23:18:35.038, 1, 96223, 97871
2026/09/22 23:18:35.038, 2, 96218, 97871
2026/09/22 23:18:35.038, 3, 96212, 97871
2026/09/22 23:18:35.238, 0, 96211, 97871
2026/09/22 23:18:35.238, 1, 96223, 97871
2026/09/22 23:18:35.238, 2, 96218, 97871
2026/09/22 23:18:35.238, 3, 96212, 97871
2026/09/22 23:18:35.438, 0, 96211, 97871
2026/09/22 23:18:35.438, 1, 96223, 97871
2026/09/22 23:18:35.438, 2, 96218, 97871
2026/09/22 23:18:35.438, 3, 96212, 97871
2026/09/22 23:18:35.638, 0, 96211, 97871
2026/09/22 23:18:35.639, 1, 96223, 97871
2026/09/22 23:18:35.639, 2, 96218, 97871
2026/09/22 23:18:35.639, 3, 96212, 97871
2026/09/22 23:18:35.839, 0, 96211, 97871
2026/09/22 23:18:35.839, 1, 96223, 97871
2026/09/22 23:18:35.839, 2, 96218, 97871
2026/09/22 23:18:35.839, 3, 96212, 97871
2026/09/22 23:18:36.039, 0, 96211, 97871
2026/09/22 23:18:36.039, 1, 96223, 97871
2026/09/22 23:18:36.039, 2, 96218, 97871
2026/09/22 23:18:36.039, 3, 96212, 97871
2026/09/22 23:18:36.240, 0, 96211, 97871
2026/09/22 23:18:36.240, 1, 96223, 97871
2026/09/22 23:18:36.240, 2, 96218, 97871
2026/09/22 23:18:36.240, 3, 96212, 97871
2026/09/22 23:18:36.440, 0, 96211, 97871
2026/09/22 23:18:36.440, 1, 96223, 97871
2026/09/22 23:18:36.440, 2, 96218, 97871
2026/09/22 23:18:36.440, 3, 96212, 97871
2026/09/22 23:18:36.640, 0, 96211, 97871
2026/09/22 23:18:36.640, 1, 96223, 97871
2026/09/22 23:18:36.640, 2, 96218, 97871
2026/09/22 23:18:36.640, 3, 96212, 97871
2026/09/22 23:18:36.840, 0, 96211, 97871
2026/09/22 23:18:36.840, 1, 96223, 97871
2026/09/22 23:18:36.840, 2, 96218, 97871
2026/09/22 23:18:36.840, 3, 96212, 97871
2026/09/22 23:18:37.041, 0, 96211, 97871
2026/09/22 23:18:37.041, 1, 96223, 97871
2026/09/22 23:18:37.041, 2, 96218, 97871
2026/09/22 23:18:37.041, 3, 96212, 97871
2026/09/22 23:18:37.241, 0, 96211, 97871
2026/09/22 23:18:37.241, 1, 96223, 97871
2026/09/22 23:18:37.241, 2, 96218, 97871
2026/09/22 23:18:37.241, 3, 96212, 97871
2026/09/22 23:18:37.441, 0, 96211, 97871
2026/09/22 23:18:37.441, 1, 96223, 97871
2026/09/22 23:18:37.441, 2, 96218, 97871
2026/09/22 23:18:37.441, 3, 96212, 97871
2026/09/22 23:18:37.641, 0, 96211, 97871
2026/09/22 23:18:37.641, 1, 96223, 97871
2026/09/22 23:18:37.641, 2, 96218, 97871
2026/09/22 23:18:37.641, 3, 96212, 97871
2026/09/22 23:18:37.841, 0, 96211, 97871
2026/09/22 23:18:37.842, 1, 96223, 97871
2026/09/22 23:18:37.842, 2, 96218, 97871
2026/09/22 23:18:37.842, 3, 96212, 97871
2026/09/22 23:18:38.042, 0, 96211, 97871
2026/09/22 23:18:38.042, 1, 96223, 97871
2026/09/22 23:18:38.042, 2, 96218, 97871
2026/09/22 23:18:38.042, 3, 96212, 97871
2026/09/22 23:18:38.242, 0, 96211, 97871
2026/09/22 23:18:38.242, 1, 96223, 97871
2026/09/22 23:18:38.242, 2, 96218, 97871
2026/09/22 23:18:38.242, 3, 96212, 97871
2026/09/22 23:18:38.442, 0, 96211, 97871
2026/09/22 23:18:38.443, 1, 96223, 97871
2026/09/22 23:18:38.443, 2, 96218, 97871
2026/09/22 23:18:38.443, 3, 96212, 97871
2026/09/22 23:18:38.643, 0, 96211, 97871
2026/09/22 23:18:38.643, 1, 96223, 97871
2026/09/22 23:18:38.643, 2, 96218, 97871
2026/09/22 23:18:38.649, 3, 96212, 97871
2026/09/22 23:18:38.849, 0, 96211, 97871
2026/09/22 23:18:38.849, 1, 96223, 97871
2026/09/22 23:18:38.849, 2, 96218, 97871
2026/09/22 23:18:38.849, 3, 96212, 97871
2026/09/22 23:18:39.049, 0, 96211, 97871
2026/09/22 23:18:39.049, 1, 96223, 97871
2026/09/22 23:18:39.049, 2, 96218, 97871
2026/09/22 23:18:39.049, 3, 96212, 97871
2026/09/22 23:18:39.249, 0, 96211, 97871
2026/09/22 23:18:39.249, 1, 96223, 97871
2026/09/22 23:18:39.249, 2, 96218, 97871
2026/09/22 23:18:39.250, 3, 96212, 97871
2026/09/22 23:18:39.450, 0, 96211, 97871
2026/09/22 23:18:39.450, 1, 96223, 97871
2026/09/22 23:18:39.450, 2, 96218, 97871
2026/09/22 23:18:39.450, 3, 96212, 97871
2026/09/22 23:18:39.650, 0, 96211, 97871
2026/09/22 23:18:39.650, 1, 96223, 97871
2026/09/22 23:18:39.650, 2, 96218, 97871
2026/09/22 23:18:39.650, 3, 96212, 97871
2026/09/22 23:18:39.850, 0, 96211, 97871
2026/09/22 23:18:39.850, 1, 96223, 97871
2026/09/22 23:18:39.850, 2, 96218, 97871
2026/09/22 23:18:39.850, 3, 96212, 97871
2026/09/22 23:18:40.050, 0, 96211, 97871
2026/09/22 23:18:40.051, 1, 96223, 97871
2026/09/22 23:18:40.051, 2, 96218, 97871
2026/09/22 23:18:40.051, 3, 96212, 97871
2026/09/22 23:18:40.251, 0, 96211, 97871
2026/09/22 23:18:40.251, 1, 96223, 97871
2026/09/22 23:18:40.251, 2, 96218, 97871
2026/09/22 23:18:40.251, 3, 96212, 97871
2026/09/22 23:18:40.451, 0, 96211, 97871
2026/09/22 23:18:40.451, 1, 96223, 97871
2026/09/22 23:18:40.451, 2, 96218, 97871
2026/09/22 23:18:40.451, 3, 96212, 97871
2026/09/22 23:18:40.652, 0, 96211, 97871
2026/09/22 23:18:40.652, 1, 96223, 97871
2026/09/22 23:18:40.652, 2, 96218, 97871
2026/09/22 23:18:40.652, 3, 96212, 97871
2026/09/22 23:18:40.852, 0, 96211, 97871
2026/09/22 23:18:40.852, 1, 96223, 97871
2026/09/22 23:18:40.852, 2, 96218, 97871
2026/09/22 23:18:40.852, 3, 96212, 97871
2026/09/22 23:18:41.052, 0, 96211, 97871
2026/09/22 23:18:41.052, 1, 96223, 97871
2026/09/22 23:18:41.052, 2, 96218, 97871
2026/09/22 23:18:41.052, 3, 96212, 97871
2026/09/22 23:18:41.252, 0, 96211, 97871
2026/09/22 23:18:41.252, 1, 96223, 97871
2026/09/22 23:18:41.252, 2, 96218, 97871
2026/09/22 23:18:41.252, 3, 96212, 97871
2026/09/22 23:18:41.453, 0, 96211, 97871
2026/09/22 23:18:41.453, 1, 96223, 97871
2026/09/22 23:18:41.453, 2, 96218, 97871
2026/09/22 23:18:41.453, 3, 96212, 97871
2026/09/22 23:18:41.653, 0, 96211, 97871
2026/09/22 23:18:41.653, 1, 96223, 97871
2026/09/22 23:18:41.653, 2, 96218, 97871
2026/09/22 23:18:41.653, 3, 96212, 97871
2026/09/22 23:18:41.853, 0, 96211, 97871
2026/09/22 23:18:41.853, 1, 96223, 97871
2026/09/22 23:18:41.853, 2, 96218, 97871
2026/09/22 23:18:41.853, 3, 96212, 97871
2026/09/22 23:18:42.053, 0, 96211, 97871
2026/09/22 23:18:42.053, 1, 96223, 97871
2026/09/22 23:18:42.053, 2, 96218, 97871
2026/09/22 23:18:42.053, 3, 96212, 97871
2026/09/22 23:18:42.253, 0, 96211, 97871
2026/09/22 23:18:42.254, 1, 96223, 97871
2026/09/22 23:18:42.254, 2, 96218, 97871
2026/09/22 23:18:42.254, 3, 96212, 97871
2026/09/22 23:18:42.454, 0, 96211, 97871
2026/09/22 23:18:42.454, 1, 96223, 97871
2026/09/22 23:18:42.454, 2, 96218, 97871
2026/09/22 23:18:42.454, 3, 96212, 97871
2026/09/22 23:18:42.654, 0, 96211, 97871
2026/09/22 23:18:42.654, 1, 96223, 97871
2026/09/22 23:18:42.654, 2, 96218, 97871
2026/09/22 23:18:42.654, 3, 96212, 97871
2026/09/22 23:18:42.854, 0, 96211, 97871
2026/09/22 23:18:42.854, 1, 96223, 97871
2026/09/22 23:18:42.854, 2, 96218, 97871
2026/09/22 23:18:42.855, 3, 96212, 97871
2026/09/22 23:18:43.055, 0, 96211, 97871
2026/09/22 23:18:43.055, 1, 96223, 97871
2026/09/22 23:18:43.055, 2, 96218, 97871
2026/09/22 23:18:43.055, 3, 96212, 97871
2026/09/22 23:18:43.255, 0, 96211, 97871
2026/09/22 23:18:43.255, 1, 96223, 97871
2026/09/22 23:18:43.255, 2, 96218, 97871
2026/09/22 23:18:43.255, 3, 96212, 97871
2026/09/22 23:18:43.455, 0, 96211, 97871
2026/09/22 23:18:43.455, 1, 96223, 97871
2026/09/22 23:18:43.455, 2, 96218, 97871
2026/09/22 23:18:43.456, 3, 96212, 97871
2026/09/22 23:18:43.656, 0, 96211, 97871
2026/09/22 23:18:43.656, 1, 96223, 97871
2026/09/22 23:18:43.656, 2, 96218, 97871
2026/09/22 23:18:43.656, 3, 96212, 97871
2026/09/22 23:18:43.856, 0, 96211, 97871
2026/09/22 23:18:43.856, 1, 96223, 97871
2026/09/22 23:18:43.856, 2, 96218, 97871
2026/09/22 23:18:43.856, 3, 96212, 97871
2026/09/22 23:18:44.056, 0, 96211, 97871
2026/09/22 23:18:44.056, 1, 96223, 97871
2026/09/22 23:18:44.056, 2, 96218, 97871
2026/09/22 23:18:44.056, 3, 96212, 97871
2026/09/22 23:18:44.256, 0, 96211, 97871
2026/09/22 23:18:44.257, 1, 96223, 97871
2026/09/22 23:18:44.257, 2, 96218, 97871
2026/09/22 23:18:44.257, 3, 96212, 97871
2026/09/22 23:18:44.457, 0, 96211, 97871
2026/09/22 23:18:44.457, 1, 96223, 97871
2026/09/22 23:18:44.457, 2, 96218, 97871
2026/09/22 23:18:44.457, 3, 96212, 97871
2026/09/22 23:18:44.657, 0, 96211, 97871
2026/09/22 23:18:44.657, 1, 96223, 97871
2026/09/22 23:18:44.657, 2, 96218, 97871
2026/09/22 23:18:44.657, 3, 96212, 97871
2026/09/22 23:18:44.858, 0, 96211, 97871
2026/09/22 23:18:44.858, 1, 96223, 97871
2026/09/22 23:18:44.858, 2, 96218, 97871
2026/09/22 23:18:44.858, 3, 96212, 97871
2026/09/22 23:18:45.058, 0, 96211, 97871
2026/09/22 23:18:45.058, 1, 96223, 97871
2026/09/22 23:18:45.058, 2, 96218, 97871
2026/09/22 23:18:45.058, 3, 96212, 97871
2026/09/22 23:18:45.258, 0, 96211, 97871
2026/09/22 23:18:45.258, 1, 96223, 97871
2026/09/22 23:18:45.259, 2, 96218, 97871
2026/09/22 23:18:45.259, 3, 96212, 97871
2026/09/22 23:18:45.459, 0, 96211, 97871
2026/09/22 23:18:45.459, 1, 96223, 97871
2026/09/22 23:18:45.459, 2, 96218, 97871
2026/09/22 23:18:45.459, 3, 96212, 97871
2026/09/22 23:18:45.659, 0, 96211, 97871
2026/09/22 23:18:45.659, 1, 96223, 97871
2026/09/22 23:18:45.659, 2, 96218, 97871
2026/09/22 23:18:45.659, 3, 96212, 97871
2026/09/22 23:18:45.859, 0, 96211, 97871
2026/09/22 23:18:45.859, 1, 96223, 97871
2026/09/22 23:18:45.859, 2, 96218, 97871
2026/09/22 23:18:45.860, 3, 96212, 97871
2026/09/22 23:18:46.060, 0, 96211, 97871
2026/09/22 23:18:46.060, 1, 96223, 97871
2026/09/22 23:18:46.060, 2, 96218, 97871
2026/09/22 23:18:46.060, 3, 96212, 97871
2026/09/22 23:18:46.260, 0, 96211, 97871
2026/09/22 23:18:46.260, 1, 96223, 97871
2026/09/22 23:18:46.260, 2, 96218, 97871
2026/09/22 23:18:46.260, 3, 96212, 97871
2026/09/22 23:18:46.460, 0, 96211, 97871
2026/09/22 23:18:46.460, 1, 96223, 97871
2026/09/22 23:18:46.460, 2, 96218, 97871
2026/09/22 23:18:46.460, 3, 96212, 97871
2026/09/22 23:18:46.660, 0, 96211, 97871
2026/09/22 23:18:46.661, 1, 96223, 97871
2026/09/22 23:18:46.661, 2, 96218, 97871
2026/09/22 23:18:46.661, 3, 96212, 97871
2026/09/22 23:18:46.861, 0, 96211, 97871
2026/09/22 23:18:46.861, 1, 96223, 97871
2026/09/22 23:18:46.861, 2, 96218, 97871
2026/09/22 23:18:46.861, 3, 96212, 97871
2026/09/22 23:18:47.061, 0, 96211, 97871
2026/09/22 23:18:47.061, 1, 96223, 97871
2026/09/22 23:18:47.061, 2, 96218, 97871
2026/09/22 23:18:47.061, 3, 96212, 97871
2026/09/22 23:18:47.262, 0, 96211, 97871
2026/09/22 23:18:47.262, 1, 96223, 97871
2026/09/22 23:18:47.262, 2, 96218, 97871
2026/09/22 23:18:47.262, 3, 96212, 97871
2026/09/22 23:18:47.462, 0, 96211, 97871
2026/09/22 23:18:47.462, 1, 96223, 97871
2026/09/22 23:18:47.462, 2, 96218, 97871
2026/09/22 23:18:47.462, 3, 96212, 97871
2026/09/22 23:18:47.662, 0, 96211, 97871
2026/09/22 23:18:47.662, 1, 96223, 97871
2026/09/22 23:18:47.662, 2, 96218, 97871
2026/09/22 23:18:47.662, 3, 96212, 97871
2026/09/22 23:18:47.863, 0, 96211, 97871
2026/09/22 23:18:47.863, 1, 96223, 97871
2026/09/22 23:18:47.863, 2, 96218, 97871
2026/09/22 23:18:47.863, 3, 96212, 97871
2026/09/22 23:18:48.063, 0, 96211, 97871
2026/09/22 23:18:48.063, 1, 96223, 97871
2026/09/22 23:18:48.063, 2, 96218, 97871
2026/09/22 23:18:48.063, 3, 96212, 97871
2026/09/22 23:18:48.263, 0, 96211, 97871
2026/09/22 23:18:48.263, 1, 96223, 97871
2026/09/22 23:18:48.263, 2, 96218, 97871
2026/09/22 23:18:48.263, 3, 96212, 97871
2026/09/22 23:18:48.463, 0, 96211, 97871
2026/09/22 23:18:48.463, 1, 96223, 97871
2026/09/22 23:18:48.464, 2, 96218, 97871
2026/09/22 23:18:48.464, 3, 96212, 97871
2026/09/22 23:18:48.664, 0, 96211, 97871
2026/09/22 23:18:48.664, 1, 96223, 97871
2026/09/22 23:18:48.664, 2, 96218, 97871
2026/09/22 23:18:48.664, 3, 96212, 97871
2026/09/22 23:18:48.864, 0, 96211, 97871
2026/09/22 23:18:48.864, 1, 96223, 97871
2026/09/22 23:18:48.864, 2, 96218, 97871
2026/09/22 23:18:48.864, 3, 96212, 97871
2026/09/22 23:18:49.064, 0, 96211, 97871
2026/09/22 23:18:49.064, 1, 96223, 97871
2026/09/22 23:18:49.064, 2, 96218, 97871
2026/09/22 23:18:49.064, 3, 96212, 97871
2026/09/22 23:18:49.264, 0, 96211, 97871
2026/09/22 23:18:49.265, 1, 96223, 97871
2026/09/22 23:18:49.265, 2, 96218, 97871
2026/09/22 23:18:49.265, 3, 96212, 97871
2026/09/22 23:18:49.465, 0, 96211, 97871
2026/09/22 23:18:49.465, 1, 96223, 97871
2026/09/22 23:18:49.465, 2, 96218, 97871
2026/09/22 23:18:49.465, 3, 96212, 97871
2026/09/22 23:18:49.665, 0, 96211, 97871
2026/09/22 23:18:49.665, 1, 96223, 97871
2026/09/22 23:18:49.665, 2, 96218, 97871
2026/09/22 23:18:49.665, 3, 96212, 97871
2026/09/22 23:18:49.865, 0, 96211, 97871
2026/09/22 23:18:49.865, 1, 96223, 97871
2026/09/22 23:18:49.866, 2, 96218, 97871
2026/09/22 23:18:49.866, 3, 96212, 97871
2026/09/22 23:18:50.066, 0, 96211, 97871
2026/09/22 23:18:50.066, 1, 96223, 97871
2026/09/22 23:18:50.066, 2, 96218, 97871
2026/09/22 23:18:50.066, 3, 96212, 97871
2026/09/22 23:18:50.266, 0, 96211, 97871
2026/09/22 23:18:50.266, 1, 96223, 97871
2026/09/22 23:18:50.266, 2, 96218, 97871
2026/09/22 23:18:50.266, 3, 96212, 97871
2026/09/22 23:18:50.466, 0, 96211, 97871
2026/09/22 23:18:50.466, 1, 96223, 97871
2026/09/22 23:18:50.466, 2, 96218, 97871
2026/09/22 23:18:50.467, 3, 96212, 97871
2026/09/22 23:18:50.667, 0, 96211, 97871
2026/09/22 23:18:50.667, 1, 96223, 97871
2026/09/22 23:18:50.667, 2, 96218, 97871
2026/09/22 23:18:50.667, 3, 96212, 97871
2026/09/22 23:18:50.867, 0, 96211, 97871
2026/09/22 23:18:50.867, 1, 96223, 97871
2026/09/22 23:18:50.867, 2, 96218, 97871
2026/09/22 23:18:50.867, 3, 96212, 97871
2026/09/22 23:18:51.067, 0, 96211, 97871
2026/09/22 23:18:51.067, 1, 96223, 97871
2026/09/22 23:18:51.067, 2, 96218, 97871
2026/09/22 23:18:51.067, 3, 96212, 97871
2026/09/22 23:18:51.267, 0, 96211, 97871
2026/09/22 23:18:51.267, 1, 96223, 97871
2026/09/22 23:18:51.267, 2, 96218, 97871
2026/09/22 23:18:51.268, 3, 96212, 97871
2026/09/22 23:18:51.468, 0, 96211, 97871
2026/09/22 23:18:51.468, 1, 96223, 97871
2026/09/22 23:18:51.468, 2, 96218, 97871
2026/09/22 23:18:51.468, 3, 96212, 97871
2026/09/22 23:18:51.668, 0, 96211, 97871
2026/09/22 23:18:51.668, 1, 96223, 97871
2026/09/22 23:18:51.668, 2, 96218, 97871
2026/09/22 23:18:51.668, 3, 96212, 97871
2026/09/22 23:18:51.868, 0, 96211, 97871
2026/09/22 23:18:51.868, 1, 96223, 97871
2026/09/22 23:18:51.868, 2, 96218, 97871
2026/09/22 23:18:51.868, 3, 96212, 97871
2026/09/22 23:18:52.069, 0, 96211, 97871
2026/09/22 23:18:52.069, 1, 96223, 97871
2026/09/22 23:18:52.069, 2, 96218, 97871
2026/09/22 23:18:52.069, 3, 96212, 97871
2026/09/22 23:18:52.269, 0, 96211, 97871
2026/09/22 23:18:52.269, 1, 96223, 97871
2026/09/22 23:18:52.269, 2, 96218, 97871
2026/09/22 23:18:52.269, 3, 96212, 97871
2026/09/22 23:18:52.469, 0, 96211, 97871
2026/09/22 23:18:52.470, 1, 96223, 97871
2026/09/22 23:18:52.470, 2, 96218, 97871
2026/09/22 23:18:52.470, 3, 96212, 97871
2026/09/22 23:18:52.670, 0, 96211, 97871
2026/09/22 23:18:52.670, 1, 96223, 97871
2026/09/22 23:18:52.670, 2, 96218, 97871
2026/09/22 23:18:52.670, 3, 96212, 97871
2026/09/22 23:18:52.870, 0, 96211, 97871
2026/09/22 23:18:52.870, 1, 96223, 97871
2026/09/22 23:18:52.870, 2, 96218, 97871
2026/09/22 23:18:52.870, 3, 96212, 97871
2026/09/22 23:18:53.070, 0, 96211, 97871
2026/09/22 23:18:53.070, 1, 96223, 97871
2026/09/22 23:18:53.070, 2, 96218, 97871
2026/09/22 23:18:53.071, 3, 96212, 97871
2026/09/22 23:18:53.271, 0, 96211, 97871
2026/09/22 23:18:53.271, 1, 96223, 97871
2026/09/22 23:18:53.271, 2, 96218, 97871
2026/09/22 23:18:53.271, 3, 96212, 97871
2026/09/22 23:18:53.471, 0, 96211, 97871
2026/09/22 23:18:53.471, 1, 96223, 97871
2026/09/22 23:18:53.471, 2, 96218, 97871
2026/09/22 23:18:53.471, 3, 96212, 97871
2026/09/22 23:18:53.671, 0, 96211, 97871
2026/09/22 23:18:53.671, 1, 96223, 97871
2026/09/22 23:18:53.671, 2, 96218, 97871
2026/09/22 23:18:53.672, 3, 96212, 97871
2026/09/22 23:18:53.872, 0, 96211, 97871
2026/09/22 23:18:53.872, 1, 96223, 97871
2026/09/22 23:18:53.872, 2, 96218, 97871
2026/09/22 23:18:53.872, 3, 96212, 97871
2026/09/22 23:18:54.072, 0, 96211, 97871
2026/09/22 23:18:54.072, 1, 96223, 97871
2026/09/22 23:18:54.072, 2, 96218, 97871
2026/09/22 23:18:54.072, 3, 96212, 97871
2026/09/22 23:18:54.272, 0, 96211, 97871
2026/09/22 23:18:54.272, 1, 96223, 97871
2026/09/22 23:18:54.273, 2, 96218, 97871
2026/09/22 23:18:54.273, 3, 96212, 97871
2026/09/22 23:18:54.473, 0, 96211, 97871
2026/09/22 23:18:54.473, 1, 96223, 97871
2026/09/22 23:18:54.473, 2, 96218, 97871
2026/09/22 23:18:54.473, 3, 96212, 97871
2026/09/22 23:18:54.673, 0, 96211, 97871
2026/09/22 23:18:54.673, 1, 96223, 97871
2026/09/22 23:18:54.673, 2, 96218, 97871
2026/09/22 23:18:54.673, 3, 96212, 97871
2026/09/22 23:18:54.873, 0, 96211, 97871
2026/09/22 23:18:54.873, 1, 96223, 97871
2026/09/22 23:18:54.873, 2, 96218, 97871
2026/09/22 23:18:54.873, 3, 96212, 97871
2026/09/22 23:18:55.074, 0, 96211, 97871
2026/09/22 23:18:55.074, 1, 96223, 97871
2026/09/22 23:18:55.074, 2, 96218, 97871
2026/09/22 23:18:55.074, 3, 96212, 97871
2026/09/22 23:18:55.274, 0, 96211, 97871
2026/09/22 23:18:55.274, 1, 96223, 97871
2026/09/22 23:18:55.274, 2, 96218, 97871
2026/09/22 23:18:55.274, 3, 96212, 97871
2026/09/22 23:18:55.474, 0, 96211, 97871
2026/09/22 23:18:55.474, 1, 96223, 97871
2026/09/22 23:18:55.474, 2, 96218, 97871
2026/09/22 23:18:55.474, 3, 96212, 97871
2026/09/22 23:18:55.674, 0, 96211, 97871
2026/09/22 23:18:55.674, 1, 96223, 97871
2026/09/22 23:18:55.674, 2, 96218, 97871
2026/09/22 23:18:55.674, 3, 96212, 97871
2026/09/22 23:18:55.874, 0, 96211, 97871
2026/09/22 23:18:55.875, 1, 96223, 97871
2026/09/22 23:18:55.875, 2, 96218, 97871
2026/09/22 23:18:55.875, 3, 96212, 97871
2026/09/22 23:18:56.075, 0, 96211, 97871
2026/09/22 23:18:56.075, 1, 96223, 97871
2026/09/22 23:18:56.075, 2, 96218, 97871
2026/09/22 23:18:56.075, 3, 96212, 97871
2026/09/22 23:18:56.275, 0, 96211, 97871
2026/09/22 23:18:56.275, 1, 96223, 97871
2026/09/22 23:18:56.275, 2, 96218, 97871
2026/09/22 23:18:56.275, 3, 96212, 97871
2026/09/22 23:18:56.475, 0, 96211, 97871
2026/09/22 23:18:56.475, 1, 96223, 97871
2026/09/22 23:18:56.476, 2, 96218, 97871
2026/09/22 23:18:56.476, 3, 96212, 97871
2026/09/22 23:18:56.676, 0, 96211, 97871
2026/09/22 23:18:56.676, 1, 96223, 97871
2026/09/22 23:18:56.676, 2, 96218, 97871
2026/09/22 23:18:56.676, 3, 96212, 97871
2026/09/22 23:18:56.876, 0, 96211, 97871
2026/09/22 23:18:56.876, 1, 96223, 97871
2026/09/22 23:18:56.876, 2, 96218, 97871
2026/09/22 23:18:56.876, 3, 96212, 97871
2026/09/22 23:18:57.076, 0, 96211, 97871
2026/09/22 23:18:57.076, 1, 96223, 97871
2026/09/22 23:18:57.077, 2, 96218, 97871
2026/09/22 23:18:57.077, 3, 96212, 97871
2026/09/22 23:18:57.277, 0, 96211, 97871
2026/09/22 23:18:57.277, 1, 96223, 97871
2026/09/22 23:18:57.277, 2, 96218, 97871
2026/09/22 23:18:57.277, 3, 96212, 97871
2026/09/22 23:18:57.477, 0, 96211, 97871
2026/09/22 23:18:57.477, 1, 96223, 97871
2026/09/22 23:18:57.477, 2, 96218, 97871
2026/09/22 23:18:57.477, 3, 96212, 97871
2026/09/22 23:18:57.677, 0, 96211, 97871
2026/09/22 23:18:57.677, 1, 96223, 97871
2026/09/22 23:18:57.677, 2, 96218, 97871
2026/09/22 23:18:57.677, 3, 96212, 97871
2026/09/22 23:18:57.878, 0, 96211, 97871
2026/09/22 23:18:57.878, 1, 96223, 97871
2026/09/22 23:18:57.878, 2, 96218, 97871
2026/09/22 23:18:57.878, 3, 96212, 97871
2026/09/22 23:18:58.078, 0, 96211, 97871
2026/09/22 23:18:58.078, 1, 96223, 97871
2026/09/22 23:18:58.078, 2, 96218, 97871
2026/09/22 23:18:58.078, 3, 96212, 97871
2026/09/22 23:18:58.278, 0, 96211, 97871
2026/09/22 23:18:58.278, 1, 96223, 97871
2026/09/22 23:18:58.278, 2, 96218, 97871
2026/09/22 23:18:58.278, 3, 96212, 97871
2026/09/22 23:18:58.478, 0, 96211, 97871
2026/09/22 23:18:58.478, 1, 96223, 97871
2026/09/22 23:18:58.479, 2, 96218, 97871
2026/09/22 23:18:58.479, 3, 96212, 97871
2026/09/22 23:18:58.679, 0, 96211, 97871
2026/09/22 23:18:58.679, 1, 96223, 97871
2026/09/22 23:18:58.679, 2, 96218, 97871
2026/09/22 23:18:58.679, 3, 96212, 97871
2026/09/22 23:18:58.879, 0, 96211, 97871
2026/09/22 23:18:58.879, 1, 96223, 97871
2026/09/22 23:18:58.879, 2, 96218, 97871
2026/09/22 23:18:58.879, 3, 96212, 97871
2026/09/22 23:18:59.079, 0, 96211, 97871
2026/09/22 23:18:59.079, 1, 96223, 97871
2026/09/22 23:18:59.079, 2, 96218, 97871
2026/09/22 23:18:59.079, 3, 96212, 97871
2026/09/22 23:18:59.280, 0, 96211, 97871
2026/09/22 23:18:59.280, 1, 96223, 97871
2026/09/22 23:18:59.280, 2, 96218, 97871
2026/09/22 23:18:59.280, 3, 96212, 97871
2026/09/22 23:18:59.480, 0, 96211, 97871
2026/09/22 23:18:59.480, 1, 96223, 97871
2026/09/22 23:18:59.480, 2, 96218, 97871
2026/09/22 23:18:59.480, 3, 96212, 97871
2026/09/22 23:18:59.680, 0, 96211, 97871
2026/09/22 23:18:59.680, 1, 96223, 97871
2026/09/22 23:18:59.680, 2, 96218, 97871
2026/09/22 23:18:59.680, 3, 96212, 97871
2026/09/22 23:18:59.880, 0, 96211, 97871
2026/09/22 23:18:59.880, 1, 96223, 97871
2026/09/22 23:18:59.880, 2, 96218, 97871
2026/09/22 23:18:59.881, 3, 96212, 97871
2026/09/22 23:19:00.081, 0, 96211, 97871
2026/09/22 23:19:00.081, 1, 96223, 97871
2026/09/22 23:19:00.081, 2, 96218, 97871
2026/09/22 23:19:00.081, 3, 96212, 97871
2026/09/22 23:19:00.281, 0, 96211, 97871
2026/09/22 23:19:00.281, 1, 96223, 97871
2026/09/22 23:19:00.281, 2, 96218, 97871
2026/09/22 23:19:00.281, 3, 96212, 97871
2026/09/22 23:19:00.481, 0, 96211, 97871
2026/09/22 23:19:00.481, 1, 96223, 97871
2026/09/22 23:19:00.481, 2, 96218, 97871
2026/09/22 23:19:00.481, 3, 96212, 97871
2026/09/22 23:19:00.681, 0, 96211, 97871
2026/09/22 23:19:00.682, 1, 96223, 97871
2026/09/22 23:19:00.682, 2, 96218, 97871
2026/09/22 23:19:00.682, 3, 96212, 97871
2026/09/22 23:19:00.882, 0, 96211, 97871
2026/09/22 23:19:00.882, 1, 96223, 97871
2026/09/22 23:19:00.882, 2, 96218, 97871
2026/09/22 23:19:00.882, 3, 96212, 97871
2026/09/22 23:19:01.082, 0, 96211, 97871
2026/09/22 23:19:01.082, 1, 96223, 97871
2026/09/22 23:19:01.082, 2, 96218, 97871
2026/09/22 23:19:01.082, 3, 96212, 97871
2026/09/22 23:19:01.282, 0, 96211, 97871
2026/09/22 23:19:01.282, 1, 96223, 97871
2026/09/22 23:19:01.282, 2, 96218, 97871
2026/09/22 23:19:01.282, 3, 96212, 97871
2026/09/22 23:19:01.482, 0, 96211, 97871
2026/09/22 23:19:01.483, 1, 96223, 97871
2026/09/22 23:19:01.483, 2, 96218, 97871
2026/09/22 23:19:01.483, 3, 96212, 97871
2026/09/22 23:19:01.683, 0, 96211, 97871
2026/09/22 23:19:01.683, 1, 96223, 97871
2026/09/22 23:19:01.683, 2, 96218, 97871
2026/09/22 23:19:01.683, 3, 96212, 97871
2026/09/22 23:19:01.883, 0, 96211, 97871
2026/09/22 23:19:01.883, 1, 96223, 97871
2026/09/22 23:19:01.883, 2, 96218, 97871
2026/09/22 23:19:01.883, 3, 96212, 97871
2026/09/22 23:19:02.083, 0, 96211, 97871
2026/09/22 23:19:02.083, 1, 96223, 97871
2026/09/22 23:19:02.083, 2, 96218, 97871
2026/09/22 23:19:02.083, 3, 96212, 97871
2026/09/22 23:19:02.283, 0, 96211, 97871
2026/09/22 23:19:02.284, 1, 96223, 97871
2026/09/22 23:19:02.284, 2, 96218, 97871
2026/09/22 23:19:02.284, 3, 96212, 97871
2026/09/22 23:19:02.484, 0, 96211, 97871
2026/09/22 23:19:02.484, 1, 96223, 97871
2026/09/22 23:19:02.484, 2, 96218, 97871
2026/09/22 23:19:02.484, 3, 96212, 97871
2026/09/22 23:19:02.684, 0, 96211, 97871
2026/09/22 23:19:02.684, 1, 96223, 97871
2026/09/22 23:19:02.684, 2, 96218, 97871
2026/09/22 23:19:02.684, 3, 96212, 97871
2026/09/22 23:19:02.884, 0, 96211, 97871
2026/09/22 23:19:02.885, 1, 96223, 97871
2026/09/22 23:19:02.885, 2, 96218, 97871
2026/09/22 23:19:02.885, 3, 96212, 97871
2026/09/22 23:19:03.085, 0, 96211, 97871
2026/09/22 23:19:03.085, 1, 96223, 97871
2026/09/22 23:19:03.085, 2, 96218, 97871
2026/09/22 23:19:03.085, 3, 96212, 97871
2026/09/22 23:19:03.285, 0, 96211, 97871
2026/09/22 23:19:03.285, 1, 96223, 97871
2026/09/22 23:19:03.285, 2, 96218, 97871
2026/09/22 23:19:03.285, 3, 96212, 97871
2026/09/22 23:19:03.485, 0, 96211, 97871
2026/09/22 23:19:03.486, 1, 96223, 97871
2026/09/22 23:19:03.486, 2, 96218, 97871
2026/09/22 23:19:03.486, 3, 96212, 97871
2026/09/22 23:19:03.686, 0, 96211, 97871
2026/09/22 23:19:03.686, 1, 96223, 97871
2026/09/22 23:19:03.686, 2, 96218, 97871
2026/09/22 23:19:03.686, 3, 96212, 97871
2026/09/22 23:19:03.886, 0, 96211, 97871
2026/09/22 23:19:03.886, 1, 96223, 97871
2026/09/22 23:19:03.886, 2, 96218, 97871
2026/09/22 23:19:03.886, 3, 96212, 97871
2026/09/22 23:19:04.086, 0, 96211, 97871
2026/09/22 23:19:04.086, 1, 96223, 97871
2026/09/22 23:19:04.087, 2, 96218, 97871
2026/09/22 23:19:04.087, 3, 96212, 97871
2026/09/22 23:19:04.287, 0, 96211, 97871
2026/09/22 23:19:04.287, 1, 96223, 97871
2026/09/22 23:19:04.287, 2, 96218, 97871
2026/09/22 23:19:04.287, 3, 96212, 97871
2026/09/22 23:19:04.487, 0, 96211, 97871
2026/09/22 23:19:04.487, 1, 96223, 97871
2026/09/22 23:19:04.487, 2, 96218, 97871
2026/09/22 23:19:04.487, 3, 96212, 97871
2026/09/22 23:19:04.688, 0, 96211, 97871
2026/09/22 23:19:04.688, 1, 96223, 97871
2026/09/22 23:19:04.688, 2, 96218, 97871
2026/09/22 23:19:04.688, 3, 96212, 97871
2026/09/22 23:19:04.888, 0, 96211, 97871
2026/09/22 23:19:04.888, 1, 96223, 97871
2026/09/22 23:19:04.888, 2, 96218, 97871
2026/09/22 23:19:04.888, 3, 96212, 97871
2026/09/22 23:19:05.088, 0, 96211, 97871
2026/09/22 23:19:05.088, 1, 96223, 97871
2026/09/22 23:19:05.088, 2, 96218, 97871
2026/09/22 23:19:05.088, 3, 96212, 97871
2026/09/22 23:19:05.289, 0, 96211, 97871
2026/09/22 23:19:05.289, 1, 96223, 97871
2026/09/22 23:19:05.289, 2, 96218, 97871
2026/09/22 23:19:05.289, 3, 96212, 97871
2026/09/22 23:19:05.489, 0, 96211, 97871
2026/09/22 23:19:05.489, 1, 96223, 97871
2026/09/22 23:19:05.489, 2, 96218, 97871
2026/09/22 23:19:05.489, 3, 96212, 97871
2026/09/22 23:19:05.689, 0, 96211, 97871
2026/09/22 23:19:05.689, 1, 96223, 97871
2026/09/22 23:19:05.689, 2, 96218, 97871
2026/09/22 23:19:05.689, 3, 96212, 97871
2026/09/22 23:19:05.889, 0, 96211, 97871
2026/09/22 23:19:05.889, 1, 96223, 97871
2026/09/22 23:19:05.889, 2, 96218, 97871
2026/09/22 23:19:05.889, 3, 96212, 97871
2026/09/22 23:19:06.090, 0, 96211, 97871
2026/09/22 23:19:06.090, 1, 96223, 97871
2026/09/22 23:19:06.090, 2, 96218, 97871
2026/09/22 23:19:06.090, 3, 96212, 97871
2026/09/22 23:19:06.290, 0, 96211, 97871
2026/09/22 23:19:06.290, 1, 96223, 97871
2026/09/22 23:19:06.290, 2, 96218, 97871
2026/09/22 23:19:06.290, 3, 96212, 97871
2026/09/22 23:19:06.490, 0, 96211, 97871
2026/09/22 23:19:06.490, 1, 96223, 97871
2026/09/22 23:19:06.490, 2, 96218, 97871
2026/09/22 23:19:06.490, 3, 96212, 97871
2026/09/22 23:19:06.690, 0, 96211, 97871
2026/09/22 23:19:06.690, 1, 96223, 97871
2026/09/22 23:19:06.690, 2, 96218, 97871
2026/09/22 23:19:06.690, 3, 96212, 97871
2026/09/22 23:19:06.890, 0, 96211, 97871
2026/09/22 23:19:06.891, 1, 96223, 97871
2026/09/22 23:19:06.891, 2, 96218, 97871
2026/09/22 23:19:06.891, 3, 96212, 97871
2026/09/22 23:19:07.091, 0, 96211, 97871
2026/09/22 23:19:07.091, 1, 96223, 97871
2026/09/22 23:19:07.091, 2, 96218, 97871
2026/09/22 23:19:07.091, 3, 96212, 97871
2026/09/22 23:19:07.291, 0, 96211, 97871
2026/09/22 23:19:07.291, 1, 96223, 97871
2026/09/22 23:19:07.291, 2, 96218, 97871
2026/09/22 23:19:07.291, 3, 96212, 97871
2026/09/22 23:19:07.491, 0, 96211, 97871
2026/09/22 23:19:07.491, 1, 96223, 97871
2026/09/22 23:19:07.491, 2, 96218, 97871
2026/09/22 23:19:07.491, 3, 96212, 97871
2026/09/22 23:19:07.692, 0, 96211, 97871
2026/09/22 23:19:07.692, 1, 96223, 97871
2026/09/22 23:19:07.692, 2, 96218, 97871
2026/09/22 23:19:07.692, 3, 96212, 97871
2026/09/22 23:19:07.892, 0, 96211, 97871
2026/09/22 23:19:07.892, 1, 96223, 97871
2026/09/22 23:19:07.892, 2, 96218, 97871
2026/09/22 23:19:07.892, 3, 96212, 97871
2026/09/22 23:19:08.092, 0, 96211, 97871
2026/09/22 23:19:08.092, 1, 96223, 97871
2026/09/22 23:19:08.092, 2, 96218, 97871
2026/09/22 23:19:08.092, 3, 96212, 97871
2026/09/22 23:19:08.292, 0, 96211, 97871
2026/09/22 23:19:08.292, 1, 96223, 97871
2026/09/22 23:19:08.293, 2, 96218, 97871
2026/09/22 23:19:08.293, 3, 96212, 97871
2026/09/22 23:19:08.493, 0, 96211, 97871
2026/09/22 23:19:08.493, 1, 96223, 97871
2026/09/22 23:19:08.493, 2, 96218, 97871
2026/09/22 23:19:08.493, 3, 96212, 97871
2026/09/22 23:19:08.693, 0, 96211, 97871
2026/09/22 23:19:08.693, 1, 96223, 97871
2026/09/22 23:19:08.693, 2, 96218, 97871
2026/09/22 23:19:08.693, 3, 96212, 97871
2026/09/22 23:19:08.893, 0, 96211, 97871
2026/09/22 23:19:08.893, 1, 96223, 97871
2026/09/22 23:19:08.893, 2, 96218, 97871
2026/09/22 23:19:08.893, 3, 96212, 97871
2026/09/22 23:19:09.093, 0, 96211, 97871
2026/09/22 23:19:09.094, 1, 96223, 97871
2026/09/22 23:19:09.094, 2, 96218, 97871
2026/09/22 23:19:09.094, 3, 96212, 97871
2026/09/22 23:19:09.294, 0, 96211, 97871
2026/09/22 23:19:09.294, 1, 96223, 97871
2026/09/22 23:19:09.294, 2, 96218, 97871
2026/09/22 23:19:09.294, 3, 96212, 97871
2026/09/22 23:19:09.494, 0, 96211, 97871
2026/09/22 23:19:09.494, 1, 96223, 97871
2026/09/22 23:19:09.494, 2, 96218, 97871
2026/09/22 23:19:09.494, 3, 96212, 97871
2026/09/22 23:19:09.694, 0, 96211, 97871
2026/09/22 23:19:09.694, 1, 96223, 97871
2026/09/22 23:19:09.694, 2, 96218, 97871
2026/09/22 23:19:09.694, 3, 96212, 97871
2026/09/22 23:19:09.895, 0, 96211, 97871
2026/09/22 23:19:09.895, 1, 96223, 97871
2026/09/22 23:19:09.895, 2, 96218, 97871
2026/09/22 23:19:09.895, 3, 96212, 97871
2026/09/22 23:19:10.095, 0, 96211, 97871
2026/09/22 23:19:10.095, 1, 96223, 97871
2026/09/22 23:19:10.095, 2, 96218, 97871
2026/09/22 23:19:10.095, 3, 96212, 97871
2026/09/22 23:19:10.295, 0, 96211, 97871
2026/09/22 23:19:10.295, 1, 96223, 97871
2026/09/22 23:19:10.295, 2, 96218, 97871
2026/09/22 23:19:10.296, 3, 96212, 97871
2026/09/22 23:19:10.496, 0, 96211, 97871
2026/09/22 23:19:10.496, 1, 96223, 97871
2026/09/22 23:19:10.496, 2, 96218, 97871
2026/09/22 23:19:10.496, 3, 96212, 97871
2026/09/22 23:19:10.696, 0, 96211, 97871
2026/09/22 23:19:10.696, 1, 96223, 97871
2026/09/22 23:19:10.696, 2, 96218, 97871
2026/09/22 23:19:10.696, 3, 96212, 97871
2026/09/22 23:19:10.896, 0, 96211, 97871
2026/09/22 23:19:10.896, 1, 96223, 97871
2026/09/22 23:19:10.896, 2, 96218, 97871
2026/09/22 23:19:10.896, 3, 96212, 97871
2026/09/22 23:19:11.096, 0, 96211, 97871
2026/09/22 23:19:11.096, 1, 96223, 97871
2026/09/22 23:19:11.096, 2, 96218, 97871
2026/09/22 23:19:11.096, 3, 96212, 97871
2026/09/22 23:19:11.297, 0, 96211, 97871
2026/09/22 23:19:11.297, 1, 96223, 97871
2026/09/22 23:19:11.297, 2, 96218, 97871
2026/09/22 23:19:11.297, 3, 96212, 97871
2026/09/22 23:19:11.497, 0, 96211, 97871
2026/09/22 23:19:11.497, 1, 96223, 97871
2026/09/22 23:19:11.497, 2, 96218, 97871
2026/09/22 23:19:11.497, 3, 96212, 97871
2026/09/22 23:19:11.697, 0, 96211, 97871
2026/09/22 23:19:11.697, 1, 96223, 97871
2026/09/22 23:19:11.697, 2, 96218, 97871
2026/09/22 23:19:11.697, 3, 96212, 97871
2026/09/22 23:19:11.897, 0, 96211, 97871
2026/09/22 23:19:11.897, 1, 96223, 97871
2026/09/22 23:19:11.897, 2, 96218, 97871
2026/09/22 23:19:11.898, 3, 96212, 97871
2026/09/22 23:19:12.098, 0, 96211, 97871
2026/09/22 23:19:12.098, 1, 96223, 97871
2026/09/22 23:19:12.098, 2, 96218, 97871
2026/09/22 23:19:12.098, 3, 96212, 97871
2026/09/22 23:19:12.298, 0, 96211, 97871
2026/09/22 23:19:12.298, 1, 96223, 97871
2026/09/22 23:19:12.298, 2, 96218, 97871
2026/09/22 23:19:12.298, 3, 96212, 97871
2026/09/22 23:19:12.498, 0, 96211, 97871
2026/09/22 23:19:12.499, 1, 96223, 97871
2026/09/22 23:19:12.499, 2, 96218, 97871
2026/09/22 23:19:12.499, 3, 96212, 97871
2026/09/22 23:19:12.699, 0, 96211, 97871
2026/09/22 23:19:12.699, 1, 96223, 97871
2026/09/22 23:19:12.699, 2, 96218, 97871
2026/09/22 23:19:12.699, 3, 96212, 97871
2026/09/22 23:19:12.899, 0, 96211, 97871
2026/09/22 23:19:12.899, 1, 96223, 97871
2026/09/22 23:19:12.899, 2, 96218, 97871
2026/09/22 23:19:12.899, 3, 96212, 97871
2026/09/22 23:19:13.099, 0, 96211, 97871
2026/09/22 23:19:13.099, 1, 96223, 97871
2026/09/22 23:19:13.099, 2, 96218, 97871
2026/09/22 23:19:13.099, 3, 96212, 97871
2026/09/22 23:19:13.299, 0, 96211, 97871
2026/09/22 23:19:13.299, 1, 96223, 97871
2026/09/22 23:19:13.299, 2, 96218, 97871
2026/09/22 23:19:13.300, 3, 96212, 97871
2026/09/22 23:19:13.500, 0, 96211, 97871
2026/09/22 23:19:13.500, 1, 96223, 97871
2026/09/22 23:19:13.500, 2, 96218, 97871
2026/09/22 23:19:13.500, 3, 96212, 97871
2026/09/22 23:19:13.700, 0, 96211, 97871
2026/09/22 23:19:13.700, 1, 96223, 97871
2026/09/22 23:19:13.700, 2, 96218, 97871
2026/09/22 23:19:13.700, 3, 96212, 97871
2026/09/22 23:19:13.900, 0, 96211, 97871
2026/09/22 23:19:13.900, 1, 96223, 97871
2026/09/22 23:19:13.900, 2, 96218, 97871
2026/09/22 23:19:13.900, 3, 96212, 97871
2026/09/22 23:19:14.101, 0, 96211, 97871
2026/09/22 23:19:14.101, 1, 96223, 97871
2026/09/22 23:19:14.101, 2, 96218, 97871
2026/09/22 23:19:14.101, 3, 96212, 97871
2026/09/22 23:19:14.301, 0, 96211, 97871
2026/09/22 23:19:14.301, 1, 96223, 97871
2026/09/22 23:19:14.301, 2, 96218, 97871
2026/09/22 23:19:14.301, 3, 96212, 97871
2026/09/22 23:19:14.501, 0, 96211, 97871
2026/09/22 23:19:14.501, 1, 96223, 97871
2026/09/22 23:19:14.501, 2, 96218, 97871
2026/09/22 23:19:14.501, 3, 96212, 97871
2026/09/22 23:19:14.701, 0, 96211, 97871
2026/09/22 23:19:14.702, 1, 96223, 97871
2026/09/22 23:19:14.702, 2, 96218, 97871
2026/09/22 23:19:14.702, 3, 96212, 97871
2026/09/22 23:19:14.902, 0, 96211, 97871
2026/09/22 23:19:14.902, 1, 96223, 97871
2026/09/22 23:19:14.902, 2, 96218, 97871
2026/09/22 23:19:14.902, 3, 96212, 97871
2026/09/22 23:19:15.102, 0, 96211, 97871
2026/09/22 23:19:15.102, 1, 96223, 97871
2026/09/22 23:19:15.102, 2, 96218, 97871
2026/09/22 23:19:15.102, 3, 96212, 97871
2026/09/22 23:19:15.302, 0, 96211, 97871
2026/09/22 23:19:15.303, 1, 96223, 97871
2026/09/22 23:19:15.303, 2, 96218, 97871
2026/09/22 23:19:15.303, 3, 96212, 97871
2026/09/22 23:19:15.503, 0, 96211, 97871
2026/09/22 23:19:15.503, 1, 96223, 97871
2026/09/22 23:19:15.503, 2, 96218, 97871
2026/09/22 23:19:15.503, 3, 96212, 97871
2026/09/22 23:19:15.703, 0, 96211, 97871
2026/09/22 23:19:15.703, 1, 96223, 97871
2026/09/22 23:19:15.703, 2, 96218, 97871
2026/09/22 23:19:15.703, 3, 96212, 97871
2026/09/22 23:19:15.903, 0, 96211, 97871
2026/09/22 23:19:15.903, 1, 96223, 97871
2026/09/22 23:19:15.903, 2, 96218, 97871
2026/09/22 23:19:15.903, 3, 96212, 97871
2026/09/22 23:19:16.104, 0, 96211, 97871
2026/09/22 23:19:16.104, 1, 96223, 97871
2026/09/22 23:19:16.104, 2, 96218, 97871
2026/09/22 23:19:16.104, 3, 96212, 97871
2026/09/22 23:19:16.304, 0, 96211, 97871
2026/09/22 23:19:16.304, 1, 96223, 97871
2026/09/22 23:19:16.304, 2, 96218, 97871
2026/09/22 23:19:16.304, 3, 96212, 97871
2026/09/22 23:19:16.505, 0, 96211, 97871
2026/09/22 23:19:16.505, 1, 96223, 97871
2026/09/22 23:19:16.505, 2, 96218, 97871
2026/09/22 23:19:16.505, 3, 96212, 97871
2026/09/22 23:19:16.705, 0, 96211, 97871
2026/09/22 23:19:16.705, 1, 96223, 97871
2026/09/22 23:19:16.705, 2, 96218, 97871
2026/09/22 23:19:16.705, 3, 96212, 97871
2026/09/22 23:19:16.905, 0, 96211, 97871
2026/09/22 23:19:16.905, 1, 96223, 97871
2026/09/22 23:19:16.905, 2, 96218, 97871
2026/09/22 23:19:16.906, 3, 96212, 97871
2026/09/22 23:19:17.106, 0, 96211, 97871
2026/09/22 23:19:17.106, 1, 96223, 97871
2026/09/22 23:19:17.106, 2, 96218, 97871
2026/09/22 23:19:17.106, 3, 96212, 97871
2026/09/22 23:19:17.306, 0, 96211, 97871
2026/09/22 23:19:17.306, 1, 96223, 97871
2026/09/22 23:19:17.306, 2, 96218, 97871
2026/09/22 23:19:17.306, 3, 96212, 97871
2026/09/22 23:19:17.506, 0, 96211, 97871
2026/09/22 23:19:17.506, 1, 96223, 97871
2026/09/22 23:19:17.506, 2, 96218, 97871
2026/09/22 23:19:17.507, 3, 96212, 97871
2026/09/22 23:19:17.707, 0, 96211, 97871
2026/09/22 23:19:17.707, 1, 96223, 97871
2026/09/22 23:19:17.707, 2, 96218, 97871
2026/09/22 23:19:17.707, 3, 96212, 97871
2026/09/22 23:19:17.907, 0, 96211, 97871
2026/09/22 23:19:17.907, 1, 96223, 97871
2026/09/22 23:19:17.907, 2, 96218, 97871
2026/09/22 23:19:17.907, 3, 96212, 97871
2026/09/22 23:19:18.107, 0, 96211, 97871
2026/09/22 23:19:18.107, 1, 96223, 97871
2026/09/22 23:19:18.107, 2, 96218, 97871
2026/09/22 23:19:18.107, 3, 96212, 97871
2026/09/22 23:19:18.307, 0, 96211, 97871
2026/09/22 23:19:18.308, 1, 96223, 97871
2026/09/22 23:19:18.308, 2, 96218, 97871
2026/09/22 23:19:18.308, 3, 96212, 97871
2026/09/22 23:19:18.508, 0, 96211, 97871
2026/09/22 23:19:18.508, 1, 96223, 97871
2026/09/22 23:19:18.508, 2, 96218, 97871
2026/09/22 23:19:18.508, 3, 96212, 97871
2026/09/22 23:19:18.708, 0, 96211, 97871
2026/09/22 23:19:18.708, 1, 96223, 97871
2026/09/22 23:19:18.708, 2, 96218, 97871
2026/09/22 23:19:18.708, 3, 96212, 97871
2026/09/22 23:19:18.908, 0, 96211, 97871
2026/09/22 23:19:18.908, 1, 96223, 97871
2026/09/22 23:19:18.908, 2, 96218, 97871
2026/09/22 23:19:18.908, 3, 96212, 97871
2026/09/22 23:19:19.109, 0, 96211, 97871
2026/09/22 23:19:19.109, 1, 96223, 97871
2026/09/22 23:19:19.109, 2, 96218, 97871
2026/09/22 23:19:19.109, 3, 96212, 97871
2026/09/22 23:19:19.309, 0, 96211, 97871
2026/09/22 23:19:19.309, 1, 96223, 97871
2026/09/22 23:19:19.309, 2, 96218, 97871
2026/09/22 23:19:19.309, 3, 96212, 97871
2026/09/22 23:19:19.509, 0, 96211, 97871
2026/09/22 23:19:19.509, 1, 96223, 97871
2026/09/22 23:19:19.509, 2, 96218, 97871
2026/09/22 23:19:19.510, 3, 96212, 97871
2026/09/22 23:19:19.710, 0, 96211, 97871
2026/09/22 23:19:19.710, 1, 96223, 97871
2026/09/22 23:19:19.710, 2, 96218, 97871
2026/09/22 23:19:19.710, 3, 96212, 97871
2026/09/22 23:19:19.910, 0, 96211, 97871
2026/09/22 23:19:19.910, 1, 96223, 97871
2026/09/22 23:19:19.910, 2, 96218, 97871
2026/09/22 23:19:19.910, 3, 96212, 97871
2026/09/22 23:19:20.110, 0, 96211, 97871
2026/09/22 23:19:20.110, 1, 96223, 97871
2026/09/22 23:19:20.110, 2, 96218, 97871
2026/09/22 23:19:20.110, 3, 96212, 97871
2026/09/22 23:19:20.310, 0, 96211, 97871
2026/09/22 23:19:20.310, 1, 96223, 97871
2026/09/22 23:19:20.311, 2, 96218, 97871
2026/09/22 23:19:20.311, 3, 96212, 97871
2026/09/22 23:19:20.511, 0, 96211, 97871
2026/09/22 23:19:20.511, 1, 96223, 97871
2026/09/22 23:19:20.511, 2, 96218, 97871
2026/09/22 23:19:20.511, 3, 96212, 97871
2026/09/22 23:19:20.711, 0, 96211, 97871
2026/09/22 23:19:20.711, 1, 96223, 97871
2026/09/22 23:19:20.711, 2, 96218, 97871
2026/09/22 23:19:20.711, 3, 96212, 97871
2026/09/22 23:19:20.911, 0, 96211, 97871
2026/09/22 23:19:20.911, 1, 96223, 97871
2026/09/22 23:19:20.911, 2, 96218, 97871
2026/09/22 23:19:20.911, 3, 96212, 97871
2026/09/22 23:19:21.111, 0, 96211, 97871
2026/09/22 23:19:21.112, 1, 96223, 97871
2026/09/22 23:19:21.112, 2, 96218, 97871
2026/09/22 23:19:21.112, 3, 96212, 97871
2026/09/22 23:19:21.312, 0, 96211, 97871
2026/09/22 23:19:21.312, 1, 96223, 97871
2026/09/22 23:19:21.312, 2, 96218, 97871
2026/09/22 23:19:21.312, 3, 96212, 97871
2026/09/22 23:19:21.512, 0, 96211, 97871
2026/09/22 23:19:21.512, 1, 96223, 97871
2026/09/22 23:19:21.512, 2, 96218, 97871
2026/09/22 23:19:21.512, 3, 96212, 97871
2026/09/22 23:19:21.712, 0, 96211, 97871
2026/09/22 23:19:21.712, 1, 96223, 97871
2026/09/22 23:19:21.712, 2, 96218, 97871
2026/09/22 23:19:21.712, 3, 96212, 97871
2026/09/22 23:19:21.913, 0, 96211, 97871
2026/09/22 23:19:21.913, 1, 96223, 97871
2026/09/22 23:19:21.913, 2, 96218, 97871
2026/09/22 23:19:21.913, 3, 96212, 97871
2026/09/22 23:19:22.113, 0, 96211, 97871
2026/09/22 23:19:22.113, 1, 96223, 97871
2026/09/22 23:19:22.113, 2, 96218, 97871
2026/09/22 23:19:22.113, 3, 96212, 97871
2026/09/22 23:19:22.313, 0, 96211, 97871
2026/09/22 23:19:22.313, 1, 96223, 97871
2026/09/22 23:19:22.313, 2, 96218, 97871
2026/09/22 23:19:22.313, 3, 96212, 97871
2026/09/22 23:19:22.514, 0, 96211, 97871
2026/09/22 23:19:22.514, 1, 96223, 97871
2026/09/22 23:19:22.514, 2, 96218, 97871
2026/09/22 23:19:22.514, 3, 96212, 97871
2026/09/22 23:19:22.714, 0, 96211, 97871
2026/09/22 23:19:22.714, 1, 96223, 97871
2026/09/22 23:19:22.714, 2, 96218, 97871
2026/09/22 23:19:22.714, 3, 96212, 97871
2026/09/22 23:19:22.914, 0, 96211, 97871
2026/09/22 23:19:22.914, 1, 96223, 97871
2026/09/22 23:19:22.914, 2, 96218, 97871
2026/09/22 23:19:22.914, 3, 96212, 97871
2026/09/22 23:19:23.114, 0, 96211, 97871
2026/09/22 23:19:23.115, 1, 96223, 97871
2026/09/22 23:19:23.115, 2, 96218, 97871
2026/09/22 23:19:23.115, 3, 96212, 97871
2026/09/22 23:19:23.315, 0, 96211, 97871
2026/09/22 23:19:23.315, 1, 96223, 97871
2026/09/22 23:19:23.315, 2, 96218, 97871
2026/09/22 23:19:23.315, 3, 96212, 97871
2026/09/22 23:19:23.515, 0, 96211, 97871
2026/09/22 23:19:23.515, 1, 96223, 97871
2026/09/22 23:19:23.515, 2, 96218, 97871
2026/09/22 23:19:23.515, 3, 96212, 97871
2026/09/22 23:19:23.715, 0, 96211, 97871
2026/09/22 23:19:23.715, 1, 96223, 97871
2026/09/22 23:19:23.716, 2, 96218, 97871
2026/09/22 23:19:23.716, 3, 96212, 97871
2026/09/22 23:19:23.916, 0, 96211, 97871
2026/09/22 23:19:23.916, 1, 96223, 97871
2026/09/22 23:19:23.916, 2, 96218, 97871
2026/09/22 23:19:23.916, 3, 96212, 97871
2026/09/22 23:19:24.116, 0, 96211, 97871
2026/09/22 23:19:24.116, 1, 96223, 97871
2026/09/22 23:19:24.116, 2, 96218, 97871
2026/09/22 23:19:24.116, 3, 96212, 97871
2026/09/22 23:19:24.316, 0, 96211, 97871
2026/09/22 23:19:24.316, 1, 96223, 97871
2026/09/22 23:19:24.316, 2, 96218, 97871
2026/09/22 23:19:24.316, 3, 96212, 97871
2026/09/22 23:19:24.516, 0, 96211, 97871
2026/09/22 23:19:24.516, 1, 96223, 97871
2026/09/22 23:19:24.516, 2, 96218, 97871
2026/09/22 23:19:24.516, 3, 96212, 97871
2026/09/22 23:19:24.717, 0, 96211, 97871
2026/09/22 23:19:24.717, 1, 96223, 97871
2026/09/22 23:19:24.717, 2, 96218, 97871
2026/09/22 23:19:24.717, 3, 96212, 97871
2026/09/22 23:19:24.917, 0, 96211, 97871
2026/09/22 23:19:24.917, 1, 96223, 97871
2026/09/22 23:19:24.917, 2, 96218, 97871
2026/09/22 23:19:24.917, 3, 96212, 97871
2026/09/22 23:19:25.117, 0, 96211, 97871
2026/09/22 23:19:25.117, 1, 96223, 97871
2026/09/22 23:19:25.118, 2, 96218, 97871
2026/09/22 23:19:25.118, 3, 96212, 97871
2026/09/22 23:19:25.318, 0, 96211, 97871
2026/09/22 23:19:25.318, 1, 96223, 97871
2026/09/22 23:19:25.318, 2, 96218, 97871
2026/09/22 23:19:25.318, 3, 96212, 97871
2026/09/22 23:19:25.518, 0, 96211, 97871
2026/09/22 23:19:25.518, 1, 96223, 97871
2026/09/22 23:19:25.518, 2, 96218, 97871
2026/09/22 23:19:25.518, 3, 96212, 97871
2026/09/22 23:19:25.718, 0, 96211, 97871
2026/09/22 23:19:25.718, 1, 96223, 97871
2026/09/22 23:19:25.718, 2, 96218, 97871
2026/09/22 23:19:25.718, 3, 96212, 97871
2026/09/22 23:19:25.919, 0, 96211, 97871
2026/09/22 23:19:25.919, 1, 96223, 97871
2026/09/22 23:19:25.919, 2, 96218, 97871
2026/09/22 23:19:25.919, 3, 96212, 97871
2026/09/22 23:19:26.119, 0, 96211, 97871
2026/09/22 23:19:26.119, 1, 96223, 97871
2026/09/22 23:19:26.119, 2, 96218, 97871
2026/09/22 23:19:26.119, 3, 96212, 97871
2026/09/22 23:19:26.319, 0, 96211, 97871
2026/09/22 23:19:26.320, 1, 96223, 97871
2026/09/22 23:19:26.320, 2, 96218, 97871
2026/09/22 23:19:26.320, 3, 96212, 97871
2026/09/22 23:19:26.520, 0, 96211, 97871
2026/09/22 23:19:26.520, 1, 96223, 97871
2026/09/22 23:19:26.520, 2, 96218, 97871
2026/09/22 23:19:26.520, 3, 96212, 97871
2026/09/22 23:19:26.720, 0, 96211, 97871
2026/09/22 23:19:26.720, 1, 96223, 97871
2026/09/22 23:19:26.720, 2, 96218, 97871
2026/09/22 23:19:26.720, 3, 96212, 97871
2026/09/22 23:19:26.920, 0, 96211, 97871
2026/09/22 23:19:26.920, 1, 96223, 97871
2026/09/22 23:19:26.920, 2, 96218, 97871
2026/09/22 23:19:26.920, 3, 96212, 97871
2026/09/22 23:19:27.120, 0, 96211, 97871
2026/09/22 23:19:27.120, 1, 96223, 97871
2026/09/22 23:19:27.121, 2, 96218, 97871
2026/09/22 23:19:27.121, 3, 96212, 97871
2026/09/22 23:19:27.321, 0, 96211, 97871
2026/09/22 23:19:27.321, 1, 96223, 97871
2026/09/22 23:19:27.321, 2, 96218, 97871
2026/09/22 23:19:27.321, 3, 96212, 97871
2026/09/22 23:19:27.521, 0, 96211, 97871
2026/09/22 23:19:27.521, 1, 96223, 97871
2026/09/22 23:19:27.521, 2, 96218, 97871
2026/09/22 23:19:27.521, 3, 96212, 97871
2026/09/22 23:19:27.721, 0, 96211, 97871
2026/09/22 23:19:27.721, 1, 96223, 97871
2026/09/22 23:19:27.722, 2, 96218, 97871
2026/09/22 23:19:27.722, 3, 96212, 97871
2026/09/22 23:19:27.922, 0, 96211, 97871
2026/09/22 23:19:27.922, 1, 96223, 97871
2026/09/22 23:19:27.922, 2, 96218, 97871
2026/09/22 23:19:27.922, 3, 96212, 97871
2026/09/22 23:19:28.122, 0, 96211, 97871
2026/09/22 23:19:28.122, 1, 96223, 97871
2026/09/22 23:19:28.122, 2, 96218, 97871
2026/09/22 23:19:28.122, 3, 96212, 97871
2026/09/22 23:19:28.322, 0, 96211, 97871
2026/09/22 23:19:28.322, 1, 96223, 97871
2026/09/22 23:19:28.323, 2, 96218, 97871
2026/09/22 23:19:28.323, 3, 96212, 97871
2026/09/22 23:19:28.523, 0, 96211, 97871
2026/09/22 23:19:28.523, 1, 96223, 97871
2026/09/22 23:19:28.523, 2, 96218, 97871
2026/09/22 23:19:28.523, 3, 96212, 97871
2026/09/22 23:19:28.723, 0, 96211, 97871
2026/09/22 23:19:28.723, 1, 96223, 97871
2026/09/22 23:19:28.723, 2, 96218, 97871
2026/09/22 23:19:28.723, 3, 96212, 97871
2026/09/22 23:19:28.923, 0, 96211, 97871
2026/09/22 23:19:28.923, 1, 96223, 97871
2026/09/22 23:19:28.923, 2, 96218, 97871
2026/09/22 23:19:28.923, 3, 96212, 97871
2026/09/22 23:19:29.123, 0, 96211, 97871
2026/09/22 23:19:29.123, 1, 96223, 97871
2026/09/22 23:19:29.124, 2, 96218, 97871
2026/09/22 23:19:29.124, 3, 96212, 97871
2026/09/22 23:19:29.324, 0, 96211, 97871
2026/09/22 23:19:29.324, 1, 96223, 97871
2026/09/22 23:19:29.324, 2, 96218, 97871
2026/09/22 23:19:29.324, 3, 96212, 97871
2026/09/22 23:19:29.524, 0, 96211, 97871
2026/09/22 23:19:29.524, 1, 96223, 97871
2026/09/22 23:19:29.524, 2, 96218, 97871
2026/09/22 23:19:29.524, 3, 96212, 97871
2026/09/22 23:19:29.724, 0, 96211, 97871
2026/09/22 23:19:29.724, 1, 96223, 97871
2026/09/22 23:19:29.724, 2, 96218, 97871
2026/09/22 23:19:29.724, 3, 96212, 97871
2026/09/22 23:19:29.925, 0, 96211, 97871
2026/09/22 23:19:29.925, 1, 96223, 97871
2026/09/22 23:19:29.925, 2, 96218, 97871
2026/09/22 23:19:29.925, 3, 96212, 97871
2026/09/22 23:19:30.125, 0, 96211, 97871
2026/09/22 23:19:30.125, 1, 96223, 97871
2026/09/22 23:19:30.125, 2, 96218, 97871
2026/09/22 23:19:30.125, 3, 96212, 97871
2026/09/22 23:19:30.325, 0, 96211, 97871
2026/09/22 23:19:30.325, 1, 96223, 97871
2026/09/22 23:19:30.325, 2, 96218, 97871
2026/09/22 23:19:30.325, 3, 96212, 97871
2026/09/22 23:19:30.526, 0, 96211, 97871
2026/09/22 23:19:30.526, 1, 96223, 97871
2026/09/22 23:19:30.526, 2, 96218, 97871
2026/09/22 23:19:30.526, 3, 96212, 97871
2026/09/22 23:19:30.726, 0, 96211, 97871
2026/09/22 23:19:30.726, 1, 96223, 97871
2026/09/22 23:19:30.726, 2, 96218, 97871
2026/09/22 23:19:30.726, 3, 96212, 97871
2026/09/22 23:19:30.926, 0, 96211, 97871
2026/09/22 23:19:30.926, 1, 96223, 97871
2026/09/22 23:19:30.926, 2, 96218, 97871
2026/09/22 23:19:30.926, 3, 96212, 97871
2026/09/22 23:19:31.126, 0, 96211, 97871
2026/09/22 23:19:31.126, 1, 96223, 97871
2026/09/22 23:19:31.126, 2, 96218, 97871
2026/09/22 23:19:31.127, 3, 96212, 97871
2026/09/22 23:19:31.327, 0, 96211, 97871
2026/09/22 23:19:31.327, 1, 96223, 97871
2026/09/22 23:19:31.327, 2, 96218, 97871
2026/09/22 23:19:31.327, 3, 96212, 97871
2026/09/22 23:19:31.527, 0, 96211, 97871
2026/09/22 23:19:31.527, 1, 96223, 97871
2026/09/22 23:19:31.527, 2, 96218, 97871
2026/09/22 23:19:31.527, 3, 96212, 97871
2026/09/22 23:19:31.727, 0, 96211, 97871
2026/09/22 23:19:31.727, 1, 96223, 97871
2026/09/22 23:19:31.728, 2, 96218, 97871
2026/09/22 23:19:31.728, 3, 96212, 97871
2026/09/22 23:19:31.928, 0, 96211, 97871
2026/09/22 23:19:31.928, 1, 96223, 97871
2026/09/22 23:19:31.928, 2, 96218, 97871
2026/09/22 23:19:31.928, 3, 96212, 97871
2026/09/22 23:19:32.128, 0, 96211, 97871
2026/09/22 23:19:32.128, 1, 96223, 97871
2026/09/22 23:19:32.128, 2, 96218, 97871
2026/09/22 23:19:32.128, 3, 96212, 97871
2026/09/22 23:19:32.328, 0, 96211, 97871
2026/09/22 23:19:32.329, 1, 96223, 97871
2026/09/22 23:19:32.329, 2, 96218, 97871
2026/09/22 23:19:32.329, 3, 96212, 97871
2026/09/22 23:19:32.529, 0, 96211, 97871
2026/09/22 23:19:32.529, 1, 96223, 97871
2026/09/22 23:19:32.529, 2, 96218, 97871
2026/09/22 23:19:32.529, 3, 96212, 97871
2026/09/22 23:19:32.729, 0, 96211, 97871
2026/09/22 23:19:32.729, 1, 96223, 97871
2026/09/22 23:19:32.729, 2, 96218, 97871
2026/09/22 23:19:32.729, 3, 96212, 97871
2026/09/22 23:19:32.929, 0, 96211, 97871
2026/09/22 23:19:32.929, 1, 96223, 97871
2026/09/22 23:19:32.930, 2, 96218, 97871
2026/09/22 23:19:32.930, 3, 96212, 97871
2026/09/22 23:19:33.130, 0, 96211, 97871
2026/09/22 23:19:33.130, 1, 96223, 97871
2026/09/22 23:19:33.130, 2, 96218, 97871
2026/09/22 23:19:33.130, 3, 96212, 97871
2026/09/22 23:19:33.330, 0, 96211, 97871
2026/09/22 23:19:33.330, 1, 96223, 97871
2026/09/22 23:19:33.330, 2, 96218, 97871
2026/09/22 23:19:33.330, 3, 96212, 97871
2026/09/22 23:19:33.530, 0, 96211, 97871
2026/09/22 23:19:33.530, 1, 96223, 97871
2026/09/22 23:19:33.530, 2, 96218, 97871
2026/09/22 23:19:33.530, 3, 96212, 97871
2026/09/22 23:19:33.730, 0, 96211, 97871
2026/09/22 23:19:33.731, 1, 96223, 97871
2026/09/22 23:19:33.731, 2, 96218, 97871
2026/09/22 23:19:33.731, 3, 96212, 97871
2026/09/22 23:19:33.931, 0, 96211, 97871
2026/09/22 23:19:33.931, 1, 96223, 97871
2026/09/22 23:19:33.931, 2, 96218, 97871
2026/09/22 23:19:33.931, 3, 96212, 97871
2026/09/22 23:19:34.131, 0, 96211, 97871
2026/09/22 23:19:34.131, 1, 96223, 97871
2026/09/22 23:19:34.131, 2, 96218, 97871
2026/09/22 23:19:34.131, 3, 96212, 97871
2026/09/22 23:19:34.331, 0, 96211, 97871
2026/09/22 23:19:34.331, 1, 96223, 97871
2026/09/22 23:19:34.331, 2, 96218, 97871
2026/09/22 23:19:34.331, 3, 96212, 97871
2026/09/22 23:19:34.532, 0, 96211, 97871
2026/09/22 23:19:34.532, 1, 96223, 97871
2026/09/22 23:19:34.532, 2, 96218, 97871
2026/09/22 23:19:34.532, 3, 96212, 97871
2026/09/22 23:19:34.732, 0, 96211, 97871
2026/09/22 23:19:34.732, 1, 96223, 97871
2026/09/22 23:19:34.732, 2, 96218, 97871
2026/09/22 23:19:34.732, 3, 96212, 97871
2026/09/22 23:19:34.932, 0, 96211, 97871
2026/09/22 23:19:34.932, 1, 96223, 97871
2026/09/22 23:19:34.932, 2, 96218, 97871
2026/09/22 23:19:34.932, 3, 96212, 97871
2026/09/22 23:19:35.132, 0, 96211, 97871
2026/09/22 23:19:35.132, 1, 96223, 97871
2026/09/22 23:19:35.132, 2, 96218, 97871
2026/09/22 23:19:35.133, 3, 96212, 97871
2026/09/22 23:19:35.333, 0, 96211, 97871
2026/09/22 23:19:35.333, 1, 96223, 97871
2026/09/22 23:19:35.333, 2, 96218, 97871
2026/09/22 23:19:35.333, 3, 96212, 97871
2026/09/22 23:19:35.533, 0, 96211, 97871
2026/09/22 23:19:35.533, 1, 96223, 97871
2026/09/22 23:19:35.533, 2, 96218, 97871
2026/09/22 23:19:35.533, 3, 96212, 97871
2026/09/22 23:19:35.733, 0, 96211, 97871
2026/09/22 23:19:35.733, 1, 96223, 97871
2026/09/22 23:19:35.733, 2, 96218, 97871
2026/09/22 23:19:35.733, 3, 96212, 97871
2026/09/22 23:19:35.933, 0, 96211, 97871
2026/09/22 23:19:35.933, 1, 96223, 97871
2026/09/22 23:19:35.933, 2, 96218, 97871
2026/09/22 23:19:35.933, 3, 96212, 97871
2026/09/22 23:19:36.134, 0, 96211, 97871
2026/09/22 23:19:36.134, 1, 96223, 97871
2026/09/22 23:19:36.134, 2, 96218, 97871
2026/09/22 23:19:36.134, 3, 96212, 97871
2026/09/22 23:19:36.334, 0, 96211, 97871
2026/09/22 23:19:36.334, 1, 96223, 97871
2026/09/22 23:19:36.334, 2, 96218, 97871
2026/09/22 23:19:36.334, 3, 96212, 97871
2026/09/22 23:19:36.534, 0, 96211, 97871
2026/09/22 23:19:36.534, 1, 96223, 97871
2026/09/22 23:19:36.534, 2, 96218, 97871
2026/09/22 23:19:36.534, 3, 96212, 97871
2026/09/22 23:19:36.735, 0, 96211, 97871
2026/09/22 23:19:36.735, 1, 96223, 97871
2026/09/22 23:19:36.735, 2, 96218, 97871
2026/09/22 23:19:36.735, 3, 96212, 97871
2026/09/22 23:19:36.935, 0, 96211, 97871
2026/09/22 23:19:36.935, 1, 96223, 97871
2026/09/22 23:19:36.935, 2, 96218, 97871
2026/09/22 23:19:36.935, 3, 96212, 97871
2026/09/22 23:19:37.135, 0, 96211, 97871
2026/09/22 23:19:37.135, 1, 96223, 97871
2026/09/22 23:19:37.135, 2, 96218, 97871
2026/09/22 23:19:37.136, 3, 96212, 97871
2026/09/22 23:19:37.336, 0, 96211, 97871
2026/09/22 23:19:37.336, 1, 96223, 97871
2026/09/22 23:19:37.336, 2, 96218, 97871
2026/09/22 23:19:37.336, 3, 96212, 97871
2026/09/22 23:19:37.536, 0, 96211, 97871
2026/09/22 23:19:37.536, 1, 96223, 97871
2026/09/22 23:19:37.536, 2, 96218, 97871
2026/09/22 23:19:37.536, 3, 96212, 97871
2026/09/22 23:19:37.736, 0, 96211, 97871
2026/09/22 23:19:37.736, 1, 96223, 97871
2026/09/22 23:19:37.736, 2, 96218, 97871
2026/09/22 23:19:37.736, 3, 96212, 97871
2026/09/22 23:19:37.937, 0, 96211, 97871
2026/09/22 23:19:37.937, 1, 96223, 97871
2026/09/22 23:19:37.937, 2, 96218, 97871
2026/09/22 23:19:37.937, 3, 96212, 97871
2026/09/22 23:19:38.137, 0, 96211, 97871
2026/09/22 23:19:38.137, 1, 96223, 97871
2026/09/22 23:19:38.137, 2, 96218, 97871
2026/09/22 23:19:38.137, 3, 96212, 97871
2026/09/22 23:19:38.337, 0, 96211, 97871
2026/09/22 23:19:38.338, 1, 96223, 97871
2026/09/22 23:19:38.338, 2, 96218, 97871
2026/09/22 23:19:38.338, 3, 96212, 97871
2026/09/22 23:19:38.538, 0, 96211, 97871
2026/09/22 23:19:38.538, 1, 96223, 97871
2026/09/22 23:19:38.538, 2, 96218, 97871
2026/09/22 23:19:38.538, 3, 96212, 97871
2026/09/22 23:19:38.738, 0, 96211, 97871
2026/09/22 23:19:38.738, 1, 96223, 97871
2026/09/22 23:19:38.738, 2, 96218, 97871
2026/09/22 23:19:38.738, 3, 96212, 97871
2026/09/22 23:19:38.938, 0, 96211, 97871
2026/09/22 23:19:38.939, 1, 96223, 97871
2026/09/22 23:19:38.939, 2, 96218, 97871
2026/09/22 23:19:38.939, 3, 96212, 97871
2026/09/22 23:19:39.146, 0, 96211, 97871
2026/09/22 23:19:39.146, 1, 96223, 97871
2026/09/22 23:19:39.146, 2, 96218, 97871
2026/09/22 23:19:39.146, 3, 96212, 97871
2026/09/22 23:19:39.346, 0, 96211, 97871
2026/09/22 23:19:39.346, 1, 96223, 97871
2026/09/22 23:19:39.346, 2, 96218, 97871
2026/09/22 23:19:39.346, 3, 96212, 97871
2026/09/22 23:19:39.546, 0, 96211, 97871
2026/09/22 23:19:39.546, 1, 96223, 97871
2026/09/22 23:19:39.546, 2, 96218, 97871
2026/09/22 23:19:39.546, 3, 96212, 97871
2026/09/22 23:19:39.746, 0, 96211, 97871
2026/09/22 23:19:39.746, 1, 96223, 97871
2026/09/22 23:19:39.746, 2, 96218, 97871
2026/09/22 23:19:39.747, 3, 96212, 97871
2026/09/22 23:19:39.947, 0, 96211, 97871
2026/09/22 23:19:39.947, 1, 96223, 97871
2026/09/22 23:19:39.947, 2, 96218, 97871
2026/09/22 23:19:39.947, 3, 96212, 97871
2026/09/22 23:19:40.147, 0, 96211, 97871
2026/09/22 23:19:40.147, 1, 96223, 97871
2026/09/22 23:19:40.147, 2, 96218, 97871
2026/09/22 23:19:40.147, 3, 96212, 97871
2026/09/22 23:19:40.347, 0, 96211, 97871
2026/09/22 23:19:40.347, 1, 96223, 97871
2026/09/22 23:19:40.347, 2, 96218, 97871
2026/09/22 23:19:40.347, 3, 96212, 97871
2026/09/22 23:19:40.548, 0, 96211, 97871
2026/09/22 23:19:40.548, 1, 96223, 97871
2026/09/22 23:19:40.548, 2, 96218, 97871
2026/09/22 23:19:40.548, 3, 96212, 97871
2026/09/22 23:19:40.748, 0, 96211, 97871
2026/09/22 23:19:40.748, 1, 96223, 97871
2026/09/22 23:19:40.748, 2, 96218, 97871
2026/09/22 23:19:40.748, 3, 96212, 97871
2026/09/22 23:19:40.948, 0, 96211, 97871
2026/09/22 23:19:40.948, 1, 96223, 97871
2026/09/22 23:19:40.948, 2, 96218, 97871
2026/09/22 23:19:40.949, 3, 96212, 97871
2026/09/22 23:19:41.149, 0, 96211, 97871
2026/09/22 23:19:41.149, 1, 96223, 97871
2026/09/22 23:19:41.149, 2, 96218, 97871
2026/09/22 23:19:41.149, 3, 96212, 97871
2026/09/22 23:19:41.349, 0, 96211, 97871
2026/09/22 23:19:41.349, 1, 96223, 97871
2026/09/22 23:19:41.349, 2, 96218, 97871
2026/09/22 23:19:41.349, 3, 96212, 97871
2026/09/22 23:19:41.549, 0, 96211, 97871
2026/09/22 23:19:41.549, 1, 96223, 97871
2026/09/22 23:19:41.549, 2, 96218, 97871
2026/09/22 23:19:41.550, 3, 96212, 97871
2026/09/22 23:19:41.750, 0, 96211, 97871
2026/09/22 23:19:41.750, 1, 96223, 97871
2026/09/22 23:19:41.750, 2, 96218, 97871
2026/09/22 23:19:41.750, 3, 96212, 97871
2026/09/22 23:19:41.950, 0, 96211, 97871
2026/09/22 23:19:41.950, 1, 96223, 97871
2026/09/22 23:19:41.950, 2, 96218, 97871
2026/09/22 23:19:41.950, 3, 96212, 97871
2026/09/22 23:19:42.150, 0, 96211, 97871
2026/09/22 23:19:42.150, 1, 96223, 97871
2026/09/22 23:19:42.150, 2, 96218, 97871
2026/09/22 23:19:42.150, 3, 96212, 97871
2026/09/22 23:19:42.351, 0, 96211, 97871
2026/09/22 23:19:42.351, 1, 96223, 97871
2026/09/22 23:19:42.351, 2, 96218, 97871
2026/09/22 23:19:42.351, 3, 96212, 97871
2026/09/22 23:19:42.551, 0, 96211, 97871
2026/09/22 23:19:42.551, 1, 96223, 97871
2026/09/22 23:19:42.551, 2, 96218, 97871
2026/09/22 23:19:42.551, 3, 96212, 97871
2026/09/22 23:19:42.751, 0, 96211, 97871
2026/09/22 23:19:42.751, 1, 96223, 97871
2026/09/22 23:19:42.751, 2, 96218, 97871
2026/09/22 23:19:42.751, 3, 96212, 97871
2026/09/22 23:19:42.951, 0, 96211, 97871
2026/09/22 23:19:42.951, 1, 96223, 97871
2026/09/22 23:19:42.951, 2, 96218, 97871
2026/09/22 23:19:42.951, 3, 96212, 97871
2026/09/22 23:19:43.151, 0, 96211, 97871
2026/09/22 23:19:43.152, 1, 96223, 97871
2026/09/22 23:19:43.152, 2, 96218, 97871
2026/09/22 23:19:43.152, 3, 96212, 97871
2026/09/22 23:19:43.352, 0, 96211, 97871
2026/09/22 23:19:43.352, 1, 96223, 97871
2026/09/22 23:19:43.352, 2, 96218, 97871
2026/09/22 23:19:43.352, 3, 96212, 97871
2026/09/22 23:19:43.552, 0, 96211, 97871
2026/09/22 23:19:43.552, 1, 96223, 97871
2026/09/22 23:19:43.552, 2, 96218, 97871
2026/09/22 23:19:43.552, 3, 96212, 97871
2026/09/22 23:19:43.752, 0, 96211, 97871
2026/09/22 23:19:43.752, 1, 96223, 97871
2026/09/22 23:19:43.752, 2, 96218, 97871
2026/09/22 23:19:43.752, 3, 96212, 97871
2026/09/22 23:19:43.953, 0, 96211, 97871
2026/09/22 23:19:43.953, 1, 96223, 97871
2026/09/22 23:19:43.953, 2, 96218, 97871
2026/09/22 23:19:43.953, 3, 96212, 97871
2026/09/22 23:19:44.153, 0, 96211, 97871
2026/09/22 23:19:44.153, 1, 96223, 97871
2026/09/22 23:19:44.153, 2, 96218, 97871
2026/09/22 23:19:44.153, 3, 96212, 97871
2026/09/22 23:19:44.353, 0, 96211, 97871
2026/09/22 23:19:44.353, 1, 96223, 97871
2026/09/22 23:19:44.353, 2, 96218, 97871
2026/09/22 23:19:44.353, 3, 96212, 97871
2026/09/22 23:19:44.553, 0, 96211, 97871
2026/09/22 23:19:44.553, 1, 96223, 97871
2026/09/22 23:19:44.553, 2, 96218, 97871
2026/09/22 23:19:44.553, 3, 96212, 97871
2026/09/22 23:19:44.754, 0, 96211, 97871
2026/09/22 23:19:44.754, 1, 96223, 97871
2026/09/22 23:19:44.754, 2, 96218, 97871
2026/09/22 23:19:44.754, 3, 96212, 97871
2026/09/22 23:19:44.954, 0, 96211, 97871
2026/09/22 23:19:44.954, 1, 96223, 97871
2026/09/22 23:19:44.954, 2, 96218, 97871
2026/09/22 23:19:44.954, 3, 96212, 97871
2026/09/22 23:19:45.154, 0, 96211, 97871
2026/09/22 23:19:45.154, 1, 96223, 97871
2026/09/22 23:19:45.154, 2, 96218, 97871
2026/09/22 23:19:45.154, 3, 96212, 97871
2026/09/22 23:19:45.354, 0, 96211, 97871
2026/09/22 23:19:45.355, 1, 96223, 97871
2026/09/22 23:19:45.355, 2, 96218, 97871
2026/09/22 23:19:45.355, 3, 96212, 97871
2026/09/22 23:19:45.555, 0, 96211, 97871
2026/09/22 23:19:45.555, 1, 96223, 97871
2026/09/22 23:19:45.555, 2, 96218, 97871
2026/09/22 23:19:45.555, 3, 96212, 97871
2026/09/22 23:19:45.755, 0, 96211, 97871
2026/09/22 23:19:45.755, 1, 96223, 97871
2026/09/22 23:19:45.755, 2, 96218, 97871
2026/09/22 23:19:45.755, 3, 96212, 97871
2026/09/22 23:19:45.955, 0, 96211, 97871
2026/09/22 23:19:45.955, 1, 96223, 97871
2026/09/22 23:19:45.955, 2, 96218, 97871
2026/09/22 23:19:45.956, 3, 96212, 97871
2026/09/22 23:19:46.156, 0, 96211, 97871
2026/09/22 23:19:46.156, 1, 96223, 97871
2026/09/22 23:19:46.156, 2, 96218, 97871
2026/09/22 23:19:46.156, 3, 96212, 97871
2026/09/22 23:19:46.356, 0, 96211, 97871
2026/09/22 23:19:46.356, 1, 96223, 97871
2026/09/22 23:19:46.356, 2, 96218, 97871
2026/09/22 23:19:46.356, 3, 96212, 97871
2026/09/22 23:19:46.556, 0, 96211, 97871
2026/09/22 23:19:46.556, 1, 96223, 97871
2026/09/22 23:19:46.556, 2, 96218, 97871
2026/09/22 23:19:46.556, 3, 96212, 97871
2026/09/22 23:19:46.756, 0, 96211, 97871
2026/09/22 23:19:46.756, 1, 96223, 97871
2026/09/22 23:19:46.756, 2, 96218, 97871
2026/09/22 23:19:46.757, 3, 96212, 97871
2026/09/22 23:19:46.957, 0, 96211, 97871
2026/09/22 23:19:46.957, 1, 96223, 97871
2026/09/22 23:19:46.957, 2, 96218, 97871
2026/09/22 23:19:46.957, 3, 96212, 97871
2026/09/22 23:19:47.157, 0, 96211, 97871
2026/09/22 23:19:47.157, 1, 96223, 97871
2026/09/22 23:19:47.157, 2, 96218, 97871
2026/09/22 23:19:47.157, 3, 96212, 97871
2026/09/22 23:19:47.357, 0, 96211, 97871
2026/09/22 23:19:47.358, 1, 96223, 97871
2026/09/22 23:19:47.358, 2, 96218, 97871
2026/09/22 23:19:47.358, 3, 96212, 97871
2026/09/22 23:19:47.558, 0, 96211, 97871
2026/09/22 23:19:47.558, 1, 96223, 97871
2026/09/22 23:19:47.558, 2, 96218, 97871
2026/09/22 23:19:47.558, 3, 96212, 97871
2026/09/22 23:19:47.758, 0, 96211, 97871
2026/09/22 23:19:47.758, 1, 96223, 97871
2026/09/22 23:19:47.758, 2, 96218, 97871
2026/09/22 23:19:47.758, 3, 96212, 97871
2026/09/22 23:19:47.959, 0, 96211, 97871
2026/09/22 23:19:47.959, 1, 96223, 97871
2026/09/22 23:19:47.959, 2, 96218, 97871
2026/09/22 23:19:47.959, 3, 96212, 97871
2026/09/22 23:19:48.159, 0, 96211, 97871
2026/09/22 23:19:48.159, 1, 96223, 97871
2026/09/22 23:19:48.159, 2, 96218, 97871
2026/09/22 23:19:48.159, 3, 96212, 97871
2026/09/22 23:19:48.359, 0, 96211, 97871
2026/09/22 23:19:48.360, 1, 96223, 97871
2026/09/22 23:19:48.360, 2, 96218, 97871
2026/09/22 23:19:48.360, 3, 96212, 97871
2026/09/22 23:19:48.560, 0, 96211, 97871
2026/09/22 23:19:48.560, 1, 96223, 97871
2026/09/22 23:19:48.560, 2, 96218, 97871
2026/09/22 23:19:48.560, 3, 96212, 97871
2026/09/22 23:19:48.760, 0, 96211, 97871
2026/09/22 23:19:48.760, 1, 96223, 97871
2026/09/22 23:19:48.760, 2, 96218, 97871
2026/09/22 23:19:48.760, 3, 96212, 97871
2026/09/22 23:19:48.960, 0, 96211, 97871
2026/09/22 23:19:48.960, 1, 96223, 97871
2026/09/22 23:19:48.960, 2, 96218, 97871
2026/09/22 23:19:48.961, 3, 96212, 97871
2026/09/22 23:19:49.161, 0, 96211, 97871
2026/09/22 23:19:49.161, 1, 96223, 97871
2026/09/22 23:19:49.161, 2, 96218, 97871
2026/09/22 23:19:49.161, 3, 96212, 97871
2026/09/22 23:19:49.361, 0, 96211, 97871
2026/09/22 23:19:49.361, 1, 96223, 97871
2026/09/22 23:19:49.361, 2, 96218, 97871
2026/09/22 23:19:49.361, 3, 96212, 97871
2026/09/22 23:19:49.561, 0, 96211, 97871
2026/09/22 23:19:49.561, 1, 96223, 97871
2026/09/22 23:19:49.561, 2, 96218, 97871
2026/09/22 23:19:49.562, 3, 96212, 97871
2026/09/22 23:19:49.762, 0, 96211, 97871
2026/09/22 23:19:49.762, 1, 96223, 97871
2026/09/22 23:19:49.762, 2, 96218, 97871
2026/09/22 23:19:49.762, 3, 96212, 97871
2026/09/22 23:19:49.962, 0, 96211, 97871
2026/09/22 23:19:49.962, 1, 96223, 97871
2026/09/22 23:19:49.962, 2, 96218, 97871
2026/09/22 23:19:49.962, 3, 96212, 97871
2026/09/22 23:19:50.162, 0, 96211, 97871
2026/09/22 23:19:50.163, 1, 96223, 97871
2026/09/22 23:19:50.163, 2, 96218, 97871
2026/09/22 23:19:50.163, 3, 96212, 97871
2026/09/22 23:19:50.363, 0, 96211, 97871
2026/09/22 23:19:50.363, 1, 96223, 97871
2026/09/22 23:19:50.363, 2, 96218, 97871
2026/09/22 23:19:50.363, 3, 96212, 97871
2026/09/22 23:19:50.563, 0, 96211, 97871
2026/09/22 23:19:50.563, 1, 96223, 97871
2026/09/22 23:19:50.563, 2, 96218, 97871
2026/09/22 23:19:50.563, 3, 96212, 97871
2026/09/22 23:19:50.763, 0, 96211, 97871
2026/09/22 23:19:50.763, 1, 96223, 97871
2026/09/22 23:19:50.763, 2, 96218, 97871
2026/09/22 23:19:50.763, 3, 96212, 97871
2026/09/22 23:19:50.964, 0, 96211, 97871
2026/09/22 23:19:50.964, 1, 96223, 97871
2026/09/22 23:19:50.964, 2, 96218, 97871
2026/09/22 23:19:50.964, 3, 96212, 97871
2026/09/22 23:19:51.164, 0, 96211, 97871
2026/09/22 23:19:51.164, 1, 96223, 97871
2026/09/22 23:19:51.164, 2, 96218, 97871
2026/09/22 23:19:51.164, 3, 96212, 97871
2026/09/22 23:19:51.364, 0, 96211, 97871
2026/09/22 23:19:51.364, 1, 96223, 97871
2026/09/22 23:19:51.364, 2, 96218, 97871
2026/09/22 23:19:51.364, 3, 96212, 97871
2026/09/22 23:19:51.564, 0, 96211, 97871
2026/09/22 23:19:51.564, 1, 96223, 97871
2026/09/22 23:19:51.564, 2, 96218, 97871
2026/09/22 23:19:51.564, 3, 96212, 97871
2026/09/22 23:19:51.765, 0, 96211, 97871
2026/09/22 23:19:51.765, 1, 96223, 97871
2026/09/22 23:19:51.765, 2, 96218, 97871
2026/09/22 23:19:51.765, 3, 96212, 97871
2026/09/22 23:19:51.965, 0, 96211, 97871
2026/09/22 23:19:51.965, 1, 96223, 97871
2026/09/22 23:19:51.965, 2, 96218, 97871
2026/09/22 23:19:51.965, 3, 96212, 97871
2026/09/22 23:19:52.165, 0, 96211, 97871
2026/09/22 23:19:52.165, 1, 96223, 97871
2026/09/22 23:19:52.165, 2, 96218, 97871
2026/09/22 23:19:52.165, 3, 96212, 97871
2026/09/22 23:19:52.365, 0, 96211, 97871
2026/09/22 23:19:52.365, 1, 96223, 97871
2026/09/22 23:19:52.366, 2, 96218, 97871
2026/09/22 23:19:52.366, 3, 96212, 97871
2026/09/22 23:19:52.566, 0, 96211, 97871
2026/09/22 23:19:52.566, 1, 96223, 97871
2026/09/22 23:19:52.566, 2, 96218, 97871
2026/09/22 23:19:52.566, 3, 96212, 97871
2026/09/22 23:19:52.766, 0, 96211, 97871
2026/09/22 23:19:52.766, 1, 96223, 97871
2026/09/22 23:19:52.766, 2, 96218, 97871
2026/09/22 23:19:52.766, 3, 96212, 97871
2026/09/22 23:19:52.966, 0, 96211, 97871
2026/09/22 23:19:52.966, 1, 96223, 97871
2026/09/22 23:19:52.966, 2, 96218, 97871
2026/09/22 23:19:52.966, 3, 96212, 97871
2026/09/22 23:19:53.166, 0, 96211, 97871
2026/09/22 23:19:53.166, 1, 96223, 97871
2026/09/22 23:19:53.166, 2, 96218, 97871
2026/09/22 23:19:53.166, 3, 96212, 97871
2026/09/22 23:19:53.366, 0, 96211, 97871
2026/09/22 23:19:53.366, 1, 96223, 97871
2026/09/22 23:19:53.366, 2, 96218, 97871
2026/09/22 23:19:53.367, 3, 96212, 97871
2026/09/22 23:19:53.567, 0, 96211, 97871
2026/09/22 23:19:53.567, 1, 96223, 97871
2026/09/22 23:19:53.567, 2, 96218, 97871
2026/09/22 23:19:53.567, 3, 96212, 97871
2026/09/22 23:19:53.767, 0, 96211, 97871
2026/09/22 23:19:53.767, 1, 96223, 97871
2026/09/22 23:19:53.767, 2, 96218, 97871
2026/09/22 23:19:53.767, 3, 96212, 97871
2026/09/22 23:19:53.967, 0, 96211, 97871
2026/09/22 23:19:53.967, 1, 96223, 97871
2026/09/22 23:19:53.967, 2, 96218, 97871
2026/09/22 23:19:53.967, 3, 96212, 97871
2026/09/22 23:19:54.167, 0, 96211, 97871
2026/09/22 23:19:54.167, 1, 96223, 97871
2026/09/22 23:19:54.168, 2, 96218, 97871
2026/09/22 23:19:54.168, 3, 96212, 97871
2026/09/22 23:19:54.368, 0, 96211, 97871
2026/09/22 23:19:54.368, 1, 96223, 97871
2026/09/22 23:19:54.368, 2, 96218, 97871
2026/09/22 23:19:54.368, 3, 96212, 97871
2026/09/22 23:19:54.568, 0, 96211, 97871
2026/09/22 23:19:54.568, 1, 96223, 97871
2026/09/22 23:19:54.568, 2, 96218, 97871
2026/09/22 23:19:54.568, 3, 96212, 97871
2026/09/22 23:19:54.768, 0, 96211, 97871
2026/09/22 23:19:54.768, 1, 96223, 97871
2026/09/22 23:19:54.768, 2, 96218, 97871
2026/09/22 23:19:54.769, 3, 96212, 97871
2026/09/22 23:19:54.969, 0, 96211, 97871
2026/09/22 23:19:54.969, 1, 96223, 97871
2026/09/22 23:19:54.969, 2, 96218, 97871
2026/09/22 23:19:54.969, 3, 96212, 97871
2026/09/22 23:19:55.169, 0, 96211, 97871
2026/09/22 23:19:55.169, 1, 96223, 97871
2026/09/22 23:19:55.169, 2, 96218, 97871
2026/09/22 23:19:55.169, 3, 96212, 97871
2026/09/22 23:19:55.369, 0, 96211, 97871
2026/09/22 23:19:55.369, 1, 96223, 97871
2026/09/22 23:19:55.369, 2, 96218, 97871
2026/09/22 23:19:55.369, 3, 96212, 97871
2026/09/22 23:19:55.569, 0, 96211, 97871
2026/09/22 23:19:55.569, 1, 96223, 97871
2026/09/22 23:19:55.570, 2, 96218, 97871
2026/09/22 23:19:55.570, 3, 96212, 97871
2026/09/22 23:19:55.770, 0, 96211, 97871
2026/09/22 23:19:55.770, 1, 96223, 97871
2026/09/22 23:19:55.770, 2, 96218, 97871
2026/09/22 23:19:55.770, 3, 96212, 97871
2026/09/22 23:19:55.970, 0, 96211, 97871
2026/09/22 23:19:55.970, 1, 96223, 97871
2026/09/22 23:19:55.970, 2, 96218, 97871
2026/09/22 23:19:55.970, 3, 96212, 97871
2026/09/22 23:19:56.170, 0, 96211, 97871
2026/09/22 23:19:56.170, 1, 96223, 97871
2026/09/22 23:19:56.170, 2, 96218, 97871
2026/09/22 23:19:56.170, 3, 96212, 97871
2026/09/22 23:19:56.370, 0, 96211, 97871
2026/09/22 23:19:56.370, 1, 96223, 97871
2026/09/22 23:19:56.370, 2, 96218, 97871
2026/09/22 23:19:56.371, 3, 96212, 97871
2026/09/22 23:19:56.571, 0, 96211, 97871
2026/09/22 23:19:56.571, 1, 96223, 97871
2026/09/22 23:19:56.571, 2, 96218, 97871
2026/09/22 23:19:56.571, 3, 96212, 97871
2026/09/22 23:19:56.771, 0, 96211, 97871
2026/09/22 23:19:56.771, 1, 96223, 97871
2026/09/22 23:19:56.771, 2, 96218, 97871
2026/09/22 23:19:56.771, 3, 96212, 97871
2026/09/22 23:19:56.971, 0, 96211, 97871
2026/09/22 23:19:56.971, 1, 96223, 97871
2026/09/22 23:19:56.971, 2, 96218, 97871
2026/09/22 23:19:56.972, 3, 96212, 97871
2026/09/22 23:19:57.172, 0, 96211, 97871
2026/09/22 23:19:57.172, 1, 96223, 97871
2026/09/22 23:19:57.172, 2, 96218, 97871
2026/09/22 23:19:57.172, 3, 96212, 97871
2026/09/22 23:19:57.372, 0, 96211, 97871
2026/09/22 23:19:57.372, 1, 96223, 97871
2026/09/22 23:19:57.372, 2, 96218, 97871
2026/09/22 23:19:57.372, 3, 96212, 97871
2026/09/22 23:19:57.572, 0, 96211, 97871
2026/09/22 23:19:57.572, 1, 96223, 97871
2026/09/22 23:19:57.572, 2, 96218, 97871
2026/09/22 23:19:57.573, 3, 96212, 97871
2026/09/22 23:19:57.773, 0, 96211, 97871
2026/09/22 23:19:57.773, 1, 96223, 97871
2026/09/22 23:19:57.773, 2, 96218, 97871
2026/09/22 23:19:57.773, 3, 96212, 97871
2026/09/22 23:19:57.973, 0, 96211, 97871
2026/09/22 23:19:57.973, 1, 96223, 97871
2026/09/22 23:19:57.973, 2, 96218, 97871
2026/09/22 23:19:57.973, 3, 96212, 97871
2026/09/22 23:19:58.173, 0, 96211, 97871
2026/09/22 23:19:58.173, 1, 96223, 97871
2026/09/22 23:19:58.173, 2, 96218, 97871
2026/09/22 23:19:58.173, 3, 96212, 97871
2026/09/22 23:19:58.373, 0, 96211, 97871
2026/09/22 23:19:58.373, 1, 96223, 97871
2026/09/22 23:19:58.373, 2, 96218, 97871
2026/09/22 23:19:58.373, 3, 96212, 97871
2026/09/22 23:19:58.573, 0, 96211, 97871
2026/09/22 23:19:58.573, 1, 96223, 97871
2026/09/22 23:19:58.573, 2, 96218, 97871
2026/09/22 23:19:58.574, 3, 96212, 97871
2026/09/22 23:19:58.774, 0, 96211, 97871
2026/09/22 23:19:58.774, 1, 96223, 97871
2026/09/22 23:19:58.774, 2, 96218, 97871
2026/09/22 23:19:58.774, 3, 96212, 97871
2026/09/22 23:19:58.974, 0, 96211, 97871
2026/09/22 23:19:58.974, 1, 96223, 97871
2026/09/22 23:19:58.974, 2, 96218, 97871
2026/09/22 23:19:58.974, 3, 96212, 97871
2026/09/22 23:19:59.174, 0, 96211, 97871
2026/09/22 23:19:59.174, 1, 96223, 97871
2026/09/22 23:19:59.174, 2, 96218, 97871
2026/09/22 23:19:59.175, 3, 96212, 97871
2026/09/22 23:19:59.375, 0, 96211, 97871
2026/09/22 23:19:59.375, 1, 96223, 97871
2026/09/22 23:19:59.375, 2, 96218, 97871
2026/09/22 23:19:59.375, 3, 96212, 97871
2026/09/22 23:19:59.575, 0, 96211, 97871
2026/09/22 23:19:59.575, 1, 96223, 97871
2026/09/22 23:19:59.575, 2, 96218, 97871
2026/09/22 23:19:59.575, 3, 96212, 97871
2026/09/22 23:19:59.775, 0, 96211, 97871
2026/09/22 23:19:59.775, 1, 96223, 97871
2026/09/22 23:19:59.775, 2, 96218, 97871
2026/09/22 23:19:59.775, 3, 96212, 97871
2026/09/22 23:19:59.976, 0, 96211, 97871
2026/09/22 23:19:59.976, 1, 96223, 97871
2026/09/22 23:19:59.976, 2, 96218, 97871
2026/09/22 23:19:59.976, 3, 96212, 97871
2026/09/22 23:20:00.176, 0, 96211, 97871
2026/09/22 23:20:00.176, 1, 96223, 97871
2026/09/22 23:20:00.176, 2, 96218, 97871
2026/09/22 23:20:00.176, 3, 96212, 97871
2026/09/22 23:20:00.376, 0, 96211, 97871
2026/09/22 23:20:00.376, 1, 96223, 97871
2026/09/22 23:20:00.376, 2, 96218, 97871
2026/09/22 23:20:00.376, 3, 96212, 97871
2026/09/22 23:20:00.576, 0, 96211, 97871
2026/09/22 23:20:00.576, 1, 96223, 97871
2026/09/22 23:20:00.576, 2, 96218, 97871
2026/09/22 23:20:00.576, 3, 96212, 97871
2026/09/22 23:20:00.776, 0, 96211, 97871
2026/09/22 23:20:00.777, 1, 96223, 97871
2026/09/22 23:20:00.777, 2, 96218, 97871
2026/09/22 23:20:00.777, 3, 96212, 97871
2026/09/22 23:20:00.977, 0, 96211, 97871
2026/09/22 23:20:00.977, 1, 96223, 97871
2026/09/22 23:20:00.977, 2, 96218, 97871
2026/09/22 23:20:00.977, 3, 96212, 97871
2026/09/22 23:20:01.177, 0, 96211, 97871
2026/09/22 23:20:01.177, 1, 96223, 97871
2026/09/22 23:20:01.177, 2, 96218, 97871
2026/09/22 23:20:01.177, 3, 96212, 97871
2026/09/22 23:20:01.377, 0, 96211, 97871
2026/09/22 23:20:01.377, 1, 96223, 97871
2026/09/22 23:20:01.377, 2, 96218, 97871
2026/09/22 23:20:01.378, 3, 96212, 97871
2026/09/22 23:20:01.578, 0, 96211, 97871
2026/09/22 23:20:01.578, 1, 96223, 97871
2026/09/22 23:20:01.578, 2, 96218, 97871
2026/09/22 23:20:01.578, 3, 96212, 97871
2026/09/22 23:20:01.778, 0, 96211, 97871
2026/09/22 23:20:01.778, 1, 96223, 97871
2026/09/22 23:20:01.778, 2, 96218, 97871
2026/09/22 23:20:01.778, 3, 96212, 97871
2026/09/22 23:20:01.978, 0, 96211, 97871
2026/09/22 23:20:01.978, 1, 96223, 97871
2026/09/22 23:20:01.979, 2, 96218, 97871
2026/09/22 23:20:01.979, 3, 96212, 97871
2026/09/22 23:20:02.179, 0, 96211, 97871
2026/09/22 23:20:02.179, 1, 96223, 97871
2026/09/22 23:20:02.179, 2, 96218, 97871
2026/09/22 23:20:02.179, 3, 96212, 97871
2026/09/22 23:20:02.379, 0, 96211, 97871
2026/09/22 23:20:02.379, 1, 96223, 97871
2026/09/22 23:20:02.379, 2, 96218, 97871
2026/09/22 23:20:02.379, 3, 96212, 97871
2026/09/22 23:20:02.579, 0, 96211, 97871
2026/09/22 23:20:02.579, 1, 96223, 97871
2026/09/22 23:20:02.579, 2, 96218, 97871
2026/09/22 23:20:02.579, 3, 96212, 97871
2026/09/22 23:20:02.780, 0, 96211, 97871
2026/09/22 23:20:02.780, 1, 96223, 97871
2026/09/22 23:20:02.780, 2, 96218, 97871
2026/09/22 23:20:02.780, 3, 96212, 97871
2026/09/22 23:20:02.980, 0, 96211, 97871
2026/09/22 23:20:02.980, 1, 96223, 97871
2026/09/22 23:20:02.980, 2, 96218, 97871
2026/09/22 23:20:02.980, 3, 96212, 97871
2026/09/22 23:20:03.180, 0, 96211, 97871
2026/09/22 23:20:03.180, 1, 96223, 97871
2026/09/22 23:20:03.180, 2, 96218, 97871
2026/09/22 23:20:03.180, 3, 96212, 97871
2026/09/22 23:20:03.381, 0, 96211, 97871
2026/09/22 23:20:03.381, 1, 96223, 97871
2026/09/22 23:20:03.381, 2, 96218, 97871
2026/09/22 23:20:03.381, 3, 96212, 97871
2026/09/22 23:20:03.581, 0, 96211, 97871
2026/09/22 23:20:03.581, 1, 96223, 97871
2026/09/22 23:20:03.581, 2, 96218, 97871
2026/09/22 23:20:03.581, 3, 96212, 97871
2026/09/22 23:20:03.781, 0, 96211, 97871
2026/09/22 23:20:03.781, 1, 96223, 97871
2026/09/22 23:20:03.781, 2, 96218, 97871
2026/09/22 23:20:03.781, 3, 96212, 97871
2026/09/22 23:20:03.982, 0, 96211, 97871
2026/09/22 23:20:03.982, 1, 96223, 97871
2026/09/22 23:20:03.982, 2, 96218, 97871
2026/09/22 23:20:03.982, 3, 96212, 97871
2026/09/22 23:20:04.182, 0, 96211, 97871
2026/09/22 23:20:04.182, 1, 96223, 97871
2026/09/22 23:20:04.182, 2, 96218, 97871
2026/09/22 23:20:04.182, 3, 96212, 97871
2026/09/22 23:20:04.382, 0, 96211, 97871
2026/09/22 23:20:04.382, 1, 96223, 97871
2026/09/22 23:20:04.382, 2, 96218, 97871
2026/09/22 23:20:04.382, 3, 96212, 97871
2026/09/22 23:20:04.582, 0, 96211, 97871
2026/09/22 23:20:04.582, 1, 96223, 97871
2026/09/22 23:20:04.582, 2, 96218, 97871
2026/09/22 23:20:04.582, 3, 96212, 97871
2026/09/22 23:20:04.782, 0, 96211, 97871
2026/09/22 23:20:04.783, 1, 96223, 97871
2026/09/22 23:20:04.783, 2, 96218, 97871
2026/09/22 23:20:04.783, 3, 96212, 97871
2026/09/22 23:20:04.983, 0, 96211, 97871
2026/09/22 23:20:04.983, 1, 96223, 97871
2026/09/22 23:20:04.983, 2, 96218, 97871
2026/09/22 23:20:04.983, 3, 96212, 97871
2026/09/22 23:20:05.183, 0, 96211, 97871
2026/09/22 23:20:05.183, 1, 96223, 97871
2026/09/22 23:20:05.183, 2, 96218, 97871
2026/09/22 23:20:05.183, 3, 96212, 97871
2026/09/22 23:20:05.383, 0, 96211, 97871
2026/09/22 23:20:05.383, 1, 96223, 97871
2026/09/22 23:20:05.384, 2, 96218, 97871
2026/09/22 23:20:05.384, 3, 96212, 97871
2026/09/22 23:20:05.584, 0, 96211, 97871
2026/09/22 23:20:05.584, 1, 96223, 97871
2026/09/22 23:20:05.584, 2, 96218, 97871
2026/09/22 23:20:05.584, 3, 96212, 97871
2026/09/22 23:20:05.784, 0, 96211, 97871
2026/09/22 23:20:05.784, 1, 96223, 97871
2026/09/22 23:20:05.784, 2, 96218, 97871
2026/09/22 23:20:05.784, 3, 96212, 97871
2026/09/22 23:20:05.985, 0, 96211, 97871
2026/09/22 23:20:05.985, 1, 96223, 97871
2026/09/22 23:20:05.985, 2, 96218, 97871
2026/09/22 23:20:05.985, 3, 96212, 97871
2026/09/22 23:20:06.185, 0, 96211, 97871
2026/09/22 23:20:06.185, 1, 96223, 97871
2026/09/22 23:20:06.185, 2, 96218, 97871
2026/09/22 23:20:06.185, 3, 96212, 97871
2026/09/22 23:20:06.385, 0, 96211, 97871
2026/09/22 23:20:06.385, 1, 96223, 97871
2026/09/22 23:20:06.386, 2, 96218, 97871
2026/09/22 23:20:06.386, 3, 96212, 97871
2026/09/22 23:20:06.586, 0, 96211, 97871
2026/09/22 23:20:06.586, 1, 96223, 97871
2026/09/22 23:20:06.586, 2, 96218, 97871
2026/09/22 23:20:06.586, 3, 96212, 97871
2026/09/22 23:20:06.786, 0, 96211, 97871
2026/09/22 23:20:06.786, 1, 96223, 97871
2026/09/22 23:20:06.786, 2, 96218, 97871
2026/09/22 23:20:06.786, 3, 96212, 97871
2026/09/22 23:20:06.986, 0, 96211, 97871
2026/09/22 23:20:06.986, 1, 96223, 97871
2026/09/22 23:20:06.986, 2, 96218, 97871
2026/09/22 23:20:06.986, 3, 96212, 97871
2026/09/22 23:20:07.187, 0, 96211, 97871
2026/09/22 23:20:07.187, 1, 96223, 97871
2026/09/22 23:20:07.187, 2, 96218, 97871
2026/09/22 23:20:07.187, 3, 96212, 97871
