rank,layer,expert,count,layer_fraction
1,18,25,50395,0.04868442407567701
2,21,233,46488,0.044910040806232225
3,26,162,45683,0.04413236521577841
4,18,53,44375,0.04286876313837022
5,20,56,41925,0.04050192438481513
6,56,66,40032,0.03867317917645604
7,28,193,36849,0.03559822091010263
8,64,34,36740,0.03549292073698528
9,57,153,35163,0.033969449425003094
10,22,87,34640,0.03346420180536664
11,27,184,33637,0.03249524700136021
12,19,42,33526,0.03238801471497465
13,47,240,33395,0.03226146129590701
14,17,155,32965,0.03184605694324224
15,69,60,32841,0.03172626592061333
16,36,3,32470,0.0313678589093607
17,55,246,32017,0.030930235254111538
18,15,59,31788,0.030709008284901695
19,43,101,31690,0.03061433473475949
20,62,172,31524,0.030453969333498206
21,20,89,31413,0.03034673704711265
22,20,25,31169,0.030111019228391246
23,20,195,31003,0.029950653827129962
24,30,131,30705,0.029662768950166934
25,51,100,30266,0.029238670087795227
26,32,8,29832,0.02881940150859404
27,38,6,29628,0.0286223259552368
28,69,104,29367,0.028370185173735626
29,55,130,28847,0.027867835724001484
30,33,221,28661,0.027688149190058117
31,64,203,28659,0.02768621707678991
32,34,114,28618,0.027646608754791642
33,54,116,28532,0.027563527884258688
34,31,224,28440,0.02747465067392111
35,21,37,28225,0.027266948497588723
36,72,53,28174,0.027217679609249413
37,19,108,28099,0.027145225361691602
38,32,130,27853,0.026907575429701992
39,44,222,27580,0.026643841968591566
40,20,78,27521,0.026586844627179425
41,59,227,27505,0.02657138772103376
42,57,30,27356,0.026427445282552243
43,39,66,27029,0.026111544763200198
44,74,31,26901,0.02598788951403487
45,68,166,26814,0.02590384258686781
46,41,77,26782,0.02587292877457648
47,30,228,26778,0.025869064548040065
48,22,186,26727,0.025819795659700755
49,43,68,26571,0.025669090824780513
50,43,149,26290,0.025397628910597256
51,45,76,26047,0.025162877148509954
52,15,154,25650,0.024779352664770618
53,68,98,25396,0.024533974279708173
54,40,191,25251,0.024393896067763078
55,20,148,25091,0.02423932700630642
56,19,69,25008,0.024159144305675777
57,21,95,24765,0.023924392543588476
58,22,221,24762,0.023921494373686163
59,16,55,24685,0.023847108012860146
60,65,32,24671,0.023833583219982687
61,37,117,24649,0.023812329974032397
62,35,34,24591,0.02375629868925436
63,29,60,24591,0.02375629868925436
64,45,152,24576,0.023741807839742796
65,53,174,24548,0.023714758253987882
66,39,168,24509,0.02367708204525782
67,50,209,24330,0.023504157907753183
68,35,83,24323,0.023497395511314457
69,19,57,24074,0.02325684740942253
70,19,178,23993,0.023178596822060096
71,21,78,23872,0.023061703969333498
72,17,84,23843,0.02303368832694448
73,37,66,23787,0.02297958915543465
74,18,158,23766,0.02295930196611846
75,16,27,23567,0.022767056695931744
76,60,4,23498,0.022700398788178557
77,64,221,23473,0.022676247372325955
78,57,54,23407,0.022612487634475084
79,19,182,23403,0.022608623407938667
80,21,55,23213,0.022425072647458886
81,26,45,23196,0.022408649684679115
82,17,22,23186,0.022398989118338073
83,67,4,23142,0.022356482626437493
84,58,204,23132,0.02234682206009645
85,40,120,23039,0.022256978793124767
86,52,109,22974,0.022194185111908002
87,70,94,22878,0.022101443675034006
88,55,35,22793,0.022019328861135154
89,36,229,22779,0.0220058040682577
90,58,24,22755,0.021982618709039198
91,69,100,22637,0.021868624026214912
92,55,161,22577,0.021810660628168665
93,64,17,22554,0.02178844132558427
94,21,26,22527,0.02176235779646346
95,60,36,22482,0.021718885247928775
96,70,71,22468,0.021705360455051316
97,56,153,22465,0.021702462285149004
98,61,54,22361,0.021601992395202177
99,66,117,22351,0.021592331828861135
100,58,104,22301,0.02154402899715593
101,33,223,22120,0.021369172746383083
102,64,149,22108,0.021357580066773834
103,64,228,21955,0.021209773401755904
104,41,25,21803,0.02106293279337208
105,39,174,21794,0.021054238283665143
106,44,22,21767,0.02102815475454433
107,55,225,21718,0.020980817979473227
108,76,236,21703,0.020966327129961666
109,77,169,21673,0.020937345430938545
110,18,230,21570,0.02083784159762582
111,69,16,21552,0.020820452578211947
112,21,216,21515,0.020784708482750092
113,42,122,21474,0.020745100160751824
114,25,106,21430,0.020702593668851244
115,45,141,21404,0.020677476196364536
116,22,12,21274,0.020551888833931
117,38,83,21245,0.02052387319154198
118,48,195,21242,0.02052097502163967
119,63,107,21195,0.020475570359836773
120,33,145,21107,0.020390557376035612
121,70,240,21095,0.020378964696426364
122,32,112,21070,0.02035481328057376
123,56,138,21054,0.020339356374428096
124,69,15,21033,0.020319069185111907
125,46,136,21023,0.020309408618770865
126,66,156,20987,0.02027463057994312
127,61,133,20976,0.020264003956967973
128,35,221,20945,0.020234056201310746
129,30,7,20693,0.01999060992951651
130,74,128,20653,0.019951967664152342
131,51,194,20612,0.019912359342154073
132,50,136,20550,0.01985246383083962
133,24,162,20520,0.019823482131816495
134,56,89,20517,0.019820583961914183
135,58,178,20514,0.01981768579201187
136,68,6,20492,0.01979643254606158
137,49,40,20389,0.019696928712748855
138,39,42,20388,0.019695962656114754
139,22,252,20335,0.019644761654507233
140,62,171,20305,0.019615779955484112
141,17,82,20250,0.019562646840608384
142,65,255,20213,0.01952690274514653
143,52,2,20085,0.019403247495981206
144,42,68,19882,0.019207137999258068
145,19,168,19869,0.019194579263014714
146,19,201,19770,0.019098939656238406
147,48,158,19763,0.01909217725979968
148,42,179,19757,0.019086380919995052
149,70,34,19749,0.01907865246692222
150,45,70,19706,0.019037112031655742
151,75,169,19642,0.01897528440707308
152,41,248,19584,0.018919253122295043
153,26,12,19568,0.018903796216149377
154,65,107,19548,0.018884475083467293
155,16,21,19537,0.018873848460492147
156,61,212,19528,0.01886515395078521
157,48,76,19492,0.018830375911957464
158,74,32,19469,0.01880815660937307
159,15,236,19432,0.018772412513911214
160,15,19,19392,0.01873377024854705
161,67,241,19368,0.01871058488932855
162,52,234,19340,0.018683535303573636
163,29,136,19336,0.01867967107703722
164,59,25,19312,0.01865648571781872
165,73,19,19303,0.018647791208111785
166,58,90,19229,0.01857630301718808
167,45,189,19213,0.018560846111042414
168,11,205,19163,0.01851254327933721
169,70,192,19143,0.018493222146655126
170,69,129,19110,0.01846134227772969
171,53,164,18970,0.018326094348955112
172,67,93,18952,0.01830870532954124
173,43,120,18859,0.018218862062569556
174,37,28,18858,0.01821789600593545
175,67,45,18843,0.01820340515642389
176,54,33,18670,0.018036277358723877
177,57,38,18634,0.01800149931989613
178,55,251,18612,0.017980246073945837
179,73,80,18594,0.017962857054531964
180,38,182,18558,0.017928079015704215
181,10,217,18530,0.0179010294299493
182,20,22,18520,0.01789136886360826
183,17,61,18516,0.017887504637071845
184,16,254,18516,0.017887504637071845
185,58,106,18490,0.017862387164585138
186,36,104,18438,0.017812152219611722
187,16,137,18380,0.017756120934833683
188,12,207,18322,0.017700089650055643
189,68,59,18285,0.017664345554593792
190,73,25,18250,0.01763053357240015
191,65,221,18215,0.017596721590206504
192,66,118,18201,0.017583196797329045
193,33,28,18169,0.017552282985037714
194,36,159,18149,0.017532961852355634
195,20,49,18145,0.017529097625819216
196,53,97,18115,0.01750011592679609
197,45,49,18114,0.01749914987016199
198,65,31,18072,0.017458575491529616
199,68,219,18026,0.017414136886360825
200,58,89,18001,0.017389985470508223
201,65,7,17993,0.01738225701743539
202,19,53,17990,0.01737935884753308
203,9,213,17934,0.017325259676023247
204,62,77,17924,0.017315599109682205
205,15,12,17906,0.017298210090268332
206,72,144,17847,0.017241212748856188
207,62,180,17831,0.017225755842710522
208,57,42,17828,0.01722285767280821
209,68,56,17822,0.017217061333003585
210,59,12,17801,0.0171967741436874
211,71,235,17798,0.017193875973785088
212,33,149,17704,0.0171030666501793
213,54,19,17699,0.01709823636700878
214,41,155,17661,0.017061526214912824
215,34,113,17638,0.01703930691232843
216,20,47,17630,0.017031578459255594
217,77,251,17594,0.016996800420427848
218,45,202,17526,0.016931108569308767
219,32,171,17494,0.016900194757017435
220,18,76,17472,0.016878941511067145
221,22,20,17456,0.01686348460492148
222,54,235,17408,0.01681711388648448
223,60,34,17390,0.01679972486707061
224,66,27,17381,0.01679103035736367
225,69,59,17375,0.016785234017559044
226,56,21,17373,0.016783301904290837
227,36,23,17342,0.01675335414863361
228,32,58,17333,0.016744659638926674
229,34,16,17325,0.01673693118585384
230,19,249,17302,0.016714711883269444
231,55,179,17299,0.01671181371336713
232,62,146,17291,0.0167040852602943
233,40,79,17282,0.016695390750587364
234,59,29,17278,0.016691526524050947
235,20,227,17210,0.016625834672931866
236,31,137,17200,0.016616174106590824
237,18,96,17192,0.016608445653517993
238,31,131,17164,0.016581396067763078
239,76,207,17151,0.016568837331519724
240,70,184,17149,0.016566905218251514
241,42,5,17140,0.016558210708544577
242,49,218,17133,0.016551448312105848
243,39,177,17130,0.016548550142203536
244,67,105,17122,0.016540821689130705
245,75,191,17120,0.016538889575862494
246,21,14,17081,0.016501213367132436
247,32,1,16957,0.016381422344503523
248,36,203,16945,0.016369829664894274
249,61,79,16840,0.016268393718313342
250,37,91,16828,0.016256801038704093
251,21,135,16827,0.016255834982069988
252,66,9,16802,0.016231683566217386
253,56,244,16770,0.016200769753926054
254,50,251,16764,0.01619497341412143
255,44,212,16745,0.01617661833807345
256,28,34,16717,0.016149568752318537
257,28,142,16715,0.016147636639050326
258,63,69,16663,0.016097401694076915
259,19,100,16646,0.016080978731297144
260,30,255,16634,0.016069386051687895
261,60,172,16606,0.01604233646593298
262,12,94,16573,0.016010456597007543
263,60,30,16555,0.01599306757759367
264,69,231,16552,0.015990169407691355
265,44,137,16496,0.015936070236181526
266,17,96,16489,0.015929307839742796
267,29,83,16456,0.015897427970817363
268,59,98,16441,0.0158829371213058
269,45,84,16428,0.015870378385062445
270,32,235,16407,0.01585009119574626
271,53,255,16402,0.01584526091257574
272,46,208,16290,0.01573706256955608
273,33,20,16230,0.01567909917150983
274,20,201,16205,0.015654947755657227
275,67,61,16148,0.015599882527513292
276,59,157,16102,0.015555443922344503
277,39,175,16101,0.0155544778657104
278,21,46,16100,0.015553511809076295
279,64,142,16095,0.015548681525905775
280,71,220,16073,0.015527428279955484
281,58,205,16068,0.015522597996784963
282,13,57,16065,0.01551969982688265
283,22,104,16058,0.015512937430443923
284,29,22,16038,0.01549361629776184
285,38,106,16029,0.015484921788054903
286,53,26,16023,0.015479125448250279
287,63,119,16013,0.015469464881909237
288,60,200,16013,0.015469464881909237
289,59,65,16001,0.015457872202299988
290,59,187,15968,0.015425992333374551
291,53,194,15958,0.01541633176703351
292,26,88,15955,0.015413433597131198
293,60,190,15948,0.01540667120069247
294,59,37,15939,0.015397976690985532
295,52,57,15933,0.015392180351180907
296,26,165,15917,0.015376723445035241
297,70,14,15911,0.015370927105230617
298,54,27,15900,0.015360300482255472
299,67,245,15891,0.015351605972548534
300,51,219,15885,0.01534580963274391
301,72,54,15878,0.015339047236305182
302,34,182,15830,0.015292676517868184
303,47,88,15809,0.015272389328551997
304,19,239,15800,0.01526369481884506
305,61,53,15776,0.015240509459626562
306,61,135,15768,0.015232781006553729
307,72,25,15755,0.015220222270310375
308,63,105,15747,0.015212493817237542
309,18,33,15711,0.015177715778409793
310,44,11,15704,0.015170953381971065
311,63,30,15659,0.01512748083343638
312,55,149,15647,0.01511588815382713
313,39,104,15643,0.015112023927290713
314,71,251,15629,0.015098499134413256
315,68,180,15629,0.015098499134413256
316,39,125,15604,0.015074347718560652
317,61,139,15602,0.015072415605292445
318,60,211,15562,0.01503377333992828
319,53,222,15561,0.015032807283294175
320,47,200,15555,0.01502701094348955
321,51,136,15542,0.015014452207246197
322,60,151,15541,0.015013486150612093
323,70,127,15535,0.01500768981080747
324,63,40,15533,0.01500575769753926
325,18,94,15481,0.014955522752565847
326,50,163,15478,0.014952624582663535
327,76,161,15477,0.01495165852602943
328,50,146,15474,0.014948760356127118
329,76,82,15471,0.014945862186224805
330,65,144,15464,0.014939099789786076
331,67,208,15429,0.014905287807592432
332,62,83,15414,0.014890796958080871
333,70,173,15412,0.014888864844812662
334,74,223,15356,0.014834765673302832
335,42,219,15345,0.014824139050327687
336,68,177,15320,0.014799987634475084
337,71,231,15311,0.014791293124768146
338,61,219,15292,0.014772938048720168
339,40,196,15291,0.014771971992086064
340,10,84,15283,0.014764243539013231
341,70,185,15278,0.01475941325584271
342,37,100,15276,0.014757481142574502
343,77,219,15273,0.01475458297267219
344,68,55,15260,0.014742024236428836
345,30,80,15253,0.014735261839990108
346,30,32,15234,0.01471690676394213
347,45,234,15215,0.01469855168789415
348,9,0,15212,0.014695653517991838
349,49,51,15209,0.014692755348089526
350,67,78,15188,0.01467246815877334
351,20,207,15174,0.014658943365895882
352,15,156,15169,0.014654113082725361
353,51,117,15153,0.014638656176579695
354,53,181,15152,0.014637690119945592
355,38,217,15141,0.014627063496970447
356,61,72,15132,0.01461836898726351
357,65,63,15121,0.014607742364288363
358,36,72,15102,0.014589387288240385
359,35,189,15089,0.014576828551997031
360,57,13,15084,0.014571998268826512
361,59,45,15022,0.014512102757512057
362,35,19,15021,0.014511136700877952
363,74,101,14998,0.014488917398293558
364,50,55,14992,0.014483121058488932
365,45,20,14985,0.014476358662050205
366,27,51,14972,0.01446379992580685
367,70,82,14959,0.014451241189563497
368,12,196,14945,0.01443771639668604
369,48,179,14926,0.014419361320638062
370,51,47,14920,0.014413564980833436
371,8,7,14910,0.014403904414492396
372,14,204,14887,0.014381685111908
373,36,52,14877,0.014372024545566959
374,28,195,14859,0.014354635526153086
375,14,172,14850,0.014345941016446147
376,77,163,14771,0.014269622542351923
377,72,14,14762,0.014260928032644987
378,37,11,14733,0.014232912390255967
379,19,219,14729,0.01422904816371955
380,77,3,14724,0.014224217880549029
381,50,197,14716,0.014216489427476196
382,29,64,14678,0.01417977927538024
383,62,142,14670,0.014172050822307406
384,54,233,14655,0.014157559972795846
385,21,47,14654,0.01415659391616174
386,16,80,14648,0.014150797576357116
387,38,185,14628,0.014131476443675035
388,30,180,14626,0.014129544330406826
389,66,204,14622,0.014125680103870409
390,64,252,14586,0.014090902065042661
391,66,184,14581,0.01408607178187214
392,47,206,14568,0.014073513045628787
393,63,144,14556,0.014061920366019538
394,52,19,14539,0.014045497403239767
395,66,5,14538,0.014044531346605663
396,51,248,14538,0.014044531346605663
397,22,162,14536,0.014042599233337455
398,38,82,14532,0.014038735006801039
399,73,171,14527,0.014033904723630518
400,65,189,14521,0.014028108383825894
401,58,155,14497,0.014004923024607395
402,56,149,14495,0.014002990911339186
403,43,216,14489,0.013997194571534562
404,41,133,14455,0.013964348645975021
405,55,148,14427,0.013937299060220107
406,69,220,14422,0.013932468777049586
407,60,66,14415,0.013925706380610857
408,51,98,14404,0.013915079757635711
409,72,254,14389,0.01390058890812415
410,33,54,14386,0.013897690738221837
411,31,74,14385,0.013896724681587733
412,72,30,14330,0.013843591566712008
413,68,229,14318,0.013831998887102757
414,16,54,14300,0.013814609867688883
415,41,160,14299,0.01381364381105478
416,37,190,14291,0.013805915357981946
417,29,140,14288,0.013803017188079634
418,47,20,14258,0.013774035489056511
419,35,100,14255,0.013771137319154199
420,41,84,14254,0.013770171262520094
421,23,216,14232,0.013748918016569803
422,36,17,14227,0.013744087733399283
423,27,87,14223,0.013740223506862867
424,33,52,14199,0.013717038147644368
425,71,195,14186,0.013704479411401014
426,56,155,14185,0.013703513354766909
427,48,62,14158,0.013677429825646098
428,37,183,14155,0.013674531655743786
429,59,151,14135,0.013655210523061704
430,60,253,14126,0.013646516013354766
431,25,52,14123,0.013643617843452454
432,23,61,14092,0.013613670087795227
433,17,59,14092,0.013613670087795227
434,68,141,14072,0.013594348955113144
435,52,105,14059,0.01358179021886979
436,63,0,14052,0.013575027822431062
437,54,11,14049,0.01357212965252875
438,46,213,14035,0.013558604859651293
439,58,158,14027,0.01355087640657846
440,19,227,13993,0.01351803048101892
441,65,130,13992,0.013517064424384816
442,63,184,13992,0.013517064424384816
443,35,158,13969,0.01349484512180042
444,32,249,13967,0.013492913008532212
445,55,48,13958,0.013484218498825275
446,45,134,13953,0.013479388215654755
447,24,102,13944,0.013470693705947818
448,66,139,13927,0.013454270743168047
449,17,31,13925,0.01345233862989984
450,58,140,13903,0.013431085383949548
451,38,165,13888,0.013416594534437987
452,33,62,13887,0.013415628477803882
453,54,193,13878,0.013406933968096946
454,32,150,13868,0.013397273401755904
455,60,32,13867,0.0133963073451218
456,53,43,13860,0.013389544948683071
457,62,108,13858,0.013387612835414864
458,54,174,13857,0.013386646778780759
459,63,77,13855,0.01338471466551255
460,10,148,13855,0.01338471466551255
461,47,207,13837,0.013367325646098677
462,54,130,13818,0.0133489705700507
463,41,4,13813,0.013344140286880178
464,60,153,13801,0.013332547607270928
465,70,80,13766,0.013298735625077284
466,40,250,13732,0.013265889699517745
467,52,132,13727,0.013261059416347224
468,62,24,13710,0.013244636453567453
469,38,120,13707,0.013241738283665141
470,50,121,13702,0.01323690800049462
471,27,34,13653,0.013189571225423519
472,25,175,13648,0.013184740942252998
473,76,40,13614,0.01315189501669346
474,39,158,13604,0.013142234450352418
475,71,46,13577,0.013116150921231607
476,54,223,13569,0.013108422468158774
477,17,143,13539,0.01307944076913565
478,70,175,13523,0.013063983862989985
479,33,105,13517,0.013058187523185358
480,14,37,13515,0.013056255409917152
481,37,84,13512,0.01305335724001484
482,23,158,13493,0.01303500216396686
483,56,98,13489,0.013031137937430444
484,31,198,13473,0.013015681031284778
485,71,201,13464,0.013006986521577842
486,57,205,13450,0.012993461728700383
487,61,184,13441,0.012984767218993446
488,50,53,13432,0.01297607270928651
489,63,21,13386,0.01293163410411772
490,56,231,13369,0.01291521114133795
491,67,220,13368,0.012914245084703846
492,30,83,13363,0.012909414801533325
493,55,83,13344,0.012891059725485347
494,44,235,13333,0.012880433102510202
495,15,127,13320,0.012867874366266848
496,67,180,13317,0.012864976196364536
497,48,156,13310,0.012858213799925806
498,60,170,13307,0.012855315630023494
499,56,202,13295,0.012843722950414246
500,70,25,13287,0.012835994497341413
501,49,83,13281,0.012830198157536787
502,30,59,13270,0.012819571534561642
503,38,126,13257,0.012807012798318288
504,64,138,13250,0.01280025040187956
505,47,178,13241,0.012791555892172624
506,45,129,13236,0.012786725609002103
507,66,226,13234,0.012784793495733894
508,65,215,13229,0.012779963212563373
509,64,146,13227,0.012778031099295165
510,50,36,13211,0.012762574193149499
511,28,48,13207,0.012758709966613083
512,15,91,13158,0.012711373191541982
513,20,149,13154,0.012707508965005564
514,67,185,13146,0.012699780511932731
515,41,167,13140,0.012693984172128107
516,53,13,13134,0.012688187832323483
517,61,144,13125,0.012679493322616545
518,44,191,13113,0.012667900643007296
519,50,203,13099,0.012654375850129839
520,25,158,13083,0.012638918943984173
521,61,61,13073,0.012629258377643131
522,63,166,13071,0.012627326264374922
523,25,150,13063,0.01261959781130209
524,56,152,13060,0.012616699641399777
525,49,61,13060,0.012616699641399777
526,37,76,13040,0.012597378508717696
527,49,162,13029,0.012586751885742549
528,60,163,13000,0.012558736243353531
529,57,166,12996,0.012554872016817114
530,66,148,12984,0.012543279337207865
531,15,68,12982,0.012541347223939656
532,61,183,12959,0.012519127921355261
533,56,5,12953,0.012513331581550637
534,35,156,12929,0.012490146222332138
535,69,31,12921,0.012482417769259305
536,23,141,12920,0.012481451712625201
537,47,255,12915,0.01247662142945468
538,64,232,12885,0.012447639730431557
539,20,175,12877,0.012439911277358724
540,29,17,12871,0.0124341149375541
541,34,40,12863,0.012426386484481267
542,65,48,12856,0.012419624088042537
543,57,221,12854,0.012417691974774329
544,71,193,12851,0.012414793804872017
545,67,103,12840,0.012404167181896871
546,28,103,12840,0.012404167181896871
547,62,85,12838,0.012402235068628663
548,48,52,12832,0.012396438728824039
549,17,90,12821,0.012385812105848893
550,63,104,12761,0.012327848707802647
551,49,246,12759,0.012325916594534438
552,33,116,12755,0.012322052367998021
553,48,104,12751,0.012318188141461605
554,47,149,12750,0.0123172220848275
555,36,36,12727,0.012295002782243106
556,49,82,12710,0.012278579819463337
557,60,113,12709,0.012277613762829232
558,29,16,12707,0.012275681649561023
559,13,85,12704,0.012272783479658711
560,21,197,12703,0.012271817423024607
561,59,255,12693,0.012262156856683566
562,41,234,12689,0.01225829263014715
563,71,92,12678,0.012247666007172005
564,70,223,12671,0.012240903610733276
565,71,228,12669,0.012238971497465067
566,77,33,12666,0.012236073327562755
567,54,7,12665,0.012235107270928651
568,61,3,12663,0.012233175157660443
569,45,173,12662,0.01223220910102634
570,11,95,12658,0.012228344874489922
571,72,116,12656,0.012226412761221713
572,66,166,12649,0.012219650364782985
573,74,163,12644,0.012214820081612465
574,23,72,12633,0.01220419345863732
575,57,46,12632,0.012203227402003214
576,46,171,12626,0.01219743106219859
577,71,39,12624,0.012195498948930381
578,18,223,12621,0.012192600779028069
579,51,249,12614,0.012185838382589341
580,22,200,12596,0.012168449363175467
581,25,252,12586,0.012158788796834425
582,62,48,12585,0.012157822740200322
583,30,220,12583,0.012155890626932113
584,23,33,12582,0.01215492457029801
585,55,160,12536,0.01211048596512922
586,16,166,12532,0.012106621738592803
587,68,149,12519,0.01209406300234945
588,33,242,12517,0.012092130889081242
589,77,135,12512,0.012087300605910721
590,64,191,12497,0.012072809756399159
591,49,235,12489,0.012065081303326326
592,59,107,12486,0.012062183133424014
593,67,144,12484,0.012060251020155805
594,47,73,12477,0.012053488623717077
595,14,77,12474,0.012050590453814765
596,62,184,12464,0.012040929887473724
597,53,151,12451,0.01202837115123037
598,36,211,12434,0.0120119481884506
599,55,88,12427,0.01200518579201187
600,28,87,12404,0.011982966489427475
601,72,7,12402,0.011981034376159268
602,34,24,12393,0.01197233986645233
603,40,111,12385,0.011964611413379497
604,77,255,12364,0.011944324224063312
605,39,184,12358,0.011938527884258686
606,15,171,12345,0.011925969148015332
607,33,220,12340,0.011921138864844813
608,28,40,12335,0.011916308581674293
609,47,167,12334,0.011915342525040187
610,37,12,12330,0.011911478298503772
611,52,171,12329,0.011910512241869668
612,77,29,12327,0.01190858012860146
613,53,53,12319,0.011900851675528627
614,67,63,12302,0.011884428712748855
615,62,68,12301,0.011883462656114752
616,48,49,12300,0.011882496599480648
617,26,44,12297,0.011879598429578336
618,76,192,12294,0.011876700259676022
619,31,110,12262,0.011845786447384692
620,51,208,12254,0.01183805799431186
621,54,215,12248,0.011832261654507233
622,52,58,12247,0.01183129559787313
623,31,62,12246,0.011830329541239026
624,72,27,12225,0.01181004235192284
625,77,89,12224,0.011809076295288734
626,17,134,12222,0.011807144182020527
627,19,132,12214,0.011799415728947694
628,15,70,12199,0.011784924879436132
629,34,77,12195,0.011781060652899716
630,51,23,12190,0.011776230369729196
631,42,80,12175,0.011761739520217633
632,27,6,12154,0.011741452330901446
633,25,221,12153,0.011740486274267343
634,56,19,12151,0.011738554160999134
635,71,47,12144,0.011731791764560406
636,50,59,12134,0.011722131198219365
637,57,112,12120,0.011708606405341907
638,53,238,12096,0.011685421046123409
639,31,228,12094,0.0116834889328552
640,30,14,12094,0.0116834889328552
641,11,149,12086,0.011675760479782367
642,35,130,12072,0.01166223568690491
643,29,68,12069,0.011659337517002598
644,71,132,12068,0.011658371460368492
645,60,230,12066,0.011656439347100284
646,53,201,12062,0.011652575120563868
647,19,246,12030,0.011621661308272536
648,30,56,12026,0.01161779708173612
649,11,100,12026,0.01161779708173612
650,11,54,12012,0.011604272288858661
651,32,233,12011,0.011603306232224558
652,58,107,12009,0.01160137411895635
653,26,167,11974,0.011567562136762705
654,52,12,11965,0.011558867627055769
655,68,157,11964,0.011557901570421664
656,23,160,11955,0.011549207060714727
657,35,70,11953,0.011547274947446519
658,56,46,11940,0.011534716211203165
659,20,38,11939,0.011533750154569061
660,52,226,11931,0.011526021701496228
661,54,234,11927,0.011522157474959813
662,67,154,11926,0.011521191418325707
663,63,148,11916,0.011511530851984668
664,77,105,11895,0.01149124366266848
665,58,132,11888,0.011484481266229751
666,69,197,11884,0.011480617039693336
667,44,14,11873,0.011469990416718189
668,37,201,11868,0.01146516013354767
669,10,27,11846,0.011443906887597378
670,44,244,11845,0.011442940830963274
671,62,61,11830,0.011428449981451712
672,59,86,11827,0.0114255518115494
673,6,195,11809,0.011408162792135527
674,44,255,11807,0.011406230678867318
675,32,224,11806,0.011405264622233215
676,44,35,11799,0.011398502225794485
677,69,255,11791,0.011390773772721652
678,53,233,11778,0.011378215036478298
679,14,132,11773,0.011373384753307778
680,68,217,11768,0.011368554470137257
681,74,4,11766,0.01136662235686905
682,62,211,11766,0.01136662235686905
683,35,86,11762,0.011362758130332632
684,34,203,11760,0.011360826017064424
685,12,137,11760,0.011360826017064424
686,53,227,11755,0.011355995733893905
687,58,49,11751,0.011352131507357487
688,70,84,11744,0.011345369110918758
689,32,213,11743,0.011344403054284654
690,71,7,11742,0.01134343699765055
691,39,110,11742,0.01134343699765055
692,42,50,11735,0.011336674601211821
693,67,20,11733,0.011334742487943613
694,4,202,11716,0.011318319525163843
695,58,38,11712,0.011314455298627426
696,65,53,11708,0.01131059107209101
697,38,31,11708,0.01131059107209101
698,32,252,11690,0.011293202052677136
699,75,11,11681,0.0112845075429702
700,66,220,11673,0.011276779089897366
701,49,191,11669,0.011272914863360949
702,63,80,11667,0.011270982750092742
703,34,126,11664,0.01126808458019043
704,45,196,11660,0.011264220353654012
705,76,141,11659,0.011263254297019909
706,15,32,11657,0.0112613221837517
707,27,65,11652,0.01125649190058118
708,13,200,11640,0.011244899220971931
709,66,1,11635,0.01124006893780141
710,55,171,11631,0.011236204711264993
711,3,78,11631,0.011236204711264993
712,71,107,11630,0.01123523865463089
713,60,226,11624,0.011229442314826265
714,67,201,11623,0.01122847625819216
715,42,182,11603,0.011209155125510078
716,37,95,11602,0.011208189068875973
717,34,130,11573,0.011180173426486955
718,10,164,11573,0.011180173426486955
719,37,41,11566,0.011173411030048225
720,36,146,11562,0.01116954680351181
721,65,17,11559,0.011166648633609496
722,20,91,11543,0.01115119172746383
723,57,86,11537,0.011145395387659206
724,72,3,11531,0.011139599047854581
725,41,183,11524,0.011132836651415852
726,34,239,11523,0.011131870594781748
727,18,143,11517,0.011126074254977124
728,49,133,11516,0.011125108198343019
729,64,105,11501,0.011110617348831458
730,24,161,11501,0.011110617348831458
731,41,164,11500,0.011109651292197353
732,52,76,11495,0.011104821009026834
733,62,92,11482,0.01109226227278348
734,52,30,11478,0.011088398046247063
735,69,165,11470,0.01108066959317423
736,61,16,11465,0.011075839310003709
737,28,81,11462,0.011072941140101397
738,53,101,11460,0.01107100902683319
739,27,16,11450,0.011061348460492148
740,71,252,11441,0.01105265395078521
741,40,18,11441,0.01105265395078521
742,59,89,11440,0.011051687894151107
743,47,77,11435,0.011046857610980586
744,54,189,11434,0.011045891554346482
745,52,122,11432,0.011043959441078274
746,10,249,11431,0.01104299338444417
747,52,204,11422,0.011034298874737232
748,29,150,11419,0.01103140070483492
749,77,233,11415,0.011027536478298504
750,20,41,11415,0.011027536478298504
751,58,137,11401,0.011014011685421047
752,36,132,11401,0.011014011685421047
753,35,32,11399,0.011012079572152838
754,12,184,11397,0.01101014745888463
755,75,197,11389,0.011002419005811797
756,59,127,11383,0.010996622666007172
757,73,188,11380,0.01099372449610486
758,54,45,11369,0.010983097873129715
759,27,38,11368,0.01098213181649561
760,51,137,11361,0.010975369420056882
761,65,150,11358,0.010972471250154568
762,41,27,11358,0.010972471250154568
763,49,43,11353,0.010967640966984049
764,41,99,11348,0.010962810683813528
765,32,73,11342,0.010957014344008904
766,75,25,11332,0.010947353777667862
767,32,104,11332,0.010947353777667862
768,57,59,11330,0.010945421664399654
769,30,117,11327,0.010942523494497342
770,50,113,11326,0.010941557437863238
771,16,25,11317,0.0109328629281563
772,54,220,11313,0.010928998701619884
773,35,241,11312,0.010928032644985779
774,75,46,11293,0.010909677568937801
775,52,84,11290,0.010906779399035489
776,60,231,11286,0.010902915172499073
777,40,198,11283,0.010900017002596761
778,71,135,11282,0.010899050945962656
779,46,238,11282,0.010899050945962656
780,53,17,11280,0.010897118832694447
781,53,154,11269,0.010886492209719302
782,66,167,11268,0.010885526153085199
783,52,247,11264,0.010881661926548781
784,28,223,11257,0.010874899530110053
785,46,194,11240,0.010858476567330284
786,32,221,11237,0.01085557839742797
787,43,74,11236,0.010854612340793867
788,52,80,11235,0.010853646284159763
789,60,31,11230,0.010848816000989242
790,68,101,11229,0.010847849944355137
791,76,109,11226,0.010844951774452825
792,48,70,11215,0.01083432515147768
793,64,152,11204,0.010823698528502535
794,72,135,11203,0.010822732471868431
795,33,157,11188,0.010808241622356869
796,35,181,11187,0.010807275565722765
797,33,64,11183,0.010803411339186348
798,61,71,11182,0.010802445282552245
799,59,124,11182,0.010802445282552245
800,24,209,11179,0.010799547112649932
801,43,180,11174,0.010794716829479412
802,16,206,11144,0.010765735130456288
803,12,208,11142,0.01076380301718808
804,67,205,11141,0.010762836960553976
805,76,202,11133,0.010755108507481143
806,24,108,11131,0.010753176394212935
807,35,131,11127,0.010749312167676517
808,76,186,11124,0.010746413997774205
809,48,13,11101,0.010724194695189811
810,12,132,11094,0.010717432298751082
811,22,29,11083,0.010706805675775937
812,27,166,11080,0.010703907505873625
813,19,62,11074,0.010698111166069
814,73,195,11072,0.010696179052800792
815,32,228,11069,0.01069328088289848
816,40,46,11067,0.01069134876963027
817,55,53,11055,0.010679756090021022
818,57,1,11053,0.010677823976752814
819,16,148,11051,0.010675891863484605
820,54,3,11050,0.010674925806850501
821,74,144,11033,0.01065850284407073
822,43,35,11028,0.01065367256090021
823,77,222,11024,0.010649808334363794
824,58,45,11017,0.010643045937925064
825,41,78,11011,0.01063724959812044
826,39,103,11011,0.01063724959812044
827,17,67,11011,0.01063724959812044
828,69,29,11008,0.010634351428218128
829,14,136,11002,0.010628555088413504
830,72,226,11001,0.010627589031779398
831,46,52,10991,0.010617928465438358
832,28,116,10990,0.010616962408804253
833,43,128,10974,0.010601505502658587
834,77,79,10965,0.01059281099295165
835,68,200,10958,0.010586048596512921
836,57,223,10955,0.01058315042661061
837,51,229,10950,0.010578320143440088
838,27,181,10949,0.010577354086805985
839,61,175,10942,0.010570591690367255
840,36,148,10936,0.010564795350562631
841,8,198,10930,0.010558999010758007
842,74,161,10929,0.010558032954123903
843,46,138,10920,0.010549338444416965
844,17,138,10911,0.010540643934710029
845,62,204,10910,0.010539677878075924
846,18,27,10895,0.010525187028564363
847,40,226,10892,0.01052228885866205
848,51,231,10888,0.010518424632125633
849,14,222,10885,0.010515526462223321
850,44,250,10883,0.010513594348955112
851,22,244,10880,0.0105106961790528
852,26,69,10879,0.010509730122418697
853,45,114,10871,0.010502001669345864
854,46,2,10870,0.01050103561271176
855,44,126,10869,0.010500069556077655
856,29,242,10868,0.010499103499443552
857,53,245,10856,0.010487510819834301
858,38,34,10850,0.010481714480029677
859,44,119,10848,0.010479782366761468
860,69,138,10845,0.010476884196859156
861,64,231,10843,0.010474952083590948
862,34,254,10826,0.010458529120811178
863,22,193,10822,0.010454664894274763
864,73,173,10817,0.010449834611104242
865,51,173,10810,0.010443072214665512
866,18,175,10805,0.010438241931494991
867,11,244,10798,0.010431479535056264
868,35,163,10797,0.010430513478422158
869,70,88,10794,0.010427615308519846
870,62,14,10794,0.010427615308519846
871,66,16,10789,0.010422785025349325
872,30,3,10787,0.010420852912081119
873,47,183,10783,0.010416988685544701
874,9,243,10783,0.010416988685544701
875,18,237,10780,0.010414090515642389
876,43,83,10777,0.010411192345740077
877,59,202,10770,0.010404429949301347
878,51,148,10766,0.010400565722764932
879,76,150,10763,0.01039766755286262
880,66,72,10762,0.010396701496228514
881,46,58,10762,0.010396701496228514
882,61,117,10755,0.010389939099789787
883,24,70,10747,0.010382210646716954
884,43,91,10746,0.010381244590082848
885,40,106,10745,0.010380278533448745
886,40,129,10743,0.010378346420180536
887,51,63,10741,0.010376414306912328
888,38,93,10738,0.010373516137010015
889,72,244,10727,0.01036288951403487
890,23,155,10709,0.010345500494620997
891,43,196,10706,0.010342602324718684
892,29,45,10706,0.010342602324718684
893,18,141,10703,0.010339704154816371
894,33,88,10702,0.010338738098182268
895,40,97,10698,0.01033487387164585
896,11,73,10697,0.010333907815011747
897,40,83,10688,0.01032521330530481
898,37,246,10687,0.010324247248670705
899,24,23,10687,0.010324247248670705
900,16,191,10681,0.010318450908866081
901,49,116,10675,0.010312654569061457
902,42,222,10672,0.010309756399159145
903,18,190,10672,0.010309756399159145
904,76,60,10669,0.010306858229256833
905,25,218,10667,0.010304926115988624
906,55,237,10663,0.010301061889452207
907,55,93,10655,0.010293333436379374
908,48,4,10650,0.010288503153208855
909,48,30,10648,0.010286571039940646
910,46,85,10643,0.010281740756770125
911,72,155,10642,0.010280774700136022
912,44,20,10629,0.010268215963892668
913,75,166,10619,0.010258555397551626
914,10,23,10617,0.010256623284283417
915,14,188,10614,0.010253725114381105
916,71,29,10611,0.010250826944478793
917,77,168,10604,0.010244064548040064
918,31,73,10602,0.010242132434771857
919,12,212,10595,0.010235370038333127
920,32,20,10594,0.010234403981699024
921,17,37,10594,0.010234403981699024
922,77,20,10591,0.010231505811796712
923,47,139,10590,0.010230539755162606
924,66,89,10562,0.010203490169407692
925,72,123,10560,0.010201558056139483
926,39,201,10553,0.010194795659700754
927,57,146,10548,0.010189965376530235
928,50,214,10541,0.010183202980091505
929,64,175,10540,0.010182236923457402
930,42,17,10533,0.010175474527018672
931,36,142,10533,0.010175474527018672
932,67,247,10530,0.01017257635711636
933,75,53,10523,0.01016581396067763
934,68,212,10523,0.01016581396067763
935,14,51,10520,0.010162915790775318
936,42,185,10519,0.010161949734141215
937,40,42,10514,0.010157119450970694
938,60,7,10513,0.010156153394336589
939,71,43,10511,0.010154221281068382
940,75,81,10509,0.010152289167800173
941,44,179,10507,0.010150357054531964
942,37,123,10501,0.01014456071472734
943,62,90,10496,0.01013973043155682
944,58,4,10496,0.01013973043155682
945,55,213,10488,0.010132001978483986
946,17,80,10478,0.010122341412142945
947,66,198,10475,0.010119443242240633
948,55,187,10455,0.010100122109558551
949,52,32,10451,0.010096257883022134
950,61,49,10443,0.0100885294299493
951,36,172,10441,0.010086597316681094
952,42,38,10436,0.010081767033510573
953,51,130,10411,0.010057615617657969
954,54,203,10398,0.010045056881414617
955,24,231,10394,0.0100411926548782
956,75,196,10393,0.010040226598244096
957,17,60,10393,0.010040226598244096
958,23,175,10383,0.010030566031903054
959,75,89,10380,0.010027667862000742
960,37,159,10378,0.010025735748732533
961,29,181,10371,0.010018973352293806
962,15,45,10358,0.010006414616050452
963,58,108,10355,0.01000351644614814
964,39,180,10352,0.010000618276245826
965,25,136,10335,0.009984195313466056
966,52,106,10327,0.009976466860393223
967,33,127,10323,0.009972602633856808
968,47,201,10322,0.009971636577222703
969,62,234,10301,0.009951349387906516
970,46,242,10297,0.0099474851613701
971,41,11,10295,0.009945553048101892
972,76,228,10294,0.009944586991467788
973,11,74,10294,0.009944586991467788
974,76,230,10293,0.009943620934833683
975,77,142,10292,0.00994265487819958
976,37,103,10288,0.009938790651663164
977,21,222,10279,0.009930096141956226
978,77,58,10270,0.00992140163224929
979,71,108,10269,0.009920435575615184
980,18,11,10269,0.009920435575615184
981,44,30,10266,0.009917537405712872
982,33,85,10252,0.009904012612835415
983,43,251,10251,0.009903046556201311
984,47,39,10248,0.009900148386298999
985,58,35,10246,0.00989821627303079
986,50,50,10246,0.00989821627303079
987,41,115,10239,0.00989145387659206
988,40,174,10237,0.009889521763323854
989,64,169,10234,0.00988662359342154
990,21,189,10232,0.009884691480153333
991,8,182,10232,0.009884691480153333
992,31,82,10231,0.009883725423519228
993,73,28,10221,0.009874064857178188
994,45,95,10217,0.00987020063064177
995,51,171,10210,0.009863438234203041
996,38,119,10204,0.009857641894398417
997,38,231,10203,0.009856675837764313
998,5,107,10193,0.009847015271423272
999,42,29,10191,0.009845083158155063
1000,77,230,10189,0.009843151044886856
1001,31,136,10188,0.00984218498825275
1002,43,240,10184,0.009838320761716335
1003,75,192,10170,0.009824795968838878
1004,54,177,10166,0.00982093174230246
1005,50,118,10165,0.009819965685668357
1006,70,189,10164,0.009818999629034252
1007,45,10,10162,0.009817067515766045
1008,31,206,10151,0.0098064408927909
1009,70,63,10143,0.009798712439718067
1010,21,129,10139,0.00979484821318165
1011,35,17,10137,0.00979291609991344
1012,6,55,10134,0.009790017930011129
1013,54,53,10130,0.009786153703474713
1014,43,7,10121,0.009777459193767775
1015,53,197,10114,0.009770696797329047
1016,55,232,10105,0.009762002287622109
1017,48,132,10101,0.009758138061085693
1018,43,217,10084,0.009741715098305924
1019,52,73,10076,0.009733986645233091
1020,52,126,10074,0.009732054531964882
1021,52,255,10070,0.009728190305428465
1022,59,6,10069,0.009727224248794361
1023,34,98,10068,0.009726258192160258
1024,60,192,10067,0.009725292135526153
1025,49,153,10067,0.009725292135526153
1026,29,66,10057,0.009715631569185111
1027,44,144,10055,0.009713699455916904
1028,10,143,10052,0.009710801286014592
1029,55,75,10048,0.009706937059478175
1030,15,216,10035,0.009694378323234821
1031,61,110,10031,0.009690514096698405
1032,29,205,10030,0.0096895480400643
1033,66,13,10029,0.009688581983430197
1034,60,157,10024,0.009683751700259676
1035,27,188,10014,0.009674091133918634
1036,51,153,10013,0.00967312507728453
1037,50,114,10013,0.00967312507728453
1038,68,173,10007,0.009667328737479906
1039,63,149,9990,0.009650905774700135
1040,72,77,9988,0.009648973661431928
1041,72,143,9987,0.009648007604797823
1042,73,216,9986,0.00964704154816372
1043,12,248,9984,0.009645109434895511
1044,31,240,9983,0.009644143378261407
1045,34,27,9978,0.009639313095090887
1046,48,144,9975,0.009636414925188574
1047,61,88,9974,0.009635448868554471
1048,77,12,9971,0.009632550698652157
1049,55,157,9951,0.009613229565970076
1050,49,176,9949,0.009611297452701867
1051,61,75,9938,0.009600670829726722
1052,68,12,9937,0.009599704773092618
1053,37,122,9932,0.009594874489922097
1054,20,221,9927,0.009590044206751577
1055,63,139,9921,0.009584247866946952
1056,51,193,9919,0.009582315753678744
1057,28,0,9919,0.009582315753678744
1058,67,98,9910,0.009573621243971807
1059,46,222,9906,0.00956975701743539
1060,76,196,9902,0.009565892790898974
1061,27,161,9902,0.009565892790898974
1062,67,138,9900,0.009563960677630766
1063,68,199,9897,0.009561062507728453
1064,54,205,9895,0.009559130394460245
1065,12,105,9887,0.009551401941387412
1066,24,198,9883,0.009547537714850996
1067,27,47,9881,0.009545605601582787
1068,33,133,9874,0.009538843205144058
1069,38,77,9870,0.009534978978607642
1070,74,108,9869,0.009534012921973537
1071,66,206,9863,0.009528216582168913
1072,57,37,9863,0.009528216582168913
1073,42,23,9862,0.00952725052553481
1074,58,80,9857,0.009522420242364289
1075,73,198,9848,0.009513725732657352
1076,75,180,9847,0.009512759676023247
1077,67,21,9842,0.009507929392852726
1078,27,194,9842,0.009507929392852726
1079,32,251,9840,0.00950599727958452
1080,50,86,9839,0.009505031222950414
1081,59,109,9838,0.00950406516631631
1082,66,56,9824,0.009490540373438853
1083,15,163,9823,0.009489574316804748
1084,54,18,9820,0.009486676146902436
1085,49,113,9820,0.009486676146902436
1086,40,141,9818,0.009484744033634227
1087,56,49,9808,0.009475083467293187
1088,16,74,9807,0.009474117410659082
1089,67,24,9801,0.009468321070854458
1090,74,121,9798,0.009465422900952146
1091,36,170,9798,0.009465422900952146
1092,44,238,9794,0.009461558674415728
1093,68,85,9791,0.009458660504513416
1094,60,179,9790,0.009457694447879313
1095,59,91,9784,0.009451898108074688
1096,41,171,9772,0.009440305428465438
1097,74,34,9769,0.009437407258563126
1098,50,95,9759,0.009427746692222084
1099,24,255,9754,0.009422916409051563
1100,10,125,9753,0.00942195035241746
1101,73,52,9749,0.009418086125881044
1102,35,129,9745,0.009414221899344627
1103,62,200,9744,0.009413255842710523
1104,31,17,9743,0.009412289786076418
1105,68,144,9732,0.009401663163101273
1106,57,121,9729,0.009398764993198961
1107,53,239,9728,0.009397798936564858
1108,50,237,9728,0.009397798936564858
1109,50,135,9717,0.009387172313589712
1110,18,84,9715,0.009385240200321504
1111,72,157,9711,0.009381375973785086
1112,72,107,9711,0.009381375973785086
1113,55,173,9711,0.009381375973785086
1114,22,254,9711,0.009381375973785086
1115,34,26,9709,0.00937944386051688
1116,40,23,9707,0.00937751174724867
1117,5,175,9705,0.009375579633980462
1118,48,150,9702,0.00937268146407815
1119,69,62,9694,0.009364953011005317
1120,57,133,9694,0.009364953011005317
1121,74,140,9689,0.009360122727834796
1122,73,96,9681,0.009352394274761963
1123,30,18,9677,0.009348530048225548
1124,75,87,9675,0.009346597934957339
1125,35,207,9672,0.009343699765055027
1126,71,205,9671,0.009342733708420923
1127,31,253,9660,0.009332107085445776
1128,20,67,9660,0.009332107085445776
1129,62,237,9659,0.009331141028811673
1130,34,20,9659,0.009331141028811673
1131,65,36,9656,0.00932824285890936
1132,53,59,9646,0.009318582292568319
1133,41,21,9637,0.009309887782861383
1134,40,164,9628,0.009301193273154446
1135,17,8,9627,0.009300227216520341
1136,38,228,9623,0.009296362989983925
1137,23,200,9617,0.0092905666501793
1138,61,1,9616,0.009289600593545196
1139,12,78,9612,0.00928573636700878
1140,38,100,9611,0.009284770310374675
1141,17,30,9606,0.009279940027204154
1142,40,41,9605,0.00927897397057005
1143,38,179,9603,0.009277041857301842
1144,23,137,9601,0.009275109744033633
1145,74,93,9598,0.009272211574131321
1146,59,204,9597,0.009271245517497218
1147,46,163,9590,0.009264483121058488
1148,36,224,9589,0.009263517064424385
1149,11,79,9587,0.009261584951156176
1150,23,172,9583,0.00925772072461976
1151,73,245,9582,0.009256754667985655
1152,26,255,9580,0.009254822554717448
1153,47,92,9579,0.009253856498083343
1154,19,0,9573,0.009248060158278719
1155,54,100,9570,0.009245161988376407
1156,29,36,9570,0.009245161988376407
1157,42,51,9566,0.00924129776183999
1158,25,142,9563,0.009238399591937677
1159,10,203,9563,0.009238399591937677
1160,53,105,9560,0.009235501422035365
1161,26,107,9560,0.009235501422035365
1162,56,204,9556,0.00923163719549895
1163,75,36,9554,0.00922970508223074
1164,50,150,9554,0.00922970508223074
1165,47,61,9554,0.00922970508223074
1166,32,111,9548,0.009223908742426117
1167,51,78,9546,0.009221976629157908
1168,42,7,9546,0.009221976629157908
1169,34,28,9531,0.009207485779646345
1170,50,248,9520,0.0091968591566712
1171,21,195,9514,0.009191062816866576
1172,69,162,9504,0.009181402250525534
1173,67,242,9501,0.009178504080623222
1174,22,111,9500,0.009177538023989119
1175,77,10,9491,0.00916884351428218
1176,40,213,9491,0.00916884351428218
1177,19,241,9491,0.00916884351428218
1178,71,67,9477,0.009155318721404723
1179,38,230,9475,0.009153386608136515
1180,67,152,9472,0.009150488438234202
1181,48,89,9470,0.009148556324965995
1182,63,25,9460,0.009138895758624954
1183,61,186,9458,0.009136963645356745
1184,23,22,9458,0.009136963645356745
1185,14,4,9456,0.009135031532088536
1186,57,192,9453,0.009132133362186224
1187,42,169,9453,0.009132133362186224
1188,75,184,9449,0.009128269135649809
1189,34,55,9439,0.009118608569308767
1190,39,190,9437,0.009116676456040558
1191,7,8,9435,0.009114744342772351
1192,40,70,9433,0.009112812229504143
1193,75,84,9427,0.009107015889699518
1194,62,126,9427,0.009107015889699518
1195,44,166,9422,0.009102185606528998
1196,39,36,9421,0.009101219549894892
1197,60,148,9417,0.009097355323358477
1198,68,42,9416,0.009096389266724372
1199,77,182,9414,0.009094457153456165
1200,26,233,9414,0.009094457153456165
1201,41,24,9413,0.00909349109682206
1202,26,121,9409,0.009089626870285644
1203,56,32,9400,0.009080932360578707
1204,43,61,9400,0.009080932360578707
1205,38,45,9396,0.00907706813404229
1206,60,67,9394,0.009075136020774081
1207,60,103,9392,0.009073203907505874
1208,74,92,9388,0.009069339680969457
1209,76,191,9381,0.009062577284530728
1210,24,254,9381,0.009062577284530728
1211,46,127,9378,0.009059679114628415
1212,22,8,9374,0.009055814888092
1213,48,159,9367,0.00904905249165327
1214,56,118,9364,0.009046154321750958
1215,33,58,9361,0.009043256151848646
1216,38,178,9350,0.009032629528873501
1217,32,127,9350,0.009032629528873501
1218,37,138,9349,0.009031663472239396
1219,27,67,9342,0.009024901075800668
1220,17,216,9340,0.00902296896253246
1221,54,42,9326,0.009009444169655002
1222,62,206,9322,0.009005579943118585
1223,44,95,9322,0.009005579943118585
1224,65,220,9320,0.009003647829850378
1225,61,234,9320,0.009003647829850378
1226,32,241,9319,0.009002681773216272
1227,5,190,9319,0.009002681773216272
1228,9,187,9318,0.009001715716582169
1229,19,44,9308,0.008992055150241127
1230,73,219,9305,0.008989156980338815
1231,43,239,9305,0.008989156980338815
1232,26,144,9305,0.008989156980338815
1233,64,158,9301,0.0089852927538024
1234,70,106,9297,0.008981428527265982
1235,34,244,9296,0.008980462470631879
1236,67,193,9291,0.008975632187461358
1237,60,245,9290,0.008974666130827254
1238,58,208,9287,0.00897176796092494
1239,54,211,9282,0.008966937677754422
1240,53,189,9278,0.008963073451218004
1241,21,27,9275,0.008960175281315692
1242,16,36,9273,0.008958243168047483
1243,32,24,9270,0.008955344998145171
1244,45,115,9265,0.00895051471497465
1245,41,241,9264,0.008949548658340547
1246,69,202,9259,0.008944718375170026
1247,69,213,9254,0.008939888091999505
1248,51,197,9254,0.008939888091999505
1249,48,50,9254,0.008939888091999505
1250,56,188,9252,0.008937955978731297
1251,67,134,9248,0.008934091752194881
1252,49,197,9247,0.008933125695560776
1253,12,111,9242,0.008928295412390257
1254,71,150,9235,0.008921533015951527
1255,4,70,9232,0.008918634846049215
1256,29,197,9231,0.008917668789415112
1257,74,158,9230,0.008916702732781006
1258,30,252,9230,0.008916702732781006
1259,74,233,9225,0.008911872449610485
1260,26,157,9224,0.008910906392976382
1261,16,153,9222,0.008908974279708173
1262,49,227,9220,0.008907042166439965
1263,77,234,9211,0.008898347656733028
1264,19,83,9209,0.00889641554346482
1265,39,93,9205,0.008892551316928404
1266,22,23,9205,0.008892551316928404
1267,10,226,9204,0.008891585260294299
1268,43,69,9203,0.008890619203660195
1269,46,86,9199,0.00888675497712378
1270,62,100,9198,0.008885788920489674
1271,75,14,9197,0.008884822863855571
1272,62,177,9195,0.008882890750587362
1273,16,13,9195,0.008882890750587362
1274,55,119,9194,0.008881924693953259
1275,21,53,9194,0.008881924693953259
1276,64,24,9189,0.008877094410782738
1277,50,39,9182,0.008870332014344008
1278,34,156,9173,0.008861637504637072
1279,30,223,9170,0.00885873933473476
1280,46,244,9169,0.008857773278100655
1281,73,150,9166,0.008854875108198343
1282,14,10,9165,0.008853909051564239
1283,42,160,9163,0.00885197693829603
1284,27,100,9155,0.008844248485223197
1285,22,118,9155,0.008844248485223197
1286,70,231,9154,0.008843282428589094
1287,34,92,9154,0.008843282428589094
1288,61,41,9150,0.008839418202052677
1289,48,155,9150,0.008839418202052677
1290,41,112,9148,0.00883748608878447
1291,43,126,9144,0.008833621862248052
1292,69,233,9142,0.008831689748979844
1293,73,155,9139,0.008828791579077531
1294,33,218,9139,0.008828791579077531
1295,69,43,9137,0.008826859465809323
1296,35,187,9136,0.00882589340917522
1297,73,44,9131,0.008821063126004699
1298,45,174,9130,0.008820097069370595
1299,63,227,9129,0.00881913101273649
1300,69,93,9122,0.008812368616297762
1301,12,251,9117,0.008807538333127241
1302,44,81,9113,0.008803674106590826
1303,15,29,9109,0.008799809880054408
1304,70,204,9107,0.0087978777667862
1305,19,130,9105,0.008795945653517993
1306,62,140,9104,0.008794979596883887
1307,59,77,9093,0.008784352973908742
1308,34,64,9093,0.008784352973908742
1309,61,143,9091,0.008782420860640534
1310,57,17,9091,0.008782420860640534
1311,64,118,9089,0.008780488747372327
1312,63,183,9089,0.008780488747372327
1313,54,55,9088,0.008779522690738222
1314,52,123,9088,0.008779522690738222
1315,35,39,9088,0.008779522690738222
1316,54,200,9084,0.008775658464201806
1317,31,217,9081,0.008772760294299494
1318,33,99,9078,0.00876986212439718
1319,73,39,9076,0.008767930011128973
1320,45,39,9073,0.00876503184122666
1321,26,66,9073,0.00876503184122666
1322,32,168,9069,0.008761167614690243
1323,64,133,9068,0.00876020155805614
1324,49,229,9068,0.00876020155805614
1325,54,5,9064,0.008756337331519723
1326,49,58,9062,0.008754405218251516
1327,24,122,9062,0.008754405218251516
1328,75,4,9060,0.008752473104983307
1329,45,1,9054,0.008746676765178683
1330,71,198,9049,0.008741846482008162
1331,51,178,9045,0.008737982255471744
1332,44,47,9045,0.008737982255471744
1333,17,133,9044,0.008737016198837641
1334,42,2,9041,0.008734118028935329
1335,74,147,9037,0.008730253802398912
1336,44,48,9037,0.008730253802398912
1337,73,114,9030,0.008723491405960184
1338,20,16,9027,0.00872059323605787
1339,72,245,9026,0.008719627179423766
1340,9,34,9026,0.008719627179423766
1341,42,145,9022,0.00871576295288735
1342,14,71,9016,0.008709966613082725
1343,14,183,9015,0.008709000556448621
1344,6,109,9014,0.008708034499814518
1345,62,183,9011,0.008705136329912204
1346,49,29,9011,0.008705136329912204
1347,22,211,9010,0.0087041702732781
1348,21,165,9009,0.008703204216643997
1349,38,232,9008,0.008702238160009892
1350,61,209,9006,0.008700306046741685
1351,35,122,9006,0.008700306046741685
1352,37,146,9005,0.00869933999010758
1353,59,206,9003,0.008697407876839373
1354,52,14,9002,0.008696441820205267
1355,58,144,9000,0.008694509706937059
1356,24,100,9000,0.008694509706937059
1357,65,14,8998,0.008692577593668852
1358,75,127,8991,0.008685815197230122
1359,66,10,8991,0.008685815197230122
1360,52,20,8991,0.008685815197230122
1361,47,71,8988,0.00868291702732781
1362,76,239,8987,0.008681950970693707
1363,46,221,8987,0.008681950970693707
1364,21,2,8985,0.008680018857425498
1365,68,159,8983,0.00867808674415729
1366,31,127,8982,0.008677120687523186
1367,11,131,8980,0.008675188574254977
1368,47,103,8978,0.008673256460986769
1369,65,233,8975,0.008670358291084456
1370,25,22,8975,0.008670358291084456
1371,61,0,8971,0.00866649406454804
1372,29,251,8970,0.008665528007913936
1373,67,231,8967,0.008662629838011623
1374,59,5,8963,0.008658765611475208
1375,29,12,8962,0.008657799554841103
1376,24,220,8962,0.008657799554841103
1377,43,210,8954,0.00865007110176827
1378,43,228,8949,0.008645240818597749
1379,57,45,8948,0.008644274761963645
1380,5,214,8946,0.008642342648695437
1381,76,24,8943,0.008639444478793125
1382,42,96,8943,0.008639444478793125
1383,61,169,8942,0.008638478422159021
1384,40,131,8942,0.008638478422159021
1385,59,131,8940,0.008636546308890812
1386,63,32,8933,0.008629783912452083
1387,47,96,8932,0.00862881785581798
1388,27,45,8929,0.008625919685915667
1389,69,82,8928,0.008624953629281564
1390,66,250,8928,0.008624953629281564
1391,46,102,8924,0.008621089402745146
1392,11,14,8924,0.008621089402745146
1393,25,250,8921,0.008618191232842834
1394,48,222,8920,0.00861722517620873
1395,37,52,8920,0.00861722517620873
1396,56,59,8919,0.008616259119574626
1397,37,55,8918,0.008615293062940522
1398,14,236,8917,0.008614327006306417
1399,46,40,8914,0.008611428836404105
1400,8,39,8914,0.008611428836404105
1401,50,122,8910,0.00860756460986769
1402,18,144,8908,0.00860563249659948
1403,69,229,8905,0.008602734326697168
1404,45,105,8904,0.008601768270063065
1405,14,196,8903,0.00860080221342896
1406,26,94,8896,0.008594039816990232
1407,31,200,8894,0.008592107703722023
1408,66,228,8891,0.008589209533819711
1409,69,121,8880,0.008578582910844566
1410,46,210,8878,0.008576650797576357
1411,43,125,8878,0.008576650797576357
1412,70,111,8877,0.008575684740942254
1413,31,159,8877,0.008575684740942254
1414,30,132,8873,0.008571820514405836
1415,31,144,8863,0.008562159948064795
1416,45,48,8860,0.008559261778162483
1417,74,222,8858,0.008557329664894274
1418,69,187,8857,0.00855636360826017
1419,14,249,8857,0.00855636360826017
1420,34,44,8856,0.008555397551626067
1421,51,33,8855,0.008554431494991962
1422,34,18,8852,0.00855153332508965
1423,32,185,8846,0.008545736985285025
1424,59,200,8844,0.008543804872016817
1425,38,17,8844,0.008543804872016817
1426,24,103,8841,0.008540906702114505
1427,69,117,8840,0.008539940645480401
1428,57,74,8840,0.008539940645480401
1429,5,234,8839,0.008538974588846296
1430,47,219,8837,0.008537042475578089
1431,58,161,8836,0.008536076418943984
1432,15,209,8831,0.008531246135773463
1433,63,97,8829,0.008529314022505256
1434,63,162,8828,0.00852834796587115
1435,39,85,8828,0.00852834796587115
1436,42,125,8826,0.008526415852602944
1437,36,113,8826,0.008526415852602944
1438,60,130,8819,0.008519653456164214
1439,7,77,8818,0.00851868739953011
1440,64,192,8816,0.008516755286261902
1441,73,15,8815,0.008515789229627797
1442,38,18,8812,0.008512891059725485
1443,35,174,8809,0.008509992889823173
1444,71,133,8805,0.008506128663286757
1445,22,214,8802,0.008503230493384445
1446,42,187,8797,0.008498400210213924
1447,57,135,8794,0.008495502040311612
1448,35,217,8789,0.008490671757141091
1449,51,205,8785,0.008486807530604674
1450,65,57,8784,0.00848584147397057
1451,34,120,8776,0.008478113020897737
1452,70,131,8773,0.008475214850995425
1453,42,54,8772,0.00847424879436132
1454,75,210,8771,0.008473282737727217
1455,70,17,8770,0.008472316681093113
1456,52,56,8765,0.008467486397922592
1457,28,177,8765,0.008467486397922592
1458,22,109,8763,0.008465554284654384
1459,58,102,8756,0.008458791888215654
1460,32,181,8754,0.008456859774947447
1461,54,32,8753,0.008455893718313342
1462,53,191,8752,0.008454927661679238
1463,69,195,8751,0.008453961605045135
1464,16,52,8751,0.008453961605045135
1465,52,184,8748,0.008451063435142821
1466,75,225,8745,0.008448165265240509
1467,32,204,8742,0.008445267095338197
1468,41,219,8737,0.008440436812167676
1469,37,106,8737,0.008440436812167676
1470,76,225,8736,0.008439470755533572
1471,76,213,8736,0.008439470755533572
1472,61,92,8736,0.008439470755533572
1473,13,149,8735,0.008438504698899469
1474,15,56,8731,0.008434640472363052
1475,10,234,8724,0.008427878075924322
1476,39,10,8723,0.008426912019290219
1477,71,21,8718,0.008422081736119698
1478,47,98,8716,0.008420149622851491
1479,4,238,8709,0.008413387226412761
1480,62,65,8707,0.008411455113144553
1481,32,40,8707,0.008411455113144553
1482,50,252,8705,0.008409522999876344
1483,6,41,8701,0.008405658773339928
1484,51,65,8700,0.008404692716705825
1485,36,1,8698,0.008402760603437616
1486,32,2,8697,0.008401794546803511
1487,65,82,8695,0.008399862433535304
1488,45,7,8690,0.008395032150364783
1489,59,8,8685,0.008390201867194262
1490,53,108,8685,0.008390201867194262
1491,35,185,8684,0.008389235810560159
1492,73,59,8681,0.008386337640657845
1493,72,163,8681,0.008386337640657845
1494,21,114,8681,0.008386337640657845
1495,68,78,8680,0.008385371584023742
1496,42,21,8678,0.008383439470755533
1497,25,33,8678,0.008383439470755533
1498,46,28,8676,0.008381507357487326
1499,45,223,8672,0.008377643130950909
1500,40,112,8670,0.0083757110176827
1501,76,54,8667,0.008372812847780388
1502,72,98,8667,0.008372812847780388
1503,66,173,8664,0.008369914677878076
1504,74,188,8660,0.00836605045134166
1505,37,134,8659,0.008365084394707555
1506,53,143,8656,0.008362186224805243
1507,22,234,8653,0.00835928805490293
1508,40,68,8650,0.008356389885000618
1509,27,49,8650,0.008356389885000618
1510,13,23,8649,0.008355423828366515
1511,59,251,8640,0.008346729318659577
1512,38,59,8638,0.008344797205391368
1513,5,203,8637,0.008343831148757265
1514,53,150,8636,0.008342865092123161
1515,36,240,8631,0.00833803480895264
1516,31,195,8625,0.008332238469148016
1517,43,165,8622,0.008329340299245702
1518,40,127,8621,0.008328374242611599
1519,38,154,8618,0.008325476072709287
1520,73,93,8617,0.008324510016075183
1521,36,164,8616,0.008323543959441078
1522,44,97,8614,0.00832161184617287
1523,74,102,8613,0.008320645789538766
1524,43,45,8608,0.008315815506368245
1525,50,61,8602,0.00831001916656362
1526,27,206,8599,0.008307120996661308
1527,75,0,8598,0.008306154940027205
1528,12,60,8598,0.008306154940027205
1529,44,240,8593,0.008301324656856684
1530,30,136,8590,0.008298426486954372
1531,62,199,8586,0.008294562260417955
1532,37,17,8584,0.008292630147149746
1533,67,48,8583,0.008291664090515643
1534,42,227,8576,0.008284901694076913
1535,41,227,8576,0.008284901694076913
1536,38,234,8576,0.008284901694076913
1537,46,252,8575,0.00828393563744281
1538,24,68,8573,0.008282003524174601
1539,4,169,8572,0.008281037467540497
1540,75,125,8571,0.008280071410906392
1541,12,214,8571,0.008280071410906392
1542,39,240,8569,0.008278139297638185
1543,70,193,8566,0.008275241127735873
1544,58,196,8563,0.00827234295783356
1545,76,133,8562,0.008271376901199456
1546,77,249,8555,0.008264614504760726
1547,30,169,8555,0.008264614504760726
1548,29,224,8550,0.008259784221590207
1549,60,65,8544,0.008253987881785581
1550,27,242,8542,0.008252055768517374
1551,31,98,8541,0.008251089711883269
1552,77,62,8540,0.008250123655249166
1553,42,144,8540,0.008250123655249166
1554,70,183,8537,0.008247225485346853
1555,34,111,8536,0.008246259428712748
1556,52,166,8534,0.008244327315444541
1557,33,254,8532,0.008242395202176333
1558,18,36,8531,0.008241429145542229
1559,46,130,8523,0.008233700692469396
1560,38,46,8522,0.008232734635835291
1561,21,71,8522,0.008232734635835291
1562,60,23,8521,0.008231768579201187
1563,3,8,8521,0.008231768579201187
1564,76,128,8519,0.008229836465932979
1565,50,161,8519,0.008229836465932979
1566,69,123,8516,0.008226938296030667
1567,59,104,8516,0.008226938296030667
1568,37,115,8515,0.008225972239396563
1569,44,112,8514,0.008225006182762458
1570,40,206,8514,0.008225006182762458
1571,25,27,8508,0.008219209842957834
1572,73,118,8506,0.008217277729689625
1573,65,121,8506,0.008217277729689625
1574,52,216,8504,0.008215345616421416
1575,49,50,8499,0.008210515333250897
1576,12,156,8496,0.008207617163348583
1577,75,34,8493,0.008204718993446271
1578,73,147,8493,0.008204718993446271
1579,62,173,8493,0.008204718993446271
1580,47,174,8492,0.008203752936812168
1581,75,67,8491,0.008202786880178064
1582,43,142,8490,0.008201820823543959
1583,33,252,8489,0.008200854766909856
1584,64,86,8488,0.008199888710275752
1585,49,11,8485,0.008196990540373438
1586,70,244,8482,0.008194092370471126
1587,44,190,8482,0.008194092370471126
1588,26,35,8482,0.008194092370471126
1589,51,79,8481,0.008193126313837023
1590,30,233,8481,0.008193126313837023
1591,40,1,8477,0.008189262087300605
1592,58,113,8476,0.008188296030666502
1593,57,119,8474,0.008186363917398293
1594,24,205,8474,0.008186363917398293
1595,38,127,8473,0.00818539786076419
1596,51,39,8472,0.008184431804130086
1597,44,99,8470,0.008182499690861877
1598,61,252,8469,0.008181533634227772
1599,66,146,8467,0.008179601520959565
1600,63,251,8463,0.008175737294423148
1601,13,196,8461,0.00817380518115494
1602,10,104,8461,0.00817380518115494
1603,76,37,8459,0.008171873067886732
1604,56,4,8459,0.008171873067886732
1605,45,81,8459,0.008171873067886732
1606,39,24,8459,0.008171873067886732
1607,72,213,8458,0.008170907011252627
1608,64,206,8458,0.008170907011252627
1609,9,54,8454,0.008167042784716212
1610,37,182,8450,0.008163178558179794
1611,63,51,8449,0.00816221250154569
1612,64,230,8448,0.008161246444911587
1613,7,21,8448,0.008161246444911587
1614,57,64,8446,0.008159314331643379
1615,17,24,8445,0.008158348275009273
1616,18,81,8444,0.00815738221837517
1617,7,23,8444,0.00815738221837517
1618,71,215,8437,0.00815061982193644
1619,4,109,8437,0.00815061982193644
1620,11,196,8436,0.008149653765302337
1621,6,208,8436,0.008149653765302337
1622,77,227,8432,0.008145789538765921
1623,27,162,8428,0.008141925312229504
1624,19,20,8428,0.008141925312229504
1625,66,246,8412,0.008126468406083838
1626,70,98,8409,0.008123570236181526
1627,16,123,8407,0.008121638122913317
1628,38,98,8401,0.008115841783108693
1629,16,174,8401,0.008115841783108693
1630,35,22,8399,0.008113909669840484
1631,61,111,8395,0.008110045443304069
1632,38,203,8391,0.008106181216767651
1633,53,124,8390,0.008105215160133548
1634,66,21,8389,0.008104249103499444
1635,43,237,8389,0.008104249103499444
1636,17,186,8389,0.008104249103499444
1637,49,107,8388,0.008103283046865339
1638,18,26,8387,0.008102316990231236
1639,17,207,8385,0.008100384876963027
1640,56,175,8383,0.008098452763694818
1641,73,122,8380,0.008095554593792506
1642,65,213,8380,0.008095554593792506
1643,56,95,8378,0.008093622480524297
1644,73,183,8373,0.008088792197353778
1645,23,201,8373,0.008088792197353778
1646,27,12,8372,0.008087826140719673
1647,56,177,8369,0.008084927970817361
1648,8,23,8366,0.008082029800915049
1649,74,72,8365,0.008081063744280945
1650,76,201,8364,0.00808009768764684
1651,59,54,8364,0.00808009768764684
1652,29,103,8362,0.008078165574378633
1653,29,175,8361,0.008077199517744528
1654,23,133,8361,0.008077199517744528
1655,27,63,8360,0.008076233461110425
1656,43,174,8357,0.008073335291208112
1657,25,130,8352,0.008068505008037592
1658,43,255,8350,0.008066572894769383
1659,18,5,8342,0.00805884444169655
1660,35,119,8335,0.00805208204525782
1661,68,102,8329,0.008046285705453196
1662,46,236,8325,0.00804242147891678
1663,73,110,8324,0.008041455422282675
1664,66,123,8321,0.008038557252380363
1665,49,187,8317,0.008034693025843948
1666,64,83,8313,0.00803082879930753
1667,23,117,8313,0.00803082879930753
1668,68,196,8311,0.008028896686039323
1669,36,45,8310,0.008027930629405218
1670,18,110,8308,0.00802599851613701
1671,6,93,8307,0.008025032459502906
1672,17,32,8305,0.008023100346234697
1673,71,166,8304,0.008022134289600594
1674,11,46,8303,0.00802116823296649
1675,63,129,8302,0.008020202176332385
1676,40,176,8301,0.008019236119698282
1677,7,78,8301,0.008019236119698282
1678,69,236,8300,0.008018270063064176
1679,30,116,8300,0.008018270063064176
1680,33,192,8299,0.008017304006430073
1681,24,160,8292,0.008010541609991343
1682,68,123,8291,0.00800957555335724
1683,16,132,8289,0.008007643440089031
1684,22,133,8284,0.00800281315691851
1685,25,125,8283,0.008001847100284407
1686,43,99,8281,0.007999914987016198
1687,25,194,8278,0.007997016817113886
1688,18,199,8276,0.007995084703845677
1689,28,231,8274,0.00799315259057747
1690,28,75,8273,0.007992186533943365
1691,3,83,8266,0.007985424137504638
1692,15,7,8265,0.007984458080870532
1693,7,226,8265,0.007984458080870532
1694,76,52,8258,0.007977695684431805
1695,12,198,8257,0.0079767296277977
1696,57,254,8255,0.007974797514529492
1697,54,40,8255,0.007974797514529492
1698,67,79,8252,0.00797189934462718
1699,24,2,8251,0.007970933287993075
1700,20,160,8251,0.007970933287993075
1701,23,132,8243,0.007963204834920242
1702,28,164,8238,0.007958374551749721
1703,67,195,8237,0.007957408495115618
1704,74,197,8235,0.007955476381847409
1705,74,35,8233,0.0079535442685792
1706,52,33,8232,0.007952578211945097
1707,14,8,8232,0.007952578211945097
1708,49,74,8228,0.007948713985408681
1709,4,168,8227,0.007947747928774576
1710,6,117,8226,0.007946781872140473
1711,41,174,8224,0.007944849758872264
1712,14,178,8224,0.007944849758872264
1713,29,172,8223,0.00794388370223816
1714,50,181,8222,0.007942917645604055
1715,14,171,8222,0.007942917645604055
1716,40,67,8221,0.007941951588969952
1717,74,70,8220,0.007940985532335848
1718,45,161,8219,0.007940019475701743
1719,59,99,8218,0.00793905341906764
1720,60,2,8215,0.007936155249165328
1721,32,254,8215,0.007936155249165328
1722,21,180,8214,0.007935189192531222
1723,40,144,8213,0.007934223135897119
1724,71,22,8209,0.007930358909360702
1725,14,13,8207,0.007928426796092495
1726,13,202,8206,0.00792746073945839
1727,59,123,8204,0.007925528626190182
1728,3,11,8203,0.007924562569556077
1729,19,180,8202,0.007923596512921974
1730,66,194,8200,0.007921664399653765
1731,11,227,8197,0.007918766229751453
1732,51,175,8196,0.00791780017311735
1733,67,181,8194,0.00791586805984914
1734,19,243,8194,0.00791586805984914
1735,32,81,8184,0.0079062074935081
1736,46,77,8183,0.007905241436873996
1737,66,73,8182,0.00790427538023989
1738,65,247,8179,0.007901377210337578
1739,77,1,8177,0.007899445097069371
1740,54,194,8170,0.007892682700630642
1741,55,194,8166,0.007888818474094225
1742,33,22,8164,0.007886886360826018
1743,63,2,8162,0.007884954247557809
1744,56,184,8162,0.007884954247557809
1745,33,152,8162,0.007884954247557809
1746,20,31,8159,0.007882056077655497
1747,20,120,8157,0.007880123964387288
1748,16,209,8154,0.007877225794484976
1749,4,235,8153,0.007876259737850872
1750,59,180,8145,0.00786853128477804
1751,72,198,8143,0.00786659917150983
1752,66,12,8143,0.00786659917150983
1753,51,188,8143,0.00786659917150983
1754,74,16,8142,0.007865633114875727
1755,50,153,8139,0.007862734944973413
1756,12,191,8138,0.00786176888833931
1757,12,67,8136,0.007859836775071101
1758,56,241,8131,0.00785500649190058
1759,13,160,8131,0.00785500649190058
1760,70,128,8130,0.007854040435266477
1761,39,236,8130,0.007854040435266477
1762,34,152,8126,0.007850176208730061
1763,56,102,8125,0.007849210152095956
1764,31,92,8124,0.007848244095461853
1765,23,29,8124,0.007848244095461853
1766,61,34,8121,0.00784534592555954
1767,24,143,8120,0.007844379868925435
1768,66,162,8115,0.007839549585754915
1769,49,101,8113,0.007837617472486708
1770,48,166,8112,0.007836651415852602
1771,9,96,8111,0.007835685359218499
1772,56,139,8105,0.007829889019413875
1773,15,94,8098,0.007823126622975145
1774,73,69,8096,0.007821194509706936
1775,20,243,8095,0.007820228453072833
1776,42,229,8094,0.00781926239643873
1777,22,153,8093,0.007818296339804624
1778,39,13,8092,0.00781733028317052
1779,11,84,8092,0.00781733028317052
1780,14,135,8089,0.007814432113268209
1781,55,150,8087,0.0078125
1782,9,224,8086,0.007811533943365896
1783,25,151,8080,0.007805737603561271
1784,58,6,8078,0.007803805490293063
1785,15,104,8078,0.007803805490293063
1786,68,168,8070,0.00779607703722023
1787,36,178,8069,0.007795110980586126
1788,26,220,8068,0.007794144923952022
1789,23,57,8068,0.007794144923952022
1790,44,170,8067,0.007793178867317918
1791,59,167,8056,0.0077825522443427725
1792,77,69,8055,0.007781586187708668
1793,26,46,8053,0.00777965407444046
1794,28,132,8051,0.007777721961172252
1795,15,88,8050,0.007776755904538147
1796,35,71,8049,0.007775789847904044
1797,11,113,8045,0.007771925621367627
1798,4,19,8044,0.007770959564733523
1799,77,254,8043,0.007769993508099419
1800,74,173,8042,0.007769027451465314
1801,52,192,8042,0.007769027451465314
1802,30,235,8042,0.007769027451465314
1803,71,186,8040,0.0077670953381971065
1804,63,103,8036,0.00776323111166069
1805,65,152,8028,0.007755502658587857
1806,73,37,8027,0.007754536601953753
1807,24,86,8025,0.007752604488685545
1808,31,121,8022,0.007749706318783233
1809,63,210,8021,0.007748740262149128
1810,6,177,8020,0.007747774205515024
1811,32,177,8015,0.007742943922344503
1812,61,14,8014,0.0077419778657104
1813,15,114,8013,0.0077410118090762954
1814,5,165,8013,0.0077410118090762954
1815,75,8,8008,0.007736181525905775
1816,33,194,8005,0.0077332833560034625
1817,3,211,8004,0.007732317299369358
1818,44,31,8001,0.007729419129467046
1819,59,186,8000,0.007728453072832942
1820,33,110,7998,0.007726520959564734
1821,52,48,7993,0.007721690676394213
1822,12,95,7992,0.007720724619760109
1823,68,7,7987,0.007715894336589588
1824,3,220,7985,0.00771396222332138
1825,57,57,7984,0.007712996166687276
1826,13,43,7983,0.007712030110053171
1827,68,162,7981,0.0077100979967849636
1828,40,162,7981,0.0077100979967849636
1829,33,66,7980,0.007709131940150859
1830,30,162,7980,0.007709131940150859
1831,64,131,7978,0.007707199826882651
1832,61,216,7978,0.007707199826882651
1833,14,11,7976,0.007705267713614443
1834,16,139,7975,0.007704301656980338
1835,8,8,7971,0.007700437430443923
1836,55,211,7968,0.00769753926054161
1837,30,246,7968,0.00769753926054161
1838,39,59,7966,0.007695607147273402
1839,51,29,7965,0.007694641090639298
1840,55,68,7962,0.0076917429207369855
1841,22,64,7960,0.007689810807468777
1842,12,76,7960,0.007689810807468777
1843,16,61,7956,0.00768594658093236
1844,50,188,7954,0.0076840144676641525
1845,66,239,7951,0.00768111629776184
1846,73,227,7945,0.007675319957957215
1847,60,206,7944,0.007674353901323111
1848,30,122,7943,0.007673387844689007
1849,61,108,7936,0.007666625448250278
1850,35,219,7935,0.007665659391616174
1851,16,211,7934,0.00766469333498207
1852,74,13,7933,0.007663727278347966
1853,66,187,7933,0.007663727278347966
1854,20,107,7933,0.007663727278347966
1855,68,10,7932,0.007662761221713861
1856,21,105,7932,0.007662761221713861
1857,77,66,7931,0.007661795165079758
1858,46,209,7931,0.007661795165079758
1859,76,165,7929,0.007659863051811549
1860,55,155,7927,0.007657930938543341
1861,59,136,7924,0.007655032768641028
1862,44,251,7923,0.007654066712006925
1863,41,93,7921,0.007652134598738716
1864,40,76,7918,0.007649236428836404
1865,18,210,7918,0.007649236428836404
1866,43,12,7917,0.0076482703722023
1867,16,177,7915,0.007646338258934092
1868,15,117,7911,0.0076424740323976755
1869,25,96,7901,0.007632813466056634
1870,59,43,7897,0.007628949239520217
1871,56,197,7897,0.007628949239520217
1872,12,104,7897,0.007628949239520217
1873,40,51,7895,0.0076270171262520095
1874,21,84,7893,0.007625085012983801
1875,74,148,7891,0.007623152899715593
1876,59,208,7891,0.007623152899715593
1877,56,51,7891,0.007623152899715593
1878,16,75,7891,0.007623152899715593
1879,5,25,7891,0.007623152899715593
1880,73,225,7890,0.007622186843081489
1881,67,91,7890,0.007622186843081489
1882,63,128,7890,0.007622186843081489
1883,32,13,7886,0.007618322616545072
1884,18,193,7886,0.007618322616545072
1885,73,30,7884,0.007616390503276864
1886,51,15,7879,0.007611560220106344
1887,60,45,7876,0.0076086620502040314
1888,32,255,7876,0.0076086620502040314
1889,32,91,7875,0.007607695993569927
1890,69,181,7872,0.007604797823667615
1891,74,213,7869,0.007601899653765302
1892,10,210,7868,0.0076009335971311985
1893,68,3,7867,0.007599967540497094
1894,39,28,7866,0.00759900148386299
1895,62,138,7864,0.007597069370594782
1896,62,3,7863,0.007596103313960678
1897,23,173,7861,0.007594171200692469
1898,72,6,7860,0.0075932051440583655
1899,52,220,7859,0.007592239087424261
1900,13,78,7855,0.007588374860887845
1901,46,109,7853,0.007586442747619637
1902,37,204,7852,0.0075854766909855325
1903,42,168,7851,0.007584510634351428
1904,67,158,7849,0.00758257852108322
1905,47,50,7849,0.00758257852108322
1906,43,249,7849,0.00758257852108322
1907,67,197,7848,0.007581612464449116
1908,55,87,7847,0.007580646407815012
1909,55,42,7842,0.007575816124644491
1910,64,5,7840,0.007573884011376283
1911,21,34,7839,0.007572917954742179
1912,17,156,7838,0.007571951898108074
1913,59,244,7835,0.007569053728205762
1914,15,118,7833,0.0075671216149375544
1915,10,189,7832,0.00756615555830345
1916,72,216,7831,0.007565189501669346
1917,15,233,7830,0.007564223445035241
1918,37,189,7829,0.007563257388401138
1919,16,178,7826,0.007560359218498825
1920,31,170,7822,0.0075564949919624085
1921,49,231,7817,0.0075516647087918885
1922,31,189,7816,0.007550698652157784
1923,49,112,7811,0.007545868368987263
1924,18,70,7811,0.007545868368987263
1925,73,66,7810,0.007544902312353159
1926,48,39,7810,0.007544902312353159
1927,65,169,7809,0.0075439362557190555
1928,24,25,7808,0.007542970199084951
1929,76,35,7805,0.007540072029182639
1930,34,104,7805,0.007540072029182639
1931,75,177,7803,0.00753813991591443
1932,37,135,7803,0.00753813991591443
1933,26,137,7803,0.00753813991591443
1934,57,174,7802,0.007537173859280326
1935,19,135,7802,0.007537173859280326
1936,53,129,7799,0.007534275689378014
1937,6,233,7799,0.007534275689378014
1938,71,177,7796,0.007531377519475702
1939,63,87,7793,0.00752847934957339
1940,50,127,7793,0.00752847934957339
1941,36,84,7792,0.007527513292939285
1942,8,146,7791,0.007526547236305181
1943,38,200,7790,0.007525581179671077
1944,33,104,7790,0.007525581179671077
1945,18,216,7790,0.007525581179671077
1946,66,181,7788,0.007523649066402869
1947,63,161,7786,0.007521716953134661
1948,41,196,7786,0.007521716953134661
1949,21,99,7786,0.007521716953134661
1950,65,181,7785,0.007520750896500557
1951,53,6,7782,0.0075178527265982445
1952,65,6,7781,0.00751688666996414
1953,58,1,7781,0.00751688666996414
1954,32,128,7781,0.00751688666996414
1955,71,225,7780,0.007515920613330036
1956,34,76,7780,0.007515920613330036
1957,64,10,7777,0.007513022443427724
1958,23,107,7777,0.007513022443427724
1959,11,152,7777,0.007513022443427724
1960,65,88,7775,0.007511090330159515
1961,16,23,7774,0.0075101242735254115
1962,57,248,7773,0.007509158216891307
1963,62,168,7772,0.007508192160257203
1964,41,141,7772,0.007508192160257203
1965,34,172,7771,0.0075072261036230985
1966,25,127,7768,0.007504327933720786
1967,74,110,7765,0.007501429763818474
1968,60,78,7765,0.007501429763818474
1969,66,149,7763,0.0074994976505502655
1970,47,48,7760,0.007496599480647953
1971,36,160,7759,0.007495633424013849
1972,28,208,7758,0.0074946673673797455
1973,44,24,7756,0.007492735254111537
1974,57,103,7755,0.0074917691974774325
1975,47,33,7755,0.0074917691974774325
1976,41,156,7750,0.007486938914306913
1977,67,244,7749,0.007485972857672808
1978,54,164,7747,0.0074840407444045996
1979,68,111,7743,0.007480176517868183
1980,52,10,7743,0.007480176517868183
1981,9,12,7741,0.007478244404599975
1982,30,239,7740,0.007477278347965871
1983,41,224,7737,0.007474380178063559
1984,46,176,7735,0.007472448064795351
1985,34,48,7733,0.007470515951527142
1986,20,9,7733,0.007470515951527142
1987,63,209,7731,0.0074685838382589345
1988,43,76,7730,0.00746761778162483
1989,33,200,7726,0.007463753555088414
1990,48,73,7725,0.007462787498454309
1991,28,45,7724,0.007461821441820205
1992,11,17,7724,0.007461821441820205
1993,71,123,7722,0.007459889328551997
1994,39,200,7722,0.007459889328551997
1995,74,30,7721,0.007458923271917893
1996,41,143,7721,0.007458923271917893
1997,37,96,7717,0.007455059045381476
1998,57,126,7714,0.007452160875479164
1999,23,55,7713,0.00745119481884506
2000,59,42,7712,0.0074502287622109555
2001,9,210,7711,0.007449262705576852
2002,12,138,7709,0.007447330592308643
2003,25,200,7708,0.007446364535674539
2004,57,180,7707,0.0074453984790404356
2005,64,168,7699,0.007437670025967603
2006,33,91,7698,0.007436703969333498
2007,77,152,7697,0.007435737912699394
2008,50,192,7696,0.00743477185606529
2009,51,37,7695,0.007433805799431186
2010,46,30,7695,0.007433805799431186
2011,57,114,7694,0.007432839742797082
2012,52,156,7694,0.007432839742797082
2013,60,222,7693,0.007431873686162977
2014,3,195,7693,0.007431873686162977
2015,58,176,7692,0.007430907629528873
2016,31,150,7692,0.007430907629528873
2017,31,177,7690,0.007428975516260665
2018,22,150,7690,0.007428975516260665
2019,20,96,7690,0.007428975516260665
2020,64,85,7689,0.007428009459626561
2021,29,38,7684,0.007423179176456041
2022,14,79,7683,0.007422213119821937
2023,26,18,7680,0.0074193149499196245
2024,62,57,7679,0.00741834889328552
2025,74,89,7678,0.007417382836651416
2026,14,96,7678,0.007417382836651416
2027,21,136,7676,0.007415450723383208
2028,50,60,7675,0.007414484666749104
2029,76,240,7673,0.007412552553480895
2030,22,166,7673,0.007412552553480895
2031,38,162,7672,0.0074115864968467915
2032,58,233,7670,0.007409654383578583
2033,14,232,7668,0.007407722270310375
2034,65,133,7667,0.007406756213676271
2035,40,19,7666,0.007405790157042166
2036,12,58,7666,0.007405790157042166
2037,76,178,7663,0.007402891987139854
2038,51,133,7663,0.007402891987139854
2039,9,211,7663,0.007402891987139854
2040,75,151,7657,0.007397095647335229
2041,73,251,7656,0.007396129590701126
2042,59,165,7656,0.007396129590701126
2043,57,229,7653,0.007393231420798813
2044,70,209,7652,0.007392265364164709
2045,75,136,7651,0.007391299307530605
2046,57,83,7650,0.0073903332508965
2047,17,122,7649,0.007389367194262396
2048,39,232,7648,0.007388401137628293
2049,27,35,7647,0.007387435080994188
2050,29,74,7643,0.007383570854457772
2051,19,80,7643,0.007383570854457772
2052,72,231,7642,0.0073826047978236675
2053,49,7,7642,0.0073826047978236675
2054,45,37,7642,0.0073826047978236675
2055,75,99,7640,0.00738067268455546
2056,61,66,7639,0.007379706627921355
2057,11,71,7639,0.007379706627921355
2058,77,59,7632,0.007372944231482627
2059,40,232,7630,0.007371012118214418
2060,32,46,7627,0.007368113948312106
2061,62,30,7624,0.007365215778409794
2062,39,144,7624,0.007365215778409794
2063,11,23,7621,0.0073623176085074815
2064,58,117,7617,0.007358453381971065
2065,36,46,7616,0.007357487325336961
2066,32,75,7615,0.007356521268702856
2067,57,3,7614,0.007355555212068752
2068,38,38,7614,0.007355555212068752
2069,51,223,7612,0.007353623098800544
2070,63,208,7608,0.007349758872264128
2071,43,43,7608,0.007349758872264128
2072,17,124,7604,0.007345894645727711
2073,44,202,7603,0.007344928589093607
2074,58,78,7600,0.007342030419191295
2075,25,165,7599,0.0073410643625571904
2076,56,38,7597,0.007339132249288983
2077,69,223,7595,0.007337200136020774
2078,42,113,7593,0.007335268022752566
2079,15,194,7593,0.007335268022752566
2080,48,207,7592,0.007334301966118462
2081,54,190,7591,0.0073333359094843575
2082,31,241,7591,0.0073333359094843575
2083,28,102,7590,0.007332369852850253
2084,16,130,7590,0.007332369852850253
2085,59,44,7588,0.007330437739582045
2086,17,72,7588,0.007330437739582045
2087,5,189,7588,0.007330437739582045
2088,63,236,7586,0.007328505626313837
2089,40,60,7586,0.007328505626313837
2090,77,35,7584,0.007326573513045629
2091,69,122,7584,0.007326573513045629
2092,44,247,7583,0.0073256074564115245
2093,41,138,7582,0.00732464139977742
2094,20,209,7579,0.007321743229875108
2095,60,150,7577,0.0073198111166069
2096,12,48,7575,0.0073178790033386915
2097,13,110,7574,0.007316912946704587
2098,73,135,7573,0.007315946890070484
2099,27,4,7573,0.007315946890070484
2100,39,15,7572,0.007314980833436379
2101,11,230,7572,0.007314980833436379
2102,69,251,7569,0.007312082663534067
2103,68,163,7568,0.007311116606899963
2104,11,60,7568,0.007311116606899963
2105,23,1,7565,0.007308218436997651
2106,74,74,7559,0.007302422097193026
2107,8,90,7559,0.007302422097193026
2108,32,23,7554,0.007297591814022506
2109,23,196,7553,0.007296625757388401
2110,64,59,7549,0.007292761530851985
2111,47,101,7548,0.0072917954742178805
2112,49,41,7544,0.007287931247681464
2113,26,2,7544,0.007287931247681464
2114,75,68,7543,0.00728696519104736
2115,41,136,7542,0.007285999134413256
2116,57,244,7541,0.007285033077779152
2117,29,148,7541,0.007285033077779152
2118,4,92,7539,0.007283100964510943
2119,39,8,7538,0.00728213490787684
2120,40,188,7534,0.007278270681340423
2121,33,167,7534,0.007278270681340423
2122,44,197,7533,0.007277304624706319
2123,40,81,7531,0.00727537251143811
2124,27,163,7531,0.00727537251143811
2125,34,211,7530,0.007274406454804007
2126,34,72,7529,0.007273440398169902
2127,64,137,7528,0.007272474341535798
2128,9,44,7528,0.007272474341535798
2129,47,109,7527,0.007271508284901694
2130,73,197,7526,0.00727054222826759
2131,25,229,7526,0.00727054222826759
2132,40,10,7522,0.007266678001731174
2133,76,39,7521,0.007265711945097069
2134,67,255,7519,0.007263779831828861
2135,64,185,7519,0.007263779831828861
2136,38,159,7518,0.007262813775194757
2137,25,88,7518,0.007262813775194757
2138,11,186,7518,0.007262813775194757
2139,74,117,7517,0.007261847718560653
2140,52,70,7515,0.007259915605292444
2141,41,109,7515,0.007259915605292444
2142,28,20,7512,0.007257017435390132
2143,51,86,7511,0.007256051378756029
2144,49,132,7511,0.007256051378756029
2145,44,185,7511,0.007256051378756029
2146,16,49,7511,0.007256051378756029
2147,34,205,7510,0.007255085322121924
2148,42,194,7509,0.00725411926548782
2149,45,216,7505,0.0072502550389514035
2150,56,240,7503,0.007248322925683196
2151,50,208,7503,0.007248322925683196
2152,72,130,7499,0.007244458699146779
2153,61,60,7499,0.007244458699146779
2154,14,20,7499,0.007244458699146779
2155,49,141,7498,0.007243492642512675
2156,48,244,7496,0.007241560529244466
2157,37,209,7496,0.007241560529244466
2158,44,217,7493,0.007238662359342154
2159,77,120,7489,0.0072347981328057375
2160,76,116,7489,0.0072347981328057375
2161,10,246,7488,0.007233832076171633
2162,73,78,7483,0.007229001793001113
2163,58,198,7483,0.007229001793001113
2164,56,48,7483,0.007229001793001113
2165,63,102,7479,0.007225137566464697
2166,69,2,7474,0.007220307283294176
2167,34,70,7472,0.007218375170025967
2168,24,217,7465,0.007211612773587239
2169,69,112,7462,0.0072087146036849264
2170,66,38,7462,0.0072087146036849264
2171,59,101,7461,0.007207748547050822
2172,39,182,7460,0.007206782490416718
2173,14,238,7460,0.007206782490416718
2174,21,143,7458,0.00720485037714851
2175,65,42,7456,0.007202918263880302
2176,37,186,7456,0.007202918263880302
2177,70,119,7454,0.0072009861506120935
2178,66,70,7452,0.007199054037343886
2179,59,223,7452,0.007199054037343886
2180,51,166,7449,0.007196155867441573
2181,34,17,7449,0.007196155867441573
2182,6,179,7444,0.007191325584271053
2183,64,161,7443,0.007190359527636948
2184,49,236,7440,0.007187461357734636
2185,45,41,7436,0.00718359713119822
2186,62,233,7435,0.007182631074564115
2187,75,187,7432,0.007179732904661803
2188,63,239,7430,0.0071778007913935946
2189,66,218,7429,0.00717683473475949
2190,34,253,7428,0.007175868678125387
2191,20,254,7423,0.007171038394954866
2192,72,217,7422,0.007170072338320762
2193,54,80,7422,0.007170072338320762
2194,45,65,7421,0.007169106281686657
2195,16,203,7419,0.0071671741684184494
2196,56,31,7412,0.007160411771979721
2197,36,62,7412,0.007160411771979721
2198,23,153,7412,0.007160411771979721
2199,29,250,7410,0.007158479658711512
2200,14,7,7407,0.0071555814888092
2201,32,7,7406,0.007154615432175096
2202,72,117,7400,0.007148819092370471
2203,24,192,7400,0.007148819092370471
2204,33,246,7399,0.007147853035736367
2205,43,203,7397,0.007145920922468159
2206,24,37,7397,0.007145920922468159
2207,58,128,7392,0.007141090639297638
2208,54,72,7392,0.007141090639297638
2209,15,83,7391,0.007140124582663534
2210,50,14,7389,0.007138192469395326
2211,34,228,7388,0.007137226412761222
2212,21,198,7387,0.0071362603561271176
2213,51,28,7381,0.007130464016322493
2214,10,152,7379,0.007128531903054285
2215,64,179,7377,0.007126599789786077
2216,28,64,7377,0.007126599789786077
2217,77,194,7373,0.00712273556324966
2218,50,219,7370,0.007119837393347347
2219,46,186,7367,0.007116939223445035
2220,31,1,7366,0.007115973166810931
2221,63,58,7364,0.007114041053542723
2222,9,26,7363,0.007113074996908619
2223,30,58,7357,0.007107278657103994
2224,47,195,7356,0.00710631260046989
2225,33,144,7356,0.00710631260046989
2226,31,20,7355,0.007105346543835786
2227,8,66,7355,0.007105346543835786
2228,59,112,7352,0.0071024483739334735
2229,9,142,7352,0.0071024483739334735
2230,32,61,7351,0.007101482317299369
2231,72,202,7350,0.007100516260665265
2232,40,192,7350,0.007100516260665265
2233,19,122,7347,0.007097618090762953
2234,64,225,7346,0.007096652034128848
2235,42,60,7345,0.007095685977494745
2236,73,119,7343,0.007093753864226536
2237,6,246,7342,0.007092787807592432
2238,15,101,7341,0.007091821750958328
2239,61,148,7340,0.007090855694324224
2240,66,222,7339,0.00708988963769012
2241,63,194,7339,0.00708988963769012
2242,24,16,7339,0.00708988963769012
2243,57,195,7338,0.007088923581056016
2244,16,110,7338,0.007088923581056016
2245,63,187,7337,0.007087957524421912
2246,9,75,7336,0.007086991467787808
2247,46,91,7333,0.007084093297885495
2248,35,175,7333,0.007084093297885495
2249,5,11,7333,0.007084093297885495
2250,76,234,7331,0.007082161184617287
2251,53,117,7331,0.007082161184617287
2252,60,88,7330,0.007081195127983183
2253,27,255,7329,0.007080229071349079
2254,46,31,7328,0.007079263014714975
2255,47,94,7323,0.007074432731544454
2256,54,47,7320,0.007071534561642142
2257,48,82,7319,0.007070568505008037
2258,29,67,7319,0.007070568505008037
2259,32,31,7318,0.007069602448373934
2260,57,85,7317,0.0070686363917398295
2261,62,12,7313,0.007064772165203413
2262,48,90,7312,0.007063806108569309
2263,25,4,7312,0.007063806108569309
2264,49,185,7311,0.007062840051935204
2265,21,141,7306,0.007058009768764684
2266,52,63,7305,0.00705704371213058
2267,63,179,7304,0.007056077655496476
2268,76,98,7303,0.007055111598862371
2269,15,115,7303,0.007055111598862371
2270,39,143,7302,0.007054145542228268
2271,54,85,7301,0.0070531794855941635
2272,38,192,7301,0.0070531794855941635
2273,7,210,7299,0.007051247372325955
2274,70,238,7298,0.007050281315691851
2275,12,22,7297,0.007049315259057747
2276,39,227,7295,0.007047383145789538
2277,3,223,7295,0.007047383145789538
2278,77,82,7294,0.007046417089155435
2279,72,68,7292,0.007044484975887226
2280,8,4,7292,0.007044484975887226
2281,46,181,7290,0.007042552862619018
2282,32,164,7289,0.007041586805984914
2283,40,147,7284,0.007036756522814393
2284,13,154,7283,0.00703579046618029
2285,77,72,7281,0.007033858352912081
2286,58,244,7279,0.007031926239643873
2287,73,220,7277,0.007029994126375665
2288,35,150,7277,0.007029994126375665
2289,65,127,7275,0.007028062013107457
2290,44,39,7275,0.007028062013107457
2291,61,241,7274,0.0070270959564733525
2292,13,29,7271,0.00702419778657104
2293,73,244,7268,0.007021299616668727
2294,66,109,7268,0.007021299616668727
2295,60,20,7268,0.007021299616668727
2296,38,84,7260,0.007013571163595894
2297,7,83,7260,0.007013571163595894
2298,27,251,7258,0.0070116390503276865
2299,44,6,7257,0.007010672993693582
2300,11,197,7254,0.00700777482379127
2301,60,85,7253,0.007006808767157166
2302,53,5,7253,0.007006808767157166
2303,25,35,7253,0.007006808767157166
2304,32,158,7252,0.007005842710523061
2305,23,105,7252,0.007005842710523061
2306,56,249,7248,0.007001978483986645
2307,18,62,7247,0.007001012427352541
2308,75,19,7246,0.007000046370718437
2309,35,10,7245,0.006999080314084333
2310,66,81,7244,0.006998114257450228
2311,10,141,7244,0.006998114257450228
2312,69,50,7243,0.006997148200816125
2313,71,5,7242,0.006996182144182021
2314,58,172,7242,0.006996182144182021
2315,45,235,7240,0.006994250030913812
2316,75,13,7238,0.006992317917645604
2317,60,106,7238,0.006992317917645604
2318,6,222,7238,0.006992317917645604
2319,61,52,7237,0.0069913518610115
2320,39,215,7236,0.006990385804377395
2321,28,21,7236,0.006990385804377395
2322,8,162,7235,0.006989419747743292
2323,10,19,7233,0.006987487634475083
2324,74,107,7232,0.006986521577840979
2325,47,217,7229,0.006983623407938667
2326,38,54,7229,0.006983623407938667
2327,5,246,7228,0.0069826573513045625
2328,64,72,7224,0.006978793124768147
2329,48,123,7224,0.006978793124768147
2330,29,160,7224,0.006978793124768147
2331,57,21,7223,0.0069778270681340425
2332,12,79,7223,0.0069778270681340425
2333,68,86,7221,0.006975894954865834
2334,61,245,7220,0.00697492889823173
2335,11,13,7219,0.006973962841597626
2336,74,126,7218,0.006972996784963522
2337,41,70,7218,0.006972996784963522
2338,33,204,7217,0.006972030728329417
2339,50,54,7216,0.006971064671695314
2340,58,109,7215,0.0069700986150612095
2341,28,101,7215,0.0069700986150612095
2342,67,36,7213,0.006968166501793001
2343,49,17,7213,0.006968166501793001
2344,70,92,7211,0.006966234388524793
2345,8,192,7208,0.006963336218622481
2346,48,215,7207,0.0069623701619883765
2347,58,119,7203,0.00695850593545196
2348,40,26,7203,0.00695850593545196
2349,11,90,7203,0.00695850593545196
2350,52,138,7201,0.006956573822183751
2351,74,22,7200,0.006955607765549648
2352,24,158,7198,0.006953675652281439
2353,63,189,7197,0.006952709595647335
2354,56,7,7197,0.006952709595647335
2355,3,163,7197,0.006952709595647335
2356,20,121,7196,0.006951743539013231
2357,77,177,7195,0.006950777482379127
2358,70,67,7195,0.006950777482379127
2359,30,171,7193,0.006948845369110918
2360,31,184,7187,0.006943049029306294
2361,65,90,7186,0.00694208297267219
2362,38,253,7186,0.00694208297267219
2363,18,214,7186,0.00694208297267219
2364,7,82,7183,0.006939184802769878
2365,26,108,7182,0.006938218746135773
2366,27,250,7181,0.006937252689501669
2367,23,25,7181,0.006937252689501669
2368,44,196,7180,0.0069362866328675655
2369,64,7,7176,0.006932422406331149
2370,56,236,7176,0.006932422406331149
2371,77,37,7171,0.006927592123160628
2372,12,240,7171,0.006927592123160628
2373,75,60,7170,0.006926626066526524
2374,50,222,7167,0.006923727896624212
2375,14,15,7167,0.006923727896624212
2376,33,14,7166,0.006922761839990107
2377,31,149,7165,0.006921795783356004
2378,32,253,7164,0.0069208297267218995
2379,64,190,7163,0.006919863670087795
2380,28,168,7163,0.006919863670087795
2381,6,191,7163,0.006919863670087795
2382,53,185,7156,0.006913101273649067
2383,25,105,7148,0.006905372820576234
2384,68,234,7147,0.006904406763942129
2385,68,23,7146,0.006903440707308025
2386,34,134,7145,0.0069024746506739214
2387,20,154,7144,0.006901508594039817
2388,19,64,7143,0.006900542537405713
2389,68,97,7141,0.006898610424137505
2390,19,145,7140,0.006897644367503401
2391,67,254,7139,0.006896678310869296
2392,58,83,7135,0.00689281408433288
2393,70,254,7134,0.0068918480276987755
2394,75,5,7131,0.006888949857796463
2395,46,141,7131,0.006888949857796463
2396,47,8,7130,0.006887983801162359
2397,33,234,7127,0.006885085631260047
2398,48,86,7124,0.006882187461357735
2399,62,28,7123,0.00688122140472363
2400,9,202,7122,0.006880255348089526
2401,41,97,7120,0.006878323234821318
2402,42,191,7119,0.006877357178187214
2403,33,59,7117,0.006875425064919006
2404,9,137,7114,0.006872526895016693
2405,32,72,7113,0.0068715608383825896
2406,72,32,7112,0.006870594781748485
2407,13,15,7112,0.006870594781748485
2408,4,137,7112,0.006870594781748485
2409,23,58,7109,0.006867696611846173
2410,23,102,7107,0.006865764498577964
2411,23,63,7105,0.006863832385309757
2412,54,86,7103,0.006861900272041548
2413,75,175,7102,0.0068609342154074444
2414,56,81,7100,0.006859002102139236
2415,56,201,7097,0.006856103932236924
2416,49,73,7096,0.006855137875602819
2417,10,162,7096,0.006855137875602819
2418,63,24,7095,0.006854171818968715
2419,77,170,7093,0.006852239705700507
2420,4,120,7093,0.006852239705700507
2421,11,62,7092,0.006851273649066403
2422,68,169,7084,0.00684354519599357
2423,45,2,7084,0.00684354519599357
2424,44,33,7080,0.006839680969457153
2425,11,117,7080,0.006839680969457153
2426,74,164,7079,0.006838714912823049
2427,66,15,7077,0.006836782799554841
2428,17,101,7076,0.006835816742920737
2429,58,200,7075,0.0068348506862866325
2430,74,174,7074,0.006833884629652529
2431,46,227,7073,0.006832918573018425
2432,63,163,7070,0.0068300204031161126
2433,50,41,7070,0.0068300204031161126
2434,43,230,7070,0.0068300204031161126
2435,10,247,7070,0.0068300204031161126
2436,70,35,7068,0.006828088289847904
2437,34,3,7067,0.0068271222332137995
2438,18,55,7065,0.006825190119945592
2439,62,125,7063,0.006823258006677383
2440,49,68,7063,0.006823258006677383
2441,30,222,7060,0.006820359836775071
2442,16,41,7060,0.006820359836775071
2443,43,16,7059,0.006819393780140967
2444,3,131,7059,0.006819393780140967
2445,22,86,7057,0.006817461666872759
2446,58,112,7052,0.006812631383702238
2447,31,116,7051,0.0068116653270681345
2448,18,101,7050,0.00681069927043403
2449,55,136,7049,0.006809733213799926
2450,49,248,7049,0.006809733213799926
2451,13,197,7048,0.0068087671571658214
2452,77,91,7046,0.006806835043897614
2453,41,177,7046,0.006806835043897614
2454,51,118,7045,0.006805868987263509
2455,43,111,7045,0.006805868987263509
2456,71,171,7043,0.0068039368739953015
2457,38,24,7043,0.0068039368739953015
2458,69,170,7042,0.006802970817361197
2459,31,161,7040,0.0068010387040929885
2460,39,234,7035,0.0067962084209224685
2461,76,113,7031,0.006792344194386052
2462,8,78,7031,0.006792344194386052
2463,57,161,7030,0.006791378137751948
2464,36,98,7029,0.006790412081117843
2465,12,110,7029,0.006790412081117843
2466,57,87,7028,0.006789446024483739
2467,54,146,7024,0.0067855817979473225
2468,38,76,7024,0.0067855817979473225
2469,61,134,7023,0.006784615741313219
2470,55,199,7021,0.00678268362804501
2471,71,37,7019,0.006780751514776803
2472,68,208,7018,0.006779785458142698
2473,71,236,7017,0.006778819401508594
2474,71,65,7017,0.006778819401508594
2475,40,95,7017,0.006778819401508594
2476,4,220,7017,0.006778819401508594
2477,53,54,7015,0.006776887288240386
2478,74,52,7014,0.006775921231606282
2479,5,20,7014,0.006775921231606282
2480,46,61,7013,0.006774955174972177
2481,13,115,7013,0.006774955174972177
2482,20,198,7011,0.00677302306170397
2483,70,229,7010,0.006772057005069865
2484,9,40,7010,0.006772057005069865
2485,26,87,7009,0.006771090948435761
2486,60,250,7006,0.006768192778533449
2487,67,51,7003,0.006765294608631137
2488,51,221,7003,0.006765294608631137
2489,48,154,7003,0.006765294608631137
2490,31,48,6998,0.006760464325460616
2491,13,9,6997,0.0067594982688265115
2492,41,42,6996,0.006758532212192408
2493,25,113,6995,0.006757566155558304
2494,9,221,6994,0.006756600098924199
2495,22,39,6992,0.0067546679856559915
2496,47,244,6991,0.006753701929021887
2497,73,168,6987,0.006749837702485471
2498,72,58,6986,0.006748871645851366
2499,62,82,6985,0.006747905589217262
2500,64,255,6982,0.00674500741931495
2501,29,75,6982,0.00674500741931495
2502,44,181,6979,0.006742109249412638
2503,31,7,6979,0.006742109249412638
2504,77,156,6975,0.006738245022876221
2505,65,204,6973,0.0067363129096080126
2506,19,176,6973,0.0067363129096080126
2507,35,116,6972,0.006735346852973909
2508,10,179,6972,0.006735346852973909
2509,6,1,6972,0.006735346852973909
2510,24,35,6971,0.006734380796339805
2511,17,235,6971,0.006734380796339805
2512,14,131,6971,0.006734380796339805
2513,18,75,6969,0.006732448683071596
2514,41,236,6968,0.006731482626437493
2515,10,212,6967,0.006730516569803388
2516,3,161,6966,0.006729550513169284
2517,66,74,6965,0.00672858445653518
2518,36,223,6963,0.006726652343266972
2519,51,93,6962,0.006725686286632867
2520,12,39,6961,0.006724720229998763
2521,11,183,6961,0.006724720229998763
2522,18,73,6960,0.00672375417336466
2523,52,52,6956,0.006719889946828243
2524,46,223,6955,0.006718923890194139
2525,54,110,6954,0.0067179578335600345
2526,73,89,6953,0.00671699177692593
2527,74,118,6951,0.006715059663657722
2528,54,144,6947,0.006711195437121306
2529,37,242,6945,0.006709263323853097
2530,20,99,6945,0.006709263323853097
2531,20,90,6943,0.006707331210584889
2532,73,182,6942,0.006706365153950785
2533,28,55,6942,0.006706365153950785
2534,30,251,6937,0.006701534870780265
2535,68,207,6936,0.006700568814146161
2536,27,248,6936,0.006700568814146161
2537,47,251,6935,0.006699602757512056
2538,63,109,6933,0.0066976706442438486
2539,27,84,6931,0.00669573853097564
2540,66,88,6930,0.0066947724743415355
2541,76,168,6929,0.006693806417707432
2542,46,71,6928,0.006692840361073328
2543,25,226,6928,0.006692840361073328
2544,25,70,6928,0.006692840361073328
2545,76,177,6926,0.006690908247805119
2546,37,63,6926,0.006690908247805119
2547,17,222,6926,0.006690908247805119
2548,16,230,6926,0.006690908247805119
2549,51,55,6925,0.006689942191171016
2550,45,101,6923,0.006688010077902807
2551,27,212,6922,0.006687044021268703
2552,18,17,6922,0.006687044021268703
2553,24,64,6921,0.006686077964634599
2554,70,253,6919,0.00668414585136639
2555,5,100,6919,0.00668414585136639
2556,4,210,6919,0.00668414585136639
2557,65,193,6918,0.006683179794732286
2558,65,9,6918,0.006683179794732286
2559,34,69,6918,0.006683179794732286
2560,47,60,6916,0.006681247681464078
2561,32,85,6915,0.006680281624829974
2562,35,57,6914,0.00667931556819587
2563,30,149,6913,0.006678349511561766
2564,36,118,6912,0.006677383454927662
2565,3,248,6911,0.0066764173982935575
2566,10,135,6910,0.006675451341659453
2567,70,242,6905,0.006670621058488933
2568,46,6,6904,0.006669655001854829
2569,71,149,6903,0.0066686889452207245
2570,51,242,6900,0.006665790775318412
2571,13,254,6899,0.006664824718684308
2572,6,48,6898,0.006663858662050204
2573,35,190,6894,0.006659994435513787
2574,29,99,6894,0.006659994435513787
2575,67,37,6893,0.006659028378879684
2576,35,208,6893,0.006659028378879684
2577,19,14,6893,0.006659028378879684
2578,75,33,6891,0.006657096265611475
2579,23,253,6887,0.0066532320390750585
2580,57,147,6885,0.006651299925806851
2581,60,141,6884,0.006650333869172746
2582,4,53,6883,0.006649367812538642
2583,16,57,6881,0.006647435699270434
2584,10,153,6880,0.00664646964263633
2585,61,121,6879,0.0066455035860022256
2586,52,54,6879,0.0066455035860022256
2587,37,4,6879,0.0066455035860022256
2588,61,142,6876,0.006642605416099913
2589,62,201,6875,0.006641639359465809
2590,62,62,6872,0.006638741189563497
2591,23,20,6870,0.006636809076295289
2592,22,81,6868,0.0066348769630270804
2593,76,194,6866,0.006632944849758873
2594,11,200,6864,0.006631012736490664
2595,43,17,6863,0.00663004667985656
2596,62,112,6862,0.006629080623222456
2597,55,106,6861,0.006628114566588352
2598,71,99,6860,0.0066271485099542475
2599,43,71,6860,0.0066271485099542475
2600,33,37,6859,0.006626182453320143
2601,22,3,6858,0.00662521639668604
2602,7,51,6856,0.006623284283417831
2603,48,169,6854,0.006621352170149623
2604,19,81,6854,0.006621352170149623
2605,3,158,6852,0.0066194200568814145
2606,65,198,6851,0.00661845400024731
2607,25,71,6849,0.006616521886979102
2608,41,188,6848,0.006615555830344998
2609,66,100,6847,0.006614589773710894
2610,30,182,6846,0.00661362371707679
2611,3,37,6846,0.00661362371707679
2612,76,145,6845,0.006612657660442686
2613,54,112,6845,0.006612657660442686
2614,31,215,6845,0.006612657660442686
2615,75,133,6844,0.0066116916038085815
2616,30,64,6844,0.0066116916038085815
2617,46,43,6842,0.006609759490540374
2618,14,50,6841,0.006608793433906269
2619,59,158,6840,0.006607827377272165
2620,30,29,6838,0.006605895264003957
2621,17,243,6836,0.0066039631507357486
2622,55,99,6835,0.006602997094101644
2623,47,87,6834,0.006602031037467541
2624,16,222,6834,0.006602031037467541
2625,48,181,6833,0.006601064980833436
2626,46,166,6832,0.006600098924199332
2627,41,139,6830,0.006598166810931124
2628,75,12,6829,0.00659720075429702
2629,50,162,6829,0.00659720075429702
2630,34,250,6827,0.006595268641028811
2631,61,36,6825,0.0065933365277606034
2632,33,126,6825,0.0065933365277606034
2633,19,118,6825,0.0065933365277606034
2634,17,171,6825,0.0065933365277606034
2635,31,34,6824,0.006592370471126499
2636,25,29,6823,0.006591404414492396
2637,6,152,6820,0.006588506244590083
2638,73,241,6818,0.006586574131321875
2639,38,61,6817,0.0065856080746877705
2640,25,39,6816,0.006584642018053666
2641,19,92,6816,0.006584642018053666
2642,71,178,6815,0.006583675961419563
2643,42,216,6815,0.006583675961419563
2644,31,168,6814,0.006582709904785458
2645,49,170,6812,0.00658077779151725
2646,23,212,6812,0.00658077779151725
2647,76,45,6811,0.006579811734883146
2648,37,33,6809,0.0065778796216149375
2649,35,47,6809,0.0065778796216149375
2650,3,1,6805,0.006574015395078521
2651,24,166,6803,0.006572083281810313
2652,21,183,6802,0.006571117225176209
2653,27,211,6800,0.006569185111908
2654,65,37,6799,0.006568219055273897
2655,52,223,6799,0.006568219055273897
2656,35,113,6798,0.006567252998639792
2657,9,184,6793,0.0065624227154692715
2658,7,29,6792,0.006561456658835167
2659,37,221,6790,0.006559524545566959
2660,30,207,6790,0.006559524545566959
2661,69,160,6789,0.006558558488932855
2662,67,65,6787,0.006556626375664647
2663,40,71,6784,0.006553728205762334
2664,39,65,6782,0.006551796092494126
2665,12,247,6782,0.006551796092494126
2666,37,120,6781,0.006550830035860022
2667,31,236,6781,0.006550830035860022
2668,17,163,6781,0.006550830035860022
2669,31,165,6780,0.006549863979225918
2670,37,62,6777,0.006546965809323606
2671,69,226,6775,0.006545033696055398
2672,8,19,6774,0.0065440676394212935
2673,53,133,6773,0.006543101582787189
2674,35,188,6773,0.006543101582787189
2675,77,188,6772,0.006542135526153085
2676,17,81,6771,0.006541169469518981
2677,54,178,6770,0.006540203412884877
2678,53,156,6770,0.006540203412884877
2679,69,146,6767,0.006537305242982565
2680,40,205,6767,0.006537305242982565
2681,71,13,6766,0.0065363391863484605
2682,40,202,6766,0.0065363391863484605
2683,68,30,6762,0.006532474959812044
2684,63,50,6762,0.006532474959812044
2685,9,147,6762,0.006532474959812044
2686,59,233,6761,0.00653150890317794
2687,57,212,6761,0.00653150890317794
2688,42,248,6760,0.006530542846543836
2689,22,18,6757,0.006527644676641523
2690,48,177,6756,0.00652667862000742
2691,54,62,6755,0.006525712563373315
2692,47,67,6753,0.006523780450105107
2693,39,216,6750,0.0065208822802027945
2694,39,96,6748,0.006518950166934587
2695,28,151,6748,0.006518950166934587
2696,37,40,6747,0.006517984110300482
2697,13,113,6747,0.006517984110300482
2698,27,129,6746,0.006517018053666378
2699,55,116,6745,0.006516051997032274
2700,14,35,6745,0.006516051997032274
2701,28,112,6744,0.00651508594039817
2702,29,80,6743,0.006514119883764066
2703,10,10,6743,0.006514119883764066
2704,63,203,6742,0.006513153827129962
2705,57,24,6740,0.006511221713861754
2706,42,200,6740,0.006511221713861754
2707,33,74,6733,0.006504459317423024
2708,76,130,6731,0.0065025272041548164
2709,30,77,6731,0.0065025272041548164
2710,27,227,6729,0.006500595090886608
2711,7,175,6728,0.006499629034252504
2712,52,112,6727,0.0064986629776184
2713,70,16,6726,0.006497696920984296
2714,44,36,6726,0.006497696920984296
2715,5,201,6726,0.006497696920984296
2716,42,190,6725,0.006496730864350191
2717,33,48,6725,0.006496730864350191
2718,11,199,6725,0.006496730864350191
2719,23,113,6723,0.0064947987510819835
2720,18,206,6722,0.006493832694447879
2721,47,80,6721,0.006492866637813775
2722,27,71,6721,0.006492866637813775
2723,23,112,6721,0.006492866637813775
2724,64,159,6720,0.006491900581179671
2725,30,190,6720,0.006491900581179671
2726,55,82,6718,0.006489968467911463
2727,73,130,6717,0.006489002411277358
2728,6,225,6717,0.006489002411277358
2729,22,247,6716,0.006488036354643255
2730,64,181,6715,0.0064870702980091505
2731,31,24,6713,0.006485138184740942
2732,28,25,6713,0.006485138184740942
2733,26,207,6713,0.006485138184740942
2734,14,22,6713,0.006485138184740942
2735,8,31,6713,0.006485138184740942
2736,18,7,6711,0.006483206071472734
2737,66,37,6709,0.006481273958204526
2738,19,247,6709,0.006481273958204526
2739,75,71,6707,0.0064793418449363175
2740,45,186,6707,0.0064793418449363175
2741,41,204,6706,0.006478375788302213
2742,16,180,6706,0.006478375788302213
2743,52,37,6704,0.006476443675034005
2744,76,252,6701,0.006473545505131693
2745,8,16,6700,0.006472579448497589
2746,72,184,6695,0.006467749165327068
2747,8,55,6694,0.006466783108692964
2748,39,178,6692,0.006464850995424756
2749,35,48,6691,0.006463884938790652
2750,53,68,6690,0.006462918882156547
2751,45,56,6687,0.006460020712254235
2752,25,81,6687,0.006460020712254235
2753,30,148,6686,0.006459054655620131
2754,41,180,6685,0.006458088598986027
2755,32,219,6685,0.006458088598986027
2756,25,233,6684,0.006457122542351923
2757,26,126,6683,0.006456156485717819
2758,55,223,6682,0.006455190429083714
2759,20,157,6681,0.006454224372449611
2760,11,159,6680,0.0064532583158155065
2761,69,240,6678,0.006451326202547298
2762,42,252,6676,0.00644939408927909
2763,44,34,6674,0.006447461976010881
2764,29,164,6673,0.006446495919376778
2765,59,62,6672,0.0064455298627426735
2766,30,198,6671,0.006444563806108569
2767,63,65,6669,0.006442631692840361
2768,53,207,6669,0.006442631692840361
2769,42,233,6669,0.006442631692840361
2770,12,72,6668,0.006441665636206257
2771,30,231,6667,0.006440699579572153
2772,55,200,6666,0.006439733522938048
2773,71,41,6664,0.0064378014096698405
2774,3,84,6664,0.0064378014096698405
2775,55,66,6663,0.006436835353035736
2776,40,150,6662,0.006435869296401632
2777,45,138,6661,0.006434903239767528
2778,19,185,6661,0.006434903239767528
2779,11,157,6661,0.006434903239767528
2780,34,56,6658,0.006432005069865215
2781,36,255,6656,0.0064300729565970076
2782,35,248,6656,0.0064300729565970076
2783,62,119,6655,0.006429106899962903
2784,20,153,6654,0.006428140843328799
2785,50,246,6652,0.006426208730060591
2786,48,148,6652,0.006426208730060591
2787,40,148,6652,0.006426208730060591
2788,7,208,6650,0.006424276616792383
2789,67,1,6647,0.00642137844689007
2790,38,94,6647,0.00642137844689007
2791,22,198,6647,0.00642137844689007
2792,76,47,6646,0.006420412390255967
2793,13,35,6646,0.006420412390255967
2794,75,115,6644,0.006418480276987758
2795,32,5,6643,0.006417514220353654
2796,57,149,6642,0.00641654816371955
2797,18,3,6641,0.006415582107085446
2798,75,44,6638,0.006412683937183134
2799,75,254,6637,0.0064117178805490295
2800,69,89,6637,0.0064117178805490295
2801,43,38,6636,0.006410751823914925
2802,70,155,6634,0.006408819710646717
2803,53,140,6634,0.006408819710646717
2804,68,158,6633,0.006407853654012613
2805,58,207,6629,0.0064039894274761965
2806,22,117,6628,0.006403023370842092
2807,62,228,6626,0.006401091257573884
2808,23,111,6625,0.00640012520093978
2809,69,47,6622,0.006397227031037468
2810,71,230,6620,0.006395294917769259
2811,56,24,6620,0.006395294917769259
2812,27,150,6616,0.006391430691232843
2813,24,201,6616,0.006391430691232843
2814,7,215,6616,0.006391430691232843
2815,21,224,6615,0.006390464634598738
2816,16,51,6615,0.006390464634598738
2817,14,254,6615,0.006390464634598738
2818,48,92,6613,0.0063885325213305305
2819,45,192,6613,0.0063885325213305305
2820,7,246,6613,0.0063885325213305305
2821,27,179,6612,0.006387566464696426
2822,54,213,6611,0.006386600408062322
2823,26,91,6611,0.006386600408062322
2824,71,90,6610,0.006385634351428218
2825,51,145,6610,0.006385634351428218
2826,43,54,6610,0.006385634351428218
2827,12,140,6609,0.006384668294794114
2828,20,42,6608,0.00638370223816001
2829,50,244,6605,0.006380804068257698
2830,66,152,6602,0.006377905898355385
2831,11,240,6602,0.006377905898355385
2832,37,243,6599,0.006375007728453072
2833,52,143,6598,0.006374041671818969
2834,71,20,6594,0.0063701774452825525
2835,36,33,6594,0.0063701774452825525
2836,35,223,6594,0.0063701774452825525
2837,31,133,6594,0.0063701774452825525
2838,57,25,6586,0.0063624489922097195
2839,29,206,6582,0.006358584765673303
2840,13,180,6582,0.006358584765673303
2841,36,127,6580,0.006356652652405094
2842,27,33,6579,0.006355686595770991
2843,8,221,6579,0.006355686595770991
2844,63,12,6578,0.0063547205391368865
2845,59,221,6578,0.0063547205391368865
2846,39,185,6578,0.0063547205391368865
2847,17,35,6578,0.0063547205391368865
2848,74,201,6574,0.00635085631260047
2849,31,148,6574,0.00635085631260047
2850,39,16,6573,0.006349890255966366
2851,46,216,6571,0.006347958142698158
2852,36,92,6571,0.006347958142698158
2853,27,139,6571,0.006347958142698158
2854,57,128,6570,0.0063469920860640535
2855,7,172,6568,0.006345059972795845
2856,77,176,6566,0.006343127859527637
2857,74,38,6566,0.006343127859527637
2858,60,98,6566,0.006343127859527637
2859,23,252,6566,0.006343127859527637
2860,5,45,6565,0.006342161802893533
2861,40,75,6564,0.006341195746259428
2862,71,179,6563,0.006340229689625325
2863,14,176,6562,0.006339263632991221
2864,55,17,6561,0.006338297576357116
2865,45,96,6561,0.006338297576357116
2866,42,226,6561,0.006338297576357116
2867,27,39,6561,0.006338297576357116
2868,18,243,6560,0.006337331519723012
2869,13,217,6560,0.006337331519723012
2870,6,180,6559,0.006336365463088908
2871,23,236,6556,0.006333467293186595
2872,47,107,6555,0.006332501236552492
2873,53,3,6553,0.006330569123284283
2874,22,255,6553,0.006330569123284283
2875,56,134,6552,0.006329603066650179
2876,70,41,6551,0.0063286370100160754
2877,32,25,6550,0.006327670953381971
2878,34,8,6549,0.006326704896747867
2879,32,97,6547,0.006324772783479659
2880,38,68,6546,0.006323806726845555
2881,6,228,6544,0.006321874613577346
2882,63,49,6543,0.0063209085569432425
2883,40,238,6543,0.0063209085569432425
2884,51,122,6542,0.006319942500309138
2885,34,87,6541,0.006318976443675034
2886,58,251,6540,0.0063180103870409295
2887,7,123,6537,0.006315112217138617
2888,3,179,6537,0.006315112217138617
2889,74,143,6536,0.006314146160504514
2890,55,253,6536,0.006314146160504514
2891,69,207,6534,0.006312214047236305
2892,21,241,6534,0.006312214047236305
2893,34,103,6533,0.006311247990602201
2894,33,42,6533,0.006311247990602201
2895,32,28,6533,0.006311247990602201
2896,54,25,6532,0.006310281933968097
2897,58,174,6531,0.006309315877333993
2898,4,112,6528,0.006306417707431681
2899,18,173,6527,0.0063054516507975765
2900,24,124,6526,0.006304485594163472
2901,75,162,6525,0.006303519537529368
2902,12,182,6525,0.006303519537529368
2903,44,121,6524,0.006302553480895264
2904,71,233,6522,0.006300621367627056
2905,38,215,6522,0.006300621367627056
2906,29,32,6522,0.006300621367627056
2907,7,129,6522,0.006300621367627056
2908,47,252,6519,0.0062977231977247436
2909,72,65,6518,0.006296757141090639
2910,56,110,6518,0.006296757141090639
2911,20,1,6517,0.006295791084456535
2912,13,235,6517,0.006295791084456535
2913,10,32,6517,0.006295791084456535
2914,58,226,6516,0.006294825027822431
2915,75,218,6514,0.006292892914554223
2916,72,94,6514,0.006292892914554223
2917,72,161,6513,0.006291926857920118
2918,31,220,6512,0.006290960801286015
2919,65,217,6509,0.006288062631383702
2920,35,193,6509,0.006288062631383702
2921,66,221,6507,0.006286130518115494
2922,61,87,6507,0.006286130518115494
2923,56,85,6507,0.006286130518115494
2924,52,89,6505,0.006284198404847285
2925,15,97,6505,0.006284198404847285
2926,59,126,6503,0.006282266291579078
2927,6,243,6503,0.006282266291579078
2928,65,39,6502,0.006281300234944973
2929,48,46,6502,0.006281300234944973
2930,77,14,6501,0.006280334178310869
2931,17,120,6498,0.006277436008408557
2932,10,160,6497,0.0062764699517744525
2933,43,172,6496,0.006275503895140349
2934,29,210,6495,0.006274537838506245
2935,42,89,6493,0.006272605725238036
2936,34,41,6492,0.0062716396686039325
2937,21,32,6492,0.0062716396686039325
2938,70,66,6491,0.006270673611969828
2939,45,187,6491,0.006270673611969828
2940,30,139,6491,0.006270673611969828
2941,64,182,6490,0.006269707555335724
2942,48,252,6490,0.006269707555335724
2943,15,108,6490,0.006269707555335724
2944,16,124,6489,0.0062687414987016195
2945,30,147,6483,0.006262945158896995
2946,50,100,6482,0.006261979102262891
2947,12,180,6481,0.006261013045628787
2948,10,184,6480,0.006260046988994683
2949,65,94,6478,0.006258114875726474
2950,15,13,6478,0.006258114875726474
2951,22,191,6477,0.006257148819092371
2952,19,253,6477,0.006257148819092371
2953,15,42,6477,0.006257148819092371
2954,71,143,6476,0.0062561827624582666
2955,42,87,6476,0.0062561827624582666
2956,28,188,6476,0.0062561827624582666
2957,35,28,6473,0.006253284592555954
2958,26,101,6472,0.00625231853592185
2959,8,35,6472,0.00625231853592185
2960,43,191,6471,0.006251352479287746
2961,18,251,6470,0.006250386422653641
2962,72,9,6469,0.006249420366019538
2963,63,181,6469,0.006249420366019538
2964,49,30,6469,0.006249420366019538
2965,61,101,6468,0.006248454309385434
2966,12,164,6465,0.006245556139483121
2967,8,160,6465,0.006245556139483121
2968,7,176,6462,0.006242657969580808
2969,3,152,6462,0.006242657969580808
2970,40,233,6459,0.006239759799678496
2971,65,110,6456,0.006236861629776184
2972,34,143,6456,0.006236861629776184
2973,29,154,6456,0.006236861629776184
2974,16,142,6456,0.006236861629776184
2975,42,209,6455,0.00623589557314208
2976,8,165,6452,0.006232997403239768
2977,74,123,6451,0.006232031346605663
2978,58,111,6450,0.006231065289971559
2979,40,74,6449,0.0062300992333374555
2980,36,42,6448,0.006229133176703351
2981,24,87,6446,0.0062272010634351425
2982,68,194,6445,0.006226235006801039
2983,66,227,6444,0.006225268950166935
2984,12,92,6444,0.006225268950166935
2985,3,174,6443,0.00622430289353283
2986,76,44,6441,0.0062223707802646225
2987,74,40,6441,0.0062223707802646225
2988,72,142,6440,0.006221404723630518
2989,71,97,6440,0.006221404723630518
2990,47,12,6440,0.006221404723630518
2991,6,254,6440,0.006221404723630518
2992,15,179,6439,0.006220438666996414
2993,68,153,6436,0.006217540497094102
2994,64,183,6436,0.006217540497094102
2995,73,145,6434,0.006215608383825893
2996,12,130,6434,0.006215608383825893
2997,30,143,6433,0.0062146423271917895
2998,55,49,6431,0.006212710213923581
2999,33,241,6431,0.006212710213923581
3000,12,17,6431,0.006212710213923581
3001,55,81,6427,0.006208845987387164
3002,44,158,6427,0.006208845987387164
3003,23,211,6427,0.006208845987387164
3004,39,84,6425,0.006206913874118957
3005,5,185,6425,0.006206913874118957
3006,46,184,6424,0.006205947817484852
3007,41,129,6424,0.006205947817484852
3008,14,173,6423,0.006204981760850748
3009,4,83,6423,0.006204981760850748
3010,35,210,6421,0.00620304964758254
3011,4,240,6421,0.00620304964758254
3012,71,248,6420,0.006202083590948436
3013,28,219,6417,0.006199185421046124
3014,10,26,6417,0.006199185421046124
3015,57,47,6413,0.006195321194509707
3016,50,177,6412,0.006194355137875603
3017,19,120,6412,0.006194355137875603
3018,6,181,6412,0.006194355137875603
3019,60,27,6411,0.0061933890812414984
3020,51,152,6411,0.0061933890812414984
3021,21,232,6410,0.006192423024607395
3022,32,199,6409,0.006191456967973291
3023,63,122,6408,0.006190490911339186
3024,23,241,6408,0.006190490911339186
3025,40,109,6407,0.006189524854705082
3026,34,207,6407,0.006189524854705082
3027,24,145,6407,0.006189524854705082
3028,6,56,6406,0.0061885587980709785
3029,64,115,6405,0.006187592741436874
3030,54,163,6404,0.00618662668480277
3031,36,125,6402,0.006184694571534562
3032,26,156,6402,0.006184694571534562
3033,72,97,6400,0.006182762458266353
3034,67,139,6400,0.006182762458266353
3035,49,21,6400,0.006182762458266353
3036,49,140,6399,0.006181796401632249
3037,73,230,6397,0.006179864288364041
3038,62,4,6397,0.006179864288364041
3039,11,97,6397,0.006179864288364041
3040,45,18,6396,0.006178898231729937
3041,25,186,6396,0.006178898231729937
3042,77,196,6394,0.006176966118461729
3043,53,67,6394,0.006176966118461729
3044,4,206,6392,0.00617503400519352
3045,31,125,6391,0.006174067948559416
3046,71,172,6390,0.0061731018919253125
3047,22,24,6389,0.006172135835291208
3048,77,2,6388,0.006171169778657104
3049,62,79,6387,0.0061702037220229995
3050,54,219,6386,0.006169237665388896
3051,49,12,6386,0.006169237665388896
3052,54,151,6385,0.006168271608754792
3053,18,209,6385,0.006168271608754792
3054,51,163,6382,0.0061653734388524796
3055,25,141,6381,0.006164407382218375
3056,46,205,6380,0.006163441325584271
3057,37,187,6380,0.006163441325584271
3058,72,182,6379,0.0061624752689501665
3059,67,159,6379,0.0061624752689501665
3060,44,92,6379,0.0061624752689501665
3061,24,188,6379,0.0061624752689501665
3062,49,138,6378,0.006161509212316063
3063,5,52,6378,0.006161509212316063
3064,14,147,6377,0.006160543155681959
3065,51,168,6372,0.006155712872511438
3066,49,100,6372,0.006155712872511438
3067,21,63,6371,0.006154746815877334
3068,37,144,6370,0.00615378075924323
3069,7,108,6367,0.006150882589340917
3070,43,183,6365,0.006148950476072709
3071,22,148,6365,0.006148950476072709
3072,62,56,6364,0.006147984419438605
3073,55,14,6364,0.006147984419438605
3074,6,232,6364,0.006147984419438605
3075,62,152,6363,0.0061470183628045015
3076,76,148,6361,0.006145086249536293
3077,57,61,6361,0.006145086249536293
3078,51,58,6361,0.006145086249536293
3079,46,200,6360,0.0061441201929021885
3080,65,149,6359,0.006143154136268085
3081,55,101,6359,0.006143154136268085
3082,23,51,6359,0.006143154136268085
3083,6,186,6357,0.006141222022999876
3084,75,96,6354,0.006138323853097564
3085,25,143,6352,0.0061363917398293555
3086,42,242,6351,0.006135425683195252
3087,4,9,6351,0.006135425683195252
3088,43,60,6345,0.006129629343390627
3089,41,211,6345,0.006129629343390627
3090,24,93,6340,0.006124799060220106
3091,72,239,6338,0.006122866946951898
3092,52,117,6337,0.006121900890317794
3093,34,14,6335,0.006119968777049586
3094,53,65,6334,0.006119002720415482
3095,77,240,6333,0.006118036663781377
3096,48,94,6333,0.006118036663781377
3097,67,67,6331,0.00611610455051317
3098,23,189,6330,0.006115138493879065
3099,5,152,6330,0.006115138493879065
3100,46,87,6329,0.006114172437244961
3101,22,235,6328,0.006113206380610857
3102,54,9,6327,0.006112240323976753
3103,8,116,6326,0.006111274267342649
3104,72,199,6325,0.006110308210708544
3105,44,180,6323,0.006108376097440337
3106,6,136,6323,0.006108376097440337
3107,46,164,6320,0.006105477927538024
3108,36,209,6320,0.006105477927538024
3109,26,251,6319,0.00610451187090392
3110,5,162,6319,0.00610451187090392
3111,68,249,6317,0.0061025797576357114
3112,55,110,6317,0.0061025797576357114
3113,60,33,6315,0.006100647644367504
3114,45,214,6315,0.006100647644367504
3115,10,216,6314,0.006099681587733399
3116,77,11,6313,0.006098715531099295
3117,24,0,6313,0.006098715531099295
3118,23,227,6312,0.006097749474465191
3119,21,214,6311,0.006096783417831087
3120,13,218,6311,0.006096783417831087
3121,60,183,6310,0.006095817361196983
3122,30,39,6310,0.006095817361196983
3123,46,170,6309,0.0060948513045628785
3124,10,1,6308,0.006093885247928775
3125,42,140,6307,0.006092919191294671
3126,24,99,6307,0.006092919191294671
3127,21,148,6307,0.006092919191294671
3128,12,54,6305,0.006090987078026462
3129,7,10,6304,0.0060900210213923585
3130,35,218,6303,0.006089054964758254
3131,19,105,6303,0.006089054964758254
3132,17,71,6301,0.0060871228514900455
3133,52,127,6300,0.006086156794855942
3134,53,96,6299,0.006085190738221838
3135,45,108,6299,0.006085190738221838
3136,36,157,6298,0.006084224681587733
3137,66,60,6297,0.006083258624953629
3138,50,123,6297,0.006083258624953629
3139,47,57,6297,0.006083258624953629
3140,14,65,6290,0.0060764962285149
3141,33,189,6289,0.006075530171880796
3142,23,69,6289,0.006075530171880796
3143,49,195,6287,0.006073598058612588
3144,44,63,6287,0.006073598058612588
3145,40,146,6287,0.006073598058612588
3146,29,78,6287,0.006073598058612588
3147,24,233,6284,0.006070699888710276
3148,4,194,6284,0.006070699888710276
3149,4,107,6283,0.006069733832076172
3150,62,45,6279,0.006065869605539755
3151,41,114,6279,0.006065869605539755
3152,57,159,6275,0.006062005379003339
3153,24,187,6274,0.0060610393223692344
3154,71,238,6273,0.00606007326573513
3155,43,194,6273,0.00606007326573513
3156,12,123,6273,0.00606007326573513
3157,77,153,6272,0.006059107209101027
3158,19,3,6272,0.006059107209101027
3159,60,75,6269,0.006056209039198714
3160,32,82,6265,0.006052344812662297
3161,36,51,6264,0.006051378756028194
3162,48,84,6263,0.006050412699394089
3163,54,166,6262,0.006049446642759985
3164,45,126,6260,0.006047514529491777
3165,30,205,6260,0.006047514529491777
3166,31,219,6257,0.006044616359589464
3167,10,220,6257,0.006044616359589464
3168,67,151,6256,0.006043650302955361
3169,48,206,6254,0.006041718189687152
3170,63,152,6253,0.006040752133053048
3171,42,250,6253,0.006040752133053048
3172,49,220,6252,0.006039786076418944
3173,76,222,6249,0.006036887906516632
3174,71,113,6249,0.006036887906516632
3175,15,149,6249,0.006036887906516632
3176,70,73,6247,0.006034955793248423
3177,6,23,6247,0.006034955793248423
3178,48,220,6246,0.006033989736614319
3179,69,163,6242,0.0060301255100779026
3180,62,47,6241,0.006029159453443799
3181,43,131,6241,0.006029159453443799
3182,31,101,6238,0.006026261283541486
3183,20,187,6238,0.006026261283541486
3184,64,64,6237,0.006025295226907383
3185,21,217,6237,0.006025295226907383
3186,47,234,6236,0.006024329170273278
3187,34,169,6233,0.006021431000370966
3188,8,188,6233,0.006021431000370966
3189,5,168,6232,0.006020464943736862
3190,58,115,6231,0.0060194988871027574
3191,51,253,6231,0.0060194988871027574
3192,37,105,6230,0.006018532830468653
3193,18,47,6228,0.006016600717200445
3194,3,162,6228,0.006016600717200445
3195,8,59,6225,0.006013702547298133
3196,58,10,6222,0.00601080437739582
3197,45,59,6222,0.00601080437739582
3198,45,22,6221,0.006009838320761717
3199,13,59,6219,0.006007906207493508
3200,18,159,6217,0.0060059740942253
3201,33,123,6215,0.0060040419809570915
3202,13,12,6215,0.0060040419809570915
3203,69,192,6214,0.006003075924322987
3204,66,75,6213,0.006002109867688884
3205,73,17,6212,0.006001143811054779
3206,66,195,6212,0.006001143811054779
3207,22,6,6211,0.006000177754420675
3208,50,174,6210,0.005999211697786571
3209,47,13,6210,0.005999211697786571
3210,9,181,6210,0.005999211697786571
3211,44,28,6209,0.005998245641152467
3212,37,172,6208,0.005997279584518363
3213,75,65,6205,0.005994381414616051
3214,58,202,6205,0.005994381414616051
3215,45,151,6205,0.005994381414616051
3216,34,74,6204,0.005993415357981946
3217,15,87,6204,0.005993415357981946
3218,7,15,6202,0.005991483244713738
3219,5,115,6200,0.00598955113144553
3220,28,82,6198,0.005987619018177321
3221,9,173,6197,0.005986652961543218
3222,57,234,6196,0.005985686904909113
3223,23,108,6196,0.005985686904909113
3224,4,190,6196,0.005985686904909113
3225,28,97,6195,0.005984720848275009
3226,77,144,6194,0.005983754791640906
3227,47,202,6193,0.005982788735006801
3228,39,99,6193,0.005982788735006801
3229,76,170,6191,0.005980856621738593
3230,66,55,6190,0.005979890565104489
3231,3,233,6188,0.00597795845183628
3232,67,80,6186,0.005976026338568073
3233,30,138,6186,0.005976026338568073
3234,52,153,6185,0.005975060281933968
3235,49,78,6185,0.005975060281933968
3236,41,216,6185,0.005975060281933968
3237,46,12,6184,0.005974094225299864
3238,39,160,6184,0.005974094225299864
3239,37,249,6184,0.005974094225299864
3240,71,48,6183,0.00597312816866576
3241,30,97,6179,0.005969263942129343
3242,54,147,6178,0.00596829788549524
3243,13,230,6178,0.00596829788549524
3244,10,44,6178,0.00596829788549524
3245,9,89,6178,0.00596829788549524
3246,4,132,6176,0.005966365772227031
3247,17,152,6174,0.005964433658958823
3248,15,200,6173,0.005963467602324719
3249,18,106,6172,0.0059625015456906145
3250,69,227,6171,0.00596153548905651
3251,48,18,6170,0.005960569432422407
3252,57,182,6168,0.005958637319154198
3253,12,143,6168,0.005958637319154198
3254,41,222,6167,0.005957671262520094
3255,29,151,6167,0.005957671262520094
3256,48,32,6166,0.00595670520588599
3257,37,130,6164,0.0059547730926177815
3258,6,52,6163,0.005953807035983677
3259,41,151,6160,0.005950908866081365
3260,36,225,6160,0.005950908866081365
3261,76,151,6159,0.005949942809447261
3262,46,154,6157,0.005948010696179053
3263,29,1,6157,0.005948010696179053
3264,53,217,6155,0.005946078582910844
3265,68,152,6154,0.005945112526276741
3266,63,242,6154,0.005945112526276741
3267,10,128,6154,0.005945112526276741
3268,64,173,6152,0.005943180413008532
3269,8,213,6151,0.005942214356374428
3270,63,143,6148,0.0059393161864721156
3271,11,220,6148,0.0059393161864721156
3272,9,17,6148,0.0059393161864721156
3273,17,200,6147,0.005938350129838011
3274,68,18,6146,0.005937384073203908
3275,52,95,6146,0.005937384073203908
3276,39,113,6146,0.005937384073203908
3277,16,26,6146,0.005937384073203908
3278,77,113,6145,0.005936418016569803
3279,46,247,6145,0.005936418016569803
3280,10,81,6144,0.005935451959935699
3281,56,173,6143,0.005934485903301595
3282,8,76,6143,0.005934485903301595
3283,67,73,6142,0.005933519846667491
3284,46,17,6142,0.005933519846667491
3285,23,228,6142,0.005933519846667491
3286,72,131,6140,0.005931587733399283
3287,48,229,6139,0.005930621676765178
3288,36,198,6138,0.005929655620131075
3289,25,213,6138,0.005929655620131075
3290,29,200,6137,0.0059286895634969704
3291,15,183,6137,0.0059286895634969704
3292,66,103,6136,0.005927723506862866
3293,77,53,6134,0.005925791393594658
3294,63,43,6134,0.005925791393594658
3295,62,41,6133,0.005924825336960554
3296,54,229,6133,0.005924825336960554
3297,39,51,6132,0.00592385928032645
3298,35,200,6132,0.00592385928032645
3299,4,101,6131,0.005922893223692346
3300,74,239,6128,0.005919995053790033
3301,28,6,6128,0.005919995053790033
3302,16,93,6127,0.00591902899715593
3303,61,158,6126,0.005918062940521825
3304,37,167,6126,0.005918062940521825
3305,9,74,6126,0.005918062940521825
3306,55,107,6125,0.005917096883887721
3307,67,116,6124,0.005916130827253617
3308,28,128,6124,0.005916130827253617
3309,49,158,6122,0.005914198713985409
3310,41,252,6122,0.005914198713985409
3311,7,37,6122,0.005914198713985409
3312,7,31,6122,0.005914198713985409
3313,75,119,6121,0.0059132326573513045
3314,12,14,6120,0.0059122666007172
3315,58,5,6119,0.005911300544083097
3316,10,22,6119,0.005911300544083097
3317,60,54,6118,0.005910334487448992
3318,25,102,6117,0.005909368430814888
3319,12,163,6116,0.005908402374180784
3320,49,226,6115,0.00590743631754668
3321,5,97,6115,0.00590743631754668
3322,14,52,6114,0.005906470260912576
3323,12,4,6109,0.005901639977742055
3324,50,111,6106,0.005898741807839743
3325,25,238,6106,0.005898741807839743
3326,42,136,6105,0.0058977757512056386
3327,75,207,6104,0.005896809694571534
3328,31,117,6103,0.005895843637937431
3329,72,156,6100,0.005892945468035118
3330,34,119,6100,0.005892945468035118
3331,73,11,6099,0.005891979411401014
3332,33,199,6099,0.005891979411401014
3333,11,52,6099,0.005891979411401014
3334,75,78,6098,0.00589101335476691
3335,69,156,6098,0.00589101335476691
3336,58,82,6098,0.00589101335476691
3337,56,69,6098,0.00589101335476691
3338,53,104,6098,0.00589101335476691
3339,25,99,6098,0.00589101335476691
3340,65,175,6097,0.005890047298132806
3341,60,58,6097,0.005890047298132806
3342,56,94,6097,0.005890047298132806
3343,11,29,6097,0.005890047298132806
3344,76,204,6096,0.005889081241498701
3345,47,231,6096,0.005889081241498701
3346,23,36,6094,0.0058871491282304934
3347,58,187,6093,0.005886183071596389
3348,51,30,6092,0.005885217014962285
3349,47,199,6091,0.005884250958328181
3350,40,84,6091,0.005884250958328181
3351,3,101,6090,0.005883284901694077
3352,11,1,6089,0.005882318845059973
3353,68,226,6088,0.005881352788425868
3354,49,14,6088,0.005881352788425868
3355,45,248,6088,0.005881352788425868
3356,39,205,6086,0.0058794206751576605
3357,23,198,6086,0.0058794206751576605
3358,9,150,6086,0.0058794206751576605
3359,71,105,6085,0.005878454618523556
3360,46,84,6085,0.005878454618523556
3361,38,91,6085,0.005878454618523556
3362,10,131,6084,0.005877488561889452
3363,34,192,6079,0.005872658278718932
3364,37,86,6078,0.0058716922220848275
3365,61,195,6077,0.005870726165450723
3366,37,75,6077,0.005870726165450723
3367,71,226,6076,0.00586976010881662
3368,59,224,6075,0.005868794052182515
3369,28,212,6074,0.005867827995548411
3370,20,196,6074,0.005867827995548411
3371,41,45,6073,0.005866861938914307
3372,53,16,6072,0.005865895882280203
3373,35,237,6072,0.005865895882280203
3374,47,142,6071,0.005864929825646099
3375,38,142,6071,0.005864929825646099
3376,36,123,6071,0.005864929825646099
3377,35,54,6071,0.005864929825646099
3378,65,235,6069,0.00586299771237789
3379,53,125,6069,0.00586299771237789
3380,24,157,6067,0.005861065599109682
3381,15,144,6067,0.005861065599109682
3382,48,101,6066,0.005860099542475578
3383,33,255,6066,0.005860099542475578
3384,14,157,6065,0.005859133485841474
3385,47,121,6064,0.00585816742920737
3386,46,228,6064,0.00585816742920737
3387,74,39,6062,0.0058562353159391616
3388,31,104,6060,0.005854303202670954
3389,4,111,6060,0.005854303202670954
3390,8,137,6058,0.005852371089402745
3391,6,167,6058,0.005852371089402745
3392,6,67,6058,0.005852371089402745
3393,4,61,6058,0.005852371089402745
3394,72,248,6056,0.005850438976134537
3395,55,163,6056,0.005850438976134537
3396,50,81,6055,0.005849472919500433
3397,76,218,6054,0.005848506862866329
3398,57,127,6054,0.005848506862866329
3399,16,24,6054,0.005848506862866329
3400,50,245,6053,0.005847540806232224
3401,23,221,6053,0.005847540806232224
3402,51,135,6052,0.005846574749598121
3403,28,130,6049,0.005843676579695808
3404,4,198,6048,0.005842710523061704
3405,50,106,6047,0.0058417444664276
3406,24,66,6046,0.005840778409793496
3407,66,244,6045,0.005839812353159391
3408,11,147,6045,0.005839812353159391
3409,34,219,6044,0.005838846296525288
3410,68,210,6043,0.0058378802398911835
3411,46,155,6043,0.0058378802398911835
3412,44,188,6043,0.0058378802398911835
3413,35,246,6043,0.0058378802398911835
3414,21,162,6043,0.0058378802398911835
3415,71,114,6042,0.005836914183257079
3416,9,2,6040,0.005834982069988871
3417,47,14,6039,0.005834016013354767
3418,6,38,6037,0.005832083900086558
3419,4,250,6037,0.005832083900086558
3420,75,158,6036,0.005831117843452455
3421,76,231,6034,0.005829185730184246
3422,74,105,6034,0.005829185730184246
3423,55,152,6034,0.005829185730184246
3424,52,152,6034,0.005829185730184246
3425,44,45,6034,0.005829185730184246
3426,37,164,6033,0.005828219673550142
3427,6,250,6032,0.005827253616916038
3428,5,195,6032,0.005827253616916038
3429,5,186,6030,0.00582532150364783
3430,30,229,6029,0.005824355447013725
3431,25,187,6029,0.005824355447013725
3432,64,69,6028,0.005823389390379622
3433,25,244,6027,0.0058224233337455175
3434,74,221,6026,0.005821457277111413
3435,22,79,6026,0.005821457277111413
3436,21,225,6024,0.005819525163843205
3437,5,143,6024,0.005819525163843205
3438,45,177,6021,0.005816626993940893
3439,29,127,6020,0.005815660937306789
3440,69,9,6019,0.0058146948806726845
3441,48,213,6019,0.0058146948806726845
3442,45,232,6019,0.0058146948806726845
3443,23,94,6017,0.005812762767404477
3444,19,95,6017,0.005812762767404477
3445,10,7,6017,0.005812762767404477
3446,12,157,6016,0.005811796710770372
3447,17,34,6015,0.005810830654136268
3448,49,98,6014,0.005809864597502164
3449,7,114,6013,0.00580889854086806
3450,75,150,6011,0.005806966427599852
3451,33,79,6011,0.005806966427599852
3452,53,170,6009,0.005805034314331644
3453,38,51,6009,0.005805034314331644
3454,17,248,6009,0.005805034314331644
3455,30,10,6006,0.005802136144429331
3456,17,137,6006,0.005802136144429331
3457,75,124,6001,0.005797305861258811
3458,55,249,6001,0.005797305861258811
3459,15,34,6000,0.0057963398046247065
3460,76,10,5997,0.005793441634722394
3461,71,241,5997,0.005793441634722394
3462,28,225,5996,0.00579247557808829
3463,28,78,5995,0.005791509521454186
3464,40,119,5994,0.005790543464820081
3465,15,177,5994,0.005790543464820081
3466,11,116,5994,0.005790543464820081
3467,40,9,5989,0.005785713181649561
3468,42,106,5988,0.005784747125015457
3469,29,53,5988,0.005784747125015457
3470,16,107,5988,0.005784747125015457
3471,39,90,5986,0.005782815011747248
3472,16,219,5986,0.005782815011747248
3473,14,89,5986,0.005782815011747248
3474,69,155,5985,0.005781848955113145
3475,35,8,5985,0.005781848955113145
3476,32,60,5985,0.005781848955113145
3477,58,87,5984,0.0057808828984790405
3478,53,208,5984,0.0057808828984790405
3479,3,187,5984,0.0057808828984790405
3480,13,107,5982,0.005778950785210832
3481,51,75,5981,0.005777984728576728
3482,35,93,5979,0.00577605261530852
3483,51,48,5978,0.005775086558674415
3484,41,209,5978,0.005775086558674415
3485,48,231,5974,0.005771222332137999
3486,36,251,5974,0.005771222332137999
3487,50,210,5972,0.005769290218869791
3488,63,200,5971,0.005768324162235687
3489,60,114,5971,0.005768324162235687
3490,9,153,5970,0.005767358105601582
3491,9,167,5969,0.005766392048967479
3492,15,24,5968,0.0057654259923333746
3493,58,142,5967,0.00576445993569927
3494,63,240,5965,0.005762527822431062
3495,32,69,5965,0.005762527822431062
3496,9,37,5965,0.005762527822431062
3497,21,200,5964,0.005761561765796958
3498,31,157,5962,0.00575962965252875
3499,4,155,5962,0.00575962965252875
3500,4,130,5961,0.005758663595894646
3501,3,215,5961,0.005758663595894646
3502,47,34,5960,0.005757697539260542
3503,15,135,5960,0.005757697539260542
3504,44,189,5959,0.005756731482626437
3505,39,226,5959,0.005756731482626437
3506,27,191,5958,0.005755765425992334
3507,6,47,5958,0.005755765425992334
3508,54,51,5957,0.0057547993693582294
3509,49,38,5957,0.0057547993693582294
3510,61,217,5956,0.005753833312724125
3511,43,151,5953,0.005750935142821813
3512,49,232,5952,0.005749969086187709
3513,38,209,5952,0.005749969086187709
3514,29,185,5952,0.005749969086187709
3515,28,232,5949,0.0057470709162853965
3516,8,216,5946,0.005744172746383084
3517,59,118,5944,0.005742240633114876
3518,19,231,5944,0.005742240633114876
3519,35,240,5942,0.005740308519846668
3520,8,79,5942,0.005740308519846668
3521,3,111,5942,0.005740308519846668
3522,7,50,5941,0.0057393424632125635
3523,73,191,5937,0.005735478236676147
3524,76,13,5936,0.005734512180042043
3525,59,23,5935,0.005733546123407938
3526,63,180,5934,0.005732580066773835
3527,22,184,5933,0.0057316140101397305
3528,62,133,5932,0.005730647953505626
3529,30,155,5932,0.005730647953505626
3530,63,78,5931,0.005729681896871522
3531,57,184,5929,0.005727749783603314
3532,8,173,5929,0.005727749783603314
3533,72,205,5928,0.00572678372696921
3534,40,248,5927,0.005725817670335105
3535,39,97,5927,0.005725817670335105
3536,17,91,5927,0.005725817670335105
3537,31,227,5926,0.005724851613701002
3538,47,211,5924,0.005722919500432793
3539,38,35,5924,0.005722919500432793
3540,28,23,5924,0.005722919500432793
3541,49,202,5923,0.005721953443798689
3542,70,239,5922,0.005720987387164585
3543,50,228,5922,0.005720987387164585
3544,15,139,5921,0.005720021330530481
3545,62,202,5917,0.005716157103994065
3546,30,30,5917,0.005716157103994065
3547,30,91,5915,0.005714224990725856
3548,25,181,5914,0.0057132589340917524
3549,69,75,5913,0.005712292877457648
3550,43,3,5913,0.005712292877457648
3551,8,49,5913,0.005712292877457648
3552,7,137,5913,0.005712292877457648
3553,75,219,5912,0.005711326820823544
3554,67,192,5912,0.005711326820823544
3555,3,110,5912,0.005711326820823544
3556,41,199,5911,0.005710360764189439
3557,55,230,5910,0.005709394707555336
3558,16,201,5910,0.005709394707555336
3559,42,202,5909,0.005708428650921232
3560,40,11,5905,0.005704564424384815
3561,7,138,5905,0.005704564424384815
3562,4,144,5905,0.005704564424384815
3563,43,200,5900,0.005699734141214294
3564,72,44,5899,0.005698768084580191
3565,62,139,5898,0.0056978020279460865
3566,4,140,5895,0.005694903858043774
3567,5,235,5894,0.00569393780140967
3568,5,77,5893,0.005692971744775566
3569,28,94,5891,0.005691039631507358
3570,47,118,5890,0.0056900735748732535
3571,16,19,5889,0.005689107518239149
3572,38,64,5888,0.005688141461605045
3573,27,176,5886,0.005686209348336837
3574,24,115,5885,0.005685243291702733
3575,66,229,5883,0.005683311178434525
3576,27,183,5880,0.005680413008532212
3577,76,248,5878,0.005678480895264004
3578,3,73,5878,0.005678480895264004
3579,48,48,5875,0.005675582725361692
3580,10,248,5875,0.005675582725361692
3581,35,16,5874,0.005674616668727588
3582,14,108,5872,0.005672684555459379
3583,74,138,5871,0.005671718498825275
3584,72,185,5871,0.005671718498825275
3585,50,151,5871,0.005671718498825275
3586,38,229,5871,0.005671718498825275
3587,23,13,5871,0.005671718498825275
3588,60,248,5870,0.005670752442191171
3589,13,148,5869,0.005669786385557067
3590,64,74,5868,0.005668820328922962
3591,51,77,5867,0.005667854272288859
3592,65,230,5866,0.005666888215654755
3593,14,203,5865,0.00566592215902065
3594,54,83,5863,0.0056639900457524425
3595,12,147,5863,0.0056639900457524425
3596,5,48,5862,0.005663023989118338
3597,49,63,5861,0.005662057932484234
3598,62,11,5860,0.0056610918758501294
3599,48,225,5859,0.005660125819216026
3600,5,236,5858,0.005659159762581922
3601,49,222,5856,0.005657227649313713
3602,48,134,5855,0.0056562615926796095
3603,54,148,5852,0.0056533634227772965
3604,50,112,5852,0.0056533634227772965
3605,24,219,5852,0.0056533634227772965
3606,8,68,5852,0.0056533634227772965
3607,75,242,5846,0.005647567082972672
3608,75,189,5846,0.005647567082972672
3609,20,228,5845,0.005646601026338568
3610,15,80,5845,0.005646601026338568
3611,30,65,5844,0.005645634969704464
3612,42,118,5842,0.005643702856436256
3613,35,97,5842,0.005643702856436256
3614,63,63,5840,0.005641770743168048
3615,37,210,5840,0.005641770743168048
3616,51,169,5839,0.0056408046865339435
3617,8,242,5838,0.005639838629899839
3618,56,200,5837,0.005638872573265735
3619,21,36,5837,0.005638872573265735
3620,54,195,5836,0.005637906516631631
3621,54,74,5836,0.005637906516631631
3622,47,163,5836,0.005637906516631631
3623,37,109,5836,0.005637906516631631
3624,29,65,5836,0.005637906516631631
3625,17,119,5836,0.005637906516631631
3626,14,56,5836,0.005637906516631631
3627,10,129,5836,0.005637906516631631
3628,17,220,5835,0.005636940459997527
3629,11,254,5835,0.005636940459997527
3630,62,44,5834,0.005635974403363423
3631,36,208,5834,0.005635974403363423
3632,20,103,5833,0.005635008346729318
3633,67,135,5831,0.005633076233461111
3634,30,245,5831,0.005633076233461111
3635,26,65,5831,0.005633076233461111
3636,66,153,5828,0.005630178063558798
3637,25,42,5827,0.005629212006924694
3638,75,72,5826,0.00562824595029059
3639,64,82,5826,0.00562824595029059
3640,49,126,5826,0.00562824595029059
3641,42,100,5826,0.00562824595029059
3642,30,111,5825,0.005627279893656485
3643,51,45,5824,0.005626313837022382
3644,37,94,5824,0.005626313837022382
3645,30,164,5824,0.005626313837022382
3646,52,186,5823,0.005625347780388278
3647,49,207,5823,0.005625347780388278
3648,20,133,5823,0.005625347780388278
3649,77,25,5822,0.005624381723754173
3650,68,104,5822,0.005624381723754173
3651,47,238,5822,0.005624381723754173
3652,31,69,5822,0.005624381723754173
3653,71,30,5821,0.005623415667120069
3654,27,169,5821,0.005623415667120069
3655,8,34,5821,0.005623415667120069
3656,28,179,5820,0.0056224496104859654
3657,55,184,5819,0.005621483553851861
3658,8,20,5819,0.005621483553851861
3659,68,218,5814,0.00561665327068134
3660,70,103,5811,0.005613755100779028
3661,40,73,5810,0.005612789044144924
3662,16,6,5810,0.005612789044144924
3663,59,209,5809,0.0056118229875108195
3664,51,124,5809,0.0056118229875108195
3665,17,250,5809,0.0056118229875108195
3666,8,14,5808,0.005610856930876716
3667,47,184,5807,0.005609890874242612
3668,21,179,5807,0.005609890874242612
3669,10,91,5805,0.005607958760974403
3670,72,64,5804,0.0056069927043402995
3671,41,0,5804,0.0056069927043402995
3672,9,115,5804,0.0056069927043402995
3673,59,175,5803,0.005606026647706195
3674,77,165,5802,0.005605060591072091
3675,60,201,5802,0.005605060591072091
3676,42,97,5802,0.005605060591072091
3677,39,91,5802,0.005605060591072091
3678,3,240,5802,0.005605060591072091
3679,73,205,5801,0.0056040945344379865
3680,57,228,5801,0.0056040945344379865
3681,50,102,5801,0.0056040945344379865
3682,4,91,5801,0.0056040945344379865
3683,57,186,5800,0.005603128477803883
3684,46,59,5800,0.005603128477803883
3685,10,72,5800,0.005603128477803883
3686,70,221,5797,0.00560023030790157
3687,58,86,5797,0.00560023030790157
3688,69,246,5796,0.0055992642512674665
3689,48,251,5796,0.0055992642512674665
3690,74,220,5795,0.005598298194633362
3691,31,248,5795,0.005598298194633362
3692,73,137,5794,0.005597332137999258
3693,64,227,5794,0.005597332137999258
3694,46,81,5794,0.005597332137999258
3695,13,222,5792,0.00559540002473105
3696,11,204,5792,0.00559540002473105
3697,25,239,5791,0.005594433968096946
3698,11,108,5791,0.005594433968096946
3699,3,238,5791,0.005594433968096946
3700,9,56,5789,0.005592501854828738
3701,43,245,5788,0.0055915357981946336
3702,48,77,5787,0.005590569741560529
3703,42,72,5787,0.005590569741560529
3704,3,67,5787,0.005590569741560529
3705,74,168,5786,0.005589603684926425
3706,70,2,5784,0.005587671571658217
3707,48,173,5784,0.005587671571658217
3708,26,241,5784,0.005587671571658217
3709,8,154,5783,0.005586705515024113
3710,7,101,5783,0.005586705515024113
3711,51,204,5780,0.005583807345121801
3712,75,176,5779,0.005582841288487696
3713,70,11,5779,0.005582841288487696
3714,59,28,5777,0.0055809091752194884
3715,33,177,5777,0.0055809091752194884
3716,69,139,5775,0.00557897706195128
3717,63,232,5775,0.00557897706195128
3718,19,208,5773,0.005577044948683072
3719,3,28,5773,0.005577044948683072
3720,77,235,5772,0.005576078892048968
3721,17,252,5772,0.005576078892048968
3722,28,68,5771,0.005575112835414863
3723,62,36,5769,0.0055731807221466555
3724,71,175,5767,0.005571248608878447
3725,50,141,5767,0.005571248608878447
3726,48,58,5767,0.005571248608878447
3727,22,142,5767,0.005571248608878447
3728,11,102,5767,0.005571248608878447
3729,18,63,5765,0.005569316495610239
3730,16,70,5765,0.005569316495610239
3731,13,80,5765,0.005569316495610239
3732,52,228,5763,0.00556738438234203
3733,46,4,5762,0.005566418325707926
3734,34,210,5762,0.005566418325707926
3735,27,66,5762,0.005566418325707926
3736,69,172,5761,0.0055654522690738225
3737,63,22,5761,0.0055654522690738225
3738,61,98,5761,0.0055654522690738225
3739,49,239,5761,0.0055654522690738225
3740,27,204,5761,0.0055654522690738225
3741,68,195,5760,0.005564486212439718
3742,35,229,5760,0.005564486212439718
3743,31,174,5760,0.005564486212439718
3744,38,56,5757,0.005561588042537406
3745,74,95,5756,0.005560621985903302
3746,59,32,5756,0.005560621985903302
3747,22,65,5756,0.005560621985903302
3748,77,193,5755,0.005559655929269197
3749,35,195,5755,0.005559655929269197
3750,75,122,5754,0.005558689872635093
3751,9,5,5754,0.005558689872635093
3752,4,147,5754,0.005558689872635093
3753,54,198,5753,0.0055577238160009895
3754,13,55,5753,0.0055577238160009895
3755,21,203,5752,0.005556757759366885
3756,17,244,5752,0.005556757759366885
3757,38,12,5751,0.005555791702732781
3758,71,200,5750,0.0055548256460986765
3759,51,2,5749,0.005553859589464573
3760,21,42,5747,0.005551927476196364
3761,62,123,5745,0.0055499953629281566
3762,31,26,5744,0.005549029306294052
3763,29,194,5744,0.005549029306294052
3764,73,47,5743,0.005548063249659948
3765,48,57,5742,0.0055470971930258435
3766,72,145,5741,0.00554613113639174
3767,32,19,5741,0.00554613113639174
3768,76,115,5740,0.005545165079757636
3769,70,40,5739,0.005544199023123531
3770,53,60,5739,0.005544199023123531
3771,9,230,5739,0.005544199023123531
3772,59,138,5738,0.005543232966489427
3773,58,28,5738,0.005543232966489427
3774,36,149,5738,0.005543232966489427
3775,30,126,5738,0.005543232966489427
3776,42,116,5735,0.005540334796587115
3777,33,178,5735,0.005540334796587115
3778,27,165,5735,0.005540334796587115
3779,22,250,5735,0.005540334796587115
3780,5,130,5735,0.005540334796587115
3781,47,2,5734,0.005539368739953011
3782,51,174,5733,0.005538402683318907
3783,9,27,5733,0.005538402683318907
3784,72,80,5732,0.005537436626684803
3785,31,36,5732,0.005537436626684803
3786,24,45,5732,0.005537436626684803
3787,32,6,5731,0.005536470570050698
3788,65,64,5729,0.005534538456782491
3789,34,229,5729,0.005534538456782491
3790,52,208,5728,0.005533572400148386
3791,71,53,5727,0.005532606343514282
3792,42,192,5726,0.0055316402868801785
3793,66,238,5725,0.005530674230246074
3794,34,199,5725,0.005530674230246074
3795,33,196,5725,0.005530674230246074
3796,73,74,5724,0.00552970817361197
3797,48,6,5724,0.00552970817361197
3798,47,173,5723,0.0055287421169778654
3799,20,199,5723,0.0055287421169778654
3800,7,75,5722,0.005527776060343762
3801,5,114,5722,0.005527776060343762
3802,33,128,5720,0.005525843947075553
3803,21,187,5720,0.005525843947075553
3804,70,108,5719,0.005524877890441449
3805,4,40,5719,0.005524877890441449
3806,63,138,5718,0.0055239118338073455
3807,11,72,5718,0.0055239118338073455
3808,28,213,5716,0.005521979720539137
3809,33,250,5714,0.005520047607270929
3810,32,157,5712,0.00551811549400272
3811,42,143,5711,0.005517149437368616
3812,35,213,5710,0.0055161833807345125
3813,16,225,5708,0.005514251267466304
3814,28,166,5707,0.0055132852108321995
3815,34,137,5705,0.005511353097563992
3816,15,173,5705,0.005511353097563992
3817,56,117,5704,0.005510387040929887
3818,44,178,5704,0.005510387040929887
3819,24,113,5704,0.005510387040929887
3820,67,124,5703,0.005509420984295783
3821,65,26,5703,0.005509420984295783
3822,43,182,5702,0.0055084549276616795
3823,7,49,5702,0.0055084549276616795
3824,41,7,5701,0.005507488871027575
3825,32,77,5701,0.005507488871027575
3826,7,86,5701,0.005507488871027575
3827,9,225,5699,0.0055055567577593665
3828,77,23,5698,0.005504590701125263
3829,66,225,5698,0.005504590701125263
3830,77,19,5696,0.005502658587857054
3831,17,121,5695,0.00550169253122295
3832,6,59,5693,0.005499760417954742
3833,65,69,5692,0.005498794361320638
3834,11,68,5692,0.005498794361320638
3835,66,196,5691,0.0054978283046865336
3836,49,129,5690,0.00549686224805243
3837,63,188,5689,0.005495896191418326
3838,59,254,5689,0.005495896191418326
3839,58,177,5688,0.005494930134784221
3840,27,167,5687,0.005493964078150117
3841,57,157,5685,0.005492031964881909
3842,74,59,5684,0.005491065908247805
3843,73,248,5684,0.005491065908247805
3844,49,233,5684,0.005491065908247805
3845,57,97,5683,0.005490099851613701
3846,55,154,5682,0.005489133794979597
3847,48,8,5681,0.005488167738345493
3848,29,101,5681,0.005488167738345493
3849,22,57,5681,0.005488167738345493
3850,8,41,5679,0.005486235625077284
3851,29,33,5678,0.005485269568443181
3852,43,234,5677,0.005484303511809076
3853,25,209,5677,0.005484303511809076
3854,25,40,5677,0.005484303511809076
3855,48,197,5676,0.005483337455174972
3856,48,189,5676,0.005483337455174972
3857,9,244,5676,0.005483337455174972
3858,4,41,5676,0.005483337455174972
3859,73,133,5675,0.0054823713985408685
3860,26,1,5675,0.0054823713985408685
3861,57,43,5673,0.00548043928527266
3862,51,200,5673,0.00548043928527266
3863,70,104,5671,0.005478507172004452
3864,55,61,5671,0.005478507172004452
3865,27,243,5668,0.005475609002102139
3866,12,235,5668,0.005475609002102139
3867,5,12,5666,0.005473676888833931
3868,71,196,5665,0.005472710832199827
3869,67,210,5665,0.005472710832199827
3870,3,97,5665,0.005472710832199827
3871,30,100,5664,0.0054717447755657225
3872,4,161,5664,0.0054717447755657225
3873,71,124,5662,0.005469812662297515
3874,67,115,5662,0.005469812662297515
3875,11,237,5662,0.005469812662297515
3876,42,107,5660,0.005467880549029306
3877,10,169,5660,0.005467880549029306
3878,72,24,5659,0.0054669144923952025
3879,54,254,5659,0.0054669144923952025
3880,41,116,5659,0.0054669144923952025
3881,75,121,5658,0.005465948435761098
3882,36,53,5658,0.005465948435761098
3883,47,152,5657,0.005464982379126994
3884,42,117,5657,0.005464982379126994
3885,6,50,5657,0.005464982379126994
3886,63,237,5656,0.0054640163224928895
3887,24,172,5653,0.005461118152590577
3888,5,128,5651,0.0054591860393223696
3889,75,103,5648,0.0054562878694200566
3890,64,250,5648,0.0054562878694200566
3891,9,220,5648,0.0054562878694200566
3892,58,47,5647,0.005455321812785953
3893,15,203,5647,0.005455321812785953
3894,26,30,5645,0.005453389699517744
3895,54,158,5644,0.00545242364288364
3896,3,171,5642,0.005450491529615432
3897,77,238,5641,0.005449525472981328
3898,61,255,5641,0.005449525472981328
3899,10,62,5641,0.005449525472981328
3900,8,246,5641,0.005449525472981328
3901,5,240,5641,0.005449525472981328
3902,64,63,5640,0.005448559416347224
3903,36,232,5640,0.005448559416347224
3904,22,189,5640,0.005448559416347224
3905,56,114,5639,0.00544759335971312
3906,34,178,5636,0.005444695189810807
3907,76,94,5631,0.005439864906640287
3908,70,10,5631,0.005439864906640287
3909,14,185,5631,0.005439864906640287
3910,74,98,5630,0.005438898850006183
3911,25,168,5630,0.005438898850006183
3912,23,64,5630,0.005438898850006183
3913,45,208,5629,0.0054379327933720785
3914,4,184,5629,0.0054379327933720785
3915,54,82,5628,0.005436966736737974
3916,47,153,5628,0.005436966736737974
3917,53,74,5627,0.005436000680103871
3918,28,126,5627,0.005436000680103871
3919,8,30,5626,0.005435034623469766
3920,50,130,5625,0.005434068566835662
3921,13,221,5625,0.005434068566835662
3922,42,142,5624,0.005433102510201558
3923,28,41,5624,0.005433102510201558
3924,8,56,5624,0.005433102510201558
3925,37,16,5623,0.005432136453567454
3926,36,61,5623,0.005432136453567454
3927,9,66,5623,0.005432136453567454
3928,3,230,5622,0.00543117039693335
3929,73,170,5621,0.0054302043402992455
3930,9,72,5621,0.0054302043402992455
3931,15,198,5619,0.005428272227031038
3932,51,217,5618,0.005427306170396933
3933,31,27,5618,0.005427306170396933
3934,3,222,5618,0.005427306170396933
3935,50,132,5616,0.0054253740571287255
3936,19,164,5616,0.0054253740571287255
3937,36,138,5615,0.005424408000494621
3938,70,158,5612,0.005421509830592309
3939,68,99,5612,0.005421509830592309
3940,56,224,5610,0.0054195777173241
3941,36,195,5610,0.0054195777173241
3942,28,37,5610,0.0054195777173241
3943,23,255,5609,0.005418611660689996
3944,58,228,5608,0.0054176456040558926
3945,14,34,5608,0.0054176456040558926
3946,36,25,5607,0.005416679547421788
3947,6,165,5606,0.005415713490787684
3948,56,170,5605,0.0054147474341535795
3949,15,84,5604,0.005413781377519476
3950,5,126,5604,0.005413781377519476
3951,74,44,5602,0.005411849264251267
3952,57,247,5602,0.005411849264251267
3953,31,192,5601,0.005410883207617163
3954,53,10,5600,0.00540991715098306
3955,32,56,5600,0.00540991715098306
3956,62,59,5599,0.005408951094348955
3957,4,3,5599,0.005408951094348955
3958,49,151,5598,0.005407985037714851
3959,6,216,5598,0.005407985037714851
3960,65,115,5597,0.005407018981080747
3961,20,239,5597,0.005407018981080747
3962,64,248,5596,0.005406052924446643
3963,8,248,5596,0.005406052924446643
3964,64,128,5594,0.005404120811178434
3965,56,17,5593,0.00540315475454433
3966,24,180,5593,0.00540315475454433
3967,5,27,5593,0.00540315475454433
3968,23,183,5592,0.005402188697910227
3969,14,66,5592,0.005402188697910227
3970,6,89,5592,0.005402188697910227
3971,54,20,5591,0.005401222641276122
3972,61,128,5590,0.005400256584642018
3973,8,47,5589,0.005399290528007914
3974,40,96,5588,0.00539832447137381
3975,23,156,5588,0.00539832447137381
3976,71,35,5587,0.005397358414739706
3977,29,180,5587,0.005397358414739706
3978,26,52,5587,0.005397358414739706
3979,3,139,5586,0.0053963923581056015
3980,49,201,5585,0.005395426301471497
3981,23,161,5584,0.005394460244837394
3982,47,247,5583,0.005393494188203289
3983,7,180,5583,0.005393494188203289
3984,3,119,5582,0.005392528131569185
3985,73,23,5581,0.005391562074935081
3986,26,138,5581,0.005391562074935081
3987,40,31,5580,0.005390596018300977
3988,39,212,5580,0.005390596018300977
3989,32,218,5580,0.005390596018300977
3990,77,31,5579,0.005389629961666873
3991,26,228,5579,0.005389629961666873
3992,16,175,5579,0.005389629961666873
3993,20,119,5578,0.0053886639050327685
3994,72,59,5577,0.005387697848398664
3995,70,0,5577,0.005387697848398664
3996,65,205,5577,0.005387697848398664
3997,40,166,5577,0.005387697848398664
3998,50,23,5576,0.005386731791764561
3999,44,51,5576,0.005386731791764561
4000,10,197,5576,0.005386731791764561
4001,44,21,5574,0.005384799678496352
4002,35,234,5574,0.005384799678496352
4003,73,20,5573,0.005383833621862248
4004,22,227,5573,0.005383833621862248
4005,6,140,5573,0.005383833621862248
4006,10,194,5572,0.005382867565228144
4007,72,139,5571,0.00538190150859404
4008,39,153,5571,0.00538190150859404
4009,14,42,5570,0.0053809354519599355
4010,71,83,5569,0.005379969395325831
4011,56,109,5569,0.005379969395325831
4012,48,214,5569,0.005379969395325831
4013,37,185,5569,0.005379969395325831
4014,76,171,5568,0.005379003338691728
4015,62,181,5568,0.005379003338691728
4016,61,13,5567,0.005378037282057623
4017,39,34,5564,0.005375139112155311
4018,37,223,5564,0.005375139112155311
4019,25,53,5564,0.005375139112155311
4020,23,14,5564,0.005375139112155311
4021,76,238,5563,0.005374173055521207
4022,70,171,5563,0.005374173055521207
4023,67,198,5558,0.005369342772350686
4024,27,131,5558,0.005369342772350686
4025,48,146,5557,0.005368376715716583
4026,39,194,5557,0.005368376715716583
4027,37,203,5557,0.005368376715716583
4028,41,55,5555,0.005366444602448374
4029,38,163,5554,0.0053654785458142696
4030,23,46,5554,0.0053654785458142696
4031,17,74,5553,0.005364512489180166
4032,73,2,5551,0.005362580375911957
4033,58,0,5551,0.005362580375911957
4034,45,71,5551,0.005362580375911957
4035,39,49,5551,0.005362580375911957
4036,12,127,5551,0.005362580375911957
4037,9,136,5551,0.005362580375911957
4038,56,33,5550,0.005361614319277853
4039,33,53,5549,0.00536064826264375
4040,34,131,5546,0.005357750092741437
4041,13,182,5546,0.005357750092741437
4042,10,88,5546,0.005357750092741437
4043,5,172,5546,0.005357750092741437
4044,65,76,5545,0.005356784036107333
4045,41,226,5545,0.005356784036107333
4046,13,65,5544,0.005355817979473229
4047,38,199,5543,0.0053548519228391244
4048,32,70,5543,0.0053548519228391244
4049,46,175,5541,0.005352919809570917
4050,26,152,5541,0.005352919809570917
4051,70,226,5539,0.005350987696302708
4052,22,35,5539,0.005350987696302708
4053,11,65,5539,0.005350987696302708
4054,10,231,5539,0.005350987696302708
4055,7,158,5539,0.005350987696302708
4056,4,253,5539,0.005350987696302708
4057,69,49,5537,0.0053490555830345
4058,73,115,5536,0.005348089526400396
4059,14,245,5536,0.005348089526400396
4060,50,134,5535,0.0053471234697662915
4061,76,14,5534,0.005346157413132187
4062,50,117,5534,0.005346157413132187
4063,41,107,5534,0.005346157413132187
4064,22,195,5533,0.005345191356498084
4065,3,43,5532,0.005344225299863979
4066,53,75,5530,0.005342293186595771
4067,44,42,5530,0.005342293186595771
4068,36,163,5530,0.005342293186595771
4069,14,128,5530,0.005342293186595771
4070,21,144,5527,0.0053393950166934585
4071,29,97,5526,0.005338428960059354
4072,7,35,5526,0.005338428960059354
4073,73,181,5525,0.005337462903425251
4074,59,39,5525,0.005337462903425251
4075,6,156,5525,0.005337462903425251
4076,65,206,5521,0.005333598676888834
4077,47,113,5521,0.005333598676888834
4078,28,187,5520,0.00533263262025473
4079,7,196,5520,0.00533263262025473
4080,28,233,5518,0.005330700506986521
4081,16,252,5517,0.005329734450352418
4082,44,78,5515,0.005327802337084209
4083,71,86,5513,0.005325870223816001
4084,10,97,5513,0.005325870223816001
4085,10,2,5513,0.005325870223816001
4086,44,143,5511,0.0053239381105477926
4087,5,66,5511,0.0053239381105477926
4088,3,109,5510,0.005322972053913688
4089,20,159,5509,0.005322005997279585
4090,20,18,5509,0.005322005997279585
4091,68,34,5508,0.00532103994064548
4092,19,221,5507,0.005320073884011376
4093,71,190,5506,0.005319107827377273
4094,35,173,5505,0.005318141770743168
4095,29,124,5504,0.005317175714109064
4096,27,175,5504,0.005317175714109064
4097,9,1,5504,0.005317175714109064
4098,8,52,5502,0.005315243600840856
4099,65,78,5501,0.005314277544206752
4100,74,193,5499,0.005312345430938543
4101,42,86,5499,0.005312345430938543
4102,23,135,5499,0.005312345430938543
4103,76,8,5498,0.00531137937430444
4104,41,198,5497,0.005310413317670335
4105,27,156,5497,0.005310413317670335
4106,67,29,5495,0.005308481204402127
4107,49,184,5495,0.005308481204402127
4108,48,249,5495,0.005308481204402127
4109,39,139,5495,0.005308481204402127
4110,29,51,5493,0.005306549091133919
4111,75,83,5492,0.0053055830344998145
4112,52,209,5492,0.0053055830344998145
4113,29,211,5492,0.0053055830344998145
4114,12,152,5492,0.0053055830344998145
4115,48,42,5491,0.00530461697786571
4116,10,237,5491,0.00530461697786571
4117,58,213,5490,0.005303650921231607
4118,63,151,5487,0.005300752751329294
4119,38,53,5486,0.00529978669469519
4120,61,249,5484,0.0052978545814269815
4121,47,213,5483,0.005296888524792877
4122,35,11,5483,0.005296888524792877
4123,29,13,5483,0.005296888524792877
4124,25,36,5482,0.005295922468158774
4125,72,86,5479,0.005293024298256461
4126,56,9,5479,0.005293024298256461
4127,67,235,5478,0.005292058241622357
4128,36,222,5478,0.005292058241622357
4129,36,135,5478,0.005292058241622357
4130,42,30,5477,0.005291092184988253
4131,44,91,5476,0.0052901261283541485
4132,23,53,5476,0.0052901261283541485
4133,10,50,5476,0.0052901261283541485
4134,63,241,5474,0.005288194015085941
4135,31,254,5474,0.005288194015085941
4136,18,165,5474,0.005288194015085941
4137,31,13,5473,0.005287227958451836
4138,18,126,5473,0.005287227958451836
4139,7,40,5473,0.005287227958451836
4140,5,141,5473,0.005287227958451836
4141,4,186,5473,0.005287227958451836
4142,49,124,5472,0.005286261901817732
4143,29,156,5472,0.005286261901817732
4144,22,107,5471,0.005285295845183628
4145,52,176,5469,0.00528336373191542
4146,8,11,5469,0.00528336373191542
4147,60,138,5468,0.0052823976752813155
4148,28,120,5468,0.0052823976752813155
4149,31,60,5467,0.005281431618647211
4150,11,235,5467,0.005281431618647211
4151,5,205,5467,0.005281431618647211
4152,39,173,5466,0.005280465562013108
4153,4,17,5465,0.005279499505379003
4154,65,238,5464,0.005278533448744899
4155,37,152,5463,0.005277567392110795
4156,8,239,5463,0.005277567392110795
4157,73,213,5462,0.005276601335476691
4158,24,29,5462,0.005276601335476691
4159,8,207,5462,0.005276601335476691
4160,8,91,5462,0.005276601335476691
4161,16,159,5461,0.005275635278842587
4162,16,63,5461,0.005275635278842587
4163,15,178,5461,0.005275635278842587
4164,9,229,5460,0.005274669222208483
4165,7,142,5460,0.005274669222208483
4166,24,153,5459,0.005273703165574378
4167,23,233,5459,0.005273703165574378
4168,53,24,5458,0.005272737108940275
4169,3,188,5458,0.005272737108940275
4170,31,178,5457,0.00527177105230617
4171,18,30,5457,0.00527177105230617
4172,70,150,5455,0.005269838939037962
4173,13,127,5454,0.005268872882403858
4174,60,174,5453,0.005267906825769754
4175,28,209,5452,0.00526694076913565
4176,6,63,5452,0.00526694076913565
4177,50,198,5451,0.005265974712501545
4178,17,181,5451,0.005265974712501545
4179,52,210,5450,0.005265008655867442
4180,24,210,5450,0.005265008655867442
4181,60,42,5447,0.00526211048596513
4182,49,250,5447,0.00526211048596513
4183,43,40,5447,0.00526211048596513
4184,25,188,5447,0.00526211048596513
4185,5,177,5447,0.00526211048596513
4186,5,211,5446,0.005261144429331025
4187,54,251,5445,0.005260178372696921
4188,42,98,5445,0.005260178372696921
4189,36,26,5445,0.005260178372696921
4190,18,92,5445,0.005260178372696921
4191,42,69,5444,0.005259212316062817
4192,40,62,5444,0.005259212316062817
4193,3,151,5444,0.005259212316062817
4194,63,190,5443,0.005258246259428713
4195,28,203,5443,0.005258246259428713
4196,60,17,5442,0.005257280202794609
4197,31,126,5442,0.005257280202794609
4198,62,52,5441,0.0052563141461605045
4199,36,155,5440,0.0052553480895264
4200,15,14,5440,0.0052553480895264
4201,70,122,5439,0.005254382032892297
4202,61,20,5439,0.005254382032892297
4203,38,194,5438,0.005253415976258192
4204,71,70,5437,0.005252449919624088
4205,23,48,5437,0.005252449919624088
4206,21,67,5437,0.005252449919624088
4207,14,150,5437,0.005252449919624088
4208,13,33,5437,0.005252449919624088
4209,3,155,5437,0.005252449919624088
4210,73,13,5436,0.005251483862989984
4211,9,9,5436,0.005251483862989984
4212,57,90,5435,0.00525051780635588
4213,8,133,5435,0.00525051780635588
4214,60,220,5432,0.005247619636453567
4215,75,152,5431,0.005246653579819464
4216,4,156,5431,0.005246653579819464
4217,58,166,5430,0.005245687523185359
4218,46,152,5430,0.005245687523185359
4219,46,197,5429,0.005244721466551255
4220,41,56,5428,0.005243755409917151
4221,4,152,5428,0.005243755409917151
4222,7,143,5427,0.005242789353283047
4223,56,20,5426,0.005241823296648943
4224,51,225,5426,0.005241823296648943
4225,16,44,5426,0.005241823296648943
4226,11,176,5426,0.005241823296648943
4227,11,94,5426,0.005241823296648943
4228,58,73,5425,0.0052408572400148385
4229,5,122,5425,0.0052408572400148385
4230,60,115,5424,0.005239891183380734
4231,27,182,5423,0.005238925126746631
4232,70,187,5421,0.005236993013478422
4233,59,238,5421,0.005236993013478422
4234,42,105,5420,0.005236026956844318
4235,22,147,5420,0.005236026956844318
4236,64,199,5419,0.005235060900210214
4237,61,115,5419,0.005235060900210214
4238,28,153,5419,0.005235060900210214
4239,20,222,5419,0.005235060900210214
4240,13,198,5419,0.005235060900210214
4241,34,235,5418,0.00523409484357611
4242,26,125,5418,0.00523409484357611
4243,55,33,5417,0.005233128786942006
4244,46,116,5417,0.005233128786942006
4245,30,218,5417,0.005233128786942006
4246,37,61,5415,0.005231196673673798
4247,21,249,5415,0.005231196673673798
4248,63,8,5413,0.005229264560405589
4249,45,229,5413,0.005229264560405589
4250,27,186,5412,0.005228298503771485
4251,9,18,5412,0.005228298503771485
4252,67,253,5411,0.005227332447137381
4253,9,198,5411,0.005227332447137381
4254,56,248,5410,0.005226366390503277
4255,34,174,5410,0.005226366390503277
4256,5,200,5410,0.005226366390503277
4257,42,95,5409,0.005225400333869173
4258,53,102,5408,0.005224434277235068
4259,23,85,5408,0.005224434277235068
4260,10,20,5408,0.005224434277235068
4261,9,159,5408,0.005224434277235068
4262,74,215,5406,0.0052225021639668604
4263,59,253,5406,0.0052225021639668604
4264,7,239,5406,0.0052225021639668604
4265,24,3,5405,0.005221536107332756
4266,61,45,5403,0.005219603994064548
4267,52,6,5403,0.005219603994064548
4268,36,27,5403,0.005219603994064548
4269,13,255,5403,0.005219603994064548
4270,47,9,5402,0.005218637937430444
4271,36,124,5402,0.005218637937430444
4272,59,197,5401,0.00521767188079634
4273,9,162,5401,0.00521767188079634
4274,69,90,5400,0.005216705824162235
4275,55,146,5400,0.005216705824162235
4276,65,212,5398,0.0052147737108940275
4277,17,246,5398,0.0052147737108940275
4278,50,19,5396,0.005212841597625819
4279,18,184,5396,0.005212841597625819
4280,37,1,5395,0.005211875540991715
4281,6,90,5394,0.005210909484357611
4282,73,152,5393,0.005209943427723507
4283,58,48,5392,0.005208977371089402
4284,74,113,5391,0.005208011314455299
4285,19,71,5391,0.005208011314455299
4286,44,66,5390,0.0052070452578211945
4287,30,150,5390,0.0052070452578211945
4288,27,172,5390,0.0052070452578211945
4289,9,81,5390,0.0052070452578211945
4290,73,108,5389,0.00520607920118709
4291,41,59,5387,0.005204147087918882
4292,29,71,5386,0.005203181031284778
4293,26,249,5386,0.005203181031284778
4294,40,169,5384,0.00520124891801657
4295,40,55,5383,0.005200282861382466
4296,57,141,5382,0.0051993168047483615
4297,30,67,5382,0.0051993168047483615
4298,19,173,5382,0.0051993168047483615
4299,11,191,5382,0.0051993168047483615
4300,5,83,5382,0.0051993168047483615
4301,58,235,5381,0.005198350748114257
4302,6,149,5381,0.005198350748114257
4303,3,178,5381,0.005198350748114257
4304,33,142,5380,0.005197384691480154
4305,23,38,5380,0.005197384691480154
4306,13,185,5379,0.005196418634846049
4307,64,2,5378,0.005195452578211945
4308,22,124,5378,0.005195452578211945
4309,18,24,5378,0.005195452578211945
4310,51,198,5376,0.005193520464943737
4311,46,148,5376,0.005193520464943737
4312,26,230,5376,0.005193520464943737
4313,74,46,5375,0.005192554408309633
4314,61,163,5375,0.005192554408309633
4315,72,235,5374,0.0051915883516755286
4316,47,115,5374,0.0051915883516755286
4317,52,69,5373,0.005190622295041424
4318,22,160,5373,0.005190622295041424
4319,18,249,5373,0.005190622295041424
4320,3,146,5373,0.005190622295041424
4321,68,244,5372,0.005189656238407321
4322,4,54,5372,0.005189656238407321
4323,70,141,5371,0.005188690181773216
4324,37,171,5371,0.005188690181773216
4325,47,232,5370,0.005187724125139112
4326,32,151,5370,0.005187724125139112
4327,7,179,5370,0.005187724125139112
4328,22,67,5367,0.0051848259552368
4329,46,224,5366,0.005183859898602696
4330,29,222,5364,0.005181927785334488
4331,7,147,5364,0.005181927785334488
4332,6,72,5364,0.005181927785334488
4333,48,239,5363,0.0051809617287003834
4334,9,126,5363,0.0051809617287003834
4335,12,216,5362,0.005179995672066279
4336,8,115,5362,0.005179995672066279
4337,7,237,5362,0.005179995672066279
4338,60,233,5361,0.005179029615432175
4339,38,95,5361,0.005179029615432175
4340,48,236,5358,0.005176131445529863
4341,36,37,5358,0.005176131445529863
4342,49,88,5357,0.005175165388895758
4343,43,247,5357,0.005175165388895758
4344,52,147,5356,0.005174199332261655
4345,45,79,5356,0.005174199332261655
4346,69,114,5355,0.0051732332756275505
4347,6,24,5355,0.0051732332756275505
4348,21,89,5354,0.005172267218993446
4349,74,248,5353,0.005171301162359342
4350,62,255,5353,0.005171301162359342
4351,35,84,5353,0.005171301162359342
4352,22,42,5353,0.005171301162359342
4353,13,22,5353,0.005171301162359342
4354,70,86,5352,0.005170335105725238
4355,60,14,5352,0.005170335105725238
4356,40,156,5352,0.005170335105725238
4357,5,24,5352,0.005170335105725238
4358,67,132,5351,0.005169369049091134
4359,63,6,5350,0.00516840299245703
4360,43,28,5350,0.00516840299245703
4361,50,131,5349,0.005167436935822925
4362,8,130,5348,0.005166470879188822
4363,26,215,5347,0.0051655048225547175
4364,15,15,5347,0.0051655048225547175
4365,13,39,5347,0.0051655048225547175
4366,20,123,5346,0.005164538765920613
4367,74,37,5345,0.005163572709286509
4368,12,238,5345,0.005163572709286509
4369,9,168,5345,0.005163572709286509
4370,72,165,5344,0.005162606652652405
4371,71,59,5343,0.005161640596018301
4372,42,9,5343,0.005161640596018301
4373,39,245,5343,0.005161640596018301
4374,28,1,5343,0.005161640596018301
4375,23,202,5343,0.005161640596018301
4376,21,104,5343,0.005161640596018301
4377,47,110,5342,0.005160674539384197
4378,19,40,5341,0.005159708482750092
4379,13,4,5341,0.005159708482750092
4380,31,76,5339,0.0051577763694818845
4381,5,230,5339,0.0051577763694818845
4382,57,246,5338,0.00515681031284778
4383,46,106,5338,0.00515681031284778
4384,14,80,5338,0.00515681031284778
4385,4,73,5337,0.005155844256213676
4386,25,114,5336,0.005154878199579572
4387,68,107,5335,0.005153912142945468
4388,21,102,5335,0.005153912142945468
4389,7,92,5335,0.005153912142945468
4390,75,112,5333,0.00515198002967726
4391,53,48,5333,0.00515198002967726
4392,45,217,5333,0.00515198002967726
4393,76,9,5331,0.0051500479164090516
4394,11,36,5331,0.0051500479164090516
4395,63,44,5330,0.005149081859774947
4396,6,11,5330,0.005149081859774947
4397,77,252,5329,0.005148115803140844
4398,5,129,5329,0.005148115803140844
4399,28,91,5328,0.005147149746506739
4400,34,193,5327,0.005146183689872635
4401,50,24,5326,0.005145217633238531
4402,31,25,5325,0.005144251576604427
4403,72,177,5323,0.005142319463336219
4404,69,8,5323,0.005142319463336219
4405,64,71,5323,0.005142319463336219
4406,12,203,5322,0.005141353406702114
4407,68,201,5321,0.005140387350068011
4408,51,21,5321,0.005140387350068011
4409,28,194,5321,0.005140387350068011
4410,26,79,5321,0.005140387350068011
4411,77,80,5320,0.005139421293433906
4412,36,10,5320,0.005139421293433906
4413,20,238,5319,0.005138455236799802
4414,23,110,5318,0.005137489180165698
4415,17,190,5318,0.005137489180165698
4416,5,117,5316,0.00513555706689749
4417,40,36,5315,0.005134591010263386
4418,50,184,5314,0.005133624953629281
4419,67,163,5313,0.005132658896995178
4420,62,219,5311,0.005130726783726969
4421,57,156,5311,0.005130726783726969
4422,4,219,5311,0.005130726783726969
4423,3,160,5311,0.005130726783726969
4424,43,39,5310,0.005129760727092865
4425,27,154,5309,0.005128794670458761
4426,33,68,5308,0.005127828613824657
4427,76,79,5306,0.005125896500556448
4428,38,193,5305,0.005124930443922345
4429,9,45,5304,0.0051239643872882405
4430,75,37,5303,0.005122998330654136
4431,26,50,5303,0.005122998330654136
4432,26,33,5303,0.005122998330654136
4433,72,56,5301,0.005121066217385928
4434,39,124,5299,0.00511913410411772
4435,32,232,5299,0.00511913410411772
4436,14,3,5297,0.005117201990849512
4437,48,16,5296,0.0051162359342154075
4438,19,126,5296,0.0051162359342154075
4439,10,29,5296,0.0051162359342154075
4440,7,139,5296,0.0051162359342154075
4441,12,62,5294,0.005114303820947199
4442,58,209,5293,0.005113337764313095
4443,48,153,5293,0.005113337764313095
4444,13,37,5293,0.005113337764313095
4445,63,9,5292,0.005112371707678991
4446,24,72,5292,0.005112371707678991
4447,24,32,5292,0.005112371707678991
4448,8,13,5292,0.005112371707678991
4449,4,199,5292,0.005112371707678991
4450,41,17,5291,0.005111405651044887
4451,43,33,5290,0.005110439594410782
4452,34,12,5290,0.005110439594410782
4453,29,240,5290,0.005110439594410782
4454,61,46,5289,0.005109473537776679
4455,55,124,5287,0.00510754142450847
4456,4,98,5287,0.00510754142450847
4457,74,109,5286,0.005106575367874366
4458,72,108,5286,0.005106575367874366
4459,38,133,5286,0.005106575367874366
4460,66,209,5285,0.005105609311240262
4461,36,49,5285,0.005105609311240262
4462,25,232,5283,0.005103677197972054
4463,76,190,5282,0.005102711141337949
4464,14,252,5281,0.005101745084703846
4465,14,103,5281,0.005101745084703846
4466,56,90,5280,0.005100779028069742
4467,34,43,5279,0.005099812971435637
4468,42,148,5278,0.005098846914801533
4469,33,18,5278,0.005098846914801533
4470,57,171,5277,0.005097880858167429
4471,32,200,5277,0.005097880858167429
4472,4,203,5276,0.005096914801533325
4473,66,85,5274,0.005094982688265117
4474,53,47,5274,0.005094982688265117
4475,12,64,5274,0.005094982688265117
4476,41,8,5272,0.005093050574996909
4477,21,15,5271,0.005092084518362804
4478,18,150,5271,0.005092084518362804
4479,5,36,5271,0.005092084518362804
4480,63,52,5270,0.005091118461728701
4481,54,201,5270,0.005091118461728701
4482,39,64,5270,0.005091118461728701
4483,15,52,5270,0.005091118461728701
4484,10,122,5270,0.005091118461728701
4485,5,50,5270,0.005091118461728701
4486,47,102,5269,0.0050901524050945965
4487,9,164,5269,0.0050901524050945965
4488,59,40,5268,0.005089186348460492
4489,54,238,5268,0.005089186348460492
4490,14,223,5266,0.005087254235192284
4491,33,180,5265,0.00508628817855818
4492,9,233,5265,0.00508628817855818
4493,77,136,5262,0.005083390008655868
4494,65,12,5262,0.005083390008655868
4495,58,81,5262,0.005083390008655868
4496,22,28,5261,0.0050824239520217635
4497,6,159,5261,0.0050824239520217635
4498,66,101,5260,0.005081457895387659
4499,32,68,5260,0.005081457895387659
4500,16,106,5258,0.005079525782119451
4501,15,140,5258,0.005079525782119451
4502,36,165,5257,0.005078559725485347
4503,22,170,5257,0.005078559725485347
4504,72,39,5256,0.005077593668851243
4505,30,5,5256,0.005077593668851243
4506,23,42,5255,0.005076627612217138
4507,55,120,5254,0.005075661555583035
4508,3,81,5254,0.005075661555583035
4509,70,245,5253,0.0050746954989489305
4510,71,106,5252,0.005073729442314826
4511,67,88,5252,0.005073729442314826
4512,28,111,5250,0.005071797329046618
4513,10,154,5250,0.005071797329046618
4514,75,74,5249,0.005070831272412514
4515,71,140,5249,0.005070831272412514
4516,54,6,5249,0.005070831272412514
4517,27,190,5249,0.005070831272412514
4518,26,47,5249,0.005070831272412514
4519,13,216,5248,0.00506986521577841
4520,71,144,5246,0.005067933102510202
4521,39,61,5246,0.005067933102510202
4522,75,179,5245,0.0050669670458760975
4523,46,245,5245,0.0050669670458760975
4524,40,171,5245,0.0050669670458760975
4525,35,184,5245,0.0050669670458760975
4526,9,53,5245,0.0050669670458760975
4527,75,153,5244,0.005066000989241993
4528,44,155,5244,0.005066000989241993
4529,39,0,5244,0.005066000989241993
4530,27,214,5244,0.005066000989241993
4531,13,253,5244,0.005066000989241993
4532,50,73,5243,0.005065034932607889
4533,38,226,5243,0.005065034932607889
4534,26,218,5243,0.005065034932607889
4535,11,158,5243,0.005065034932607889
4536,3,226,5243,0.005065034932607889
4537,35,110,5240,0.005062136762705577
4538,24,178,5239,0.005061170706071472
4539,20,50,5239,0.005061170706071472
4540,73,3,5238,0.005060204649437369
4541,34,29,5238,0.005060204649437369
4542,13,229,5238,0.005060204649437369
4543,66,102,5237,0.0050592385928032646
4544,11,234,5237,0.0050592385928032646
4545,3,82,5236,0.00505827253616916
4546,15,129,5235,0.005057306479535056
4547,6,229,5235,0.005057306479535056
4548,36,119,5233,0.005055374366266848
4549,34,146,5232,0.005054408309632744
4550,58,180,5231,0.005053442252998639
4551,26,134,5230,0.005052476196364536
4552,71,148,5228,0.005050544083096327
4553,22,206,5228,0.005050544083096327
4554,14,114,5228,0.005050544083096327
4555,32,65,5227,0.005049578026462223
4556,33,165,5226,0.0050486119698281194
4557,14,25,5225,0.005047645913194015
4558,65,143,5224,0.005046679856559911
4559,26,174,5223,0.005045713799925806
4560,25,251,5223,0.005045713799925806
4561,23,237,5223,0.005045713799925806
4562,18,163,5223,0.005045713799925806
4563,39,249,5220,0.005042815630023494
4564,68,211,5219,0.005041849573389391
4565,15,151,5219,0.005041849573389391
4566,53,160,5218,0.0050408835167552865
4567,17,182,5218,0.0050408835167552865
4568,6,46,5218,0.0050408835167552865
4569,43,154,5216,0.005038951403487078
4570,31,166,5216,0.005038951403487078
4571,14,106,5216,0.005038951403487078
4572,8,94,5216,0.005038951403487078
4573,43,193,5215,0.005037985346852974
4574,24,111,5215,0.005037985346852974
4575,60,53,5214,0.00503701929021887
4576,29,14,5214,0.00503701929021887
4577,42,32,5213,0.005036053233584766
4578,7,54,5213,0.005036053233584766
4579,71,25,5212,0.005035087176950661
4580,43,250,5212,0.005035087176950661
4581,41,237,5210,0.0050331550636824535
4582,10,25,5210,0.0050331550636824535
4583,27,96,5209,0.005032189007048349
4584,30,13,5207,0.005030256893780141
4585,4,56,5207,0.005030256893780141
4586,40,43,5206,0.005029290837146037
4587,11,188,5206,0.005029290837146037
4588,10,229,5206,0.005029290837146037
4589,51,95,5205,0.005028324780511933
4590,4,216,5205,0.005028324780511933
4591,34,88,5204,0.005027358723877828
4592,30,211,5202,0.0050254266106096205
4593,8,86,5202,0.0050254266106096205
4594,77,184,5201,0.005024460553975516
4595,70,72,5201,0.005024460553975516
4596,12,114,5201,0.005024460553975516
4597,56,132,5199,0.005022528440707308
4598,41,154,5199,0.005022528440707308
4599,46,70,5197,0.0050205963274391
4600,42,61,5197,0.0050205963274391
4601,13,71,5197,0.0050205963274391
4602,27,148,5196,0.005019630270804995
4603,3,141,5195,0.005018664214170892
4604,46,191,5194,0.0050176981575367876
4605,60,112,5193,0.005016732100902683
4606,27,93,5191,0.005014799987634475
4607,55,57,5189,0.005012867874366267
4608,51,53,5189,0.005012867874366267
4609,5,183,5189,0.005012867874366267
4610,49,35,5187,0.005010935761098059
4611,56,34,5186,0.005009969704463955
4612,6,45,5186,0.005009969704463955
4613,6,27,5186,0.005009969704463955
4614,39,29,5185,0.00500900364782985
4615,15,226,5185,0.00500900364782985
4616,19,73,5183,0.0050070715345616424
4617,71,237,5182,0.005006105477927538
4618,48,192,5182,0.005006105477927538
4619,25,26,5182,0.005006105477927538
4620,3,48,5182,0.005006105477927538
4621,30,130,5181,0.005005139421293434
4622,28,2,5181,0.005005139421293434
4623,31,11,5180,0.005004173364659329
4624,20,233,5180,0.005004173364659329
4625,14,18,5180,0.005004173364659329
4626,12,77,5180,0.005004173364659329
4627,11,120,5180,0.005004173364659329
4628,20,98,5179,0.005003207308025226
4629,15,248,5179,0.005003207308025226
4630,45,12,5178,0.005002241251391122
4631,39,12,5177,0.005001275194757017
4632,26,20,5177,0.005001275194757017
4633,76,46,5176,0.005000309138122913
4634,60,81,5176,0.005000309138122913
4635,35,154,5176,0.005000309138122913
4636,10,205,5176,0.005000309138122913
4637,61,80,5175,0.0049993430814888095
4638,50,236,5175,0.0049993430814888095
4639,21,52,5175,0.0049993430814888095
4640,14,181,5175,0.0049993430814888095
4641,6,0,5175,0.0049993430814888095
4642,15,189,5174,0.004998377024854705
4643,74,207,5173,0.004997410968220601
4644,52,96,5172,0.0049964449115864965
4645,31,96,5171,0.004995478854952393
4646,20,142,5171,0.004995478854952393
4647,75,95,5170,0.004994512798318289
4648,53,161,5170,0.004994512798318289
4649,33,210,5170,0.004994512798318289
4650,21,134,5170,0.004994512798318289
4651,46,36,5168,0.00499258068505008
4652,9,217,5168,0.00499258068505008
4653,59,82,5166,0.004990648571781872
4654,13,176,5166,0.004990648571781872
4655,75,249,5164,0.0049887164585136635
4656,44,122,5164,0.0049887164585136635
4657,22,245,5164,0.0049887164585136635
4658,64,143,5163,0.00498775040187956
4659,72,8,5162,0.004986784345245456
4660,40,241,5162,0.004986784345245456
4661,14,60,5162,0.004986784345245456
4662,69,184,5161,0.004985818288611351
4663,65,132,5161,0.004985818288611351
4664,42,137,5160,0.004984852231977248
4665,26,62,5160,0.004984852231977248
4666,8,132,5160,0.004984852231977248
4667,66,169,5159,0.0049838861753431435
4668,56,146,5159,0.0049838861753431435
4669,42,221,5158,0.004982920118709039
4670,13,68,5158,0.004982920118709039
4671,53,206,5157,0.004981954062074935
4672,30,128,5156,0.004980988005440831
4673,3,58,5156,0.004980988005440831
4674,75,69,5155,0.004980021948806727
4675,37,133,5155,0.004980021948806727
4676,14,187,5155,0.004980021948806727
4677,75,161,5154,0.004979055892172623
4678,14,179,5154,0.004979055892172623
4679,67,81,5153,0.004978089835538518
4680,44,37,5152,0.004977123778904415
4681,27,124,5152,0.004977123778904415
4682,41,81,5149,0.004974225609002102
4683,38,239,5149,0.004974225609002102
4684,29,107,5149,0.004974225609002102
4685,11,243,5149,0.004974225609002102
4686,48,78,5148,0.004973259552367998
4687,41,41,5148,0.004973259552367998
4688,75,195,5147,0.004972293495733894
4689,73,218,5147,0.004972293495733894
4690,20,145,5147,0.004972293495733894
4691,7,20,5147,0.004972293495733894
4692,11,221,5146,0.00497132743909979
4693,67,113,5145,0.004970361382465685
4694,31,251,5145,0.004970361382465685
4695,15,6,5145,0.004970361382465685
4696,9,145,5145,0.004970361382465685
4697,43,143,5144,0.004969395325831582
4698,17,185,5144,0.004969395325831582
4699,77,57,5142,0.004967463212563373
4700,68,192,5142,0.004967463212563373
4701,34,57,5142,0.004967463212563373
4702,28,247,5142,0.004967463212563373
4703,21,243,5141,0.004966497155929269
4704,68,116,5140,0.004965531099295165
4705,10,82,5140,0.004965531099295165
4706,70,157,5139,0.004964565042661061
4707,52,200,5139,0.004964565042661061
4708,44,248,5139,0.004964565042661061
4709,13,93,5139,0.004964565042661061
4710,56,171,5138,0.004963598986026957
4711,41,212,5138,0.004963598986026957
4712,11,141,5138,0.004963598986026957
4713,3,234,5138,0.004963598986026957
4714,31,255,5137,0.004962632929392852
4715,21,196,5137,0.004962632929392852
4716,13,252,5137,0.004962632929392852
4717,21,138,5136,0.004961666872758749
4718,10,107,5136,0.004961666872758749
4719,46,218,5135,0.004960700816124645
4720,7,80,5135,0.004960700816124645
4721,34,82,5134,0.00495973475949054
4722,24,252,5134,0.00495973475949054
4723,12,186,5134,0.00495973475949054
4724,64,151,5133,0.004958768702856436
4725,63,91,5132,0.0049578026462223325
4726,12,194,5132,0.0049578026462223325
4727,42,20,5131,0.004956836589588228
4728,38,85,5131,0.004956836589588228
4729,7,160,5131,0.004956836589588228
4730,52,91,5130,0.004955870532954124
4731,41,32,5130,0.004955870532954124
4732,25,164,5130,0.004955870532954124
4733,13,188,5129,0.0049549044763200194
4734,9,79,5129,0.0049549044763200194
4735,73,106,5128,0.004953938419685916
4736,23,84,5128,0.004953938419685916
4737,52,28,5126,0.004952006306417707
4738,31,33,5126,0.004952006306417707
4739,55,167,5125,0.004951040249783603
4740,28,73,5125,0.004951040249783603
4741,4,30,5125,0.004951040249783603
4742,77,127,5124,0.0049500741931494995
4743,76,212,5124,0.0049500741931494995
4744,71,139,5124,0.0049500741931494995
4745,25,161,5124,0.0049500741931494995
4746,4,20,5123,0.004949108136515395
4747,64,184,5122,0.004948142079881291
4748,70,49,5121,0.0049471760232471865
4749,45,188,5121,0.0049471760232471865
4750,4,128,5121,0.0049471760232471865
4751,77,126,5120,0.004946209966613083
4752,35,182,5120,0.004946209966613083
4753,34,91,5120,0.004946209966613083
4754,5,137,5120,0.004946209966613083
4755,67,95,5119,0.004945243909978979
4756,34,15,5119,0.004945243909978979
4757,7,11,5119,0.004945243909978979
4758,55,203,5118,0.004944277853344874
4759,19,58,5118,0.004944277853344874
4760,8,243,5118,0.004944277853344874
4761,73,144,5117,0.00494331179671077
4762,32,37,5117,0.00494331179671077
4763,13,73,5117,0.00494331179671077
4764,44,77,5116,0.0049423457400766665
4765,36,194,5116,0.0049423457400766665
4766,34,167,5115,0.004941379683442562
4767,32,153,5115,0.004941379683442562
4768,73,128,5114,0.004940413626808458
4769,23,6,5114,0.004940413626808458
4770,56,253,5113,0.0049394475701743535
4771,38,244,5113,0.0049394475701743535
4772,77,162,5111,0.004937515456906146
4773,51,131,5111,0.004937515456906146
4774,22,84,5111,0.004937515456906146
4775,21,194,5111,0.004937515456906146
4776,4,38,5111,0.004937515456906146
4777,62,101,5110,0.004936549400272041
4778,32,125,5109,0.004935583343637937
4779,49,108,5108,0.0049346172870038335
4780,11,59,5108,0.0049346172870038335
4781,74,77,5106,0.004932685173735625
4782,74,8,5106,0.004932685173735625
4783,77,149,5105,0.0049317191171015205
4784,53,226,5104,0.004930753060467417
4785,6,86,5104,0.004930753060467417
4786,21,127,5103,0.004929787003833313
4787,28,54,5102,0.004928820947199208
4788,45,140,5101,0.004927854890565105
4789,5,154,5100,0.004926888833931001
4790,45,179,5099,0.004925922777296896
4791,8,194,5099,0.004925922777296896
4792,77,201,5098,0.004924956720662792
4793,73,139,5098,0.004924956720662792
4794,57,77,5098,0.004924956720662792
4795,3,210,5098,0.004924956720662792
4796,49,188,5096,0.004923024607394584
4797,15,242,5093,0.004920126437492272
4798,13,139,5093,0.004920126437492272
4799,7,38,5093,0.004920126437492272
4800,6,26,5092,0.004919160380858168
4801,76,144,5091,0.004918194324224063
4802,27,97,5091,0.004918194324224063
4803,19,25,5091,0.004918194324224063
4804,13,137,5091,0.004918194324224063
4805,32,84,5090,0.004917228267589959
4806,28,228,5090,0.004917228267589959
4807,19,34,5090,0.004917228267589959
4808,14,221,5090,0.004917228267589959
4809,13,134,5090,0.004917228267589959
4810,74,218,5089,0.0049162622109558555
4811,5,91,5089,0.0049162622109558555
4812,7,204,5087,0.004914330097687647
4813,61,91,5086,0.0049133640410535424
4814,56,220,5086,0.0049133640410535424
4815,46,3,5086,0.0049133640410535424
4816,25,219,5086,0.0049133640410535424
4817,24,34,5086,0.0049133640410535424
4818,28,243,5085,0.004912397984419439
4819,72,227,5084,0.004911431927785335
4820,74,167,5083,0.00491046587115123
4821,67,34,5083,0.00491046587115123
4822,35,13,5083,0.00491046587115123
4823,12,56,5083,0.00491046587115123
4824,9,182,5083,0.00491046587115123
4825,42,178,5081,0.0049085337578830225
4826,25,74,5081,0.0049085337578830225
4827,8,114,5081,0.0049085337578830225
4828,6,82,5081,0.0049085337578830225
4829,15,212,5080,0.004907567701248918
4830,56,254,5079,0.004906601644614814
4831,31,59,5079,0.004906601644614814
4832,42,70,5078,0.0049056355879807095
4833,31,45,5078,0.0049056355879807095
4834,30,240,5078,0.0049056355879807095
4835,4,95,5077,0.004904669531346606
4836,76,1,5076,0.004903703474712502
4837,58,63,5076,0.004903703474712502
4838,7,223,5076,0.004903703474712502
4839,74,160,5075,0.004902737418078397
4840,48,184,5075,0.004902737418078397
4841,51,84,5074,0.004901771361444293
4842,44,192,5074,0.004901771361444293
4843,75,105,5073,0.0049008053048101895
4844,3,137,5073,0.0049008053048101895
4845,3,68,5073,0.0049008053048101895
4846,58,188,5072,0.004899839248176085
4847,35,12,5072,0.004899839248176085
4848,29,204,5072,0.004899839248176085
4849,8,85,5071,0.004898873191541981
4850,10,54,5069,0.004896941078273773
4851,7,74,5069,0.004896941078273773
4852,72,35,5068,0.004895975021639669
4853,66,127,5068,0.004895975021639669
4854,31,3,5068,0.004895975021639669
4855,52,103,5067,0.004895008965005564
4856,21,219,5067,0.004895008965005564
4857,77,60,5066,0.00489404290837146
4858,69,48,5066,0.00489404290837146
4859,74,208,5065,0.0048930768517373565
4860,42,141,5065,0.0048930768517373565
4861,23,154,5065,0.0048930768517373565
4862,19,111,5065,0.0048930768517373565
4863,76,205,5064,0.004892110795103252
4864,36,70,5063,0.004891144738469148
4865,5,243,5062,0.0048901786818350435
4866,65,187,5060,0.004888246568566836
4867,17,172,5060,0.004888246568566836
4868,6,213,5060,0.004888246568566836
4869,71,28,5059,0.004887280511932731
4870,73,136,5058,0.004886314455298627
4871,64,218,5058,0.004886314455298627
4872,33,11,5058,0.004886314455298627
4873,31,132,5058,0.004886314455298627
4874,6,192,5058,0.004886314455298627
4875,29,217,5057,0.0048853483986645236
4876,6,6,5057,0.0048853483986645236
4877,5,55,5057,0.0048853483986645236
4878,61,235,5056,0.004884382342030419
4879,50,25,5056,0.004884382342030419
4880,24,138,5055,0.004883416285396315
4881,55,142,5052,0.004880518115494003
4882,53,45,5051,0.004879552058859898
4883,11,153,5050,0.004878586002225794
4884,13,86,5048,0.004876653888957586
4885,11,203,5048,0.004876653888957586
4886,48,138,5046,0.0048747217756893784
4887,46,46,5046,0.0048747217756893784
4888,65,246,5045,0.004873755719055274
4889,62,67,5045,0.004873755719055274
4890,54,64,5045,0.004873755719055274
4891,53,80,5045,0.004873755719055274
4892,49,89,5045,0.004873755719055274
4893,72,66,5044,0.00487278966242117
4894,34,107,5044,0.00487278966242117
4895,11,166,5044,0.00487278966242117
4896,63,174,5043,0.004871823605787065
4897,3,30,5043,0.004871823605787065
4898,43,24,5042,0.004870857549152962
4899,76,138,5041,0.004869891492518858
4900,64,96,5041,0.004869891492518858
4901,44,131,5041,0.004869891492518858
4902,37,181,5041,0.004869891492518858
4903,25,184,5041,0.004869891492518858
4904,24,141,5041,0.004869891492518858
4905,56,136,5040,0.004868925435884753
4906,30,188,5040,0.004868925435884753
4907,20,29,5040,0.004868925435884753
4908,49,194,5039,0.004867959379250649
4909,27,3,5039,0.004867959379250649
4910,18,149,5039,0.004867959379250649
4911,65,66,5038,0.0048669933226165455
4912,11,86,5038,0.0048669933226165455
4913,62,143,5037,0.004866027265982441
4914,20,251,5037,0.004866027265982441
4915,15,47,5037,0.004866027265982441
4916,3,90,5036,0.004865061209348337
4917,45,249,5035,0.0048640951527142325
4918,38,4,5035,0.0048640951527142325
4919,39,239,5034,0.004863129096080129
4920,12,42,5034,0.004863129096080129
4921,4,123,5034,0.004863129096080129
4922,57,113,5033,0.004862163039446025
4923,43,235,5033,0.004862163039446025
4924,3,26,5033,0.004862163039446025
4925,3,181,5031,0.004860230926177816
4926,74,124,5030,0.0048592648695437125
4927,35,91,5029,0.004858298812909608
4928,47,140,5028,0.004857332756275504
4929,59,164,5027,0.0048563666996413995
4930,38,145,5027,0.0048563666996413995
4931,24,241,5027,0.0048563666996413995
4932,20,186,5027,0.0048563666996413995
4933,55,156,5026,0.004855400643007296
4934,43,205,5026,0.004855400643007296
4935,73,235,5025,0.004854434586373192
4936,61,59,5025,0.004854434586373192
4937,13,147,5025,0.004854434586373192
4938,57,227,5024,0.004853468529739087
4939,16,255,5024,0.004853468529739087
4940,4,174,5024,0.004853468529739087
4941,10,180,5023,0.004852502473104983
4942,44,175,5022,0.0048515364164708795
4943,4,96,5022,0.0048515364164708795
4944,27,205,5021,0.004850570359836775
4945,25,227,5021,0.004850570359836775
4946,45,17,5020,0.004849604303202671
4947,26,17,5020,0.004849604303202671
4948,12,177,5020,0.004849604303202671
4949,4,85,5020,0.004849604303202671
4950,61,17,5019,0.0048486382465685665
4951,50,227,5018,0.004847672189934463
4952,5,104,5018,0.004847672189934463
4953,3,229,5018,0.004847672189934463
4954,65,147,5017,0.004846706133300359
4955,27,32,5017,0.004846706133300359
4956,67,11,5016,0.004845740076666254
4957,69,201,5014,0.0048438079633980466
4958,60,254,5013,0.004842841906763942
4959,5,90,5013,0.004842841906763942
4960,22,122,5012,0.004841875850129838
4961,5,178,5010,0.00483994373686163
4962,17,192,5009,0.004838977680227526
4963,14,159,5009,0.004838977680227526
4964,71,11,5008,0.004838011623593421
4965,43,227,5008,0.004838011623593421
4966,28,11,5008,0.004838011623593421
4967,20,80,5008,0.004838011623593421
4968,76,90,5007,0.004837045566959317
4969,5,109,5007,0.004837045566959317
4970,39,27,5005,0.004835113453691109
4971,48,141,5004,0.004834147397057005
4972,46,101,5004,0.004834147397057005
4973,11,146,5004,0.004834147397057005
4974,71,1,5003,0.004833181340422901
4975,21,184,5002,0.004832215283788797
4976,15,123,5002,0.004832215283788797
4977,25,97,5001,0.004831249227154693
4978,25,23,5000,0.004830283170520588
4979,53,58,4999,0.004829317113886484
4980,39,57,4999,0.004829317113886484
4981,33,47,4999,0.004829317113886484
4982,9,200,4999,0.004829317113886484
4983,77,8,4997,0.004827385000618276
4984,29,0,4997,0.004827385000618276
4985,13,41,4997,0.004827385000618276
4986,35,243,4996,0.004826418943984172
4987,4,205,4995,0.004825452887350068
4988,76,217,4994,0.004824486830715964
4989,49,173,4994,0.004824486830715964
4990,9,125,4993,0.00482352077408186
4991,68,41,4992,0.0048225547174477554
4992,28,74,4992,0.0048225547174477554
4993,10,96,4992,0.0048225547174477554
4994,30,104,4991,0.004821588660813651
4995,27,42,4991,0.004821588660813651
4996,23,27,4991,0.004821588660813651
4997,6,206,4991,0.004821588660813651
4998,4,230,4991,0.004821588660813651
4999,14,155,4990,0.004820622604179548
5000,13,169,4990,0.004820622604179548
5001,51,170,4989,0.004819656547545443
5002,37,39,4988,0.004818690490911339
5003,34,227,4987,0.0048177244342772355
5004,69,41,4986,0.004816758377643131
5005,16,237,4986,0.004816758377643131
5006,3,169,4986,0.004816758377643131
5007,14,93,4984,0.0048148262643749225
5008,4,32,4984,0.0048148262643749225
5009,74,134,4983,0.004813860207740819
5010,65,155,4983,0.004813860207740819
5011,49,44,4983,0.004813860207740819
5012,41,96,4982,0.004812894151106715
5013,28,157,4982,0.004812894151106715
5014,26,6,4982,0.004812894151106715
5015,16,150,4981,0.00481192809447261
5016,44,40,4980,0.004810962037838506
5017,38,88,4980,0.004810962037838506
5018,70,115,4979,0.0048099959812044025
5019,38,166,4979,0.0048099959812044025
5020,28,8,4979,0.0048099959812044025
5021,24,218,4979,0.0048099959812044025
5022,6,141,4979,0.0048099959812044025
5023,68,161,4978,0.004809029924570298
5024,25,166,4978,0.004809029924570298
5025,7,238,4978,0.004809029924570298
5026,68,133,4977,0.004808063867936194
5027,32,240,4977,0.004808063867936194
5028,14,107,4977,0.004808063867936194
5029,10,117,4977,0.004808063867936194
5030,6,125,4977,0.004808063867936194
5031,3,23,4976,0.0048070978113020895
5032,10,213,4975,0.004806131754667986
5033,68,245,4974,0.004805165698033882
5034,41,122,4974,0.004805165698033882
5035,71,116,4972,0.004803233584765673
5036,26,80,4972,0.004803233584765673
5037,24,69,4972,0.004803233584765673
5038,14,210,4972,0.004803233584765673
5039,72,201,4971,0.0048022675281315695
5040,57,131,4971,0.0048022675281315695
5041,54,216,4971,0.0048022675281315695
5042,46,157,4971,0.0048022675281315695
5043,45,106,4971,0.0048022675281315695
5044,41,102,4971,0.0048022675281315695
5045,16,72,4971,0.0048022675281315695
5046,15,142,4971,0.0048022675281315695
5047,56,205,4969,0.004800335414863361
5048,55,122,4969,0.004800335414863361
5049,48,163,4969,0.004800335414863361
5050,8,81,4969,0.004800335414863361
5051,23,81,4968,0.0047993693582292565
5052,43,14,4967,0.004798403301595153
5053,26,97,4967,0.004798403301595153
5054,67,18,4966,0.004797437244961049
5055,44,176,4965,0.004796471188326944
5056,24,73,4965,0.004796471188326944
5057,16,95,4965,0.004796471188326944
5058,16,84,4965,0.004796471188326944
5059,10,223,4965,0.004796471188326944
5060,75,186,4963,0.004794539075058737
5061,28,62,4963,0.004794539075058737
5062,57,15,4961,0.004792606961790528
5063,42,63,4961,0.004792606961790528
5064,52,134,4960,0.0047916409051564236
5065,43,5,4960,0.0047916409051564236
5066,28,84,4960,0.0047916409051564236
5067,74,26,4959,0.00479067484852232
5068,5,127,4958,0.004789708791888216
5069,49,25,4956,0.004787776678620007
5070,29,141,4956,0.004787776678620007
5071,73,36,4955,0.004786810621985904
5072,5,249,4955,0.004786810621985904
5073,47,99,4953,0.004784878508717695
5074,41,210,4953,0.004784878508717695
5075,15,202,4953,0.004784878508717695
5076,73,179,4952,0.004783912452083591
5077,66,202,4952,0.004783912452083591
5078,44,111,4952,0.004783912452083591
5079,43,66,4952,0.004783912452083591
5080,4,64,4952,0.004783912452083591
5081,42,156,4951,0.004782946395449487
5082,70,56,4950,0.004781980338815383
5083,14,144,4950,0.004781980338815383
5084,70,164,4949,0.0047810142821812784
5085,65,134,4949,0.0047810142821812784
5086,37,240,4949,0.0047810142821812784
5087,32,122,4949,0.0047810142821812784
5088,16,65,4949,0.0047810142821812784
5089,48,59,4948,0.004780048225547174
5090,9,246,4948,0.004780048225547174
5091,5,8,4948,0.004780048225547174
5092,19,248,4947,0.004779082168913071
5093,17,1,4947,0.004779082168913071
5094,53,20,4946,0.004778116112278966
5095,29,161,4944,0.004776183999010758
5096,23,199,4943,0.004775217942376654
5097,9,109,4943,0.004775217942376654
5098,66,30,4942,0.00477425188574255
5099,29,252,4942,0.00477425188574255
5100,10,3,4942,0.00477425188574255
5101,11,179,4941,0.0047732858291084455
5102,36,68,4940,0.004772319772474341
5103,6,78,4940,0.004772319772474341
5104,74,152,4939,0.004771353715840238
5105,57,175,4939,0.004771353715840238
5106,8,131,4939,0.004771353715840238
5107,72,60,4937,0.004769421602572029
5108,52,39,4937,0.004769421602572029
5109,48,227,4936,0.004768455545937925
5110,41,16,4935,0.004767489489303821
5111,39,186,4935,0.004767489489303821
5112,14,5,4935,0.004767489489303821
5113,13,233,4935,0.004767489489303821
5114,65,119,4934,0.004766523432669717
5115,15,122,4934,0.004766523432669717
5116,13,177,4934,0.004766523432669717
5117,64,6,4933,0.0047655573760356125
5118,37,236,4933,0.0047655573760356125
5119,27,103,4933,0.0047655573760356125
5120,6,161,4933,0.0047655573760356125
5121,68,40,4932,0.004764591319401509
5122,20,87,4932,0.004764591319401509
5123,14,247,4932,0.004764591319401509
5124,14,225,4932,0.004764591319401509
5125,24,185,4931,0.004763625262767405
5126,12,219,4931,0.004763625262767405
5127,40,253,4930,0.0047626592061333
5128,76,88,4929,0.004761693149499196
5129,35,121,4928,0.0047607270928650925
5130,72,251,4927,0.004759761036230988
5131,68,54,4927,0.004759761036230988
5132,36,71,4927,0.004759761036230988
5133,57,241,4926,0.004758794979596884
5134,36,186,4926,0.004758794979596884
5135,63,19,4925,0.0047578289229627795
5136,9,97,4925,0.0047578289229627795
5137,26,225,4924,0.004756862866328676
5138,5,51,4924,0.004756862866328676
5139,69,130,4923,0.004755896809694572
5140,50,21,4923,0.004755896809694572
5141,17,117,4923,0.004755896809694572
5142,71,6,4922,0.004754930753060467
5143,33,216,4922,0.004754930753060467
5144,14,219,4922,0.004754930753060467
5145,6,28,4922,0.004754930753060467
5146,67,5,4921,0.004753964696426363
5147,25,247,4921,0.004753964696426363
5148,22,151,4921,0.004753964696426363
5149,11,177,4920,0.00475299863979226
5150,8,54,4920,0.00475299863979226
5151,22,204,4919,0.004752032583158155
5152,6,83,4918,0.004751066526524051
5153,5,71,4918,0.004751066526524051
5154,45,170,4917,0.0047501004698899466
5155,31,199,4917,0.0047501004698899466
5156,53,28,4916,0.004749134413255843
5157,45,44,4916,0.004749134413255843
5158,58,14,4915,0.004748168356621739
5159,48,204,4915,0.004748168356621739
5160,29,43,4915,0.004748168356621739
5161,76,97,4914,0.004747202299987634
5162,26,32,4914,0.004747202299987634
5163,13,228,4914,0.004747202299987634
5164,5,192,4914,0.004747202299987634
5165,44,106,4913,0.00474623624335353
5166,24,123,4913,0.00474623624335353
5167,51,42,4912,0.004745270186719427
5168,27,41,4911,0.004744304130085322
5169,7,94,4910,0.004743338073451218
5170,51,26,4909,0.004742372016817114
5171,16,82,4908,0.00474140596018301
5172,14,30,4907,0.004740439903548906
5173,24,164,4905,0.004738507790280697
5174,3,20,4905,0.004738507790280697
5175,50,11,4903,0.004736575677012489
5176,11,207,4903,0.004736575677012489
5177,37,169,4900,0.004733677507110177
5178,66,14,4898,0.0047317453938419685
5179,39,129,4898,0.0047317453938419685
5180,24,94,4898,0.0047317453938419685
5181,6,219,4898,0.0047317453938419685
5182,72,147,4896,0.004729813280573761
5183,53,212,4896,0.004729813280573761
5184,52,131,4896,0.004729813280573761
5185,4,122,4896,0.004729813280573761
5186,55,94,4894,0.004727881167305552
5187,52,118,4894,0.004727881167305552
5188,9,242,4894,0.004727881167305552
5189,11,245,4893,0.004726915110671448
5190,73,102,4892,0.004725949054037344
5191,34,145,4892,0.004725949054037344
5192,60,137,4891,0.00472498299740324
5193,25,154,4891,0.00472498299740324
5194,54,129,4888,0.004722084827500928
5195,55,41,4887,0.004721118770866823
5196,20,66,4887,0.004721118770866823
5197,18,108,4887,0.004721118770866823
5198,56,11,4886,0.004720152714232719
5199,29,244,4885,0.004719186657598615
5200,29,62,4884,0.004718220600964511
5201,19,7,4883,0.004717254544330407
5202,31,55,4882,0.0047162884876963025
5203,35,64,4881,0.004715322431062198
5204,47,138,4880,0.004714356374428095
5205,68,191,4879,0.00471339031779399
5206,45,16,4876,0.004710492147891678
5207,5,169,4876,0.004710492147891678
5208,8,12,4875,0.004709526091257574
5209,69,154,4874,0.0047085600346234695
5210,12,103,4874,0.0047085600346234695
5211,77,167,4873,0.004707593977989366
5212,10,114,4872,0.004706627921355262
5213,7,13,4872,0.004706627921355262
5214,69,225,4871,0.004705661864721157
5215,56,250,4871,0.004705661864721157
5216,46,27,4871,0.004705661864721157
5217,45,166,4870,0.004704695808087053
5218,26,116,4870,0.004704695808087053
5219,72,149,4869,0.00470372975145295
5220,58,181,4869,0.00470372975145295
5221,36,73,4869,0.00470372975145295
5222,35,66,4869,0.00470372975145295
5223,28,22,4869,0.00470372975145295
5224,17,191,4869,0.00470372975145295
5225,60,52,4868,0.004702763694818845
5226,30,181,4868,0.004702763694818845
5227,21,149,4868,0.004702763694818845
5228,74,27,4867,0.004701797638184741
5229,62,106,4867,0.004701797638184741
5230,5,74,4866,0.004700831581550637
5231,57,48,4865,0.004699865524916533
5232,8,95,4865,0.004699865524916533
5233,5,193,4865,0.004699865524916533
5234,16,17,4864,0.004698899468282429
5235,13,193,4864,0.004698899468282429
5236,55,206,4863,0.004697933411648324
5237,18,46,4862,0.00469696735501422
5238,68,50,4861,0.004696001298380117
5239,38,75,4861,0.004696001298380117
5240,6,129,4861,0.004696001298380117
5241,69,83,4860,0.004695035241746012
5242,8,128,4860,0.004695035241746012
5243,36,112,4859,0.004694069185111908
5244,11,125,4859,0.004694069185111908
5245,11,39,4859,0.004694069185111908
5246,5,93,4859,0.004694069185111908
5247,3,236,4859,0.004694069185111908
5248,57,173,4858,0.004693103128477804
5249,51,159,4858,0.004693103128477804
5250,8,201,4858,0.004693103128477804
5251,55,126,4857,0.0046921370718437
5252,22,74,4856,0.004691171015209596
5253,9,169,4856,0.004691171015209596
5254,51,154,4855,0.0046902049585754915
5255,49,252,4855,0.0046902049585754915
5256,42,108,4855,0.0046902049585754915
5257,37,252,4855,0.0046902049585754915
5258,37,154,4855,0.0046902049585754915
5259,18,87,4855,0.0046902049585754915
5260,46,16,4854,0.004689238901941387
5261,23,171,4854,0.004689238901941387
5262,4,133,4854,0.004689238901941387
5263,61,107,4853,0.004688272845307284
5264,49,183,4853,0.004688272845307284
5265,5,170,4852,0.004687306788673179
5266,38,69,4851,0.004686340732039075
5267,71,126,4849,0.004684408618770867
5268,58,126,4849,0.004684408618770867
5269,52,238,4849,0.004684408618770867
5270,46,126,4849,0.004684408618770867
5271,16,115,4849,0.004684408618770867
5272,75,163,4848,0.004683442562136763
5273,31,152,4848,0.004683442562136763
5274,68,247,4847,0.0046824765055026585
5275,61,78,4847,0.0046824765055026585
5276,41,50,4847,0.0046824765055026585
5277,24,243,4847,0.0046824765055026585
5278,3,52,4846,0.004681510448868554
5279,33,212,4845,0.004680544392234451
5280,16,133,4845,0.004680544392234451
5281,4,148,4845,0.004680544392234451
5282,20,202,4844,0.004679578335600346
5283,49,86,4842,0.004677646222332138
5284,30,31,4842,0.004677646222332138
5285,8,106,4842,0.004677646222332138
5286,68,49,4841,0.004676680165698034
5287,70,151,4840,0.00467571410906393
5288,51,52,4840,0.00467571410906393
5289,37,245,4839,0.0046747480524298255
5290,35,127,4839,0.0046747480524298255
5291,31,247,4839,0.0046747480524298255
5292,48,103,4838,0.004673781995795721
5293,45,53,4838,0.004673781995795721
5294,24,106,4838,0.004673781995795721
5295,67,219,4837,0.004672815939161618
5296,55,90,4837,0.004672815939161618
5297,39,115,4837,0.004672815939161618
5298,12,88,4837,0.004672815939161618
5299,31,146,4835,0.004670883825893409
5300,18,242,4835,0.004670883825893409
5301,17,142,4835,0.004670883825893409
5302,72,121,4834,0.004669917769259305
5303,50,147,4834,0.004669917769259305
5304,40,4,4834,0.004669917769259305
5305,21,211,4834,0.004669917769259305
5306,12,252,4834,0.004669917769259305
5307,50,221,4833,0.004668951712625201
5308,44,71,4833,0.004668951712625201
5309,69,196,4832,0.004667985655991097
5310,40,69,4832,0.004667985655991097
5311,64,37,4831,0.0046670195993569925
5312,63,211,4831,0.0046670195993569925
5313,42,10,4831,0.0046670195993569925
5314,28,15,4831,0.0046670195993569925
5315,18,78,4831,0.0046670195993569925
5316,76,180,4830,0.004666053542722888
5317,17,247,4829,0.004665087486088785
5318,16,226,4828,0.00466412142945468
5319,60,246,4827,0.004663155372820576
5320,16,73,4827,0.004663155372820576
5321,44,198,4826,0.004662189316186472
5322,46,211,4825,0.004661223259552368
5323,6,53,4825,0.004661223259552368
5324,67,15,4824,0.004660257202918264
5325,47,187,4824,0.004660257202918264
5326,45,157,4824,0.004660257202918264
5327,23,229,4824,0.004660257202918264
5328,13,14,4824,0.004660257202918264
5329,53,225,4822,0.004658325089650055
5330,77,28,4821,0.004657359033015952
5331,10,56,4821,0.004657359033015952
5332,57,239,4820,0.004656392976381847
5333,5,242,4820,0.004656392976381847
5334,61,123,4819,0.004655426919747743
5335,25,82,4819,0.004655426919747743
5336,6,107,4819,0.004655426919747743
5337,46,168,4818,0.004654460863113639
5338,24,152,4818,0.004654460863113639
5339,4,2,4817,0.004653494806479535
5340,70,211,4816,0.004652528749845431
5341,65,108,4815,0.004651562693211327
5342,42,177,4815,0.004651562693211327
5343,27,108,4815,0.004651562693211327
5344,7,227,4815,0.004651562693211327
5345,4,80,4815,0.004651562693211327
5346,52,213,4814,0.004650596636577223
5347,67,162,4813,0.004649630579943119
5348,75,204,4812,0.0046486645233090144
5349,76,121,4811,0.00464769846667491
5350,15,249,4811,0.00464769846667491
5351,74,97,4809,0.004645766353406702
5352,47,51,4809,0.004645766353406702
5353,14,112,4808,0.004644800296772598
5354,77,145,4807,0.004643834240138494
5355,65,79,4807,0.004643834240138494
5356,33,111,4807,0.004643834240138494
5357,8,158,4807,0.004643834240138494
5358,75,9,4806,0.00464286818350439
5359,73,105,4806,0.00464286818350439
5360,56,221,4806,0.00464286818350439
5361,7,112,4806,0.00464286818350439
5362,24,112,4805,0.004641902126870286
5363,21,33,4805,0.004641902126870286
5364,17,4,4805,0.004641902126870286
5365,7,22,4805,0.004641902126870286
5366,6,70,4805,0.004641902126870286
5367,75,238,4804,0.0046409360702361815
5368,73,247,4804,0.0046409360702361815
5369,7,79,4804,0.0046409360702361815
5370,30,15,4803,0.004639970013602077
5371,8,38,4803,0.004639970013602077
5372,3,124,4803,0.004639970013602077
5373,48,118,4802,0.004639003956967974
5374,43,117,4802,0.004639003956967974
5375,36,63,4802,0.004639003956967974
5376,30,85,4802,0.004639003956967974
5377,14,152,4802,0.004639003956967974
5378,57,35,4801,0.004638037900333869
5379,25,167,4800,0.004637071843699765
5380,15,71,4800,0.004637071843699765
5381,55,236,4799,0.004636105787065661
5382,25,107,4799,0.004636105787065661
5383,9,248,4799,0.004636105787065661
5384,32,103,4798,0.004635139730431557
5385,6,143,4798,0.004635139730431557
5386,74,73,4797,0.004634173673797453
5387,19,12,4797,0.004634173673797453
5388,18,59,4797,0.004634173673797453
5389,17,25,4796,0.0046332076171633485
5390,13,2,4796,0.0046332076171633485
5391,5,220,4795,0.004632241560529244
5392,34,39,4794,0.004631275503895141
5393,5,61,4794,0.004631275503895141
5394,24,183,4792,0.004629343390626932
5395,57,20,4791,0.004628377333992828
5396,41,182,4791,0.004628377333992828
5397,64,246,4790,0.004627411277358724
5398,54,138,4790,0.004627411277358724
5399,72,159,4788,0.0046254791640905155
5400,15,96,4788,0.0046254791640905155
5401,60,89,4787,0.004624513107456411
5402,7,34,4787,0.004624513107456411
5403,44,211,4786,0.004623547050822308
5404,50,68,4785,0.004622580994188203
5405,46,161,4785,0.004622580994188203
5406,35,95,4785,0.004622580994188203
5407,31,211,4785,0.004622580994188203
5408,24,62,4785,0.004622580994188203
5409,74,255,4784,0.004621614937554099
5410,72,95,4784,0.004621614937554099
5411,35,26,4784,0.004621614937554099
5412,5,132,4784,0.004621614937554099
5413,74,65,4783,0.004620648880919995
5414,42,127,4783,0.004620648880919995
5415,12,220,4783,0.004620648880919995
5416,10,158,4782,0.004619682824285891
5417,5,105,4782,0.004619682824285891
5418,27,225,4781,0.004618716767651787
5419,59,228,4780,0.0046177507110176826
5420,43,6,4779,0.004616784654383578
5421,3,22,4779,0.004616784654383578
5422,12,169,4778,0.004615818597749475
5423,9,207,4778,0.004615818597749475
5424,7,244,4778,0.004615818597749475
5425,58,40,4777,0.00461485254111537
5426,10,245,4777,0.00461485254111537
5427,61,33,4776,0.004613886484481266
5428,6,214,4776,0.004613886484481266
5429,34,224,4775,0.004612920427847162
5430,25,149,4775,0.004612920427847162
5431,12,139,4775,0.004612920427847162
5432,70,126,4773,0.004610988314578954
5433,61,231,4773,0.004610988314578954
5434,40,15,4771,0.004609056201310745
5435,36,90,4771,0.004609056201310745
5436,27,99,4771,0.004609056201310745
5437,11,178,4771,0.004609056201310745
5438,7,148,4771,0.004609056201310745
5439,56,10,4770,0.004608090144676642
5440,35,108,4769,0.0046071240880425374
5441,25,49,4769,0.0046071240880425374
5442,24,239,4769,0.0046071240880425374
5443,9,120,4769,0.0046071240880425374
5444,20,184,4768,0.004606158031408433
5445,10,232,4768,0.004606158031408433
5446,29,192,4767,0.004605191974774329
5447,76,32,4764,0.004602293804872017
5448,24,31,4764,0.004602293804872017
5449,9,58,4764,0.004602293804872017
5450,74,235,4763,0.004601327748237912
5451,59,183,4763,0.004601327748237912
5452,49,139,4762,0.004600361691603809
5453,21,112,4762,0.004600361691603809
5454,9,228,4762,0.004600361691603809
5455,8,253,4762,0.004600361691603809
5456,7,186,4762,0.004600361691603809
5457,66,112,4761,0.0045993956349697045
5458,9,148,4761,0.0045993956349697045
5459,9,166,4760,0.0045984295783356
5460,6,173,4760,0.0045984295783356
5461,69,55,4759,0.004597463521701497
5462,66,219,4758,0.004596497465067392
5463,26,23,4757,0.004595531408433288
5464,34,158,4756,0.004594565351799184
5465,28,198,4756,0.004594565351799184
5466,14,140,4756,0.004594565351799184
5467,55,63,4755,0.00459359929516508
5468,73,221,4754,0.004592633238530976
5469,53,55,4754,0.004592633238530976
5470,35,224,4754,0.004592633238530976
5471,28,114,4754,0.004592633238530976
5472,23,115,4754,0.004592633238530976
5473,8,87,4754,0.004592633238530976
5474,4,213,4754,0.004592633238530976
5475,45,203,4753,0.0045916671818968715
5476,30,46,4753,0.0045916671818968715
5477,75,246,4752,0.004590701125262767
5478,37,116,4752,0.004590701125262767
5479,32,119,4752,0.004590701125262767
5480,41,119,4751,0.004589735068628664
5481,26,177,4751,0.004589735068628664
5482,24,144,4751,0.004589735068628664
5483,39,208,4750,0.004588769011994559
5484,5,2,4750,0.004588769011994559
5485,58,110,4749,0.004587802955360455
5486,48,36,4749,0.004587802955360455
5487,32,217,4749,0.004587802955360455
5488,26,67,4749,0.004587802955360455
5489,7,57,4749,0.004587802955360455
5490,6,230,4749,0.004587802955360455
5491,76,93,4748,0.004586836898726351
5492,64,162,4748,0.004586836898726351
5493,44,64,4748,0.004586836898726351
5494,41,158,4748,0.004586836898726351
5495,39,106,4748,0.004586836898726351
5496,75,92,4747,0.004585870842092247
5497,58,227,4747,0.004585870842092247
5498,11,238,4746,0.004584904785458143
5499,8,22,4746,0.004584904785458143
5500,5,7,4746,0.004584904785458143
5501,73,131,4745,0.0045839387288240385
5502,43,155,4745,0.0045839387288240385
5503,31,232,4745,0.0045839387288240385
5504,8,10,4744,0.004582972672189934
5505,8,149,4743,0.004582006615555831
5506,7,220,4742,0.004581040558921726
5507,14,217,4741,0.004580074502287622
5508,49,10,4740,0.004579108445653518
5509,32,145,4739,0.004578142389019414
5510,9,92,4739,0.004578142389019414
5511,73,103,4737,0.0045762102757512056
5512,36,175,4737,0.0045762102757512056
5513,31,89,4737,0.0045762102757512056
5514,19,51,4737,0.0045762102757512056
5515,16,162,4737,0.0045762102757512056
5516,49,219,4736,0.004575244219117101
5517,43,81,4736,0.004575244219117101
5518,24,22,4736,0.004575244219117101
5519,16,253,4736,0.004575244219117101
5520,72,101,4735,0.004574278162482998
5521,9,108,4735,0.004574278162482998
5522,77,6,4734,0.004573312105848893
5523,65,24,4734,0.004573312105848893
5524,64,200,4734,0.004573312105848893
5525,42,195,4733,0.004572346049214789
5526,8,147,4733,0.004572346049214789
5527,75,252,4732,0.004571379992580685
5528,53,178,4732,0.004571379992580685
5529,46,34,4732,0.004571379992580685
5530,26,238,4732,0.004571379992580685
5531,23,99,4732,0.004571379992580685
5532,67,234,4730,0.004569447879312477
5533,46,151,4730,0.004569447879312477
5534,22,152,4730,0.004569447879312477
5535,68,47,4728,0.004567515766044268
5536,13,0,4728,0.004567515766044268
5537,75,214,4727,0.004566549709410165
5538,48,114,4723,0.004562685482873748
5539,35,170,4723,0.004562685482873748
5540,6,58,4723,0.004562685482873748
5541,52,207,4722,0.004561719426239644
5542,14,195,4722,0.004561719426239644
5543,46,24,4721,0.00456075336960554
5544,9,250,4721,0.00456075336960554
5545,34,117,4720,0.004559787312971435
5546,26,55,4719,0.004558821256337332
5547,3,199,4719,0.004558821256337332
5548,76,70,4717,0.004556889143069123
5549,53,27,4717,0.004556889143069123
5550,65,20,4716,0.004555923086435019
5551,52,79,4716,0.004555923086435019
5552,33,100,4716,0.004555923086435019
5553,18,164,4716,0.004555923086435019
5554,9,129,4716,0.004555923086435019
5555,53,66,4715,0.004554957029800915
5556,20,4,4715,0.004554957029800915
5557,56,75,4713,0.004553024916532707
5558,34,225,4713,0.004553024916532707
5559,32,237,4713,0.004553024916532707
5560,54,43,4712,0.004552058859898602
5561,18,42,4712,0.004552058859898602
5562,14,148,4712,0.004552058859898602
5563,75,52,4711,0.004551092803264499
5564,5,76,4711,0.004551092803264499
5565,52,214,4710,0.0045501267466303945
5566,41,228,4710,0.0045501267466303945
5567,40,98,4710,0.0045501267466303945
5568,13,103,4710,0.0045501267466303945
5569,22,91,4709,0.00454916068999629
5570,9,28,4709,0.00454916068999629
5571,6,74,4709,0.00454916068999629
5572,65,56,4708,0.004548194633362186
5573,13,83,4708,0.004548194633362186
5574,6,87,4708,0.004548194633362186
5575,59,13,4707,0.004547228576728082
5576,8,199,4707,0.004547228576728082
5577,51,167,4705,0.004545296463459874
5578,42,240,4705,0.004545296463459874
5579,8,142,4705,0.004545296463459874
5580,7,55,4705,0.004545296463459874
5581,3,143,4705,0.004545296463459874
5582,63,33,4704,0.004544330406825769
5583,61,170,4704,0.004544330406825769
5584,43,173,4704,0.004544330406825769
5585,67,64,4703,0.004543364350191666
5586,52,120,4703,0.004543364350191666
5587,33,87,4703,0.004543364350191666
5588,11,109,4703,0.004543364350191666
5589,8,64,4703,0.004543364350191666
5590,73,187,4702,0.0045423982935575615
5591,63,45,4702,0.0045423982935575615
5592,36,153,4701,0.004541432236923457
5593,6,4,4701,0.004541432236923457
5594,7,128,4700,0.004540466180289354
5595,48,106,4699,0.004539500123655249
5596,46,55,4699,0.004539500123655249
5597,10,118,4699,0.004539500123655249
5598,23,231,4695,0.004535635897118833
5599,13,64,4695,0.004535635897118833
5600,54,121,4694,0.0045346698404847285
5601,7,99,4694,0.0045346698404847285
5602,44,74,4692,0.004532737727216521
5603,37,227,4692,0.004532737727216521
5604,19,187,4692,0.004532737727216521
5605,77,51,4691,0.004531771670582416
5606,65,118,4691,0.004531771670582416
5607,43,105,4691,0.004531771670582416
5608,29,219,4691,0.004531771670582416
5609,9,149,4691,0.004531771670582416
5610,65,0,4690,0.004530805613948312
5611,51,4,4690,0.004530805613948312
5612,31,213,4690,0.004530805613948312
5613,7,89,4690,0.004530805613948312
5614,59,144,4688,0.004528873500680104
5615,46,7,4688,0.004528873500680104
5616,32,193,4688,0.004528873500680104
5617,5,14,4688,0.004528873500680104
5618,45,183,4687,0.004527907444046
5619,62,215,4686,0.004526941387411896
5620,40,50,4686,0.004526941387411896
5621,18,134,4686,0.004526941387411896
5622,7,205,4686,0.004526941387411896
5623,28,202,4684,0.004525009274143688
5624,15,76,4684,0.004525009274143688
5625,4,214,4683,0.004524043217509583
5626,74,7,4682,0.004523077160875479
5627,63,225,4682,0.004523077160875479
5628,61,254,4682,0.004523077160875479
5629,36,95,4682,0.004523077160875479
5630,4,44,4681,0.004522111104241375
5631,21,128,4679,0.004520178990973167
5632,14,63,4679,0.004520178990973167
5633,72,247,4678,0.004519212934339063
5634,70,233,4677,0.004518246877704958
5635,34,164,4677,0.004518246877704958
5636,5,103,4677,0.004518246877704958
5637,63,37,4675,0.0045163147644367505
5638,54,103,4675,0.0045163147644367505
5639,17,249,4675,0.0045163147644367505
5640,8,140,4674,0.004515348707802646
5641,18,218,4673,0.004514382651168542
5642,12,57,4673,0.004514382651168542
5643,11,114,4673,0.004514382651168542
5644,7,224,4673,0.004514382651168542
5645,45,24,4672,0.004513416594534438
5646,13,62,4672,0.004513416594534438
5647,9,91,4672,0.004513416594534438
5648,45,93,4671,0.004512450537900334
5649,9,231,4671,0.004512450537900334
5650,58,67,4670,0.00451148448126623
5651,56,222,4670,0.00451148448126623
5652,36,253,4670,0.00451148448126623
5653,17,183,4670,0.00451148448126623
5654,13,212,4670,0.00451148448126623
5655,6,51,4670,0.00451148448126623
5656,49,165,4669,0.004510518424632125
5657,13,186,4669,0.004510518424632125
5658,52,83,4668,0.004509552367998022
5659,3,159,4668,0.004509552367998022
5660,67,222,4666,0.004507620254729813
5661,54,26,4666,0.004507620254729813
5662,64,81,4665,0.004506654198095709
5663,17,251,4665,0.004506654198095709
5664,22,48,4664,0.004505688141461605
5665,16,134,4664,0.004505688141461605
5666,66,53,4662,0.004503756028193397
5667,48,119,4662,0.004503756028193397
5668,19,19,4662,0.004503756028193397
5669,18,131,4662,0.004503756028193397
5670,12,74,4661,0.004502789971559292
5671,5,33,4661,0.004502789971559292
5672,59,155,4660,0.004501823914925189
5673,47,170,4660,0.004501823914925189
5674,29,115,4660,0.004501823914925189
5675,28,95,4660,0.004501823914925189
5676,34,83,4659,0.0045008578582910845
5677,29,46,4659,0.0045008578582910845
5678,4,113,4659,0.0045008578582910845
5679,53,236,4658,0.00449989180165698
5680,75,28,4657,0.004498925745022876
5681,37,18,4657,0.004498925745022876
5682,22,96,4657,0.004498925745022876
5683,21,19,4657,0.004498925745022876
5684,75,62,4654,0.004496027575120564
5685,66,135,4654,0.004496027575120564
5686,14,73,4654,0.004496027575120564
5687,9,63,4654,0.004496027575120564
5688,6,166,4653,0.004495061518486459
5689,5,22,4653,0.004495061518486459
5690,47,236,4652,0.004494095461852356
5691,73,164,4651,0.0044931294052182515
5692,60,102,4651,0.0044931294052182515
5693,71,249,4649,0.004491197291950043
5694,11,190,4649,0.004491197291950043
5695,4,134,4649,0.004491197291950043
5696,3,203,4649,0.004491197291950043
5697,27,209,4648,0.004490231235315939
5698,15,41,4648,0.004490231235315939
5699,50,180,4647,0.004489265178681835
5700,23,191,4647,0.004489265178681835
5701,22,174,4647,0.004489265178681835
5702,34,94,4646,0.004488299122047731
5703,30,159,4646,0.004488299122047731
5704,29,94,4646,0.004488299122047731
5705,25,110,4646,0.004488299122047731
5706,23,98,4646,0.004488299122047731
5707,15,161,4646,0.004488299122047731
5708,10,24,4646,0.004488299122047731
5709,13,179,4644,0.004486367008779523
5710,7,66,4644,0.004486367008779523
5711,3,59,4644,0.004486367008779523
5712,22,103,4643,0.0044854009521454186
5713,47,125,4642,0.004484434895511314
5714,13,1,4642,0.004484434895511314
5715,8,53,4642,0.004484434895511314
5716,7,85,4639,0.004481536725609002
5717,8,179,4638,0.004480570668974898
5718,5,253,4638,0.004480570668974898
5719,46,0,4637,0.004479604612340794
5720,60,132,4636,0.00447863855570669
5721,55,31,4636,0.00447863855570669
5722,25,103,4636,0.00447863855570669
5723,15,54,4636,0.00447863855570669
5724,13,238,4636,0.00447863855570669
5725,5,49,4636,0.00447863855570669
5726,64,171,4635,0.004477672499072586
5727,12,230,4634,0.004476706442438481
5728,70,248,4633,0.004475740385804378
5729,69,222,4633,0.004475740385804378
5730,66,132,4633,0.004475740385804378
5731,57,10,4633,0.004475740385804378
5732,33,193,4633,0.004475740385804378
5733,37,255,4632,0.0044747743291702734
5734,48,208,4631,0.004473808272536169
5735,16,231,4631,0.004473808272536169
5736,8,240,4631,0.004473808272536169
5737,4,243,4631,0.004473808272536169
5738,70,149,4630,0.004472842215902065
5739,38,113,4630,0.004472842215902065
5740,39,154,4628,0.004470910102633857
5741,38,3,4628,0.004470910102633857
5742,28,176,4628,0.004470910102633857
5743,12,145,4628,0.004470910102633857
5744,63,206,4627,0.004469944045999753
5745,3,185,4627,0.004469944045999753
5746,52,7,4626,0.004468977989365648
5747,30,216,4626,0.004468977989365648
5748,27,221,4626,0.004468977989365648
5749,8,32,4626,0.004468977989365648
5750,49,24,4625,0.004468011932731545
5751,56,43,4624,0.0044670458760974405
5752,40,247,4624,0.0044670458760974405
5753,43,49,4623,0.004466079819463336
5754,22,73,4623,0.004466079819463336
5755,20,112,4623,0.004466079819463336
5756,11,252,4623,0.004466079819463336
5757,11,22,4623,0.004466079819463336
5758,5,63,4622,0.004465113762829232
5759,26,21,4621,0.004464147706195128
5760,16,31,4621,0.004464147706195128
5761,12,71,4621,0.004464147706195128
5762,65,18,4620,0.004463181649561024
5763,46,41,4619,0.00446221559292692
5764,76,246,4618,0.004461249536292815
5765,26,140,4618,0.004461249536292815
5766,8,153,4618,0.004461249536292815
5767,65,93,4617,0.004460283479658712
5768,10,11,4617,0.004460283479658712
5769,58,77,4616,0.0044593174230246075
5770,50,107,4616,0.0044593174230246075
5771,33,115,4616,0.0044593174230246075
5772,40,165,4615,0.004458351366390503
5773,56,218,4614,0.004457385309756399
5774,27,77,4613,0.004456419253122295
5775,23,59,4613,0.004456419253122295
5776,8,224,4613,0.004456419253122295
5777,5,217,4613,0.004456419253122295
5778,74,43,4612,0.004455453196488191
5779,15,190,4612,0.004455453196488191
5780,6,62,4612,0.004455453196488191
5781,7,25,4611,0.004454487139854087
5782,7,253,4610,0.004453521083219982
5783,43,2,4609,0.004452555026585879
5784,55,247,4608,0.0044515889699517745
5785,41,165,4608,0.0044515889699517745
5786,4,248,4606,0.004449656856683566
5787,73,116,4605,0.004448690800049462
5788,62,198,4604,0.004447724743415358
5789,46,18,4604,0.004447724743415358
5790,72,73,4603,0.004446758686781254
5791,57,60,4603,0.004446758686781254
5792,37,220,4603,0.004446758686781254
5793,14,163,4603,0.004446758686781254
5794,73,75,4602,0.004445792630147149
5795,54,23,4602,0.004445792630147149
5796,9,50,4602,0.004445792630147149
5797,58,65,4601,0.004444826573513046
5798,54,87,4601,0.004444826573513046
5799,50,92,4601,0.004444826573513046
5800,49,181,4601,0.004444826573513046
5801,36,139,4601,0.004444826573513046
5802,6,57,4601,0.004444826573513046
5803,6,188,4600,0.0044438605168789416
5804,31,90,4599,0.004442894460244837
5805,39,133,4598,0.004441928403610733
5806,9,65,4598,0.004441928403610733
5807,44,219,4597,0.004440962346976629
5808,52,130,4596,0.004439996290342525
5809,40,189,4596,0.004439996290342525
5810,27,25,4596,0.004439996290342525
5811,7,125,4596,0.004439996290342525
5812,70,222,4595,0.004439030233708421
5813,8,118,4595,0.004439030233708421
5814,64,65,4594,0.004438064177074316
5815,41,157,4594,0.004438064177074316
5816,20,203,4594,0.004438064177074316
5817,66,205,4593,0.004437098120440213
5818,65,91,4593,0.004437098120440213
5819,51,162,4593,0.004437098120440213
5820,15,44,4593,0.004437098120440213
5821,64,180,4592,0.004436132063806109
5822,68,240,4591,0.004435166007172004
5823,50,13,4591,0.004435166007172004
5824,6,18,4589,0.0044332338939037964
5825,56,238,4587,0.004431301780635588
5826,56,23,4586,0.004430335724001484
5827,48,130,4585,0.00442936966736738
5828,22,127,4585,0.00442936966736738
5829,16,4,4585,0.00442936966736738
5830,3,186,4585,0.00442936966736738
5831,39,46,4584,0.004428403610733276
5832,44,184,4582,0.004426471497465068
5833,12,175,4581,0.0044255054408309635
5834,69,247,4580,0.004424539384196859
5835,56,119,4580,0.004424539384196859
5836,41,121,4580,0.004424539384196859
5837,15,159,4580,0.004424539384196859
5838,13,243,4578,0.004422607270928651
5839,9,122,4577,0.004421641214294547
5840,16,109,4576,0.004420675157660443
5841,4,69,4576,0.004420675157660443
5842,8,27,4574,0.004418743044392235
5843,29,239,4573,0.0044177769877581305
5844,25,156,4573,0.0044177769877581305
5845,7,68,4573,0.0044177769877581305
5846,3,164,4573,0.0044177769877581305
5847,51,109,4572,0.004416810931124026
5848,18,181,4572,0.004416810931124026
5849,17,208,4572,0.004416810931124026
5850,6,150,4572,0.004416810931124026
5851,74,209,4571,0.004415844874489922
5852,30,173,4570,0.004414878817855818
5853,17,14,4570,0.004414878817855818
5854,7,234,4570,0.004414878817855818
5855,40,33,4569,0.004413912761221714
5856,32,59,4569,0.004413912761221714
5857,5,106,4569,0.004413912761221714
5858,42,249,4568,0.00441294670458761
5859,67,47,4567,0.004411980647953505
5860,38,57,4567,0.004411980647953505
5861,37,161,4567,0.004411980647953505
5862,6,154,4566,0.004411014591319402
5863,52,241,4565,0.0044100485346852975
5864,8,193,4565,0.0044100485346852975
5865,4,74,4565,0.0044100485346852975
5866,40,219,4564,0.004409082478051193
5867,6,68,4564,0.004409082478051193
5868,3,165,4563,0.004408116421417089
5869,6,209,4562,0.004407150364782985
5870,77,199,4561,0.004406184308148881
5871,27,1,4561,0.004406184308148881
5872,4,175,4561,0.004406184308148881
5873,76,154,4560,0.004405218251514777
5874,72,197,4560,0.004405218251514777
5875,50,238,4560,0.004405218251514777
5876,5,98,4560,0.004405218251514777
5877,44,72,4559,0.004404252194880672
5878,20,205,4559,0.004404252194880672
5879,4,75,4559,0.004404252194880672
5880,47,225,4558,0.004403286138246569
5881,28,32,4558,0.004403286138246569
5882,10,61,4557,0.0044023200816124645
5883,76,142,4556,0.00440135402497836
5884,75,120,4556,0.00440135402497836
5885,53,61,4556,0.00440135402497836
5886,29,24,4555,0.004400387968344256
5887,3,17,4555,0.004400387968344256
5888,56,151,4554,0.004399421911710152
5889,43,168,4554,0.004399421911710152
5890,7,39,4554,0.004399421911710152
5891,68,124,4553,0.004398455855076048
5892,45,45,4553,0.004398455855076048
5893,38,5,4553,0.004398455855076048
5894,3,66,4553,0.004398455855076048
5895,62,128,4552,0.004397489798441944
5896,38,15,4552,0.004397489798441944
5897,4,170,4552,0.004397489798441944
5898,73,54,4551,0.004396523741807839
5899,12,51,4551,0.004396523741807839
5900,9,99,4551,0.004396523741807839
5901,6,175,4551,0.004396523741807839
5902,4,233,4551,0.004396523741807839
5903,52,189,4550,0.004395557685173736
5904,50,88,4550,0.004395557685173736
5905,12,122,4550,0.004395557685173736
5906,56,42,4549,0.004394591628539632
5907,22,185,4549,0.004394591628539632
5908,35,165,4548,0.004393625571905527
5909,26,99,4547,0.004392659515271423
5910,19,184,4547,0.004392659515271423
5911,53,195,4545,0.004390727402003215
5912,43,153,4545,0.004390727402003215
5913,3,104,4545,0.004390727402003215
5914,52,60,4544,0.004389761345369111
5915,25,5,4544,0.004389761345369111
5916,24,56,4544,0.004389761345369111
5917,45,123,4543,0.004388795288735006
5918,41,159,4543,0.004388795288735006
5919,5,174,4543,0.004388795288735006
5920,35,23,4542,0.004387829232100903
5921,63,195,4541,0.004386863175466799
5922,52,140,4541,0.004386863175466799
5923,40,54,4541,0.004386863175466799
5924,26,10,4541,0.004386863175466799
5925,12,174,4541,0.004386863175466799
5926,49,142,4540,0.004385897118832694
5927,46,20,4540,0.004385897118832694
5928,4,125,4540,0.004385897118832694
5929,45,228,4539,0.00438493106219859
5930,70,121,4538,0.0043839650055644865
5931,33,217,4538,0.0043839650055644865
5932,12,205,4538,0.0043839650055644865
5933,54,250,4537,0.004382998948930382
5934,51,18,4537,0.004382998948930382
5935,21,175,4537,0.004382998948930382
5936,3,19,4537,0.004382998948930382
5937,27,107,4536,0.004382032892296278
5938,19,48,4536,0.004382032892296278
5939,36,189,4535,0.0043810668356621734
5940,29,201,4535,0.0043810668356621734
5941,19,193,4535,0.0043810668356621734
5942,17,3,4535,0.0043810668356621734
5943,43,171,4534,0.00438010077902807
5944,4,167,4534,0.00438010077902807
5945,75,213,4531,0.004377202609125758
5946,55,193,4531,0.004377202609125758
5947,14,139,4531,0.004377202609125758
5948,12,129,4531,0.004377202609125758
5949,4,145,4531,0.004377202609125758
5950,29,98,4530,0.0043762365524916535
5951,26,27,4530,0.0043762365524916535
5952,11,133,4530,0.0043762365524916535
5953,6,19,4530,0.0043762365524916535
5954,56,124,4529,0.004375270495857549
5955,8,236,4529,0.004375270495857549
5956,4,221,4529,0.004375270495857549
5957,67,216,4528,0.004374304439223445
5958,46,212,4528,0.004374304439223445
5959,18,194,4528,0.004374304439223445
5960,14,230,4528,0.004374304439223445
5961,11,229,4528,0.004374304439223445
5962,3,243,4528,0.004374304439223445
5963,55,198,4527,0.004373338382589341
5964,27,177,4527,0.004373338382589341
5965,24,51,4527,0.004373338382589341
5966,72,1,4526,0.004372372325955237
5967,65,170,4526,0.004372372325955237
5968,3,93,4525,0.004371406269321133
5969,75,140,4524,0.004370440212687028
5970,71,96,4524,0.004370440212687028
5971,48,224,4524,0.004370440212687028
5972,22,55,4523,0.004369474156052925
5973,18,41,4523,0.004369474156052925
5974,62,226,4522,0.0043685080994188205
5975,66,161,4521,0.004367542042784716
5976,26,70,4521,0.004367542042784716
5977,18,58,4521,0.004367542042784716
5978,13,89,4521,0.004367542042784716
5979,12,82,4521,0.004367542042784716
5980,22,192,4520,0.004366575986150612
5981,39,25,4519,0.004365609929516508
5982,7,93,4519,0.004365609929516508
5983,58,229,4518,0.004364643872882404
5984,49,62,4517,0.0043636778162483
5985,4,176,4517,0.0043636778162483
5986,12,232,4516,0.004362711759614195
5987,4,94,4516,0.004362711759614195
5988,62,127,4515,0.004361745702980092
5989,39,204,4515,0.004361745702980092
5990,38,58,4515,0.004361745702980092
5991,59,53,4514,0.0043607796463459875
5992,55,145,4514,0.0043607796463459875
5993,52,203,4514,0.0043607796463459875
5994,54,206,4513,0.004359813589711883
5995,6,31,4513,0.004359813589711883
5996,74,229,4512,0.004358847533077779
5997,52,65,4512,0.004358847533077779
5998,50,0,4512,0.004358847533077779
5999,71,103,4511,0.004357881476443675
6000,48,175,4511,0.004357881476443675
6001,38,80,4511,0.004357881476443675
6002,35,21,4511,0.004357881476443675
6003,13,237,4511,0.004357881476443675
6004,77,192,4509,0.004355949363175467
6005,37,65,4509,0.004355949363175467
6006,23,16,4509,0.004355949363175467
6007,17,116,4509,0.004355949363175467
6008,72,42,4508,0.004354983306541362
6009,6,96,4508,0.004354983306541362
6010,77,191,4507,0.004354017249907259
6011,17,187,4507,0.004354017249907259
6012,7,133,4507,0.004354017249907259
6013,69,51,4506,0.004353051193273155
6014,23,206,4506,0.004353051193273155
6015,31,216,4505,0.00435208513663905
6016,29,11,4505,0.00435208513663905
6017,3,5,4505,0.00435208513663905
6018,40,5,4504,0.004351119080004946
6019,40,20,4503,0.004350153023370842
6020,59,168,4502,0.004349186966736738
6021,13,248,4502,0.004349186966736738
6022,53,249,4501,0.004348220910102634
6023,53,83,4500,0.004347254853468529
6024,59,103,4499,0.004346288796834426
6025,33,50,4498,0.004345322740200322
6026,70,43,4497,0.004344356683566217
6027,6,169,4496,0.004343390626932113
6028,77,27,4495,0.0043424245702980094
6029,51,230,4495,0.0043424245702980094
6030,17,206,4495,0.0043424245702980094
6031,6,97,4495,0.0043424245702980094
6032,47,185,4494,0.004341458513663905
6033,44,13,4494,0.004341458513663905
6034,26,132,4494,0.004341458513663905
6035,16,120,4494,0.004341458513663905
6036,77,103,4493,0.004340492457029801
6037,21,101,4493,0.004340492457029801
6038,75,160,4492,0.004339526400395696
6039,74,2,4492,0.004339526400395696
6040,42,155,4492,0.004339526400395696
6041,56,193,4491,0.004338560343761593
6042,27,50,4491,0.004338560343761593
6043,5,223,4487,0.0043346961172251765
6044,13,99,4486,0.004333730060591072
6045,55,96,4485,0.004332764003956968
6046,15,57,4484,0.0043317979473228635
6047,7,48,4484,0.0043317979473228635
6048,6,215,4484,0.0043317979473228635
6049,72,46,4483,0.00433083189068876
6050,25,203,4483,0.00433083189068876
6051,22,41,4482,0.004329865834054656
6052,75,22,4481,0.004328899777420551
6053,64,93,4481,0.004328899777420551
6054,61,198,4481,0.004328899777420551
6055,57,152,4481,0.004328899777420551
6056,48,209,4481,0.004328899777420551
6057,13,156,4481,0.004328899777420551
6058,65,142,4480,0.004327933720786447
6059,8,120,4480,0.004327933720786447
6060,50,6,4479,0.0043269676641523435
6061,44,70,4479,0.0043269676641523435
6062,36,199,4479,0.0043269676641523435
6063,15,219,4479,0.0043269676641523435
6064,59,81,4478,0.004326001607518239
6065,19,191,4478,0.004326001607518239
6066,6,187,4478,0.004326001607518239
6067,74,67,4477,0.004325035550884135
6068,67,190,4477,0.004325035550884135
6069,63,94,4477,0.004325035550884135
6070,26,8,4476,0.0043240694942500305
6071,47,111,4475,0.004323103437615927
6072,26,109,4475,0.004323103437615927
6073,57,39,4474,0.004322137380981823
6074,6,25,4474,0.004322137380981823
6075,4,27,4474,0.004322137380981823
6076,76,120,4473,0.004321171324347718
6077,65,11,4472,0.004320205267713615
6078,25,1,4472,0.004320205267713615
6079,76,101,4471,0.0043192392110795105
6080,14,146,4471,0.0043192392110795105
6081,4,127,4471,0.0043192392110795105
6082,49,104,4470,0.004318273154445406
6083,33,81,4469,0.004317307097811302
6084,15,90,4469,0.004317307097811302
6085,14,253,4469,0.004317307097811302
6086,8,204,4469,0.004317307097811302
6087,76,124,4468,0.004316341041177198
6088,43,133,4468,0.004316341041177198
6089,13,112,4468,0.004316341041177198
6090,12,234,4468,0.004316341041177198
6091,6,114,4468,0.004316341041177198
6092,19,36,4466,0.00431440892790899
6093,4,158,4466,0.00431440892790899
6094,51,73,4465,0.004313442871274885
6095,11,99,4465,0.004313442871274885
6096,35,45,4464,0.004312476814640782
6097,26,36,4464,0.004312476814640782
6098,11,28,4464,0.004312476814640782
6099,64,112,4463,0.0043115107580066776
6100,13,181,4463,0.0043115107580066776
6101,12,34,4463,0.0043115107580066776
6102,71,208,4462,0.004310544701372573
6103,30,191,4462,0.004310544701372573
6104,26,104,4462,0.004310544701372573
6105,22,90,4462,0.004310544701372573
6106,53,228,4460,0.004308612588104365
6107,26,224,4460,0.004308612588104365
6108,24,249,4460,0.004308612588104365
6109,76,18,4459,0.004307646531470261
6110,67,32,4459,0.004307646531470261
6111,54,135,4459,0.004307646531470261
6112,26,193,4459,0.004307646531470261
6113,20,73,4459,0.004307646531470261
6114,16,190,4459,0.004307646531470261
6115,52,215,4458,0.004306680474836157
6116,27,173,4458,0.004306680474836157
6117,58,240,4457,0.004305714418202052
6118,38,141,4455,0.004303782304933845
6119,5,247,4454,0.00430281624829974
6120,76,233,4453,0.004301850191665636
6121,56,16,4453,0.004301850191665636
6122,4,178,4452,0.0043008841350315324
6123,52,163,4451,0.004299918078397428
6124,37,241,4451,0.004299918078397428
6125,30,119,4451,0.004299918078397428
6126,29,134,4451,0.004299918078397428
6127,19,235,4451,0.004299918078397428
6128,55,215,4450,0.004298952021763324
6129,47,15,4450,0.004298952021763324
6130,71,221,4449,0.004297985965129219
6131,51,44,4448,0.004297019908495116
6132,7,120,4448,0.004297019908495116
6133,4,255,4446,0.004295087795226907
6134,72,140,4445,0.004294121738592803
6135,71,188,4445,0.004294121738592803
6136,35,225,4445,0.004294121738592803
6137,16,204,4445,0.004294121738592803
6138,65,62,4444,0.0042931556819586995
6139,6,91,4444,0.0042931556819586995
6140,31,188,4443,0.004292189625324595
6141,67,167,4442,0.004291223568690491
6142,23,144,4442,0.004291223568690491
6143,21,31,4442,0.004291223568690491
6144,15,60,4442,0.004291223568690491
6145,8,218,4442,0.004291223568690491
6146,8,107,4441,0.0042902575120563865
6147,3,86,4441,0.0042902575120563865
6148,52,116,4439,0.004288325398788179
6149,36,8,4439,0.004288325398788179
6150,22,71,4439,0.004288325398788179
6151,22,15,4439,0.004288325398788179
6152,12,150,4439,0.004288325398788179
6153,28,7,4438,0.004287359342154074
6154,13,27,4438,0.004287359342154074
6155,70,252,4437,0.00428639328551997
6156,61,213,4437,0.00428639328551997
6157,52,237,4437,0.00428639328551997
6158,44,5,4436,0.0042854272288858665
6159,3,184,4436,0.0042854272288858665
6160,71,207,4434,0.004283495115617658
6161,29,212,4434,0.004283495115617658
6162,14,164,4434,0.004283495115617658
6163,77,221,4433,0.0042825290589835535
6164,40,114,4432,0.00428156300234945
6165,25,235,4432,0.00428156300234945
6166,7,212,4432,0.00428156300234945
6167,3,118,4432,0.00428156300234945
6168,71,19,4431,0.004280596945715346
6169,4,48,4431,0.004280596945715346
6170,60,63,4429,0.004278664832447137
6171,25,3,4429,0.004278664832447137
6172,13,251,4429,0.004278664832447137
6173,8,202,4429,0.004278664832447137
6174,63,220,4428,0.0042776987758130335
6175,38,171,4428,0.0042776987758130335
6176,37,136,4428,0.0042776987758130335
6177,18,185,4428,0.0042776987758130335
6178,77,215,4427,0.004276732719178929
6179,69,245,4427,0.004276732719178929
6180,52,251,4427,0.004276732719178929
6181,39,176,4427,0.004276732719178929
6182,73,202,4425,0.0042748006059107205
6183,47,220,4425,0.0042748006059107205
6184,16,35,4425,0.0042748006059107205
6185,26,235,4424,0.004273834549276617
6186,10,98,4424,0.004273834549276617
6187,59,22,4423,0.004272868492642513
6188,43,79,4423,0.004272868492642513
6189,66,170,4422,0.004271902436008408
6190,19,119,4422,0.004271902436008408
6191,23,82,4421,0.004270936379374304
6192,60,38,4420,0.0042699703227402006
6193,24,53,4420,0.0042699703227402006
6194,75,107,4419,0.004269004266106096
6195,7,149,4419,0.004269004266106096
6196,72,219,4417,0.0042670721528378875
6197,40,86,4417,0.0042670721528378875
6198,30,81,4417,0.0042670721528378875
6199,18,162,4417,0.0042670721528378875
6200,11,233,4417,0.0042670721528378875
6201,10,120,4417,0.0042670721528378875
6202,53,110,4416,0.004266106096203784
6203,33,172,4416,0.004266106096203784
6204,57,199,4415,0.00426514003956968
6205,46,98,4415,0.00426514003956968
6206,4,159,4415,0.00426514003956968
6207,45,233,4414,0.004264173982935575
6208,12,106,4414,0.004264173982935575
6209,10,12,4414,0.004264173982935575
6210,74,99,4413,0.004263207926301472
6211,61,112,4413,0.004263207926301472
6212,49,81,4413,0.004263207926301472
6213,4,7,4413,0.004263207926301472
6214,75,98,4412,0.004262241869667368
6215,39,246,4412,0.004262241869667368
6216,33,195,4412,0.004262241869667368
6217,24,174,4412,0.004262241869667368
6218,15,65,4412,0.004262241869667368
6219,14,90,4412,0.004262241869667368
6220,10,170,4412,0.004262241869667368
6221,5,111,4412,0.004262241869667368
6222,61,236,4411,0.004261275813033263
6223,50,239,4411,0.004261275813033263
6224,4,58,4411,0.004261275813033263
6225,12,221,4410,0.004260309756399159
6226,8,226,4410,0.004260309756399159
6227,18,29,4409,0.004259343699765055
6228,15,218,4408,0.004258377643130951
6229,23,92,4407,0.004257411586496847
6230,9,55,4407,0.004257411586496847
6231,61,67,4406,0.004256445529862742
6232,27,247,4406,0.004256445529862742
6233,8,175,4406,0.004256445529862742
6234,68,0,4405,0.004255479473228639
6235,13,249,4405,0.004255479473228639
6236,8,238,4405,0.004255479473228639
6237,28,83,4404,0.004254513416594535
6238,48,187,4403,0.00425354735996043
6239,28,211,4403,0.00425354735996043
6240,27,106,4403,0.00425354735996043
6241,23,182,4403,0.00425354735996043
6242,15,167,4403,0.00425354735996043
6243,52,144,4402,0.004252581303326326
6244,21,118,4401,0.0042516152466922225
6245,6,189,4401,0.0042516152466922225
6246,75,70,4400,0.004250649190058118
6247,24,154,4400,0.004250649190058118
6248,63,231,4399,0.004249683133424014
6249,47,229,4399,0.004249683133424014
6250,25,138,4399,0.004249683133424014
6251,67,166,4398,0.0042487170767899094
6252,66,0,4398,0.0042487170767899094
6253,21,50,4398,0.0042487170767899094
6254,72,63,4397,0.004247751020155806
6255,69,74,4397,0.004247751020155806
6256,53,171,4397,0.004247751020155806
6257,44,109,4397,0.004247751020155806
6258,30,167,4397,0.004247751020155806
6259,15,221,4397,0.004247751020155806
6260,3,122,4397,0.004247751020155806
6261,60,242,4396,0.004246784963521702
6262,35,168,4396,0.004246784963521702
6263,33,245,4396,0.004246784963521702
6264,31,102,4396,0.004246784963521702
6265,5,173,4396,0.004246784963521702
6266,42,3,4395,0.004245818906887597
6267,40,234,4395,0.004245818906887597
6268,19,189,4395,0.004245818906887597
6269,51,43,4394,0.004244852850253493
6270,43,175,4394,0.004244852850253493
6271,35,247,4394,0.004244852850253493
6272,17,99,4394,0.004244852850253493
6273,56,160,4393,0.0042438867936193895
6274,4,84,4393,0.0042438867936193895
6275,73,14,4392,0.004242920736985285
6276,68,203,4392,0.004242920736985285
6277,54,160,4392,0.004242920736985285
6278,24,171,4392,0.004242920736985285
6279,22,98,4392,0.004242920736985285
6280,7,96,4392,0.004242920736985285
6281,6,111,4392,0.004242920736985285
6282,5,208,4392,0.004242920736985285
6283,37,225,4391,0.004241954680351181
6284,33,132,4391,0.004241954680351181
6285,33,2,4391,0.004241954680351181
6286,11,209,4391,0.004241954680351181
6287,4,106,4390,0.0042409886237170765
6288,58,237,4389,0.004240022567082973
6289,58,37,4389,0.004240022567082973
6290,40,143,4389,0.004240022567082973
6291,29,233,4388,0.004239056510448869
6292,25,85,4388,0.004239056510448869
6293,22,154,4388,0.004239056510448869
6294,6,235,4388,0.004239056510448869
6295,72,229,4387,0.004238090453814764
6296,70,19,4387,0.004238090453814764
6297,19,9,4387,0.004238090453814764
6298,77,40,4386,0.00423712439718066
6299,47,166,4386,0.00423712439718066
6300,7,19,4385,0.0042361583405465565
6301,35,177,4384,0.004235192283912452
6302,19,229,4384,0.004235192283912452
6303,37,145,4383,0.004234226227278348
6304,12,185,4383,0.004234226227278348
6305,28,109,4382,0.0042332601706442435
6306,10,89,4382,0.0042332601706442435
6307,4,87,4381,0.00423229411401014
6308,50,142,4380,0.004231328057376036
6309,24,175,4380,0.004231328057376036
6310,53,248,4379,0.004230362000741931
6311,33,78,4379,0.004230362000741931
6312,3,198,4379,0.004230362000741931
6313,40,134,4378,0.004229395944107827
6314,3,55,4378,0.004229395944107827
6315,28,242,4377,0.0042284298874737235
6316,58,159,4376,0.004227463830839619
6317,52,17,4376,0.004227463830839619
6318,37,229,4376,0.004227463830839619
6319,7,64,4376,0.004227463830839619
6320,6,144,4375,0.004226497774205515
6321,75,194,4374,0.0042255317175714105
6322,13,79,4374,0.0042255317175714105
6323,57,8,4373,0.004224565660937307
6324,34,165,4373,0.004224565660937307
6325,25,108,4373,0.004224565660937307
6326,70,176,4372,0.004223599604303203
6327,27,137,4372,0.004223599604303203
6328,18,35,4372,0.004223599604303203
6329,4,131,4372,0.004223599604303203
6330,71,240,4371,0.004222633547669098
6331,25,56,4371,0.004222633547669098
6332,65,242,4370,0.004221667491034994
6333,66,68,4369,0.004220701434400891
6334,8,144,4369,0.004220701434400891
6335,31,106,4368,0.004219735377766786
6336,26,240,4368,0.004219735377766786
6337,75,45,4367,0.004218769321132682
6338,24,240,4367,0.004218769321132682
6339,16,111,4367,0.004218769321132682
6340,9,43,4366,0.0042178032644985776
6341,66,31,4365,0.004216837207864474
6342,59,4,4365,0.004216837207864474
6343,40,116,4365,0.004216837207864474
6344,5,41,4365,0.004216837207864474
6345,48,2,4364,0.00421587115123037
6346,36,7,4364,0.00421587115123037
6347,28,13,4364,0.00421587115123037
6348,23,170,4364,0.00421587115123037
6349,22,114,4363,0.004214905094596265
6350,16,15,4363,0.004214905094596265
6351,11,91,4363,0.004214905094596265
6352,8,18,4363,0.004214905094596265
6353,52,154,4362,0.004213939037962161
6354,38,238,4362,0.004213939037962161
6355,36,16,4362,0.004213939037962161
6356,4,136,4360,0.004212006924693953
6357,54,228,4359,0.004211040868059849
6358,51,69,4358,0.0042100748114257455
6359,12,227,4358,0.0042100748114257455
6360,5,233,4358,0.0042100748114257455
6361,46,119,4357,0.004209108754791641
6362,45,69,4357,0.004209108754791641
6363,4,181,4357,0.004209108754791641
6364,56,225,4356,0.004208142698157537
6365,53,165,4356,0.004208142698157537
6366,52,71,4356,0.004208142698157537
6367,50,69,4356,0.004208142698157537
6368,46,165,4355,0.0042071766415234324
6369,20,8,4355,0.0042071766415234324
6370,48,193,4354,0.004206210584889329
6371,6,163,4354,0.004206210584889329
6372,60,87,4353,0.004205244528255225
6373,50,63,4353,0.004205244528255225
6374,13,240,4353,0.004205244528255225
6375,3,194,4353,0.004205244528255225
6376,23,50,4352,0.00420427847162112
6377,31,47,4351,0.004203312414987016
6378,26,184,4351,0.004203312414987016
6379,5,88,4351,0.004203312414987016
6380,57,75,4350,0.0042023463583529125
6381,36,214,4350,0.0042023463583529125
6382,23,66,4350,0.0042023463583529125
6383,10,112,4350,0.0042023463583529125
6384,9,176,4350,0.0042023463583529125
6385,4,6,4350,0.0042023463583529125
6386,3,225,4350,0.0042023463583529125
6387,3,128,4350,0.0042023463583529125
6388,66,43,4349,0.004201380301718808
6389,36,228,4349,0.004201380301718808
6390,15,37,4349,0.004201380301718808
6391,14,201,4349,0.004201380301718808
6392,30,96,4348,0.004200414245084704
6393,13,61,4348,0.004200414245084704
6394,31,135,4347,0.0041994481884505995
6395,28,174,4347,0.0041994481884505995
6396,42,42,4346,0.004198482131816496
6397,22,50,4346,0.004198482131816496
6398,9,127,4346,0.004198482131816496
6399,55,13,4345,0.004197516075182392
6400,23,223,4345,0.004197516075182392
6401,17,92,4344,0.004196550018548287
6402,28,31,4343,0.004195583961914183
6403,62,17,4342,0.0041946179052800795
6404,49,154,4342,0.0041946179052800795
6405,42,210,4342,0.0041946179052800795
6406,38,246,4342,0.0041946179052800795
6407,44,136,4341,0.004193651848645975
6408,15,188,4341,0.004193651848645975
6409,5,199,4341,0.004193651848645975
6410,20,192,4340,0.004192685792011871
6411,56,53,4339,0.0041917197353777665
6412,47,6,4339,0.0041917197353777665
6413,42,197,4339,0.0041917197353777665
6414,34,180,4339,0.0041917197353777665
6415,29,42,4339,0.0041917197353777665
6416,58,79,4338,0.004190753678743663
6417,51,141,4338,0.004190753678743663
6418,48,190,4338,0.004190753678743663
6419,21,11,4338,0.004190753678743663
6420,71,87,4337,0.004189787622109559
6421,51,108,4337,0.004189787622109559
6422,24,150,4337,0.004189787622109559
6423,13,141,4337,0.004189787622109559
6424,10,244,4337,0.004189787622109559
6425,69,134,4336,0.004188821565475454
6426,49,69,4335,0.00418785550884135
6427,48,149,4335,0.00418785550884135
6428,28,115,4335,0.00418785550884135
6429,8,189,4335,0.00418785550884135
6430,6,204,4335,0.00418785550884135
6431,10,46,4334,0.0041868894522072465
6432,39,223,4333,0.004185923395573142
6433,23,131,4333,0.004185923395573142
6434,75,234,4332,0.004184957338939038
6435,3,247,4332,0.004184957338939038
6436,47,127,4330,0.00418302522567083
6437,44,149,4330,0.00418302522567083
6438,25,155,4330,0.00418302522567083
6439,25,67,4330,0.00418302522567083
6440,77,166,4329,0.004182059169036726
6441,66,19,4328,0.004181093112402621
6442,60,240,4328,0.004181093112402621
6443,42,123,4328,0.004181093112402621
6444,27,170,4328,0.004181093112402621
6445,4,197,4328,0.004181093112402621
6446,76,185,4327,0.004180127055768517
6447,72,141,4327,0.004180127055768517
6448,59,48,4327,0.004180127055768517
6449,15,124,4327,0.004180127055768517
6450,13,94,4326,0.0041791609991344136
6451,12,108,4326,0.0041791609991344136
6452,9,144,4325,0.004178194942500309
6453,68,167,4324,0.004177228885866205
6454,23,34,4324,0.004177228885866205
6455,7,243,4324,0.004177228885866205
6456,5,75,4324,0.004177228885866205
6457,52,97,4323,0.0041762628292321005
6458,39,127,4323,0.0041762628292321005
6459,36,55,4322,0.004175296772597997
6460,4,228,4322,0.004175296772597997
6461,31,191,4321,0.004174330715963893
6462,10,17,4321,0.004174330715963893
6463,10,14,4321,0.004174330715963893
6464,24,235,4320,0.004173364659329788
6465,24,191,4320,0.004173364659329788
6466,14,41,4320,0.004173364659329788
6467,68,187,4319,0.004172398602695684
6468,65,22,4319,0.004172398602695684
6469,44,117,4319,0.004172398602695684
6470,48,56,4318,0.004171432546061581
6471,55,196,4317,0.004170466489427476
6472,10,193,4317,0.004170466489427476
6473,4,154,4317,0.004170466489427476
6474,4,16,4317,0.004170466489427476
6475,34,22,4316,0.004169500432793372
6476,3,35,4316,0.004169500432793372
6477,35,31,4315,0.004168534376159268
6478,30,154,4315,0.004168534376159268
6479,70,129,4314,0.004167568319525164
6480,34,200,4314,0.004167568319525164
6481,3,6,4314,0.004167568319525164
6482,75,165,4313,0.00416660226289106
6483,67,108,4313,0.00416660226289106
6484,54,108,4313,0.00416660226289106
6485,24,146,4313,0.00416660226289106
6486,11,6,4313,0.00416660226289106
6487,35,62,4312,0.004165636206256955
6488,18,79,4312,0.004165636206256955
6489,64,75,4311,0.004164670149622851
6490,7,202,4311,0.004164670149622851
6491,69,107,4310,0.004163704092988748
6492,26,208,4310,0.004163704092988748
6493,14,226,4310,0.004163704092988748
6494,35,179,4309,0.004162738036354643
6495,15,195,4309,0.004162738036354643
6496,5,157,4309,0.004162738036354643
6497,56,148,4308,0.004161771979720539
6498,73,132,4307,0.004160805923086435
6499,52,149,4307,0.004160805923086435
6500,51,134,4307,0.004160805923086435
6501,46,128,4307,0.004160805923086435
6502,44,233,4306,0.004159839866452331
6503,38,222,4306,0.004159839866452331
6504,7,124,4306,0.004159839866452331
6505,76,69,4304,0.0041579077531841225
6506,61,181,4304,0.0041579077531841225
6507,74,71,4303,0.004156941696550018
6508,13,158,4303,0.004156941696550018
6509,12,19,4303,0.004156941696550018
6510,27,27,4302,0.004155975639915915
6511,64,43,4301,0.00415500958328181
6512,13,56,4301,0.00415500958328181
6513,41,94,4300,0.004154043526647706
6514,39,148,4300,0.004154043526647706
6515,36,120,4300,0.004154043526647706
6516,28,185,4300,0.004154043526647706
6517,6,5,4300,0.004154043526647706
6518,56,2,4299,0.0041530774700136025
6519,49,72,4299,0.0041530774700136025
6520,15,150,4297,0.004151145356745394
6521,11,128,4297,0.004151145356745394
6522,5,232,4297,0.004151145356745394
6523,61,30,4295,0.004149213243477186
6524,46,122,4295,0.004149213243477186
6525,6,36,4295,0.004149213243477186
6526,64,147,4294,0.004148247186843082
6527,12,45,4294,0.004148247186843082
6528,66,6,4292,0.004146315073574873
6529,46,63,4292,0.004146315073574873
6530,42,25,4292,0.004146315073574873
6531,7,168,4292,0.004146315073574873
6532,64,174,4291,0.0041453490169407695
6533,60,165,4291,0.0041453490169407695
6534,27,215,4291,0.0041453490169407695
6535,74,241,4290,0.004144382960306665
6536,69,35,4290,0.004144382960306665
6537,47,228,4290,0.004144382960306665
6538,43,8,4290,0.004144382960306665
6539,39,107,4290,0.004144382960306665
6540,24,19,4290,0.004144382960306665
6541,65,140,4289,0.004143416903672561
6542,6,148,4289,0.004143416903672561
6543,77,112,4288,0.0041424508470384565
6544,64,223,4288,0.0041424508470384565
6545,39,114,4288,0.0041424508470384565
6546,60,109,4287,0.004141484790404353
6547,47,0,4286,0.004140518733770249
6548,5,159,4286,0.004140518733770249
6549,31,221,4285,0.004139552677136144
6550,7,233,4285,0.004139552677136144
6551,7,230,4285,0.004139552677136144
6552,5,54,4285,0.004139552677136144
6553,72,34,4284,0.00413858662050204
6554,5,212,4284,0.00413858662050204
6555,4,50,4284,0.00413858662050204
6556,45,107,4283,0.0041376205638679366
6557,76,28,4282,0.004136654507233832
6558,42,164,4282,0.004136654507233832
6559,18,247,4282,0.004136654507233832
6560,12,172,4282,0.004136654507233832
6561,9,82,4282,0.004136654507233832
6562,3,237,4282,0.004136654507233832
6563,21,246,4281,0.004135688450599728
6564,7,151,4281,0.004135688450599728
6565,7,136,4281,0.004135688450599728
6566,5,57,4280,0.0041347223939656235
6567,71,12,4279,0.00413375633733152
6568,32,172,4279,0.00413375633733152
6569,42,39,4278,0.004132790280697416
6570,29,186,4278,0.004132790280697416
6571,65,137,4277,0.004131824224063311
6572,65,55,4277,0.004131824224063311
6573,63,215,4276,0.004130858167429207
6574,62,235,4276,0.004130858167429207
6575,62,117,4276,0.004130858167429207
6576,9,171,4276,0.004130858167429207
6577,54,188,4275,0.004129892110795104
6578,8,122,4275,0.004129892110795104
6579,73,194,4274,0.004128926054160999
6580,37,112,4274,0.004128926054160999
6581,14,216,4274,0.004128926054160999
6582,10,33,4274,0.004128926054160999
6583,8,37,4273,0.004127959997526895
6584,3,216,4273,0.004127959997526895
6585,37,59,4272,0.004126993940892791
6586,20,6,4272,0.004126993940892791
6587,74,203,4271,0.004126027884258687
6588,73,210,4271,0.004126027884258687
6589,68,69,4271,0.004126027884258687
6590,63,201,4271,0.004126027884258687
6591,58,25,4271,0.004126027884258687
6592,11,110,4271,0.004126027884258687
6593,73,27,4269,0.004124095770990478
6594,54,168,4269,0.004124095770990478
6595,45,91,4269,0.004124095770990478
6596,12,25,4269,0.004124095770990478
6597,58,27,4267,0.004122163657722271
6598,36,200,4267,0.004122163657722271
6599,55,9,4266,0.004121197601088166
6600,49,217,4266,0.004121197601088166
6601,35,46,4266,0.004121197601088166
6602,14,111,4266,0.004121197601088166
6603,51,114,4265,0.004120231544454062
6604,42,56,4265,0.004120231544454062
6605,21,82,4265,0.004120231544454062
6606,18,145,4265,0.004120231544454062
6607,7,2,4265,0.004120231544454062
6608,59,96,4264,0.004119265487819958
6609,22,171,4264,0.004119265487819958
6610,21,133,4264,0.004119265487819958
6611,9,14,4264,0.004119265487819958
6612,3,36,4264,0.004119265487819958
6613,60,204,4262,0.00411733337455175
6614,52,193,4262,0.00411733337455175
6615,38,20,4262,0.00411733337455175
6616,28,191,4262,0.00411733337455175
6617,65,99,4261,0.0041163673179176455
6618,57,209,4261,0.0041163673179176455
6619,47,3,4261,0.0041163673179176455
6620,31,237,4261,0.0041163673179176455
6621,19,138,4261,0.0041163673179176455
6622,3,123,4261,0.0041163673179176455
6623,76,174,4260,0.004115401261283541
6624,55,252,4260,0.004115401261283541
6625,53,202,4260,0.004115401261283541
6626,34,100,4260,0.004115401261283541
6627,16,214,4260,0.004115401261283541
6628,9,70,4260,0.004115401261283541
6629,42,124,4259,0.004114435204649438
6630,14,2,4259,0.004114435204649438
6631,13,25,4259,0.004114435204649438
6632,45,195,4257,0.004112503091381229
6633,11,216,4255,0.004110570978113021
6634,26,223,4253,0.0041086388648448125
6635,5,59,4253,0.0041086388648448125
6636,29,131,4252,0.004107672808210708
6637,28,26,4252,0.004107672808210708
6638,27,24,4252,0.004107672808210708
6639,74,141,4251,0.004106706751576605
6640,64,119,4250,0.0041057406949425
6641,59,178,4250,0.0041057406949425
6642,62,99,4249,0.004104774638308396
6643,53,51,4249,0.004104774638308396
6644,41,20,4249,0.004104774638308396
6645,15,162,4249,0.004104774638308396
6646,68,165,4248,0.004103808581674292
6647,51,125,4248,0.004103808581674292
6648,51,92,4248,0.004103808581674292
6649,20,100,4248,0.004103808581674292
6650,51,212,4247,0.004102842525040188
6651,7,221,4247,0.004102842525040188
6652,52,0,4246,0.004101876468406084
6653,14,192,4246,0.004101876468406084
6654,8,75,4245,0.0041009104117719795
6655,74,189,4244,0.004099944355137876
6656,67,131,4244,0.004099944355137876
6657,62,120,4244,0.004099944355137876
6658,61,145,4244,0.004099944355137876
6659,9,21,4243,0.004098978298503772
6660,49,15,4242,0.004098012241869667
6661,47,204,4242,0.004098012241869667
6662,9,172,4242,0.004098012241869667
6663,3,251,4242,0.004098012241869667
6664,48,67,4241,0.004097046185235563
6665,75,123,4240,0.0040960801286014595
6666,47,136,4240,0.0040960801286014595
6667,64,104,4239,0.004095114071967355
6668,14,243,4239,0.004095114071967355
6669,11,173,4239,0.004095114071967355
6670,11,9,4239,0.004095114071967355
6671,22,220,4237,0.0040931819586991465
6672,3,49,4237,0.0040931819586991465
6673,36,47,4233,0.00408931773216273
6674,26,124,4233,0.00408931773216273
6675,25,89,4233,0.00408931773216273
6676,42,251,4232,0.004088351675528627
6677,40,104,4232,0.004088351675528627
6678,13,245,4231,0.004087385618894522
6679,5,6,4231,0.004087385618894522
6680,56,126,4230,0.004086419562260418
6681,54,52,4230,0.004086419562260418
6682,31,113,4230,0.004086419562260418
6683,23,129,4230,0.004086419562260418
6684,12,160,4230,0.004086419562260418
6685,7,1,4230,0.004086419562260418
6686,27,95,4229,0.0040854535056263136
6687,30,73,4228,0.00408448744899221
6688,10,255,4228,0.00408448744899221
6689,29,146,4227,0.004083521392358106
6690,22,126,4227,0.004083521392358106
6691,72,134,4226,0.004082555335724001
6692,24,173,4226,0.004082555335724001
6693,15,81,4226,0.004082555335724001
6694,10,195,4226,0.004082555335724001
6695,26,113,4225,0.004081589279089897
6696,12,102,4225,0.004081589279089897
6697,5,245,4225,0.004081589279089897
6698,31,77,4224,0.004080623222455794
6699,20,20,4224,0.004080623222455794
6700,3,168,4224,0.004080623222455794
6701,76,126,4223,0.004079657165821689
6702,34,231,4223,0.004079657165821689
6703,21,107,4223,0.004079657165821689
6704,74,58,4222,0.004078691109187585
6705,43,220,4222,0.004078691109187585
6706,28,133,4221,0.004077725052553481
6707,13,70,4221,0.004077725052553481
6708,9,4,4221,0.004077725052553481
6709,25,212,4220,0.004076758995919377
6710,7,198,4220,0.004076758995919377
6711,19,18,4219,0.004075792939285273
6712,6,224,4219,0.004075792939285273
6713,14,127,4218,0.0040748268826511684
6714,7,242,4218,0.0040748268826511684
6715,73,48,4217,0.004073860826017064
6716,51,57,4216,0.004072894769382961
6717,45,58,4216,0.004072894769382961
6718,3,207,4216,0.004072894769382961
6719,76,87,4215,0.004071928712748856
6720,24,24,4215,0.004071928712748856
6721,8,176,4215,0.004071928712748856
6722,31,155,4214,0.004070962656114752
6723,30,105,4214,0.004070962656114752
6724,10,214,4214,0.004070962656114752
6725,77,122,4213,0.004069996599480648
6726,21,111,4213,0.004069996599480648
6727,43,204,4212,0.004069030542846544
6728,10,166,4212,0.004069030542846544
6729,35,250,4211,0.00406806448621244
6730,33,161,4211,0.00406806448621244
6731,20,158,4211,0.00406806448621244
6732,15,230,4211,0.00406806448621244
6733,23,88,4210,0.0040670984295783355
6734,3,9,4210,0.0040670984295783355
6735,39,193,4209,0.004066132372944231
6736,14,244,4209,0.004066132372944231
6737,6,21,4209,0.004066132372944231
6738,5,80,4209,0.004066132372944231
6739,3,244,4209,0.004066132372944231
6740,3,209,4209,0.004066132372944231
6741,21,176,4208,0.004065166316310128
6742,44,151,4207,0.004064200259676023
6743,14,205,4207,0.004064200259676023
6744,7,113,4207,0.004064200259676023
6745,28,173,4206,0.004063234203041919
6746,17,139,4206,0.004063234203041919
6747,7,157,4206,0.004063234203041919
6748,60,15,4205,0.004062268146407815
6749,42,184,4205,0.004062268146407815
6750,32,116,4205,0.004062268146407815
6751,28,100,4205,0.004062268146407815
6752,24,148,4205,0.004062268146407815
6753,21,70,4205,0.004062268146407815
6754,11,139,4205,0.004062268146407815
6755,10,190,4204,0.004061302089773711
6756,75,73,4203,0.004060336033139607
6757,64,107,4202,0.0040593699765055025
6758,6,183,4202,0.0040593699765055025
6759,49,128,4201,0.004058403919871398
6760,47,24,4201,0.004058403919871398
6761,15,112,4201,0.004058403919871398
6762,13,95,4201,0.004058403919871398
6763,3,125,4201,0.004058403919871398
6764,76,118,4200,0.004057437863237295
6765,57,165,4200,0.004057437863237295
6766,6,44,4200,0.004057437863237295
6767,3,189,4200,0.004057437863237295
6768,50,43,4199,0.00405647180660319
6769,42,205,4199,0.00405647180660319
6770,57,31,4198,0.004055505749969086
6771,39,78,4198,0.004055505749969086
6772,36,6,4196,0.004053573636700878
6773,11,242,4196,0.004053573636700878
6774,50,171,4195,0.004052607580066774
6775,46,62,4194,0.0040516415234326695
6776,22,102,4194,0.0040516415234326695
6777,7,209,4194,0.0040516415234326695
6778,3,213,4194,0.0040516415234326695
6779,76,200,4193,0.004050675466798565
6780,35,180,4193,0.004050675466798565
6781,26,0,4193,0.004050675466798565
6782,7,109,4193,0.004050675466798565
6783,23,140,4192,0.004049709410164462
6784,16,251,4192,0.004049709410164462
6785,19,24,4191,0.004048743353530357
6786,38,122,4190,0.004047777296896253
6787,72,48,4189,0.004046811240262149
6788,54,99,4189,0.004046811240262149
6789,13,190,4189,0.004046811240262149
6790,10,90,4189,0.004046811240262149
6791,8,88,4189,0.004046811240262149
6792,18,192,4188,0.004045845183628045
6793,42,162,4187,0.004044879126993941
6794,36,249,4186,0.0040439130703598366
6795,29,48,4186,0.0040439130703598366
6796,14,99,4185,0.004042947013725733
6797,7,3,4185,0.004042947013725733
6798,7,165,4184,0.004041980957091629
6799,29,208,4183,0.004041014900457524
6800,26,216,4183,0.004041014900457524
6801,6,61,4183,0.004041014900457524
6802,50,40,4182,0.00404004884382342
6803,27,220,4182,0.00404004884382342
6804,58,71,4181,0.004039082787189317
6805,44,76,4181,0.004039082787189317
6806,17,98,4181,0.004039082787189317
6807,17,51,4181,0.004039082787189317
6808,13,133,4181,0.004039082787189317
6809,13,31,4180,0.004038116730555212
6810,9,143,4180,0.004038116730555212
6811,4,217,4180,0.004038116730555212
6812,47,108,4179,0.004037150673921108
6813,32,186,4177,0.0040352185606529
6814,57,100,4175,0.0040332864473846914
6815,34,0,4175,0.0040332864473846914
6816,4,139,4175,0.0040332864473846914
6817,70,241,4174,0.004032320390750587
6818,3,138,4174,0.004032320390750587
6819,59,36,4173,0.004031354334116484
6820,76,149,4172,0.004030388277482379
6821,51,25,4172,0.004030388277482379
6822,41,206,4171,0.004029422220848275
6823,33,29,4171,0.004029422220848275
6824,65,23,4170,0.004028456164214171
6825,28,183,4170,0.004028456164214171
6826,26,182,4170,0.004028456164214171
6827,7,111,4170,0.004028456164214171
6828,33,69,4169,0.004027490107580067
6829,12,15,4169,0.004027490107580067
6830,4,36,4169,0.004027490107580067
6831,47,155,4167,0.0040255579943118585
6832,25,93,4167,0.0040255579943118585
6833,9,254,4167,0.0040255579943118585
6834,23,167,4166,0.004024591937677754
6835,41,131,4165,0.004023625881043651
6836,12,113,4164,0.004022659824409546
6837,19,188,4163,0.004021693767775442
6838,39,31,4162,0.004020727711141338
6839,10,57,4162,0.004020727711141338
6840,45,74,4161,0.004019761654507234
6841,69,206,4160,0.00401879559787313
6842,30,63,4160,0.00401879559787313
6843,16,239,4160,0.00401879559787313
6844,12,83,4160,0.00401879559787313
6845,37,248,4159,0.0040178295412390255
6846,32,66,4159,0.0040178295412390255
6847,67,49,4158,0.004016863484604921
6848,13,170,4158,0.004016863484604921
6849,68,164,4157,0.004015897427970818
6850,37,121,4157,0.004015897427970818
6851,10,21,4157,0.004015897427970818
6852,54,208,4156,0.004014931371336713
6853,59,95,4155,0.004013965314702609
6854,48,5,4155,0.004013965314702609
6855,13,52,4155,0.004013965314702609
6856,40,59,4154,0.004012999258068505
6857,64,58,4153,0.004012033201434401
6858,60,184,4153,0.004012033201434401
6859,28,254,4153,0.004012033201434401
6860,25,121,4153,0.004012033201434401
6861,68,253,4152,0.004011067144800297
6862,64,240,4152,0.004011067144800297
6863,17,49,4152,0.004011067144800297
6864,23,106,4151,0.0040101010881661925
6865,9,59,4151,0.0040101010881661925
6866,41,22,4149,0.004008168974897985
6867,26,86,4149,0.004008168974897985
6868,5,81,4149,0.004008168974897985
6869,39,183,4148,0.00400720291826388
6870,21,90,4148,0.00400720291826388
6871,21,227,4147,0.004006236861629776
6872,19,151,4147,0.004006236861629776
6873,8,98,4147,0.004006236861629776
6874,55,239,4146,0.004005270804995672
6875,29,209,4146,0.004005270804995672
6876,26,37,4146,0.004005270804995672
6877,25,10,4145,0.004004304748361568
6878,14,61,4145,0.004004304748361568
6879,11,137,4145,0.004004304748361568
6880,61,229,4144,0.004003338691727464
6881,45,57,4144,0.004003338691727464
6882,27,69,4144,0.004003338691727464
6883,23,4,4144,0.004003338691727464
6884,10,253,4144,0.004003338691727464
6885,46,159,4143,0.0040023726350933595
6886,38,172,4143,0.0040023726350933595
6887,20,174,4143,0.0040023726350933595
6888,7,141,4143,0.0040023726350933595
6889,71,2,4142,0.004001406578459255
6890,69,10,4141,0.004000440521825152
6891,58,31,4141,0.004000440521825152
6892,32,220,4141,0.004000440521825152
6893,19,198,4141,0.004000440521825152
6894,8,167,4141,0.004000440521825152
6895,5,16,4141,0.004000440521825152
6896,77,74,4140,0.003999474465191047
6897,69,54,4140,0.003999474465191047
6898,18,189,4140,0.003999474465191047
6899,4,201,4140,0.003999474465191047
6900,64,237,4139,0.003998508408556943
6901,38,13,4139,0.003998508408556943
6902,24,96,4139,0.003998508408556943
6903,3,132,4139,0.003998508408556943
6904,75,245,4138,0.003997542351922839
6905,54,245,4138,0.003997542351922839
6906,34,147,4138,0.003997542351922839
6907,65,4,4137,0.003996576295288735
6908,32,53,4137,0.003996576295288735
6909,56,91,4136,0.003995610238654631
6910,34,129,4136,0.003995610238654631
6911,22,228,4136,0.003995610238654631
6912,35,52,4135,0.003994644182020527
6913,33,101,4135,0.003994644182020527
6914,63,186,4134,0.003993678125386422
6915,16,66,4134,0.003993678125386422
6916,68,20,4133,0.003992712068752319
6917,67,182,4133,0.003992712068752319
6918,67,171,4133,0.003992712068752319
6919,25,14,4133,0.003992712068752319
6920,75,239,4132,0.003991746012118214
6921,36,177,4132,0.003991746012118214
6922,26,185,4132,0.003991746012118214
6923,13,76,4132,0.003991746012118214
6924,8,51,4132,0.003991746012118214
6925,73,109,4131,0.00399077995548411
6926,40,201,4131,0.00399077995548411
6927,24,44,4131,0.00399077995548411
6928,22,236,4131,0.00399077995548411
6929,8,247,4131,0.00399077995548411
6930,67,204,4130,0.003989813898850006
6931,31,156,4130,0.003989813898850006
6932,7,41,4130,0.003989813898850006
6933,5,23,4130,0.003989813898850006
6934,25,45,4129,0.003988847842215902
6935,73,107,4128,0.003987881785581798
6936,66,138,4128,0.003987881785581798
6937,17,19,4128,0.003987881785581798
6938,54,132,4127,0.003986915728947694
6939,41,230,4127,0.003986915728947694
6940,35,178,4126,0.00398594967231359
6941,9,132,4126,0.00398594967231359
6942,70,12,4125,0.003984983615679486
6943,61,130,4125,0.003984983615679486
6944,7,103,4125,0.003984983615679486
6945,23,254,4124,0.0039840175590453815
6946,22,10,4124,0.0039840175590453815
6947,56,26,4123,0.003983051502411277
6948,14,162,4123,0.003983051502411277
6949,72,102,4122,0.003982085445777174
6950,52,92,4122,0.003982085445777174
6951,33,130,4122,0.003982085445777174
6952,65,74,4121,0.003981119389143069
6953,45,31,4121,0.003981119389143069
6954,29,56,4121,0.003981119389143069
6955,11,77,4121,0.003981119389143069
6956,60,188,4120,0.003980153332508965
6957,28,145,4120,0.003980153332508965
6958,9,124,4120,0.003980153332508965
6959,62,150,4119,0.003979187275874861
6960,27,28,4119,0.003979187275874861
6961,20,129,4119,0.003979187275874861
6962,14,36,4119,0.003979187275874861
6963,77,245,4118,0.003978221219240757
6964,30,95,4118,0.003978221219240757
6965,27,60,4118,0.003978221219240757
6966,3,46,4118,0.003978221219240757
6967,48,93,4117,0.003977255162606653
6968,31,83,4117,0.003977255162606653
6969,4,12,4117,0.003977255162606653
6970,37,89,4116,0.0039762891059725485
6971,9,201,4116,0.0039762891059725485
6972,30,113,4115,0.003975323049338444
6973,29,10,4115,0.003975323049338444
6974,68,1,4114,0.003974356992704341
6975,30,243,4114,0.003974356992704341
6976,64,226,4113,0.003973390936070236
6977,45,85,4113,0.003973390936070236
6978,74,84,4112,0.003972424879436132
6979,16,114,4112,0.003972424879436132
6980,8,126,4111,0.003971458822802028
6981,4,173,4111,0.003971458822802028
6982,66,24,4110,0.003970492766167924
6983,48,183,4110,0.003970492766167924
6984,28,226,4110,0.003970492766167924
6985,25,73,4110,0.003970492766167924
6986,24,212,4110,0.003970492766167924
6987,11,226,4110,0.003970492766167924
6988,77,128,4109,0.00396952670953382
6989,7,150,4109,0.00396952670953382
6990,37,92,4108,0.0039685606528997155
6991,49,242,4107,0.003967594596265611
6992,32,98,4107,0.003967594596265611
6993,73,196,4106,0.003966628539631508
6994,68,2,4106,0.003966628539631508
6995,14,190,4106,0.003966628539631508
6996,13,63,4106,0.003966628539631508
6997,5,62,4106,0.003966628539631508
6998,37,111,4105,0.003965662482997403
6999,13,161,4105,0.003965662482997403
7000,17,180,4104,0.003964696426363299
7001,61,247,4103,0.003963730369729195
7002,31,196,4103,0.003963730369729195
7003,11,163,4103,0.003963730369729195
7004,7,229,4103,0.003963730369729195
7005,4,21,4103,0.003963730369729195
7006,47,25,4102,0.003962764313095091
7007,16,212,4102,0.003962764313095091
7008,56,230,4100,0.0039608321998268825
7009,40,217,4100,0.0039608321998268825
7010,37,205,4099,0.003959866143192778
7011,21,43,4099,0.003959866143192778
7012,6,160,4099,0.003959866143192778
7013,57,232,4098,0.003958900086558675
7014,57,201,4098,0.003958900086558675
7015,27,185,4098,0.003958900086558675
7016,26,200,4097,0.00395793402992457
7017,73,158,4096,0.003956967973290466
7018,46,107,4096,0.003956967973290466
7019,53,158,4095,0.003956001916656362
7020,20,60,4095,0.003956001916656362
7021,7,44,4095,0.003956001916656362
7022,54,186,4094,0.003955035860022258
7023,77,43,4093,0.003954069803388154
7024,40,64,4092,0.00395310374675405
7025,39,30,4092,0.00395310374675405
7026,34,49,4091,0.003952137690119945
7027,28,86,4090,0.003951171633485842
7028,20,65,4090,0.003951171633485842
7029,5,144,4090,0.003951171633485842
7030,76,74,4089,0.003950205576851737
7031,60,9,4089,0.003950205576851737
7032,47,168,4089,0.003950205576851737
7033,23,169,4089,0.003950205576851737
7034,72,71,4088,0.003949239520217633
7035,61,173,4088,0.003949239520217633
7036,42,247,4088,0.003949239520217633
7037,62,151,4087,0.003948273463583529
7038,61,156,4087,0.003948273463583529
7039,33,226,4086,0.003947307406949425
7040,30,107,4086,0.003947307406949425
7041,48,248,4085,0.003946341350315321
7042,6,172,4085,0.003946341350315321
7043,46,179,4084,0.003945375293681217
7044,46,94,4084,0.003945375293681217
7045,42,188,4084,0.003945375293681217
7046,42,92,4084,0.003945375293681217
7047,37,177,4084,0.003945375293681217
7048,28,58,4084,0.003945375293681217
7049,16,47,4084,0.003945375293681217
7050,9,25,4084,0.003945375293681217
7051,34,237,4083,0.003944409237047112
7052,28,99,4082,0.003943443180413009
7053,24,118,4082,0.003943443180413009
7054,8,57,4082,0.003943443180413009
7055,56,189,4081,0.0039424771237789044
7056,48,95,4080,0.0039415110671448
7057,76,226,4079,0.003940545010510696
7058,63,75,4079,0.003940545010510696
7059,71,54,4078,0.003939578953876592
7060,28,110,4078,0.003939578953876592
7061,9,77,4078,0.003939578953876592
7062,70,156,4077,0.003938612897242488
7063,63,247,4076,0.003937646840608384
7064,24,132,4076,0.003937646840608384
7065,11,215,4076,0.003937646840608384
7066,69,33,4075,0.003936680783974279
7067,51,255,4075,0.003936680783974279
7068,12,167,4075,0.003936680783974279
7069,7,163,4075,0.003936680783974279
7070,73,60,4074,0.003935714727340176
7071,62,71,4073,0.0039347486707060715
7072,7,254,4073,0.0039347486707060715
7073,51,1,4072,0.003933782614071967
7074,20,176,4072,0.003933782614071967
7075,71,202,4071,0.003932816557437864
7076,22,97,4071,0.003932816557437864
7077,10,241,4071,0.003932816557437864
7078,53,78,4070,0.003931850500803759
7079,23,35,4070,0.003931850500803759
7080,54,93,4069,0.003930884444169655
7081,17,136,4069,0.003930884444169655
7082,17,128,4069,0.003930884444169655
7083,7,170,4069,0.003930884444169655
7084,6,255,4069,0.003930884444169655
7085,37,44,4068,0.003929918387535551
7086,36,158,4068,0.003929918387535551
7087,3,191,4068,0.003929918387535551
7088,27,213,4067,0.003928952330901447
7089,27,94,4067,0.003928952330901447
7090,14,95,4067,0.003928952330901447
7091,13,203,4067,0.003928952330901447
7092,45,191,4066,0.003927986274267343
7093,17,16,4066,0.003927986274267343
7094,54,15,4065,0.0039270202176332385
7095,29,76,4065,0.0039270202176332385
7096,23,222,4065,0.0039270202176332385
7097,19,50,4065,0.0039270202176332385
7098,49,193,4064,0.003926054160999134
7099,25,0,4064,0.003926054160999134
7100,17,164,4064,0.003926054160999134
7101,7,181,4064,0.003926054160999134
7102,50,233,4063,0.003925088104365031
7103,28,201,4063,0.003925088104365031
7104,27,157,4063,0.003925088104365031
7105,11,225,4063,0.003925088104365031
7106,7,178,4063,0.003925088104365031
7107,69,5,4062,0.003924122047730926
7108,33,120,4062,0.003924122047730926
7109,24,206,4062,0.003924122047730926
7110,11,51,4062,0.003924122047730926
7111,56,135,4061,0.003923155991096822
7112,52,85,4060,0.003922189934462718
7113,48,122,4060,0.003922189934462718
7114,6,182,4060,0.003922189934462718
7115,66,34,4059,0.003921223877828614
7116,13,164,4059,0.003921223877828614
7117,13,10,4059,0.003921223877828614
7118,10,83,4059,0.003921223877828614
7119,8,203,4059,0.003921223877828614
7120,8,62,4059,0.003921223877828614
7121,71,62,4058,0.00392025782119451
7122,59,232,4058,0.00392025782119451
7123,40,214,4058,0.00392025782119451
7124,18,208,4058,0.00392025782119451
7125,60,147,4057,0.0039192917645604055
7126,47,143,4057,0.0039192917645604055
7127,69,109,4056,0.003918325707926301
7128,48,238,4056,0.003918325707926301
7129,27,119,4056,0.003918325707926301
7130,24,11,4056,0.003918325707926301
7131,66,189,4055,0.003917359651292198
7132,55,254,4054,0.003916393594658093
7133,27,53,4054,0.003916393594658093
7134,11,171,4054,0.003916393594658093
7135,72,250,4053,0.003915427538023989
7136,36,13,4053,0.003915427538023989
7137,28,92,4053,0.003915427538023989
7138,40,231,4052,0.003914461481389885
7139,4,55,4052,0.003914461481389885
7140,39,109,4051,0.003913495424755781
7141,29,139,4051,0.003913495424755781
7142,15,145,4051,0.003913495424755781
7143,73,175,4050,0.003912529368121677
7144,38,78,4050,0.003912529368121677
7145,8,102,4050,0.003912529368121677
7146,4,236,4050,0.003912529368121677
7147,40,77,4049,0.0039115633114875726
7148,73,73,4048,0.003910597254853468
7149,72,41,4048,0.003910597254853468
7150,16,67,4048,0.003910597254853468
7151,12,87,4048,0.003910597254853468
7152,9,152,4048,0.003910597254853468
7153,7,107,4048,0.003910597254853468
7154,72,37,4047,0.003909631198219365
7155,32,180,4047,0.003909631198219365
7156,28,162,4047,0.003909631198219365
7157,27,189,4047,0.003909631198219365
7158,25,76,4047,0.003909631198219365
7159,23,0,4047,0.003909631198219365
7160,73,165,4046,0.00390866514158526
7161,42,236,4046,0.00390866514158526
7162,13,225,4046,0.00390866514158526
7163,12,26,4046,0.00390866514158526
7164,51,106,4045,0.003907699084951156
7165,31,160,4045,0.003907699084951156
7166,4,252,4045,0.003907699084951156
7167,3,170,4045,0.003907699084951156
7168,8,105,4044,0.003906733028317052
7169,47,161,4043,0.003905766971682948
7170,7,193,4043,0.003905766971682948
7171,11,33,4042,0.003904800915048844
7172,5,39,4042,0.003904800915048844
7173,39,102,4041,0.0039038348584147396
7174,28,4,4041,0.0039038348584147396
7175,25,204,4041,0.0039038348584147396
7176,10,76,4041,0.0039038348584147396
7177,57,120,4040,0.0039028688017806357
7178,41,79,4040,0.0039028688017806357
7179,13,30,4040,0.0039028688017806357
7180,5,121,4039,0.0039019027451465313
7181,29,202,4038,0.0039009366885124274
7182,19,228,4038,0.0039009366885124274
7183,68,236,4037,0.003899970631878323
7184,38,114,4037,0.003899970631878323
7185,9,190,4037,0.003899970631878323
7186,77,104,4036,0.003899004575244219
7187,37,142,4036,0.003899004575244219
7188,64,0,4034,0.003897072461976011
7189,14,82,4034,0.003897072461976011
7190,9,105,4034,0.003897072461976011
7191,5,17,4034,0.003897072461976011
7192,13,132,4033,0.0038961064053419066
7193,60,202,4032,0.0038951403487078027
7194,56,198,4032,0.0038951403487078027
7195,29,19,4032,0.0038951403487078027
7196,13,5,4032,0.0038951403487078027
7197,42,78,4031,0.0038941742920736984
7198,69,194,4030,0.0038932082354395945
7199,54,65,4030,0.0038932082354395945
7200,48,129,4030,0.0038932082354395945
7201,36,213,4030,0.0038932082354395945
7202,65,208,4029,0.00389224217880549
7203,9,88,4029,0.00389224217880549
7204,30,133,4028,0.0038912761221713862
7205,3,228,4028,0.0038912761221713862
7206,68,181,4027,0.003890310065537282
7207,57,158,4027,0.003890310065537282
7208,46,42,4027,0.003890310065537282
7209,29,112,4027,0.003890310065537282
7210,72,154,4026,0.003889344008903178
7211,65,5,4026,0.003889344008903178
7212,25,59,4026,0.003889344008903178
7213,77,244,4025,0.0038883779522690736
7214,15,197,4025,0.0038883779522690736
7215,5,38,4025,0.0038883779522690736
7216,41,54,4024,0.0038874118956349697
7217,30,195,4024,0.0038874118956349697
7218,3,62,4024,0.0038874118956349697
7219,34,181,4023,0.0038864458390008654
7220,7,131,4023,0.0038864458390008654
7221,28,241,4022,0.0038854797823667615
7222,27,240,4022,0.0038854797823667615
7223,16,3,4022,0.0038854797823667615
7224,9,131,4022,0.0038854797823667615
7225,76,76,4021,0.003884513725732657
7226,5,155,4021,0.003884513725732657
7227,37,247,4020,0.0038835476690985533
7228,41,6,4019,0.003882581612464449
7229,36,234,4019,0.003882581612464449
7230,19,240,4019,0.003882581612464449
7231,13,172,4019,0.003882581612464449
7232,12,210,4019,0.003882581612464449
7233,41,82,4018,0.003881615555830345
7234,65,219,4017,0.0038806494991962407
7235,63,222,4017,0.0038806494991962407
7236,13,109,4017,0.0038806494991962407
7237,50,80,4016,0.0038796834425621368
7238,44,239,4016,0.0038796834425621368
7239,32,0,4016,0.0038796834425621368
7240,18,104,4016,0.0038796834425621368
7241,4,5,4016,0.0038796834425621368
7242,10,75,4014,0.0038777513292939285
7243,33,19,4013,0.0038767852726598246
7244,8,28,4013,0.0038767852726598246
7245,64,95,4012,0.0038758192160257203
7246,56,125,4012,0.0038758192160257203
7247,45,54,4012,0.0038758192160257203
7248,24,142,4012,0.0038758192160257203
7249,23,39,4012,0.0038758192160257203
7250,8,171,4012,0.0038758192160257203
7251,5,0,4012,0.0038758192160257203
7252,55,39,4011,0.0038748531593916164
7253,42,186,4011,0.0038748531593916164
7254,29,166,4011,0.0038748531593916164
7255,11,76,4011,0.0038748531593916164
7256,31,61,4010,0.003873887102757512
7257,8,186,4010,0.003873887102757512
7258,71,4,4009,0.003872921046123408
7259,51,138,4009,0.003872921046123408
7260,46,88,4009,0.003872921046123408
7261,24,211,4009,0.003872921046123408
7262,19,255,4009,0.003872921046123408
7263,77,147,4008,0.003871954989489304
7264,50,30,4008,0.003871954989489304
7265,73,82,4007,0.0038709889328552
7266,56,18,4007,0.0038709889328552
7267,51,22,4007,0.0038709889328552
7268,47,181,4007,0.0038709889328552
7269,46,51,4007,0.0038709889328552
7270,36,187,4007,0.0038709889328552
7271,26,247,4007,0.0038709889328552
7272,10,183,4007,0.0038709889328552
7273,73,238,4006,0.0038700228762210956
7274,28,227,4006,0.0038700228762210956
7275,19,152,4006,0.0038700228762210956
7276,14,76,4006,0.0038700228762210956
7277,56,1,4005,0.0038690568195869916
7278,51,158,4005,0.0038690568195869916
7279,15,110,4005,0.0038690568195869916
7280,65,96,4004,0.0038680907629528873
7281,24,195,4004,0.0038680907629528873
7282,20,40,4004,0.0038680907629528873
7283,12,21,4004,0.0038680907629528873
7284,55,118,4003,0.0038671247063187834
7285,40,180,4003,0.0038671247063187834
7286,16,249,4003,0.0038671247063187834
7287,64,217,4002,0.003866158649684679
7288,57,236,4001,0.003865192593050575
7289,41,1,4001,0.003865192593050575
7290,26,254,4001,0.003865192593050575
7291,22,194,4001,0.003865192593050575
7292,73,199,4000,0.003864226536416471
7293,73,32,4000,0.003864226536416471
7294,30,179,4000,0.003864226536416471
7295,23,251,4000,0.003864226536416471
7296,51,11,3999,0.003863260479782367
7297,9,183,3999,0.003863260479782367
7298,76,99,3998,0.0038622944231482626
7299,65,148,3998,0.0038622944231482626
7300,29,5,3998,0.0038622944231482626
7301,62,86,3997,0.0038613283665141587
7302,48,255,3997,0.0038613283665141587
7303,36,174,3997,0.0038613283665141587
7304,21,206,3997,0.0038613283665141587
7305,12,173,3997,0.0038613283665141587
7306,58,148,3996,0.0038603623098800543
7307,10,42,3996,0.0038603623098800543
7308,74,181,3995,0.0038593962532459504
7309,25,139,3995,0.0038593962532459504
7310,9,33,3995,0.0038593962532459504
7311,8,73,3995,0.0038593962532459504
7312,43,144,3993,0.003857464139977742
7313,12,66,3993,0.003857464139977742
7314,41,186,3992,0.003856498083343638
7315,17,29,3992,0.003856498083343638
7316,4,62,3992,0.003856498083343638
7317,68,148,3991,0.003855532026709534
7318,61,200,3991,0.003855532026709534
7319,46,129,3991,0.003855532026709534
7320,15,125,3991,0.003855532026709534
7321,13,11,3991,0.003855532026709534
7322,28,5,3990,0.0038545659700754296
7323,54,96,3989,0.0038535999134413257
7324,21,244,3989,0.0038535999134413257
7325,18,157,3989,0.0038535999134413257
7326,22,132,3988,0.0038526338568072214
7327,50,1,3987,0.0038516678001731175
7328,48,176,3987,0.0038516678001731175
7329,73,33,3986,0.003850701743539013
7330,47,242,3986,0.003850701743539013
7331,34,184,3986,0.003850701743539013
7332,3,63,3986,0.003850701743539013
7333,76,247,3985,0.0038497356869049092
7334,60,227,3985,0.0038497356869049092
7335,60,46,3985,0.0038497356869049092
7336,16,59,3985,0.0038497356869049092
7337,74,156,3984,0.003848769630270805
7338,44,85,3984,0.003848769630270805
7339,12,38,3984,0.003848769630270805
7340,14,175,3983,0.003847803573636701
7341,3,40,3983,0.003847803573636701
7342,11,16,3982,0.0038468375170025966
7343,64,235,3981,0.0038458714603684927
7344,36,167,3981,0.0038458714603684927
7345,24,228,3981,0.0038458714603684927
7346,9,10,3981,0.0038458714603684927
7347,45,66,3980,0.0038449054037343884
7348,25,255,3979,0.0038439393471002845
7349,20,214,3979,0.0038439393471002845
7350,16,78,3979,0.0038439393471002845
7351,12,253,3979,0.0038439393471002845
7352,37,137,3978,0.00384297329046618
7353,68,64,3977,0.0038420072338320762
7354,49,135,3977,0.0038420072338320762
7355,32,212,3977,0.0038420072338320762
7356,26,159,3977,0.0038420072338320762
7357,22,137,3977,0.0038420072338320762
7358,59,239,3975,0.003840075120563868
7359,49,186,3975,0.003840075120563868
7360,43,62,3975,0.003840075120563868
7361,66,2,3974,0.0038391090639297637
7362,19,104,3974,0.0038391090639297637
7363,19,67,3974,0.0038391090639297637
7364,17,27,3974,0.0038391090639297637
7365,60,126,3973,0.0038381430072956598
7366,23,127,3973,0.0038381430072956598
7367,36,79,3972,0.0038371769506615554
7368,70,181,3971,0.0038362108940274515
7369,65,21,3971,0.0038362108940274515
7370,27,144,3971,0.0038362108940274515
7371,31,186,3970,0.003835244837393347
7372,19,195,3970,0.003835244837393347
7373,40,53,3969,0.0038342787807592433
7374,36,9,3969,0.0038342787807592433
7375,30,244,3969,0.0038342787807592433
7376,16,85,3969,0.0038342787807592433
7377,63,136,3968,0.003833312724125139
7378,58,91,3968,0.003833312724125139
7379,44,100,3968,0.003833312724125139
7380,27,196,3968,0.003833312724125139
7381,17,237,3968,0.003833312724125139
7382,12,165,3968,0.003833312724125139
7383,70,133,3967,0.003832346667491035
7384,43,123,3967,0.003832346667491035
7385,13,227,3967,0.003832346667491035
7386,5,131,3967,0.003832346667491035
7387,62,176,3966,0.0038313806108569307
7388,62,144,3966,0.0038313806108569307
7389,36,154,3966,0.0038313806108569307
7390,7,58,3966,0.0038313806108569307
7391,56,30,3965,0.003830414554222827
7392,29,39,3965,0.003830414554222827
7393,20,44,3965,0.003830414554222827
7394,9,186,3965,0.003830414554222827
7395,36,252,3964,0.0038294484975887224
7396,29,47,3964,0.0038294484975887224
7397,28,248,3963,0.0038284824409546185
7398,22,77,3963,0.0038284824409546185
7399,43,37,3962,0.003827516384320514
7400,23,192,3962,0.003827516384320514
7401,52,81,3961,0.0038265503276864103
7402,77,129,3960,0.003825584271052306
7403,66,40,3960,0.003825584271052306
7404,65,177,3959,0.003824618214418202
7405,36,102,3959,0.003824618214418202
7406,31,202,3959,0.003824618214418202
7407,66,50,3958,0.0038236521577840977
7408,31,234,3958,0.0038236521577840977
7409,18,38,3958,0.0038236521577840977
7410,14,54,3958,0.0038236521577840977
7411,12,168,3958,0.0038236521577840977
7412,24,230,3957,0.003822686101149994
7413,6,10,3957,0.003822686101149994
7414,4,162,3957,0.003822686101149994
7415,3,175,3957,0.003822686101149994
7416,38,2,3955,0.0038207539878817856
7417,19,230,3955,0.0038207539878817856
7418,75,149,3954,0.0038197879312476817
7419,15,86,3954,0.0038197879312476817
7420,14,138,3954,0.0038197879312476817
7421,52,66,3953,0.0038188218746135773
7422,41,37,3953,0.0038188218746135773
7423,63,31,3952,0.0038178558179794734
7424,12,254,3952,0.0038178558179794734
7425,4,59,3952,0.0038178558179794734
7426,26,209,3951,0.003816889761345369
7427,5,158,3951,0.003816889761345369
7428,51,3,3950,0.003815923704711265
7429,29,253,3950,0.003815923704711265
7430,13,213,3950,0.003815923704711265
7431,11,208,3950,0.003815923704711265
7432,67,143,3949,0.003814957648077161
7433,47,55,3949,0.003814957648077161
7434,43,112,3949,0.003814957648077161
7435,8,228,3949,0.003814957648077161
7436,76,83,3948,0.003813991591443057
7437,49,31,3948,0.003813991591443057
7438,29,215,3948,0.003813991591443057
7439,7,46,3948,0.003813991591443057
7440,65,59,3947,0.0038130255348089526
7441,46,23,3947,0.0038130255348089526
7442,7,42,3947,0.0038130255348089526
7443,5,213,3947,0.0038130255348089526
7444,11,66,3946,0.0038120594781748487
7445,5,113,3946,0.0038120594781748487
7446,3,197,3946,0.0038120594781748487
7447,73,201,3945,0.0038110934215407444
7448,72,85,3944,0.0038101273649066405
7449,63,14,3944,0.0038101273649066405
7450,48,147,3944,0.0038101273649066405
7451,38,11,3944,0.0038101273649066405
7452,21,94,3944,0.0038101273649066405
7453,49,2,3942,0.003808195251638432
7454,48,85,3941,0.003807229195004328
7455,29,110,3940,0.003806263138370224
7456,20,0,3940,0.003806263138370224
7457,9,23,3940,0.003806263138370224
7458,75,30,3939,0.0038052970817361196
7459,24,81,3939,0.0038052970817361196
7460,24,20,3939,0.0038052970817361196
7461,10,55,3939,0.0038052970817361196
7462,8,69,3939,0.0038052970817361196
7463,45,62,3938,0.0038043310251020157
7464,49,64,3937,0.0038033649684679114
7465,41,221,3937,0.0038033649684679114
7466,42,166,3936,0.0038023989118338075
7467,16,121,3936,0.0038023989118338075
7468,3,56,3936,0.0038023989118338075
7469,55,238,3935,0.003801432855199703
7470,55,58,3935,0.003801432855199703
7471,38,175,3935,0.003801432855199703
7472,15,11,3935,0.003801432855199703
7473,9,11,3935,0.003801432855199703
7474,42,181,3934,0.0038004667985655992
7475,27,78,3934,0.0038004667985655992
7476,23,139,3934,0.0038004667985655992
7477,64,210,3933,0.003799500741931495
7478,25,28,3933,0.003799500741931495
7479,21,238,3933,0.003799500741931495
7480,8,230,3933,0.003799500741931495
7481,6,220,3933,0.003799500741931495
7482,75,220,3932,0.003798534685297391
7483,48,160,3932,0.003798534685297391
7484,11,50,3932,0.003798534685297391
7485,72,180,3931,0.0037975686286632867
7486,19,232,3931,0.0037975686286632867
7487,16,192,3931,0.0037975686286632867
7488,65,139,3930,0.0037966025720291828
7489,65,98,3930,0.0037966025720291828
7490,3,252,3930,0.0037966025720291828
7491,77,48,3929,0.0037956365153950784
7492,74,194,3929,0.0037956365153950784
7493,53,38,3929,0.0037956365153950784
7494,75,110,3927,0.00379370440212687
7495,45,73,3926,0.0037927383454927663
7496,40,167,3926,0.0037927383454927663
7497,39,108,3925,0.003791772288858662
7498,12,53,3925,0.003791772288858662
7499,65,72,3924,0.003790806232224558
7500,63,115,3924,0.003790806232224558
7501,22,31,3924,0.003790806232224558
7502,67,3,3923,0.0037898401755904537
7503,54,212,3923,0.0037898401755904537
7504,54,197,3923,0.0037898401755904537
7505,44,142,3923,0.0037898401755904537
7506,18,61,3923,0.0037898401755904537
7507,7,200,3923,0.0037898401755904537
7508,77,45,3922,0.0037888741189563498
7509,46,66,3922,0.0037888741189563498
7510,55,243,3921,0.0037879080623222454
7511,53,62,3921,0.0037879080623222454
7512,19,139,3921,0.0037879080623222454
7513,55,25,3920,0.0037869420056881415
7514,17,103,3920,0.0037869420056881415
7515,15,21,3920,0.0037869420056881415
7516,14,170,3920,0.0037869420056881415
7517,7,184,3920,0.0037869420056881415
7518,73,125,3919,0.003785975949054037
7519,50,235,3919,0.003785975949054037
7520,10,63,3919,0.003785975949054037
7521,8,212,3919,0.003785975949054037
7522,35,72,3918,0.0037850098924199333
7523,22,119,3918,0.0037850098924199333
7524,4,209,3918,0.0037850098924199333
7525,60,164,3917,0.003784043835785829
7526,6,76,3917,0.003784043835785829
7527,30,165,3916,0.003783077779151725
7528,7,97,3916,0.003783077779151725
7529,61,7,3915,0.0037821117225176207
7530,19,16,3915,0.0037821117225176207
7531,62,161,3914,0.003781145665883517
7532,57,145,3914,0.003781145665883517
7533,42,150,3914,0.003781145665883517
7534,28,206,3914,0.003781145665883517
7535,64,245,3913,0.0037801796092494125
7536,31,214,3913,0.0037801796092494125
7537,28,150,3912,0.0037792135526153086
7538,25,65,3912,0.0037792135526153086
7539,45,142,3911,0.0037782474959812042
7540,9,178,3911,0.0037782474959812042
7541,4,57,3911,0.0037782474959812042
7542,67,199,3910,0.0037772814393471003
7543,74,136,3909,0.003776315382712996
7544,39,83,3909,0.003776315382712996
7545,60,219,3908,0.003775349326078892
7546,25,79,3908,0.003775349326078892
7547,74,21,3907,0.0037743832694447877
7548,29,49,3907,0.0037743832694447877
7549,3,148,3907,0.0037743832694447877
7550,56,57,3906,0.003773417212810684
7551,26,163,3906,0.003773417212810684
7552,25,9,3906,0.003773417212810684
7553,16,69,3906,0.003773417212810684
7554,23,242,3905,0.0037724511561765795
7555,33,148,3904,0.0037714850995424756
7556,24,41,3904,0.0037714850995424756
7557,63,127,3903,0.0037705190429083713
7558,62,185,3903,0.0037705190429083713
7559,47,210,3903,0.0037705190429083713
7560,27,130,3903,0.0037705190429083713
7561,25,131,3903,0.0037705190429083713
7562,15,22,3903,0.0037705190429083713
7563,57,203,3902,0.0037695529862742673
7564,16,7,3902,0.0037695529862742673
7565,13,102,3902,0.0037695529862742673
7566,9,87,3902,0.0037695529862742673
7567,77,49,3900,0.003767620873006059
7568,76,137,3900,0.003767620873006059
7569,68,81,3900,0.003767620873006059
7570,64,167,3900,0.003767620873006059
7571,43,212,3900,0.003767620873006059
7572,67,89,3899,0.003766654816371955
7573,32,107,3899,0.003766654816371955
7574,27,254,3899,0.003766654816371955
7575,13,91,3899,0.003766654816371955
7576,4,18,3899,0.003766654816371955
7577,24,127,3898,0.003765688759737851
7578,11,10,3898,0.003765688759737851
7579,66,92,3897,0.003764722703103747
7580,58,26,3897,0.003764722703103747
7581,38,65,3897,0.003764722703103747
7582,61,239,3896,0.0037637566464696426
7583,57,78,3896,0.0037637566464696426
7584,35,2,3896,0.0037637566464696426
7585,25,21,3895,0.0037627905898355387
7586,16,108,3895,0.0037627905898355387
7587,15,214,3895,0.0037627905898355387
7588,55,127,3894,0.0037618245332014344
7589,43,146,3894,0.0037618245332014344
7590,28,158,3894,0.0037618245332014344
7591,9,85,3894,0.0037618245332014344
7592,7,67,3894,0.0037618245332014344
7593,47,76,3893,0.0037608584765673305
7594,5,222,3893,0.0037608584765673305
7595,68,231,3892,0.003759892419933226
7596,68,100,3892,0.003759892419933226
7597,16,215,3892,0.003759892419933226
7598,63,1,3891,0.0037589263632991222
7599,9,102,3891,0.0037589263632991222
7600,7,159,3891,0.0037589263632991222
7601,72,146,3890,0.003757960306665018
7602,65,236,3890,0.003757960306665018
7603,47,74,3890,0.003757960306665018
7604,10,239,3890,0.003757960306665018
7605,4,129,3890,0.003757960306665018
7606,31,111,3889,0.003756994250030914
7607,15,210,3889,0.003756994250030914
7608,14,122,3889,0.003756994250030914
7609,42,131,3888,0.0037560281933968096
7610,23,205,3888,0.0037560281933968096
7611,53,79,3887,0.0037550621367627057
7612,27,147,3887,0.0037550621367627057
7613,21,185,3887,0.0037550621367627057
7614,18,34,3887,0.0037550621367627057
7615,38,32,3886,0.0037540960801286014
7616,14,207,3886,0.0037540960801286014
7617,9,38,3886,0.0037540960801286014
7618,5,151,3886,0.0037540960801286014
7619,46,232,3885,0.0037531300234944975
7620,28,216,3885,0.0037531300234944975
7621,13,108,3885,0.0037531300234944975
7622,61,26,3884,0.003752163966860393
7623,49,13,3884,0.003752163966860393
7624,41,73,3884,0.003752163966860393
7625,35,109,3884,0.003752163966860393
7626,33,232,3884,0.003752163966860393
7627,26,170,3884,0.003752163966860393
7628,76,250,3883,0.0037511979102262893
7629,12,41,3883,0.0037511979102262893
7630,11,0,3883,0.0037511979102262893
7631,8,42,3883,0.0037511979102262893
7632,63,130,3882,0.003750231853592185
7633,29,191,3882,0.003750231853592185
7634,25,189,3882,0.003750231853592185
7635,9,83,3882,0.003750231853592185
7636,66,211,3881,0.003749265796958081
7637,25,58,3881,0.003749265796958081
7638,12,141,3881,0.003749265796958081
7639,68,139,3880,0.0037482997403239767
7640,54,70,3880,0.0037482997403239767
7641,10,159,3880,0.0037482997403239767
7642,67,126,3879,0.0037473336836898728
7643,47,212,3879,0.0037473336836898728
7644,26,192,3879,0.0037473336836898728
7645,17,223,3879,0.0037473336836898728
7646,3,212,3879,0.0037473336836898728
7647,24,85,3878,0.0037463676270557684
7648,5,146,3878,0.0037463676270557684
7649,4,22,3878,0.0037463676270557684
7650,6,151,3877,0.0037454015704216645
7651,66,107,3876,0.00374443551378756
7652,25,224,3876,0.00374443551378756
7653,70,153,3875,0.0037434694571534563
7654,32,147,3875,0.0037434694571534563
7655,14,17,3875,0.0037434694571534563
7656,76,4,3874,0.003742503400519352
7657,6,138,3874,0.003742503400519352
7658,11,195,3873,0.003741537343885248
7659,9,160,3873,0.003741537343885248
7660,70,33,3872,0.0037405712872511437
7661,70,4,3872,0.0037405712872511437
7662,58,247,3872,0.0037405712872511437
7663,9,95,3871,0.00373960523061704
7664,4,114,3871,0.00373960523061704
7665,25,140,3870,0.0037386391739829355
7666,11,21,3870,0.0037386391739829355
7667,75,1,3869,0.0037376731173488316
7668,73,68,3868,0.0037367070607147272
7669,52,108,3868,0.0037367070607147272
7670,5,171,3868,0.0037367070607147272
7671,65,100,3867,0.0037357410040806233
7672,14,40,3867,0.0037357410040806233
7673,9,251,3867,0.0037357410040806233
7674,51,172,3866,0.003734774947446519
7675,47,154,3866,0.003734774947446519
7676,30,140,3866,0.003734774947446519
7677,8,187,3866,0.003734774947446519
7678,3,70,3866,0.003734774947446519
7679,68,136,3865,0.003733808890812415
7680,29,135,3865,0.003733808890812415
7681,26,4,3865,0.003733808890812415
7682,65,125,3864,0.0037328428341783107
7683,57,55,3864,0.0037328428341783107
7684,65,164,3863,0.003731876777544207
7685,10,157,3863,0.003731876777544207
7686,11,138,3862,0.0037309107209101025
7687,62,218,3861,0.0037299446642759986
7688,77,161,3860,0.0037289786076418942
7689,72,169,3860,0.0037289786076418942
7690,70,37,3859,0.0037280125510077903
7691,45,250,3859,0.0037280125510077903
7692,27,120,3859,0.0037280125510077903
7693,8,0,3859,0.0037280125510077903
7694,41,40,3858,0.003727046494373686
7695,7,183,3858,0.003727046494373686
7696,62,210,3857,0.003726080437739582
7697,29,157,3857,0.003726080437739582
7698,26,201,3857,0.003726080437739582
7699,19,192,3857,0.003726080437739582
7700,8,50,3857,0.003726080437739582
7701,73,46,3856,0.0037251143811054778
7702,71,170,3856,0.0037251143811054778
7703,64,61,3855,0.003724148324471374
7704,29,121,3855,0.003724148324471374
7705,14,44,3855,0.003724148324471374
7706,3,21,3855,0.003724148324471374
7707,51,140,3854,0.0037231822678372695
7708,39,131,3854,0.0037231822678372695
7709,24,130,3854,0.0037231822678372695
7710,12,44,3854,0.0037231822678372695
7711,7,247,3854,0.0037231822678372695
7712,71,117,3853,0.0037222162112031656
7713,9,189,3853,0.0037222162112031656
7714,49,27,3852,0.0037212501545690613
7715,46,241,3852,0.0037212501545690613
7716,23,174,3852,0.0037212501545690613
7717,72,138,3851,0.0037202840979349574
7718,6,135,3851,0.0037202840979349574
7719,24,244,3850,0.003719318041300853
7720,24,28,3850,0.003719318041300853
7721,15,64,3850,0.003719318041300853
7722,14,81,3850,0.003719318041300853
7723,76,7,3849,0.003718351984666749
7724,42,15,3849,0.003718351984666749
7725,16,9,3849,0.003718351984666749
7726,5,187,3849,0.003718351984666749
7727,69,252,3848,0.003717385928032645
7728,20,53,3848,0.003717385928032645
7729,8,217,3848,0.003717385928032645
7730,52,136,3847,0.003716419871398541
7731,49,182,3847,0.003716419871398541
7732,38,101,3847,0.003716419871398541
7733,31,39,3847,0.003716419871398541
7734,32,88,3846,0.0037154538147644365
7735,12,245,3846,0.0037154538147644365
7736,73,206,3845,0.0037144877581303326
7737,32,109,3845,0.0037144877581303326
7738,29,21,3845,0.0037144877581303326
7739,28,169,3845,0.0037144877581303326
7740,58,57,3844,0.0037135217014962283
7741,3,85,3844,0.0037135217014962283
7742,75,90,3843,0.0037125556448621244
7743,60,229,3843,0.0037125556448621244
7744,42,57,3843,0.0037125556448621244
7745,38,62,3843,0.0037125556448621244
7746,30,230,3843,0.0037125556448621244
7747,23,186,3842,0.0037115895882280205
7748,11,169,3842,0.0037115895882280205
7749,50,249,3841,0.003710623531593916
7750,5,29,3841,0.003710623531593916
7751,4,46,3841,0.003710623531593916
7752,60,251,3840,0.0037096574749598123
7753,15,229,3840,0.0037096574749598123
7754,3,224,3840,0.0037096574749598123
7755,44,154,3839,0.003708691418325708
7756,37,56,3838,0.003707725361691604
7757,29,238,3838,0.003707725361691604
7758,5,118,3838,0.003707725361691604
7759,24,168,3837,0.0037067593050574997
7760,77,16,3836,0.0037057932484233958
7761,62,217,3836,0.0037057932484233958
7762,56,195,3836,0.0037057932484233958
7763,53,91,3836,0.0037057932484233958
7764,29,138,3836,0.0037057932484233958
7765,24,199,3836,0.0037057932484233958
7766,18,114,3836,0.0037057932484233958
7767,8,138,3836,0.0037057932484233958
7768,54,111,3835,0.0037048271917892914
7769,5,156,3835,0.0037048271917892914
7770,23,73,3834,0.0037038611351551875
7771,76,111,3833,0.003702895078521083
7772,75,157,3833,0.003702895078521083
7773,72,0,3833,0.003702895078521083
7774,34,31,3833,0.003702895078521083
7775,32,230,3833,0.003702895078521083
7776,10,93,3833,0.003702895078521083
7777,65,224,3832,0.0037019290218869793
7778,39,81,3832,0.0037019290218869793
7779,14,231,3832,0.0037019290218869793
7780,68,232,3831,0.003700962965252875
7781,66,191,3831,0.003700962965252875
7782,33,201,3831,0.003700962965252875
7783,27,127,3831,0.003700962965252875
7784,21,147,3831,0.003700962965252875
7785,7,36,3831,0.003700962965252875
7786,68,75,3830,0.003699996908618771
7787,32,236,3830,0.003699996908618771
7788,59,198,3829,0.0036990308519846667
7789,45,132,3829,0.0036990308519846667
7790,12,197,3829,0.0036990308519846667
7791,70,197,3828,0.003698064795350563
7792,8,208,3828,0.003698064795350563
7793,57,129,3827,0.0036970987387164585
7794,50,10,3827,0.0036970987387164585
7795,45,104,3827,0.0036970987387164585
7796,22,115,3827,0.0036970987387164585
7797,69,199,3826,0.0036961326820823545
7798,13,16,3826,0.0036961326820823545
7799,3,121,3826,0.0036961326820823545
7800,7,14,3825,0.00369516662544825
7801,4,52,3825,0.00369516662544825
7802,3,204,3825,0.00369516662544825
7803,18,151,3824,0.0036942005688141463
7804,69,84,3823,0.003693234512180042
7805,44,216,3823,0.003693234512180042
7806,29,96,3823,0.003693234512180042
7807,12,6,3823,0.003693234512180042
7808,64,229,3822,0.003692268455545938
7809,20,232,3822,0.003692268455545938
7810,6,124,3822,0.003692268455545938
7811,3,129,3822,0.003692268455545938
7812,8,232,3820,0.00369033634227773
7813,75,23,3819,0.0036893702856436255
7814,70,249,3819,0.0036893702856436255
7815,68,216,3819,0.0036893702856436255
7816,56,185,3819,0.0036893702856436255
7817,50,199,3818,0.0036884042290095216
7818,28,197,3818,0.0036884042290095216
7819,23,124,3818,0.0036884042290095216
7820,76,75,3817,0.0036874381723754172
7821,72,252,3817,0.0036874381723754172
7822,19,84,3817,0.0036874381723754172
7823,3,208,3817,0.0036874381723754172
7824,49,122,3816,0.0036864721157413133
7825,68,8,3815,0.003685506059107209
7826,46,56,3815,0.003685506059107209
7827,4,108,3815,0.003685506059107209
7828,46,190,3814,0.003684540002473105
7829,39,68,3814,0.003684540002473105
7830,54,175,3813,0.0036835739458390008
7831,38,184,3813,0.0036835739458390008
7832,33,25,3813,0.0036835739458390008
7833,12,179,3813,0.0036835739458390008
7834,9,185,3812,0.003682607889204897
7835,53,99,3811,0.0036816418325707925
7836,50,120,3811,0.0036816418325707925
7837,47,19,3811,0.0036816418325707925
7838,45,68,3811,0.0036816418325707925
7839,10,207,3811,0.0036816418325707925
7840,24,169,3810,0.0036806757759366886
7841,24,43,3810,0.0036806757759366886
7842,23,31,3810,0.0036806757759366886
7843,54,157,3809,0.0036797097193025843
7844,48,186,3808,0.0036787436626684804
7845,6,146,3808,0.0036787436626684804
7846,27,30,3807,0.003677777606034376
7847,54,225,3806,0.003676811549400272
7848,43,233,3806,0.003676811549400272
7849,13,151,3806,0.003676811549400272
7850,8,36,3805,0.0036758454927661678
7851,5,69,3805,0.0036758454927661678
7852,76,41,3804,0.003674879436132064
7853,73,143,3804,0.003674879436132064
7854,67,177,3804,0.003674879436132064
7855,59,119,3804,0.003674879436132064
7856,47,86,3804,0.003674879436132064
7857,44,159,3804,0.003674879436132064
7858,36,204,3804,0.003674879436132064
7859,72,5,3802,0.0036729473228638556
7860,60,97,3802,0.0036729473228638556
7861,29,227,3802,0.0036729473228638556
7862,54,75,3801,0.0036719812662297513
7863,39,119,3801,0.0036719812662297513
7864,27,37,3800,0.0036710152095956474
7865,16,0,3800,0.0036710152095956474
7866,28,28,3799,0.003670049152961543
7867,73,64,3798,0.003669083096327439
7868,65,84,3798,0.003669083096327439
7869,16,172,3798,0.003669083096327439
7870,3,60,3798,0.003669083096327439
7871,70,230,3797,0.003668117039693335
7872,63,185,3796,0.003667150983059231
7873,44,206,3796,0.003667150983059231
7874,18,23,3796,0.003667150983059231
7875,15,100,3796,0.003667150983059231
7876,61,147,3795,0.0036661849264251266
7877,51,245,3795,0.0036661849264251266
7878,9,41,3795,0.0036661849264251266
7879,6,95,3795,0.0036661849264251266
7880,56,70,3794,0.0036652188697910227
7881,13,42,3794,0.0036652188697910227
7882,7,152,3794,0.0036652188697910227
7883,40,204,3793,0.0036642528131569183
7884,9,19,3793,0.0036642528131569183
7885,59,145,3792,0.0036632867565228144
7886,49,57,3792,0.0036632867565228144
7887,10,69,3792,0.0036632867565228144
7888,7,217,3792,0.0036632867565228144
7889,38,25,3791,0.00366232069988871
7890,34,162,3791,0.00366232069988871
7891,21,93,3791,0.00366232069988871
7892,9,24,3790,0.003661354643254606
7893,60,152,3789,0.003660388586620502
7894,57,71,3789,0.003660388586620502
7895,54,118,3789,0.003660388586620502
7896,39,18,3789,0.003660388586620502
7897,30,57,3789,0.003660388586620502
7898,25,92,3789,0.003660388586620502
7899,24,236,3789,0.003660388586620502
7900,4,77,3789,0.003660388586620502
7901,39,237,3788,0.003659422529986398
7902,37,114,3788,0.003659422529986398
7903,31,123,3788,0.003659422529986398
7904,25,51,3788,0.003659422529986398
7905,12,32,3788,0.003659422529986398
7906,75,155,3787,0.0036584564733522936
7907,69,175,3787,0.0036584564733522936
7908,46,235,3787,0.0036584564733522936
7909,46,113,3787,0.0036584564733522936
7910,34,2,3787,0.0036584564733522936
7911,31,9,3786,0.0036574904167181897
7912,12,148,3786,0.0036574904167181897
7913,7,161,3786,0.0036574904167181897
7914,71,167,3785,0.003656524360084086
7915,66,157,3785,0.003656524360084086
7916,58,88,3785,0.003656524360084086
7917,41,150,3785,0.003656524360084086
7918,37,71,3785,0.003656524360084086
7919,36,141,3785,0.003656524360084086
7920,9,196,3785,0.003656524360084086
7921,9,62,3785,0.003656524360084086
7922,5,13,3785,0.003656524360084086
7923,73,55,3784,0.0036555583034499814
7924,72,137,3784,0.0036555583034499814
7925,30,217,3784,0.0036555583034499814
7926,22,173,3784,0.0036555583034499814
7927,8,48,3784,0.0036555583034499814
7928,27,70,3783,0.0036545922468158775
7929,15,77,3783,0.0036545922468158775
7930,40,215,3782,0.003653626190181773
7931,22,26,3782,0.003653626190181773
7932,7,126,3782,0.003653626190181773
7933,65,80,3781,0.0036526601335476693
7934,16,184,3781,0.0036526601335476693
7935,7,106,3781,0.0036526601335476693
7936,16,220,3780,0.003651694076913565
7937,7,203,3780,0.003651694076913565
7938,5,5,3780,0.003651694076913565
7939,4,103,3779,0.003650728020279461
7940,70,24,3778,0.0036497619636453567
7941,27,64,3778,0.0036497619636453567
7942,72,38,3777,0.003648795907011253
7943,3,232,3777,0.003648795907011253
7944,43,179,3776,0.0036478298503771485
7945,49,8,3775,0.0036468637937430446
7946,55,169,3774,0.0036458977371089402
7947,10,9,3774,0.0036458977371089402
7948,41,191,3773,0.0036449316804748363
7949,76,140,3772,0.003643965623840732
7950,66,185,3772,0.003643965623840732
7951,49,215,3772,0.003643965623840732
7952,69,171,3771,0.003642999567206628
7953,43,166,3771,0.003642999567206628
7954,32,134,3771,0.003642999567206628
7955,5,149,3771,0.003642999567206628
7956,13,242,3770,0.0036420335105725237
7957,11,4,3770,0.0036420335105725237
7958,77,63,3769,0.00364106745393842
7959,66,241,3769,0.00364106745393842
7960,5,30,3769,0.00364106745393842
7961,67,19,3768,0.0036401013973043155
7962,58,252,3768,0.0036401013973043155
7963,25,90,3768,0.0036401013973043155
7964,16,169,3768,0.0036401013973043155
7965,52,164,3767,0.0036391353406702116
7966,31,112,3767,0.0036391353406702116
7967,7,72,3767,0.0036391353406702116
7968,36,217,3766,0.0036381692840361073
7969,47,156,3765,0.0036372032274020034
7970,42,206,3765,0.0036372032274020034
7971,26,139,3765,0.0036372032274020034
7972,8,219,3765,0.0036372032274020034
7973,8,184,3764,0.003636237170767899
7974,39,238,3763,0.003635271114133795
7975,33,8,3763,0.003635271114133795
7976,25,183,3763,0.003635271114133795
7977,3,100,3763,0.003635271114133795
7978,48,105,3762,0.0036343050574996908
7979,26,187,3762,0.0036343050574996908
7980,77,90,3761,0.003633339000865587
7981,24,21,3760,0.0036323729442314825
7982,61,15,3759,0.0036314068875973786
7983,22,140,3759,0.0036314068875973786
7984,69,19,3758,0.0036304408309632743
7985,66,160,3758,0.0036304408309632743
7986,36,238,3758,0.0036304408309632743
7987,33,98,3758,0.0036304408309632743
7988,32,45,3758,0.0036304408309632743
7989,25,129,3758,0.0036304408309632743
7990,19,165,3758,0.0036304408309632743
7991,3,99,3757,0.0036294747743291704
7992,51,191,3756,0.003628508717695066
7993,19,72,3756,0.003628508717695066
7994,17,48,3756,0.003628508717695066
7995,7,32,3756,0.003628508717695066
7996,62,73,3755,0.003627542661060962
7997,38,74,3755,0.003627542661060962
7998,53,64,3754,0.003626576604426858
7999,74,133,3753,0.003625610547792754
8000,56,63,3752,0.0036246444911586496
8001,50,20,3752,0.0036246444911586496
8002,38,207,3752,0.0036246444911586496
8003,71,63,3750,0.0036227123778904413
8004,31,38,3750,0.0036227123778904413
8005,26,14,3750,0.0036227123778904413
8006,64,16,3749,0.0036217463212563374
8007,43,115,3749,0.0036217463212563374
8008,15,10,3749,0.0036217463212563374
8009,3,227,3749,0.0036217463212563374
8010,3,61,3749,0.0036217463212563374
8011,45,46,3748,0.003620780264622233
8012,16,10,3748,0.003620780264622233
8013,12,70,3748,0.003620780264622233
8014,55,208,3747,0.003619814207988129
8015,24,182,3747,0.003619814207988129
8016,77,54,3745,0.003617882094719921
8017,62,31,3745,0.003617882094719921
8018,13,38,3745,0.003617882094719921
8019,73,97,3744,0.0036169160380858166
8020,54,243,3744,0.0036169160380858166
8021,30,43,3744,0.0036169160380858166
8022,18,236,3744,0.0036169160380858166
8023,68,57,3743,0.0036159499814517127
8024,56,100,3743,0.0036159499814517127
8025,38,118,3743,0.0036159499814517127
8026,28,146,3743,0.0036159499814517127
8027,18,220,3743,0.0036159499814517127
8028,53,71,3742,0.0036149839248176083
8029,17,205,3742,0.0036149839248176083
8030,11,198,3742,0.0036149839248176083
8031,58,120,3741,0.0036140178681835044
8032,52,236,3741,0.0036140178681835044
8033,25,205,3741,0.0036140178681835044
8034,15,155,3741,0.0036140178681835044
8035,12,117,3741,0.0036140178681835044
8036,44,153,3740,0.0036130518115494
8037,26,135,3740,0.0036130518115494
8038,6,43,3740,0.0036130518115494
8039,58,92,3739,0.003612085754915296
8040,36,35,3739,0.003612085754915296
8041,23,89,3739,0.003612085754915296
8042,16,131,3739,0.003612085754915296
8043,13,48,3739,0.003612085754915296
8044,69,25,3738,0.003611119698281192
8045,57,148,3738,0.003611119698281192
8046,21,77,3738,0.003611119698281192
8047,4,49,3738,0.003611119698281192
8048,39,137,3737,0.003610153641647088
8049,3,50,3737,0.003610153641647088
8050,68,254,3735,0.0036082215283788797
8051,56,58,3735,0.0036082215283788797
8052,54,50,3735,0.0036082215283788797
8053,21,1,3735,0.0036082215283788797
8054,17,204,3735,0.0036082215283788797
8055,3,44,3735,0.0036082215283788797
8056,64,132,3734,0.0036072554717447754
8057,43,53,3734,0.0036072554717447754
8058,25,170,3734,0.0036072554717447754
8059,24,78,3733,0.0036062894151106715
8060,13,45,3733,0.0036062894151106715
8061,8,227,3733,0.0036062894151106715
8062,18,28,3732,0.003605323358476567
8063,8,229,3732,0.003605323358476567
8064,39,149,3731,0.0036043573018424632
8065,24,110,3731,0.0036043573018424632
8066,64,247,3730,0.003603391245208359
8067,54,97,3729,0.003602425188574255
8068,3,38,3729,0.003602425188574255
8069,63,28,3728,0.003601459131940151
8070,23,187,3728,0.003601459131940151
8071,59,30,3727,0.0036004930753060467
8072,53,126,3727,0.0036004930753060467
8073,46,53,3726,0.003599527018671943
8074,9,73,3726,0.003599527018671943
8075,69,105,3725,0.0035985609620378385
8076,4,149,3725,0.0035985609620378385
8077,5,139,3724,0.0035975949054037346
8078,75,113,3723,0.0035966288487696303
8079,69,38,3723,0.0035966288487696303
8080,46,142,3723,0.0035966288487696303
8081,3,41,3723,0.0035966288487696303
8082,64,88,3722,0.0035956627921355263
8083,33,103,3722,0.0035956627921355263
8084,7,118,3722,0.0035956627921355263
8085,35,96,3721,0.003594696735501422
8086,29,15,3721,0.003594696735501422
8087,4,150,3721,0.003594696735501422
8088,49,84,3720,0.003593730678867318
8089,43,64,3720,0.003593730678867318
8090,27,109,3720,0.003593730678867318
8091,7,225,3720,0.003593730678867318
8092,34,110,3718,0.00359179856559911
8093,10,140,3718,0.00359179856559911
8094,75,217,3717,0.0035908325089650055
8095,49,6,3717,0.0035908325089650055
8096,29,37,3717,0.0035908325089650055
8097,6,134,3717,0.0035908325089650055
8098,67,147,3716,0.0035898664523309016
8099,65,41,3716,0.0035898664523309016
8100,37,101,3716,0.0035898664523309016
8101,71,23,3715,0.0035889003956967973
8102,25,87,3715,0.0035889003956967973
8103,23,100,3714,0.0035879343390626934
8104,22,14,3714,0.0035879343390626934
8105,12,154,3714,0.0035879343390626934
8106,3,65,3714,0.0035879343390626934
8107,60,213,3713,0.003586968282428589
8108,35,37,3712,0.003586002225794485
8109,32,188,3712,0.003586002225794485
8110,20,84,3712,0.003586002225794485
8111,15,1,3712,0.003586002225794485
8112,6,92,3712,0.003586002225794485
8113,45,252,3711,0.003585036169160381
8114,40,208,3710,0.003584070112526277
8115,33,15,3710,0.003584070112526277
8116,65,203,3709,0.0035831040558921726
8117,4,39,3708,0.0035821379992580686
8118,61,155,3707,0.0035811719426239643
8119,49,54,3707,0.0035811719426239643
8120,22,139,3707,0.0035811719426239643
8121,14,199,3707,0.0035811719426239643
8122,10,221,3707,0.0035811719426239643
8123,6,65,3707,0.0035811719426239643
8124,16,48,3706,0.0035802058859898604
8125,13,82,3706,0.0035802058859898604
8126,6,123,3706,0.0035802058859898604
8127,34,179,3705,0.003579239829355756
8128,29,246,3705,0.003579239829355756
8129,77,132,3704,0.003578273772721652
8130,76,243,3704,0.003578273772721652
8131,26,175,3704,0.003578273772721652
8132,23,232,3704,0.003578273772721652
8133,18,90,3704,0.003578273772721652
8134,24,225,3703,0.003577307716087548
8135,23,109,3703,0.003577307716087548
8136,4,182,3703,0.003577307716087548
8137,61,192,3702,0.003576341659453444
8138,60,146,3702,0.003576341659453444
8139,59,192,3702,0.003576341659453444
8140,72,133,3701,0.0035753756028193396
8141,61,131,3701,0.0035753756028193396
8142,6,32,3701,0.0035753756028193396
8143,56,28,3700,0.0035744095461852357
8144,26,253,3699,0.0035734434895511313
8145,22,246,3699,0.0035734434895511313
8146,16,145,3699,0.0035734434895511313
8147,62,162,3698,0.0035724774329170274
8148,58,130,3698,0.0035724774329170274
8149,17,179,3698,0.0035724774329170274
8150,7,43,3697,0.003571511376282923
8151,35,24,3696,0.003570545319648819
8152,55,170,3695,0.003569579263014715
8153,4,1,3695,0.003569579263014715
8154,71,120,3693,0.0035676471497465066
8155,73,72,3692,0.0035666810931124027
8156,38,255,3692,0.0035666810931124027
8157,38,33,3692,0.0035666810931124027
8158,15,48,3692,0.0035666810931124027
8159,63,137,3691,0.0035657150364782984
8160,30,108,3691,0.0035657150364782984
8161,49,136,3690,0.0035647489798441945
8162,29,117,3690,0.0035647489798441945
8163,16,91,3690,0.0035647489798441945
8164,6,240,3690,0.0035647489798441945
8165,4,180,3690,0.0035647489798441945
8166,72,110,3689,0.00356378292321009
8167,31,204,3689,0.00356378292321009
8168,13,215,3689,0.00356378292321009
8169,5,60,3689,0.00356378292321009
8170,28,50,3688,0.003562816866575986
8171,17,178,3688,0.003562816866575986
8172,15,55,3688,0.003562816866575986
8173,37,254,3687,0.003561850809941882
8174,9,112,3687,0.003561850809941882
8175,52,168,3686,0.003560884753307778
8176,38,132,3686,0.003560884753307778
8177,23,214,3686,0.003560884753307778
8178,16,186,3686,0.003560884753307778
8179,69,153,3685,0.0035599186966736736
8180,61,194,3685,0.0035599186966736736
8181,33,233,3685,0.0035599186966736736
8182,22,176,3685,0.0035599186966736736
8183,19,157,3684,0.0035589526400395697
8184,76,58,3683,0.0035579865834054654
8185,49,90,3683,0.0035579865834054654
8186,35,60,3683,0.0035579865834054654
8187,27,82,3683,0.0035579865834054654
8188,27,22,3683,0.0035579865834054654
8189,24,4,3682,0.0035570205267713615
8190,18,67,3682,0.0035570205267713615
8191,4,117,3682,0.0035570205267713615
8192,69,235,3681,0.003556054470137257
8193,50,37,3681,0.003556054470137257
8194,18,1,3681,0.003556054470137257
8195,8,2,3681,0.003556054470137257
8196,4,232,3681,0.003556054470137257
8197,17,154,3680,0.0035550884135031532
8198,6,35,3680,0.0035550884135031532
8199,40,139,3679,0.003554122356869049
8200,38,214,3679,0.003554122356869049
8201,45,150,3678,0.003553156300234945
8202,46,38,3677,0.0035521902436008407
8203,21,41,3677,0.0035521902436008407
8204,21,35,3677,0.0035521902436008407
8205,7,144,3677,0.0035521902436008407
8206,33,94,3676,0.0035512241869667368
8207,10,78,3676,0.0035512241869667368
8208,74,17,3675,0.0035502581303326324
8209,65,254,3675,0.0035502581303326324
8210,48,157,3675,0.0035502581303326324
8211,69,215,3674,0.0035492920736985285
8212,26,147,3674,0.0035492920736985285
8213,25,249,3674,0.0035492920736985285
8214,17,159,3674,0.0035492920736985285
8215,6,20,3674,0.0035492920736985285
8216,42,230,3673,0.003548326017064424
8217,17,115,3673,0.003548326017064424
8218,10,132,3673,0.003548326017064424
8219,5,176,3673,0.003548326017064424
8220,74,50,3672,0.0035473599604303203
8221,59,49,3672,0.0035473599604303203
8222,7,236,3672,0.0035473599604303203
8223,3,153,3672,0.0035473599604303203
8224,49,177,3671,0.003546393903796216
8225,17,94,3671,0.003546393903796216
8226,16,200,3671,0.003546393903796216
8227,49,80,3670,0.003545427847162112
8228,26,22,3670,0.003545427847162112
8229,55,158,3669,0.003544461790528008
8230,54,180,3669,0.003544461790528008
8231,48,178,3669,0.003544461790528008
8232,41,205,3669,0.003544461790528008
8233,10,6,3669,0.003544461790528008
8234,72,82,3668,0.003543495733893904
8235,63,230,3668,0.003543495733893904
8236,9,71,3668,0.003543495733893904
8237,10,181,3667,0.0035425296772598
8238,27,10,3666,0.0035415636206256955
8239,9,204,3666,0.0035415636206256955
8240,5,89,3665,0.0035405975639915916
8241,22,80,3664,0.0035396315073574873
8242,7,0,3664,0.0035396315073574873
8243,5,160,3663,0.0035386654507233834
8244,48,24,3662,0.003537699394089279
8245,44,230,3662,0.003537699394089279
8246,33,76,3662,0.003537699394089279
8247,3,31,3662,0.003537699394089279
8248,71,66,3660,0.003535767280821071
8249,40,212,3660,0.003535767280821071
8250,39,136,3660,0.003535767280821071
8251,35,50,3660,0.003535767280821071
8252,14,197,3660,0.003535767280821071
8253,77,210,3659,0.003534801224186967
8254,10,254,3659,0.003534801224186967
8255,65,172,3658,0.0035338351675528626
8256,44,73,3658,0.0035338351675528626
8257,41,47,3658,0.0035338351675528626
8258,20,23,3658,0.0035338351675528626
8259,5,32,3658,0.0035338351675528626
8260,16,227,3657,0.0035328691109187587
8261,3,92,3657,0.0035328691109187587
8262,72,243,3656,0.0035319030542846543
8263,46,233,3655,0.0035309369976505504
8264,15,8,3654,0.003529970941016446
8265,14,43,3654,0.003529970941016446
8266,10,45,3654,0.003529970941016446
8267,3,88,3654,0.003529970941016446
8268,77,174,3653,0.003529004884382342
8269,68,243,3653,0.003529004884382342
8270,11,172,3653,0.003529004884382342
8271,54,239,3652,0.003528038827748238
8272,33,198,3652,0.003528038827748238
8273,26,84,3652,0.003528038827748238
8274,11,228,3652,0.003528038827748238
8275,42,101,3651,0.003527072771114134
8276,37,192,3651,0.003527072771114134
8277,27,203,3651,0.003527072771114134
8278,4,244,3651,0.003527072771114134
8279,74,219,3650,0.0035261067144800296
8280,68,221,3650,0.0035261067144800296
8281,67,130,3650,0.0035261067144800296
8282,6,245,3650,0.0035261067144800296
8283,52,101,3649,0.0035251406578459257
8284,47,131,3649,0.0035251406578459257
8285,40,124,3649,0.0035251406578459257
8286,23,56,3649,0.0035251406578459257
8287,14,142,3649,0.0035251406578459257
8288,12,89,3649,0.0035251406578459257
8289,29,61,3648,0.0035241746012118214
8290,73,236,3647,0.0035232085445777175
8291,48,83,3647,0.0035232085445777175
8292,34,175,3647,0.0035232085445777175
8293,30,203,3647,0.0035232085445777175
8294,24,200,3647,0.0035232085445777175
8295,8,237,3647,0.0035232085445777175
8296,7,207,3647,0.0035232085445777175
8297,28,192,3646,0.003522242487943613
8298,20,3,3646,0.003522242487943613
8299,77,32,3645,0.003521276431309509
8300,57,207,3645,0.003521276431309509
8301,44,38,3645,0.003521276431309509
8302,25,123,3645,0.003521276431309509
8303,5,228,3645,0.003521276431309509
8304,6,71,3644,0.003520310374675405
8305,5,229,3644,0.003520310374675405
8306,47,22,3643,0.003519344318041301
8307,37,127,3643,0.003519344318041301
8308,34,45,3643,0.003519344318041301
8309,12,224,3643,0.003519344318041301
8310,60,232,3642,0.0035183782614071966
8311,43,41,3641,0.0035174122047730927
8312,13,28,3640,0.0035164461481389884
8313,48,242,3639,0.0035154800915048845
8314,45,135,3639,0.0035154800915048845
8315,28,119,3639,0.0035154800915048845
8316,13,118,3639,0.0035154800915048845
8317,56,162,3638,0.00351451403487078
8318,32,231,3638,0.00351451403487078
8319,46,147,3637,0.0035135479782366762
8320,7,245,3637,0.0035135479782366762
8321,55,95,3636,0.003512581921602572
8322,24,203,3636,0.003512581921602572
8323,5,215,3636,0.003512581921602572
8324,70,216,3635,0.003511615864968468
8325,60,234,3635,0.003511615864968468
8326,39,5,3635,0.003511615864968468
8327,22,241,3635,0.003511615864968468
8328,9,219,3635,0.003511615864968468
8329,76,96,3633,0.0035096837517002598
8330,75,181,3633,0.0035096837517002598
8331,63,35,3633,0.0035096837517002598
8332,61,140,3633,0.0035096837517002598
8333,47,62,3633,0.0035096837517002598
8334,24,26,3633,0.0035096837517002598
8335,66,128,3631,0.0035077516384320515
8336,48,143,3631,0.0035077516384320515
8337,46,37,3631,0.0035077516384320515
8338,29,159,3631,0.0035077516384320515
8339,25,41,3631,0.0035077516384320515
8340,15,28,3631,0.0035077516384320515
8341,11,224,3631,0.0035077516384320515
8342,8,134,3631,0.0035077516384320515
8343,62,19,3630,0.003506785581797947
8344,12,30,3630,0.003506785581797947
8345,53,214,3629,0.0035058195251638433
8346,9,80,3629,0.0035058195251638433
8347,4,191,3629,0.0035058195251638433
8348,14,202,3628,0.003504853468529739
8349,10,64,3628,0.003504853468529739
8350,52,146,3626,0.0035029213552615307
8351,30,87,3624,0.0035009892419933224
8352,12,1,3624,0.0035009892419933224
8353,23,148,3623,0.0035000231853592185
8354,68,103,3622,0.003499057128725114
8355,74,166,3621,0.0034980910720910103
8356,22,242,3621,0.0034980910720910103
8357,3,32,3621,0.0034980910720910103
8358,73,34,3620,0.003497125015456906
8359,16,240,3620,0.003497125015456906
8360,11,43,3619,0.003496158958822802
8361,8,185,3619,0.003496158958822802
8362,3,25,3619,0.003496158958822802
8363,50,182,3618,0.0034951929021886977
8364,16,208,3618,0.0034951929021886977
8365,11,92,3618,0.0034951929021886977
8366,7,162,3618,0.0034951929021886977
8367,40,113,3617,0.003494226845554594
8368,16,77,3617,0.003494226845554594
8369,10,172,3617,0.003494226845554594
8370,32,21,3616,0.0034932607889204895
8371,16,170,3616,0.0034932607889204895
8372,3,24,3615,0.0034922947322863856
8373,69,183,3614,0.0034913286756522812
8374,57,170,3614,0.0034913286756522812
8375,57,58,3614,0.0034913286756522812
8376,13,69,3614,0.0034913286756522812
8377,9,247,3612,0.0034893965623840734
8378,33,63,3611,0.003488430505749969
8379,11,115,3611,0.003488430505749969
8380,61,136,3610,0.003487464449115865
8381,45,180,3610,0.003487464449115865
8382,12,151,3610,0.003487464449115865
8383,49,216,3609,0.003486498392481761
8384,45,51,3609,0.003486498392481761
8385,28,189,3609,0.003486498392481761
8386,7,235,3609,0.003486498392481761
8387,62,163,3608,0.003485532335847657
8388,13,49,3608,0.003485532335847657
8389,8,113,3608,0.003485532335847657
8390,38,134,3607,0.0034845662792135526
8391,18,161,3607,0.0034845662792135526
8392,47,224,3606,0.0034836002225794487
8393,72,111,3605,0.0034826341659453443
8394,39,54,3605,0.0034826341659453443
8395,31,182,3605,0.0034826341659453443
8396,9,76,3605,0.0034826341659453443
8397,4,100,3605,0.0034826341659453443
8398,21,18,3604,0.0034816681093112404
8399,13,44,3604,0.0034816681093112404
8400,11,2,3604,0.0034816681093112404
8401,7,65,3604,0.0034816681093112404
8402,7,6,3604,0.0034816681093112404
8403,65,154,3602,0.003479735996043032
8404,48,124,3602,0.003479735996043032
8405,43,241,3602,0.003479735996043032
8406,28,244,3602,0.003479735996043032
8407,28,163,3602,0.003479735996043032
8408,17,7,3602,0.003479735996043032
8409,42,14,3601,0.003478769939408928
8410,13,194,3601,0.003478769939408928
8411,48,115,3600,0.003477803882774824
8412,29,229,3600,0.003477803882774824
8413,6,116,3600,0.003477803882774824
8414,6,69,3600,0.003477803882774824
8415,50,213,3599,0.0034768378261407196
8416,34,65,3599,0.0034768378261407196
8417,8,60,3599,0.0034768378261407196
8418,75,231,3598,0.0034758717695066157
8419,61,28,3598,0.0034758717695066157
8420,9,104,3598,0.0034758717695066157
8421,75,43,3597,0.0034749057128725114
8422,66,178,3597,0.0034749057128725114
8423,64,127,3596,0.0034739396562384075
8424,57,44,3596,0.0034739396562384075
8425,10,109,3596,0.0034739396562384075
8426,73,178,3595,0.003472973599604303
8427,44,194,3595,0.003472973599604303
8428,13,155,3595,0.003472973599604303
8429,75,126,3594,0.0034720075429701992
8430,46,203,3594,0.0034720075429701992
8431,35,105,3594,0.0034720075429701992
8432,67,12,3593,0.003471041486336095
8433,60,110,3593,0.003471041486336095
8434,36,101,3593,0.003471041486336095
8435,34,32,3593,0.003471041486336095
8436,13,50,3593,0.003471041486336095
8437,61,137,3592,0.003470075429701991
8438,25,50,3592,0.003470075429701991
8439,17,144,3592,0.003470075429701991
8440,16,76,3592,0.003470075429701991
8441,62,170,3591,0.0034691093730678866
8442,55,34,3591,0.0034691093730678866
8443,6,218,3591,0.0034691093730678866
8444,75,131,3590,0.0034681433164337827
8445,26,195,3590,0.0034681433164337827
8446,24,48,3590,0.0034681433164337827
8447,5,35,3590,0.0034681433164337827
8448,3,72,3590,0.0034681433164337827
8449,15,196,3589,0.0034671772597996784
8450,44,26,3588,0.0034662112031655745
8451,26,227,3588,0.0034662112031655745
8452,25,24,3588,0.0034662112031655745
8453,3,2,3588,0.0034662112031655745
8454,30,202,3587,0.00346524514653147
8455,3,27,3587,0.00346524514653147
8456,76,172,3586,0.0034642790898973663
8457,58,84,3585,0.003463313033263262
8458,47,81,3585,0.003463313033263262
8459,43,150,3585,0.003463313033263262
8460,19,8,3585,0.003463313033263262
8461,6,60,3585,0.003463313033263262
8462,37,153,3584,0.003462346976629158
8463,19,179,3584,0.003462346976629158
8464,66,46,3583,0.0034613809199950537
8465,33,181,3583,0.0034613809199950537
8466,22,164,3583,0.0034613809199950537
8467,6,137,3583,0.0034613809199950537
8468,50,115,3582,0.0034604148633609498
8469,21,83,3582,0.0034604148633609498
8470,12,218,3582,0.0034604148633609498
8471,51,51,3581,0.0034594488067268454
8472,48,205,3581,0.0034594488067268454
8473,44,59,3581,0.0034594488067268454
8474,30,92,3581,0.0034594488067268454
8475,22,168,3581,0.0034594488067268454
8476,23,80,3580,0.0034584827500927415
8477,4,4,3580,0.0034584827500927415
8478,74,63,3579,0.003457516693458637
8479,50,78,3579,0.003457516693458637
8480,5,147,3579,0.003457516693458637
8481,4,15,3579,0.003457516693458637
8482,53,4,3578,0.0034565506368245333
8483,15,126,3578,0.0034565506368245333
8484,11,145,3578,0.0034565506368245333
8485,3,150,3578,0.0034565506368245333
8486,32,62,3577,0.003455584580190429
8487,12,73,3577,0.003455584580190429
8488,55,197,3576,0.003454618523556325
8489,39,33,3576,0.003454618523556325
8490,33,71,3576,0.003454618523556325
8491,11,155,3576,0.003454618523556325
8492,35,74,3575,0.0034536524669222207
8493,18,103,3575,0.0034536524669222207
8494,3,200,3575,0.0034536524669222207
8495,8,178,3574,0.003452686410288117
8496,5,96,3574,0.003452686410288117
8497,4,196,3574,0.003452686410288117
8498,58,173,3573,0.0034517203536540125
8499,50,255,3573,0.0034517203536540125
8500,50,51,3573,0.0034517203536540125
8501,69,216,3572,0.0034507542970199086
8502,8,70,3572,0.0034507542970199086
8503,74,154,3571,0.0034497882403858042
8504,71,26,3571,0.0034497882403858042
8505,69,228,3571,0.0034497882403858042
8506,42,163,3571,0.0034497882403858042
8507,30,172,3571,0.0034497882403858042
8508,48,29,3570,0.0034488221837517003
8509,11,15,3570,0.0034488221837517003
8510,66,174,3569,0.003447856127117596
8511,77,13,3568,0.003446890070483492
8512,52,142,3568,0.003446890070483492
8513,42,193,3568,0.003446890070483492
8514,31,21,3568,0.003446890070483492
8515,28,93,3568,0.003446890070483492
8516,16,99,3568,0.003446890070483492
8517,10,196,3568,0.003446890070483492
8518,70,220,3567,0.0034459240138493877
8519,41,132,3567,0.0034459240138493877
8520,22,36,3567,0.0034459240138493877
8521,19,154,3567,0.0034459240138493877
8522,18,21,3567,0.0034459240138493877
8523,6,198,3567,0.0034459240138493877
8524,77,171,3566,0.003444957957215284
8525,66,175,3566,0.003444957957215284
8526,53,1,3566,0.003444957957215284
8527,52,244,3566,0.003444957957215284
8528,47,35,3566,0.003444957957215284
8529,10,151,3566,0.003444957957215284
8530,8,80,3566,0.003444957957215284
8531,7,130,3565,0.0034439919005811795
8532,74,202,3564,0.0034430258439470756
8533,19,206,3564,0.0034430258439470756
8534,69,178,3563,0.0034420597873129712
8535,58,9,3563,0.0034420597873129712
8536,41,244,3563,0.0034420597873129712
8537,31,246,3563,0.0034420597873129712
8538,4,160,3563,0.0034420597873129712
8539,62,50,3562,0.0034410937306788673
8540,28,106,3562,0.0034410937306788673
8541,43,199,3561,0.003440127674044763
8542,14,153,3561,0.003440127674044763
8543,12,119,3560,0.003439161617410659
8544,8,252,3560,0.003439161617410659
8545,66,44,3559,0.0034381955607765548
8546,39,250,3559,0.0034381955607765548
8547,61,84,3558,0.003437229504142451
8548,38,160,3558,0.003437229504142451
8549,34,96,3558,0.003437229504142451
8550,12,244,3558,0.003437229504142451
8551,72,2,3557,0.0034362634475083465
8552,14,240,3557,0.0034362634475083465
8553,13,87,3557,0.0034362634475083465
8554,12,2,3556,0.0034352973908742426
8555,70,232,3555,0.0034343313342401387
8556,55,190,3555,0.0034343313342401387
8557,3,166,3555,0.0034343313342401387
8558,11,103,3554,0.0034333652776060344
8559,52,221,3553,0.0034323992209719305
8560,13,32,3553,0.0034323992209719305
8561,8,3,3553,0.0034323992209719305
8562,7,53,3553,0.0034323992209719305
8563,26,78,3552,0.003431433164337826
8564,38,131,3551,0.0034304671077037222
8565,26,115,3551,0.0034304671077037222
8566,11,213,3551,0.0034304671077037222
8567,10,51,3551,0.0034304671077037222
8568,7,132,3551,0.0034304671077037222
8569,3,94,3551,0.0034304671077037222
8570,68,105,3550,0.003429501051069618
8571,63,57,3550,0.003429501051069618
8572,9,61,3550,0.003429501051069618
8573,45,77,3549,0.003428534994435514
8574,26,127,3549,0.003428534994435514
8575,21,51,3549,0.003428534994435514
8576,67,238,3548,0.0034275689378014096
8577,34,54,3548,0.0034275689378014096
8578,29,84,3548,0.0034275689378014096
8579,26,56,3548,0.0034275689378014096
8580,23,248,3548,0.0034275689378014096
8581,23,78,3548,0.0034275689378014096
8582,14,98,3548,0.0034275689378014096
8583,76,71,3547,0.0034266028811673057
8584,60,169,3547,0.0034266028811673057
8585,25,199,3547,0.0034266028811673057
8586,39,26,3546,0.0034256368245332014
8587,29,79,3546,0.0034256368245332014
8588,6,231,3546,0.0034256368245332014
8589,69,23,3545,0.0034246707678990975
8590,55,64,3545,0.0034246707678990975
8591,8,97,3545,0.0034246707678990975
8592,29,91,3544,0.003423704711264993
8593,11,127,3544,0.003423704711264993
8594,8,244,3544,0.003423704711264993
8595,23,180,3543,0.0034227386546308892
8596,68,230,3542,0.003421772597996785
8597,29,63,3542,0.003421772597996785
8598,11,87,3542,0.003421772597996785
8599,25,242,3541,0.003420806541362681
8600,3,96,3541,0.003420806541362681
8601,75,138,3540,0.0034198404847285767
8602,72,104,3539,0.0034188744280944728
8603,64,44,3539,0.0034188744280944728
8604,22,175,3539,0.0034188744280944728
8605,77,133,3538,0.0034179083714603684
8606,66,236,3538,0.0034179083714603684
8607,65,216,3537,0.0034169423148262645
8608,44,167,3537,0.0034169423148262645
8609,57,235,3536,0.00341597625819216
8610,51,13,3536,0.00341597625819216
8611,50,101,3536,0.00341597625819216
8612,48,201,3536,0.00341597625819216
8613,37,251,3536,0.00341597625819216
8614,72,84,3534,0.003414044144923952
8615,68,213,3534,0.003414044144923952
8616,39,221,3534,0.003414044144923952
8617,36,80,3534,0.003414044144923952
8618,18,148,3534,0.003414044144923952
8619,57,193,3533,0.003413078088289848
8620,8,220,3533,0.003413078088289848
8621,47,158,3532,0.0034121120316557437
8622,33,203,3532,0.0034121120316557437
8623,30,221,3532,0.0034121120316557437
8624,29,174,3532,0.0034121120316557437
8625,24,137,3532,0.0034121120316557437
8626,50,35,3531,0.00341114597502164
8627,50,26,3531,0.00341114597502164
8628,45,219,3531,0.00341114597502164
8629,41,104,3531,0.00341114597502164
8630,26,213,3531,0.00341114597502164
8631,21,177,3531,0.00341114597502164
8632,20,118,3531,0.00341114597502164
8633,9,154,3531,0.00341114597502164
8634,66,82,3530,0.0034101799183875355
8635,53,73,3530,0.0034101799183875355
8636,21,167,3530,0.0034101799183875355
8637,9,134,3530,0.0034101799183875355
8638,57,92,3529,0.0034092138617534315
8639,49,144,3529,0.0034092138617534315
8640,52,107,3528,0.003408247805119327
8641,17,130,3528,0.003408247805119327
8642,6,162,3528,0.003408247805119327
8643,68,74,3527,0.0034072817484852233
8644,64,156,3527,0.0034072817484852233
8645,42,224,3527,0.0034072817484852233
8646,28,59,3527,0.0034072817484852233
8647,13,178,3527,0.0034072817484852233
8648,19,2,3526,0.003406315691851119
8649,10,102,3526,0.003406315691851119
8650,9,253,3526,0.003406315691851119
8651,9,240,3526,0.003406315691851119
8652,5,250,3526,0.003406315691851119
8653,45,30,3525,0.003405349635217015
8654,23,238,3525,0.003405349635217015
8655,11,217,3525,0.003405349635217015
8656,10,137,3525,0.003405349635217015
8657,6,211,3525,0.003405349635217015
8658,75,147,3524,0.0034043835785829107
8659,67,160,3524,0.0034043835785829107
8660,45,64,3524,0.0034043835785829107
8661,8,164,3524,0.0034043835785829107
8662,4,241,3524,0.0034043835785829107
8663,48,60,3523,0.003403417521948807
8664,34,238,3523,0.003403417521948807
8665,54,172,3522,0.0034024514653147025
8666,43,139,3522,0.0034024514653147025
8667,32,10,3522,0.0034024514653147025
8668,3,193,3522,0.0034024514653147025
8669,69,143,3521,0.0034014854086805986
8670,59,193,3521,0.0034014854086805986
8671,58,154,3521,0.0034014854086805986
8672,24,208,3520,0.0034005193520464942
8673,24,80,3520,0.0034005193520464942
8674,26,248,3519,0.0033995532954123903
8675,17,201,3519,0.0033995532954123903
8676,25,80,3518,0.003398587238778286
8677,10,106,3518,0.003398587238778286
8678,10,238,3517,0.003397621182144182
8679,9,22,3517,0.003397621182144182
8680,3,108,3517,0.003397621182144182
8681,61,65,3516,0.0033966551255100778
8682,47,205,3516,0.0033966551255100778
8683,64,73,3515,0.003395689068875974
8684,40,197,3515,0.003395689068875974
8685,39,7,3515,0.003395689068875974
8686,37,2,3515,0.003395689068875974
8687,4,76,3515,0.003395689068875974
8688,55,72,3514,0.0033947230122418695
8689,38,216,3514,0.0033947230122418695
8690,9,241,3514,0.0033947230122418695
8691,50,191,3513,0.0033937569556077656
8692,29,248,3513,0.0033937569556077656
8693,24,117,3513,0.0033937569556077656
8694,21,220,3513,0.0033937569556077656
8695,7,47,3513,0.0033937569556077656
8696,11,222,3512,0.0033927908989736613
8697,37,27,3511,0.0033918248423395574
8698,26,57,3511,0.0033918248423395574
8699,74,196,3510,0.003390858785705453
8700,74,6,3510,0.003390858785705453
8701,61,141,3510,0.003390858785705453
8702,32,182,3510,0.003390858785705453
8703,13,129,3510,0.003390858785705453
8704,3,114,3510,0.003390858785705453
8705,49,230,3509,0.003389892729071349
8706,26,194,3509,0.003389892729071349
8707,70,170,3508,0.0033889266724372448
8708,45,4,3508,0.0033889266724372448
8709,38,73,3508,0.0033889266724372448
8710,74,205,3507,0.003387960615803141
8711,55,0,3507,0.003387960615803141
8712,69,85,3506,0.0033869945591690365
8713,56,47,3506,0.0033869945591690365
8714,53,251,3506,0.0033869945591690365
8715,6,118,3506,0.0033869945591690365
8716,71,81,3505,0.0033860285025349326
8717,59,79,3505,0.0033860285025349326
8718,57,176,3505,0.0033860285025349326
8719,26,186,3505,0.0033860285025349326
8720,19,212,3505,0.0033860285025349326
8721,15,244,3505,0.0033860285025349326
8722,7,104,3505,0.0033860285025349326
8723,3,231,3505,0.0033860285025349326
8724,42,40,3504,0.0033850624459008283
8725,39,122,3503,0.0033840963892667244
8726,37,208,3503,0.0033840963892667244
8727,33,32,3503,0.0033840963892667244
8728,11,144,3503,0.0033840963892667244
8729,6,252,3503,0.0033840963892667244
8730,6,174,3503,0.0033840963892667244
8731,26,222,3502,0.00338313033263262
8732,13,121,3502,0.00338313033263262
8733,41,149,3501,0.003382164275998516
8734,73,5,3500,0.003381198219364412
8735,31,129,3500,0.003381198219364412
8736,50,125,3499,0.003380232162730308
8737,53,42,3497,0.0033783000494620997
8738,43,18,3497,0.0033783000494620997
8739,28,235,3497,0.0033783000494620997
8740,13,211,3497,0.0033783000494620997
8741,60,221,3496,0.0033773339928279958
8742,53,34,3496,0.0033773339928279958
8743,21,123,3495,0.0033763679361938914
8744,64,116,3494,0.0033754018795597875
8745,62,22,3494,0.0033754018795597875
8746,46,253,3494,0.0033754018795597875
8747,35,67,3494,0.0033754018795597875
8748,34,197,3494,0.0033754018795597875
8749,15,130,3494,0.0033754018795597875
8750,14,67,3494,0.0033754018795597875
8751,10,127,3494,0.0033754018795597875
8752,69,37,3493,0.003374435822925683
8753,54,183,3493,0.003374435822925683
8754,47,147,3493,0.003374435822925683
8755,38,66,3493,0.003374435822925683
8756,28,65,3493,0.003374435822925683
8757,25,86,3493,0.003374435822925683
8758,18,153,3493,0.003374435822925683
8759,6,251,3493,0.003374435822925683
8760,64,239,3492,0.0033734697662915793
8761,55,65,3492,0.0033734697662915793
8762,18,107,3492,0.0033734697662915793
8763,47,175,3491,0.003372503709657475
8764,38,219,3491,0.003372503709657475
8765,24,27,3491,0.003372503709657475
8766,17,86,3491,0.003372503709657475
8767,7,195,3491,0.003372503709657475
8768,63,85,3490,0.003371537653023371
8769,62,114,3490,0.003371537653023371
8770,43,162,3490,0.003371537653023371
8771,42,218,3490,0.003371537653023371
8772,19,110,3490,0.003371537653023371
8773,14,14,3490,0.003371537653023371
8774,12,255,3490,0.003371537653023371
8775,71,73,3489,0.0033705715963892667
8776,48,188,3489,0.0033705715963892667
8777,10,155,3489,0.0033705715963892667
8778,5,210,3489,0.0033705715963892667
8779,57,96,3488,0.003369605539755163
8780,34,248,3488,0.003369605539755163
8781,11,184,3488,0.003369605539755163
8782,3,117,3488,0.003369605539755163
8783,51,107,3486,0.0033676734264869545
8784,23,19,3486,0.0033676734264869545
8785,63,254,3485,0.00336670736985285
8786,46,117,3485,0.00336670736985285
8787,63,243,3484,0.0033657413132187463
8788,45,149,3484,0.0033657413132187463
8789,45,36,3483,0.003364775256584642
8790,15,131,3483,0.003364775256584642
8791,4,185,3483,0.003364775256584642
8792,43,181,3482,0.003363809199950538
8793,16,135,3482,0.003363809199950538
8794,58,214,3481,0.0033628431433164337
8795,22,21,3481,0.0033628431433164337
8796,4,126,3481,0.0033628431433164337
8797,8,254,3480,0.00336187708668233
8798,76,255,3479,0.0033609110300482255
8799,63,106,3479,0.0033609110300482255
8800,52,245,3479,0.0033609110300482255
8801,13,207,3479,0.0033609110300482255
8802,13,100,3479,0.0033609110300482255
8803,67,215,3478,0.0033599449734141216
8804,43,187,3478,0.0033599449734141216
8805,9,111,3478,0.0033599449734141216
8806,56,229,3477,0.0033589789167800172
8807,76,36,3476,0.0033580128601459133
8808,73,124,3476,0.0033580128601459133
8809,51,250,3476,0.0033580128601459133
8810,44,49,3476,0.0033580128601459133
8811,65,231,3474,0.003356080746877705
8812,62,253,3474,0.003356080746877705
8813,55,1,3474,0.003356080746877705
8814,54,196,3474,0.003356080746877705
8815,33,55,3474,0.003356080746877705
8816,24,109,3474,0.003356080746877705
8817,12,190,3474,0.003356080746877705
8818,40,207,3473,0.0033551146902436007
8819,74,132,3472,0.003354148633609497
8820,74,80,3472,0.003354148633609497
8821,73,87,3472,0.003354148633609497
8822,72,222,3472,0.003354148633609497
8823,71,51,3471,0.0033531825769753925
8824,20,190,3471,0.0033531825769753925
8825,3,253,3471,0.0033531825769753925
8826,47,95,3470,0.0033522165203412886
8827,21,113,3470,0.0033522165203412886
8828,43,44,3469,0.0033512504637071843
8829,28,245,3469,0.0033512504637071843
8830,9,232,3469,0.0033512504637071843
8831,59,35,3468,0.0033502844070730804
8832,35,25,3468,0.0033502844070730804
8833,31,230,3468,0.0033502844070730804
8834,25,144,3468,0.0033502844070730804
8835,24,18,3468,0.0033502844070730804
8836,20,230,3468,0.0033502844070730804
8837,6,239,3468,0.0033502844070730804
8838,5,237,3468,0.0033502844070730804
8839,26,250,3467,0.003349318350438976
8840,23,239,3467,0.003349318350438976
8841,72,28,3466,0.003348352293804872
8842,38,148,3466,0.003348352293804872
8843,38,87,3466,0.003348352293804872
8844,17,149,3466,0.003348352293804872
8845,17,26,3466,0.003348352293804872
8846,59,69,3465,0.0033473862371707678
8847,25,132,3465,0.0033473862371707678
8848,7,71,3465,0.0033473862371707678
8849,49,253,3464,0.003346420180536664
8850,34,247,3464,0.003346420180536664
8851,6,127,3464,0.003346420180536664
8852,58,135,3463,0.0033454541239025595
8853,52,240,3463,0.0033454541239025595
8854,18,140,3463,0.0033454541239025595
8855,60,186,3462,0.0033444880672684556
8856,56,196,3462,0.0033444880672684556
8857,17,62,3462,0.0033444880672684556
8858,13,153,3462,0.0033444880672684556
8859,41,15,3461,0.0033435220106343513
8860,18,64,3461,0.0033435220106343513
8861,13,46,3461,0.0033435220106343513
8862,66,186,3460,0.0033425559540002474
8863,56,103,3460,0.0033425559540002474
8864,50,215,3459,0.003341589897366143
8865,43,90,3459,0.003341589897366143
8866,36,185,3459,0.003341589897366143
8867,10,110,3459,0.003341589897366143
8868,4,192,3459,0.003341589897366143
8869,77,241,3458,0.003340623840732039
8870,75,88,3458,0.003340623840732039
8871,67,213,3458,0.003340623840732039
8872,27,142,3458,0.003340623840732039
8873,70,64,3457,0.003339657784097935
8874,59,218,3457,0.003339657784097935
8875,33,170,3457,0.003339657784097935
8876,41,240,3456,0.003338691727463831
8877,37,188,3456,0.003338691727463831
8878,7,194,3456,0.003338691727463831
8879,74,18,3455,0.0033377256708297266
8880,6,242,3455,0.0033377256708297266
8881,45,117,3454,0.0033367596141956227
8882,14,86,3454,0.0033367596141956227
8883,25,201,3453,0.0033357935575615183
8884,25,17,3453,0.0033357935575615183
8885,24,120,3453,0.0033357935575615183
8886,8,223,3453,0.0033357935575615183
8887,29,118,3452,0.0033348275009274144
8888,58,243,3451,0.00333386144429331
8889,39,70,3451,0.00333386144429331
8890,71,85,3450,0.003332895387659206
8891,64,114,3450,0.003332895387659206
8892,44,145,3450,0.003332895387659206
8893,25,254,3450,0.003332895387659206
8894,76,131,3449,0.003331929331025102
8895,34,132,3449,0.003331929331025102
8896,30,254,3447,0.0033299972177568936
8897,24,232,3446,0.0033290311611227897
8898,37,50,3445,0.0033280651044886853
8899,73,162,3444,0.0033270990478545814
8900,51,41,3444,0.0033270990478545814
8901,43,176,3444,0.0033270990478545814
8902,66,163,3443,0.003326132991220477
8903,49,131,3443,0.003326132991220477
8904,9,236,3443,0.003326132991220477
8905,4,218,3443,0.003326132991220477
8906,73,228,3442,0.003325166934586373
8907,49,9,3442,0.003325166934586373
8908,16,28,3442,0.003325166934586373
8909,14,32,3442,0.003325166934586373
8910,74,42,3441,0.0033242008779522693
8911,9,151,3441,0.0033242008779522693
8912,62,78,3440,0.003323234821318165
8913,43,32,3440,0.003323234821318165
8914,20,231,3440,0.003323234821318165
8915,17,253,3440,0.003323234821318165
8916,43,130,3439,0.003322268764684061
8917,34,124,3439,0.003322268764684061
8918,31,151,3439,0.003322268764684061
8919,17,199,3439,0.003322268764684061
8920,6,201,3439,0.003322268764684061
8921,5,26,3439,0.003322268764684061
8922,43,70,3438,0.0033213027080499567
8923,30,36,3438,0.0033213027080499567
8924,29,109,3438,0.0033213027080499567
8925,4,171,3438,0.0033213027080499567
8926,76,33,3437,0.003320336651415853
8927,35,55,3437,0.003320336651415853
8928,23,168,3437,0.003320336651415853
8929,74,56,3436,0.0033193705947817485
8930,14,248,3436,0.0033193705947817485
8931,8,99,3436,0.0033193705947817485
8932,7,100,3436,0.0033193705947817485
8933,3,239,3436,0.0033193705947817485
8934,65,245,3435,0.0033184045381476446
8935,52,128,3435,0.0033184045381476446
8936,24,238,3435,0.0033184045381476446
8937,6,121,3435,0.0033184045381476446
8938,3,54,3435,0.0033184045381476446
8939,65,13,3434,0.0033174384815135402
8940,56,214,3434,0.0033174384815135402
8941,53,123,3434,0.0033174384815135402
8942,52,233,3434,0.0033174384815135402
8943,36,243,3434,0.0033174384815135402
8944,26,211,3434,0.0033174384815135402
8945,20,166,3434,0.0033174384815135402
8946,8,121,3434,0.0033174384815135402
8947,55,133,3433,0.0033164724248794363
8948,10,4,3433,0.0033164724248794363
8949,72,166,3432,0.003315506368245332
8950,45,98,3432,0.003315506368245332
8951,45,33,3432,0.003315506368245332
8952,30,200,3432,0.003315506368245332
8953,10,100,3432,0.003315506368245332
8954,4,86,3432,0.003315506368245332
8955,20,36,3431,0.003314540311611228
8956,17,239,3431,0.003314540311611228
8957,11,38,3431,0.003314540311611228
8958,77,52,3430,0.0033135742549771237
8959,70,36,3430,0.0033135742549771237
8960,43,224,3430,0.0033135742549771237
8961,36,212,3430,0.0033135742549771237
8962,31,16,3430,0.0033135742549771237
8963,8,43,3430,0.0033135742549771237
8964,65,192,3429,0.00331260819834302
8965,64,68,3429,0.00331260819834302
8966,56,77,3429,0.00331260819834302
8967,49,22,3429,0.00331260819834302
8968,18,40,3429,0.00331260819834302
8969,31,57,3428,0.0033116421417089155
8970,13,24,3428,0.0033116421417089155
8971,23,204,3427,0.0033106760850748116
8972,18,111,3427,0.0033106760850748116
8973,75,229,3426,0.0033097100284407073
8974,31,179,3426,0.0033097100284407073
8975,8,96,3426,0.0033097100284407073
8976,31,233,3425,0.0033087439718066033
8977,11,119,3425,0.0033087439718066033
8978,11,34,3424,0.003307777915172499
8979,71,64,3423,0.003306811858538395
8980,50,187,3423,0.003306811858538395
8981,24,125,3423,0.003306811858538395
8982,8,145,3423,0.003306811858538395
8983,4,157,3422,0.0033058458019042908
8984,69,205,3421,0.003304879745270187
8985,62,81,3421,0.003304879745270187
8986,36,215,3421,0.003304879745270187
8987,12,36,3421,0.003304879745270187
8988,58,21,3420,0.0033039136886360825
8989,18,135,3419,0.0033029476320019786
8990,7,189,3419,0.0033029476320019786
8991,43,229,3418,0.0033019815753678743
8992,28,113,3418,0.0033019815753678743
8993,8,241,3418,0.0033019815753678743
8994,29,189,3417,0.0033010155187337704
8995,73,88,3416,0.003300049462099666
8996,19,170,3416,0.003300049462099666
8997,17,109,3416,0.003300049462099666
8998,69,158,3415,0.003299083405465562
8999,57,208,3415,0.003299083405465562
9000,19,171,3415,0.003299083405465562
9001,53,84,3414,0.003298117348831458
9002,39,165,3414,0.003298117348831458
9003,32,205,3414,0.003298117348831458
9004,4,60,3414,0.003298117348831458
9005,52,86,3413,0.003297151292197354
9006,27,249,3413,0.003297151292197354
9007,70,51,3412,0.0032961852355632495
9008,67,142,3412,0.0032961852355632495
9009,32,71,3412,0.0032961852355632495
9010,21,119,3412,0.0032961852355632495
9011,71,146,3411,0.0032952191789291456
9012,13,140,3411,0.0032952191789291456
9013,12,181,3411,0.0032952191789291456
9014,4,43,3411,0.0032952191789291456
9015,56,141,3410,0.0032942531222950413
9016,55,227,3410,0.0032942531222950413
9017,54,17,3410,0.0032942531222950413
9018,31,97,3410,0.0032942531222950413
9019,31,85,3410,0.0032942531222950413
9020,22,95,3410,0.0032942531222950413
9021,16,81,3409,0.0032932870656609374
9022,9,157,3409,0.0032932870656609374
9023,55,28,3408,0.003292321009026833
9024,35,135,3408,0.003292321009026833
9025,29,25,3408,0.003292321009026833
9026,9,35,3408,0.003292321009026833
9027,58,18,3407,0.003291354952392729
9028,38,237,3407,0.003291354952392729
9029,19,117,3407,0.003291354952392729
9030,13,144,3407,0.003291354952392729
9031,5,252,3407,0.003291354952392729
9032,55,24,3406,0.003290388895758625
9033,34,246,3406,0.003290388895758625
9034,30,248,3406,0.003290388895758625
9035,14,97,3406,0.003290388895758625
9036,74,217,3405,0.003289422839124521
9037,71,32,3405,0.003289422839124521
9038,14,23,3405,0.003289422839124521
9039,13,58,3405,0.003289422839124521
9040,72,115,3404,0.0032884567824904166
9041,32,144,3404,0.0032884567824904166
9042,24,49,3404,0.0032884567824904166
9043,10,43,3404,0.0032884567824904166
9044,7,199,3404,0.0032884567824904166
9045,61,85,3403,0.0032874907258563127
9046,34,123,3403,0.0032874907258563127
9047,64,109,3402,0.0032865246692222083
9048,14,110,3402,0.0032865246692222083
9049,10,224,3402,0.0032865246692222083
9050,7,76,3402,0.0032865246692222083
9051,74,199,3401,0.0032855586125881044
9052,46,33,3401,0.0032855586125881044
9053,45,122,3401,0.0032855586125881044
9054,41,168,3401,0.0032855586125881044
9055,35,236,3401,0.0032855586125881044
9056,27,58,3401,0.0032855586125881044
9057,68,114,3400,0.003284592555954
9058,62,221,3400,0.003284592555954
9059,38,245,3400,0.003284592555954
9060,21,92,3399,0.003283626499319896
9061,76,199,3398,0.003282660442685792
9062,59,154,3398,0.003282660442685792
9063,48,102,3398,0.003282660442685792
9064,46,74,3398,0.003282660442685792
9065,42,253,3398,0.003282660442685792
9066,19,10,3398,0.003282660442685792
9067,14,33,3398,0.003282660442685792
9068,73,90,3397,0.003281694386051688
9069,72,153,3397,0.003281694386051688
9070,60,51,3396,0.0032807283294175836
9071,47,23,3396,0.0032807283294175836
9072,30,204,3396,0.0032807283294175836
9073,26,40,3396,0.0032807283294175836
9074,24,133,3395,0.0032797622727834797
9075,68,154,3394,0.0032787962161493754
9076,52,231,3394,0.0032787962161493754
9077,44,104,3394,0.0032787962161493754
9078,20,138,3394,0.0032787962161493754
9079,11,162,3394,0.0032787962161493754
9080,70,180,3393,0.0032778301595152715
9081,35,212,3393,0.0032778301595152715
9082,35,75,3393,0.0032778301595152715
9083,20,155,3393,0.0032778301595152715
9084,22,207,3392,0.003276864102881167
9085,4,204,3392,0.003276864102881167
9086,25,47,3390,0.003274931989612959
9087,54,36,3389,0.003273965932978855
9088,53,244,3389,0.003273965932978855
9089,13,75,3389,0.003273965932978855
9090,6,244,3389,0.003273965932978855
9091,6,223,3389,0.003273965932978855
9092,59,210,3388,0.0032729998763447506
9093,53,137,3388,0.0032729998763447506
9094,34,176,3388,0.0032729998763447506
9095,28,107,3388,0.0032729998763447506
9096,13,184,3388,0.0032729998763447506
9097,53,23,3387,0.0032720338197106467
9098,22,251,3387,0.0032720338197106467
9099,12,28,3387,0.0032720338197106467
9100,73,70,3386,0.0032710677630765424
9101,41,13,3386,0.0032710677630765424
9102,27,55,3386,0.0032710677630765424
9103,9,64,3386,0.0032710677630765424
9104,27,14,3384,0.003269135649808334
9105,14,194,3384,0.003269135649808334
9106,72,132,3383,0.0032681695931742302
9107,56,169,3383,0.0032681695931742302
9108,51,68,3383,0.0032681695931742302
9109,29,104,3382,0.0032672035365401263
9110,40,187,3381,0.003266237479906022
9111,15,228,3380,0.003265271423271918
9112,8,155,3380,0.003265271423271918
9113,68,39,3379,0.0032643053666378138
9114,43,136,3379,0.0032643053666378138
9115,10,219,3379,0.0032643053666378138
9116,68,135,3378,0.00326333931000371
9117,44,205,3378,0.00326333931000371
9118,41,19,3378,0.00326333931000371
9119,28,138,3378,0.00326333931000371
9120,21,28,3377,0.0032623732533696055
9121,76,15,3376,0.0032614071967355016
9122,75,24,3376,0.0032614071967355016
9123,73,31,3376,0.0032614071967355016
9124,59,184,3375,0.0032604411401013973
9125,48,53,3375,0.0032604411401013973
9126,40,2,3375,0.0032604411401013973
9127,35,4,3375,0.0032604411401013973
9128,29,243,3375,0.0032604411401013973
9129,16,39,3375,0.0032604411401013973
9130,75,35,3374,0.0032594750834672934
9131,43,242,3374,0.0032594750834672934
9132,55,189,3373,0.003258509026833189
9133,54,28,3373,0.003258509026833189
9134,49,213,3373,0.003258509026833189
9135,62,231,3372,0.003257542970199085
9136,60,255,3372,0.003257542970199085
9137,8,157,3372,0.003257542970199085
9138,74,111,3371,0.003256576913564981
9139,60,0,3371,0.003256576913564981
9140,8,136,3371,0.003256576913564981
9141,7,153,3370,0.003255610856930877
9142,57,109,3369,0.0032546448002967725
9143,46,182,3369,0.0032546448002967725
9144,40,179,3369,0.0032546448002967725
9145,25,75,3369,0.0032546448002967725
9146,22,59,3369,0.0032546448002967725
9147,15,217,3369,0.0032546448002967725
9148,11,55,3369,0.0032546448002967725
9149,72,45,3368,0.0032536787436626686
9150,26,117,3368,0.0032536787436626686
9151,22,47,3368,0.0032536787436626686
9152,70,146,3367,0.0032527126870285643
9153,53,93,3367,0.0032527126870285643
9154,35,117,3367,0.0032527126870285643
9155,26,219,3367,0.0032527126870285643
9156,70,93,3366,0.0032517466303944604
9157,26,28,3366,0.0032517466303944604
9158,5,43,3366,0.0032517466303944604
9159,63,218,3365,0.003250780573760356
9160,63,68,3365,0.003250780573760356
9161,43,160,3365,0.003250780573760356
9162,15,18,3365,0.003250780573760356
9163,50,66,3364,0.003249814517126252
9164,46,250,3364,0.003249814517126252
9165,25,78,3364,0.003249814517126252
9166,72,228,3363,0.003248848460492148
9167,61,89,3363,0.003248848460492148
9168,31,28,3363,0.003248848460492148
9169,7,90,3363,0.003248848460492148
9170,76,65,3362,0.003247882403858044
9171,24,202,3362,0.003247882403858044
9172,16,71,3362,0.003247882403858044
9173,53,153,3361,0.0032469163472239396
9174,31,185,3361,0.0032469163472239396
9175,21,120,3361,0.0032469163472239396
9176,70,215,3360,0.0032459502905898357
9177,68,11,3360,0.0032459502905898357
9178,66,213,3360,0.0032459502905898357
9179,52,199,3360,0.0032459502905898357
9180,25,104,3360,0.0032459502905898357
9181,59,83,3359,0.0032449842339557313
9182,57,26,3358,0.0032440181773216274
9183,51,165,3358,0.0032440181773216274
9184,47,246,3358,0.0032440181773216274
9185,13,208,3358,0.0032440181773216274
9186,47,63,3357,0.003243052120687523
9187,12,90,3357,0.003243052120687523
9188,10,49,3357,0.003243052120687523
9189,74,66,3356,0.003242086064053419
9190,72,167,3356,0.003242086064053419
9191,56,44,3356,0.003242086064053419
9192,39,145,3356,0.003242086064053419
9193,23,104,3356,0.003242086064053419
9194,6,16,3356,0.003242086064053419
9195,77,237,3355,0.003241120007419315
9196,61,149,3355,0.003241120007419315
9197,26,60,3355,0.003241120007419315
9198,39,123,3354,0.003240153950785211
9199,13,175,3354,0.003240153950785211
9200,8,255,3354,0.003240153950785211
9201,8,209,3354,0.003240153950785211
9202,65,105,3353,0.0032391878941511066
9203,53,44,3353,0.0032391878941511066
9204,4,179,3353,0.0032391878941511066
9205,76,19,3352,0.0032382218375170027
9206,69,6,3352,0.0032382218375170027
9207,45,14,3352,0.0032382218375170027
9208,45,5,3352,0.0032382218375170027
9209,34,21,3352,0.0032382218375170027
9210,16,12,3352,0.0032382218375170027
9211,61,50,3351,0.0032372557808828984
9212,46,156,3351,0.0032372557808828984
9213,42,103,3351,0.0032372557808828984
9214,16,58,3351,0.0032372557808828984
9215,6,88,3351,0.0032372557808828984
9216,77,159,3350,0.0032362897242487944
9217,74,185,3350,0.0032362897242487944
9218,33,227,3350,0.0032362897242487944
9219,33,35,3350,0.0032362897242487944
9220,28,214,3350,0.0032362897242487944
9221,18,45,3350,0.0032362897242487944
9222,17,224,3350,0.0032362897242487944
9223,76,85,3349,0.00323532366761469
9224,8,29,3348,0.003234357610980586
9225,7,24,3348,0.003234357610980586
9226,38,9,3347,0.003233391554346482
9227,9,139,3347,0.003233391554346482
9228,73,222,3346,0.003232425497712378
9229,25,64,3346,0.003232425497712378
9230,15,39,3346,0.003232425497712378
9231,65,87,3345,0.0032314594410782736
9232,41,189,3345,0.0032314594410782736
9233,36,147,3345,0.0032314594410782736
9234,36,94,3345,0.0032314594410782736
9235,71,24,3344,0.0032304933844441697
9236,49,71,3344,0.0032304933844441697
9237,76,183,3343,0.0032295273278100654
9238,40,14,3343,0.0032295273278100654
9239,36,50,3343,0.0032295273278100654
9240,8,152,3343,0.0032295273278100654
9241,5,21,3343,0.0032295273278100654
9242,74,244,3342,0.0032285612711759615
9243,45,29,3342,0.0032285612711759615
9244,13,157,3342,0.0032285612711759615
9245,3,79,3342,0.0032285612711759615
9246,64,157,3341,0.003227595214541857
9247,42,138,3341,0.003227595214541857
9248,14,16,3341,0.003227595214541857
9249,53,243,3340,0.0032266291579077532
9250,13,72,3340,0.0032266291579077532
9251,72,136,3339,0.003225663101273649
9252,51,239,3339,0.003225663101273649
9253,36,247,3339,0.003225663101273649
9254,62,159,3338,0.003224697044639545
9255,13,142,3338,0.003224697044639545
9256,49,192,3337,0.0032237309880054407
9257,30,253,3337,0.0032237309880054407
9258,4,226,3337,0.0032237309880054407
9259,26,77,3336,0.0032227649313713367
9260,23,68,3336,0.0032227649313713367
9261,10,58,3336,0.0032227649313713367
9262,5,46,3336,0.0032227649313713367
9263,45,182,3335,0.0032217988747372324
9264,37,14,3335,0.0032217988747372324
9265,31,171,3335,0.0032217988747372324
9266,69,203,3334,0.0032208328181031285
9267,59,75,3334,0.0032208328181031285
9268,56,156,3334,0.0032208328181031285
9269,46,73,3334,0.0032208328181031285
9270,45,206,3334,0.0032208328181031285
9271,59,241,3333,0.003219866761469024
9272,54,41,3333,0.003219866761469024
9273,52,53,3333,0.003219866761469024
9274,24,52,3333,0.003219866761469024
9275,7,12,3333,0.003219866761469024
9276,52,104,3332,0.0032189007048349203
9277,43,96,3332,0.0032189007048349203
9278,39,121,3332,0.0032189007048349203
9279,38,176,3332,0.0032189007048349203
9280,61,165,3331,0.003217934648200816
9281,53,112,3331,0.003217934648200816
9282,41,181,3331,0.003217934648200816
9283,7,134,3331,0.003217934648200816
9284,3,126,3331,0.003217934648200816
9285,35,69,3330,0.003216968591566712
9286,4,247,3330,0.003216968591566712
9287,46,48,3329,0.0032160025349326077
9288,30,176,3329,0.0032160025349326077
9289,59,128,3328,0.0032150364782985038
9290,47,89,3328,0.0032150364782985038
9291,10,108,3328,0.0032150364782985038
9292,5,108,3328,0.0032150364782985038
9293,30,145,3326,0.0032131043650302955
9294,29,168,3326,0.0032131043650302955
9295,55,209,3325,0.0032121383083961916
9296,42,6,3325,0.0032121383083961916
9297,36,44,3325,0.0032121383083961916
9298,28,167,3325,0.0032121383083961916
9299,23,18,3325,0.0032121383083961916
9300,9,216,3325,0.0032121383083961916
9301,77,155,3324,0.0032111722517620873
9302,65,123,3324,0.0032111722517620873
9303,35,160,3324,0.0032111722517620873
9304,33,90,3324,0.0032111722517620873
9305,27,112,3324,0.0032111722517620873
9306,17,28,3324,0.0032111722517620873
9307,63,249,3323,0.0032102061951279834
9308,60,13,3323,0.0032102061951279834
9309,46,185,3323,0.0032102061951279834
9310,35,65,3323,0.0032102061951279834
9311,42,126,3322,0.003209240138493879
9312,28,104,3322,0.003209240138493879
9313,3,51,3322,0.003209240138493879
9314,43,138,3321,0.003208274081859775
9315,17,184,3321,0.003208274081859775
9316,6,153,3321,0.003208274081859775
9317,75,240,3320,0.003207308025225671
9318,33,108,3320,0.003207308025225671
9319,29,4,3320,0.003207308025225671
9320,9,218,3320,0.003207308025225671
9321,6,84,3320,0.003207308025225671
9322,5,225,3320,0.003207308025225671
9323,68,126,3319,0.003206341968591567
9324,31,66,3319,0.003206341968591567
9325,26,112,3319,0.003206341968591567
9326,4,8,3319,0.003206341968591567
9327,30,44,3318,0.0032053759119574626
9328,24,6,3318,0.0032053759119574626
9329,8,125,3318,0.0032053759119574626
9330,66,113,3317,0.0032044098553233587
9331,50,137,3317,0.0032044098553233587
9332,27,72,3317,0.0032044098553233587
9333,12,121,3317,0.0032044098553233587
9334,7,127,3316,0.0032034437986892543
9335,3,134,3316,0.0032034437986892543
9336,44,169,3315,0.0032024777420551504
9337,16,87,3315,0.0032024777420551504
9338,12,112,3315,0.0032024777420551504
9339,4,141,3315,0.0032024777420551504
9340,67,71,3314,0.003201511685421046
9341,8,214,3314,0.003201511685421046
9342,38,187,3313,0.003200545628786942
9343,29,73,3313,0.003200545628786942
9344,12,10,3313,0.003200545628786942
9345,57,163,3312,0.003199579572152838
9346,35,137,3312,0.003199579572152838
9347,30,134,3312,0.003199579572152838
9348,30,0,3312,0.003199579572152838
9349,25,61,3312,0.003199579572152838
9350,18,227,3312,0.003199579572152838
9351,12,13,3312,0.003199579572152838
9352,24,190,3311,0.003198613515518734
9353,13,6,3311,0.003198613515518734
9354,4,82,3311,0.003198613515518734
9355,67,59,3310,0.0031976474588846296
9356,63,96,3310,0.0031976474588846296
9357,53,90,3310,0.0031976474588846296
9358,51,183,3310,0.0031976474588846296
9359,40,222,3310,0.0031976474588846296
9360,38,102,3309,0.0031966814022505257
9361,24,50,3309,0.0031966814022505257
9362,46,187,3308,0.0031957153456164213
9363,46,72,3308,0.0031957153456164213
9364,24,54,3308,0.0031957153456164213
9365,11,140,3308,0.0031957153456164213
9366,7,211,3308,0.0031957153456164213
9367,63,175,3307,0.0031947492889823174
9368,60,73,3307,0.0031947492889823174
9369,58,53,3307,0.0031947492889823174
9370,19,94,3307,0.0031947492889823174
9371,12,199,3307,0.0031947492889823174
9372,8,108,3307,0.0031947492889823174
9373,7,156,3307,0.0031947492889823174
9374,5,254,3307,0.0031947492889823174
9375,28,217,3306,0.003193783232348213
9376,4,23,3306,0.003193783232348213
9377,15,252,3305,0.003192817175714109
9378,8,215,3305,0.003192817175714109
9379,33,135,3304,0.003191851119080005
9380,51,24,3303,0.003190885062445901
9381,49,180,3303,0.003190885062445901
9382,38,250,3303,0.003190885062445901
9383,23,17,3303,0.003190885062445901
9384,8,139,3303,0.003190885062445901
9385,55,114,3302,0.0031899190058117966
9386,34,75,3302,0.0031899190058117966
9387,26,93,3301,0.0031889529491776927
9388,11,247,3301,0.0031889529491776927
9389,3,180,3301,0.0031889529491776927
9390,39,20,3300,0.0031879868925435884
9391,25,11,3300,0.0031879868925435884
9392,20,102,3300,0.0031879868925435884
9393,59,132,3299,0.0031870208359094845
9394,13,97,3299,0.0031870208359094845
9395,7,231,3299,0.0031870208359094845
9396,6,145,3299,0.0031870208359094845
9397,74,130,3298,0.00318605477927538
9398,62,193,3298,0.00318605477927538
9399,28,129,3298,0.00318605477927538
9400,26,179,3298,0.00318605477927538
9401,19,78,3298,0.00318605477927538
9402,71,218,3297,0.0031850887226412762
9403,22,172,3297,0.0031850887226412762
9404,69,14,3296,0.003184122666007172
9405,68,70,3296,0.003184122666007172
9406,43,95,3294,0.0031821905527389636
9407,44,65,3293,0.0031812244961048597
9408,11,193,3293,0.0031812244961048597
9409,8,74,3293,0.0031812244961048597
9410,62,16,3292,0.0031802584394707554
9411,35,227,3292,0.0031802584394707554
9412,35,80,3292,0.0031802584394707554
9413,26,242,3292,0.0031802584394707554
9414,56,154,3291,0.0031792923828366515
9415,45,172,3291,0.0031792923828366515
9416,22,169,3291,0.0031792923828366515
9417,15,30,3291,0.0031792923828366515
9418,24,36,3290,0.003178326326202547
9419,53,192,3289,0.0031773602695684433
9420,53,21,3289,0.0031773602695684433
9421,34,80,3289,0.0031773602695684433
9422,24,224,3289,0.0031773602695684433
9423,19,113,3289,0.0031773602695684433
9424,73,160,3288,0.003176394212934339
9425,41,111,3288,0.003176394212934339
9426,24,196,3288,0.003176394212934339
9427,14,109,3288,0.003176394212934339
9428,6,64,3288,0.003176394212934339
9429,45,120,3287,0.003175428156300235
9430,34,102,3287,0.003175428156300235
9431,60,69,3286,0.0031744620996661307
9432,49,200,3286,0.0031744620996661307
9433,76,160,3285,0.0031734960430320268
9434,32,136,3285,0.0031734960430320268
9435,24,237,3285,0.0031734960430320268
9436,71,191,3284,0.0031725299863979224
9437,36,242,3284,0.0031725299863979224
9438,28,160,3284,0.0031725299863979224
9439,59,59,3283,0.0031715639297638185
9440,9,93,3283,0.0031715639297638185
9441,72,171,3282,0.003170597873129714
9442,54,49,3282,0.003170597873129714
9443,21,229,3282,0.003170597873129714
9444,3,135,3282,0.003170597873129714
9445,56,96,3281,0.0031696318164956103
9446,22,179,3281,0.0031696318164956103
9447,13,163,3281,0.0031696318164956103
9448,3,112,3281,0.0031696318164956103
9449,12,80,3280,0.003168665759861506
9450,4,187,3280,0.003168665759861506
9451,73,35,3279,0.003167699703227402
9452,34,195,3279,0.003167699703227402
9453,18,44,3279,0.003167699703227402
9454,6,108,3279,0.003167699703227402
9455,43,132,3278,0.0031667336465932977
9456,21,205,3278,0.0031667336465932977
9457,18,241,3278,0.0031667336465932977
9458,34,234,3277,0.003165767589959194
9459,20,162,3277,0.003165767589959194
9460,41,123,3276,0.0031648015333250895
9461,35,155,3276,0.0031648015333250895
9462,34,79,3276,0.0031648015333250895
9463,29,106,3276,0.0031648015333250895
9464,43,86,3275,0.0031638354766909856
9465,10,215,3275,0.0031638354766909856
9466,17,36,3274,0.003162869420056881
9467,62,212,3273,0.0031619033634227773
9468,28,39,3273,0.0031619033634227773
9469,57,197,3272,0.003160937306788673
9470,35,151,3272,0.003160937306788673
9471,27,159,3272,0.003160937306788673
9472,22,238,3272,0.003160937306788673
9473,8,163,3272,0.003160937306788673
9474,71,162,3270,0.0031590051935204647
9475,69,67,3270,0.0031590051935204647
9476,67,169,3270,0.0031590051935204647
9477,57,219,3270,0.0031590051935204647
9478,28,60,3270,0.0031590051935204647
9479,21,109,3270,0.0031590051935204647
9480,65,95,3269,0.003158039136886361
9481,44,236,3269,0.003158039136886361
9482,24,126,3269,0.003158039136886361
9483,24,8,3269,0.003158039136886361
9484,23,91,3269,0.003158039136886361
9485,11,154,3269,0.003158039136886361
9486,6,112,3269,0.003158039136886361
9487,73,212,3268,0.003157073080252257
9488,43,97,3268,0.003157073080252257
9489,41,101,3268,0.003157073080252257
9490,28,79,3268,0.003157073080252257
9491,16,94,3268,0.003157073080252257
9492,5,4,3268,0.003157073080252257
9493,54,48,3266,0.0031551409669840487
9494,52,40,3266,0.0031551409669840487
9495,46,15,3266,0.0031551409669840487
9496,42,46,3266,0.0031551409669840487
9497,73,153,3265,0.0031541749103499443
9498,50,52,3265,0.0031541749103499443
9499,3,214,3265,0.0031541749103499443
9500,76,38,3264,0.0031532088537158404
9501,71,250,3264,0.0031532088537158404
9502,10,240,3264,0.0031532088537158404
9503,75,10,3263,0.003152242797081736
9504,59,85,3263,0.003152242797081736
9505,58,3,3263,0.003152242797081736
9506,49,221,3263,0.003152242797081736
9507,20,185,3263,0.003152242797081736
9508,60,40,3262,0.003151276740447632
9509,25,111,3260,0.003149344627179424
9510,37,206,3259,0.0031483785705453196
9511,18,238,3259,0.0031483785705453196
9512,13,247,3258,0.0031474125139112157
9513,77,111,3257,0.0031464464572771114
9514,65,85,3257,0.0031464464572771114
9515,23,15,3257,0.0031464464572771114
9516,70,218,3256,0.0031454804006430075
9517,32,184,3256,0.0031454804006430075
9518,27,116,3256,0.0031454804006430075
9519,10,103,3256,0.0031454804006430075
9520,5,133,3256,0.0031454804006430075
9521,75,193,3255,0.003144514344008903
9522,54,106,3255,0.003144514344008903
9523,46,96,3255,0.003144514344008903
9524,18,239,3255,0.003144514344008903
9525,42,207,3254,0.0031435482873747992
9526,27,198,3254,0.0031435482873747992
9527,23,215,3254,0.0031435482873747992
9528,12,69,3254,0.0031435482873747992
9529,38,189,3253,0.003142582230740695
9530,28,61,3253,0.003142582230740695
9531,11,134,3253,0.003142582230740695
9532,3,105,3253,0.003142582230740695
9533,45,231,3252,0.003141616174106591
9534,41,250,3252,0.003141616174106591
9535,23,193,3252,0.003141616174106591
9536,13,130,3252,0.003141616174106591
9537,7,7,3252,0.003141616174106591
9538,25,38,3251,0.0031406501174724866
9539,17,20,3251,0.0031406501174724866
9540,16,205,3251,0.0031406501174724866
9541,16,152,3251,0.0031406501174724866
9542,73,7,3250,0.0031396840608383827
9543,50,15,3250,0.0031396840608383827
9544,36,117,3250,0.0031396840608383827
9545,66,159,3249,0.0031387180042042784
9546,55,104,3249,0.0031387180042042784
9547,20,106,3249,0.0031387180042042784
9548,13,234,3249,0.0031387180042042784
9549,7,95,3249,0.0031387180042042784
9550,3,217,3249,0.0031387180042042784
9551,44,54,3248,0.0031377519475701745
9552,35,1,3248,0.0031377519475701745
9553,17,188,3248,0.0031377519475701745
9554,5,136,3248,0.0031377519475701745
9555,65,184,3247,0.00313678589093607
9556,34,97,3247,0.00313678589093607
9557,42,204,3246,0.0031358198343019662
9558,37,47,3246,0.0031358198343019662
9559,22,222,3246,0.0031358198343019662
9560,18,200,3246,0.0031358198343019662
9561,5,68,3246,0.0031358198343019662
9562,70,118,3245,0.003134853777667862
9563,38,10,3245,0.003134853777667862
9564,32,247,3245,0.003134853777667862
9565,52,173,3244,0.003133887721033758
9566,44,1,3243,0.0031329216643996537
9567,27,231,3243,0.0031329216643996537
9568,40,108,3242,0.0031319556077655498
9569,3,15,3242,0.0031319556077655498
9570,7,60,3241,0.0031309895511314454
9571,4,110,3240,0.0031300234944973415
9572,75,55,3239,0.003129057437863237
9573,64,46,3239,0.003129057437863237
9574,43,231,3239,0.003129057437863237
9575,29,155,3239,0.003129057437863237
9576,4,47,3239,0.003129057437863237
9577,3,144,3239,0.003129057437863237
9578,14,239,3238,0.0031280913812291333
9579,7,218,3238,0.0031280913812291333
9580,73,215,3237,0.003127125324595029
9581,70,162,3237,0.003127125324595029
9582,56,187,3237,0.003127125324595029
9583,47,104,3237,0.003127125324595029
9584,13,3,3237,0.003127125324595029
9585,12,100,3237,0.003127125324595029
9586,7,52,3237,0.003127125324595029
9587,5,248,3237,0.003127125324595029
9588,74,23,3236,0.003126159267960925
9589,75,3,3235,0.0031251932113268207
9590,37,173,3235,0.0031251932113268207
9591,23,114,3235,0.0031251932113268207
9592,22,134,3235,0.0031251932113268207
9593,64,20,3233,0.0031232610980586125
9594,60,11,3233,0.0031232610980586125
9595,35,106,3233,0.0031232610980586125
9596,31,70,3233,0.0031232610980586125
9597,72,113,3232,0.0031222950414245085
9598,19,49,3232,0.0031222950414245085
9599,12,37,3232,0.0031222950414245085
9600,10,242,3232,0.0031222950414245085
9601,53,29,3231,0.003121328984790404
9602,38,170,3231,0.003121328984790404
9603,27,158,3231,0.003121328984790404
9604,65,28,3230,0.0031203629281563003
9605,56,76,3230,0.0031203629281563003
9606,47,144,3230,0.0031203629281563003
9607,5,65,3230,0.0031203629281563003
9608,36,235,3229,0.003119396871522196
9609,16,1,3229,0.003119396871522196
9610,77,173,3228,0.003118430814888092
9611,56,122,3228,0.003118430814888092
9612,51,60,3228,0.003118430814888092
9613,46,9,3228,0.003118430814888092
9614,31,56,3228,0.003118430814888092
9615,9,193,3228,0.003118430814888092
9616,9,195,3227,0.0031174647582539877
9617,71,210,3226,0.003116498701619884
9618,39,71,3226,0.003116498701619884
9619,37,226,3226,0.003116498701619884
9620,26,105,3226,0.003116498701619884
9621,12,176,3226,0.003116498701619884
9622,24,163,3225,0.0031155326449857795
9623,56,52,3224,0.0031145665883516756
9624,38,26,3224,0.0031145665883516756
9625,37,24,3224,0.0031145665883516756
9626,3,140,3224,0.0031145665883516756
9627,57,79,3223,0.0031136005317175712
9628,44,103,3223,0.0031136005317175712
9629,30,158,3223,0.0031136005317175712
9630,77,140,3222,0.0031126344750834673
9631,39,207,3222,0.0031126344750834673
9632,68,121,3221,0.003111668418449363
9633,67,97,3221,0.003111668418449363
9634,63,150,3221,0.003111668418449363
9635,43,222,3221,0.003111668418449363
9636,42,189,3221,0.003111668418449363
9637,40,57,3221,0.003111668418449363
9638,31,19,3221,0.003111668418449363
9639,11,231,3221,0.003111668418449363
9640,6,178,3221,0.003111668418449363
9641,47,10,3220,0.003110702361815259
9642,30,4,3220,0.003110702361815259
9643,24,83,3220,0.003110702361815259
9644,64,186,3219,0.0031097363051811548
9645,51,210,3219,0.0031097363051811548
9646,46,97,3219,0.0031097363051811548
9647,43,213,3219,0.0031097363051811548
9648,25,137,3219,0.0031097363051811548
9649,24,213,3219,0.0031097363051811548
9650,64,249,3218,0.003108770248547051
9651,15,132,3218,0.003108770248547051
9652,13,36,3218,0.003108770248547051
9653,9,42,3218,0.003108770248547051
9654,76,84,3217,0.0031078041919129465
9655,71,173,3217,0.0031078041919129465
9656,70,83,3217,0.0031078041919129465
9657,49,178,3217,0.0031078041919129465
9658,26,168,3217,0.0031078041919129465
9659,42,4,3216,0.0031068381352788426
9660,10,121,3216,0.0031068381352788426
9661,8,100,3216,0.0031068381352788426
9662,62,229,3215,0.0031058720786447383
9663,5,34,3215,0.0031058720786447383
9664,58,44,3214,0.0031049060220106344
9665,7,166,3214,0.0031049060220106344
9666,75,80,3213,0.00310393996537653
9667,67,17,3213,0.00310393996537653
9668,67,13,3213,0.00310393996537653
9669,55,123,3213,0.00310393996537653
9670,20,7,3213,0.00310393996537653
9671,75,221,3212,0.003102973908742426
9672,48,72,3212,0.003102973908742426
9673,11,201,3212,0.003102973908742426
9674,66,180,3211,0.003102007852108322
9675,57,67,3211,0.003102007852108322
9676,29,41,3211,0.003102007852108322
9677,6,236,3211,0.003102007852108322
9678,6,49,3211,0.003102007852108322
9679,4,93,3211,0.003102007852108322
9680,71,34,3210,0.003101041795474218
9681,59,173,3210,0.003101041795474218
9682,37,233,3210,0.003101041795474218
9683,26,58,3210,0.003101041795474218
9684,64,193,3209,0.003100075738840114
9685,62,223,3209,0.003100075738840114
9686,59,229,3209,0.003100075738840114
9687,53,180,3209,0.003100075738840114
9688,15,121,3209,0.003100075738840114
9689,47,254,3208,0.0030991096822060096
9690,28,90,3208,0.0030991096822060096
9691,18,125,3208,0.0030991096822060096
9692,27,104,3207,0.0030981436255719057
9693,17,42,3207,0.0030981436255719057
9694,73,184,3206,0.0030971775689378014
9695,60,136,3206,0.0030971775689378014
9696,20,92,3206,0.0030971775689378014
9697,13,8,3205,0.0030962115123036975
9698,12,195,3205,0.0030962115123036975
9699,72,89,3204,0.003095245455669593
9700,59,106,3204,0.003095245455669593
9701,42,74,3204,0.003095245455669593
9702,26,3,3204,0.003095245455669593
9703,6,115,3204,0.003095245455669593
9704,73,148,3203,0.0030942793990354892
9705,33,153,3203,0.0030942793990354892
9706,18,18,3203,0.0030942793990354892
9707,8,17,3203,0.0030942793990354892
9708,3,182,3203,0.0030942793990354892
9709,34,198,3202,0.003093313342401385
9710,33,44,3202,0.003093313342401385
9711,19,43,3202,0.003093313342401385
9712,13,131,3201,0.003092347285767281
9713,73,217,3200,0.0030913812291331767
9714,49,93,3200,0.0030913812291331767
9715,23,134,3200,0.0030913812291331767
9716,18,160,3200,0.0030913812291331767
9717,9,32,3200,0.0030913812291331767
9718,7,26,3200,0.0030913812291331767
9719,50,22,3199,0.0030904151724990728
9720,24,215,3199,0.0030904151724990728
9721,8,40,3199,0.0030904151724990728
9722,7,4,3199,0.0030904151724990728
9723,41,69,3198,0.0030894491158649684
9724,17,209,3198,0.0030894491158649684
9725,56,56,3197,0.0030884830592308645
9726,36,82,3197,0.0030884830592308645
9727,33,12,3197,0.0030884830592308645
9728,74,249,3196,0.00308751700259676
9729,57,238,3196,0.00308751700259676
9730,50,77,3196,0.00308751700259676
9731,14,84,3196,0.00308751700259676
9732,76,91,3195,0.0030865509459626563
9733,11,35,3195,0.0030865509459626563
9734,61,225,3194,0.003085584889328552
9735,36,197,3194,0.003085584889328552
9736,19,158,3194,0.003085584889328552
9737,17,77,3194,0.003085584889328552
9738,5,241,3194,0.003085584889328552
9739,72,128,3193,0.003084618832694448
9740,71,101,3193,0.003084618832694448
9741,52,49,3193,0.003084618832694448
9742,44,213,3193,0.003084618832694448
9743,37,237,3193,0.003084618832694448
9744,24,229,3192,0.0030836527760603437
9745,18,0,3192,0.0030836527760603437
9746,9,78,3192,0.0030836527760603437
9747,59,19,3191,0.0030826867194262398
9748,56,208,3191,0.0030826867194262398
9749,44,210,3191,0.0030826867194262398
9750,4,239,3191,0.0030826867194262398
9751,3,34,3191,0.0030826867194262398
9752,20,178,3190,0.0030817206627921354
9753,13,19,3190,0.0030817206627921354
9754,22,60,3189,0.0030807546061580315
9755,13,136,3189,0.0030807546061580315
9756,70,147,3188,0.003079788549523927
9757,30,8,3188,0.003079788549523927
9758,9,138,3188,0.003079788549523927
9759,70,30,3187,0.0030788224928898233
9760,54,142,3187,0.0030788224928898233
9761,54,16,3187,0.0030788224928898233
9762,47,186,3187,0.0030788224928898233
9763,68,22,3186,0.003077856436255719
9764,46,214,3186,0.003077856436255719
9765,6,194,3186,0.003077856436255719
9766,66,248,3185,0.003076890379621615
9767,52,110,3185,0.003076890379621615
9768,19,234,3185,0.003076890379621615
9769,10,176,3185,0.003076890379621615
9770,18,138,3184,0.0030759243229875107
9771,13,96,3184,0.0030759243229875107
9772,34,73,3183,0.003074958266353407
9773,25,228,3183,0.003074958266353407
9774,25,206,3183,0.003074958266353407
9775,22,231,3183,0.003074958266353407
9776,17,85,3183,0.003074958266353407
9777,7,167,3183,0.003074958266353407
9778,66,164,3182,0.0030739922097193025
9779,48,34,3182,0.0030739922097193025
9780,13,47,3182,0.0030739922097193025
9781,6,7,3182,0.0030739922097193025
9782,49,251,3181,0.0030730261530851986
9783,47,198,3181,0.0030730261530851986
9784,36,220,3181,0.0030730261530851986
9785,35,43,3181,0.0030730261530851986
9786,16,235,3181,0.0030730261530851986
9787,8,82,3181,0.0030730261530851986
9788,3,57,3181,0.0030730261530851986
9789,65,168,3180,0.0030720600964510942
9790,63,98,3180,0.0030720600964510942
9791,51,80,3180,0.0030720600964510942
9792,77,246,3179,0.0030710940398169903
9793,76,188,3178,0.003070127983182886
9794,70,22,3178,0.003070127983182886
9795,65,120,3178,0.003070127983182886
9796,55,186,3178,0.003070127983182886
9797,27,234,3178,0.003070127983182886
9798,13,199,3178,0.003070127983182886
9799,35,9,3177,0.003069161926548782
9800,17,2,3177,0.003069161926548782
9801,75,209,3176,0.0030681958699146777
9802,64,23,3176,0.0030681958699146777
9803,47,135,3175,0.003067229813280574
9804,39,75,3175,0.003067229813280574
9805,37,178,3175,0.003067229813280574
9806,8,135,3175,0.003067229813280574
9807,77,75,3174,0.0030662637566464695
9808,10,211,3174,0.0030662637566464695
9809,75,253,3173,0.0030652977000123656
9810,72,208,3173,0.0030652977000123656
9811,34,140,3173,0.0030652977000123656
9812,45,197,3171,0.0030633655867441574
9813,24,42,3171,0.0030633655867441574
9814,13,246,3171,0.0030633655867441574
9815,9,135,3171,0.0030633655867441574
9816,75,61,3170,0.003062399530110053
9817,33,83,3170,0.003062399530110053
9818,9,165,3170,0.003062399530110053
9819,52,34,3169,0.003061433473475949
9820,38,243,3169,0.003061433473475949
9821,6,132,3169,0.003061433473475949
9822,17,57,3167,0.003059501360207741
9823,56,99,3166,0.0030585353035736365
9824,13,117,3166,0.0030585353035736365
9825,6,102,3166,0.0030585353035736365
9826,74,87,3165,0.0030575692469395326
9827,71,194,3165,0.0030575692469395326
9828,16,207,3165,0.0030575692469395326
9829,33,16,3164,0.0030566031903054283
9830,28,220,3164,0.0030566031903054283
9831,26,120,3164,0.0030566031903054283
9832,23,103,3164,0.0030566031903054283
9833,17,127,3164,0.0030566031903054283
9834,17,73,3164,0.0030566031903054283
9835,44,44,3163,0.0030556371336713244
9836,28,42,3163,0.0030556371336713244
9837,6,241,3162,0.00305467107703722
9838,46,111,3161,0.003053705020403116
9839,37,58,3161,0.003053705020403116
9840,76,122,3160,0.003052738963769012
9841,62,111,3160,0.003052738963769012
9842,64,136,3159,0.003051772907134908
9843,53,157,3159,0.003051772907134908
9844,35,147,3159,0.003051772907134908
9845,65,239,3158,0.0030508068505008036
9846,57,111,3158,0.0030508068505008036
9847,46,10,3158,0.0030508068505008036
9848,37,113,3158,0.0030508068505008036
9849,26,118,3158,0.0030508068505008036
9850,15,26,3158,0.0030508068505008036
9851,71,229,3157,0.0030498407938666997
9852,43,48,3157,0.0030498407938666997
9853,42,167,3157,0.0030498407938666997
9854,23,176,3157,0.0030498407938666997
9855,9,68,3157,0.0030498407938666997
9856,6,119,3157,0.0030498407938666997
9857,69,118,3156,0.0030488747372325953
9858,37,125,3156,0.0030488747372325953
9859,20,182,3156,0.0030488747372325953
9860,10,218,3156,0.0030488747372325953
9861,66,147,3155,0.0030479086805984914
9862,30,88,3155,0.0030479086805984914
9863,19,136,3155,0.0030479086805984914
9864,14,85,3155,0.0030479086805984914
9865,6,147,3155,0.0030479086805984914
9866,63,53,3154,0.0030469426239643875
9867,43,190,3154,0.0030469426239643875
9868,37,78,3154,0.0030469426239643875
9869,33,253,3154,0.0030469426239643875
9870,61,116,3153,0.003045976567330283
9871,40,85,3153,0.003045976567330283
9872,39,198,3153,0.003045976567330283
9873,35,209,3153,0.003045976567330283
9874,33,118,3153,0.003045976567330283
9875,23,240,3153,0.003045976567330283
9876,11,107,3153,0.003045976567330283
9877,10,115,3153,0.003045976567330283
9878,67,224,3152,0.0030450105106961793
9879,43,72,3152,0.0030450105106961793
9880,34,222,3152,0.0030450105106961793
9881,34,196,3152,0.0030450105106961793
9882,25,124,3152,0.0030450105106961793
9883,58,197,3151,0.003044044454062075
9884,36,143,3151,0.003044044454062075
9885,3,133,3151,0.003044044454062075
9886,8,161,3150,0.003043078397427971
9887,3,145,3150,0.003043078397427971
9888,65,160,3149,0.0030421123407938667
9889,50,49,3149,0.0030421123407938667
9890,30,210,3149,0.0030421123407938667
9891,29,93,3149,0.0030421123407938667
9892,19,63,3149,0.0030421123407938667
9893,4,116,3149,0.0030421123407938667
9894,69,131,3148,0.0030411462841597628
9895,53,85,3148,0.0030411462841597628
9896,53,9,3147,0.0030401802275256584
9897,11,143,3147,0.0030401802275256584
9898,3,13,3147,0.0030401802275256584
9899,71,152,3146,0.0030392141708915545
9900,68,61,3146,0.0030392141708915545
9901,62,178,3146,0.0030392141708915545
9902,57,150,3146,0.0030392141708915545
9903,30,106,3146,0.0030392141708915545
9904,23,181,3146,0.0030392141708915545
9905,11,165,3146,0.0030392141708915545
9906,39,179,3145,0.00303824811425745
9907,14,118,3145,0.00303824811425745
9908,66,247,3144,0.0030372820576233463
9909,74,69,3143,0.003036316000989242
9910,70,28,3143,0.003036316000989242
9911,18,6,3142,0.003035349944355138
9912,71,68,3141,0.0030343838877210337
9913,63,154,3141,0.0030343838877210337
9914,26,203,3141,0.0030343838877210337
9915,44,127,3139,0.0030324517744528255
9916,53,188,3138,0.0030314857178187216
9917,43,46,3138,0.0030314857178187216
9918,25,146,3138,0.0030314857178187216
9919,12,35,3138,0.0030314857178187216
9920,60,50,3136,0.0030295536045505133
9921,46,118,3136,0.0030295536045505133
9922,60,177,3135,0.003028587547916409
9923,41,208,3135,0.003028587547916409
9924,21,10,3135,0.003028587547916409
9925,12,213,3135,0.003028587547916409
9926,5,206,3135,0.003028587547916409
9927,3,45,3135,0.003028587547916409
9928,74,171,3134,0.003027621491282305
9929,57,139,3134,0.003027621491282305
9930,7,9,3134,0.003027621491282305
9931,60,143,3133,0.0030266554346482007
9932,35,36,3133,0.0030266554346482007
9933,63,146,3132,0.003025689378014097
9934,42,170,3132,0.003025689378014097
9935,5,207,3131,0.0030247233213799925
9936,9,20,3130,0.0030237572647458886
9937,5,231,3130,0.0030237572647458886
9938,77,86,3129,0.0030227912081117842
9939,59,68,3129,0.0030227912081117842
9940,40,122,3129,0.0030227912081117842
9941,18,112,3128,0.0030218251514776803
9942,7,110,3128,0.0030218251514776803
9943,61,125,3127,0.003020859094843576
9944,53,127,3127,0.003020859094843576
9945,35,104,3127,0.003020859094843576
9946,25,176,3127,0.003020859094843576
9947,19,88,3127,0.003020859094843576
9948,11,12,3127,0.003020859094843576
9949,64,45,3126,0.003019893038209472
9950,59,108,3126,0.003019893038209472
9951,28,89,3125,0.0030189269815753678
9952,63,72,3124,0.003017960924941264
9953,60,93,3124,0.003017960924941264
9954,54,21,3124,0.003017960924941264
9955,62,43,3123,0.0030169948683071595
9956,56,199,3123,0.0030169948683071595
9957,42,22,3123,0.0030169948683071595
9958,37,97,3123,0.0030169948683071595
9959,17,210,3123,0.0030169948683071595
9960,69,179,3122,0.0030160288116730556
9961,47,116,3122,0.0030160288116730556
9962,26,131,3122,0.0030160288116730556
9963,4,166,3122,0.0030160288116730556
9964,53,22,3121,0.0030150627550389513
9965,36,168,3121,0.0030150627550389513
9966,36,136,3121,0.0030150627550389513
9967,19,28,3121,0.0030150627550389513
9968,7,91,3121,0.0030150627550389513
9969,4,222,3121,0.0030150627550389513
9970,77,93,3119,0.003013130641770743
9971,48,234,3119,0.003013130641770743
9972,41,229,3119,0.003013130641770743
9973,26,82,3119,0.003013130641770743
9974,9,208,3119,0.003013130641770743
9975,6,164,3119,0.003013130641770743
9976,5,95,3119,0.003013130641770743
9977,70,50,3118,0.003012164585136639
9978,45,38,3118,0.003012164585136639
9979,13,123,3118,0.003012164585136639
9980,12,7,3118,0.003012164585136639
9981,4,102,3118,0.003012164585136639
9982,59,21,3117,0.003011198528502535
9983,36,196,3117,0.003011198528502535
9984,60,238,3116,0.003010232471868431
9985,36,156,3116,0.003010232471868431
9986,10,86,3116,0.003010232471868431
9987,45,113,3115,0.0030092664152343265
9988,15,134,3115,0.0030092664152343265
9989,76,211,3114,0.0030083003586002226
9990,51,215,3114,0.0030083003586002226
9991,49,28,3114,0.0030083003586002226
9992,24,139,3114,0.0030083003586002226
9993,15,79,3114,0.0030083003586002226
9994,13,106,3114,0.0030083003586002226
9995,65,45,3113,0.0030073343019661183
9996,3,75,3113,0.0030073343019661183
9997,30,38,3112,0.0030063682453320144
9998,14,53,3112,0.0030063682453320144
9999,12,75,3112,0.0030063682453320144
10000,7,249,3112,0.0030063682453320144
10001,60,185,3111,0.00300540218869791
10002,38,210,3111,0.00300540218869791
10003,29,188,3111,0.00300540218869791
10004,16,127,3111,0.00300540218869791
10005,14,186,3111,0.00300540218869791
10006,6,85,3111,0.00300540218869791
10007,42,161,3110,0.003004436132063806
10008,41,130,3110,0.003004436132063806
10009,33,244,3110,0.003004436132063806
10010,50,164,3109,0.003003470075429702
10011,26,61,3109,0.003003470075429702
10012,76,244,3108,0.003002504018795598
10013,67,90,3108,0.003002504018795598
10014,55,29,3108,0.003002504018795598
10015,4,251,3108,0.003002504018795598
10016,70,194,3107,0.0030015379621614936
10017,63,90,3107,0.0030015379621614936
10018,57,255,3107,0.0030015379621614936
10019,24,227,3106,0.0030005719055273897
10020,12,237,3106,0.0030005719055273897
10021,9,51,3106,0.0030005719055273897
10022,13,223,3105,0.0029996058488932853
10023,10,199,3105,0.0029996058488932853
10024,47,18,3104,0.0029986397922591814
10025,39,32,3104,0.0029986397922591814
10026,26,106,3104,0.0029986397922591814
10027,61,146,3103,0.002997673735625077
10028,76,166,3102,0.002996707678990973
10029,71,14,3102,0.002996707678990973
10030,36,134,3102,0.002996707678990973
10031,35,125,3102,0.002996707678990973
10032,22,141,3102,0.002996707678990973
10033,70,200,3101,0.002995741622356869
10034,52,94,3101,0.002995741622356869
10035,51,72,3101,0.002995741622356869
10036,39,100,3101,0.002995741622356869
10037,3,76,3100,0.002994775565722765
10038,37,202,3099,0.0029938095090886606
10039,75,2,3098,0.0029928434524545567
10040,76,103,3097,0.002991877395820453
10041,49,203,3097,0.002991877395820453
10042,48,210,3097,0.002991877395820453
10043,7,116,3097,0.002991877395820453
10044,4,10,3097,0.002991877395820453
10045,77,65,3096,0.0029909113391863485
10046,51,123,3096,0.0029909113391863485
10047,71,217,3095,0.0029899452825522446
10048,55,235,3095,0.0029899452825522446
10049,40,123,3095,0.0029899452825522446
10050,62,230,3094,0.00298897922591814
10051,62,55,3094,0.00298897922591814
10052,51,32,3094,0.00298897922591814
10053,24,67,3094,0.00298897922591814
10054,7,154,3094,0.00298897922591814
10055,48,254,3093,0.0029880131692840363
10056,21,156,3093,0.0029880131692840363
10057,11,123,3093,0.0029880131692840363
10058,69,94,3092,0.002987047112649932
10059,36,110,3092,0.002987047112649932
10060,33,72,3092,0.002987047112649932
10061,31,176,3092,0.002987047112649932
10062,6,106,3092,0.002987047112649932
10063,56,123,3091,0.002986081056015828
10064,45,156,3091,0.002986081056015828
10065,28,14,3091,0.002986081056015828
10066,60,218,3090,0.0029851149993817237
10067,38,92,3090,0.0029851149993817237
10068,33,164,3090,0.0029851149993817237
10069,13,34,3090,0.0029851149993817237
10070,72,178,3089,0.00298414894274762
10071,63,70,3089,0.00298414894274762
10072,44,53,3089,0.00298414894274762
10073,35,140,3089,0.00298414894274762
10074,25,198,3089,0.00298414894274762
10075,21,240,3089,0.00298414894274762
10076,20,116,3089,0.00298414894274762
10077,9,175,3089,0.00298414894274762
10078,68,66,3088,0.0029831828861135155
10079,62,29,3087,0.0029822168294794116
10080,57,94,3087,0.0029822168294794116
10081,33,97,3087,0.0029822168294794116
10082,26,149,3087,0.0029822168294794116
10083,19,35,3087,0.0029822168294794116
10084,10,138,3087,0.0029822168294794116
10085,36,41,3086,0.0029812507728453072
10086,20,21,3086,0.0029812507728453072
10087,9,6,3086,0.0029812507728453072
10088,8,25,3086,0.0029812507728453072
10089,73,169,3085,0.0029802847162112033
10090,65,70,3085,0.0029802847162112033
10091,63,221,3085,0.0029802847162112033
10092,61,29,3085,0.0029802847162112033
10093,25,160,3084,0.002979318659577099
10094,24,242,3084,0.002979318659577099
10095,22,11,3084,0.002979318659577099
10096,14,180,3084,0.002979318659577099
10097,8,5,3084,0.002979318659577099
10098,7,216,3084,0.002979318659577099
10099,56,159,3083,0.002978352602942995
10100,24,63,3083,0.002978352602942995
10101,17,63,3083,0.002978352602942995
10102,5,198,3083,0.002978352602942995
10103,67,232,3082,0.0029773865463088908
10104,56,226,3082,0.0029773865463088908
10105,34,155,3082,0.0029773865463088908
10106,13,88,3082,0.0029773865463088908
10107,7,18,3082,0.0029773865463088908
10108,52,93,3081,0.002976420489674787
10109,32,207,3081,0.002976420489674787
10110,77,123,3080,0.0029754544330406825
10111,65,176,3080,0.0029754544330406825
10112,58,62,3080,0.0029754544330406825
10113,64,140,3079,0.0029744883764065786
10114,51,146,3079,0.0029744883764065786
10115,42,41,3079,0.0029744883764065786
10116,38,227,3079,0.0029744883764065786
10117,12,107,3079,0.0029744883764065786
10118,8,65,3079,0.0029744883764065786
10119,32,52,3078,0.0029735223197724743
10120,26,231,3078,0.0029735223197724743
10121,26,41,3078,0.0029735223197724743
10122,22,253,3078,0.0029735223197724743
10123,48,40,3077,0.0029725562631383704
10124,40,48,3077,0.0029725562631383704
10125,30,24,3077,0.0029725562631383704
10126,26,172,3077,0.0029725562631383704
10127,9,180,3077,0.0029725562631383704
10128,6,77,3077,0.0029725562631383704
10129,47,141,3076,0.002971590206504266
10130,36,233,3076,0.002971590206504266
10131,48,10,3075,0.002970624149870162
10132,39,126,3075,0.002970624149870162
10133,68,84,3074,0.0029696580932360578
10134,67,250,3074,0.0029696580932360578
10135,66,165,3074,0.0029696580932360578
10136,11,251,3074,0.0029696580932360578
10137,8,245,3074,0.0029696580932360578
10138,43,77,3073,0.002968692036601954
10139,41,128,3073,0.002968692036601954
10140,40,87,3073,0.002968692036601954
10141,35,20,3073,0.002968692036601954
10142,18,213,3073,0.002968692036601954
10143,11,93,3072,0.0029677259799678495
10144,74,112,3071,0.0029667599233337456
10145,64,66,3071,0.0029667599233337456
10146,42,94,3071,0.0029667599233337456
10147,41,178,3071,0.0029667599233337456
10148,23,7,3071,0.0029667599233337456
10149,11,47,3071,0.0029667599233337456
10150,28,140,3070,0.0029657938666996413
10151,22,158,3070,0.0029657938666996413
10152,18,211,3070,0.0029657938666996413
10153,49,91,3069,0.0029648278100655374
10154,28,44,3069,0.0029648278100655374
10155,16,246,3069,0.0029648278100655374
10156,5,227,3069,0.0029648278100655374
10157,54,167,3068,0.002963861753431433
10158,24,214,3068,0.002963861753431433
10159,26,25,3067,0.002962895696797329
10160,3,221,3067,0.002962895696797329
10161,11,56,3066,0.002961929640163225
10162,6,193,3066,0.002961929640163225
10163,71,15,3065,0.002960963583529121
10164,40,149,3065,0.002960963583529121
10165,19,244,3065,0.002960963583529121
10166,10,36,3065,0.002960963583529121
10167,73,177,3064,0.0029599975268950166
10168,46,239,3064,0.0029599975268950166
10169,22,68,3064,0.0029599975268950166
10170,5,79,3064,0.0029599975268950166
10171,27,101,3063,0.0029590314702609127
10172,50,56,3062,0.0029580654136268083
10173,16,199,3062,0.0029580654136268083
10174,10,208,3062,0.0029580654136268083
10175,7,155,3062,0.0029580654136268083
10176,6,171,3062,0.0029580654136268083
10177,5,255,3062,0.0029580654136268083
10178,4,90,3062,0.0029580654136268083
10179,77,64,3061,0.0029570993569927044
10180,64,155,3061,0.0029570993569927044
10181,47,112,3061,0.0029570993569927044
10182,10,74,3061,0.0029570993569927044
10183,10,38,3060,0.0029561333003586
10184,51,110,3059,0.002955167243724496
10185,11,129,3059,0.002955167243724496
10186,3,16,3059,0.002955167243724496
10187,61,81,3058,0.002954201187090392
10188,56,13,3058,0.002954201187090392
10189,45,6,3058,0.002954201187090392
10190,17,170,3058,0.002954201187090392
10191,7,5,3058,0.002954201187090392
10192,5,163,3058,0.002954201187090392
10193,70,61,3057,0.002953235130456288
10194,70,1,3057,0.002953235130456288
10195,53,187,3057,0.002953235130456288
10196,51,199,3057,0.002953235130456288
10197,40,126,3057,0.002953235130456288
10198,18,115,3057,0.002953235130456288
10199,8,222,3057,0.002953235130456288
10200,63,88,3056,0.0029522690738221836
10201,43,159,3056,0.0029522690738221836
10202,46,22,3055,0.0029513030171880797
10203,12,126,3055,0.0029513030171880797
10204,54,39,3054,0.0029503369605539754
10205,33,38,3054,0.0029503369605539754
10206,8,67,3054,0.0029503369605539754
10207,5,219,3054,0.0029503369605539754
10208,25,174,3053,0.0029493709039198714
10209,4,33,3053,0.0029493709039198714
10210,58,11,3052,0.002948404847285767
10211,52,150,3050,0.002946472734017559
10212,25,19,3050,0.002946472734017559
10213,7,27,3050,0.002946472734017559
10214,77,108,3049,0.002945506677383455
10215,59,56,3049,0.002945506677383455
10216,50,170,3049,0.002945506677383455
10217,33,67,3049,0.002945506677383455
10218,13,81,3049,0.002945506677383455
10219,7,121,3049,0.002945506677383455
10220,64,91,3048,0.0029445406207493506
10221,59,248,3048,0.0029445406207493506
10222,45,34,3048,0.0029445406207493506
10223,33,188,3048,0.0029445406207493506
10224,11,118,3048,0.0029445406207493506
10225,33,1,3047,0.0029435745641152467
10226,29,82,3047,0.0029435745641152467
10227,26,239,3047,0.0029435745641152467
10228,4,78,3047,0.0029435745641152467
10229,13,189,3046,0.0029426085074811424
10230,62,251,3045,0.0029416424508470385
10231,62,169,3045,0.0029416424508470385
10232,39,231,3045,0.0029416424508470385
10233,24,77,3045,0.0029416424508470385
10234,75,109,3044,0.002940676394212934
10235,50,96,3044,0.002940676394212934
10236,26,245,3044,0.002940676394212934
10237,6,104,3044,0.002940676394212934
10238,57,51,3043,0.0029397103375788302
10239,56,129,3043,0.0029397103375788302
10240,17,158,3043,0.0029397103375788302
10241,4,177,3043,0.0029397103375788302
10242,3,177,3043,0.0029397103375788302
10243,31,243,3042,0.002938744280944726
10244,30,52,3042,0.002938744280944726
10245,7,87,3042,0.002938744280944726
10246,5,123,3042,0.002938744280944726
10247,28,80,3041,0.002937778224310622
10248,21,231,3041,0.002937778224310622
10249,6,12,3041,0.002937778224310622
10250,69,39,3040,0.0029368121676765177
10251,59,50,3040,0.0029368121676765177
10252,29,184,3040,0.0029368121676765177
10253,28,236,3040,0.0029368121676765177
10254,4,42,3040,0.0029368121676765177
10255,70,81,3039,0.0029358461110424137
10256,60,90,3039,0.0029358461110424137
10257,13,168,3039,0.0029358461110424137
10258,69,66,3038,0.00293488005440831
10259,49,161,3038,0.00293488005440831
10260,11,32,3038,0.00293488005440831
10261,4,215,3038,0.00293488005440831
10262,76,42,3037,0.0029339139977742055
10263,63,95,3037,0.0029339139977742055
10264,73,123,3036,0.0029329479411401016
10265,13,167,3036,0.0029329479411401016
10266,75,48,3035,0.0029319818845059973
10267,62,53,3035,0.0029319818845059973
10268,61,129,3035,0.0029319818845059973
10269,29,86,3035,0.0029319818845059973
10270,24,136,3035,0.0029319818845059973
10271,22,13,3035,0.0029319818845059973
10272,59,80,3034,0.0029310158278718934
10273,43,15,3034,0.0029310158278718934
10274,41,185,3034,0.0029310158278718934
10275,39,95,3034,0.0029310158278718934
10276,18,9,3033,0.002930049771237789
10277,14,46,3033,0.002930049771237789
10278,4,138,3033,0.002930049771237789
10279,18,19,3032,0.002929083714603685
10280,3,116,3032,0.002929083714603685
10281,75,174,3031,0.0029281176579695808
10282,36,107,3031,0.0029281176579695808
10283,9,119,3031,0.0029281176579695808
10284,76,153,3030,0.002927151601335477
10285,41,58,3030,0.002927151601335477
10286,31,10,3030,0.002927151601335477
10287,30,23,3030,0.002927151601335477
10288,66,54,3029,0.0029261855447013725
10289,27,174,3029,0.0029261855447013725
10290,19,148,3029,0.0029261855447013725
10291,3,89,3029,0.0029261855447013725
10292,52,44,3028,0.0029252194880672686
10293,67,92,3027,0.0029242534314331643
10294,52,111,3027,0.0029242534314331643
10295,19,215,3026,0.0029232873747990604
10296,30,118,3025,0.002922321318164956
10297,29,130,3025,0.002922321318164956
10298,77,150,3024,0.002921355261530852
10299,59,174,3024,0.002921355261530852
10300,27,111,3024,0.002921355261530852
10301,25,84,3024,0.002921355261530852
10302,24,46,3024,0.002921355261530852
10303,16,98,3024,0.002921355261530852
10304,68,4,3023,0.002920389204896748
10305,56,37,3023,0.002920389204896748
10306,7,174,3023,0.002920389204896748
10307,4,165,3023,0.002920389204896748
10308,26,72,3022,0.002919423148262644
10309,76,253,3021,0.0029184570916285396
10310,57,22,3021,0.0029184570916285396
10311,46,93,3021,0.0029184570916285396
10312,37,64,3021,0.0029184570916285396
10313,11,121,3021,0.0029184570916285396
10314,47,134,3020,0.0029174910349944357
10315,44,134,3020,0.0029174910349944357
10316,28,215,3020,0.0029174910349944357
10317,27,125,3020,0.0029174910349944357
10318,77,223,3019,0.0029165249783603313
10319,74,83,3019,0.0029165249783603313
10320,41,98,3019,0.0029165249783603313
10321,34,35,3019,0.0029165249783603313
10322,25,180,3019,0.0029165249783603313
10323,77,114,3018,0.0029155589217262274
10324,74,5,3018,0.0029155589217262274
10325,62,154,3018,0.0029155589217262274
10326,49,85,3018,0.0029155589217262274
10327,39,150,3018,0.0029155589217262274
10328,33,24,3018,0.0029155589217262274
10329,14,160,3018,0.0029155589217262274
10330,8,200,3018,0.0029155589217262274
10331,4,29,3018,0.0029155589217262274
10332,63,83,3017,0.002914592865092123
10333,42,238,3017,0.002914592865092123
10334,13,124,3017,0.002914592865092123
10335,11,236,3017,0.002914592865092123
10336,65,218,3016,0.002913626808458019
10337,58,170,3016,0.002913626808458019
10338,22,230,3016,0.002913626808458019
10339,12,3,3016,0.002913626808458019
10340,11,61,3016,0.002913626808458019
10341,8,211,3016,0.002913626808458019
10342,6,98,3016,0.002913626808458019
10343,77,88,3015,0.002912660751823915
10344,76,0,3015,0.002912660751823915
10345,34,177,3015,0.002912660751823915
10346,74,3,3014,0.002911694695189811
10347,52,218,3014,0.002911694695189811
10348,42,159,3014,0.002911694695189811
10349,33,214,3013,0.0029107286385557066
10350,6,237,3013,0.0029107286385557066
10351,40,121,3012,0.0029097625819216027
10352,31,138,3012,0.0029097625819216027
10353,12,236,3012,0.0029097625819216027
10354,53,149,3011,0.0029087965252874983
10355,34,194,3011,0.0029087965252874983
10356,19,97,3011,0.0029087965252874983
10357,57,189,3010,0.0029078304686533944
10358,21,209,3010,0.0029078304686533944
10359,17,240,3010,0.0029078304686533944
10360,12,155,3010,0.0029078304686533944
10361,45,75,3009,0.00290686441201929
10362,7,119,3009,0.00290686441201929
10363,63,226,3008,0.002905898355385186
10364,3,106,3008,0.002905898355385186
10365,49,118,3006,0.002903966242116978
10366,9,205,3006,0.002903966242116978
10367,7,214,3006,0.002903966242116978
10368,5,238,3006,0.002903966242116978
10369,76,167,3005,0.0029030001854828736
10370,61,202,3005,0.0029030001854828736
10371,49,99,3004,0.0029020341288487697
10372,39,156,3004,0.0029020341288487697
10373,39,48,3004,0.0029020341288487697
10374,29,28,3004,0.0029020341288487697
10375,21,210,3004,0.0029020341288487697
10376,66,98,3002,0.0029001020155805615
10377,48,23,3002,0.0029001020155805615
10378,37,232,3002,0.0029001020155805615
10379,18,172,3002,0.0029001020155805615
10380,17,218,3002,0.0029001020155805615
10381,17,104,3002,0.0029001020155805615
10382,3,136,3002,0.0029001020155805615
10383,72,43,3000,0.0028981699023123532
10384,62,116,3000,0.0028981699023123532
10385,56,105,3000,0.0028981699023123532
10386,77,180,2999,0.002897203845678249
10387,71,141,2999,0.002897203845678249
10388,4,237,2999,0.002897203845678249
10389,59,55,2998,0.002896237789044145
10390,18,147,2998,0.002896237789044145
10391,16,89,2998,0.002896237789044145
10392,76,48,2997,0.0028952717324100406
10393,32,93,2997,0.0028952717324100406
10394,4,195,2997,0.0028952717324100406
10395,61,68,2996,0.0028943056757759367
10396,61,42,2996,0.0028943056757759367
10397,50,9,2996,0.0028943056757759367
10398,19,5,2996,0.0028943056757759367
10399,74,11,2995,0.0028933396191418324
10400,65,50,2995,0.0028933396191418324
10401,50,126,2995,0.0028933396191418324
10402,26,38,2995,0.0028933396191418324
10403,76,223,2994,0.0028923735625077285
10404,9,177,2994,0.0028923735625077285
10405,6,75,2994,0.0028923735625077285
10406,67,52,2993,0.002891407505873624
10407,53,152,2993,0.002891407505873624
10408,44,105,2992,0.0028904414492395203
10409,40,199,2992,0.0028904414492395203
10410,32,202,2992,0.0028904414492395203
10411,72,249,2991,0.002889475392605416
10412,39,80,2991,0.002889475392605416
10413,33,213,2991,0.002889475392605416
10414,30,12,2991,0.002889475392605416
10415,13,183,2991,0.002889475392605416
10416,10,235,2991,0.002889475392605416
10417,53,241,2990,0.002888509335971312
10418,48,116,2990,0.002888509335971312
10419,23,116,2990,0.002888509335971312
10420,22,167,2990,0.002888509335971312
10421,15,152,2990,0.002888509335971312
10422,48,117,2989,0.0028875432793372077
10423,29,105,2989,0.0028875432793372077
10424,29,27,2989,0.0028875432793372077
10425,57,143,2988,0.0028865772227031038
10426,24,5,2988,0.0028865772227031038
10427,37,0,2987,0.0028856111660689994
10428,36,237,2987,0.0028856111660689994
10429,32,92,2987,0.0028856111660689994
10430,31,84,2987,0.0028856111660689994
10431,27,115,2987,0.0028856111660689994
10432,5,239,2987,0.0028856111660689994
10433,72,253,2986,0.0028846451094348955
10434,3,254,2986,0.0028846451094348955
10435,56,78,2985,0.002883679052800791
10436,36,192,2985,0.002883679052800791
10437,70,117,2984,0.0028827129961666873
10438,63,10,2984,0.0028827129961666873
10439,66,41,2983,0.002881746939532583
10440,27,253,2983,0.002881746939532583
10441,45,90,2982,0.002880780882898479
10442,16,196,2982,0.002880780882898479
10443,40,203,2981,0.002879814826264375
10444,23,12,2981,0.002879814826264375
10445,22,52,2981,0.002879814826264375
10446,21,6,2981,0.002879814826264375
10447,20,74,2981,0.002879814826264375
10448,8,174,2981,0.002879814826264375
10449,77,137,2980,0.002878848769630271
10450,59,219,2980,0.002878848769630271
10451,48,182,2980,0.002878848769630271
10452,32,64,2980,0.002878848769630271
10453,59,135,2979,0.002877882712996167
10454,47,160,2979,0.002877882712996167
10455,14,251,2978,0.0028769166563620626
10456,11,83,2978,0.0028769166563620626
10457,7,61,2978,0.0028769166563620626
10458,72,31,2977,0.0028759505997279586
10459,68,25,2977,0.0028759505997279586
10460,76,108,2976,0.0028749845430938543
10461,59,72,2976,0.0028749845430938543
10462,20,86,2976,0.0028749845430938543
10463,19,76,2976,0.0028749845430938543
10464,13,143,2976,0.0028749845430938543
10465,71,38,2975,0.0028740184864597504
10466,34,240,2975,0.0028740184864597504
10467,10,147,2975,0.0028740184864597504
10468,49,212,2974,0.002873052429825646
10469,34,9,2974,0.002873052429825646
10470,25,126,2974,0.002873052429825646
10471,25,94,2974,0.002873052429825646
10472,76,162,2973,0.002872086373191542
10473,53,111,2973,0.002872086373191542
10474,12,171,2973,0.002872086373191542
10475,77,186,2972,0.002871120316557438
10476,48,3,2972,0.002871120316557438
10477,11,214,2972,0.002871120316557438
10478,10,30,2972,0.002871120316557438
10479,67,75,2970,0.0028691882032892296
10480,47,237,2970,0.0028691882032892296
10481,12,5,2970,0.0028691882032892296
10482,58,20,2969,0.0028682221466551257
10483,14,9,2969,0.0028682221466551257
10484,11,124,2969,0.0028682221466551257
10485,57,151,2968,0.0028672560900210213
10486,68,197,2967,0.0028662900333869174
10487,56,74,2967,0.0028662900333869174
10488,51,34,2967,0.0028662900333869174
10489,25,135,2967,0.0028662900333869174
10490,21,103,2967,0.0028662900333869174
10491,21,73,2967,0.0028662900333869174
10492,19,4,2967,0.0028662900333869174
10493,16,60,2967,0.0028662900333869174
10494,13,126,2967,0.0028662900333869174
10495,51,238,2966,0.002865323976752813
10496,3,80,2966,0.002865323976752813
10497,62,97,2965,0.002864357920118709
10498,70,26,2964,0.002863391863484605
10499,54,90,2964,0.002863391863484605
10500,42,180,2964,0.002863391863484605
10501,36,184,2964,0.002863391863484605
10502,26,154,2964,0.002863391863484605
10503,20,204,2964,0.002863391863484605
10504,62,136,2963,0.002862425806850501
10505,7,228,2963,0.002862425806850501
10506,5,138,2962,0.0028614597502163966
10507,69,13,2961,0.0028604936935822927
10508,15,247,2961,0.0028604936935822927
10509,25,162,2960,0.0028595276369481884
10510,61,27,2959,0.0028585615803140845
10511,38,28,2959,0.0028585615803140845
10512,32,206,2959,0.0028585615803140845
10513,24,38,2959,0.0028585615803140845
10514,13,232,2959,0.0028585615803140845
10515,76,102,2957,0.0028566294670458762
10516,50,200,2957,0.0028566294670458762
10517,38,168,2957,0.0028566294670458762
10518,30,153,2957,0.0028566294670458762
10519,23,213,2957,0.0028566294670458762
10520,16,181,2957,0.0028566294670458762
10521,25,133,2956,0.002855663410411772
10522,25,15,2956,0.002855663410411772
10523,12,231,2956,0.002855663410411772
10524,74,25,2955,0.002854697353777668
10525,73,79,2955,0.002854697353777668
10526,70,135,2955,0.002854697353777668
10527,41,3,2955,0.002854697353777668
10528,30,232,2955,0.002854697353777668
10529,10,177,2955,0.002854697353777668
10530,5,110,2954,0.0028537312971435636
10531,50,93,2953,0.0028527652405094597
10532,46,65,2953,0.0028527652405094597
10533,59,235,2952,0.0028517991838753554
10534,19,163,2952,0.0028517991838753554
10535,16,167,2952,0.0028517991838753554
10536,13,146,2952,0.0028517991838753554
10537,8,234,2952,0.0028517991838753554
10538,40,90,2951,0.0028508331272412515
10539,20,114,2951,0.0028508331272412515
10540,74,192,2950,0.002849867070607147
10541,73,223,2950,0.002849867070607147
10542,59,57,2950,0.002849867070607147
10543,51,9,2950,0.002849867070607147
10544,16,62,2950,0.002849867070607147
10545,10,174,2950,0.002849867070607147
10546,77,7,2949,0.0028489010139730432
10547,55,137,2949,0.0028489010139730432
10548,33,151,2949,0.0028489010139730432
10549,18,93,2949,0.0028489010139730432
10550,16,38,2948,0.002847934957338939
10551,11,175,2948,0.002847934957338939
10552,5,194,2948,0.002847934957338939
10553,3,201,2948,0.002847934957338939
10554,67,209,2947,0.002846968900704835
10555,66,63,2947,0.002846968900704835
10556,52,23,2947,0.002846968900704835
10557,40,132,2947,0.002846968900704835
10558,25,109,2947,0.002846968900704835
10559,12,23,2947,0.002846968900704835
10560,58,138,2946,0.0028460028440707307
10561,33,31,2946,0.0028460028440707307
10562,54,105,2945,0.0028450367874366268
10563,53,36,2945,0.0028450367874366268
10564,29,245,2945,0.0028450367874366268
10565,3,202,2945,0.0028450367874366268
10566,69,151,2944,0.0028440707308025224
10567,28,122,2944,0.0028440707308025224
10568,16,64,2944,0.0028440707308025224
10569,74,146,2943,0.0028431046741684185
10570,57,108,2943,0.0028431046741684185
10571,36,93,2943,0.0028431046741684185
10572,8,77,2943,0.0028431046741684185
10573,64,18,2942,0.002842138617534314
10574,25,18,2942,0.002842138617534314
10575,4,31,2942,0.002842138617534314
10576,69,239,2941,0.0028411725609002103
10577,57,49,2941,0.0028411725609002103
10578,53,221,2941,0.0028411725609002103
10579,42,203,2941,0.0028411725609002103
10580,35,136,2941,0.0028411725609002103
10581,33,34,2941,0.0028411725609002103
10582,27,0,2941,0.0028411725609002103
10583,6,202,2941,0.0028411725609002103
10584,75,132,2940,0.002840206504266106
10585,31,32,2940,0.002840206504266106
10586,26,64,2940,0.002840206504266106
10587,17,69,2940,0.002840206504266106
10588,5,40,2940,0.002840206504266106
10589,4,118,2940,0.002840206504266106
10590,68,143,2938,0.0028382743909978977
10591,64,144,2938,0.0028382743909978977
10592,34,151,2938,0.0028382743909978977
10593,32,223,2938,0.0028382743909978977
10594,21,13,2938,0.0028382743909978977
10595,16,156,2938,0.0028382743909978977
10596,63,4,2937,0.002837308334363794
10597,66,36,2936,0.0028363422777296894
10598,65,112,2936,0.0028363422777296894
10599,20,217,2936,0.0028363422777296894
10600,7,190,2936,0.0028363422777296894
10601,72,170,2935,0.0028353762210955855
10602,67,157,2935,0.0028353762210955855
10603,61,104,2935,0.0028353762210955855
10604,48,199,2935,0.0028353762210955855
10605,48,47,2935,0.0028353762210955855
10606,46,173,2935,0.0028353762210955855
10607,23,67,2935,0.0028353762210955855
10608,9,86,2935,0.0028353762210955855
10609,69,96,2934,0.002834410164461481
10610,61,18,2934,0.002834410164461481
10611,45,160,2934,0.002834410164461481
10612,73,242,2933,0.0028334441078273773
10613,73,18,2933,0.0028334441078273773
10614,55,115,2933,0.0028334441078273773
10615,10,37,2933,0.0028334441078273773
10616,6,73,2933,0.0028334441078273773
10617,61,48,2932,0.002832478051193273
10618,50,173,2932,0.002832478051193273
10619,60,181,2930,0.0028305459379250647
10620,16,96,2930,0.0028305459379250647
10621,43,114,2929,0.002829579881290961
10622,40,229,2929,0.002829579881290961
10623,33,9,2929,0.002829579881290961
10624,29,126,2929,0.002829579881290961
10625,11,11,2929,0.002829579881290961
10626,4,14,2929,0.002829579881290961
10627,76,23,2928,0.0028286138246568565
10628,74,200,2928,0.0028286138246568565
10629,69,142,2928,0.0028286138246568565
10630,57,134,2928,0.0028286138246568565
10631,54,92,2928,0.0028286138246568565
10632,32,49,2928,0.0028286138246568565
10633,11,48,2928,0.0028286138246568565
10634,54,136,2927,0.0028276477680227526
10635,9,163,2927,0.0028276477680227526
10636,8,58,2927,0.0028276477680227526
10637,73,249,2926,0.0028266817113886482
10638,69,98,2926,0.0028266817113886482
10639,40,107,2926,0.0028266817113886482
10640,46,188,2925,0.0028257156547545443
10641,26,166,2925,0.0028257156547545443
10642,35,252,2924,0.0028247495981204404
10643,33,184,2924,0.0028247495981204404
10644,28,51,2924,0.0028247495981204404
10645,14,189,2924,0.0028247495981204404
10646,13,26,2924,0.0028247495981204404
10647,9,69,2924,0.0028247495981204404
10648,26,151,2923,0.002823783541486336
10649,48,171,2922,0.002822817484852232
10650,11,81,2922,0.002822817484852232
10651,74,33,2921,0.002821851428218128
10652,72,23,2921,0.002821851428218128
10653,6,205,2921,0.002821851428218128
10654,76,114,2920,0.002820885371584024
10655,45,116,2920,0.002820885371584024
10656,30,42,2920,0.002820885371584024
10657,14,133,2920,0.002820885371584024
10658,13,92,2920,0.002820885371584024
10659,8,101,2920,0.002820885371584024
10660,62,35,2919,0.0028199193149499196
10661,58,34,2919,0.0028199193149499196
10662,25,134,2919,0.0028199193149499196
10663,3,47,2919,0.0028199193149499196
10664,61,77,2918,0.0028189532583158157
10665,52,15,2918,0.0028189532583158157
10666,35,143,2918,0.0028189532583158157
10667,21,168,2918,0.0028189532583158157
10668,14,12,2918,0.0028189532583158157
10669,42,255,2917,0.0028179872016817114
10670,8,190,2917,0.0028179872016817114
10671,7,62,2917,0.0028179872016817114
10672,31,222,2916,0.0028170211450476075
10673,47,222,2915,0.002816055088413503
10674,37,200,2915,0.002816055088413503
10675,14,215,2915,0.002816055088413503
10676,14,149,2915,0.002816055088413503
10677,10,35,2915,0.002816055088413503
10678,8,249,2915,0.002816055088413503
10679,25,66,2914,0.002815089031779399
10680,8,24,2914,0.002815089031779399
10681,5,1,2914,0.002815089031779399
10682,63,142,2913,0.002814122975145295
10683,29,113,2913,0.002814122975145295
10684,28,148,2913,0.002814122975145295
10685,22,46,2913,0.002814122975145295
10686,48,1,2912,0.002813156918511191
10687,42,211,2912,0.002813156918511191
10688,62,134,2911,0.0028121908618770866
10689,14,24,2911,0.0028121908618770866
10690,13,104,2911,0.0028121908618770866
10691,63,3,2910,0.0028112248052429827
10692,34,34,2910,0.0028112248052429827
10693,17,38,2910,0.0028112248052429827
10694,55,27,2909,0.0028102587486088784
10695,43,29,2909,0.0028102587486088784
10696,26,160,2909,0.0028102587486088784
10697,24,101,2908,0.0028092926919747745
10698,14,241,2908,0.0028092926919747745
10699,76,50,2907,0.00280832663534067
10700,47,52,2907,0.00280832663534067
10701,22,161,2907,0.00280832663534067
10702,14,143,2907,0.00280832663534067
10703,73,57,2906,0.0028073605787065662
10704,69,20,2906,0.0028073605787065662
10705,66,8,2906,0.0028073605787065662
10706,49,244,2906,0.0028073605787065662
10707,44,75,2906,0.0028073605787065662
10708,37,104,2906,0.0028073605787065662
10709,19,196,2906,0.0028073605787065662
10710,18,182,2906,0.0028073605787065662
10711,73,99,2905,0.002806394522072462
10712,63,244,2905,0.002806394522072462
10713,59,147,2905,0.002806394522072462
10714,44,82,2905,0.002806394522072462
10715,42,237,2905,0.002806394522072462
10716,30,219,2905,0.002806394522072462
10717,77,213,2904,0.002805428465438358
10718,63,108,2904,0.002805428465438358
10719,69,166,2903,0.0028044624088042537
10720,14,39,2903,0.0028044624088042537
10721,75,232,2901,0.0028025302955360454
10722,36,210,2901,0.0028025302955360454
10723,3,250,2901,0.0028025302955360454
10724,76,77,2900,0.0028015642389019415
10725,49,159,2900,0.0028015642389019415
10726,49,60,2900,0.0028015642389019415
10727,48,44,2900,0.0028015642389019415
10728,32,222,2900,0.0028015642389019415
10729,32,135,2900,0.0028015642389019415
10730,31,108,2900,0.0028015642389019415
10731,21,91,2900,0.0028015642389019415
10732,17,160,2900,0.0028015642389019415
10733,6,3,2900,0.0028015642389019415
10734,23,194,2899,0.002800598182267837
10735,62,250,2898,0.0027996321256337333
10736,75,85,2897,0.002798666068999629
10737,58,169,2897,0.002798666068999629
10738,51,46,2897,0.002798666068999629
10739,71,84,2896,0.002797700012365525
10740,58,136,2896,0.002797700012365525
10741,20,71,2896,0.002797700012365525
10742,12,142,2896,0.002797700012365525
10743,47,233,2895,0.0027967339557314207
10744,44,23,2895,0.0027967339557314207
10745,15,158,2895,0.0027967339557314207
10746,3,71,2895,0.0027967339557314207
10747,41,163,2894,0.0027957678990973168
10748,38,248,2894,0.0027957678990973168
10749,6,200,2894,0.0027957678990973168
10750,65,83,2893,0.0027948018424632124
10751,58,114,2893,0.0027948018424632124
10752,10,250,2893,0.0027948018424632124
10753,9,128,2893,0.0027948018424632124
10754,29,119,2892,0.0027938357858291085
10755,27,21,2892,0.0027938357858291085
10756,24,245,2892,0.0027938357858291085
10757,23,197,2892,0.0027938357858291085
10758,46,207,2891,0.002792869729195004
10759,8,111,2891,0.002792869729195004
10760,77,97,2890,0.0027919036725609003
10761,75,27,2890,0.0027919036725609003
10762,25,120,2890,0.0027919036725609003
10763,3,113,2890,0.0027919036725609003
10764,73,12,2889,0.002790937615926796
10765,28,38,2889,0.002790937615926796
10766,8,83,2889,0.002790937615926796
10767,34,133,2888,0.002789971559292692
10768,17,198,2888,0.002789971559292692
10769,45,175,2887,0.0027890055026585877
10770,34,86,2887,0.0027890055026585877
10771,23,177,2887,0.0027890055026585877
10772,71,197,2886,0.002788039446024484
10773,51,121,2886,0.002788039446024484
10774,50,124,2886,0.002788039446024484
10775,21,236,2886,0.002788039446024484
10776,41,5,2885,0.0027870733893903795
10777,32,36,2885,0.0027870733893903795
10778,20,11,2885,0.0027870733893903795
10779,30,225,2884,0.0027861073327562756
10780,27,222,2884,0.0027861073327562756
10781,6,17,2884,0.0027861073327562756
10782,25,215,2883,0.0027851412761221712
10783,25,159,2883,0.0027851412761221712
10784,64,211,2882,0.0027841752194880673
10785,52,167,2882,0.0027841752194880673
10786,74,68,2881,0.002783209162853963
10787,35,78,2881,0.002783209162853963
10788,19,101,2881,0.002783209162853963
10789,62,147,2880,0.002782243106219859
10790,54,67,2880,0.002782243106219859
10791,40,92,2880,0.002782243106219859
10792,25,54,2880,0.002782243106219859
10793,75,102,2879,0.0027812770495857547
10794,55,168,2879,0.0027812770495857547
10795,43,236,2879,0.0027812770495857547
10796,17,58,2879,0.0027812770495857547
10797,75,108,2878,0.002780310992951651
10798,18,215,2878,0.002780310992951651
10799,46,201,2877,0.0027793449363175465
10800,45,87,2877,0.0027793449363175465
10801,29,116,2877,0.0027793449363175465
10802,25,7,2877,0.0027793449363175465
10803,12,228,2876,0.0027783788796834426
10804,41,33,2875,0.0027774128230493383
10805,15,95,2875,0.0027774128230493383
10806,65,58,2874,0.0027764467664152344
10807,64,224,2874,0.0027764467664152344
10808,11,212,2874,0.0027764467664152344
10809,53,98,2873,0.00277548070978113
10810,49,163,2873,0.00277548070978113
10811,28,210,2873,0.00277548070978113
10812,76,203,2872,0.002774514653147026
10813,45,215,2871,0.0027735485965129218
10814,43,254,2871,0.0027735485965129218
10815,42,246,2871,0.0027735485965129218
10816,47,243,2870,0.002772582539878818
10817,37,43,2870,0.002772582539878818
10818,33,33,2870,0.002772582539878818
10819,11,210,2870,0.002772582539878818
10820,33,247,2869,0.0027716164832447135
10821,31,12,2869,0.0027716164832447135
10822,74,184,2865,0.0027677522567082975
10823,44,221,2865,0.0027677522567082975
10824,10,85,2865,0.0027677522567082975
10825,23,101,2864,0.002766786200074193
10826,7,255,2864,0.002766786200074193
10827,77,211,2863,0.0027658201434400892
10828,77,179,2863,0.0027658201434400892
10829,46,133,2862,0.002764854086805985
10830,27,31,2862,0.002764854086805985
10831,67,211,2861,0.002763888030171881
10832,64,15,2861,0.002763888030171881
10833,59,129,2861,0.002763888030171881
10834,17,176,2861,0.002763888030171881
10835,54,230,2860,0.0027629219735377766
10836,26,206,2860,0.0027629219735377766
10837,21,22,2860,0.0027629219735377766
10838,73,234,2859,0.0027619559169036727
10839,31,250,2859,0.0027619559169036727
10840,25,173,2859,0.0027619559169036727
10841,15,102,2859,0.0027619559169036727
10842,5,120,2859,0.0027619559169036727
10843,5,18,2859,0.0027619559169036727
10844,55,212,2858,0.0027609898602695684
10845,34,215,2858,0.0027609898602695684
10846,31,5,2858,0.0027609898602695684
10847,29,30,2858,0.0027609898602695684
10848,26,59,2858,0.0027609898602695684
10849,14,184,2858,0.0027609898602695684
10850,9,101,2858,0.0027609898602695684
10851,66,106,2857,0.0027600238036354645
10852,65,244,2857,0.0027600238036354645
10853,58,72,2857,0.0027600238036354645
10854,21,5,2857,0.0027600238036354645
10855,51,185,2856,0.00275905774700136
10856,4,37,2856,0.00275905774700136
10857,61,197,2855,0.0027580916903672563
10858,46,100,2855,0.0027580916903672563
10859,46,1,2855,0.0027580916903672563
10860,67,127,2854,0.002757125633733152
10861,27,217,2854,0.002757125633733152
10862,23,203,2854,0.002757125633733152
10863,9,174,2854,0.002757125633733152
10864,71,94,2853,0.002756159577099048
10865,67,168,2853,0.002756159577099048
10866,64,31,2853,0.002756159577099048
10867,52,159,2853,0.002756159577099048
10868,23,226,2853,0.002756159577099048
10869,19,252,2853,0.002756159577099048
10870,13,135,2853,0.002756159577099048
10871,75,251,2852,0.0027551935204649437
10872,70,212,2852,0.0027551935204649437
10873,70,18,2852,0.0027551935204649437
10874,67,251,2852,0.0027551935204649437
10875,41,231,2852,0.0027551935204649437
10876,37,175,2851,0.0027542274638308398
10877,26,252,2851,0.0027542274638308398
10878,57,32,2850,0.0027532614071967354
10879,16,195,2850,0.0027532614071967354
10880,13,111,2850,0.0027532614071967354
10881,37,168,2849,0.0027522953505626315
10882,30,178,2849,0.0027522953505626315
10883,23,43,2849,0.0027522953505626315
10884,21,110,2849,0.0027522953505626315
10885,21,23,2849,0.0027522953505626315
10886,18,180,2849,0.0027522953505626315
10887,17,232,2849,0.0027522953505626315
10888,16,146,2849,0.0027522953505626315
10889,11,3,2849,0.0027522953505626315
10890,50,128,2848,0.002751329293928527
10891,48,245,2848,0.002751329293928527
10892,44,110,2848,0.002751329293928527
10893,66,33,2847,0.0027503632372944233
10894,53,145,2847,0.0027503632372944233
10895,48,11,2847,0.0027503632372944233
10896,15,165,2847,0.0027503632372944233
10897,56,84,2846,0.002749397180660319
10898,38,27,2846,0.002749397180660319
10899,29,114,2846,0.002749397180660319
10900,27,180,2846,0.002749397180660319
10901,58,54,2845,0.002748431124026215
10902,30,90,2845,0.002748431124026215
10903,53,94,2844,0.0027474650673921107
10904,40,39,2844,0.0027474650673921107
10905,17,123,2844,0.0027474650673921107
10906,13,204,2844,0.0027474650673921107
10907,3,102,2844,0.0027474650673921107
10908,57,11,2843,0.002746499010758007
10909,44,15,2843,0.002746499010758007
10910,5,28,2843,0.002746499010758007
10911,61,166,2842,0.0027455329541239025
10912,60,216,2842,0.0027455329541239025
10913,37,211,2842,0.0027455329541239025
10914,27,15,2842,0.0027455329541239025
10915,3,39,2842,0.0027455329541239025
10916,74,186,2841,0.0027445668974897986
10917,65,201,2841,0.0027445668974897986
10918,19,134,2841,0.0027445668974897986
10919,6,190,2841,0.0027445668974897986
10920,25,100,2840,0.0027436008408556942
10921,16,97,2840,0.0027436008408556942
10922,5,64,2840,0.0027436008408556942
10923,44,43,2839,0.0027426347842215903
10924,35,30,2839,0.0027426347842215903
10925,5,31,2839,0.0027426347842215903
10926,49,36,2838,0.002741668727587486
10927,47,164,2838,0.002741668727587486
10928,28,10,2838,0.002741668727587486
10929,27,218,2838,0.002741668727587486
10930,27,11,2838,0.002741668727587486
10931,73,117,2837,0.002740702670953382
10932,69,159,2837,0.002740702670953382
10933,12,178,2837,0.002740702670953382
10934,65,67,2836,0.0027397366143192777
10935,29,111,2836,0.0027397366143192777
10936,11,181,2836,0.0027397366143192777
10937,41,214,2835,0.002738770557685174
10938,42,28,2834,0.0027378045010510695
10939,41,215,2834,0.0027378045010510695
10940,33,92,2834,0.0027378045010510695
10941,27,83,2834,0.0027378045010510695
10942,8,123,2834,0.0027378045010510695
10943,7,45,2834,0.0027378045010510695
10944,3,156,2834,0.0027378045010510695
10945,47,11,2833,0.0027368384444169656
10946,38,150,2833,0.0027368384444169656
10947,22,61,2833,0.0027368384444169656
10948,17,140,2833,0.0027368384444169656
10949,9,252,2832,0.0027358723877828612
10950,73,21,2831,0.0027349063311487573
10951,34,63,2831,0.0027349063311487573
10952,20,75,2831,0.0027349063311487573
10953,44,116,2830,0.002733940274514653
10954,20,32,2830,0.002733940274514653
10955,11,40,2830,0.002733940274514653
10956,70,172,2829,0.002732974217880549
10957,65,101,2829,0.002732974217880549
10958,34,1,2829,0.002732974217880549
10959,5,134,2828,0.0027320081612464448
10960,75,206,2827,0.002731042104612341
10961,30,94,2827,0.002731042104612341
10962,12,229,2826,0.0027300760479782365
10963,64,124,2825,0.0027291099913441326
10964,52,151,2825,0.0027291099913441326
10965,51,164,2825,0.0027291099913441326
10966,48,191,2825,0.0027291099913441326
10967,42,49,2825,0.0027291099913441326
10968,24,55,2825,0.0027291099913441326
10969,9,29,2825,0.0027291099913441326
10970,62,60,2824,0.0027281439347100283
10971,16,22,2824,0.0027281439347100283
10972,68,251,2823,0.0027271778780759244
10973,68,109,2823,0.0027271778780759244
10974,49,111,2823,0.0027271778780759244
10975,47,44,2823,0.0027271778780759244
10976,18,207,2823,0.0027271778780759244
10977,61,227,2822,0.00272621182144182
10978,44,225,2822,0.00272621182144182
10979,35,112,2822,0.00272621182144182
10980,77,110,2821,0.002725245764807716
10981,59,170,2821,0.002725245764807716
10982,59,0,2821,0.002725245764807716
10983,53,136,2821,0.002725245764807716
10984,43,223,2821,0.002725245764807716
10985,24,184,2821,0.002725245764807716
10986,23,142,2821,0.002725245764807716
10987,75,86,2819,0.002723313651539508
10988,28,155,2819,0.002723313651539508
10989,33,207,2818,0.0027223475949054035
10990,15,58,2817,0.0027213815382712996
10991,9,237,2817,0.0027213815382712996
10992,41,10,2816,0.0027204154816371953
10993,9,13,2816,0.0027204154816371953
10994,74,153,2815,0.0027194494250030914
10995,68,76,2815,0.0027194494250030914
10996,64,41,2815,0.0027194494250030914
10997,55,109,2815,0.0027194494250030914
10998,24,104,2815,0.0027194494250030914
10999,68,96,2813,0.002717517311734883
11000,67,30,2813,0.002717517311734883
11001,66,25,2813,0.002717517311734883
11002,13,173,2813,0.002717517311734883
11003,9,226,2813,0.002717517311734883
11004,7,88,2813,0.002717517311734883
11005,56,111,2812,0.002716551255100779
11006,27,126,2812,0.002716551255100779
11007,19,140,2812,0.002716551255100779
11008,13,20,2812,0.002716551255100779
11009,55,185,2811,0.002715585198466675
11010,32,214,2811,0.002715585198466675
11011,16,182,2811,0.002715585198466675
11012,75,82,2810,0.002714619141832571
11013,66,136,2810,0.002714619141832571
11014,38,121,2810,0.002714619141832571
11015,75,215,2809,0.0027136530851984667
11016,75,190,2809,0.0027136530851984667
11017,59,212,2809,0.0027136530851984667
11018,47,32,2809,0.0027136530851984667
11019,35,40,2809,0.0027136530851984667
11020,28,36,2809,0.0027136530851984667
11021,20,108,2809,0.0027136530851984667
11022,4,153,2809,0.0027136530851984667
11023,4,119,2809,0.0027136530851984667
11024,43,140,2808,0.0027126870285643628
11025,30,89,2808,0.0027126870285643628
11026,23,45,2808,0.0027126870285643628
11027,65,19,2807,0.0027117209719302584
11028,52,145,2807,0.0027117209719302584
11029,51,160,2807,0.0027117209719302584
11030,44,16,2807,0.0027117209719302584
11031,4,79,2807,0.0027117209719302584
11032,42,77,2806,0.0027107549152961545
11033,31,252,2806,0.0027107549152961545
11034,27,244,2806,0.0027107549152961545
11035,10,185,2806,0.0027107549152961545
11036,67,230,2805,0.00270978885866205
11037,52,211,2805,0.00270978885866205
11038,14,208,2805,0.00270978885866205
11039,13,236,2805,0.00270978885866205
11040,77,77,2804,0.0027088228020279463
11041,39,171,2804,0.0027088228020279463
11042,8,231,2804,0.0027088228020279463
11043,6,80,2804,0.0027088228020279463
11044,70,148,2803,0.002707856745393842
11045,65,116,2803,0.002707856745393842
11046,64,84,2803,0.002707856745393842
11047,50,139,2803,0.002707856745393842
11048,69,58,2802,0.002706890688759738
11049,77,134,2801,0.0027059246321256337
11050,4,63,2801,0.0027059246321256337
11051,77,21,2800,0.00270495857549153
11052,60,158,2800,0.00270495857549153
11053,16,193,2800,0.00270495857549153
11054,23,93,2799,0.0027039925188574255
11055,65,227,2798,0.0027030264622233216
11056,34,105,2798,0.0027030264622233216
11057,20,224,2798,0.0027030264622233216
11058,41,238,2797,0.002702060405589217
11059,25,185,2797,0.002702060405589217
11060,19,194,2797,0.002702060405589217
11061,19,175,2797,0.002702060405589217
11062,3,130,2797,0.002702060405589217
11063,75,200,2796,0.0027010943489551133
11064,69,169,2796,0.0027010943489551133
11065,50,79,2796,0.0027010943489551133
11066,23,244,2796,0.0027010943489551133
11067,72,21,2795,0.002700128292321009
11068,30,93,2795,0.002700128292321009
11069,4,142,2794,0.002699162235686905
11070,77,83,2793,0.0026981961790528007
11071,62,0,2793,0.0026981961790528007
11072,60,247,2793,0.0026981961790528007
11073,59,250,2793,0.0026981961790528007
11074,54,117,2793,0.0026981961790528007
11075,45,147,2793,0.0026981961790528007
11076,18,50,2793,0.0026981961790528007
11077,15,254,2793,0.0026981961790528007
11078,76,176,2792,0.002697230122418697
11079,74,180,2792,0.002697230122418697
11080,22,99,2792,0.002697230122418697
11081,11,80,2792,0.002697230122418697
11082,71,71,2791,0.0026962640657845925
11083,62,186,2791,0.0026962640657845925
11084,52,129,2791,0.0026962640657845925
11085,15,204,2791,0.0026962640657845925
11086,67,202,2790,0.0026952980091504886
11087,63,34,2790,0.0026952980091504886
11088,37,155,2790,0.0026952980091504886
11089,29,196,2790,0.0026952980091504886
11090,70,188,2789,0.0026943319525163842
11091,68,36,2789,0.0026943319525163842
11092,51,252,2789,0.0026943319525163842
11093,46,140,2789,0.0026943319525163842
11094,40,103,2789,0.0026943319525163842
11095,28,70,2789,0.0026943319525163842
11096,26,15,2789,0.0026943319525163842
11097,10,145,2789,0.0026943319525163842
11098,9,214,2789,0.0026943319525163842
11099,77,125,2788,0.0026933658958822803
11100,59,140,2788,0.0026933658958822803
11101,50,31,2788,0.0026933658958822803
11102,15,128,2788,0.0026933658958822803
11103,50,217,2787,0.002692399839248176
11104,20,211,2787,0.002692399839248176
11105,72,210,2786,0.002691433782614072
11106,13,66,2786,0.002691433782614072
11107,7,140,2786,0.002691433782614072
11108,58,59,2785,0.0026904677259799678
11109,40,47,2785,0.0026904677259799678
11110,11,219,2785,0.0026904677259799678
11111,63,39,2784,0.002689501669345864
11112,39,116,2784,0.002689501669345864
11113,4,231,2784,0.002689501669345864
11114,18,178,2783,0.0026885356127117595
11115,52,72,2782,0.0026875695560776556
11116,34,187,2782,0.0026875695560776556
11117,65,102,2781,0.0026866034994435513
11118,51,240,2781,0.0026866034994435513
11119,27,141,2781,0.0026866034994435513
11120,66,39,2779,0.002684671386175343
11121,54,126,2779,0.002684671386175343
11122,4,151,2779,0.002684671386175343
11123,73,240,2778,0.002683705329541239
11124,69,174,2778,0.002683705329541239
11125,23,47,2778,0.002683705329541239
11126,22,53,2778,0.002683705329541239
11127,6,130,2778,0.002683705329541239
11128,64,12,2777,0.0026827392729071348
11129,61,240,2777,0.0026827392729071348
11130,32,48,2777,0.0026827392729071348
11131,27,98,2777,0.0026827392729071348
11132,9,249,2777,0.0026827392729071348
11133,4,172,2777,0.0026827392729071348
11134,8,71,2776,0.002681773216273031
11135,69,28,2775,0.0026808071596389265
11136,60,191,2775,0.0026808071596389265
11137,60,74,2775,0.0026808071596389265
11138,56,22,2775,0.0026808071596389265
11139,60,120,2774,0.0026798411030048226
11140,17,145,2774,0.0026798411030048226
11141,9,31,2774,0.0026798411030048226
11142,28,239,2773,0.0026788750463707183
11143,23,23,2773,0.0026788750463707183
11144,14,91,2773,0.0026788750463707183
11145,3,167,2773,0.0026788750463707183
11146,77,214,2772,0.0026779089897366144
11147,71,189,2772,0.0026779089897366144
11148,63,73,2772,0.0026779089897366144
11149,53,63,2772,0.0026779089897366144
11150,48,136,2772,0.0026779089897366144
11151,41,235,2772,0.0026779089897366144
11152,24,98,2772,0.0026779089897366144
11153,16,45,2772,0.0026779089897366144
11154,76,134,2771,0.00267694293310251
11155,58,39,2771,0.00267694293310251
11156,32,133,2771,0.00267694293310251
11157,9,107,2771,0.00267694293310251
11158,66,65,2770,0.002675976876468406
11159,62,167,2770,0.002675976876468406
11160,51,85,2770,0.002675976876468406
11161,34,214,2770,0.002675976876468406
11162,73,26,2769,0.002675010819834302
11163,71,213,2769,0.002675010819834302
11164,55,2,2769,0.002675010819834302
11165,53,128,2769,0.002675010819834302
11166,42,71,2769,0.002675010819834302
11167,67,145,2768,0.002674044763200198
11168,67,111,2768,0.002674044763200198
11169,48,217,2768,0.002674044763200198
11170,48,68,2768,0.002674044763200198
11171,45,167,2768,0.002674044763200198
11172,58,211,2767,0.0026730787065660936
11173,53,148,2767,0.0026730787065660936
11174,10,99,2767,0.0026730787065660936
11175,26,71,2766,0.0026721126499319897
11176,55,50,2765,0.0026711465932978853
11177,43,211,2765,0.0026711465932978853
11178,27,151,2765,0.0026711465932978853
11179,19,55,2765,0.0026711465932978853
11180,43,82,2764,0.0026701805366637814
11181,8,109,2764,0.0026701805366637814
11182,5,124,2764,0.0026701805366637814
11183,49,167,2763,0.002669214480029677
11184,31,58,2763,0.002669214480029677
11185,61,94,2762,0.002668248423395573
11186,57,82,2762,0.002668248423395573
11187,68,250,2761,0.002667282366761469
11188,53,118,2761,0.002667282366761469
11189,38,206,2761,0.002667282366761469
11190,76,12,2760,0.002666316310127365
11191,14,255,2760,0.002666316310127365
11192,76,220,2759,0.0026653502534932606
11193,49,56,2759,0.0026653502534932606
11194,42,208,2759,0.0026653502534932606
11195,34,93,2759,0.0026653502534932606
11196,29,231,2759,0.0026653502534932606
11197,71,0,2758,0.0026643841968591567
11198,60,83,2758,0.0026643841968591567
11199,45,242,2758,0.0026643841968591567
11200,11,44,2758,0.0026643841968591567
11201,47,159,2757,0.0026634181402250524
11202,35,152,2757,0.0026634181402250524
11203,76,64,2756,0.0026624520835909484
11204,45,165,2756,0.0026624520835909484
11205,69,45,2755,0.002661486026956844
11206,59,64,2755,0.002661486026956844
11207,51,126,2755,0.002661486026956844
11208,47,38,2755,0.002661486026956844
11209,10,80,2755,0.002661486026956844
11210,8,225,2755,0.002661486026956844
11211,44,8,2754,0.00266051997032274
11212,37,143,2754,0.00266051997032274
11213,21,40,2754,0.00266051997032274
11214,15,3,2754,0.00266051997032274
11215,50,12,2753,0.0026595539136886363
11216,44,124,2753,0.0026595539136886363
11217,72,105,2752,0.002658587857054532
11218,37,118,2752,0.002658587857054532
11219,22,78,2752,0.002658587857054532
11220,17,56,2752,0.002658587857054532
11221,6,105,2752,0.002658587857054532
11222,3,154,2752,0.002658587857054532
11223,46,49,2751,0.002657621800420428
11224,75,94,2750,0.0026566557437863237
11225,66,45,2750,0.0026566557437863237
11226,56,172,2750,0.0026566557437863237
11227,29,137,2750,0.0026566557437863237
11228,24,181,2750,0.0026566557437863237
11229,49,33,2749,0.00265568968715222
11230,28,237,2749,0.00265568968715222
11231,67,109,2748,0.0026547236305181155
11232,69,57,2747,0.0026537575738840116
11233,38,204,2747,0.0026537575738840116
11234,17,228,2747,0.0026537575738840116
11235,9,57,2747,0.0026537575738840116
11236,32,35,2746,0.0026527915172499072
11237,27,74,2746,0.0026527915172499072
11238,51,129,2745,0.0026518254606158033
11239,34,149,2745,0.0026518254606158033
11240,4,246,2745,0.0026518254606158033
11241,67,228,2744,0.002650859403981699
11242,41,92,2744,0.002650859403981699
11243,76,215,2743,0.002649893347347595
11244,61,223,2743,0.002649893347347595
11245,59,205,2742,0.0026489272907134907
11246,8,143,2742,0.0026489272907134907
11247,72,207,2741,0.002647961234079387
11248,23,123,2741,0.002647961234079387
11249,61,55,2740,0.0026469951774452825
11250,53,210,2740,0.0026469951774452825
11251,26,16,2740,0.0026469951774452825
11252,23,207,2740,0.0026469951774452825
11253,3,196,2740,0.0026469951774452825
11254,77,30,2738,0.0026450630641770743
11255,63,165,2738,0.0026450630641770743
11256,40,170,2738,0.0026450630641770743
11257,35,230,2738,0.0026450630641770743
11258,33,56,2738,0.0026450630641770743
11259,17,18,2738,0.0026450630641770743
11260,15,137,2738,0.0026450630641770743
11261,9,100,2738,0.0026450630641770743
11262,3,115,2738,0.0026450630641770743
11263,69,1,2737,0.0026440970075429704
11264,31,134,2737,0.0026440970075429704
11265,21,69,2737,0.0026440970075429704
11266,70,109,2736,0.002643130950908866
11267,74,0,2735,0.002642164894274762
11268,57,242,2735,0.002642164894274762
11269,7,240,2735,0.002642164894274762
11270,68,120,2734,0.0026411988376406578
11271,60,72,2734,0.0026411988376406578
11272,20,136,2734,0.0026411988376406578
11273,11,31,2734,0.0026411988376406578
11274,6,217,2734,0.0026411988376406578
11275,53,81,2733,0.002640232781006554
11276,52,224,2733,0.002640232781006554
11277,47,105,2733,0.002640232781006554
11278,59,160,2732,0.0026392667243724495
11279,30,51,2732,0.0026392667243724495
11280,68,155,2731,0.0026383006677383456
11281,17,0,2731,0.0026383006677383456
11282,67,176,2730,0.0026373346111042413
11283,62,209,2730,0.0026373346111042413
11284,50,42,2730,0.0026373346111042413
11285,24,116,2730,0.0026373346111042413
11286,5,94,2730,0.0026373346111042413
11287,42,90,2729,0.0026363685544701374
11288,40,216,2729,0.0026363685544701374
11289,43,51,2728,0.002635402497836033
11290,6,126,2728,0.002635402497836033
11291,68,131,2727,0.002634436441201929
11292,28,234,2727,0.002634436441201929
11293,27,90,2727,0.002634436441201929
11294,76,21,2726,0.002633470384567825
11295,75,228,2726,0.002633470384567825
11296,49,117,2726,0.002633470384567825
11297,47,91,2726,0.002633470384567825
11298,6,29,2726,0.002633470384567825
11299,48,232,2725,0.002632504327933721
11300,31,42,2725,0.002632504327933721
11301,11,18,2725,0.002632504327933721
11302,46,79,2724,0.0026315382712996166
11303,46,5,2724,0.0026315382712996166
11304,41,35,2724,0.0026315382712996166
11305,35,132,2724,0.0026315382712996166
11306,76,3,2723,0.0026305722146655127
11307,67,200,2723,0.0026305722146655127
11308,49,146,2723,0.0026305722146655127
11309,62,15,2722,0.0026296061580314083
11310,33,26,2721,0.0026286401013973044
11311,31,35,2721,0.0026286401013973044
11312,10,16,2721,0.0026286401013973044
11313,64,153,2720,0.0026276740447632
11314,61,222,2720,0.0026276740447632
11315,45,212,2720,0.0026276740447632
11316,16,154,2720,0.0026276740447632
11317,4,28,2720,0.0026276740447632
11318,52,175,2719,0.002626707988129096
11319,14,105,2719,0.002626707988129096
11320,5,9,2719,0.002626707988129096
11321,3,10,2719,0.002626707988129096
11322,62,54,2718,0.002625741931494992
11323,41,146,2718,0.002625741931494992
11324,5,166,2718,0.002625741931494992
11325,75,154,2717,0.002624775874860888
11326,72,246,2717,0.002624775874860888
11327,65,199,2717,0.002624775874860888
11328,44,98,2717,0.002624775874860888
11329,26,237,2717,0.002624775874860888
11330,4,200,2717,0.002624775874860888
11331,35,33,2716,0.0026238098182267836
11332,16,11,2716,0.0026238098182267836
11333,9,130,2716,0.0026238098182267836
11334,75,26,2715,0.0026228437615926797
11335,63,110,2715,0.0026228437615926797
11336,44,214,2715,0.0026228437615926797
11337,30,146,2715,0.0026228437615926797
11338,60,79,2714,0.0026218777049585753
11339,36,250,2714,0.0026218777049585753
11340,32,121,2714,0.0026218777049585753
11341,6,253,2714,0.0026218777049585753
11342,27,237,2713,0.0026209116483244714
11343,23,143,2713,0.0026209116483244714
11344,23,86,2713,0.0026209116483244714
11345,12,43,2713,0.0026209116483244714
11346,72,50,2712,0.002619945591690367
11347,63,59,2712,0.002619945591690367
11348,32,239,2712,0.002619945591690367
11349,71,245,2711,0.002618979535056263
11350,61,232,2711,0.002618979535056263
11351,51,190,2711,0.002618979535056263
11352,34,115,2711,0.002618979535056263
11353,20,236,2711,0.002618979535056263
11354,32,146,2710,0.002618013478422159
11355,29,232,2710,0.002618013478422159
11356,73,58,2709,0.002617047421788055
11357,70,224,2709,0.002617047421788055
11358,8,177,2709,0.002617047421788055
11359,74,76,2708,0.0026160813651539506
11360,72,175,2708,0.0026160813651539506
11361,45,243,2708,0.0026160813651539506
11362,21,223,2708,0.0026160813651539506
11363,10,52,2708,0.0026160813651539506
11364,61,21,2707,0.0026151153085198467
11365,33,121,2707,0.0026151153085198467
11366,68,223,2706,0.0026141492518857424
11367,60,196,2706,0.0026141492518857424
11368,43,80,2706,0.0026141492518857424
11369,18,232,2706,0.0026141492518857424
11370,76,179,2705,0.0026131831952516385
11371,68,140,2705,0.0026131831952516385
11372,35,141,2705,0.0026131831952516385
11373,25,16,2705,0.0026131831952516385
11374,15,105,2705,0.0026131831952516385
11375,55,16,2704,0.002612217138617534
11376,12,33,2703,0.0026112510819834302
11377,76,208,2702,0.002610285025349326
11378,63,217,2702,0.002610285025349326
11379,62,96,2702,0.002610285025349326
11380,52,11,2702,0.002610285025349326
11381,43,207,2702,0.002610285025349326
11382,40,140,2702,0.002610285025349326
11383,38,29,2702,0.002610285025349326
11384,7,164,2702,0.002610285025349326
11385,73,180,2701,0.002609318968715222
11386,20,115,2701,0.002609318968715222
11387,7,250,2701,0.002609318968715222
11388,4,97,2701,0.002609318968715222
11389,77,106,2700,0.0026083529120811176
11390,77,190,2699,0.0026073868554470137
11391,66,3,2699,0.0026073868554470137
11392,44,25,2699,0.0026073868554470137
11393,39,253,2699,0.0026073868554470137
11394,13,191,2699,0.0026073868554470137
11395,9,106,2699,0.0026073868554470137
11396,3,219,2699,0.0026073868554470137
11397,62,95,2698,0.0026064207988129094
11398,68,185,2697,0.0026054547421788055
11399,68,52,2697,0.0026054547421788055
11400,60,111,2697,0.0026054547421788055
11401,21,228,2697,0.0026054547421788055
11402,17,129,2697,0.0026054547421788055
11403,15,36,2697,0.0026054547421788055
11404,13,125,2697,0.0026054547421788055
11405,15,231,2696,0.002604488685544701
11406,13,7,2696,0.002604488685544701
11407,9,90,2696,0.002604488685544701
11408,67,249,2695,0.0026035226289105973
11409,63,27,2695,0.0026035226289105973
11410,55,15,2695,0.0026035226289105973
11411,50,190,2695,0.0026035226289105973
11412,43,177,2695,0.0026035226289105973
11413,53,12,2694,0.0026025565722764933
11414,33,150,2694,0.0026025565722764933
11415,27,85,2694,0.0026025565722764933
11416,17,238,2694,0.0026025565722764933
11417,7,192,2694,0.0026025565722764933
11418,36,69,2693,0.002601590515642389
11419,25,32,2693,0.002601590515642389
11420,5,84,2693,0.002601590515642389
11421,70,236,2692,0.002600624459008285
11422,60,24,2692,0.002600624459008285
11423,43,88,2692,0.002600624459008285
11424,36,145,2692,0.002600624459008285
11425,28,159,2692,0.002600624459008285
11426,24,60,2692,0.002600624459008285
11427,10,186,2692,0.002600624459008285
11428,73,4,2691,0.0025996584023741808
11429,62,247,2691,0.0025996584023741808
11430,16,163,2691,0.0025996584023741808
11431,5,37,2691,0.0025996584023741808
11432,66,26,2690,0.002598692345740077
11433,52,42,2690,0.002598692345740077
11434,37,79,2690,0.002598692345740077
11435,19,27,2690,0.002598692345740077
11436,77,131,2689,0.0025977262891059725
11437,65,237,2689,0.0025977262891059725
11438,30,74,2689,0.0025977262891059725
11439,10,47,2689,0.0025977262891059725
11440,59,176,2688,0.0025967602324718686
11441,77,116,2687,0.0025957941758377643
11442,69,12,2687,0.0025957941758377643
11443,30,161,2687,0.0025957941758377643
11444,74,169,2686,0.0025948281192036604
11445,53,15,2686,0.0025948281192036604
11446,28,229,2686,0.0025948281192036604
11447,51,83,2685,0.002593862062569556
11448,35,90,2685,0.002593862062569556
11449,17,212,2685,0.002593862062569556
11450,10,113,2685,0.002593862062569556
11451,70,234,2684,0.002592896005935452
11452,59,216,2684,0.002592896005935452
11453,52,191,2684,0.002592896005935452
11454,53,77,2683,0.002591929949301348
11455,46,26,2683,0.002591929949301348
11456,4,89,2683,0.002591929949301348
11457,24,74,2682,0.002590963892667244
11458,13,128,2682,0.002590963892667244
11459,10,134,2682,0.002590963892667244
11460,69,126,2681,0.0025899978360331396
11461,49,214,2681,0.0025899978360331396
11462,42,176,2681,0.0025899978360331396
11463,41,75,2681,0.0025899978360331396
11464,34,208,2681,0.0025899978360331396
11465,24,216,2681,0.0025899978360331396
11466,17,11,2681,0.0025899978360331396
11467,12,9,2681,0.0025899978360331396
11468,5,226,2681,0.0025899978360331396
11469,50,67,2680,0.0025890317793990356
11470,23,234,2680,0.0025890317793990356
11471,49,19,2679,0.0025880657227649313
11472,48,172,2679,0.0025880657227649313
11473,41,34,2679,0.0025880657227649313
11474,32,44,2679,0.0025880657227649313
11475,27,123,2679,0.0025880657227649313
11476,15,120,2679,0.0025880657227649313
11477,60,214,2678,0.0025870996661308274
11478,60,171,2678,0.0025870996661308274
11479,53,147,2678,0.0025870996661308274
11480,50,175,2678,0.0025870996661308274
11481,47,114,2678,0.0025870996661308274
11482,38,39,2678,0.0025870996661308274
11483,4,34,2678,0.0025870996661308274
11484,58,230,2677,0.002586133609496723
11485,41,87,2677,0.002586133609496723
11486,39,248,2677,0.002586133609496723
11487,5,191,2677,0.002586133609496723
11488,72,162,2676,0.002585167552862619
11489,58,192,2676,0.002585167552862619
11490,75,58,2675,0.002584201496228515
11491,59,195,2675,0.002584201496228515
11492,47,208,2675,0.002584201496228515
11493,40,25,2675,0.002584201496228515
11494,33,3,2675,0.002584201496228515
11495,25,217,2675,0.002584201496228515
11496,72,11,2674,0.002583235439594411
11497,60,198,2674,0.002583235439594411
11498,26,114,2674,0.002583235439594411
11499,22,58,2674,0.002583235439594411
11500,18,128,2674,0.002583235439594411
11501,5,58,2674,0.002583235439594411
11502,33,95,2673,0.0025822693829603066
11503,11,64,2673,0.0025822693829603066
11504,7,248,2673,0.0025822693829603066
11505,6,199,2673,0.0025822693829603066
11506,3,3,2673,0.0025822693829603066
11507,46,104,2672,0.0025813033263262027
11508,27,145,2672,0.0025813033263262027
11509,23,230,2672,0.0025813033263262027
11510,9,170,2672,0.0025813033263262027
11511,6,142,2672,0.0025813033263262027
11512,20,226,2671,0.0025803372696920983
11513,76,214,2670,0.0025793712130579944
11514,62,105,2670,0.0025793712130579944
11515,59,78,2670,0.0025793712130579944
11516,54,240,2670,0.0025793712130579944
11517,25,83,2670,0.0025793712130579944
11518,68,252,2669,0.00257840515642389
11519,14,57,2669,0.00257840515642389
11520,23,83,2668,0.002577439099789786
11521,48,45,2667,0.002576473043155682
11522,5,148,2667,0.002576473043155682
11523,57,177,2666,0.002575506986521578
11524,38,49,2666,0.002575506986521578
11525,32,242,2666,0.002575506986521578
11526,15,255,2666,0.002575506986521578
11527,73,43,2665,0.0025745409298874736
11528,34,23,2665,0.0025745409298874736
11529,4,104,2665,0.0025745409298874736
11530,43,169,2664,0.0025735748732533697
11531,15,175,2664,0.0025735748732533697
11532,67,60,2663,0.0025726088166192654
11533,62,243,2663,0.0025726088166192654
11534,58,66,2663,0.0025726088166192654
11535,53,132,2663,0.0025726088166192654
11536,51,157,2663,0.0025726088166192654
11537,46,220,2663,0.0025726088166192654
11538,43,248,2663,0.0025726088166192654
11539,26,48,2663,0.0025726088166192654
11540,14,212,2663,0.0025726088166192654
11541,35,203,2662,0.0025716427599851615
11542,27,7,2662,0.0025716427599851615
11543,22,116,2662,0.0025716427599851615
11544,13,67,2662,0.0025716427599851615
11545,70,219,2661,0.002570676703351057
11546,68,193,2661,0.002570676703351057
11547,58,76,2661,0.002570676703351057
11548,55,79,2661,0.002570676703351057
11549,51,91,2661,0.002570676703351057
11550,41,193,2661,0.002570676703351057
11551,33,13,2661,0.002570676703351057
11552,4,124,2661,0.002570676703351057
11553,75,20,2660,0.002569710646716953
11554,73,134,2660,0.002569710646716953
11555,46,123,2660,0.002569710646716953
11556,21,21,2660,0.002569710646716953
11557,15,143,2660,0.002569710646716953
11558,39,189,2659,0.002568744590082849
11559,31,71,2659,0.002568744590082849
11560,11,63,2659,0.002568744590082849
11561,29,247,2658,0.002567778533448745
11562,39,67,2657,0.0025668124768146406
11563,14,209,2657,0.0025668124768146406
11564,65,249,2656,0.0025658464201805367
11565,42,199,2656,0.0025658464201805367
11566,23,162,2656,0.0025658464201805367
11567,75,201,2654,0.0025639143069123285
11568,29,249,2654,0.0025639143069123285
11569,13,122,2654,0.0025639143069123285
11570,64,216,2653,0.002562948250278224
11571,48,55,2653,0.002562948250278224
11572,10,227,2653,0.002562948250278224
11573,52,201,2652,0.0025619821936441202
11574,14,123,2652,0.0025619821936441202
11575,24,95,2651,0.002561016137010016
11576,77,46,2650,0.002560050080375912
11577,59,18,2650,0.002560050080375912
11578,50,143,2650,0.002560050080375912
11579,42,104,2650,0.002560050080375912
11580,38,99,2650,0.002560050080375912
11581,34,159,2650,0.002560050080375912
11582,17,68,2649,0.0025590840237418077
11583,56,112,2648,0.0025581179671077038
11584,51,207,2648,0.0025581179671077038
11585,27,193,2648,0.0025581179671077038
11586,24,151,2648,0.0025581179671077038
11587,14,78,2648,0.0025581179671077038
11588,5,184,2648,0.0025581179671077038
11589,72,16,2645,0.002555219797205391
11590,3,42,2645,0.002555219797205391
11591,40,101,2644,0.0025542537405712873
11592,23,220,2644,0.0025542537405712873
11593,69,198,2643,0.002553287683937183
11594,36,114,2643,0.002553287683937183
11595,47,5,2642,0.002552321627303079
11596,41,173,2642,0.002552321627303079
11597,40,178,2642,0.002552321627303079
11598,6,122,2642,0.002552321627303079
11599,46,76,2641,0.0025513555706689747
11600,18,39,2641,0.0025513555706689747
11601,14,101,2641,0.0025513555706689747
11602,6,158,2641,0.0025513555706689747
11603,5,181,2641,0.0025513555706689747
11604,77,225,2640,0.002550389514034871
11605,73,232,2640,0.002550389514034871
11606,72,18,2640,0.002550389514034871
11607,27,121,2640,0.002550389514034871
11608,25,225,2640,0.002550389514034871
11609,21,192,2640,0.002550389514034871
11610,20,150,2640,0.002550389514034871
11611,3,103,2640,0.002550389514034871
11612,76,78,2639,0.0025494234574007664
11613,24,82,2639,0.0025494234574007664
11614,16,165,2639,0.0025494234574007664
11615,53,167,2638,0.0025484574007666625
11616,51,120,2638,0.0025484574007666625
11617,49,16,2637,0.0025474913441325586
11618,29,223,2637,0.0025474913441325586
11619,4,183,2637,0.0025474913441325586
11620,66,7,2636,0.0025465252874984543
11621,63,238,2636,0.0025465252874984543
11622,5,197,2636,0.0025465252874984543
11623,60,166,2635,0.0025455592308643504
11624,59,84,2635,0.0025455592308643504
11625,25,240,2635,0.0025455592308643504
11626,8,21,2635,0.0025455592308643504
11627,71,151,2634,0.002544593174230246
11628,19,238,2634,0.002544593174230246
11629,71,102,2633,0.002543627117596142
11630,55,217,2633,0.002543627117596142
11631,43,202,2633,0.002543627117596142
11632,25,202,2633,0.002543627117596142
11633,22,125,2633,0.002543627117596142
11634,16,242,2633,0.002543627117596142
11635,13,209,2633,0.002543627117596142
11636,10,119,2633,0.002543627117596142
11637,71,154,2632,0.002542661060962038
11638,58,50,2632,0.002542661060962038
11639,39,86,2632,0.002542661060962038
11640,38,197,2632,0.002542661060962038
11641,55,52,2631,0.002541695004327934
11642,53,8,2631,0.002541695004327934
11643,10,236,2631,0.002541695004327934
11644,14,218,2630,0.0025407289476938296
11645,12,11,2630,0.0025407289476938296
11646,39,3,2629,0.0025397628910597257
11647,38,235,2629,0.0025397628910597257
11648,28,250,2629,0.0025397628910597257
11649,11,101,2629,0.0025397628910597257
11650,32,12,2628,0.0025387968344256213
11651,14,70,2628,0.0025387968344256213
11652,7,191,2628,0.0025387968344256213
11653,50,46,2627,0.0025378307777915174
11654,41,202,2627,0.0025378307777915174
11655,20,24,2627,0.0025378307777915174
11656,8,206,2627,0.0025378307777915174
11657,64,187,2626,0.002536864721157413
11658,64,172,2626,0.002536864721157413
11659,55,159,2626,0.002536864721157413
11660,33,240,2626,0.002536864721157413
11661,29,183,2626,0.002536864721157413
11662,15,66,2626,0.002536864721157413
11663,15,0,2626,0.002536864721157413
11664,65,44,2625,0.002535898664523309
11665,39,222,2625,0.002535898664523309
11666,32,142,2625,0.002535898664523309
11667,6,14,2625,0.002535898664523309
11668,5,224,2624,0.002534932607889205
11669,24,189,2623,0.002533966551255101
11670,23,41,2623,0.002533966551255101
11671,22,180,2623,0.002533966551255101
11672,16,42,2623,0.002533966551255101
11673,11,57,2623,0.002533966551255101
11674,9,194,2623,0.002533966551255101
11675,45,207,2622,0.0025330004946209966
11676,25,63,2622,0.0025330004946209966
11677,14,237,2622,0.0025330004946209966
11678,7,73,2622,0.0025330004946209966
11679,73,167,2621,0.0025320344379868927
11680,68,188,2621,0.0025320344379868927
11681,59,225,2621,0.0025320344379868927
11682,55,55,2621,0.0025320344379868927
11683,32,161,2621,0.0025320344379868927
11684,11,164,2621,0.0025320344379868927
11685,68,58,2619,0.0025301023247186845
11686,68,38,2619,0.0025301023247186845
11687,39,229,2619,0.0025301023247186845
11688,37,218,2619,0.0025301023247186845
11689,22,219,2619,0.0025301023247186845
11690,19,216,2619,0.0025301023247186845
11691,63,207,2618,0.00252913626808458
11692,61,22,2618,0.00252913626808458
11693,39,146,2618,0.00252913626808458
11694,14,174,2618,0.00252913626808458
11695,13,51,2618,0.00252913626808458
11696,10,59,2618,0.00252913626808458
11697,22,1,2617,0.002528170211450476
11698,72,70,2616,0.002527204154816372
11699,67,25,2616,0.002527204154816372
11700,55,129,2616,0.002527204154816372
11701,22,136,2616,0.002527204154816372
11702,42,134,2615,0.002526238098182268
11703,35,94,2615,0.002526238098182268
11704,76,210,2614,0.0025252720415481636
11705,75,183,2614,0.0025252720415481636
11706,73,40,2614,0.0025252720415481636
11707,74,187,2613,0.0025243059849140597
11708,43,232,2613,0.0025243059849140597
11709,42,223,2613,0.0025243059849140597
11710,26,83,2613,0.0025243059849140597
11711,25,60,2613,0.0025243059849140597
11712,5,42,2613,0.0025243059849140597
11713,37,193,2612,0.0025233399282799554
11714,76,34,2611,0.0025223738716458515
11715,38,158,2611,0.0025223738716458515
11716,23,243,2611,0.0025223738716458515
11717,66,242,2610,0.002521407815011747
11718,60,68,2610,0.002521407815011747
11719,45,155,2610,0.002521407815011747
11720,37,10,2610,0.002521407815011747
11721,17,193,2610,0.002521407815011747
11722,5,145,2610,0.002521407815011747
11723,52,8,2609,0.0025204417583776432
11724,42,24,2609,0.0025204417583776432
11725,23,130,2609,0.0025204417583776432
11726,71,31,2608,0.002519475701743539
11727,47,196,2608,0.002519475701743539
11728,10,139,2608,0.002519475701743539
11729,10,66,2608,0.002519475701743539
11730,63,120,2607,0.002518509645109435
11731,29,81,2607,0.002518509645109435
11732,24,65,2607,0.002518509645109435
11733,16,229,2606,0.0025175435884753307
11734,76,163,2605,0.0025165775318412268
11735,10,175,2605,0.0025165775318412268
11736,77,70,2604,0.0025156114752071224
11737,55,153,2604,0.0025156114752071224
11738,43,137,2604,0.0025156114752071224
11739,30,193,2604,0.0025156114752071224
11740,21,132,2604,0.0025156114752071224
11741,13,145,2604,0.0025156114752071224
11742,65,186,2603,0.0025146454185730185
11743,38,251,2603,0.0025146454185730185
11744,7,232,2603,0.0025146454185730185
11745,56,0,2602,0.002513679361938914
11746,41,137,2602,0.002513679361938914
11747,33,211,2602,0.002513679361938914
11748,18,89,2602,0.002513679361938914
11749,6,79,2602,0.002513679361938914
11750,5,47,2602,0.002513679361938914
11751,4,25,2602,0.002513679361938914
11752,66,104,2601,0.0025127133053048103
11753,15,148,2601,0.0025127133053048103
11754,8,183,2601,0.0025127133053048103
11755,5,180,2601,0.0025127133053048103
11756,4,11,2601,0.0025127133053048103
11757,8,93,2600,0.002511747248670706
11758,69,244,2599,0.002510781192036602
11759,62,232,2599,0.002510781192036602
11760,49,121,2599,0.002510781192036602
11761,37,222,2599,0.002510781192036602
11762,12,63,2599,0.002510781192036602
11763,75,134,2598,0.0025098151354024977
11764,74,228,2598,0.0025098151354024977
11765,50,16,2598,0.0025098151354024977
11766,32,169,2598,0.0025098151354024977
11767,24,131,2598,0.0025098151354024977
11768,21,199,2598,0.0025098151354024977
11769,10,126,2598,0.0025098151354024977
11770,3,29,2598,0.0025098151354024977
11771,74,175,2597,0.0025088490787683938
11772,72,51,2597,0.0025088490787683938
11773,67,96,2597,0.0025088490787683938
11774,54,224,2597,0.0025088490787683938
11775,52,22,2597,0.0025088490787683938
11776,43,148,2597,0.0025088490787683938
11777,23,2,2597,0.0025088490787683938
11778,19,142,2597,0.0025088490787683938
11779,12,211,2597,0.0025088490787683938
11780,50,98,2596,0.0025078830221342894
11781,47,47,2596,0.0025078830221342894
11782,27,61,2596,0.0025078830221342894
11783,77,209,2595,0.0025069169655001855
11784,73,154,2595,0.0025069169655001855
11785,59,152,2595,0.0025069169655001855
11786,58,46,2594,0.002505950908866081
11787,32,42,2594,0.002505950908866081
11788,15,147,2594,0.002505950908866081
11789,11,30,2594,0.002505950908866081
11790,9,110,2594,0.002505950908866081
11791,70,45,2593,0.0025049848522319773
11792,60,168,2593,0.0025049848522319773
11793,58,183,2593,0.0025049848522319773
11794,25,116,2593,0.0025049848522319773
11795,14,38,2593,0.0025049848522319773
11796,13,152,2593,0.0025049848522319773
11797,68,147,2592,0.002504018795597873
11798,14,211,2592,0.002504018795597873
11799,9,179,2591,0.002503052738963769
11800,60,225,2590,0.0025020866823296647
11801,49,174,2590,0.0025020866823296647
11802,35,214,2590,0.0025020866823296647
11803,68,91,2589,0.002501120625695561
11804,60,101,2589,0.002501120625695561
11805,54,221,2589,0.002501120625695561
11806,29,122,2589,0.002501120625695561
11807,25,69,2589,0.002501120625695561
11808,15,16,2589,0.002501120625695561
11809,61,83,2588,0.0025001545690614565
11810,55,244,2588,0.0025001545690614565
11811,35,49,2588,0.0025001545690614565
11812,73,192,2587,0.0024991885124273526
11813,43,93,2587,0.0024991885124273526
11814,29,29,2587,0.0024991885124273526
11815,28,69,2587,0.0024991885124273526
11816,41,152,2586,0.0024982224557932482
11817,10,13,2586,0.0024982224557932482
11818,11,53,2585,0.0024972563991591443
11819,50,82,2584,0.00249629034252504
11820,66,58,2583,0.002495324285890936
11821,49,34,2583,0.002495324285890936
11822,18,168,2583,0.002495324285890936
11823,73,112,2582,0.0024943582292568317
11824,25,55,2582,0.0024943582292568317
11825,14,64,2582,0.0024943582292568317
11826,34,160,2581,0.002493392172622728
11827,34,58,2580,0.002492426115988624
11828,51,31,2579,0.0024914600593545196
11829,41,61,2579,0.0024914600593545196
11830,27,210,2579,0.0024914600593545196
11831,76,251,2578,0.0024904940027204157
11832,41,74,2578,0.0024904940027204157
11833,40,100,2578,0.0024904940027204157
11834,8,150,2578,0.0024904940027204157
11835,50,212,2577,0.0024895279460863113
11836,39,159,2577,0.0024895279460863113
11837,70,68,2576,0.0024885618894522074
11838,48,69,2576,0.0024885618894522074
11839,40,237,2576,0.0024885618894522074
11840,19,116,2576,0.0024885618894522074
11841,16,218,2576,0.0024885618894522074
11842,12,144,2576,0.0024885618894522074
11843,73,157,2575,0.002487595832818103
11844,44,220,2575,0.002487595832818103
11845,42,217,2575,0.002487595832818103
11846,8,148,2575,0.002487595832818103
11847,38,202,2574,0.002486629776183999
11848,23,37,2574,0.002486629776183999
11849,3,249,2574,0.002486629776183999
11850,46,198,2573,0.002485663719549895
11851,3,241,2573,0.002485663719549895
11852,52,5,2572,0.002484697662915791
11853,22,43,2572,0.002484697662915791
11854,4,99,2572,0.002484697662915791
11855,31,194,2571,0.0024837316062816866
11856,30,227,2571,0.0024837316062816866
11857,77,236,2570,0.0024827655496475827
11858,48,218,2570,0.0024827655496475827
11859,28,222,2570,0.0024827655496475827
11860,16,46,2570,0.0024827655496475827
11861,54,202,2569,0.0024817994930134784
11862,53,33,2568,0.0024808334363793745
11863,22,89,2568,0.0024808334363793745
11864,8,45,2568,0.0024808334363793745
11865,7,33,2568,0.0024808334363793745
11866,60,180,2567,0.00247986737974527
11867,5,204,2567,0.00247986737974527
11868,36,166,2566,0.0024789013231111662
11869,32,246,2566,0.0024789013231111662
11870,14,130,2566,0.0024789013231111662
11871,10,144,2566,0.0024789013231111662
11872,9,36,2566,0.0024789013231111662
11873,73,94,2565,0.002477935266477062
11874,67,187,2565,0.002477935266477062
11875,66,200,2565,0.002477935266477062
11876,73,111,2564,0.002476969209842958
11877,31,14,2564,0.002476969209842958
11878,47,191,2563,0.0024760031532088536
11879,42,165,2563,0.0024760031532088536
11880,32,167,2563,0.0024760031532088536
11881,75,141,2562,0.0024750370965747497
11882,69,11,2562,0.0024750370965747497
11883,61,32,2562,0.0024750370965747497
11884,46,183,2562,0.0024750370965747497
11885,45,144,2562,0.0024750370965747497
11886,38,40,2562,0.0024750370965747497
11887,23,76,2562,0.0024750370965747497
11888,59,105,2561,0.0024740710399406454
11889,55,4,2561,0.0024740710399406454
11890,72,93,2560,0.0024731049833065415
11891,62,132,2560,0.0024731049833065415
11892,50,234,2560,0.0024731049833065415
11893,12,239,2560,0.0024731049833065415
11894,30,187,2559,0.002472138926672437
11895,14,1,2559,0.002472138926672437
11896,6,221,2559,0.002472138926672437
11897,71,223,2558,0.0024711728700383333
11898,30,11,2558,0.0024711728700383333
11899,72,232,2556,0.002469240756770125
11900,40,227,2556,0.002469240756770125
11901,22,128,2556,0.002469240756770125
11902,10,111,2556,0.002469240756770125
11903,74,81,2555,0.0024682747001360207
11904,60,182,2555,0.0024682747001360207
11905,59,162,2555,0.0024682747001360207
11906,53,159,2555,0.0024682747001360207
11907,44,203,2555,0.0024682747001360207
11908,29,213,2555,0.0024682747001360207
11909,15,43,2555,0.0024682747001360207
11910,6,131,2555,0.0024682747001360207
11911,57,191,2554,0.0024673086435019168
11912,31,225,2554,0.0024673086435019168
11913,17,55,2554,0.0024673086435019168
11914,7,206,2554,0.0024673086435019168
11915,68,110,2553,0.0024663425868678124
11916,45,244,2553,0.0024663425868678124
11917,33,202,2553,0.0024663425868678124
11918,33,45,2553,0.0024663425868678124
11919,29,89,2553,0.0024663425868678124
11920,25,248,2553,0.0024663425868678124
11921,11,58,2553,0.0024663425868678124
11922,69,40,2552,0.0024653765302337085
11923,29,34,2552,0.0024653765302337085
11924,4,26,2552,0.0024653765302337085
11925,57,2,2551,0.002464410473599604
11926,10,79,2551,0.002464410473599604
11927,75,244,2550,0.0024634444169655003
11928,38,50,2550,0.0024634444169655003
11929,9,46,2550,0.0024634444169655003
11930,66,183,2549,0.002462478360331396
11931,64,145,2549,0.002462478360331396
11932,41,140,2549,0.002462478360331396
11933,31,223,2549,0.002462478360331396
11934,15,182,2549,0.002462478360331396
11935,3,69,2548,0.002461512303697292
11936,21,62,2547,0.0024605462470631877
11937,7,17,2547,0.0024605462470631877
11938,4,242,2547,0.0024605462470631877
11939,13,226,2546,0.002459580190429084
11940,3,74,2546,0.002459580190429084
11941,70,46,2545,0.0024586141337949795
11942,58,206,2545,0.0024586141337949795
11943,22,213,2545,0.0024586141337949795
11944,65,117,2544,0.0024576480771608756
11945,63,16,2544,0.0024576480771608756
11946,72,49,2543,0.0024566820205267712
11947,27,246,2543,0.0024566820205267712
11948,26,145,2543,0.0024566820205267712
11949,13,244,2543,0.0024566820205267712
11950,55,139,2542,0.0024557159638926673
11951,36,100,2542,0.0024557159638926673
11952,12,47,2542,0.0024557159638926673
11953,75,50,2541,0.002454749907258563
11954,67,22,2541,0.002454749907258563
11955,49,247,2541,0.002454749907258563
11956,44,237,2541,0.002454749907258563
11957,34,85,2541,0.002454749907258563
11958,72,192,2540,0.002453783850624459
11959,54,4,2540,0.002453783850624459
11960,53,19,2540,0.002453783850624459
11961,30,215,2540,0.002453783850624459
11962,29,158,2540,0.002453783850624459
11963,12,96,2540,0.002453783850624459
11964,69,21,2539,0.0024528177939903547
11965,38,21,2539,0.0024528177939903547
11966,25,145,2539,0.0024528177939903547
11967,20,206,2539,0.0024528177939903547
11968,5,216,2539,0.0024528177939903547
11969,70,123,2538,0.002451851737356251
11970,56,40,2538,0.002451851737356251
11971,7,56,2538,0.002451851737356251
11972,77,107,2537,0.0024508856807221465
11973,54,69,2537,0.0024508856807221465
11974,41,62,2537,0.0024508856807221465
11975,28,53,2537,0.0024508856807221465
11976,64,1,2535,0.0024489535674539382
11977,52,133,2535,0.0024489535674539382
11978,49,225,2535,0.0024489535674539382
11979,47,165,2534,0.0024479875108198343
11980,20,210,2534,0.0024479875108198343
11981,63,147,2532,0.002446055397551626
11982,58,238,2532,0.002446055397551626
11983,41,28,2532,0.002446055397551626
11984,40,249,2532,0.002446055397551626
11985,40,82,2532,0.002446055397551626
11986,12,222,2532,0.002446055397551626
11987,30,121,2531,0.0024450893409175218
11988,77,118,2530,0.002444123284283418
11989,66,179,2530,0.002444123284283418
11990,32,154,2530,0.002444123284283418
11991,72,87,2529,0.0024431572276493135
11992,33,61,2529,0.0024431572276493135
11993,30,120,2529,0.0024431572276493135
11994,24,170,2529,0.0024431572276493135
11995,76,143,2527,0.0024412251143811053
11996,67,99,2527,0.0024412251143811053
11997,65,178,2527,0.0024412251143811053
11998,45,162,2527,0.0024412251143811053
11999,26,85,2527,0.0024412251143811053
12000,9,156,2527,0.0024412251143811053
12001,5,86,2527,0.0024412251143811053
12002,76,6,2526,0.0024402590577470014
12003,69,217,2526,0.0024402590577470014
12004,11,96,2526,0.0024402590577470014
12005,7,169,2526,0.0024402590577470014
12006,5,196,2526,0.0024402590577470014
12007,61,174,2525,0.002439293001112897
12008,72,206,2524,0.002438326944478793
12009,41,52,2524,0.002438326944478793
12010,24,90,2524,0.002438326944478793
12011,15,4,2524,0.002438326944478793
12012,75,236,2523,0.0024373608878446892
12013,74,120,2523,0.0024373608878446892
12014,68,170,2523,0.0024373608878446892
12015,66,35,2523,0.0024373608878446892
12016,64,38,2523,0.0024373608878446892
12017,38,225,2523,0.0024373608878446892
12018,23,44,2523,0.0024373608878446892
12019,53,109,2522,0.002436394831210585
12020,69,133,2521,0.002435428774576481
12021,67,77,2521,0.002435428774576481
12022,39,199,2521,0.002435428774576481
12023,21,239,2521,0.002435428774576481
12024,69,241,2520,0.0024344627179423766
12025,59,163,2520,0.0024344627179423766
12026,50,240,2520,0.0024344627179423766
12027,12,86,2520,0.0024344627179423766
12028,6,247,2520,0.0024344627179423766
12029,74,119,2519,0.0024334966613082727
12030,73,24,2519,0.0024334966613082727
12031,68,33,2519,0.0024334966613082727
12032,65,126,2519,0.0024334966613082727
12033,53,200,2519,0.0024334966613082727
12034,41,76,2519,0.0024334966613082727
12035,39,72,2519,0.0024334966613082727
12036,69,65,2518,0.0024325306046741684
12037,59,220,2518,0.0024325306046741684
12038,57,214,2517,0.0024315645480400645
12039,50,207,2517,0.0024315645480400645
12040,58,231,2516,0.00243059849140596
12041,32,243,2516,0.00243059849140596
12042,75,114,2515,0.0024296324347718562
12043,48,203,2514,0.002428666378137752
12044,43,164,2514,0.002428666378137752
12045,40,157,2514,0.002428666378137752
12046,50,183,2513,0.002427700321503648
12047,26,95,2513,0.002427700321503648
12048,39,9,2512,0.0024267342648695437
12049,56,65,2511,0.0024257682082354398
12050,45,8,2511,0.0024257682082354398
12051,30,6,2511,0.0024257682082354398
12052,74,195,2510,0.0024248021516013354
12053,74,9,2510,0.0024248021516013354
12054,58,179,2510,0.0024248021516013354
12055,35,153,2510,0.0024248021516013354
12056,25,112,2510,0.0024248021516013354
12057,5,142,2510,0.0024248021516013354
12058,39,197,2509,0.0024238360949672315
12059,23,10,2509,0.0024238360949672315
12060,9,206,2509,0.0024238360949672315
12061,51,59,2508,0.002422870038333127
12062,34,190,2508,0.002422870038333127
12063,14,92,2508,0.002422870038333127
12064,6,157,2508,0.002422870038333127
12065,3,4,2508,0.002422870038333127
12066,70,145,2507,0.0024219039816990233
12067,65,122,2507,0.0024219039816990233
12068,59,242,2507,0.0024219039816990233
12069,47,197,2507,0.0024219039816990233
12070,16,176,2507,0.0024219039816990233
12071,72,62,2506,0.002420937925064919
12072,51,241,2506,0.002420937925064919
12073,50,169,2506,0.002420937925064919
12074,40,63,2506,0.002420937925064919
12075,21,72,2506,0.002420937925064919
12076,51,36,2505,0.002419971868430815
12077,14,191,2505,0.002419971868430815
12078,74,253,2504,0.0024190058117967107
12079,18,12,2504,0.0024190058117967107
12080,17,167,2504,0.0024190058117967107
12081,62,34,2503,0.002418039755162607
12082,58,56,2503,0.002418039755162607
12083,53,179,2503,0.002418039755162607
12084,52,137,2503,0.002418039755162607
12085,11,67,2503,0.002418039755162607
12086,77,200,2502,0.0024170736985285025
12087,50,27,2502,0.0024170736985285025
12088,33,4,2502,0.0024170736985285025
12089,25,216,2502,0.0024170736985285025
12090,62,88,2501,0.0024161076418943985
12091,48,74,2501,0.0024161076418943985
12092,45,99,2501,0.0024161076418943985
12093,44,80,2501,0.0024161076418943985
12094,38,89,2501,0.0024161076418943985
12095,23,136,2501,0.0024161076418943985
12096,20,126,2501,0.0024161076418943985
12097,19,107,2501,0.0024161076418943985
12098,25,207,2500,0.002415141585260294
12099,18,57,2500,0.002415141585260294
12100,4,24,2499,0.0024141755286261903
12101,64,51,2498,0.002413209471992086
12102,64,25,2498,0.002413209471992086
12103,5,182,2498,0.002413209471992086
12104,73,92,2497,0.002412243415357982
12105,49,119,2497,0.002412243415357982
12106,13,13,2497,0.002412243415357982
12107,10,182,2497,0.002412243415357982
12108,3,64,2497,0.002412243415357982
12109,72,242,2496,0.0024112773587238777
12110,67,240,2496,0.0024112773587238777
12111,64,219,2496,0.0024112773587238777
12112,43,98,2496,0.0024112773587238777
12113,10,163,2496,0.0024112773587238777
12114,10,161,2496,0.0024112773587238777
12115,70,13,2495,0.002410311302089774
12116,65,214,2495,0.002410311302089774
12117,56,243,2495,0.002410311302089774
12118,47,192,2495,0.002410311302089774
12119,42,88,2495,0.002410311302089774
12120,22,100,2495,0.002410311302089774
12121,65,97,2494,0.0024093452454556695
12122,53,177,2494,0.0024093452454556695
12123,35,92,2494,0.0024093452454556695
12124,51,27,2493,0.0024083791888215656
12125,17,217,2493,0.0024083791888215656
12126,12,223,2493,0.0024083791888215656
12127,42,152,2492,0.0024074131321874612
12128,25,44,2492,0.0024074131321874612
12129,45,201,2491,0.0024064470755533573
12130,35,111,2491,0.0024064470755533573
12131,25,128,2491,0.0024064470755533573
12132,17,213,2491,0.0024064470755533573
12133,10,167,2491,0.0024064470755533573
12134,69,26,2490,0.002405481018919253
12135,56,62,2490,0.002405481018919253
12136,48,109,2490,0.002405481018919253
12137,45,136,2490,0.002405481018919253
12138,57,72,2489,0.002404514962285149
12139,49,164,2489,0.002404514962285149
12140,27,138,2489,0.002404514962285149
12141,13,105,2489,0.002404514962285149
12142,66,141,2488,0.0024035489056510448
12143,37,77,2488,0.0024035489056510448
12144,22,156,2488,0.0024035489056510448
12145,54,210,2487,0.002402582849016941
12146,34,241,2487,0.002402582849016941
12147,31,6,2487,0.002402582849016941
12148,30,47,2487,0.002402582849016941
12149,14,141,2487,0.002402582849016941
12150,5,209,2487,0.002402582849016941
12151,56,83,2486,0.0024016167923828365
12152,52,29,2486,0.0024016167923828365
12153,40,22,2486,0.0024016167923828365
12154,36,133,2486,0.0024016167923828365
12155,29,54,2486,0.0024016167923828365
12156,73,120,2485,0.0024006507357487326
12157,6,99,2485,0.0024006507357487326
12158,76,139,2484,0.0023996846791146283
12159,34,53,2484,0.0023996846791146283
12160,74,212,2483,0.0023987186224805244
12161,69,120,2483,0.0023987186224805244
12162,67,70,2483,0.0023987186224805244
12163,55,43,2483,0.0023987186224805244
12164,45,184,2483,0.0023987186224805244
12165,37,160,2483,0.0023987186224805244
12166,25,2,2483,0.0023987186224805244
12167,70,159,2482,0.00239775256584642
12168,64,54,2482,0.00239775256584642
12169,36,29,2482,0.00239775256584642
12170,9,118,2482,0.00239775256584642
12171,8,26,2482,0.00239775256584642
12172,23,149,2481,0.002396786509212316
12173,5,179,2481,0.002396786509212316
12174,63,13,2480,0.0023958204525782118
12175,6,212,2480,0.0023958204525782118
12176,50,64,2479,0.002394854395944108
12177,26,158,2479,0.002394854395944108
12178,12,242,2479,0.002394854395944108
12179,64,87,2478,0.0023938883393100035
12180,56,239,2478,0.0023938883393100035
12181,21,190,2478,0.0023938883393100035
12182,19,218,2477,0.0023929222826758996
12183,5,87,2477,0.0023929222826758996
12184,76,175,2476,0.0023919562260417953
12185,72,17,2476,0.0023919562260417953
12186,60,39,2476,0.0023919562260417953
12187,48,120,2476,0.0023919562260417953
12188,31,187,2476,0.0023919562260417953
12189,20,134,2476,0.0023919562260417953
12190,10,5,2476,0.0023919562260417953
12191,60,26,2475,0.0023909901694076914
12192,42,102,2475,0.0023909901694076914
12193,18,244,2475,0.0023909901694076914
12194,4,208,2475,0.0023909901694076914
12195,63,17,2474,0.002390024112773587
12196,46,255,2474,0.002390024112773587
12197,70,217,2473,0.002389058056139483
12198,59,141,2473,0.002389058056139483
12199,25,190,2473,0.002389058056139483
12200,77,141,2472,0.002388091999505379
12201,66,86,2472,0.002388091999505379
12202,31,43,2472,0.002388091999505379
12203,18,117,2471,0.002387125942871275
12204,9,209,2471,0.002387125942871275
12205,6,170,2471,0.002387125942871275
12206,76,110,2470,0.0023861598862371706
12207,73,83,2469,0.0023851938296030667
12208,36,226,2469,0.0023851938296030667
12209,24,167,2469,0.0023851938296030667
12210,18,142,2469,0.0023851938296030667
12211,3,33,2469,0.0023851938296030667
12212,45,169,2468,0.0023842277729689623
12213,16,92,2468,0.0023842277729689623
12214,5,73,2468,0.0023842277729689623
12215,76,127,2467,0.0023832617163348584
12216,70,161,2467,0.0023832617163348584
12217,55,172,2467,0.0023832617163348584
12218,57,198,2466,0.0023822956597007545
12219,39,41,2466,0.0023822956597007545
12220,5,56,2466,0.0023822956597007545
12221,39,209,2465,0.00238132960306665
12222,24,10,2465,0.00238132960306665
12223,11,253,2465,0.00238132960306665
12224,52,124,2464,0.0023803635464325463
12225,49,77,2464,0.0023803635464325463
12226,5,70,2463,0.002379397489798442
12227,4,245,2463,0.002379397489798442
12228,59,2,2462,0.002378431433164338
12229,42,119,2462,0.002378431433164338
12230,39,11,2462,0.002378431433164338
12231,25,101,2462,0.002378431433164338
12232,12,189,2462,0.002378431433164338
12233,28,46,2460,0.00237649931989613
12234,9,103,2460,0.00237649931989613
12235,5,15,2460,0.00237649931989613
12236,27,155,2459,0.0023755332632620254
12237,15,243,2459,0.0023755332632620254
12238,6,155,2459,0.0023755332632620254
12239,67,57,2458,0.0023745672066279215
12240,23,164,2458,0.0023745672066279215
12241,74,45,2457,0.002373601149993817
12242,52,87,2457,0.002373601149993817
12243,24,177,2457,0.002373601149993817
12244,21,186,2457,0.002373601149993817
12245,12,217,2457,0.002373601149993817
12246,65,104,2456,0.0023726350933597133
12247,46,115,2456,0.0023726350933597133
12248,36,54,2456,0.0023726350933597133
12249,19,45,2456,0.0023726350933597133
12250,15,199,2456,0.0023726350933597133
12251,17,44,2455,0.002371669036725609
12252,70,250,2454,0.002370702980091505
12253,58,125,2454,0.002370702980091505
12254,25,13,2454,0.002370702980091505
12255,24,40,2454,0.002370702980091505
12256,69,73,2453,0.0023697369234574007
12257,40,30,2453,0.0023697369234574007
12258,24,58,2453,0.0023697369234574007
12259,12,118,2453,0.0023697369234574007
12260,21,164,2452,0.002368770866823297
12261,52,194,2451,0.0023678048101891925
12262,31,65,2451,0.0023678048101891925
12263,11,168,2451,0.0023678048101891925
12264,50,105,2450,0.0023668387535550886
12265,52,185,2449,0.0023658726969209842
12266,50,178,2449,0.0023658726969209842
12267,47,215,2449,0.0023658726969209842
12268,39,162,2449,0.0023658726969209842
12269,23,146,2449,0.0023658726969209842
12270,20,93,2449,0.0023658726969209842
12271,7,81,2449,0.0023658726969209842
12272,69,42,2448,0.0023649066402868803
12273,60,41,2448,0.0023649066402868803
12274,22,17,2448,0.0023649066402868803
12275,46,29,2447,0.002363940583652776
12276,45,247,2447,0.002363940583652776
12277,40,142,2447,0.002363940583652776
12278,34,189,2447,0.002363940583652776
12279,31,64,2447,0.002363940583652776
12280,18,154,2447,0.002363940583652776
12281,51,236,2446,0.002362974527018672
12282,44,3,2446,0.002362974527018672
12283,36,38,2446,0.002362974527018672
12284,14,166,2446,0.002362974527018672
12285,14,117,2446,0.002362974527018672
12286,6,234,2446,0.002362974527018672
12287,40,137,2445,0.0023620084703845677
12288,36,74,2445,0.0023620084703845677
12289,16,29,2445,0.0023620084703845677
12290,54,231,2444,0.002361042413750464
12291,44,46,2444,0.002361042413750464
12292,32,149,2444,0.002361042413750464
12293,3,149,2444,0.002361042413750464
12294,62,213,2443,0.0023600763571163595
12295,61,201,2443,0.0023600763571163595
12296,45,128,2443,0.0023600763571163595
12297,42,154,2443,0.0023600763571163595
12298,37,199,2443,0.0023600763571163595
12299,11,187,2443,0.0023600763571163595
12300,65,43,2442,0.0023591103004822556
12301,57,34,2442,0.0023591103004822556
12302,31,15,2442,0.0023591103004822556
12303,11,106,2442,0.0023591103004822556
12304,72,78,2441,0.0023581442438481513
12305,65,225,2441,0.0023581442438481513
12306,29,77,2441,0.0023581442438481513
12307,28,152,2441,0.0023581442438481513
12308,13,116,2441,0.0023581442438481513
12309,55,234,2440,0.0023571781872140474
12310,45,19,2440,0.0023571781872140474
12311,31,54,2440,0.0023571781872140474
12312,74,210,2439,0.002356212130579943
12313,68,198,2439,0.002356212130579943
12314,61,39,2439,0.002356212130579943
12315,58,203,2439,0.002356212130579943
12316,20,139,2438,0.002355246073945839
12317,62,5,2437,0.0023542800173117348
12318,37,29,2437,0.0023542800173117348
12319,28,9,2437,0.0023542800173117348
12320,19,156,2437,0.0023542800173117348
12321,66,168,2436,0.002353313960677631
12322,48,223,2436,0.002353313960677631
12323,44,177,2436,0.002353313960677631
12324,8,156,2436,0.002353313960677631
12325,49,168,2434,0.0023513818474094226
12326,72,164,2433,0.0023504157907753183
12327,43,209,2433,0.0023504157907753183
12328,37,35,2433,0.0023504157907753183
12329,27,89,2433,0.0023504157907753183
12330,22,113,2432,0.0023494497341412144
12331,76,198,2431,0.00234848367750711
12332,15,38,2431,0.00234848367750711
12333,6,168,2431,0.00234848367750711
12334,67,172,2430,0.002347517620873006
12335,63,159,2430,0.002347517620873006
12336,61,207,2430,0.002347517620873006
12337,44,52,2430,0.002347517620873006
12338,6,34,2430,0.002347517620873006
12339,70,237,2429,0.002346551564238902
12340,70,152,2429,0.002346551564238902
12341,43,184,2429,0.002346551564238902
12342,18,60,2429,0.002346551564238902
12343,31,44,2428,0.002345585507604798
12344,3,235,2428,0.002345585507604798
12345,58,100,2427,0.0023446194509706936
12346,56,79,2427,0.0023446194509706936
12347,49,134,2427,0.0023446194509706936
12348,30,33,2427,0.0023446194509706936
12349,53,230,2426,0.0023436533943365897
12350,52,254,2426,0.0023436533943365897
12351,49,110,2426,0.0023436533943365897
12352,41,88,2426,0.0023436533943365897
12353,26,221,2426,0.0023436533943365897
12354,10,123,2426,0.0023436533943365897
12355,4,212,2426,0.0023436533943365897
12356,27,192,2425,0.0023426873377024853
12357,5,135,2425,0.0023426873377024853
12358,40,152,2424,0.0023417212810683814
12359,20,63,2423,0.002340755224434277
12360,14,154,2423,0.002340755224434277
12361,10,243,2423,0.002340755224434277
12362,59,134,2422,0.002339789167800173
12363,46,169,2422,0.002339789167800173
12364,30,21,2422,0.002339789167800173
12365,24,179,2422,0.002339789167800173
12366,71,168,2421,0.002338823111166069
12367,39,161,2421,0.002338823111166069
12368,19,61,2421,0.002338823111166069
12369,12,115,2421,0.002338823111166069
12370,48,17,2420,0.002337857054531965
12371,30,17,2420,0.002337857054531965
12372,48,142,2419,0.0023368909978978606
12373,46,50,2419,0.0023368909978978606
12374,38,161,2419,0.0023368909978978606
12375,11,89,2419,0.0023368909978978606
12376,6,197,2419,0.0023368909978978606
12377,76,117,2418,0.0023359249412637567
12378,35,206,2418,0.0023359249412637567
12379,4,67,2418,0.0023359249412637567
12380,65,111,2417,0.0023349588846296523
12381,63,121,2417,0.0023349588846296523
12382,54,68,2417,0.0023349588846296523
12383,49,169,2417,0.0023349588846296523
12384,47,45,2417,0.0023349588846296523
12385,67,223,2416,0.0023339928279955484
12386,41,64,2416,0.0023339928279955484
12387,29,147,2416,0.0023339928279955484
12388,26,169,2416,0.0023339928279955484
12389,58,163,2415,0.002333026771361444
12390,46,143,2415,0.002333026771361444
12391,55,11,2414,0.00233206071472734
12392,50,18,2414,0.00233206071472734
12393,7,213,2414,0.00233206071472734
12394,67,2,2413,0.002331094658093236
12395,60,95,2413,0.002331094658093236
12396,4,45,2413,0.002331094658093236
12397,74,165,2412,0.002330128601459132
12398,68,172,2412,0.002330128601459132
12399,67,106,2412,0.002330128601459132
12400,53,186,2411,0.0023291625448250276
12401,36,97,2411,0.0023291625448250276
12402,32,159,2411,0.0023291625448250276
12403,6,94,2411,0.0023291625448250276
12404,71,89,2410,0.0023281964881909237
12405,68,138,2410,0.0023281964881909237
12406,58,105,2410,0.0023281964881909237
12407,49,157,2410,0.0023281964881909237
12408,26,13,2409,0.0023272304315568194
12409,60,154,2408,0.0023262643749227155
12410,51,89,2408,0.0023262643749227155
12411,46,121,2408,0.0023262643749227155
12412,28,123,2408,0.0023262643749227155
12413,7,197,2408,0.0023262643749227155
12414,72,4,2407,0.0023252983182886116
12415,62,69,2407,0.0023252983182886116
12416,61,64,2407,0.0023252983182886116
12417,33,140,2407,0.0023252983182886116
12418,19,169,2407,0.0023252983182886116
12419,14,213,2406,0.0023243322616545072
12420,12,133,2406,0.0023243322616545072
12421,75,18,2405,0.0023233662050204033
12422,66,51,2405,0.0023233662050204033
12423,45,13,2405,0.0023233662050204033
12424,38,224,2405,0.0023233662050204033
12425,26,49,2405,0.0023233662050204033
12426,58,199,2404,0.002322400148386299
12427,40,80,2404,0.002322400148386299
12428,26,128,2404,0.002322400148386299
12429,28,27,2403,0.002321434091752195
12430,20,131,2403,0.002321434091752195
12431,15,157,2403,0.002321434091752195
12432,29,176,2402,0.0023204680351180907
12433,8,251,2402,0.0023204680351180907
12434,68,206,2401,0.002319501978483987
12435,49,241,2400,0.0023185359218498825
12436,39,225,2400,0.0023185359218498825
12437,24,147,2400,0.0023185359218498825
12438,54,155,2399,0.0023175698652157786
12439,39,19,2399,0.0023175698652157786
12440,75,241,2398,0.0023166038085816743
12441,63,173,2398,0.0023166038085816743
12442,76,245,2397,0.0023156377519475703
12443,41,95,2397,0.0023156377519475703
12444,30,102,2397,0.0023156377519475703
12445,18,14,2397,0.0023156377519475703
12446,75,216,2396,0.002314671695313466
12447,30,22,2396,0.002314671695313466
12448,10,65,2396,0.002314671695313466
12449,44,84,2395,0.002313705638679362
12450,60,210,2394,0.0023127395820452578
12451,55,131,2394,0.0023127395820452578
12452,58,190,2393,0.002311773525411154
12453,24,61,2393,0.002311773525411154
12454,35,228,2392,0.0023108074687770495
12455,33,171,2392,0.0023108074687770495
12456,58,129,2391,0.0023098414121429456
12457,31,175,2391,0.0023098414121429456
12458,16,129,2391,0.0023098414121429456
12459,60,104,2390,0.0023088753555088413
12460,5,78,2390,0.0023088753555088413
12461,71,232,2389,0.0023079092988747374
12462,61,103,2389,0.0023079092988747374
12463,44,89,2389,0.0023079092988747374
12464,13,250,2389,0.0023079092988747374
12465,10,230,2389,0.0023079092988747374
12466,66,140,2388,0.002306943242240633
12467,44,253,2388,0.002306943242240633
12468,36,216,2388,0.002306943242240633
12469,35,222,2388,0.002306943242240633
12470,55,77,2387,0.002305977185606529
12471,49,254,2387,0.002305977185606529
12472,22,129,2387,0.002305977185606529
12473,74,178,2386,0.002305011128972425
12474,52,59,2386,0.002305011128972425
12475,45,176,2386,0.002305011128972425
12476,43,92,2386,0.002305011128972425
12477,40,133,2386,0.002305011128972425
12478,30,114,2386,0.002305011128972425
12479,20,35,2386,0.002305011128972425
12480,76,53,2385,0.002304045072338321
12481,57,137,2384,0.0023030790157042165
12482,7,102,2384,0.0023030790157042165
12483,66,197,2383,0.0023021129590701126
12484,63,113,2383,0.0023021129590701126
12485,31,231,2383,0.0023021129590701126
12486,24,33,2383,0.0023021129590701126
12487,23,179,2383,0.0023021129590701126
12488,13,174,2383,0.0023021129590701126
12489,59,169,2382,0.0023011469024360083
12490,50,185,2382,0.0023011469024360083
12491,37,180,2382,0.0023011469024360083
12492,26,173,2382,0.0023011469024360083
12493,34,108,2381,0.0023001808458019044
12494,28,76,2381,0.0023001808458019044
12495,24,197,2381,0.0023001808458019044
12496,74,116,2380,0.0022992147891678
12497,74,64,2380,0.0022992147891678
12498,62,13,2380,0.0022992147891678
12499,60,107,2380,0.0022992147891678
12500,56,54,2380,0.0022992147891678
12501,38,72,2380,0.0022992147891678
12502,36,64,2380,0.0022992147891678
12503,9,67,2380,0.0022992147891678
12504,6,139,2380,0.0022992147891678
12505,71,95,2379,0.002298248732533696
12506,9,39,2379,0.002298248732533696
12507,62,196,2378,0.002297282675899592
12508,59,201,2377,0.002296316619265488
12509,53,95,2377,0.002296316619265488
12510,49,143,2377,0.002296316619265488
12511,46,105,2377,0.002296316619265488
12512,16,37,2377,0.002296316619265488
12513,63,252,2376,0.0022953505626313836
12514,35,216,2376,0.0022953505626313836
12515,33,134,2376,0.0022953505626313836
12516,24,119,2376,0.0022953505626313836
12517,20,143,2376,0.0022953505626313836
12518,15,89,2376,0.0022953505626313836
12519,58,101,2375,0.0022943845059972797
12520,27,59,2375,0.0022943845059972797
12521,22,2,2375,0.0022943845059972797
12522,66,182,2374,0.0022934184493631753
12523,63,133,2374,0.0022934184493631753
12524,38,36,2374,0.0022934184493631753
12525,10,41,2374,0.0022934184493631753
12526,62,84,2373,0.0022924523927290714
12527,46,19,2373,0.0022924523927290714
12528,74,104,2372,0.002291486336094967
12529,71,206,2372,0.002291486336094967
12530,49,243,2372,0.002291486336094967
12531,43,87,2372,0.002291486336094967
12532,34,168,2372,0.002291486336094967
12533,29,95,2372,0.002291486336094967
12534,67,94,2371,0.002290520279460863
12535,50,119,2371,0.002290520279460863
12536,41,30,2371,0.002290520279460863
12537,28,71,2371,0.002290520279460863
12538,5,85,2371,0.002290520279460863
12539,72,181,2370,0.002289554222826759
12540,44,204,2370,0.002289554222826759
12541,32,140,2370,0.002289554222826759
12542,26,81,2370,0.002289554222826759
12543,20,220,2370,0.002289554222826759
12544,53,182,2369,0.002288588166192655
12545,27,56,2369,0.002288588166192655
12546,67,76,2368,0.0022876221095585506
12547,63,212,2368,0.0022876221095585506
12548,19,56,2368,0.0022876221095585506
12549,66,155,2367,0.0022866560529244467
12550,29,59,2367,0.0022866560529244467
12551,16,125,2367,0.0022866560529244467
12552,64,234,2366,0.0022856899962903424
12553,51,244,2366,0.0022856899962903424
12554,49,211,2366,0.0022856899962903424
12555,13,17,2366,0.0022856899962903424
12556,68,145,2365,0.0022847239396562385
12557,17,157,2365,0.0022847239396562385
12558,62,220,2364,0.002283757883022134
12559,4,135,2364,0.002283757883022134
12560,62,165,2363,0.00228279182638803
12561,39,166,2363,0.00228279182638803
12562,28,204,2363,0.00228279182638803
12563,66,224,2362,0.002281825769753926
12564,59,58,2362,0.002281825769753926
12565,51,70,2362,0.002281825769753926
12566,10,206,2362,0.002281825769753926
12567,59,33,2361,0.002280859713119822
12568,76,184,2360,0.0022798936564857176
12569,75,164,2360,0.0022798936564857176
12570,68,5,2360,0.0022798936564857176
12571,26,9,2360,0.0022798936564857176
12572,18,102,2360,0.0022798936564857176
12573,12,84,2360,0.0022798936564857176
12574,69,79,2359,0.0022789275998516137
12575,58,221,2359,0.0022789275998516137
12576,39,147,2359,0.0022789275998516137
12577,16,90,2359,0.0022789275998516137
12578,57,123,2358,0.0022779615432175094
12579,57,110,2358,0.0022779615432175094
12580,33,129,2358,0.0022779615432175094
12581,27,238,2358,0.0022779615432175094
12582,26,53,2358,0.0022779615432175094
12583,75,223,2357,0.0022769954865834055
12584,53,2,2357,0.0022769954865834055
12585,36,182,2357,0.0022769954865834055
12586,26,89,2357,0.0022769954865834055
12587,10,130,2357,0.0022769954865834055
12588,66,177,2356,0.002276029429949301
12589,50,84,2356,0.002276029429949301
12590,18,133,2356,0.002276029429949301
12591,63,172,2355,0.0022750633733151972
12592,43,21,2355,0.0022750633733151972
12593,41,203,2355,0.0022750633733151972
12594,26,130,2355,0.0022750633733151972
12595,63,47,2354,0.002274097316681093
12596,17,245,2354,0.002274097316681093
12597,15,241,2354,0.002274097316681093
12598,33,179,2353,0.002273131260046989
12599,11,150,2353,0.002273131260046989
12600,19,68,2352,0.0022721652034128847
12601,34,66,2351,0.0022711991467787808
12602,33,51,2351,0.0022711991467787808
12603,19,237,2351,0.0022711991467787808
12604,75,64,2350,0.002270233090144677
12605,74,115,2350,0.002270233090144677
12606,61,40,2350,0.002270233090144677
12607,55,10,2350,0.002270233090144677
12608,46,44,2350,0.002270233090144677
12609,41,71,2350,0.002270233090144677
12610,35,186,2350,0.002270233090144677
12611,69,254,2349,0.0022692670335105725
12612,44,132,2349,0.0022692670335105725
12613,43,34,2349,0.0022692670335105725
12614,51,111,2348,0.0022683009768764686
12615,25,178,2348,0.0022683009768764686
12616,23,9,2348,0.0022683009768764686
12617,10,149,2348,0.0022683009768764686
12618,70,179,2347,0.0022673349202423643
12619,52,205,2347,0.0022673349202423643
12620,26,183,2347,0.0022673349202423643
12621,54,247,2346,0.0022663688636082604
12622,46,193,2345,0.002265402806974156
12623,45,158,2345,0.002265402806974156
12624,43,147,2345,0.002265402806974156
12625,35,7,2345,0.002265402806974156
12626,9,255,2345,0.002265402806974156
12627,50,76,2344,0.002264436750340052
12628,26,11,2344,0.002264436750340052
12629,22,181,2344,0.002264436750340052
12630,28,182,2343,0.002263470693705948
12631,27,40,2343,0.002263470693705948
12632,18,212,2343,0.002263470693705948
12633,33,169,2342,0.002262504637071844
12634,28,144,2342,0.002262504637071844
12635,3,98,2342,0.002262504637071844
12636,65,210,2341,0.0022615385804377395
12637,36,201,2341,0.0022615385804377395
12638,22,44,2341,0.0022615385804377395
12639,20,181,2341,0.0022615385804377395
12640,12,40,2341,0.0022615385804377395
12641,54,141,2339,0.0022596064671695313
12642,36,221,2339,0.0022596064671695313
12643,77,38,2338,0.0022586404105354274
12644,69,36,2338,0.0022586404105354274
12645,47,83,2338,0.0022586404105354274
12646,38,164,2338,0.0022586404105354274
12647,26,236,2338,0.0022586404105354274
12648,67,225,2337,0.002257674353901323
12649,62,49,2337,0.002257674353901323
12650,53,130,2337,0.002257674353901323
12651,6,133,2337,0.002257674353901323
12652,76,254,2336,0.002256708297267219
12653,63,15,2336,0.002256708297267219
12654,53,46,2336,0.002256708297267219
12655,40,251,2336,0.002256708297267219
12656,14,165,2336,0.002256708297267219
12657,70,201,2335,0.002255742240633115
12658,42,65,2335,0.002255742240633115
12659,37,53,2335,0.002255742240633115
12660,25,236,2335,0.002255742240633115
12661,14,87,2335,0.002255742240633115
12662,48,110,2334,0.002254776183999011
12663,17,236,2334,0.002254776183999011
12664,11,151,2334,0.002254776183999011
12665,77,102,2333,0.0022538101273649066
12666,33,117,2333,0.0022538101273649066
12667,61,51,2332,0.0022528440707308027
12668,56,127,2332,0.0022528440707308027
12669,21,139,2332,0.0022528440707308027
12670,20,163,2332,0.0022528440707308027
12671,17,197,2332,0.0022528440707308027
12672,17,147,2332,0.0022528440707308027
12673,60,57,2331,0.0022518780140966983
12674,57,172,2331,0.0022518780140966983
12675,39,17,2331,0.0022518780140966983
12676,38,236,2331,0.0022518780140966983
12677,55,111,2330,0.0022509119574625944
12678,46,75,2330,0.0022509119574625944
12679,37,102,2330,0.0022509119574625944
12680,5,125,2330,0.0022509119574625944
12681,3,205,2330,0.0022509119574625944
12682,74,86,2329,0.00224994590082849
12683,74,85,2329,0.00224994590082849
12684,57,183,2329,0.00224994590082849
12685,65,190,2328,0.002248979844194386
12686,35,144,2328,0.002248979844194386
12687,33,17,2328,0.002248979844194386
12688,23,71,2328,0.002248979844194386
12689,12,250,2327,0.002248013787560282
12690,67,121,2326,0.002247047730926178
12691,41,14,2326,0.002247047730926178
12692,38,116,2326,0.002247047730926178
12693,35,139,2326,0.002247047730926178
12694,30,66,2325,0.0022460816742920736
12695,73,104,2324,0.0022451156176579697
12696,45,213,2324,0.0022451156176579697
12697,37,108,2324,0.0022451156176579697
12698,22,229,2323,0.0022441495610238654
12699,11,255,2323,0.0022441495610238654
12700,3,255,2323,0.0022441495610238654
12701,74,41,2322,0.0022431835043897615
12702,72,57,2322,0.0022431835043897615
12703,63,155,2322,0.0022431835043897615
12704,49,109,2322,0.0022431835043897615
12705,26,68,2322,0.0022431835043897615
12706,64,13,2321,0.002242217447755657
12707,39,88,2321,0.002242217447755657
12708,30,84,2321,0.002242217447755657
12709,26,146,2321,0.002242217447755657
12710,20,168,2321,0.002242217447755657
12711,13,90,2321,0.002242217447755657
12712,12,29,2321,0.002242217447755657
12713,32,194,2320,0.002241251391121553
12714,24,176,2320,0.002241251391121553
12715,51,6,2319,0.002240285334487449
12716,47,239,2319,0.002240285334487449
12717,27,201,2319,0.002240285334487449
12718,55,242,2318,0.002239319277853345
12719,26,204,2318,0.002239319277853345
12720,8,9,2318,0.002239319277853345
12721,77,146,2317,0.0022383532212192406
12722,73,100,2317,0.0022383532212192406
12723,46,39,2317,0.0022383532212192406
12724,27,2,2317,0.0022383532212192406
12725,18,83,2317,0.0022383532212192406
12726,14,235,2317,0.0022383532212192406
12727,5,101,2317,0.0022383532212192406
12728,75,15,2316,0.0022373871645851367
12729,55,219,2316,0.0022373871645851367
12730,36,245,2316,0.0022373871645851367
12731,29,214,2316,0.0022373871645851367
12732,8,110,2316,0.0022373871645851367
12733,74,162,2315,0.0022364211079510324
12734,74,139,2314,0.0022354550513169285
12735,28,230,2314,0.0022354550513169285
12736,43,67,2313,0.002234488994682824
12737,33,174,2313,0.002234488994682824
12738,26,133,2313,0.002234488994682824
12739,22,202,2313,0.002234488994682824
12740,11,20,2313,0.002234488994682824
12741,68,214,2312,0.0022335229380487202
12742,60,193,2312,0.0022335229380487202
12743,50,89,2312,0.0022335229380487202
12744,47,235,2312,0.0022335229380487202
12745,63,223,2311,0.002232556881414616
12746,49,145,2311,0.002232556881414616
12747,39,157,2311,0.002232556881414616
12748,33,73,2311,0.002232556881414616
12749,29,228,2311,0.002232556881414616
12750,26,76,2311,0.002232556881414616
12751,64,135,2310,0.002231590824780512
12752,13,138,2310,0.002231590824780512
12753,69,119,2309,0.0022306247681464077
12754,68,113,2309,0.0022306247681464077
12755,63,134,2309,0.0022306247681464077
12756,26,136,2309,0.0022306247681464077
12757,60,105,2308,0.0022296587115123037
12758,53,131,2307,0.0022286926548781994
12759,44,114,2307,0.0022286926548781994
12760,38,156,2307,0.0022286926548781994
12761,36,171,2307,0.0022286926548781994
12762,73,0,2306,0.0022277265982440955
12763,65,114,2306,0.0022277265982440955
12764,40,130,2306,0.0022277265982440955
12765,3,91,2306,0.0022277265982440955
12766,23,70,2305,0.002226760541609991
12767,62,51,2304,0.0022257944849758873
12768,55,5,2304,0.0022257944849758873
12769,50,195,2304,0.0022257944849758873
12770,32,105,2304,0.0022257944849758873
12771,62,27,2303,0.002224828428341783
12772,36,129,2303,0.002224828428341783
12773,13,120,2303,0.002224828428341783
12774,11,75,2302,0.002223862371707679
12775,75,235,2301,0.0022228963150735747
12776,62,21,2301,0.0022228963150735747
12777,61,157,2301,0.0022228963150735747
12778,44,165,2301,0.0022228963150735747
12779,40,244,2301,0.0022228963150735747
12780,35,199,2301,0.0022228963150735747
12781,30,125,2301,0.0022228963150735747
12782,6,2,2301,0.0022228963150735747
12783,75,211,2300,0.0022219302584394708
12784,62,20,2300,0.0022219302584394708
12785,32,225,2300,0.0022219302584394708
12786,74,224,2299,0.0022209642018053664
12787,55,89,2299,0.0022209642018053664
12788,28,66,2299,0.0022209642018053664
12789,70,59,2298,0.0022199981451712625
12790,65,223,2298,0.0022199981451712625
12791,48,19,2298,0.0022199981451712625
12792,47,182,2297,0.002219032088537158
12793,8,197,2297,0.002219032088537158
12794,7,69,2297,0.002219032088537158
12795,53,88,2296,0.0022180660319030543
12796,28,35,2296,0.0022180660319030543
12797,6,176,2296,0.0022180660319030543
12798,73,226,2295,0.00221709997526895
12799,40,37,2295,0.00221709997526895
12800,18,52,2295,0.00221709997526895
12801,13,192,2295,0.00221709997526895
12802,48,15,2294,0.002216133918634846
12803,45,146,2294,0.002216133918634846
12804,27,208,2294,0.002216133918634846
12805,8,210,2294,0.002216133918634846
12806,61,153,2293,0.002215167862000742
12807,44,254,2293,0.002215167862000742
12808,26,190,2293,0.002215167862000742
12809,6,66,2293,0.002215167862000742
12810,75,17,2292,0.002214201805366638
12811,68,27,2292,0.002214201805366638
12812,31,46,2292,0.002214201805366638
12813,14,104,2292,0.002214201805366638
12814,61,233,2291,0.002213235748732534
12815,49,120,2291,0.002213235748732534
12816,42,174,2291,0.002213235748732534
12817,32,94,2291,0.002213235748732534
12818,27,113,2291,0.002213235748732534
12819,34,5,2290,0.0022122696920984296
12820,28,18,2290,0.0022122696920984296
12821,20,171,2290,0.0022122696920984296
12822,64,29,2289,0.0022113036354643257
12823,57,252,2289,0.0022113036354643257
12824,51,96,2289,0.0022113036354643257
12825,48,9,2289,0.0022113036354643257
12826,47,70,2289,0.0022113036354643257
12827,31,147,2289,0.0022113036354643257
12828,71,91,2288,0.0022103375788302213
12829,34,10,2288,0.0022103375788302213
12830,29,125,2288,0.0022103375788302213
12831,18,201,2288,0.0022103375788302213
12832,13,201,2288,0.0022103375788302213
12833,62,94,2287,0.0022093715221961174
12834,59,194,2287,0.0022093715221961174
12835,54,123,2287,0.0022093715221961174
12836,26,141,2287,0.0022093715221961174
12837,12,85,2287,0.0022093715221961174
12838,69,3,2286,0.002208405465562013
12839,55,166,2286,0.002208405465562013
12840,32,89,2286,0.002208405465562013
12841,25,222,2286,0.002208405465562013
12842,21,75,2286,0.002208405465562013
12843,7,122,2286,0.002208405465562013
12844,42,225,2285,0.002207439408927909
12845,37,49,2285,0.002207439408927909
12846,25,30,2285,0.002207439408927909
12847,4,72,2285,0.002207439408927909
12848,67,184,2284,0.002206473352293805
12849,41,145,2284,0.002206473352293805
12850,37,150,2284,0.002206473352293805
12851,45,221,2283,0.002205507295659701
12852,25,231,2283,0.002205507295659701
12853,71,127,2282,0.0022045412390255966
12854,46,90,2282,0.0022045412390255966
12855,45,205,2282,0.0022045412390255966
12856,28,118,2282,0.0022045412390255966
12857,3,218,2282,0.0022045412390255966
12858,48,243,2281,0.0022035751823914927
12859,26,39,2281,0.0022035751823914927
12860,23,8,2281,0.0022035751823914927
12861,17,105,2281,0.0022035751823914927
12862,42,83,2280,0.0022026091257573883
12863,42,13,2280,0.0022026091257573883
12864,39,196,2280,0.0022026091257573883
12865,38,196,2280,0.0022026091257573883
12866,32,176,2280,0.0022026091257573883
12867,32,27,2280,0.0022026091257573883
12868,27,187,2280,0.0022026091257573883
12869,71,55,2279,0.0022016430691232844
12870,50,225,2279,0.0022016430691232844
12871,45,88,2279,0.0022016430691232844
12872,26,196,2279,0.0022016430691232844
12873,12,109,2279,0.0022016430691232844
12874,59,102,2278,0.00220067701248918
12875,17,54,2278,0.00220067701248918
12876,6,39,2278,0.00220067701248918
12877,47,227,2277,0.002199710955855076
12878,41,18,2277,0.002199710955855076
12879,31,193,2277,0.002199710955855076
12880,71,18,2276,0.002198744899220972
12881,54,255,2276,0.002198744899220972
12882,12,120,2276,0.002198744899220972
12883,72,236,2275,0.002197778842586868
12884,66,115,2275,0.002197778842586868
12885,60,91,2275,0.002197778842586868
12886,26,199,2275,0.002197778842586868
12887,27,91,2274,0.0021968127859527636
12888,15,67,2274,0.0021968127859527636
12889,10,40,2274,0.0021968127859527636
12890,70,60,2273,0.0021958467293186597
12891,15,92,2273,0.0021958467293186597
12892,66,193,2272,0.0021948806726845554
12893,46,196,2272,0.0021948806726845554
12894,46,89,2272,0.0021948806726845554
12895,23,145,2272,0.0021948806726845554
12896,8,235,2272,0.0021948806726845554
12897,77,17,2271,0.0021939146160504515
12898,75,139,2271,0.0021939146160504515
12899,22,224,2271,0.0021939146160504515
12900,19,70,2271,0.0021939146160504515
12901,16,118,2271,0.0021939146160504515
12902,53,254,2270,0.002192948559416347
12903,10,233,2270,0.002192948559416347
12904,61,204,2269,0.0021919825027822432
12905,25,157,2269,0.0021919825027822432
12906,9,223,2269,0.0021919825027822432
12907,67,137,2268,0.002191016446148139
12908,46,229,2268,0.002191016446148139
12909,29,88,2268,0.002191016446148139
12910,15,35,2268,0.002191016446148139
12911,9,245,2268,0.002191016446148139
12912,60,1,2267,0.002190050389514035
12913,59,1,2267,0.002190050389514035
12914,33,249,2267,0.002190050389514035
12915,57,104,2266,0.0021890843328799306
12916,38,149,2266,0.0021890843328799306
12917,20,172,2266,0.0021890843328799306
12918,15,186,2266,0.0021890843328799306
12919,4,143,2266,0.0021890843328799306
12920,63,132,2265,0.0021881182762458267
12921,40,89,2265,0.0021881182762458267
12922,38,140,2265,0.0021881182762458267
12923,36,57,2265,0.0021881182762458267
12924,59,26,2264,0.0021871522196117224
12925,44,200,2263,0.0021861861629776185
12926,38,144,2263,0.0021861861629776185
12927,34,125,2263,0.0021861861629776185
12928,65,222,2262,0.002185220106343514
12929,62,153,2262,0.002185220106343514
12930,44,163,2262,0.002185220106343514
12931,38,1,2262,0.002185220106343514
12932,12,233,2262,0.002185220106343514
12933,65,65,2261,0.0021842540497094103
12934,52,248,2261,0.0021842540497094103
12935,49,255,2261,0.0021842540497094103
12936,56,113,2260,0.002183287993075306
12937,36,131,2260,0.002183287993075306
12938,7,135,2260,0.002183287993075306
12939,72,47,2259,0.002182321936441202
12940,55,62,2259,0.002182321936441202
12941,9,94,2259,0.002182321936441202
12942,61,230,2258,0.0021813558798070977
12943,71,72,2257,0.0021803898231729938
12944,66,126,2257,0.0021803898231729938
12945,65,161,2257,0.0021803898231729938
12946,65,86,2257,0.0021803898231729938
12947,42,55,2257,0.0021803898231729938
12948,35,88,2257,0.0021803898231729938
12949,15,69,2257,0.0021803898231729938
12950,74,47,2256,0.0021794237665388894
12951,64,189,2256,0.0021794237665388894
12952,36,18,2256,0.0021794237665388894
12953,20,247,2256,0.0021794237665388894
12954,9,234,2256,0.0021794237665388894
12955,69,161,2255,0.0021784577099047855
12956,65,196,2255,0.0021784577099047855
12957,54,253,2255,0.0021784577099047855
12958,44,139,2255,0.0021784577099047855
12959,16,56,2255,0.0021784577099047855
12960,42,93,2254,0.002177491653270681
12961,22,110,2254,0.002177491653270681
12962,16,197,2254,0.002177491653270681
12963,74,137,2253,0.0021765255966365773
12964,42,120,2253,0.0021765255966365773
12965,72,126,2252,0.002175559540002473
12966,14,31,2252,0.002175559540002473
12967,21,12,2251,0.002174593483368369
12968,65,232,2250,0.0021736274267342647
12969,57,160,2250,0.0021736274267342647
12970,21,7,2250,0.0021736274267342647
12971,13,220,2250,0.0021736274267342647
12972,13,219,2250,0.0021736274267342647
12973,8,15,2250,0.0021736274267342647
12974,6,128,2250,0.0021736274267342647
12975,17,175,2249,0.002172661370100161
12976,7,28,2249,0.002172661370100161
12977,63,84,2248,0.0021716953134660565
12978,60,224,2248,0.0021716953134660565
12979,57,50,2248,0.0021716953134660565
12980,40,177,2247,0.0021707292568319526
12981,33,82,2247,0.0021707292568319526
12982,19,38,2247,0.0021707292568319526
12983,72,148,2246,0.002169763200197848
12984,36,193,2246,0.002169763200197848
12985,27,219,2246,0.002169763200197848
12986,7,219,2246,0.002169763200197848
12987,61,5,2245,0.0021687971435637443
12988,37,110,2245,0.0021687971435637443
12989,19,30,2245,0.0021687971435637443
12990,54,236,2244,0.00216783108692964
12991,33,6,2244,0.00216783108692964
12992,11,82,2244,0.00216783108692964
12993,71,176,2243,0.002166865030295536
12994,36,206,2243,0.002166865030295536
12995,25,122,2243,0.002166865030295536
12996,22,16,2243,0.002166865030295536
12997,16,187,2243,0.002166865030295536
12998,20,88,2242,0.0021658989736614317
12999,13,54,2242,0.0021658989736614317
13000,5,140,2242,0.0021658989736614317
13001,61,11,2241,0.002164932917027328
13002,7,30,2241,0.002164932917027328
13003,76,224,2240,0.0021639668603932235
13004,47,122,2240,0.0021639668603932235
13005,36,106,2240,0.0021639668603932235
13006,18,4,2240,0.0021639668603932235
13007,59,10,2239,0.0021630008037591196
13008,45,92,2239,0.0021630008037591196
13009,34,150,2239,0.0021630008037591196
13010,54,54,2238,0.0021620347471250152
13011,45,143,2238,0.0021620347471250152
13012,5,251,2238,0.0021620347471250152
13013,54,115,2236,0.0021601026338568074
13014,41,213,2236,0.0021601026338568074
13015,13,165,2236,0.0021601026338568074
13016,41,197,2235,0.002159136577222703
13017,34,236,2235,0.002159136577222703
13018,19,245,2235,0.002159136577222703
13019,7,222,2235,0.002159136577222703
13020,67,82,2234,0.002158170520588599
13021,64,209,2234,0.002158170520588599
13022,70,55,2233,0.002157204463954495
13023,53,41,2233,0.002157204463954495
13024,39,63,2233,0.002157204463954495
13025,38,241,2233,0.002157204463954495
13026,36,121,2233,0.002157204463954495
13027,19,190,2233,0.002157204463954495
13028,3,245,2233,0.002157204463954495
13029,75,171,2232,0.002156238407320391
13030,24,9,2232,0.002156238407320391
13031,15,224,2232,0.002156238407320391
13032,6,103,2232,0.002156238407320391
13033,5,67,2232,0.002156238407320391
13034,68,186,2231,0.0021552723506862866
13035,31,153,2231,0.0021552723506862866
13036,21,60,2231,0.0021552723506862866
13037,68,171,2230,0.0021543062940521827
13038,65,51,2230,0.0021543062940521827
13039,17,168,2230,0.0021543062940521827
13040,66,230,2229,0.0021533402374180784
13041,36,126,2229,0.0021533402374180784
13042,10,8,2229,0.0021533402374180784
13043,72,124,2228,0.0021523741807839745
13044,29,193,2228,0.0021523741807839745
13045,36,115,2227,0.00215140812414987
13046,54,209,2226,0.0021504420675157662
13047,24,159,2226,0.0021504420675157662
13048,52,36,2225,0.002149476010881662
13049,40,168,2225,0.002149476010881662
13050,45,159,2224,0.002148509954247558
13051,19,6,2224,0.002148509954247558
13052,63,176,2223,0.0021475438976134536
13053,37,9,2223,0.0021475438976134536
13054,27,5,2223,0.0021475438976134536
13055,22,233,2223,0.0021475438976134536
13056,3,14,2223,0.0021475438976134536
13057,72,241,2222,0.0021465778409793497
13058,70,142,2222,0.0021465778409793497
13059,67,246,2222,0.0021465778409793497
13060,43,198,2222,0.0021465778409793497
13061,42,171,2222,0.0021465778409793497
13062,41,232,2222,0.0021465778409793497
13063,39,172,2222,0.0021465778409793497
13064,34,245,2222,0.0021465778409793497
13065,34,71,2222,0.0021465778409793497
13066,16,179,2222,0.0021465778409793497
13067,77,121,2221,0.0021456117843452454
13068,60,144,2221,0.0021456117843452454
13069,39,151,2221,0.0021456117843452454
13070,23,218,2221,0.0021456117843452454
13071,8,196,2221,0.0021456117843452454
13072,5,99,2221,0.0021456117843452454
13073,64,204,2220,0.0021446457277111415
13074,43,108,2219,0.002143679671077037
13075,17,93,2219,0.002143679671077037
13076,12,50,2219,0.002143679671077037
13077,3,77,2219,0.002143679671077037
13078,65,71,2218,0.0021427136144429332
13079,53,209,2218,0.0021427136144429332
13080,50,254,2218,0.0021427136144429332
13081,48,211,2218,0.0021427136144429332
13082,3,7,2218,0.0021427136144429332
13083,60,187,2217,0.002141747557808829
13084,60,3,2217,0.002141747557808829
13085,54,248,2217,0.002141747557808829
13086,47,132,2217,0.002141747557808829
13087,18,118,2217,0.002141747557808829
13088,75,198,2216,0.002140781501174725
13089,62,63,2216,0.002140781501174725
13090,58,121,2216,0.002140781501174725
13091,29,92,2216,0.002140781501174725
13092,18,129,2216,0.002140781501174725
13093,65,163,2215,0.0021398154445406207
13094,65,60,2215,0.0021398154445406207
13095,61,187,2215,0.0021398154445406207
13096,15,99,2215,0.0021398154445406207
13097,50,154,2214,0.0021388493879065168
13098,46,35,2214,0.0021388493879065168
13099,8,119,2214,0.0021388493879065168
13100,53,87,2213,0.0021378833312724124
13101,51,67,2213,0.0021378833312724124
13102,43,22,2212,0.0021369172746383085
13103,38,124,2212,0.0021369172746383085
13104,15,206,2212,0.0021369172746383085
13105,11,241,2212,0.0021369172746383085
13106,76,61,2211,0.002135951218004204
13107,30,60,2211,0.002135951218004204
13108,74,62,2210,0.0021349851613701003
13109,68,45,2210,0.0021349851613701003
13110,29,163,2210,0.0021349851613701003
13111,24,156,2210,0.0021349851613701003
13112,15,5,2210,0.0021349851613701003
13113,10,48,2210,0.0021349851613701003
13114,76,132,2209,0.002134019104735996
13115,37,107,2209,0.002134019104735996
13116,26,74,2209,0.002134019104735996
13117,15,46,2209,0.002134019104735996
13118,10,133,2209,0.002134019104735996
13119,19,199,2208,0.002133053048101892
13120,11,126,2208,0.002133053048101892
13121,61,188,2207,0.0021320869914677877
13122,61,113,2207,0.0021320869914677877
13123,61,162,2205,0.0021301548781995795
13124,39,218,2205,0.0021301548781995795
13125,34,166,2205,0.0021301548781995795
13126,16,5,2205,0.0021301548781995795
13127,10,173,2205,0.0021301548781995795
13128,6,30,2205,0.0021301548781995795
13129,71,246,2203,0.002128222764931371
13130,50,145,2203,0.002128222764931371
13131,45,89,2203,0.002128222764931371
13132,19,197,2203,0.002128222764931371
13133,70,186,2202,0.0021272567082972673
13134,63,235,2202,0.0021272567082972673
13135,44,234,2202,0.0021272567082972673
13136,28,199,2202,0.0021272567082972673
13137,25,253,2202,0.0021272567082972673
13138,19,224,2202,0.0021272567082972673
13139,4,121,2202,0.0021272567082972673
13140,71,36,2201,0.002126290651663163
13141,76,30,2200,0.002125324595029059
13142,62,164,2200,0.002125324595029059
13143,48,145,2200,0.002125324595029059
13144,34,232,2200,0.002125324595029059
13145,11,142,2200,0.002125324595029059
13146,5,53,2200,0.002125324595029059
13147,58,16,2199,0.0021243585383949547
13148,33,36,2199,0.0021243585383949547
13149,32,129,2199,0.0021243585383949547
13150,3,127,2199,0.0021243585383949547
13151,59,110,2198,0.002123392481760851
13152,9,215,2198,0.002123392481760851
13153,5,19,2198,0.002123392481760851
13154,31,181,2197,0.0021224264251267465
13155,13,239,2197,0.0021224264251267465
13156,36,128,2196,0.0021214603684926426
13157,67,14,2195,0.0021204943118585382
13158,61,63,2195,0.0021204943118585382
13159,67,83,2194,0.0021195282552244343
13160,66,130,2194,0.0021195282552244343
13161,65,129,2194,0.0021195282552244343
13162,55,47,2194,0.0021195282552244343
13163,49,160,2194,0.0021195282552244343
13164,27,79,2194,0.0021195282552244343
13165,25,95,2194,0.0021195282552244343
13166,7,63,2194,0.0021195282552244343
13167,76,81,2193,0.00211856219859033
13168,67,110,2193,0.00211856219859033
13169,63,117,2193,0.00211856219859033
13170,56,131,2193,0.00211856219859033
13171,46,189,2193,0.00211856219859033
13172,46,160,2193,0.00211856219859033
13173,38,181,2193,0.00211856219859033
13174,27,8,2193,0.00211856219859033
13175,23,62,2193,0.00211856219859033
13176,70,191,2192,0.002117596141956226
13177,69,209,2192,0.002117596141956226
13178,36,144,2192,0.002117596141956226
13179,11,25,2192,0.002117596141956226
13180,69,185,2191,0.0021166300853221218
13181,60,6,2191,0.0021166300853221218
13182,49,199,2191,0.0021166300853221218
13183,57,155,2190,0.002115664028688018
13184,40,154,2190,0.002115664028688018
13185,6,33,2190,0.002115664028688018
13186,42,11,2189,0.0021146979720539135
13187,7,251,2189,0.0021146979720539135
13188,74,149,2188,0.0021137319154198096
13189,49,102,2188,0.0021137319154198096
13190,33,131,2188,0.0021137319154198096
13191,23,219,2188,0.0021137319154198096
13192,13,206,2188,0.0021137319154198096
13193,38,96,2187,0.0021127658587857053
13194,64,122,2186,0.0021117998021516014
13195,38,247,2186,0.0021117998021516014
13196,36,140,2186,0.0021117998021516014
13197,9,3,2186,0.0021117998021516014
13198,71,69,2184,0.002109867688883393
13199,63,158,2184,0.002109867688883393
13200,61,248,2184,0.002109867688883393
13201,40,93,2184,0.002109867688883393
13202,39,82,2184,0.002109867688883393
13203,36,130,2184,0.002109867688883393
13204,29,235,2184,0.002109867688883393
13205,29,128,2184,0.002109867688883393
13206,28,105,2184,0.002109867688883393
13207,21,188,2183,0.0021089016322492888
13208,17,40,2183,0.0021089016322492888
13209,9,133,2183,0.0021089016322492888
13210,57,118,2182,0.002107935575615185
13211,52,206,2182,0.002107935575615185
13212,48,198,2182,0.002107935575615185
13213,29,6,2182,0.002107935575615185
13214,26,212,2182,0.002107935575615185
13215,34,109,2181,0.0021069695189810805
13216,56,133,2180,0.0021060034623469766
13217,22,138,2180,0.0021060034623469766
13218,57,63,2179,0.0021050374057128727
13219,38,70,2179,0.0021050374057128727
13220,6,248,2179,0.0021050374057128727
13221,70,85,2178,0.0021040713490787684
13222,64,9,2178,0.0021040713490787684
13223,63,250,2178,0.0021040713490787684
13224,20,152,2178,0.0021040713490787684
13225,58,58,2177,0.0021031052924446645
13226,55,73,2177,0.0021031052924446645
13227,43,243,2177,0.0021031052924446645
13228,40,102,2177,0.0021031052924446645
13229,3,183,2177,0.0021031052924446645
13230,61,228,2176,0.00210213923581056
13231,43,145,2176,0.00210213923581056
13232,16,103,2176,0.00210213923581056
13233,57,70,2175,0.0021011731791764562
13234,56,227,2175,0.0021011731791764562
13235,29,226,2175,0.0021011731791764562
13236,17,233,2175,0.0021011731791764562
13237,62,1,2174,0.002100207122542352
13238,55,23,2174,0.002100207122542352
13239,53,120,2174,0.002100207122542352
13240,32,54,2174,0.002100207122542352
13241,75,40,2173,0.002099241065908248
13242,58,8,2173,0.002099241065908248
13243,39,45,2173,0.002099241065908248
13244,31,81,2173,0.002099241065908248
13245,26,110,2173,0.002099241065908248
13246,23,165,2173,0.002099241065908248
13247,77,175,2172,0.0020982750092741437
13248,75,106,2172,0.0020982750092741437
13249,19,223,2172,0.0020982750092741437
13250,61,237,2171,0.0020973089526400398
13251,59,87,2171,0.0020973089526400398
13252,30,201,2171,0.0020973089526400398
13253,17,135,2171,0.0020973089526400398
13254,9,121,2171,0.0020973089526400398
13255,76,43,2170,0.0020963428960059354
13256,36,248,2170,0.0020963428960059354
13257,34,136,2170,0.0020963428960059354
13258,17,169,2170,0.0020963428960059354
13259,6,113,2170,0.0020963428960059354
13260,4,88,2170,0.0020963428960059354
13261,65,73,2169,0.0020953768393718315
13262,74,240,2168,0.002094410782737727
13263,72,19,2168,0.002094410782737727
13264,67,175,2168,0.002094410782737727
13265,64,141,2168,0.002094410782737727
13266,48,51,2168,0.002094410782737727
13267,11,69,2168,0.002094410782737727
13268,58,253,2167,0.0020934447261036233
13269,30,110,2167,0.0020934447261036233
13270,17,254,2167,0.0020934447261036233
13271,16,155,2167,0.0020934447261036233
13272,10,92,2167,0.0020934447261036233
13273,6,207,2167,0.0020934447261036233
13274,67,50,2165,0.002091512612835415
13275,49,240,2165,0.002091512612835415
13276,37,214,2165,0.002091512612835415
13277,17,53,2165,0.002091512612835415
13278,3,107,2165,0.002091512612835415
13279,73,121,2164,0.0020905465562013107
13280,52,183,2164,0.0020905465562013107
13281,26,102,2164,0.0020905465562013107
13282,61,6,2163,0.0020895804995672068
13283,45,50,2163,0.0020895804995672068
13284,17,83,2163,0.0020895804995672068
13285,64,233,2162,0.0020886144429331024
13286,53,82,2162,0.0020886144429331024
13287,44,57,2162,0.0020886144429331024
13288,21,170,2162,0.0020886144429331024
13289,76,51,2161,0.0020876483862989985
13290,74,157,2161,0.0020876483862989985
13291,57,187,2161,0.0020876483862989985
13292,38,47,2161,0.0020876483862989985
13293,7,182,2161,0.0020876483862989985
13294,71,185,2160,0.002086682329664894
13295,47,27,2159,0.0020857162730307903
13296,41,89,2159,0.0020857162730307903
13297,36,4,2159,0.0020857162730307903
13298,22,88,2159,0.0020857162730307903
13299,10,53,2159,0.0020857162730307903
13300,63,79,2158,0.002084750216396686
13301,25,197,2158,0.002084750216396686
13302,14,94,2158,0.002084750216396686
13303,73,62,2157,0.002083784159762582
13304,58,186,2157,0.002083784159762582
13305,53,69,2157,0.002083784159762582
13306,39,77,2157,0.002083784159762582
13307,74,206,2156,0.0020828181031284777
13308,32,226,2156,0.0020828181031284777
13309,14,193,2156,0.0020828181031284777
13310,6,249,2156,0.0020828181031284777
13311,6,210,2156,0.0020828181031284777
13312,71,192,2155,0.002081852046494374
13313,42,19,2155,0.002081852046494374
13314,12,128,2155,0.002081852046494374
13315,64,195,2154,0.0020808859898602695
13316,21,242,2154,0.0020808859898602695
13317,6,196,2154,0.0020808859898602695
13318,35,81,2153,0.0020799199332261656
13319,31,40,2153,0.0020799199332261656
13320,72,224,2152,0.0020789538765920612
13321,56,41,2152,0.0020789538765920612
13322,47,56,2152,0.0020789538765920612
13323,22,76,2151,0.0020779878199579573
13324,19,205,2151,0.0020779878199579573
13325,12,65,2151,0.0020779878199579573
13326,58,30,2150,0.002077021763323853
13327,11,232,2150,0.002077021763323853
13328,28,24,2149,0.002076055706689749
13329,18,95,2149,0.002076055706689749
13330,9,16,2149,0.002076055706689749
13331,3,120,2149,0.002076055706689749
13332,73,193,2148,0.0020750896500556447
13333,45,253,2148,0.0020750896500556447
13334,10,165,2148,0.0020750896500556447
13335,60,8,2147,0.002074123593421541
13336,59,217,2147,0.002074123593421541
13337,58,19,2147,0.002074123593421541
13338,33,209,2147,0.002074123593421541
13339,16,198,2147,0.002074123593421541
13340,13,159,2147,0.002074123593421541
13341,72,204,2146,0.0020731575367874365
13342,69,164,2146,0.0020731575367874365
13343,65,183,2146,0.0020731575367874365
13344,58,217,2146,0.0020731575367874365
13345,31,245,2146,0.0020731575367874365
13346,9,188,2146,0.0020731575367874365
13347,58,245,2144,0.0020712254235192283
13348,29,149,2144,0.0020712254235192283
13349,12,131,2144,0.0020712254235192283
13350,77,232,2143,0.0020702593668851244
13351,61,190,2143,0.0020702593668851244
13352,57,204,2143,0.0020702593668851244
13353,37,46,2143,0.0020702593668851244
13354,28,47,2143,0.0020702593668851244
13355,17,100,2143,0.0020702593668851244
13356,55,91,2142,0.00206929331025102
13357,53,25,2142,0.00206929331025102
13358,12,99,2142,0.00206929331025102
13359,10,34,2142,0.00206929331025102
13360,64,14,2141,0.002068327253616916
13361,54,59,2141,0.002068327253616916
13362,49,55,2141,0.002068327253616916
13363,48,35,2141,0.002068327253616916
13364,40,49,2141,0.002068327253616916
13365,31,154,2141,0.002068327253616916
13366,30,175,2141,0.002068327253616916
13367,3,157,2141,0.002068327253616916
13368,69,173,2140,0.0020673611969828118
13369,32,162,2140,0.0020673611969828118
13370,75,101,2139,0.002066395140348708
13371,67,149,2139,0.002066395140348708
13372,35,114,2139,0.002066395140348708
13373,14,161,2139,0.002066395140348708
13374,61,119,2138,0.0020654290837146035
13375,35,56,2138,0.0020654290837146035
13376,25,172,2138,0.0020654290837146035
13377,17,132,2138,0.0020654290837146035
13378,61,38,2137,0.0020644630270804996
13379,58,210,2136,0.0020634969704463953
13380,57,194,2136,0.0020634969704463953
13381,50,90,2136,0.0020634969704463953
13382,42,234,2136,0.0020634969704463953
13383,10,150,2136,0.0020634969704463953
13384,75,135,2135,0.0020625309138122914
13385,67,136,2135,0.0020625309138122914
13386,62,166,2134,0.002061564857178187
13387,31,145,2134,0.002061564857178187
13388,77,95,2133,0.002060598800544083
13389,71,145,2133,0.002060598800544083
13390,68,215,2133,0.002060598800544083
13391,47,42,2133,0.002060598800544083
13392,45,72,2133,0.002060598800544083
13393,5,221,2133,0.002060598800544083
13394,70,182,2132,0.002059632743909979
13395,54,134,2132,0.002059632743909979
13396,40,99,2132,0.002059632743909979
13397,21,250,2132,0.002059632743909979
13398,64,129,2130,0.0020577006306417706
13399,40,230,2130,0.0020577006306417706
13400,38,223,2130,0.0020577006306417706
13401,7,187,2130,0.0020577006306417706
13402,76,227,2129,0.0020567345740076667
13403,69,30,2129,0.0020567345740076667
13404,54,192,2129,0.0020567345740076667
13405,51,99,2129,0.0020567345740076667
13406,16,32,2129,0.0020567345740076667
13407,56,223,2128,0.0020557685173735623
13408,33,23,2127,0.0020548024607394584
13409,4,51,2127,0.0020548024607394584
13410,44,12,2126,0.002053836404105354
13411,35,215,2126,0.002053836404105354
13412,68,16,2125,0.00205287034747125
13413,62,182,2125,0.00205287034747125
13414,54,24,2125,0.00205287034747125
13415,50,206,2125,0.00205287034747125
13416,34,242,2125,0.00205287034747125
13417,11,37,2125,0.00205287034747125
13418,76,5,2124,0.002051904290837146
13419,72,230,2124,0.002051904290837146
13420,72,79,2124,0.002051904290837146
13421,47,123,2124,0.002051904290837146
13422,34,221,2124,0.002051904290837146
13423,63,196,2123,0.002050938234203042
13424,61,105,2123,0.002050938234203042
13425,58,17,2123,0.002050938234203042
13426,55,86,2123,0.002050938234203042
13427,47,221,2123,0.002050938234203042
13428,43,107,2123,0.002050938234203042
13429,24,194,2123,0.002050938234203042
13430,72,106,2122,0.002049972177568938
13431,70,79,2122,0.002049972177568938
13432,68,15,2122,0.002049972177568938
13433,26,180,2122,0.002049972177568938
13434,16,248,2122,0.002049972177568938
13435,76,16,2121,0.0020490061209348337
13436,41,233,2121,0.0020490061209348337
13437,29,165,2121,0.0020490061209348337
13438,18,217,2121,0.0020490061209348337
13439,10,209,2121,0.0020490061209348337
13440,76,219,2120,0.0020480400643007298
13441,72,55,2120,0.0020480400643007298
13442,69,125,2120,0.0020480400643007298
13443,67,233,2120,0.0020480400643007298
13444,23,52,2120,0.0020480400643007298
13445,76,125,2119,0.0020470740076666254
13446,58,116,2119,0.0020470740076666254
13447,29,58,2119,0.0020470740076666254
13448,77,181,2118,0.0020461079510325215
13449,75,29,2118,0.0020461079510325215
13450,47,157,2118,0.0020461079510325215
13451,31,72,2118,0.0020461079510325215
13452,27,135,2117,0.002045141894398417
13453,77,99,2116,0.0020441758377643133
13454,65,47,2116,0.0020441758377643133
13455,57,216,2116,0.0020441758377643133
13456,21,151,2116,0.0020441758377643133
13457,21,61,2116,0.0020441758377643133
13458,66,76,2115,0.002043209781130209
13459,53,35,2115,0.002043209781130209
13460,52,119,2115,0.002043209781130209
13461,35,167,2115,0.002043209781130209
13462,29,50,2115,0.002043209781130209
13463,8,250,2115,0.002043209781130209
13464,75,178,2114,0.002042243724496105
13465,62,227,2114,0.002042243724496105
13466,56,167,2114,0.002042243724496105
13467,45,0,2114,0.002042243724496105
13468,15,20,2114,0.002042243724496105
13469,8,112,2114,0.002042243724496105
13470,50,176,2113,0.0020412776678620007
13471,8,89,2113,0.0020412776678620007
13472,4,229,2113,0.0020412776678620007
13473,68,122,2112,0.002040311611227897
13474,60,76,2112,0.002040311611227897
13475,30,72,2112,0.002040311611227897
13476,28,184,2112,0.002040311611227897
13477,22,155,2112,0.002040311611227897
13478,76,189,2111,0.0020393455545937925
13479,30,27,2111,0.0020393455545937925
13480,17,10,2111,0.0020393455545937925
13481,51,87,2109,0.0020374134413255842
13482,48,22,2109,0.0020374134413255842
13483,40,44,2109,0.0020374134413255842
13484,37,6,2109,0.0020374134413255842
13485,20,10,2109,0.0020374134413255842
13486,11,211,2109,0.0020374134413255842
13487,48,228,2108,0.0020364473846914803
13488,44,120,2108,0.0020364473846914803
13489,37,45,2108,0.0020364473846914803
13490,58,95,2106,0.002034515271423272
13491,62,6,2105,0.0020335492147891677
13492,57,168,2105,0.0020335492147891677
13493,42,81,2105,0.0020335492147891677
13494,22,190,2105,0.0020335492147891677
13495,62,249,2104,0.002032583158155064
13496,45,211,2104,0.002032583158155064
13497,42,8,2104,0.002032583158155064
13498,42,0,2104,0.002032583158155064
13499,10,116,2104,0.002032583158155064
13500,52,196,2103,0.0020316171015209595
13501,68,73,2102,0.0020306510448868556
13502,67,128,2102,0.0020306510448868556
13503,44,199,2102,0.0020306510448868556
13504,31,31,2102,0.0020306510448868556
13505,20,177,2102,0.0020306510448868556
13506,4,211,2102,0.0020306510448868556
13507,70,228,2101,0.0020296849882527512
13508,60,194,2101,0.0020296849882527512
13509,47,241,2101,0.0020296849882527512
13510,69,17,2099,0.002027752874984543
13511,43,113,2099,0.002027752874984543
13512,41,144,2099,0.002027752874984543
13513,4,249,2099,0.002027752874984543
13514,64,79,2098,0.002026786818350439
13515,62,121,2098,0.002026786818350439
13516,46,92,2098,0.002026786818350439
13517,46,67,2098,0.002026786818350439
13518,27,143,2098,0.002026786818350439
13519,19,54,2098,0.002026786818350439
13520,13,98,2098,0.002026786818350439
13521,56,252,2097,0.0020258207617163348
13522,53,39,2097,0.0020258207617163348
13523,47,117,2097,0.0020258207617163348
13524,36,152,2097,0.0020258207617163348
13525,12,149,2097,0.0020258207617163348
13526,47,172,2096,0.002024854705082231
13527,33,186,2096,0.002024854705082231
13528,27,164,2096,0.002024854705082231
13529,22,56,2096,0.002024854705082231
13530,45,254,2095,0.0020238886484481265
13531,42,67,2095,0.0020238886484481265
13532,19,233,2095,0.0020238886484481265
13533,76,169,2094,0.0020229225918140226
13534,15,220,2094,0.0020229225918140226
13535,42,53,2093,0.0020219565351799183
13536,62,241,2092,0.0020209904785458144
13537,37,82,2092,0.0020209904785458144
13538,31,8,2092,0.0020209904785458144
13539,25,117,2092,0.0020209904785458144
13540,21,100,2092,0.0020209904785458144
13541,62,89,2091,0.00202002442191171
13542,40,0,2091,0.00202002442191171
13543,21,178,2091,0.00202002442191171
13544,41,220,2090,0.002019058365277606
13545,39,164,2090,0.002019058365277606
13546,22,209,2090,0.002019058365277606
13547,72,221,2089,0.002018092308643502
13548,56,232,2089,0.002018092308643502
13549,56,68,2089,0.002018092308643502
13550,54,29,2089,0.002018092308643502
13551,50,87,2089,0.002018092308643502
13552,48,111,2089,0.002018092308643502
13553,18,72,2089,0.002018092308643502
13554,30,53,2088,0.002017126252009398
13555,27,230,2088,0.002017126252009398
13556,59,100,2087,0.0020161601953752935
13557,52,179,2087,0.0020161601953752935
13558,68,160,2086,0.0020151941387411896
13559,46,120,2086,0.0020151941387411896
13560,31,208,2086,0.0020151941387411896
13561,23,49,2086,0.0020151941387411896
13562,72,168,2084,0.0020132620254729814
13563,66,66,2084,0.0020132620254729814
13564,51,206,2084,0.0020132620254729814
13565,42,149,2084,0.0020132620254729814
13566,25,243,2084,0.0020132620254729814
13567,71,121,2083,0.002012295968838877
13568,70,75,2083,0.002012295968838877
13569,42,59,2083,0.002012295968838877
13570,24,39,2082,0.002011329912204773
13571,8,166,2082,0.002011329912204773
13572,6,13,2082,0.002011329912204773
13573,71,125,2081,0.002010363855570669
13574,44,162,2081,0.002010363855570669
13575,21,158,2081,0.002010363855570669
13576,70,134,2080,0.002009397798936565
13577,67,229,2080,0.002009397798936565
13578,53,220,2080,0.002009397798936565
13579,53,115,2080,0.002009397798936565
13580,52,74,2080,0.002009397798936565
13581,34,60,2080,0.002009397798936565
13582,67,236,2079,0.0020084317423024606
13583,64,97,2079,0.0020084317423024606
13584,26,243,2079,0.0020084317423024606
13585,18,10,2079,0.0020084317423024606
13586,4,35,2079,0.0020084317423024606
13587,20,144,2078,0.0020074656856683567
13588,10,187,2078,0.0020074656856683567
13589,9,146,2077,0.0020064996290342523
13590,67,214,2076,0.0020055335724001484
13591,66,253,2076,0.0020055335724001484
13592,65,3,2076,0.0020055335724001484
13593,28,72,2076,0.0020055335724001484
13594,72,10,2075,0.002004567515766044
13595,66,114,2075,0.002004567515766044
13596,54,161,2075,0.002004567515766044
13597,47,106,2075,0.002004567515766044
13598,37,8,2075,0.002004567515766044
13599,61,179,2074,0.00200360145913194
13600,40,135,2074,0.00200360145913194
13601,68,106,2073,0.002002635402497836
13602,34,19,2073,0.002002635402497836
13603,10,101,2073,0.002002635402497836
13604,50,216,2072,0.002001669345863732
13605,17,174,2072,0.002001669345863732
13606,15,223,2072,0.002001669345863732
13607,53,163,2071,0.0020007032892296276
13608,52,148,2071,0.0020007032892296276
13609,38,180,2071,0.0020007032892296276
13610,18,203,2071,0.0020007032892296276
13611,9,161,2071,0.0020007032892296276
13612,52,188,2070,0.0019997372325955237
13613,40,56,2070,0.0019997372325955237
13614,31,2,2070,0.0019997372325955237
13615,33,77,2069,0.0019987711759614194
13616,74,227,2068,0.0019978051193273155
13617,64,32,2068,0.0019978051193273155
13618,53,183,2068,0.0019978051193273155
13619,37,207,2068,0.0019978051193273155
13620,27,128,2068,0.0019978051193273155
13621,65,207,2067,0.001996839062693211
13622,30,45,2067,0.001996839062693211
13623,20,125,2067,0.001996839062693211
13624,33,65,2066,0.001995873006059107
13625,30,199,2066,0.001995873006059107
13626,72,223,2065,0.001994906949425003
13627,64,103,2065,0.001994906949425003
13628,61,127,2065,0.001994906949425003
13629,53,173,2065,0.001994906949425003
13630,66,95,2064,0.001993940892790899
13631,31,100,2064,0.001993940892790899
13632,64,244,2063,0.001992974836156795
13633,41,245,2063,0.001992974836156795
13634,41,31,2063,0.001992974836156795
13635,23,209,2063,0.001992974836156795
13636,52,115,2062,0.0019920087795226907
13637,18,171,2062,0.0019920087795226907
13638,3,190,2062,0.0019920087795226907
13639,46,45,2061,0.001991042722888587
13640,39,187,2061,0.001991042722888587
13641,46,132,2060,0.0019900766662544825
13642,39,43,2060,0.0019900766662544825
13643,38,42,2060,0.0019900766662544825
13644,28,139,2060,0.0019900766662544825
13645,69,136,2059,0.0019891106096203786
13646,63,246,2059,0.0019891106096203786
13647,39,230,2059,0.0019891106096203786
13648,36,58,2059,0.0019891106096203786
13649,24,155,2059,0.0019891106096203786
13650,6,100,2059,0.0019891106096203786
13651,33,57,2058,0.0019881445529862742
13652,59,97,2057,0.0019871784963521703
13653,19,174,2057,0.0019871784963521703
13654,19,153,2057,0.0019871784963521703
13655,62,214,2056,0.001986212439718066
13656,45,171,2055,0.001985246383083962
13657,31,142,2055,0.001985246383083962
13658,70,8,2054,0.0019842803264498578
13659,47,203,2054,0.0019842803264498578
13660,36,244,2054,0.0019842803264498578
13661,70,112,2053,0.001983314269815754
13662,37,54,2053,0.001983314269815754
13663,11,185,2053,0.001983314269815754
13664,66,150,2052,0.0019823482131816495
13665,37,239,2052,0.0019823482131816495
13666,26,129,2051,0.0019813821565475456
13667,12,93,2051,0.0019813821565475456
13668,43,89,2050,0.0019804160999134413
13669,40,16,2050,0.0019804160999134413
13670,35,0,2050,0.0019804160999134413
13671,16,112,2050,0.0019804160999134413
13672,60,239,2049,0.0019794500432793374
13673,8,44,2049,0.0019794500432793374
13674,50,138,2048,0.001978483986645233
13675,25,214,2048,0.001978483986645233
13676,64,196,2047,0.001977517930011129
13677,7,252,2047,0.001977517930011129
13678,26,202,2046,0.001976551873377025
13679,59,52,2045,0.001975585816742921
13680,54,38,2045,0.001975585816742921
13681,46,47,2045,0.001975585816742921
13682,42,1,2044,0.0019746197601088165
13683,38,129,2044,0.0019746197601088165
13684,31,91,2044,0.0019746197601088165
13685,30,157,2044,0.0019746197601088165
13686,28,218,2044,0.0019746197601088165
13687,11,249,2044,0.0019746197601088165
13688,11,180,2044,0.0019746197601088165
13689,69,186,2043,0.0019736537034747126
13690,21,252,2043,0.0019736537034747126
13691,74,19,2042,0.0019726876468406083
13692,58,22,2042,0.0019726876468406083
13693,37,215,2042,0.0019726876468406083
13694,29,162,2042,0.0019726876468406083
13695,57,237,2041,0.0019717215902065044
13696,37,98,2041,0.0019717215902065044
13697,34,112,2041,0.0019717215902065044
13698,29,216,2041,0.0019717215902065044
13699,76,155,2040,0.0019707555335724
13700,66,91,2040,0.0019707555335724
13701,74,90,2039,0.001969789476938296
13702,55,98,2039,0.001969789476938296
13703,11,78,2039,0.001969789476938296
13704,9,116,2039,0.001969789476938296
13705,71,60,2038,0.001968823420304192
13706,55,176,2038,0.001968823420304192
13707,29,57,2038,0.001968823420304192
13708,10,178,2038,0.001968823420304192
13709,11,135,2037,0.001967857363670088
13710,57,213,2036,0.0019668913070359836
13711,5,202,2036,0.0019668913070359836
13712,39,120,2035,0.0019659252504018797
13713,35,124,2035,0.0019659252504018797
13714,76,152,2034,0.0019649591937677753
13715,71,3,2034,0.0019649591937677753
13716,22,38,2034,0.0019649591937677753
13717,70,214,2033,0.0019639931371336714
13718,59,222,2033,0.0019639931371336714
13719,55,164,2033,0.0019639931371336714
13720,25,147,2033,0.0019639931371336714
13721,14,28,2033,0.0019639931371336714
13722,10,77,2033,0.0019639931371336714
13723,35,79,2032,0.001963027080499567
13724,71,77,2030,0.001961094967231359
13725,60,119,2030,0.001961094967231359
13726,28,117,2030,0.001961094967231359
13727,27,140,2030,0.001961094967231359
13728,20,122,2030,0.001961094967231359
13729,61,226,2029,0.001960128910597255
13730,48,112,2029,0.001960128910597255
13731,61,168,2028,0.0019591628539631506
13732,61,82,2028,0.0019591628539631506
13733,53,30,2028,0.0019591628539631506
13734,20,39,2027,0.0019581967973290467
13735,17,5,2027,0.0019581967973290467
13736,16,14,2027,0.0019581967973290467
13737,28,56,2026,0.0019572307406949424
13738,21,48,2026,0.0019572307406949424
13739,16,33,2026,0.0019572307406949424
13740,69,127,2025,0.0019562646840608384
13741,29,70,2025,0.0019562646840608384
13742,22,62,2025,0.0019562646840608384
13743,72,88,2024,0.001955298627426734
13744,27,245,2024,0.001955298627426734
13745,55,218,2023,0.00195433257079263
13746,16,116,2023,0.00195433257079263
13747,38,174,2022,0.001953366514158526
13748,10,87,2022,0.001953366514158526
13749,73,146,2021,0.001952400457524422
13750,49,52,2021,0.001952400457524422
13751,45,237,2021,0.001952400457524422
13752,8,168,2021,0.001952400457524422
13753,61,118,2020,0.0019514344008903178
13754,10,201,2020,0.0019514344008903178
13755,60,208,2019,0.0019504683442562137
13756,47,249,2019,0.0019504683442562137
13757,39,140,2019,0.0019504683442562137
13758,33,84,2019,0.0019504683442562137
13759,8,124,2019,0.0019504683442562137
13760,74,135,2017,0.0019485362309880055
13761,71,128,2017,0.0019485362309880055
13762,64,78,2017,0.0019485362309880055
13763,50,32,2017,0.0019485362309880055
13764,48,168,2017,0.0019485362309880055
13765,37,90,2017,0.0019485362309880055
13766,20,59,2017,0.0019485362309880055
13767,69,53,2016,0.0019475701743539014
13768,50,179,2016,0.0019475701743539014
13769,26,103,2016,0.0019475701743539014
13770,40,24,2015,0.0019466041177197972
13771,26,150,2015,0.0019466041177197972
13772,21,126,2015,0.0019466041177197972
13773,39,211,2014,0.0019456380610856931
13774,77,130,2013,0.001944672004451589
13775,30,124,2013,0.001944672004451589
13776,3,173,2013,0.001944672004451589
13777,77,157,2012,0.0019437059478174849
13778,54,77,2012,0.0019437059478174849
13779,23,250,2012,0.0019437059478174849
13780,13,224,2012,0.0019437059478174849
13781,55,12,2011,0.0019427398911833807
13782,53,139,2011,0.0019427398911833807
13783,53,89,2011,0.0019427398911833807
13784,47,17,2011,0.0019427398911833807
13785,20,33,2011,0.0019427398911833807
13786,57,19,2009,0.0019408077779151725
13787,47,133,2009,0.0019408077779151725
13788,46,153,2009,0.0019408077779151725
13789,25,98,2009,0.0019408077779151725
13790,67,28,2008,0.0019398417212810684
13791,18,13,2008,0.0019398417212810684
13792,70,20,2007,0.0019388756646469643
13793,69,78,2007,0.0019388756646469643
13794,23,147,2007,0.0019388756646469643
13795,74,237,2006,0.0019379096080128601
13796,54,13,2006,0.0019379096080128601
13797,19,220,2006,0.0019379096080128601
13798,67,84,2005,0.001936943551378756
13799,32,102,2005,0.001936943551378756
13800,18,32,2005,0.001936943551378756
13801,8,63,2005,0.001936943551378756
13802,67,6,2003,0.0019350114381105478
13803,5,153,2003,0.0019350114381105478
13804,34,201,2002,0.0019340453814764437
13805,22,123,2002,0.0019340453814764437
13806,5,92,2002,0.0019340453814764437
13807,44,243,2001,0.0019330793248423395
13808,14,167,2001,0.0019330793248423395
13809,7,98,2001,0.0019330793248423395
13810,68,248,2000,0.0019321132682082354
13811,61,126,2000,0.0019321132682082354
13812,52,61,2000,0.0019321132682082354
13813,39,74,2000,0.0019321132682082354
13814,39,62,2000,0.0019321132682082354
13815,5,188,2000,0.0019321132682082354
13816,65,253,1999,0.0019311472115741313
13817,27,54,1999,0.0019311472115741313
13818,22,165,1999,0.0019311472115741313
13819,45,255,1998,0.0019301811549400272
13820,35,103,1998,0.0019301811549400272
13821,43,42,1997,0.001929215098305923
13822,39,192,1997,0.001929215098305923
13823,26,229,1997,0.001929215098305923
13824,9,222,1997,0.001929215098305923
13825,52,178,1996,0.001928249041671819
13826,35,126,1996,0.001928249041671819
13827,55,191,1995,0.0019272829850377148
13828,48,164,1995,0.0019272829850377148
13829,47,72,1995,0.0019272829850377148
13830,45,28,1995,0.0019272829850377148
13831,44,83,1995,0.0019272829850377148
13832,40,252,1995,0.0019272829850377148
13833,27,80,1995,0.0019272829850377148
13834,16,233,1995,0.0019272829850377148
13835,5,161,1995,0.0019272829850377148
13836,74,88,1994,0.0019263169284036107
13837,22,144,1994,0.0019263169284036107
13838,67,148,1993,0.0019253508717695066
13839,56,150,1993,0.0019253508717695066
13840,44,156,1993,0.0019253508717695066
13841,34,154,1993,0.0019253508717695066
13842,57,41,1992,0.0019243848151354024
13843,17,125,1992,0.0019243848151354024
13844,77,206,1991,0.0019234187585012983
13845,74,82,1991,0.0019234187585012983
13846,44,164,1991,0.0019234187585012983
13847,42,36,1991,0.0019234187585012983
13848,41,105,1991,0.0019234187585012983
13849,63,23,1990,0.0019224527018671942
13850,49,53,1990,0.0019224527018671942
13851,20,58,1990,0.0019224527018671942
13852,54,204,1989,0.00192148664523309
13853,49,123,1989,0.00192148664523309
13854,77,68,1988,0.001920520588598986
13855,44,56,1988,0.001920520588598986
13856,9,192,1988,0.001920520588598986
13857,66,237,1987,0.0019195545319648818
13858,48,61,1987,0.0019195545319648818
13859,22,210,1987,0.0019195545319648818
13860,16,238,1987,0.0019195545319648818
13861,13,21,1987,0.0019195545319648818
13862,11,130,1987,0.0019195545319648818
13863,61,208,1986,0.0019185884753307777
13864,52,88,1986,0.0019185884753307777
13865,35,128,1986,0.0019185884753307777
13866,28,17,1986,0.0019185884753307777
13867,30,75,1985,0.0019176224186966736
13868,12,201,1985,0.0019176224186966736
13869,64,121,1984,0.0019166563620625695
13870,50,44,1983,0.0019156903054284653
13871,22,217,1983,0.0019156903054284653
13872,64,102,1982,0.0019147242487943612
13873,10,39,1982,0.0019147242487943612
13874,73,98,1981,0.001913758192160257
13875,47,169,1981,0.001913758192160257
13876,74,75,1980,0.001912792135526153
13877,62,174,1980,0.001912792135526153
13878,59,153,1980,0.001912792135526153
13879,18,132,1980,0.001912792135526153
13880,12,192,1980,0.001912792135526153
13881,69,76,1979,0.0019118260788920489
13882,64,194,1979,0.0019118260788920489
13883,19,162,1979,0.0019118260788920489
13884,7,70,1979,0.0019118260788920489
13885,68,174,1978,0.001910860022257945
13886,67,26,1978,0.001910860022257945
13887,55,141,1978,0.001910860022257945
13888,55,20,1978,0.001910860022257945
13889,39,214,1977,0.0019098939656238408
13890,25,8,1977,0.0019098939656238408
13891,24,140,1977,0.0019098939656238408
13892,9,239,1977,0.0019098939656238408
13893,3,176,1977,0.0019098939656238408
13894,56,35,1976,0.0019089279089897367
13895,42,75,1976,0.0019089279089897367
13896,31,86,1976,0.0019089279089897367
13897,14,69,1976,0.0019089279089897367
13898,8,169,1976,0.0019089279089897367
13899,4,188,1976,0.0019089279089897367
13900,70,48,1975,0.0019079618523556326
13901,66,144,1975,0.0019079618523556326
13902,60,195,1975,0.0019079618523556326
13903,58,223,1975,0.0019079618523556326
13904,47,226,1975,0.0019079618523556326
13905,40,145,1975,0.0019079618523556326
13906,39,217,1975,0.0019079618523556326
13907,32,26,1975,0.0019079618523556326
13908,69,0,1974,0.0019069957957215285
13909,11,194,1974,0.0019069957957215285
13910,32,173,1973,0.0019060297390874243
13911,50,144,1972,0.0019050636824533202
13912,76,147,1971,0.001904097625819216
13913,34,171,1971,0.001904097625819216
13914,30,123,1971,0.001904097625819216
13915,12,225,1971,0.001904097625819216
13916,62,129,1970,0.001903131569185112
13917,29,171,1970,0.001903131569185112
13918,25,193,1970,0.001903131569185112
13919,55,228,1969,0.0019021655125510079
13920,10,95,1969,0.0019021655125510079
13921,31,122,1968,0.0019011994559169037
13922,49,228,1967,0.0019002333992827996
13923,36,12,1966,0.0018992673426486955
13924,32,216,1966,0.0018992673426486955
13925,75,230,1965,0.0018983012860145914
13926,68,142,1965,0.0018983012860145914
13927,34,163,1965,0.0018983012860145914
13928,29,144,1965,0.0018983012860145914
13929,12,158,1965,0.0018983012860145914
13930,75,170,1964,0.0018973352293804873
13931,33,156,1964,0.0018973352293804873
13932,7,105,1964,0.0018973352293804873
13933,59,143,1963,0.0018963691727463831
13934,32,90,1963,0.0018963691727463831
13935,16,202,1963,0.0018963691727463831
13936,11,111,1963,0.0018963691727463831
13937,77,151,1962,0.001895403116112279
13938,69,189,1962,0.001895403116112279
13939,66,105,1962,0.001895403116112279
13940,55,3,1961,0.0018944370594781749
13941,40,218,1961,0.0018944370594781749
13942,36,205,1961,0.0018944370594781749
13943,14,102,1961,0.0018944370594781749
13944,8,33,1961,0.0018944370594781749
13945,66,201,1960,0.0018934710028440708
13946,61,172,1960,0.0018934710028440708
13947,59,161,1960,0.0018934710028440708
13948,27,118,1960,0.0018934710028440708
13949,20,76,1960,0.0018934710028440708
13950,75,173,1959,0.0018925049462099666
13951,68,242,1959,0.0018925049462099666
13952,8,151,1958,0.0018915388895758625
13953,63,118,1957,0.0018905728329417584
13954,59,246,1957,0.0018905728329417584
13955,44,242,1957,0.0018905728329417584
13956,38,190,1957,0.0018905728329417584
13957,36,161,1957,0.0018905728329417584
13958,10,71,1957,0.0018905728329417584
13959,61,159,1956,0.0018896067763076543
13960,38,19,1956,0.0018896067763076543
13961,7,188,1956,0.0018896067763076543
13962,58,43,1955,0.0018886407196735502
13963,56,182,1955,0.0018886407196735502
13964,35,73,1955,0.0018886407196735502
13965,75,156,1954,0.001887674663039446
13966,70,125,1954,0.001887674663039446
13967,67,53,1954,0.001887674663039446
13968,27,178,1954,0.001887674663039446
13969,77,202,1953,0.001886708606405342
13970,70,165,1953,0.001886708606405342
13971,54,14,1953,0.001886708606405342
13972,40,94,1953,0.001886708606405342
13973,71,222,1952,0.0018857425497712378
13974,75,77,1951,0.0018847764931371337
13975,11,170,1951,0.0018847764931371337
13976,40,236,1950,0.0018838104365030296
13977,16,143,1950,0.0018838104365030296
13978,46,95,1949,0.0018828443798689254
13979,40,91,1948,0.0018818783232348213
13980,3,87,1948,0.0018818783232348213
13981,50,242,1947,0.0018809122666007172
13982,37,195,1946,0.001879946209966613
13983,26,42,1946,0.001879946209966613
13984,23,11,1946,0.001879946209966613
13985,61,152,1945,0.001878980153332509
13986,47,162,1945,0.001878980153332509
13987,39,73,1945,0.001878980153332509
13988,38,213,1945,0.001878980153332509
13989,27,81,1945,0.001878980153332509
13990,23,245,1945,0.001878980153332509
13991,21,140,1945,0.001878980153332509
13992,73,45,1943,0.0018770480400643007
13993,70,105,1943,0.0018770480400643007
13994,36,180,1943,0.0018770480400643007
13995,61,4,1942,0.0018760819834301966
13996,48,21,1942,0.0018760819834301966
13997,14,242,1942,0.0018760819834301966
13998,76,2,1941,0.0018751159267960925
13999,73,151,1941,0.0018751159267960925
14000,49,147,1941,0.0018751159267960925
14001,21,204,1941,0.0018751159267960925
14002,70,199,1940,0.0018741498701619883
14003,62,18,1940,0.0018741498701619883
14004,58,145,1940,0.0018741498701619883
14005,51,202,1940,0.0018741498701619883
14006,50,17,1939,0.0018731838135278842
14007,49,245,1939,0.0018731838135278842
14008,14,198,1939,0.0018731838135278842
14009,48,131,1938,0.00187221775689378
14010,39,76,1938,0.00187221775689378
14011,23,77,1938,0.00187221775689378
14012,69,248,1937,0.001871251700259676
14013,43,161,1937,0.001871251700259676
14014,28,172,1937,0.001871251700259676
14015,14,116,1937,0.001871251700259676
14016,71,160,1936,0.0018702856436255719
14017,9,140,1936,0.0018702856436255719
14018,62,102,1935,0.0018693195869914677
14019,5,10,1935,0.0018693195869914677
14020,74,100,1934,0.0018683535303573636
14021,69,71,1934,0.0018683535303573636
14022,56,144,1934,0.0018683535303573636
14023,46,167,1934,0.0018683535303573636
14024,43,127,1934,0.0018683535303573636
14025,26,34,1934,0.0018683535303573636
14026,16,213,1934,0.0018683535303573636
14027,33,243,1933,0.0018673874737232595
14028,28,127,1933,0.0018673874737232595
14029,48,65,1932,0.0018664214170891554
14030,47,146,1932,0.0018664214170891554
14031,42,84,1932,0.0018664214170891554
14032,18,82,1932,0.0018664214170891554
14033,6,185,1932,0.0018664214170891554
14034,69,219,1931,0.0018654553604550512
14035,18,98,1931,0.0018654553604550512
14036,32,183,1930,0.0018644893038209471
14037,11,218,1930,0.0018644893038209471
14038,7,145,1930,0.0018644893038209471
14039,4,254,1930,0.0018644893038209471
14040,55,36,1929,0.001863523247186843
14041,51,232,1929,0.001863523247186843
14042,26,75,1929,0.001863523247186843
14043,20,188,1929,0.001863523247186843
14044,13,171,1929,0.001863523247186843
14045,7,59,1929,0.001863523247186843
14046,75,38,1928,0.0018625571905527389
14047,55,97,1928,0.0018625571905527389
14048,27,48,1928,0.0018625571905527389
14049,17,153,1928,0.0018625571905527389
14050,9,30,1928,0.0018625571905527389
14051,4,71,1928,0.0018625571905527389
14052,60,84,1927,0.0018615911339186348
14053,60,25,1927,0.0018615911339186348
14054,48,226,1927,0.0018615911339186348
14055,45,86,1926,0.0018606250772845306
14056,9,199,1926,0.0018606250772845306
14057,76,105,1925,0.0018596590206504265
14058,58,123,1925,0.0018596590206504265
14059,27,233,1925,0.0018596590206504265
14060,21,59,1925,0.0018596590206504265
14061,57,101,1924,0.0018586929640163224
14062,51,181,1924,0.0018586929640163224
14063,46,202,1924,0.0018586929640163224
14064,24,128,1924,0.0018586929640163224
14065,50,3,1923,0.0018577269073822183
14066,27,239,1923,0.0018577269073822183
14067,19,177,1923,0.0018577269073822183
14068,16,113,1923,0.0018577269073822183
14069,50,99,1922,0.0018567608507481142
14070,44,168,1922,0.0018567608507481142
14071,26,31,1922,0.0018567608507481142
14072,64,3,1921,0.0018557947941140102
14073,51,56,1921,0.0018557947941140102
14074,49,70,1920,0.0018548287374799061
14075,29,221,1920,0.0018548287374799061
14076,27,114,1920,0.0018548287374799061
14077,51,90,1919,0.001853862680845802
14078,37,217,1919,0.001853862680845802
14079,19,32,1919,0.001853862680845802
14080,11,248,1919,0.001853862680845802
14081,61,196,1918,0.0018528966242116979
14082,48,219,1918,0.0018528966242116979
14083,43,192,1918,0.0018528966242116979
14084,35,14,1918,0.0018528966242116979
14085,33,224,1918,0.0018528966242116979
14086,24,88,1918,0.0018528966242116979
14087,68,241,1917,0.0018519305675775938
14088,56,163,1917,0.0018519305675775938
14089,50,152,1917,0.0018519305675775938
14090,36,207,1917,0.0018519305675775938
14091,32,4,1917,0.0018519305675775938
14092,13,210,1917,0.0018519305675775938
14093,48,113,1916,0.0018509645109434896
14094,45,168,1916,0.0018509645109434896
14095,42,12,1916,0.0018509645109434896
14096,31,143,1916,0.0018509645109434896
14097,19,143,1916,0.0018509645109434896
14098,17,241,1916,0.0018509645109434896
14099,72,190,1915,0.0018499984543093855
14100,6,42,1915,0.0018499984543093855
14101,75,116,1914,0.0018490323976752814
14102,69,214,1914,0.0018490323976752814
14103,58,248,1914,0.0018490323976752814
14104,51,132,1914,0.0018490323976752814
14105,63,112,1913,0.0018480663410411773
14106,51,101,1913,0.0018480663410411773
14107,45,193,1913,0.0018480663410411773
14108,57,28,1912,0.0018471002844070732
14109,55,255,1912,0.0018471002844070732
14110,44,96,1912,0.0018471002844070732
14111,42,121,1912,0.0018471002844070732
14112,15,17,1912,0.0018471002844070732
14113,14,137,1912,0.0018471002844070732
14114,60,235,1911,0.001846134227772969
14115,48,240,1911,0.001846134227772969
14116,27,46,1911,0.001846134227772969
14117,66,47,1910,0.001845168171138865
14118,30,70,1910,0.001845168171138865
14119,66,93,1909,0.0018442021145047608
14120,50,116,1909,0.0018442021145047608
14121,43,106,1909,0.0018442021145047608
14122,77,224,1908,0.0018432360578706567
14123,66,134,1908,0.0018432360578706567
14124,63,26,1908,0.0018432360578706567
14125,33,0,1908,0.0018432360578706567
14126,18,225,1908,0.0018432360578706567
14127,3,242,1908,0.0018432360578706567
14128,70,195,1907,0.0018422700012365525
14129,64,94,1907,0.0018422700012365525
14130,43,110,1907,0.0018422700012365525
14131,28,178,1907,0.0018422700012365525
14132,23,166,1907,0.0018422700012365525
14133,8,1,1907,0.0018422700012365525
14134,3,172,1906,0.0018413039446024484
14135,73,85,1905,0.0018403378879683443
14136,54,79,1905,0.0018403378879683443
14137,15,213,1905,0.0018403378879683443
14138,46,103,1904,0.0018393718313342402
14139,39,89,1904,0.0018393718313342402
14140,33,173,1904,0.0018393718313342402
14141,15,119,1904,0.0018393718313342402
14142,11,49,1904,0.0018393718313342402
14143,67,140,1903,0.001838405774700136
14144,64,139,1903,0.001838405774700136
14145,44,55,1903,0.001838405774700136
14146,38,63,1903,0.001838405774700136
14147,70,74,1902,0.001837439718066032
14148,60,207,1902,0.001837439718066032
14149,14,47,1902,0.001837439718066032
14150,74,177,1901,0.0018364736614319278
14151,8,141,1901,0.0018364736614319278
14152,65,128,1900,0.0018355076047978237
14153,34,33,1900,0.0018355076047978237
14154,13,84,1900,0.0018355076047978237
14155,32,115,1899,0.0018345415481637196
14156,25,163,1899,0.0018345415481637196
14157,71,111,1898,0.0018335754915296155
14158,65,77,1898,0.0018335754915296155
14159,65,15,1898,0.0018335754915296155
14160,46,240,1898,0.0018335754915296155
14161,30,196,1898,0.0018335754915296155
14162,77,138,1897,0.0018326094348955113
14163,67,27,1897,0.0018326094348955113
14164,28,96,1897,0.0018326094348955113
14165,48,107,1896,0.0018316433782614072
14166,44,209,1896,0.0018316433782614072
14167,5,119,1896,0.0018316433782614072
14168,59,88,1895,0.001830677321627303
14169,52,75,1895,0.001830677321627303
14170,27,149,1895,0.001830677321627303
14171,4,223,1895,0.001830677321627303
14172,44,174,1894,0.001829711264993199
14173,31,53,1894,0.001829711264993199
14174,30,163,1894,0.001829711264993199
14175,24,204,1894,0.001829711264993199
14176,17,242,1894,0.001829711264993199
14177,3,18,1894,0.001829711264993199
14178,61,182,1893,0.0018287452083590948
14179,44,90,1893,0.0018287452083590948
14180,70,91,1892,0.0018277791517249907
14181,57,73,1892,0.0018277791517249907
14182,40,159,1891,0.0018268130950908866
14183,35,239,1891,0.0018268130950908866
14184,35,89,1891,0.0018268130950908866
14185,15,109,1890,0.0018258470384567825
14186,70,114,1889,0.0018248809818226784
14187,48,212,1889,0.0018248809818226784
14188,46,145,1889,0.0018248809818226784
14189,27,75,1889,0.0018248809818226784
14190,22,216,1889,0.0018248809818226784
14191,62,175,1888,0.0018239149251885742
14192,55,134,1888,0.0018239149251885742
14193,62,76,1887,0.0018229488685544701
14194,52,100,1887,0.0018229488685544701
14195,47,214,1887,0.0018229488685544701
14196,70,213,1886,0.001821982811920366
14197,68,132,1886,0.001821982811920366
14198,35,99,1886,0.001821982811920366
14199,13,40,1886,0.001821982811920366
14200,48,71,1885,0.0018210167552862619
14201,44,195,1885,0.0018210167552862619
14202,29,44,1885,0.0018210167552862619
14203,52,77,1884,0.0018200506986521578
14204,39,220,1884,0.0018200506986521578
14205,14,200,1884,0.0018200506986521578
14206,60,217,1883,0.0018190846420180536
14207,40,105,1883,0.0018190846420180536
14208,34,183,1883,0.0018190846420180536
14209,73,1,1882,0.0018181185853839495
14210,72,129,1882,0.0018181185853839495
14211,18,122,1882,0.0018181185853839495
14212,15,240,1882,0.0018181185853839495
14213,14,169,1882,0.0018181185853839495
14214,62,190,1881,0.0018171525287498454
14215,60,86,1881,0.0018171525287498454
14216,57,6,1881,0.0018171525287498454
14217,50,220,1881,0.0018171525287498454
14218,56,6,1880,0.0018161864721157413
14219,4,189,1880,0.0018161864721157413
14220,69,208,1879,0.0018152204154816371
14221,55,214,1879,0.0018152204154816371
14222,77,73,1878,0.001814254358847533
14223,74,232,1878,0.001814254358847533
14224,69,87,1878,0.001814254358847533
14225,66,212,1878,0.001814254358847533
14226,59,189,1878,0.001814254358847533
14227,15,111,1878,0.001814254358847533
14228,6,22,1878,0.001814254358847533
14229,52,113,1877,0.001813288302213429
14230,46,112,1877,0.001813288302213429
14231,43,252,1877,0.001813288302213429
14232,26,205,1877,0.001813288302213429
14233,71,10,1876,0.0018123222455793248
14234,40,151,1876,0.0018123222455793248
14235,27,152,1876,0.0018123222455793248
14236,26,234,1876,0.0018123222455793248
14237,48,26,1875,0.0018113561889452207
14238,44,183,1875,0.0018113561889452207
14239,42,58,1875,0.0018113561889452207
14240,16,2,1875,0.0018113561889452207
14241,4,164,1875,0.0018113561889452207
14242,74,182,1874,0.0018103901323111165
14243,27,62,1874,0.0018103901323111165
14244,55,37,1873,0.0018094240756770124
14245,54,185,1873,0.0018094240756770124
14246,23,195,1873,0.0018094240756770124
14247,11,8,1873,0.0018094240756770124
14248,68,9,1872,0.0018084580190429083
14249,60,96,1872,0.0018084580190429083
14250,42,146,1872,0.0018084580190429083
14251,41,68,1872,0.0018084580190429083
14252,72,91,1871,0.0018074919624088042
14253,30,247,1871,0.0018074919624088042
14254,53,250,1870,0.0018065259057747
14255,51,243,1870,0.0018065259057747
14256,50,104,1870,0.0018065259057747
14257,19,226,1870,0.0018065259057747
14258,74,29,1869,0.001805559849140596
14259,62,23,1869,0.001805559849140596
14260,51,20,1869,0.001805559849140596
14261,22,196,1869,0.001805559849140596
14262,76,157,1868,0.0018045937925064918
14263,66,190,1868,0.0018045937925064918
14264,46,192,1868,0.0018045937925064918
14265,27,132,1868,0.0018045937925064918
14266,27,57,1868,0.0018045937925064918
14267,26,51,1868,0.0018045937925064918
14268,32,191,1866,0.0018026616792382836
14269,30,86,1866,0.0018026616792382836
14270,27,43,1866,0.0018026616792382836
14271,24,30,1866,0.0018026616792382836
14272,65,188,1865,0.0018016956226041794
14273,41,169,1865,0.0018016956226041794
14274,50,247,1864,0.0018007295659700755
14275,43,58,1864,0.0018007295659700755
14276,24,186,1864,0.0018007295659700755
14277,17,146,1864,0.0018007295659700755
14278,40,175,1863,0.0017997635093359714
14279,23,21,1863,0.0017997635093359714
14280,17,226,1863,0.0017997635093359714
14281,26,100,1862,0.0017987974527018673
14282,74,236,1861,0.0017978313960677632
14283,24,234,1861,0.0017978313960677632
14284,23,24,1861,0.0017978313960677632
14285,59,125,1860,0.001796865339433659
14286,56,247,1860,0.001796865339433659
14287,47,66,1860,0.001796865339433659
14288,37,224,1860,0.001796865339433659
14289,33,102,1860,0.001796865339433659
14290,28,156,1860,0.001796865339433659
14291,28,196,1859,0.001795899282799555
14292,8,205,1859,0.001795899282799555
14293,60,16,1858,0.0017949332261654508
14294,57,66,1858,0.0017949332261654508
14295,52,227,1858,0.0017949332261654508
14296,28,98,1858,0.0017949332261654508
14297,21,4,1858,0.0017949332261654508
14298,5,3,1858,0.0017949332261654508
14299,39,228,1857,0.0017939671695313467
14300,21,218,1857,0.0017939671695313467
14301,18,116,1857,0.0017939671695313467
14302,17,230,1857,0.0017939671695313467
14303,70,208,1856,0.0017930011128972426
14304,34,135,1856,0.0017930011128972426
14305,57,5,1855,0.0017920350562631384
14306,51,16,1855,0.0017920350562631384
14307,48,125,1855,0.0017920350562631384
14308,46,226,1855,0.0017920350562631384
14309,15,238,1855,0.0017920350562631384
14310,56,210,1854,0.0017910689996290343
14311,42,48,1854,0.0017910689996290343
14312,30,237,1854,0.0017910689996290343
14313,21,234,1854,0.0017910689996290343
14314,77,124,1853,0.0017901029429949302
14315,48,66,1853,0.0017901029429949302
14316,65,173,1852,0.001789136886360826
14317,16,117,1852,0.001789136886360826
14318,73,189,1851,0.001788170829726722
14319,48,174,1851,0.001788170829726722
14320,39,152,1850,0.0017872047730926178
14321,31,140,1850,0.0017872047730926178
14322,70,140,1848,0.0017852726598244096
14323,47,97,1847,0.0017843066031903055
14324,39,22,1847,0.0017843066031903055
14325,38,188,1847,0.0017843066031903055
14326,34,121,1847,0.0017843066031903055
14327,31,63,1847,0.0017843066031903055
14328,17,15,1847,0.0017843066031903055
14329,14,115,1847,0.0017843066031903055
14330,47,7,1846,0.0017833405465562014
14331,44,157,1845,0.0017823744899220972
14332,11,24,1845,0.0017823744899220972
14333,25,6,1844,0.001781408433287993
14334,66,231,1843,0.001780442376653889
14335,6,40,1843,0.001780442376653889
14336,13,187,1842,0.0017794763200197849
14337,75,168,1840,0.0017775442067515766
14338,65,106,1840,0.0017775442067515766
14339,60,43,1840,0.0017775442067515766
14340,59,172,1840,0.0017775442067515766
14341,33,138,1840,0.0017775442067515766
14342,27,200,1840,0.0017775442067515766
14343,56,61,1839,0.0017765781501174725
14344,14,100,1839,0.0017765781501174725
14345,4,13,1839,0.0017765781501174725
14346,68,63,1838,0.0017756120934833684
14347,68,17,1838,0.0017756120934833684
14348,21,122,1838,0.0017756120934833684
14349,50,7,1837,0.0017746460368492643
14350,44,113,1837,0.0017746460368492643
14351,42,130,1837,0.0017746460368492643
14352,5,150,1837,0.0017746460368492643
14353,3,53,1837,0.0017746460368492643
14354,32,209,1836,0.0017736799802151601
14355,68,51,1835,0.001772713923581056
14356,15,78,1835,0.001772713923581056
14357,63,167,1834,0.001771747866946952
14358,36,111,1834,0.001771747866946952
14359,28,136,1834,0.001771747866946952
14360,18,198,1834,0.001771747866946952
14361,72,36,1833,0.0017707818103128478
14362,66,29,1833,0.0017707818103128478
14363,57,245,1833,0.0017707818103128478
14364,52,155,1833,0.0017707818103128478
14365,47,150,1832,0.0017698157536787437
14366,27,102,1832,0.0017698157536787437
14367,19,172,1831,0.0017688496970446395
14368,9,197,1831,0.0017688496970446395
14369,7,201,1831,0.0017688496970446395
14370,74,114,1830,0.0017678836404105354
14371,73,231,1830,0.0017678836404105354
14372,52,38,1830,0.0017678836404105354
14373,43,156,1830,0.0017678836404105354
14374,70,169,1829,0.0017669175837764313
14375,37,88,1829,0.0017669175837764313
14376,26,161,1829,0.0017669175837764313
14377,60,159,1828,0.0017659515271423272
14378,60,131,1828,0.0017659515271423272
14379,48,241,1828,0.0017659515271423272
14380,71,118,1827,0.001764985470508223
14381,64,40,1827,0.001764985470508223
14382,43,189,1827,0.001764985470508223
14383,43,116,1827,0.001764985470508223
14384,42,158,1827,0.001764985470508223
14385,37,34,1827,0.001764985470508223
14386,16,102,1827,0.001764985470508223
14387,10,94,1827,0.001764985470508223
14388,76,136,1826,0.001764019413874119
14389,66,23,1826,0.001764019413874119
14390,52,222,1826,0.001764019413874119
14391,49,125,1826,0.001764019413874119
14392,35,82,1826,0.001764019413874119
14393,22,9,1826,0.001764019413874119
14394,77,84,1824,0.0017620873006059107
14395,65,197,1824,0.0017620873006059107
14396,23,217,1823,0.0017611212439718066
14397,6,227,1823,0.0017611212439718066
14398,77,212,1822,0.0017601551873377024
14399,48,250,1822,0.0017601551873377024
14400,32,234,1822,0.0017601551873377024
14401,28,147,1822,0.0017601551873377024
14402,70,235,1821,0.0017591891307035983
14403,68,205,1821,0.0017591891307035983
14404,22,54,1821,0.0017591891307035983
14405,38,240,1819,0.00175725701743539
14406,70,227,1818,0.001756290960801286
14407,61,10,1818,0.001756290960801286
14408,58,216,1818,0.001756290960801286
14409,43,0,1818,0.001756290960801286
14410,42,91,1818,0.001756290960801286
14411,28,137,1817,0.0017553249041671818
14412,12,146,1817,0.0017553249041671818
14413,9,48,1817,0.0017553249041671818
14414,5,72,1817,0.0017553249041671818
14415,51,196,1816,0.0017543588475330777
14416,33,27,1816,0.0017543588475330777
14417,8,117,1816,0.0017543588475330777
14418,23,178,1815,0.0017533927908989736
14419,7,115,1815,0.0017533927908989736
14420,72,203,1814,0.0017524267342648695
14421,55,76,1814,0.0017524267342648695
14422,18,100,1814,0.0017524267342648695
14423,14,58,1814,0.0017524267342648695
14424,74,191,1812,0.0017504946209966612
14425,54,179,1812,0.0017504946209966612
14426,54,63,1812,0.0017504946209966612
14427,54,181,1811,0.001749528564362557
14428,43,124,1811,0.001749528564362557
14429,39,241,1811,0.001749528564362557
14430,36,5,1811,0.001749528564362557
14431,43,4,1810,0.001748562507728453
14432,33,136,1810,0.001748562507728453
14433,73,203,1809,0.0017475964510943489
14434,58,42,1809,0.0017475964510943489
14435,36,169,1809,0.0017475964510943489
14436,24,149,1809,0.0017475964510943489
14437,75,250,1808,0.0017466303944602447
14438,38,103,1808,0.0017466303944602447
14439,11,105,1808,0.0017466303944602447
14440,54,173,1807,0.0017456643378261406
14441,18,77,1807,0.0017456643378261406
14442,17,118,1807,0.0017456643378261406
14443,13,77,1807,0.0017456643378261406
14444,4,224,1807,0.0017456643378261406
14445,68,255,1806,0.0017446982811920367
14446,51,186,1806,0.0017446982811920367
14447,35,197,1806,0.0017446982811920367
14448,27,23,1806,0.0017446982811920367
14449,26,92,1806,0.0017446982811920367
14450,14,74,1806,0.0017446982811920367
14451,12,49,1806,0.0017446982811920367
14452,69,182,1805,0.0017437322245579326
14453,49,156,1805,0.0017437322245579326
14454,39,23,1805,0.0017437322245579326
14455,14,113,1805,0.0017437322245579326
14456,53,218,1804,0.0017427661679238285
14457,48,151,1804,0.0017427661679238285
14458,19,59,1803,0.0017418001112897243
14459,77,183,1802,0.0017408340546556202
14460,25,148,1802,0.0017408340546556202
14461,65,251,1801,0.001739867998021516
14462,54,98,1801,0.001739867998021516
14463,10,28,1801,0.001739867998021516
14464,59,121,1800,0.001738901941387412
14465,28,251,1800,0.001738901941387412
14466,16,128,1800,0.001738901941387412
14467,52,51,1799,0.0017379358847533079
14468,45,94,1799,0.0017379358847533079
14469,65,89,1798,0.0017369698281192037
14470,39,170,1798,0.0017369698281192037
14471,60,28,1797,0.0017360037714850996
14472,26,244,1797,0.0017360037714850996
14473,37,219,1796,0.0017350377148509955
14474,23,87,1796,0.0017350377148509955
14475,59,171,1795,0.0017340716582168914
14476,51,220,1795,0.0017340716582168914
14477,36,28,1795,0.0017340716582168914
14478,17,79,1794,0.0017331056015827872
14479,71,82,1793,0.0017321395449486831
14480,63,157,1793,0.0017321395449486831
14481,61,31,1793,0.0017321395449486831
14482,34,128,1793,0.0017321395449486831
14483,16,30,1793,0.0017321395449486831
14484,9,49,1793,0.0017321395449486831
14485,33,49,1792,0.001731173488314579
14486,27,117,1792,0.001731173488314579
14487,71,214,1791,0.0017302074316804749
14488,54,30,1791,0.0017302074316804749
14489,27,134,1791,0.0017302074316804749
14490,10,31,1791,0.0017302074316804749
14491,4,81,1791,0.0017302074316804749
14492,52,31,1790,0.0017292413750463708
14493,71,74,1789,0.0017282753184122666
14494,30,151,1789,0.0017282753184122666
14495,53,237,1788,0.0017273092617781625
14496,40,40,1787,0.0017263432051440584
14497,10,15,1787,0.0017263432051440584
14498,67,207,1786,0.0017253771485099543
14499,49,97,1786,0.0017253771485099543
14500,45,110,1786,0.0017253771485099543
14501,7,171,1786,0.0017253771485099543
14502,72,13,1785,0.0017244110918758502
14503,47,93,1785,0.0017244110918758502
14504,38,252,1785,0.0017244110918758502
14505,22,146,1785,0.0017244110918758502
14506,58,151,1784,0.001723445035241746
14507,55,38,1784,0.001723445035241746
14508,62,70,1783,0.001722478978607642
14509,61,35,1783,0.001722478978607642
14510,37,156,1783,0.001722478978607642
14511,25,72,1783,0.001722478978607642
14512,44,118,1782,0.0017215129219735378
14513,37,235,1782,0.0017215129219735378
14514,69,110,1781,0.0017205468653394337
14515,48,80,1781,0.0017205468653394337
14516,40,110,1781,0.0017205468653394337
14517,51,49,1780,0.0017195808087053295
14518,33,230,1780,0.0017195808087053295
14519,31,22,1780,0.0017195808087053295
14520,21,115,1780,0.0017195808087053295
14521,75,59,1779,0.0017186147520712254
14522,44,87,1778,0.0017176486954371213
14523,41,187,1778,0.0017176486954371213
14524,74,142,1777,0.0017166826388030172
14525,52,68,1777,0.0017166826388030172
14526,27,76,1777,0.0017166826388030172
14527,9,60,1777,0.0017166826388030172
14528,71,181,1776,0.001715716582168913
14529,56,228,1776,0.001715716582168913
14530,43,122,1776,0.001715716582168913
14531,26,198,1776,0.001715716582168913
14532,45,245,1775,0.001714750525534809
14533,14,234,1775,0.001714750525534809
14534,63,18,1774,0.0017137844689007048
14535,34,116,1774,0.0017137844689007048
14536,24,165,1774,0.0017137844689007048
14537,73,71,1773,0.0017128184122666007
14538,63,204,1773,0.0017128184122666007
14539,58,74,1773,0.0017128184122666007
14540,49,115,1773,0.0017128184122666007
14541,77,47,1772,0.0017118523556324966
14542,40,225,1772,0.0017118523556324966
14543,71,169,1771,0.0017108862989983925
14544,69,200,1771,0.0017108862989983925
14545,69,135,1771,0.0017108862989983925
14546,53,211,1771,0.0017108862989983925
14547,39,98,1771,0.0017108862989983925
14548,37,191,1771,0.0017108862989983925
14549,11,45,1771,0.0017108862989983925
14550,77,100,1770,0.0017099202423642883
14551,63,253,1770,0.0017099202423642883
14552,43,152,1770,0.0017099202423642883
14553,70,138,1769,0.0017089541857301842
14554,57,95,1769,0.0017089541857301842
14555,67,170,1768,0.00170798812909608
14556,62,64,1768,0.00170798812909608
14557,59,122,1768,0.00170798812909608
14558,31,242,1768,0.00170798812909608
14559,68,227,1767,0.001707022072461976
14560,62,39,1767,0.001707022072461976
14561,51,119,1767,0.001707022072461976
14562,46,144,1767,0.001707022072461976
14563,72,189,1766,0.0017060560158278718
14564,59,211,1765,0.0017050899591937677
14565,57,226,1765,0.0017050899591937677
14566,51,112,1765,0.0017050899591937677
14567,43,135,1765,0.0017050899591937677
14568,39,39,1765,0.0017050899591937677
14569,35,159,1764,0.0017041239025596636
14570,64,47,1763,0.0017031578459255595
14571,34,251,1763,0.0017031578459255595
14572,31,49,1763,0.0017031578459255595
14573,6,81,1763,0.0017031578459255595
14574,73,185,1762,0.0017021917892914554
14575,42,220,1762,0.0017021917892914554
14576,15,113,1762,0.0017021917892914554
14577,13,195,1762,0.0017021917892914554
14578,71,183,1761,0.0017012257326573512
14579,56,245,1761,0.0017012257326573512
14580,45,222,1761,0.0017012257326573512
14581,19,242,1761,0.0017012257326573512
14582,55,210,1760,0.0017002596760232471
14583,42,114,1760,0.0017002596760232471
14584,18,167,1760,0.0017002596760232471
14585,16,68,1760,0.0017002596760232471
14586,8,72,1760,0.0017002596760232471
14587,24,47,1759,0.001699293619389143
14588,38,211,1758,0.0016983275627550389
14589,35,157,1758,0.0016983275627550389
14590,74,216,1757,0.0016973615061209348
14591,63,199,1757,0.0016973615061209348
14592,41,29,1757,0.0016973615061209348
14593,35,198,1757,0.0016973615061209348
14594,72,211,1756,0.0016963954494868306
14595,45,23,1756,0.0016963954494868306
14596,30,98,1756,0.0016963954494868306
14597,28,200,1756,0.0016963954494868306
14598,20,82,1756,0.0016963954494868306
14599,11,148,1756,0.0016963954494868306
14600,31,235,1755,0.0016954293928527265
14601,17,231,1755,0.0016954293928527265
14602,12,46,1755,0.0016954293928527265
14603,69,92,1754,0.0016944633362186224
14604,61,47,1754,0.0016944633362186224
14605,51,179,1754,0.0016944633362186224
14606,44,125,1754,0.0016944633362186224
14607,36,34,1754,0.0016944633362186224
14608,16,105,1754,0.0016944633362186224
14609,14,49,1754,0.0016944633362186224
14610,53,216,1753,0.0016934972795845183
14611,52,252,1753,0.0016934972795845183
14612,66,137,1752,0.0016925312229504141
14613,53,37,1752,0.0016925312229504141
14614,45,204,1752,0.0016925312229504141
14615,42,37,1752,0.0016925312229504141
14616,34,173,1752,0.0016925312229504141
14617,22,163,1752,0.0016925312229504141
14618,20,179,1752,0.0016925312229504141
14619,57,211,1751,0.00169156516631631
14620,38,195,1751,0.00169156516631631
14621,10,188,1751,0.00169156516631631
14622,11,167,1750,0.001690599109682206
14623,22,243,1749,0.001689633053048102
14624,77,98,1748,0.0016886669964139979
14625,70,77,1748,0.0016886669964139979
14626,33,187,1748,0.0016886669964139979
14627,29,170,1748,0.0016886669964139979
14628,13,18,1748,0.0016886669964139979
14629,58,249,1746,0.0016867348831457896
14630,47,176,1746,0.0016867348831457896
14631,42,239,1746,0.0016867348831457896
14632,25,191,1746,0.0016867348831457896
14633,18,80,1745,0.0016857688265116855
14634,70,97,1744,0.0016848027698775814
14635,44,252,1744,0.0016848027698775814
14636,26,214,1744,0.0016848027698775814
14637,70,44,1743,0.0016838367132434773
14638,54,81,1743,0.0016838367132434773
14639,54,34,1743,0.0016838367132434773
14640,36,40,1743,0.0016838367132434773
14641,74,61,1742,0.0016828706566093731
14642,54,217,1742,0.0016828706566093731
14643,50,103,1742,0.0016828706566093731
14644,49,206,1742,0.0016828706566093731
14645,38,55,1742,0.0016828706566093731
14646,37,231,1742,0.0016828706566093731
14647,34,243,1742,0.0016828706566093731
14648,33,190,1742,0.0016828706566093731
14649,55,216,1741,0.001681904599975269
14650,35,235,1741,0.001681904599975269
14651,22,40,1741,0.001681904599975269
14652,20,130,1741,0.001681904599975269
14653,12,161,1741,0.001681904599975269
14654,9,47,1741,0.001681904599975269
14655,77,78,1740,0.001680938543341165
14656,63,213,1740,0.001680938543341165
14657,49,238,1740,0.001680938543341165
14658,13,214,1740,0.001680938543341165
14659,24,248,1739,0.0016799724867070608
14660,9,141,1739,0.0016799724867070608
14661,47,193,1738,0.0016790064300729567
14662,31,18,1738,0.0016790064300729567
14663,30,144,1738,0.0016790064300729567
14664,41,9,1737,0.0016780403734388525
14665,35,253,1737,0.0016780403734388525
14666,20,246,1737,0.0016780403734388525
14667,17,194,1737,0.0016780403734388525
14668,13,241,1737,0.0016780403734388525
14669,69,188,1736,0.0016770743168047484
14670,30,209,1736,0.0016770743168047484
14671,72,61,1735,0.0016761082601706443
14672,44,160,1735,0.0016761082601706443
14673,70,39,1734,0.0016751422035365402
14674,59,41,1734,0.0016751422035365402
14675,32,106,1734,0.0016751422035365402
14676,31,210,1734,0.0016751422035365402
14677,30,142,1734,0.0016751422035365402
14678,64,42,1733,0.001674176146902436
14679,57,142,1733,0.001674176146902436
14680,31,99,1733,0.001674176146902436
14681,30,170,1733,0.001674176146902436
14682,15,251,1733,0.001674176146902436
14683,15,172,1733,0.001674176146902436
14684,5,244,1733,0.001674176146902436
14685,53,121,1732,0.001673210090268332
14686,61,124,1731,0.0016722440336342278
14687,50,172,1731,0.0016722440336342278
14688,72,215,1730,0.0016712779770001237
14689,71,129,1730,0.0016712779770001237
14690,44,62,1730,0.0016712779770001237
14691,43,13,1730,0.0016712779770001237
14692,48,170,1729,0.0016703119203660196
14693,25,211,1729,0.0016703119203660196
14694,15,215,1729,0.0016703119203660196
14695,28,175,1728,0.0016693458637319154
14696,67,117,1727,0.0016683798070978113
14697,58,193,1727,0.0016683798070978113
14698,36,239,1727,0.0016683798070978113
14699,15,40,1727,0.0016683798070978113
14700,73,255,1726,0.0016674137504637072
14701,61,177,1726,0.0016674137504637072
14702,73,166,1725,0.001666447693829603
14703,32,87,1725,0.001666447693829603
14704,17,173,1725,0.001666447693829603
14705,9,235,1725,0.001666447693829603
14706,53,204,1724,0.001665481637195499
14707,36,67,1724,0.001665481637195499
14708,29,199,1724,0.001665481637195499
14709,19,52,1724,0.001665481637195499
14710,12,124,1724,0.001665481637195499
14711,20,200,1723,0.0016645155805613948
14712,23,119,1721,0.0016625834672931866
14713,49,130,1720,0.0016616174106590825
14714,44,147,1720,0.0016616174106590825
14715,37,42,1719,0.0016606513540249784
14716,77,203,1718,0.0016596852973908742
14717,21,38,1718,0.0016596852973908742
14718,18,231,1717,0.0016587192407567701
14719,61,25,1716,0.001657753184122666
14720,17,88,1716,0.001657753184122666
14721,41,113,1715,0.0016567871274885619
14722,31,107,1715,0.0016567871274885619
14723,60,223,1714,0.0016558210708544577
14724,30,20,1714,0.0016558210708544577
14725,21,254,1714,0.0016558210708544577
14726,17,202,1714,0.0016558210708544577
14727,37,132,1713,0.0016548550142203536
14728,15,53,1713,0.0016548550142203536
14729,10,198,1713,0.0016548550142203536
14730,73,190,1712,0.0016538889575862495
14731,72,90,1712,0.0016538889575862495
14732,60,135,1712,0.0016538889575862495
14733,45,131,1712,0.0016538889575862495
14734,33,41,1712,0.0016538889575862495
14735,72,195,1711,0.0016529229009521454
14736,51,247,1711,0.0016529229009521454
14737,36,230,1711,0.0016529229009521454
14738,33,239,1711,0.0016529229009521454
14739,33,141,1711,0.0016529229009521454
14740,58,168,1710,0.0016519568443180413
14741,29,20,1710,0.0016519568443180413
14742,24,135,1710,0.0016519568443180413
14743,16,141,1710,0.0016519568443180413
14744,19,141,1709,0.0016509907876839371
14745,69,144,1707,0.001649058674415729
14746,39,69,1707,0.001649058674415729
14747,37,69,1707,0.001649058674415729
14748,34,249,1706,0.0016480926177816248
14749,47,64,1705,0.0016471265611475207
14750,45,227,1705,0.0016471265611475207
14751,6,203,1705,0.0016471265611475207
14752,27,197,1704,0.0016461605045134165
14753,27,9,1704,0.0016461605045134165
14754,21,245,1704,0.0016461605045134165
14755,65,109,1703,0.0016451944478793124
14756,57,116,1703,0.0016451944478793124
14757,50,230,1702,0.0016442283912452083
14758,48,216,1702,0.0016442283912452083
14759,48,152,1702,0.0016442283912452083
14760,38,115,1702,0.0016442283912452083
14761,35,251,1702,0.0016442283912452083
14762,29,220,1702,0.0016442283912452083
14763,27,20,1702,0.0016442283912452083
14764,23,210,1702,0.0016442283912452083
14765,69,238,1701,0.0016432623346111042
14766,64,243,1700,0.001642296277977
14767,17,89,1700,0.001642296277977
14768,9,15,1700,0.001642296277977
14769,73,42,1699,0.001641330221342896
14770,36,241,1699,0.001641330221342896
14771,28,16,1699,0.001641330221342896
14772,70,57,1698,0.0016403641647087918
14773,60,139,1698,0.0016403641647087918
14774,46,80,1698,0.0016403641647087918
14775,37,228,1698,0.0016403641647087918
14776,35,161,1698,0.0016403641647087918
14777,25,208,1698,0.0016403641647087918
14778,41,36,1697,0.0016393981080746877
14779,60,94,1696,0.0016384320514405836
14780,32,123,1696,0.0016384320514405836
14781,29,207,1696,0.0016384320514405836
14782,75,63,1695,0.0016374659948064794
14783,65,234,1695,0.0016374659948064794
14784,53,72,1695,0.0016374659948064794
14785,44,27,1695,0.0016374659948064794
14786,26,178,1695,0.0016374659948064794
14787,17,43,1695,0.0016374659948064794
14788,75,205,1694,0.0016364999381723753
14789,69,168,1694,0.0016364999381723753
14790,49,75,1694,0.0016364999381723753
14791,20,164,1694,0.0016364999381723753
14792,3,12,1694,0.0016364999381723753
14793,15,180,1693,0.0016355338815382712
14794,68,220,1692,0.001634567824904167
14795,66,97,1692,0.001634567824904167
14796,32,114,1692,0.001634567824904167
14797,18,222,1692,0.001634567824904167
14798,72,220,1691,0.0016336017682700632
14799,55,103,1691,0.0016336017682700632
14800,54,89,1691,0.0016336017682700632
14801,9,52,1691,0.0016336017682700632
14802,37,184,1690,0.001632635711635959
14803,77,85,1689,0.001631669655001855
14804,76,173,1689,0.001631669655001855
14805,36,48,1689,0.001631669655001855
14806,35,35,1689,0.001631669655001855
14807,30,2,1689,0.001631669655001855
14808,21,85,1689,0.001631669655001855
14809,18,139,1689,0.001631669655001855
14810,74,1,1688,0.0016307035983677508
14811,37,170,1688,0.0016307035983677508
14812,14,55,1688,0.0016307035983677508
14813,62,74,1687,0.0016297375417336467
14814,43,157,1687,0.0016297375417336467
14815,29,225,1687,0.0016297375417336467
14816,25,246,1687,0.0016297375417336467
14817,45,241,1686,0.0016287714850995426
14818,71,136,1685,0.0016278054284654384
14819,70,167,1685,0.0016278054284654384
14820,75,93,1684,0.0016268393718313343
14821,26,26,1684,0.0016268393718313343
14822,8,129,1684,0.0016268393718313343
14823,41,118,1683,0.0016258733151972302
14824,35,87,1683,0.0016258733151972302
14825,38,208,1682,0.001624907258563126
14826,36,21,1682,0.001624907258563126
14827,6,226,1682,0.001624907258563126
14828,61,238,1681,0.001623941201929022
14829,37,60,1681,0.001623941201929022
14830,67,87,1680,0.0016229751452949178
14831,62,194,1680,0.0016229751452949178
14832,62,149,1680,0.0016229751452949178
14833,56,50,1680,0.0016229751452949178
14834,53,106,1680,0.0016229751452949178
14835,40,117,1680,0.0016229751452949178
14836,23,40,1680,0.0016229751452949178
14837,29,108,1679,0.0016220090886608137
14838,27,86,1679,0.0016220090886608137
14839,21,221,1679,0.0016220090886608137
14840,56,130,1678,0.0016210430320267096
14841,30,160,1678,0.0016210430320267096
14842,23,65,1678,0.0016210430320267096
14843,55,177,1677,0.0016200769753926055
14844,49,48,1677,0.0016200769753926055
14845,25,223,1677,0.0016200769753926055
14846,17,39,1677,0.0016200769753926055
14847,14,250,1677,0.0016200769753926055
14848,71,57,1676,0.0016191109187585013
14849,70,190,1676,0.0016191109187585013
14850,51,74,1676,0.0016191109187585013
14851,39,52,1676,0.0016191109187585013
14852,12,183,1676,0.0016191109187585013
14853,20,128,1675,0.0016181448621243972
14854,15,246,1675,0.0016181448621243972
14855,62,104,1674,0.001617178805490293
14856,54,237,1674,0.001617178805490293
14857,64,123,1673,0.001616212748856189
14858,37,158,1673,0.001616212748856189
14859,4,146,1673,0.001616212748856189
14860,49,189,1672,0.0016152466922220849
14861,33,75,1672,0.0016152466922220849
14862,28,135,1672,0.0016152466922220849
14863,73,229,1671,0.0016142806355879807
14864,69,177,1671,0.0016142806355879807
14865,69,91,1671,0.0016142806355879807
14866,50,223,1671,0.0016142806355879807
14867,40,34,1671,0.0016142806355879807
14868,62,98,1670,0.0016133145789538766
14869,61,191,1670,0.0016133145789538766
14870,55,6,1670,0.0016133145789538766
14871,18,169,1670,0.0016133145789538766
14872,67,101,1669,0.0016123485223197725
14873,44,186,1669,0.0016123485223197725
14874,14,62,1669,0.0016123485223197725
14875,13,53,1669,0.0016123485223197725
14876,70,143,1668,0.0016113824656856684
14877,61,164,1668,0.0016113824656856684
14878,34,191,1668,0.0016113824656856684
14879,27,36,1668,0.0016113824656856684
14880,66,207,1667,0.0016104164090515643
14881,60,29,1667,0.0016104164090515643
14882,15,106,1667,0.0016104164090515643
14883,63,192,1666,0.0016094503524174601
14884,38,153,1666,0.0016094503524174601
14885,48,64,1665,0.001608484295783356
14886,38,37,1665,0.001608484295783356
14887,28,29,1665,0.001608484295783356
14888,68,67,1664,0.0016075182391492519
14889,13,231,1664,0.0016075182391492519
14890,40,58,1663,0.0016065521825151478
14891,19,167,1663,0.0016065521825151478
14892,14,134,1663,0.0016065521825151478
14893,65,194,1662,0.0016055861258810436
14894,64,163,1662,0.0016055861258810436
14895,54,184,1662,0.0016055861258810436
14896,43,225,1662,0.0016055861258810436
14897,72,103,1661,0.0016046200692469395
14898,57,162,1660,0.0016036540126128354
14899,41,192,1660,0.0016036540126128354
14900,13,101,1660,0.0016036540126128354
14901,45,181,1659,0.0016026879559787313
14902,41,223,1659,0.0016026879559787313
14903,41,135,1658,0.0016017218993446272
14904,7,173,1658,0.0016017218993446272
14905,18,197,1657,0.001600755842710523
14906,17,78,1657,0.001600755842710523
14907,46,172,1655,0.0015988237294423148
14908,41,255,1655,0.0015988237294423148
14909,76,159,1654,0.0015978576728082107
14910,55,22,1654,0.0015978576728082107
14911,64,39,1653,0.0015968916161741066
14912,46,178,1653,0.0015968916161741066
14913,36,190,1653,0.0015968916161741066
14914,29,132,1653,0.0015968916161741066
14915,26,29,1653,0.0015968916161741066
14916,23,79,1653,0.0015968916161741066
14917,21,173,1653,0.0015968916161741066
14918,77,9,1652,0.0015959255595400024
14919,55,80,1651,0.0015949595029058983
14920,54,232,1651,0.0015949595029058983
14921,46,78,1651,0.0015949595029058983
14922,45,42,1651,0.0015949595029058983
14923,12,188,1651,0.0015949595029058983
14924,75,39,1650,0.0015939934462717942
14925,60,10,1650,0.0015939934462717942
14926,45,25,1650,0.0015939934462717942
14927,20,255,1650,0.0015939934462717942
14928,70,246,1649,0.00159302738963769
14929,46,125,1649,0.00159302738963769
14930,46,60,1649,0.00159302738963769
14931,42,245,1649,0.00159302738963769
14932,37,72,1648,0.001592061333003586
14933,15,166,1648,0.001592061333003586
14934,72,120,1647,0.0015910952763694818
14935,64,76,1647,0.0015910952763694818
14936,50,229,1647,0.0015910952763694818
14937,50,75,1647,0.0015910952763694818
14938,47,31,1646,0.0015901292197353777
14939,32,33,1646,0.0015901292197353777
14940,53,103,1645,0.0015891631631012736
14941,11,156,1645,0.0015891631631012736
14942,60,62,1644,0.0015881971064671695
14943,45,11,1644,0.0015881971064671695
14944,34,50,1644,0.0015881971064671695
14945,22,66,1644,0.0015881971064671695
14946,15,61,1644,0.0015881971064671695
14947,12,170,1644,0.0015881971064671695
14948,3,192,1644,0.0015881971064671695
14949,44,0,1643,0.0015872310498330653
14950,42,112,1643,0.0015872310498330653
14951,36,137,1643,0.0015872310498330653
14952,32,100,1643,0.0015872310498330653
14953,19,159,1643,0.0015872310498330653
14954,12,0,1643,0.0015872310498330653
14955,70,154,1642,0.0015862649931989612
14956,48,88,1642,0.0015862649931989612
14957,44,135,1642,0.0015862649931989612
14958,41,195,1642,0.0015862649931989612
14959,17,255,1642,0.0015862649931989612
14960,15,170,1642,0.0015862649931989612
14961,30,177,1641,0.001585298936564857
14962,14,214,1641,0.001585298936564857
14963,67,16,1640,0.001584332879930753
14964,44,215,1640,0.001584332879930753
14965,41,53,1640,0.001584332879930753
14966,14,45,1640,0.001584332879930753
14967,44,226,1639,0.0015833668232966489
14968,15,176,1639,0.0015833668232966489
14969,8,170,1639,0.0015833668232966489
14970,7,84,1639,0.0015833668232966489
14971,72,20,1638,0.0015824007666625447
14972,52,198,1638,0.0015824007666625447
14973,29,8,1638,0.0015824007666625447
14974,22,108,1638,0.0015824007666625447
14975,65,145,1637,0.0015814347100284406
14976,57,76,1637,0.0015814347100284406
14977,56,97,1637,0.0015814347100284406
14978,12,162,1637,0.0015814347100284406
14979,65,49,1636,0.0015804686533943365
14980,16,160,1636,0.0015804686533943365
14981,15,225,1636,0.0015804686533943365
14982,13,162,1636,0.0015804686533943365
14983,77,39,1635,0.0015795025967602324
14984,71,153,1635,0.0015795025967602324
14985,65,174,1635,0.0015795025967602324
14986,54,140,1635,0.0015795025967602324
14987,30,82,1635,0.0015795025967602324
14988,29,3,1635,0.0015795025967602324
14989,19,39,1635,0.0015795025967602324
14990,4,68,1635,0.0015795025967602324
14991,32,160,1634,0.0015785365401261285
14992,27,26,1634,0.0015785365401261285
14993,59,146,1633,0.0015775704834920243
14994,19,181,1633,0.0015775704834920243
14995,70,137,1632,0.0015766044268579202
14996,52,99,1632,0.0015766044268579202
14997,18,170,1632,0.0015766044268579202
14998,62,124,1631,0.001575638370223816
14999,59,115,1631,0.001575638370223816
15000,21,96,1631,0.001575638370223816
15001,68,151,1630,0.001574672313589712
15002,67,39,1630,0.001574672313589712
15003,65,179,1630,0.001574672313589712
15004,56,190,1630,0.001574672313589712
15005,28,134,1630,0.001574672313589712
15006,18,109,1630,0.001574672313589712
15007,39,37,1629,0.0015737062569556079
15008,35,41,1629,0.0015737062569556079
15009,19,155,1629,0.0015737062569556079
15010,18,66,1629,0.0015737062569556079
15011,50,165,1627,0.0015717741436873996
15012,6,110,1627,0.0015717741436873996
15013,66,83,1626,0.0015708080870532955
15014,58,70,1626,0.0015708080870532955
15015,20,212,1626,0.0015708080870532955
15016,10,168,1626,0.0015708080870532955
15017,60,108,1625,0.0015698420304191914
15018,53,232,1625,0.0015698420304191914
15019,77,24,1624,0.0015688759737850872
15020,42,254,1624,0.0015688759737850872
15021,52,21,1623,0.0015679099171509831
15022,73,101,1622,0.001566943860516879
15023,65,141,1622,0.001566943860516879
15024,35,101,1622,0.001566943860516879
15025,31,212,1622,0.001566943860516879
15026,37,216,1621,0.0015659778038827749
15027,11,41,1621,0.0015659778038827749
15028,46,108,1620,0.0015650117472486708
15029,16,20,1620,0.0015650117472486708
15030,51,5,1619,0.0015640456906145666
15031,22,149,1619,0.0015640456906145666
15032,74,179,1617,0.0015621135773463584
15033,63,228,1617,0.0015621135773463584
15034,59,70,1617,0.0015621135773463584
15035,15,62,1617,0.0015621135773463584
15036,63,55,1616,0.0015611475207122543
15037,20,68,1616,0.0015611475207122543
15038,19,85,1616,0.0015611475207122543
15039,71,76,1615,0.0015601814640781502
15040,20,170,1615,0.0015601814640781502
15041,22,94,1614,0.001559215407444046
15042,71,16,1612,0.0015572832941758378
15043,60,61,1612,0.0015572832941758378
15044,29,203,1612,0.0015572832941758378
15045,24,1,1612,0.0015572832941758378
15046,62,25,1611,0.0015563172375417337
15047,58,118,1611,0.0015563172375417337
15048,48,38,1611,0.0015563172375417337
15049,14,168,1611,0.0015563172375417337
15050,46,251,1610,0.0015553511809076295
15051,43,102,1610,0.0015553511809076295
15052,36,96,1610,0.0015553511809076295
15053,74,54,1609,0.0015543851242735254
15054,65,153,1609,0.0015543851242735254
15055,64,26,1609,0.0015543851242735254
15056,54,137,1609,0.0015543851242735254
15057,38,157,1609,0.0015543851242735254
15058,37,124,1609,0.0015543851242735254
15059,32,148,1609,0.0015543851242735254
15060,20,127,1609,0.0015543851242735254
15061,69,52,1608,0.0015534190676394213
15062,37,131,1608,0.0015534190676394213
15063,32,189,1608,0.0015534190676394213
15064,27,236,1608,0.0015534190676394213
15065,16,83,1608,0.0015534190676394213
15066,12,200,1608,0.0015534190676394213
15067,21,248,1607,0.0015524530110053172
15068,7,241,1607,0.0015524530110053172
15069,3,0,1607,0.0015524530110053172
15070,55,26,1606,0.001551486954371213
15071,76,107,1605,0.001550520897737109
15072,62,222,1605,0.001550520897737109
15073,21,208,1605,0.001550520897737109
15074,10,105,1605,0.001550520897737109
15075,71,180,1603,0.0015485887844689007
15076,67,188,1603,0.0015485887844689007
15077,23,235,1603,0.0015485887844689007
15078,5,116,1603,0.0015485887844689007
15079,77,228,1602,0.0015476227278347966
15080,51,227,1602,0.0015476227278347966
15081,65,30,1601,0.0015466566712006925
15082,58,150,1601,0.0015466566712006925
15083,52,27,1601,0.0015466566712006925
15084,53,224,1600,0.0015456906145665883
15085,50,231,1600,0.0015456906145665883
15086,41,184,1600,0.0015456906145665883
15087,37,83,1600,0.0015456906145665883
15088,10,68,1600,0.0015456906145665883
15089,71,8,1599,0.0015447245579324842
15090,54,244,1599,0.0015447245579324842
15091,38,201,1599,0.0015447245579324842
15092,25,234,1599,0.0015447245579324842
15093,20,240,1599,0.0015447245579324842
15094,37,174,1598,0.00154375850129838
15095,21,166,1598,0.00154375850129838
15096,57,105,1597,0.001542792444664276
15097,19,93,1597,0.001542792444664276
15098,8,103,1597,0.001542792444664276
15099,43,56,1596,0.0015418263880301718
15100,34,68,1596,0.0015418263880301718
15101,12,97,1596,0.0015418263880301718
15102,69,103,1595,0.0015408603313960677
15103,64,205,1595,0.0015408603313960677
15104,35,102,1595,0.0015408603313960677
15105,18,186,1595,0.0015408603313960677
15106,74,36,1594,0.0015398942747619636
15107,66,172,1594,0.0015398942747619636
15108,65,68,1594,0.0015398942747619636
15109,54,218,1594,0.0015398942747619636
15110,22,49,1594,0.0015398942747619636
15111,18,22,1594,0.0015398942747619636
15112,68,13,1593,0.0015389282181278595
15113,60,59,1593,0.0015389282181278595
15114,47,179,1593,0.0015389282181278595
15115,45,251,1593,0.0015389282181278595
15116,66,234,1592,0.0015379621614937554
15117,51,201,1592,0.0015379621614937554
15118,44,241,1591,0.0015369961048596512
15119,14,83,1591,0.0015369961048596512
15120,11,104,1591,0.0015369961048596512
15121,42,111,1590,0.0015360300482255471
15122,6,37,1590,0.0015360300482255471
15123,76,164,1589,0.001535063991591443
15124,35,183,1589,0.001535063991591443
15125,15,227,1589,0.001535063991591443
15126,45,210,1588,0.0015340979349573389
15127,41,2,1588,0.0015340979349573389
15128,22,131,1588,0.0015340979349573389
15129,19,33,1588,0.0015340979349573389
15130,14,220,1588,0.0015340979349573389
15131,11,192,1588,0.0015340979349573389
15132,57,53,1587,0.0015331318783232347
15133,47,180,1587,0.0015331318783232347
15134,30,115,1587,0.0015331318783232347
15135,17,102,1587,0.0015331318783232347
15136,48,37,1586,0.0015321658216891306
15137,77,207,1585,0.0015311997650550265
15138,51,71,1585,0.0015311997650550265
15139,47,148,1585,0.0015311997650550265
15140,38,67,1585,0.0015311997650550265
15141,37,197,1585,0.0015311997650550265
15142,58,146,1584,0.0015302337084209224
15143,56,219,1584,0.0015302337084209224
15144,39,38,1584,0.0015302337084209224
15145,28,238,1584,0.0015302337084209224
15146,37,51,1583,0.0015292676517868183
15147,20,183,1583,0.0015292676517868183
15148,20,14,1583,0.0015292676517868183
15149,13,150,1583,0.0015292676517868183
15150,56,203,1582,0.0015283015951527141
15151,54,95,1582,0.0015283015951527141
15152,23,5,1582,0.0015283015951527141
15153,17,70,1582,0.0015283015951527141
15154,11,5,1582,0.0015283015951527141
15155,60,118,1581,0.00152733553851861
15156,57,188,1581,0.00152733553851861
15157,54,104,1581,0.00152733553851861
15158,38,125,1581,0.00152733553851861
15159,76,55,1580,0.001526369481884506
15160,73,250,1579,0.0015254034252504018
15161,71,161,1579,0.0015254034252504018
15162,49,179,1579,0.0015254034252504018
15163,41,179,1579,0.0015254034252504018
15164,32,196,1579,0.0015254034252504018
15165,20,241,1579,0.0015254034252504018
15166,71,184,1578,0.0015244373686162977
15167,62,242,1578,0.0015244373686162977
15168,41,162,1578,0.0015244373686162977
15169,69,150,1577,0.0015234713119821938
15170,66,52,1577,0.0015234713119821938
15171,41,38,1577,0.0015234713119821938
15172,32,138,1577,0.0015234713119821938
15173,30,241,1577,0.0015234713119821938
15174,20,225,1577,0.0015234713119821938
15175,10,252,1577,0.0015234713119821938
15176,75,49,1576,0.0015225052553480896
15177,27,171,1576,0.0015225052553480896
15178,8,127,1576,0.0015225052553480896
15179,73,126,1575,0.0015215391987139855
15180,72,238,1575,0.0015215391987139855
15181,67,58,1575,0.0015215391987139855
15182,47,223,1575,0.0015215391987139855
15183,25,34,1575,0.0015215391987139855
15184,22,145,1575,0.0015215391987139855
15185,58,64,1574,0.0015205731420798814
15186,37,163,1573,0.0015196070854457773
15187,35,172,1573,0.0015196070854457773
15188,74,234,1572,0.0015186410288116731
15189,26,181,1572,0.0015186410288116731
15190,15,82,1572,0.0015186410288116731
15191,73,239,1571,0.001517674972177569
15192,68,204,1571,0.001517674972177569
15193,62,236,1571,0.001517674972177569
15194,58,141,1571,0.001517674972177569
15195,17,21,1571,0.001517674972177569
15196,14,126,1571,0.001517674972177569
15197,65,248,1570,0.001516708915543465
15198,76,59,1569,0.0015157428589093608
15199,74,103,1569,0.0015157428589093608
15200,73,211,1569,0.0015157428589093608
15201,72,67,1569,0.0015157428589093608
15202,64,125,1569,0.0015157428589093608
15203,57,117,1569,0.0015157428589093608
15204,72,196,1568,0.0015147768022752567
15205,38,143,1568,0.0015147768022752567
15206,17,108,1568,0.0015147768022752567
15207,35,134,1567,0.0015138107456411525
15208,14,29,1567,0.0015138107456411525
15209,48,54,1566,0.0015128446890070484
15210,75,182,1565,0.0015118786323729443
15211,70,90,1565,0.0015118786323729443
15212,77,115,1564,0.0015109125757388402
15213,47,16,1564,0.0015109125757388402
15214,34,42,1564,0.0015109125757388402
15215,76,22,1563,0.001509946519104736
15216,41,12,1563,0.001509946519104736
15217,46,254,1562,0.001508980462470632
15218,33,175,1562,0.001508980462470632
15219,23,30,1561,0.0015080144058365278
15220,43,253,1560,0.0015070483492024237
15221,17,12,1560,0.0015070483492024237
15222,15,74,1560,0.0015070483492024237
15223,61,120,1559,0.0015060822925683196
15224,17,45,1559,0.0015060822925683196
15225,12,8,1559,0.0015060822925683196
15226,65,157,1558,0.0015051162359342154
15227,59,60,1558,0.0015051162359342154
15228,47,85,1558,0.0015051162359342154
15229,45,127,1558,0.0015051162359342154
15230,44,161,1558,0.0015051162359342154
15231,28,57,1558,0.0015051162359342154
15232,20,104,1558,0.0015051162359342154
15233,62,107,1557,0.0015041501793001113
15234,29,35,1557,0.0015041501793001113
15235,26,217,1557,0.0015041501793001113
15236,15,93,1557,0.0015041501793001113
15237,12,101,1557,0.0015041501793001113
15238,75,172,1556,0.0015031841226660072
15239,71,165,1556,0.0015031841226660072
15240,66,59,1556,0.0015031841226660072
15241,61,246,1556,0.0015031841226660072
15242,44,58,1556,0.0015031841226660072
15243,4,234,1556,0.0015031841226660072
15244,70,207,1555,0.001502218066031903
15245,66,110,1555,0.001502218066031903
15246,61,253,1555,0.001502218066031903
15247,65,243,1554,0.001501252009397799
15248,39,53,1554,0.001501252009397799
15249,33,70,1554,0.001501252009397799
15250,71,138,1553,0.0015002859527636948
15251,43,30,1553,0.0015002859527636948
15252,75,212,1552,0.0014993198961295907
15253,69,77,1552,0.0014993198961295907
15254,69,24,1552,0.0014993198961295907
15255,58,225,1552,0.0014993198961295907
15256,54,31,1552,0.0014993198961295907
15257,4,163,1552,0.0014993198961295907
15258,39,251,1551,0.0014983538394954866
15259,39,21,1551,0.0014983538394954866
15260,6,184,1551,0.0014983538394954866
15261,45,61,1550,0.0014973877828613825
15262,21,16,1549,0.0014964217262272783
15263,16,40,1549,0.0014964217262272783
15264,68,130,1548,0.0014954556695931742
15265,68,127,1548,0.0014954556695931742
15266,64,241,1548,0.0014954556695931742
15267,55,143,1548,0.0014954556695931742
15268,50,45,1548,0.0014954556695931742
15269,17,151,1548,0.0014954556695931742
15270,61,132,1547,0.00149448961295907
15271,52,249,1547,0.00149448961295907
15272,43,23,1547,0.00149448961295907
15273,22,101,1547,0.00149448961295907
15274,64,50,1546,0.001493523556324966
15275,67,55,1545,0.0014925574996908619
15276,43,186,1545,0.0014925574996908619
15277,37,93,1545,0.0014925574996908619
15278,16,34,1545,0.0014925574996908619
15279,56,178,1544,0.0014915914430567577
15280,10,171,1544,0.0014915914430567577
15281,32,170,1543,0.0014906253864226536
15282,58,157,1541,0.0014886932731544454
15283,37,5,1541,0.0014886932731544454
15284,27,105,1541,0.0014886932731544454
15285,62,205,1540,0.0014877272165203413
15286,37,30,1540,0.0014877272165203413
15287,33,125,1540,0.0014877272165203413
15288,22,0,1540,0.0014877272165203413
15289,77,87,1539,0.0014867611598862371
15290,74,94,1539,0.0014867611598862371
15291,31,114,1539,0.0014867611598862371
15292,76,89,1538,0.001485795103252133
15293,74,53,1538,0.001485795103252133
15294,65,34,1538,0.001485795103252133
15295,42,196,1538,0.001485795103252133
15296,21,181,1538,0.001485795103252133
15297,16,101,1538,0.001485795103252133
15298,72,112,1537,0.0014848290466180289
15299,49,94,1537,0.0014848290466180289
15300,41,251,1537,0.0014848290466180289
15301,18,191,1537,0.0014848290466180289
15302,55,59,1536,0.0014838629899839248
15303,39,242,1536,0.0014838629899839248
15304,20,111,1536,0.0014838629899839248
15305,66,214,1535,0.0014828969333498206
15306,65,1,1535,0.0014828969333498206
15307,35,191,1535,0.0014828969333498206
15308,16,86,1535,0.0014828969333498206
15309,3,206,1535,0.0014828969333498206
15310,67,23,1534,0.0014819308767157165
15311,52,177,1534,0.0014819308767157165
15312,19,186,1534,0.0014819308767157165
15313,16,247,1534,0.0014819308767157165
15314,12,134,1534,0.0014819308767157165
15315,74,250,1533,0.0014809648200816124
15316,43,9,1532,0.0014799987634475083
15317,41,65,1532,0.0014799987634475083
15318,15,31,1532,0.0014799987634475083
15319,67,217,1530,0.0014780666501793
15320,65,16,1530,0.0014780666501793
15321,55,245,1530,0.0014780666501793
15322,32,245,1530,0.0014780666501793
15323,9,158,1530,0.0014780666501793
15324,59,230,1529,0.001477100593545196
15325,58,98,1529,0.001477100593545196
15326,32,29,1529,0.001477100593545196
15327,69,137,1528,0.0014761345369110918
15328,45,209,1528,0.0014761345369110918
15329,23,208,1528,0.0014761345369110918
15330,65,103,1527,0.0014751684802769877
15331,54,60,1527,0.0014751684802769877
15332,61,69,1526,0.0014742024236428836
15333,54,61,1526,0.0014742024236428836
15334,52,78,1526,0.0014742024236428836
15335,41,46,1526,0.0014742024236428836
15336,58,212,1525,0.0014732363670087794
15337,56,179,1525,0.0014732363670087794
15338,41,80,1525,0.0014732363670087794
15339,39,255,1525,0.0014732363670087794
15340,11,70,1525,0.0014732363670087794
15341,71,174,1524,0.0014722703103746753
15342,42,52,1524,0.0014722703103746753
15343,26,54,1524,0.0014722703103746753
15344,40,17,1523,0.0014713042537405712
15345,76,63,1522,0.001470338197106467
15346,75,16,1522,0.001470338197106467
15347,35,245,1522,0.001470338197106467
15348,35,232,1522,0.001470338197106467
15349,77,50,1521,0.001469372140472363
15350,26,148,1521,0.001469372140472363
15351,17,211,1521,0.001469372140472363
15352,58,55,1520,0.0014684060838382588
15353,8,61,1520,0.0014684060838382588
15354,3,95,1520,0.0014684060838382588
15355,33,163,1518,0.0014664739705700508
15356,19,37,1517,0.0014655079139359467
15357,71,130,1516,0.0014645418573018426
15358,35,5,1516,0.0014645418573018426
15359,31,173,1516,0.0014645418573018426
15360,23,188,1516,0.0014645418573018426
15361,8,92,1516,0.0014645418573018426
15362,56,87,1515,0.0014635758006677384
15363,54,107,1515,0.0014635758006677384
15364,51,237,1515,0.0014635758006677384
15365,50,232,1515,0.0014635758006677384
15366,50,38,1514,0.0014626097440336343
15367,22,69,1514,0.0014626097440336343
15368,17,131,1514,0.0014626097440336343
15369,69,27,1513,0.0014616436873995302
15370,30,76,1513,0.0014616436873995302
15371,77,94,1512,0.001460677630765426
15372,71,137,1512,0.001460677630765426
15373,37,162,1512,0.001460677630765426
15374,21,8,1512,0.001460677630765426
15375,58,143,1511,0.001459711574131322
15376,56,27,1511,0.001459711574131322
15377,44,231,1511,0.001459711574131322
15378,43,141,1511,0.001459711574131322
15379,34,122,1510,0.0014587455174972178
15380,73,6,1509,0.0014577794608631137
15381,20,234,1509,0.0014577794608631137
15382,11,27,1509,0.0014577794608631137
15383,73,129,1508,0.0014568134042290096
15384,61,12,1508,0.0014568134042290096
15385,55,188,1507,0.0014558473475949055
15386,9,98,1507,0.0014558473475949055
15387,48,12,1506,0.0014548812909608013
15388,12,209,1506,0.0014548812909608013
15389,28,205,1505,0.0014539152343266972
15390,77,81,1504,0.001452949177692593
15391,66,145,1504,0.001452949177692593
15392,65,211,1504,0.001452949177692593
15393,62,9,1504,0.001452949177692593
15394,59,137,1504,0.001452949177692593
15395,30,206,1504,0.001452949177692593
15396,30,55,1504,0.001452949177692593
15397,29,31,1504,0.001452949177692593
15398,74,198,1503,0.001451983121058489
15399,20,249,1503,0.001451983121058489
15400,6,238,1503,0.001451983121058489
15401,77,158,1502,0.0014510170644243849
15402,60,37,1502,0.0014510170644243849
15403,77,67,1501,0.0014500510077902807
15404,33,248,1501,0.0014500510077902807
15405,53,56,1500,0.0014490849511561766
15406,63,60,1499,0.0014481188945220725
15407,54,165,1499,0.0014481188945220725
15408,75,233,1498,0.0014471528378879684
15409,52,24,1498,0.0014471528378879684
15410,40,7,1498,0.0014471528378879684
15411,21,251,1498,0.0014471528378879684
15412,53,116,1497,0.0014461867812538642
15413,42,147,1497,0.0014461867812538642
15414,61,99,1496,0.0014452207246197601
15415,58,219,1496,0.0014452207246197601
15416,48,221,1496,0.0014452207246197601
15417,31,183,1496,0.0014452207246197601
15418,36,77,1495,0.001444254667985656
15419,76,112,1494,0.0014432886113515519
15420,39,60,1494,0.0014432886113515519
15421,17,13,1494,0.0014432886113515519
15422,73,156,1491,0.0014403904414492395
15423,44,2,1491,0.0014403904414492395
15424,51,182,1490,0.0014394243848151354
15425,44,187,1490,0.0014394243848151354
15426,23,54,1490,0.0014394243848151354
15427,32,63,1489,0.0014384583281810313
15428,31,95,1489,0.0014384583281810313
15429,63,255,1488,0.0014374922715469272
15430,58,254,1488,0.0014374922715469272
15431,44,93,1488,0.0014374922715469272
15432,41,72,1488,0.0014374922715469272
15433,30,213,1488,0.0014374922715469272
15434,27,88,1488,0.0014374922715469272
15435,63,7,1486,0.001435560158278719
15436,61,251,1486,0.001435560158278719
15437,34,6,1486,0.001435560158278719
15438,29,255,1486,0.001435560158278719
15439,23,247,1486,0.001435560158278719
15440,12,125,1486,0.001435560158278719
15441,74,243,1485,0.0014345941016446148
15442,69,106,1485,0.0014345941016446148
15443,67,189,1485,0.0014345941016446148
15444,32,83,1485,0.0014345941016446148
15445,20,215,1485,0.0014345941016446148
15446,76,197,1484,0.0014336280450105107
15447,74,176,1484,0.0014336280450105107
15448,65,27,1484,0.0014336280450105107
15449,33,46,1484,0.0014336280450105107
15450,5,218,1484,0.0014336280450105107
15451,48,41,1483,0.0014326619883764065
15452,30,127,1483,0.0014326619883764065
15453,11,189,1483,0.0014326619883764065
15454,47,248,1482,0.0014316959317423024
15455,41,200,1482,0.0014316959317423024
15456,39,47,1482,0.0014316959317423024
15457,34,84,1482,0.0014316959317423024
15458,14,27,1482,0.0014316959317423024
15459,36,105,1481,0.0014307298751081983
15460,18,49,1481,0.0014307298751081983
15461,14,0,1481,0.0014307298751081983
15462,28,121,1480,0.0014297638184740942
15463,15,187,1480,0.0014297638184740942
15464,65,229,1479,0.00142879776183999
15465,56,168,1479,0.00142879776183999
15466,33,228,1479,0.00142879776183999
15467,68,92,1478,0.001427831705205886
15468,60,252,1478,0.001427831705205886
15469,50,70,1478,0.001427831705205886
15470,76,195,1477,0.0014268656485717818
15471,75,75,1477,0.0014268656485717818
15472,53,142,1477,0.0014268656485717818
15473,18,127,1477,0.0014268656485717818
15474,75,42,1476,0.0014258995919376777
15475,58,33,1476,0.0014258995919376777
15476,56,255,1476,0.0014258995919376777
15477,47,119,1476,0.0014258995919376777
15478,57,130,1475,0.0014249335353035736
15479,77,15,1474,0.0014239674786694695
15480,69,81,1474,0.0014239674786694695
15481,68,222,1474,0.0014239674786694695
15482,52,50,1474,0.0014239674786694695
15483,44,4,1473,0.0014230014220353653
15484,44,182,1472,0.0014220353654012612
15485,39,247,1472,0.0014220353654012612
15486,18,69,1472,0.0014220353654012612
15487,69,147,1471,0.001421069308767157
15488,57,125,1471,0.001421069308767157
15489,53,113,1471,0.001421069308767157
15490,40,182,1471,0.001421069308767157
15491,25,25,1471,0.001421069308767157
15492,20,85,1471,0.001421069308767157
15493,18,97,1470,0.001420103252133053
15494,15,201,1470,0.001420103252133053
15495,4,0,1470,0.001420103252133053
15496,70,255,1469,0.0014191371954989488
15497,67,112,1469,0.0014191371954989488
15498,74,190,1468,0.0014181711388648447
15499,72,187,1467,0.0014172050822307406
15500,48,127,1467,0.0014172050822307406
15501,24,84,1466,0.0014162390255966365
15502,22,237,1466,0.0014162390255966365
15503,61,211,1465,0.0014152729689625324
15504,34,89,1465,0.0014152729689625324
15505,28,49,1465,0.0014152729689625324
15506,59,156,1464,0.0014143069123284282
15507,58,152,1464,0.0014143069123284282
15508,52,135,1464,0.0014143069123284282
15509,35,3,1464,0.0014143069123284282
15510,31,190,1464,0.0014143069123284282
15511,19,75,1464,0.0014143069123284282
15512,63,11,1463,0.0014133408556943241
15513,39,252,1463,0.0014133408556943241
15514,32,101,1463,0.0014133408556943241
15515,31,238,1463,0.0014133408556943241
15516,72,74,1462,0.0014123747990602202
15517,70,177,1462,0.0014123747990602202
15518,56,29,1462,0.0014123747990602202
15519,52,165,1462,0.0014123747990602202
15520,39,44,1462,0.0014123747990602202
15521,75,130,1461,0.001411408742426116
15522,70,21,1461,0.001411408742426116
15523,69,61,1461,0.001411408742426116
15524,56,207,1461,0.001411408742426116
15525,39,56,1461,0.001411408742426116
15526,58,52,1460,0.001410442685792012
15527,76,106,1459,0.0014094766291579078
15528,29,153,1459,0.0014094766291579078
15529,75,167,1458,0.0014085105725238037
15530,68,46,1458,0.0014085105725238037
15531,10,156,1458,0.0014085105725238037
15532,46,206,1457,0.0014075445158896996
15533,31,239,1457,0.0014075445158896996
15534,65,151,1456,0.0014065784592555955
15535,64,30,1456,0.0014065784592555955
15536,31,52,1456,0.0014065784592555955
15537,18,188,1456,0.0014065784592555955
15538,59,159,1455,0.0014056124026214914
15539,39,206,1455,0.0014056124026214914
15540,66,64,1453,0.0014036802893532831
15541,63,205,1452,0.001402714232719179
15542,49,32,1452,0.001402714232719179
15543,46,249,1452,0.001402714232719179
15544,37,99,1452,0.001402714232719179
15545,76,135,1451,0.0014017481760850749
15546,73,53,1451,0.0014017481760850749
15547,61,224,1451,0.0014017481760850749
15548,58,36,1451,0.0014017481760850749
15549,29,100,1451,0.0014017481760850749
15550,23,157,1451,0.0014017481760850749
15551,70,206,1450,0.0014007821194509708
15552,55,221,1450,0.0014007821194509708
15553,41,44,1450,0.0014007821194509708
15554,20,141,1450,0.0014007821194509708
15555,15,9,1450,0.0014007821194509708
15556,61,151,1449,0.0013998160628168666
15557,59,149,1449,0.0013998160628168666
15558,35,142,1449,0.0013998160628168666
15559,73,65,1448,0.0013988500061827625
15560,66,96,1446,0.0013969178929145543
15561,37,196,1446,0.0013969178929145543
15562,64,117,1445,0.0013959518362804501
15563,41,239,1445,0.0013959518362804501
15564,5,164,1445,0.0013959518362804501
15565,77,189,1444,0.001394985779646346
15566,70,38,1444,0.001394985779646346
15567,34,106,1444,0.001394985779646346
15568,29,142,1444,0.001394985779646346
15569,27,226,1443,0.001394019723012242
15570,69,230,1442,0.0013930536663781378
15571,68,77,1442,0.0013930536663781378
15572,65,52,1442,0.0013930536663781378
15573,41,110,1442,0.0013930536663781378
15574,34,223,1442,0.0013930536663781378
15575,30,112,1442,0.0013930536663781378
15576,58,171,1441,0.0013920876097440337
15577,54,222,1441,0.0013920876097440337
15578,31,80,1441,0.0013920876097440337
15579,30,166,1441,0.0013920876097440337
15580,21,191,1441,0.0013920876097440337
15581,19,121,1441,0.0013920876097440337
15582,73,208,1440,0.0013911215531099295
15583,73,63,1440,0.0013911215531099295
15584,71,112,1440,0.0013911215531099295
15585,67,252,1440,0.0013911215531099295
15586,61,23,1440,0.0013911215531099295
15587,55,138,1440,0.0013911215531099295
15588,50,34,1440,0.0013911215531099295
15589,37,148,1440,0.0013911215531099295
15590,37,68,1440,0.0013911215531099295
15591,32,210,1440,0.0013911215531099295
15592,49,5,1439,0.0013901554964758254
15593,44,171,1439,0.0013901554964758254
15594,76,104,1438,0.0013891894398417213
15595,18,136,1438,0.0013891894398417213
15596,72,212,1437,0.0013882233832076172
15597,55,178,1437,0.0013882233832076172
15598,54,226,1437,0.0013882233832076172
15599,40,78,1437,0.0013882233832076172
15600,28,224,1437,0.0013882233832076172
15601,28,181,1437,0.0013882233832076172
15602,25,68,1437,0.0013882233832076172
15603,9,117,1437,0.0013882233832076172
15604,44,246,1436,0.001387257326573513
15605,62,10,1435,0.001386291269939409
15606,68,190,1434,0.0013853252133053048
15607,30,28,1434,0.0013853252133053048
15608,21,161,1434,0.0013853252133053048
15609,14,182,1434,0.0013853252133053048
15610,11,88,1434,0.0013853252133053048
15611,72,194,1433,0.0013843591566712007
15612,22,183,1433,0.0013843591566712007
15613,12,246,1433,0.0013843591566712007
15614,61,215,1432,0.0013833931000370966
15615,59,20,1432,0.0013833931000370966
15616,32,137,1432,0.0013833931000370966
15617,30,183,1432,0.0013833931000370966
15618,73,149,1431,0.0013824270434029924
15619,52,160,1431,0.0013824270434029924
15620,31,41,1431,0.0013824270434029924
15621,52,46,1430,0.0013814609867688883
15622,36,66,1430,0.0013814609867688883
15623,27,229,1430,0.0013814609867688883
15624,26,122,1430,0.0013814609867688883
15625,18,205,1430,0.0013814609867688883
15626,35,133,1429,0.0013804949301347842
15627,75,128,1428,0.00137952887350068
15628,68,14,1428,0.00137952887350068
15629,59,120,1428,0.00137952887350068
15630,51,19,1428,0.00137952887350068
15631,30,168,1428,0.00137952887350068
15632,44,249,1427,0.001378562816866576
15633,12,136,1427,0.001378562816866576
15634,71,204,1426,0.0013775967602324718
15635,66,232,1426,0.0013775967602324718
15636,52,4,1425,0.0013766307035983677
15637,40,255,1425,0.0013766307035983677
15638,51,234,1424,0.0013756646469642636
15639,35,6,1424,0.0013756646469642636
15640,25,91,1424,0.0013756646469642636
15641,12,18,1424,0.0013756646469642636
15642,73,81,1423,0.0013746985903301595
15643,72,125,1423,0.0013746985903301595
15644,64,130,1423,0.0013746985903301595
15645,53,231,1423,0.0013746985903301595
15646,30,109,1423,0.0013746985903301595
15647,24,17,1423,0.0013746985903301595
15648,11,223,1423,0.0013746985903301595
15649,69,46,1422,0.0013737325336960554
15650,41,100,1422,0.0013737325336960554
15651,27,133,1422,0.0013737325336960554
15652,24,92,1422,0.0013737325336960554
15653,52,13,1421,0.0013727664770619512
15654,44,150,1421,0.0013727664770619512
15655,43,201,1421,0.0013727664770619512
15656,63,140,1420,0.0013718004204278471
15657,20,180,1420,0.0013718004204278471
15658,69,145,1419,0.001370834363793743
15659,67,102,1419,0.001370834363793743
15660,14,125,1419,0.001370834363793743
15661,14,121,1419,0.001370834363793743
15662,64,52,1418,0.0013698683071596389
15663,59,9,1416,0.0013679361938914306
15664,29,72,1416,0.0013679361938914306
15665,17,50,1416,0.0013679361938914306
15666,59,139,1415,0.0013669701372573265
15667,41,67,1415,0.0013669701372573265
15668,18,155,1415,0.0013669701372573265
15669,74,106,1414,0.0013660040806232224
15670,56,233,1414,0.0013660040806232224
15671,45,82,1414,0.0013660040806232224
15672,67,237,1413,0.0013650380239891183
15673,54,241,1413,0.0013650380239891183
15674,21,145,1413,0.0013650380239891183
15675,14,177,1413,0.0013650380239891183
15676,65,2,1412,0.0013640719673550141
15677,62,207,1412,0.0013640719673550141
15678,46,146,1412,0.0013640719673550141
15679,26,5,1412,0.0013640719673550141
15680,21,88,1412,0.0013640719673550141
15681,55,30,1411,0.00136310591072091
15682,50,8,1411,0.00136310591072091
15683,10,146,1411,0.00136310591072091
15684,39,213,1410,0.001362139854086806
15685,19,99,1410,0.001362139854086806
15686,55,192,1409,0.0013611737974527018
15687,14,120,1409,0.0013611737974527018
15688,64,166,1408,0.0013602077408185977
15689,52,64,1408,0.0013602077408185977
15690,45,109,1408,0.0013602077408185977
15691,34,186,1408,0.0013602077408185977
15692,27,199,1408,0.0013602077408185977
15693,50,57,1407,0.0013592416841844935
15694,62,195,1406,0.0013582756275503894
15695,40,183,1406,0.0013582756275503894
15696,15,33,1406,0.0013582756275503894
15697,57,7,1405,0.0013573095709162855
15698,55,162,1405,0.0013573095709162855
15699,48,161,1405,0.0013573095709162855
15700,10,251,1405,0.0013573095709162855
15701,71,239,1404,0.0013563435142821814
15702,14,229,1404,0.0013563435142821814
15703,69,115,1403,0.0013553774576480773
15704,61,70,1403,0.0013553774576480773
15705,12,206,1403,0.0013553774576480773
15706,38,242,1402,0.0013544114010139731
15707,38,117,1402,0.0013544114010139731
15708,20,72,1402,0.0013544114010139731
15709,51,127,1400,0.001352479287745765
15710,71,56,1399,0.0013515132311116608
15711,14,233,1399,0.0013515132311116608
15712,21,215,1398,0.0013505471744775567
15713,16,136,1398,0.0013505471744775567
15714,77,154,1397,0.0013495811178434525
15715,75,227,1397,0.0013495811178434525
15716,35,202,1397,0.0013495811178434525
15717,67,85,1396,0.0013486150612093484
15718,60,173,1396,0.0013486150612093484
15719,55,226,1396,0.0013486150612093484
15720,27,241,1396,0.0013486150612093484
15721,27,44,1396,0.0013486150612093484
15722,66,79,1395,0.0013476490045752443
15723,65,156,1395,0.0013476490045752443
15724,41,172,1395,0.0013476490045752443
15725,22,33,1395,0.0013476490045752443
15726,76,242,1394,0.0013466829479411402
15727,45,43,1394,0.0013466829479411402
15728,10,191,1394,0.0013466829479411402
15729,53,70,1393,0.001345716891307036
15730,40,200,1393,0.001345716891307036
15731,40,128,1393,0.001345716891307036
15732,54,127,1392,0.001344750834672932
15733,54,124,1392,0.001344750834672932
15734,30,249,1392,0.001344750834672932
15735,29,85,1391,0.0013437847780388278
15736,27,68,1391,0.0013437847780388278
15737,21,207,1391,0.0013437847780388278
15738,19,77,1391,0.0013437847780388278
15739,41,166,1390,0.0013428187214047237
15740,38,0,1390,0.0013428187214047237
15741,21,0,1390,0.0013428187214047237
15742,20,132,1390,0.0013428187214047237
15743,16,147,1390,0.0013428187214047237
15744,61,109,1389,0.0013418526647706196
15745,65,167,1388,0.0013408866081365154
15746,59,214,1388,0.0013408866081365154
15747,40,211,1388,0.0013408866081365154
15748,28,149,1388,0.0013408866081365154
15749,8,233,1388,0.0013408866081365154
15750,19,112,1387,0.0013399205515024113
15751,65,46,1386,0.0013389544948683072
15752,45,21,1386,0.0013389544948683072
15753,41,147,1386,0.0013389544948683072
15754,14,227,1386,0.0013389544948683072
15755,67,243,1385,0.001337988438234203
15756,76,156,1384,0.001337022381600099
15757,47,1,1384,0.001337022381600099
15758,69,212,1383,0.0013360563249659948
15759,55,125,1383,0.0013360563249659948
15760,43,226,1383,0.0013360563249659948
15761,29,152,1383,0.0013360563249659948
15762,9,114,1383,0.0013360563249659948
15763,25,177,1382,0.0013350902683318907
15764,71,244,1381,0.0013341242116977866
15765,35,107,1381,0.0013341242116977866
15766,35,29,1381,0.0013341242116977866
15767,17,95,1381,0.0013341242116977866
15768,64,214,1380,0.0013331581550636825
15769,59,61,1380,0.0013331581550636825
15770,31,128,1380,0.0013331581550636825
15771,54,207,1379,0.0013321920984295783
15772,53,169,1379,0.0013321920984295783
15773,51,177,1379,0.0013321920984295783
15774,32,152,1379,0.0013321920984295783
15775,4,115,1379,0.0013321920984295783
15776,62,160,1378,0.0013312260417954742
15777,58,160,1378,0.0013312260417954742
15778,53,235,1378,0.0013312260417954742
15779,74,246,1377,0.00133025998516137
15780,73,224,1377,0.00133025998516137
15781,41,253,1377,0.00133025998516137
15782,30,9,1377,0.00133025998516137
15783,20,97,1376,0.001329293928527266
15784,74,51,1375,0.0013283278718931619
15785,54,252,1375,0.0013283278718931619
15786,43,52,1375,0.0013283278718931619
15787,63,99,1374,0.0013273618152590577
15788,17,9,1374,0.0013273618152590577
15789,70,23,1373,0.0013263957586249536
15790,46,82,1373,0.0013263957586249536
15791,71,61,1372,0.0013254297019908495
15792,17,126,1372,0.0013254297019908495
15793,10,202,1372,0.0013254297019908495
15794,77,220,1371,0.0013244636453567454
15795,35,44,1371,0.0013244636453567454
15796,34,25,1371,0.0013244636453567454
15797,32,39,1371,0.0013244636453567454
15798,20,197,1371,0.0013244636453567454
15799,69,95,1370,0.0013234975887226413
15800,69,64,1370,0.0013234975887226413
15801,35,63,1370,0.0013234975887226413
15802,33,60,1370,0.0013234975887226413
15803,77,172,1369,0.0013225315320885371
15804,61,93,1369,0.0013225315320885371
15805,49,59,1369,0.0013225315320885371
15806,14,75,1369,0.0013225315320885371
15807,77,148,1368,0.001321565475454433
15808,58,51,1368,0.001321565475454433
15809,72,76,1367,0.0013205994188203289
15810,43,158,1367,0.0013205994188203289
15811,24,13,1367,0.0013205994188203289
15812,16,79,1367,0.0013205994188203289
15813,15,250,1367,0.0013205994188203289
15814,51,213,1366,0.0013196333621862248
15815,15,185,1366,0.0013196333621862248
15816,61,76,1365,0.0013186673055521206
15817,42,215,1365,0.0013186673055521206
15818,42,198,1365,0.0013186673055521206
15819,77,231,1364,0.0013177012489180165
15820,75,76,1364,0.0013177012489180165
15821,67,226,1364,0.0013177012489180165
15822,64,222,1364,0.0013177012489180165
15823,36,176,1364,0.0013177012489180165
15824,30,69,1364,0.0013177012489180165
15825,9,191,1364,0.0013177012489180165
15826,4,227,1364,0.0013177012489180165
15827,43,185,1363,0.0013167351922839124
15828,41,26,1363,0.0013167351922839124
15829,35,220,1363,0.0013167351922839124
15830,34,185,1363,0.0013167351922839124
15831,30,41,1363,0.0013167351922839124
15832,17,165,1363,0.0013167351922839124
15833,5,44,1363,0.0013167351922839124
15834,68,118,1362,0.0013157691356498083
15835,26,226,1362,0.0013157691356498083
15836,19,17,1361,0.0013148030790157042
15837,57,124,1360,0.0013138370223816
15838,55,100,1360,0.0013138370223816
15839,41,85,1360,0.0013138370223816
15840,38,218,1360,0.0013138370223816
15841,31,115,1360,0.0013138370223816
15842,63,67,1359,0.001312870965747496
15843,44,101,1359,0.001312870965747496
15844,43,197,1359,0.001312870965747496
15845,38,135,1359,0.001312870965747496
15846,20,52,1359,0.001312870965747496
15847,6,9,1359,0.001312870965747496
15848,58,149,1358,0.0013119049091133918
15849,44,228,1358,0.0013119049091133918
15850,18,228,1358,0.0013119049091133918
15851,18,123,1358,0.0013119049091133918
15852,18,156,1357,0.0013109388524792877
15853,3,246,1357,0.0013109388524792877
15854,67,218,1356,0.0013099727958451836
15855,42,153,1356,0.0013099727958451836
15856,34,142,1356,0.0013099727958451836
15857,31,23,1355,0.0013090067392110794
15858,37,157,1354,0.0013080406825769753
15859,74,122,1353,0.0013070746259428712
15860,37,48,1353,0.0013070746259428712
15861,21,54,1353,0.0013070746259428712
15862,74,48,1352,0.001306108569308767
15863,68,119,1351,0.001305142512674663
15864,48,96,1351,0.001305142512674663
15865,30,54,1351,0.001305142512674663
15866,29,69,1351,0.001305142512674663
15867,62,179,1350,0.0013041764560405588
15868,47,126,1350,0.0013041764560405588
15869,36,87,1350,0.0013041764560405588
15870,25,182,1350,0.0013041764560405588
15871,53,31,1349,0.0013032103994064547
15872,48,135,1349,0.0013032103994064547
15873,34,51,1349,0.0013032103994064547
15874,22,197,1349,0.0013032103994064547
15875,21,9,1349,0.0013032103994064547
15876,48,233,1348,0.0013022443427723506
15877,26,143,1348,0.0013022443427723506
15878,17,214,1348,0.0013022443427723506
15879,6,8,1348,0.0013022443427723506
15880,37,119,1347,0.0013012782861382467
15881,74,12,1346,0.0013003122295041426
15882,53,213,1345,0.0012993461728700384
15883,25,153,1345,0.0012993461728700384
15884,19,211,1345,0.0012993461728700384
15885,72,33,1344,0.0012983801162359343
15886,70,163,1344,0.0012983801162359343
15887,39,111,1344,0.0012983801162359343
15888,15,184,1344,0.0012983801162359343
15889,10,222,1344,0.0012983801162359343
15890,53,114,1343,0.0012974140596018302
15891,46,13,1343,0.0012974140596018302
15892,10,18,1343,0.0012974140596018302
15893,73,233,1342,0.001296448002967726
15894,32,76,1342,0.001296448002967726
15895,20,193,1342,0.001296448002967726
15896,68,24,1341,0.001295481946333622
15897,59,92,1341,0.001295481946333622
15898,33,89,1341,0.001295481946333622
15899,24,89,1341,0.001295481946333622
15900,37,32,1340,0.0012945158896995178
15901,24,247,1340,0.0012945158896995178
15902,11,85,1340,0.0012945158896995178
15903,63,48,1339,0.0012935498330654137
15904,32,192,1339,0.0012935498330654137
15905,20,216,1339,0.0012935498330654137
15906,76,206,1338,0.0012925837764313096
15907,28,19,1338,0.0012925837764313096
15908,24,207,1338,0.0012925837764313096
15909,72,119,1337,0.0012916177197972055
15910,51,113,1337,0.0012916177197972055
15911,32,41,1337,0.0012916177197972055
15912,10,142,1337,0.0012916177197972055
15913,52,9,1336,0.0012906516631631013
15914,50,205,1336,0.0012906516631631013
15915,33,222,1336,0.0012906516631631013
15916,30,197,1336,0.0012906516631631013
15917,15,50,1336,0.0012906516631631013
15918,66,142,1335,0.0012896856065289972
15919,58,68,1335,0.0012896856065289972
15920,43,20,1335,0.0012896856065289972
15921,32,95,1335,0.0012896856065289972
15922,49,149,1334,0.001288719549894893
15923,28,190,1334,0.001288719549894893
15924,22,208,1334,0.001288719549894893
15925,15,164,1333,0.001287753493260789
15926,48,63,1332,0.0012867874366266849
15927,19,236,1332,0.0012867874366266849
15928,37,20,1331,0.0012858213799925807
15929,26,73,1331,0.0012858213799925807
15930,13,60,1331,0.0012858213799925807
15931,35,192,1330,0.0012848553233584766
15932,22,143,1330,0.0012848553233584766
15933,30,208,1329,0.0012838892667243725
15934,18,88,1329,0.0012838892667243725
15935,10,204,1329,0.0012838892667243725
15936,68,93,1328,0.0012829232100902684
15937,68,62,1328,0.0012829232100902684
15938,22,121,1328,0.0012829232100902684
15939,9,113,1327,0.0012819571534561642
15940,39,35,1326,0.0012809910968220601
15941,56,164,1325,0.001280025040187956
15942,42,33,1325,0.001280025040187956
15943,67,125,1324,0.0012790589835538519
15944,39,243,1324,0.0012790589835538519
15945,15,25,1324,0.0012790589835538519
15946,60,70,1323,0.0012780929269197478
15947,23,121,1323,0.0012780929269197478
15948,71,100,1322,0.0012771268702856436
15949,59,166,1322,0.0012771268702856436
15950,22,45,1322,0.0012771268702856436
15951,5,112,1322,0.0012771268702856436
15952,70,100,1321,0.0012761608136515395
15953,53,234,1321,0.0012761608136515395
15954,44,232,1321,0.0012761608136515395
15955,36,76,1321,0.0012761608136515395
15956,16,173,1321,0.0012761608136515395
15957,73,142,1320,0.0012751947570174354
15958,55,113,1320,0.0012751947570174354
15959,42,85,1320,0.0012751947570174354
15960,40,27,1320,0.0012751947570174354
15961,26,155,1320,0.0012751947570174354
15962,25,220,1320,0.0012751947570174354
15963,21,45,1320,0.0012751947570174354
15964,55,32,1319,0.0012742287003833313
15965,12,55,1319,0.0012742287003833313
15966,45,124,1318,0.0012732626437492272
15967,38,105,1318,0.0012732626437492272
15968,34,230,1318,0.0012732626437492272
15969,51,54,1317,0.001272296587115123
15970,67,203,1316,0.001271330530481019
15971,59,76,1316,0.001271330530481019
15972,58,242,1316,0.001271330530481019
15973,55,121,1316,0.001271330530481019
15974,45,60,1316,0.001271330530481019
15975,36,108,1316,0.001271330530481019
15976,21,142,1316,0.001271330530481019
15977,73,91,1315,0.0012703644738469148
15978,63,229,1315,0.0012703644738469148
15979,48,167,1315,0.0012703644738469148
15980,47,68,1315,0.0012703644738469148
15981,34,95,1315,0.0012703644738469148
15982,31,120,1315,0.0012703644738469148
15983,21,87,1315,0.0012703644738469148
15984,74,14,1314,0.0012693984172128107
15985,60,77,1314,0.0012693984172128107
15986,43,85,1314,0.0012693984172128107
15987,19,225,1314,0.0012693984172128107
15988,70,62,1313,0.0012684323605787065
15989,54,91,1313,0.0012684323605787065
15990,38,52,1313,0.0012684323605787065
15991,36,20,1313,0.0012684323605787065
15992,25,37,1313,0.0012684323605787065
15993,12,98,1313,0.0012684323605787065
15994,57,98,1312,0.0012674663039446024
15995,41,125,1312,0.0012674663039446024
15996,31,163,1312,0.0012674663039446024
15997,29,18,1311,0.0012665002473104983
15998,63,182,1310,0.0012655341906763942
15999,71,27,1309,0.00126456813404229
16000,34,46,1308,0.001263602077408186
16001,26,153,1307,0.0012626360207740818
16002,75,255,1306,0.0012616699641399777
16003,59,94,1306,0.0012616699641399777
16004,56,213,1306,0.0012616699641399777
16005,67,46,1305,0.0012607039075058736
16006,62,37,1305,0.0012607039075058736
16007,60,189,1305,0.0012607039075058736
16008,30,212,1305,0.0012607039075058736
16009,25,192,1305,0.0012607039075058736
16010,23,249,1305,0.0012607039075058736
16011,14,156,1305,0.0012607039075058736
16012,14,119,1305,0.0012607039075058736
16013,64,110,1304,0.0012597378508717694
16014,66,255,1303,0.0012587717942376653
16015,57,250,1303,0.0012587717942376653
16016,53,252,1303,0.0012587717942376653
16017,37,26,1303,0.0012587717942376653
16018,40,88,1302,0.0012578057376035612
16019,62,87,1301,0.001256839680969457
16020,46,243,1301,0.001256839680969457
16021,45,125,1301,0.001256839680969457
16022,18,219,1301,0.001256839680969457
16023,14,206,1301,0.001256839680969457
16024,65,29,1300,0.001255873624335353
16025,44,218,1300,0.001255873624335353
16026,77,143,1299,0.0012549075677012488
16027,68,37,1299,0.0012549075677012488
16028,45,118,1299,0.0012549075677012488
16029,76,235,1298,0.0012539415110671447
16030,51,192,1298,0.0012539415110671447
16031,17,150,1298,0.0012539415110671447
16032,51,61,1297,0.0012529754544330406
16033,45,133,1297,0.0012529754544330406
16034,30,135,1297,0.0012529754544330406
16035,18,51,1297,0.0012529754544330406
16036,71,110,1296,0.0012520093977989365
16037,42,62,1296,0.0012520093977989365
16038,38,173,1296,0.0012520093977989365
16039,20,105,1296,0.0012520093977989365
16040,17,110,1296,0.0012520093977989365
16041,4,66,1296,0.0012520093977989365
16042,76,221,1295,0.0012510433411648324
16043,43,94,1295,0.0012510433411648324
16044,26,19,1295,0.0012510433411648324
16045,54,46,1294,0.0012500772845307282
16046,63,116,1293,0.0012491112278966241
16047,28,154,1293,0.0012491112278966241
16048,14,48,1293,0.0012491112278966241
16049,65,124,1291,0.0012471791146284159
16050,54,125,1291,0.0012471791146284159
16051,74,60,1290,0.001246213057994312
16052,73,138,1290,0.001246213057994312
16053,43,188,1290,0.001246213057994312
16054,48,0,1289,0.0012452470013602078
16055,18,195,1289,0.0012452470013602078
16056,59,116,1288,0.0012442809447261037
16057,55,180,1288,0.0012442809447261037
16058,55,56,1288,0.0012442809447261037
16059,36,30,1288,0.0012442809447261037
16060,11,42,1288,0.0012442809447261037
16061,72,72,1287,0.0012433148880919996
16062,38,41,1287,0.0012433148880919996
16063,75,224,1286,0.0012423488314578955
16064,65,228,1284,0.0012404167181896872
16065,30,25,1284,0.0012404167181896872
16066,60,22,1283,0.0012394506615555831
16067,56,246,1283,0.0012394506615555831
16068,48,133,1282,0.001238484604921479
16069,19,114,1282,0.001238484604921479
16070,70,113,1280,0.0012365524916532708
16071,63,62,1280,0.0012365524916532708
16072,27,17,1280,0.0012365524916532708
16073,8,46,1280,0.0012365524916532708
16074,67,56,1279,0.0012355864350191666
16075,58,201,1279,0.0012355864350191666
16076,34,11,1279,0.0012355864350191666
16077,67,227,1278,0.0012346203783850625
16078,56,186,1278,0.0012346203783850625
16079,38,212,1278,0.0012346203783850625
16080,22,201,1278,0.0012346203783850625
16081,14,26,1278,0.0012346203783850625
16082,14,21,1278,0.0012346203783850625
16083,63,233,1277,0.0012336543217509584
16084,57,23,1277,0.0012336543217509584
16085,44,10,1277,0.0012336543217509584
16086,38,14,1277,0.0012336543217509584
16087,18,20,1277,0.0012336543217509584
16088,70,120,1276,0.0012326882651168543
16089,41,86,1276,0.0012326882651168543
16090,29,241,1276,0.0012326882651168543
16091,69,116,1275,0.0012317222084827501
16092,68,238,1275,0.0012317222084827501
16093,34,59,1275,0.0012317222084827501
16094,31,0,1275,0.0012317222084827501
16095,72,240,1274,0.001230756151848646
16096,65,131,1274,0.001230756151848646
16097,59,236,1274,0.001230756151848646
16098,35,85,1274,0.001230756151848646
16099,75,226,1273,0.001229790095214542
16100,65,191,1273,0.001229790095214542
16101,59,249,1273,0.001229790095214542
16102,50,109,1273,0.001229790095214542
16103,27,232,1273,0.001229790095214542
16104,16,157,1273,0.001229790095214542
16105,72,214,1272,0.0012288240385804378
16106,52,219,1272,0.0012288240385804378
16107,15,116,1272,0.0012288240385804378
16108,11,246,1272,0.0012288240385804378
16109,10,73,1272,0.0012288240385804378
16110,70,52,1271,0.0012278579819463337
16111,64,21,1271,0.0012278579819463337
16112,50,29,1271,0.0012278579819463337
16113,47,26,1271,0.0012278579819463337
16114,27,235,1271,0.0012278579819463337
16115,24,246,1271,0.0012278579819463337
16116,63,92,1270,0.0012268919253122295
16117,56,166,1270,0.0012268919253122295
16118,48,75,1270,0.0012268919253122295
16119,18,130,1270,0.0012268919253122295
16120,12,243,1270,0.0012268919253122295
16121,62,157,1269,0.0012259258686781254
16122,52,182,1269,0.0012259258686781254
16123,27,136,1269,0.0012259258686781254
16124,62,188,1268,0.0012249598120440213
16125,44,201,1267,0.0012239937554099172
16126,34,127,1267,0.0012239937554099172
16127,48,137,1266,0.001223027698775813
16128,47,36,1266,0.001223027698775813
16129,29,218,1266,0.001223027698775813
16130,8,104,1266,0.001223027698775813
16131,74,251,1265,0.001222061642141709
16132,40,194,1265,0.001222061642141709
16133,30,214,1265,0.001222061642141709
16134,72,160,1264,0.0012210955855076048
16135,50,250,1264,0.0012210955855076048
16136,40,173,1264,0.0012210955855076048
16137,31,119,1264,0.0012210955855076048
16138,12,215,1264,0.0012210955855076048
16139,66,223,1263,0.0012201295288735007
16140,28,161,1263,0.0012201295288735007
16141,18,71,1263,0.0012201295288735007
16142,67,122,1262,0.0012191634722393966
16143,63,100,1262,0.0012191634722393966
16144,50,108,1262,0.0012191634722393966
16145,60,123,1261,0.0012181974156052924
16146,36,109,1261,0.0012181974156052924
16147,35,249,1261,0.0012181974156052924
16148,32,99,1261,0.0012181974156052924
16149,19,160,1261,0.0012181974156052924
16150,16,144,1261,0.0012181974156052924
16151,77,0,1260,0.0012172313589711883
16152,76,72,1260,0.0012172313589711883
16153,67,31,1260,0.0012172313589711883
16154,39,14,1260,0.0012172313589711883
16155,21,154,1260,0.0012172313589711883
16156,15,63,1260,0.0012172313589711883
16157,73,49,1259,0.0012162653023370842
16158,52,141,1259,0.0012162653023370842
16159,40,153,1259,0.0012162653023370842
16160,25,57,1259,0.0012162653023370842
16161,25,48,1259,0.0012162653023370842
16162,49,155,1258,0.00121529924570298
16163,45,83,1258,0.00121529924570298
16164,35,176,1258,0.00121529924570298
16165,4,225,1258,0.00121529924570298
16166,77,226,1257,0.001214333189068876
16167,72,15,1257,0.001214333189068876
16168,57,106,1256,0.0012133671324347718
16169,37,25,1256,0.0012133671324347718
16170,58,94,1255,0.0012124010758006677
16171,43,103,1255,0.0012124010758006677
16172,17,41,1255,0.0012124010758006677
16173,45,238,1254,0.0012114350191665636
16174,70,139,1253,0.0012104689625324595
16175,64,57,1253,0.0012104689625324595
16176,59,51,1253,0.0012104689625324595
16177,59,27,1253,0.0012104689625324595
16178,35,15,1253,0.0012104689625324595
16179,68,175,1252,0.0012095029058983553
16180,52,90,1252,0.0012095029058983553
16181,39,138,1252,0.0012095029058983553
16182,37,23,1252,0.0012095029058983553
16183,31,29,1252,0.0012095029058983553
16184,45,145,1251,0.0012085368492642512
16185,35,148,1251,0.0012085368492642512
16186,31,78,1251,0.0012085368492642512
16187,75,41,1250,0.001207570792630147
16188,73,186,1250,0.001207570792630147
16189,72,151,1250,0.001207570792630147
16190,38,130,1250,0.001207570792630147
16191,12,204,1250,0.001207570792630147
16192,72,83,1249,0.001206604735996043
16193,18,174,1249,0.001206604735996043
16194,16,43,1249,0.001206604735996043
16195,77,247,1248,0.0012056386793619389
16196,64,188,1248,0.0012056386793619389
16197,32,175,1248,0.0012056386793619389
16198,67,206,1247,0.0012046726227278347
16199,55,21,1247,0.0012046726227278347
16200,47,145,1247,0.0012046726227278347
16201,39,235,1247,0.0012046726227278347
16202,33,197,1247,0.0012046726227278347
16203,23,185,1247,0.0012046726227278347
16204,16,8,1247,0.0012046726227278347
16205,66,240,1246,0.0012037065660937306
16206,56,106,1246,0.0012037065660937306
16207,44,102,1246,0.0012037065660937306
16208,39,112,1246,0.0012037065660937306
16209,77,139,1245,0.0012027405094596265
16210,45,246,1245,0.0012027405094596265
16211,25,210,1245,0.0012027405094596265
16212,22,112,1245,0.0012027405094596265
16213,48,246,1244,0.0012017744528255224
16214,41,60,1244,0.0012017744528255224
16215,9,155,1244,0.0012017744528255224
16216,16,241,1242,0.0011998423395573141
16217,11,160,1242,0.0011998423395573141
16218,72,158,1241,0.00119887628292321
16219,43,118,1240,0.0011979102262891059
16220,15,133,1240,0.0011979102262891059
16221,8,191,1240,0.0011979102262891059
16222,67,41,1239,0.0011969441696550018
16223,53,144,1239,0.0011969441696550018
16224,47,253,1239,0.0011969441696550018
16225,45,9,1239,0.0011969441696550018
16226,42,139,1239,0.0011969441696550018
16227,26,98,1239,0.0011969441696550018
16228,22,248,1239,0.0011969441696550018
16229,53,190,1238,0.0011959781130208976
16230,53,40,1238,0.0011959781130208976
16231,49,172,1238,0.0011959781130208976
16232,53,203,1237,0.0011950120563867935
16233,77,36,1236,0.0011940459997526894
16234,33,119,1236,0.0011940459997526894
16235,32,215,1236,0.0011940459997526894
16236,69,99,1235,0.0011930799431185853
16237,71,155,1234,0.0011921138864844812
16238,39,188,1234,0.0011921138864844812
16239,27,122,1233,0.0011911478298503773
16240,24,253,1233,0.0011911478298503773
16241,68,237,1232,0.0011901817732162731
16242,26,63,1231,0.001189215716582169
16243,58,220,1230,0.001188249659948065
16244,53,134,1230,0.001188249659948065
16245,38,220,1230,0.001188249659948065
16246,26,111,1230,0.001188249659948065
16247,16,122,1230,0.001188249659948065
16248,15,75,1230,0.001188249659948065
16249,12,116,1229,0.0011872836033139608
16250,73,61,1228,0.0011863175466798566
16251,73,51,1228,0.0011863175466798566
16252,64,70,1228,0.0011863175466798566
16253,62,137,1228,0.0011863175466798566
16254,22,187,1228,0.0011863175466798566
16255,60,149,1227,0.0011853514900457525
16256,26,90,1227,0.0011853514900457525
16257,18,124,1227,0.0011853514900457525
16258,9,212,1227,0.0011853514900457525
16259,32,9,1225,0.0011834193767775443
16260,22,34,1225,0.0011834193767775443
16261,59,177,1224,0.0011824533201434402
16262,45,102,1224,0.0011824533201434402
16263,35,68,1224,0.0011824533201434402
16264,19,254,1224,0.0011824533201434402
16265,62,122,1223,0.001181487263509336
16266,42,99,1223,0.001181487263509336
16267,31,105,1223,0.001181487263509336
16268,59,188,1222,0.001180521206875232
16269,44,130,1222,0.001180521206875232
16270,43,119,1222,0.001180521206875232
16271,66,62,1221,0.0011795551502411278
16272,50,72,1221,0.0011795551502411278
16273,23,60,1221,0.0011795551502411278
16274,68,31,1220,0.0011785890936070237
16275,60,64,1220,0.0011785890936070237
16276,35,61,1220,0.0011785890936070237
16277,55,229,1219,0.0011776230369729196
16278,44,123,1219,0.0011776230369729196
16279,37,31,1219,0.0011776230369729196
16280,23,118,1219,0.0011776230369729196
16281,23,90,1219,0.0011776230369729196
16282,21,230,1219,0.0011776230369729196
16283,64,254,1218,0.0011766569803388154
16284,43,178,1218,0.0011766569803388154
16285,42,243,1218,0.0011766569803388154
16286,10,192,1218,0.0011766569803388154
16287,66,87,1217,0.0011756909237047113
16288,52,35,1217,0.0011756909237047113
16289,56,121,1216,0.0011747248670706072
16290,48,81,1216,0.0011747248670706072
16291,27,216,1216,0.0011747248670706072
16292,20,51,1216,0.0011747248670706072
16293,15,49,1216,0.0011747248670706072
16294,77,55,1215,0.001173758810436503
16295,66,158,1215,0.001173758810436503
16296,60,12,1215,0.001173758810436503
16297,49,42,1215,0.001173758810436503
16298,75,79,1214,0.001172792753802399
16299,18,252,1214,0.001172792753802399
16300,51,254,1213,0.0011718266971682948
16301,40,224,1213,0.0011718266971682948
16302,71,50,1212,0.0011708606405341907
16303,52,62,1212,0.0011708606405341907
16304,15,169,1212,0.0011708606405341907
16305,72,233,1211,0.0011698945839000866
16306,69,69,1211,0.0011698945839000866
16307,45,3,1211,0.0011698945839000866
16308,22,239,1211,0.0011698945839000866
16309,40,209,1210,0.0011689285272659825
16310,76,62,1209,0.0011679624706318783
16311,31,205,1209,0.0011679624706318783
16312,19,82,1209,0.0011679624706318783
16313,22,82,1208,0.0011669964139977742
16314,12,31,1208,0.0011669964139977742
16315,10,60,1208,0.0011669964139977742
16316,6,54,1208,0.0011669964139977742
16317,61,220,1207,0.00116603035736367
16318,57,65,1207,0.00116603035736367
16319,28,143,1207,0.00116603035736367
16320,25,241,1207,0.00116603035736367
16321,4,65,1207,0.00116603035736367
16322,61,19,1206,0.001165064300729566
16323,43,214,1206,0.001165064300729566
16324,19,207,1206,0.001165064300729566
16325,19,21,1206,0.001165064300729566
16326,76,209,1205,0.0011640982440954619
16327,35,171,1205,0.0011640982440954619
16328,21,29,1205,0.0011640982440954619
16329,69,97,1204,0.0011631321874613577
16330,51,0,1204,0.0011631321874613577
16331,50,48,1204,0.0011631321874613577
16332,28,255,1204,0.0011631321874613577
16333,26,123,1204,0.0011631321874613577
16334,21,49,1204,0.0011631321874613577
16335,20,248,1204,0.0011631321874613577
16336,19,131,1204,0.0011631321874613577
16337,17,234,1204,0.0011631321874613577
16338,70,32,1203,0.0011621661308272536
16339,66,42,1203,0.0011621661308272536
16340,63,74,1203,0.0011621661308272536
16341,55,44,1203,0.0011621661308272536
16342,23,125,1203,0.0011621661308272536
16343,16,149,1203,0.0011621661308272536
16344,36,151,1202,0.0011612000741931495
16345,31,103,1202,0.0011612000741931495
16346,74,231,1201,0.0011602340175590454
16347,63,86,1201,0.0011602340175590454
16348,67,10,1200,0.0011592679609249412
16349,40,35,1200,0.0011592679609249412
16350,32,244,1200,0.0011592679609249412
16351,16,183,1200,0.0011592679609249412
16352,8,159,1200,0.0011592679609249412
16353,64,220,1199,0.0011583019042908371
16354,56,192,1199,0.0011583019042908371
16355,38,177,1199,0.0011583019042908371
16356,8,195,1199,0.0011583019042908371
16357,71,147,1198,0.001157335847656733
16358,71,45,1198,0.001157335847656733
16359,63,177,1198,0.001157335847656733
16360,35,201,1198,0.001157335847656733
16361,15,103,1198,0.001157335847656733
16362,12,153,1198,0.001157335847656733
16363,63,135,1197,0.0011563697910226289
16364,76,193,1196,0.0011554037343885248
16365,70,27,1196,0.0011554037343885248
16366,55,248,1196,0.0011554037343885248
16367,18,240,1196,0.0011554037343885248
16368,66,245,1195,0.0011544376777544206
16369,31,109,1195,0.0011544376777544206
16370,16,243,1195,0.0011544376777544206
16371,54,149,1194,0.0011534716211203165
16372,20,135,1194,0.0011534716211203165
16373,19,125,1194,0.0011534716211203165
16374,10,70,1194,0.0011534716211203165
16375,69,243,1193,0.0011525055644862124
16376,39,167,1193,0.0011525055644862124
16377,36,202,1193,0.0011525055644862124
16378,30,61,1193,0.0011525055644862124
16379,22,212,1193,0.0011525055644862124
16380,17,189,1193,0.0011525055644862124
16381,77,229,1192,0.0011515395078521083
16382,77,217,1192,0.0011515395078521083
16383,44,193,1192,0.0011515395078521083
16384,44,32,1192,0.0011515395078521083
16385,44,7,1192,0.0011515395078521083
16386,37,80,1192,0.0011515395078521083
16387,15,160,1192,0.0011515395078521083
16388,59,252,1191,0.0011505734512180042
16389,51,226,1191,0.0011505734512180042
16390,25,118,1191,0.0011505734512180042
16391,23,159,1191,0.0011505734512180042
16392,67,174,1190,0.0011496073945839
16393,52,230,1190,0.0011496073945839
16394,32,67,1190,0.0011496073945839
16395,20,235,1190,0.0011496073945839
16396,15,181,1190,0.0011496073945839
16397,38,7,1189,0.001148641337949796
16398,14,72,1189,0.001148641337949796
16399,11,136,1189,0.001148641337949796
16400,67,42,1188,0.0011476752813156918
16401,44,146,1188,0.0011476752813156918
16402,18,233,1188,0.0011476752813156918
16403,50,160,1187,0.0011467092246815877
16404,42,34,1186,0.0011457431680474835
16405,37,81,1186,0.0011457431680474835
16406,36,188,1186,0.0011457431680474835
16407,15,107,1186,0.0011457431680474835
16408,74,183,1185,0.0011447771114133794
16409,73,204,1185,0.0011447771114133794
16410,59,234,1185,0.0011447771114133794
16411,8,181,1185,0.0011447771114133794
16412,55,183,1184,0.0011438110547792753
16413,20,37,1184,0.0011438110547792753
16414,18,121,1184,0.0011438110547792753
16415,72,100,1183,0.0011428449981451712
16416,63,156,1183,0.0011428449981451712
16417,25,43,1183,0.0011428449981451712
16418,59,150,1182,0.001141878941511067
16419,30,71,1182,0.001141878941511067
16420,20,77,1182,0.001141878941511067
16421,76,80,1181,0.001140912884876963
16422,75,111,1181,0.001140912884876963
16423,72,12,1181,0.001140912884876963
16424,66,77,1181,0.001140912884876963
16425,19,213,1181,0.001140912884876963
16426,26,119,1180,0.0011399468282428588
16427,63,160,1179,0.0011389807716087547
16428,15,222,1179,0.0011389807716087547
16429,67,248,1178,0.0011380147149746506
16430,48,140,1178,0.0011380147149746506
16431,47,129,1178,0.0011380147149746506
16432,74,172,1177,0.0011370486583405465
16433,44,61,1177,0.0011370486583405465
16434,17,114,1177,0.0011370486583405465
16435,74,129,1176,0.0011360826017064423
16436,71,209,1176,0.0011360826017064423
16437,54,35,1176,0.0011360826017064423
16438,32,143,1176,0.0011360826017064423
16439,68,235,1175,0.0011351165450723384
16440,68,82,1175,0.0011351165450723384
16441,49,1,1175,0.0011351165450723384
16442,48,43,1175,0.0011351165450723384
16443,22,203,1175,0.0011351165450723384
16444,53,122,1174,0.0011341504884382343
16445,39,134,1174,0.0011341504884382343
16446,36,22,1174,0.0011341504884382343
16447,66,120,1173,0.0011331844318041302
16448,20,208,1173,0.0011331844318041302
16449,49,190,1172,0.001132218375170026
16450,48,79,1172,0.001132218375170026
16451,30,141,1172,0.001132218375170026
16452,28,30,1172,0.001132218375170026
16453,46,131,1171,0.001131252318535922
16454,43,25,1171,0.001131252318535922
16455,38,136,1171,0.001131252318535922
16456,58,97,1170,0.0011302862619018178
16457,64,8,1169,0.0011293202052677137
16458,27,110,1169,0.0011293202052677137
16459,23,74,1169,0.0011293202052677137
16460,75,104,1168,0.0011283541486336096
16461,44,227,1168,0.0011283541486336096
16462,42,44,1168,0.0011283541486336096
16463,21,57,1168,0.0011283541486336096
16464,53,11,1167,0.0011273880919995055
16465,44,207,1167,0.0011273880919995055
16466,36,86,1167,0.0011273880919995055
16467,32,141,1167,0.0011273880919995055
16468,6,120,1167,0.0011273880919995055
16469,20,169,1166,0.0011264220353654013
16470,19,74,1166,0.0011264220353654013
16471,42,201,1165,0.0011254559787312972
16472,32,126,1165,0.0011254559787312972
16473,77,119,1164,0.001124489922097193
16474,72,225,1164,0.001124489922097193
16475,72,179,1164,0.001124489922097193
16476,62,148,1164,0.001124489922097193
16477,29,167,1164,0.001124489922097193
16478,67,156,1163,0.001123523865463089
16479,53,229,1163,0.001123523865463089
16480,44,245,1163,0.001123523865463089
16481,22,30,1163,0.001123523865463089
16482,17,166,1163,0.001123523865463089
16483,14,151,1163,0.001123523865463089
16484,12,61,1163,0.001123523865463089
16485,31,244,1162,0.0011225578088289848
16486,33,40,1161,0.0011215917521948807
16487,59,185,1160,0.0011206256955607766
16488,50,133,1160,0.0011206256955607766
16489,26,164,1160,0.0011206256955607766
16490,74,242,1159,0.0011196596389266725
16491,39,191,1159,0.0011196596389266725
16492,19,65,1159,0.0011196596389266725
16493,4,207,1159,0.0011196596389266725
16494,32,139,1158,0.0011186935822925684
16495,29,129,1158,0.0011186935822925684
16496,19,202,1158,0.0011186935822925684
16497,73,246,1157,0.0011177275256584642
16498,70,166,1157,0.0011177275256584642
16499,34,170,1156,0.0011167614690243601
16500,11,206,1156,0.0011167614690243601
16501,70,76,1155,0.001115795412390256
16502,67,54,1155,0.001115795412390256
16503,66,208,1155,0.001115795412390256
16504,58,2,1155,0.001115795412390256
16505,54,109,1155,0.001115795412390256
16506,25,237,1155,0.001115795412390256
16507,12,226,1155,0.001115795412390256
16508,22,4,1154,0.0011148293557561519
16509,45,164,1153,0.0011138632991220478
16510,22,226,1153,0.0011138632991220478
16511,21,79,1153,0.0011138632991220478
16512,75,47,1152,0.0011128972424879436
16513,71,242,1152,0.0011128972424879436
16514,68,225,1152,0.0011128972424879436
16515,68,184,1152,0.0011128972424879436
16516,22,177,1152,0.0011128972424879436
16517,20,156,1152,0.0011128972424879436
16518,20,94,1152,0.0011128972424879436
16519,19,204,1152,0.0011128972424879436
16520,44,152,1151,0.0011119311858538395
16521,58,85,1150,0.0011109651292197354
16522,34,37,1150,0.0011109651292197354
16523,31,51,1150,0.0011109651292197354
16524,41,148,1149,0.0011099990725856313
16525,35,244,1149,0.0011099990725856313
16526,23,151,1149,0.0011099990725856313
16527,62,130,1148,0.0011090330159515271
16528,34,220,1148,0.0011090330159515271
16529,22,105,1148,0.0011090330159515271
16530,55,231,1147,0.001108066959317423
16531,55,78,1147,0.001108066959317423
16532,18,179,1147,0.001108066959317423
16533,47,69,1146,0.001107100902683319
16534,45,218,1146,0.001107100902683319
16535,37,128,1146,0.001107100902683319
16536,66,17,1145,0.0011061348460492148
16537,43,75,1145,0.0011061348460492148
16538,30,250,1145,0.0011061348460492148
16539,44,107,1144,0.0011051687894151107
16540,33,39,1144,0.0011051687894151107
16541,57,206,1143,0.0011042027327810065
16542,47,130,1143,0.0011042027327810065
16543,20,189,1143,0.0011042027327810065
16544,22,225,1142,0.0011032366761469024
16545,41,23,1141,0.0011022706195127983
16546,35,120,1141,0.0011022706195127983
16547,32,229,1141,0.0011022706195127983
16548,24,105,1141,0.0011022706195127983
16549,56,242,1140,0.0011013045628786942
16550,48,87,1140,0.0011013045628786942
16551,72,92,1139,0.00110033850624459
16552,48,194,1139,0.00110033850624459
16553,44,88,1139,0.00110033850624459
16554,76,182,1138,0.001099372449610486
16555,62,103,1138,0.001099372449610486
16556,44,141,1138,0.001099372449610486
16557,39,135,1138,0.001099372449610486
16558,57,56,1137,0.0010984063929763818
16559,55,240,1137,0.0010984063929763818
16560,23,75,1137,0.0010984063929763818
16561,76,146,1136,0.0010974403363422777
16562,60,241,1136,0.0010974403363422777
16563,16,216,1136,0.0010974403363422777
16564,64,178,1135,0.0010964742797081736
16565,47,37,1134,0.0010955082230740694
16566,76,29,1133,0.0010945421664399653
16567,75,237,1133,0.0010945421664399653
16568,61,189,1133,0.0010945421664399653
16569,53,219,1133,0.0010945421664399653
16570,49,20,1133,0.0010945421664399653
16571,72,209,1132,0.0010935761098058612
16572,57,52,1132,0.0010935761098058612
16573,52,158,1132,0.0010935761098058612
16574,45,153,1132,0.0010935761098058612
16575,76,232,1131,0.001092610053171757
16576,60,167,1131,0.001092610053171757
16577,55,151,1131,0.001092610053171757
16578,17,162,1131,0.001092610053171757
16579,5,167,1131,0.001092610053171757
16580,60,48,1130,0.001091643996537653
16581,37,19,1130,0.001091643996537653
16582,16,140,1130,0.001091643996537653
16583,59,142,1129,0.0010906779399035488
16584,18,234,1129,0.0010906779399035488
16585,62,216,1128,0.0010897118832694447
16586,35,226,1128,0.0010897118832694447
16587,57,40,1127,0.0010887458266353406
16588,26,189,1127,0.0010887458266353406
16589,45,139,1126,0.0010877797700012365
16590,20,213,1126,0.0010877797700012365
16591,67,114,1125,0.0010868137133671324
16592,52,246,1125,0.0010868137133671324
16593,60,5,1124,0.0010858476567330282
16594,31,94,1124,0.0010858476567330282
16595,12,241,1124,0.0010858476567330282
16596,52,235,1123,0.001084881600098924
16597,61,62,1122,0.00108391554346482
16598,42,232,1122,0.00108391554346482
16599,17,75,1122,0.00108391554346482
16600,76,100,1121,0.0010829494868307159
16601,68,32,1121,0.0010829494868307159
16602,40,163,1121,0.0010829494868307159
16603,29,198,1121,0.0010829494868307159
16604,59,181,1120,0.0010819834301966117
16605,55,60,1120,0.0010819834301966117
16606,11,250,1120,0.0010819834301966117
16607,20,57,1119,0.0010810173735625076
16608,45,185,1118,0.0010800513169284037
16609,30,185,1118,0.0010800513169284037
16610,30,34,1118,0.0010800513169284037
16611,77,5,1117,0.0010790852602942996
16612,64,28,1117,0.0010790852602942996
16613,53,7,1117,0.0010790852602942996
16614,21,169,1117,0.0010790852602942996
16615,12,193,1115,0.0010771531470260914
16616,75,6,1114,0.0010761870903919872
16617,64,62,1114,0.0010761870903919872
16618,55,140,1114,0.0010761870903919872
16619,51,211,1114,0.0010761870903919872
16620,63,214,1113,0.0010752210337578831
16621,29,26,1113,0.0010752210337578831
16622,28,43,1113,0.0010752210337578831
16623,14,19,1113,0.0010752210337578831
16624,12,27,1113,0.0010752210337578831
16625,70,225,1112,0.001074254977123779
16626,49,23,1112,0.001074254977123779
16627,23,152,1112,0.001074254977123779
16628,21,121,1112,0.001074254977123779
16629,20,64,1112,0.001074254977123779
16630,19,13,1112,0.001074254977123779
16631,14,68,1112,0.001074254977123779
16632,11,19,1112,0.001074254977123779
16633,71,44,1110,0.0010723228638555707
16634,29,254,1110,0.0010723228638555707
16635,15,211,1110,0.0010723228638555707
16636,58,246,1109,0.0010713568072214666
16637,50,168,1109,0.0010713568072214666
16638,32,211,1109,0.0010713568072214666
16639,38,48,1108,0.0010703907505873625
16640,77,4,1107,0.0010694246939532584
16641,58,134,1107,0.0010694246939532584
16642,47,171,1107,0.0010694246939532584
16643,70,69,1106,0.0010684586373191543
16644,57,169,1106,0.0010684586373191543
16645,48,235,1106,0.0010684586373191543
16646,35,211,1106,0.0010684586373191543
16647,75,146,1104,0.001066526524050946
16648,10,124,1104,0.001066526524050946
16649,74,145,1102,0.0010645944107827378
16650,62,75,1102,0.0010645944107827378
16651,52,187,1102,0.0010645944107827378
16652,49,166,1102,0.0010645944107827378
16653,30,137,1101,0.0010636283541486337
16654,46,57,1100,0.0010626622975145295
16655,39,210,1099,0.0010616962408804254
16656,34,218,1099,0.0010616962408804254
16657,68,89,1098,0.0010607301842463213
16658,67,194,1097,0.0010597641276122172
16659,63,111,1097,0.0010597641276122172
16660,56,39,1097,0.0010597641276122172
16661,63,46,1096,0.001058798070978113
16662,37,57,1096,0.001058798070978113
16663,32,190,1096,0.001058798070978113
16664,74,225,1095,0.001057832014344009
16665,73,209,1095,0.001057832014344009
16666,7,177,1095,0.001057832014344009
16667,71,157,1094,0.0010568659577099048
16668,11,182,1094,0.0010568659577099048
16669,66,20,1093,0.0010558999010758007
16670,22,218,1093,0.0010558999010758007
16671,19,22,1093,0.0010558999010758007
16672,66,11,1092,0.0010549338444416966
16673,60,161,1092,0.0010549338444416966
16674,58,103,1092,0.0010549338444416966
16675,28,170,1092,0.0010549338444416966
16676,20,218,1092,0.0010549338444416966
16677,72,118,1091,0.0010539677878075924
16678,70,7,1091,0.0010539677878075924
16679,26,24,1091,0.0010539677878075924
16680,22,240,1091,0.0010539677878075924
16681,21,202,1091,0.0010539677878075924
16682,77,205,1090,0.0010530017311734883
16683,75,56,1090,0.0010530017311734883
16684,46,230,1090,0.0010530017311734883
16685,30,152,1090,0.0010530017311734883
16686,23,126,1090,0.0010530017311734883
16687,64,165,1089,0.0010520356745393842
16688,18,204,1089,0.0010520356745393842
16689,9,8,1089,0.0010520356745393842
16690,72,200,1088,0.00105106961790528
16691,74,247,1086,0.0010491375046370718
16692,43,26,1086,0.0010491375046370718
16693,18,74,1086,0.0010491375046370718
16694,76,158,1085,0.0010481714480029677
16695,64,215,1085,0.0010481714480029677
16696,60,71,1084,0.0010472053913688636
16697,44,148,1084,0.0010472053913688636
16698,22,85,1084,0.0010472053913688636
16699,73,243,1083,0.0010462393347347595
16700,25,31,1082,0.0010452732781006553
16701,17,219,1081,0.0010443072214665512
16702,77,41,1079,0.001042375108198343
16703,63,76,1079,0.001042375108198343
16704,49,26,1079,0.001042375108198343
16705,39,6,1079,0.001042375108198343
16706,37,244,1079,0.001042375108198343
16707,26,142,1079,0.001042375108198343
16708,22,178,1079,0.001042375108198343
16709,18,113,1079,0.001042375108198343
16710,64,67,1078,0.0010414090515642389
16711,16,168,1078,0.0010414090515642389
16712,16,189,1076,0.0010394769382960306
16713,66,32,1075,0.0010385108816619265
16714,65,158,1075,0.0010385108816619265
16715,45,78,1075,0.0010385108816619265
16716,41,142,1075,0.0010385108816619265
16717,76,241,1074,0.0010375448250278224
16718,44,67,1074,0.0010375448250278224
16719,77,218,1073,0.0010365787683937183
16720,64,134,1073,0.0010365787683937183
16721,45,103,1073,0.0010365787683937183
16722,39,79,1073,0.0010365787683937183
16723,38,71,1073,0.0010365787683937183
16724,55,181,1072,0.0010356127117596141
16725,49,237,1072,0.0010356127117596141
16726,21,125,1072,0.0010356127117596141
16727,15,73,1072,0.0010356127117596141
16728,63,141,1070,0.0010336805984914059
16729,49,223,1070,0.0010336805984914059
16730,66,233,1069,0.0010327145418573018
16731,66,84,1069,0.0010327145418573018
16732,49,205,1069,0.0010327145418573018
16733,39,128,1069,0.0010327145418573018
16734,55,7,1068,0.0010317484852231976
16735,53,32,1068,0.0010317484852231976
16736,44,129,1068,0.0010317484852231976
16737,54,58,1067,0.0010307824285890935
16738,12,20,1067,0.0010307824285890935
16739,70,29,1066,0.0010298163719549894
16740,49,234,1066,0.0010298163719549894
16741,62,187,1065,0.0010288503153208853
16742,41,176,1065,0.0010288503153208853
16743,37,198,1065,0.0010288503153208853
16744,23,150,1065,0.0010288503153208853
16745,40,21,1063,0.001026918202052677
16746,37,176,1063,0.001026918202052677
16747,18,224,1063,0.001026918202052677
16748,18,56,1063,0.001026918202052677
16749,64,27,1062,0.001025952145418573
16750,60,127,1062,0.001025952145418573
16751,54,156,1062,0.001025952145418573
16752,51,218,1062,0.001025952145418573
16753,38,44,1062,0.001025952145418573
16754,33,235,1062,0.001025952145418573
16755,12,187,1062,0.001025952145418573
16756,8,180,1062,0.001025952145418573
16757,68,176,1061,0.001024986088784469
16758,34,47,1061,0.001024986088784469
16759,18,146,1061,0.001024986088784469
16760,72,127,1060,0.0010240200321503649
16761,69,70,1060,0.0010240200321503649
16762,60,156,1060,0.0010240200321503649
16763,56,142,1060,0.0010240200321503649
16764,56,88,1060,0.0010240200321503649
16765,34,141,1059,0.0010230539755162608
16766,28,52,1059,0.0010230539755162608
16767,24,79,1059,0.0010230539755162608
16768,5,82,1059,0.0010230539755162608
16769,75,129,1058,0.0010220879188821566
16770,71,163,1058,0.0010220879188821566
16771,46,8,1058,0.0010220879188821566
16772,36,75,1057,0.0010211218622480525
16773,33,112,1057,0.0010211218622480525
16774,12,52,1057,0.0010211218622480525
16775,41,48,1056,0.0010201558056139484
16776,28,131,1056,0.0010201558056139484
16777,53,172,1055,0.0010191897489798443
16778,33,162,1055,0.0010191897489798443
16779,31,180,1055,0.0010191897489798443
16780,71,203,1054,0.0010182236923457402
16781,55,69,1054,0.0010182236923457402
16782,30,174,1054,0.0010182236923457402
16783,21,80,1054,0.0010182236923457402
16784,12,16,1054,0.0010182236923457402
16785,76,86,1053,0.001017257635711636
16786,64,202,1053,0.001017257635711636
16787,37,151,1053,0.001017257635711636
16788,23,120,1053,0.001017257635711636
16789,73,29,1051,0.0010153255224434278
16790,64,49,1051,0.0010153255224434278
16791,36,32,1051,0.0010153255224434278
16792,48,31,1050,0.0010143594658093237
16793,21,39,1050,0.0010143594658093237
16794,73,41,1049,0.0010133934091752196
16795,67,66,1049,0.0010133934091752196
16796,59,203,1049,0.0010133934091752196
16797,58,122,1049,0.0010133934091752196
16798,46,180,1049,0.0010133934091752196
16799,29,102,1049,0.0010133934091752196
16800,62,131,1048,0.0010124273525411154
16801,18,226,1048,0.0010124273525411154
16802,17,225,1048,0.0010124273525411154
16803,61,221,1047,0.0010114612959070113
16804,55,45,1047,0.0010114612959070113
16805,17,203,1047,0.0010114612959070113
16806,77,253,1046,0.0010104952392729072
16807,64,80,1046,0.0010104952392729072
16808,24,107,1046,0.0010104952392729072
16809,50,204,1045,0.001009529182638803
16810,64,120,1044,0.001008563126004699
16811,32,79,1044,0.001008563126004699
16812,33,176,1043,0.0010075970693705948
16813,22,106,1043,0.0010075970693705948
16814,21,116,1043,0.0010075970693705948
16815,74,10,1042,0.0010066310127364907
16816,66,188,1042,0.0010066310127364907
16817,34,4,1042,0.0010066310127364907
16818,19,66,1042,0.0010066310127364907
16819,70,144,1041,0.0010056649561023866
16820,70,42,1041,0.0010056649561023866
16821,64,213,1041,0.0010056649561023866
16822,50,149,1041,0.0010056649561023866
16823,42,31,1041,0.0010056649561023866
16824,66,48,1040,0.0010046988994682825
16825,56,216,1040,0.0010046988994682825
16826,38,169,1040,0.0010046988994682825
16827,20,146,1040,0.0010046988994682825
16828,77,242,1039,0.0010037328428341783
16829,48,180,1039,0.0010037328428341783
16830,42,235,1039,0.0010037328428341783
16831,39,202,1039,0.0010037328428341783
16832,21,182,1039,0.0010037328428341783
16833,41,243,1038,0.0010027667862000742
16834,40,52,1038,0.0010027667862000742
16835,21,193,1038,0.0010027667862000742
16836,42,128,1037,0.00100180072956597
16837,37,85,1037,0.00100180072956597
16838,21,74,1036,0.001000834672931866
16839,72,173,1035,0.0009998686162977618
16840,63,197,1035,0.0009998686162977618
16841,58,15,1035,0.0009998686162977618
16842,51,187,1035,0.0009998686162977618
16843,35,166,1035,0.0009998686162977618
16844,12,91,1035,0.0009998686162977618
16845,68,156,1034,0.0009989025596636577
16846,63,71,1034,0.0009989025596636577
16847,47,120,1034,0.0009989025596636577
16848,19,87,1034,0.0009989025596636577
16849,7,16,1034,0.0009989025596636577
16850,34,138,1033,0.0009979365030295536
16851,17,177,1033,0.0009979365030295536
16852,22,232,1031,0.0009960043897613454
16853,17,141,1031,0.0009960043897613454
16854,77,18,1030,0.0009950383331272412
16855,34,148,1030,0.0009950383331272412
16856,26,176,1029,0.0009940722764931371
16857,63,5,1028,0.000993106219859033
16858,54,191,1028,0.000993106219859033
16859,49,95,1028,0.000993106219859033
16860,43,73,1028,0.000993106219859033
16861,19,86,1028,0.000993106219859033
16862,15,27,1028,0.000993106219859033
16863,71,158,1027,0.0009921401632249289
16864,43,208,1027,0.0009921401632249289
16865,18,229,1027,0.0009921401632249289
16866,18,119,1027,0.0009921401632249289
16867,75,54,1026,0.0009911741065908248
16868,67,69,1026,0.0009911741065908248
16869,66,199,1026,0.0009911741065908248
16870,18,246,1026,0.0009911741065908248
16871,47,43,1025,0.0009902080499567206
16872,46,204,1025,0.0009902080499567206
16873,40,28,1025,0.0009902080499567206
16874,69,34,1024,0.0009892419933226165
16875,62,238,1024,0.0009892419933226165
16876,51,115,1024,0.0009892419933226165
16877,45,239,1024,0.0009892419933226165
16878,42,173,1024,0.0009892419933226165
16879,22,25,1023,0.0009882759366885124
16880,31,50,1022,0.0009873098800544083
16881,27,19,1021,0.0009863438234203041
16882,23,97,1021,0.0009863438234203041
16883,19,109,1021,0.0009863438234203041
16884,37,73,1020,0.0009853777667862
16885,20,5,1020,0.0009853777667862
16886,11,239,1020,0.0009853777667862
16887,18,91,1019,0.000984411710152096
16888,53,107,1018,0.0009834456535179918
16889,35,254,1018,0.0009834456535179918
16890,29,40,1018,0.0009834456535179918
16891,64,126,1017,0.0009824795968838877
16892,30,48,1017,0.0009824795968838877
16893,66,124,1016,0.0009815135402497835
16894,69,234,1015,0.0009805474836156794
16895,45,35,1015,0.0009805474836156794
16896,32,195,1015,0.0009805474836156794
16897,71,159,1014,0.0009795814269815753
16898,38,191,1014,0.0009795814269815753
16899,61,250,1013,0.0009786153703474712
16900,61,9,1013,0.0009786153703474712
16901,32,187,1013,0.0009786153703474712
16902,25,152,1013,0.0009786153703474712
16903,9,203,1013,0.0009786153703474712
16904,70,130,1012,0.000977649313713367
16905,44,140,1012,0.000977649313713367
16906,38,30,1012,0.000977649313713367
16907,56,104,1011,0.000976683257079263
16908,50,189,1011,0.000976683257079263
16909,32,227,1011,0.000976683257079263
16910,10,225,1011,0.000976683257079263
16911,59,113,1010,0.0009757172004451589
16912,27,160,1010,0.0009757172004451589
16913,55,174,1009,0.0009747511438110548
16914,54,153,1009,0.0009747511438110548
16915,37,234,1009,0.0009747511438110548
16916,35,196,1009,0.0009747511438110548
16917,20,19,1008,0.0009737850871769507
16918,8,6,1008,0.0009737850871769507
16919,75,97,1007,0.0009728190305428466
16920,71,255,1007,0.0009728190305428466
16921,67,155,1007,0.0009728190305428466
16922,23,32,1007,0.0009728190305428466
16923,60,215,1006,0.0009718529739087424
16924,60,140,1006,0.0009718529739087424
16925,45,220,1006,0.0009718529739087424
16926,39,155,1006,0.0009718529739087424
16927,36,59,1006,0.0009718529739087424
16928,46,217,1005,0.0009708869172746383
16929,36,11,1005,0.0009708869172746383
16930,70,132,1004,0.0009699208606405342
16931,54,227,1004,0.0009699208606405342
16932,73,16,1003,0.0009689548040064301
16933,63,169,1003,0.0009689548040064301
16934,42,16,1003,0.0009689548040064301
16935,31,75,1003,0.0009689548040064301
16936,26,197,1003,0.0009689548040064301
16937,20,219,1003,0.0009689548040064301
16938,73,159,1002,0.000967988747372326
16939,68,19,1002,0.000967988747372326
16940,60,128,1002,0.000967988747372326
16941,57,9,1002,0.000967988747372326
16942,51,149,1002,0.000967988747372326
16943,20,167,1002,0.000967988747372326
16944,57,231,1001,0.0009670226907382218
16945,56,71,1001,0.0009670226907382218
16946,55,204,1001,0.0009670226907382218
16947,34,206,1001,0.0009670226907382218
16948,20,27,1001,0.0009670226907382218
16949,76,68,1000,0.0009660566341041177
16950,66,49,1000,0.0009660566341041177
16951,61,242,1000,0.0009660566341041177
16952,44,79,1000,0.0009660566341041177
16953,58,218,999,0.0009650905774700136
16954,51,150,999,0.0009650905774700136
16955,45,112,999,0.0009650905774700136
16956,20,34,999,0.0009650905774700136
16957,73,56,998,0.0009641245208359095
16958,50,159,998,0.0009641245208359095
16959,50,94,998,0.0009641245208359095
16960,39,40,998,0.0009641245208359095
16961,14,59,998,0.0009641245208359095
16962,70,160,997,0.0009631584642018053
16963,51,246,997,0.0009631584642018053
16964,21,146,997,0.0009631584642018053
16965,30,62,996,0.0009621924075677012
16966,7,117,996,0.0009621924075677012
16967,57,215,995,0.0009612263509335971
16968,21,81,995,0.0009612263509335971
16969,41,254,993,0.0009592942376653889
16970,71,219,992,0.0009583281810312847
16971,67,164,992,0.0009583281810312847
16972,64,60,992,0.0009583281810312847
16973,51,40,992,0.0009583281810312847
16974,40,136,992,0.0009583281810312847
16975,36,15,992,0.0009583281810312847
16976,74,79,991,0.0009573621243971806
16977,66,122,991,0.0009573621243971806
16978,39,105,991,0.0009573621243971806
16979,36,83,991,0.0009573621243971806
16980,77,198,990,0.0009563960677630765
16981,61,214,990,0.0009563960677630765
16982,55,46,990,0.0009563960677630765
16983,24,223,988,0.0009544639544948684
16984,22,5,988,0.0009544639544948684
16985,32,86,987,0.0009534978978607642
16986,27,207,987,0.0009534978978607642
16987,20,252,987,0.0009534978978607642
16988,35,138,986,0.0009525318412266601
16989,25,169,986,0.0009525318412266601
16990,22,223,986,0.0009525318412266601
16991,22,75,985,0.000951565784592556
16992,77,26,983,0.0009496336713243477
16993,68,115,983,0.0009496336713243477
16994,57,29,983,0.0009496336713243477
16995,46,99,983,0.0009496336713243477
16996,29,145,983,0.0009496336713243477
16997,9,7,983,0.0009496336713243477
16998,67,86,982,0.0009486676146902436
16999,53,52,982,0.0009486676146902436
17000,19,250,982,0.0009486676146902436
17001,76,67,981,0.0009477015580561395
17002,37,213,981,0.0009477015580561395
17003,37,139,981,0.0009477015580561395
17004,24,15,981,0.0009477015580561395
17005,22,188,981,0.0009477015580561395
17006,61,37,980,0.0009467355014220354
17007,49,208,980,0.0009467355014220354
17008,46,25,980,0.0009467355014220354
17009,66,215,979,0.0009457694447879313
17010,64,212,979,0.0009457694447879313
17011,63,126,979,0.0009457694447879313
17012,37,212,979,0.0009457694447879313
17013,7,185,979,0.0009457694447879313
17014,48,33,978,0.0009448033881538271
17015,56,251,977,0.000943837331519723
17016,52,217,977,0.000943837331519723
17017,32,50,977,0.000943837331519723
17018,17,97,977,0.000943837331519723
17019,16,188,977,0.000943837331519723
17020,22,37,976,0.0009428712748856189
17021,56,145,975,0.0009419052182515148
17022,28,124,974,0.0009409391616174107
17023,20,17,974,0.0009409391616174107
17024,11,174,974,0.0009409391616174107
17025,10,200,974,0.0009409391616174107
17026,70,54,973,0.0009399731049833065
17027,55,70,973,0.0009399731049833065
17028,3,142,973,0.0009399731049833065
17029,52,25,972,0.0009390070483492024
17030,28,3,972,0.0009390070483492024
17031,39,92,971,0.0009380409917150983
17032,14,228,971,0.0009380409917150983
17033,61,100,970,0.0009370749350809942
17034,57,196,970,0.0009370749350809942
17035,52,239,970,0.0009370749350809942
17036,17,23,970,0.0009370749350809942
17037,53,246,969,0.00093610887844689
17038,49,175,969,0.00093610887844689
17039,9,84,969,0.00093610887844689
17040,66,154,968,0.0009351428218127859
17041,56,181,968,0.0009351428218127859
17042,66,251,967,0.0009341767651786818
17043,52,121,967,0.0009341767651786818
17044,25,77,967,0.0009341767651786818
17045,62,155,966,0.0009332107085445777
17046,55,18,965,0.0009322446519104736
17047,33,158,965,0.0009322446519104736
17048,74,226,964,0.0009312785952763694
17049,68,117,964,0.0009312785952763694
17050,65,165,963,0.0009303125386422653
17051,77,195,962,0.0009293464820081612
17052,57,132,962,0.0009293464820081612
17053,34,78,962,0.0009293464820081612
17054,12,166,962,0.0009293464820081612
17055,49,4,961,0.0009283804253740571
17056,62,254,960,0.0009274143687399531
17057,43,163,960,0.0009274143687399531
17058,29,2,960,0.0009274143687399531
17059,18,105,960,0.0009274143687399531
17060,56,55,959,0.0009264483121058489
17061,51,10,959,0.0009264483121058489
17062,45,63,959,0.0009264483121058489
17063,60,134,958,0.0009254822554717448
17064,55,112,958,0.0009254822554717448
17065,51,14,958,0.0009254822554717448
17066,40,184,958,0.0009254822554717448
17067,18,253,958,0.0009254822554717448
17068,17,66,958,0.0009254822554717448
17069,55,250,957,0.0009245161988376407
17070,54,1,957,0.0009245161988376407
17071,53,242,957,0.0009245161988376407
17072,47,28,957,0.0009245161988376407
17073,27,92,957,0.0009245161988376407
17074,10,67,957,0.0009245161988376407
17075,31,169,956,0.0009235501422035366
17076,69,148,955,0.0009225840855694325
17077,68,129,955,0.0009225840855694325
17078,62,252,955,0.0009225840855694325
17079,49,18,955,0.0009225840855694325
17080,27,168,955,0.0009225840855694325
17081,18,221,955,0.0009225840855694325
17082,17,221,955,0.0009225840855694325
17083,16,53,955,0.0009225840855694325
17084,63,42,954,0.0009216180289353283
17085,62,225,954,0.0009216180289353283
17086,60,49,954,0.0009216180289353283
17087,56,174,954,0.0009216180289353283
17088,10,0,954,0.0009216180289353283
17089,69,132,953,0.0009206519723012242
17090,35,231,953,0.0009206519723012242
17091,75,143,952,0.0009196859156671201
17092,62,158,952,0.0009196859156671201
17093,46,68,952,0.0009196859156671201
17094,30,236,952,0.0009196859156671201
17095,29,169,952,0.0009196859156671201
17096,66,235,951,0.000918719859033016
17097,43,27,951,0.000918719859033016
17098,73,253,950,0.0009177538023989118
17099,30,156,950,0.0009177538023989118
17100,63,248,949,0.0009167877457648077
17101,63,164,949,0.0009167877457648077
17102,60,178,949,0.0009167877457648077
17103,58,194,949,0.0009167877457648077
17104,50,155,949,0.0009167877457648077
17105,14,224,949,0.0009167877457648077
17106,9,123,949,0.0009167877457648077
17107,72,218,946,0.0009138895758624954
17108,71,58,946,0.0009138895758624954
17109,70,89,945,0.0009129235192283912
17110,16,151,945,0.0009129235192283912
17111,54,73,944,0.0009119574625942871
17112,42,27,944,0.0009119574625942871
17113,33,147,944,0.0009119574625942871
17114,21,30,944,0.0009119574625942871
17115,33,122,943,0.000910991405960183
17116,17,33,943,0.000910991405960183
17117,69,80,942,0.0009100253493260789
17118,58,133,942,0.0009100253493260789
17119,40,254,942,0.0009100253493260789
17120,17,113,942,0.0009100253493260789
17121,16,210,942,0.0009100253493260789
17122,54,246,941,0.0009090592926919748
17123,38,198,941,0.0009090592926919748
17124,77,101,940,0.0009080932360578706
17125,74,150,940,0.0009080932360578706
17126,70,210,940,0.0009080932360578706
17127,70,96,940,0.0009080932360578706
17128,66,4,940,0.0009080932360578706
17129,41,170,940,0.0009080932360578706
17130,16,119,940,0.0009080932360578706
17131,70,116,939,0.0009071271794237665
17132,63,36,938,0.0009061611227896624
17133,24,97,937,0.0009051950661555583
17134,64,100,936,0.0009042290095214541
17135,54,154,936,0.0009042290095214541
17136,53,215,936,0.0009042290095214541
17137,75,100,935,0.00090326295288735
17138,67,38,935,0.00090326295288735
17139,58,61,935,0.00090326295288735
17140,41,175,935,0.00090326295288735
17141,31,93,935,0.00090326295288735
17142,20,113,935,0.00090326295288735
17143,18,166,935,0.00090326295288735
17144,35,98,934,0.0009022968962532459
17145,34,204,934,0.0009022968962532459
17146,67,74,933,0.0009013308396191418
17147,28,207,932,0.0009003647829850378
17148,54,37,931,0.0008993987263509336
17149,34,13,931,0.0008993987263509336
17150,28,63,931,0.0008993987263509336
17151,75,148,930,0.0008984326697168295
17152,54,152,930,0.0008984326697168295
17153,51,216,930,0.0008984326697168295
17154,31,67,930,0.0008984326697168295
17155,71,115,929,0.0008974666130827254
17156,58,164,929,0.0008974666130827254
17157,47,29,929,0.0008974666130827254
17158,43,55,929,0.0008974666130827254
17159,32,14,929,0.0008974666130827254
17160,22,63,929,0.0008974666130827254
17161,17,107,929,0.0008974666130827254
17162,76,11,928,0.0008965005564486213
17163,45,137,928,0.0008965005564486213
17164,32,57,928,0.0008965005564486213
17165,22,72,928,0.0008965005564486213
17166,77,250,927,0.0008955344998145172
17167,52,102,927,0.0008955344998145172
17168,40,181,927,0.0008955344998145172
17169,57,99,926,0.000894568443180413
17170,30,99,926,0.000894568443180413
17171,24,75,926,0.000894568443180413
17172,18,86,926,0.000894568443180413
17173,10,228,926,0.000894568443180413
17174,7,146,926,0.000894568443180413
17175,70,87,925,0.0008936023865463089
17176,51,102,925,0.0008936023865463089
17177,48,185,925,0.0008936023865463089
17178,21,76,925,0.0008936023865463089
17179,60,155,924,0.0008926363299122048
17180,52,243,924,0.0008926363299122048
17181,40,158,924,0.0008926363299122048
17182,77,164,922,0.0008907042166439966
17183,74,245,922,0.0008907042166439966
17184,63,171,922,0.0008907042166439966
17185,60,60,922,0.0008907042166439966
17186,54,119,922,0.0008907042166439966
17187,32,238,922,0.0008907042166439966
17188,29,195,922,0.0008907042166439966
17189,28,240,921,0.0008897381600098924
17190,15,138,921,0.0008897381600098924
17191,57,243,920,0.0008887721033757883
17192,33,106,920,0.0008887721033757883
17193,32,47,920,0.0008887721033757883
17194,21,56,920,0.0008887721033757883
17195,17,148,920,0.0008887721033757883
17196,76,229,919,0.0008878060467416842
17197,63,125,919,0.0008878060467416842
17198,46,54,919,0.0008878060467416842
17199,45,40,919,0.0008878060467416842
17200,24,221,919,0.0008878060467416842
17201,16,16,919,0.0008878060467416842
17202,15,168,919,0.0008878060467416842
17203,47,188,918,0.0008868399901075801
17204,41,66,918,0.0008868399901075801
17205,36,88,918,0.0008868399901075801
17206,30,68,918,0.0008868399901075801
17207,21,153,918,0.0008868399901075801
17208,73,10,917,0.000885873933473476
17209,39,118,917,0.000885873933473476
17210,70,6,916,0.0008849078768393718
17211,47,41,916,0.0008849078768393718
17212,29,52,916,0.0008849078768393718
17213,17,112,916,0.0008849078768393718
17214,21,137,915,0.0008839418202052677
17215,60,244,914,0.0008829757635711636
17216,39,233,914,0.0008829757635711636
17217,21,201,914,0.0008829757635711636
17218,14,129,914,0.0008829757635711636
17219,60,47,913,0.0008820097069370595
17220,32,118,913,0.0008820097069370595
17221,11,98,913,0.0008820097069370595
17222,76,73,912,0.0008810436503029553
17223,30,194,912,0.0008810436503029553
17224,20,140,912,0.0008810436503029553
17225,58,175,910,0.0008791115370347471
17226,17,52,910,0.0008791115370347471
17227,71,40,909,0.000878145480400643
17228,25,12,909,0.000878145480400643
17229,68,21,908,0.0008771794237665389
17230,64,154,908,0.0008771794237665389
17231,37,37,908,0.0008771794237665389
17232,70,136,907,0.0008762133671324347
17233,48,230,907,0.0008762133671324347
17234,30,238,907,0.0008762133671324347
17235,23,246,907,0.0008762133671324347
17236,60,162,906,0.0008752473104983306
17237,51,50,906,0.0008752473104983306
17238,33,225,906,0.0008752473104983306
17239,32,55,906,0.0008752473104983306
17240,68,29,905,0.0008742812538642265
17241,46,225,905,0.0008742812538642265
17242,22,199,905,0.0008742812538642265
17243,32,131,904,0.0008733151972301224
17244,21,64,904,0.0008733151972301224
17245,62,192,903,0.0008723491405960184
17246,48,91,903,0.0008723491405960184
17247,69,167,902,0.0008713830839619142
17248,51,103,902,0.0008713830839619142
17249,16,236,902,0.0008713830839619142
17250,72,75,901,0.0008704170273278101
17251,71,17,901,0.0008704170273278101
17252,42,135,900,0.000869450970693706
17253,72,193,899,0.0008684849140596019
17254,72,26,899,0.0008684849140596019
17255,62,8,899,0.0008684849140596019
17256,56,234,899,0.0008684849140596019
17257,49,114,899,0.0008684849140596019
17258,77,44,898,0.0008675188574254977
17259,20,151,897,0.0008665528007913936
17260,70,205,896,0.0008655867441572895
17261,55,19,896,0.0008655867441572895
17262,45,121,896,0.0008655867441572895
17263,27,18,896,0.0008655867441572895
17264,67,118,894,0.0008636546308890813
17265,22,70,894,0.0008636546308890813
17266,73,95,893,0.0008626885742549771
17267,54,199,893,0.0008626885742549771
17268,77,117,892,0.000861722517620873
17269,72,176,892,0.000861722517620873
17270,62,197,892,0.000861722517620873
17271,62,32,892,0.000861722517620873
17272,68,87,891,0.0008607564609867689
17273,45,226,891,0.0008607564609867689
17274,32,165,891,0.0008607564609867689
17275,19,47,891,0.0008607564609867689
17276,16,100,891,0.0008607564609867689
17277,18,120,890,0.0008597904043526648
17278,13,119,890,0.0008597904043526648
17279,50,129,889,0.0008588243477185607
17280,40,38,889,0.0008588243477185607
17281,30,16,889,0.0008588243477185607
17282,18,245,889,0.0008588243477185607
17283,18,235,889,0.0008588243477185607
17284,15,234,889,0.0008588243477185607
17285,74,252,888,0.0008578582910844565
17286,36,183,888,0.0008578582910844565
17287,76,31,887,0.0008568922344503524
17288,22,32,887,0.0008568922344503524
17289,19,60,887,0.0008568922344503524
17290,74,24,886,0.0008559261778162483
17291,18,54,886,0.0008559261778162483
17292,74,155,885,0.0008549601211821442
17293,72,40,885,0.0008549601211821442
17294,63,191,885,0.0008549601211821442
17295,56,147,885,0.0008549601211821442
17296,75,31,884,0.00085399406454804
17297,26,188,884,0.00085399406454804
17298,20,253,884,0.00085399406454804
17299,19,123,884,0.00085399406454804
17300,41,39,882,0.0008520619512798318
17301,51,128,881,0.0008510958946457277
17302,44,108,881,0.0008510958946457277
17303,35,146,881,0.0008510958946457277
17304,65,136,880,0.0008501298380116236
17305,15,253,880,0.0008501298380116236
17306,57,80,878,0.0008481977247434153
17307,20,12,878,0.0008481977247434153
17308,59,114,877,0.0008472316681093112
17309,57,81,877,0.0008472316681093112
17310,54,78,877,0.0008472316681093112
17311,37,74,875,0.000845299554841103
17312,74,254,874,0.0008443334982069989
17313,47,75,874,0.0008443334982069989
17314,39,117,874,0.0008443334982069989
17315,33,183,874,0.0008443334982069989
17316,59,191,873,0.0008433674415728948
17317,42,241,873,0.0008433674415728948
17318,41,249,873,0.0008433674415728948
17319,32,163,873,0.0008433674415728948
17320,33,154,872,0.0008424013849387907
17321,20,81,872,0.0008424013849387907
17322,60,124,871,0.0008414353283046866
17323,32,132,871,0.0008414353283046866
17324,16,250,871,0.0008414353283046866
17325,21,212,870,0.0008404692716705825
17326,77,160,869,0.0008395032150364783
17327,75,118,869,0.0008395032150364783
17328,69,149,869,0.0008395032150364783
17329,61,193,869,0.0008395032150364783
17330,40,45,869,0.0008395032150364783
17331,40,12,869,0.0008395032150364783
17332,18,183,869,0.0008395032150364783
17333,52,55,868,0.0008385371584023742
17334,19,31,868,0.0008385371584023742
17335,12,135,867,0.0008375711017682701
17336,71,119,866,0.000836605045134166
17337,69,221,866,0.000836605045134166
17338,52,26,866,0.000836605045134166
17339,59,16,865,0.0008356389885000618
17340,34,216,865,0.0008356389885000618
17341,29,178,865,0.0008356389885000618
17342,21,97,865,0.0008356389885000618
17343,73,86,864,0.0008346729318659577
17344,59,24,864,0.0008346729318659577
17345,50,74,864,0.0008346729318659577
17346,51,189,863,0.0008337068752318536
17347,48,165,863,0.0008337068752318536
17348,46,134,863,0.0008337068752318536
17349,45,130,863,0.0008337068752318536
17350,32,197,863,0.0008337068752318536
17351,24,91,863,0.0008337068752318536
17352,16,18,863,0.0008337068752318536
17353,74,96,862,0.0008327408185977495
17354,25,115,862,0.0008327408185977495
17355,75,159,861,0.0008317747619636454
17356,74,131,861,0.0008317747619636454
17357,69,242,861,0.0008317747619636454
17358,36,19,860,0.0008308087053295412
17359,31,164,860,0.0008308087053295412
17360,65,33,859,0.0008298426486954371
17361,26,96,859,0.0008298426486954371
17362,17,6,859,0.0008298426486954371
17363,44,69,858,0.000828876592061333
17364,30,224,858,0.000828876592061333
17365,25,195,858,0.000828876592061333
17366,71,216,857,0.0008279105354272289
17367,50,186,857,0.0008279105354272289
17368,40,65,857,0.0008279105354272289
17369,58,191,856,0.0008269444787931248
17370,20,109,856,0.0008269444787931248
17371,14,6,855,0.0008259784221590206
17372,73,140,853,0.0008240463088908124
17373,44,138,853,0.0008240463088908124
17374,41,127,853,0.0008240463088908124
17375,66,99,852,0.0008230802522567083
17376,12,202,852,0.0008230802522567083
17377,71,78,851,0.0008221141956226041
17378,61,150,851,0.0008221141956226041
17379,26,171,851,0.0008221141956226041
17380,21,253,851,0.0008221141956226041
17381,11,26,850,0.0008211481389885
17382,10,136,850,0.0008211481389885
17383,68,83,849,0.0008201820823543959
17384,62,135,849,0.0008201820823543959
17385,49,204,849,0.0008201820823543959
17386,46,69,849,0.0008201820823543959
17387,46,14,849,0.0008201820823543959
17388,35,233,849,0.0008201820823543959
17389,32,17,849,0.0008201820823543959
17390,67,191,848,0.0008192160257202918
17391,57,107,848,0.0008192160257202918
17392,21,108,848,0.0008192160257202918
17393,69,176,847,0.0008182499690861877
17394,43,47,846,0.0008172839124520835
17395,21,174,846,0.0008172839124520835
17396,76,27,845,0.0008163178558179795
17397,54,139,845,0.0008163178558179795
17398,40,195,845,0.0008163178558179795
17399,57,178,844,0.0008153517991838754
17400,33,30,844,0.0008153517991838754
17401,41,120,843,0.0008143857425497713
17402,39,101,842,0.0008134196859156672
17403,33,206,842,0.0008134196859156672
17404,57,122,841,0.000812453629281563
17405,51,228,841,0.000812453629281563
17406,39,142,841,0.000812453629281563
17407,35,149,841,0.000812453629281563
17408,31,201,841,0.000812453629281563
17409,20,229,841,0.000812453629281563
17410,75,208,840,0.0008114875726474589
17411,58,139,840,0.0008114875726474589
17412,31,30,840,0.0008114875726474589
17413,75,199,839,0.0008105215160133548
17414,37,38,839,0.0008105215160133548
17415,35,58,839,0.0008105215160133548
17416,28,221,839,0.0008105215160133548
17417,15,2,839,0.0008105215160133548
17418,69,204,838,0.0008095554593792507
17419,65,226,838,0.0008095554593792507
17420,62,239,838,0.0008095554593792507
17421,19,23,838,0.0008095554593792507
17422,59,38,837,0.0008085894027451466
17423,52,157,835,0.0008066572894769383
17424,46,174,835,0.0008066572894769383
17425,42,151,835,0.0008066572894769383
17426,74,127,834,0.0008056912328428342
17427,29,55,834,0.0008056912328428342
17428,44,94,833,0.0008047251762087301
17429,11,132,833,0.0008047251762087301
17430,61,160,832,0.0008037591195746259
17431,53,49,831,0.0008027930629405218
17432,30,184,831,0.0008027930629405218
17433,24,193,831,0.0008027930629405218
17434,18,15,831,0.0008027930629405218
17435,74,170,830,0.0008018270063064177
17436,66,119,829,0.0008008609496723136
17437,57,4,829,0.0008008609496723136
17438,55,182,829,0.0008008609496723136
17439,41,43,829,0.0008008609496723136
17440,22,7,829,0.0008008609496723136
17441,21,237,829,0.0008008609496723136
17442,50,33,828,0.0007998948930382095
17443,29,236,828,0.0007998948930382095
17444,29,87,828,0.0007998948930382095
17445,33,10,827,0.0007989288364041053
17446,36,103,826,0.0007979627797700012
17447,23,96,826,0.0007979627797700012
17448,67,0,825,0.0007969967231358971
17449,65,40,825,0.0007969967231358971
17450,40,161,825,0.0007969967231358971
17451,20,69,825,0.0007969967231358971
17452,60,125,822,0.0007940985532335847
17453,38,90,822,0.0007940985532335847
17454,59,111,821,0.0007931324965994806
17455,48,97,821,0.0007931324965994806
17456,18,254,821,0.0007931324965994806
17457,72,29,819,0.0007912003833312724
17458,67,186,819,0.0007912003833312724
17459,45,178,819,0.0007912003833312724
17460,69,102,818,0.0007902343266971682
17461,54,145,818,0.0007902343266971682
17462,60,142,817,0.0007892682700630642
17463,53,166,817,0.0007892682700630642
17464,19,98,817,0.0007892682700630642
17465,17,46,817,0.0007892682700630642
17466,72,186,816,0.0007883022134289601
17467,36,179,816,0.0007883022134289601
17468,73,38,815,0.000787336156794856
17469,56,86,815,0.000787336156794856
17470,20,45,815,0.000787336156794856
17471,16,171,815,0.000787336156794856
17472,15,235,815,0.000787336156794856
17473,45,97,814,0.0007863701001607519
17474,63,224,813,0.0007854040435266477
17475,57,200,813,0.0007854040435266477
17476,47,177,813,0.0007854040435266477
17477,36,181,813,0.0007854040435266477
17478,33,139,813,0.0007854040435266477
17479,19,102,813,0.0007854040435266477
17480,71,134,812,0.0007844379868925436
17481,48,108,812,0.0007844379868925436
17482,37,70,812,0.0007844379868925436
17483,36,2,812,0.0007844379868925436
17484,17,76,812,0.0007844379868925436
17485,67,161,811,0.0007834719302584395
17486,59,207,811,0.0007834719302584395
17487,71,75,810,0.0007825058736243354
17488,69,211,810,0.0007825058736243354
17489,64,236,810,0.0007825058736243354
17490,38,111,809,0.0007815398169902313
17491,34,217,809,0.0007815398169902313
17492,71,182,808,0.0007805737603561271
17493,30,35,808,0.0007805737603561271
17494,59,73,807,0.000779607703722023
17495,24,121,807,0.000779607703722023
17496,66,176,806,0.0007786416470879189
17497,31,130,806,0.0007786416470879189
17498,6,15,806,0.0007786416470879189
17499,60,249,804,0.0007767095338197107
17500,49,171,803,0.0007757434771856065
17501,40,185,803,0.0007757434771856065
17502,68,90,802,0.0007747774205515024
17503,49,3,802,0.0007747774205515024
17504,57,88,801,0.0007738113639173983
17505,49,127,801,0.0007738113639173983
17506,34,213,801,0.0007738113639173983
17507,54,0,800,0.0007728453072832942
17508,46,83,800,0.0007728453072832942
17509,16,161,800,0.0007728453072832942
17510,67,8,799,0.00077187925064919
17511,22,120,799,0.00077187925064919
17512,21,130,799,0.00077187925064919
17513,60,122,798,0.0007709131940150859
17514,46,11,798,0.0007709131940150859
17515,38,97,798,0.0007709131940150859
17516,21,58,798,0.0007709131940150859
17517,62,46,797,0.0007699471373809818
17518,56,64,797,0.0007699471373809818
17519,50,83,797,0.0007699471373809818
17520,68,178,796,0.0007689810807468777
17521,57,202,795,0.0007680150241127736
17522,49,196,795,0.0007680150241127736
17523,44,60,795,0.0007680150241127736
17524,6,101,795,0.0007680150241127736
17525,36,91,793,0.0007660829108445653
17526,33,114,793,0.0007660829108445653
17527,77,71,792,0.0007651168542104612
17528,47,245,792,0.0007651168542104612
17529,37,166,792,0.0007651168542104612
17530,57,138,791,0.0007641507975763571
17531,57,68,791,0.0007641507975763571
17532,77,109,790,0.000763184740942253
17533,75,188,790,0.000763184740942253
17534,75,137,790,0.000763184740942253
17535,41,124,790,0.000763184740942253
17536,26,43,790,0.000763184740942253
17537,76,20,789,0.0007622186843081488
17538,47,30,789,0.0007622186843081488
17539,43,246,789,0.0007622186843081488
17540,30,40,789,0.0007622186843081488
17541,15,153,789,0.0007622186843081488
17542,64,207,788,0.0007612526276740448
17543,49,0,788,0.0007612526276740448
17544,65,135,787,0.0007602865710399407
17545,43,218,787,0.0007602865710399407
17546,40,235,787,0.0007602865710399407
17547,75,144,786,0.0007593205144058366
17548,24,251,786,0.0007593205144058366
17549,67,196,785,0.0007583544577717325
17550,32,51,785,0.0007583544577717325
17551,55,135,784,0.0007573884011376283
17552,38,221,784,0.0007573884011376283
17553,66,61,783,0.0007564223445035242
17554,44,50,783,0.0007564223445035242
17555,77,185,782,0.0007554562878694201
17556,69,157,782,0.0007554562878694201
17557,65,8,782,0.0007554562878694201
17558,56,115,782,0.0007554562878694201
17559,47,84,782,0.0007554562878694201
17560,45,55,782,0.0007554562878694201
17561,77,243,781,0.000754490231235316
17562,66,57,781,0.000754490231235316
17563,59,179,781,0.000754490231235316
17564,26,246,780,0.0007535241746012118
17565,69,111,779,0.0007525581179671077
17566,63,20,779,0.0007525581179671077
17567,18,37,779,0.0007525581179671077
17568,59,7,778,0.0007515920613330036
17569,45,52,778,0.0007515920613330036
17570,28,180,777,0.0007506260046988995
17571,17,17,777,0.0007506260046988995
17572,54,214,776,0.0007496599480647954
17573,51,203,776,0.0007496599480647954
17574,21,98,776,0.0007496599480647954
17575,62,240,775,0.0007486938914306912
17576,29,123,775,0.0007486938914306912
17577,27,73,775,0.0007486938914306912
17578,41,194,774,0.0007477278347965871
17579,38,249,774,0.0007477278347965871
17580,19,150,774,0.0007477278347965871
17581,19,115,774,0.0007477278347965871
17582,77,239,773,0.000746761778162483
17583,12,81,773,0.000746761778162483
17584,62,110,772,0.0007457957215283789
17585,48,28,772,0.0007457957215283789
17586,26,232,772,0.0007457957215283789
17587,11,7,772,0.0007457957215283789
17588,73,254,771,0.0007448296648942747
17589,68,108,771,0.0007448296648942747
17590,49,47,771,0.0007448296648942747
17591,61,199,770,0.0007438636082601706
17592,38,16,770,0.0007438636082601706
17593,20,2,770,0.0007438636082601706
17594,68,26,769,0.0007428975516260665
17595,46,124,769,0.0007428975516260665
17596,23,122,769,0.0007428975516260665
17597,11,202,769,0.0007428975516260665
17598,70,70,768,0.0007419314949919624
17599,62,93,768,0.0007419314949919624
17600,56,93,768,0.0007419314949919624
17601,33,168,768,0.0007419314949919624
17602,20,83,768,0.0007419314949919624
17603,46,237,767,0.0007409654383578583
17604,22,159,767,0.0007409654383578583
17605,18,187,767,0.0007409654383578583
17606,15,98,767,0.0007409654383578583
17607,13,205,767,0.0007409654383578583
17608,64,160,766,0.0007399993817237541
17609,18,152,766,0.0007399993817237541
17610,42,133,765,0.00073903332508965
17611,70,168,764,0.0007380672684555459
17612,69,101,764,0.0007380672684555459
17613,66,28,764,0.0007380672684555459
17614,50,110,764,0.0007380672684555459
17615,9,227,764,0.0007380672684555459
17616,75,248,763,0.0007371012118214418
17617,64,101,763,0.0007371012118214418
17618,51,224,762,0.0007361351551873377
17619,50,157,762,0.0007361351551873377
17620,48,98,762,0.0007361351551873377
17621,24,14,762,0.0007361351551873377
17622,20,55,762,0.0007361351551873377
17623,72,234,761,0.0007351690985532335
17624,71,131,760,0.0007342030419191294
17625,34,81,760,0.0007342030419191294
17626,73,67,759,0.0007332369852850254
17627,53,193,759,0.0007332369852850254
17628,29,23,759,0.0007332369852850254
17629,28,171,759,0.0007332369852850254
17630,69,191,758,0.0007322709286509213
17631,68,202,757,0.0007313048720168172
17632,72,99,756,0.000730338815382713
17633,57,164,756,0.000730338815382713
17634,34,67,756,0.000730338815382713
17635,42,79,755,0.0007293727587486089
17636,51,116,754,0.0007284067021145048
17637,47,216,754,0.0007284067021145048
17638,16,126,754,0.0007284067021145048
17639,76,57,753,0.0007274406454804007
17640,62,245,753,0.0007274406454804007
17641,59,231,753,0.0007274406454804007
17642,59,213,753,0.0007274406454804007
17643,25,179,753,0.0007274406454804007
17644,22,83,753,0.0007274406454804007
17645,13,114,753,0.0007274406454804007
17646,8,172,753,0.0007274406454804007
17647,49,46,752,0.0007264745888462965
17648,18,48,751,0.0007255085322121924
17649,48,196,750,0.0007245424755780883
17650,16,245,750,0.0007245424755780883
17651,74,214,749,0.0007235764189439842
17652,67,100,749,0.0007235764189439842
17653,33,159,749,0.0007235764189439842
17654,70,9,748,0.0007226103623098801
17655,68,53,747,0.0007216443056757759
17656,54,159,747,0.0007216443056757759
17657,51,151,747,0.0007216443056757759
17658,36,99,747,0.0007216443056757759
17659,8,84,747,0.0007216443056757759
17660,56,217,746,0.0007206782490416718
17661,68,182,745,0.0007197121924075677
17662,60,55,745,0.0007197121924075677
17663,60,121,744,0.0007187461357734636
17664,42,212,744,0.0007187461357734636
17665,36,150,744,0.0007187461357734636
17666,47,58,743,0.0007177800791393595
17667,27,228,743,0.0007177800791393595
17668,23,190,742,0.0007168140225052553
17669,21,24,742,0.0007168140225052553
17670,72,191,741,0.0007158479658711512
17671,13,74,741,0.0007158479658711512
17672,66,131,740,0.0007148819092370471
17673,40,13,740,0.0007148819092370471
17674,39,163,740,0.0007148819092370471
17675,64,77,739,0.000713915852602943
17676,24,76,739,0.000713915852602943
17677,22,215,739,0.000713915852602943
17678,68,134,738,0.0007129497959688388
17679,51,147,738,0.0007129497959688388
17680,27,13,738,0.0007129497959688388
17681,21,150,738,0.0007129497959688388
17682,54,101,737,0.0007119837393347347
17683,32,203,737,0.0007119837393347347
17684,30,50,736,0.0007110176827006306
17685,74,238,735,0.0007100516260665265
17686,71,243,735,0.0007100516260665265
17687,38,155,734,0.0007090855694324224
17688,65,35,733,0.0007081195127983182
17689,44,29,733,0.0007081195127983182
17690,65,171,732,0.0007071534561642141
17691,64,22,732,0.0007071534561642141
17692,46,199,732,0.0007071534561642141
17693,28,249,732,0.0007071534561642141
17694,46,234,731,0.0007061873995301101
17695,33,43,731,0.0007061873995301101
17696,60,237,730,0.000705221342896006
17697,60,56,730,0.000705221342896006
17698,40,242,730,0.000705221342896006
17699,37,13,730,0.000705221342896006
17700,31,203,730,0.000705221342896006
17701,20,30,730,0.000705221342896006
17702,16,164,729,0.0007042552862619019
17703,72,188,728,0.0007032892296277977
17704,21,20,728,0.0007032892296277977
17705,33,109,727,0.0007023231729936936
17706,67,179,726,0.0007013571163595895
17707,16,221,726,0.0007013571163595895
17708,68,209,725,0.0007003910597254854
17709,56,209,725,0.0007003910597254854
17710,41,246,725,0.0007003910597254854
17711,36,162,725,0.0007003910597254854
17712,46,114,724,0.0006994250030913813
17713,76,66,723,0.0006984589464572771
17714,21,65,723,0.0006984589464572771
17715,67,40,722,0.000697492889823173
17716,65,61,722,0.000697492889823173
17717,62,91,722,0.000697492889823173
17718,62,33,721,0.0006965268331890689
17719,60,228,721,0.0006965268331890689
17720,29,120,721,0.0006965268331890689
17721,69,44,720,0.0006955607765549648
17722,61,244,720,0.0006955607765549648
17723,36,14,720,0.0006955607765549648
17724,29,133,720,0.0006955607765549648
17725,62,224,719,0.0006945947199208606
17726,55,117,719,0.0006945947199208606
17727,28,108,719,0.0006945947199208606
17728,57,62,718,0.0006936286632867565
17729,40,239,718,0.0006936286632867565
17730,18,176,718,0.0006936286632867565
17731,17,111,718,0.0006936286632867565
17732,69,224,717,0.0006926626066526524
17733,15,72,717,0.0006926626066526524
17734,75,145,716,0.0006916965500185483
17735,45,15,716,0.0006916965500185483
17736,23,26,716,0.0006916965500185483
17737,50,85,715,0.0006907304933844442
17738,33,229,715,0.0006907304933844442
17739,19,217,715,0.0006907304933844442
17740,61,167,714,0.00068976443675034
17741,61,138,714,0.00068976443675034
17742,41,247,714,0.00068976443675034
17743,36,219,714,0.00068976443675034
17744,39,141,713,0.0006887983801162359
17745,46,215,712,0.0006878323234821318
17746,25,46,712,0.0006878323234821318
17747,21,235,712,0.0006878323234821318
17748,21,160,712,0.0006878323234821318
17749,36,81,711,0.0006868662668480277
17750,61,206,710,0.0006859002102139236
17751,56,157,710,0.0006859002102139236
17752,70,178,709,0.0006849341535798194
17753,58,60,709,0.0006849341535798194
17754,38,81,709,0.0006849341535798194
17755,22,182,709,0.0006849341535798194
17756,33,137,708,0.0006839680969457153
17757,30,129,708,0.0006839680969457153
17758,76,249,707,0.0006830020403116112
17759,69,180,707,0.0006830020403116112
17760,41,225,707,0.0006830020403116112
17761,35,205,706,0.0006820359836775071
17762,41,242,705,0.000681069927043403
17763,72,255,704,0.0006801038704092988
17764,40,29,704,0.0006801038704092988
17765,38,23,704,0.0006801038704092988
17766,35,123,704,0.0006801038704092988
17767,29,7,704,0.0006801038704092988
17768,43,59,703,0.0006791378137751947
17769,37,149,703,0.0006791378137751947
17770,31,4,703,0.0006791378137751947
17771,17,47,703,0.0006791378137751947
17772,69,88,702,0.0006781717571410907
17773,52,67,702,0.0006781717571410907
17774,34,188,702,0.0006781717571410907
17775,34,99,702,0.0006781717571410907
17776,30,19,702,0.0006781717571410907
17777,28,77,702,0.0006781717571410907
17778,68,43,700,0.0006762396438728824
17779,64,251,700,0.0006762396438728824
17780,53,198,700,0.0006762396438728824
17781,43,206,700,0.0006762396438728824
17782,36,43,700,0.0006762396438728824
17783,67,107,699,0.0006752735872387783
17784,63,202,699,0.0006752735872387783
17785,72,122,698,0.0006743075306046742
17786,62,113,698,0.0006743075306046742
17787,61,43,698,0.0006743075306046742
17788,58,234,698,0.0006743075306046742
17789,43,121,698,0.0006743075306046742
17790,38,254,698,0.0006743075306046742
17791,45,190,697,0.0006733414739705701
17792,75,51,696,0.000672375417336466
17793,28,186,696,0.000672375417336466
17794,20,194,696,0.000672375417336466
17795,77,197,695,0.0006714093607023618
17796,40,190,695,0.0006714093607023618
17797,21,255,694,0.0006704433040682577
17798,71,247,693,0.0006694772474341536
17799,64,197,693,0.0006694772474341536
17800,73,172,691,0.0006675451341659454
17801,57,185,691,0.0006675451341659454
17802,19,89,691,0.0006675451341659454
17803,64,106,690,0.0006665790775318412
17804,61,171,690,0.0006665790775318412
17805,60,129,690,0.0006665790775318412
17806,56,15,690,0.0006665790775318412
17807,22,51,690,0.0006665790775318412
17808,16,138,690,0.0006665790775318412
17809,15,51,690,0.0006665790775318412
17810,68,71,689,0.0006656130208977371
17811,67,173,689,0.0006656130208977371
17812,64,148,689,0.0006656130208977371
17813,58,195,689,0.0006656130208977371
17814,50,253,688,0.000664646964263633
17815,51,184,687,0.0006636809076295289
17816,43,129,687,0.0006636809076295289
17817,73,214,686,0.0006627148509954247
17818,52,202,686,0.0006627148509954247
17819,40,220,686,0.0006627148509954247
17820,56,183,685,0.0006617487943613206
17821,54,102,685,0.0006617487943613206
17822,45,148,685,0.0006617487943613206
17823,43,167,685,0.0006617487943613206
17824,59,245,684,0.0006607827377272165
17825,46,195,684,0.0006607827377272165
17826,18,31,684,0.0006607827377272165
17827,47,250,683,0.0006598166810931124
17828,43,104,683,0.0006598166810931124
17829,71,109,682,0.0006588506244590083
17830,61,122,682,0.0006588506244590083
17831,32,108,682,0.0006588506244590083
17832,71,80,681,0.0006578845678249041
17833,51,195,681,0.0006578845678249041
17834,36,60,681,0.0006578845678249041
17835,33,182,681,0.0006578845678249041
17836,24,59,681,0.0006578845678249041
17837,27,223,680,0.0006569185111908
17838,73,84,679,0.0006559524545566959
17839,57,154,679,0.0006559524545566959
17840,19,129,679,0.0006559524545566959
17841,18,137,679,0.0006559524545566959
17842,68,65,678,0.0006549863979225918
17843,66,94,678,0.0006549863979225918
17844,38,139,678,0.0006549863979225918
17845,14,124,678,0.0006549863979225918
17846,54,114,676,0.0006530542846543835
17847,49,65,676,0.0006530542846543835
17848,41,83,676,0.0006530542846543835
17849,37,7,676,0.0006530542846543835
17850,77,187,675,0.0006520882280202794
17851,73,200,675,0.0006520882280202794
17852,59,31,675,0.0006520882280202794
17853,24,7,675,0.0006520882280202794
17854,17,87,674,0.0006511221713861753
17855,31,88,673,0.0006501561147520713
17856,27,195,673,0.0006501561147520713
17857,24,134,673,0.0006501561147520713
17858,56,165,671,0.000648224001483863
17859,54,131,671,0.000648224001483863
17860,26,191,671,0.000648224001483863
17861,56,120,670,0.0006472579448497589
17862,36,218,670,0.0006472579448497589
17863,15,146,670,0.0006472579448497589
17864,54,171,669,0.0006462918882156548
17865,40,246,669,0.0006462918882156548
17866,31,249,669,0.0006462918882156548
17867,55,74,668,0.0006453258315815507
17868,50,156,668,0.0006453258315815507
17869,52,41,667,0.0006443597749474465
17870,75,66,666,0.0006433937183133424
17871,42,157,666,0.0006433937183133424
17872,67,221,664,0.0006414616050451342
17873,52,162,664,0.0006414616050451342
17874,45,26,664,0.0006414616050451342
17875,33,238,664,0.0006414616050451342
17876,67,33,663,0.0006404955484110301
17877,29,190,663,0.0006404955484110301
17878,32,248,662,0.0006395294917769259
17879,21,17,662,0.0006395294917769259
17880,17,161,662,0.0006395294917769259
17881,12,249,662,0.0006395294917769259
17882,11,161,662,0.0006395294917769259
17883,51,161,661,0.0006385634351428218
17884,38,22,661,0.0006385634351428218
17885,34,62,661,0.0006385634351428218
17886,71,142,660,0.0006375973785087177
17887,68,189,660,0.0006375973785087177
17888,66,210,659,0.0006366313218746136
17889,62,189,659,0.0006366313218746136
17890,49,103,659,0.0006366313218746136
17891,50,166,658,0.0006356652652405095
17892,28,33,658,0.0006356652652405095
17893,20,165,658,0.0006356652652405095
17894,19,146,658,0.0006356652652405095
17895,54,176,657,0.0006346992086064053
17896,36,65,657,0.0006346992086064053
17897,68,246,656,0.0006337331519723012
17898,14,158,656,0.0006337331519723012
17899,57,233,655,0.0006327670953381971
17900,31,124,655,0.0006327670953381971
17901,59,237,654,0.000631801038704093
17902,64,53,653,0.0006308349820699888
17903,48,14,653,0.0006308349820699888
17904,15,208,653,0.0006308349820699888
17905,39,244,652,0.0006298689254358847
17906,37,129,652,0.0006298689254358847
17907,25,245,652,0.0006298689254358847
17908,14,145,652,0.0006298689254358847
17909,32,208,651,0.0006289028688017806
17910,42,231,650,0.0006279368121676765
17911,42,43,650,0.0006279368121676765
17912,37,253,650,0.0006279368121676765
17913,20,101,650,0.0006279368121676765
17914,19,209,650,0.0006279368121676765
17915,12,159,650,0.0006279368121676765
17916,68,48,649,0.0006269707555335724
17917,57,36,649,0.0006269707555335724
17918,48,121,647,0.0006250386422653641
17919,34,36,647,0.0006250386422653641
17920,47,82,646,0.00062407258563126
17921,33,124,646,0.00062407258563126
17922,69,210,645,0.000623106528997156
17923,48,7,645,0.000623106528997156
17924,62,141,644,0.0006221404723630519
17925,48,20,643,0.0006211744157289477
17926,63,234,641,0.0006192423024607395
17927,36,89,641,0.0006192423024607395
17928,49,66,640,0.0006182762458266354
17929,28,12,640,0.0006182762458266354
17930,36,0,639,0.0006173101891925313
17931,16,194,639,0.0006173101891925313
17932,56,101,638,0.0006163441325584271
17933,38,151,638,0.0006163441325584271
17934,21,124,638,0.0006163441325584271
17935,42,35,637,0.000615378075924323
17936,35,42,637,0.000615378075924323
17937,34,202,637,0.000615378075924323
17938,63,193,636,0.0006144120192902189
17939,47,79,636,0.0006144120192902189
17940,18,196,636,0.0006144120192902189
17941,16,228,636,0.0006144120192902189
17942,67,153,634,0.0006124799060220106
17943,58,12,634,0.0006124799060220106
17944,49,45,634,0.0006124799060220106
17945,46,32,634,0.0006124799060220106
17946,68,128,633,0.0006115138493879065
17947,64,99,633,0.0006115138493879065
17948,57,144,633,0.0006115138493879065
17949,56,25,633,0.0006115138493879065
17950,40,221,633,0.0006115138493879065
17951,36,85,633,0.0006115138493879065
17952,27,224,633,0.0006115138493879065
17953,34,30,632,0.0006105477927538024
17954,12,59,632,0.0006105477927538024
17955,62,118,631,0.0006095817361196983
17956,65,166,630,0.0006086156794855942
17957,63,56,630,0.0006086156794855942
17958,59,243,629,0.00060764962285149
17959,56,108,628,0.0006066835662173859
17960,32,179,628,0.0006066835662173859
17961,67,62,627,0.0006057175095832818
17962,57,102,627,0.0006057175095832818
17963,49,150,626,0.0006047514529491777
17964,31,37,626,0.0006047514529491777
17965,77,42,624,0.0006028193396809694
17966,54,169,624,0.0006028193396809694
17967,69,4,623,0.0006018532830468653
17968,61,114,623,0.0006018532830468653
17969,41,57,623,0.0006018532830468653
17970,47,40,622,0.0006008872264127612
17971,41,103,622,0.0006008872264127612
17972,35,59,622,0.0006008872264127612
17973,19,124,622,0.0006008872264127612
17974,58,153,621,0.0005999211697786571
17975,68,233,620,0.0005989551131445529
17976,47,78,620,0.0005989551131445529
17977,35,145,620,0.0005989551131445529
17978,49,67,619,0.0005979890565104488
17979,69,22,618,0.0005970229998763447
17980,31,139,618,0.0005970229998763447
17981,19,15,618,0.0005970229998763447
17982,63,64,617,0.0005960569432422406
17983,61,205,617,0.0005960569432422406
17984,58,250,617,0.0005960569432422406
17985,50,218,617,0.0005960569432422406
17986,38,79,617,0.0005960569432422406
17987,71,211,616,0.0005950908866081366
17988,71,9,616,0.0005950908866081366
17989,70,3,616,0.0005950908866081366
17990,53,168,616,0.0005950908866081366
17991,56,235,615,0.0005941248299740324
17992,42,73,615,0.0005941248299740324
17993,36,39,615,0.0005941248299740324
17994,46,219,614,0.0005931587733399283
17995,53,135,613,0.0005921927167058242
17996,40,223,613,0.0005921927167058242
17997,20,62,613,0.0005921927167058242
17998,62,72,612,0.0005912266600717201
17999,45,67,612,0.0005912266600717201
18000,32,78,612,0.0005912266600717201
18001,48,99,611,0.000590260603437616
18002,16,50,611,0.000590260603437616
18003,57,253,610,0.0005892945468035118
18004,56,194,610,0.0005892945468035118
18005,54,113,610,0.0005892945468035118
18006,16,104,610,0.0005892945468035118
18007,77,208,608,0.0005873624335353036
18008,75,222,608,0.0005873624335353036
18009,65,202,608,0.0005873624335353036
18010,65,25,608,0.0005873624335353036
18011,44,128,608,0.0005873624335353036
18012,46,162,607,0.0005863963769011995
18013,35,27,607,0.0005863963769011995
18014,34,139,607,0.0005863963769011995
18015,74,55,606,0.0005854303202670954
18016,73,141,606,0.0005854303202670954
18017,72,172,606,0.0005854303202670954
18018,66,254,606,0.0005854303202670954
18019,68,95,605,0.0005844642636329912
18020,66,71,605,0.0005844642636329912
18021,62,38,605,0.0005844642636329912
18022,43,109,605,0.0005844642636329912
18023,32,178,605,0.0005844642636329912
18024,71,88,604,0.0005834982069988871
18025,68,112,604,0.0005834982069988871
18026,15,237,604,0.0005834982069988871
18027,56,143,603,0.000582532150364783
18028,68,80,602,0.0005815660937306789
18029,41,201,602,0.0005815660937306789
18030,69,218,601,0.0005806000370965747
18031,68,35,600,0.0005796339804624706
18032,64,98,600,0.0005796339804624706
18033,42,26,600,0.0005796339804624706
18034,14,88,600,0.0005796339804624706
18035,69,253,599,0.0005786679238283665
18036,66,67,599,0.0005786679238283665
18037,47,230,599,0.0005786679238283665
18038,54,76,598,0.0005777018671942624
18039,49,198,598,0.0005777018671942624
18040,37,21,597,0.0005767358105601583
18041,30,26,597,0.0005767358105601583
18042,15,205,597,0.0005767358105601583
18043,76,49,596,0.0005757697539260541
18044,61,44,596,0.0005757697539260541
18045,27,252,596,0.0005757697539260541
18046,59,199,595,0.00057480369729195
18047,39,94,595,0.00057480369729195
18048,32,174,595,0.00057480369729195
18049,27,29,593,0.0005728715840237418
18050,40,32,592,0.0005719055273896377
18051,15,174,592,0.0005719055273896377
18052,50,167,590,0.0005699734141214294
18053,39,55,590,0.0005699734141214294
18054,18,85,590,0.0005699734141214294
18055,75,243,589,0.0005690073574873253
18056,70,202,589,0.0005690073574873253
18057,58,239,589,0.0005690073574873253
18058,77,216,588,0.0005680413008532212
18059,58,156,588,0.0005680413008532212
18060,21,226,587,0.0005670752442191172
18061,54,10,586,0.000566109187585013
18062,44,18,586,0.000566109187585013
18063,40,125,586,0.000566109187585013
18064,70,174,585,0.0005651431309509089
18065,63,89,585,0.0005651431309509089
18066,56,158,585,0.0005651431309509089
18067,35,204,585,0.0005651431309509089
18068,72,174,584,0.0005641770743168048
18069,69,193,584,0.0005641770743168048
18070,35,115,584,0.0005641770743168048
18071,71,254,583,0.0005632110176827007
18072,59,74,582,0.0005622449610485965
18073,64,89,581,0.0005612789044144924
18074,61,90,581,0.0005612789044144924
18075,36,227,581,0.0005612789044144924
18076,21,68,581,0.0005612789044144924
18077,33,237,580,0.0005603128477803883
18078,42,109,579,0.0005593467911462842
18079,30,189,579,0.0005593467911462842
18080,63,170,578,0.0005583807345121801
18081,58,162,578,0.0005583807345121801
18082,71,212,577,0.0005574146778780759
18083,15,136,576,0.0005564486212439718
18084,61,210,575,0.0005554825646098677
18085,12,68,575,0.0005554825646098677
18086,77,76,573,0.0005535504513416595
18087,59,63,572,0.0005525843947075553
18088,41,106,572,0.0005525843947075553
18089,75,117,571,0.0005516183380734512
18090,56,237,571,0.0005516183380734512
18091,60,236,570,0.0005506522814393471
18092,40,6,570,0.0005506522814393471
18093,32,166,570,0.0005506522814393471
18094,30,78,570,0.0005506522814393471
18095,16,223,570,0.0005506522814393471
18096,63,61,569,0.000549686224805243
18097,21,86,569,0.000549686224805243
18098,67,146,568,0.0005487201681711388
18099,47,137,568,0.0005487201681711388
18100,44,229,568,0.0005487201681711388
18101,51,88,567,0.0005477541115370347
18102,20,43,567,0.0005477541115370347
18103,68,179,566,0.0005467880549029306
18104,58,75,566,0.0005467880549029306
18105,49,49,566,0.0005467880549029306
18106,69,128,565,0.0005458219982688265
18107,34,212,565,0.0005458219982688265
18108,77,204,564,0.0005448559416347224
18109,73,207,564,0.0005448559416347224
18110,71,234,564,0.0005448559416347224
18111,69,250,564,0.0005448559416347224
18112,56,128,564,0.0005448559416347224
18113,45,198,564,0.0005448559416347224
18114,32,74,564,0.0005448559416347224
18115,31,172,564,0.0005448559416347224
18116,18,8,563,0.0005438898850006182
18117,45,80,562,0.0005429238283665141
18118,72,237,561,0.00054195777173241
18119,40,61,561,0.00054195777173241
18120,37,15,561,0.00054195777173241
18121,51,104,560,0.0005409917150983059
18122,43,19,560,0.0005409917150983059
18123,38,8,560,0.0005409917150983059
18124,29,179,560,0.0005409917150983059
18125,47,46,559,0.0005400256584642019
18126,42,64,558,0.0005390596018300977
18127,20,147,557,0.0005380935451959936
18128,73,163,556,0.0005371274885618895
18129,27,146,556,0.0005371274885618895
18130,22,93,556,0.0005371274885618895
18131,21,172,556,0.0005371274885618895
18132,46,246,555,0.0005361614319277854
18133,29,9,555,0.0005361614319277854
18134,38,86,553,0.0005342293186595771
18135,35,53,553,0.0005342293186595771
18136,17,106,553,0.0005342293186595771
18137,77,96,552,0.000533263262025473
18138,75,32,552,0.000533263262025473
18139,43,221,551,0.0005322972053913689
18140,73,9,548,0.0005293990354890565
18141,72,69,548,0.0005293990354890565
18142,66,69,548,0.0005293990354890565
18143,55,105,548,0.0005293990354890565
18144,55,84,548,0.0005293990354890565
18145,70,78,547,0.0005284329788549524
18146,47,100,547,0.0005284329788549524
18147,67,35,546,0.0005274669222208483
18148,58,124,546,0.0005274669222208483
18149,50,148,546,0.0005274669222208483
18150,60,133,545,0.0005265008655867442
18151,40,193,545,0.0005265008655867442
18152,69,63,544,0.00052553480895264
18153,63,153,544,0.00052553480895264
18154,62,248,544,0.00052553480895264
18155,4,105,543,0.0005245687523185359
18156,52,225,542,0.0005236026956844318
18157,32,18,542,0.0005236026956844318
18158,51,139,541,0.0005226366390503277
18159,51,38,541,0.0005226366390503277
18160,76,95,540,0.0005216705824162236
18161,32,117,540,0.0005216705824162236
18162,57,12,539,0.0005207045257821194
18163,38,123,539,0.0005207045257821194
18164,43,57,538,0.0005197384691480153
18165,62,156,537,0.0005187724125139112
18166,58,93,537,0.0005187724125139112
18167,31,197,537,0.0005187724125139112
18168,72,96,536,0.0005178063558798071
18169,53,14,536,0.0005178063558798071
18170,48,162,536,0.0005178063558798071
18171,76,129,535,0.0005168402992457029
18172,72,22,534,0.0005158742426115988
18173,71,122,534,0.0005158742426115988
18174,62,115,534,0.0005158742426115988
18175,49,137,534,0.0005158742426115988
18176,43,134,534,0.0005158742426115988
18177,42,47,534,0.0005158742426115988
18178,38,186,534,0.0005158742426115988
18179,34,118,534,0.0005158742426115988
18180,75,7,533,0.0005149081859774947
18181,65,252,533,0.0005149081859774947
18182,38,233,533,0.0005149081859774947
18183,30,103,533,0.0005149081859774947
18184,55,54,532,0.0005139421293433906
18185,33,219,532,0.0005139421293433906
18186,19,183,532,0.0005139421293433906
18187,60,175,531,0.0005129760727092865
18188,54,128,531,0.0005129760727092865
18189,48,139,531,0.0005129760727092865
18190,28,253,531,0.0005129760727092865
18191,52,253,530,0.0005120100160751824
18192,76,56,529,0.0005110439594410783
18193,64,253,529,0.0005110439594410783
18194,64,19,528,0.0005100779028069742
18195,61,161,528,0.0005100779028069742
18196,56,92,528,0.0005100779028069742
18197,67,165,527,0.0005091118461728701
18198,49,210,527,0.0005091118461728701
18199,75,202,525,0.0005071797329046618
18200,46,158,525,0.0005071797329046618
18201,70,110,524,0.0005062136762705577
18202,36,246,523,0.0005052476196364536
18203,31,226,523,0.0005052476196364536
18204,70,247,522,0.0005042815630023495
18205,20,250,522,0.0005042815630023495
18206,38,137,521,0.0005033155063682454
18207,63,178,520,0.0005023494497341412
18208,61,203,520,0.0005023494497341412
18209,37,230,520,0.0005023494497341412
18210,69,18,519,0.0005013833931000371
18211,41,63,519,0.0005013833931000371
18212,39,130,519,0.0005013833931000371
18213,28,165,519,0.0005013833931000371
18214,23,163,519,0.0005013833931000371
18215,17,64,519,0.0005013833931000371
18216,61,176,518,0.000500417336465933
18217,60,203,517,0.0004994512798318289
18218,48,200,517,0.0004994512798318289
18219,44,208,517,0.0004994512798318289
18220,73,50,516,0.0004984852231977247
18221,37,22,516,0.0004984852231977247
18222,56,3,515,0.0004975191665636206
18223,37,126,514,0.0004965531099295165
18224,30,234,514,0.0004965531099295165
18225,31,167,512,0.0004946209966613083
18226,77,34,511,0.0004936549400272041
18227,55,241,511,0.0004936549400272041
18228,59,247,510,0.0004926888833931
18229,50,158,510,0.0004926888833931
18230,62,7,509,0.0004917228267589959
18231,51,214,509,0.0004917228267589959
18232,35,162,509,0.0004917228267589959
18233,47,194,508,0.0004907567701248918
18234,65,54,507,0.0004897907134907876
18235,63,101,507,0.0004897907134907876
18236,53,240,507,0.0004897907134907876
18237,49,37,507,0.0004897907134907876
18238,56,60,506,0.0004888246568566835
18239,49,105,506,0.0004888246568566835
18240,76,17,505,0.00048785860022257946
18241,47,49,505,0.00048785860022257946
18242,60,117,504,0.00048689254358847534
18243,28,85,503,0.0004859264869543712
18244,52,16,502,0.0004849604303202671
18245,47,128,502,0.0004849604303202671
18246,57,91,501,0.000483994373686163
18247,50,243,501,0.000483994373686163
18248,9,238,501,0.000483994373686163
18249,76,181,500,0.00048302831705205885
18250,71,93,500,0.00048302831705205885
18251,23,184,500,0.00048302831705205885
18252,75,203,499,0.00048206226041795473
18253,66,151,499,0.00048206226041795473
18254,53,76,499,0.00048206226041795473
18255,51,144,499,0.00048206226041795473
18256,68,44,498,0.0004810962037838506
18257,45,194,498,0.0004810962037838506
18258,61,73,497,0.0004801301471497465
18259,51,82,497,0.0004801301471497465
18260,61,74,496,0.00047916409051564237
18261,57,167,496,0.00047916409051564237
18262,41,190,496,0.00047916409051564237
18263,54,122,495,0.00047819803388153825
18264,54,187,494,0.0004772319772474342
18265,42,66,494,0.0004772319772474342
18266,57,249,493,0.00047626592061333006
18267,32,96,493,0.00047626592061333006
18268,61,56,492,0.00047529986397922594
18269,60,44,492,0.00047529986397922594
18270,51,143,492,0.00047529986397922594
18271,19,127,492,0.00047529986397922594
18272,19,106,492,0.00047529986397922594
18273,46,21,490,0.0004733677507110177
18274,39,50,490,0.0004733677507110177
18275,25,20,490,0.0004733677507110177
18276,21,247,490,0.0004733677507110177
18277,5,102,490,0.0004733677507110177
18278,33,93,489,0.00047240169407691357
18279,20,245,489,0.00047240169407691357
18280,31,79,487,0.00047046958080870533
18281,47,218,486,0.0004695035241746012
18282,20,242,486,0.0004695035241746012
18283,74,28,485,0.0004685374675404971
18284,50,211,485,0.0004685374675404971
18285,39,2,485,0.0004685374675404971
18286,70,196,484,0.00046757141090639296
18287,70,47,484,0.00046757141090639296
18288,57,181,484,0.00046757141090639296
18289,36,173,484,0.00046757141090639296
18290,27,52,484,0.00046757141090639296
18291,20,13,484,0.00046757141090639296
18292,58,69,482,0.0004656392976381847
18293,51,76,481,0.0004646732410040806
18294,40,240,481,0.0004646732410040806
18295,38,146,481,0.0004646732410040806
18296,73,77,479,0.0004627411277358724
18297,52,181,479,0.0004627411277358724
18298,50,71,479,0.0004627411277358724
18299,35,118,479,0.0004627411277358724
18300,18,202,479,0.0004627411277358724
18301,32,156,478,0.0004617750711017683
18302,61,106,477,0.00046080901446766417
18303,51,7,477,0.00046080901446766417
18304,37,165,477,0.00046080901446766417
18305,69,56,476,0.00045984295783356005
18306,67,183,476,0.00045984295783356005
18307,58,147,475,0.0004588769011994559
18308,34,7,475,0.0004588769011994559
18309,33,185,475,0.0004588769011994559
18310,19,11,475,0.0004588769011994559
18311,66,171,474,0.0004579108445653518
18312,62,145,474,0.0004579108445653518
18313,56,72,474,0.0004579108445653518
18314,34,90,474,0.0004579108445653518
18315,21,163,473,0.0004569447879312477
18316,58,99,472,0.00045597873129714356
18317,42,175,472,0.00045597873129714356
18318,33,96,472,0.00045597873129714356
18319,50,5,471,0.00045501267466303944
18320,69,190,470,0.0004540466180289353
18321,19,79,470,0.0004540466180289353
18322,73,176,469,0.0004530805613948312
18323,70,53,469,0.0004530805613948312
18324,51,66,468,0.0004521145047607271
18325,35,164,468,0.0004521145047607271
18326,62,191,466,0.0004501823914925189
18327,40,3,466,0.0004501823914925189
18328,38,167,466,0.0004501823914925189
18329,38,108,466,0.0004501823914925189
18330,31,158,466,0.0004501823914925189
18331,15,141,466,0.0004501823914925189
18332,40,245,465,0.00044921633485841476
18333,29,234,465,0.00044921633485841476
18334,11,122,465,0.00044921633485841476
18335,77,56,464,0.00044825027822431064
18336,68,94,464,0.00044825027822431064
18337,56,176,464,0.00044825027822431064
18338,69,108,463,0.0004472842215902065
18339,67,123,463,0.0004472842215902065
18340,39,224,463,0.0004472842215902065
18341,59,66,462,0.0004463181649561024
18342,51,142,462,0.0004463181649561024
18343,43,170,462,0.0004463181649561024
18344,42,82,462,0.0004463181649561024
18345,37,238,462,0.0004463181649561024
18346,70,99,461,0.0004453521083219983
18347,66,252,461,0.0004453521083219983
18348,37,179,461,0.0004453521083219983
18349,20,223,461,0.0004453521083219983
18350,55,67,460,0.00044438605168789416
18351,35,77,460,0.00044438605168789416
18352,33,208,459,0.00044341999505379003
18353,49,96,458,0.0004424539384196859
18354,33,143,458,0.0004424539384196859
18355,20,54,458,0.0004424539384196859
18356,44,115,456,0.00044052182515147767
18357,20,191,456,0.00044052182515147767
18358,63,54,455,0.00043955576851737355
18359,51,64,455,0.00043955576851737355
18360,39,169,455,0.00043955576851737355
18361,46,64,454,0.0004385897118832694
18362,20,244,454,0.0004385897118832694
18363,56,14,453,0.0004376236552491653
18364,37,3,453,0.0004376236552491653
18365,21,44,453,0.0004376236552491653
18366,57,89,452,0.0004366575986150612
18367,49,76,452,0.0004366575986150612
18368,15,239,452,0.0004366575986150612
18369,64,238,451,0.0004356915419809571
18370,45,154,451,0.0004356915419809571
18371,57,136,450,0.000434725485346853
18372,25,230,450,0.000434725485346853
18373,24,12,450,0.000434725485346853
18374,47,4,449,0.0004337594287127489
18375,42,183,449,0.0004337594287127489
18376,20,79,449,0.0004337594287127489
18377,74,20,448,0.00043279337207864475
18378,21,157,448,0.00043279337207864475
18379,37,87,447,0.00043182731544454063
18380,66,108,446,0.0004308612588104365
18381,67,150,445,0.0004298952021763324
18382,58,222,445,0.0004298952021763324
18383,34,38,445,0.0004298952021763324
18384,33,5,445,0.0004298952021763324
18385,31,207,444,0.00042892914554222827
18386,22,205,444,0.00042892914554222827
18387,46,177,443,0.00042796308890812414
18388,63,81,442,0.00042699703227402
18389,46,231,442,0.00042699703227402
18390,72,81,441,0.0004260309756399159
18391,52,250,441,0.0004260309756399159
18392,70,101,440,0.0004250649190058118
18393,61,57,440,0.0004250649190058118
18394,72,152,439,0.00042409886237170766
18395,45,225,439,0.00042409886237170766
18396,19,200,439,0.00042409886237170766
18397,18,250,439,0.00042409886237170766
18398,68,146,438,0.00042313280573760354
18399,71,42,437,0.00042216674910349947
18400,59,14,437,0.00042216674910349947
18401,32,11,437,0.00042216674910349947
18402,34,209,436,0.00042120069246939535
18403,56,206,435,0.0004202346358352912
18404,55,165,435,0.0004202346358352912
18405,50,28,435,0.0004202346358352912
18406,43,31,435,0.0004202346358352912
18407,51,97,433,0.000418302522567083
18408,30,226,432,0.00041733646593297886
18409,52,125,431,0.00041637040929887474
18410,24,114,431,0.00041637040929887474
18411,73,8,430,0.0004154043526647706
18412,67,9,430,0.0004154043526647706
18413,64,176,430,0.0004154043526647706
18414,63,124,430,0.0004154043526647706
18415,49,249,430,0.0004154043526647706
18416,48,126,430,0.0004154043526647706
18417,77,178,429,0.0004144382960306665
18418,74,204,428,0.0004134722393965624
18419,46,110,428,0.0004134722393965624
18420,16,224,428,0.0004134722393965624
18421,76,237,427,0.00041250618276245825
18422,26,210,427,0.00041250618276245825
18423,63,82,426,0.00041154012612835413
18424,73,113,425,0.00041057406949425
18425,70,198,425,0.00041057406949425
18426,23,128,425,0.00041057406949425
18427,71,199,424,0.0004096080128601459
18428,42,76,423,0.00040864195622604177
18429,36,122,422,0.0004076758995919377
18430,33,191,422,0.0004076758995919377
18431,32,16,422,0.0004076758995919377
18432,20,26,422,0.0004076758995919377
18433,19,91,422,0.0004076758995919377
18434,57,210,421,0.0004067098429578336
18435,54,242,421,0.0004067098429578336
18436,52,197,421,0.0004067098429578336
18437,53,205,420,0.00040574378632372946
18438,14,246,420,0.00040574378632372946
18439,74,230,419,0.00040477772968962534
18440,19,41,418,0.0004038116730555212
18441,64,35,417,0.0004028456164214171
18442,58,215,417,0.0004028456164214171
18443,51,17,417,0.0004028456164214171
18444,23,3,416,0.00040187955978731297
18445,54,150,415,0.00040091350315320885
18446,50,201,415,0.00040091350315320885
18447,30,1,415,0.00040091350315320885
18448,23,28,414,0.00039994744651910473
18449,71,253,413,0.0003989813898850006
18450,58,167,412,0.0003980153332508965
18451,48,247,412,0.0003980153332508965
18452,23,95,412,0.0003980153332508965
18453,62,109,411,0.00039704927661679236
18454,30,101,411,0.00039704927661679236
18455,34,153,410,0.00039608321998268824
18456,62,2,409,0.0003951171633485841
18457,22,249,409,0.0003951171633485841
18458,35,38,408,0.00039415110671448005
18459,15,191,408,0.00039415110671448005
18460,57,16,407,0.00039318505008037593
18461,35,194,407,0.00039318505008037593
18462,58,236,406,0.0003922189934462718
18463,56,212,405,0.0003912529368121677
18464,61,178,404,0.00039028688017806357
18465,29,237,404,0.00039028688017806357
18466,20,237,404,0.00039028688017806357
18467,19,103,404,0.00039028688017806357
18468,65,209,403,0.00038932082354395945
18469,31,118,403,0.00038932082354395945
18470,48,100,401,0.0003873887102757512
18471,18,65,401,0.0003873887102757512
18472,25,171,400,0.0003864226536416471
18473,24,222,399,0.00038545659700754296
18474,66,143,398,0.00038449054037343884
18475,61,185,398,0.00038449054037343884
18476,74,91,397,0.0003835244837393347
18477,62,246,397,0.0003835244837393347
18478,30,186,397,0.0003835244837393347
18479,16,88,397,0.0003835244837393347
18480,60,145,396,0.0003825584271052306
18481,38,109,396,0.0003825584271052306
18482,29,177,396,0.0003825584271052306
18483,33,251,395,0.0003815923704711265
18484,33,7,395,0.0003815923704711265
18485,65,81,394,0.0003806263138370224
18486,65,38,394,0.0003806263138370224
18487,56,12,393,0.0003796602572029183
18488,18,16,393,0.0003796602572029183
18489,63,245,392,0.00037869420056881416
18490,55,51,392,0.00037869420056881416
18491,54,84,391,0.00037772814393471004
18492,53,146,391,0.00037772814393471004
18493,25,196,391,0.00037772814393471004
18494,71,33,390,0.0003767620873006059
18495,51,233,390,0.0003767620873006059
18496,32,22,390,0.0003767620873006059
18497,76,187,389,0.0003757960306665018
18498,56,137,389,0.0003757960306665018
18499,52,3,389,0.0003757960306665018
18500,51,105,389,0.0003757960306665018
18501,45,224,389,0.0003757960306665018
18502,17,227,389,0.0003757960306665018
18503,3,147,389,0.0003757960306665018
18504,65,240,386,0.00037289786076418944
18505,20,28,386,0.00037289786076418944
18506,62,80,385,0.0003719318041300853
18507,58,23,385,0.0003719318041300853
18508,43,10,385,0.0003719318041300853
18509,74,49,384,0.0003709657474959812
18510,65,159,384,0.0003709657474959812
18511,75,247,383,0.00036999969086187707
18512,59,67,383,0.00036999969086187707
18513,17,65,383,0.00036999969086187707
18514,69,249,382,0.00036903363422777295
18515,56,180,382,0.00036903363422777295
18516,29,187,382,0.00036903363422777295
18517,73,237,381,0.00036806757759366883
18518,58,96,381,0.00036806757759366883
18519,19,214,381,0.00036806757759366883
18520,74,125,380,0.0003671015209595647
18521,51,209,380,0.0003671015209595647
18522,13,166,380,0.0003671015209595647
18523,69,232,379,0.00036613546432546064
18524,69,141,379,0.00036613546432546064
18525,64,92,379,0.00036613546432546064
18526,22,130,378,0.0003651694076913565
18527,69,124,377,0.0003642033510572524
18528,59,11,377,0.0003642033510572524
18529,47,53,376,0.0003632372944231483
18530,62,40,375,0.00036227123778904415
18531,34,226,375,0.00036227123778904415
18532,31,218,375,0.00036227123778904415
18533,70,124,374,0.00036130518115494003
18534,69,113,374,0.00036130518115494003
18535,64,56,374,0.00036130518115494003
18536,60,82,374,0.00036130518115494003
18537,58,184,374,0.00036130518115494003
18538,59,182,373,0.0003603391245208359
18539,12,12,372,0.0003593730678867318
18540,72,109,371,0.00035840701125262767
18541,54,56,370,0.00035744095461852355
18542,53,176,370,0.00035744095461852355
18543,51,155,370,0.00035744095461852355
18544,33,80,370,0.00035744095461852355
18545,66,78,369,0.0003564748979844194
18546,53,57,369,0.0003564748979844194
18547,19,147,368,0.0003555088413503153
18548,57,18,367,0.0003545427847162112
18549,53,196,367,0.0003545427847162112
18550,77,22,366,0.00035357672808210706
18551,19,203,365,0.000352610671448003
18552,57,225,364,0.00035164461481389887
18553,43,215,364,0.00035164461481389887
18554,41,153,364,0.00035164461481389887
18555,41,117,364,0.00035164461481389887
18556,75,91,363,0.00035067855817979475
18557,71,52,363,0.00035067855817979475
18558,33,231,363,0.00035067855817979475
18559,32,38,363,0.00035067855817979475
18560,40,72,362,0.00034971250154569063
18561,37,141,362,0.00034971250154569063
18562,20,95,362,0.00034971250154569063
18563,51,81,361,0.0003487464449115865
18564,35,238,360,0.0003477803882774824
18565,35,18,360,0.0003477803882774824
18566,34,61,360,0.0003477803882774824
18567,75,57,359,0.00034681433164337826
18568,67,178,359,0.00034681433164337826
18569,42,172,359,0.00034681433164337826
18570,33,86,359,0.00034681433164337826
18571,70,95,358,0.00034584827500927414
18572,66,129,358,0.00034584827500927414
18573,65,10,358,0.00034584827500927414
18574,70,102,357,0.00034488221837517
18575,51,156,357,0.00034488221837517
18576,41,51,357,0.00034488221837517
18577,38,112,357,0.00034488221837517
18578,64,242,356,0.0003439161617410659
18579,64,55,356,0.0003439161617410659
18580,55,92,354,0.00034198404847285766
18581,74,159,353,0.00034101799183875353
18582,60,92,352,0.0003400519352046494
18583,50,91,352,0.0003400519352046494
18584,40,228,352,0.0003400519352046494
18585,31,68,352,0.0003400519352046494
18586,60,176,351,0.00033908587857054535
18587,42,45,351,0.00033908587857054535
18588,67,120,350,0.0003381198219364412
18589,59,47,349,0.0003371537653023371
18590,24,71,349,0.0003371537653023371
18591,52,161,348,0.000336187708668233
18592,47,59,347,0.00033522165203412886
18593,76,92,346,0.00033425559540002474
18594,32,120,345,0.0003332895387659206
18595,18,68,345,0.0003332895387659206
18596,38,110,344,0.0003323234821318165
18597,15,207,344,0.0003323234821318165
18598,59,190,342,0.00033039136886360825
18599,20,124,342,0.00033039136886360825
18600,40,8,341,0.00032942531222950413
18601,34,161,341,0.00032942531222950413
18602,74,211,340,0.0003284592555954
18603,45,32,340,0.0003284592555954
18604,71,187,339,0.0003274931989612959
18605,47,189,339,0.0003274931989612959
18606,21,155,339,0.0003274931989612959
18607,51,94,338,0.00032652714232719177
18608,24,250,338,0.00032652714232719177
18609,63,38,336,0.0003245950290589836
18610,59,71,336,0.0003245950290589836
18611,57,69,336,0.0003245950290589836
18612,21,66,336,0.0003245950290589836
18613,29,230,335,0.00032362897242487946
18614,57,190,334,0.00032266291579077533
18615,32,155,334,0.00032266291579077533
18616,42,110,333,0.0003216968591566712
18617,70,251,330,0.00031879868925435885
18618,38,147,330,0.00031879868925435885
18619,38,107,330,0.00031879868925435885
18620,18,99,330,0.00031879868925435885
18621,53,18,329,0.0003178326326202547
18622,42,228,329,0.0003178326326202547
18623,24,226,329,0.0003178326326202547
18624,45,100,328,0.0003168665759861506
18625,20,110,328,0.0003168665759861506
18626,71,104,327,0.0003159005193520465
18627,43,238,327,0.0003159005193520465
18628,57,14,326,0.00031493446271794236
18629,48,25,326,0.00031493446271794236
18630,44,133,325,0.00031396840608383824
18631,43,63,325,0.00031396840608383824
18632,30,49,325,0.00031396840608383824
18633,73,252,324,0.0003130023494497341
18634,49,39,324,0.0003130023494497341
18635,23,224,324,0.0003130023494497341
18636,67,141,323,0.00031203629281563
18637,44,172,323,0.00031203629281563
18638,16,244,323,0.00031203629281563
18639,65,180,322,0.00031107023618152593
18640,52,47,322,0.00031107023618152593
18641,44,9,321,0.0003101041795474218
18642,22,92,320,0.0003091381229133177
18643,21,25,320,0.0003091381229133177
18644,16,232,320,0.0003091381229133177
18645,76,119,319,0.00030817206627921357
18646,58,182,319,0.00030817206627921357
18647,53,138,319,0.00030817206627921357
18648,62,203,318,0.00030720600964510944
18649,52,98,318,0.00030720600964510944
18650,50,47,318,0.00030720600964510944
18651,45,119,318,0.00030720600964510944
18652,64,113,317,0.0003062399530110053
18653,55,128,317,0.0003062399530110053
18654,20,137,317,0.0003062399530110053
18655,40,115,316,0.0003052738963769012
18656,15,193,316,0.0003052738963769012
18657,61,180,314,0.00030334178310869296
18658,50,58,314,0.00030334178310869296
18659,49,209,314,0.00030334178310869296
18660,45,27,314,0.00030334178310869296
18661,37,36,314,0.00030334178310869296
18662,24,57,314,0.00030334178310869296
18663,19,96,314,0.00030334178310869296
18664,61,24,313,0.00030237572647458884
18665,45,111,313,0.00030237572647458884
18666,39,132,313,0.00030237572647458884
18667,50,97,312,0.0003014096698404847
18668,17,215,312,0.0003014096698404847
18669,71,156,311,0.0003004436132063806
18670,39,219,311,0.0003004436132063806
18671,31,162,311,0.0003004436132063806
18672,63,93,309,0.00029851149993817235
18673,41,90,309,0.00029851149993817235
18674,38,152,308,0.0002975454433040683
18675,38,104,307,0.00029657938666996416
18676,36,116,307,0.00029657938666996416
18677,32,124,306,0.00029561333003586004
18678,68,137,305,0.0002946472734017559
18679,64,177,305,0.0002946472734017559
18680,56,82,305,0.0002946472734017559
18681,11,112,305,0.0002946472734017559
18682,52,232,304,0.0002936812167676518
18683,50,194,304,0.0002936812167676518
18684,30,37,304,0.0002936812167676518
18685,29,143,304,0.0002936812167676518
18686,76,25,303,0.0002927151601335477
18687,68,183,303,0.0002927151601335477
18688,43,100,303,0.0002927151601335477
18689,35,169,303,0.0002927151601335477
18690,71,164,302,0.00029174910349944355
18691,26,7,302,0.00029174910349944355
18692,64,11,301,0.00029078304686533943
18693,39,4,301,0.00029078304686533943
18694,33,215,301,0.00029078304686533943
18695,33,107,301,0.00029078304686533943
18696,16,185,301,0.00029078304686533943
18697,59,226,300,0.0002898169902312353
18698,49,87,299,0.0002888509335971312
18699,47,21,299,0.0002888509335971312
18700,41,218,299,0.0002888509335971312
18701,68,125,298,0.00028788487696302707
18702,52,170,295,0.0002849867070607147
18703,42,18,295,0.0002849867070607147
18704,74,15,292,0.0002820885371584024
18705,17,229,292,0.0002820885371584024
18706,59,215,291,0.00028112248052429827
18707,25,62,291,0.00028112248052429827
18708,76,123,290,0.00028015642389019415
18709,66,18,290,0.00028015642389019415
18710,59,117,290,0.00028015642389019415
18711,75,142,289,0.00027919036725609003
18712,36,191,289,0.00027919036725609003
18713,32,15,289,0.00027919036725609003
18714,63,131,288,0.0002782243106219859
18715,58,13,288,0.0002782243106219859
18716,54,8,288,0.0002782243106219859
18717,66,116,287,0.0002772582539878818
18718,53,50,287,0.0002772582539878818
18719,41,49,287,0.0002772582539878818
18720,53,223,286,0.00027629219735377766
18721,48,128,286,0.00027629219735377766
18722,12,24,286,0.00027629219735377766
18723,55,108,285,0.00027532614071967354
18724,45,200,284,0.0002743600840855694
18725,52,45,282,0.0002724279708173612
18726,19,149,282,0.0002724279708173612
18727,64,164,281,0.00027146191418325706
18728,52,18,281,0.00027146191418325706
18729,67,72,280,0.00027049585754915294
18730,74,57,277,0.0002675976876468406
18731,69,32,277,0.0002675976876468406
18732,57,224,277,0.0002675976876468406
18733,36,254,277,0.0002675976876468406
18734,66,216,276,0.0002666316310127365
18735,27,202,276,0.0002666316310127365
18736,60,21,275,0.0002656655743786324
18737,59,240,275,0.0002656655743786324
18738,53,199,275,0.0002656655743786324
18739,53,100,275,0.0002656655743786324
18740,50,65,275,0.0002656655743786324
18741,23,138,275,0.0002656655743786324
18742,55,71,274,0.00026469951774452826
18743,51,235,274,0.00026469951774452826
18744,30,192,274,0.00026469951774452826
18745,61,243,273,0.00026373346111042414
18746,20,15,272,0.00026276740447632
18747,37,250,271,0.0002618013478422159
18748,72,114,270,0.0002608352912081118
18749,63,114,270,0.0002608352912081118
18750,34,255,269,0.00025986923457400765
18751,28,141,269,0.00025986923457400765
18752,32,3,268,0.00025890317793990353
18753,22,22,268,0.00025890317793990353
18754,63,198,267,0.0002579371213057994
18755,21,159,266,0.0002569710646716953
18756,39,254,265,0.0002560050080375912
18757,63,168,264,0.0002550389514034871
18758,21,106,263,0.000254072894769383
18759,19,222,263,0.000254072894769383
18760,71,227,262,0.00025310683813527886
18761,54,143,262,0.00025310683813527886
18762,74,78,261,0.00025214078150117474
18763,28,125,261,0.00025214078150117474
18764,65,182,260,0.0002511747248670706
18765,30,242,260,0.0002511747248670706
18766,33,236,259,0.0002502086682329665
18767,71,98,258,0.00024924261159886237
18768,71,79,258,0.00024924261159886237
18769,67,133,258,0.00024924261159886237
18770,64,90,258,0.00024924261159886237
18771,21,3,258,0.00024924261159886237
18772,52,229,257,0.00024827655496475825
18773,28,88,257,0.00024827655496475825
18774,57,218,256,0.00024731049833065413
18775,44,41,256,0.00024731049833065413
18776,20,46,256,0.00024731049833065413
18777,42,214,255,0.00024634444169655
18778,37,140,255,0.00024634444169655
18779,57,240,254,0.0002453783850624459
18780,70,107,253,0.00024441232842834176
18781,61,102,253,0.00024441232842834176
18782,55,102,253,0.00024441232842834176
18783,67,239,252,0.00024344627179423767
18784,47,209,251,0.00024248021516013355
18785,20,70,251,0.00024248021516013355
18786,63,216,250,0.00024151415852602943
18787,66,249,249,0.0002405481018919253
18788,33,113,249,0.0002405481018919253
18789,54,182,248,0.00023958204525782118
18790,43,1,248,0.00023958204525782118
18791,17,196,248,0.00023958204525782118
18792,69,72,247,0.0002386159886237171
18793,49,79,247,0.0002386159886237171
18794,47,190,246,0.00023764993198961297
18795,39,58,246,0.00023764993198961297
18796,68,60,244,0.00023571781872140472
18797,43,78,244,0.00023571781872140472
18798,39,1,244,0.00023571781872140472
18799,33,166,244,0.00023571781872140472
18800,61,2,243,0.0002347517620873006
18801,65,162,242,0.00023378570545319648
18802,73,22,241,0.00023281964881909236
18803,59,34,241,0.00023281964881909236
18804,58,255,241,0.00023281964881909236
18805,57,179,240,0.00023185359218498827
18806,44,19,239,0.00023088753555088414
18807,33,205,239,0.00023088753555088414
18808,44,86,238,0.00022992147891678002
18809,43,84,237,0.0002289554222826759
18810,65,241,236,0.00022798936564857178
18811,60,209,236,0.00022798936564857178
18812,37,147,235,0.00022702330901446766
18813,20,61,235,0.00022702330901446766
18814,69,86,234,0.00022605725238036354
18815,66,111,234,0.00022605725238036354
18816,28,246,234,0.00022605725238036354
18817,56,36,233,0.00022509119574625944
18818,68,239,232,0.00022412513911215532
18819,64,108,232,0.00022412513911215532
18820,31,229,232,0.00022412513911215532
18821,15,232,232,0.00022412513911215532
18822,15,85,232,0.00022412513911215532
18823,57,115,231,0.0002231590824780512
18824,39,87,231,0.0002231590824780512
18825,50,202,230,0.00022219302584394708
18826,40,172,230,0.00022219302584394708
18827,19,90,230,0.00022219302584394708
18828,62,26,229,0.00022122696920984296
18829,57,27,229,0.00022122696920984296
18830,50,226,229,0.00022122696920984296
18831,52,139,228,0.00022026091257573883
18832,32,110,228,0.00022026091257573883
18833,16,217,228,0.00022026091257573883
18834,61,58,227,0.0002192948559416347
18835,52,190,226,0.0002183287993075306
18836,18,2,226,0.0002183287993075306
18837,16,158,226,0.0002183287993075306
18838,63,123,225,0.0002173627426734265
18839,20,173,225,0.0002173627426734265
18840,68,72,224,0.00021639668603932238
18841,4,193,222,0.00021446457277111413
18842,56,116,221,0.00021349851613701
18843,40,138,221,0.00021349851613701
18844,52,212,220,0.0002125324595029059
18845,40,210,220,0.0002125324595029059
18846,37,194,219,0.00021156640286880177
18847,36,56,219,0.00021156640286880177
18848,19,1,219,0.00021156640286880177
18849,19,26,218,0.00021060034623469767
18850,19,46,214,0.0002067361196982812
18851,67,7,213,0.00020577006306417707
18852,44,173,213,0.00020577006306417707
18853,68,68,212,0.00020480400643007294
18854,59,3,212,0.00020480400643007294
18855,32,80,212,0.00020480400643007294
18856,17,195,212,0.00020480400643007294
18857,57,140,211,0.00020383794979596885
18858,54,57,211,0.00020383794979596885
18859,25,119,211,0.00020383794979596885
18860,61,218,210,0.00020287189316186473
18861,66,192,209,0.0002019058365277606
18862,54,170,208,0.00020093977989365649
18863,71,224,207,0.00019997372325955236
18864,70,65,207,0.00019997372325955236
18865,52,172,206,0.00019900766662544824
18866,46,135,205,0.00019804160999134412
18867,43,11,205,0.00019804160999134412
18868,33,21,205,0.00019804160999134412
18869,69,152,204,0.00019707555335724003
18870,59,15,204,0.00019707555335724003
18871,54,88,204,0.00019707555335724003
18872,34,52,204,0.00019707555335724003
18873,46,137,203,0.0001961094967231359
18874,40,66,203,0.0001961094967231359
18875,36,231,201,0.00019417738345492766
18876,54,22,200,0.00019321132682082354
18877,50,196,200,0.00019321132682082354
18878,75,185,199,0.00019224527018671942
18879,31,141,199,0.00019224527018671942
18880,70,203,197,0.0001903131569185112
18881,69,68,197,0.0001903131569185112
18882,60,80,194,0.00018741498701619884
18883,60,19,193,0.00018644893038209472
18884,68,150,192,0.0001854828737479906
18885,64,36,192,0.0001854828737479906
18886,64,150,190,0.00018355076047978235
18887,40,155,190,0.00018355076047978235
18888,32,32,190,0.00018355076047978235
18889,48,202,188,0.00018161864721157414
18890,37,67,188,0.00018161864721157414
18891,73,161,186,0.0001796865339433659
18892,67,212,186,0.0001796865339433659
18893,55,8,185,0.00017872047730926177
18894,33,146,185,0.00017872047730926177
18895,22,135,184,0.00017775442067515765
18896,32,198,181,0.00017485625077284531
18897,15,245,180,0.0001738901941387412
18898,62,42,179,0.00017292413750463707
18899,59,17,179,0.00017292413750463707
18900,46,248,178,0.00017195808087053295
18901,77,61,177,0.00017099202423642883
18902,66,22,177,0.00017099202423642883
18903,54,66,176,0.0001700259676023247
18904,54,249,175,0.0001690599109682206
18905,48,27,174,0.0001680938543341165
18906,67,44,173,0.00016712779770001237
18907,66,121,172,0.00016616174106590825
18908,58,131,172,0.00016616174106590825
18909,54,133,171,0.00016519568443180413
18910,41,126,171,0.00016519568443180413
18911,39,195,171,0.00016519568443180413
18912,62,66,170,0.0001642296277977
18913,21,213,170,0.0001642296277977
18914,70,31,169,0.00016326357116359588
18915,48,253,169,0.00016326357116359588
18916,41,91,169,0.00016326357116359588
18917,64,208,168,0.0001622975145294918
18918,56,191,168,0.0001622975145294918
18919,64,33,167,0.00016133145789538767
18920,49,92,167,0.00016133145789538767
18921,34,157,167,0.00016133145789538767
18922,59,46,166,0.00016036540126128355
18923,58,185,166,0.00016036540126128355
18924,43,219,166,0.00016036540126128355
18925,27,153,166,0.00016036540126128355
18926,60,18,165,0.00015939934462717942
18927,40,243,165,0.00015939934462717942
18928,52,169,164,0.0001584332879930753
18929,64,111,162,0.00015650117472486706
18930,54,2,162,0.00015650117472486706
18931,44,68,162,0.00015650117472486706
18932,15,23,162,0.00015650117472486706
18933,76,216,160,0.00015456906145665884
18934,57,220,159,0.00015360300482255472
18935,45,163,159,0.00015360300482255472
18936,18,255,159,0.00015360300482255472
18937,44,223,158,0.0001526369481884506
18938,32,43,158,0.0001526369481884506
18939,59,93,157,0.00015167089155434648
18940,47,151,157,0.00015167089155434648
18941,55,132,156,0.00015070483492024236
18942,43,195,156,0.00015070483492024236
18943,58,32,155,0.00014973877828613824
18944,39,181,154,0.00014877272165203414
18945,58,29,153,0.00014780666501793002
18946,41,108,153,0.00014780666501793002
18947,41,217,152,0.0001468406083838259
18948,56,215,150,0.00014490849511561766
18949,66,125,149,0.00014394243848151353
18950,49,106,148,0.0001429763818474094
18951,75,21,147,0.0001420103252133053
18952,68,228,147,0.0001420103252133053
18953,68,88,147,0.0001420103252133053
18954,59,130,147,0.0001420103252133053
18955,56,8,147,0.0001420103252133053
18956,47,124,146,0.0001410442685792012
18957,42,129,146,0.0001410442685792012
18958,53,162,145,0.00014007821194509708
18959,53,119,145,0.00014007821194509708
18960,42,115,145,0.00014007821194509708
18961,29,182,145,0.00014007821194509708
18962,60,212,144,0.00013911215531099295
18963,60,243,143,0.00013814609867688883
18964,19,144,143,0.00013814609867688883
18965,66,217,142,0.0001371800420427847
18966,36,78,142,0.0001371800420427847
18967,36,24,141,0.0001362139854086806
18968,71,49,140,0.00013524792877457647
18969,52,180,140,0.00013524792877457647
18970,69,237,138,0.00013331581550636825
18971,53,141,138,0.00013331581550636825
18972,56,73,137,0.00013234975887226413
18973,19,137,136,0.00013138370223816
18974,64,48,135,0.0001304176456040559
18975,61,86,133,0.00012848553233584764
18976,57,33,133,0.00012848553233584764
18977,42,244,133,0.00012848553233584764
18978,42,213,133,0.00012848553233584764
18979,72,52,132,0.00012751947570174355
18980,22,157,132,0.00012751947570174355
18981,58,41,131,0.00012655341906763943
18982,56,107,131,0.00012655341906763943
18983,20,117,131,0.00012655341906763943
18984,21,171,130,0.0001255873624335353
18985,51,251,127,0.00012268919253122294
18986,67,119,126,0.00012172313589711883
18987,38,183,126,0.00012172313589711883
18988,18,177,126,0.00012172313589711883
18989,73,76,125,0.00012075707926301471
18990,38,205,124,0.00011979102262891059
18991,53,184,123,0.00011882496599480648
18992,32,113,123,0.00011882496599480648
18993,73,174,121,0.00011689285272659824
18994,50,2,120,0.00011592679609249413
18995,31,87,120,0.00011592679609249413
18996,61,8,118,0.00011399468282428589
18997,58,224,118,0.00011399468282428589
18998,55,202,118,0.00011399468282428589
18999,41,134,118,0.00011399468282428589
19000,66,203,117,0.00011302862619018177
19001,19,29,117,0.00011302862619018177
19002,70,58,116,0.00011206256955607766
19003,65,195,116,0.00011206256955607766
19004,52,43,115,0.00011109651292197354
19005,18,248,115,0.00011109651292197354
19006,70,243,114,0.00011013045628786942
19007,59,148,114,0.00011013045628786942
19008,57,222,114,0.00011013045628786942
19009,30,79,114,0.00011013045628786942
19010,61,154,113,0.0001091643996537653
19011,49,148,113,0.0001091643996537653
19012,43,50,113,0.0001091643996537653
19013,29,173,113,0.0001091643996537653
19014,47,65,112,0.00010819834301966119
19015,64,170,111,0.00010723228638555707
19016,57,0,111,0.00010723228638555707
19017,45,240,111,0.00010723228638555707
19018,69,140,109,0.00010530017311734884
19019,21,131,109,0.00010530017311734884
19020,19,128,109,0.00010530017311734884
19021,24,129,106,0.00010240200321503647
19022,55,40,105,0.00010143594658093236
19023,45,236,105,0.00010143594658093236
19024,32,34,102,9.853777667862001e-05
19025,60,160,101,9.757172004451589e-05
19026,55,205,101,9.757172004451589e-05
19027,34,101,101,9.757172004451589e-05
19028,55,222,100,9.660566341041177e-05
19029,54,94,100,9.660566341041177e-05
19030,53,175,100,9.660566341041177e-05
19031,66,80,99,9.563960677630765e-05
19032,60,197,98,9.467355014220354e-05
19033,42,132,98,9.467355014220354e-05
19034,36,236,98,9.467355014220354e-05
19035,70,5,97,9.370749350809942e-05
19036,43,36,97,9.370749350809942e-05
19037,73,127,96,9.27414368739953e-05
19038,56,80,96,9.27414368739953e-05
19039,55,224,96,9.27414368739953e-05
19040,53,0,96,9.27414368739953e-05
19041,28,67,96,9.27414368739953e-05
19042,50,62,95,9.177538023989118e-05
19043,47,54,95,9.177538023989118e-05
19044,60,205,94,9.080932360578707e-05
19045,43,244,93,8.984326697168295e-05
19046,35,51,93,8.984326697168295e-05
19047,19,210,93,8.984326697168295e-05
19048,38,128,92,8.887721033757883e-05
19049,77,248,91,8.791115370347472e-05
19050,65,75,91,8.791115370347472e-05
19051,64,198,91,8.791115370347472e-05
19052,54,71,91,8.791115370347472e-05
19053,53,155,91,8.791115370347472e-05
19054,34,144,91,8.791115370347472e-05
19055,19,161,91,8.791115370347472e-05
19056,58,189,89,8.597904043526647e-05
19057,53,92,88,8.501298380116235e-05
19058,51,62,88,8.501298380116235e-05
19059,40,186,88,8.501298380116235e-05
19060,61,97,87,8.404692716705825e-05
19061,56,67,86,8.308087053295412e-05
19062,52,174,86,8.308087053295412e-05
19063,58,7,84,8.11487572647459e-05
19064,53,253,84,8.11487572647459e-05
19065,49,152,84,8.11487572647459e-05
19066,51,35,83,8.018270063064177e-05
19067,38,43,83,8.018270063064177e-05
19068,54,12,82,7.921664399653765e-05
19069,64,4,81,7.825058736243353e-05
19070,40,160,81,7.825058736243353e-05
19071,67,129,79,7.63184740942253e-05
19072,65,250,79,7.63184740942253e-05
19073,20,48,79,7.63184740942253e-05
19074,48,237,78,7.535241746012118e-05
19075,46,150,78,7.535241746012118e-05
19076,50,140,77,7.438636082601707e-05
19077,29,90,77,7.438636082601707e-05
19078,44,224,76,7.342030419191295e-05
19079,72,183,75,7.245424755780883e-05
19080,63,145,75,7.245424755780883e-05
19081,31,209,75,7.245424755780883e-05
19082,62,244,72,6.955607765549648e-05
19083,41,207,72,6.955607765549648e-05
19084,65,92,71,6.859002102139236e-05
19085,64,201,71,6.859002102139236e-05
19086,54,120,71,6.859002102139236e-05
19087,59,90,70,6.762396438728823e-05
19088,55,201,70,6.762396438728823e-05
19089,39,203,70,6.762396438728823e-05
19090,41,161,69,6.665790775318413e-05
19091,62,58,68,6.569185111908e-05
19092,60,100,68,6.569185111908e-05
19093,50,193,65,6.279368121676765e-05
19094,22,27,65,6.279368121676765e-05
19095,55,195,64,6.182762458266353e-05
19096,55,144,64,6.182762458266353e-05
19097,51,12,63,6.086156794855942e-05
19098,45,230,63,6.086156794855942e-05
19099,19,133,63,6.086156794855942e-05
19100,60,35,62,5.9895511314455296e-05
19101,50,224,62,5.9895511314455296e-05
19102,38,138,62,5.9895511314455296e-05
19103,36,31,62,5.9895511314455296e-05
19104,65,185,61,5.892945468035118e-05
19105,52,1,61,5.892945468035118e-05
19106,16,234,60,5.7963398046247066e-05
19107,63,219,59,5.6997341412142945e-05
19108,68,224,58,5.603128477803883e-05
19109,62,208,58,5.603128477803883e-05
19110,57,251,58,5.603128477803883e-05
19111,63,66,57,5.506522814393471e-05
19112,55,233,57,5.506522814393471e-05
19113,60,116,56,5.4099171509830594e-05
19114,35,76,56,5.4099171509830594e-05
19115,72,150,55,5.313311487572647e-05
19116,53,86,55,5.313311487572647e-05
19117,22,19,55,5.313311487572647e-05
19118,65,138,54,5.216705824162236e-05
19119,18,43,54,5.216705824162236e-05
19120,55,147,52,5.023494497341412e-05
19121,52,114,52,5.023494497341412e-05
19122,19,251,51,4.926888833931001e-05
19123,74,151,50,4.8302831705205885e-05
19124,60,99,49,4.733677507110177e-05
19125,50,4,49,4.733677507110177e-05
19126,63,41,48,4.637071843699765e-05
19127,59,196,48,4.637071843699765e-05
19128,52,195,48,4.637071843699765e-05
19129,45,199,48,4.637071843699765e-05
19130,59,133,47,4.5404661802893534e-05
19131,56,211,46,4.443860516878941e-05
19132,55,220,45,4.34725485346853e-05
19133,60,199,44,4.250649190058118e-05
19134,47,90,44,4.250649190058118e-05
19135,70,15,43,4.154043526647706e-05
19136,57,93,43,4.154043526647706e-05
19137,51,222,43,4.154043526647706e-05
19138,40,118,43,4.154043526647706e-05
19139,65,200,42,4.057437863237295e-05
19140,35,242,42,4.057437863237295e-05
19141,52,82,41,3.9608321998268826e-05
19142,32,250,41,3.9608321998268826e-05
19143,15,192,41,3.9608321998268826e-05
19144,76,26,40,3.864226536416471e-05
19145,58,165,40,3.864226536416471e-05
19146,57,217,40,3.864226536416471e-05
19147,46,149,40,3.864226536416471e-05
19148,68,79,39,3.767620873006059e-05
19149,66,133,39,3.767620873006059e-05
19150,28,252,39,3.767620873006059e-05
19151,33,155,37,3.574409546185235e-05
19152,21,117,37,3.574409546185235e-05
19153,55,175,36,3.477803882774824e-05
19154,45,47,36,3.477803882774824e-05
19155,19,166,36,3.477803882774824e-05
19156,66,90,35,3.381198219364412e-05
19157,56,45,35,3.381198219364412e-05
19158,58,127,34,3.284592555954e-05
19159,58,241,32,3.0913812291331766e-05
19160,23,225,31,2.9947755657227648e-05
19161,21,152,31,2.9947755657227648e-05
19162,67,43,30,2.8981699023123533e-05
19163,34,233,30,2.8981699023123533e-05
19164,49,224,29,2.8015642389019415e-05
19165,65,113,28,2.7049585754915297e-05
19166,20,161,28,2.7049585754915297e-05
19167,56,140,27,2.608352912081118e-05
19168,55,207,26,2.511747248670706e-05
19169,33,160,26,2.511747248670706e-05
19170,65,146,24,2.3185359218498825e-05
19171,67,68,21,2.0287189316186474e-05
19172,54,162,21,2.0287189316186474e-05
19173,68,28,20,1.9321132682082355e-05
19174,54,44,20,1.9321132682082355e-05
19175,67,104,19,1.8355076047978237e-05
19176,32,30,19,1.8355076047978237e-05
19177,61,96,17,1.642296277977e-05
19178,61,95,17,1.642296277977e-05
19179,53,247,17,1.642296277977e-05
19180,52,242,17,1.642296277977e-05
19181,51,8,17,1.642296277977e-05
19182,32,201,16,1.5456906145665883e-05
19183,56,161,15,1.4490849511561767e-05
19184,38,60,15,1.4490849511561767e-05
19185,77,92,14,1.3524792877457648e-05
19186,66,243,14,1.3524792877457648e-05
19187,63,29,14,1.3524792877457648e-05
19188,57,230,14,1.3524792877457648e-05
19189,34,252,14,1.3524792877457648e-05
19190,55,85,13,1.255873624335353e-05
19191,51,176,13,1.255873624335353e-05
19192,58,232,12,1.1592679609249412e-05
19193,57,84,12,1.1592679609249412e-05
19194,46,139,12,1.1592679609249412e-05
19195,51,180,9,8.69450970693706e-06
19196,44,17,9,8.69450970693706e-06
19197,35,255,6,5.796339804624706e-06
19198,69,7,5,4.830283170520589e-06
19199,50,241,2,1.9321132682082354e-06
19200,43,65,2,1.9321132682082354e-06
