2026/09/22 21:45:42.414, 0, 88625, 97871
2026/09/22 21:45:42.414, 1, 88625, 97871
2026/09/22 21:45:42.414, 2, 88625, 97871
2026/09/22 21:45:42.414, 3, 88625, 97871
2026/09/22 21:45:42.615, 0, 88625, 97871
2026/09/22 21:45:42.615, 1, 88625, 97871
2026/09/22 21:45:42.615, 2, 88625, 97871
2026/09/22 21:45:42.615, 3, 88625, 97871
2026/09/22 21:45:42.815, 0, 88625, 97871
2026/09/22 21:45:42.815, 1, 88625, 97871
2026/09/22 21:45:42.815, 2, 88625, 97871
2026/09/22 21:45:42.815, 3, 88625, 97871
2026/09/22 21:45:43.015, 0, 88625, 97871
2026/09/22 21:45:43.015, 1, 88625, 97871
2026/09/22 21:45:43.015, 2, 88625, 97871
2026/09/22 21:45:43.015, 3, 88625, 97871
2026/09/22 21:45:43.215, 0, 88625, 97871
2026/09/22 21:45:43.215, 1, 88625, 97871
2026/09/22 21:45:43.215, 2, 88625, 97871
2026/09/22 21:45:43.215, 3, 88625, 97871
2026/09/22 21:45:43.416, 0, 88625, 97871
2026/09/22 21:45:43.416, 1, 88625, 97871
2026/09/22 21:45:43.416, 2, 88625, 97871
2026/09/22 21:45:43.416, 3, 88625, 97871
2026/09/22 21:45:43.616, 0, 88625, 97871
2026/09/22 21:45:43.616, 1, 88625, 97871
2026/09/22 21:45:43.616, 2, 88625, 97871
2026/09/22 21:45:43.616, 3, 88625, 97871
2026/09/22 21:45:43.816, 0, 88625, 97871
2026/09/22 21:45:43.816, 1, 88625, 97871
2026/09/22 21:45:43.816, 2, 88625, 97871
2026/09/22 21:45:43.816, 3, 88625, 97871
2026/09/22 21:45:44.016, 0, 88625, 97871
2026/09/22 21:45:44.016, 1, 88625, 97871
2026/09/22 21:45:44.016, 2, 88625, 97871
2026/09/22 21:45:44.016, 3, 88625, 97871
2026/09/22 21:45:44.217, 0, 88625, 97871
2026/09/22 21:45:44.217, 1, 88625, 97871
2026/09/22 21:45:44.217, 2, 88625, 97871
2026/09/22 21:45:44.217, 3, 88625, 97871
2026/09/22 21:45:44.417, 0, 88625, 97871
2026/09/22 21:45:44.417, 1, 88625, 97871
2026/09/22 21:45:44.417, 2, 88625, 97871
2026/09/22 21:45:44.417, 3, 88625, 97871
2026/09/22 21:45:44.617, 0, 88625, 97871
2026/09/22 21:45:44.617, 1, 88625, 97871
2026/09/22 21:45:44.617, 2, 88625, 97871
2026/09/22 21:45:44.617, 3, 88625, 97871
2026/09/22 21:45:44.817, 0, 88625, 97871
2026/09/22 21:45:44.817, 1, 88625, 97871
2026/09/22 21:45:44.817, 2, 88625, 97871
2026/09/22 21:45:44.817, 3, 88625, 97871
2026/09/22 21:45:45.018, 0, 88625, 97871
2026/09/22 21:45:45.018, 1, 88625, 97871
2026/09/22 21:45:45.018, 2, 88625, 97871
2026/09/22 21:45:45.018, 3, 88625, 97871
2026/09/22 21:45:45.218, 0, 88625, 97871
2026/09/22 21:45:45.218, 1, 88625, 97871
2026/09/22 21:45:45.218, 2, 88625, 97871
2026/09/22 21:45:45.218, 3, 88625, 97871
2026/09/22 21:45:45.418, 0, 88625, 97871
2026/09/22 21:45:45.418, 1, 88625, 97871
2026/09/22 21:45:45.418, 2, 88625, 97871
2026/09/22 21:45:45.418, 3, 88625, 97871
2026/09/22 21:45:45.618, 0, 88625, 97871
2026/09/22 21:45:45.618, 1, 88625, 97871
2026/09/22 21:45:45.618, 2, 88625, 97871
2026/09/22 21:45:45.618, 3, 88625, 97871
2026/09/22 21:45:45.819, 0, 88625, 97871
2026/09/22 21:45:45.819, 1, 88625, 97871
2026/09/22 21:45:45.819, 2, 88625, 97871
2026/09/22 21:45:45.819, 3, 88625, 97871
2026/09/22 21:45:46.019, 0, 88625, 97871
2026/09/22 21:45:46.019, 1, 88625, 97871
2026/09/22 21:45:46.019, 2, 88625, 97871
2026/09/22 21:45:46.019, 3, 88625, 97871
2026/09/22 21:45:46.219, 0, 88625, 97871
2026/09/22 21:45:46.219, 1, 88625, 97871
2026/09/22 21:45:46.219, 2, 88625, 97871
2026/09/22 21:45:46.219, 3, 88625, 97871
2026/09/22 21:45:46.419, 0, 88625, 97871
2026/09/22 21:45:46.419, 1, 88625, 97871
2026/09/22 21:45:46.420, 2, 88625, 97871
2026/09/22 21:45:46.420, 3, 88625, 97871
2026/09/22 21:45:46.620, 0, 88625, 97871
2026/09/22 21:45:46.620, 1, 88625, 97871
2026/09/22 21:45:46.620, 2, 88625, 97871
2026/09/22 21:45:46.620, 3, 88625, 97871
2026/09/22 21:45:46.820, 0, 88625, 97871
2026/09/22 21:45:46.820, 1, 88625, 97871
2026/09/22 21:45:46.820, 2, 88625, 97871
2026/09/22 21:45:46.820, 3, 88625, 97871
2026/09/22 21:45:47.020, 0, 88625, 97871
2026/09/22 21:45:47.020, 1, 88625, 97871
2026/09/22 21:45:47.022, 2, 88625, 97871
2026/09/22 21:45:47.022, 3, 88625, 97871
2026/09/22 21:45:47.222, 0, 88625, 97871
2026/09/22 21:45:47.241, 1, 88625, 97871
2026/09/22 21:45:47.241, 2, 88625, 97871
2026/09/22 21:45:47.241, 3, 88625, 97871
2026/09/22 21:45:47.441, 0, 88625, 97871
2026/09/22 21:45:47.441, 1, 88625, 97871
2026/09/22 21:45:47.441, 2, 88625, 97871
2026/09/22 21:45:47.441, 3, 88625, 97871
2026/09/22 21:45:47.641, 0, 88625, 97871
2026/09/22 21:45:47.641, 1, 88625, 97871
2026/09/22 21:45:47.641, 2, 88625, 97871
2026/09/22 21:45:47.641, 3, 88625, 97871
2026/09/22 21:45:47.841, 0, 88625, 97871
2026/09/22 21:45:47.842, 1, 88625, 97871
2026/09/22 21:45:47.842, 2, 88625, 97871
2026/09/22 21:45:47.842, 3, 88625, 97871
2026/09/22 21:45:48.042, 0, 88625, 97871
2026/09/22 21:45:48.042, 1, 88625, 97871
2026/09/22 21:45:48.042, 2, 88625, 97871
2026/09/22 21:45:48.042, 3, 88625, 97871
2026/09/22 21:45:48.242, 0, 88625, 97871
2026/09/22 21:45:48.242, 1, 88625, 97871
2026/09/22 21:45:48.242, 2, 88625, 97871
2026/09/22 21:45:48.242, 3, 88625, 97871
2026/09/22 21:45:48.442, 0, 88625, 97871
2026/09/22 21:45:48.442, 1, 88625, 97871
2026/09/22 21:45:48.442, 2, 88625, 97871
2026/09/22 21:45:48.442, 3, 88625, 97871
2026/09/22 21:45:48.643, 0, 88625, 97871
2026/09/22 21:45:48.643, 1, 88625, 97871
2026/09/22 21:45:48.643, 2, 88625, 97871
2026/09/22 21:45:48.643, 3, 88625, 97871
2026/09/22 21:45:48.843, 0, 88625, 97871
2026/09/22 21:45:48.843, 1, 88625, 97871
2026/09/22 21:45:48.843, 2, 88625, 97871
2026/09/22 21:45:48.843, 3, 88625, 97871
2026/09/22 21:45:49.043, 0, 88625, 97871
2026/09/22 21:45:49.043, 1, 88625, 97871
2026/09/22 21:45:49.043, 2, 88625, 97871
2026/09/22 21:45:49.043, 3, 88625, 97871
2026/09/22 21:45:49.243, 0, 88625, 97871
2026/09/22 21:45:49.243, 1, 88625, 97871
2026/09/22 21:45:49.243, 2, 88625, 97871
2026/09/22 21:45:49.243, 3, 88625, 97871
2026/09/22 21:45:49.444, 0, 88625, 97871
2026/09/22 21:45:49.444, 1, 88625, 97871
2026/09/22 21:45:49.444, 2, 88625, 97871
2026/09/22 21:45:49.444, 3, 88625, 97871
2026/09/22 21:45:49.644, 0, 88625, 97871
2026/09/22 21:45:49.644, 1, 88625, 97871
2026/09/22 21:45:49.644, 2, 88625, 97871
2026/09/22 21:45:49.644, 3, 88625, 97871
2026/09/22 21:45:49.844, 0, 88625, 97871
2026/09/22 21:45:49.870, 1, 88625, 97871
2026/09/22 21:45:49.870, 2, 88625, 97871
2026/09/22 21:45:49.870, 3, 88625, 97871
2026/09/22 21:45:50.070, 0, 88625, 97871
2026/09/22 21:45:50.088, 1, 88625, 97871
2026/09/22 21:45:50.124, 2, 88625, 97871
2026/09/22 21:45:50.142, 3, 88625, 97871
2026/09/22 21:45:50.342, 0, 88625, 97871
2026/09/22 21:45:50.342, 1, 88625, 97871
2026/09/22 21:45:50.342, 2, 88625, 97871
2026/09/22 21:45:50.342, 3, 88625, 97871
2026/09/22 21:45:50.542, 0, 88625, 97871
2026/09/22 21:45:50.542, 1, 88625, 97871
2026/09/22 21:45:50.542, 2, 88625, 97871
2026/09/22 21:45:50.542, 3, 88625, 97871
2026/09/22 21:45:50.742, 0, 88625, 97871
2026/09/22 21:45:50.742, 1, 88625, 97871
2026/09/22 21:45:50.743, 2, 88625, 97871
2026/09/22 21:45:50.743, 3, 88625, 97871
2026/09/22 21:45:50.943, 0, 88625, 97871
2026/09/22 21:45:50.943, 1, 88625, 97871
2026/09/22 21:45:50.943, 2, 88625, 97871
2026/09/22 21:45:50.943, 3, 88625, 97871
2026/09/22 21:45:51.143, 0, 88625, 97871
2026/09/22 21:45:51.143, 1, 88625, 97871
2026/09/22 21:45:51.143, 2, 88625, 97871
2026/09/22 21:45:51.143, 3, 88625, 97871
2026/09/22 21:45:51.343, 0, 88625, 97871
2026/09/22 21:45:51.343, 1, 88625, 97871
2026/09/22 21:45:51.343, 2, 88625, 97871
2026/09/22 21:45:51.343, 3, 88625, 97871
2026/09/22 21:45:51.544, 0, 88625, 97871
2026/09/22 21:45:51.544, 1, 88625, 97871
2026/09/22 21:45:51.544, 2, 88625, 97871
2026/09/22 21:45:51.544, 3, 88625, 97871
2026/09/22 21:45:51.744, 0, 88625, 97871
2026/09/22 21:45:51.744, 1, 88625, 97871
2026/09/22 21:45:51.744, 2, 88625, 97871
2026/09/22 21:45:51.744, 3, 88625, 97871
2026/09/22 21:45:51.944, 0, 88625, 97871
2026/09/22 21:45:51.944, 1, 88625, 97871
2026/09/22 21:45:51.944, 2, 88625, 97871
2026/09/22 21:45:51.944, 3, 88625, 97871
2026/09/22 21:45:52.144, 0, 88625, 97871
2026/09/22 21:45:52.145, 1, 88625, 97871
2026/09/22 21:45:52.145, 2, 88625, 97871
2026/09/22 21:45:52.145, 3, 88625, 97871
2026/09/22 21:45:52.345, 0, 88625, 97871
2026/09/22 21:45:52.372, 1, 88625, 97871
2026/09/22 21:45:52.391, 2, 88625, 97871
2026/09/22 21:45:52.391, 3, 88625, 97871
2026/09/22 21:45:52.591, 0, 88625, 97871
2026/09/22 21:45:52.591, 1, 88625, 97871
2026/09/22 21:45:52.591, 2, 88625, 97871
2026/09/22 21:45:52.591, 3, 88625, 97871
2026/09/22 21:45:52.791, 0, 88625, 97871
2026/09/22 21:45:52.792, 1, 88625, 97871
2026/09/22 21:45:52.792, 2, 88625, 97871
2026/09/22 21:45:52.792, 3, 88625, 97871
2026/09/22 21:45:52.992, 0, 88625, 97871
2026/09/22 21:45:52.992, 1, 88625, 97871
2026/09/22 21:45:52.992, 2, 88625, 97871
2026/09/22 21:45:52.992, 3, 88625, 97871
2026/09/22 21:45:53.192, 0, 88625, 97871
2026/09/22 21:45:53.192, 1, 88625, 97871
2026/09/22 21:45:53.192, 2, 88625, 97871
2026/09/22 21:45:53.192, 3, 88625, 97871
2026/09/22 21:45:53.392, 0, 88625, 97871
2026/09/22 21:45:53.392, 1, 88625, 97871
2026/09/22 21:45:53.392, 2, 88625, 97871
2026/09/22 21:45:53.392, 3, 88625, 97871
2026/09/22 21:45:53.593, 0, 88625, 97871
2026/09/22 21:45:53.593, 1, 88625, 97871
2026/09/22 21:45:53.593, 2, 88625, 97871
2026/09/22 21:45:53.593, 3, 88625, 97871
2026/09/22 21:45:53.793, 0, 88625, 97871
2026/09/22 21:45:53.793, 1, 88625, 97871
2026/09/22 21:45:53.793, 2, 88625, 97871
2026/09/22 21:45:53.793, 3, 88625, 97871
2026/09/22 21:45:53.993, 0, 88625, 97871
2026/09/22 21:45:53.993, 1, 88625, 97871
2026/09/22 21:45:53.993, 2, 88625, 97871
2026/09/22 21:45:53.993, 3, 88625, 97871
2026/09/22 21:45:54.193, 0, 88625, 97871
2026/09/22 21:45:54.194, 1, 88625, 97871
2026/09/22 21:45:54.194, 2, 88625, 97871
2026/09/22 21:45:54.194, 3, 88625, 97871
2026/09/22 21:45:54.394, 0, 88625, 97871
2026/09/22 21:45:54.394, 1, 88625, 97871
2026/09/22 21:45:54.394, 2, 88625, 97871
2026/09/22 21:45:54.394, 3, 88625, 97871
2026/09/22 21:45:54.594, 0, 88625, 97871
2026/09/22 21:45:54.594, 1, 88625, 97871
2026/09/22 21:45:54.594, 2, 88625, 97871
2026/09/22 21:45:54.594, 3, 88625, 97871
2026/09/22 21:45:54.794, 0, 88625, 97871
2026/09/22 21:45:54.794, 1, 88625, 97871
2026/09/22 21:45:54.794, 2, 88625, 97871
2026/09/22 21:45:54.794, 3, 88625, 97871
2026/09/22 21:45:54.995, 0, 88625, 97871
2026/09/22 21:45:54.995, 1, 88625, 97871
2026/09/22 21:45:54.995, 2, 88625, 97871
2026/09/22 21:45:54.995, 3, 88625, 97871
2026/09/22 21:45:55.195, 0, 88625, 97871
2026/09/22 21:45:55.195, 1, 88625, 97871
2026/09/22 21:45:55.195, 2, 88625, 97871
2026/09/22 21:45:55.195, 3, 88625, 97871
2026/09/22 21:45:55.395, 0, 88625, 97871
2026/09/22 21:45:55.395, 1, 88625, 97871
2026/09/22 21:45:55.395, 2, 88625, 97871
2026/09/22 21:45:55.395, 3, 88625, 97871
2026/09/22 21:45:55.595, 0, 88625, 97871
2026/09/22 21:45:55.595, 1, 88625, 97871
2026/09/22 21:45:55.595, 2, 88625, 97871
2026/09/22 21:45:55.595, 3, 88625, 97871
2026/09/22 21:45:55.796, 0, 88625, 97871
2026/09/22 21:45:55.796, 1, 88625, 97871
2026/09/22 21:45:55.796, 2, 88625, 97871
2026/09/22 21:45:55.796, 3, 88625, 97871
2026/09/22 21:45:55.996, 0, 88625, 97871
2026/09/22 21:45:55.996, 1, 88625, 97871
2026/09/22 21:45:55.996, 2, 88625, 97871
2026/09/22 21:45:55.996, 3, 88625, 97871
2026/09/22 21:45:56.196, 0, 88625, 97871
2026/09/22 21:45:56.196, 1, 88625, 97871
2026/09/22 21:45:56.196, 2, 88625, 97871
2026/09/22 21:45:56.196, 3, 88625, 97871
2026/09/22 21:45:56.396, 0, 88625, 97871
2026/09/22 21:45:56.396, 1, 88625, 97871
2026/09/22 21:45:56.396, 2, 88625, 97871
2026/09/22 21:45:56.396, 3, 88625, 97871
2026/09/22 21:45:56.597, 0, 88625, 97871
2026/09/22 21:45:56.597, 1, 88625, 97871
2026/09/22 21:45:56.597, 2, 88625, 97871
2026/09/22 21:45:56.597, 3, 88625, 97871
2026/09/22 21:45:56.797, 0, 88625, 97871
2026/09/22 21:45:56.797, 1, 88625, 97871
2026/09/22 21:45:56.797, 2, 88625, 97871
2026/09/22 21:45:56.797, 3, 88625, 97871
2026/09/22 21:45:56.997, 0, 88625, 97871
2026/09/22 21:45:56.997, 1, 88625, 97871
2026/09/22 21:45:56.997, 2, 88625, 97871
2026/09/22 21:45:56.997, 3, 88625, 97871
2026/09/22 21:45:57.197, 0, 88625, 97871
2026/09/22 21:45:57.197, 1, 88625, 97871
2026/09/22 21:45:57.198, 2, 88625, 97871
2026/09/22 21:45:57.198, 3, 88625, 97871
2026/09/22 21:45:57.398, 0, 88625, 97871
2026/09/22 21:45:57.398, 1, 88625, 97871
2026/09/22 21:45:57.398, 2, 88625, 97871
2026/09/22 21:45:57.398, 3, 88625, 97871
2026/09/22 21:45:57.598, 0, 88625, 97871
2026/09/22 21:45:57.598, 1, 88625, 97871
2026/09/22 21:45:57.598, 2, 88625, 97871
2026/09/22 21:45:57.598, 3, 88625, 97871
2026/09/22 21:45:57.798, 0, 88625, 97871
2026/09/22 21:45:57.798, 1, 88625, 97871
2026/09/22 21:45:57.798, 2, 88625, 97871
2026/09/22 21:45:57.798, 3, 88625, 97871
2026/09/22 21:45:57.998, 0, 88625, 97871
2026/09/22 21:45:57.999, 1, 88625, 97871
2026/09/22 21:45:57.999, 2, 88625, 97871
2026/09/22 21:45:57.999, 3, 88625, 97871
2026/09/22 21:45:58.199, 0, 88625, 97871
2026/09/22 21:45:58.199, 1, 88625, 97871
2026/09/22 21:45:58.199, 2, 88625, 97871
2026/09/22 21:45:58.199, 3, 88625, 97871
2026/09/22 21:45:58.399, 0, 88625, 97871
2026/09/22 21:45:58.399, 1, 88625, 97871
2026/09/22 21:45:58.399, 2, 88625, 97871
2026/09/22 21:45:58.399, 3, 88625, 97871
2026/09/22 21:45:58.599, 0, 88625, 97871
2026/09/22 21:45:58.599, 1, 88625, 97871
2026/09/22 21:45:58.599, 2, 88625, 97871
2026/09/22 21:45:58.599, 3, 88625, 97871
2026/09/22 21:45:58.799, 0, 88625, 97871
2026/09/22 21:45:58.799, 1, 88625, 97871
2026/09/22 21:45:58.799, 2, 88625, 97871
2026/09/22 21:45:58.799, 3, 88625, 97871
2026/09/22 21:45:59.000, 0, 88625, 97871
2026/09/22 21:45:59.000, 1, 88625, 97871
2026/09/22 21:45:59.000, 2, 88625, 97871
2026/09/22 21:45:59.000, 3, 88625, 97871
2026/09/22 21:45:59.200, 0, 88625, 97871
2026/09/22 21:45:59.200, 1, 88625, 97871
2026/09/22 21:45:59.200, 2, 88625, 97871
2026/09/22 21:45:59.200, 3, 88625, 97871
2026/09/22 21:45:59.400, 0, 88625, 97871
2026/09/22 21:45:59.400, 1, 88625, 97871
2026/09/22 21:45:59.400, 2, 88625, 97871
2026/09/22 21:45:59.400, 3, 88625, 97871
2026/09/22 21:45:59.600, 0, 88625, 97871
2026/09/22 21:45:59.600, 1, 88625, 97871
2026/09/22 21:45:59.600, 2, 88625, 97871
2026/09/22 21:45:59.600, 3, 88625, 97871
2026/09/22 21:45:59.800, 0, 88625, 97871
2026/09/22 21:45:59.801, 1, 88625, 97871
2026/09/22 21:45:59.801, 2, 88625, 97871
2026/09/22 21:45:59.801, 3, 88625, 97871
2026/09/22 21:46:00.001, 0, 88625, 97871
2026/09/22 21:46:00.001, 1, 88625, 97871
2026/09/22 21:46:00.001, 2, 88625, 97871
2026/09/22 21:46:00.001, 3, 88625, 97871
2026/09/22 21:46:00.201, 0, 88625, 97871
2026/09/22 21:46:00.201, 1, 88625, 97871
2026/09/22 21:46:00.201, 2, 88625, 97871
2026/09/22 21:46:00.201, 3, 88625, 97871
2026/09/22 21:46:00.401, 0, 88625, 97871
2026/09/22 21:46:00.401, 1, 88625, 97871
2026/09/22 21:46:00.401, 2, 88625, 97871
2026/09/22 21:46:00.401, 3, 88625, 97871
2026/09/22 21:46:00.601, 0, 88625, 97871
2026/09/22 21:46:00.602, 1, 88625, 97871
2026/09/22 21:46:00.602, 2, 88625, 97871
2026/09/22 21:46:00.602, 3, 88625, 97871
2026/09/22 21:46:00.802, 0, 88625, 97871
2026/09/22 21:46:00.802, 1, 88625, 97871
2026/09/22 21:46:00.802, 2, 88625, 97871
2026/09/22 21:46:00.802, 3, 88625, 97871
2026/09/22 21:46:01.002, 0, 88625, 97871
2026/09/22 21:46:01.002, 1, 88625, 97871
2026/09/22 21:46:01.002, 2, 88625, 97871
2026/09/22 21:46:01.002, 3, 88625, 97871
2026/09/22 21:46:01.202, 0, 88625, 97871
2026/09/22 21:46:01.202, 1, 88625, 97871
2026/09/22 21:46:01.202, 2, 88625, 97871
2026/09/22 21:46:01.202, 3, 88625, 97871
2026/09/22 21:46:01.402, 0, 88625, 97871
2026/09/22 21:46:01.402, 1, 88625, 97871
2026/09/22 21:46:01.403, 2, 88625, 97871
2026/09/22 21:46:01.403, 3, 88625, 97871
2026/09/22 21:46:01.603, 0, 88625, 97871
2026/09/22 21:46:01.603, 1, 88625, 97871
2026/09/22 21:46:01.603, 2, 88625, 97871
2026/09/22 21:46:01.603, 3, 88625, 97871
2026/09/22 21:46:01.803, 0, 88625, 97871
2026/09/22 21:46:01.803, 1, 88625, 97871
2026/09/22 21:46:01.803, 2, 88625, 97871
2026/09/22 21:46:01.803, 3, 88625, 97871
2026/09/22 21:46:02.003, 0, 88625, 97871
2026/09/22 21:46:02.003, 1, 88625, 97871
2026/09/22 21:46:02.003, 2, 88625, 97871
2026/09/22 21:46:02.003, 3, 88625, 97871
2026/09/22 21:46:02.203, 0, 88625, 97871
2026/09/22 21:46:02.203, 1, 88625, 97871
2026/09/22 21:46:02.203, 2, 88625, 97871
2026/09/22 21:46:02.203, 3, 88625, 97871
2026/09/22 21:46:02.403, 0, 88625, 97871
2026/09/22 21:46:02.403, 1, 88625, 97871
2026/09/22 21:46:02.403, 2, 88625, 97871
2026/09/22 21:46:02.404, 3, 88625, 97871
2026/09/22 21:46:02.604, 0, 88625, 97871
2026/09/22 21:46:02.604, 1, 88625, 97871
2026/09/22 21:46:02.604, 2, 88625, 97871
2026/09/22 21:46:02.604, 3, 88625, 97871
2026/09/22 21:46:02.804, 0, 88625, 97871
2026/09/22 21:46:02.804, 1, 88625, 97871
2026/09/22 21:46:02.804, 2, 88625, 97871
2026/09/22 21:46:02.804, 3, 88625, 97871
2026/09/22 21:46:03.004, 0, 88625, 97871
2026/09/22 21:46:03.004, 1, 88625, 97871
2026/09/22 21:46:03.004, 2, 88625, 97871
2026/09/22 21:46:03.004, 3, 88625, 97871
2026/09/22 21:46:03.204, 0, 88625, 97871
2026/09/22 21:46:03.204, 1, 88625, 97871
2026/09/22 21:46:03.204, 2, 88625, 97871
2026/09/22 21:46:03.204, 3, 88625, 97871
2026/09/22 21:46:03.405, 0, 88625, 97871
2026/09/22 21:46:03.405, 1, 88625, 97871
2026/09/22 21:46:03.405, 2, 88625, 97871
2026/09/22 21:46:03.405, 3, 88625, 97871
2026/09/22 21:46:03.605, 0, 88625, 97871
2026/09/22 21:46:03.605, 1, 88625, 97871
2026/09/22 21:46:03.605, 2, 88625, 97871
2026/09/22 21:46:03.605, 3, 88625, 97871
2026/09/22 21:46:03.805, 0, 88625, 97871
2026/09/22 21:46:03.805, 1, 88625, 97871
2026/09/22 21:46:03.805, 2, 88625, 97871
2026/09/22 21:46:03.805, 3, 88625, 97871
2026/09/22 21:46:04.005, 0, 88625, 97871
2026/09/22 21:46:04.006, 1, 88625, 97871
2026/09/22 21:46:04.006, 2, 88625, 97871
2026/09/22 21:46:04.006, 3, 88625, 97871
2026/09/22 21:46:04.206, 0, 88625, 97871
2026/09/22 21:46:04.206, 1, 88625, 97871
2026/09/22 21:46:04.206, 2, 88625, 97871
2026/09/22 21:46:04.206, 3, 88625, 97871
2026/09/22 21:46:04.406, 0, 88625, 97871
2026/09/22 21:46:04.406, 1, 88625, 97871
2026/09/22 21:46:04.406, 2, 88625, 97871
2026/09/22 21:46:04.406, 3, 88625, 97871
2026/09/22 21:46:04.606, 0, 88625, 97871
2026/09/22 21:46:04.606, 1, 88625, 97871
2026/09/22 21:46:04.606, 2, 88625, 97871
2026/09/22 21:46:04.606, 3, 88625, 97871
2026/09/22 21:46:04.807, 0, 88625, 97871
2026/09/22 21:46:04.807, 1, 88625, 97871
2026/09/22 21:46:04.807, 2, 88625, 97871
2026/09/22 21:46:04.807, 3, 88625, 97871
2026/09/22 21:46:05.007, 0, 88625, 97871
2026/09/22 21:46:05.007, 1, 88625, 97871
2026/09/22 21:46:05.007, 2, 88625, 97871
2026/09/22 21:46:05.007, 3, 88625, 97871
2026/09/22 21:46:05.207, 0, 88625, 97871
2026/09/22 21:46:05.207, 1, 88625, 97871
2026/09/22 21:46:05.207, 2, 88625, 97871
2026/09/22 21:46:05.207, 3, 88625, 97871
2026/09/22 21:46:05.407, 0, 88625, 97871
2026/09/22 21:46:05.408, 1, 88625, 97871
2026/09/22 21:46:05.408, 2, 88625, 97871
2026/09/22 21:46:05.408, 3, 88625, 97871
2026/09/22 21:46:05.608, 0, 88625, 97871
2026/09/22 21:46:05.608, 1, 88625, 97871
2026/09/22 21:46:05.608, 2, 88625, 97871
2026/09/22 21:46:05.608, 3, 88625, 97871
2026/09/22 21:46:05.808, 0, 88625, 97871
2026/09/22 21:46:05.808, 1, 88625, 97871
2026/09/22 21:46:05.808, 2, 88625, 97871
2026/09/22 21:46:05.808, 3, 88625, 97871
2026/09/22 21:46:06.008, 0, 88625, 97871
2026/09/22 21:46:06.008, 1, 88625, 97871
2026/09/22 21:46:06.008, 2, 88625, 97871
2026/09/22 21:46:06.008, 3, 88625, 97871
2026/09/22 21:46:06.209, 0, 88625, 97871
2026/09/22 21:46:06.209, 1, 88625, 97871
2026/09/22 21:46:06.209, 2, 88625, 97871
2026/09/22 21:46:06.209, 3, 88625, 97871
2026/09/22 21:46:06.409, 0, 88625, 97871
2026/09/22 21:46:06.409, 1, 88625, 97871
2026/09/22 21:46:06.409, 2, 88625, 97871
2026/09/22 21:46:06.409, 3, 88625, 97871
2026/09/22 21:46:06.609, 0, 88625, 97871
2026/09/22 21:46:06.609, 1, 88625, 97871
2026/09/22 21:46:06.609, 2, 88625, 97871
2026/09/22 21:46:06.609, 3, 88625, 97871
2026/09/22 21:46:06.809, 0, 88625, 97871
2026/09/22 21:46:06.809, 1, 88625, 97871
2026/09/22 21:46:06.809, 2, 88625, 97871
2026/09/22 21:46:06.810, 3, 88625, 97871
2026/09/22 21:46:07.010, 0, 88625, 97871
2026/09/22 21:46:07.010, 1, 88625, 97871
2026/09/22 21:46:07.010, 2, 88625, 97871
2026/09/22 21:46:07.010, 3, 88625, 97871
2026/09/22 21:46:07.210, 0, 88625, 97871
2026/09/22 21:46:07.210, 1, 88625, 97871
2026/09/22 21:46:07.210, 2, 88625, 97871
2026/09/22 21:46:07.210, 3, 88625, 97871
2026/09/22 21:46:07.410, 0, 88625, 97871
2026/09/22 21:46:07.410, 1, 88625, 97871
2026/09/22 21:46:07.410, 2, 88625, 97871
2026/09/22 21:46:07.410, 3, 88625, 97871
2026/09/22 21:46:07.611, 0, 88625, 97871
2026/09/22 21:46:07.611, 1, 88625, 97871
2026/09/22 21:46:07.611, 2, 88625, 97871
2026/09/22 21:46:07.611, 3, 88625, 97871
2026/09/22 21:46:07.811, 0, 88625, 97871
2026/09/22 21:46:07.811, 1, 88625, 97871
2026/09/22 21:46:07.811, 2, 88625, 97871
2026/09/22 21:46:07.811, 3, 88625, 97871
2026/09/22 21:46:08.011, 0, 88625, 97871
2026/09/22 21:46:08.011, 1, 88625, 97871
2026/09/22 21:46:08.011, 2, 88625, 97871
2026/09/22 21:46:08.011, 3, 88625, 97871
2026/09/22 21:46:08.211, 0, 88625, 97871
2026/09/22 21:46:08.211, 1, 88625, 97871
2026/09/22 21:46:08.211, 2, 88625, 97871
2026/09/22 21:46:08.212, 3, 88625, 97871
2026/09/22 21:46:08.412, 0, 88625, 97871
2026/09/22 21:46:08.412, 1, 88625, 97871
2026/09/22 21:46:08.412, 2, 88625, 97871
2026/09/22 21:46:08.412, 3, 88625, 97871
2026/09/22 21:46:08.612, 0, 88625, 97871
2026/09/22 21:46:08.612, 1, 88625, 97871
2026/09/22 21:46:08.612, 2, 88625, 97871
2026/09/22 21:46:08.612, 3, 88625, 97871
2026/09/22 21:46:08.812, 0, 88625, 97871
2026/09/22 21:46:08.812, 1, 88625, 97871
2026/09/22 21:46:08.812, 2, 88625, 97871
2026/09/22 21:46:08.812, 3, 88625, 97871
2026/09/22 21:46:09.012, 0, 88625, 97871
2026/09/22 21:46:09.012, 1, 88625, 97871
2026/09/22 21:46:09.013, 2, 88625, 97871
2026/09/22 21:46:09.013, 3, 88625, 97871
2026/09/22 21:46:09.213, 0, 88625, 97871
2026/09/22 21:46:09.213, 1, 88625, 97871
2026/09/22 21:46:09.213, 2, 88625, 97871
2026/09/22 21:46:09.213, 3, 88625, 97871
2026/09/22 21:46:09.413, 0, 88625, 97871
2026/09/22 21:46:09.413, 1, 88625, 97871
2026/09/22 21:46:09.413, 2, 88625, 97871
2026/09/22 21:46:09.413, 3, 88625, 97871
2026/09/22 21:46:09.613, 0, 88625, 97871
2026/09/22 21:46:09.613, 1, 88625, 97871
2026/09/22 21:46:09.613, 2, 88625, 97871
2026/09/22 21:46:09.613, 3, 88625, 97871
2026/09/22 21:46:09.813, 0, 88625, 97871
2026/09/22 21:46:09.814, 1, 88625, 97871
2026/09/22 21:46:09.814, 2, 88625, 97871
2026/09/22 21:46:09.814, 3, 88625, 97871
2026/09/22 21:46:10.014, 0, 88625, 97871
2026/09/22 21:46:10.014, 1, 88625, 97871
2026/09/22 21:46:10.014, 2, 88625, 97871
2026/09/22 21:46:10.014, 3, 88625, 97871
2026/09/22 21:46:10.214, 0, 88625, 97871
2026/09/22 21:46:10.214, 1, 88625, 97871
2026/09/22 21:46:10.214, 2, 88625, 97871
2026/09/22 21:46:10.214, 3, 88625, 97871
2026/09/22 21:46:10.414, 0, 88625, 97871
2026/09/22 21:46:10.415, 1, 88625, 97871
2026/09/22 21:46:10.415, 2, 88625, 97871
2026/09/22 21:46:10.415, 3, 88625, 97871
2026/09/22 21:46:10.615, 0, 88625, 97871
2026/09/22 21:46:10.615, 1, 88625, 97871
2026/09/22 21:46:10.615, 2, 88625, 97871
2026/09/22 21:46:10.615, 3, 88625, 97871
2026/09/22 21:46:10.815, 0, 88625, 97871
2026/09/22 21:46:10.815, 1, 88625, 97871
2026/09/22 21:46:10.815, 2, 88625, 97871
2026/09/22 21:46:10.815, 3, 88625, 97871
2026/09/22 21:46:11.015, 0, 88625, 97871
2026/09/22 21:46:11.016, 1, 88625, 97871
2026/09/22 21:46:11.016, 2, 88625, 97871
2026/09/22 21:46:11.016, 3, 88625, 97871
2026/09/22 21:46:11.216, 0, 88625, 97871
2026/09/22 21:46:11.216, 1, 88625, 97871
2026/09/22 21:46:11.216, 2, 88625, 97871
2026/09/22 21:46:11.216, 3, 88625, 97871
2026/09/22 21:46:11.416, 0, 88625, 97871
2026/09/22 21:46:11.416, 1, 88625, 97871
2026/09/22 21:46:11.416, 2, 88625, 97871
2026/09/22 21:46:11.416, 3, 88625, 97871
2026/09/22 21:46:11.616, 0, 88625, 97871
2026/09/22 21:46:11.616, 1, 88625, 97871
2026/09/22 21:46:11.616, 2, 88625, 97871
2026/09/22 21:46:11.616, 3, 88625, 97871
2026/09/22 21:46:11.816, 0, 88625, 97871
2026/09/22 21:46:11.816, 1, 88625, 97871
2026/09/22 21:46:11.816, 2, 88625, 97871
2026/09/22 21:46:11.816, 3, 88625, 97871
2026/09/22 21:46:12.017, 0, 88625, 97871
2026/09/22 21:46:12.017, 1, 88625, 97871
2026/09/22 21:46:12.017, 2, 88625, 97871
2026/09/22 21:46:12.017, 3, 88625, 97871
2026/09/22 21:46:12.217, 0, 88625, 97871
2026/09/22 21:46:12.217, 1, 88625, 97871
2026/09/22 21:46:12.217, 2, 88625, 97871
2026/09/22 21:46:12.217, 3, 88625, 97871
2026/09/22 21:46:12.417, 0, 88625, 97871
2026/09/22 21:46:12.417, 1, 88625, 97871
2026/09/22 21:46:12.417, 2, 88625, 97871
2026/09/22 21:46:12.417, 3, 88625, 97871
2026/09/22 21:46:12.617, 0, 88625, 97871
2026/09/22 21:46:12.617, 1, 88625, 97871
2026/09/22 21:46:12.617, 2, 88625, 97871
2026/09/22 21:46:12.617, 3, 88625, 97871
2026/09/22 21:46:12.817, 0, 88625, 97871
2026/09/22 21:46:12.817, 1, 88625, 97871
2026/09/22 21:46:12.817, 2, 88625, 97871
2026/09/22 21:46:12.817, 3, 88625, 97871
2026/09/22 21:46:13.018, 0, 88625, 97871
2026/09/22 21:46:13.018, 1, 88625, 97871
2026/09/22 21:46:13.018, 2, 88625, 97871
2026/09/22 21:46:13.018, 3, 88625, 97871
2026/09/22 21:46:13.218, 0, 88625, 97871
2026/09/22 21:46:13.218, 1, 88625, 97871
2026/09/22 21:46:13.218, 2, 88625, 97871
2026/09/22 21:46:13.218, 3, 88625, 97871
2026/09/22 21:46:13.418, 0, 88625, 97871
2026/09/22 21:46:13.418, 1, 88625, 97871
2026/09/22 21:46:13.418, 2, 88625, 97871
2026/09/22 21:46:13.418, 3, 88625, 97871
2026/09/22 21:46:13.618, 0, 88625, 97871
2026/09/22 21:46:13.618, 1, 88625, 97871
2026/09/22 21:46:13.618, 2, 88625, 97871
2026/09/22 21:46:13.618, 3, 88625, 97871
2026/09/22 21:46:13.818, 0, 88625, 97871
2026/09/22 21:46:13.818, 1, 88625, 97871
2026/09/22 21:46:13.818, 2, 88625, 97871
2026/09/22 21:46:13.818, 3, 88625, 97871
2026/09/22 21:46:14.019, 0, 88625, 97871
2026/09/22 21:46:14.019, 1, 88625, 97871
2026/09/22 21:46:14.019, 2, 88625, 97871
2026/09/22 21:46:14.019, 3, 88625, 97871
2026/09/22 21:46:14.219, 0, 88625, 97871
2026/09/22 21:46:14.219, 1, 88625, 97871
2026/09/22 21:46:14.219, 2, 88625, 97871
2026/09/22 21:46:14.219, 3, 88625, 97871
2026/09/22 21:46:14.419, 0, 88625, 97871
2026/09/22 21:46:14.419, 1, 88625, 97871
2026/09/22 21:46:14.419, 2, 88625, 97871
2026/09/22 21:46:14.419, 3, 88625, 97871
2026/09/22 21:46:14.619, 0, 88625, 97871
2026/09/22 21:46:14.619, 1, 88625, 97871
2026/09/22 21:46:14.619, 2, 88625, 97871
2026/09/22 21:46:14.619, 3, 88625, 97871
2026/09/22 21:46:14.819, 0, 88625, 97871
2026/09/22 21:46:14.819, 1, 88625, 97871
2026/09/22 21:46:14.819, 2, 88625, 97871
2026/09/22 21:46:14.819, 3, 88625, 97871
2026/09/22 21:46:15.020, 0, 88625, 97871
2026/09/22 21:46:15.020, 1, 88625, 97871
2026/09/22 21:46:15.020, 2, 88625, 97871
2026/09/22 21:46:15.020, 3, 88625, 97871
2026/09/22 21:46:15.220, 0, 88625, 97871
2026/09/22 21:46:15.220, 1, 88625, 97871
2026/09/22 21:46:15.220, 2, 88625, 97871
2026/09/22 21:46:15.220, 3, 88625, 97871
2026/09/22 21:46:15.420, 0, 88625, 97871
2026/09/22 21:46:15.420, 1, 88625, 97871
2026/09/22 21:46:15.420, 2, 88625, 97871
2026/09/22 21:46:15.420, 3, 88625, 97871
2026/09/22 21:46:15.620, 0, 88625, 97871
2026/09/22 21:46:15.620, 1, 88625, 97871
2026/09/22 21:46:15.620, 2, 88625, 97871
2026/09/22 21:46:15.620, 3, 88625, 97871
2026/09/22 21:46:15.820, 0, 88625, 97871
2026/09/22 21:46:15.820, 1, 88625, 97871
2026/09/22 21:46:15.821, 2, 88625, 97871
2026/09/22 21:46:15.821, 3, 88625, 97871
2026/09/22 21:46:16.021, 0, 88625, 97871
2026/09/22 21:46:16.021, 1, 88625, 97871
2026/09/22 21:46:16.021, 2, 88625, 97871
2026/09/22 21:46:16.021, 3, 88625, 97871
2026/09/22 21:46:16.221, 0, 88625, 97871
2026/09/22 21:46:16.221, 1, 88625, 97871
2026/09/22 21:46:16.221, 2, 88625, 97871
2026/09/22 21:46:16.221, 3, 88625, 97871
2026/09/22 21:46:16.421, 0, 88625, 97871
2026/09/22 21:46:16.421, 1, 88625, 97871
2026/09/22 21:46:16.421, 2, 88625, 97871
2026/09/22 21:46:16.421, 3, 88625, 97871
2026/09/22 21:46:16.621, 0, 88625, 97871
2026/09/22 21:46:16.621, 1, 88625, 97871
2026/09/22 21:46:16.621, 2, 88625, 97871
2026/09/22 21:46:16.621, 3, 88625, 97871
2026/09/22 21:46:16.821, 0, 88625, 97871
2026/09/22 21:46:16.821, 1, 88625, 97871
2026/09/22 21:46:16.821, 2, 88625, 97871
2026/09/22 21:46:16.821, 3, 88625, 97871
2026/09/22 21:46:17.022, 0, 88625, 97871
2026/09/22 21:46:17.022, 1, 88625, 97871
2026/09/22 21:46:17.022, 2, 88625, 97871
2026/09/22 21:46:17.022, 3, 88625, 97871
2026/09/22 21:46:17.222, 0, 88627, 97871
2026/09/22 21:46:17.222, 1, 88627, 97871
2026/09/22 21:46:17.222, 2, 88627, 97871
2026/09/22 21:46:17.222, 3, 88627, 97871
2026/09/22 21:46:17.422, 0, 88627, 97871
2026/09/22 21:46:17.422, 1, 88627, 97871
2026/09/22 21:46:17.422, 2, 88627, 97871
2026/09/22 21:46:17.422, 3, 88627, 97871
2026/09/22 21:46:17.622, 0, 88627, 97871
2026/09/22 21:46:17.622, 1, 88627, 97871
2026/09/22 21:46:17.622, 2, 88627, 97871
2026/09/22 21:46:17.622, 3, 88627, 97871
2026/09/22 21:46:17.822, 0, 88627, 97871
2026/09/22 21:46:17.822, 1, 88627, 97871
2026/09/22 21:46:17.823, 2, 88627, 97871
2026/09/22 21:46:17.823, 3, 88627, 97871
2026/09/22 21:46:18.023, 0, 88627, 97871
2026/09/22 21:46:18.023, 1, 88627, 97871
2026/09/22 21:46:18.023, 2, 88627, 97871
2026/09/22 21:46:18.023, 3, 88627, 97871
2026/09/22 21:46:18.223, 0, 88627, 97871
2026/09/22 21:46:18.223, 1, 88627, 97871
2026/09/22 21:46:18.223, 2, 88627, 97871
2026/09/22 21:46:18.223, 3, 88627, 97871
2026/09/22 21:46:18.423, 0, 88627, 97871
2026/09/22 21:46:18.423, 1, 88627, 97871
2026/09/22 21:46:18.423, 2, 88627, 97871
2026/09/22 21:46:18.423, 3, 88627, 97871
2026/09/22 21:46:18.623, 0, 88627, 97871
2026/09/22 21:46:18.623, 1, 88627, 97871
2026/09/22 21:46:18.623, 2, 88627, 97871
2026/09/22 21:46:18.623, 3, 88627, 97871
2026/09/22 21:46:18.823, 0, 88627, 97871
2026/09/22 21:46:18.823, 1, 88627, 97871
2026/09/22 21:46:18.824, 2, 88627, 97871
2026/09/22 21:46:18.824, 3, 88627, 97871
2026/09/22 21:46:19.024, 0, 88627, 97871
2026/09/22 21:46:19.024, 1, 88627, 97871
2026/09/22 21:46:19.024, 2, 88627, 97871
2026/09/22 21:46:19.024, 3, 88627, 97871
2026/09/22 21:46:19.224, 0, 88627, 97871
2026/09/22 21:46:19.224, 1, 88627, 97871
2026/09/22 21:46:19.224, 2, 88627, 97871
2026/09/22 21:46:19.224, 3, 88627, 97871
2026/09/22 21:46:19.424, 0, 88627, 97871
2026/09/22 21:46:19.424, 1, 88627, 97871
2026/09/22 21:46:19.424, 2, 88627, 97871
2026/09/22 21:46:19.424, 3, 88627, 97871
2026/09/22 21:46:19.624, 0, 88627, 97871
2026/09/22 21:46:19.624, 1, 88627, 97871
2026/09/22 21:46:19.624, 2, 88627, 97871
2026/09/22 21:46:19.624, 3, 88627, 97871
2026/09/22 21:46:19.824, 0, 88627, 97871
2026/09/22 21:46:19.825, 1, 88627, 97871
2026/09/22 21:46:19.825, 2, 88627, 97871
2026/09/22 21:46:19.825, 3, 88627, 97871
2026/09/22 21:46:20.025, 0, 88627, 97871
2026/09/22 21:46:20.025, 1, 88627, 97871
2026/09/22 21:46:20.025, 2, 88627, 97871
2026/09/22 21:46:20.025, 3, 88627, 97871
2026/09/22 21:46:20.225, 0, 88627, 97871
2026/09/22 21:46:20.225, 1, 88627, 97871
2026/09/22 21:46:20.225, 2, 88627, 97871
2026/09/22 21:46:20.225, 3, 88627, 97871
2026/09/22 21:46:20.425, 0, 88627, 97871
2026/09/22 21:46:20.425, 1, 88627, 97871
2026/09/22 21:46:20.425, 2, 88627, 97871
2026/09/22 21:46:20.425, 3, 88627, 97871
2026/09/22 21:46:20.625, 0, 88627, 97871
2026/09/22 21:46:20.625, 1, 88627, 97871
2026/09/22 21:46:20.625, 2, 88627, 97871
2026/09/22 21:46:20.625, 3, 88627, 97871
2026/09/22 21:46:20.825, 0, 88627, 97871
2026/09/22 21:46:20.825, 1, 88627, 97871
2026/09/22 21:46:20.826, 2, 88627, 97871
2026/09/22 21:46:20.826, 3, 88627, 97871
2026/09/22 21:46:21.026, 0, 88627, 97871
2026/09/22 21:46:21.026, 1, 88627, 97871
2026/09/22 21:46:21.026, 2, 88627, 97871
2026/09/22 21:46:21.026, 3, 88627, 97871
2026/09/22 21:46:21.226, 0, 88627, 97871
2026/09/22 21:46:21.226, 1, 88627, 97871
2026/09/22 21:46:21.226, 2, 88627, 97871
2026/09/22 21:46:21.226, 3, 88627, 97871
2026/09/22 21:46:21.426, 0, 88627, 97871
2026/09/22 21:46:21.426, 1, 88627, 97871
2026/09/22 21:46:21.426, 2, 88627, 97871
2026/09/22 21:46:21.426, 3, 88627, 97871
2026/09/22 21:46:21.626, 0, 88649, 97871
2026/09/22 21:46:21.626, 1, 88649, 97871
2026/09/22 21:46:21.626, 2, 88649, 97871
2026/09/22 21:46:21.626, 3, 88649, 97871
2026/09/22 21:46:21.827, 0, 88649, 97871
2026/09/22 21:46:21.827, 1, 88649, 97871
2026/09/22 21:46:21.827, 2, 88649, 97871
2026/09/22 21:46:21.827, 3, 88649, 97871
2026/09/22 21:46:22.027, 0, 88649, 97871
2026/09/22 21:46:22.027, 1, 88649, 97871
2026/09/22 21:46:22.027, 2, 88649, 97871
2026/09/22 21:46:22.027, 3, 88649, 97871
2026/09/22 21:46:22.227, 0, 88649, 97871
2026/09/22 21:46:22.227, 1, 88649, 97871
2026/09/22 21:46:22.227, 2, 88649, 97871
2026/09/22 21:46:22.227, 3, 88649, 97871
2026/09/22 21:46:22.427, 0, 88649, 97871
2026/09/22 21:46:22.427, 1, 88649, 97871
2026/09/22 21:46:22.427, 2, 88649, 97871
2026/09/22 21:46:22.427, 3, 88649, 97871
2026/09/22 21:46:22.627, 0, 88649, 97871
2026/09/22 21:46:22.628, 1, 88649, 97871
2026/09/22 21:46:22.628, 2, 88649, 97871
2026/09/22 21:46:22.628, 3, 88649, 97871
2026/09/22 21:46:22.828, 0, 88649, 97871
2026/09/22 21:46:22.828, 1, 88649, 97871
2026/09/22 21:46:22.828, 2, 88649, 97871
2026/09/22 21:46:22.828, 3, 88649, 97871
2026/09/22 21:46:23.028, 0, 88649, 97871
2026/09/22 21:46:23.028, 1, 88649, 97871
2026/09/22 21:46:23.028, 2, 88649, 97871
2026/09/22 21:46:23.028, 3, 88649, 97871
2026/09/22 21:46:23.228, 0, 88649, 97871
2026/09/22 21:46:23.228, 1, 88649, 97871
2026/09/22 21:46:23.228, 2, 88649, 97871
2026/09/22 21:46:23.228, 3, 88649, 97871
2026/09/22 21:46:23.428, 0, 88649, 97871
2026/09/22 21:46:23.428, 1, 88649, 97871
2026/09/22 21:46:23.429, 2, 88649, 97871
2026/09/22 21:46:23.429, 3, 88649, 97871
2026/09/22 21:46:23.629, 0, 88649, 97871
2026/09/22 21:46:23.629, 1, 88649, 97871
2026/09/22 21:46:23.629, 2, 88649, 97871
2026/09/22 21:46:23.629, 3, 88649, 97871
2026/09/22 21:46:23.829, 0, 88649, 97871
2026/09/22 21:46:23.829, 1, 88649, 97871
2026/09/22 21:46:23.829, 2, 88649, 97871
2026/09/22 21:46:23.829, 3, 88649, 97871
2026/09/22 21:46:24.029, 0, 88649, 97871
2026/09/22 21:46:24.029, 1, 88649, 97871
2026/09/22 21:46:24.029, 2, 88649, 97871
2026/09/22 21:46:24.029, 3, 88649, 97871
2026/09/22 21:46:24.229, 0, 88649, 97871
2026/09/22 21:46:24.230, 1, 88649, 97871
2026/09/22 21:46:24.230, 2, 88649, 97871
2026/09/22 21:46:24.230, 3, 88649, 97871
2026/09/22 21:46:24.430, 0, 88649, 97871
2026/09/22 21:46:24.430, 1, 88649, 97871
2026/09/22 21:46:24.430, 2, 88649, 97871
2026/09/22 21:46:24.430, 3, 88649, 97871
2026/09/22 21:46:24.630, 0, 88649, 97871
2026/09/22 21:46:24.630, 1, 88649, 97871
2026/09/22 21:46:24.630, 2, 88649, 97871
2026/09/22 21:46:24.630, 3, 88649, 97871
2026/09/22 21:46:24.830, 0, 88649, 97871
2026/09/22 21:46:24.830, 1, 88649, 97871
2026/09/22 21:46:24.830, 2, 88649, 97871
2026/09/22 21:46:24.830, 3, 88649, 97871
2026/09/22 21:46:25.030, 0, 88649, 97871
2026/09/22 21:46:25.030, 1, 88649, 97871
2026/09/22 21:46:25.030, 2, 88649, 97871
2026/09/22 21:46:25.031, 3, 88649, 97871
2026/09/22 21:46:25.231, 0, 88649, 97871
2026/09/22 21:46:25.231, 1, 88649, 97871
2026/09/22 21:46:25.231, 2, 88649, 97871
2026/09/22 21:46:25.231, 3, 88649, 97871
2026/09/22 21:46:25.431, 0, 88649, 97871
2026/09/22 21:46:25.431, 1, 88649, 97871
2026/09/22 21:46:25.431, 2, 88649, 97871
2026/09/22 21:46:25.431, 3, 88649, 97871
2026/09/22 21:46:25.631, 0, 88649, 97871
2026/09/22 21:46:25.631, 1, 88649, 97871
2026/09/22 21:46:25.631, 2, 88649, 97871
2026/09/22 21:46:25.631, 3, 88649, 97871
2026/09/22 21:46:25.831, 0, 88649, 97871
2026/09/22 21:46:25.831, 1, 88649, 97871
2026/09/22 21:46:25.831, 2, 88649, 97871
2026/09/22 21:46:25.831, 3, 88649, 97871
2026/09/22 21:46:26.031, 0, 88649, 97871
2026/09/22 21:46:26.031, 1, 88649, 97871
2026/09/22 21:46:26.031, 2, 88649, 97871
2026/09/22 21:46:26.031, 3, 88649, 97871
2026/09/22 21:46:26.232, 0, 88649, 97871
2026/09/22 21:46:26.232, 1, 88649, 97871
2026/09/22 21:46:26.232, 2, 88649, 97871
2026/09/22 21:46:26.232, 3, 88649, 97871
2026/09/22 21:46:26.432, 0, 88649, 97871
2026/09/22 21:46:26.432, 1, 88649, 97871
2026/09/22 21:46:26.432, 2, 88649, 97871
2026/09/22 21:46:26.432, 3, 88649, 97871
2026/09/22 21:46:26.632, 0, 88649, 97871
2026/09/22 21:46:26.632, 1, 88649, 97871
2026/09/22 21:46:26.632, 2, 88649, 97871
2026/09/22 21:46:26.632, 3, 88649, 97871
2026/09/22 21:46:26.832, 0, 88649, 97871
2026/09/22 21:46:26.832, 1, 88649, 97871
2026/09/22 21:46:26.832, 2, 88649, 97871
2026/09/22 21:46:26.832, 3, 88649, 97871
2026/09/22 21:46:27.032, 0, 88649, 97871
2026/09/22 21:46:27.032, 1, 88649, 97871
2026/09/22 21:46:27.032, 2, 88649, 97871
2026/09/22 21:46:27.032, 3, 88649, 97871
2026/09/22 21:46:27.232, 0, 88649, 97871
2026/09/22 21:46:27.233, 1, 88649, 97871
2026/09/22 21:46:27.233, 2, 88649, 97871
2026/09/22 21:46:27.233, 3, 88649, 97871
2026/09/22 21:46:27.433, 0, 88649, 97871
2026/09/22 21:46:27.433, 1, 88649, 97871
2026/09/22 21:46:27.433, 2, 88649, 97871
2026/09/22 21:46:27.433, 3, 88649, 97871
2026/09/22 21:46:27.633, 0, 88649, 97871
2026/09/22 21:46:27.633, 1, 88649, 97871
2026/09/22 21:46:27.633, 2, 88649, 97871
2026/09/22 21:46:27.633, 3, 88649, 97871
2026/09/22 21:46:27.833, 0, 88649, 97871
2026/09/22 21:46:27.833, 1, 88649, 97871
2026/09/22 21:46:27.833, 2, 88649, 97871
2026/09/22 21:46:27.833, 3, 88649, 97871
2026/09/22 21:46:28.033, 0, 88649, 97871
2026/09/22 21:46:28.033, 1, 88649, 97871
2026/09/22 21:46:28.033, 2, 88649, 97871
2026/09/22 21:46:28.033, 3, 88649, 97871
2026/09/22 21:46:28.234, 0, 88649, 97871
2026/09/22 21:46:28.234, 1, 88649, 97871
2026/09/22 21:46:28.234, 2, 88649, 97871
2026/09/22 21:46:28.234, 3, 88649, 97871
2026/09/22 21:46:28.434, 0, 88649, 97871
2026/09/22 21:46:28.453, 1, 88649, 97871
2026/09/22 21:46:28.453, 2, 88649, 97871
2026/09/22 21:46:28.453, 3, 88649, 97871
2026/09/22 21:46:28.653, 0, 88649, 97871
2026/09/22 21:46:28.685, 1, 88649, 97871
2026/09/22 21:46:28.720, 2, 88649, 97871
2026/09/22 21:46:28.720, 3, 88649, 97871
2026/09/22 21:46:28.920, 0, 88649, 97871
2026/09/22 21:46:28.920, 1, 88649, 97871
2026/09/22 21:46:28.921, 2, 88649, 97871
2026/09/22 21:46:28.921, 3, 88649, 97871
2026/09/22 21:46:29.121, 0, 88649, 97871
2026/09/22 21:46:29.121, 1, 88649, 97871
2026/09/22 21:46:29.121, 2, 88649, 97871
2026/09/22 21:46:29.121, 3, 88649, 97871
2026/09/22 21:46:29.321, 0, 88649, 97871
2026/09/22 21:46:29.321, 1, 88649, 97871
2026/09/22 21:46:29.321, 2, 88649, 97871
2026/09/22 21:46:29.321, 3, 88649, 97871
2026/09/22 21:46:29.521, 0, 88649, 97871
2026/09/22 21:46:29.521, 1, 88649, 97871
2026/09/22 21:46:29.521, 2, 88649, 97871
2026/09/22 21:46:29.521, 3, 88649, 97871
2026/09/22 21:46:29.721, 0, 88649, 97871
2026/09/22 21:46:29.738, 1, 88649, 97871
2026/09/22 21:46:29.771, 2, 88649, 97871
2026/09/22 21:46:29.807, 3, 88649, 97871
2026/09/22 21:46:30.007, 0, 88649, 97871
2026/09/22 21:46:30.008, 1, 88649, 97871
2026/09/22 21:46:30.008, 2, 88649, 97871
2026/09/22 21:46:30.008, 3, 88649, 97871
2026/09/22 21:46:30.208, 0, 88649, 97871
2026/09/22 21:46:30.208, 1, 88649, 97871
2026/09/22 21:46:30.208, 2, 88649, 97871
2026/09/22 21:46:30.208, 3, 88649, 97871
2026/09/22 21:46:30.408, 0, 88649, 97871
2026/09/22 21:46:30.408, 1, 88649, 97871
2026/09/22 21:46:30.408, 2, 88649, 97871
2026/09/22 21:46:30.408, 3, 88649, 97871
2026/09/22 21:46:30.608, 0, 88649, 97871
2026/09/22 21:46:30.608, 1, 88649, 97871
2026/09/22 21:46:30.608, 2, 88649, 97871
2026/09/22 21:46:30.608, 3, 88649, 97871
2026/09/22 21:46:30.808, 0, 88649, 97871
2026/09/22 21:46:30.808, 1, 88649, 97871
2026/09/22 21:46:30.808, 2, 88649, 97871
2026/09/22 21:46:30.808, 3, 88649, 97871
2026/09/22 21:46:31.008, 0, 88649, 97871
2026/09/22 21:46:31.009, 1, 88649, 97871
2026/09/22 21:46:31.009, 2, 88649, 97871
2026/09/22 21:46:31.009, 3, 88649, 97871
2026/09/22 21:46:31.209, 0, 88649, 97871
2026/09/22 21:46:31.209, 1, 88649, 97871
2026/09/22 21:46:31.209, 2, 88649, 97871
2026/09/22 21:46:31.209, 3, 88649, 97871
2026/09/22 21:46:31.409, 0, 88649, 97871
2026/09/22 21:46:31.409, 1, 88649, 97871
2026/09/22 21:46:31.409, 2, 88649, 97871
2026/09/22 21:46:31.409, 3, 88649, 97871
2026/09/22 21:46:31.609, 0, 88649, 97871
2026/09/22 21:46:31.609, 1, 88649, 97871
2026/09/22 21:46:31.609, 2, 88649, 97871
2026/09/22 21:46:31.609, 3, 88649, 97871
2026/09/22 21:46:31.809, 0, 88649, 97871
2026/09/22 21:46:31.809, 1, 88649, 97871
2026/09/22 21:46:31.809, 2, 88649, 97871
2026/09/22 21:46:31.809, 3, 88649, 97871
2026/09/22 21:46:32.009, 0, 88649, 97871
2026/09/22 21:46:32.009, 1, 88649, 97871
2026/09/22 21:46:32.009, 2, 88649, 97871
2026/09/22 21:46:32.009, 3, 88649, 97871
2026/09/22 21:46:32.210, 0, 88649, 97871
2026/09/22 21:46:32.210, 1, 88649, 97871
2026/09/22 21:46:32.210, 2, 88649, 97871
2026/09/22 21:46:32.210, 3, 88649, 97871
2026/09/22 21:46:32.410, 0, 88649, 97871
2026/09/22 21:46:32.410, 1, 88649, 97871
2026/09/22 21:46:32.410, 2, 88649, 97871
2026/09/22 21:46:32.410, 3, 88649, 97871
2026/09/22 21:46:32.610, 0, 88649, 97871
2026/09/22 21:46:32.610, 1, 88649, 97871
2026/09/22 21:46:32.610, 2, 88649, 97871
2026/09/22 21:46:32.610, 3, 88649, 97871
2026/09/22 21:46:32.810, 0, 88649, 97871
2026/09/22 21:46:32.810, 1, 88649, 97871
2026/09/22 21:46:32.810, 2, 88649, 97871
2026/09/22 21:46:32.810, 3, 88649, 97871
2026/09/22 21:46:33.010, 0, 88649, 97871
2026/09/22 21:46:33.010, 1, 88649, 97871
2026/09/22 21:46:33.010, 2, 88649, 97871
2026/09/22 21:46:33.010, 3, 88649, 97871
2026/09/22 21:46:33.210, 0, 88649, 97871
2026/09/22 21:46:33.211, 1, 88649, 97871
2026/09/22 21:46:33.211, 2, 88649, 97871
2026/09/22 21:46:33.211, 3, 88649, 97871
2026/09/22 21:46:33.411, 0, 88649, 97871
2026/09/22 21:46:33.411, 1, 88649, 97871
2026/09/22 21:46:33.411, 2, 88649, 97871
2026/09/22 21:46:33.411, 3, 88649, 97871
2026/09/22 21:46:33.611, 0, 88649, 97871
2026/09/22 21:46:33.611, 1, 88649, 97871
2026/09/22 21:46:33.611, 2, 88649, 97871
2026/09/22 21:46:33.611, 3, 88649, 97871
2026/09/22 21:46:33.811, 0, 88649, 97871
2026/09/22 21:46:33.811, 1, 88649, 97871
2026/09/22 21:46:33.811, 2, 88649, 97871
2026/09/22 21:46:33.811, 3, 88649, 97871
2026/09/22 21:46:34.011, 0, 88649, 97871
2026/09/22 21:46:34.011, 1, 88649, 97871
2026/09/22 21:46:34.011, 2, 88649, 97871
2026/09/22 21:46:34.011, 3, 88649, 97871
2026/09/22 21:46:34.211, 0, 88649, 97871
2026/09/22 21:46:34.211, 1, 88649, 97871
2026/09/22 21:46:34.211, 2, 88649, 97871
2026/09/22 21:46:34.212, 3, 88649, 97871
2026/09/22 21:46:34.412, 0, 88649, 97871
2026/09/22 21:46:34.412, 1, 88649, 97871
2026/09/22 21:46:34.412, 2, 88649, 97871
2026/09/22 21:46:34.412, 3, 88649, 97871
2026/09/22 21:46:34.612, 0, 88649, 97871
2026/09/22 21:46:34.612, 1, 88649, 97871
2026/09/22 21:46:34.612, 2, 88649, 97871
2026/09/22 21:46:34.612, 3, 88649, 97871
2026/09/22 21:46:34.812, 0, 88649, 97871
2026/09/22 21:46:34.812, 1, 88649, 97871
2026/09/22 21:46:34.812, 2, 88649, 97871
2026/09/22 21:46:34.812, 3, 88649, 97871
2026/09/22 21:46:35.012, 0, 88649, 97871
2026/09/22 21:46:35.012, 1, 88649, 97871
2026/09/22 21:46:35.012, 2, 88649, 97871
2026/09/22 21:46:35.012, 3, 88649, 97871
2026/09/22 21:46:35.212, 0, 88649, 97871
2026/09/22 21:46:35.212, 1, 88649, 97871
2026/09/22 21:46:35.212, 2, 88649, 97871
2026/09/22 21:46:35.212, 3, 88649, 97871
2026/09/22 21:46:35.413, 0, 88649, 97871
2026/09/22 21:46:35.413, 1, 88649, 97871
2026/09/22 21:46:35.413, 2, 88649, 97871
2026/09/22 21:46:35.413, 3, 88649, 97871
2026/09/22 21:46:35.613, 0, 88649, 97871
2026/09/22 21:46:35.613, 1, 88649, 97871
2026/09/22 21:46:35.613, 2, 88649, 97871
2026/09/22 21:46:35.613, 3, 88649, 97871
2026/09/22 21:46:35.813, 0, 88649, 97871
2026/09/22 21:46:35.813, 1, 88649, 97871
2026/09/22 21:46:35.813, 2, 88649, 97871
2026/09/22 21:46:35.813, 3, 88649, 97871
2026/09/22 21:46:36.013, 0, 88649, 97871
2026/09/22 21:46:36.013, 1, 88649, 97871
2026/09/22 21:46:36.013, 2, 88649, 97871
2026/09/22 21:46:36.013, 3, 88649, 97871
2026/09/22 21:46:36.213, 0, 88649, 97871
2026/09/22 21:46:36.213, 1, 88649, 97871
2026/09/22 21:46:36.213, 2, 88649, 97871
2026/09/22 21:46:36.213, 3, 88649, 97871
2026/09/22 21:46:36.414, 0, 88649, 97871
2026/09/22 21:46:36.414, 1, 88649, 97871
2026/09/22 21:46:36.414, 2, 88649, 97871
2026/09/22 21:46:36.414, 3, 88649, 97871
2026/09/22 21:46:36.614, 0, 88649, 97871
2026/09/22 21:46:36.614, 1, 88649, 97871
2026/09/22 21:46:36.614, 2, 88649, 97871
2026/09/22 21:46:36.614, 3, 88649, 97871
2026/09/22 21:46:36.814, 0, 88649, 97871
2026/09/22 21:46:36.814, 1, 88649, 97871
2026/09/22 21:46:36.814, 2, 88649, 97871
2026/09/22 21:46:36.814, 3, 88649, 97871
2026/09/22 21:46:37.014, 0, 88649, 97871
2026/09/22 21:46:37.014, 1, 88649, 97871
2026/09/22 21:46:37.014, 2, 88649, 97871
2026/09/22 21:46:37.014, 3, 88649, 97871
2026/09/22 21:46:37.214, 0, 88649, 97871
2026/09/22 21:46:37.214, 1, 88649, 97871
2026/09/22 21:46:37.214, 2, 88649, 97871
2026/09/22 21:46:37.214, 3, 88649, 97871
2026/09/22 21:46:37.414, 0, 88649, 97871
2026/09/22 21:46:37.414, 1, 88649, 97871
2026/09/22 21:46:37.415, 2, 88649, 97871
2026/09/22 21:46:37.415, 3, 88649, 97871
2026/09/22 21:46:37.615, 0, 88649, 97871
2026/09/22 21:46:37.615, 1, 88649, 97871
2026/09/22 21:46:37.615, 2, 88649, 97871
2026/09/22 21:46:37.615, 3, 88649, 97871
2026/09/22 21:46:37.815, 0, 88649, 97871
2026/09/22 21:46:37.815, 1, 88649, 97871
2026/09/22 21:46:37.815, 2, 88649, 97871
2026/09/22 21:46:37.815, 3, 88649, 97871
2026/09/22 21:46:38.015, 0, 88649, 97871
2026/09/22 21:46:38.015, 1, 88649, 97871
2026/09/22 21:46:38.015, 2, 88649, 97871
2026/09/22 21:46:38.015, 3, 88649, 97871
2026/09/22 21:46:38.215, 0, 88649, 97871
2026/09/22 21:46:38.215, 1, 88649, 97871
2026/09/22 21:46:38.215, 2, 88649, 97871
2026/09/22 21:46:38.215, 3, 88649, 97871
2026/09/22 21:46:38.415, 0, 88649, 97871
2026/09/22 21:46:38.415, 1, 88649, 97871
2026/09/22 21:46:38.415, 2, 88649, 97871
2026/09/22 21:46:38.415, 3, 88649, 97871
2026/09/22 21:46:38.615, 0, 88649, 97871
2026/09/22 21:46:38.616, 1, 88649, 97871
2026/09/22 21:46:38.616, 2, 88649, 97871
2026/09/22 21:46:38.616, 3, 88649, 97871
2026/09/22 21:46:38.816, 0, 88649, 97871
2026/09/22 21:46:38.816, 1, 88649, 97871
2026/09/22 21:46:38.816, 2, 88649, 97871
2026/09/22 21:46:38.816, 3, 88649, 97871
2026/09/22 21:46:39.016, 0, 88649, 97871
2026/09/22 21:46:39.016, 1, 88649, 97871
2026/09/22 21:46:39.016, 2, 88649, 97871
2026/09/22 21:46:39.016, 3, 88649, 97871
2026/09/22 21:46:39.216, 0, 88649, 97871
2026/09/22 21:46:39.216, 1, 88649, 97871
2026/09/22 21:46:39.216, 2, 88649, 97871
2026/09/22 21:46:39.216, 3, 88649, 97871
2026/09/22 21:46:39.416, 0, 88649, 97871
2026/09/22 21:46:39.417, 1, 88649, 97871
2026/09/22 21:46:39.417, 2, 88649, 97871
2026/09/22 21:46:39.417, 3, 88649, 97871
2026/09/22 21:46:39.617, 0, 88649, 97871
2026/09/22 21:46:39.617, 1, 88649, 97871
2026/09/22 21:46:39.617, 2, 88649, 97871
2026/09/22 21:46:39.617, 3, 88649, 97871
2026/09/22 21:46:39.817, 0, 88649, 97871
2026/09/22 21:46:39.817, 1, 88649, 97871
2026/09/22 21:46:39.817, 2, 88649, 97871
2026/09/22 21:46:39.817, 3, 88649, 97871
2026/09/22 21:46:40.017, 0, 88649, 97871
2026/09/22 21:46:40.017, 1, 88649, 97871
2026/09/22 21:46:40.017, 2, 88649, 97871
2026/09/22 21:46:40.017, 3, 88649, 97871
2026/09/22 21:46:40.217, 0, 88649, 97871
2026/09/22 21:46:40.218, 1, 88649, 97871
2026/09/22 21:46:40.218, 2, 88649, 97871
2026/09/22 21:46:40.218, 3, 88649, 97871
2026/09/22 21:46:40.418, 0, 88649, 97871
2026/09/22 21:46:40.418, 1, 88649, 97871
2026/09/22 21:46:40.418, 2, 88649, 97871
2026/09/22 21:46:40.418, 3, 88649, 97871
2026/09/22 21:46:40.618, 0, 88649, 97871
2026/09/22 21:46:40.618, 1, 88649, 97871
2026/09/22 21:46:40.618, 2, 88649, 97871
2026/09/22 21:46:40.618, 3, 88649, 97871
2026/09/22 21:46:40.818, 0, 88649, 97871
2026/09/22 21:46:40.818, 1, 88649, 97871
2026/09/22 21:46:40.818, 2, 88649, 97871
2026/09/22 21:46:40.819, 3, 88649, 97871
2026/09/22 21:46:41.019, 0, 88649, 97871
2026/09/22 21:46:41.019, 1, 88649, 97871
2026/09/22 21:46:41.019, 2, 88649, 97871
2026/09/22 21:46:41.019, 3, 88649, 97871
2026/09/22 21:46:41.219, 0, 88649, 97871
2026/09/22 21:46:41.219, 1, 88649, 97871
2026/09/22 21:46:41.219, 2, 88649, 97871
2026/09/22 21:46:41.219, 3, 88649, 97871
2026/09/22 21:46:41.419, 0, 88649, 97871
2026/09/22 21:46:41.419, 1, 88649, 97871
2026/09/22 21:46:41.419, 2, 88649, 97871
2026/09/22 21:46:41.419, 3, 88649, 97871
2026/09/22 21:46:41.619, 0, 88649, 97871
2026/09/22 21:46:41.619, 1, 88649, 97871
2026/09/22 21:46:41.619, 2, 88649, 97871
2026/09/22 21:46:41.619, 3, 88649, 97871
2026/09/22 21:46:41.819, 0, 88649, 97871
2026/09/22 21:46:41.820, 1, 88649, 97871
2026/09/22 21:46:41.820, 2, 88649, 97871
2026/09/22 21:46:41.820, 3, 88649, 97871
2026/09/22 21:46:42.020, 0, 88649, 97871
2026/09/22 21:46:42.020, 1, 88649, 97871
2026/09/22 21:46:42.020, 2, 88649, 97871
2026/09/22 21:46:42.020, 3, 88649, 97871
2026/09/22 21:46:42.220, 0, 88649, 97871
2026/09/22 21:46:42.220, 1, 88649, 97871
2026/09/22 21:46:42.220, 2, 88649, 97871
2026/09/22 21:46:42.220, 3, 88649, 97871
2026/09/22 21:46:42.420, 0, 88649, 97871
2026/09/22 21:46:42.420, 1, 88649, 97871
2026/09/22 21:46:42.420, 2, 88649, 97871
2026/09/22 21:46:42.420, 3, 88649, 97871
2026/09/22 21:46:42.620, 0, 88649, 97871
2026/09/22 21:46:42.620, 1, 88649, 97871
2026/09/22 21:46:42.620, 2, 88649, 97871
2026/09/22 21:46:42.620, 3, 88649, 97871
2026/09/22 21:46:42.821, 0, 88649, 97871
2026/09/22 21:46:42.821, 1, 88649, 97871
2026/09/22 21:46:42.821, 2, 88649, 97871
2026/09/22 21:46:42.821, 3, 88649, 97871
2026/09/22 21:46:43.021, 0, 88649, 97871
2026/09/22 21:46:43.021, 1, 88649, 97871
2026/09/22 21:46:43.021, 2, 88649, 97871
2026/09/22 21:46:43.021, 3, 88649, 97871
2026/09/22 21:46:43.221, 0, 88649, 97871
2026/09/22 21:46:43.221, 1, 88649, 97871
2026/09/22 21:46:43.221, 2, 88649, 97871
2026/09/22 21:46:43.221, 3, 88649, 97871
2026/09/22 21:46:43.421, 0, 88649, 97871
2026/09/22 21:46:43.421, 1, 88649, 97871
2026/09/22 21:46:43.421, 2, 88649, 97871
2026/09/22 21:46:43.421, 3, 88649, 97871
2026/09/22 21:46:43.621, 0, 88649, 97871
2026/09/22 21:46:43.621, 1, 88649, 97871
2026/09/22 21:46:43.621, 2, 88649, 97871
2026/09/22 21:46:43.621, 3, 88649, 97871
2026/09/22 21:46:43.822, 0, 88649, 97871
2026/09/22 21:46:43.822, 1, 88649, 97871
2026/09/22 21:46:43.822, 2, 88649, 97871
2026/09/22 21:46:43.822, 3, 88649, 97871
2026/09/22 21:46:44.022, 0, 88649, 97871
2026/09/22 21:46:44.022, 1, 88649, 97871
2026/09/22 21:46:44.022, 2, 88649, 97871
2026/09/22 21:46:44.022, 3, 88649, 97871
2026/09/22 21:46:44.222, 0, 88649, 97871
2026/09/22 21:46:44.222, 1, 88649, 97871
2026/09/22 21:46:44.222, 2, 88649, 97871
2026/09/22 21:46:44.222, 3, 88649, 97871
2026/09/22 21:46:44.422, 0, 88649, 97871
2026/09/22 21:46:44.422, 1, 88649, 97871
2026/09/22 21:46:44.422, 2, 88649, 97871
2026/09/22 21:46:44.422, 3, 88649, 97871
2026/09/22 21:46:44.622, 0, 88649, 97871
2026/09/22 21:46:44.622, 1, 88649, 97871
2026/09/22 21:46:44.622, 2, 88649, 97871
2026/09/22 21:46:44.622, 3, 88649, 97871
2026/09/22 21:46:44.823, 0, 88649, 97871
2026/09/22 21:46:44.823, 1, 88649, 97871
2026/09/22 21:46:44.823, 2, 88649, 97871
2026/09/22 21:46:44.823, 3, 88649, 97871
2026/09/22 21:46:45.023, 0, 88649, 97871
2026/09/22 21:46:45.023, 1, 88649, 97871
2026/09/22 21:46:45.023, 2, 88649, 97871
2026/09/22 21:46:45.023, 3, 88649, 97871
2026/09/22 21:46:45.223, 0, 88649, 97871
2026/09/22 21:46:45.223, 1, 88649, 97871
2026/09/22 21:46:45.223, 2, 88649, 97871
2026/09/22 21:46:45.223, 3, 88649, 97871
2026/09/22 21:46:45.423, 0, 88649, 97871
2026/09/22 21:46:45.423, 1, 88649, 97871
2026/09/22 21:46:45.423, 2, 88649, 97871
2026/09/22 21:46:45.423, 3, 88649, 97871
2026/09/22 21:46:45.623, 0, 88649, 97871
2026/09/22 21:46:45.623, 1, 88649, 97871
2026/09/22 21:46:45.624, 2, 88649, 97871
2026/09/22 21:46:45.624, 3, 88649, 97871
2026/09/22 21:46:45.824, 0, 88649, 97871
2026/09/22 21:46:45.824, 1, 88649, 97871
2026/09/22 21:46:45.824, 2, 88649, 97871
2026/09/22 21:46:45.824, 3, 88649, 97871
2026/09/22 21:46:46.024, 0, 88649, 97871
2026/09/22 21:46:46.024, 1, 88649, 97871
2026/09/22 21:46:46.024, 2, 88649, 97871
2026/09/22 21:46:46.024, 3, 88649, 97871
2026/09/22 21:46:46.224, 0, 88649, 97871
2026/09/22 21:46:46.224, 1, 88649, 97871
2026/09/22 21:46:46.224, 2, 88649, 97871
2026/09/22 21:46:46.224, 3, 88649, 97871
2026/09/22 21:46:46.425, 0, 88649, 97871
2026/09/22 21:46:46.425, 1, 88649, 97871
2026/09/22 21:46:46.425, 2, 88649, 97871
2026/09/22 21:46:46.425, 3, 88649, 97871
2026/09/22 21:46:46.625, 0, 88649, 97871
2026/09/22 21:46:46.625, 1, 88649, 97871
2026/09/22 21:46:46.625, 2, 88649, 97871
2026/09/22 21:46:46.625, 3, 88649, 97871
2026/09/22 21:46:46.825, 0, 88649, 97871
2026/09/22 21:46:46.825, 1, 88649, 97871
2026/09/22 21:46:46.825, 2, 88649, 97871
2026/09/22 21:46:46.825, 3, 88649, 97871
2026/09/22 21:46:47.025, 0, 88649, 97871
2026/09/22 21:46:47.025, 1, 88649, 97871
2026/09/22 21:46:47.025, 2, 88649, 97871
2026/09/22 21:46:47.025, 3, 88649, 97871
2026/09/22 21:46:47.225, 0, 88649, 97871
2026/09/22 21:46:47.225, 1, 88649, 97871
2026/09/22 21:46:47.225, 2, 88649, 97871
2026/09/22 21:46:47.225, 3, 88649, 97871
2026/09/22 21:46:47.426, 0, 88649, 97871
2026/09/22 21:46:47.426, 1, 88649, 97871
2026/09/22 21:46:47.426, 2, 88649, 97871
2026/09/22 21:46:47.426, 3, 88649, 97871
2026/09/22 21:46:47.626, 0, 88649, 97871
2026/09/22 21:46:47.626, 1, 88649, 97871
2026/09/22 21:46:47.626, 2, 88649, 97871
2026/09/22 21:46:47.626, 3, 88649, 97871
2026/09/22 21:46:47.826, 0, 88649, 97871
2026/09/22 21:46:47.826, 1, 88649, 97871
2026/09/22 21:46:47.826, 2, 88649, 97871
2026/09/22 21:46:47.826, 3, 88649, 97871
2026/09/22 21:46:48.026, 0, 88649, 97871
2026/09/22 21:46:48.026, 1, 88649, 97871
2026/09/22 21:46:48.026, 2, 88649, 97871
2026/09/22 21:46:48.026, 3, 88649, 97871
2026/09/22 21:46:48.226, 0, 88649, 97871
2026/09/22 21:46:48.227, 1, 88649, 97871
2026/09/22 21:46:48.227, 2, 88649, 97871
2026/09/22 21:46:48.227, 3, 88649, 97871
2026/09/22 21:46:48.427, 0, 88649, 97871
2026/09/22 21:46:48.427, 1, 88649, 97871
2026/09/22 21:46:48.427, 2, 88649, 97871
2026/09/22 21:46:48.427, 3, 88649, 97871
2026/09/22 21:46:48.627, 0, 88649, 97871
2026/09/22 21:46:48.627, 1, 88649, 97871
2026/09/22 21:46:48.627, 2, 88649, 97871
2026/09/22 21:46:48.627, 3, 88649, 97871
2026/09/22 21:46:48.827, 0, 88649, 97871
2026/09/22 21:46:48.827, 1, 88649, 97871
2026/09/22 21:46:48.827, 2, 88649, 97871
2026/09/22 21:46:48.827, 3, 88649, 97871
2026/09/22 21:46:49.027, 0, 88649, 97871
2026/09/22 21:46:49.027, 1, 88649, 97871
2026/09/22 21:46:49.027, 2, 88649, 97871
2026/09/22 21:46:49.028, 3, 88649, 97871
2026/09/22 21:46:49.228, 0, 88649, 97871
2026/09/22 21:46:49.228, 1, 88649, 97871
2026/09/22 21:46:49.228, 2, 88649, 97871
2026/09/22 21:46:49.228, 3, 88649, 97871
2026/09/22 21:46:49.428, 0, 88649, 97871
2026/09/22 21:46:49.428, 1, 88649, 97871
2026/09/22 21:46:49.428, 2, 88649, 97871
2026/09/22 21:46:49.428, 3, 88649, 97871
2026/09/22 21:46:49.628, 0, 88649, 97871
2026/09/22 21:46:49.628, 1, 88649, 97871
2026/09/22 21:46:49.628, 2, 88649, 97871
2026/09/22 21:46:49.628, 3, 88649, 97871
2026/09/22 21:46:49.828, 0, 88649, 97871
2026/09/22 21:46:49.828, 1, 88649, 97871
2026/09/22 21:46:49.828, 2, 88649, 97871
2026/09/22 21:46:49.828, 3, 88649, 97871
2026/09/22 21:46:50.029, 0, 88649, 97871
2026/09/22 21:46:50.029, 1, 88649, 97871
2026/09/22 21:46:50.029, 2, 88649, 97871
2026/09/22 21:46:50.029, 3, 88649, 97871
2026/09/22 21:46:50.229, 0, 88649, 97871
2026/09/22 21:46:50.229, 1, 88649, 97871
2026/09/22 21:46:50.229, 2, 88649, 97871
2026/09/22 21:46:50.229, 3, 88649, 97871
2026/09/22 21:46:50.429, 0, 88649, 97871
2026/09/22 21:46:50.429, 1, 88649, 97871
2026/09/22 21:46:50.429, 2, 88649, 97871
2026/09/22 21:46:50.429, 3, 88649, 97871
2026/09/22 21:46:50.629, 0, 88649, 97871
2026/09/22 21:46:50.629, 1, 88649, 97871
2026/09/22 21:46:50.629, 2, 88649, 97871
2026/09/22 21:46:50.629, 3, 88649, 97871
2026/09/22 21:46:50.829, 0, 88649, 97871
2026/09/22 21:46:50.829, 1, 88649, 97871
2026/09/22 21:46:50.829, 2, 88649, 97871
2026/09/22 21:46:50.830, 3, 88649, 97871
2026/09/22 21:46:51.030, 0, 88649, 97871
2026/09/22 21:46:51.030, 1, 88649, 97871
2026/09/22 21:46:51.030, 2, 88649, 97871
2026/09/22 21:46:51.030, 3, 88649, 97871
2026/09/22 21:46:51.230, 0, 88649, 97871
2026/09/22 21:46:51.230, 1, 88649, 97871
2026/09/22 21:46:51.230, 2, 88649, 97871
2026/09/22 21:46:51.230, 3, 88649, 97871
2026/09/22 21:46:51.430, 0, 88649, 97871
2026/09/22 21:46:51.430, 1, 88649, 97871
2026/09/22 21:46:51.430, 2, 88649, 97871
2026/09/22 21:46:51.430, 3, 88649, 97871
2026/09/22 21:46:51.630, 0, 88649, 97871
2026/09/22 21:46:51.630, 1, 88649, 97871
2026/09/22 21:46:51.630, 2, 88649, 97871
2026/09/22 21:46:51.630, 3, 88649, 97871
2026/09/22 21:46:51.830, 0, 88649, 97871
2026/09/22 21:46:51.831, 1, 88649, 97871
2026/09/22 21:46:51.831, 2, 88649, 97871
2026/09/22 21:46:51.831, 3, 88649, 97871
2026/09/22 21:46:52.031, 0, 88649, 97871
2026/09/22 21:46:52.031, 1, 88649, 97871
2026/09/22 21:46:52.031, 2, 88649, 97871
2026/09/22 21:46:52.031, 3, 88649, 97871
2026/09/22 21:46:52.231, 0, 88649, 97871
2026/09/22 21:46:52.231, 1, 88649, 97871
2026/09/22 21:46:52.231, 2, 88649, 97871
2026/09/22 21:46:52.231, 3, 88649, 97871
2026/09/22 21:46:52.431, 0, 88649, 97871
2026/09/22 21:46:52.431, 1, 88649, 97871
2026/09/22 21:46:52.431, 2, 88649, 97871
2026/09/22 21:46:52.431, 3, 88649, 97871
2026/09/22 21:46:52.631, 0, 88649, 97871
2026/09/22 21:46:52.631, 1, 88649, 97871
2026/09/22 21:46:52.632, 2, 88649, 97871
2026/09/22 21:46:52.632, 3, 88649, 97871
2026/09/22 21:46:52.832, 0, 88649, 97871
2026/09/22 21:46:52.832, 1, 88649, 97871
2026/09/22 21:46:52.832, 2, 88649, 97871
2026/09/22 21:46:52.832, 3, 88649, 97871
2026/09/22 21:46:53.032, 0, 88649, 97871
2026/09/22 21:46:53.032, 1, 88649, 97871
2026/09/22 21:46:53.032, 2, 88649, 97871
2026/09/22 21:46:53.032, 3, 88649, 97871
2026/09/22 21:46:53.232, 0, 88649, 97871
2026/09/22 21:46:53.232, 1, 88649, 97871
2026/09/22 21:46:53.232, 2, 88649, 97871
2026/09/22 21:46:53.232, 3, 88649, 97871
2026/09/22 21:46:53.432, 0, 88649, 97871
2026/09/22 21:46:53.432, 1, 88649, 97871
2026/09/22 21:46:53.433, 2, 88649, 97871
2026/09/22 21:46:53.433, 3, 88649, 97871
2026/09/22 21:46:53.633, 0, 88649, 97871
2026/09/22 21:46:53.633, 1, 88649, 97871
2026/09/22 21:46:53.633, 2, 88649, 97871
2026/09/22 21:46:53.633, 3, 88649, 97871
2026/09/22 21:46:53.833, 0, 88649, 97871
2026/09/22 21:46:53.833, 1, 88649, 97871
2026/09/22 21:46:53.833, 2, 88649, 97871
2026/09/22 21:46:53.833, 3, 88649, 97871
2026/09/22 21:46:54.033, 0, 88649, 97871
2026/09/22 21:46:54.033, 1, 88649, 97871
2026/09/22 21:46:54.033, 2, 88649, 97871
2026/09/22 21:46:54.033, 3, 88649, 97871
2026/09/22 21:46:54.233, 0, 88649, 97871
2026/09/22 21:46:54.233, 1, 88649, 97871
2026/09/22 21:46:54.234, 2, 88649, 97871
2026/09/22 21:46:54.234, 3, 88649, 97871
2026/09/22 21:46:54.434, 0, 88649, 97871
2026/09/22 21:46:54.434, 1, 88649, 97871
2026/09/22 21:46:54.434, 2, 88649, 97871
2026/09/22 21:46:54.434, 3, 88649, 97871
2026/09/22 21:46:54.634, 0, 88649, 97871
2026/09/22 21:46:54.634, 1, 88649, 97871
2026/09/22 21:46:54.634, 2, 88649, 97871
2026/09/22 21:46:54.634, 3, 88649, 97871
2026/09/22 21:46:54.834, 0, 88649, 97871
2026/09/22 21:46:54.834, 1, 88649, 97871
2026/09/22 21:46:54.834, 2, 88649, 97871
2026/09/22 21:46:54.834, 3, 88649, 97871
2026/09/22 21:46:55.034, 0, 88649, 97871
2026/09/22 21:46:55.034, 1, 88649, 97871
2026/09/22 21:46:55.034, 2, 88649, 97871
2026/09/22 21:46:55.034, 3, 88649, 97871
2026/09/22 21:46:55.235, 0, 88649, 97871
2026/09/22 21:46:55.235, 1, 88649, 97871
2026/09/22 21:46:55.235, 2, 88649, 97871
2026/09/22 21:46:55.235, 3, 88649, 97871
2026/09/22 21:46:55.435, 0, 88649, 97871
2026/09/22 21:46:55.435, 1, 88649, 97871
2026/09/22 21:46:55.435, 2, 88649, 97871
2026/09/22 21:46:55.435, 3, 88649, 97871
2026/09/22 21:46:55.635, 0, 88649, 97871
2026/09/22 21:46:55.635, 1, 88649, 97871
2026/09/22 21:46:55.635, 2, 88649, 97871
2026/09/22 21:46:55.635, 3, 88649, 97871
2026/09/22 21:46:55.835, 0, 88649, 97871
2026/09/22 21:46:55.835, 1, 88649, 97871
2026/09/22 21:46:55.835, 2, 88649, 97871
2026/09/22 21:46:55.835, 3, 88649, 97871
2026/09/22 21:46:56.036, 0, 88649, 97871
2026/09/22 21:46:56.036, 1, 88649, 97871
2026/09/22 21:46:56.036, 2, 88649, 97871
2026/09/22 21:46:56.036, 3, 88649, 97871
2026/09/22 21:46:56.236, 0, 88649, 97871
2026/09/22 21:46:56.236, 1, 88649, 97871
2026/09/22 21:46:56.236, 2, 88649, 97871
2026/09/22 21:46:56.236, 3, 88649, 97871
2026/09/22 21:46:56.436, 0, 88649, 97871
2026/09/22 21:46:56.436, 1, 88649, 97871
2026/09/22 21:46:56.436, 2, 88649, 97871
2026/09/22 21:46:56.436, 3, 88649, 97871
2026/09/22 21:46:56.636, 0, 88649, 97871
2026/09/22 21:46:56.636, 1, 88649, 97871
2026/09/22 21:46:56.636, 2, 88649, 97871
2026/09/22 21:46:56.636, 3, 88649, 97871
2026/09/22 21:46:56.837, 0, 88649, 97871
2026/09/22 21:46:56.837, 1, 88649, 97871
2026/09/22 21:46:56.837, 2, 88649, 97871
2026/09/22 21:46:56.837, 3, 88649, 97871
2026/09/22 21:46:57.037, 0, 88649, 97871
2026/09/22 21:46:57.037, 1, 88649, 97871
2026/09/22 21:46:57.037, 2, 88649, 97871
2026/09/22 21:46:57.037, 3, 88649, 97871
2026/09/22 21:46:57.237, 0, 88649, 97871
2026/09/22 21:46:57.237, 1, 88649, 97871
2026/09/22 21:46:57.237, 2, 88649, 97871
2026/09/22 21:46:57.237, 3, 88649, 97871
2026/09/22 21:46:57.437, 0, 88649, 97871
2026/09/22 21:46:57.437, 1, 88649, 97871
2026/09/22 21:46:57.437, 2, 88649, 97871
2026/09/22 21:46:57.437, 3, 88649, 97871
2026/09/22 21:46:57.637, 0, 88649, 97871
2026/09/22 21:46:57.637, 1, 88649, 97871
2026/09/22 21:46:57.637, 2, 88649, 97871
2026/09/22 21:46:57.638, 3, 88649, 97871
2026/09/22 21:46:57.838, 0, 88649, 97871
2026/09/22 21:46:57.838, 1, 88649, 97871
2026/09/22 21:46:57.838, 2, 88649, 97871
2026/09/22 21:46:57.838, 3, 88649, 97871
2026/09/22 21:46:58.038, 0, 88649, 97871
2026/09/22 21:46:58.038, 1, 88649, 97871
2026/09/22 21:46:58.038, 2, 88649, 97871
2026/09/22 21:46:58.038, 3, 88649, 97871
2026/09/22 21:46:58.238, 0, 88649, 97871
2026/09/22 21:46:58.238, 1, 88649, 97871
2026/09/22 21:46:58.238, 2, 88649, 97871
2026/09/22 21:46:58.238, 3, 88649, 97871
2026/09/22 21:46:58.438, 0, 88649, 97871
2026/09/22 21:46:58.438, 1, 88649, 97871
2026/09/22 21:46:58.438, 2, 88649, 97871
2026/09/22 21:46:58.438, 3, 88649, 97871
2026/09/22 21:46:58.639, 0, 88649, 97871
2026/09/22 21:46:58.639, 1, 88649, 97871
2026/09/22 21:46:58.639, 2, 88649, 97871
2026/09/22 21:46:58.639, 3, 88649, 97871
2026/09/22 21:46:58.839, 0, 88649, 97871
2026/09/22 21:46:58.839, 1, 88649, 97871
2026/09/22 21:46:58.839, 2, 88649, 97871
2026/09/22 21:46:58.839, 3, 88649, 97871
2026/09/22 21:46:59.039, 0, 88649, 97871
2026/09/22 21:46:59.039, 1, 88649, 97871
2026/09/22 21:46:59.039, 2, 88649, 97871
2026/09/22 21:46:59.039, 3, 88649, 97871
2026/09/22 21:46:59.239, 0, 88649, 97871
2026/09/22 21:46:59.239, 1, 88649, 97871
2026/09/22 21:46:59.239, 2, 88649, 97871
2026/09/22 21:46:59.239, 3, 88649, 97871
2026/09/22 21:46:59.439, 0, 88649, 97871
2026/09/22 21:46:59.439, 1, 88649, 97871
2026/09/22 21:46:59.439, 2, 88649, 97871
2026/09/22 21:46:59.439, 3, 88649, 97871
2026/09/22 21:46:59.640, 0, 88649, 97871
2026/09/22 21:46:59.640, 1, 88649, 97871
2026/09/22 21:46:59.640, 2, 88649, 97871
2026/09/22 21:46:59.640, 3, 88649, 97871
2026/09/22 21:46:59.840, 0, 88649, 97871
2026/09/22 21:46:59.840, 1, 88649, 97871
2026/09/22 21:46:59.840, 2, 88649, 97871
2026/09/22 21:46:59.840, 3, 88649, 97871
2026/09/22 21:47:00.040, 0, 88649, 97871
2026/09/22 21:47:00.040, 1, 88649, 97871
2026/09/22 21:47:00.040, 2, 88649, 97871
2026/09/22 21:47:00.040, 3, 88649, 97871
2026/09/22 21:47:00.240, 0, 88649, 97871
2026/09/22 21:47:00.240, 1, 88649, 97871
2026/09/22 21:47:00.240, 2, 88649, 97871
2026/09/22 21:47:00.240, 3, 88649, 97871
2026/09/22 21:47:00.440, 0, 88649, 97871
2026/09/22 21:47:00.441, 1, 88649, 97871
2026/09/22 21:47:00.441, 2, 88649, 97871
2026/09/22 21:47:00.441, 3, 88649, 97871
2026/09/22 21:47:00.641, 0, 88649, 97871
2026/09/22 21:47:00.641, 1, 88649, 97871
2026/09/22 21:47:00.641, 2, 88649, 97871
2026/09/22 21:47:00.641, 3, 88649, 97871
2026/09/22 21:47:00.841, 0, 88649, 97871
2026/09/22 21:47:00.841, 1, 88649, 97871
2026/09/22 21:47:00.841, 2, 88649, 97871
2026/09/22 21:47:00.841, 3, 88649, 97871
2026/09/22 21:47:01.041, 0, 88649, 97871
2026/09/22 21:47:01.041, 1, 88649, 97871
2026/09/22 21:47:01.041, 2, 88649, 97871
2026/09/22 21:47:01.041, 3, 88649, 97871
2026/09/22 21:47:01.241, 0, 88649, 97871
2026/09/22 21:47:01.241, 1, 88649, 97871
2026/09/22 21:47:01.241, 2, 88649, 97871
2026/09/22 21:47:01.242, 3, 88649, 97871
2026/09/22 21:47:01.442, 0, 88649, 97871
2026/09/22 21:47:01.442, 1, 88649, 97871
2026/09/22 21:47:01.442, 2, 88649, 97871
2026/09/22 21:47:01.442, 3, 88649, 97871
2026/09/22 21:47:01.642, 0, 88649, 97871
2026/09/22 21:47:01.642, 1, 88649, 97871
2026/09/22 21:47:01.642, 2, 88649, 97871
2026/09/22 21:47:01.642, 3, 88649, 97871
2026/09/22 21:47:01.842, 0, 88649, 97871
2026/09/22 21:47:01.842, 1, 88649, 97871
2026/09/22 21:47:01.842, 2, 88649, 97871
2026/09/22 21:47:01.842, 3, 88649, 97871
2026/09/22 21:47:02.042, 0, 88649, 97871
2026/09/22 21:47:02.042, 1, 88649, 97871
2026/09/22 21:47:02.042, 2, 88649, 97871
2026/09/22 21:47:02.042, 3, 88649, 97871
2026/09/22 21:47:02.243, 0, 88649, 97871
2026/09/22 21:47:02.243, 1, 88649, 97871
2026/09/22 21:47:02.243, 2, 88649, 97871
2026/09/22 21:47:02.243, 3, 88649, 97871
2026/09/22 21:47:02.443, 0, 88649, 97871
2026/09/22 21:47:02.443, 1, 88649, 97871
2026/09/22 21:47:02.443, 2, 88649, 97871
2026/09/22 21:47:02.443, 3, 88649, 97871
2026/09/22 21:47:02.643, 0, 88649, 97871
2026/09/22 21:47:02.643, 1, 88649, 97871
2026/09/22 21:47:02.643, 2, 88649, 97871
2026/09/22 21:47:02.643, 3, 88649, 97871
2026/09/22 21:47:02.843, 0, 88649, 97871
2026/09/22 21:47:02.844, 1, 88649, 97871
2026/09/22 21:47:02.844, 2, 88649, 97871
2026/09/22 21:47:02.844, 3, 88649, 97871
2026/09/22 21:47:03.044, 0, 88649, 97871
2026/09/22 21:47:03.044, 1, 88649, 97871
2026/09/22 21:47:03.044, 2, 88649, 97871
2026/09/22 21:47:03.044, 3, 88649, 97871
2026/09/22 21:47:03.244, 0, 88649, 97871
2026/09/22 21:47:03.244, 1, 88649, 97871
2026/09/22 21:47:03.244, 2, 88649, 97871
2026/09/22 21:47:03.244, 3, 88649, 97871
2026/09/22 21:47:03.444, 0, 88649, 97871
2026/09/22 21:47:03.444, 1, 88649, 97871
2026/09/22 21:47:03.444, 2, 88649, 97871
2026/09/22 21:47:03.444, 3, 88649, 97871
2026/09/22 21:47:03.644, 0, 88649, 97871
2026/09/22 21:47:03.645, 1, 88649, 97871
2026/09/22 21:47:03.645, 2, 88649, 97871
2026/09/22 21:47:03.645, 3, 88649, 97871
2026/09/22 21:47:03.845, 0, 88649, 97871
2026/09/22 21:47:03.845, 1, 88649, 97871
2026/09/22 21:47:03.845, 2, 88649, 97871
2026/09/22 21:47:03.845, 3, 88649, 97871
2026/09/22 21:47:04.045, 0, 88649, 97871
2026/09/22 21:47:04.045, 1, 88649, 97871
2026/09/22 21:47:04.045, 2, 88649, 97871
2026/09/22 21:47:04.045, 3, 88649, 97871
2026/09/22 21:47:04.245, 0, 88649, 97871
2026/09/22 21:47:04.245, 1, 88649, 97871
2026/09/22 21:47:04.245, 2, 88649, 97871
2026/09/22 21:47:04.245, 3, 88649, 97871
2026/09/22 21:47:04.446, 0, 88649, 97871
2026/09/22 21:47:04.446, 1, 88649, 97871
2026/09/22 21:47:04.446, 2, 88649, 97871
2026/09/22 21:47:04.446, 3, 88649, 97871
2026/09/22 21:47:04.646, 0, 88649, 97871
2026/09/22 21:47:04.646, 1, 88649, 97871
2026/09/22 21:47:04.646, 2, 88649, 97871
2026/09/22 21:47:04.646, 3, 88649, 97871
2026/09/22 21:47:04.846, 0, 88649, 97871
2026/09/22 21:47:04.846, 1, 88649, 97871
2026/09/22 21:47:04.846, 2, 88649, 97871
2026/09/22 21:47:04.846, 3, 88649, 97871
2026/09/22 21:47:05.046, 0, 88649, 97871
2026/09/22 21:47:05.046, 1, 88649, 97871
2026/09/22 21:47:05.046, 2, 88649, 97871
2026/09/22 21:47:05.046, 3, 88649, 97871
2026/09/22 21:47:05.246, 0, 88649, 97871
2026/09/22 21:47:05.246, 1, 88649, 97871
2026/09/22 21:47:05.247, 2, 88649, 97871
2026/09/22 21:47:05.247, 3, 88649, 97871
2026/09/22 21:47:05.447, 0, 88649, 97871
2026/09/22 21:47:05.447, 1, 88649, 97871
2026/09/22 21:47:05.447, 2, 88649, 97871
2026/09/22 21:47:05.447, 3, 88649, 97871
2026/09/22 21:47:05.647, 0, 88649, 97871
2026/09/22 21:47:05.647, 1, 88649, 97871
2026/09/22 21:47:05.647, 2, 88649, 97871
2026/09/22 21:47:05.647, 3, 88649, 97871
2026/09/22 21:47:05.847, 0, 88649, 97871
2026/09/22 21:47:05.847, 1, 88649, 97871
2026/09/22 21:47:05.847, 2, 88649, 97871
2026/09/22 21:47:05.847, 3, 88649, 97871
2026/09/22 21:47:06.047, 0, 88649, 97871
2026/09/22 21:47:06.047, 1, 88649, 97871
2026/09/22 21:47:06.048, 2, 88649, 97871
2026/09/22 21:47:06.048, 3, 88649, 97871
2026/09/22 21:47:06.248, 0, 88649, 97871
2026/09/22 21:47:06.248, 1, 88649, 97871
2026/09/22 21:47:06.248, 2, 88649, 97871
2026/09/22 21:47:06.248, 3, 88649, 97871
2026/09/22 21:47:06.448, 0, 88649, 97871
2026/09/22 21:47:06.448, 1, 88649, 97871
2026/09/22 21:47:06.448, 2, 88649, 97871
2026/09/22 21:47:06.448, 3, 88649, 97871
2026/09/22 21:47:06.648, 0, 88649, 97871
2026/09/22 21:47:06.648, 1, 88649, 97871
2026/09/22 21:47:06.648, 2, 88649, 97871
2026/09/22 21:47:06.648, 3, 88649, 97871
2026/09/22 21:47:06.848, 0, 88649, 97871
2026/09/22 21:47:06.849, 1, 88649, 97871
2026/09/22 21:47:06.849, 2, 88649, 97871
2026/09/22 21:47:06.849, 3, 88649, 97871
2026/09/22 21:47:07.049, 0, 88649, 97871
2026/09/22 21:47:07.049, 1, 88649, 97871
2026/09/22 21:47:07.049, 2, 88649, 97871
2026/09/22 21:47:07.049, 3, 88649, 97871
2026/09/22 21:47:07.249, 0, 88649, 97871
2026/09/22 21:47:07.249, 1, 88649, 97871
2026/09/22 21:47:07.249, 2, 88649, 97871
2026/09/22 21:47:07.249, 3, 88649, 97871
2026/09/22 21:47:07.449, 0, 88649, 97871
2026/09/22 21:47:07.449, 1, 88649, 97871
2026/09/22 21:47:07.449, 2, 88649, 97871
2026/09/22 21:47:07.449, 3, 88649, 97871
2026/09/22 21:47:07.649, 0, 88649, 97871
2026/09/22 21:47:07.649, 1, 88649, 97871
2026/09/22 21:47:07.649, 2, 88649, 97871
2026/09/22 21:47:07.650, 3, 88649, 97871
2026/09/22 21:47:07.850, 0, 88649, 97871
2026/09/22 21:47:07.850, 1, 88649, 97871
2026/09/22 21:47:07.850, 2, 88649, 97871
2026/09/22 21:47:07.850, 3, 88649, 97871
2026/09/22 21:47:08.050, 0, 88649, 97871
2026/09/22 21:47:08.050, 1, 88649, 97871
2026/09/22 21:47:08.050, 2, 88649, 97871
2026/09/22 21:47:08.050, 3, 88649, 97871
2026/09/22 21:47:08.250, 0, 88649, 97871
2026/09/22 21:47:08.250, 1, 88649, 97871
2026/09/22 21:47:08.250, 2, 88649, 97871
2026/09/22 21:47:08.250, 3, 88649, 97871
2026/09/22 21:47:08.450, 0, 88649, 97871
2026/09/22 21:47:08.450, 1, 88649, 97871
2026/09/22 21:47:08.450, 2, 88649, 97871
2026/09/22 21:47:08.451, 3, 88649, 97871
2026/09/22 21:47:08.651, 0, 88649, 97871
2026/09/22 21:47:08.651, 1, 88649, 97871
2026/09/22 21:47:08.651, 2, 88649, 97871
2026/09/22 21:47:08.651, 3, 88649, 97871
2026/09/22 21:47:08.851, 0, 88649, 97871
2026/09/22 21:47:08.851, 1, 88649, 97871
2026/09/22 21:47:08.851, 2, 88649, 97871
2026/09/22 21:47:08.851, 3, 88649, 97871
2026/09/22 21:47:09.051, 0, 88649, 97871
2026/09/22 21:47:09.051, 1, 88649, 97871
2026/09/22 21:47:09.051, 2, 88649, 97871
2026/09/22 21:47:09.051, 3, 88649, 97871
2026/09/22 21:47:09.251, 0, 88649, 97871
2026/09/22 21:47:09.251, 1, 88649, 97871
2026/09/22 21:47:09.251, 2, 88649, 97871
2026/09/22 21:47:09.251, 3, 88649, 97871
2026/09/22 21:47:09.451, 0, 88649, 97871
2026/09/22 21:47:09.452, 1, 88649, 97871
2026/09/22 21:47:09.452, 2, 88649, 97871
2026/09/22 21:47:09.452, 3, 88649, 97871
2026/09/22 21:47:09.652, 0, 88649, 97871
2026/09/22 21:47:09.652, 1, 88649, 97871
2026/09/22 21:47:09.652, 2, 88649, 97871
2026/09/22 21:47:09.652, 3, 88649, 97871
2026/09/22 21:47:09.852, 0, 88649, 97871
2026/09/22 21:47:09.852, 1, 88649, 97871
2026/09/22 21:47:09.852, 2, 88649, 97871
2026/09/22 21:47:09.852, 3, 88649, 97871
2026/09/22 21:47:10.052, 0, 88649, 97871
2026/09/22 21:47:10.052, 1, 88649, 97871
2026/09/22 21:47:10.052, 2, 88649, 97871
2026/09/22 21:47:10.052, 3, 88649, 97871
2026/09/22 21:47:10.252, 0, 88649, 97871
2026/09/22 21:47:10.252, 1, 88649, 97871
2026/09/22 21:47:10.252, 2, 88649, 97871
2026/09/22 21:47:10.252, 3, 88649, 97871
2026/09/22 21:47:10.452, 0, 88649, 97871
2026/09/22 21:47:10.453, 1, 88649, 97871
2026/09/22 21:47:10.453, 2, 88649, 97871
2026/09/22 21:47:10.453, 3, 88649, 97871
2026/09/22 21:47:10.653, 0, 88649, 97871
2026/09/22 21:47:10.653, 1, 88649, 97871
2026/09/22 21:47:10.653, 2, 88649, 97871
2026/09/22 21:47:10.653, 3, 88649, 97871
2026/09/22 21:47:10.853, 0, 88649, 97871
2026/09/22 21:47:10.853, 1, 88649, 97871
2026/09/22 21:47:10.853, 2, 88649, 97871
2026/09/22 21:47:10.853, 3, 88649, 97871
2026/09/22 21:47:11.053, 0, 88649, 97871
2026/09/22 21:47:11.053, 1, 88649, 97871
2026/09/22 21:47:11.053, 2, 88649, 97871
2026/09/22 21:47:11.053, 3, 88649, 97871
2026/09/22 21:47:11.253, 0, 88649, 97871
2026/09/22 21:47:11.253, 1, 88649, 97871
2026/09/22 21:47:11.253, 2, 88649, 97871
2026/09/22 21:47:11.254, 3, 88649, 97871
2026/09/22 21:47:11.454, 0, 88649, 97871
2026/09/22 21:47:11.454, 1, 88649, 97871
2026/09/22 21:47:11.454, 2, 88649, 97871
2026/09/22 21:47:11.454, 3, 88649, 97871
2026/09/22 21:47:11.654, 0, 88649, 97871
2026/09/22 21:47:11.654, 1, 88649, 97871
2026/09/22 21:47:11.654, 2, 88649, 97871
2026/09/22 21:47:11.654, 3, 88649, 97871
2026/09/22 21:47:11.854, 0, 88649, 97871
2026/09/22 21:47:11.854, 1, 88649, 97871
2026/09/22 21:47:11.854, 2, 88649, 97871
2026/09/22 21:47:11.854, 3, 88649, 97871
2026/09/22 21:47:12.054, 0, 88649, 97871
2026/09/22 21:47:12.054, 1, 88649, 97871
2026/09/22 21:47:12.054, 2, 88649, 97871
2026/09/22 21:47:12.055, 3, 88649, 97871
2026/09/22 21:47:12.255, 0, 88649, 97871
2026/09/22 21:47:12.255, 1, 88649, 97871
2026/09/22 21:47:12.255, 2, 88649, 97871
2026/09/22 21:47:12.255, 3, 88649, 97871
2026/09/22 21:47:12.455, 0, 88649, 97871
2026/09/22 21:47:12.455, 1, 88649, 97871
2026/09/22 21:47:12.455, 2, 88649, 97871
2026/09/22 21:47:12.455, 3, 88649, 97871
2026/09/22 21:47:12.655, 0, 88649, 97871
2026/09/22 21:47:12.655, 1, 88649, 97871
2026/09/22 21:47:12.655, 2, 88649, 97871
2026/09/22 21:47:12.655, 3, 88649, 97871
2026/09/22 21:47:12.855, 0, 88649, 97871
2026/09/22 21:47:12.855, 1, 88649, 97871
2026/09/22 21:47:12.855, 2, 88649, 97871
2026/09/22 21:47:12.855, 3, 88649, 97871
2026/09/22 21:47:13.056, 0, 88649, 97871
2026/09/22 21:47:13.056, 1, 88649, 97871
2026/09/22 21:47:13.056, 2, 88649, 97871
2026/09/22 21:47:13.056, 3, 88649, 97871
2026/09/22 21:47:13.256, 0, 88649, 97871
2026/09/22 21:47:13.256, 1, 88649, 97871
2026/09/22 21:47:13.256, 2, 88649, 97871
2026/09/22 21:47:13.256, 3, 88649, 97871
2026/09/22 21:47:13.456, 0, 88649, 97871
2026/09/22 21:47:13.456, 1, 88649, 97871
2026/09/22 21:47:13.456, 2, 88649, 97871
2026/09/22 21:47:13.456, 3, 88649, 97871
2026/09/22 21:47:13.656, 0, 88649, 97871
2026/09/22 21:47:13.656, 1, 88649, 97871
2026/09/22 21:47:13.656, 2, 88649, 97871
2026/09/22 21:47:13.656, 3, 88649, 97871
2026/09/22 21:47:13.856, 0, 88649, 97871
2026/09/22 21:47:13.857, 1, 88649, 97871
2026/09/22 21:47:13.857, 2, 88649, 97871
2026/09/22 21:47:13.857, 3, 88649, 97871
2026/09/22 21:47:14.057, 0, 88649, 97871
2026/09/22 21:47:14.057, 1, 88649, 97871
2026/09/22 21:47:14.057, 2, 88649, 97871
2026/09/22 21:47:14.057, 3, 88649, 97871
2026/09/22 21:47:14.257, 0, 88649, 97871
2026/09/22 21:47:14.257, 1, 88649, 97871
2026/09/22 21:47:14.257, 2, 88649, 97871
2026/09/22 21:47:14.257, 3, 88649, 97871
2026/09/22 21:47:14.457, 0, 88649, 97871
2026/09/22 21:47:14.457, 1, 88649, 97871
2026/09/22 21:47:14.457, 2, 88649, 97871
2026/09/22 21:47:14.457, 3, 88649, 97871
2026/09/22 21:47:14.658, 0, 88649, 97871
2026/09/22 21:47:14.658, 1, 88649, 97871
2026/09/22 21:47:14.658, 2, 88649, 97871
2026/09/22 21:47:14.658, 3, 88649, 97871
2026/09/22 21:47:14.858, 0, 88649, 97871
2026/09/22 21:47:14.858, 1, 88649, 97871
2026/09/22 21:47:14.858, 2, 88649, 97871
2026/09/22 21:47:14.858, 3, 88649, 97871
2026/09/22 21:47:15.058, 0, 88649, 97871
2026/09/22 21:47:15.058, 1, 88649, 97871
2026/09/22 21:47:15.058, 2, 88649, 97871
2026/09/22 21:47:15.058, 3, 88649, 97871
2026/09/22 21:47:15.258, 0, 88649, 97871
2026/09/22 21:47:15.258, 1, 88649, 97871
2026/09/22 21:47:15.258, 2, 88649, 97871
2026/09/22 21:47:15.258, 3, 88649, 97871
2026/09/22 21:47:15.458, 0, 88649, 97871
2026/09/22 21:47:15.459, 1, 88649, 97871
2026/09/22 21:47:15.459, 2, 88649, 97871
2026/09/22 21:47:15.459, 3, 88649, 97871
2026/09/22 21:47:15.659, 0, 88649, 97871
2026/09/22 21:47:15.659, 1, 88649, 97871
2026/09/22 21:47:15.659, 2, 88649, 97871
2026/09/22 21:47:15.659, 3, 88649, 97871
2026/09/22 21:47:15.859, 0, 88649, 97871
2026/09/22 21:47:15.859, 1, 88649, 97871
2026/09/22 21:47:15.859, 2, 88649, 97871
2026/09/22 21:47:15.859, 3, 88649, 97871
2026/09/22 21:47:16.059, 0, 88649, 97871
2026/09/22 21:47:16.059, 1, 88649, 97871
2026/09/22 21:47:16.059, 2, 88649, 97871
2026/09/22 21:47:16.059, 3, 88649, 97871
2026/09/22 21:47:16.259, 0, 88649, 97871
2026/09/22 21:47:16.259, 1, 88649, 97871
2026/09/22 21:47:16.259, 2, 88649, 97871
2026/09/22 21:47:16.259, 3, 88649, 97871
2026/09/22 21:47:16.460, 0, 88649, 97871
2026/09/22 21:47:16.460, 1, 88649, 97871
2026/09/22 21:47:16.460, 2, 88649, 97871
2026/09/22 21:47:16.460, 3, 88649, 97871
2026/09/22 21:47:16.660, 0, 88649, 97871
2026/09/22 21:47:16.660, 1, 88649, 97871
2026/09/22 21:47:16.660, 2, 88649, 97871
2026/09/22 21:47:16.660, 3, 88649, 97871
2026/09/22 21:47:16.860, 0, 88649, 97871
2026/09/22 21:47:16.860, 1, 88649, 97871
2026/09/22 21:47:16.860, 2, 88649, 97871
2026/09/22 21:47:16.860, 3, 88649, 97871
2026/09/22 21:47:17.060, 0, 88649, 97871
2026/09/22 21:47:17.060, 1, 88649, 97871
2026/09/22 21:47:17.060, 2, 88649, 97871
2026/09/22 21:47:17.060, 3, 88649, 97871
2026/09/22 21:47:17.260, 0, 88649, 97871
2026/09/22 21:47:17.261, 1, 88649, 97871
2026/09/22 21:47:17.261, 2, 88649, 97871
2026/09/22 21:47:17.261, 3, 88649, 97871
2026/09/22 21:47:17.461, 0, 88649, 97871
2026/09/22 21:47:17.461, 1, 88649, 97871
2026/09/22 21:47:17.461, 2, 88649, 97871
2026/09/22 21:47:17.461, 3, 88649, 97871
2026/09/22 21:47:17.661, 0, 88649, 97871
2026/09/22 21:47:17.661, 1, 88649, 97871
2026/09/22 21:47:17.661, 2, 88649, 97871
2026/09/22 21:47:17.661, 3, 88649, 97871
2026/09/22 21:47:17.861, 0, 88649, 97871
2026/09/22 21:47:17.861, 1, 88649, 97871
2026/09/22 21:47:17.861, 2, 88649, 97871
2026/09/22 21:47:17.861, 3, 88649, 97871
2026/09/22 21:47:18.062, 0, 88649, 97871
2026/09/22 21:47:18.062, 1, 88649, 97871
2026/09/22 21:47:18.062, 2, 88649, 97871
2026/09/22 21:47:18.062, 3, 88649, 97871
2026/09/22 21:47:18.262, 0, 88649, 97871
2026/09/22 21:47:18.262, 1, 88649, 97871
2026/09/22 21:47:18.262, 2, 88649, 97871
2026/09/22 21:47:18.262, 3, 88649, 97871
2026/09/22 21:47:18.462, 0, 88649, 97871
2026/09/22 21:47:18.462, 1, 88649, 97871
2026/09/22 21:47:18.462, 2, 88649, 97871
2026/09/22 21:47:18.462, 3, 88649, 97871
2026/09/22 21:47:18.662, 0, 88649, 97871
2026/09/22 21:47:18.662, 1, 88649, 97871
2026/09/22 21:47:18.662, 2, 88649, 97871
2026/09/22 21:47:18.662, 3, 88649, 97871
2026/09/22 21:47:18.862, 0, 88649, 97871
2026/09/22 21:47:18.862, 1, 88649, 97871
2026/09/22 21:47:18.862, 2, 88649, 97871
2026/09/22 21:47:18.862, 3, 88649, 97871
2026/09/22 21:47:19.063, 0, 88649, 97871
2026/09/22 21:47:19.063, 1, 88649, 97871
2026/09/22 21:47:19.063, 2, 88649, 97871
2026/09/22 21:47:19.063, 3, 88649, 97871
2026/09/22 21:47:19.263, 0, 88649, 97871
2026/09/22 21:47:19.263, 1, 88649, 97871
2026/09/22 21:47:19.263, 2, 88649, 97871
2026/09/22 21:47:19.263, 3, 88649, 97871
2026/09/22 21:47:19.463, 0, 88649, 97871
2026/09/22 21:47:19.463, 1, 88649, 97871
2026/09/22 21:47:19.463, 2, 88649, 97871
2026/09/22 21:47:19.463, 3, 88649, 97871
2026/09/22 21:47:19.663, 0, 88649, 97871
2026/09/22 21:47:19.663, 1, 88649, 97871
2026/09/22 21:47:19.663, 2, 88649, 97871
2026/09/22 21:47:19.663, 3, 88649, 97871
2026/09/22 21:47:19.863, 0, 88649, 97871
2026/09/22 21:47:19.863, 1, 88649, 97871
2026/09/22 21:47:19.863, 2, 88649, 97871
2026/09/22 21:47:19.864, 3, 88649, 97871
2026/09/22 21:47:20.064, 0, 88649, 97871
2026/09/22 21:47:20.064, 1, 88649, 97871
2026/09/22 21:47:20.064, 2, 88649, 97871
2026/09/22 21:47:20.064, 3, 88649, 97871
2026/09/22 21:47:20.264, 0, 88649, 97871
2026/09/22 21:47:20.264, 1, 88649, 97871
2026/09/22 21:47:20.264, 2, 88649, 97871
2026/09/22 21:47:20.264, 3, 88649, 97871
2026/09/22 21:47:20.464, 0, 88649, 97871
2026/09/22 21:47:20.464, 1, 88649, 97871
2026/09/22 21:47:20.464, 2, 88649, 97871
2026/09/22 21:47:20.464, 3, 88649, 97871
2026/09/22 21:47:20.664, 0, 88649, 97871
2026/09/22 21:47:20.664, 1, 88649, 97871
2026/09/22 21:47:20.664, 2, 88649, 97871
2026/09/22 21:47:20.664, 3, 88649, 97871
2026/09/22 21:47:20.865, 0, 88649, 97871
2026/09/22 21:47:20.865, 1, 88649, 97871
2026/09/22 21:47:20.865, 2, 88649, 97871
2026/09/22 21:47:20.865, 3, 88649, 97871
2026/09/22 21:47:21.065, 0, 88649, 97871
2026/09/22 21:47:21.065, 1, 88649, 97871
2026/09/22 21:47:21.065, 2, 88649, 97871
2026/09/22 21:47:21.065, 3, 88649, 97871
2026/09/22 21:47:21.265, 0, 88649, 97871
2026/09/22 21:47:21.265, 1, 88649, 97871
2026/09/22 21:47:21.265, 2, 88649, 97871
2026/09/22 21:47:21.265, 3, 88649, 97871
2026/09/22 21:47:21.465, 0, 88649, 97871
2026/09/22 21:47:21.465, 1, 88649, 97871
2026/09/22 21:47:21.465, 2, 88649, 97871
2026/09/22 21:47:21.465, 3, 88649, 97871
2026/09/22 21:47:21.665, 0, 88649, 97871
2026/09/22 21:47:21.666, 1, 88649, 97871
2026/09/22 21:47:21.666, 2, 88649, 97871
2026/09/22 21:47:21.666, 3, 88649, 97871
2026/09/22 21:47:21.866, 0, 88649, 97871
2026/09/22 21:47:21.866, 1, 88649, 97871
2026/09/22 21:47:21.866, 2, 88649, 97871
2026/09/22 21:47:21.866, 3, 88649, 97871
2026/09/22 21:47:22.066, 0, 88649, 97871
2026/09/22 21:47:22.066, 1, 88649, 97871
2026/09/22 21:47:22.066, 2, 88649, 97871
2026/09/22 21:47:22.066, 3, 88649, 97871
2026/09/22 21:47:22.266, 0, 88649, 97871
2026/09/22 21:47:22.266, 1, 88649, 97871
2026/09/22 21:47:22.266, 2, 88649, 97871
2026/09/22 21:47:22.266, 3, 88649, 97871
2026/09/22 21:47:22.466, 0, 88649, 97871
2026/09/22 21:47:22.466, 1, 88649, 97871
2026/09/22 21:47:22.466, 2, 88649, 97871
2026/09/22 21:47:22.466, 3, 88649, 97871
2026/09/22 21:47:22.667, 0, 88649, 97871
2026/09/22 21:47:22.667, 1, 88649, 97871
2026/09/22 21:47:22.667, 2, 88649, 97871
2026/09/22 21:47:22.667, 3, 88649, 97871
2026/09/22 21:47:22.867, 0, 88649, 97871
2026/09/22 21:47:22.867, 1, 88649, 97871
2026/09/22 21:47:22.867, 2, 88649, 97871
2026/09/22 21:47:22.867, 3, 88649, 97871
2026/09/22 21:47:23.067, 0, 88649, 97871
2026/09/22 21:47:23.067, 1, 88649, 97871
2026/09/22 21:47:23.067, 2, 88649, 97871
2026/09/22 21:47:23.067, 3, 88649, 97871
2026/09/22 21:47:23.267, 0, 88649, 97871
2026/09/22 21:47:23.267, 1, 88649, 97871
2026/09/22 21:47:23.267, 2, 88649, 97871
2026/09/22 21:47:23.267, 3, 88649, 97871
2026/09/22 21:47:23.467, 0, 88649, 97871
2026/09/22 21:47:23.467, 1, 88649, 97871
2026/09/22 21:47:23.467, 2, 88649, 97871
2026/09/22 21:47:23.467, 3, 88649, 97871
2026/09/22 21:47:23.668, 0, 88649, 97871
2026/09/22 21:47:23.668, 1, 88649, 97871
2026/09/22 21:47:23.668, 2, 88649, 97871
2026/09/22 21:47:23.668, 3, 88649, 97871
2026/09/22 21:47:23.868, 0, 88649, 97871
2026/09/22 21:47:23.868, 1, 88649, 97871
2026/09/22 21:47:23.868, 2, 88649, 97871
2026/09/22 21:47:23.868, 3, 88649, 97871
2026/09/22 21:47:24.068, 0, 88649, 97871
2026/09/22 21:47:24.068, 1, 88649, 97871
2026/09/22 21:47:24.068, 2, 88649, 97871
2026/09/22 21:47:24.068, 3, 88649, 97871
2026/09/22 21:47:24.268, 0, 88649, 97871
2026/09/22 21:47:24.268, 1, 88649, 97871
2026/09/22 21:47:24.268, 2, 88649, 97871
2026/09/22 21:47:24.268, 3, 88649, 97871
2026/09/22 21:47:24.468, 0, 88649, 97871
2026/09/22 21:47:24.468, 1, 88649, 97871
2026/09/22 21:47:24.469, 2, 88649, 97871
2026/09/22 21:47:24.469, 3, 88649, 97871
2026/09/22 21:47:24.669, 0, 88649, 97871
2026/09/22 21:47:24.669, 1, 88649, 97871
2026/09/22 21:47:24.669, 2, 88649, 97871
2026/09/22 21:47:24.669, 3, 88649, 97871
2026/09/22 21:47:24.869, 0, 88649, 97871
2026/09/22 21:47:24.869, 1, 88649, 97871
2026/09/22 21:47:24.869, 2, 88649, 97871
2026/09/22 21:47:24.869, 3, 88649, 97871
2026/09/22 21:47:25.069, 0, 88649, 97871
2026/09/22 21:47:25.069, 1, 88649, 97871
2026/09/22 21:47:25.069, 2, 88649, 97871
2026/09/22 21:47:25.069, 3, 88649, 97871
2026/09/22 21:47:25.269, 0, 88649, 97871
2026/09/22 21:47:25.269, 1, 88649, 97871
2026/09/22 21:47:25.269, 2, 88649, 97871
2026/09/22 21:47:25.269, 3, 88649, 97871
2026/09/22 21:47:25.470, 0, 88649, 97871
2026/09/22 21:47:25.470, 1, 88649, 97871
2026/09/22 21:47:25.470, 2, 88649, 97871
2026/09/22 21:47:25.470, 3, 88649, 97871
2026/09/22 21:47:25.670, 0, 88649, 97871
2026/09/22 21:47:25.670, 1, 88649, 97871
2026/09/22 21:47:25.670, 2, 88649, 97871
2026/09/22 21:47:25.670, 3, 88649, 97871
2026/09/22 21:47:25.870, 0, 88649, 97871
2026/09/22 21:47:25.870, 1, 88649, 97871
2026/09/22 21:47:25.870, 2, 88649, 97871
2026/09/22 21:47:25.870, 3, 88649, 97871
2026/09/22 21:47:26.070, 0, 88649, 97871
2026/09/22 21:47:26.070, 1, 88649, 97871
2026/09/22 21:47:26.070, 2, 88649, 97871
2026/09/22 21:47:26.070, 3, 88649, 97871
2026/09/22 21:47:26.270, 0, 88649, 97871
2026/09/22 21:47:26.270, 1, 88649, 97871
2026/09/22 21:47:26.270, 2, 88649, 97871
2026/09/22 21:47:26.271, 3, 88649, 97871
2026/09/22 21:47:26.471, 0, 88649, 97871
2026/09/22 21:47:26.471, 1, 88649, 97871
2026/09/22 21:47:26.471, 2, 88649, 97871
2026/09/22 21:47:26.471, 3, 88649, 97871
2026/09/22 21:47:26.671, 0, 88649, 97871
2026/09/22 21:47:26.671, 1, 88649, 97871
2026/09/22 21:47:26.671, 2, 88649, 97871
2026/09/22 21:47:26.671, 3, 88649, 97871
2026/09/22 21:47:26.871, 0, 88649, 97871
2026/09/22 21:47:26.871, 1, 88649, 97871
2026/09/22 21:47:26.871, 2, 88649, 97871
2026/09/22 21:47:26.871, 3, 88649, 97871
2026/09/22 21:47:27.072, 0, 88649, 97871
2026/09/22 21:47:27.072, 1, 88649, 97871
2026/09/22 21:47:27.072, 2, 88649, 97871
2026/09/22 21:47:27.072, 3, 88649, 97871
2026/09/22 21:47:27.272, 0, 88649, 97871
2026/09/22 21:47:27.272, 1, 88649, 97871
2026/09/22 21:47:27.272, 2, 88649, 97871
2026/09/22 21:47:27.272, 3, 88649, 97871
2026/09/22 21:47:27.472, 0, 88649, 97871
2026/09/22 21:47:27.472, 1, 88649, 97871
2026/09/22 21:47:27.472, 2, 88649, 97871
2026/09/22 21:47:27.472, 3, 88649, 97871
2026/09/22 21:47:27.672, 0, 88649, 97871
2026/09/22 21:47:27.672, 1, 88649, 97871
2026/09/22 21:47:27.672, 2, 88649, 97871
2026/09/22 21:47:27.672, 3, 88649, 97871
2026/09/22 21:47:27.873, 0, 88649, 97871
2026/09/22 21:47:27.873, 1, 88649, 97871
2026/09/22 21:47:27.873, 2, 88649, 97871
2026/09/22 21:47:27.873, 3, 88649, 97871
2026/09/22 21:47:28.073, 0, 88649, 97871
2026/09/22 21:47:28.073, 1, 88649, 97871
2026/09/22 21:47:28.073, 2, 88649, 97871
2026/09/22 21:47:28.073, 3, 88649, 97871
2026/09/22 21:47:28.273, 0, 88649, 97871
2026/09/22 21:47:28.273, 1, 88649, 97871
2026/09/22 21:47:28.273, 2, 88649, 97871
2026/09/22 21:47:28.273, 3, 88649, 97871
2026/09/22 21:47:28.473, 0, 88649, 97871
2026/09/22 21:47:28.473, 1, 88649, 97871
2026/09/22 21:47:28.473, 2, 88649, 97871
2026/09/22 21:47:28.473, 3, 88649, 97871
2026/09/22 21:47:28.673, 0, 88649, 97871
2026/09/22 21:47:28.673, 1, 88649, 97871
2026/09/22 21:47:28.673, 2, 88649, 97871
2026/09/22 21:47:28.674, 3, 88649, 97871
2026/09/22 21:47:28.874, 0, 88649, 97871
2026/09/22 21:47:28.874, 1, 88649, 97871
2026/09/22 21:47:28.874, 2, 88649, 97871
2026/09/22 21:47:28.874, 3, 88649, 97871
2026/09/22 21:47:29.074, 0, 88649, 97871
2026/09/22 21:47:29.074, 1, 88649, 97871
2026/09/22 21:47:29.074, 2, 88649, 97871
2026/09/22 21:47:29.074, 3, 88649, 97871
2026/09/22 21:47:29.274, 0, 88649, 97871
2026/09/22 21:47:29.274, 1, 88649, 97871
2026/09/22 21:47:29.274, 2, 88649, 97871
2026/09/22 21:47:29.274, 3, 88649, 97871
2026/09/22 21:47:29.474, 0, 88649, 97871
2026/09/22 21:47:29.475, 1, 88649, 97871
2026/09/22 21:47:29.475, 2, 88649, 97871
2026/09/22 21:47:29.475, 3, 88649, 97871
2026/09/22 21:47:29.675, 0, 88649, 97871
2026/09/22 21:47:29.675, 1, 88649, 97871
2026/09/22 21:47:29.675, 2, 88649, 97871
2026/09/22 21:47:29.675, 3, 88649, 97871
2026/09/22 21:47:29.875, 0, 88649, 97871
2026/09/22 21:47:29.875, 1, 88649, 97871
2026/09/22 21:47:29.875, 2, 88649, 97871
2026/09/22 21:47:29.875, 3, 88649, 97871
2026/09/22 21:47:30.075, 0, 88649, 97871
2026/09/22 21:47:30.075, 1, 88649, 97871
2026/09/22 21:47:30.075, 2, 88649, 97871
2026/09/22 21:47:30.075, 3, 88649, 97871
2026/09/22 21:47:30.275, 0, 88649, 97871
2026/09/22 21:47:30.275, 1, 88649, 97871
2026/09/22 21:47:30.276, 2, 88649, 97871
2026/09/22 21:47:30.276, 3, 88649, 97871
2026/09/22 21:47:30.476, 0, 88649, 97871
2026/09/22 21:47:30.476, 1, 88649, 97871
2026/09/22 21:47:30.476, 2, 88649, 97871
2026/09/22 21:47:30.476, 3, 88649, 97871
2026/09/22 21:47:30.676, 0, 88649, 97871
2026/09/22 21:47:30.676, 1, 88649, 97871
2026/09/22 21:47:30.676, 2, 88649, 97871
2026/09/22 21:47:30.676, 3, 88649, 97871
2026/09/22 21:47:30.876, 0, 88649, 97871
2026/09/22 21:47:30.876, 1, 88649, 97871
2026/09/22 21:47:30.876, 2, 88649, 97871
2026/09/22 21:47:30.876, 3, 88649, 97871
2026/09/22 21:47:31.076, 0, 88649, 97871
2026/09/22 21:47:31.076, 1, 88649, 97871
2026/09/22 21:47:31.076, 2, 88649, 97871
2026/09/22 21:47:31.076, 3, 88649, 97871
2026/09/22 21:47:31.277, 0, 88649, 97871
2026/09/22 21:47:31.277, 1, 88649, 97871
2026/09/22 21:47:31.277, 2, 88649, 97871
2026/09/22 21:47:31.277, 3, 88649, 97871
2026/09/22 21:47:31.477, 0, 88649, 97871
2026/09/22 21:47:31.477, 1, 88649, 97871
2026/09/22 21:47:31.477, 2, 88649, 97871
2026/09/22 21:47:31.477, 3, 88649, 97871
2026/09/22 21:47:31.677, 0, 88649, 97871
2026/09/22 21:47:31.677, 1, 88649, 97871
2026/09/22 21:47:31.677, 2, 88649, 97871
2026/09/22 21:47:31.677, 3, 88649, 97871
2026/09/22 21:47:31.877, 0, 88649, 97871
2026/09/22 21:47:31.877, 1, 88649, 97871
2026/09/22 21:47:31.877, 2, 88649, 97871
2026/09/22 21:47:31.877, 3, 88649, 97871
2026/09/22 21:47:32.077, 0, 88649, 97871
2026/09/22 21:47:32.077, 1, 88649, 97871
2026/09/22 21:47:32.078, 2, 88649, 97871
2026/09/22 21:47:32.078, 3, 88649, 97871
2026/09/22 21:47:32.278, 0, 88649, 97871
2026/09/22 21:47:32.278, 1, 88649, 97871
2026/09/22 21:47:32.278, 2, 88649, 97871
2026/09/22 21:47:32.278, 3, 88649, 97871
2026/09/22 21:47:32.478, 0, 88649, 97871
2026/09/22 21:47:32.478, 1, 88649, 97871
2026/09/22 21:47:32.478, 2, 88649, 97871
2026/09/22 21:47:32.478, 3, 88649, 97871
2026/09/22 21:47:32.678, 0, 88649, 97871
2026/09/22 21:47:32.678, 1, 88649, 97871
2026/09/22 21:47:32.678, 2, 88649, 97871
2026/09/22 21:47:32.678, 3, 88649, 97871
2026/09/22 21:47:32.878, 0, 88649, 97871
2026/09/22 21:47:32.878, 1, 88649, 97871
2026/09/22 21:47:32.878, 2, 88649, 97871
2026/09/22 21:47:32.878, 3, 88649, 97871
2026/09/22 21:47:33.079, 0, 88649, 97871
2026/09/22 21:47:33.079, 1, 88649, 97871
2026/09/22 21:47:33.079, 2, 88649, 97871
2026/09/22 21:47:33.079, 3, 88649, 97871
2026/09/22 21:47:33.279, 0, 88649, 97871
2026/09/22 21:47:33.279, 1, 88649, 97871
2026/09/22 21:47:33.279, 2, 88649, 97871
2026/09/22 21:47:33.279, 3, 88649, 97871
2026/09/22 21:47:33.479, 0, 88649, 97871
2026/09/22 21:47:33.479, 1, 88649, 97871
2026/09/22 21:47:33.479, 2, 88649, 97871
2026/09/22 21:47:33.479, 3, 88649, 97871
2026/09/22 21:47:33.679, 0, 88649, 97871
2026/09/22 21:47:33.679, 1, 88649, 97871
2026/09/22 21:47:33.679, 2, 88649, 97871
2026/09/22 21:47:33.679, 3, 88649, 97871
2026/09/22 21:47:33.879, 0, 88649, 97871
2026/09/22 21:47:33.879, 1, 88649, 97871
2026/09/22 21:47:33.879, 2, 88649, 97871
2026/09/22 21:47:33.879, 3, 88649, 97871
2026/09/22 21:47:34.080, 0, 88649, 97871
2026/09/22 21:47:34.080, 1, 88649, 97871
2026/09/22 21:47:34.080, 2, 88649, 97871
2026/09/22 21:47:34.080, 3, 88649, 97871
2026/09/22 21:47:34.280, 0, 88649, 97871
2026/09/22 21:47:34.280, 1, 88649, 97871
2026/09/22 21:47:34.280, 2, 88649, 97871
2026/09/22 21:47:34.280, 3, 88649, 97871
2026/09/22 21:47:34.480, 0, 88649, 97871
2026/09/22 21:47:34.480, 1, 88649, 97871
2026/09/22 21:47:34.480, 2, 88649, 97871
2026/09/22 21:47:34.480, 3, 88649, 97871
2026/09/22 21:47:34.680, 0, 88649, 97871
2026/09/22 21:47:34.680, 1, 88649, 97871
2026/09/22 21:47:34.680, 2, 88649, 97871
2026/09/22 21:47:34.680, 3, 88649, 97871
2026/09/22 21:47:34.880, 0, 88649, 97871
2026/09/22 21:47:34.881, 1, 88649, 97871
2026/09/22 21:47:34.881, 2, 88649, 97871
2026/09/22 21:47:34.881, 3, 88649, 97871
2026/09/22 21:47:35.081, 0, 88649, 97871
2026/09/22 21:47:35.081, 1, 88649, 97871
2026/09/22 21:47:35.081, 2, 88649, 97871
2026/09/22 21:47:35.081, 3, 88649, 97871
2026/09/22 21:47:35.281, 0, 88649, 97871
2026/09/22 21:47:35.281, 1, 88649, 97871
2026/09/22 21:47:35.281, 2, 88649, 97871
2026/09/22 21:47:35.281, 3, 88649, 97871
2026/09/22 21:47:35.481, 0, 88649, 97871
2026/09/22 21:47:35.481, 1, 88649, 97871
2026/09/22 21:47:35.481, 2, 88649, 97871
2026/09/22 21:47:35.481, 3, 88649, 97871
2026/09/22 21:47:35.681, 0, 88649, 97871
2026/09/22 21:47:35.681, 1, 88649, 97871
2026/09/22 21:47:35.681, 2, 88649, 97871
2026/09/22 21:47:35.682, 3, 88649, 97871
2026/09/22 21:47:35.882, 0, 88649, 97871
2026/09/22 21:47:35.882, 1, 88649, 97871
2026/09/22 21:47:35.882, 2, 88649, 97871
2026/09/22 21:47:35.882, 3, 88649, 97871
2026/09/22 21:47:36.082, 0, 88649, 97871
2026/09/22 21:47:36.082, 1, 88649, 97871
2026/09/22 21:47:36.082, 2, 88649, 97871
2026/09/22 21:47:36.082, 3, 88649, 97871
2026/09/22 21:47:36.282, 0, 88649, 97871
2026/09/22 21:47:36.282, 1, 88649, 97871
2026/09/22 21:47:36.282, 2, 88649, 97871
2026/09/22 21:47:36.282, 3, 88649, 97871
2026/09/22 21:47:36.482, 0, 88649, 97871
2026/09/22 21:47:36.483, 1, 88649, 97871
2026/09/22 21:47:36.483, 2, 88649, 97871
2026/09/22 21:47:36.483, 3, 88649, 97871
2026/09/22 21:47:36.683, 0, 88649, 97871
2026/09/22 21:47:36.683, 1, 88649, 97871
2026/09/22 21:47:36.683, 2, 88649, 97871
2026/09/22 21:47:36.683, 3, 88649, 97871
2026/09/22 21:47:36.883, 0, 88649, 97871
2026/09/22 21:47:36.883, 1, 88649, 97871
2026/09/22 21:47:36.883, 2, 88649, 97871
2026/09/22 21:47:36.883, 3, 88649, 97871
2026/09/22 21:47:37.083, 0, 88649, 97871
2026/09/22 21:47:37.083, 1, 88649, 97871
2026/09/22 21:47:37.083, 2, 88649, 97871
2026/09/22 21:47:37.083, 3, 88649, 97871
2026/09/22 21:47:37.283, 0, 88649, 97871
2026/09/22 21:47:37.283, 1, 88649, 97871
2026/09/22 21:47:37.283, 2, 88649, 97871
2026/09/22 21:47:37.283, 3, 88649, 97871
2026/09/22 21:47:37.484, 0, 88649, 97871
2026/09/22 21:47:37.484, 1, 88649, 97871
2026/09/22 21:47:37.484, 2, 88649, 97871
2026/09/22 21:47:37.484, 3, 88649, 97871
2026/09/22 21:47:37.684, 0, 88649, 97871
2026/09/22 21:47:37.684, 1, 88649, 97871
2026/09/22 21:47:37.684, 2, 88649, 97871
2026/09/22 21:47:37.684, 3, 88649, 97871
2026/09/22 21:47:37.884, 0, 88649, 97871
2026/09/22 21:47:37.884, 1, 88649, 97871
2026/09/22 21:47:37.884, 2, 88649, 97871
2026/09/22 21:47:37.884, 3, 88649, 97871
2026/09/22 21:47:38.084, 0, 88649, 97871
2026/09/22 21:47:38.084, 1, 88649, 97871
2026/09/22 21:47:38.084, 2, 88649, 97871
2026/09/22 21:47:38.084, 3, 88649, 97871
2026/09/22 21:47:38.284, 0, 88649, 97871
2026/09/22 21:47:38.284, 1, 88649, 97871
2026/09/22 21:47:38.285, 2, 88649, 97871
2026/09/22 21:47:38.285, 3, 88649, 97871
2026/09/22 21:47:38.485, 0, 88649, 97871
2026/09/22 21:47:38.485, 1, 88649, 97871
2026/09/22 21:47:38.485, 2, 88649, 97871
2026/09/22 21:47:38.485, 3, 88649, 97871
2026/09/22 21:47:38.685, 0, 88649, 97871
2026/09/22 21:47:38.685, 1, 88649, 97871
2026/09/22 21:47:38.685, 2, 88649, 97871
2026/09/22 21:47:38.685, 3, 88649, 97871
2026/09/22 21:47:38.885, 0, 88649, 97871
2026/09/22 21:47:38.885, 1, 88649, 97871
2026/09/22 21:47:38.885, 2, 88649, 97871
2026/09/22 21:47:38.885, 3, 88649, 97871
2026/09/22 21:47:39.085, 0, 88649, 97871
2026/09/22 21:47:39.085, 1, 88649, 97871
2026/09/22 21:47:39.085, 2, 88649, 97871
2026/09/22 21:47:39.085, 3, 88649, 97871
2026/09/22 21:47:39.285, 0, 88649, 97871
2026/09/22 21:47:39.285, 1, 88649, 97871
2026/09/22 21:47:39.286, 2, 88649, 97871
2026/09/22 21:47:39.286, 3, 88649, 97871
2026/09/22 21:47:39.486, 0, 88649, 97871
2026/09/22 21:47:39.486, 1, 88649, 97871
2026/09/22 21:47:39.486, 2, 88649, 97871
2026/09/22 21:47:39.486, 3, 88649, 97871
2026/09/22 21:47:39.686, 0, 88649, 97871
2026/09/22 21:47:39.686, 1, 88649, 97871
2026/09/22 21:47:39.686, 2, 88649, 97871
2026/09/22 21:47:39.686, 3, 88649, 97871
2026/09/22 21:47:39.886, 0, 88649, 97871
2026/09/22 21:47:39.886, 1, 88649, 97871
2026/09/22 21:47:39.886, 2, 88649, 97871
2026/09/22 21:47:39.886, 3, 88649, 97871
2026/09/22 21:47:40.086, 0, 88649, 97871
2026/09/22 21:47:40.086, 1, 88649, 97871
2026/09/22 21:47:40.086, 2, 88649, 97871
2026/09/22 21:47:40.086, 3, 88649, 97871
2026/09/22 21:47:40.286, 0, 88649, 97871
2026/09/22 21:47:40.286, 1, 88649, 97871
2026/09/22 21:47:40.287, 2, 88649, 97871
2026/09/22 21:47:40.287, 3, 88649, 97871
2026/09/22 21:47:40.487, 0, 88649, 97871
2026/09/22 21:47:40.487, 1, 88649, 97871
2026/09/22 21:47:40.487, 2, 88649, 97871
2026/09/22 21:47:40.487, 3, 88649, 97871
2026/09/22 21:47:40.687, 0, 88649, 97871
2026/09/22 21:47:40.687, 1, 88649, 97871
2026/09/22 21:47:40.687, 2, 88649, 97871
2026/09/22 21:47:40.687, 3, 88649, 97871
2026/09/22 21:47:40.887, 0, 88649, 97871
2026/09/22 21:47:40.887, 1, 88649, 97871
2026/09/22 21:47:40.887, 2, 88649, 97871
2026/09/22 21:47:40.887, 3, 88649, 97871
2026/09/22 21:47:41.087, 0, 88649, 97871
2026/09/22 21:47:41.087, 1, 88649, 97871
2026/09/22 21:47:41.087, 2, 88649, 97871
2026/09/22 21:47:41.087, 3, 88649, 97871
2026/09/22 21:47:41.288, 0, 88649, 97871
2026/09/22 21:47:41.288, 1, 88649, 97871
2026/09/22 21:47:41.288, 2, 88649, 97871
2026/09/22 21:47:41.288, 3, 88649, 97871
2026/09/22 21:47:41.488, 0, 88649, 97871
2026/09/22 21:47:41.488, 1, 88649, 97871
2026/09/22 21:47:41.488, 2, 88649, 97871
2026/09/22 21:47:41.488, 3, 88649, 97871
2026/09/22 21:47:41.688, 0, 88649, 97871
2026/09/22 21:47:41.688, 1, 88649, 97871
2026/09/22 21:47:41.688, 2, 88649, 97871
2026/09/22 21:47:41.688, 3, 88649, 97871
2026/09/22 21:47:41.888, 0, 88649, 97871
2026/09/22 21:47:41.888, 1, 88649, 97871
2026/09/22 21:47:41.888, 2, 88649, 97871
2026/09/22 21:47:41.888, 3, 88649, 97871
2026/09/22 21:47:42.088, 0, 88649, 97871
2026/09/22 21:47:42.089, 1, 88649, 97871
2026/09/22 21:47:42.089, 2, 88649, 97871
2026/09/22 21:47:42.089, 3, 88649, 97871
2026/09/22 21:47:42.289, 0, 88649, 97871
2026/09/22 21:47:42.289, 1, 88649, 97871
2026/09/22 21:47:42.289, 2, 88649, 97871
2026/09/22 21:47:42.289, 3, 88649, 97871
2026/09/22 21:47:42.489, 0, 88649, 97871
2026/09/22 21:47:42.489, 1, 88649, 97871
2026/09/22 21:47:42.489, 2, 88649, 97871
2026/09/22 21:47:42.489, 3, 88649, 97871
2026/09/22 21:47:42.689, 0, 88649, 97871
2026/09/22 21:47:42.689, 1, 88649, 97871
2026/09/22 21:47:42.689, 2, 88649, 97871
2026/09/22 21:47:42.689, 3, 88649, 97871
2026/09/22 21:47:42.889, 0, 88649, 97871
2026/09/22 21:47:42.889, 1, 88649, 97871
2026/09/22 21:47:42.889, 2, 88649, 97871
2026/09/22 21:47:42.890, 3, 88649, 97871
2026/09/22 21:47:43.090, 0, 88649, 97871
2026/09/22 21:47:43.090, 1, 88649, 97871
2026/09/22 21:47:43.090, 2, 88649, 97871
2026/09/22 21:47:43.090, 3, 88649, 97871
2026/09/22 21:47:43.290, 0, 88649, 97871
2026/09/22 21:47:43.290, 1, 88649, 97871
2026/09/22 21:47:43.290, 2, 88649, 97871
2026/09/22 21:47:43.290, 3, 88649, 97871
2026/09/22 21:47:43.490, 0, 88649, 97871
2026/09/22 21:47:43.490, 1, 88649, 97871
2026/09/22 21:47:43.490, 2, 88649, 97871
2026/09/22 21:47:43.490, 3, 88649, 97871
2026/09/22 21:47:43.690, 0, 88649, 97871
2026/09/22 21:47:43.690, 1, 88649, 97871
2026/09/22 21:47:43.690, 2, 88649, 97871
2026/09/22 21:47:43.690, 3, 88649, 97871
2026/09/22 21:47:43.890, 0, 88649, 97871
2026/09/22 21:47:43.891, 1, 88649, 97871
2026/09/22 21:47:43.891, 2, 88649, 97871
2026/09/22 21:47:43.891, 3, 88649, 97871
2026/09/22 21:47:44.091, 0, 88649, 97871
2026/09/22 21:47:44.091, 1, 88649, 97871
2026/09/22 21:47:44.091, 2, 88649, 97871
2026/09/22 21:47:44.091, 3, 88649, 97871
2026/09/22 21:47:44.291, 0, 88649, 97871
2026/09/22 21:47:44.291, 1, 88649, 97871
2026/09/22 21:47:44.291, 2, 88649, 97871
2026/09/22 21:47:44.291, 3, 88649, 97871
2026/09/22 21:47:44.491, 0, 88649, 97871
2026/09/22 21:47:44.491, 1, 88649, 97871
2026/09/22 21:47:44.491, 2, 88649, 97871
2026/09/22 21:47:44.491, 3, 88649, 97871
2026/09/22 21:47:44.691, 0, 88649, 97871
2026/09/22 21:47:44.691, 1, 88649, 97871
2026/09/22 21:47:44.691, 2, 88649, 97871
2026/09/22 21:47:44.691, 3, 88649, 97871
2026/09/22 21:47:44.891, 0, 88649, 97871
2026/09/22 21:47:44.892, 1, 88649, 97871
2026/09/22 21:47:44.892, 2, 88649, 97871
2026/09/22 21:47:44.892, 3, 88649, 97871
2026/09/22 21:47:45.092, 0, 88649, 97871
2026/09/22 21:47:45.092, 1, 88649, 97871
2026/09/22 21:47:45.092, 2, 88649, 97871
2026/09/22 21:47:45.092, 3, 88649, 97871
2026/09/22 21:47:45.292, 0, 88649, 97871
2026/09/22 21:47:45.292, 1, 88649, 97871
2026/09/22 21:47:45.292, 2, 88649, 97871
2026/09/22 21:47:45.292, 3, 88649, 97871
2026/09/22 21:47:45.492, 0, 88649, 97871
2026/09/22 21:47:45.492, 1, 88649, 97871
2026/09/22 21:47:45.492, 2, 88649, 97871
2026/09/22 21:47:45.492, 3, 88649, 97871
2026/09/22 21:47:45.692, 0, 88649, 97871
2026/09/22 21:47:45.693, 1, 88649, 97871
2026/09/22 21:47:45.693, 2, 88649, 97871
2026/09/22 21:47:45.693, 3, 88649, 97871
2026/09/22 21:47:45.893, 0, 88649, 97871
2026/09/22 21:47:45.893, 1, 88649, 97871
2026/09/22 21:47:45.893, 2, 88649, 97871
2026/09/22 21:47:45.893, 3, 88649, 97871
2026/09/22 21:47:46.093, 0, 88649, 97871
2026/09/22 21:47:46.093, 1, 88649, 97871
2026/09/22 21:47:46.093, 2, 88649, 97871
2026/09/22 21:47:46.093, 3, 88649, 97871
2026/09/22 21:47:46.293, 0, 88649, 97871
2026/09/22 21:47:46.293, 1, 88649, 97871
2026/09/22 21:47:46.293, 2, 88649, 97871
2026/09/22 21:47:46.293, 3, 88649, 97871
2026/09/22 21:47:46.494, 0, 88649, 97871
2026/09/22 21:47:46.494, 1, 88649, 97871
2026/09/22 21:47:46.494, 2, 88649, 97871
2026/09/22 21:47:46.494, 3, 88649, 97871
2026/09/22 21:47:46.694, 0, 88649, 97871
2026/09/22 21:47:46.694, 1, 88649, 97871
2026/09/22 21:47:46.694, 2, 88649, 97871
2026/09/22 21:47:46.694, 3, 88649, 97871
2026/09/22 21:47:46.894, 0, 88649, 97871
2026/09/22 21:47:46.894, 1, 88649, 97871
2026/09/22 21:47:46.894, 2, 88649, 97871
2026/09/22 21:47:46.894, 3, 88649, 97871
2026/09/22 21:47:47.094, 0, 88649, 97871
2026/09/22 21:47:47.094, 1, 88649, 97871
2026/09/22 21:47:47.094, 2, 88649, 97871
2026/09/22 21:47:47.094, 3, 88649, 97871
2026/09/22 21:47:47.294, 0, 88649, 97871
2026/09/22 21:47:47.294, 1, 88649, 97871
2026/09/22 21:47:47.294, 2, 88649, 97871
2026/09/22 21:47:47.295, 3, 88649, 97871
2026/09/22 21:47:47.495, 0, 88649, 97871
2026/09/22 21:47:47.495, 1, 88649, 97871
2026/09/22 21:47:47.495, 2, 88649, 97871
2026/09/22 21:47:47.495, 3, 88649, 97871
2026/09/22 21:47:47.695, 0, 88649, 97871
2026/09/22 21:47:47.695, 1, 88649, 97871
2026/09/22 21:47:47.695, 2, 88649, 97871
2026/09/22 21:47:47.695, 3, 88649, 97871
2026/09/22 21:47:47.895, 0, 88649, 97871
2026/09/22 21:47:47.895, 1, 88649, 97871
2026/09/22 21:47:47.895, 2, 88649, 97871
2026/09/22 21:47:47.895, 3, 88649, 97871
2026/09/22 21:47:48.095, 0, 88649, 97871
2026/09/22 21:47:48.095, 1, 88649, 97871
2026/09/22 21:47:48.095, 2, 88649, 97871
2026/09/22 21:47:48.095, 3, 88649, 97871
2026/09/22 21:47:48.295, 0, 88649, 97871
2026/09/22 21:47:48.295, 1, 88649, 97871
2026/09/22 21:47:48.295, 2, 88649, 97871
2026/09/22 21:47:48.296, 3, 88649, 97871
2026/09/22 21:47:48.496, 0, 88649, 97871
2026/09/22 21:47:48.496, 1, 88649, 97871
2026/09/22 21:47:48.496, 2, 88649, 97871
2026/09/22 21:47:48.496, 3, 88649, 97871
2026/09/22 21:47:48.696, 0, 88649, 97871
2026/09/22 21:47:48.696, 1, 88649, 97871
2026/09/22 21:47:48.696, 2, 88649, 97871
2026/09/22 21:47:48.696, 3, 88649, 97871
2026/09/22 21:47:48.896, 0, 88649, 97871
2026/09/22 21:47:48.896, 1, 88649, 97871
2026/09/22 21:47:48.896, 2, 88649, 97871
2026/09/22 21:47:48.896, 3, 88649, 97871
2026/09/22 21:47:49.096, 0, 88649, 97871
2026/09/22 21:47:49.096, 1, 88649, 97871
2026/09/22 21:47:49.096, 2, 88649, 97871
2026/09/22 21:47:49.096, 3, 88649, 97871
2026/09/22 21:47:49.297, 0, 88649, 97871
2026/09/22 21:47:49.297, 1, 88649, 97871
2026/09/22 21:47:49.297, 2, 88649, 97871
2026/09/22 21:47:49.297, 3, 88649, 97871
2026/09/22 21:47:49.497, 0, 88649, 97871
2026/09/22 21:47:49.497, 1, 88649, 97871
2026/09/22 21:47:49.497, 2, 88649, 97871
2026/09/22 21:47:49.497, 3, 88649, 97871
2026/09/22 21:47:49.697, 0, 88649, 97871
2026/09/22 21:47:49.697, 1, 88649, 97871
2026/09/22 21:47:49.697, 2, 88649, 97871
2026/09/22 21:47:49.697, 3, 88649, 97871
2026/09/22 21:47:49.897, 0, 88649, 97871
2026/09/22 21:47:49.897, 1, 88649, 97871
2026/09/22 21:47:49.897, 2, 88649, 97871
2026/09/22 21:47:49.897, 3, 88649, 97871
2026/09/22 21:47:50.097, 0, 88649, 97871
2026/09/22 21:47:50.098, 1, 88649, 97871
2026/09/22 21:47:50.098, 2, 88649, 97871
2026/09/22 21:47:50.098, 3, 88649, 97871
2026/09/22 21:47:50.298, 0, 88649, 97871
2026/09/22 21:47:50.298, 1, 88649, 97871
2026/09/22 21:47:50.298, 2, 88649, 97871
2026/09/22 21:47:50.298, 3, 88649, 97871
2026/09/22 21:47:50.498, 0, 88649, 97871
2026/09/22 21:47:50.498, 1, 88649, 97871
2026/09/22 21:47:50.498, 2, 88649, 97871
2026/09/22 21:47:50.498, 3, 88649, 97871
2026/09/22 21:47:50.698, 0, 88649, 97871
2026/09/22 21:47:50.698, 1, 88649, 97871
2026/09/22 21:47:50.698, 2, 88649, 97871
2026/09/22 21:47:50.698, 3, 88649, 97871
2026/09/22 21:47:50.898, 0, 88649, 97871
2026/09/22 21:47:50.899, 1, 88649, 97871
2026/09/22 21:47:50.899, 2, 88649, 97871
2026/09/22 21:47:50.899, 3, 88649, 97871
2026/09/22 21:47:51.099, 0, 88649, 97871
2026/09/22 21:47:51.099, 1, 88649, 97871
2026/09/22 21:47:51.099, 2, 88649, 97871
2026/09/22 21:47:51.099, 3, 88649, 97871
2026/09/22 21:47:51.299, 0, 88649, 97871
2026/09/22 21:47:51.299, 1, 88649, 97871
2026/09/22 21:47:51.299, 2, 88649, 97871
2026/09/22 21:47:51.299, 3, 88649, 97871
2026/09/22 21:47:51.499, 0, 88649, 97871
2026/09/22 21:47:51.499, 1, 88649, 97871
2026/09/22 21:47:51.499, 2, 88649, 97871
2026/09/22 21:47:51.499, 3, 88649, 97871
2026/09/22 21:47:51.700, 0, 88649, 97871
2026/09/22 21:47:51.700, 1, 88649, 97871
2026/09/22 21:47:51.700, 2, 88649, 97871
2026/09/22 21:47:51.700, 3, 88649, 97871
2026/09/22 21:47:51.900, 0, 88649, 97871
2026/09/22 21:47:51.900, 1, 88649, 97871
2026/09/22 21:47:51.900, 2, 88649, 97871
2026/09/22 21:47:51.900, 3, 88649, 97871
2026/09/22 21:47:52.100, 0, 88649, 97871
2026/09/22 21:47:52.100, 1, 88649, 97871
2026/09/22 21:47:52.100, 2, 88649, 97871
2026/09/22 21:47:52.100, 3, 88649, 97871
2026/09/22 21:47:52.300, 0, 88649, 97871
2026/09/22 21:47:52.300, 1, 88649, 97871
2026/09/22 21:47:52.300, 2, 88649, 97871
2026/09/22 21:47:52.300, 3, 88649, 97871
2026/09/22 21:47:52.500, 0, 88649, 97871
2026/09/22 21:47:52.501, 1, 88649, 97871
2026/09/22 21:47:52.501, 2, 88649, 97871
2026/09/22 21:47:52.501, 3, 88649, 97871
2026/09/22 21:47:52.701, 0, 88649, 97871
2026/09/22 21:47:52.701, 1, 88649, 97871
2026/09/22 21:47:52.701, 2, 88649, 97871
2026/09/22 21:47:52.701, 3, 88649, 97871
2026/09/22 21:47:52.901, 0, 88649, 97871
2026/09/22 21:47:52.901, 1, 88649, 97871
2026/09/22 21:47:52.901, 2, 88649, 97871
2026/09/22 21:47:52.901, 3, 88649, 97871
2026/09/22 21:47:53.101, 0, 88649, 97871
2026/09/22 21:47:53.101, 1, 88649, 97871
2026/09/22 21:47:53.101, 2, 88649, 97871
2026/09/22 21:47:53.101, 3, 88649, 97871
2026/09/22 21:47:53.301, 0, 88649, 97871
2026/09/22 21:47:53.302, 1, 88649, 97871
2026/09/22 21:47:53.302, 2, 88649, 97871
2026/09/22 21:47:53.302, 3, 88649, 97871
2026/09/22 21:47:53.502, 0, 88649, 97871
2026/09/22 21:47:53.502, 1, 88649, 97871
2026/09/22 21:47:53.502, 2, 88649, 97871
2026/09/22 21:47:53.502, 3, 88649, 97871
2026/09/22 21:47:53.702, 0, 88649, 97871
2026/09/22 21:47:53.702, 1, 88649, 97871
2026/09/22 21:47:53.702, 2, 88649, 97871
2026/09/22 21:47:53.702, 3, 88649, 97871
2026/09/22 21:47:53.902, 0, 88649, 97871
2026/09/22 21:47:53.902, 1, 88649, 97871
2026/09/22 21:47:53.902, 2, 88649, 97871
2026/09/22 21:47:53.902, 3, 88649, 97871
2026/09/22 21:47:54.102, 0, 88649, 97871
2026/09/22 21:47:54.102, 1, 88649, 97871
2026/09/22 21:47:54.102, 2, 88649, 97871
2026/09/22 21:47:54.102, 3, 88649, 97871
2026/09/22 21:47:54.302, 0, 88649, 97871
2026/09/22 21:47:54.303, 1, 88649, 97871
2026/09/22 21:47:54.303, 2, 88649, 97871
2026/09/22 21:47:54.303, 3, 88649, 97871
2026/09/22 21:47:54.503, 0, 88649, 97871
2026/09/22 21:47:54.503, 1, 88649, 97871
2026/09/22 21:47:54.503, 2, 88649, 97871
2026/09/22 21:47:54.503, 3, 88649, 97871
2026/09/22 21:47:54.703, 0, 88649, 97871
2026/09/22 21:47:54.703, 1, 88649, 97871
2026/09/22 21:47:54.703, 2, 88649, 97871
2026/09/22 21:47:54.703, 3, 88649, 97871
2026/09/22 21:47:54.903, 0, 88649, 97871
2026/09/22 21:47:54.903, 1, 88649, 97871
2026/09/22 21:47:54.903, 2, 88649, 97871
2026/09/22 21:47:54.903, 3, 88649, 97871
2026/09/22 21:47:55.103, 0, 88649, 97871
2026/09/22 21:47:55.103, 1, 88649, 97871
2026/09/22 21:47:55.103, 2, 88649, 97871
2026/09/22 21:47:55.104, 3, 88649, 97871
2026/09/22 21:47:55.304, 0, 88649, 97871
2026/09/22 21:47:55.304, 1, 88649, 97871
2026/09/22 21:47:55.304, 2, 88649, 97871
2026/09/22 21:47:55.304, 3, 88649, 97871
2026/09/22 21:47:55.504, 0, 88649, 97871
2026/09/22 21:47:55.504, 1, 88649, 97871
2026/09/22 21:47:55.504, 2, 88649, 97871
2026/09/22 21:47:55.504, 3, 88649, 97871
2026/09/22 21:47:55.704, 0, 88649, 97871
2026/09/22 21:47:55.704, 1, 88649, 97871
2026/09/22 21:47:55.704, 2, 88649, 97871
2026/09/22 21:47:55.704, 3, 88649, 97871
2026/09/22 21:47:55.904, 0, 88649, 97871
2026/09/22 21:47:55.904, 1, 88649, 97871
2026/09/22 21:47:55.904, 2, 88649, 97871
2026/09/22 21:47:55.904, 3, 88649, 97871
2026/09/22 21:47:56.105, 0, 88649, 97871
2026/09/22 21:47:56.105, 1, 88649, 97871
2026/09/22 21:47:56.105, 2, 88649, 97871
2026/09/22 21:47:56.105, 3, 88649, 97871
2026/09/22 21:47:56.305, 0, 88649, 97871
2026/09/22 21:47:56.305, 1, 88649, 97871
2026/09/22 21:47:56.305, 2, 88649, 97871
2026/09/22 21:47:56.305, 3, 88649, 97871
2026/09/22 21:47:56.505, 0, 88649, 97871
2026/09/22 21:47:56.505, 1, 88649, 97871
2026/09/22 21:47:56.505, 2, 88649, 97871
2026/09/22 21:47:56.505, 3, 88649, 97871
2026/09/22 21:47:56.705, 0, 88649, 97871
2026/09/22 21:47:56.705, 1, 88649, 97871
2026/09/22 21:47:56.705, 2, 88649, 97871
2026/09/22 21:47:56.705, 3, 88649, 97871
2026/09/22 21:47:56.905, 0, 88649, 97871
2026/09/22 21:47:56.906, 1, 88649, 97871
2026/09/22 21:47:56.906, 2, 88649, 97871
2026/09/22 21:47:56.906, 3, 88649, 97871
2026/09/22 21:47:57.106, 0, 88649, 97871
2026/09/22 21:47:57.106, 1, 88649, 97871
2026/09/22 21:47:57.106, 2, 88649, 97871
2026/09/22 21:47:57.106, 3, 88649, 97871
2026/09/22 21:47:57.306, 0, 88649, 97871
2026/09/22 21:47:57.306, 1, 88649, 97871
2026/09/22 21:47:57.306, 2, 88649, 97871
2026/09/22 21:47:57.306, 3, 88649, 97871
2026/09/22 21:47:57.506, 0, 88649, 97871
2026/09/22 21:47:57.506, 1, 88649, 97871
2026/09/22 21:47:57.506, 2, 88649, 97871
2026/09/22 21:47:57.506, 3, 88649, 97871
2026/09/22 21:47:57.706, 0, 88649, 97871
2026/09/22 21:47:57.706, 1, 88649, 97871
2026/09/22 21:47:57.706, 2, 88649, 97871
2026/09/22 21:47:57.706, 3, 88649, 97871
2026/09/22 21:47:57.907, 0, 88649, 97871
2026/09/22 21:47:57.907, 1, 88649, 97871
2026/09/22 21:47:57.907, 2, 88649, 97871
2026/09/22 21:47:57.907, 3, 88649, 97871
2026/09/22 21:47:58.107, 0, 88649, 97871
2026/09/22 21:47:58.107, 1, 88649, 97871
2026/09/22 21:47:58.107, 2, 88649, 97871
2026/09/22 21:47:58.107, 3, 88649, 97871
2026/09/22 21:47:58.307, 0, 88649, 97871
2026/09/22 21:47:58.307, 1, 88649, 97871
2026/09/22 21:47:58.307, 2, 88649, 97871
2026/09/22 21:47:58.307, 3, 88649, 97871
2026/09/22 21:47:58.507, 0, 88649, 97871
2026/09/22 21:47:58.507, 1, 88649, 97871
2026/09/22 21:47:58.507, 2, 88649, 97871
2026/09/22 21:47:58.507, 3, 88649, 97871
2026/09/22 21:47:58.707, 0, 88649, 97871
2026/09/22 21:47:58.707, 1, 88649, 97871
2026/09/22 21:47:58.708, 2, 88649, 97871
2026/09/22 21:47:58.708, 3, 88649, 97871
2026/09/22 21:47:58.908, 0, 88649, 97871
2026/09/22 21:47:58.908, 1, 88649, 97871
2026/09/22 21:47:58.908, 2, 88649, 97871
2026/09/22 21:47:58.908, 3, 88649, 97871
2026/09/22 21:47:59.108, 0, 88649, 97871
2026/09/22 21:47:59.108, 1, 88649, 97871
2026/09/22 21:47:59.108, 2, 88649, 97871
2026/09/22 21:47:59.108, 3, 88649, 97871
2026/09/22 21:47:59.308, 0, 88649, 97871
2026/09/22 21:47:59.308, 1, 88649, 97871
2026/09/22 21:47:59.308, 2, 88649, 97871
2026/09/22 21:47:59.308, 3, 88649, 97871
2026/09/22 21:47:59.508, 0, 88649, 97871
2026/09/22 21:47:59.508, 1, 88649, 97871
2026/09/22 21:47:59.508, 2, 88649, 97871
2026/09/22 21:47:59.508, 3, 88649, 97871
2026/09/22 21:47:59.709, 0, 88649, 97871
2026/09/22 21:47:59.709, 1, 88649, 97871
2026/09/22 21:47:59.709, 2, 88649, 97871
2026/09/22 21:47:59.709, 3, 88649, 97871
2026/09/22 21:47:59.909, 0, 88649, 97871
2026/09/22 21:47:59.909, 1, 88649, 97871
2026/09/22 21:47:59.909, 2, 88649, 97871
2026/09/22 21:47:59.909, 3, 88649, 97871
2026/09/22 21:48:00.109, 0, 88649, 97871
2026/09/22 21:48:00.109, 1, 88649, 97871
2026/09/22 21:48:00.109, 2, 88649, 97871
2026/09/22 21:48:00.109, 3, 88649, 97871
2026/09/22 21:48:00.309, 0, 88649, 97871
2026/09/22 21:48:00.309, 1, 88649, 97871
2026/09/22 21:48:00.309, 2, 88649, 97871
2026/09/22 21:48:00.309, 3, 88649, 97871
2026/09/22 21:48:00.509, 0, 88649, 97871
2026/09/22 21:48:00.509, 1, 88649, 97871
2026/09/22 21:48:00.510, 2, 88649, 97871
2026/09/22 21:48:00.510, 3, 88649, 97871
2026/09/22 21:48:00.710, 0, 88649, 97871
2026/09/22 21:48:00.710, 1, 88649, 97871
2026/09/22 21:48:00.710, 2, 88649, 97871
2026/09/22 21:48:00.710, 3, 88649, 97871
2026/09/22 21:48:00.910, 0, 88649, 97871
2026/09/22 21:48:00.910, 1, 88649, 97871
2026/09/22 21:48:00.910, 2, 88649, 97871
2026/09/22 21:48:00.910, 3, 88649, 97871
2026/09/22 21:48:01.110, 0, 88649, 97871
2026/09/22 21:48:01.110, 1, 88649, 97871
2026/09/22 21:48:01.110, 2, 88649, 97871
2026/09/22 21:48:01.110, 3, 88649, 97871
2026/09/22 21:48:01.310, 0, 88649, 97871
2026/09/22 21:48:01.310, 1, 88649, 97871
2026/09/22 21:48:01.310, 2, 88649, 97871
2026/09/22 21:48:01.310, 3, 88649, 97871
2026/09/22 21:48:01.511, 0, 88649, 97871
2026/09/22 21:48:01.511, 1, 88649, 97871
2026/09/22 21:48:01.511, 2, 88649, 97871
2026/09/22 21:48:01.511, 3, 88649, 97871
2026/09/22 21:48:01.711, 0, 88649, 97871
2026/09/22 21:48:01.711, 1, 88649, 97871
2026/09/22 21:48:01.711, 2, 88649, 97871
2026/09/22 21:48:01.711, 3, 88649, 97871
2026/09/22 21:48:01.911, 0, 88649, 97871
2026/09/22 21:48:01.911, 1, 88649, 97871
2026/09/22 21:48:01.911, 2, 88649, 97871
2026/09/22 21:48:01.911, 3, 88649, 97871
2026/09/22 21:48:02.111, 0, 88649, 97871
2026/09/22 21:48:02.111, 1, 88649, 97871
2026/09/22 21:48:02.111, 2, 88649, 97871
2026/09/22 21:48:02.111, 3, 88649, 97871
2026/09/22 21:48:02.311, 0, 88649, 97871
2026/09/22 21:48:02.311, 1, 88649, 97871
2026/09/22 21:48:02.311, 2, 88649, 97871
2026/09/22 21:48:02.312, 3, 88649, 97871
2026/09/22 21:48:02.512, 0, 88649, 97871
2026/09/22 21:48:02.512, 1, 88649, 97871
2026/09/22 21:48:02.512, 2, 88649, 97871
2026/09/22 21:48:02.512, 3, 88649, 97871
2026/09/22 21:48:02.712, 0, 88649, 97871
2026/09/22 21:48:02.712, 1, 88649, 97871
2026/09/22 21:48:02.712, 2, 88649, 97871
2026/09/22 21:48:02.712, 3, 88649, 97871
2026/09/22 21:48:02.912, 0, 88649, 97871
2026/09/22 21:48:02.912, 1, 88649, 97871
2026/09/22 21:48:02.912, 2, 88649, 97871
2026/09/22 21:48:02.912, 3, 88649, 97871
2026/09/22 21:48:03.112, 0, 88649, 97871
2026/09/22 21:48:03.112, 1, 88649, 97871
2026/09/22 21:48:03.112, 2, 88649, 97871
2026/09/22 21:48:03.112, 3, 88649, 97871
2026/09/22 21:48:03.313, 0, 88649, 97871
2026/09/22 21:48:03.313, 1, 88649, 97871
2026/09/22 21:48:03.313, 2, 88649, 97871
2026/09/22 21:48:03.313, 3, 88649, 97871
2026/09/22 21:48:03.513, 0, 88649, 97871
2026/09/22 21:48:03.513, 1, 88649, 97871
2026/09/22 21:48:03.513, 2, 88649, 97871
2026/09/22 21:48:03.513, 3, 88649, 97871
2026/09/22 21:48:03.713, 0, 88649, 97871
2026/09/22 21:48:03.713, 1, 88649, 97871
2026/09/22 21:48:03.713, 2, 88649, 97871
2026/09/22 21:48:03.713, 3, 88649, 97871
2026/09/22 21:48:03.913, 0, 88649, 97871
2026/09/22 21:48:03.913, 1, 88649, 97871
2026/09/22 21:48:03.913, 2, 88649, 97871
2026/09/22 21:48:03.913, 3, 88649, 97871
2026/09/22 21:48:04.113, 0, 88649, 97871
2026/09/22 21:48:04.113, 1, 88649, 97871
2026/09/22 21:48:04.113, 2, 88649, 97871
2026/09/22 21:48:04.113, 3, 88649, 97871
2026/09/22 21:48:04.314, 0, 88649, 97871
2026/09/22 21:48:04.314, 1, 88649, 97871
2026/09/22 21:48:04.314, 2, 88649, 97871
2026/09/22 21:48:04.314, 3, 88649, 97871
2026/09/22 21:48:04.514, 0, 88649, 97871
2026/09/22 21:48:04.514, 1, 88649, 97871
2026/09/22 21:48:04.514, 2, 88649, 97871
2026/09/22 21:48:04.514, 3, 88649, 97871
2026/09/22 21:48:04.714, 0, 88649, 97871
2026/09/22 21:48:04.714, 1, 88649, 97871
2026/09/22 21:48:04.714, 2, 88649, 97871
2026/09/22 21:48:04.714, 3, 88649, 97871
2026/09/22 21:48:04.914, 0, 88649, 97871
2026/09/22 21:48:04.914, 1, 88649, 97871
2026/09/22 21:48:04.914, 2, 88649, 97871
2026/09/22 21:48:04.914, 3, 88649, 97871
2026/09/22 21:48:05.114, 0, 88649, 97871
2026/09/22 21:48:05.114, 1, 88649, 97871
2026/09/22 21:48:05.114, 2, 88649, 97871
2026/09/22 21:48:05.114, 3, 88649, 97871
2026/09/22 21:48:05.315, 0, 88649, 97871
2026/09/22 21:48:05.315, 1, 88649, 97871
2026/09/22 21:48:05.315, 2, 88649, 97871
2026/09/22 21:48:05.315, 3, 88649, 97871
2026/09/22 21:48:05.515, 0, 88649, 97871
2026/09/22 21:48:05.515, 1, 88649, 97871
2026/09/22 21:48:05.515, 2, 88649, 97871
2026/09/22 21:48:05.515, 3, 88649, 97871
2026/09/22 21:48:05.715, 0, 88649, 97871
2026/09/22 21:48:05.715, 1, 88649, 97871
2026/09/22 21:48:05.715, 2, 88649, 97871
2026/09/22 21:48:05.715, 3, 88649, 97871
2026/09/22 21:48:05.915, 0, 88649, 97871
2026/09/22 21:48:05.915, 1, 88649, 97871
2026/09/22 21:48:05.915, 2, 88649, 97871
2026/09/22 21:48:05.915, 3, 88649, 97871
2026/09/22 21:48:06.115, 0, 88649, 97871
2026/09/22 21:48:06.115, 1, 88649, 97871
2026/09/22 21:48:06.115, 2, 88649, 97871
2026/09/22 21:48:06.116, 3, 88649, 97871
2026/09/22 21:48:06.316, 0, 88649, 97871
2026/09/22 21:48:06.316, 1, 88649, 97871
2026/09/22 21:48:06.316, 2, 88649, 97871
2026/09/22 21:48:06.316, 3, 88649, 97871
2026/09/22 21:48:06.516, 0, 88649, 97871
2026/09/22 21:48:06.516, 1, 88649, 97871
2026/09/22 21:48:06.516, 2, 88649, 97871
2026/09/22 21:48:06.516, 3, 88649, 97871
2026/09/22 21:48:06.716, 0, 88649, 97871
2026/09/22 21:48:06.716, 1, 88649, 97871
2026/09/22 21:48:06.716, 2, 88649, 97871
2026/09/22 21:48:06.716, 3, 88649, 97871
2026/09/22 21:48:06.916, 0, 88649, 97871
2026/09/22 21:48:06.916, 1, 88649, 97871
2026/09/22 21:48:06.916, 2, 88649, 97871
2026/09/22 21:48:06.916, 3, 88649, 97871
2026/09/22 21:48:07.117, 0, 88649, 97871
2026/09/22 21:48:07.117, 1, 88649, 97871
2026/09/22 21:48:07.117, 2, 88649, 97871
2026/09/22 21:48:07.117, 3, 88649, 97871
2026/09/22 21:48:07.317, 0, 88649, 97871
2026/09/22 21:48:07.317, 1, 88649, 97871
2026/09/22 21:48:07.317, 2, 88649, 97871
2026/09/22 21:48:07.317, 3, 88649, 97871
2026/09/22 21:48:07.517, 0, 88649, 97871
2026/09/22 21:48:07.517, 1, 88649, 97871
2026/09/22 21:48:07.517, 2, 88649, 97871
2026/09/22 21:48:07.517, 3, 88649, 97871
2026/09/22 21:48:07.717, 0, 88649, 97871
2026/09/22 21:48:07.717, 1, 88649, 97871
2026/09/22 21:48:07.717, 2, 88649, 97871
2026/09/22 21:48:07.717, 3, 88649, 97871
2026/09/22 21:48:07.918, 0, 88649, 97871
2026/09/22 21:48:07.918, 1, 88649, 97871
2026/09/22 21:48:07.918, 2, 88649, 97871
2026/09/22 21:48:07.918, 3, 88649, 97871
2026/09/22 21:48:08.118, 0, 88649, 97871
2026/09/22 21:48:08.118, 1, 88649, 97871
2026/09/22 21:48:08.118, 2, 88649, 97871
2026/09/22 21:48:08.118, 3, 88649, 97871
2026/09/22 21:48:08.318, 0, 88649, 97871
2026/09/22 21:48:08.318, 1, 88649, 97871
2026/09/22 21:48:08.318, 2, 88649, 97871
2026/09/22 21:48:08.318, 3, 88649, 97871
2026/09/22 21:48:08.518, 0, 88649, 97871
2026/09/22 21:48:08.518, 1, 88649, 97871
2026/09/22 21:48:08.518, 2, 88649, 97871
2026/09/22 21:48:08.518, 3, 88649, 97871
2026/09/22 21:48:08.718, 0, 88649, 97871
2026/09/22 21:48:08.719, 1, 88649, 97871
2026/09/22 21:48:08.719, 2, 88649, 97871
2026/09/22 21:48:08.719, 3, 88649, 97871
2026/09/22 21:48:08.919, 0, 88649, 97871
2026/09/22 21:48:08.919, 1, 88649, 97871
2026/09/22 21:48:08.919, 2, 88649, 97871
2026/09/22 21:48:08.919, 3, 88649, 97871
2026/09/22 21:48:09.119, 0, 88649, 97871
2026/09/22 21:48:09.119, 1, 88649, 97871
2026/09/22 21:48:09.119, 2, 88649, 97871
2026/09/22 21:48:09.119, 3, 88649, 97871
2026/09/22 21:48:09.319, 0, 88649, 97871
2026/09/22 21:48:09.319, 1, 88649, 97871
2026/09/22 21:48:09.319, 2, 88649, 97871
2026/09/22 21:48:09.319, 3, 88649, 97871
2026/09/22 21:48:09.519, 0, 88649, 97871
2026/09/22 21:48:09.519, 1, 88649, 97871
2026/09/22 21:48:09.519, 2, 88649, 97871
2026/09/22 21:48:09.519, 3, 88649, 97871
2026/09/22 21:48:09.720, 0, 88649, 97871
2026/09/22 21:48:09.720, 1, 88649, 97871
2026/09/22 21:48:09.720, 2, 88649, 97871
2026/09/22 21:48:09.720, 3, 88649, 97871
2026/09/22 21:48:09.920, 0, 88649, 97871
2026/09/22 21:48:09.920, 1, 88649, 97871
2026/09/22 21:48:09.920, 2, 88649, 97871
2026/09/22 21:48:09.920, 3, 88649, 97871
2026/09/22 21:48:10.120, 0, 88649, 97871
2026/09/22 21:48:10.120, 1, 88649, 97871
2026/09/22 21:48:10.120, 2, 88649, 97871
2026/09/22 21:48:10.120, 3, 88649, 97871
2026/09/22 21:48:10.320, 0, 88649, 97871
2026/09/22 21:48:10.320, 1, 88649, 97871
2026/09/22 21:48:10.320, 2, 88649, 97871
2026/09/22 21:48:10.320, 3, 88649, 97871
2026/09/22 21:48:10.520, 0, 88649, 97871
2026/09/22 21:48:10.520, 1, 88649, 97871
2026/09/22 21:48:10.520, 2, 88649, 97871
2026/09/22 21:48:10.521, 3, 88649, 97871
2026/09/22 21:48:10.721, 0, 88649, 97871
2026/09/22 21:48:10.721, 1, 88649, 97871
2026/09/22 21:48:10.721, 2, 88649, 97871
2026/09/22 21:48:10.721, 3, 88649, 97871
2026/09/22 21:48:10.921, 0, 88649, 97871
2026/09/22 21:48:10.921, 1, 88649, 97871
2026/09/22 21:48:10.921, 2, 88649, 97871
2026/09/22 21:48:10.921, 3, 88649, 97871
2026/09/22 21:48:11.121, 0, 88649, 97871
2026/09/22 21:48:11.121, 1, 88649, 97871
2026/09/22 21:48:11.121, 2, 88649, 97871
2026/09/22 21:48:11.121, 3, 88649, 97871
2026/09/22 21:48:11.321, 0, 88649, 97871
2026/09/22 21:48:11.321, 1, 88649, 97871
2026/09/22 21:48:11.321, 2, 88649, 97871
2026/09/22 21:48:11.321, 3, 88649, 97871
2026/09/22 21:48:11.521, 0, 88649, 97871
2026/09/22 21:48:11.522, 1, 88649, 97871
2026/09/22 21:48:11.522, 2, 88649, 97871
2026/09/22 21:48:11.522, 3, 88649, 97871
2026/09/22 21:48:11.722, 0, 88649, 97871
2026/09/22 21:48:11.722, 1, 88649, 97871
2026/09/22 21:48:11.722, 2, 88649, 97871
2026/09/22 21:48:11.722, 3, 88649, 97871
2026/09/22 21:48:11.922, 0, 88649, 97871
2026/09/22 21:48:11.922, 1, 88649, 97871
2026/09/22 21:48:11.922, 2, 88649, 97871
2026/09/22 21:48:11.922, 3, 88649, 97871
2026/09/22 21:48:12.122, 0, 88649, 97871
2026/09/22 21:48:12.122, 1, 88649, 97871
2026/09/22 21:48:12.122, 2, 88649, 97871
2026/09/22 21:48:12.122, 3, 88649, 97871
2026/09/22 21:48:12.322, 0, 88649, 97871
2026/09/22 21:48:12.322, 1, 88649, 97871
2026/09/22 21:48:12.322, 2, 88649, 97871
2026/09/22 21:48:12.322, 3, 88649, 97871
2026/09/22 21:48:12.523, 0, 88649, 97871
2026/09/22 21:48:12.523, 1, 88649, 97871
2026/09/22 21:48:12.523, 2, 88649, 97871
2026/09/22 21:48:12.523, 3, 88649, 97871
2026/09/22 21:48:12.723, 0, 88649, 97871
2026/09/22 21:48:12.723, 1, 88649, 97871
2026/09/22 21:48:12.723, 2, 88649, 97871
2026/09/22 21:48:12.723, 3, 88649, 97871
2026/09/22 21:48:12.923, 0, 88649, 97871
2026/09/22 21:48:12.923, 1, 88649, 97871
2026/09/22 21:48:12.923, 2, 88649, 97871
2026/09/22 21:48:12.923, 3, 88649, 97871
2026/09/22 21:48:13.123, 0, 88649, 97871
2026/09/22 21:48:13.123, 1, 88649, 97871
2026/09/22 21:48:13.123, 2, 88649, 97871
2026/09/22 21:48:13.123, 3, 88649, 97871
2026/09/22 21:48:13.323, 0, 88649, 97871
2026/09/22 21:48:13.324, 1, 88649, 97871
2026/09/22 21:48:13.324, 2, 88649, 97871
2026/09/22 21:48:13.324, 3, 88649, 97871
2026/09/22 21:48:13.524, 0, 88649, 97871
2026/09/22 21:48:13.524, 1, 88649, 97871
2026/09/22 21:48:13.524, 2, 88649, 97871
2026/09/22 21:48:13.524, 3, 88649, 97871
2026/09/22 21:48:13.724, 0, 88649, 97871
2026/09/22 21:48:13.724, 1, 88649, 97871
2026/09/22 21:48:13.724, 2, 88649, 97871
2026/09/22 21:48:13.724, 3, 88649, 97871
2026/09/22 21:48:13.924, 0, 88649, 97871
2026/09/22 21:48:13.924, 1, 88649, 97871
2026/09/22 21:48:13.924, 2, 88649, 97871
2026/09/22 21:48:13.924, 3, 88649, 97871
2026/09/22 21:48:14.124, 0, 88649, 97871
2026/09/22 21:48:14.124, 1, 88649, 97871
2026/09/22 21:48:14.124, 2, 88649, 97871
2026/09/22 21:48:14.125, 3, 88649, 97871
2026/09/22 21:48:14.325, 0, 88649, 97871
2026/09/22 21:48:14.325, 1, 88649, 97871
2026/09/22 21:48:14.325, 2, 88649, 97871
2026/09/22 21:48:14.325, 3, 88649, 97871
2026/09/22 21:48:14.525, 0, 88649, 97871
2026/09/22 21:48:14.525, 1, 88649, 97871
2026/09/22 21:48:14.525, 2, 88649, 97871
2026/09/22 21:48:14.525, 3, 88649, 97871
2026/09/22 21:48:14.725, 0, 88649, 97871
2026/09/22 21:48:14.725, 1, 88649, 97871
2026/09/22 21:48:14.725, 2, 88649, 97871
2026/09/22 21:48:14.725, 3, 88649, 97871
2026/09/22 21:48:14.925, 0, 88649, 97871
2026/09/22 21:48:14.925, 1, 88649, 97871
2026/09/22 21:48:14.925, 2, 88649, 97871
2026/09/22 21:48:14.925, 3, 88649, 97871
2026/09/22 21:48:15.125, 0, 88649, 97871
2026/09/22 21:48:15.125, 1, 88649, 97871
2026/09/22 21:48:15.125, 2, 88649, 97871
2026/09/22 21:48:15.126, 3, 88649, 97871
2026/09/22 21:48:15.326, 0, 88649, 97871
2026/09/22 21:48:15.326, 1, 88649, 97871
2026/09/22 21:48:15.326, 2, 88649, 97871
2026/09/22 21:48:15.326, 3, 88649, 97871
2026/09/22 21:48:15.526, 0, 88649, 97871
2026/09/22 21:48:15.526, 1, 88649, 97871
2026/09/22 21:48:15.526, 2, 88649, 97871
2026/09/22 21:48:15.526, 3, 88649, 97871
2026/09/22 21:48:15.726, 0, 88649, 97871
2026/09/22 21:48:15.726, 1, 88649, 97871
2026/09/22 21:48:15.726, 2, 88649, 97871
2026/09/22 21:48:15.726, 3, 88649, 97871
2026/09/22 21:48:15.926, 0, 88649, 97871
2026/09/22 21:48:15.926, 1, 88649, 97871
2026/09/22 21:48:15.926, 2, 88649, 97871
2026/09/22 21:48:15.926, 3, 88649, 97871
2026/09/22 21:48:16.126, 0, 88649, 97871
2026/09/22 21:48:16.127, 1, 88649, 97871
2026/09/22 21:48:16.127, 2, 88649, 97871
2026/09/22 21:48:16.127, 3, 88649, 97871
2026/09/22 21:48:16.327, 0, 88649, 97871
2026/09/22 21:48:16.327, 1, 88649, 97871
2026/09/22 21:48:16.327, 2, 88649, 97871
2026/09/22 21:48:16.327, 3, 88649, 97871
2026/09/22 21:48:16.527, 0, 88649, 97871
2026/09/22 21:48:16.527, 1, 88649, 97871
2026/09/22 21:48:16.527, 2, 88649, 97871
2026/09/22 21:48:16.527, 3, 88649, 97871
2026/09/22 21:48:16.727, 0, 88649, 97871
2026/09/22 21:48:16.727, 1, 88649, 97871
2026/09/22 21:48:16.727, 2, 88649, 97871
2026/09/22 21:48:16.727, 3, 88649, 97871
2026/09/22 21:48:16.927, 0, 88649, 97871
2026/09/22 21:48:16.927, 1, 88649, 97871
2026/09/22 21:48:16.927, 2, 88649, 97871
2026/09/22 21:48:16.927, 3, 88649, 97871
2026/09/22 21:48:17.128, 0, 88649, 97871
2026/09/22 21:48:17.128, 1, 88649, 97871
2026/09/22 21:48:17.128, 2, 88649, 97871
2026/09/22 21:48:17.128, 3, 88649, 97871
2026/09/22 21:48:17.328, 0, 88649, 97871
2026/09/22 21:48:17.328, 1, 88649, 97871
2026/09/22 21:48:17.328, 2, 88649, 97871
2026/09/22 21:48:17.328, 3, 88649, 97871
2026/09/22 21:48:17.528, 0, 88649, 97871
2026/09/22 21:48:17.528, 1, 88649, 97871
2026/09/22 21:48:17.528, 2, 88649, 97871
2026/09/22 21:48:17.528, 3, 88649, 97871
2026/09/22 21:48:17.728, 0, 88649, 97871
2026/09/22 21:48:17.728, 1, 88649, 97871
2026/09/22 21:48:17.728, 2, 88649, 97871
2026/09/22 21:48:17.728, 3, 88649, 97871
2026/09/22 21:48:17.928, 0, 88649, 97871
2026/09/22 21:48:17.928, 1, 88649, 97871
2026/09/22 21:48:17.928, 2, 88649, 97871
2026/09/22 21:48:17.929, 3, 88649, 97871
2026/09/22 21:48:18.129, 0, 88649, 97871
2026/09/22 21:48:18.129, 1, 88649, 97871
2026/09/22 21:48:18.129, 2, 88649, 97871
2026/09/22 21:48:18.129, 3, 88649, 97871
2026/09/22 21:48:18.329, 0, 88649, 97871
2026/09/22 21:48:18.329, 1, 88649, 97871
2026/09/22 21:48:18.329, 2, 88649, 97871
2026/09/22 21:48:18.329, 3, 88649, 97871
2026/09/22 21:48:18.529, 0, 88649, 97871
2026/09/22 21:48:18.529, 1, 88649, 97871
2026/09/22 21:48:18.529, 2, 88649, 97871
2026/09/22 21:48:18.529, 3, 88649, 97871
2026/09/22 21:48:18.729, 0, 88649, 97871
2026/09/22 21:48:18.729, 1, 88649, 97871
2026/09/22 21:48:18.729, 2, 88649, 97871
2026/09/22 21:48:18.729, 3, 88649, 97871
2026/09/22 21:48:18.929, 0, 88649, 97871
2026/09/22 21:48:18.930, 1, 88649, 97871
2026/09/22 21:48:18.930, 2, 88649, 97871
2026/09/22 21:48:18.930, 3, 88649, 97871
2026/09/22 21:48:19.130, 0, 88649, 97871
2026/09/22 21:48:19.130, 1, 88649, 97871
2026/09/22 21:48:19.130, 2, 88649, 97871
2026/09/22 21:48:19.130, 3, 88649, 97871
2026/09/22 21:48:19.330, 0, 88649, 97871
2026/09/22 21:48:19.330, 1, 88649, 97871
2026/09/22 21:48:19.330, 2, 88649, 97871
2026/09/22 21:48:19.330, 3, 88649, 97871
2026/09/22 21:48:19.530, 0, 88649, 97871
2026/09/22 21:48:19.530, 1, 88649, 97871
2026/09/22 21:48:19.530, 2, 88649, 97871
2026/09/22 21:48:19.530, 3, 88649, 97871
2026/09/22 21:48:19.730, 0, 88649, 97871
2026/09/22 21:48:19.730, 1, 88649, 97871
2026/09/22 21:48:19.730, 2, 88649, 97871
2026/09/22 21:48:19.730, 3, 88649, 97871
2026/09/22 21:48:19.930, 0, 88649, 97871
2026/09/22 21:48:19.931, 1, 88649, 97871
2026/09/22 21:48:19.931, 2, 88649, 97871
2026/09/22 21:48:19.931, 3, 88649, 97871
2026/09/22 21:48:20.131, 0, 88649, 97871
2026/09/22 21:48:20.131, 1, 88649, 97871
2026/09/22 21:48:20.131, 2, 88649, 97871
2026/09/22 21:48:20.131, 3, 88649, 97871
2026/09/22 21:48:20.331, 0, 88649, 97871
2026/09/22 21:48:20.331, 1, 88649, 97871
2026/09/22 21:48:20.331, 2, 88649, 97871
2026/09/22 21:48:20.331, 3, 88649, 97871
2026/09/22 21:48:20.531, 0, 88649, 97871
2026/09/22 21:48:20.531, 1, 88649, 97871
2026/09/22 21:48:20.531, 2, 88649, 97871
2026/09/22 21:48:20.531, 3, 88649, 97871
2026/09/22 21:48:20.731, 0, 88649, 97871
2026/09/22 21:48:20.731, 1, 88649, 97871
2026/09/22 21:48:20.731, 2, 88649, 97871
2026/09/22 21:48:20.731, 3, 88649, 97871
2026/09/22 21:48:20.932, 0, 88649, 97871
2026/09/22 21:48:20.932, 1, 88649, 97871
2026/09/22 21:48:20.932, 2, 88649, 97871
2026/09/22 21:48:20.932, 3, 88649, 97871
2026/09/22 21:48:21.132, 0, 88649, 97871
2026/09/22 21:48:21.132, 1, 88649, 97871
2026/09/22 21:48:21.132, 2, 88649, 97871
2026/09/22 21:48:21.132, 3, 88649, 97871
2026/09/22 21:48:21.332, 0, 88649, 97871
2026/09/22 21:48:21.332, 1, 88649, 97871
2026/09/22 21:48:21.332, 2, 88649, 97871
2026/09/22 21:48:21.332, 3, 88649, 97871
2026/09/22 21:48:21.532, 0, 88649, 97871
2026/09/22 21:48:21.532, 1, 88649, 97871
2026/09/22 21:48:21.532, 2, 88649, 97871
2026/09/22 21:48:21.532, 3, 88649, 97871
2026/09/22 21:48:21.732, 0, 88649, 97871
2026/09/22 21:48:21.732, 1, 88649, 97871
2026/09/22 21:48:21.732, 2, 88649, 97871
2026/09/22 21:48:21.732, 3, 88649, 97871
2026/09/22 21:48:21.933, 0, 88649, 97871
2026/09/22 21:48:21.933, 1, 88649, 97871
2026/09/22 21:48:21.933, 2, 88649, 97871
2026/09/22 21:48:21.933, 3, 88649, 97871
2026/09/22 21:48:22.133, 0, 88649, 97871
2026/09/22 21:48:22.133, 1, 88649, 97871
2026/09/22 21:48:22.133, 2, 88649, 97871
2026/09/22 21:48:22.133, 3, 88649, 97871
2026/09/22 21:48:22.333, 0, 88649, 97871
2026/09/22 21:48:22.333, 1, 88649, 97871
2026/09/22 21:48:22.333, 2, 88649, 97871
2026/09/22 21:48:22.333, 3, 88649, 97871
2026/09/22 21:48:22.533, 0, 88649, 97871
2026/09/22 21:48:22.533, 1, 88649, 97871
2026/09/22 21:48:22.533, 2, 88649, 97871
2026/09/22 21:48:22.533, 3, 88649, 97871
2026/09/22 21:48:22.733, 0, 88649, 97871
2026/09/22 21:48:22.734, 1, 88649, 97871
2026/09/22 21:48:22.734, 2, 88649, 97871
2026/09/22 21:48:22.734, 3, 88649, 97871
2026/09/22 21:48:22.934, 0, 88649, 97871
2026/09/22 21:48:22.934, 1, 88649, 97871
2026/09/22 21:48:22.934, 2, 88649, 97871
2026/09/22 21:48:22.934, 3, 88649, 97871
2026/09/22 21:48:23.134, 0, 88649, 97871
2026/09/22 21:48:23.134, 1, 88649, 97871
2026/09/22 21:48:23.134, 2, 88649, 97871
2026/09/22 21:48:23.134, 3, 88649, 97871
2026/09/22 21:48:23.334, 0, 88649, 97871
2026/09/22 21:48:23.334, 1, 88649, 97871
2026/09/22 21:48:23.334, 2, 88649, 97871
2026/09/22 21:48:23.334, 3, 88649, 97871
2026/09/22 21:48:23.534, 0, 88649, 97871
2026/09/22 21:48:23.534, 1, 88649, 97871
2026/09/22 21:48:23.534, 2, 88649, 97871
2026/09/22 21:48:23.534, 3, 88649, 97871
2026/09/22 21:48:23.735, 0, 88649, 97871
2026/09/22 21:48:23.735, 1, 88649, 97871
2026/09/22 21:48:23.735, 2, 88649, 97871
2026/09/22 21:48:23.735, 3, 88649, 97871
2026/09/22 21:48:23.935, 0, 88649, 97871
2026/09/22 21:48:23.935, 1, 88649, 97871
2026/09/22 21:48:23.935, 2, 88649, 97871
2026/09/22 21:48:23.935, 3, 88649, 97871
2026/09/22 21:48:24.135, 0, 88649, 97871
2026/09/22 21:48:24.135, 1, 88649, 97871
2026/09/22 21:48:24.135, 2, 88649, 97871
2026/09/22 21:48:24.135, 3, 88649, 97871
2026/09/22 21:48:24.335, 0, 88649, 97871
2026/09/22 21:48:24.335, 1, 88649, 97871
2026/09/22 21:48:24.335, 2, 88649, 97871
2026/09/22 21:48:24.335, 3, 88649, 97871
2026/09/22 21:48:24.535, 0, 88649, 97871
2026/09/22 21:48:24.535, 1, 88649, 97871
2026/09/22 21:48:24.535, 2, 88649, 97871
2026/09/22 21:48:24.536, 3, 88649, 97871
2026/09/22 21:48:24.736, 0, 88649, 97871
2026/09/22 21:48:24.736, 1, 88649, 97871
2026/09/22 21:48:24.736, 2, 88649, 97871
2026/09/22 21:48:24.736, 3, 88649, 97871
2026/09/22 21:48:24.936, 0, 88649, 97871
2026/09/22 21:48:24.936, 1, 88649, 97871
2026/09/22 21:48:24.936, 2, 88649, 97871
2026/09/22 21:48:24.936, 3, 88649, 97871
2026/09/22 21:48:25.136, 0, 88649, 97871
2026/09/22 21:48:25.136, 1, 88649, 97871
2026/09/22 21:48:25.136, 2, 88649, 97871
2026/09/22 21:48:25.136, 3, 88649, 97871
2026/09/22 21:48:25.336, 0, 88649, 97871
2026/09/22 21:48:25.336, 1, 88649, 97871
2026/09/22 21:48:25.336, 2, 88649, 97871
2026/09/22 21:48:25.336, 3, 88649, 97871
2026/09/22 21:48:25.537, 0, 88649, 97871
2026/09/22 21:48:25.537, 1, 88649, 97871
2026/09/22 21:48:25.537, 2, 88649, 97871
2026/09/22 21:48:25.537, 3, 88649, 97871
2026/09/22 21:48:25.737, 0, 88649, 97871
2026/09/22 21:48:25.737, 1, 88649, 97871
2026/09/22 21:48:25.737, 2, 88649, 97871
2026/09/22 21:48:25.737, 3, 88649, 97871
2026/09/22 21:48:25.937, 0, 88649, 97871
2026/09/22 21:48:25.937, 1, 88649, 97871
2026/09/22 21:48:25.937, 2, 88649, 97871
2026/09/22 21:48:25.937, 3, 88649, 97871
2026/09/22 21:48:26.137, 0, 88649, 97871
2026/09/22 21:48:26.137, 1, 88649, 97871
2026/09/22 21:48:26.137, 2, 88649, 97871
2026/09/22 21:48:26.137, 3, 88649, 97871
2026/09/22 21:48:26.338, 0, 88649, 97871
2026/09/22 21:48:26.338, 1, 88649, 97871
2026/09/22 21:48:26.338, 2, 88649, 97871
2026/09/22 21:48:26.338, 3, 88649, 97871
2026/09/22 21:48:26.538, 0, 88649, 97871
2026/09/22 21:48:26.538, 1, 88649, 97871
2026/09/22 21:48:26.538, 2, 88649, 97871
2026/09/22 21:48:26.538, 3, 88649, 97871
2026/09/22 21:48:26.738, 0, 88649, 97871
2026/09/22 21:48:26.738, 1, 88649, 97871
2026/09/22 21:48:26.738, 2, 88649, 97871
2026/09/22 21:48:26.738, 3, 88649, 97871
2026/09/22 21:48:26.938, 0, 88649, 97871
2026/09/22 21:48:26.938, 1, 88649, 97871
2026/09/22 21:48:26.938, 2, 88649, 97871
2026/09/22 21:48:26.938, 3, 88649, 97871
2026/09/22 21:48:27.139, 0, 88649, 97871
2026/09/22 21:48:27.139, 1, 88649, 97871
2026/09/22 21:48:27.139, 2, 88649, 97871
2026/09/22 21:48:27.139, 3, 88649, 97871
2026/09/22 21:48:27.339, 0, 88649, 97871
2026/09/22 21:48:27.339, 1, 88649, 97871
2026/09/22 21:48:27.339, 2, 88649, 97871
2026/09/22 21:48:27.339, 3, 88649, 97871
2026/09/22 21:48:27.539, 0, 88649, 97871
2026/09/22 21:48:27.539, 1, 88649, 97871
2026/09/22 21:48:27.539, 2, 88649, 97871
2026/09/22 21:48:27.539, 3, 88649, 97871
2026/09/22 21:48:27.739, 0, 88649, 97871
2026/09/22 21:48:27.739, 1, 88649, 97871
2026/09/22 21:48:27.739, 2, 88649, 97871
2026/09/22 21:48:27.739, 3, 88649, 97871
2026/09/22 21:48:27.939, 0, 88649, 97871
2026/09/22 21:48:27.940, 1, 88649, 97871
2026/09/22 21:48:27.940, 2, 88649, 97871
2026/09/22 21:48:27.940, 3, 88649, 97871
2026/09/22 21:48:28.140, 0, 88649, 97871
2026/09/22 21:48:28.140, 1, 88649, 97871
2026/09/22 21:48:28.140, 2, 88649, 97871
2026/09/22 21:48:28.140, 3, 88649, 97871
2026/09/22 21:48:28.340, 0, 88649, 97871
2026/09/22 21:48:28.340, 1, 88649, 97871
2026/09/22 21:48:28.340, 2, 88649, 97871
2026/09/22 21:48:28.340, 3, 88649, 97871
2026/09/22 21:48:28.540, 0, 88649, 97871
2026/09/22 21:48:28.540, 1, 88649, 97871
2026/09/22 21:48:28.540, 2, 88649, 97871
2026/09/22 21:48:28.540, 3, 88649, 97871
2026/09/22 21:48:28.740, 0, 88649, 97871
2026/09/22 21:48:28.740, 1, 88649, 97871
2026/09/22 21:48:28.740, 2, 88649, 97871
2026/09/22 21:48:28.740, 3, 88649, 97871
2026/09/22 21:48:28.941, 0, 88649, 97871
2026/09/22 21:48:28.941, 1, 88649, 97871
2026/09/22 21:48:28.941, 2, 88649, 97871
2026/09/22 21:48:28.941, 3, 88649, 97871
2026/09/22 21:48:29.141, 0, 88649, 97871
2026/09/22 21:48:29.141, 1, 88649, 97871
2026/09/22 21:48:29.141, 2, 88649, 97871
2026/09/22 21:48:29.141, 3, 88649, 97871
2026/09/22 21:48:29.341, 0, 88649, 97871
2026/09/22 21:48:29.341, 1, 88649, 97871
2026/09/22 21:48:29.341, 2, 88649, 97871
2026/09/22 21:48:29.341, 3, 88649, 97871
2026/09/22 21:48:29.541, 0, 88649, 97871
2026/09/22 21:48:29.541, 1, 88649, 97871
2026/09/22 21:48:29.541, 2, 88649, 97871
2026/09/22 21:48:29.541, 3, 88649, 97871
2026/09/22 21:48:29.741, 0, 88649, 97871
2026/09/22 21:48:29.741, 1, 88649, 97871
2026/09/22 21:48:29.741, 2, 88649, 97871
2026/09/22 21:48:29.741, 3, 88649, 97871
2026/09/22 21:48:29.942, 0, 88649, 97871
2026/09/22 21:48:29.942, 1, 88649, 97871
2026/09/22 21:48:29.942, 2, 88649, 97871
2026/09/22 21:48:29.942, 3, 88649, 97871
2026/09/22 21:48:30.142, 0, 88649, 97871
2026/09/22 21:48:30.142, 1, 88649, 97871
2026/09/22 21:48:30.142, 2, 88649, 97871
2026/09/22 21:48:30.142, 3, 88649, 97871
2026/09/22 21:48:30.342, 0, 88649, 97871
2026/09/22 21:48:30.342, 1, 88649, 97871
2026/09/22 21:48:30.342, 2, 88649, 97871
2026/09/22 21:48:30.342, 3, 88649, 97871
2026/09/22 21:48:30.542, 0, 88649, 97871
2026/09/22 21:48:30.542, 1, 88649, 97871
2026/09/22 21:48:30.542, 2, 88649, 97871
2026/09/22 21:48:30.542, 3, 88649, 97871
2026/09/22 21:48:30.742, 0, 88649, 97871
2026/09/22 21:48:30.743, 1, 88649, 97871
2026/09/22 21:48:30.743, 2, 88649, 97871
2026/09/22 21:48:30.743, 3, 88649, 97871
2026/09/22 21:48:30.943, 0, 88649, 97871
2026/09/22 21:48:30.943, 1, 88649, 97871
2026/09/22 21:48:30.943, 2, 88649, 97871
2026/09/22 21:48:30.943, 3, 88649, 97871
2026/09/22 21:48:31.143, 0, 88649, 97871
2026/09/22 21:48:31.143, 1, 88649, 97871
2026/09/22 21:48:31.143, 2, 88649, 97871
2026/09/22 21:48:31.143, 3, 88649, 97871
2026/09/22 21:48:31.343, 0, 88649, 97871
2026/09/22 21:48:31.343, 1, 88649, 97871
2026/09/22 21:48:31.343, 2, 88649, 97871
2026/09/22 21:48:31.343, 3, 88649, 97871
2026/09/22 21:48:31.543, 0, 88649, 97871
2026/09/22 21:48:31.544, 1, 88649, 97871
2026/09/22 21:48:31.544, 2, 88649, 97871
2026/09/22 21:48:31.544, 3, 88649, 97871
2026/09/22 21:48:31.744, 0, 88649, 97871
2026/09/22 21:48:31.744, 1, 88649, 97871
2026/09/22 21:48:31.744, 2, 88649, 97871
2026/09/22 21:48:31.744, 3, 88649, 97871
2026/09/22 21:48:31.944, 0, 88649, 97871
2026/09/22 21:48:31.944, 1, 88649, 97871
2026/09/22 21:48:31.944, 2, 88649, 97871
2026/09/22 21:48:31.944, 3, 88649, 97871
2026/09/22 21:48:32.144, 0, 88649, 97871
2026/09/22 21:48:32.144, 1, 88649, 97871
2026/09/22 21:48:32.144, 2, 88649, 97871
2026/09/22 21:48:32.144, 3, 88649, 97871
2026/09/22 21:48:32.344, 0, 88649, 97871
2026/09/22 21:48:32.344, 1, 88649, 97871
2026/09/22 21:48:32.344, 2, 88649, 97871
2026/09/22 21:48:32.344, 3, 88649, 97871
2026/09/22 21:48:32.545, 0, 88649, 97871
2026/09/22 21:48:32.545, 1, 88649, 97871
2026/09/22 21:48:32.545, 2, 88649, 97871
2026/09/22 21:48:32.545, 3, 88649, 97871
2026/09/22 21:48:32.745, 0, 88649, 97871
2026/09/22 21:48:32.745, 1, 88649, 97871
2026/09/22 21:48:32.745, 2, 88649, 97871
2026/09/22 21:48:32.745, 3, 88649, 97871
2026/09/22 21:48:32.945, 0, 88649, 97871
2026/09/22 21:48:32.945, 1, 88649, 97871
2026/09/22 21:48:32.945, 2, 88649, 97871
2026/09/22 21:48:32.945, 3, 88649, 97871
2026/09/22 21:48:33.145, 0, 88649, 97871
2026/09/22 21:48:33.145, 1, 88649, 97871
2026/09/22 21:48:33.145, 2, 88649, 97871
2026/09/22 21:48:33.145, 3, 88649, 97871
2026/09/22 21:48:33.345, 0, 88649, 97871
2026/09/22 21:48:33.345, 1, 88649, 97871
2026/09/22 21:48:33.345, 2, 88649, 97871
2026/09/22 21:48:33.345, 3, 88649, 97871
2026/09/22 21:48:33.546, 0, 88649, 97871
2026/09/22 21:48:33.546, 1, 88649, 97871
2026/09/22 21:48:33.546, 2, 88649, 97871
2026/09/22 21:48:33.546, 3, 88649, 97871
2026/09/22 21:48:33.746, 0, 88649, 97871
2026/09/22 21:48:33.746, 1, 88649, 97871
2026/09/22 21:48:33.746, 2, 88649, 97871
2026/09/22 21:48:33.746, 3, 88649, 97871
2026/09/22 21:48:33.946, 0, 88649, 97871
2026/09/22 21:48:33.946, 1, 88649, 97871
2026/09/22 21:48:33.946, 2, 88649, 97871
2026/09/22 21:48:33.946, 3, 88649, 97871
2026/09/22 21:48:34.146, 0, 88649, 97871
2026/09/22 21:48:34.146, 1, 88649, 97871
2026/09/22 21:48:34.146, 2, 88649, 97871
2026/09/22 21:48:34.146, 3, 88649, 97871
2026/09/22 21:48:34.346, 0, 88649, 97871
2026/09/22 21:48:34.346, 1, 88649, 97871
2026/09/22 21:48:34.346, 2, 88649, 97871
2026/09/22 21:48:34.347, 3, 88649, 97871
2026/09/22 21:48:34.547, 0, 88649, 97871
2026/09/22 21:48:34.547, 1, 88649, 97871
2026/09/22 21:48:34.547, 2, 88649, 97871
2026/09/22 21:48:34.547, 3, 88649, 97871
2026/09/22 21:48:34.747, 0, 88649, 97871
2026/09/22 21:48:34.747, 1, 88649, 97871
2026/09/22 21:48:34.747, 2, 88649, 97871
2026/09/22 21:48:34.747, 3, 88649, 97871
2026/09/22 21:48:34.947, 0, 88649, 97871
2026/09/22 21:48:34.947, 1, 88649, 97871
2026/09/22 21:48:34.947, 2, 88649, 97871
2026/09/22 21:48:34.947, 3, 88649, 97871
2026/09/22 21:48:35.147, 0, 88649, 97871
2026/09/22 21:48:35.147, 1, 88649, 97871
2026/09/22 21:48:35.147, 2, 88649, 97871
2026/09/22 21:48:35.148, 3, 88649, 97871
2026/09/22 21:48:35.348, 0, 88649, 97871
2026/09/22 21:48:35.348, 1, 88649, 97871
2026/09/22 21:48:35.348, 2, 88649, 97871
2026/09/22 21:48:35.348, 3, 88649, 97871
2026/09/22 21:48:35.548, 0, 88649, 97871
2026/09/22 21:48:35.548, 1, 88649, 97871
2026/09/22 21:48:35.548, 2, 88649, 97871
2026/09/22 21:48:35.548, 3, 88649, 97871
2026/09/22 21:48:35.748, 0, 88649, 97871
2026/09/22 21:48:35.748, 1, 88649, 97871
2026/09/22 21:48:35.748, 2, 88649, 97871
2026/09/22 21:48:35.748, 3, 88649, 97871
2026/09/22 21:48:35.948, 0, 88649, 97871
2026/09/22 21:48:35.948, 1, 88649, 97871
2026/09/22 21:48:35.949, 2, 88649, 97871
2026/09/22 21:48:35.949, 3, 88649, 97871
2026/09/22 21:48:36.149, 0, 88649, 97871
2026/09/22 21:48:36.149, 1, 88649, 97871
2026/09/22 21:48:36.149, 2, 88649, 97871
2026/09/22 21:48:36.149, 3, 88649, 97871
2026/09/22 21:48:36.349, 0, 88649, 97871
2026/09/22 21:48:36.349, 1, 88649, 97871
2026/09/22 21:48:36.349, 2, 88649, 97871
2026/09/22 21:48:36.349, 3, 88649, 97871
2026/09/22 21:48:36.549, 0, 88649, 97871
2026/09/22 21:48:36.549, 1, 88649, 97871
2026/09/22 21:48:36.549, 2, 88649, 97871
2026/09/22 21:48:36.549, 3, 88649, 97871
2026/09/22 21:48:36.749, 0, 88649, 97871
2026/09/22 21:48:36.749, 1, 88649, 97871
2026/09/22 21:48:36.749, 2, 88649, 97871
2026/09/22 21:48:36.749, 3, 88649, 97871
2026/09/22 21:48:36.949, 0, 88649, 97871
2026/09/22 21:48:36.950, 1, 88649, 97871
2026/09/22 21:48:36.950, 2, 88649, 97871
2026/09/22 21:48:36.950, 3, 88649, 97871
2026/09/22 21:48:37.150, 0, 88649, 97871
2026/09/22 21:48:37.150, 1, 88649, 97871
2026/09/22 21:48:37.150, 2, 88649, 97871
2026/09/22 21:48:37.150, 3, 88649, 97871
2026/09/22 21:48:37.350, 0, 88649, 97871
2026/09/22 21:48:37.350, 1, 88649, 97871
2026/09/22 21:48:37.350, 2, 88649, 97871
2026/09/22 21:48:37.350, 3, 88649, 97871
2026/09/22 21:48:37.550, 0, 88649, 97871
2026/09/22 21:48:37.550, 1, 88649, 97871
2026/09/22 21:48:37.550, 2, 88649, 97871
2026/09/22 21:48:37.550, 3, 88649, 97871
2026/09/22 21:48:37.750, 0, 88649, 97871
2026/09/22 21:48:37.750, 1, 88649, 97871
2026/09/22 21:48:37.750, 2, 88649, 97871
2026/09/22 21:48:37.750, 3, 88649, 97871
2026/09/22 21:48:37.950, 0, 88649, 97871
2026/09/22 21:48:37.951, 1, 88649, 97871
2026/09/22 21:48:37.951, 2, 88649, 97871
2026/09/22 21:48:37.951, 3, 88649, 97871
2026/09/22 21:48:38.151, 0, 88649, 97871
2026/09/22 21:48:38.151, 1, 88649, 97871
2026/09/22 21:48:38.151, 2, 88649, 97871
2026/09/22 21:48:38.151, 3, 88649, 97871
2026/09/22 21:48:38.351, 0, 88649, 97871
2026/09/22 21:48:38.351, 1, 88649, 97871
2026/09/22 21:48:38.351, 2, 88649, 97871
2026/09/22 21:48:38.351, 3, 88649, 97871
2026/09/22 21:48:38.551, 0, 88649, 97871
2026/09/22 21:48:38.551, 1, 88649, 97871
2026/09/22 21:48:38.552, 2, 88649, 97871
2026/09/22 21:48:38.552, 3, 88649, 97871
2026/09/22 21:48:38.752, 0, 88649, 97871
2026/09/22 21:48:38.752, 1, 88649, 97871
2026/09/22 21:48:38.752, 2, 88649, 97871
2026/09/22 21:48:38.752, 3, 88649, 97871
2026/09/22 21:48:38.952, 0, 88649, 97871
2026/09/22 21:48:38.952, 1, 88649, 97871
2026/09/22 21:48:38.952, 2, 88649, 97871
2026/09/22 21:48:38.952, 3, 88649, 97871
2026/09/22 21:48:39.152, 0, 88649, 97871
2026/09/22 21:48:39.152, 1, 88649, 97871
2026/09/22 21:48:39.152, 2, 88649, 97871
2026/09/22 21:48:39.152, 3, 88649, 97871
2026/09/22 21:48:39.352, 0, 88649, 97871
2026/09/22 21:48:39.352, 1, 88649, 97871
2026/09/22 21:48:39.352, 2, 88649, 97871
2026/09/22 21:48:39.352, 3, 88649, 97871
2026/09/22 21:48:39.553, 0, 88649, 97871
2026/09/22 21:48:39.553, 1, 88649, 97871
2026/09/22 21:48:39.553, 2, 88649, 97871
2026/09/22 21:48:39.553, 3, 88649, 97871
2026/09/22 21:48:39.753, 0, 88649, 97871
2026/09/22 21:48:39.753, 1, 88649, 97871
2026/09/22 21:48:39.753, 2, 88649, 97871
2026/09/22 21:48:39.753, 3, 88649, 97871
2026/09/22 21:48:39.953, 0, 88649, 97871
2026/09/22 21:48:39.953, 1, 88649, 97871
2026/09/22 21:48:39.953, 2, 88649, 97871
2026/09/22 21:48:39.953, 3, 88649, 97871
2026/09/22 21:48:40.153, 0, 88649, 97871
2026/09/22 21:48:40.153, 1, 88649, 97871
2026/09/22 21:48:40.153, 2, 88649, 97871
2026/09/22 21:48:40.153, 3, 88649, 97871
2026/09/22 21:48:40.353, 0, 88649, 97871
2026/09/22 21:48:40.353, 1, 88649, 97871
2026/09/22 21:48:40.353, 2, 88649, 97871
2026/09/22 21:48:40.353, 3, 88649, 97871
2026/09/22 21:48:40.554, 0, 88649, 97871
2026/09/22 21:48:40.554, 1, 88649, 97871
2026/09/22 21:48:40.554, 2, 88649, 97871
2026/09/22 21:48:40.554, 3, 88649, 97871
2026/09/22 21:48:40.754, 0, 88649, 97871
2026/09/22 21:48:40.754, 1, 88649, 97871
2026/09/22 21:48:40.754, 2, 88649, 97871
2026/09/22 21:48:40.754, 3, 88649, 97871
2026/09/22 21:48:40.954, 0, 88649, 97871
2026/09/22 21:48:40.954, 1, 88649, 97871
2026/09/22 21:48:40.954, 2, 88649, 97871
2026/09/22 21:48:40.954, 3, 88649, 97871
2026/09/22 21:48:41.154, 0, 88649, 97871
2026/09/22 21:48:41.154, 1, 88649, 97871
2026/09/22 21:48:41.154, 2, 88649, 97871
2026/09/22 21:48:41.154, 3, 88649, 97871
2026/09/22 21:48:41.354, 0, 88649, 97871
2026/09/22 21:48:41.354, 1, 88649, 97871
2026/09/22 21:48:41.355, 2, 88649, 97871
2026/09/22 21:48:41.355, 3, 88649, 97871
2026/09/22 21:48:41.555, 0, 88649, 97871
2026/09/22 21:48:41.555, 1, 88649, 97871
2026/09/22 21:48:41.555, 2, 88649, 97871
2026/09/22 21:48:41.555, 3, 88649, 97871
2026/09/22 21:48:41.755, 0, 88649, 97871
2026/09/22 21:48:41.755, 1, 88649, 97871
2026/09/22 21:48:41.755, 2, 88649, 97871
2026/09/22 21:48:41.755, 3, 88649, 97871
2026/09/22 21:48:41.955, 0, 88649, 97871
2026/09/22 21:48:41.955, 1, 88649, 97871
2026/09/22 21:48:41.955, 2, 88649, 97871
2026/09/22 21:48:41.955, 3, 88649, 97871
2026/09/22 21:48:42.155, 0, 88649, 97871
2026/09/22 21:48:42.155, 1, 88649, 97871
2026/09/22 21:48:42.155, 2, 88649, 97871
2026/09/22 21:48:42.155, 3, 88649, 97871
2026/09/22 21:48:42.356, 0, 88649, 97871
2026/09/22 21:48:42.356, 1, 88649, 97871
2026/09/22 21:48:42.356, 2, 88649, 97871
2026/09/22 21:48:42.356, 3, 88649, 97871
2026/09/22 21:48:42.556, 0, 88649, 97871
2026/09/22 21:48:42.556, 1, 88649, 97871
2026/09/22 21:48:42.556, 2, 88649, 97871
2026/09/22 21:48:42.556, 3, 88649, 97871
2026/09/22 21:48:42.756, 0, 88649, 97871
2026/09/22 21:48:42.756, 1, 88649, 97871
2026/09/22 21:48:42.756, 2, 88649, 97871
2026/09/22 21:48:42.756, 3, 88649, 97871
2026/09/22 21:48:42.956, 0, 88649, 97871
2026/09/22 21:48:42.956, 1, 88649, 97871
2026/09/22 21:48:42.956, 2, 88649, 97871
2026/09/22 21:48:42.956, 3, 88649, 97871
2026/09/22 21:48:43.157, 0, 88649, 97871
2026/09/22 21:48:43.157, 1, 88649, 97871
2026/09/22 21:48:43.157, 2, 88649, 97871
2026/09/22 21:48:43.157, 3, 88649, 97871
2026/09/22 21:48:43.357, 0, 88649, 97871
2026/09/22 21:48:43.357, 1, 88649, 97871
2026/09/22 21:48:43.357, 2, 88649, 97871
2026/09/22 21:48:43.357, 3, 88649, 97871
2026/09/22 21:48:43.557, 0, 88649, 97871
2026/09/22 21:48:43.557, 1, 88649, 97871
2026/09/22 21:48:43.557, 2, 88649, 97871
2026/09/22 21:48:43.557, 3, 88649, 97871
2026/09/22 21:48:43.757, 0, 88649, 97871
2026/09/22 21:48:43.757, 1, 88649, 97871
2026/09/22 21:48:43.757, 2, 88649, 97871
2026/09/22 21:48:43.757, 3, 88649, 97871
2026/09/22 21:48:43.957, 0, 88649, 97871
2026/09/22 21:48:43.957, 1, 88649, 97871
2026/09/22 21:48:43.957, 2, 88649, 97871
2026/09/22 21:48:43.957, 3, 88649, 97871
2026/09/22 21:48:44.158, 0, 88649, 97871
2026/09/22 21:48:44.158, 1, 88649, 97871
2026/09/22 21:48:44.158, 2, 88649, 97871
2026/09/22 21:48:44.158, 3, 88649, 97871
2026/09/22 21:48:44.358, 0, 88649, 97871
2026/09/22 21:48:44.358, 1, 88649, 97871
2026/09/22 21:48:44.358, 2, 88649, 97871
2026/09/22 21:48:44.358, 3, 88649, 97871
2026/09/22 21:48:44.558, 0, 88649, 97871
2026/09/22 21:48:44.558, 1, 88649, 97871
2026/09/22 21:48:44.558, 2, 88649, 97871
2026/09/22 21:48:44.558, 3, 88649, 97871
2026/09/22 21:48:44.758, 0, 88649, 97871
2026/09/22 21:48:44.758, 1, 88649, 97871
2026/09/22 21:48:44.758, 2, 88649, 97871
2026/09/22 21:48:44.758, 3, 88649, 97871
2026/09/22 21:48:44.959, 0, 88649, 97871
2026/09/22 21:48:44.959, 1, 88649, 97871
2026/09/22 21:48:44.959, 2, 88649, 97871
2026/09/22 21:48:44.959, 3, 88649, 97871
2026/09/22 21:48:45.159, 0, 88649, 97871
2026/09/22 21:48:45.159, 1, 88649, 97871
2026/09/22 21:48:45.159, 2, 88649, 97871
2026/09/22 21:48:45.159, 3, 88649, 97871
2026/09/22 21:48:45.359, 0, 88649, 97871
2026/09/22 21:48:45.359, 1, 88649, 97871
2026/09/22 21:48:45.359, 2, 88649, 97871
2026/09/22 21:48:45.359, 3, 88649, 97871
2026/09/22 21:48:45.559, 0, 88649, 97871
2026/09/22 21:48:45.559, 1, 88649, 97871
2026/09/22 21:48:45.559, 2, 88649, 97871
2026/09/22 21:48:45.559, 3, 88649, 97871
2026/09/22 21:48:45.759, 0, 88649, 97871
2026/09/22 21:48:45.759, 1, 88649, 97871
2026/09/22 21:48:45.760, 2, 88649, 97871
2026/09/22 21:48:45.760, 3, 88649, 97871
2026/09/22 21:48:45.960, 0, 88649, 97871
2026/09/22 21:48:45.960, 1, 88649, 97871
2026/09/22 21:48:45.960, 2, 88649, 97871
2026/09/22 21:48:45.960, 3, 88649, 97871
2026/09/22 21:48:46.160, 0, 88649, 97871
2026/09/22 21:48:46.160, 1, 88649, 97871
2026/09/22 21:48:46.160, 2, 88649, 97871
2026/09/22 21:48:46.160, 3, 88649, 97871
2026/09/22 21:48:46.360, 0, 88649, 97871
2026/09/22 21:48:46.360, 1, 88649, 97871
2026/09/22 21:48:46.360, 2, 88649, 97871
2026/09/22 21:48:46.360, 3, 88649, 97871
2026/09/22 21:48:46.560, 0, 88649, 97871
2026/09/22 21:48:46.560, 1, 88649, 97871
2026/09/22 21:48:46.560, 2, 88649, 97871
2026/09/22 21:48:46.560, 3, 88649, 97871
2026/09/22 21:48:46.761, 0, 88649, 97871
2026/09/22 21:48:46.761, 1, 88649, 97871
2026/09/22 21:48:46.761, 2, 88649, 97871
2026/09/22 21:48:46.761, 3, 88649, 97871
2026/09/22 21:48:46.961, 0, 88649, 97871
2026/09/22 21:48:46.961, 1, 88649, 97871
2026/09/22 21:48:46.961, 2, 88649, 97871
2026/09/22 21:48:46.961, 3, 88649, 97871
2026/09/22 21:48:47.161, 0, 88649, 97871
2026/09/22 21:48:47.161, 1, 88649, 97871
2026/09/22 21:48:47.161, 2, 88649, 97871
2026/09/22 21:48:47.161, 3, 88649, 97871
2026/09/22 21:48:47.361, 0, 88649, 97871
2026/09/22 21:48:47.361, 1, 88649, 97871
2026/09/22 21:48:47.361, 2, 88649, 97871
2026/09/22 21:48:47.361, 3, 88649, 97871
2026/09/22 21:48:47.562, 0, 88649, 97871
2026/09/22 21:48:47.562, 1, 88649, 97871
2026/09/22 21:48:47.562, 2, 88649, 97871
2026/09/22 21:48:47.562, 3, 88649, 97871
2026/09/22 21:48:47.762, 0, 88649, 97871
2026/09/22 21:48:47.762, 1, 88649, 97871
2026/09/22 21:48:47.762, 2, 88649, 97871
2026/09/22 21:48:47.762, 3, 88649, 97871
2026/09/22 21:48:47.962, 0, 88649, 97871
2026/09/22 21:48:47.962, 1, 88649, 97871
2026/09/22 21:48:47.962, 2, 88649, 97871
2026/09/22 21:48:47.962, 3, 88649, 97871
2026/09/22 21:48:48.162, 0, 88649, 97871
2026/09/22 21:48:48.162, 1, 88649, 97871
2026/09/22 21:48:48.162, 2, 88649, 97871
2026/09/22 21:48:48.162, 3, 88649, 97871
2026/09/22 21:48:48.362, 0, 88649, 97871
2026/09/22 21:48:48.362, 1, 88649, 97871
2026/09/22 21:48:48.362, 2, 88649, 97871
2026/09/22 21:48:48.362, 3, 88649, 97871
2026/09/22 21:48:48.562, 0, 88649, 97871
2026/09/22 21:48:48.563, 1, 88649, 97871
2026/09/22 21:48:48.563, 2, 88649, 97871
2026/09/22 21:48:48.563, 3, 88649, 97871
2026/09/22 21:48:48.763, 0, 88649, 97871
2026/09/22 21:48:48.763, 1, 88649, 97871
2026/09/22 21:48:48.763, 2, 88649, 97871
2026/09/22 21:48:48.763, 3, 88649, 97871
2026/09/22 21:48:48.963, 0, 88649, 97871
2026/09/22 21:48:48.963, 1, 88649, 97871
2026/09/22 21:48:48.963, 2, 88649, 97871
2026/09/22 21:48:48.963, 3, 88649, 97871
2026/09/22 21:48:49.163, 0, 88649, 97871
2026/09/22 21:48:49.163, 1, 88649, 97871
2026/09/22 21:48:49.163, 2, 88649, 97871
2026/09/22 21:48:49.163, 3, 88649, 97871
2026/09/22 21:48:49.363, 0, 88649, 97871
2026/09/22 21:48:49.363, 1, 88649, 97871
2026/09/22 21:48:49.363, 2, 88649, 97871
2026/09/22 21:48:49.363, 3, 88649, 97871
2026/09/22 21:48:49.564, 0, 88649, 97871
2026/09/22 21:48:49.564, 1, 88649, 97871
2026/09/22 21:48:49.564, 2, 88649, 97871
2026/09/22 21:48:49.564, 3, 88649, 97871
2026/09/22 21:48:49.764, 0, 88649, 97871
2026/09/22 21:48:49.764, 1, 88649, 97871
2026/09/22 21:48:49.764, 2, 88649, 97871
2026/09/22 21:48:49.764, 3, 88649, 97871
2026/09/22 21:48:49.964, 0, 88649, 97871
2026/09/22 21:48:49.964, 1, 88649, 97871
2026/09/22 21:48:49.964, 2, 88649, 97871
2026/09/22 21:48:49.964, 3, 88649, 97871
2026/09/22 21:48:50.164, 0, 88649, 97871
2026/09/22 21:48:50.164, 1, 88649, 97871
2026/09/22 21:48:50.164, 2, 88649, 97871
2026/09/22 21:48:50.164, 3, 88649, 97871
2026/09/22 21:48:50.364, 0, 88649, 97871
2026/09/22 21:48:50.364, 1, 88649, 97871
2026/09/22 21:48:50.365, 2, 88649, 97871
2026/09/22 21:48:50.365, 3, 88649, 97871
2026/09/22 21:48:50.565, 0, 88649, 97871
2026/09/22 21:48:50.565, 1, 88649, 97871
2026/09/22 21:48:50.565, 2, 88649, 97871
2026/09/22 21:48:50.565, 3, 88649, 97871
2026/09/22 21:48:50.765, 0, 88649, 97871
2026/09/22 21:48:50.765, 1, 88649, 97871
2026/09/22 21:48:50.765, 2, 88649, 97871
2026/09/22 21:48:50.765, 3, 88649, 97871
2026/09/22 21:48:50.965, 0, 88649, 97871
2026/09/22 21:48:50.965, 1, 88649, 97871
2026/09/22 21:48:50.965, 2, 88649, 97871
2026/09/22 21:48:50.965, 3, 88649, 97871
2026/09/22 21:48:51.165, 0, 88649, 97871
2026/09/22 21:48:51.165, 1, 88649, 97871
2026/09/22 21:48:51.165, 2, 88649, 97871
2026/09/22 21:48:51.165, 3, 88649, 97871
2026/09/22 21:48:51.366, 0, 88649, 97871
2026/09/22 21:48:51.366, 1, 88649, 97871
2026/09/22 21:48:51.366, 2, 88649, 97871
2026/09/22 21:48:51.366, 3, 88649, 97871
2026/09/22 21:48:51.566, 0, 88649, 97871
2026/09/22 21:48:51.566, 1, 88649, 97871
2026/09/22 21:48:51.566, 2, 88649, 97871
2026/09/22 21:48:51.566, 3, 88649, 97871
2026/09/22 21:48:51.766, 0, 88649, 97871
2026/09/22 21:48:51.766, 1, 88649, 97871
2026/09/22 21:48:51.766, 2, 88649, 97871
2026/09/22 21:48:51.766, 3, 88649, 97871
2026/09/22 21:48:51.966, 0, 88649, 97871
2026/09/22 21:48:51.966, 1, 88649, 97871
2026/09/22 21:48:51.966, 2, 88649, 97871
2026/09/22 21:48:51.966, 3, 88649, 97871
2026/09/22 21:48:52.166, 0, 88649, 97871
2026/09/22 21:48:52.166, 1, 88649, 97871
2026/09/22 21:48:52.166, 2, 88649, 97871
2026/09/22 21:48:52.167, 3, 88649, 97871
2026/09/22 21:48:52.367, 0, 88649, 97871
2026/09/22 21:48:52.367, 1, 88649, 97871
2026/09/22 21:48:52.367, 2, 88649, 97871
2026/09/22 21:48:52.367, 3, 88649, 97871
2026/09/22 21:48:52.567, 0, 88649, 97871
2026/09/22 21:48:52.567, 1, 88649, 97871
2026/09/22 21:48:52.567, 2, 88649, 97871
2026/09/22 21:48:52.567, 3, 88649, 97871
2026/09/22 21:48:52.767, 0, 88649, 97871
2026/09/22 21:48:52.767, 1, 88649, 97871
2026/09/22 21:48:52.767, 2, 88649, 97871
2026/09/22 21:48:52.767, 3, 88649, 97871
2026/09/22 21:48:52.967, 0, 88649, 97871
2026/09/22 21:48:52.967, 1, 88649, 97871
2026/09/22 21:48:52.967, 2, 88649, 97871
2026/09/22 21:48:52.967, 3, 88649, 97871
2026/09/22 21:48:53.168, 0, 88649, 97871
2026/09/22 21:48:53.168, 1, 88649, 97871
2026/09/22 21:48:53.168, 2, 88649, 97871
2026/09/22 21:48:53.168, 3, 88649, 97871
2026/09/22 21:48:53.368, 0, 88649, 97871
2026/09/22 21:48:53.368, 1, 88649, 97871
2026/09/22 21:48:53.368, 2, 88649, 97871
2026/09/22 21:48:53.368, 3, 88649, 97871
2026/09/22 21:48:53.568, 0, 88649, 97871
2026/09/22 21:48:53.568, 1, 88649, 97871
2026/09/22 21:48:53.568, 2, 88649, 97871
2026/09/22 21:48:53.568, 3, 88649, 97871
2026/09/22 21:48:53.768, 0, 88649, 97871
2026/09/22 21:48:53.768, 1, 88649, 97871
2026/09/22 21:48:53.768, 2, 88649, 97871
2026/09/22 21:48:53.768, 3, 88649, 97871
2026/09/22 21:48:53.969, 0, 88649, 97871
2026/09/22 21:48:53.969, 1, 88649, 97871
2026/09/22 21:48:53.969, 2, 88649, 97871
2026/09/22 21:48:53.969, 3, 88649, 97871
2026/09/22 21:48:54.169, 0, 88649, 97871
2026/09/22 21:48:54.169, 1, 88649, 97871
2026/09/22 21:48:54.169, 2, 88649, 97871
2026/09/22 21:48:54.169, 3, 88649, 97871
2026/09/22 21:48:54.369, 0, 88649, 97871
2026/09/22 21:48:54.369, 1, 88649, 97871
2026/09/22 21:48:54.369, 2, 88649, 97871
2026/09/22 21:48:54.369, 3, 88649, 97871
2026/09/22 21:48:54.569, 0, 88649, 97871
2026/09/22 21:48:54.569, 1, 88649, 97871
2026/09/22 21:48:54.569, 2, 88649, 97871
2026/09/22 21:48:54.569, 3, 88649, 97871
2026/09/22 21:48:54.769, 0, 88649, 97871
2026/09/22 21:48:54.769, 1, 88649, 97871
2026/09/22 21:48:54.769, 2, 88649, 97871
2026/09/22 21:48:54.769, 3, 88649, 97871
2026/09/22 21:48:54.970, 0, 88649, 97871
2026/09/22 21:48:54.970, 1, 88649, 97871
2026/09/22 21:48:54.970, 2, 88649, 97871
2026/09/22 21:48:54.970, 3, 88649, 97871
2026/09/22 21:48:55.170, 0, 88649, 97871
2026/09/22 21:48:55.170, 1, 88649, 97871
2026/09/22 21:48:55.170, 2, 88649, 97871
2026/09/22 21:48:55.170, 3, 88649, 97871
2026/09/22 21:48:55.370, 0, 88649, 97871
2026/09/22 21:48:55.370, 1, 88649, 97871
2026/09/22 21:48:55.370, 2, 88649, 97871
2026/09/22 21:48:55.370, 3, 88649, 97871
2026/09/22 21:48:55.570, 0, 88649, 97871
2026/09/22 21:48:55.570, 1, 88649, 97871
2026/09/22 21:48:55.570, 2, 88649, 97871
2026/09/22 21:48:55.570, 3, 88649, 97871
2026/09/22 21:48:55.770, 0, 88649, 97871
2026/09/22 21:48:55.771, 1, 88649, 97871
2026/09/22 21:48:55.771, 2, 88649, 97871
2026/09/22 21:48:55.771, 3, 88649, 97871
2026/09/22 21:48:55.971, 0, 88649, 97871
2026/09/22 21:48:55.971, 1, 88649, 97871
2026/09/22 21:48:55.971, 2, 88649, 97871
2026/09/22 21:48:55.971, 3, 88649, 97871
2026/09/22 21:48:56.171, 0, 88649, 97871
2026/09/22 21:48:56.172, 1, 88649, 97871
2026/09/22 21:48:56.172, 2, 88649, 97871
2026/09/22 21:48:56.172, 3, 88649, 97871
2026/09/22 21:48:56.372, 0, 88649, 97871
2026/09/22 21:48:56.372, 1, 88649, 97871
2026/09/22 21:48:56.372, 2, 88649, 97871
2026/09/22 21:48:56.372, 3, 88649, 97871
2026/09/22 21:48:56.572, 0, 88649, 97871
2026/09/22 21:48:56.572, 1, 88649, 97871
2026/09/22 21:48:56.572, 2, 88649, 97871
2026/09/22 21:48:56.572, 3, 88649, 97871
2026/09/22 21:48:56.772, 0, 88649, 97871
2026/09/22 21:48:56.772, 1, 88649, 97871
2026/09/22 21:48:56.772, 2, 88649, 97871
2026/09/22 21:48:56.772, 3, 88649, 97871
2026/09/22 21:48:56.972, 0, 88649, 97871
2026/09/22 21:48:56.972, 1, 88649, 97871
2026/09/22 21:48:56.972, 2, 88649, 97871
2026/09/22 21:48:56.973, 3, 88649, 97871
2026/09/22 21:48:57.173, 0, 88649, 97871
2026/09/22 21:48:57.173, 1, 88649, 97871
2026/09/22 21:48:57.173, 2, 88649, 97871
2026/09/22 21:48:57.173, 3, 88649, 97871
2026/09/22 21:48:57.373, 0, 88649, 97871
2026/09/22 21:48:57.373, 1, 88649, 97871
2026/09/22 21:48:57.373, 2, 88649, 97871
2026/09/22 21:48:57.373, 3, 88649, 97871
2026/09/22 21:48:57.573, 0, 88649, 97871
2026/09/22 21:48:57.573, 1, 88649, 97871
2026/09/22 21:48:57.573, 2, 88649, 97871
2026/09/22 21:48:57.573, 3, 88649, 97871
2026/09/22 21:48:57.773, 0, 88649, 97871
2026/09/22 21:48:57.773, 1, 88649, 97871
2026/09/22 21:48:57.773, 2, 88649, 97871
2026/09/22 21:48:57.773, 3, 88649, 97871
2026/09/22 21:48:57.973, 0, 88649, 97871
2026/09/22 21:48:57.974, 1, 88649, 97871
2026/09/22 21:48:57.974, 2, 88649, 97871
2026/09/22 21:48:57.974, 3, 88649, 97871
2026/09/22 21:48:58.174, 0, 88649, 97871
2026/09/22 21:48:58.174, 1, 88649, 97871
2026/09/22 21:48:58.174, 2, 88649, 97871
2026/09/22 21:48:58.174, 3, 88649, 97871
2026/09/22 21:48:58.374, 0, 88649, 97871
2026/09/22 21:48:58.374, 1, 88649, 97871
2026/09/22 21:48:58.374, 2, 88649, 97871
2026/09/22 21:48:58.374, 3, 88649, 97871
2026/09/22 21:48:58.574, 0, 88649, 97871
2026/09/22 21:48:58.574, 1, 88649, 97871
2026/09/22 21:48:58.574, 2, 88649, 97871
2026/09/22 21:48:58.574, 3, 88649, 97871
2026/09/22 21:48:58.774, 0, 88649, 97871
2026/09/22 21:48:58.774, 1, 88649, 97871
2026/09/22 21:48:58.774, 2, 88649, 97871
2026/09/22 21:48:58.774, 3, 88649, 97871
2026/09/22 21:48:58.975, 0, 88649, 97871
2026/09/22 21:48:58.975, 1, 88649, 97871
2026/09/22 21:48:58.975, 2, 88649, 97871
2026/09/22 21:48:58.975, 3, 88649, 97871
2026/09/22 21:48:59.175, 0, 88649, 97871
2026/09/22 21:48:59.175, 1, 88649, 97871
2026/09/22 21:48:59.175, 2, 88649, 97871
2026/09/22 21:48:59.175, 3, 88649, 97871
2026/09/22 21:48:59.375, 0, 88649, 97871
2026/09/22 21:48:59.375, 1, 88649, 97871
2026/09/22 21:48:59.375, 2, 88649, 97871
2026/09/22 21:48:59.375, 3, 88649, 97871
2026/09/22 21:48:59.575, 0, 88649, 97871
2026/09/22 21:48:59.575, 1, 88649, 97871
2026/09/22 21:48:59.575, 2, 88649, 97871
2026/09/22 21:48:59.575, 3, 88649, 97871
2026/09/22 21:48:59.776, 0, 88649, 97871
2026/09/22 21:48:59.776, 1, 88649, 97871
2026/09/22 21:48:59.776, 2, 88649, 97871
2026/09/22 21:48:59.776, 3, 88649, 97871
2026/09/22 21:48:59.976, 0, 88649, 97871
2026/09/22 21:48:59.976, 1, 88649, 97871
2026/09/22 21:48:59.976, 2, 88649, 97871
2026/09/22 21:48:59.976, 3, 88649, 97871
2026/09/22 21:49:00.176, 0, 88649, 97871
2026/09/22 21:49:00.176, 1, 88649, 97871
2026/09/22 21:49:00.176, 2, 88649, 97871
2026/09/22 21:49:00.176, 3, 88649, 97871
2026/09/22 21:49:00.376, 0, 88649, 97871
2026/09/22 21:49:00.376, 1, 88649, 97871
2026/09/22 21:49:00.376, 2, 88649, 97871
2026/09/22 21:49:00.376, 3, 88649, 97871
2026/09/22 21:49:00.576, 0, 88649, 97871
2026/09/22 21:49:00.576, 1, 88649, 97871
2026/09/22 21:49:00.577, 2, 88649, 97871
2026/09/22 21:49:00.577, 3, 88649, 97871
2026/09/22 21:49:00.777, 0, 88649, 97871
2026/09/22 21:49:00.777, 1, 88649, 97871
2026/09/22 21:49:00.777, 2, 88649, 97871
2026/09/22 21:49:00.777, 3, 88649, 97871
2026/09/22 21:49:00.977, 0, 88649, 97871
2026/09/22 21:49:00.977, 1, 88649, 97871
2026/09/22 21:49:00.977, 2, 88649, 97871
2026/09/22 21:49:00.977, 3, 88649, 97871
2026/09/22 21:49:01.177, 0, 88649, 97871
2026/09/22 21:49:01.177, 1, 88649, 97871
2026/09/22 21:49:01.177, 2, 88649, 97871
2026/09/22 21:49:01.177, 3, 88649, 97871
2026/09/22 21:49:01.377, 0, 88649, 97871
2026/09/22 21:49:01.377, 1, 88649, 97871
2026/09/22 21:49:01.377, 2, 88649, 97871
2026/09/22 21:49:01.377, 3, 88649, 97871
2026/09/22 21:49:01.577, 0, 88649, 97871
2026/09/22 21:49:01.578, 1, 88649, 97871
2026/09/22 21:49:01.578, 2, 88649, 97871
2026/09/22 21:49:01.578, 3, 88649, 97871
2026/09/22 21:49:01.778, 0, 88649, 97871
2026/09/22 21:49:01.778, 1, 88649, 97871
2026/09/22 21:49:01.778, 2, 88649, 97871
2026/09/22 21:49:01.778, 3, 88649, 97871
2026/09/22 21:49:01.978, 0, 88649, 97871
2026/09/22 21:49:01.978, 1, 88649, 97871
2026/09/22 21:49:01.978, 2, 88649, 97871
2026/09/22 21:49:01.978, 3, 88649, 97871
2026/09/22 21:49:02.178, 0, 88649, 97871
2026/09/22 21:49:02.178, 1, 88649, 97871
2026/09/22 21:49:02.178, 2, 88649, 97871
2026/09/22 21:49:02.178, 3, 88649, 97871
2026/09/22 21:49:02.378, 0, 88649, 97871
2026/09/22 21:49:02.378, 1, 88649, 97871
2026/09/22 21:49:02.379, 2, 88649, 97871
2026/09/22 21:49:02.379, 3, 88649, 97871
2026/09/22 21:49:02.579, 0, 88649, 97871
2026/09/22 21:49:02.579, 1, 88649, 97871
2026/09/22 21:49:02.579, 2, 88649, 97871
2026/09/22 21:49:02.579, 3, 88649, 97871
2026/09/22 21:49:02.779, 0, 88649, 97871
2026/09/22 21:49:02.779, 1, 88649, 97871
2026/09/22 21:49:02.779, 2, 88649, 97871
2026/09/22 21:49:02.779, 3, 88649, 97871
2026/09/22 21:49:02.979, 0, 88649, 97871
2026/09/22 21:49:02.979, 1, 88649, 97871
2026/09/22 21:49:02.979, 2, 88649, 97871
2026/09/22 21:49:02.979, 3, 88649, 97871
2026/09/22 21:49:03.179, 0, 88649, 97871
2026/09/22 21:49:03.179, 1, 88649, 97871
2026/09/22 21:49:03.179, 2, 88649, 97871
2026/09/22 21:49:03.179, 3, 88649, 97871
2026/09/22 21:49:03.380, 0, 88649, 97871
2026/09/22 21:49:03.380, 1, 88649, 97871
2026/09/22 21:49:03.380, 2, 88649, 97871
2026/09/22 21:49:03.380, 3, 88649, 97871
2026/09/22 21:49:03.580, 0, 88649, 97871
2026/09/22 21:49:03.580, 1, 88649, 97871
2026/09/22 21:49:03.580, 2, 88649, 97871
2026/09/22 21:49:03.580, 3, 88649, 97871
2026/09/22 21:49:03.780, 0, 88649, 97871
2026/09/22 21:49:03.780, 1, 88649, 97871
2026/09/22 21:49:03.780, 2, 88649, 97871
2026/09/22 21:49:03.780, 3, 88649, 97871
2026/09/22 21:49:03.980, 0, 88649, 97871
2026/09/22 21:49:03.980, 1, 88649, 97871
2026/09/22 21:49:03.980, 2, 88649, 97871
2026/09/22 21:49:03.980, 3, 88649, 97871
2026/09/22 21:49:04.180, 0, 88649, 97871
2026/09/22 21:49:04.181, 1, 88649, 97871
2026/09/22 21:49:04.181, 2, 88649, 97871
2026/09/22 21:49:04.181, 3, 88649, 97871
2026/09/22 21:49:04.381, 0, 88649, 97871
2026/09/22 21:49:04.381, 1, 88649, 97871
2026/09/22 21:49:04.381, 2, 88649, 97871
2026/09/22 21:49:04.381, 3, 88649, 97871
2026/09/22 21:49:04.581, 0, 88649, 97871
2026/09/22 21:49:04.581, 1, 88649, 97871
2026/09/22 21:49:04.581, 2, 88649, 97871
2026/09/22 21:49:04.581, 3, 88649, 97871
2026/09/22 21:49:04.781, 0, 88649, 97871
2026/09/22 21:49:04.781, 1, 88649, 97871
2026/09/22 21:49:04.781, 2, 88649, 97871
2026/09/22 21:49:04.781, 3, 88649, 97871
2026/09/22 21:49:04.981, 0, 88649, 97871
2026/09/22 21:49:04.982, 1, 88649, 97871
2026/09/22 21:49:04.982, 2, 88649, 97871
2026/09/22 21:49:04.982, 3, 88649, 97871
2026/09/22 21:49:05.182, 0, 88649, 97871
2026/09/22 21:49:05.182, 1, 88649, 97871
2026/09/22 21:49:05.182, 2, 88649, 97871
2026/09/22 21:49:05.182, 3, 88649, 97871
2026/09/22 21:49:05.382, 0, 88649, 97871
2026/09/22 21:49:05.382, 1, 88649, 97871
2026/09/22 21:49:05.382, 2, 88649, 97871
2026/09/22 21:49:05.382, 3, 88649, 97871
2026/09/22 21:49:05.582, 0, 88649, 97871
2026/09/22 21:49:05.582, 1, 88649, 97871
2026/09/22 21:49:05.582, 2, 88649, 97871
2026/09/22 21:49:05.582, 3, 88649, 97871
2026/09/22 21:49:05.782, 0, 88649, 97871
2026/09/22 21:49:05.782, 1, 88649, 97871
2026/09/22 21:49:05.783, 2, 88649, 97871
2026/09/22 21:49:05.783, 3, 88649, 97871
2026/09/22 21:49:05.983, 0, 88649, 97871
2026/09/22 21:49:05.983, 1, 88649, 97871
2026/09/22 21:49:05.983, 2, 88649, 97871
2026/09/22 21:49:05.983, 3, 88649, 97871
2026/09/22 21:49:06.183, 0, 88649, 97871
2026/09/22 21:49:06.183, 1, 88649, 97871
2026/09/22 21:49:06.183, 2, 88649, 97871
2026/09/22 21:49:06.183, 3, 88649, 97871
2026/09/22 21:49:06.383, 0, 88649, 97871
2026/09/22 21:49:06.383, 1, 88649, 97871
2026/09/22 21:49:06.383, 2, 88649, 97871
2026/09/22 21:49:06.383, 3, 88649, 97871
2026/09/22 21:49:06.583, 0, 88649, 97871
2026/09/22 21:49:06.583, 1, 88649, 97871
2026/09/22 21:49:06.584, 2, 88649, 97871
2026/09/22 21:49:06.584, 3, 88649, 97871
2026/09/22 21:49:06.784, 0, 88649, 97871
2026/09/22 21:49:06.784, 1, 88649, 97871
2026/09/22 21:49:06.784, 2, 88649, 97871
2026/09/22 21:49:06.784, 3, 88649, 97871
2026/09/22 21:49:06.984, 0, 88649, 97871
2026/09/22 21:49:06.984, 1, 88649, 97871
2026/09/22 21:49:06.984, 2, 88649, 97871
2026/09/22 21:49:06.984, 3, 88649, 97871
2026/09/22 21:49:07.184, 0, 88649, 97871
2026/09/22 21:49:07.184, 1, 88649, 97871
2026/09/22 21:49:07.184, 2, 88649, 97871
2026/09/22 21:49:07.184, 3, 88649, 97871
2026/09/22 21:49:07.384, 0, 88649, 97871
2026/09/22 21:49:07.384, 1, 88649, 97871
2026/09/22 21:49:07.384, 2, 88649, 97871
2026/09/22 21:49:07.384, 3, 88649, 97871
2026/09/22 21:49:07.585, 0, 88649, 97871
2026/09/22 21:49:07.585, 1, 88649, 97871
2026/09/22 21:49:07.585, 2, 88649, 97871
2026/09/22 21:49:07.585, 3, 88649, 97871
2026/09/22 21:49:07.785, 0, 88649, 97871
2026/09/22 21:49:07.785, 1, 88649, 97871
2026/09/22 21:49:07.785, 2, 88649, 97871
2026/09/22 21:49:07.785, 3, 88649, 97871
2026/09/22 21:49:07.985, 0, 88649, 97871
2026/09/22 21:49:07.985, 1, 88649, 97871
2026/09/22 21:49:07.985, 2, 88649, 97871
2026/09/22 21:49:07.985, 3, 88649, 97871
2026/09/22 21:49:08.185, 0, 88649, 97871
2026/09/22 21:49:08.185, 1, 88649, 97871
2026/09/22 21:49:08.185, 2, 88649, 97871
2026/09/22 21:49:08.185, 3, 88649, 97871
2026/09/22 21:49:08.385, 0, 88649, 97871
2026/09/22 21:49:08.386, 1, 88649, 97871
2026/09/22 21:49:08.386, 2, 88649, 97871
2026/09/22 21:49:08.386, 3, 88649, 97871
2026/09/22 21:49:08.586, 0, 88649, 97871
2026/09/22 21:49:08.586, 1, 88649, 97871
2026/09/22 21:49:08.586, 2, 88649, 97871
2026/09/22 21:49:08.586, 3, 88649, 97871
2026/09/22 21:49:08.786, 0, 88649, 97871
2026/09/22 21:49:08.786, 1, 88649, 97871
2026/09/22 21:49:08.786, 2, 88649, 97871
2026/09/22 21:49:08.786, 3, 88649, 97871
2026/09/22 21:49:08.986, 0, 88649, 97871
2026/09/22 21:49:08.986, 1, 88649, 97871
2026/09/22 21:49:08.986, 2, 88649, 97871
2026/09/22 21:49:08.986, 3, 88649, 97871
2026/09/22 21:49:09.186, 0, 88649, 97871
2026/09/22 21:49:09.187, 1, 88649, 97871
2026/09/22 21:49:09.187, 2, 88649, 97871
2026/09/22 21:49:09.187, 3, 88649, 97871
2026/09/22 21:49:09.387, 0, 88649, 97871
2026/09/22 21:49:09.387, 1, 88649, 97871
2026/09/22 21:49:09.387, 2, 88649, 97871
2026/09/22 21:49:09.387, 3, 88649, 97871
2026/09/22 21:49:09.587, 0, 88649, 97871
2026/09/22 21:49:09.587, 1, 88649, 97871
2026/09/22 21:49:09.587, 2, 88649, 97871
2026/09/22 21:49:09.587, 3, 88649, 97871
2026/09/22 21:49:09.787, 0, 88649, 97871
2026/09/22 21:49:09.787, 1, 88649, 97871
2026/09/22 21:49:09.787, 2, 88649, 97871
2026/09/22 21:49:09.787, 3, 88649, 97871
2026/09/22 21:49:09.987, 0, 88649, 97871
2026/09/22 21:49:09.987, 1, 88649, 97871
2026/09/22 21:49:09.987, 2, 88649, 97871
2026/09/22 21:49:09.987, 3, 88649, 97871
2026/09/22 21:49:10.187, 0, 88649, 97871
2026/09/22 21:49:10.188, 1, 88649, 97871
2026/09/22 21:49:10.188, 2, 88649, 97871
2026/09/22 21:49:10.188, 3, 88649, 97871
2026/09/22 21:49:10.388, 0, 88649, 97871
2026/09/22 21:49:10.388, 1, 88649, 97871
2026/09/22 21:49:10.388, 2, 88649, 97871
2026/09/22 21:49:10.388, 3, 88649, 97871
2026/09/22 21:49:10.588, 0, 88649, 97871
2026/09/22 21:49:10.588, 1, 88649, 97871
2026/09/22 21:49:10.588, 2, 88649, 97871
2026/09/22 21:49:10.588, 3, 88649, 97871
2026/09/22 21:49:10.788, 0, 88649, 97871
2026/09/22 21:49:10.788, 1, 88649, 97871
2026/09/22 21:49:10.788, 2, 88649, 97871
2026/09/22 21:49:10.788, 3, 88649, 97871
2026/09/22 21:49:10.988, 0, 88649, 97871
2026/09/22 21:49:10.988, 1, 88649, 97871
2026/09/22 21:49:10.989, 2, 88649, 97871
2026/09/22 21:49:10.989, 3, 88649, 97871
2026/09/22 21:49:11.189, 0, 88649, 97871
2026/09/22 21:49:11.189, 1, 88649, 97871
2026/09/22 21:49:11.189, 2, 88649, 97871
2026/09/22 21:49:11.189, 3, 88649, 97871
2026/09/22 21:49:11.389, 0, 88649, 97871
2026/09/22 21:49:11.389, 1, 88649, 97871
2026/09/22 21:49:11.389, 2, 88649, 97871
2026/09/22 21:49:11.389, 3, 88649, 97871
2026/09/22 21:49:11.589, 0, 88649, 97871
2026/09/22 21:49:11.589, 1, 88649, 97871
2026/09/22 21:49:11.589, 2, 88649, 97871
2026/09/22 21:49:11.589, 3, 88649, 97871
2026/09/22 21:49:11.789, 0, 88649, 97871
2026/09/22 21:49:11.789, 1, 88649, 97871
2026/09/22 21:49:11.789, 2, 88649, 97871
2026/09/22 21:49:11.789, 3, 88649, 97871
2026/09/22 21:49:11.989, 0, 88649, 97871
2026/09/22 21:49:11.990, 1, 88649, 97871
2026/09/22 21:49:11.990, 2, 88649, 97871
2026/09/22 21:49:11.990, 3, 88649, 97871
2026/09/22 21:49:12.190, 0, 88649, 97871
2026/09/22 21:49:12.190, 1, 88649, 97871
2026/09/22 21:49:12.190, 2, 88649, 97871
2026/09/22 21:49:12.190, 3, 88649, 97871
2026/09/22 21:49:12.390, 0, 88649, 97871
2026/09/22 21:49:12.390, 1, 88649, 97871
2026/09/22 21:49:12.390, 2, 88649, 97871
2026/09/22 21:49:12.390, 3, 88649, 97871
2026/09/22 21:49:12.590, 0, 88649, 97871
2026/09/22 21:49:12.590, 1, 88649, 97871
2026/09/22 21:49:12.590, 2, 88649, 97871
2026/09/22 21:49:12.590, 3, 88649, 97871
2026/09/22 21:49:12.790, 0, 88649, 97871
2026/09/22 21:49:12.790, 1, 88649, 97871
2026/09/22 21:49:12.790, 2, 88649, 97871
2026/09/22 21:49:12.790, 3, 88649, 97871
2026/09/22 21:49:12.991, 0, 88649, 97871
2026/09/22 21:49:12.991, 1, 88649, 97871
2026/09/22 21:49:12.991, 2, 88649, 97871
2026/09/22 21:49:12.991, 3, 88649, 97871
2026/09/22 21:49:13.191, 0, 88649, 97871
2026/09/22 21:49:13.191, 1, 88649, 97871
2026/09/22 21:49:13.191, 2, 88649, 97871
2026/09/22 21:49:13.191, 3, 88649, 97871
2026/09/22 21:49:13.391, 0, 88649, 97871
2026/09/22 21:49:13.391, 1, 88649, 97871
2026/09/22 21:49:13.391, 2, 88649, 97871
2026/09/22 21:49:13.391, 3, 88649, 97871
2026/09/22 21:49:13.591, 0, 88649, 97871
2026/09/22 21:49:13.591, 1, 88649, 97871
2026/09/22 21:49:13.591, 2, 88649, 97871
2026/09/22 21:49:13.591, 3, 88649, 97871
2026/09/22 21:49:13.791, 0, 88649, 97871
2026/09/22 21:49:13.792, 1, 88649, 97871
2026/09/22 21:49:13.792, 2, 88649, 97871
2026/09/22 21:49:13.792, 3, 88649, 97871
2026/09/22 21:49:13.992, 0, 88649, 97871
2026/09/22 21:49:13.992, 1, 88649, 97871
2026/09/22 21:49:13.992, 2, 88649, 97871
2026/09/22 21:49:13.992, 3, 88649, 97871
2026/09/22 21:49:14.192, 0, 88649, 97871
2026/09/22 21:49:14.192, 1, 88649, 97871
2026/09/22 21:49:14.192, 2, 88649, 97871
2026/09/22 21:49:14.192, 3, 88649, 97871
2026/09/22 21:49:14.392, 0, 88649, 97871
2026/09/22 21:49:14.392, 1, 88649, 97871
2026/09/22 21:49:14.392, 2, 88649, 97871
2026/09/22 21:49:14.392, 3, 88649, 97871
2026/09/22 21:49:14.592, 0, 88649, 97871
2026/09/22 21:49:14.592, 1, 88649, 97871
2026/09/22 21:49:14.592, 2, 88649, 97871
2026/09/22 21:49:14.592, 3, 88649, 97871
2026/09/22 21:49:14.792, 0, 88649, 97871
2026/09/22 21:49:14.793, 1, 88649, 97871
2026/09/22 21:49:14.793, 2, 88649, 97871
2026/09/22 21:49:14.793, 3, 88649, 97871
2026/09/22 21:49:14.993, 0, 88649, 97871
2026/09/22 21:49:14.993, 1, 88649, 97871
2026/09/22 21:49:14.993, 2, 88649, 97871
2026/09/22 21:49:14.993, 3, 88649, 97871
2026/09/22 21:49:15.193, 0, 88649, 97871
2026/09/22 21:49:15.193, 1, 88649, 97871
2026/09/22 21:49:15.193, 2, 88649, 97871
2026/09/22 21:49:15.193, 3, 88649, 97871
2026/09/22 21:49:15.393, 0, 88649, 97871
2026/09/22 21:49:15.393, 1, 88649, 97871
2026/09/22 21:49:15.393, 2, 88649, 97871
2026/09/22 21:49:15.393, 3, 88649, 97871
2026/09/22 21:49:15.593, 0, 88649, 97871
2026/09/22 21:49:15.593, 1, 88649, 97871
2026/09/22 21:49:15.593, 2, 88649, 97871
2026/09/22 21:49:15.593, 3, 88649, 97871
2026/09/22 21:49:15.793, 0, 88649, 97871
2026/09/22 21:49:15.794, 1, 88649, 97871
2026/09/22 21:49:15.794, 2, 88649, 97871
2026/09/22 21:49:15.794, 3, 88649, 97871
2026/09/22 21:49:15.994, 0, 88649, 97871
2026/09/22 21:49:15.994, 1, 88649, 97871
2026/09/22 21:49:15.994, 2, 88649, 97871
2026/09/22 21:49:15.994, 3, 88649, 97871
2026/09/22 21:49:16.194, 0, 88649, 97871
2026/09/22 21:49:16.194, 1, 88649, 97871
2026/09/22 21:49:16.194, 2, 88649, 97871
2026/09/22 21:49:16.194, 3, 88649, 97871
2026/09/22 21:49:16.394, 0, 88649, 97871
2026/09/22 21:49:16.394, 1, 88649, 97871
2026/09/22 21:49:16.394, 2, 88649, 97871
2026/09/22 21:49:16.394, 3, 88649, 97871
2026/09/22 21:49:16.594, 0, 88649, 97871
2026/09/22 21:49:16.594, 1, 88649, 97871
2026/09/22 21:49:16.594, 2, 88649, 97871
2026/09/22 21:49:16.594, 3, 88649, 97871
2026/09/22 21:49:16.795, 0, 88649, 97871
2026/09/22 21:49:16.795, 1, 88649, 97871
2026/09/22 21:49:16.795, 2, 88649, 97871
2026/09/22 21:49:16.795, 3, 88649, 97871
2026/09/22 21:49:16.995, 0, 88649, 97871
2026/09/22 21:49:16.995, 1, 88649, 97871
2026/09/22 21:49:16.995, 2, 88649, 97871
2026/09/22 21:49:16.995, 3, 88649, 97871
2026/09/22 21:49:17.195, 0, 88649, 97871
2026/09/22 21:49:17.195, 1, 88649, 97871
2026/09/22 21:49:17.195, 2, 88649, 97871
2026/09/22 21:49:17.195, 3, 88649, 97871
2026/09/22 21:49:17.395, 0, 88649, 97871
2026/09/22 21:49:17.395, 1, 88649, 97871
2026/09/22 21:49:17.395, 2, 88649, 97871
2026/09/22 21:49:17.395, 3, 88649, 97871
2026/09/22 21:49:17.595, 0, 88649, 97871
2026/09/22 21:49:17.596, 1, 88649, 97871
2026/09/22 21:49:17.596, 2, 88649, 97871
2026/09/22 21:49:17.596, 3, 88649, 97871
2026/09/22 21:49:17.796, 0, 88649, 97871
2026/09/22 21:49:17.796, 1, 88649, 97871
2026/09/22 21:49:17.796, 2, 88649, 97871
2026/09/22 21:49:17.796, 3, 88649, 97871
2026/09/22 21:49:17.996, 0, 88649, 97871
2026/09/22 21:49:17.996, 1, 88649, 97871
2026/09/22 21:49:17.996, 2, 88649, 97871
2026/09/22 21:49:17.996, 3, 88649, 97871
2026/09/22 21:49:18.196, 0, 88649, 97871
2026/09/22 21:49:18.196, 1, 88649, 97871
2026/09/22 21:49:18.196, 2, 88649, 97871
2026/09/22 21:49:18.196, 3, 88649, 97871
2026/09/22 21:49:18.396, 0, 88649, 97871
2026/09/22 21:49:18.396, 1, 88649, 97871
2026/09/22 21:49:18.396, 2, 88649, 97871
2026/09/22 21:49:18.396, 3, 88649, 97871
2026/09/22 21:49:18.597, 0, 88649, 97871
2026/09/22 21:49:18.597, 1, 88649, 97871
2026/09/22 21:49:18.597, 2, 88649, 97871
2026/09/22 21:49:18.597, 3, 88649, 97871
2026/09/22 21:49:18.797, 0, 88649, 97871
2026/09/22 21:49:18.797, 1, 88649, 97871
2026/09/22 21:49:18.797, 2, 88649, 97871
2026/09/22 21:49:18.797, 3, 88649, 97871
2026/09/22 21:49:18.997, 0, 88649, 97871
2026/09/22 21:49:18.997, 1, 88649, 97871
2026/09/22 21:49:18.997, 2, 88649, 97871
2026/09/22 21:49:18.997, 3, 88649, 97871
2026/09/22 21:49:19.197, 0, 88649, 97871
2026/09/22 21:49:19.197, 1, 88649, 97871
2026/09/22 21:49:19.197, 2, 88649, 97871
2026/09/22 21:49:19.197, 3, 88649, 97871
2026/09/22 21:49:19.397, 0, 88649, 97871
2026/09/22 21:49:19.397, 1, 88649, 97871
2026/09/22 21:49:19.397, 2, 88649, 97871
2026/09/22 21:49:19.398, 3, 88649, 97871
2026/09/22 21:49:19.598, 0, 88649, 97871
2026/09/22 21:49:19.598, 1, 88649, 97871
2026/09/22 21:49:19.598, 2, 88649, 97871
2026/09/22 21:49:19.598, 3, 88649, 97871
2026/09/22 21:49:19.798, 0, 88649, 97871
2026/09/22 21:49:19.798, 1, 88649, 97871
2026/09/22 21:49:19.798, 2, 88649, 97871
2026/09/22 21:49:19.798, 3, 88649, 97871
2026/09/22 21:49:19.998, 0, 88649, 97871
2026/09/22 21:49:19.998, 1, 88649, 97871
2026/09/22 21:49:19.998, 2, 88649, 97871
2026/09/22 21:49:19.998, 3, 88649, 97871
2026/09/22 21:49:20.198, 0, 88649, 97871
2026/09/22 21:49:20.198, 1, 88649, 97871
2026/09/22 21:49:20.198, 2, 88649, 97871
2026/09/22 21:49:20.198, 3, 88649, 97871
2026/09/22 21:49:20.398, 0, 88649, 97871
2026/09/22 21:49:20.398, 1, 88649, 97871
2026/09/22 21:49:20.399, 2, 88649, 97871
2026/09/22 21:49:20.399, 3, 88649, 97871
2026/09/22 21:49:20.599, 0, 88649, 97871
2026/09/22 21:49:20.599, 1, 88649, 97871
2026/09/22 21:49:20.599, 2, 88649, 97871
2026/09/22 21:49:20.599, 3, 88649, 97871
2026/09/22 21:49:20.799, 0, 88649, 97871
2026/09/22 21:49:20.799, 1, 88649, 97871
2026/09/22 21:49:20.799, 2, 88649, 97871
2026/09/22 21:49:20.799, 3, 88649, 97871
2026/09/22 21:49:20.999, 0, 88649, 97871
2026/09/22 21:49:20.999, 1, 88649, 97871
2026/09/22 21:49:20.999, 2, 88649, 97871
2026/09/22 21:49:20.999, 3, 88649, 97871
2026/09/22 21:49:21.199, 0, 88649, 97871
2026/09/22 21:49:21.199, 1, 88649, 97871
2026/09/22 21:49:21.199, 2, 88649, 97871
2026/09/22 21:49:21.199, 3, 88649, 97871
2026/09/22 21:49:21.400, 0, 88649, 97871
2026/09/22 21:49:21.400, 1, 88649, 97871
2026/09/22 21:49:21.400, 2, 88649, 97871
2026/09/22 21:49:21.400, 3, 88649, 97871
2026/09/22 21:49:21.600, 0, 88649, 97871
2026/09/22 21:49:21.600, 1, 88649, 97871
2026/09/22 21:49:21.600, 2, 88649, 97871
2026/09/22 21:49:21.600, 3, 88649, 97871
2026/09/22 21:49:21.800, 0, 88649, 97871
2026/09/22 21:49:21.800, 1, 88649, 97871
2026/09/22 21:49:21.800, 2, 88649, 97871
2026/09/22 21:49:21.800, 3, 88649, 97871
2026/09/22 21:49:22.000, 0, 88649, 97871
2026/09/22 21:49:22.000, 1, 88649, 97871
2026/09/22 21:49:22.000, 2, 88649, 97871
2026/09/22 21:49:22.000, 3, 88649, 97871
2026/09/22 21:49:22.200, 0, 88649, 97871
2026/09/22 21:49:22.200, 1, 88649, 97871
2026/09/22 21:49:22.200, 2, 88649, 97871
2026/09/22 21:49:22.200, 3, 88649, 97871
2026/09/22 21:49:22.401, 0, 88649, 97871
2026/09/22 21:49:22.401, 1, 88649, 97871
2026/09/22 21:49:22.401, 2, 88649, 97871
2026/09/22 21:49:22.401, 3, 88649, 97871
2026/09/22 21:49:22.601, 0, 88649, 97871
2026/09/22 21:49:22.601, 1, 88649, 97871
2026/09/22 21:49:22.601, 2, 88649, 97871
2026/09/22 21:49:22.601, 3, 88649, 97871
2026/09/22 21:49:22.801, 0, 88649, 97871
2026/09/22 21:49:22.801, 1, 88649, 97871
2026/09/22 21:49:22.801, 2, 88649, 97871
2026/09/22 21:49:22.801, 3, 88649, 97871
2026/09/22 21:49:23.001, 0, 88649, 97871
2026/09/22 21:49:23.001, 1, 88649, 97871
2026/09/22 21:49:23.001, 2, 88649, 97871
2026/09/22 21:49:23.001, 3, 88649, 97871
2026/09/22 21:49:23.201, 0, 88649, 97871
2026/09/22 21:49:23.202, 1, 88649, 97871
2026/09/22 21:49:23.202, 2, 88649, 97871
2026/09/22 21:49:23.202, 3, 88649, 97871
2026/09/22 21:49:23.402, 0, 88649, 97871
2026/09/22 21:49:23.402, 1, 88649, 97871
2026/09/22 21:49:23.402, 2, 88649, 97871
2026/09/22 21:49:23.402, 3, 88649, 97871
2026/09/22 21:49:23.602, 0, 88649, 97871
2026/09/22 21:49:23.602, 1, 88649, 97871
2026/09/22 21:49:23.602, 2, 88649, 97871
2026/09/22 21:49:23.602, 3, 88649, 97871
2026/09/22 21:49:23.802, 0, 88649, 97871
2026/09/22 21:49:23.802, 1, 88649, 97871
2026/09/22 21:49:23.802, 2, 88649, 97871
2026/09/22 21:49:23.802, 3, 88649, 97871
2026/09/22 21:49:24.002, 0, 88649, 97871
2026/09/22 21:49:24.002, 1, 88649, 97871
2026/09/22 21:49:24.002, 2, 88649, 97871
2026/09/22 21:49:24.002, 3, 88649, 97871
2026/09/22 21:49:24.202, 0, 88649, 97871
2026/09/22 21:49:24.203, 1, 88649, 97871
2026/09/22 21:49:24.203, 2, 88649, 97871
2026/09/22 21:49:24.203, 3, 88649, 97871
2026/09/22 21:49:24.403, 0, 88649, 97871
2026/09/22 21:49:24.403, 1, 88649, 97871
2026/09/22 21:49:24.403, 2, 88649, 97871
2026/09/22 21:49:24.403, 3, 88649, 97871
2026/09/22 21:49:24.603, 0, 88649, 97871
2026/09/22 21:49:24.603, 1, 88649, 97871
2026/09/22 21:49:24.603, 2, 88649, 97871
2026/09/22 21:49:24.603, 3, 88649, 97871
2026/09/22 21:49:24.803, 0, 88649, 97871
2026/09/22 21:49:24.803, 1, 88649, 97871
2026/09/22 21:49:24.803, 2, 88649, 97871
2026/09/22 21:49:24.803, 3, 88649, 97871
2026/09/22 21:49:25.003, 0, 88649, 97871
2026/09/22 21:49:25.004, 1, 88649, 97871
2026/09/22 21:49:25.004, 2, 88649, 97871
2026/09/22 21:49:25.004, 3, 88649, 97871
2026/09/22 21:49:25.204, 0, 88649, 97871
2026/09/22 21:49:25.204, 1, 88649, 97871
2026/09/22 21:49:25.204, 2, 88649, 97871
2026/09/22 21:49:25.204, 3, 88649, 97871
2026/09/22 21:49:25.404, 0, 88649, 97871
2026/09/22 21:49:25.404, 1, 88649, 97871
2026/09/22 21:49:25.404, 2, 88649, 97871
2026/09/22 21:49:25.404, 3, 88649, 97871
2026/09/22 21:49:25.604, 0, 88649, 97871
2026/09/22 21:49:25.604, 1, 88649, 97871
2026/09/22 21:49:25.604, 2, 88649, 97871
2026/09/22 21:49:25.604, 3, 88649, 97871
2026/09/22 21:49:25.805, 0, 88649, 97871
2026/09/22 21:49:25.805, 1, 88649, 97871
2026/09/22 21:49:25.805, 2, 88649, 97871
2026/09/22 21:49:25.805, 3, 88649, 97871
2026/09/22 21:49:26.005, 0, 88649, 97871
2026/09/22 21:49:26.005, 1, 88649, 97871
2026/09/22 21:49:26.005, 2, 88649, 97871
2026/09/22 21:49:26.005, 3, 88649, 97871
2026/09/22 21:49:26.205, 0, 88649, 97871
2026/09/22 21:49:26.205, 1, 88649, 97871
2026/09/22 21:49:26.205, 2, 88649, 97871
2026/09/22 21:49:26.205, 3, 88649, 97871
2026/09/22 21:49:26.405, 0, 88649, 97871
2026/09/22 21:49:26.405, 1, 88649, 97871
2026/09/22 21:49:26.405, 2, 88649, 97871
2026/09/22 21:49:26.405, 3, 88649, 97871
2026/09/22 21:49:26.605, 0, 88649, 97871
2026/09/22 21:49:26.605, 1, 88649, 97871
2026/09/22 21:49:26.606, 2, 88649, 97871
2026/09/22 21:49:26.606, 3, 88649, 97871
2026/09/22 21:49:26.806, 0, 88649, 97871
2026/09/22 21:49:26.806, 1, 88649, 97871
2026/09/22 21:49:26.806, 2, 88649, 97871
2026/09/22 21:49:26.806, 3, 88649, 97871
2026/09/22 21:49:27.006, 0, 88649, 97871
2026/09/22 21:49:27.006, 1, 88649, 97871
2026/09/22 21:49:27.006, 2, 88649, 97871
2026/09/22 21:49:27.006, 3, 88649, 97871
2026/09/22 21:49:27.206, 0, 88649, 97871
2026/09/22 21:49:27.206, 1, 88649, 97871
2026/09/22 21:49:27.206, 2, 88649, 97871
2026/09/22 21:49:27.206, 3, 88649, 97871
2026/09/22 21:49:27.406, 0, 88649, 97871
2026/09/22 21:49:27.407, 1, 88649, 97871
2026/09/22 21:49:27.407, 2, 88649, 97871
2026/09/22 21:49:27.407, 3, 88649, 97871
2026/09/22 21:49:27.607, 0, 88649, 97871
2026/09/22 21:49:27.607, 1, 88649, 97871
2026/09/22 21:49:27.607, 2, 88649, 97871
2026/09/22 21:49:27.607, 3, 88649, 97871
2026/09/22 21:49:27.807, 0, 88649, 97871
2026/09/22 21:49:27.807, 1, 88649, 97871
2026/09/22 21:49:27.807, 2, 88649, 97871
2026/09/22 21:49:27.807, 3, 88649, 97871
2026/09/22 21:49:28.007, 0, 88649, 97871
2026/09/22 21:49:28.007, 1, 88649, 97871
2026/09/22 21:49:28.007, 2, 88649, 97871
2026/09/22 21:49:28.007, 3, 88649, 97871
2026/09/22 21:49:28.207, 0, 88649, 97871
2026/09/22 21:49:28.207, 1, 88649, 97871
2026/09/22 21:49:28.207, 2, 88649, 97871
2026/09/22 21:49:28.207, 3, 88649, 97871
2026/09/22 21:49:28.408, 0, 88649, 97871
2026/09/22 21:49:28.408, 1, 88649, 97871
2026/09/22 21:49:28.408, 2, 88649, 97871
2026/09/22 21:49:28.408, 3, 88649, 97871
2026/09/22 21:49:28.608, 0, 88649, 97871
2026/09/22 21:49:28.608, 1, 88649, 97871
2026/09/22 21:49:28.608, 2, 88649, 97871
2026/09/22 21:49:28.608, 3, 88649, 97871
2026/09/22 21:49:28.808, 0, 88649, 97871
2026/09/22 21:49:28.808, 1, 88649, 97871
2026/09/22 21:49:28.808, 2, 88649, 97871
2026/09/22 21:49:28.808, 3, 88649, 97871
2026/09/22 21:49:29.008, 0, 88649, 97871
2026/09/22 21:49:29.008, 1, 88649, 97871
2026/09/22 21:49:29.009, 2, 88649, 97871
2026/09/22 21:49:29.009, 3, 88649, 97871
2026/09/22 21:49:29.209, 0, 88649, 97871
2026/09/22 21:49:29.209, 1, 88649, 97871
2026/09/22 21:49:29.209, 2, 88649, 97871
2026/09/22 21:49:29.209, 3, 88649, 97871
2026/09/22 21:49:29.409, 0, 88649, 97871
2026/09/22 21:49:29.409, 1, 88649, 97871
2026/09/22 21:49:29.409, 2, 88649, 97871
2026/09/22 21:49:29.409, 3, 88649, 97871
2026/09/22 21:49:29.609, 0, 88649, 97871
2026/09/22 21:49:29.609, 1, 88649, 97871
2026/09/22 21:49:29.609, 2, 88649, 97871
2026/09/22 21:49:29.609, 3, 88649, 97871
2026/09/22 21:49:29.809, 0, 88649, 97871
2026/09/22 21:49:29.809, 1, 88649, 97871
2026/09/22 21:49:29.810, 2, 88649, 97871
2026/09/22 21:49:29.810, 3, 88649, 97871
2026/09/22 21:49:30.010, 0, 88649, 97871
2026/09/22 21:49:30.010, 1, 88649, 97871
2026/09/22 21:49:30.010, 2, 88649, 97871
2026/09/22 21:49:30.010, 3, 88649, 97871
2026/09/22 21:49:30.210, 0, 88649, 97871
2026/09/22 21:49:30.210, 1, 88649, 97871
2026/09/22 21:49:30.210, 2, 88649, 97871
2026/09/22 21:49:30.210, 3, 88649, 97871
2026/09/22 21:49:30.410, 0, 88649, 97871
2026/09/22 21:49:30.410, 1, 88649, 97871
2026/09/22 21:49:30.410, 2, 88649, 97871
2026/09/22 21:49:30.410, 3, 88649, 97871
2026/09/22 21:49:30.610, 0, 88649, 97871
2026/09/22 21:49:30.610, 1, 88649, 97871
2026/09/22 21:49:30.610, 2, 88649, 97871
2026/09/22 21:49:30.611, 3, 88649, 97871
2026/09/22 21:49:30.811, 0, 88649, 97871
2026/09/22 21:49:30.811, 1, 88649, 97871
2026/09/22 21:49:30.811, 2, 88649, 97871
2026/09/22 21:49:30.811, 3, 88649, 97871
2026/09/22 21:49:31.011, 0, 88649, 97871
2026/09/22 21:49:31.011, 1, 88649, 97871
2026/09/22 21:49:31.011, 2, 88649, 97871
2026/09/22 21:49:31.011, 3, 88649, 97871
2026/09/22 21:49:31.211, 0, 88649, 97871
2026/09/22 21:49:31.211, 1, 88649, 97871
2026/09/22 21:49:31.211, 2, 88649, 97871
2026/09/22 21:49:31.211, 3, 88649, 97871
2026/09/22 21:49:31.411, 0, 88649, 97871
2026/09/22 21:49:31.411, 1, 88649, 97871
2026/09/22 21:49:31.411, 2, 88649, 97871
2026/09/22 21:49:31.411, 3, 88649, 97871
2026/09/22 21:49:31.611, 0, 88649, 97871
2026/09/22 21:49:31.612, 1, 88649, 97871
2026/09/22 21:49:31.612, 2, 88649, 97871
2026/09/22 21:49:31.612, 3, 88649, 97871
2026/09/22 21:49:31.812, 0, 88649, 97871
2026/09/22 21:49:31.812, 1, 88649, 97871
2026/09/22 21:49:31.812, 2, 88649, 97871
2026/09/22 21:49:31.812, 3, 88649, 97871
2026/09/22 21:49:32.012, 0, 88649, 97871
2026/09/22 21:49:32.012, 1, 88649, 97871
2026/09/22 21:49:32.012, 2, 88649, 97871
2026/09/22 21:49:32.012, 3, 88649, 97871
2026/09/22 21:49:32.212, 0, 88649, 97871
2026/09/22 21:49:32.212, 1, 88649, 97871
2026/09/22 21:49:32.212, 2, 88649, 97871
2026/09/22 21:49:32.212, 3, 88649, 97871
2026/09/22 21:49:32.412, 0, 88649, 97871
2026/09/22 21:49:32.412, 1, 88649, 97871
2026/09/22 21:49:32.412, 2, 88649, 97871
2026/09/22 21:49:32.412, 3, 88649, 97871
2026/09/22 21:49:32.613, 0, 88649, 97871
2026/09/22 21:49:32.613, 1, 88649, 97871
2026/09/22 21:49:32.613, 2, 88649, 97871
2026/09/22 21:49:32.613, 3, 88649, 97871
2026/09/22 21:49:32.813, 0, 88649, 97871
2026/09/22 21:49:32.813, 1, 88649, 97871
2026/09/22 21:49:32.813, 2, 88649, 97871
2026/09/22 21:49:32.813, 3, 88649, 97871
2026/09/22 21:49:33.013, 0, 88649, 97871
2026/09/22 21:49:33.013, 1, 88649, 97871
2026/09/22 21:49:33.013, 2, 88649, 97871
2026/09/22 21:49:33.013, 3, 88649, 97871
2026/09/22 21:49:33.213, 0, 88649, 97871
2026/09/22 21:49:33.213, 1, 88649, 97871
2026/09/22 21:49:33.213, 2, 88649, 97871
2026/09/22 21:49:33.213, 3, 88649, 97871
2026/09/22 21:49:33.413, 0, 88649, 97871
2026/09/22 21:49:33.413, 1, 88649, 97871
2026/09/22 21:49:33.413, 2, 88649, 97871
2026/09/22 21:49:33.413, 3, 88649, 97871
2026/09/22 21:49:33.613, 0, 88649, 97871
2026/09/22 21:49:33.614, 1, 88649, 97871
2026/09/22 21:49:33.614, 2, 88649, 97871
2026/09/22 21:49:33.614, 3, 88649, 97871
2026/09/22 21:49:33.814, 0, 88649, 97871
2026/09/22 21:49:33.814, 1, 88649, 97871
2026/09/22 21:49:33.814, 2, 88649, 97871
2026/09/22 21:49:33.814, 3, 88649, 97871
2026/09/22 21:49:34.014, 0, 88649, 97871
2026/09/22 21:49:34.014, 1, 88649, 97871
2026/09/22 21:49:34.014, 2, 88649, 97871
2026/09/22 21:49:34.014, 3, 88649, 97871
2026/09/22 21:49:34.214, 0, 88649, 97871
2026/09/22 21:49:34.214, 1, 88649, 97871
2026/09/22 21:49:34.214, 2, 88649, 97871
2026/09/22 21:49:34.214, 3, 88649, 97871
2026/09/22 21:49:34.414, 0, 88649, 97871
2026/09/22 21:49:34.414, 1, 88649, 97871
2026/09/22 21:49:34.414, 2, 88649, 97871
2026/09/22 21:49:34.415, 3, 88649, 97871
2026/09/22 21:49:34.615, 0, 88649, 97871
2026/09/22 21:49:34.615, 1, 88649, 97871
2026/09/22 21:49:34.615, 2, 88649, 97871
2026/09/22 21:49:34.615, 3, 88649, 97871
2026/09/22 21:49:34.815, 0, 88649, 97871
2026/09/22 21:49:34.815, 1, 88649, 97871
2026/09/22 21:49:34.815, 2, 88649, 97871
2026/09/22 21:49:34.815, 3, 88649, 97871
2026/09/22 21:49:35.015, 0, 88649, 97871
2026/09/22 21:49:35.015, 1, 88649, 97871
2026/09/22 21:49:35.015, 2, 88649, 97871
2026/09/22 21:49:35.015, 3, 88649, 97871
2026/09/22 21:49:35.215, 0, 88649, 97871
2026/09/22 21:49:35.215, 1, 88649, 97871
2026/09/22 21:49:35.215, 2, 88649, 97871
2026/09/22 21:49:35.215, 3, 88649, 97871
2026/09/22 21:49:35.415, 0, 88649, 97871
2026/09/22 21:49:35.415, 1, 88649, 97871
2026/09/22 21:49:35.416, 2, 88649, 97871
2026/09/22 21:49:35.416, 3, 88649, 97871
2026/09/22 21:49:35.616, 0, 88649, 97871
2026/09/22 21:49:35.616, 1, 88649, 97871
2026/09/22 21:49:35.616, 2, 88649, 97871
2026/09/22 21:49:35.616, 3, 88649, 97871
2026/09/22 21:49:35.816, 0, 88649, 97871
2026/09/22 21:49:35.816, 1, 88649, 97871
2026/09/22 21:49:35.816, 2, 88649, 97871
2026/09/22 21:49:35.816, 3, 88649, 97871
2026/09/22 21:49:36.016, 0, 88649, 97871
2026/09/22 21:49:36.016, 1, 88649, 97871
2026/09/22 21:49:36.016, 2, 88649, 97871
2026/09/22 21:49:36.016, 3, 88649, 97871
2026/09/22 21:49:36.216, 0, 88649, 97871
2026/09/22 21:49:36.216, 1, 88649, 97871
2026/09/22 21:49:36.216, 2, 88649, 97871
2026/09/22 21:49:36.217, 3, 88649, 97871
2026/09/22 21:49:36.417, 0, 88649, 97871
2026/09/22 21:49:36.417, 1, 88649, 97871
2026/09/22 21:49:36.417, 2, 88649, 97871
2026/09/22 21:49:36.417, 3, 88649, 97871
2026/09/22 21:49:36.617, 0, 88649, 97871
2026/09/22 21:49:36.617, 1, 88649, 97871
2026/09/22 21:49:36.617, 2, 88649, 97871
2026/09/22 21:49:36.617, 3, 88649, 97871
2026/09/22 21:49:36.817, 0, 88649, 97871
2026/09/22 21:49:36.817, 1, 88649, 97871
2026/09/22 21:49:36.817, 2, 88649, 97871
2026/09/22 21:49:36.817, 3, 88649, 97871
2026/09/22 21:49:37.017, 0, 88649, 97871
2026/09/22 21:49:37.017, 1, 88649, 97871
2026/09/22 21:49:37.017, 2, 88649, 97871
2026/09/22 21:49:37.017, 3, 88649, 97871
2026/09/22 21:49:37.217, 0, 88649, 97871
2026/09/22 21:49:37.217, 1, 88649, 97871
2026/09/22 21:49:37.217, 2, 88649, 97871
2026/09/22 21:49:37.218, 3, 88649, 97871
2026/09/22 21:49:37.418, 0, 88649, 97871
2026/09/22 21:49:37.418, 1, 88649, 97871
2026/09/22 21:49:37.418, 2, 88649, 97871
2026/09/22 21:49:37.418, 3, 88649, 97871
2026/09/22 21:49:37.618, 0, 88649, 97871
2026/09/22 21:49:37.618, 1, 88649, 97871
2026/09/22 21:49:37.618, 2, 88649, 97871
2026/09/22 21:49:37.618, 3, 88649, 97871
2026/09/22 21:49:37.818, 0, 88649, 97871
2026/09/22 21:49:37.818, 1, 88649, 97871
2026/09/22 21:49:37.818, 2, 88649, 97871
2026/09/22 21:49:37.818, 3, 88649, 97871
2026/09/22 21:49:38.018, 0, 88649, 97871
2026/09/22 21:49:38.018, 1, 88649, 97871
2026/09/22 21:49:38.018, 2, 88649, 97871
2026/09/22 21:49:38.018, 3, 88649, 97871
2026/09/22 21:49:38.219, 0, 88649, 97871
2026/09/22 21:49:38.219, 1, 88649, 97871
2026/09/22 21:49:38.219, 2, 88649, 97871
2026/09/22 21:49:38.219, 3, 88649, 97871
2026/09/22 21:49:38.419, 0, 88649, 97871
2026/09/22 21:49:38.419, 1, 88649, 97871
2026/09/22 21:49:38.419, 2, 88649, 97871
2026/09/22 21:49:38.419, 3, 88649, 97871
2026/09/22 21:49:38.619, 0, 88649, 97871
2026/09/22 21:49:38.619, 1, 88649, 97871
2026/09/22 21:49:38.619, 2, 88649, 97871
2026/09/22 21:49:38.619, 3, 88649, 97871
2026/09/22 21:49:38.819, 0, 88649, 97871
2026/09/22 21:49:38.819, 1, 88649, 97871
2026/09/22 21:49:38.819, 2, 88649, 97871
2026/09/22 21:49:38.819, 3, 88649, 97871
2026/09/22 21:49:39.020, 0, 88649, 97871
2026/09/22 21:49:39.020, 1, 88649, 97871
2026/09/22 21:49:39.020, 2, 88649, 97871
2026/09/22 21:49:39.020, 3, 88649, 97871
2026/09/22 21:49:39.220, 0, 88649, 97871
2026/09/22 21:49:39.220, 1, 88649, 97871
2026/09/22 21:49:39.220, 2, 88649, 97871
2026/09/22 21:49:39.220, 3, 88649, 97871
2026/09/22 21:49:39.420, 0, 88649, 97871
2026/09/22 21:49:39.420, 1, 88649, 97871
2026/09/22 21:49:39.420, 2, 88649, 97871
2026/09/22 21:49:39.420, 3, 88649, 97871
2026/09/22 21:49:39.620, 0, 88649, 97871
2026/09/22 21:49:39.620, 1, 88649, 97871
2026/09/22 21:49:39.620, 2, 88649, 97871
2026/09/22 21:49:39.620, 3, 88649, 97871
2026/09/22 21:49:39.820, 0, 88649, 97871
2026/09/22 21:49:39.820, 1, 88649, 97871
2026/09/22 21:49:39.820, 2, 88649, 97871
2026/09/22 21:49:39.821, 3, 88649, 97871
2026/09/22 21:49:40.021, 0, 88649, 97871
2026/09/22 21:49:40.021, 1, 88649, 97871
2026/09/22 21:49:40.021, 2, 88649, 97871
2026/09/22 21:49:40.021, 3, 88649, 97871
2026/09/22 21:49:40.221, 0, 88649, 97871
2026/09/22 21:49:40.221, 1, 88649, 97871
2026/09/22 21:49:40.221, 2, 88649, 97871
2026/09/22 21:49:40.221, 3, 88649, 97871
2026/09/22 21:49:40.421, 0, 88649, 97871
2026/09/22 21:49:40.421, 1, 88649, 97871
2026/09/22 21:49:40.421, 2, 88649, 97871
2026/09/22 21:49:40.421, 3, 88649, 97871
2026/09/22 21:49:40.621, 0, 88649, 97871
2026/09/22 21:49:40.621, 1, 88649, 97871
2026/09/22 21:49:40.621, 2, 88649, 97871
2026/09/22 21:49:40.621, 3, 88649, 97871
2026/09/22 21:49:40.821, 0, 88649, 97871
2026/09/22 21:49:40.821, 1, 88649, 97871
2026/09/22 21:49:40.821, 2, 88649, 97871
2026/09/22 21:49:40.822, 3, 88649, 97871
2026/09/22 21:49:41.022, 0, 88649, 97871
2026/09/22 21:49:41.022, 1, 88649, 97871
2026/09/22 21:49:41.022, 2, 88649, 97871
2026/09/22 21:49:41.022, 3, 88649, 97871
2026/09/22 21:49:41.222, 0, 88649, 97871
2026/09/22 21:49:41.222, 1, 88649, 97871
2026/09/22 21:49:41.222, 2, 88649, 97871
2026/09/22 21:49:41.222, 3, 88649, 97871
2026/09/22 21:49:41.422, 0, 88649, 97871
2026/09/22 21:49:41.422, 1, 88649, 97871
2026/09/22 21:49:41.422, 2, 88649, 97871
2026/09/22 21:49:41.422, 3, 88649, 97871
2026/09/22 21:49:41.622, 0, 88649, 97871
2026/09/22 21:49:41.622, 1, 88649, 97871
2026/09/22 21:49:41.622, 2, 88649, 97871
2026/09/22 21:49:41.622, 3, 88649, 97871
2026/09/22 21:49:41.823, 0, 88649, 97871
2026/09/22 21:49:41.823, 1, 88649, 97871
2026/09/22 21:49:41.823, 2, 88649, 97871
2026/09/22 21:49:41.823, 3, 88649, 97871
2026/09/22 21:49:42.023, 0, 88649, 97871
2026/09/22 21:49:42.023, 1, 88649, 97871
2026/09/22 21:49:42.023, 2, 88649, 97871
2026/09/22 21:49:42.023, 3, 88649, 97871
2026/09/22 21:49:42.223, 0, 88649, 97871
2026/09/22 21:49:42.223, 1, 88649, 97871
2026/09/22 21:49:42.223, 2, 88649, 97871
2026/09/22 21:49:42.223, 3, 88649, 97871
2026/09/22 21:49:42.423, 0, 88649, 97871
2026/09/22 21:49:42.423, 1, 88649, 97871
2026/09/22 21:49:42.423, 2, 88649, 97871
2026/09/22 21:49:42.423, 3, 88649, 97871
2026/09/22 21:49:42.623, 0, 88649, 97871
2026/09/22 21:49:42.623, 1, 88649, 97871
2026/09/22 21:49:42.623, 2, 88649, 97871
2026/09/22 21:49:42.623, 3, 88649, 97871
2026/09/22 21:49:42.823, 0, 88649, 97871
2026/09/22 21:49:42.824, 1, 88649, 97871
2026/09/22 21:49:42.824, 2, 88649, 97871
2026/09/22 21:49:42.824, 3, 88649, 97871
2026/09/22 21:49:43.024, 0, 88649, 97871
2026/09/22 21:49:43.024, 1, 88649, 97871
2026/09/22 21:49:43.024, 2, 88649, 97871
2026/09/22 21:49:43.024, 3, 88649, 97871
2026/09/22 21:49:43.224, 0, 88649, 97871
2026/09/22 21:49:43.224, 1, 88649, 97871
2026/09/22 21:49:43.224, 2, 88649, 97871
2026/09/22 21:49:43.224, 3, 88649, 97871
2026/09/22 21:49:43.424, 0, 88649, 97871
2026/09/22 21:49:43.424, 1, 88649, 97871
2026/09/22 21:49:43.424, 2, 88649, 97871
2026/09/22 21:49:43.424, 3, 88649, 97871
2026/09/22 21:49:43.624, 0, 88649, 97871
2026/09/22 21:49:43.624, 1, 88649, 97871
2026/09/22 21:49:43.624, 2, 88649, 97871
2026/09/22 21:49:43.624, 3, 88649, 97871
2026/09/22 21:49:43.825, 0, 88649, 97871
2026/09/22 21:49:43.825, 1, 88649, 97871
2026/09/22 21:49:43.825, 2, 88649, 97871
2026/09/22 21:49:43.825, 3, 88649, 97871
2026/09/22 21:49:44.025, 0, 88649, 97871
2026/09/22 21:49:44.025, 1, 88649, 97871
2026/09/22 21:49:44.025, 2, 88649, 97871
2026/09/22 21:49:44.025, 3, 88649, 97871
2026/09/22 21:49:44.225, 0, 88649, 97871
2026/09/22 21:49:44.225, 1, 88649, 97871
2026/09/22 21:49:44.225, 2, 88649, 97871
2026/09/22 21:49:44.225, 3, 88649, 97871
2026/09/22 21:49:44.425, 0, 88649, 97871
2026/09/22 21:49:44.425, 1, 88649, 97871
2026/09/22 21:49:44.425, 2, 88649, 97871
2026/09/22 21:49:44.425, 3, 88649, 97871
2026/09/22 21:49:44.625, 0, 88649, 97871
2026/09/22 21:49:44.625, 1, 88649, 97871
2026/09/22 21:49:44.626, 2, 88649, 97871
2026/09/22 21:49:44.626, 3, 88649, 97871
2026/09/22 21:49:44.826, 0, 88649, 97871
2026/09/22 21:49:44.826, 1, 88649, 97871
2026/09/22 21:49:44.826, 2, 88649, 97871
2026/09/22 21:49:44.826, 3, 88649, 97871
2026/09/22 21:49:45.026, 0, 88649, 97871
2026/09/22 21:49:45.026, 1, 88649, 97871
2026/09/22 21:49:45.026, 2, 88649, 97871
2026/09/22 21:49:45.026, 3, 88649, 97871
2026/09/22 21:49:45.226, 0, 88649, 97871
2026/09/22 21:49:45.226, 1, 88649, 97871
2026/09/22 21:49:45.226, 2, 88649, 97871
2026/09/22 21:49:45.226, 3, 88649, 97871
2026/09/22 21:49:45.426, 0, 88649, 97871
2026/09/22 21:49:45.426, 1, 88649, 97871
2026/09/22 21:49:45.426, 2, 88649, 97871
2026/09/22 21:49:45.426, 3, 88649, 97871
2026/09/22 21:49:45.626, 0, 88649, 97871
2026/09/22 21:49:45.627, 1, 88649, 97871
2026/09/22 21:49:45.627, 2, 88649, 97871
2026/09/22 21:49:45.627, 3, 88649, 97871
2026/09/22 21:49:45.827, 0, 88649, 97871
2026/09/22 21:49:45.827, 1, 88649, 97871
2026/09/22 21:49:45.827, 2, 88649, 97871
2026/09/22 21:49:45.827, 3, 88649, 97871
2026/09/22 21:49:46.027, 0, 88649, 97871
2026/09/22 21:49:46.027, 1, 88649, 97871
2026/09/22 21:49:46.027, 2, 88649, 97871
2026/09/22 21:49:46.027, 3, 88649, 97871
2026/09/22 21:49:46.227, 0, 88649, 97871
2026/09/22 21:49:46.227, 1, 88649, 97871
2026/09/22 21:49:46.227, 2, 88649, 97871
2026/09/22 21:49:46.227, 3, 88649, 97871
2026/09/22 21:49:46.427, 0, 88649, 97871
2026/09/22 21:49:46.427, 1, 88649, 97871
2026/09/22 21:49:46.428, 2, 88649, 97871
2026/09/22 21:49:46.428, 3, 88649, 97871
2026/09/22 21:49:46.628, 0, 88649, 97871
2026/09/22 21:49:46.628, 1, 88649, 97871
2026/09/22 21:49:46.628, 2, 88649, 97871
2026/09/22 21:49:46.628, 3, 88649, 97871
2026/09/22 21:49:46.828, 0, 88649, 97871
2026/09/22 21:49:46.828, 1, 88649, 97871
2026/09/22 21:49:46.828, 2, 88649, 97871
2026/09/22 21:49:46.828, 3, 88649, 97871
2026/09/22 21:49:47.028, 0, 88649, 97871
2026/09/22 21:49:47.028, 1, 88649, 97871
2026/09/22 21:49:47.028, 2, 88649, 97871
2026/09/22 21:49:47.028, 3, 88649, 97871
2026/09/22 21:49:47.228, 0, 88649, 97871
2026/09/22 21:49:47.228, 1, 88649, 97871
2026/09/22 21:49:47.228, 2, 88649, 97871
2026/09/22 21:49:47.228, 3, 88649, 97871
2026/09/22 21:49:47.429, 0, 88649, 97871
2026/09/22 21:49:47.429, 1, 88649, 97871
2026/09/22 21:49:47.429, 2, 88649, 97871
2026/09/22 21:49:47.429, 3, 88649, 97871
2026/09/22 21:49:47.629, 0, 88649, 97871
2026/09/22 21:49:47.629, 1, 88649, 97871
2026/09/22 21:49:47.629, 2, 88649, 97871
2026/09/22 21:49:47.629, 3, 88649, 97871
2026/09/22 21:49:47.829, 0, 88649, 97871
2026/09/22 21:49:47.829, 1, 88649, 97871
2026/09/22 21:49:47.829, 2, 88649, 97871
2026/09/22 21:49:47.829, 3, 88649, 97871
2026/09/22 21:49:48.029, 0, 88649, 97871
2026/09/22 21:49:48.029, 1, 88649, 97871
2026/09/22 21:49:48.029, 2, 88649, 97871
2026/09/22 21:49:48.029, 3, 88649, 97871
2026/09/22 21:49:48.229, 0, 88649, 97871
2026/09/22 21:49:48.229, 1, 88649, 97871
2026/09/22 21:49:48.230, 2, 88649, 97871
2026/09/22 21:49:48.230, 3, 88649, 97871
2026/09/22 21:49:48.430, 0, 88649, 97871
2026/09/22 21:49:48.430, 1, 88649, 97871
2026/09/22 21:49:48.430, 2, 88649, 97871
2026/09/22 21:49:48.430, 3, 88649, 97871
2026/09/22 21:49:48.630, 0, 88649, 97871
2026/09/22 21:49:48.630, 1, 88649, 97871
2026/09/22 21:49:48.630, 2, 88649, 97871
2026/09/22 21:49:48.630, 3, 88649, 97871
2026/09/22 21:49:48.830, 0, 88649, 97871
2026/09/22 21:49:48.830, 1, 88649, 97871
2026/09/22 21:49:48.830, 2, 88649, 97871
2026/09/22 21:49:48.830, 3, 88649, 97871
2026/09/22 21:49:49.030, 0, 88649, 97871
2026/09/22 21:49:49.030, 1, 88649, 97871
2026/09/22 21:49:49.030, 2, 88649, 97871
2026/09/22 21:49:49.030, 3, 88649, 97871
2026/09/22 21:49:49.230, 0, 88649, 97871
2026/09/22 21:49:49.230, 1, 88649, 97871
2026/09/22 21:49:49.231, 2, 88649, 97871
2026/09/22 21:49:49.231, 3, 88649, 97871
2026/09/22 21:49:49.431, 0, 88649, 97871
2026/09/22 21:49:49.431, 1, 88649, 97871
2026/09/22 21:49:49.431, 2, 88649, 97871
2026/09/22 21:49:49.431, 3, 88649, 97871
2026/09/22 21:49:49.631, 0, 88649, 97871
2026/09/22 21:49:49.631, 1, 88649, 97871
2026/09/22 21:49:49.631, 2, 88649, 97871
2026/09/22 21:49:49.631, 3, 88649, 97871
2026/09/22 21:49:49.831, 0, 88649, 97871
2026/09/22 21:49:49.831, 1, 88649, 97871
2026/09/22 21:49:49.831, 2, 88649, 97871
2026/09/22 21:49:49.831, 3, 88649, 97871
2026/09/22 21:49:50.031, 0, 88649, 97871
2026/09/22 21:49:50.031, 1, 88649, 97871
2026/09/22 21:49:50.032, 2, 88649, 97871
2026/09/22 21:49:50.032, 3, 88649, 97871
2026/09/22 21:49:50.232, 0, 88649, 97871
2026/09/22 21:49:50.232, 1, 88649, 97871
2026/09/22 21:49:50.232, 2, 88649, 97871
2026/09/22 21:49:50.232, 3, 88649, 97871
2026/09/22 21:49:50.432, 0, 88649, 97871
2026/09/22 21:49:50.432, 1, 88649, 97871
2026/09/22 21:49:50.432, 2, 88649, 97871
2026/09/22 21:49:50.432, 3, 88649, 97871
2026/09/22 21:49:50.632, 0, 88649, 97871
2026/09/22 21:49:50.632, 1, 88649, 97871
2026/09/22 21:49:50.632, 2, 88649, 97871
2026/09/22 21:49:50.632, 3, 88649, 97871
2026/09/22 21:49:50.832, 0, 88649, 97871
2026/09/22 21:49:50.832, 1, 88649, 97871
2026/09/22 21:49:50.832, 2, 88649, 97871
2026/09/22 21:49:50.832, 3, 88649, 97871
2026/09/22 21:49:51.032, 0, 88649, 97871
2026/09/22 21:49:51.033, 1, 88649, 97871
2026/09/22 21:49:51.033, 2, 88649, 97871
2026/09/22 21:49:51.033, 3, 88649, 97871
2026/09/22 21:49:51.233, 0, 88649, 97871
2026/09/22 21:49:51.233, 1, 88649, 97871
2026/09/22 21:49:51.233, 2, 88649, 97871
2026/09/22 21:49:51.233, 3, 88649, 97871
2026/09/22 21:49:51.433, 0, 88649, 97871
2026/09/22 21:49:51.433, 1, 88649, 97871
2026/09/22 21:49:51.433, 2, 88649, 97871
2026/09/22 21:49:51.433, 3, 88649, 97871
2026/09/22 21:49:51.633, 0, 88649, 97871
2026/09/22 21:49:51.633, 1, 88649, 97871
2026/09/22 21:49:51.633, 2, 88649, 97871
2026/09/22 21:49:51.633, 3, 88649, 97871
2026/09/22 21:49:51.833, 0, 88649, 97871
2026/09/22 21:49:51.833, 1, 88649, 97871
2026/09/22 21:49:51.834, 2, 88649, 97871
2026/09/22 21:49:51.834, 3, 88649, 97871
2026/09/22 21:49:52.034, 0, 88649, 97871
2026/09/22 21:49:52.034, 1, 88649, 97871
2026/09/22 21:49:52.034, 2, 88649, 97871
2026/09/22 21:49:52.034, 3, 88649, 97871
2026/09/22 21:49:52.234, 0, 88649, 97871
2026/09/22 21:49:52.234, 1, 88649, 97871
2026/09/22 21:49:52.234, 2, 88649, 97871
2026/09/22 21:49:52.234, 3, 88649, 97871
2026/09/22 21:49:52.434, 0, 88649, 97871
2026/09/22 21:49:52.434, 1, 88649, 97871
2026/09/22 21:49:52.434, 2, 88649, 97871
2026/09/22 21:49:52.434, 3, 88649, 97871
2026/09/22 21:49:52.634, 0, 88649, 97871
2026/09/22 21:49:52.635, 1, 88649, 97871
2026/09/22 21:49:52.635, 2, 88649, 97871
2026/09/22 21:49:52.635, 3, 88649, 97871
2026/09/22 21:49:52.835, 0, 88649, 97871
2026/09/22 21:49:52.835, 1, 88649, 97871
2026/09/22 21:49:52.835, 2, 88649, 97871
2026/09/22 21:49:52.835, 3, 88649, 97871
2026/09/22 21:49:53.035, 0, 88649, 97871
2026/09/22 21:49:53.035, 1, 88649, 97871
2026/09/22 21:49:53.035, 2, 88649, 97871
2026/09/22 21:49:53.035, 3, 88649, 97871
2026/09/22 21:49:53.235, 0, 88649, 97871
2026/09/22 21:49:53.235, 1, 88649, 97871
2026/09/22 21:49:53.235, 2, 88649, 97871
2026/09/22 21:49:53.235, 3, 88649, 97871
2026/09/22 21:49:53.435, 0, 88649, 97871
2026/09/22 21:49:53.435, 1, 88649, 97871
2026/09/22 21:49:53.435, 2, 88649, 97871
2026/09/22 21:49:53.435, 3, 88649, 97871
2026/09/22 21:49:53.636, 0, 88649, 97871
2026/09/22 21:49:53.636, 1, 88649, 97871
2026/09/22 21:49:53.636, 2, 88649, 97871
2026/09/22 21:49:53.636, 3, 88649, 97871
2026/09/22 21:49:53.836, 0, 88649, 97871
2026/09/22 21:49:53.836, 1, 88649, 97871
2026/09/22 21:49:53.836, 2, 88649, 97871
2026/09/22 21:49:53.836, 3, 88649, 97871
2026/09/22 21:49:54.036, 0, 88649, 97871
2026/09/22 21:49:54.036, 1, 88649, 97871
2026/09/22 21:49:54.036, 2, 88649, 97871
2026/09/22 21:49:54.036, 3, 88649, 97871
2026/09/22 21:49:54.236, 0, 88649, 97871
2026/09/22 21:49:54.236, 1, 88649, 97871
2026/09/22 21:49:54.236, 2, 88649, 97871
2026/09/22 21:49:54.236, 3, 88649, 97871
2026/09/22 21:49:54.437, 0, 88649, 97871
2026/09/22 21:49:54.437, 1, 88649, 97871
2026/09/22 21:49:54.437, 2, 88649, 97871
2026/09/22 21:49:54.437, 3, 88649, 97871
2026/09/22 21:49:54.637, 0, 88649, 97871
2026/09/22 21:49:54.637, 1, 88649, 97871
2026/09/22 21:49:54.637, 2, 88649, 97871
2026/09/22 21:49:54.637, 3, 88649, 97871
2026/09/22 21:49:54.837, 0, 88649, 97871
2026/09/22 21:49:54.837, 1, 88649, 97871
2026/09/22 21:49:54.837, 2, 88649, 97871
2026/09/22 21:49:54.837, 3, 88649, 97871
2026/09/22 21:49:55.037, 0, 88649, 97871
2026/09/22 21:49:55.037, 1, 88649, 97871
2026/09/22 21:49:55.037, 2, 88649, 97871
2026/09/22 21:49:55.037, 3, 88649, 97871
2026/09/22 21:49:55.238, 0, 88649, 97871
2026/09/22 21:49:55.238, 1, 88649, 97871
2026/09/22 21:49:55.238, 2, 88649, 97871
2026/09/22 21:49:55.238, 3, 88649, 97871
2026/09/22 21:49:55.438, 0, 88649, 97871
2026/09/22 21:49:55.438, 1, 88649, 97871
2026/09/22 21:49:55.438, 2, 88649, 97871
2026/09/22 21:49:55.438, 3, 88649, 97871
2026/09/22 21:49:55.638, 0, 88649, 97871
2026/09/22 21:49:55.638, 1, 88649, 97871
2026/09/22 21:49:55.638, 2, 88649, 97871
2026/09/22 21:49:55.638, 3, 88649, 97871
2026/09/22 21:49:55.838, 0, 88649, 97871
2026/09/22 21:49:55.838, 1, 88649, 97871
2026/09/22 21:49:55.838, 2, 88649, 97871
2026/09/22 21:49:55.838, 3, 88649, 97871
2026/09/22 21:49:56.039, 0, 88649, 97871
2026/09/22 21:49:56.039, 1, 88649, 97871
2026/09/22 21:49:56.039, 2, 88649, 97871
2026/09/22 21:49:56.039, 3, 88649, 97871
2026/09/22 21:49:56.239, 0, 88649, 97871
2026/09/22 21:49:56.239, 1, 88649, 97871
2026/09/22 21:49:56.239, 2, 88649, 97871
2026/09/22 21:49:56.239, 3, 88649, 97871
2026/09/22 21:49:56.439, 0, 88649, 97871
2026/09/22 21:49:56.439, 1, 88649, 97871
2026/09/22 21:49:56.439, 2, 88649, 97871
2026/09/22 21:49:56.439, 3, 88649, 97871
2026/09/22 21:49:56.639, 0, 88649, 97871
2026/09/22 21:49:56.639, 1, 88649, 97871
2026/09/22 21:49:56.639, 2, 88649, 97871
2026/09/22 21:49:56.639, 3, 88649, 97871
2026/09/22 21:49:56.839, 0, 88649, 97871
2026/09/22 21:49:56.839, 1, 88649, 97871
2026/09/22 21:49:56.839, 2, 88649, 97871
2026/09/22 21:49:56.840, 3, 88649, 97871
2026/09/22 21:49:57.040, 0, 88649, 97871
2026/09/22 21:49:57.040, 1, 88649, 97871
2026/09/22 21:49:57.040, 2, 88649, 97871
2026/09/22 21:49:57.040, 3, 88649, 97871
2026/09/22 21:49:57.240, 0, 88649, 97871
2026/09/22 21:49:57.240, 1, 88649, 97871
2026/09/22 21:49:57.240, 2, 88649, 97871
2026/09/22 21:49:57.240, 3, 88649, 97871
2026/09/22 21:49:57.440, 0, 88649, 97871
2026/09/22 21:49:57.440, 1, 88649, 97871
2026/09/22 21:49:57.440, 2, 88649, 97871
2026/09/22 21:49:57.440, 3, 88649, 97871
2026/09/22 21:49:57.640, 0, 88649, 97871
2026/09/22 21:49:57.640, 1, 88649, 97871
2026/09/22 21:49:57.641, 2, 88649, 97871
2026/09/22 21:49:57.641, 3, 88649, 97871
2026/09/22 21:49:57.841, 0, 88649, 97871
2026/09/22 21:49:57.841, 1, 88649, 97871
2026/09/22 21:49:57.841, 2, 88649, 97871
2026/09/22 21:49:57.841, 3, 88649, 97871
2026/09/22 21:49:58.041, 0, 88649, 97871
2026/09/22 21:49:58.041, 1, 88649, 97871
2026/09/22 21:49:58.041, 2, 88649, 97871
2026/09/22 21:49:58.041, 3, 88649, 97871
2026/09/22 21:49:58.241, 0, 88649, 97871
2026/09/22 21:49:58.241, 1, 88649, 97871
2026/09/22 21:49:58.241, 2, 88649, 97871
2026/09/22 21:49:58.241, 3, 88649, 97871
2026/09/22 21:49:58.441, 0, 88649, 97871
2026/09/22 21:49:58.441, 1, 88649, 97871
2026/09/22 21:49:58.442, 2, 88649, 97871
2026/09/22 21:49:58.442, 3, 88649, 97871
2026/09/22 21:49:58.647, 0, 88649, 97871
2026/09/22 21:49:58.647, 1, 88649, 97871
2026/09/22 21:49:58.647, 2, 88649, 97871
2026/09/22 21:49:58.647, 3, 88649, 97871
2026/09/22 21:49:58.847, 0, 88649, 97871
2026/09/22 21:49:58.847, 1, 88649, 97871
2026/09/22 21:49:58.847, 2, 88649, 97871
2026/09/22 21:49:58.847, 3, 88649, 97871
2026/09/22 21:49:59.047, 0, 88649, 97871
2026/09/22 21:49:59.048, 1, 88649, 97871
2026/09/22 21:49:59.048, 2, 88649, 97871
2026/09/22 21:49:59.048, 3, 88649, 97871
2026/09/22 21:49:59.248, 0, 88649, 97871
2026/09/22 21:49:59.248, 1, 88649, 97871
2026/09/22 21:49:59.248, 2, 88649, 97871
2026/09/22 21:49:59.248, 3, 88649, 97871
2026/09/22 21:49:59.448, 0, 88649, 97871
2026/09/22 21:49:59.448, 1, 88649, 97871
2026/09/22 21:49:59.448, 2, 88649, 97871
2026/09/22 21:49:59.448, 3, 88649, 97871
2026/09/22 21:49:59.648, 0, 88649, 97871
2026/09/22 21:49:59.648, 1, 88649, 97871
2026/09/22 21:49:59.648, 2, 88649, 97871
2026/09/22 21:49:59.648, 3, 88649, 97871
2026/09/22 21:49:59.848, 0, 88649, 97871
2026/09/22 21:49:59.848, 1, 88649, 97871
2026/09/22 21:49:59.848, 2, 88649, 97871
2026/09/22 21:49:59.848, 3, 88649, 97871
2026/09/22 21:50:00.049, 0, 88649, 97871
2026/09/22 21:50:00.049, 1, 88649, 97871
2026/09/22 21:50:00.049, 2, 88649, 97871
2026/09/22 21:50:00.049, 3, 88649, 97871
2026/09/22 21:50:00.249, 0, 88649, 97871
2026/09/22 21:50:00.249, 1, 88649, 97871
2026/09/22 21:50:00.249, 2, 88649, 97871
2026/09/22 21:50:00.249, 3, 88649, 97871
2026/09/22 21:50:00.449, 0, 88649, 97871
2026/09/22 21:50:00.449, 1, 88649, 97871
2026/09/22 21:50:00.449, 2, 88649, 97871
2026/09/22 21:50:00.449, 3, 88649, 97871
2026/09/22 21:50:00.649, 0, 88649, 97871
2026/09/22 21:50:00.649, 1, 88649, 97871
2026/09/22 21:50:00.649, 2, 88649, 97871
2026/09/22 21:50:00.649, 3, 88649, 97871
2026/09/22 21:50:00.849, 0, 88649, 97871
2026/09/22 21:50:00.849, 1, 88649, 97871
2026/09/22 21:50:00.849, 2, 88649, 97871
2026/09/22 21:50:00.850, 3, 88649, 97871
2026/09/22 21:50:01.050, 0, 88649, 97871
2026/09/22 21:50:01.050, 1, 88649, 97871
2026/09/22 21:50:01.050, 2, 88649, 97871
2026/09/22 21:50:01.050, 3, 88649, 97871
2026/09/22 21:50:01.250, 0, 88649, 97871
2026/09/22 21:50:01.250, 1, 88649, 97871
2026/09/22 21:50:01.250, 2, 88649, 97871
2026/09/22 21:50:01.250, 3, 88649, 97871
2026/09/22 21:50:01.450, 0, 88649, 97871
2026/09/22 21:50:01.450, 1, 88649, 97871
2026/09/22 21:50:01.450, 2, 88649, 97871
2026/09/22 21:50:01.450, 3, 88649, 97871
2026/09/22 21:50:01.650, 0, 88649, 97871
2026/09/22 21:50:01.650, 1, 88649, 97871
2026/09/22 21:50:01.650, 2, 88649, 97871
2026/09/22 21:50:01.650, 3, 88649, 97871
2026/09/22 21:50:01.851, 0, 88649, 97871
2026/09/22 21:50:01.851, 1, 88649, 97871
2026/09/22 21:50:01.851, 2, 88649, 97871
2026/09/22 21:50:01.851, 3, 88649, 97871
2026/09/22 21:50:02.051, 0, 88649, 97871
2026/09/22 21:50:02.051, 1, 88649, 97871
2026/09/22 21:50:02.051, 2, 88649, 97871
2026/09/22 21:50:02.051, 3, 88649, 97871
2026/09/22 21:50:02.251, 0, 88649, 97871
2026/09/22 21:50:02.251, 1, 88649, 97871
2026/09/22 21:50:02.251, 2, 88649, 97871
2026/09/22 21:50:02.251, 3, 88649, 97871
2026/09/22 21:50:02.451, 0, 88649, 97871
2026/09/22 21:50:02.451, 1, 88649, 97871
2026/09/22 21:50:02.451, 2, 88649, 97871
2026/09/22 21:50:02.451, 3, 88649, 97871
2026/09/22 21:50:02.651, 0, 88649, 97871
2026/09/22 21:50:02.652, 1, 88649, 97871
2026/09/22 21:50:02.652, 2, 88649, 97871
2026/09/22 21:50:02.652, 3, 88649, 97871
2026/09/22 21:50:02.852, 0, 88649, 97871
2026/09/22 21:50:02.852, 1, 88649, 97871
2026/09/22 21:50:02.852, 2, 88649, 97871
2026/09/22 21:50:02.852, 3, 88649, 97871
2026/09/22 21:50:03.052, 0, 88649, 97871
2026/09/22 21:50:03.052, 1, 88649, 97871
2026/09/22 21:50:03.052, 2, 88649, 97871
2026/09/22 21:50:03.052, 3, 88649, 97871
2026/09/22 21:50:03.252, 0, 88649, 97871
2026/09/22 21:50:03.252, 1, 88649, 97871
2026/09/22 21:50:03.252, 2, 88649, 97871
2026/09/22 21:50:03.252, 3, 88649, 97871
2026/09/22 21:50:03.452, 0, 88649, 97871
2026/09/22 21:50:03.452, 1, 88649, 97871
2026/09/22 21:50:03.453, 2, 88649, 97871
2026/09/22 21:50:03.453, 3, 88649, 97871
2026/09/22 21:50:03.653, 0, 88649, 97871
2026/09/22 21:50:03.653, 1, 88649, 97871
2026/09/22 21:50:03.653, 2, 88649, 97871
2026/09/22 21:50:03.653, 3, 88649, 97871
2026/09/22 21:50:03.853, 0, 88649, 97871
2026/09/22 21:50:03.853, 1, 88649, 97871
2026/09/22 21:50:03.853, 2, 88649, 97871
2026/09/22 21:50:03.853, 3, 88649, 97871
2026/09/22 21:50:04.053, 0, 88649, 97871
2026/09/22 21:50:04.053, 1, 88649, 97871
2026/09/22 21:50:04.053, 2, 88649, 97871
2026/09/22 21:50:04.053, 3, 88649, 97871
2026/09/22 21:50:04.253, 0, 88649, 97871
2026/09/22 21:50:04.253, 1, 88649, 97871
2026/09/22 21:50:04.253, 2, 88649, 97871
2026/09/22 21:50:04.253, 3, 88649, 97871
2026/09/22 21:50:04.453, 0, 88649, 97871
2026/09/22 21:50:04.454, 1, 88649, 97871
2026/09/22 21:50:04.454, 2, 88649, 97871
2026/09/22 21:50:04.454, 3, 88649, 97871
2026/09/22 21:50:04.654, 0, 88649, 97871
2026/09/22 21:50:04.654, 1, 88649, 97871
2026/09/22 21:50:04.654, 2, 88649, 97871
2026/09/22 21:50:04.654, 3, 88649, 97871
2026/09/22 21:50:04.854, 0, 88649, 97871
2026/09/22 21:50:04.854, 1, 88649, 97871
2026/09/22 21:50:04.854, 2, 88649, 97871
2026/09/22 21:50:04.854, 3, 88649, 97871
2026/09/22 21:50:05.054, 0, 88649, 97871
2026/09/22 21:50:05.054, 1, 88649, 97871
2026/09/22 21:50:05.054, 2, 88649, 97871
2026/09/22 21:50:05.054, 3, 88649, 97871
2026/09/22 21:50:05.254, 0, 88649, 97871
2026/09/22 21:50:05.255, 1, 88649, 97871
2026/09/22 21:50:05.255, 2, 88649, 97871
2026/09/22 21:50:05.255, 3, 88649, 97871
2026/09/22 21:50:05.455, 0, 88649, 97871
2026/09/22 21:50:05.455, 1, 88649, 97871
2026/09/22 21:50:05.455, 2, 88649, 97871
2026/09/22 21:50:05.455, 3, 88649, 97871
2026/09/22 21:50:05.655, 0, 88649, 97871
2026/09/22 21:50:05.655, 1, 88649, 97871
2026/09/22 21:50:05.655, 2, 88649, 97871
2026/09/22 21:50:05.655, 3, 88649, 97871
2026/09/22 21:50:05.855, 0, 88649, 97871
2026/09/22 21:50:05.855, 1, 88649, 97871
2026/09/22 21:50:05.855, 2, 88649, 97871
2026/09/22 21:50:05.855, 3, 88649, 97871
2026/09/22 21:50:06.055, 0, 88649, 97871
2026/09/22 21:50:06.056, 1, 88649, 97871
2026/09/22 21:50:06.056, 2, 88649, 97871
2026/09/22 21:50:06.056, 3, 88649, 97871
2026/09/22 21:50:06.256, 0, 88649, 97871
2026/09/22 21:50:06.256, 1, 88649, 97871
2026/09/22 21:50:06.256, 2, 88649, 97871
2026/09/22 21:50:06.256, 3, 88649, 97871
2026/09/22 21:50:06.456, 0, 88649, 97871
2026/09/22 21:50:06.456, 1, 88649, 97871
2026/09/22 21:50:06.456, 2, 88649, 97871
2026/09/22 21:50:06.456, 3, 88649, 97871
2026/09/22 21:50:06.656, 0, 88649, 97871
2026/09/22 21:50:06.656, 1, 88649, 97871
2026/09/22 21:50:06.656, 2, 88649, 97871
2026/09/22 21:50:06.656, 3, 88649, 97871
2026/09/22 21:50:06.856, 0, 88649, 97871
2026/09/22 21:50:06.856, 1, 88649, 97871
2026/09/22 21:50:06.857, 2, 88649, 97871
2026/09/22 21:50:06.857, 3, 88649, 97871
2026/09/22 21:50:07.057, 0, 88649, 97871
2026/09/22 21:50:07.057, 1, 88649, 97871
2026/09/22 21:50:07.057, 2, 88649, 97871
2026/09/22 21:50:07.057, 3, 88649, 97871
2026/09/22 21:50:07.257, 0, 88649, 97871
2026/09/22 21:50:07.257, 1, 88649, 97871
2026/09/22 21:50:07.257, 2, 88649, 97871
2026/09/22 21:50:07.257, 3, 88649, 97871
2026/09/22 21:50:07.457, 0, 88649, 97871
2026/09/22 21:50:07.457, 1, 88649, 97871
2026/09/22 21:50:07.457, 2, 88649, 97871
2026/09/22 21:50:07.457, 3, 88649, 97871
2026/09/22 21:50:07.657, 0, 88649, 97871
2026/09/22 21:50:07.657, 1, 88649, 97871
2026/09/22 21:50:07.657, 2, 88649, 97871
2026/09/22 21:50:07.657, 3, 88649, 97871
2026/09/22 21:50:07.858, 0, 88649, 97871
2026/09/22 21:50:07.858, 1, 88649, 97871
2026/09/22 21:50:07.858, 2, 88649, 97871
2026/09/22 21:50:07.858, 3, 88649, 97871
2026/09/22 21:50:08.058, 0, 88649, 97871
2026/09/22 21:50:08.058, 1, 88649, 97871
2026/09/22 21:50:08.058, 2, 88649, 97871
2026/09/22 21:50:08.058, 3, 88649, 97871
2026/09/22 21:50:08.258, 0, 88649, 97871
2026/09/22 21:50:08.258, 1, 88649, 97871
2026/09/22 21:50:08.258, 2, 88649, 97871
2026/09/22 21:50:08.258, 3, 88649, 97871
2026/09/22 21:50:08.458, 0, 88649, 97871
2026/09/22 21:50:08.458, 1, 88649, 97871
2026/09/22 21:50:08.458, 2, 88649, 97871
2026/09/22 21:50:08.458, 3, 88649, 97871
2026/09/22 21:50:08.659, 0, 88649, 97871
2026/09/22 21:50:08.659, 1, 88649, 97871
2026/09/22 21:50:08.659, 2, 88649, 97871
2026/09/22 21:50:08.659, 3, 88649, 97871
2026/09/22 21:50:08.859, 0, 88649, 97871
2026/09/22 21:50:08.859, 1, 88649, 97871
2026/09/22 21:50:08.859, 2, 88649, 97871
2026/09/22 21:50:08.859, 3, 88649, 97871
2026/09/22 21:50:09.059, 0, 88649, 97871
2026/09/22 21:50:09.059, 1, 88649, 97871
2026/09/22 21:50:09.059, 2, 88649, 97871
2026/09/22 21:50:09.059, 3, 88649, 97871
2026/09/22 21:50:09.259, 0, 88649, 97871
2026/09/22 21:50:09.259, 1, 88649, 97871
2026/09/22 21:50:09.259, 2, 88649, 97871
2026/09/22 21:50:09.259, 3, 88649, 97871
2026/09/22 21:50:09.460, 0, 88649, 97871
2026/09/22 21:50:09.460, 1, 88649, 97871
2026/09/22 21:50:09.460, 2, 88649, 97871
2026/09/22 21:50:09.460, 3, 88649, 97871
2026/09/22 21:50:09.660, 0, 88649, 97871
2026/09/22 21:50:09.660, 1, 88649, 97871
2026/09/22 21:50:09.660, 2, 88649, 97871
2026/09/22 21:50:09.660, 3, 88649, 97871
2026/09/22 21:50:09.860, 0, 88649, 97871
2026/09/22 21:50:09.860, 1, 88649, 97871
2026/09/22 21:50:09.860, 2, 88649, 97871
2026/09/22 21:50:09.860, 3, 88649, 97871
2026/09/22 21:50:10.060, 0, 88649, 97871
2026/09/22 21:50:10.060, 1, 88649, 97871
2026/09/22 21:50:10.060, 2, 88649, 97871
2026/09/22 21:50:10.060, 3, 88649, 97871
2026/09/22 21:50:10.260, 0, 88649, 97871
2026/09/22 21:50:10.260, 1, 88649, 97871
2026/09/22 21:50:10.260, 2, 88649, 97871
2026/09/22 21:50:10.261, 3, 88649, 97871
2026/09/22 21:50:10.461, 0, 88649, 97871
2026/09/22 21:50:10.461, 1, 88649, 97871
2026/09/22 21:50:10.461, 2, 88649, 97871
2026/09/22 21:50:10.461, 3, 88649, 97871
2026/09/22 21:50:10.661, 0, 88649, 97871
2026/09/22 21:50:10.661, 1, 88649, 97871
2026/09/22 21:50:10.661, 2, 88649, 97871
2026/09/22 21:50:10.661, 3, 88649, 97871
2026/09/22 21:50:10.861, 0, 88649, 97871
2026/09/22 21:50:10.861, 1, 88649, 97871
2026/09/22 21:50:10.861, 2, 88649, 97871
2026/09/22 21:50:10.861, 3, 88649, 97871
2026/09/22 21:50:11.061, 0, 88649, 97871
2026/09/22 21:50:11.061, 1, 88649, 97871
2026/09/22 21:50:11.062, 2, 88649, 97871
2026/09/22 21:50:11.062, 3, 88649, 97871
2026/09/22 21:50:11.262, 0, 88649, 97871
2026/09/22 21:50:11.262, 1, 88649, 97871
2026/09/22 21:50:11.262, 2, 88649, 97871
2026/09/22 21:50:11.262, 3, 88649, 97871
2026/09/22 21:50:11.462, 0, 88649, 97871
2026/09/22 21:50:11.462, 1, 88649, 97871
2026/09/22 21:50:11.462, 2, 88649, 97871
2026/09/22 21:50:11.462, 3, 88649, 97871
2026/09/22 21:50:11.662, 0, 88649, 97871
2026/09/22 21:50:11.662, 1, 88649, 97871
2026/09/22 21:50:11.662, 2, 88649, 97871
2026/09/22 21:50:11.662, 3, 88649, 97871
2026/09/22 21:50:11.862, 0, 88649, 97871
2026/09/22 21:50:11.862, 1, 88649, 97871
2026/09/22 21:50:11.862, 2, 88649, 97871
2026/09/22 21:50:11.862, 3, 88649, 97871
2026/09/22 21:50:12.062, 0, 88649, 97871
2026/09/22 21:50:12.062, 1, 88649, 97871
2026/09/22 21:50:12.063, 2, 88649, 97871
2026/09/22 21:50:12.063, 3, 88649, 97871
2026/09/22 21:50:12.263, 0, 88649, 97871
2026/09/22 21:50:12.263, 1, 88649, 97871
2026/09/22 21:50:12.263, 2, 88649, 97871
2026/09/22 21:50:12.263, 3, 88649, 97871
2026/09/22 21:50:12.463, 0, 88649, 97871
2026/09/22 21:50:12.463, 1, 88649, 97871
2026/09/22 21:50:12.463, 2, 88649, 97871
2026/09/22 21:50:12.463, 3, 88649, 97871
2026/09/22 21:50:12.663, 0, 88649, 97871
2026/09/22 21:50:12.663, 1, 88649, 97871
2026/09/22 21:50:12.663, 2, 88649, 97871
2026/09/22 21:50:12.663, 3, 88649, 97871
2026/09/22 21:50:12.863, 0, 88649, 97871
2026/09/22 21:50:12.863, 1, 88649, 97871
2026/09/22 21:50:12.863, 2, 88649, 97871
2026/09/22 21:50:12.864, 3, 88649, 97871
2026/09/22 21:50:13.064, 0, 88649, 97871
2026/09/22 21:50:13.064, 1, 88649, 97871
2026/09/22 21:50:13.064, 2, 88649, 97871
2026/09/22 21:50:13.064, 3, 88649, 97871
2026/09/22 21:50:13.264, 0, 88649, 97871
2026/09/22 21:50:13.264, 1, 88649, 97871
2026/09/22 21:50:13.264, 2, 88649, 97871
2026/09/22 21:50:13.264, 3, 88649, 97871
2026/09/22 21:50:13.464, 0, 88649, 97871
2026/09/22 21:50:13.464, 1, 88649, 97871
2026/09/22 21:50:13.464, 2, 88649, 97871
2026/09/22 21:50:13.464, 3, 88649, 97871
2026/09/22 21:50:13.664, 0, 88649, 97871
2026/09/22 21:50:13.665, 1, 88649, 97871
2026/09/22 21:50:13.665, 2, 88649, 97871
2026/09/22 21:50:13.665, 3, 88649, 97871
2026/09/22 21:50:13.865, 0, 88649, 97871
2026/09/22 21:50:13.865, 1, 88649, 97871
2026/09/22 21:50:13.865, 2, 88649, 97871
2026/09/22 21:50:13.865, 3, 88649, 97871
2026/09/22 21:50:14.065, 0, 88649, 97871
2026/09/22 21:50:14.065, 1, 88649, 97871
2026/09/22 21:50:14.065, 2, 88649, 97871
2026/09/22 21:50:14.065, 3, 88649, 97871
2026/09/22 21:50:14.265, 0, 88649, 97871
2026/09/22 21:50:14.265, 1, 88649, 97871
2026/09/22 21:50:14.265, 2, 88649, 97871
2026/09/22 21:50:14.265, 3, 88649, 97871
2026/09/22 21:50:14.465, 0, 88649, 97871
2026/09/22 21:50:14.466, 1, 88649, 97871
2026/09/22 21:50:14.466, 2, 88649, 97871
2026/09/22 21:50:14.466, 3, 88649, 97871
2026/09/22 21:50:14.666, 0, 88649, 97871
2026/09/22 21:50:14.666, 1, 88649, 97871
2026/09/22 21:50:14.666, 2, 88649, 97871
2026/09/22 21:50:14.666, 3, 88649, 97871
2026/09/22 21:50:14.866, 0, 88649, 97871
2026/09/22 21:50:14.866, 1, 88649, 97871
2026/09/22 21:50:14.866, 2, 88649, 97871
2026/09/22 21:50:14.866, 3, 88649, 97871
2026/09/22 21:50:15.066, 0, 88649, 97871
2026/09/22 21:50:15.066, 1, 88649, 97871
2026/09/22 21:50:15.066, 2, 88649, 97871
2026/09/22 21:50:15.066, 3, 88649, 97871
2026/09/22 21:50:15.266, 0, 88649, 97871
2026/09/22 21:50:15.266, 1, 88649, 97871
2026/09/22 21:50:15.266, 2, 88649, 97871
2026/09/22 21:50:15.267, 3, 88649, 97871
2026/09/22 21:50:15.467, 0, 88649, 97871
2026/09/22 21:50:15.467, 1, 88649, 97871
2026/09/22 21:50:15.467, 2, 88649, 97871
2026/09/22 21:50:15.467, 3, 88649, 97871
2026/09/22 21:50:15.667, 0, 88649, 97871
2026/09/22 21:50:15.667, 1, 88649, 97871
2026/09/22 21:50:15.667, 2, 88649, 97871
2026/09/22 21:50:15.667, 3, 88649, 97871
2026/09/22 21:50:15.867, 0, 88649, 97871
2026/09/22 21:50:15.867, 1, 88649, 97871
2026/09/22 21:50:15.867, 2, 88649, 97871
2026/09/22 21:50:15.867, 3, 88649, 97871
2026/09/22 21:50:16.067, 0, 88649, 97871
2026/09/22 21:50:16.067, 1, 88649, 97871
2026/09/22 21:50:16.067, 2, 88649, 97871
2026/09/22 21:50:16.067, 3, 88649, 97871
2026/09/22 21:50:16.267, 0, 88649, 97871
2026/09/22 21:50:16.268, 1, 88649, 97871
2026/09/22 21:50:16.268, 2, 88649, 97871
2026/09/22 21:50:16.268, 3, 88649, 97871
2026/09/22 21:50:16.468, 0, 88649, 97871
2026/09/22 21:50:16.468, 1, 88649, 97871
2026/09/22 21:50:16.468, 2, 88649, 97871
2026/09/22 21:50:16.468, 3, 88649, 97871
2026/09/22 21:50:16.668, 0, 88649, 97871
2026/09/22 21:50:16.668, 1, 88649, 97871
2026/09/22 21:50:16.668, 2, 88649, 97871
2026/09/22 21:50:16.668, 3, 88649, 97871
2026/09/22 21:50:16.868, 0, 88649, 97871
2026/09/22 21:50:16.868, 1, 88649, 97871
2026/09/22 21:50:16.868, 2, 88649, 97871
2026/09/22 21:50:16.868, 3, 88649, 97871
2026/09/22 21:50:17.068, 0, 88649, 97871
2026/09/22 21:50:17.068, 1, 88649, 97871
2026/09/22 21:50:17.069, 2, 88649, 97871
2026/09/22 21:50:17.069, 3, 88649, 97871
2026/09/22 21:50:17.269, 0, 88649, 97871
2026/09/22 21:50:17.269, 1, 88649, 97871
2026/09/22 21:50:17.269, 2, 88649, 97871
2026/09/22 21:50:17.269, 3, 88649, 97871
2026/09/22 21:50:17.469, 0, 88649, 97871
2026/09/22 21:50:17.469, 1, 88649, 97871
2026/09/22 21:50:17.469, 2, 88649, 97871
2026/09/22 21:50:17.469, 3, 88649, 97871
2026/09/22 21:50:17.669, 0, 88649, 97871
2026/09/22 21:50:17.669, 1, 88649, 97871
2026/09/22 21:50:17.669, 2, 88649, 97871
2026/09/22 21:50:17.669, 3, 88649, 97871
2026/09/22 21:50:17.869, 0, 88649, 97871
2026/09/22 21:50:17.869, 1, 88649, 97871
2026/09/22 21:50:17.869, 2, 88649, 97871
2026/09/22 21:50:17.870, 3, 88649, 97871
2026/09/22 21:50:18.070, 0, 88649, 97871
2026/09/22 21:50:18.070, 1, 88649, 97871
2026/09/22 21:50:18.070, 2, 88649, 97871
2026/09/22 21:50:18.070, 3, 88649, 97871
2026/09/22 21:50:18.270, 0, 88649, 97871
2026/09/22 21:50:18.270, 1, 88649, 97871
2026/09/22 21:50:18.270, 2, 88649, 97871
2026/09/22 21:50:18.270, 3, 88649, 97871
2026/09/22 21:50:18.470, 0, 88649, 97871
2026/09/22 21:50:18.470, 1, 88649, 97871
2026/09/22 21:50:18.470, 2, 88649, 97871
2026/09/22 21:50:18.470, 3, 88649, 97871
2026/09/22 21:50:18.670, 0, 88649, 97871
2026/09/22 21:50:18.670, 1, 88649, 97871
2026/09/22 21:50:18.670, 2, 88649, 97871
2026/09/22 21:50:18.670, 3, 88649, 97871
2026/09/22 21:50:18.871, 0, 88649, 97871
2026/09/22 21:50:18.871, 1, 88649, 97871
2026/09/22 21:50:18.871, 2, 88649, 97871
2026/09/22 21:50:18.871, 3, 88649, 97871
2026/09/22 21:50:19.071, 0, 88649, 97871
2026/09/22 21:50:19.071, 1, 88649, 97871
2026/09/22 21:50:19.071, 2, 88649, 97871
2026/09/22 21:50:19.071, 3, 88649, 97871
2026/09/22 21:50:19.271, 0, 88649, 97871
2026/09/22 21:50:19.271, 1, 88649, 97871
2026/09/22 21:50:19.271, 2, 88649, 97871
2026/09/22 21:50:19.271, 3, 88649, 97871
2026/09/22 21:50:19.471, 0, 88649, 97871
2026/09/22 21:50:19.471, 1, 88649, 97871
2026/09/22 21:50:19.471, 2, 88649, 97871
2026/09/22 21:50:19.471, 3, 88649, 97871
2026/09/22 21:50:19.671, 0, 88649, 97871
2026/09/22 21:50:19.671, 1, 88649, 97871
2026/09/22 21:50:19.671, 2, 88649, 97871
2026/09/22 21:50:19.672, 3, 88649, 97871
2026/09/22 21:50:19.872, 0, 88649, 97871
2026/09/22 21:50:19.872, 1, 88649, 97871
2026/09/22 21:50:19.872, 2, 88649, 97871
2026/09/22 21:50:19.872, 3, 88649, 97871
2026/09/22 21:50:20.072, 0, 88649, 97871
2026/09/22 21:50:20.072, 1, 88649, 97871
2026/09/22 21:50:20.072, 2, 88649, 97871
2026/09/22 21:50:20.072, 3, 88649, 97871
2026/09/22 21:50:20.272, 0, 88649, 97871
2026/09/22 21:50:20.272, 1, 88649, 97871
2026/09/22 21:50:20.272, 2, 88649, 97871
2026/09/22 21:50:20.272, 3, 88649, 97871
2026/09/22 21:50:20.472, 0, 88649, 97871
2026/09/22 21:50:20.473, 1, 88649, 97871
2026/09/22 21:50:20.473, 2, 88649, 97871
2026/09/22 21:50:20.473, 3, 88649, 97871
2026/09/22 21:50:20.673, 0, 88649, 97871
2026/09/22 21:50:20.673, 1, 88649, 97871
2026/09/22 21:50:20.673, 2, 88649, 97871
2026/09/22 21:50:20.673, 3, 88649, 97871
2026/09/22 21:50:20.873, 0, 88649, 97871
2026/09/22 21:50:20.873, 1, 88649, 97871
2026/09/22 21:50:20.873, 2, 88649, 97871
2026/09/22 21:50:20.873, 3, 88649, 97871
2026/09/22 21:50:21.073, 0, 88649, 97871
2026/09/22 21:50:21.073, 1, 88649, 97871
2026/09/22 21:50:21.073, 2, 88649, 97871
2026/09/22 21:50:21.073, 3, 88649, 97871
2026/09/22 21:50:21.273, 0, 88649, 97871
2026/09/22 21:50:21.273, 1, 88649, 97871
2026/09/22 21:50:21.274, 2, 88649, 97871
2026/09/22 21:50:21.274, 3, 88649, 97871
2026/09/22 21:50:21.474, 0, 88649, 97871
2026/09/22 21:50:21.474, 1, 88649, 97871
2026/09/22 21:50:21.474, 2, 88649, 97871
2026/09/22 21:50:21.474, 3, 88649, 97871
2026/09/22 21:50:21.674, 0, 88649, 97871
2026/09/22 21:50:21.674, 1, 88649, 97871
2026/09/22 21:50:21.674, 2, 88649, 97871
2026/09/22 21:50:21.674, 3, 88649, 97871
2026/09/22 21:50:21.874, 0, 88649, 97871
2026/09/22 21:50:21.874, 1, 88649, 97871
2026/09/22 21:50:21.874, 2, 88649, 97871
2026/09/22 21:50:21.874, 3, 88649, 97871
2026/09/22 21:50:22.074, 0, 88649, 97871
2026/09/22 21:50:22.074, 1, 88649, 97871
2026/09/22 21:50:22.074, 2, 88649, 97871
2026/09/22 21:50:22.074, 3, 88649, 97871
2026/09/22 21:50:22.275, 0, 88649, 97871
2026/09/22 21:50:22.275, 1, 88649, 97871
2026/09/22 21:50:22.275, 2, 88649, 97871
2026/09/22 21:50:22.275, 3, 88649, 97871
2026/09/22 21:50:22.475, 0, 88649, 97871
2026/09/22 21:50:22.475, 1, 88649, 97871
2026/09/22 21:50:22.475, 2, 88649, 97871
2026/09/22 21:50:22.475, 3, 88649, 97871
2026/09/22 21:50:22.675, 0, 88649, 97871
2026/09/22 21:50:22.675, 1, 88649, 97871
2026/09/22 21:50:22.675, 2, 88649, 97871
2026/09/22 21:50:22.675, 3, 88649, 97871
2026/09/22 21:50:22.875, 0, 88649, 97871
2026/09/22 21:50:22.875, 1, 88649, 97871
2026/09/22 21:50:22.875, 2, 88649, 97871
2026/09/22 21:50:22.875, 3, 88649, 97871
2026/09/22 21:50:23.075, 0, 88649, 97871
2026/09/22 21:50:23.076, 1, 88649, 97871
2026/09/22 21:50:23.076, 2, 88649, 97871
2026/09/22 21:50:23.076, 3, 88649, 97871
2026/09/22 21:50:23.276, 0, 88649, 97871
2026/09/22 21:50:23.276, 1, 88649, 97871
2026/09/22 21:50:23.276, 2, 88649, 97871
2026/09/22 21:50:23.276, 3, 88649, 97871
2026/09/22 21:50:23.476, 0, 88649, 97871
2026/09/22 21:50:23.476, 1, 88649, 97871
2026/09/22 21:50:23.476, 2, 88649, 97871
2026/09/22 21:50:23.476, 3, 88649, 97871
2026/09/22 21:50:23.676, 0, 88649, 97871
2026/09/22 21:50:23.676, 1, 88649, 97871
2026/09/22 21:50:23.676, 2, 88649, 97871
2026/09/22 21:50:23.676, 3, 88649, 97871
2026/09/22 21:50:23.876, 0, 88649, 97871
2026/09/22 21:50:23.876, 1, 88649, 97871
2026/09/22 21:50:23.876, 2, 88649, 97871
2026/09/22 21:50:23.876, 3, 88649, 97871
2026/09/22 21:50:24.077, 0, 88649, 97871
2026/09/22 21:50:24.077, 1, 88649, 97871
2026/09/22 21:50:24.077, 2, 88649, 97871
2026/09/22 21:50:24.077, 3, 88649, 97871
2026/09/22 21:50:24.277, 0, 88649, 97871
2026/09/22 21:50:24.277, 1, 88649, 97871
2026/09/22 21:50:24.277, 2, 88649, 97871
2026/09/22 21:50:24.277, 3, 88649, 97871
2026/09/22 21:50:24.477, 0, 88649, 97871
2026/09/22 21:50:24.477, 1, 88649, 97871
2026/09/22 21:50:24.477, 2, 88649, 97871
2026/09/22 21:50:24.477, 3, 88649, 97871
2026/09/22 21:50:24.677, 0, 88649, 97871
2026/09/22 21:50:24.677, 1, 88649, 97871
2026/09/22 21:50:24.677, 2, 88649, 97871
2026/09/22 21:50:24.677, 3, 88649, 97871
2026/09/22 21:50:24.878, 0, 88649, 97871
2026/09/22 21:50:24.878, 1, 88649, 97871
2026/09/22 21:50:24.878, 2, 88649, 97871
2026/09/22 21:50:24.878, 3, 88649, 97871
2026/09/22 21:50:25.078, 0, 88649, 97871
2026/09/22 21:50:25.078, 1, 88649, 97871
2026/09/22 21:50:25.078, 2, 88649, 97871
2026/09/22 21:50:25.078, 3, 88649, 97871
2026/09/22 21:50:25.278, 0, 88649, 97871
2026/09/22 21:50:25.278, 1, 88649, 97871
2026/09/22 21:50:25.278, 2, 88649, 97871
2026/09/22 21:50:25.278, 3, 88649, 97871
2026/09/22 21:50:25.478, 0, 88649, 97871
2026/09/22 21:50:25.478, 1, 88649, 97871
2026/09/22 21:50:25.478, 2, 88649, 97871
2026/09/22 21:50:25.478, 3, 88649, 97871
2026/09/22 21:50:25.679, 0, 88649, 97871
2026/09/22 21:50:25.679, 1, 88649, 97871
2026/09/22 21:50:25.679, 2, 88649, 97871
2026/09/22 21:50:25.679, 3, 88649, 97871
2026/09/22 21:50:25.879, 0, 88649, 97871
2026/09/22 21:50:25.879, 1, 88649, 97871
2026/09/22 21:50:25.879, 2, 88649, 97871
2026/09/22 21:50:25.879, 3, 88649, 97871
2026/09/22 21:50:26.079, 0, 88649, 97871
2026/09/22 21:50:26.079, 1, 88649, 97871
2026/09/22 21:50:26.079, 2, 88649, 97871
2026/09/22 21:50:26.079, 3, 88649, 97871
2026/09/22 21:50:26.279, 0, 88649, 97871
2026/09/22 21:50:26.279, 1, 88649, 97871
2026/09/22 21:50:26.279, 2, 88649, 97871
2026/09/22 21:50:26.279, 3, 88649, 97871
2026/09/22 21:50:26.479, 0, 88649, 97871
2026/09/22 21:50:26.479, 1, 88649, 97871
2026/09/22 21:50:26.479, 2, 88649, 97871
2026/09/22 21:50:26.480, 3, 88649, 97871
2026/09/22 21:50:26.680, 0, 88649, 97871
2026/09/22 21:50:26.680, 1, 88649, 97871
2026/09/22 21:50:26.680, 2, 88649, 97871
2026/09/22 21:50:26.680, 3, 88649, 97871
2026/09/22 21:50:26.880, 0, 88649, 97871
2026/09/22 21:50:26.880, 1, 88649, 97871
2026/09/22 21:50:26.880, 2, 88649, 97871
2026/09/22 21:50:26.880, 3, 88649, 97871
2026/09/22 21:50:27.080, 0, 88649, 97871
2026/09/22 21:50:27.080, 1, 88649, 97871
2026/09/22 21:50:27.080, 2, 88649, 97871
2026/09/22 21:50:27.080, 3, 88649, 97871
2026/09/22 21:50:27.280, 0, 88649, 97871
2026/09/22 21:50:27.280, 1, 88649, 97871
2026/09/22 21:50:27.280, 2, 88649, 97871
2026/09/22 21:50:27.280, 3, 88649, 97871
2026/09/22 21:50:27.481, 0, 88649, 97871
2026/09/22 21:50:27.481, 1, 88649, 97871
2026/09/22 21:50:27.481, 2, 88649, 97871
2026/09/22 21:50:27.481, 3, 88649, 97871
2026/09/22 21:50:27.681, 0, 88649, 97871
2026/09/22 21:50:27.681, 1, 88649, 97871
2026/09/22 21:50:27.681, 2, 88649, 97871
2026/09/22 21:50:27.681, 3, 88649, 97871
2026/09/22 21:50:27.881, 0, 88649, 97871
2026/09/22 21:50:27.881, 1, 88649, 97871
2026/09/22 21:50:27.881, 2, 88649, 97871
2026/09/22 21:50:27.881, 3, 88649, 97871
2026/09/22 21:50:28.081, 0, 88649, 97871
2026/09/22 21:50:28.081, 1, 88649, 97871
2026/09/22 21:50:28.081, 2, 88649, 97871
2026/09/22 21:50:28.081, 3, 88649, 97871
2026/09/22 21:50:28.281, 0, 88649, 97871
2026/09/22 21:50:28.281, 1, 88649, 97871
2026/09/22 21:50:28.281, 2, 88649, 97871
2026/09/22 21:50:28.281, 3, 88649, 97871
2026/09/22 21:50:28.482, 0, 88649, 97871
2026/09/22 21:50:28.482, 1, 88649, 97871
2026/09/22 21:50:28.482, 2, 88649, 97871
2026/09/22 21:50:28.482, 3, 88649, 97871
2026/09/22 21:50:28.682, 0, 88649, 97871
2026/09/22 21:50:28.682, 1, 88649, 97871
2026/09/22 21:50:28.682, 2, 88649, 97871
2026/09/22 21:50:28.682, 3, 88649, 97871
2026/09/22 21:50:28.882, 0, 88649, 97871
2026/09/22 21:50:28.882, 1, 88649, 97871
2026/09/22 21:50:28.882, 2, 88649, 97871
2026/09/22 21:50:28.882, 3, 88649, 97871
2026/09/22 21:50:29.082, 0, 88649, 97871
2026/09/22 21:50:29.082, 1, 88649, 97871
2026/09/22 21:50:29.082, 2, 88649, 97871
2026/09/22 21:50:29.082, 3, 88649, 97871
2026/09/22 21:50:29.282, 0, 88649, 97871
2026/09/22 21:50:29.282, 1, 88649, 97871
2026/09/22 21:50:29.282, 2, 88649, 97871
2026/09/22 21:50:29.283, 3, 88649, 97871
2026/09/22 21:50:29.483, 0, 88649, 97871
2026/09/22 21:50:29.483, 1, 88649, 97871
2026/09/22 21:50:29.483, 2, 88649, 97871
2026/09/22 21:50:29.483, 3, 88649, 97871
2026/09/22 21:50:29.683, 0, 88649, 97871
2026/09/22 21:50:29.683, 1, 88649, 97871
2026/09/22 21:50:29.683, 2, 88649, 97871
2026/09/22 21:50:29.683, 3, 88649, 97871
2026/09/22 21:50:29.883, 0, 88649, 97871
2026/09/22 21:50:29.883, 1, 88649, 97871
2026/09/22 21:50:29.883, 2, 88649, 97871
2026/09/22 21:50:29.883, 3, 88649, 97871
2026/09/22 21:50:30.083, 0, 88649, 97871
2026/09/22 21:50:30.083, 1, 88649, 97871
2026/09/22 21:50:30.083, 2, 88649, 97871
2026/09/22 21:50:30.083, 3, 88649, 97871
2026/09/22 21:50:30.284, 0, 88649, 97871
2026/09/22 21:50:30.284, 1, 88649, 97871
2026/09/22 21:50:30.284, 2, 88649, 97871
2026/09/22 21:50:30.284, 3, 88649, 97871
2026/09/22 21:50:30.484, 0, 88649, 97871
2026/09/22 21:50:30.484, 1, 88649, 97871
2026/09/22 21:50:30.484, 2, 88649, 97871
2026/09/22 21:50:30.484, 3, 88649, 97871
2026/09/22 21:50:30.684, 0, 88649, 97871
2026/09/22 21:50:30.684, 1, 88649, 97871
2026/09/22 21:50:30.684, 2, 88649, 97871
2026/09/22 21:50:30.684, 3, 88649, 97871
2026/09/22 21:50:30.884, 0, 88649, 97871
2026/09/22 21:50:30.884, 1, 88649, 97871
2026/09/22 21:50:30.884, 2, 88649, 97871
2026/09/22 21:50:30.884, 3, 88649, 97871
2026/09/22 21:50:31.084, 0, 88649, 97871
2026/09/22 21:50:31.085, 1, 88649, 97871
2026/09/22 21:50:31.085, 2, 88649, 97871
2026/09/22 21:50:31.085, 3, 88649, 97871
2026/09/22 21:50:31.285, 0, 88649, 97871
2026/09/22 21:50:31.285, 1, 88649, 97871
2026/09/22 21:50:31.285, 2, 88649, 97871
2026/09/22 21:50:31.285, 3, 88649, 97871
2026/09/22 21:50:31.485, 0, 88649, 97871
2026/09/22 21:50:31.485, 1, 88649, 97871
2026/09/22 21:50:31.485, 2, 88649, 97871
2026/09/22 21:50:31.485, 3, 88649, 97871
2026/09/22 21:50:31.685, 0, 88649, 97871
2026/09/22 21:50:31.685, 1, 88649, 97871
2026/09/22 21:50:31.685, 2, 88649, 97871
2026/09/22 21:50:31.685, 3, 88649, 97871
2026/09/22 21:50:31.886, 0, 88649, 97871
2026/09/22 21:50:31.886, 1, 88649, 97871
2026/09/22 21:50:31.886, 2, 88649, 97871
2026/09/22 21:50:31.886, 3, 88649, 97871
2026/09/22 21:50:32.086, 0, 88649, 97871
2026/09/22 21:50:32.086, 1, 88649, 97871
2026/09/22 21:50:32.086, 2, 88649, 97871
2026/09/22 21:50:32.086, 3, 88649, 97871
2026/09/22 21:50:32.286, 0, 88649, 97871
2026/09/22 21:50:32.286, 1, 88649, 97871
2026/09/22 21:50:32.286, 2, 88649, 97871
2026/09/22 21:50:32.286, 3, 88649, 97871
2026/09/22 21:50:32.486, 0, 88649, 97871
2026/09/22 21:50:32.486, 1, 88649, 97871
2026/09/22 21:50:32.486, 2, 88649, 97871
2026/09/22 21:50:32.486, 3, 88649, 97871
2026/09/22 21:50:32.686, 0, 88649, 97871
2026/09/22 21:50:32.687, 1, 88649, 97871
2026/09/22 21:50:32.687, 2, 88649, 97871
2026/09/22 21:50:32.687, 3, 88649, 97871
2026/09/22 21:50:32.887, 0, 88649, 97871
2026/09/22 21:50:32.887, 1, 88649, 97871
2026/09/22 21:50:32.887, 2, 88649, 97871
2026/09/22 21:50:32.887, 3, 88649, 97871
2026/09/22 21:50:33.087, 0, 88649, 97871
2026/09/22 21:50:33.087, 1, 88649, 97871
2026/09/22 21:50:33.087, 2, 88649, 97871
2026/09/22 21:50:33.087, 3, 88649, 97871
2026/09/22 21:50:33.287, 0, 88649, 97871
2026/09/22 21:50:33.287, 1, 88649, 97871
2026/09/22 21:50:33.287, 2, 88649, 97871
2026/09/22 21:50:33.287, 3, 88649, 97871
2026/09/22 21:50:33.487, 0, 88649, 97871
2026/09/22 21:50:33.488, 1, 88649, 97871
2026/09/22 21:50:33.488, 2, 88649, 97871
2026/09/22 21:50:33.488, 3, 88649, 97871
2026/09/22 21:50:33.688, 0, 88649, 97871
2026/09/22 21:50:33.688, 1, 88649, 97871
2026/09/22 21:50:33.688, 2, 88649, 97871
2026/09/22 21:50:33.688, 3, 88649, 97871
2026/09/22 21:50:33.888, 0, 88649, 97871
2026/09/22 21:50:33.888, 1, 88649, 97871
2026/09/22 21:50:33.888, 2, 88649, 97871
2026/09/22 21:50:33.888, 3, 88649, 97871
2026/09/22 21:50:34.088, 0, 88649, 97871
2026/09/22 21:50:34.088, 1, 88649, 97871
2026/09/22 21:50:34.088, 2, 88649, 97871
2026/09/22 21:50:34.088, 3, 88649, 97871
2026/09/22 21:50:34.288, 0, 88649, 97871
2026/09/22 21:50:34.289, 1, 88649, 97871
2026/09/22 21:50:34.289, 2, 88649, 97871
2026/09/22 21:50:34.289, 3, 88649, 97871
2026/09/22 21:50:34.489, 0, 88649, 97871
2026/09/22 21:50:34.489, 1, 88649, 97871
2026/09/22 21:50:34.489, 2, 88649, 97871
2026/09/22 21:50:34.489, 3, 88649, 97871
2026/09/22 21:50:34.689, 0, 88649, 97871
2026/09/22 21:50:34.689, 1, 88649, 97871
2026/09/22 21:50:34.689, 2, 88649, 97871
2026/09/22 21:50:34.689, 3, 88649, 97871
2026/09/22 21:50:34.889, 0, 88649, 97871
2026/09/22 21:50:34.889, 1, 88649, 97871
2026/09/22 21:50:34.889, 2, 88649, 97871
2026/09/22 21:50:34.889, 3, 88649, 97871
2026/09/22 21:50:35.090, 0, 88649, 97871
2026/09/22 21:50:35.090, 1, 88649, 97871
2026/09/22 21:50:35.090, 2, 88649, 97871
2026/09/22 21:50:35.090, 3, 88649, 97871
2026/09/22 21:50:35.290, 0, 88649, 97871
2026/09/22 21:50:35.290, 1, 88649, 97871
2026/09/22 21:50:35.290, 2, 88649, 97871
2026/09/22 21:50:35.290, 3, 88649, 97871
2026/09/22 21:50:35.490, 0, 88649, 97871
2026/09/22 21:50:35.490, 1, 88649, 97871
2026/09/22 21:50:35.490, 2, 88649, 97871
2026/09/22 21:50:35.490, 3, 88649, 97871
2026/09/22 21:50:35.690, 0, 88649, 97871
2026/09/22 21:50:35.690, 1, 88649, 97871
2026/09/22 21:50:35.690, 2, 88649, 97871
2026/09/22 21:50:35.690, 3, 88649, 97871
2026/09/22 21:50:35.890, 0, 88649, 97871
2026/09/22 21:50:35.891, 1, 88649, 97871
2026/09/22 21:50:35.891, 2, 88649, 97871
2026/09/22 21:50:35.891, 3, 88649, 97871
2026/09/22 21:50:36.091, 0, 88649, 97871
2026/09/22 21:50:36.091, 1, 88649, 97871
2026/09/22 21:50:36.091, 2, 88649, 97871
2026/09/22 21:50:36.091, 3, 88649, 97871
2026/09/22 21:50:36.291, 0, 88649, 97871
2026/09/22 21:50:36.291, 1, 88649, 97871
2026/09/22 21:50:36.291, 2, 88649, 97871
2026/09/22 21:50:36.291, 3, 88649, 97871
2026/09/22 21:50:36.491, 0, 88649, 97871
2026/09/22 21:50:36.491, 1, 88649, 97871
2026/09/22 21:50:36.491, 2, 88649, 97871
2026/09/22 21:50:36.491, 3, 88649, 97871
2026/09/22 21:50:36.691, 0, 88649, 97871
2026/09/22 21:50:36.691, 1, 88649, 97871
2026/09/22 21:50:36.691, 2, 88649, 97871
2026/09/22 21:50:36.691, 3, 88649, 97871
2026/09/22 21:50:36.892, 0, 88649, 97871
2026/09/22 21:50:36.892, 1, 88649, 97871
2026/09/22 21:50:36.892, 2, 88649, 97871
2026/09/22 21:50:36.892, 3, 88649, 97871
2026/09/22 21:50:37.092, 0, 88649, 97871
2026/09/22 21:50:37.092, 1, 88649, 97871
2026/09/22 21:50:37.092, 2, 88649, 97871
2026/09/22 21:50:37.092, 3, 88649, 97871
2026/09/22 21:50:37.292, 0, 88649, 97871
2026/09/22 21:50:37.292, 1, 88649, 97871
2026/09/22 21:50:37.292, 2, 88649, 97871
2026/09/22 21:50:37.292, 3, 88649, 97871
2026/09/22 21:50:37.493, 0, 88649, 97871
2026/09/22 21:50:37.493, 1, 88649, 97871
2026/09/22 21:50:37.493, 2, 88649, 97871
2026/09/22 21:50:37.493, 3, 88649, 97871
2026/09/22 21:50:37.693, 0, 88649, 97871
2026/09/22 21:50:37.693, 1, 88649, 97871
2026/09/22 21:50:37.693, 2, 88649, 97871
2026/09/22 21:50:37.693, 3, 88649, 97871
2026/09/22 21:50:37.893, 0, 88649, 97871
2026/09/22 21:50:37.893, 1, 88649, 97871
2026/09/22 21:50:37.893, 2, 88649, 97871
2026/09/22 21:50:37.893, 3, 88649, 97871
2026/09/22 21:50:38.093, 0, 88649, 97871
2026/09/22 21:50:38.093, 1, 88649, 97871
2026/09/22 21:50:38.093, 2, 88649, 97871
2026/09/22 21:50:38.093, 3, 88649, 97871
2026/09/22 21:50:38.294, 0, 88649, 97871
2026/09/22 21:50:38.294, 1, 88649, 97871
2026/09/22 21:50:38.294, 2, 88649, 97871
2026/09/22 21:50:38.294, 3, 88649, 97871
2026/09/22 21:50:38.494, 0, 88649, 97871
2026/09/22 21:50:38.494, 1, 88649, 97871
2026/09/22 21:50:38.494, 2, 88649, 97871
2026/09/22 21:50:38.494, 3, 88649, 97871
2026/09/22 21:50:38.694, 0, 88649, 97871
2026/09/22 21:50:38.694, 1, 88649, 97871
2026/09/22 21:50:38.694, 2, 88649, 97871
2026/09/22 21:50:38.694, 3, 88649, 97871
2026/09/22 21:50:38.894, 0, 88649, 97871
2026/09/22 21:50:38.894, 1, 88649, 97871
2026/09/22 21:50:38.894, 2, 88649, 97871
2026/09/22 21:50:38.894, 3, 88649, 97871
2026/09/22 21:50:39.094, 0, 88649, 97871
2026/09/22 21:50:39.094, 1, 88649, 97871
2026/09/22 21:50:39.095, 2, 88649, 97871
2026/09/22 21:50:39.095, 3, 88649, 97871
2026/09/22 21:50:39.295, 0, 88649, 97871
2026/09/22 21:50:39.295, 1, 88649, 97871
2026/09/22 21:50:39.295, 2, 88649, 97871
2026/09/22 21:50:39.295, 3, 88649, 97871
2026/09/22 21:50:39.495, 0, 88649, 97871
2026/09/22 21:50:39.495, 1, 88649, 97871
2026/09/22 21:50:39.495, 2, 88649, 97871
2026/09/22 21:50:39.495, 3, 88649, 97871
2026/09/22 21:50:39.695, 0, 88649, 97871
2026/09/22 21:50:39.695, 1, 88649, 97871
2026/09/22 21:50:39.695, 2, 88649, 97871
2026/09/22 21:50:39.695, 3, 88649, 97871
2026/09/22 21:50:39.895, 0, 88649, 97871
2026/09/22 21:50:39.895, 1, 88649, 97871
2026/09/22 21:50:39.895, 2, 88649, 97871
2026/09/22 21:50:39.895, 3, 88649, 97871
2026/09/22 21:50:40.096, 0, 88649, 97871
2026/09/22 21:50:40.096, 1, 88649, 97871
2026/09/22 21:50:40.096, 2, 88649, 97871
2026/09/22 21:50:40.096, 3, 88649, 97871
2026/09/22 21:50:40.296, 0, 88649, 97871
2026/09/22 21:50:40.296, 1, 88649, 97871
2026/09/22 21:50:40.296, 2, 88649, 97871
2026/09/22 21:50:40.296, 3, 88649, 97871
2026/09/22 21:50:40.496, 0, 88649, 97871
2026/09/22 21:50:40.496, 1, 88649, 97871
2026/09/22 21:50:40.496, 2, 88649, 97871
2026/09/22 21:50:40.496, 3, 88649, 97871
2026/09/22 21:50:40.696, 0, 88649, 97871
2026/09/22 21:50:40.696, 1, 88649, 97871
2026/09/22 21:50:40.696, 2, 88649, 97871
2026/09/22 21:50:40.696, 3, 88649, 97871
2026/09/22 21:50:40.896, 0, 88649, 97871
2026/09/22 21:50:40.896, 1, 88649, 97871
2026/09/22 21:50:40.897, 2, 88649, 97871
2026/09/22 21:50:40.897, 3, 88649, 97871
2026/09/22 21:50:41.097, 0, 88649, 97871
2026/09/22 21:50:41.097, 1, 88649, 97871
2026/09/22 21:50:41.097, 2, 88649, 97871
2026/09/22 21:50:41.097, 3, 88649, 97871
2026/09/22 21:50:41.297, 0, 88649, 97871
2026/09/22 21:50:41.297, 1, 88649, 97871
2026/09/22 21:50:41.297, 2, 88649, 97871
2026/09/22 21:50:41.297, 3, 88649, 97871
2026/09/22 21:50:41.497, 0, 88649, 97871
2026/09/22 21:50:41.497, 1, 88649, 97871
2026/09/22 21:50:41.497, 2, 88649, 97871
2026/09/22 21:50:41.497, 3, 88649, 97871
2026/09/22 21:50:41.697, 0, 88649, 97871
2026/09/22 21:50:41.697, 1, 88649, 97871
2026/09/22 21:50:41.697, 2, 88649, 97871
2026/09/22 21:50:41.697, 3, 88649, 97871
2026/09/22 21:50:41.898, 0, 88649, 97871
2026/09/22 21:50:41.898, 1, 88649, 97871
2026/09/22 21:50:41.898, 2, 88649, 97871
2026/09/22 21:50:41.898, 3, 88649, 97871
2026/09/22 21:50:42.098, 0, 88649, 97871
2026/09/22 21:50:42.098, 1, 88649, 97871
2026/09/22 21:50:42.098, 2, 88649, 97871
2026/09/22 21:50:42.098, 3, 88649, 97871
2026/09/22 21:50:42.298, 0, 88649, 97871
2026/09/22 21:50:42.298, 1, 88649, 97871
2026/09/22 21:50:42.298, 2, 88649, 97871
2026/09/22 21:50:42.298, 3, 88649, 97871
2026/09/22 21:50:42.498, 0, 88649, 97871
2026/09/22 21:50:42.498, 1, 88649, 97871
2026/09/22 21:50:42.498, 2, 88649, 97871
2026/09/22 21:50:42.498, 3, 88649, 97871
2026/09/22 21:50:42.698, 0, 88649, 97871
2026/09/22 21:50:42.699, 1, 88649, 97871
2026/09/22 21:50:42.699, 2, 88649, 97871
2026/09/22 21:50:42.699, 3, 88649, 97871
2026/09/22 21:50:42.899, 0, 88649, 97871
2026/09/22 21:50:42.899, 1, 88649, 97871
2026/09/22 21:50:42.899, 2, 88649, 97871
2026/09/22 21:50:42.899, 3, 88649, 97871
2026/09/22 21:50:43.099, 0, 88649, 97871
2026/09/22 21:50:43.099, 1, 88649, 97871
2026/09/22 21:50:43.099, 2, 88649, 97871
2026/09/22 21:50:43.099, 3, 88649, 97871
2026/09/22 21:50:43.299, 0, 88649, 97871
2026/09/22 21:50:43.299, 1, 88649, 97871
2026/09/22 21:50:43.299, 2, 88649, 97871
2026/09/22 21:50:43.299, 3, 88649, 97871
2026/09/22 21:50:43.499, 0, 88649, 97871
2026/09/22 21:50:43.499, 1, 88649, 97871
2026/09/22 21:50:43.499, 2, 88649, 97871
2026/09/22 21:50:43.499, 3, 88649, 97871
2026/09/22 21:50:43.700, 0, 88649, 97871
2026/09/22 21:50:43.700, 1, 88649, 97871
2026/09/22 21:50:43.700, 2, 88649, 97871
2026/09/22 21:50:43.700, 3, 88649, 97871
2026/09/22 21:50:43.900, 0, 88649, 97871
2026/09/22 21:50:43.900, 1, 88649, 97871
2026/09/22 21:50:43.900, 2, 88649, 97871
2026/09/22 21:50:43.900, 3, 88649, 97871
2026/09/22 21:50:44.100, 0, 88649, 97871
2026/09/22 21:50:44.100, 1, 88649, 97871
2026/09/22 21:50:44.100, 2, 88649, 97871
2026/09/22 21:50:44.100, 3, 88649, 97871
2026/09/22 21:50:44.300, 0, 88649, 97871
2026/09/22 21:50:44.300, 1, 88649, 97871
2026/09/22 21:50:44.300, 2, 88649, 97871
2026/09/22 21:50:44.300, 3, 88649, 97871
2026/09/22 21:50:44.501, 0, 88649, 97871
2026/09/22 21:50:44.501, 1, 88649, 97871
2026/09/22 21:50:44.501, 2, 88649, 97871
2026/09/22 21:50:44.501, 3, 88649, 97871
2026/09/22 21:50:44.701, 0, 88649, 97871
2026/09/22 21:50:44.701, 1, 88649, 97871
2026/09/22 21:50:44.701, 2, 88649, 97871
2026/09/22 21:50:44.701, 3, 88649, 97871
2026/09/22 21:50:44.901, 0, 88649, 97871
2026/09/22 21:50:44.901, 1, 88649, 97871
2026/09/22 21:50:44.901, 2, 88649, 97871
2026/09/22 21:50:44.901, 3, 88649, 97871
2026/09/22 21:50:45.101, 0, 88649, 97871
2026/09/22 21:50:45.101, 1, 88649, 97871
2026/09/22 21:50:45.101, 2, 88649, 97871
2026/09/22 21:50:45.101, 3, 88649, 97871
2026/09/22 21:50:45.301, 0, 88649, 97871
2026/09/22 21:50:45.301, 1, 88649, 97871
2026/09/22 21:50:45.301, 2, 88649, 97871
2026/09/22 21:50:45.301, 3, 88649, 97871
2026/09/22 21:50:45.502, 0, 88649, 97871
2026/09/22 21:50:45.502, 1, 88649, 97871
2026/09/22 21:50:45.502, 2, 88649, 97871
2026/09/22 21:50:45.502, 3, 88649, 97871
2026/09/22 21:50:45.702, 0, 88649, 97871
2026/09/22 21:50:45.702, 1, 88649, 97871
2026/09/22 21:50:45.702, 2, 88649, 97871
2026/09/22 21:50:45.702, 3, 88649, 97871
2026/09/22 21:50:45.902, 0, 88649, 97871
2026/09/22 21:50:45.902, 1, 88649, 97871
2026/09/22 21:50:45.902, 2, 88649, 97871
2026/09/22 21:50:45.902, 3, 88649, 97871
2026/09/22 21:50:46.102, 0, 88649, 97871
2026/09/22 21:50:46.102, 1, 88649, 97871
2026/09/22 21:50:46.103, 2, 88649, 97871
2026/09/22 21:50:46.103, 3, 88649, 97871
2026/09/22 21:50:46.303, 0, 88649, 97871
2026/09/22 21:50:46.303, 1, 88649, 97871
2026/09/22 21:50:46.303, 2, 88649, 97871
2026/09/22 21:50:46.303, 3, 88649, 97871
2026/09/22 21:50:46.503, 0, 88649, 97871
2026/09/22 21:50:46.503, 1, 88649, 97871
2026/09/22 21:50:46.503, 2, 88649, 97871
2026/09/22 21:50:46.503, 3, 88649, 97871
2026/09/22 21:50:46.703, 0, 88649, 97871
2026/09/22 21:50:46.703, 1, 88649, 97871
2026/09/22 21:50:46.703, 2, 88649, 97871
2026/09/22 21:50:46.703, 3, 88649, 97871
2026/09/22 21:50:46.903, 0, 88649, 97871
2026/09/22 21:50:46.903, 1, 88649, 97871
2026/09/22 21:50:46.903, 2, 88649, 97871
2026/09/22 21:50:46.903, 3, 88649, 97871
2026/09/22 21:50:47.103, 0, 88649, 97871
2026/09/22 21:50:47.104, 1, 88649, 97871
2026/09/22 21:50:47.104, 2, 88649, 97871
2026/09/22 21:50:47.104, 3, 88649, 97871
2026/09/22 21:50:47.304, 0, 88649, 97871
2026/09/22 21:50:47.304, 1, 88649, 97871
2026/09/22 21:50:47.304, 2, 88649, 97871
2026/09/22 21:50:47.304, 3, 88649, 97871
2026/09/22 21:50:47.504, 0, 88649, 97871
2026/09/22 21:50:47.504, 1, 88649, 97871
2026/09/22 21:50:47.504, 2, 88649, 97871
2026/09/22 21:50:47.504, 3, 88649, 97871
2026/09/22 21:50:47.704, 0, 88649, 97871
2026/09/22 21:50:47.704, 1, 88649, 97871
2026/09/22 21:50:47.704, 2, 88649, 97871
2026/09/22 21:50:47.704, 3, 88649, 97871
2026/09/22 21:50:47.904, 0, 88649, 97871
2026/09/22 21:50:47.904, 1, 88649, 97871
2026/09/22 21:50:47.905, 2, 88649, 97871
2026/09/22 21:50:47.905, 3, 88649, 97871
2026/09/22 21:50:48.105, 0, 88649, 97871
2026/09/22 21:50:48.105, 1, 88649, 97871
2026/09/22 21:50:48.105, 2, 88649, 97871
2026/09/22 21:50:48.105, 3, 88649, 97871
2026/09/22 21:50:48.305, 0, 88649, 97871
2026/09/22 21:50:48.305, 1, 88649, 97871
2026/09/22 21:50:48.305, 2, 88649, 97871
2026/09/22 21:50:48.305, 3, 88649, 97871
2026/09/22 21:50:48.505, 0, 88649, 97871
2026/09/22 21:50:48.505, 1, 88649, 97871
2026/09/22 21:50:48.505, 2, 88649, 97871
2026/09/22 21:50:48.505, 3, 88649, 97871
2026/09/22 21:50:48.705, 0, 88649, 97871
2026/09/22 21:50:48.705, 1, 88649, 97871
2026/09/22 21:50:48.705, 2, 88649, 97871
2026/09/22 21:50:48.705, 3, 88649, 97871
2026/09/22 21:50:48.906, 0, 88649, 97871
2026/09/22 21:50:48.906, 1, 88649, 97871
2026/09/22 21:50:48.906, 2, 88649, 97871
2026/09/22 21:50:48.906, 3, 88649, 97871
2026/09/22 21:50:49.106, 0, 88649, 97871
2026/09/22 21:50:49.106, 1, 88649, 97871
2026/09/22 21:50:49.106, 2, 88649, 97871
2026/09/22 21:50:49.106, 3, 88649, 97871
2026/09/22 21:50:49.306, 0, 88649, 97871
2026/09/22 21:50:49.306, 1, 88649, 97871
2026/09/22 21:50:49.306, 2, 88649, 97871
2026/09/22 21:50:49.306, 3, 88649, 97871
2026/09/22 21:50:49.506, 0, 88649, 97871
2026/09/22 21:50:49.506, 1, 88649, 97871
2026/09/22 21:50:49.506, 2, 88649, 97871
2026/09/22 21:50:49.506, 3, 88649, 97871
2026/09/22 21:50:49.706, 0, 88649, 97871
2026/09/22 21:50:49.707, 1, 88649, 97871
2026/09/22 21:50:49.707, 2, 88649, 97871
2026/09/22 21:50:49.707, 3, 88649, 97871
2026/09/22 21:50:49.907, 0, 88649, 97871
2026/09/22 21:50:49.907, 1, 88649, 97871
2026/09/22 21:50:49.907, 2, 88649, 97871
2026/09/22 21:50:49.907, 3, 88649, 97871
2026/09/22 21:50:50.107, 0, 88649, 97871
2026/09/22 21:50:50.107, 1, 88649, 97871
2026/09/22 21:50:50.107, 2, 88649, 97871
2026/09/22 21:50:50.107, 3, 88649, 97871
2026/09/22 21:50:50.307, 0, 88649, 97871
2026/09/22 21:50:50.307, 1, 88649, 97871
2026/09/22 21:50:50.307, 2, 88649, 97871
2026/09/22 21:50:50.307, 3, 88649, 97871
2026/09/22 21:50:50.507, 0, 88649, 97871
2026/09/22 21:50:50.507, 1, 88649, 97871
2026/09/22 21:50:50.507, 2, 88649, 97871
2026/09/22 21:50:50.507, 3, 88649, 97871
2026/09/22 21:50:50.708, 0, 88649, 97871
2026/09/22 21:50:50.708, 1, 88649, 97871
2026/09/22 21:50:50.708, 2, 88649, 97871
2026/09/22 21:50:50.708, 3, 88649, 97871
2026/09/22 21:50:50.908, 0, 88649, 97871
2026/09/22 21:50:50.908, 1, 88649, 97871
2026/09/22 21:50:50.908, 2, 88649, 97871
2026/09/22 21:50:50.908, 3, 88649, 97871
2026/09/22 21:50:51.108, 0, 88649, 97871
2026/09/22 21:50:51.108, 1, 88649, 97871
2026/09/22 21:50:51.108, 2, 88649, 97871
2026/09/22 21:50:51.108, 3, 88649, 97871
2026/09/22 21:50:51.308, 0, 88649, 97871
2026/09/22 21:50:51.308, 1, 88649, 97871
2026/09/22 21:50:51.308, 2, 88649, 97871
2026/09/22 21:50:51.308, 3, 88649, 97871
2026/09/22 21:50:51.509, 0, 88649, 97871
2026/09/22 21:50:51.509, 1, 88649, 97871
2026/09/22 21:50:51.509, 2, 88649, 97871
2026/09/22 21:50:51.509, 3, 88649, 97871
2026/09/22 21:50:51.709, 0, 88649, 97871
2026/09/22 21:50:51.709, 1, 88649, 97871
2026/09/22 21:50:51.709, 2, 88649, 97871
2026/09/22 21:50:51.709, 3, 88649, 97871
2026/09/22 21:50:51.909, 0, 88649, 97871
2026/09/22 21:50:51.909, 1, 88649, 97871
2026/09/22 21:50:51.909, 2, 88649, 97871
2026/09/22 21:50:51.909, 3, 88649, 97871
2026/09/22 21:50:52.109, 0, 88649, 97871
2026/09/22 21:50:52.109, 1, 88649, 97871
2026/09/22 21:50:52.109, 2, 88649, 97871
2026/09/22 21:50:52.109, 3, 88649, 97871
2026/09/22 21:50:52.310, 0, 88649, 97871
2026/09/22 21:50:52.310, 1, 88649, 97871
2026/09/22 21:50:52.310, 2, 88649, 97871
2026/09/22 21:50:52.310, 3, 88649, 97871
2026/09/22 21:50:52.510, 0, 88649, 97871
2026/09/22 21:50:52.510, 1, 88649, 97871
2026/09/22 21:50:52.510, 2, 88649, 97871
2026/09/22 21:50:52.510, 3, 88649, 97871
2026/09/22 21:50:52.710, 0, 88649, 97871
2026/09/22 21:50:52.710, 1, 88649, 97871
2026/09/22 21:50:52.710, 2, 88649, 97871
2026/09/22 21:50:52.710, 3, 88649, 97871
2026/09/22 21:50:52.910, 0, 88649, 97871
2026/09/22 21:50:52.910, 1, 88649, 97871
2026/09/22 21:50:52.910, 2, 88649, 97871
2026/09/22 21:50:52.910, 3, 88649, 97871
2026/09/22 21:50:53.110, 0, 88649, 97871
2026/09/22 21:50:53.110, 1, 88649, 97871
2026/09/22 21:50:53.111, 2, 88649, 97871
2026/09/22 21:50:53.111, 3, 88649, 97871
2026/09/22 21:50:53.311, 0, 88649, 97871
2026/09/22 21:50:53.311, 1, 88649, 97871
2026/09/22 21:50:53.311, 2, 88649, 97871
2026/09/22 21:50:53.311, 3, 88649, 97871
2026/09/22 21:50:53.511, 0, 88649, 97871
2026/09/22 21:50:53.511, 1, 88649, 97871
2026/09/22 21:50:53.511, 2, 88649, 97871
2026/09/22 21:50:53.511, 3, 88649, 97871
2026/09/22 21:50:53.711, 0, 88649, 97871
2026/09/22 21:50:53.711, 1, 88649, 97871
2026/09/22 21:50:53.711, 2, 88649, 97871
2026/09/22 21:50:53.711, 3, 88649, 97871
2026/09/22 21:50:53.911, 0, 88649, 97871
2026/09/22 21:50:53.911, 1, 88649, 97871
2026/09/22 21:50:53.911, 2, 88649, 97871
2026/09/22 21:50:53.911, 3, 88649, 97871
2026/09/22 21:50:54.111, 0, 88649, 97871
2026/09/22 21:50:54.112, 1, 88649, 97871
2026/09/22 21:50:54.112, 2, 88649, 97871
2026/09/22 21:50:54.112, 3, 88649, 97871
2026/09/22 21:50:54.312, 0, 88649, 97871
2026/09/22 21:50:54.312, 1, 88649, 97871
2026/09/22 21:50:54.312, 2, 88649, 97871
2026/09/22 21:50:54.312, 3, 88649, 97871
2026/09/22 21:50:54.512, 0, 88649, 97871
2026/09/22 21:50:54.512, 1, 88649, 97871
2026/09/22 21:50:54.512, 2, 88649, 97871
2026/09/22 21:50:54.512, 3, 88649, 97871
2026/09/22 21:50:54.712, 0, 88649, 97871
2026/09/22 21:50:54.712, 1, 88649, 97871
2026/09/22 21:50:54.712, 2, 88649, 97871
2026/09/22 21:50:54.712, 3, 88649, 97871
2026/09/22 21:50:54.912, 0, 88649, 97871
2026/09/22 21:50:54.912, 1, 88649, 97871
2026/09/22 21:50:54.912, 2, 88649, 97871
2026/09/22 21:50:54.912, 3, 88649, 97871
2026/09/22 21:50:55.113, 0, 88649, 97871
2026/09/22 21:50:55.113, 1, 88649, 97871
2026/09/22 21:50:55.113, 2, 88649, 97871
2026/09/22 21:50:55.113, 3, 88649, 97871
2026/09/22 21:50:55.313, 0, 88649, 97871
2026/09/22 21:50:55.313, 1, 88649, 97871
2026/09/22 21:50:55.313, 2, 88649, 97871
2026/09/22 21:50:55.313, 3, 88649, 97871
2026/09/22 21:50:55.513, 0, 88649, 97871
2026/09/22 21:50:55.513, 1, 88649, 97871
2026/09/22 21:50:55.513, 2, 88649, 97871
2026/09/22 21:50:55.513, 3, 88649, 97871
2026/09/22 21:50:55.713, 0, 88649, 97871
2026/09/22 21:50:55.713, 1, 88649, 97871
2026/09/22 21:50:55.713, 2, 88649, 97871
2026/09/22 21:50:55.713, 3, 88649, 97871
2026/09/22 21:50:55.913, 0, 88649, 97871
2026/09/22 21:50:55.914, 1, 88649, 97871
2026/09/22 21:50:55.914, 2, 88649, 97871
2026/09/22 21:50:55.914, 3, 88649, 97871
2026/09/22 21:50:56.114, 0, 88649, 97871
2026/09/22 21:50:56.114, 1, 88649, 97871
2026/09/22 21:50:56.114, 2, 88649, 97871
2026/09/22 21:50:56.114, 3, 88649, 97871
2026/09/22 21:50:56.314, 0, 88649, 97871
2026/09/22 21:50:56.314, 1, 88649, 97871
2026/09/22 21:50:56.314, 2, 88649, 97871
2026/09/22 21:50:56.314, 3, 88649, 97871
2026/09/22 21:50:56.514, 0, 88649, 97871
2026/09/22 21:50:56.514, 1, 88649, 97871
2026/09/22 21:50:56.514, 2, 88649, 97871
2026/09/22 21:50:56.514, 3, 88649, 97871
2026/09/22 21:50:56.714, 0, 88649, 97871
2026/09/22 21:50:56.714, 1, 88649, 97871
2026/09/22 21:50:56.715, 2, 88649, 97871
2026/09/22 21:50:56.715, 3, 88649, 97871
2026/09/22 21:50:56.915, 0, 88649, 97871
2026/09/22 21:50:56.915, 1, 88649, 97871
2026/09/22 21:50:56.915, 2, 88649, 97871
2026/09/22 21:50:56.915, 3, 88649, 97871
2026/09/22 21:50:57.115, 0, 88649, 97871
2026/09/22 21:50:57.115, 1, 88649, 97871
2026/09/22 21:50:57.115, 2, 88649, 97871
2026/09/22 21:50:57.115, 3, 88649, 97871
2026/09/22 21:50:57.315, 0, 88649, 97871
2026/09/22 21:50:57.315, 1, 88649, 97871
2026/09/22 21:50:57.315, 2, 88649, 97871
2026/09/22 21:50:57.315, 3, 88649, 97871
2026/09/22 21:50:57.515, 0, 88649, 97871
2026/09/22 21:50:57.515, 1, 88649, 97871
2026/09/22 21:50:57.515, 2, 88649, 97871
2026/09/22 21:50:57.515, 3, 88649, 97871
2026/09/22 21:50:57.716, 0, 88649, 97871
2026/09/22 21:50:57.716, 1, 88649, 97871
2026/09/22 21:50:57.716, 2, 88649, 97871
2026/09/22 21:50:57.716, 3, 88649, 97871
2026/09/22 21:50:57.916, 0, 88649, 97871
2026/09/22 21:50:57.916, 1, 88649, 97871
2026/09/22 21:50:57.916, 2, 88649, 97871
2026/09/22 21:50:57.916, 3, 88649, 97871
2026/09/22 21:50:58.116, 0, 88649, 97871
2026/09/22 21:50:58.116, 1, 88649, 97871
2026/09/22 21:50:58.116, 2, 88649, 97871
2026/09/22 21:50:58.116, 3, 88649, 97871
2026/09/22 21:50:58.316, 0, 88649, 97871
2026/09/22 21:50:58.316, 1, 88649, 97871
2026/09/22 21:50:58.316, 2, 88649, 97871
2026/09/22 21:50:58.316, 3, 88649, 97871
2026/09/22 21:50:58.516, 0, 88649, 97871
2026/09/22 21:50:58.516, 1, 88649, 97871
2026/09/22 21:50:58.517, 2, 88649, 97871
2026/09/22 21:50:58.517, 3, 88649, 97871
2026/09/22 21:50:58.717, 0, 88649, 97871
2026/09/22 21:50:58.717, 1, 88649, 97871
2026/09/22 21:50:58.717, 2, 88649, 97871
2026/09/22 21:50:58.717, 3, 88649, 97871
2026/09/22 21:50:58.917, 0, 88649, 97871
2026/09/22 21:50:58.917, 1, 88649, 97871
2026/09/22 21:50:58.917, 2, 88649, 97871
2026/09/22 21:50:58.917, 3, 88649, 97871
2026/09/22 21:50:59.117, 0, 88649, 97871
2026/09/22 21:50:59.117, 1, 88649, 97871
2026/09/22 21:50:59.117, 2, 88649, 97871
2026/09/22 21:50:59.117, 3, 88649, 97871
2026/09/22 21:50:59.317, 0, 88649, 97871
2026/09/22 21:50:59.317, 1, 88649, 97871
2026/09/22 21:50:59.317, 2, 88649, 97871
2026/09/22 21:50:59.317, 3, 88649, 97871
2026/09/22 21:50:59.518, 0, 88649, 97871
2026/09/22 21:50:59.518, 1, 88649, 97871
2026/09/22 21:50:59.518, 2, 88649, 97871
2026/09/22 21:50:59.518, 3, 88649, 97871
2026/09/22 21:50:59.718, 0, 88649, 97871
2026/09/22 21:50:59.718, 1, 88649, 97871
2026/09/22 21:50:59.718, 2, 88649, 97871
2026/09/22 21:50:59.718, 3, 88649, 97871
2026/09/22 21:50:59.918, 0, 88649, 97871
2026/09/22 21:50:59.918, 1, 88649, 97871
2026/09/22 21:50:59.918, 2, 88649, 97871
2026/09/22 21:50:59.918, 3, 88649, 97871
2026/09/22 21:51:00.118, 0, 88649, 97871
2026/09/22 21:51:00.118, 1, 88649, 97871
2026/09/22 21:51:00.118, 2, 88649, 97871
2026/09/22 21:51:00.118, 3, 88649, 97871
2026/09/22 21:51:00.318, 0, 88649, 97871
2026/09/22 21:51:00.319, 1, 88649, 97871
2026/09/22 21:51:00.319, 2, 88649, 97871
2026/09/22 21:51:00.319, 3, 88649, 97871
2026/09/22 21:51:00.519, 0, 88649, 97871
2026/09/22 21:51:00.519, 1, 88649, 97871
2026/09/22 21:51:00.519, 2, 88649, 97871
2026/09/22 21:51:00.519, 3, 88649, 97871
2026/09/22 21:51:00.719, 0, 88649, 97871
2026/09/22 21:51:00.719, 1, 88649, 97871
2026/09/22 21:51:00.719, 2, 88649, 97871
2026/09/22 21:51:00.719, 3, 88649, 97871
2026/09/22 21:51:00.919, 0, 88649, 97871
2026/09/22 21:51:00.919, 1, 88649, 97871
2026/09/22 21:51:00.919, 2, 88649, 97871
2026/09/22 21:51:00.919, 3, 88649, 97871
2026/09/22 21:51:01.119, 0, 88649, 97871
2026/09/22 21:51:01.119, 1, 88649, 97871
2026/09/22 21:51:01.120, 2, 88649, 97871
2026/09/22 21:51:01.120, 3, 88649, 97871
2026/09/22 21:51:01.320, 0, 88649, 97871
2026/09/22 21:51:01.320, 1, 88649, 97871
2026/09/22 21:51:01.320, 2, 88649, 97871
2026/09/22 21:51:01.320, 3, 88649, 97871
2026/09/22 21:51:01.520, 0, 88649, 97871
2026/09/22 21:51:01.520, 1, 88649, 97871
2026/09/22 21:51:01.520, 2, 88649, 97871
2026/09/22 21:51:01.520, 3, 88649, 97871
2026/09/22 21:51:01.720, 0, 88649, 97871
2026/09/22 21:51:01.720, 1, 88649, 97871
2026/09/22 21:51:01.720, 2, 88649, 97871
2026/09/22 21:51:01.720, 3, 88649, 97871
2026/09/22 21:51:01.920, 0, 88649, 97871
2026/09/22 21:51:01.920, 1, 88649, 97871
2026/09/22 21:51:01.921, 2, 88649, 97871
2026/09/22 21:51:01.921, 3, 88649, 97871
2026/09/22 21:51:02.121, 0, 88649, 97871
2026/09/22 21:51:02.121, 1, 88649, 97871
2026/09/22 21:51:02.121, 2, 88649, 97871
2026/09/22 21:51:02.121, 3, 88649, 97871
2026/09/22 21:51:02.321, 0, 88649, 97871
2026/09/22 21:51:02.321, 1, 88649, 97871
2026/09/22 21:51:02.321, 2, 88649, 97871
2026/09/22 21:51:02.321, 3, 88649, 97871
2026/09/22 21:51:02.521, 0, 88649, 97871
2026/09/22 21:51:02.521, 1, 88649, 97871
2026/09/22 21:51:02.521, 2, 88649, 97871
2026/09/22 21:51:02.521, 3, 88649, 97871
2026/09/22 21:51:02.721, 0, 88649, 97871
2026/09/22 21:51:02.721, 1, 88649, 97871
2026/09/22 21:51:02.721, 2, 88649, 97871
2026/09/22 21:51:02.721, 3, 88649, 97871
2026/09/22 21:51:02.922, 0, 88649, 97871
2026/09/22 21:51:02.922, 1, 88649, 97871
2026/09/22 21:51:02.922, 2, 88649, 97871
2026/09/22 21:51:02.922, 3, 88649, 97871
2026/09/22 21:51:03.122, 0, 88649, 97871
2026/09/22 21:51:03.122, 1, 88649, 97871
2026/09/22 21:51:03.122, 2, 88649, 97871
2026/09/22 21:51:03.122, 3, 88649, 97871
2026/09/22 21:51:03.322, 0, 88649, 97871
2026/09/22 21:51:03.322, 1, 88649, 97871
2026/09/22 21:51:03.322, 2, 88649, 97871
2026/09/22 21:51:03.322, 3, 88649, 97871
2026/09/22 21:51:03.522, 0, 88649, 97871
2026/09/22 21:51:03.522, 1, 88649, 97871
2026/09/22 21:51:03.522, 2, 88649, 97871
2026/09/22 21:51:03.522, 3, 88649, 97871
2026/09/22 21:51:03.723, 0, 88649, 97871
2026/09/22 21:51:03.723, 1, 88649, 97871
2026/09/22 21:51:03.723, 2, 88649, 97871
2026/09/22 21:51:03.723, 3, 88649, 97871
2026/09/22 21:51:03.923, 0, 88649, 97871
2026/09/22 21:51:03.923, 1, 88649, 97871
2026/09/22 21:51:03.923, 2, 88649, 97871
2026/09/22 21:51:03.923, 3, 88649, 97871
2026/09/22 21:51:04.123, 0, 88649, 97871
2026/09/22 21:51:04.123, 1, 88649, 97871
2026/09/22 21:51:04.123, 2, 88649, 97871
2026/09/22 21:51:04.123, 3, 88649, 97871
2026/09/22 21:51:04.323, 0, 88649, 97871
2026/09/22 21:51:04.323, 1, 88649, 97871
2026/09/22 21:51:04.323, 2, 88649, 97871
2026/09/22 21:51:04.323, 3, 88649, 97871
2026/09/22 21:51:04.523, 0, 88649, 97871
2026/09/22 21:51:04.523, 1, 88649, 97871
2026/09/22 21:51:04.523, 2, 88649, 97871
2026/09/22 21:51:04.524, 3, 88649, 97871
2026/09/22 21:51:04.724, 0, 88649, 97871
2026/09/22 21:51:04.724, 1, 88649, 97871
2026/09/22 21:51:04.724, 2, 88649, 97871
2026/09/22 21:51:04.724, 3, 88649, 97871
2026/09/22 21:51:04.924, 0, 88649, 97871
2026/09/22 21:51:04.924, 1, 88649, 97871
2026/09/22 21:51:04.924, 2, 88649, 97871
2026/09/22 21:51:04.924, 3, 88649, 97871
2026/09/22 21:51:05.124, 0, 88649, 97871
2026/09/22 21:51:05.124, 1, 88649, 97871
2026/09/22 21:51:05.124, 2, 88649, 97871
2026/09/22 21:51:05.124, 3, 88649, 97871
2026/09/22 21:51:05.324, 0, 88649, 97871
2026/09/22 21:51:05.324, 1, 88649, 97871
2026/09/22 21:51:05.324, 2, 88649, 97871
2026/09/22 21:51:05.324, 3, 88649, 97871
2026/09/22 21:51:05.524, 0, 88649, 97871
2026/09/22 21:51:05.524, 1, 88649, 97871
2026/09/22 21:51:05.524, 2, 88649, 97871
2026/09/22 21:51:05.525, 3, 88649, 97871
2026/09/22 21:51:05.725, 0, 88649, 97871
2026/09/22 21:51:05.725, 1, 88649, 97871
2026/09/22 21:51:05.725, 2, 88649, 97871
2026/09/22 21:51:05.725, 3, 88649, 97871
2026/09/22 21:51:05.925, 0, 88649, 97871
2026/09/22 21:51:05.925, 1, 88649, 97871
2026/09/22 21:51:05.925, 2, 88649, 97871
2026/09/22 21:51:05.925, 3, 88649, 97871
2026/09/22 21:51:06.125, 0, 88649, 97871
2026/09/22 21:51:06.125, 1, 88649, 97871
2026/09/22 21:51:06.125, 2, 88649, 97871
2026/09/22 21:51:06.125, 3, 88649, 97871
2026/09/22 21:51:06.325, 0, 88649, 97871
2026/09/22 21:51:06.325, 1, 88649, 97871
2026/09/22 21:51:06.325, 2, 88649, 97871
2026/09/22 21:51:06.325, 3, 88649, 97871
2026/09/22 21:51:06.525, 0, 88649, 97871
2026/09/22 21:51:06.525, 1, 88649, 97871
2026/09/22 21:51:06.525, 2, 88649, 97871
2026/09/22 21:51:06.526, 3, 88649, 97871
2026/09/22 21:51:06.726, 0, 88649, 97871
2026/09/22 21:51:06.726, 1, 88649, 97871
2026/09/22 21:51:06.726, 2, 88649, 97871
2026/09/22 21:51:06.726, 3, 88649, 97871
2026/09/22 21:51:06.926, 0, 88649, 97871
2026/09/22 21:51:06.926, 1, 88649, 97871
2026/09/22 21:51:06.926, 2, 88649, 97871
2026/09/22 21:51:06.926, 3, 88649, 97871
2026/09/22 21:51:07.126, 0, 88649, 97871
2026/09/22 21:51:07.126, 1, 88649, 97871
2026/09/22 21:51:07.126, 2, 88649, 97871
2026/09/22 21:51:07.126, 3, 88649, 97871
2026/09/22 21:51:07.326, 0, 88649, 97871
2026/09/22 21:51:07.327, 1, 88649, 97871
2026/09/22 21:51:07.327, 2, 88649, 97871
2026/09/22 21:51:07.327, 3, 88649, 97871
2026/09/22 21:51:07.527, 0, 88649, 97871
2026/09/22 21:51:07.527, 1, 88649, 97871
2026/09/22 21:51:07.527, 2, 88649, 97871
2026/09/22 21:51:07.527, 3, 88649, 97871
2026/09/22 21:51:07.727, 0, 88649, 97871
2026/09/22 21:51:07.727, 1, 88649, 97871
2026/09/22 21:51:07.727, 2, 88649, 97871
2026/09/22 21:51:07.727, 3, 88649, 97871
2026/09/22 21:51:07.927, 0, 88649, 97871
2026/09/22 21:51:07.927, 1, 88649, 97871
2026/09/22 21:51:07.927, 2, 88649, 97871
2026/09/22 21:51:07.927, 3, 88649, 97871
2026/09/22 21:51:08.127, 0, 88649, 97871
2026/09/22 21:51:08.127, 1, 88649, 97871
2026/09/22 21:51:08.127, 2, 88649, 97871
2026/09/22 21:51:08.127, 3, 88649, 97871
2026/09/22 21:51:08.328, 0, 88649, 97871
2026/09/22 21:51:08.328, 1, 88649, 97871
2026/09/22 21:51:08.328, 2, 88649, 97871
2026/09/22 21:51:08.328, 3, 88649, 97871
2026/09/22 21:51:08.528, 0, 88649, 97871
2026/09/22 21:51:08.528, 1, 88649, 97871
2026/09/22 21:51:08.528, 2, 88649, 97871
2026/09/22 21:51:08.528, 3, 88649, 97871
2026/09/22 21:51:08.728, 0, 88649, 97871
2026/09/22 21:51:08.728, 1, 88649, 97871
2026/09/22 21:51:08.728, 2, 88649, 97871
2026/09/22 21:51:08.728, 3, 88649, 97871
2026/09/22 21:51:08.928, 0, 88649, 97871
2026/09/22 21:51:08.928, 1, 88649, 97871
2026/09/22 21:51:08.928, 2, 88649, 97871
2026/09/22 21:51:08.928, 3, 88649, 97871
2026/09/22 21:51:09.128, 0, 88649, 97871
2026/09/22 21:51:09.129, 1, 88649, 97871
2026/09/22 21:51:09.129, 2, 88649, 97871
2026/09/22 21:51:09.129, 3, 88649, 97871
2026/09/22 21:51:09.329, 0, 88649, 97871
2026/09/22 21:51:09.329, 1, 88649, 97871
2026/09/22 21:51:09.329, 2, 88649, 97871
2026/09/22 21:51:09.329, 3, 88649, 97871
2026/09/22 21:51:09.529, 0, 88649, 97871
2026/09/22 21:51:09.529, 1, 88649, 97871
2026/09/22 21:51:09.529, 2, 88649, 97871
2026/09/22 21:51:09.529, 3, 88649, 97871
2026/09/22 21:51:09.729, 0, 88649, 97871
2026/09/22 21:51:09.729, 1, 88649, 97871
2026/09/22 21:51:09.729, 2, 88649, 97871
2026/09/22 21:51:09.729, 3, 88649, 97871
2026/09/22 21:51:09.929, 0, 88649, 97871
2026/09/22 21:51:09.929, 1, 88649, 97871
2026/09/22 21:51:09.929, 2, 88649, 97871
2026/09/22 21:51:09.930, 3, 88649, 97871
2026/09/22 21:51:10.130, 0, 88649, 97871
2026/09/22 21:51:10.130, 1, 88649, 97871
2026/09/22 21:51:10.130, 2, 88649, 97871
2026/09/22 21:51:10.130, 3, 88649, 97871
2026/09/22 21:51:10.330, 0, 88649, 97871
2026/09/22 21:51:10.330, 1, 88649, 97871
2026/09/22 21:51:10.330, 2, 88649, 97871
2026/09/22 21:51:10.330, 3, 88649, 97871
2026/09/22 21:51:10.530, 0, 88649, 97871
2026/09/22 21:51:10.530, 1, 88649, 97871
2026/09/22 21:51:10.530, 2, 88649, 97871
2026/09/22 21:51:10.530, 3, 88649, 97871
2026/09/22 21:51:10.730, 0, 88649, 97871
2026/09/22 21:51:10.730, 1, 88649, 97871
2026/09/22 21:51:10.730, 2, 88649, 97871
2026/09/22 21:51:10.730, 3, 88649, 97871
2026/09/22 21:51:10.930, 0, 88649, 97871
2026/09/22 21:51:10.930, 1, 88649, 97871
2026/09/22 21:51:10.930, 2, 88649, 97871
2026/09/22 21:51:10.931, 3, 88649, 97871
2026/09/22 21:51:11.131, 0, 88649, 97871
2026/09/22 21:51:11.131, 1, 88649, 97871
2026/09/22 21:51:11.131, 2, 88649, 97871
2026/09/22 21:51:11.131, 3, 88649, 97871
2026/09/22 21:51:11.331, 0, 88649, 97871
2026/09/22 21:51:11.331, 1, 88649, 97871
2026/09/22 21:51:11.331, 2, 88649, 97871
2026/09/22 21:51:11.331, 3, 88649, 97871
2026/09/22 21:51:11.531, 0, 88649, 97871
2026/09/22 21:51:11.531, 1, 88649, 97871
2026/09/22 21:51:11.531, 2, 88649, 97871
2026/09/22 21:51:11.531, 3, 88649, 97871
2026/09/22 21:51:11.731, 0, 88649, 97871
2026/09/22 21:51:11.731, 1, 88649, 97871
2026/09/22 21:51:11.731, 2, 88649, 97871
2026/09/22 21:51:11.731, 3, 88649, 97871
2026/09/22 21:51:11.932, 0, 88649, 97871
2026/09/22 21:51:11.932, 1, 88649, 97871
2026/09/22 21:51:11.932, 2, 88649, 97871
2026/09/22 21:51:11.932, 3, 88649, 97871
2026/09/22 21:51:12.132, 0, 88649, 97871
2026/09/22 21:51:12.132, 1, 88649, 97871
2026/09/22 21:51:12.132, 2, 88649, 97871
2026/09/22 21:51:12.132, 3, 88649, 97871
2026/09/22 21:51:12.332, 0, 88649, 97871
2026/09/22 21:51:12.332, 1, 88649, 97871
2026/09/22 21:51:12.332, 2, 88649, 97871
2026/09/22 21:51:12.332, 3, 88649, 97871
2026/09/22 21:51:12.532, 0, 88649, 97871
2026/09/22 21:51:12.532, 1, 88649, 97871
2026/09/22 21:51:12.532, 2, 88649, 97871
2026/09/22 21:51:12.532, 3, 88649, 97871
2026/09/22 21:51:12.733, 0, 88649, 97871
2026/09/22 21:51:12.733, 1, 88649, 97871
2026/09/22 21:51:12.733, 2, 88649, 97871
2026/09/22 21:51:12.733, 3, 88649, 97871
2026/09/22 21:51:12.933, 0, 88649, 97871
2026/09/22 21:51:12.933, 1, 88649, 97871
2026/09/22 21:51:12.933, 2, 88649, 97871
2026/09/22 21:51:12.933, 3, 88649, 97871
2026/09/22 21:51:13.133, 0, 88649, 97871
2026/09/22 21:51:13.133, 1, 88649, 97871
2026/09/22 21:51:13.133, 2, 88649, 97871
2026/09/22 21:51:13.133, 3, 88649, 97871
2026/09/22 21:51:13.333, 0, 88649, 97871
2026/09/22 21:51:13.333, 1, 88649, 97871
2026/09/22 21:51:13.333, 2, 88649, 97871
2026/09/22 21:51:13.333, 3, 88649, 97871
2026/09/22 21:51:13.533, 0, 88649, 97871
2026/09/22 21:51:13.534, 1, 88649, 97871
2026/09/22 21:51:13.534, 2, 88649, 97871
2026/09/22 21:51:13.534, 3, 88649, 97871
2026/09/22 21:51:13.734, 0, 88649, 97871
2026/09/22 21:51:13.734, 1, 88649, 97871
2026/09/22 21:51:13.734, 2, 88649, 97871
2026/09/22 21:51:13.734, 3, 88649, 97871
2026/09/22 21:51:13.934, 0, 88649, 97871
2026/09/22 21:51:13.934, 1, 88649, 97871
2026/09/22 21:51:13.934, 2, 88649, 97871
2026/09/22 21:51:13.934, 3, 88649, 97871
2026/09/22 21:51:14.134, 0, 88649, 97871
2026/09/22 21:51:14.134, 1, 88649, 97871
2026/09/22 21:51:14.134, 2, 88649, 97871
2026/09/22 21:51:14.134, 3, 88649, 97871
2026/09/22 21:51:14.334, 0, 88649, 97871
2026/09/22 21:51:14.334, 1, 88649, 97871
2026/09/22 21:51:14.334, 2, 88649, 97871
2026/09/22 21:51:14.334, 3, 88649, 97871
2026/09/22 21:51:14.534, 0, 88649, 97871
2026/09/22 21:51:14.535, 1, 88649, 97871
2026/09/22 21:51:14.535, 2, 88649, 97871
2026/09/22 21:51:14.535, 3, 88649, 97871
2026/09/22 21:51:14.735, 0, 88649, 97871
2026/09/22 21:51:14.735, 1, 88649, 97871
2026/09/22 21:51:14.735, 2, 88649, 97871
2026/09/22 21:51:14.735, 3, 88649, 97871
2026/09/22 21:51:14.935, 0, 88649, 97871
2026/09/22 21:51:14.935, 1, 88649, 97871
2026/09/22 21:51:14.935, 2, 88649, 97871
2026/09/22 21:51:14.935, 3, 88649, 97871
2026/09/22 21:51:15.135, 0, 88649, 97871
2026/09/22 21:51:15.135, 1, 88649, 97871
2026/09/22 21:51:15.135, 2, 88649, 97871
2026/09/22 21:51:15.135, 3, 88649, 97871
2026/09/22 21:51:15.335, 0, 88649, 97871
2026/09/22 21:51:15.335, 1, 88649, 97871
2026/09/22 21:51:15.335, 2, 88649, 97871
2026/09/22 21:51:15.335, 3, 88649, 97871
2026/09/22 21:51:15.536, 0, 88649, 97871
2026/09/22 21:51:15.536, 1, 88649, 97871
2026/09/22 21:51:15.536, 2, 88649, 97871
2026/09/22 21:51:15.536, 3, 88649, 97871
2026/09/22 21:51:15.736, 0, 88649, 97871
2026/09/22 21:51:15.736, 1, 88649, 97871
2026/09/22 21:51:15.736, 2, 88649, 97871
2026/09/22 21:51:15.736, 3, 88649, 97871
2026/09/22 21:51:15.936, 0, 88649, 97871
2026/09/22 21:51:15.936, 1, 88649, 97871
2026/09/22 21:51:15.936, 2, 88649, 97871
2026/09/22 21:51:15.936, 3, 88649, 97871
2026/09/22 21:51:16.136, 0, 88649, 97871
2026/09/22 21:51:16.136, 1, 88649, 97871
2026/09/22 21:51:16.136, 2, 88649, 97871
2026/09/22 21:51:16.136, 3, 88649, 97871
2026/09/22 21:51:16.336, 0, 88649, 97871
2026/09/22 21:51:16.337, 1, 88649, 97871
2026/09/22 21:51:16.337, 2, 88649, 97871
2026/09/22 21:51:16.337, 3, 88649, 97871
2026/09/22 21:51:16.537, 0, 88649, 97871
2026/09/22 21:51:16.537, 1, 88649, 97871
2026/09/22 21:51:16.537, 2, 88649, 97871
2026/09/22 21:51:16.537, 3, 88649, 97871
2026/09/22 21:51:16.737, 0, 88649, 97871
2026/09/22 21:51:16.737, 1, 88649, 97871
2026/09/22 21:51:16.737, 2, 88649, 97871
2026/09/22 21:51:16.737, 3, 88649, 97871
2026/09/22 21:51:16.937, 0, 88649, 97871
2026/09/22 21:51:16.937, 1, 88649, 97871
2026/09/22 21:51:16.937, 2, 88649, 97871
2026/09/22 21:51:16.937, 3, 88649, 97871
2026/09/22 21:51:17.137, 0, 88649, 97871
2026/09/22 21:51:17.137, 1, 88649, 97871
2026/09/22 21:51:17.137, 2, 88649, 97871
2026/09/22 21:51:17.137, 3, 88649, 97871
2026/09/22 21:51:17.338, 0, 88649, 97871
2026/09/22 21:51:17.338, 1, 88649, 97871
2026/09/22 21:51:17.338, 2, 88649, 97871
2026/09/22 21:51:17.338, 3, 88649, 97871
2026/09/22 21:51:17.538, 0, 88649, 97871
2026/09/22 21:51:17.538, 1, 88649, 97871
2026/09/22 21:51:17.538, 2, 88649, 97871
2026/09/22 21:51:17.538, 3, 88649, 97871
2026/09/22 21:51:17.738, 0, 88649, 97871
2026/09/22 21:51:17.738, 1, 88649, 97871
2026/09/22 21:51:17.738, 2, 88649, 97871
2026/09/22 21:51:17.738, 3, 88649, 97871
2026/09/22 21:51:17.938, 0, 88649, 97871
2026/09/22 21:51:17.938, 1, 88649, 97871
2026/09/22 21:51:17.938, 2, 88649, 97871
2026/09/22 21:51:17.938, 3, 88649, 97871
2026/09/22 21:51:18.138, 0, 88649, 97871
2026/09/22 21:51:18.139, 1, 88649, 97871
2026/09/22 21:51:18.139, 2, 88649, 97871
2026/09/22 21:51:18.139, 3, 88649, 97871
2026/09/22 21:51:18.339, 0, 88649, 97871
2026/09/22 21:51:18.339, 1, 88649, 97871
2026/09/22 21:51:18.339, 2, 88649, 97871
2026/09/22 21:51:18.339, 3, 88649, 97871
2026/09/22 21:51:18.539, 0, 88649, 97871
2026/09/22 21:51:18.539, 1, 88649, 97871
2026/09/22 21:51:18.539, 2, 88649, 97871
2026/09/22 21:51:18.539, 3, 88649, 97871
2026/09/22 21:51:18.739, 0, 88649, 97871
2026/09/22 21:51:18.739, 1, 88649, 97871
2026/09/22 21:51:18.739, 2, 88649, 97871
2026/09/22 21:51:18.739, 3, 88649, 97871
2026/09/22 21:51:18.939, 0, 88649, 97871
2026/09/22 21:51:18.939, 1, 88649, 97871
2026/09/22 21:51:18.939, 2, 88649, 97871
2026/09/22 21:51:18.940, 3, 88649, 97871
2026/09/22 21:51:19.140, 0, 88649, 97871
2026/09/22 21:51:19.140, 1, 88649, 97871
2026/09/22 21:51:19.140, 2, 88649, 97871
2026/09/22 21:51:19.140, 3, 88649, 97871
2026/09/22 21:51:19.340, 0, 88649, 97871
2026/09/22 21:51:19.340, 1, 88649, 97871
2026/09/22 21:51:19.340, 2, 88649, 97871
2026/09/22 21:51:19.340, 3, 88649, 97871
2026/09/22 21:51:19.540, 0, 88649, 97871
2026/09/22 21:51:19.540, 1, 88649, 97871
2026/09/22 21:51:19.540, 2, 88649, 97871
2026/09/22 21:51:19.540, 3, 88649, 97871
2026/09/22 21:51:19.740, 0, 88649, 97871
2026/09/22 21:51:19.740, 1, 88649, 97871
2026/09/22 21:51:19.741, 2, 88649, 97871
2026/09/22 21:51:19.741, 3, 88649, 97871
2026/09/22 21:51:19.941, 0, 88649, 97871
2026/09/22 21:51:19.941, 1, 88649, 97871
2026/09/22 21:51:19.941, 2, 88649, 97871
2026/09/22 21:51:19.941, 3, 88649, 97871
2026/09/22 21:51:20.141, 0, 88649, 97871
2026/09/22 21:51:20.141, 1, 88649, 97871
2026/09/22 21:51:20.141, 2, 88649, 97871
2026/09/22 21:51:20.141, 3, 88649, 97871
2026/09/22 21:51:20.341, 0, 88649, 97871
2026/09/22 21:51:20.341, 1, 88649, 97871
2026/09/22 21:51:20.341, 2, 88649, 97871
2026/09/22 21:51:20.341, 3, 88649, 97871
2026/09/22 21:51:20.541, 0, 88649, 97871
2026/09/22 21:51:20.541, 1, 88649, 97871
2026/09/22 21:51:20.541, 2, 88649, 97871
2026/09/22 21:51:20.541, 3, 88649, 97871
2026/09/22 21:51:20.741, 0, 88649, 97871
2026/09/22 21:51:20.742, 1, 88649, 97871
2026/09/22 21:51:20.742, 2, 88649, 97871
2026/09/22 21:51:20.742, 3, 88649, 97871
2026/09/22 21:51:20.942, 0, 88649, 97871
2026/09/22 21:51:20.942, 1, 88649, 97871
2026/09/22 21:51:20.942, 2, 88649, 97871
2026/09/22 21:51:20.942, 3, 88649, 97871
2026/09/22 21:51:21.142, 0, 88649, 97871
2026/09/22 21:51:21.142, 1, 88649, 97871
2026/09/22 21:51:21.142, 2, 88649, 97871
2026/09/22 21:51:21.142, 3, 88649, 97871
2026/09/22 21:51:21.342, 0, 88649, 97871
2026/09/22 21:51:21.342, 1, 88649, 97871
2026/09/22 21:51:21.342, 2, 88649, 97871
2026/09/22 21:51:21.342, 3, 88649, 97871
2026/09/22 21:51:21.543, 0, 88649, 97871
2026/09/22 21:51:21.543, 1, 88649, 97871
2026/09/22 21:51:21.543, 2, 88649, 97871
2026/09/22 21:51:21.543, 3, 88649, 97871
2026/09/22 21:51:21.743, 0, 88649, 97871
2026/09/22 21:51:21.743, 1, 88649, 97871
2026/09/22 21:51:21.743, 2, 88649, 97871
2026/09/22 21:51:21.743, 3, 88649, 97871
2026/09/22 21:51:21.943, 0, 88649, 97871
2026/09/22 21:51:21.943, 1, 88649, 97871
2026/09/22 21:51:21.943, 2, 88649, 97871
2026/09/22 21:51:21.943, 3, 88649, 97871
2026/09/22 21:51:22.143, 0, 88649, 97871
2026/09/22 21:51:22.143, 1, 88649, 97871
2026/09/22 21:51:22.143, 2, 88649, 97871
2026/09/22 21:51:22.143, 3, 88649, 97871
2026/09/22 21:51:22.343, 0, 88649, 97871
2026/09/22 21:51:22.344, 1, 88649, 97871
2026/09/22 21:51:22.344, 2, 88649, 97871
2026/09/22 21:51:22.344, 3, 88649, 97871
2026/09/22 21:51:22.544, 0, 88649, 97871
2026/09/22 21:51:22.544, 1, 88649, 97871
2026/09/22 21:51:22.544, 2, 88649, 97871
2026/09/22 21:51:22.544, 3, 88649, 97871
2026/09/22 21:51:22.744, 0, 88649, 97871
2026/09/22 21:51:22.744, 1, 88649, 97871
2026/09/22 21:51:22.744, 2, 88649, 97871
2026/09/22 21:51:22.744, 3, 88649, 97871
2026/09/22 21:51:22.944, 0, 88649, 97871
2026/09/22 21:51:22.944, 1, 88649, 97871
2026/09/22 21:51:22.944, 2, 88649, 97871
2026/09/22 21:51:22.944, 3, 88649, 97871
2026/09/22 21:51:23.144, 0, 88649, 97871
2026/09/22 21:51:23.144, 1, 88649, 97871
2026/09/22 21:51:23.144, 2, 88649, 97871
2026/09/22 21:51:23.144, 3, 88649, 97871
2026/09/22 21:51:23.345, 0, 88649, 97871
2026/09/22 21:51:23.345, 1, 88649, 97871
2026/09/22 21:51:23.345, 2, 88649, 97871
2026/09/22 21:51:23.345, 3, 88649, 97871
2026/09/22 21:51:23.545, 0, 88649, 97871
2026/09/22 21:51:23.545, 1, 88649, 97871
2026/09/22 21:51:23.545, 2, 88649, 97871
2026/09/22 21:51:23.545, 3, 88649, 97871
2026/09/22 21:51:23.745, 0, 88649, 97871
2026/09/22 21:51:23.745, 1, 88649, 97871
2026/09/22 21:51:23.745, 2, 88649, 97871
2026/09/22 21:51:23.745, 3, 88649, 97871
2026/09/22 21:51:23.945, 0, 88649, 97871
2026/09/22 21:51:23.945, 1, 88649, 97871
2026/09/22 21:51:23.945, 2, 88649, 97871
2026/09/22 21:51:23.945, 3, 88649, 97871
2026/09/22 21:51:24.146, 0, 88649, 97871
2026/09/22 21:51:24.146, 1, 88649, 97871
2026/09/22 21:51:24.146, 2, 88649, 97871
2026/09/22 21:51:24.146, 3, 88649, 97871
2026/09/22 21:51:24.346, 0, 88649, 97871
2026/09/22 21:51:24.346, 1, 88649, 97871
2026/09/22 21:51:24.346, 2, 88649, 97871
2026/09/22 21:51:24.346, 3, 88649, 97871
2026/09/22 21:51:24.546, 0, 88649, 97871
2026/09/22 21:51:24.546, 1, 88649, 97871
2026/09/22 21:51:24.546, 2, 88649, 97871
2026/09/22 21:51:24.546, 3, 88649, 97871
2026/09/22 21:51:24.747, 0, 88649, 97871
2026/09/22 21:51:24.747, 1, 88649, 97871
2026/09/22 21:51:24.747, 2, 88649, 97871
2026/09/22 21:51:24.747, 3, 88649, 97871
2026/09/22 21:51:24.947, 0, 88649, 97871
2026/09/22 21:51:24.947, 1, 88649, 97871
2026/09/22 21:51:24.947, 2, 88649, 97871
2026/09/22 21:51:24.947, 3, 88649, 97871
2026/09/22 21:51:25.147, 0, 88649, 97871
2026/09/22 21:51:25.147, 1, 88649, 97871
2026/09/22 21:51:25.147, 2, 88649, 97871
2026/09/22 21:51:25.147, 3, 88649, 97871
2026/09/22 21:51:25.347, 0, 88649, 97871
2026/09/22 21:51:25.347, 1, 88649, 97871
2026/09/22 21:51:25.347, 2, 88649, 97871
2026/09/22 21:51:25.347, 3, 88649, 97871
2026/09/22 21:51:25.548, 0, 88649, 97871
2026/09/22 21:51:25.548, 1, 88649, 97871
2026/09/22 21:51:25.548, 2, 88649, 97871
2026/09/22 21:51:25.548, 3, 88649, 97871
2026/09/22 21:51:25.748, 0, 88649, 97871
2026/09/22 21:51:25.748, 1, 88649, 97871
2026/09/22 21:51:25.748, 2, 88649, 97871
2026/09/22 21:51:25.748, 3, 88649, 97871
2026/09/22 21:51:25.948, 0, 88649, 97871
2026/09/22 21:51:25.948, 1, 88649, 97871
2026/09/22 21:51:25.948, 2, 88649, 97871
2026/09/22 21:51:25.948, 3, 88649, 97871
2026/09/22 21:51:26.148, 0, 88649, 97871
2026/09/22 21:51:26.148, 1, 88649, 97871
2026/09/22 21:51:26.148, 2, 88649, 97871
2026/09/22 21:51:26.148, 3, 88649, 97871
2026/09/22 21:51:26.348, 0, 88649, 97871
2026/09/22 21:51:26.348, 1, 88649, 97871
2026/09/22 21:51:26.348, 2, 88649, 97871
2026/09/22 21:51:26.349, 3, 88649, 97871
2026/09/22 21:51:26.549, 0, 88649, 97871
2026/09/22 21:51:26.549, 1, 88649, 97871
2026/09/22 21:51:26.549, 2, 88649, 97871
2026/09/22 21:51:26.549, 3, 88649, 97871
2026/09/22 21:51:26.749, 0, 88649, 97871
2026/09/22 21:51:26.749, 1, 88649, 97871
2026/09/22 21:51:26.749, 2, 88649, 97871
2026/09/22 21:51:26.749, 3, 88649, 97871
2026/09/22 21:51:26.949, 0, 88649, 97871
2026/09/22 21:51:26.949, 1, 88649, 97871
2026/09/22 21:51:26.949, 2, 88649, 97871
2026/09/22 21:51:26.949, 3, 88649, 97871
2026/09/22 21:51:27.149, 0, 88649, 97871
2026/09/22 21:51:27.149, 1, 88649, 97871
2026/09/22 21:51:27.149, 2, 88649, 97871
2026/09/22 21:51:27.149, 3, 88649, 97871
2026/09/22 21:51:27.350, 0, 88649, 97871
2026/09/22 21:51:27.350, 1, 88649, 97871
2026/09/22 21:51:27.350, 2, 88649, 97871
2026/09/22 21:51:27.350, 3, 88649, 97871
2026/09/22 21:51:27.550, 0, 88649, 97871
2026/09/22 21:51:27.550, 1, 88649, 97871
2026/09/22 21:51:27.550, 2, 88649, 97871
2026/09/22 21:51:27.550, 3, 88649, 97871
2026/09/22 21:51:27.750, 0, 88649, 97871
2026/09/22 21:51:27.750, 1, 88649, 97871
2026/09/22 21:51:27.750, 2, 88649, 97871
2026/09/22 21:51:27.750, 3, 88649, 97871
2026/09/22 21:51:27.950, 0, 88649, 97871
2026/09/22 21:51:27.950, 1, 88649, 97871
2026/09/22 21:51:27.950, 2, 88649, 97871
2026/09/22 21:51:27.950, 3, 88649, 97871
2026/09/22 21:51:28.151, 0, 88649, 97871
2026/09/22 21:51:28.151, 1, 88649, 97871
2026/09/22 21:51:28.151, 2, 88649, 97871
2026/09/22 21:51:28.151, 3, 88649, 97871
2026/09/22 21:51:28.351, 0, 88649, 97871
2026/09/22 21:51:28.351, 1, 88649, 97871
2026/09/22 21:51:28.351, 2, 88649, 97871
2026/09/22 21:51:28.351, 3, 88649, 97871
2026/09/22 21:51:28.551, 0, 88649, 97871
2026/09/22 21:51:28.551, 1, 88649, 97871
2026/09/22 21:51:28.551, 2, 88649, 97871
2026/09/22 21:51:28.551, 3, 88649, 97871
2026/09/22 21:51:28.751, 0, 88649, 97871
2026/09/22 21:51:28.751, 1, 88649, 97871
2026/09/22 21:51:28.751, 2, 88649, 97871
2026/09/22 21:51:28.751, 3, 88649, 97871
2026/09/22 21:51:28.951, 0, 88649, 97871
2026/09/22 21:51:28.951, 1, 88649, 97871
2026/09/22 21:51:28.952, 2, 88649, 97871
2026/09/22 21:51:28.952, 3, 88649, 97871
2026/09/22 21:51:29.152, 0, 88649, 97871
2026/09/22 21:51:29.152, 1, 88649, 97871
2026/09/22 21:51:29.152, 2, 88649, 97871
2026/09/22 21:51:29.152, 3, 88649, 97871
2026/09/22 21:51:29.352, 0, 88649, 97871
2026/09/22 21:51:29.352, 1, 88649, 97871
2026/09/22 21:51:29.352, 2, 88649, 97871
2026/09/22 21:51:29.352, 3, 88649, 97871
2026/09/22 21:51:29.552, 0, 88649, 97871
2026/09/22 21:51:29.552, 1, 88649, 97871
2026/09/22 21:51:29.552, 2, 88649, 97871
2026/09/22 21:51:29.552, 3, 88649, 97871
2026/09/22 21:51:29.752, 0, 88649, 97871
2026/09/22 21:51:29.752, 1, 88649, 97871
2026/09/22 21:51:29.752, 2, 88649, 97871
2026/09/22 21:51:29.753, 3, 88649, 97871
2026/09/22 21:51:29.953, 0, 88649, 97871
2026/09/22 21:51:29.953, 1, 88649, 97871
2026/09/22 21:51:29.953, 2, 88649, 97871
2026/09/22 21:51:29.953, 3, 88649, 97871
2026/09/22 21:51:30.153, 0, 88649, 97871
2026/09/22 21:51:30.153, 1, 88649, 97871
2026/09/22 21:51:30.153, 2, 88649, 97871
2026/09/22 21:51:30.153, 3, 88649, 97871
2026/09/22 21:51:30.353, 0, 88649, 97871
2026/09/22 21:51:30.353, 1, 88649, 97871
2026/09/22 21:51:30.353, 2, 88649, 97871
2026/09/22 21:51:30.353, 3, 88649, 97871
2026/09/22 21:51:30.553, 0, 88649, 97871
2026/09/22 21:51:30.553, 1, 88649, 97871
2026/09/22 21:51:30.554, 2, 88649, 97871
2026/09/22 21:51:30.554, 3, 88649, 97871
2026/09/22 21:51:30.754, 0, 88649, 97871
2026/09/22 21:51:30.754, 1, 88649, 97871
2026/09/22 21:51:30.754, 2, 88649, 97871
2026/09/22 21:51:30.754, 3, 88649, 97871
2026/09/22 21:51:30.954, 0, 88649, 97871
2026/09/22 21:51:30.954, 1, 88649, 97871
2026/09/22 21:51:30.954, 2, 88649, 97871
2026/09/22 21:51:30.954, 3, 88649, 97871
2026/09/22 21:51:31.154, 0, 88649, 97871
2026/09/22 21:51:31.154, 1, 88649, 97871
2026/09/22 21:51:31.154, 2, 88649, 97871
2026/09/22 21:51:31.154, 3, 88649, 97871
2026/09/22 21:51:31.354, 0, 88649, 97871
2026/09/22 21:51:31.354, 1, 88649, 97871
2026/09/22 21:51:31.354, 2, 88649, 97871
2026/09/22 21:51:31.354, 3, 88649, 97871
2026/09/22 21:51:31.555, 0, 88649, 97871
2026/09/22 21:51:31.555, 1, 88649, 97871
2026/09/22 21:51:31.555, 2, 88649, 97871
2026/09/22 21:51:31.555, 3, 88649, 97871
2026/09/22 21:51:31.755, 0, 88649, 97871
2026/09/22 21:51:31.755, 1, 88649, 97871
2026/09/22 21:51:31.755, 2, 88649, 97871
2026/09/22 21:51:31.755, 3, 88649, 97871
2026/09/22 21:51:31.955, 0, 88649, 97871
2026/09/22 21:51:31.955, 1, 88649, 97871
2026/09/22 21:51:31.955, 2, 88649, 97871
2026/09/22 21:51:31.955, 3, 88649, 97871
2026/09/22 21:51:32.155, 0, 88649, 97871
2026/09/22 21:51:32.155, 1, 88649, 97871
2026/09/22 21:51:32.155, 2, 88649, 97871
2026/09/22 21:51:32.155, 3, 88649, 97871
2026/09/22 21:51:32.356, 0, 88649, 97871
2026/09/22 21:51:32.356, 1, 88649, 97871
2026/09/22 21:51:32.356, 2, 88649, 97871
2026/09/22 21:51:32.356, 3, 88649, 97871
2026/09/22 21:51:32.556, 0, 88649, 97871
2026/09/22 21:51:32.556, 1, 88649, 97871
2026/09/22 21:51:32.556, 2, 88649, 97871
2026/09/22 21:51:32.556, 3, 88649, 97871
2026/09/22 21:51:32.756, 0, 88649, 97871
2026/09/22 21:51:32.756, 1, 88649, 97871
2026/09/22 21:51:32.756, 2, 88649, 97871
2026/09/22 21:51:32.756, 3, 88649, 97871
2026/09/22 21:51:32.956, 0, 88649, 97871
2026/09/22 21:51:32.956, 1, 88649, 97871
2026/09/22 21:51:32.956, 2, 88649, 97871
2026/09/22 21:51:32.957, 3, 88649, 97871
2026/09/22 21:51:33.157, 0, 88649, 97871
2026/09/22 21:51:33.157, 1, 88649, 97871
2026/09/22 21:51:33.157, 2, 88649, 97871
2026/09/22 21:51:33.157, 3, 88649, 97871
2026/09/22 21:51:33.357, 0, 88649, 97871
2026/09/22 21:51:33.357, 1, 88649, 97871
2026/09/22 21:51:33.357, 2, 88649, 97871
2026/09/22 21:51:33.357, 3, 88649, 97871
2026/09/22 21:51:33.557, 0, 88649, 97871
2026/09/22 21:51:33.557, 1, 88649, 97871
2026/09/22 21:51:33.557, 2, 88649, 97871
2026/09/22 21:51:33.557, 3, 88649, 97871
2026/09/22 21:51:33.757, 0, 88649, 97871
2026/09/22 21:51:33.757, 1, 88649, 97871
2026/09/22 21:51:33.757, 2, 88649, 97871
2026/09/22 21:51:33.757, 3, 88649, 97871
2026/09/22 21:51:33.957, 0, 88649, 97871
2026/09/22 21:51:33.957, 1, 88649, 97871
2026/09/22 21:51:33.958, 2, 88649, 97871
2026/09/22 21:51:33.958, 3, 88649, 97871
2026/09/22 21:51:34.158, 0, 88649, 97871
2026/09/22 21:51:34.158, 1, 88649, 97871
2026/09/22 21:51:34.158, 2, 88649, 97871
2026/09/22 21:51:34.158, 3, 88649, 97871
2026/09/22 21:51:34.358, 0, 88649, 97871
2026/09/22 21:51:34.358, 1, 88649, 97871
2026/09/22 21:51:34.358, 2, 88649, 97871
2026/09/22 21:51:34.358, 3, 88649, 97871
2026/09/22 21:51:34.558, 0, 88649, 97871
2026/09/22 21:51:34.558, 1, 88649, 97871
2026/09/22 21:51:34.558, 2, 88649, 97871
2026/09/22 21:51:34.558, 3, 88649, 97871
2026/09/22 21:51:34.758, 0, 88649, 97871
2026/09/22 21:51:34.758, 1, 88649, 97871
2026/09/22 21:51:34.759, 2, 88649, 97871
2026/09/22 21:51:34.759, 3, 88649, 97871
2026/09/22 21:51:34.959, 0, 88649, 97871
2026/09/22 21:51:34.959, 1, 88649, 97871
2026/09/22 21:51:34.959, 2, 88649, 97871
2026/09/22 21:51:34.959, 3, 88649, 97871
2026/09/22 21:51:35.159, 0, 88649, 97871
2026/09/22 21:51:35.159, 1, 88649, 97871
2026/09/22 21:51:35.159, 2, 88649, 97871
2026/09/22 21:51:35.159, 3, 88649, 97871
2026/09/22 21:51:35.359, 0, 88649, 97871
2026/09/22 21:51:35.359, 1, 88649, 97871
2026/09/22 21:51:35.359, 2, 88649, 97871
2026/09/22 21:51:35.359, 3, 88649, 97871
2026/09/22 21:51:35.559, 0, 88649, 97871
2026/09/22 21:51:35.559, 1, 88649, 97871
2026/09/22 21:51:35.559, 2, 88649, 97871
2026/09/22 21:51:35.559, 3, 88649, 97871
2026/09/22 21:51:35.760, 0, 88649, 97871
2026/09/22 21:51:35.760, 1, 88649, 97871
2026/09/22 21:51:35.760, 2, 88649, 97871
2026/09/22 21:51:35.760, 3, 88649, 97871
2026/09/22 21:51:35.960, 0, 88649, 97871
2026/09/22 21:51:35.960, 1, 88649, 97871
2026/09/22 21:51:35.960, 2, 88649, 97871
2026/09/22 21:51:35.960, 3, 88649, 97871
2026/09/22 21:51:36.160, 0, 88649, 97871
2026/09/22 21:51:36.160, 1, 88649, 97871
2026/09/22 21:51:36.160, 2, 88649, 97871
2026/09/22 21:51:36.160, 3, 88649, 97871
2026/09/22 21:51:36.360, 0, 88649, 97871
2026/09/22 21:51:36.360, 1, 88649, 97871
2026/09/22 21:51:36.360, 2, 88649, 97871
2026/09/22 21:51:36.360, 3, 88649, 97871
2026/09/22 21:51:36.561, 0, 88649, 97871
2026/09/22 21:51:36.561, 1, 88649, 97871
2026/09/22 21:51:36.561, 2, 88649, 97871
2026/09/22 21:51:36.561, 3, 88649, 97871
2026/09/22 21:51:36.761, 0, 88649, 97871
2026/09/22 21:51:36.761, 1, 88649, 97871
2026/09/22 21:51:36.761, 2, 88649, 97871
2026/09/22 21:51:36.761, 3, 88649, 97871
2026/09/22 21:51:36.961, 0, 88649, 97871
2026/09/22 21:51:36.961, 1, 88649, 97871
2026/09/22 21:51:36.961, 2, 88649, 97871
2026/09/22 21:51:36.961, 3, 88649, 97871
2026/09/22 21:51:37.161, 0, 88649, 97871
2026/09/22 21:51:37.161, 1, 88649, 97871
2026/09/22 21:51:37.161, 2, 88649, 97871
2026/09/22 21:51:37.161, 3, 88649, 97871
2026/09/22 21:51:37.361, 0, 88649, 97871
2026/09/22 21:51:37.361, 1, 88649, 97871
2026/09/22 21:51:37.361, 2, 88649, 97871
2026/09/22 21:51:37.362, 3, 88649, 97871
2026/09/22 21:51:37.562, 0, 88649, 97871
2026/09/22 21:51:37.562, 1, 88649, 97871
2026/09/22 21:51:37.562, 2, 88649, 97871
2026/09/22 21:51:37.562, 3, 88649, 97871
2026/09/22 21:51:37.762, 0, 88649, 97871
2026/09/22 21:51:37.762, 1, 88649, 97871
2026/09/22 21:51:37.762, 2, 88649, 97871
2026/09/22 21:51:37.762, 3, 88649, 97871
2026/09/22 21:51:37.962, 0, 88649, 97871
2026/09/22 21:51:37.962, 1, 88649, 97871
2026/09/22 21:51:37.962, 2, 88649, 97871
2026/09/22 21:51:37.962, 3, 88649, 97871
2026/09/22 21:51:38.162, 0, 88649, 97871
2026/09/22 21:51:38.162, 1, 88649, 97871
2026/09/22 21:51:38.162, 2, 88649, 97871
2026/09/22 21:51:38.163, 3, 88649, 97871
2026/09/22 21:51:38.363, 0, 88649, 97871
2026/09/22 21:51:38.363, 1, 88649, 97871
2026/09/22 21:51:38.363, 2, 88649, 97871
2026/09/22 21:51:38.363, 3, 88649, 97871
2026/09/22 21:51:38.563, 0, 88649, 97871
2026/09/22 21:51:38.563, 1, 88649, 97871
2026/09/22 21:51:38.563, 2, 88649, 97871
2026/09/22 21:51:38.563, 3, 88649, 97871
2026/09/22 21:51:38.763, 0, 88649, 97871
2026/09/22 21:51:38.763, 1, 88649, 97871
2026/09/22 21:51:38.763, 2, 88649, 97871
2026/09/22 21:51:38.763, 3, 88649, 97871
2026/09/22 21:51:38.963, 0, 88649, 97871
2026/09/22 21:51:38.963, 1, 88649, 97871
2026/09/22 21:51:38.964, 2, 88649, 97871
2026/09/22 21:51:38.964, 3, 88649, 97871
2026/09/22 21:51:39.164, 0, 88649, 97871
2026/09/22 21:51:39.164, 1, 88649, 97871
2026/09/22 21:51:39.164, 2, 88649, 97871
2026/09/22 21:51:39.164, 3, 88649, 97871
2026/09/22 21:51:39.364, 0, 88649, 97871
2026/09/22 21:51:39.364, 1, 88649, 97871
2026/09/22 21:51:39.364, 2, 88649, 97871
2026/09/22 21:51:39.364, 3, 88649, 97871
2026/09/22 21:51:39.564, 0, 88649, 97871
2026/09/22 21:51:39.564, 1, 88649, 97871
2026/09/22 21:51:39.564, 2, 88649, 97871
2026/09/22 21:51:39.564, 3, 88649, 97871
2026/09/22 21:51:39.764, 0, 88649, 97871
2026/09/22 21:51:39.764, 1, 88649, 97871
2026/09/22 21:51:39.764, 2, 88649, 97871
2026/09/22 21:51:39.764, 3, 88649, 97871
2026/09/22 21:51:39.965, 0, 88649, 97871
2026/09/22 21:51:39.965, 1, 88649, 97871
2026/09/22 21:51:39.965, 2, 88649, 97871
2026/09/22 21:51:39.965, 3, 88649, 97871
2026/09/22 21:51:40.165, 0, 88649, 97871
2026/09/22 21:51:40.165, 1, 88649, 97871
2026/09/22 21:51:40.165, 2, 88649, 97871
2026/09/22 21:51:40.165, 3, 88649, 97871
2026/09/22 21:51:40.365, 0, 88649, 97871
2026/09/22 21:51:40.365, 1, 88649, 97871
2026/09/22 21:51:40.365, 2, 88649, 97871
2026/09/22 21:51:40.365, 3, 88649, 97871
2026/09/22 21:51:40.565, 0, 88649, 97871
2026/09/22 21:51:40.565, 1, 88649, 97871
2026/09/22 21:51:40.565, 2, 88649, 97871
2026/09/22 21:51:40.565, 3, 88649, 97871
2026/09/22 21:51:40.765, 0, 88649, 97871
2026/09/22 21:51:40.766, 1, 88649, 97871
2026/09/22 21:51:40.766, 2, 88649, 97871
2026/09/22 21:51:40.766, 3, 88649, 97871
2026/09/22 21:51:40.966, 0, 88649, 97871
2026/09/22 21:51:40.966, 1, 88649, 97871
2026/09/22 21:51:40.966, 2, 88649, 97871
2026/09/22 21:51:40.966, 3, 88649, 97871
2026/09/22 21:51:41.166, 0, 88649, 97871
2026/09/22 21:51:41.166, 1, 88649, 97871
2026/09/22 21:51:41.166, 2, 88649, 97871
2026/09/22 21:51:41.166, 3, 88649, 97871
2026/09/22 21:51:41.366, 0, 88649, 97871
2026/09/22 21:51:41.366, 1, 88649, 97871
2026/09/22 21:51:41.366, 2, 88649, 97871
2026/09/22 21:51:41.366, 3, 88649, 97871
2026/09/22 21:51:41.567, 0, 88649, 97871
2026/09/22 21:51:41.567, 1, 88649, 97871
2026/09/22 21:51:41.567, 2, 88649, 97871
2026/09/22 21:51:41.567, 3, 88649, 97871
2026/09/22 21:51:41.767, 0, 88649, 97871
2026/09/22 21:51:41.767, 1, 88649, 97871
2026/09/22 21:51:41.767, 2, 88649, 97871
2026/09/22 21:51:41.767, 3, 88649, 97871
2026/09/22 21:51:41.967, 0, 88649, 97871
2026/09/22 21:51:41.967, 1, 88649, 97871
2026/09/22 21:51:41.967, 2, 88649, 97871
2026/09/22 21:51:41.967, 3, 88649, 97871
2026/09/22 21:51:42.167, 0, 88649, 97871
2026/09/22 21:51:42.167, 1, 88649, 97871
2026/09/22 21:51:42.167, 2, 88649, 97871
2026/09/22 21:51:42.167, 3, 88649, 97871
2026/09/22 21:51:42.367, 0, 88649, 97871
2026/09/22 21:51:42.368, 1, 88649, 97871
2026/09/22 21:51:42.368, 2, 88649, 97871
2026/09/22 21:51:42.368, 3, 88649, 97871
2026/09/22 21:51:42.568, 0, 88649, 97871
2026/09/22 21:51:42.568, 1, 88649, 97871
2026/09/22 21:51:42.568, 2, 88649, 97871
2026/09/22 21:51:42.568, 3, 88649, 97871
2026/09/22 21:51:42.768, 0, 88649, 97871
2026/09/22 21:51:42.768, 1, 88649, 97871
2026/09/22 21:51:42.768, 2, 88649, 97871
2026/09/22 21:51:42.768, 3, 88649, 97871
2026/09/22 21:51:42.968, 0, 88649, 97871
2026/09/22 21:51:42.968, 1, 88649, 97871
2026/09/22 21:51:42.968, 2, 88649, 97871
2026/09/22 21:51:42.968, 3, 88649, 97871
2026/09/22 21:51:43.169, 0, 88649, 97871
2026/09/22 21:51:43.169, 1, 88649, 97871
2026/09/22 21:51:43.169, 2, 88649, 97871
2026/09/22 21:51:43.169, 3, 88649, 97871
2026/09/22 21:51:43.369, 0, 88649, 97871
2026/09/22 21:51:43.369, 1, 88649, 97871
2026/09/22 21:51:43.369, 2, 88649, 97871
2026/09/22 21:51:43.369, 3, 88649, 97871
2026/09/22 21:51:43.569, 0, 88649, 97871
2026/09/22 21:51:43.569, 1, 88649, 97871
2026/09/22 21:51:43.569, 2, 88649, 97871
2026/09/22 21:51:43.569, 3, 88649, 97871
2026/09/22 21:51:43.769, 0, 88649, 97871
2026/09/22 21:51:43.769, 1, 88649, 97871
2026/09/22 21:51:43.769, 2, 88649, 97871
2026/09/22 21:51:43.769, 3, 88649, 97871
2026/09/22 21:51:43.969, 0, 88649, 97871
2026/09/22 21:51:43.969, 1, 88649, 97871
2026/09/22 21:51:43.969, 2, 88649, 97871
2026/09/22 21:51:43.970, 3, 88649, 97871
2026/09/22 21:51:44.170, 0, 88649, 97871
2026/09/22 21:51:44.170, 1, 88649, 97871
2026/09/22 21:51:44.170, 2, 88649, 97871
2026/09/22 21:51:44.170, 3, 88649, 97871
2026/09/22 21:51:44.370, 0, 88649, 97871
2026/09/22 21:51:44.370, 1, 88649, 97871
2026/09/22 21:51:44.370, 2, 88649, 97871
2026/09/22 21:51:44.370, 3, 88649, 97871
2026/09/22 21:51:44.570, 0, 88649, 97871
2026/09/22 21:51:44.570, 1, 88649, 97871
2026/09/22 21:51:44.570, 2, 88649, 97871
2026/09/22 21:51:44.570, 3, 88649, 97871
2026/09/22 21:51:44.770, 0, 88649, 97871
2026/09/22 21:51:44.770, 1, 88649, 97871
2026/09/22 21:51:44.770, 2, 88649, 97871
2026/09/22 21:51:44.771, 3, 88649, 97871
2026/09/22 21:51:44.971, 0, 88649, 97871
2026/09/22 21:51:44.971, 1, 88649, 97871
2026/09/22 21:51:44.971, 2, 88649, 97871
2026/09/22 21:51:44.971, 3, 88649, 97871
2026/09/22 21:51:45.171, 0, 88649, 97871
2026/09/22 21:51:45.171, 1, 88649, 97871
2026/09/22 21:51:45.171, 2, 88649, 97871
2026/09/22 21:51:45.171, 3, 88649, 97871
2026/09/22 21:51:45.371, 0, 88649, 97871
2026/09/22 21:51:45.371, 1, 88649, 97871
2026/09/22 21:51:45.371, 2, 88649, 97871
2026/09/22 21:51:45.371, 3, 88649, 97871
2026/09/22 21:51:45.571, 0, 88649, 97871
2026/09/22 21:51:45.571, 1, 88649, 97871
2026/09/22 21:51:45.571, 2, 88649, 97871
2026/09/22 21:51:45.571, 3, 88649, 97871
2026/09/22 21:51:45.772, 0, 88649, 97871
2026/09/22 21:51:45.772, 1, 88649, 97871
2026/09/22 21:51:45.772, 2, 88649, 97871
2026/09/22 21:51:45.772, 3, 88649, 97871
2026/09/22 21:51:45.972, 0, 88649, 97871
2026/09/22 21:51:45.972, 1, 88649, 97871
2026/09/22 21:51:45.972, 2, 88649, 97871
2026/09/22 21:51:45.972, 3, 88649, 97871
2026/09/22 21:51:46.172, 0, 88649, 97871
2026/09/22 21:51:46.172, 1, 88649, 97871
2026/09/22 21:51:46.172, 2, 88649, 97871
2026/09/22 21:51:46.172, 3, 88649, 97871
2026/09/22 21:51:46.372, 0, 88649, 97871
2026/09/22 21:51:46.373, 1, 88649, 97871
2026/09/22 21:51:46.373, 2, 88649, 97871
2026/09/22 21:51:46.373, 3, 88649, 97871
2026/09/22 21:51:46.573, 0, 88649, 97871
2026/09/22 21:51:46.573, 1, 88649, 97871
2026/09/22 21:51:46.573, 2, 88649, 97871
2026/09/22 21:51:46.573, 3, 88649, 97871
2026/09/22 21:51:46.773, 0, 88649, 97871
2026/09/22 21:51:46.773, 1, 88649, 97871
2026/09/22 21:51:46.773, 2, 88649, 97871
2026/09/22 21:51:46.773, 3, 88649, 97871
2026/09/22 21:51:46.973, 0, 88649, 97871
2026/09/22 21:51:46.973, 1, 88649, 97871
2026/09/22 21:51:46.973, 2, 88649, 97871
2026/09/22 21:51:46.973, 3, 88649, 97871
2026/09/22 21:51:47.173, 0, 88649, 97871
2026/09/22 21:51:47.173, 1, 88649, 97871
2026/09/22 21:51:47.173, 2, 88649, 97871
2026/09/22 21:51:47.174, 3, 88649, 97871
2026/09/22 21:51:47.374, 0, 88649, 97871
2026/09/22 21:51:47.374, 1, 88649, 97871
2026/09/22 21:51:47.374, 2, 88649, 97871
2026/09/22 21:51:47.374, 3, 88649, 97871
2026/09/22 21:51:47.574, 0, 88649, 97871
2026/09/22 21:51:47.574, 1, 88649, 97871
2026/09/22 21:51:47.574, 2, 88649, 97871
2026/09/22 21:51:47.574, 3, 88649, 97871
2026/09/22 21:51:47.774, 0, 88649, 97871
2026/09/22 21:51:47.774, 1, 88649, 97871
2026/09/22 21:51:47.774, 2, 88649, 97871
2026/09/22 21:51:47.774, 3, 88649, 97871
2026/09/22 21:51:47.974, 0, 88649, 97871
2026/09/22 21:51:47.974, 1, 88649, 97871
2026/09/22 21:51:47.974, 2, 88649, 97871
2026/09/22 21:51:47.974, 3, 88649, 97871
2026/09/22 21:51:48.175, 0, 88649, 97871
2026/09/22 21:51:48.175, 1, 88649, 97871
2026/09/22 21:51:48.175, 2, 88649, 97871
2026/09/22 21:51:48.175, 3, 88649, 97871
2026/09/22 21:51:48.375, 0, 88649, 97871
2026/09/22 21:51:48.375, 1, 88649, 97871
2026/09/22 21:51:48.375, 2, 88649, 97871
2026/09/22 21:51:48.375, 3, 88649, 97871
2026/09/22 21:51:48.575, 0, 88649, 97871
2026/09/22 21:51:48.575, 1, 88649, 97871
2026/09/22 21:51:48.575, 2, 88649, 97871
2026/09/22 21:51:48.575, 3, 88649, 97871
2026/09/22 21:51:48.775, 0, 88649, 97871
2026/09/22 21:51:48.775, 1, 88649, 97871
2026/09/22 21:51:48.775, 2, 88649, 97871
2026/09/22 21:51:48.776, 3, 88649, 97871
2026/09/22 21:51:48.976, 0, 88649, 97871
2026/09/22 21:51:48.976, 1, 88649, 97871
2026/09/22 21:51:48.976, 2, 88649, 97871
2026/09/22 21:51:48.976, 3, 88649, 97871
2026/09/22 21:51:49.176, 0, 88649, 97871
2026/09/22 21:51:49.176, 1, 88649, 97871
2026/09/22 21:51:49.176, 2, 88649, 97871
2026/09/22 21:51:49.176, 3, 88649, 97871
2026/09/22 21:51:49.376, 0, 88649, 97871
2026/09/22 21:51:49.376, 1, 88649, 97871
2026/09/22 21:51:49.376, 2, 88649, 97871
2026/09/22 21:51:49.376, 3, 88649, 97871
2026/09/22 21:51:49.576, 0, 88649, 97871
2026/09/22 21:51:49.576, 1, 88649, 97871
2026/09/22 21:51:49.576, 2, 88649, 97871
2026/09/22 21:51:49.576, 3, 88649, 97871
2026/09/22 21:51:49.776, 0, 88649, 97871
2026/09/22 21:51:49.776, 1, 88649, 97871
2026/09/22 21:51:49.776, 2, 88649, 97871
2026/09/22 21:51:49.777, 3, 88649, 97871
2026/09/22 21:51:49.977, 0, 88649, 97871
2026/09/22 21:51:49.977, 1, 88649, 97871
2026/09/22 21:51:49.977, 2, 88649, 97871
2026/09/22 21:51:49.977, 3, 88649, 97871
2026/09/22 21:51:50.177, 0, 88649, 97871
2026/09/22 21:51:50.177, 1, 88649, 97871
2026/09/22 21:51:50.177, 2, 88649, 97871
2026/09/22 21:51:50.177, 3, 88649, 97871
2026/09/22 21:51:50.377, 0, 88649, 97871
2026/09/22 21:51:50.377, 1, 88649, 97871
2026/09/22 21:51:50.377, 2, 88649, 97871
2026/09/22 21:51:50.377, 3, 88649, 97871
2026/09/22 21:51:50.577, 0, 88649, 97871
2026/09/22 21:51:50.577, 1, 88649, 97871
2026/09/22 21:51:50.577, 2, 88649, 97871
2026/09/22 21:51:50.577, 3, 88649, 97871
2026/09/22 21:51:50.778, 0, 88649, 97871
2026/09/22 21:51:50.778, 1, 88649, 97871
2026/09/22 21:51:50.778, 2, 88649, 97871
2026/09/22 21:51:50.778, 3, 88649, 97871
2026/09/22 21:51:50.978, 0, 88649, 97871
2026/09/22 21:51:50.978, 1, 88649, 97871
2026/09/22 21:51:50.978, 2, 88649, 97871
2026/09/22 21:51:50.978, 3, 88649, 97871
2026/09/22 21:51:51.178, 0, 88649, 97871
2026/09/22 21:51:51.178, 1, 88649, 97871
2026/09/22 21:51:51.178, 2, 88649, 97871
2026/09/22 21:51:51.178, 3, 88649, 97871
2026/09/22 21:51:51.378, 0, 88649, 97871
2026/09/22 21:51:51.378, 1, 88649, 97871
2026/09/22 21:51:51.378, 2, 88649, 97871
2026/09/22 21:51:51.379, 3, 88649, 97871
2026/09/22 21:51:51.579, 0, 88649, 97871
2026/09/22 21:51:51.579, 1, 88649, 97871
2026/09/22 21:51:51.579, 2, 88649, 97871
2026/09/22 21:51:51.579, 3, 88649, 97871
2026/09/22 21:51:51.779, 0, 88649, 97871
2026/09/22 21:51:51.779, 1, 88649, 97871
2026/09/22 21:51:51.779, 2, 88649, 97871
2026/09/22 21:51:51.779, 3, 88649, 97871
2026/09/22 21:51:51.979, 0, 88649, 97871
2026/09/22 21:51:51.979, 1, 88649, 97871
2026/09/22 21:51:51.979, 2, 88649, 97871
2026/09/22 21:51:51.979, 3, 88649, 97871
2026/09/22 21:51:52.179, 0, 88649, 97871
2026/09/22 21:51:52.179, 1, 88649, 97871
2026/09/22 21:51:52.179, 2, 88649, 97871
2026/09/22 21:51:52.179, 3, 88649, 97871
2026/09/22 21:51:52.380, 0, 88649, 97871
2026/09/22 21:51:52.380, 1, 88649, 97871
2026/09/22 21:51:52.380, 2, 88649, 97871
2026/09/22 21:51:52.380, 3, 88649, 97871
2026/09/22 21:51:52.580, 0, 88649, 97871
2026/09/22 21:51:52.580, 1, 88649, 97871
2026/09/22 21:51:52.580, 2, 88649, 97871
2026/09/22 21:51:52.580, 3, 88649, 97871
2026/09/22 21:51:52.780, 0, 88649, 97871
2026/09/22 21:51:52.780, 1, 88649, 97871
2026/09/22 21:51:52.780, 2, 88649, 97871
2026/09/22 21:51:52.780, 3, 88649, 97871
2026/09/22 21:51:52.980, 0, 88649, 97871
2026/09/22 21:51:52.980, 1, 88649, 97871
2026/09/22 21:51:52.980, 2, 88649, 97871
2026/09/22 21:51:52.980, 3, 88649, 97871
2026/09/22 21:51:53.180, 0, 88649, 97871
2026/09/22 21:51:53.180, 1, 88649, 97871
2026/09/22 21:51:53.180, 2, 88649, 97871
2026/09/22 21:51:53.181, 3, 88649, 97871
2026/09/22 21:51:53.381, 0, 88649, 97871
2026/09/22 21:51:53.381, 1, 88649, 97871
2026/09/22 21:51:53.381, 2, 88649, 97871
2026/09/22 21:51:53.381, 3, 88649, 97871
2026/09/22 21:51:53.581, 0, 88649, 97871
2026/09/22 21:51:53.581, 1, 88649, 97871
2026/09/22 21:51:53.581, 2, 88649, 97871
2026/09/22 21:51:53.581, 3, 88649, 97871
2026/09/22 21:51:53.781, 0, 88649, 97871
2026/09/22 21:51:53.781, 1, 88649, 97871
2026/09/22 21:51:53.781, 2, 88649, 97871
2026/09/22 21:51:53.781, 3, 88649, 97871
2026/09/22 21:51:53.981, 0, 88649, 97871
2026/09/22 21:51:53.981, 1, 88649, 97871
2026/09/22 21:51:53.981, 2, 88649, 97871
2026/09/22 21:51:53.981, 3, 88649, 97871
2026/09/22 21:51:54.181, 0, 88649, 97871
2026/09/22 21:51:54.182, 1, 88649, 97871
2026/09/22 21:51:54.182, 2, 88649, 97871
2026/09/22 21:51:54.182, 3, 88649, 97871
2026/09/22 21:51:54.382, 0, 88649, 97871
2026/09/22 21:51:54.382, 1, 88649, 97871
2026/09/22 21:51:54.382, 2, 88649, 97871
2026/09/22 21:51:54.382, 3, 88649, 97871
2026/09/22 21:51:54.582, 0, 88649, 97871
2026/09/22 21:51:54.582, 1, 88649, 97871
2026/09/22 21:51:54.582, 2, 88649, 97871
2026/09/22 21:51:54.582, 3, 88649, 97871
2026/09/22 21:51:54.782, 0, 88649, 97871
2026/09/22 21:51:54.782, 1, 88649, 97871
2026/09/22 21:51:54.782, 2, 88649, 97871
2026/09/22 21:51:54.782, 3, 88649, 97871
2026/09/22 21:51:54.982, 0, 88649, 97871
2026/09/22 21:51:54.982, 1, 88649, 97871
2026/09/22 21:51:54.982, 2, 88649, 97871
2026/09/22 21:51:54.982, 3, 88649, 97871
2026/09/22 21:51:55.183, 0, 88649, 97871
2026/09/22 21:51:55.183, 1, 88649, 97871
2026/09/22 21:51:55.183, 2, 88649, 97871
2026/09/22 21:51:55.183, 3, 88649, 97871
2026/09/22 21:51:55.383, 0, 88649, 97871
2026/09/22 21:51:55.383, 1, 88649, 97871
2026/09/22 21:51:55.383, 2, 88649, 97871
2026/09/22 21:51:55.383, 3, 88649, 97871
2026/09/22 21:51:55.583, 0, 88649, 97871
2026/09/22 21:51:55.583, 1, 88649, 97871
2026/09/22 21:51:55.583, 2, 88649, 97871
2026/09/22 21:51:55.583, 3, 88649, 97871
2026/09/22 21:51:55.783, 0, 88649, 97871
2026/09/22 21:51:55.783, 1, 88649, 97871
2026/09/22 21:51:55.783, 2, 88649, 97871
2026/09/22 21:51:55.783, 3, 88649, 97871
2026/09/22 21:51:55.983, 0, 88649, 97871
2026/09/22 21:51:55.984, 1, 88649, 97871
2026/09/22 21:51:55.984, 2, 88649, 97871
2026/09/22 21:51:55.984, 3, 88649, 97871
2026/09/22 21:51:56.184, 0, 88649, 97871
2026/09/22 21:51:56.184, 1, 88649, 97871
2026/09/22 21:51:56.184, 2, 88649, 97871
2026/09/22 21:51:56.184, 3, 88649, 97871
2026/09/22 21:51:56.384, 0, 88649, 97871
2026/09/22 21:51:56.384, 1, 88649, 97871
2026/09/22 21:51:56.384, 2, 88649, 97871
2026/09/22 21:51:56.384, 3, 88649, 97871
2026/09/22 21:51:56.584, 0, 88649, 97871
2026/09/22 21:51:56.584, 1, 88649, 97871
2026/09/22 21:51:56.584, 2, 88649, 97871
2026/09/22 21:51:56.584, 3, 88649, 97871
2026/09/22 21:51:56.784, 0, 88649, 97871
2026/09/22 21:51:56.785, 1, 88649, 97871
2026/09/22 21:51:56.785, 2, 88649, 97871
2026/09/22 21:51:56.785, 3, 88649, 97871
2026/09/22 21:51:56.985, 0, 88649, 97871
2026/09/22 21:51:56.985, 1, 88649, 97871
2026/09/22 21:51:56.985, 2, 88649, 97871
2026/09/22 21:51:56.985, 3, 88649, 97871
2026/09/22 21:51:57.185, 0, 88649, 97871
2026/09/22 21:51:57.185, 1, 88649, 97871
2026/09/22 21:51:57.185, 2, 88649, 97871
2026/09/22 21:51:57.185, 3, 88649, 97871
2026/09/22 21:51:57.385, 0, 88649, 97871
2026/09/22 21:51:57.385, 1, 88649, 97871
2026/09/22 21:51:57.385, 2, 88649, 97871
2026/09/22 21:51:57.385, 3, 88649, 97871
2026/09/22 21:51:57.585, 0, 88649, 97871
2026/09/22 21:51:57.585, 1, 88649, 97871
2026/09/22 21:51:57.585, 2, 88649, 97871
2026/09/22 21:51:57.585, 3, 88649, 97871
2026/09/22 21:51:57.786, 0, 88649, 97871
2026/09/22 21:51:57.786, 1, 88649, 97871
2026/09/22 21:51:57.786, 2, 88649, 97871
2026/09/22 21:51:57.786, 3, 88649, 97871
2026/09/22 21:51:57.986, 0, 88649, 97871
2026/09/22 21:51:57.986, 1, 88649, 97871
2026/09/22 21:51:57.986, 2, 88649, 97871
2026/09/22 21:51:57.986, 3, 88649, 97871
2026/09/22 21:51:58.186, 0, 88649, 97871
2026/09/22 21:51:58.186, 1, 88649, 97871
2026/09/22 21:51:58.186, 2, 88649, 97871
2026/09/22 21:51:58.186, 3, 88649, 97871
2026/09/22 21:51:58.386, 0, 88649, 97871
2026/09/22 21:51:58.386, 1, 88649, 97871
2026/09/22 21:51:58.386, 2, 88649, 97871
2026/09/22 21:51:58.387, 3, 88649, 97871
2026/09/22 21:51:58.587, 0, 88649, 97871
2026/09/22 21:51:58.587, 1, 88649, 97871
2026/09/22 21:51:58.587, 2, 88649, 97871
2026/09/22 21:51:58.587, 3, 88649, 97871
2026/09/22 21:51:58.787, 0, 88649, 97871
2026/09/22 21:51:58.787, 1, 88649, 97871
2026/09/22 21:51:58.787, 2, 88649, 97871
2026/09/22 21:51:58.787, 3, 88649, 97871
2026/09/22 21:51:58.987, 0, 88649, 97871
2026/09/22 21:51:58.987, 1, 88649, 97871
2026/09/22 21:51:58.987, 2, 88649, 97871
2026/09/22 21:51:58.987, 3, 88649, 97871
2026/09/22 21:51:59.187, 0, 88649, 97871
2026/09/22 21:51:59.187, 1, 88649, 97871
2026/09/22 21:51:59.187, 2, 88649, 97871
2026/09/22 21:51:59.187, 3, 88649, 97871
2026/09/22 21:51:59.388, 0, 88649, 97871
2026/09/22 21:51:59.388, 1, 88649, 97871
2026/09/22 21:51:59.388, 2, 88649, 97871
2026/09/22 21:51:59.388, 3, 88649, 97871
2026/09/22 21:51:59.588, 0, 88649, 97871
2026/09/22 21:51:59.588, 1, 88649, 97871
2026/09/22 21:51:59.588, 2, 88649, 97871
2026/09/22 21:51:59.588, 3, 88649, 97871
2026/09/22 21:51:59.788, 0, 88649, 97871
2026/09/22 21:51:59.788, 1, 88649, 97871
2026/09/22 21:51:59.788, 2, 88649, 97871
2026/09/22 21:51:59.788, 3, 88649, 97871
2026/09/22 21:51:59.988, 0, 88649, 97871
2026/09/22 21:51:59.988, 1, 88649, 97871
2026/09/22 21:51:59.988, 2, 88649, 97871
2026/09/22 21:51:59.988, 3, 88649, 97871
2026/09/22 21:52:00.188, 0, 88649, 97871
2026/09/22 21:52:00.189, 1, 88649, 97871
2026/09/22 21:52:00.189, 2, 88649, 97871
2026/09/22 21:52:00.189, 3, 88649, 97871
2026/09/22 21:52:00.389, 0, 88649, 97871
2026/09/22 21:52:00.389, 1, 88649, 97871
2026/09/22 21:52:00.389, 2, 88649, 97871
2026/09/22 21:52:00.389, 3, 88649, 97871
2026/09/22 21:52:00.589, 0, 88649, 97871
2026/09/22 21:52:00.589, 1, 88649, 97871
2026/09/22 21:52:00.589, 2, 88649, 97871
2026/09/22 21:52:00.589, 3, 88649, 97871
2026/09/22 21:52:00.789, 0, 88649, 97871
2026/09/22 21:52:00.789, 1, 88649, 97871
2026/09/22 21:52:00.789, 2, 88649, 97871
2026/09/22 21:52:00.789, 3, 88649, 97871
2026/09/22 21:52:00.989, 0, 88649, 97871
2026/09/22 21:52:00.989, 1, 88649, 97871
2026/09/22 21:52:00.990, 2, 88649, 97871
2026/09/22 21:52:00.990, 3, 88649, 97871
2026/09/22 21:52:01.190, 0, 88649, 97871
2026/09/22 21:52:01.190, 1, 88649, 97871
2026/09/22 21:52:01.190, 2, 88649, 97871
2026/09/22 21:52:01.190, 3, 88649, 97871
2026/09/22 21:52:01.390, 0, 88649, 97871
2026/09/22 21:52:01.390, 1, 88649, 97871
2026/09/22 21:52:01.390, 2, 88649, 97871
2026/09/22 21:52:01.390, 3, 88649, 97871
2026/09/22 21:52:01.590, 0, 88649, 97871
2026/09/22 21:52:01.590, 1, 88649, 97871
2026/09/22 21:52:01.590, 2, 88649, 97871
2026/09/22 21:52:01.590, 3, 88649, 97871
2026/09/22 21:52:01.790, 0, 88649, 97871
2026/09/22 21:52:01.790, 1, 88649, 97871
2026/09/22 21:52:01.790, 2, 88649, 97871
2026/09/22 21:52:01.791, 3, 88649, 97871
2026/09/22 21:52:01.991, 0, 88649, 97871
2026/09/22 21:52:01.991, 1, 88649, 97871
2026/09/22 21:52:01.991, 2, 88649, 97871
2026/09/22 21:52:01.991, 3, 88649, 97871
2026/09/22 21:52:02.191, 0, 88649, 97871
2026/09/22 21:52:02.191, 1, 88649, 97871
2026/09/22 21:52:02.191, 2, 88649, 97871
2026/09/22 21:52:02.191, 3, 88649, 97871
2026/09/22 21:52:02.391, 0, 88649, 97871
2026/09/22 21:52:02.391, 1, 88649, 97871
2026/09/22 21:52:02.391, 2, 88649, 97871
2026/09/22 21:52:02.391, 3, 88649, 97871
2026/09/22 21:52:02.591, 0, 88649, 97871
2026/09/22 21:52:02.591, 1, 88649, 97871
2026/09/22 21:52:02.591, 2, 88649, 97871
2026/09/22 21:52:02.591, 3, 88649, 97871
2026/09/22 21:52:02.792, 0, 88649, 97871
2026/09/22 21:52:02.792, 1, 88649, 97871
2026/09/22 21:52:02.792, 2, 88649, 97871
2026/09/22 21:52:02.792, 3, 88649, 97871
2026/09/22 21:52:02.992, 0, 88649, 97871
2026/09/22 21:52:02.992, 1, 88649, 97871
2026/09/22 21:52:02.992, 2, 88649, 97871
2026/09/22 21:52:02.992, 3, 88649, 97871
2026/09/22 21:52:03.192, 0, 88649, 97871
2026/09/22 21:52:03.192, 1, 88649, 97871
2026/09/22 21:52:03.192, 2, 88649, 97871
2026/09/22 21:52:03.192, 3, 88649, 97871
2026/09/22 21:52:03.392, 0, 88649, 97871
2026/09/22 21:52:03.392, 1, 88649, 97871
2026/09/22 21:52:03.392, 2, 88649, 97871
2026/09/22 21:52:03.392, 3, 88649, 97871
2026/09/22 21:52:03.592, 0, 88649, 97871
2026/09/22 21:52:03.592, 1, 88649, 97871
2026/09/22 21:52:03.592, 2, 88649, 97871
2026/09/22 21:52:03.593, 3, 88649, 97871
2026/09/22 21:52:03.793, 0, 88649, 97871
2026/09/22 21:52:03.793, 1, 88649, 97871
2026/09/22 21:52:03.793, 2, 88649, 97871
2026/09/22 21:52:03.793, 3, 88649, 97871
2026/09/22 21:52:03.993, 0, 88649, 97871
2026/09/22 21:52:03.993, 1, 88649, 97871
2026/09/22 21:52:03.993, 2, 88649, 97871
2026/09/22 21:52:03.993, 3, 88649, 97871
2026/09/22 21:52:04.193, 0, 88649, 97871
2026/09/22 21:52:04.193, 1, 88649, 97871
2026/09/22 21:52:04.193, 2, 88649, 97871
2026/09/22 21:52:04.193, 3, 88649, 97871
2026/09/22 21:52:04.393, 0, 88649, 97871
2026/09/22 21:52:04.393, 1, 88649, 97871
2026/09/22 21:52:04.393, 2, 88649, 97871
2026/09/22 21:52:04.393, 3, 88649, 97871
2026/09/22 21:52:04.594, 0, 88649, 97871
2026/09/22 21:52:04.594, 1, 88649, 97871
2026/09/22 21:52:04.594, 2, 88649, 97871
2026/09/22 21:52:04.594, 3, 88649, 97871
2026/09/22 21:52:04.794, 0, 88649, 97871
2026/09/22 21:52:04.794, 1, 88649, 97871
2026/09/22 21:52:04.794, 2, 88649, 97871
2026/09/22 21:52:04.794, 3, 88649, 97871
2026/09/22 21:52:04.994, 0, 88649, 97871
2026/09/22 21:52:04.994, 1, 88649, 97871
2026/09/22 21:52:04.994, 2, 88649, 97871
2026/09/22 21:52:04.994, 3, 88649, 97871
2026/09/22 21:52:05.194, 0, 88649, 97871
2026/09/22 21:52:05.194, 1, 88649, 97871
2026/09/22 21:52:05.194, 2, 88649, 97871
2026/09/22 21:52:05.194, 3, 88649, 97871
2026/09/22 21:52:05.394, 0, 88649, 97871
2026/09/22 21:52:05.395, 1, 88649, 97871
2026/09/22 21:52:05.395, 2, 88649, 97871
2026/09/22 21:52:05.395, 3, 88649, 97871
2026/09/22 21:52:05.595, 0, 88649, 97871
2026/09/22 21:52:05.595, 1, 88649, 97871
2026/09/22 21:52:05.595, 2, 88649, 97871
2026/09/22 21:52:05.595, 3, 88649, 97871
2026/09/22 21:52:05.795, 0, 88649, 97871
2026/09/22 21:52:05.795, 1, 88649, 97871
2026/09/22 21:52:05.795, 2, 88649, 97871
2026/09/22 21:52:05.795, 3, 88649, 97871
2026/09/22 21:52:05.995, 0, 88649, 97871
2026/09/22 21:52:05.995, 1, 88649, 97871
2026/09/22 21:52:05.995, 2, 88649, 97871
2026/09/22 21:52:05.995, 3, 88649, 97871
2026/09/22 21:52:06.195, 0, 88649, 97871
2026/09/22 21:52:06.195, 1, 88649, 97871
2026/09/22 21:52:06.196, 2, 88649, 97871
2026/09/22 21:52:06.196, 3, 88649, 97871
2026/09/22 21:52:06.396, 0, 88649, 97871
2026/09/22 21:52:06.396, 1, 88649, 97871
2026/09/22 21:52:06.396, 2, 88649, 97871
2026/09/22 21:52:06.396, 3, 88649, 97871
2026/09/22 21:52:06.596, 0, 88649, 97871
2026/09/22 21:52:06.596, 1, 88649, 97871
2026/09/22 21:52:06.596, 2, 88649, 97871
2026/09/22 21:52:06.596, 3, 88649, 97871
2026/09/22 21:52:06.796, 0, 88649, 97871
2026/09/22 21:52:06.796, 1, 88649, 97871
2026/09/22 21:52:06.796, 2, 88649, 97871
2026/09/22 21:52:06.796, 3, 88649, 97871
2026/09/22 21:52:06.996, 0, 88649, 97871
2026/09/22 21:52:06.996, 1, 88649, 97871
2026/09/22 21:52:06.996, 2, 88649, 97871
2026/09/22 21:52:06.996, 3, 88649, 97871
2026/09/22 21:52:07.197, 0, 88649, 97871
2026/09/22 21:52:07.197, 1, 88649, 97871
2026/09/22 21:52:07.197, 2, 88649, 97871
2026/09/22 21:52:07.197, 3, 88649, 97871
2026/09/22 21:52:07.397, 0, 88649, 97871
2026/09/22 21:52:07.397, 1, 88649, 97871
2026/09/22 21:52:07.397, 2, 88649, 97871
2026/09/22 21:52:07.397, 3, 88649, 97871
2026/09/22 21:52:07.597, 0, 88649, 97871
2026/09/22 21:52:07.597, 1, 88649, 97871
2026/09/22 21:52:07.597, 2, 88649, 97871
2026/09/22 21:52:07.597, 3, 88649, 97871
2026/09/22 21:52:07.797, 0, 88649, 97871
2026/09/22 21:52:07.797, 1, 88649, 97871
2026/09/22 21:52:07.797, 2, 88649, 97871
2026/09/22 21:52:07.797, 3, 88649, 97871
2026/09/22 21:52:07.997, 0, 88649, 97871
2026/09/22 21:52:07.998, 1, 88649, 97871
2026/09/22 21:52:07.998, 2, 88649, 97871
2026/09/22 21:52:07.998, 3, 88649, 97871
2026/09/22 21:52:08.198, 0, 88649, 97871
2026/09/22 21:52:08.198, 1, 88649, 97871
2026/09/22 21:52:08.198, 2, 88649, 97871
2026/09/22 21:52:08.198, 3, 88649, 97871
2026/09/22 21:52:08.398, 0, 88649, 97871
2026/09/22 21:52:08.398, 1, 88649, 97871
2026/09/22 21:52:08.398, 2, 88649, 97871
2026/09/22 21:52:08.398, 3, 88649, 97871
2026/09/22 21:52:08.598, 0, 88649, 97871
2026/09/22 21:52:08.598, 1, 88649, 97871
2026/09/22 21:52:08.598, 2, 88649, 97871
2026/09/22 21:52:08.598, 3, 88649, 97871
2026/09/22 21:52:08.798, 0, 88649, 97871
2026/09/22 21:52:08.798, 1, 88649, 97871
2026/09/22 21:52:08.798, 2, 88649, 97871
2026/09/22 21:52:08.799, 3, 88649, 97871
2026/09/22 21:52:08.999, 0, 88649, 97871
2026/09/22 21:52:08.999, 1, 88649, 97871
2026/09/22 21:52:08.999, 2, 88649, 97871
2026/09/22 21:52:08.999, 3, 88649, 97871
2026/09/22 21:52:09.199, 0, 88649, 97871
2026/09/22 21:52:09.199, 1, 88649, 97871
2026/09/22 21:52:09.199, 2, 88649, 97871
2026/09/22 21:52:09.199, 3, 88649, 97871
2026/09/22 21:52:09.399, 0, 88649, 97871
2026/09/22 21:52:09.399, 1, 88649, 97871
2026/09/22 21:52:09.399, 2, 88649, 97871
2026/09/22 21:52:09.399, 3, 88649, 97871
2026/09/22 21:52:09.599, 0, 88649, 97871
2026/09/22 21:52:09.599, 1, 88649, 97871
2026/09/22 21:52:09.599, 2, 88649, 97871
2026/09/22 21:52:09.599, 3, 88649, 97871
2026/09/22 21:52:09.799, 0, 88649, 97871
2026/09/22 21:52:09.800, 1, 88649, 97871
2026/09/22 21:52:09.800, 2, 88649, 97871
2026/09/22 21:52:09.800, 3, 88649, 97871
2026/09/22 21:52:10.000, 0, 88649, 97871
2026/09/22 21:52:10.000, 1, 88649, 97871
2026/09/22 21:52:10.000, 2, 88649, 97871
2026/09/22 21:52:10.000, 3, 88649, 97871
2026/09/22 21:52:10.200, 0, 88649, 97871
2026/09/22 21:52:10.200, 1, 88649, 97871
2026/09/22 21:52:10.200, 2, 88649, 97871
2026/09/22 21:52:10.200, 3, 88649, 97871
2026/09/22 21:52:10.400, 0, 88649, 97871
2026/09/22 21:52:10.400, 1, 88649, 97871
2026/09/22 21:52:10.400, 2, 88649, 97871
2026/09/22 21:52:10.400, 3, 88649, 97871
2026/09/22 21:52:10.600, 0, 88649, 97871
2026/09/22 21:52:10.600, 1, 88649, 97871
2026/09/22 21:52:10.600, 2, 88649, 97871
2026/09/22 21:52:10.600, 3, 88649, 97871
2026/09/22 21:52:10.800, 0, 88649, 97871
2026/09/22 21:52:10.801, 1, 88649, 97871
2026/09/22 21:52:10.801, 2, 88649, 97871
2026/09/22 21:52:10.801, 3, 88649, 97871
2026/09/22 21:52:11.001, 0, 88649, 97871
2026/09/22 21:52:11.001, 1, 88649, 97871
2026/09/22 21:52:11.001, 2, 88649, 97871
2026/09/22 21:52:11.001, 3, 88649, 97871
2026/09/22 21:52:11.201, 0, 88649, 97871
2026/09/22 21:52:11.201, 1, 88649, 97871
2026/09/22 21:52:11.201, 2, 88649, 97871
2026/09/22 21:52:11.201, 3, 88649, 97871
2026/09/22 21:52:11.401, 0, 88649, 97871
2026/09/22 21:52:11.401, 1, 88649, 97871
2026/09/22 21:52:11.401, 2, 88649, 97871
2026/09/22 21:52:11.401, 3, 88649, 97871
2026/09/22 21:52:11.601, 0, 88649, 97871
2026/09/22 21:52:11.602, 1, 88649, 97871
2026/09/22 21:52:11.602, 2, 88649, 97871
2026/09/22 21:52:11.602, 3, 88649, 97871
2026/09/22 21:52:11.802, 0, 88649, 97871
2026/09/22 21:52:11.802, 1, 88649, 97871
2026/09/22 21:52:11.802, 2, 88649, 97871
2026/09/22 21:52:11.802, 3, 88649, 97871
2026/09/22 21:52:12.002, 0, 88649, 97871
2026/09/22 21:52:12.002, 1, 88649, 97871
2026/09/22 21:52:12.002, 2, 88649, 97871
2026/09/22 21:52:12.002, 3, 88649, 97871
2026/09/22 21:52:12.202, 0, 88649, 97871
2026/09/22 21:52:12.202, 1, 88649, 97871
2026/09/22 21:52:12.202, 2, 88649, 97871
2026/09/22 21:52:12.202, 3, 88649, 97871
2026/09/22 21:52:12.402, 0, 88649, 97871
2026/09/22 21:52:12.402, 1, 88649, 97871
2026/09/22 21:52:12.402, 2, 88649, 97871
2026/09/22 21:52:12.402, 3, 88649, 97871
2026/09/22 21:52:12.603, 0, 88649, 97871
2026/09/22 21:52:12.603, 1, 88649, 97871
2026/09/22 21:52:12.603, 2, 88649, 97871
2026/09/22 21:52:12.603, 3, 88649, 97871
2026/09/22 21:52:12.803, 0, 88649, 97871
2026/09/22 21:52:12.803, 1, 88649, 97871
2026/09/22 21:52:12.803, 2, 88649, 97871
2026/09/22 21:52:12.803, 3, 88649, 97871
2026/09/22 21:52:13.003, 0, 88649, 97871
2026/09/22 21:52:13.003, 1, 88649, 97871
2026/09/22 21:52:13.003, 2, 88649, 97871
2026/09/22 21:52:13.003, 3, 88649, 97871
2026/09/22 21:52:13.203, 0, 88649, 97871
2026/09/22 21:52:13.203, 1, 88649, 97871
2026/09/22 21:52:13.203, 2, 88649, 97871
2026/09/22 21:52:13.204, 3, 88649, 97871
2026/09/22 21:52:13.404, 0, 88649, 97871
2026/09/22 21:52:13.404, 1, 88649, 97871
2026/09/22 21:52:13.404, 2, 88649, 97871
2026/09/22 21:52:13.404, 3, 88649, 97871
2026/09/22 21:52:13.604, 0, 88649, 97871
2026/09/22 21:52:13.604, 1, 88649, 97871
2026/09/22 21:52:13.604, 2, 88649, 97871
2026/09/22 21:52:13.604, 3, 88649, 97871
2026/09/22 21:52:13.804, 0, 88649, 97871
2026/09/22 21:52:13.804, 1, 88649, 97871
2026/09/22 21:52:13.804, 2, 88649, 97871
2026/09/22 21:52:13.804, 3, 88649, 97871
2026/09/22 21:52:14.004, 0, 88649, 97871
2026/09/22 21:52:14.004, 1, 88649, 97871
2026/09/22 21:52:14.004, 2, 88649, 97871
2026/09/22 21:52:14.005, 3, 88649, 97871
2026/09/22 21:52:14.205, 0, 88649, 97871
2026/09/22 21:52:14.205, 1, 88649, 97871
2026/09/22 21:52:14.205, 2, 88649, 97871
2026/09/22 21:52:14.205, 3, 88649, 97871
2026/09/22 21:52:14.405, 0, 88649, 97871
2026/09/22 21:52:14.405, 1, 88649, 97871
2026/09/22 21:52:14.405, 2, 88649, 97871
2026/09/22 21:52:14.405, 3, 88649, 97871
2026/09/22 21:52:14.605, 0, 88649, 97871
2026/09/22 21:52:14.605, 1, 88649, 97871
2026/09/22 21:52:14.605, 2, 88649, 97871
2026/09/22 21:52:14.605, 3, 88649, 97871
2026/09/22 21:52:14.805, 0, 88649, 97871
2026/09/22 21:52:14.805, 1, 88649, 97871
2026/09/22 21:52:14.805, 2, 88649, 97871
2026/09/22 21:52:14.805, 3, 88649, 97871
2026/09/22 21:52:15.006, 0, 88649, 97871
2026/09/22 21:52:15.006, 1, 88649, 97871
2026/09/22 21:52:15.006, 2, 88649, 97871
2026/09/22 21:52:15.006, 3, 88649, 97871
2026/09/22 21:52:15.206, 0, 88649, 97871
2026/09/22 21:52:15.206, 1, 88649, 97871
2026/09/22 21:52:15.206, 2, 88649, 97871
2026/09/22 21:52:15.206, 3, 88649, 97871
2026/09/22 21:52:15.406, 0, 88649, 97871
2026/09/22 21:52:15.406, 1, 88649, 97871
2026/09/22 21:52:15.406, 2, 88649, 97871
2026/09/22 21:52:15.406, 3, 88649, 97871
2026/09/22 21:52:15.606, 0, 88649, 97871
2026/09/22 21:52:15.606, 1, 88649, 97871
2026/09/22 21:52:15.606, 2, 88649, 97871
2026/09/22 21:52:15.606, 3, 88649, 97871
2026/09/22 21:52:15.806, 0, 88649, 97871
2026/09/22 21:52:15.807, 1, 88649, 97871
2026/09/22 21:52:15.807, 2, 88649, 97871
2026/09/22 21:52:15.807, 3, 88649, 97871
2026/09/22 21:52:16.007, 0, 88649, 97871
2026/09/22 21:52:16.007, 1, 88649, 97871
2026/09/22 21:52:16.007, 2, 88649, 97871
2026/09/22 21:52:16.007, 3, 88649, 97871
2026/09/22 21:52:16.207, 0, 88649, 97871
2026/09/22 21:52:16.207, 1, 88649, 97871
2026/09/22 21:52:16.207, 2, 88649, 97871
2026/09/22 21:52:16.207, 3, 88649, 97871
2026/09/22 21:52:16.407, 0, 88649, 97871
2026/09/22 21:52:16.407, 1, 88649, 97871
2026/09/22 21:52:16.407, 2, 88649, 97871
2026/09/22 21:52:16.407, 3, 88649, 97871
2026/09/22 21:52:16.607, 0, 88649, 97871
2026/09/22 21:52:16.607, 1, 88649, 97871
2026/09/22 21:52:16.607, 2, 88649, 97871
2026/09/22 21:52:16.608, 3, 88649, 97871
2026/09/22 21:52:16.808, 0, 88649, 97871
2026/09/22 21:52:16.808, 1, 88649, 97871
2026/09/22 21:52:16.808, 2, 88649, 97871
2026/09/22 21:52:16.808, 3, 88649, 97871
2026/09/22 21:52:17.008, 0, 88649, 97871
2026/09/22 21:52:17.008, 1, 88649, 97871
2026/09/22 21:52:17.008, 2, 88649, 97871
2026/09/22 21:52:17.008, 3, 88649, 97871
2026/09/22 21:52:17.208, 0, 88649, 97871
2026/09/22 21:52:17.208, 1, 88649, 97871
2026/09/22 21:52:17.208, 2, 88649, 97871
2026/09/22 21:52:17.208, 3, 88649, 97871
2026/09/22 21:52:17.408, 0, 88649, 97871
2026/09/22 21:52:17.408, 1, 88649, 97871
2026/09/22 21:52:17.408, 2, 88649, 97871
2026/09/22 21:52:17.408, 3, 88649, 97871
2026/09/22 21:52:17.608, 0, 88649, 97871
2026/09/22 21:52:17.608, 1, 88649, 97871
2026/09/22 21:52:17.609, 2, 88649, 97871
2026/09/22 21:52:17.609, 3, 88649, 97871
2026/09/22 21:52:17.809, 0, 88649, 97871
2026/09/22 21:52:17.809, 1, 88649, 97871
2026/09/22 21:52:17.809, 2, 88649, 97871
2026/09/22 21:52:17.809, 3, 88649, 97871
2026/09/22 21:52:18.009, 0, 88649, 97871
2026/09/22 21:52:18.009, 1, 88649, 97871
2026/09/22 21:52:18.009, 2, 88649, 97871
2026/09/22 21:52:18.009, 3, 88649, 97871
2026/09/22 21:52:18.209, 0, 88649, 97871
2026/09/22 21:52:18.209, 1, 88649, 97871
2026/09/22 21:52:18.209, 2, 88649, 97871
2026/09/22 21:52:18.209, 3, 88649, 97871
2026/09/22 21:52:18.409, 0, 88649, 97871
2026/09/22 21:52:18.410, 1, 88649, 97871
2026/09/22 21:52:18.410, 2, 88649, 97871
2026/09/22 21:52:18.410, 3, 88649, 97871
2026/09/22 21:52:18.610, 0, 88649, 97871
2026/09/22 21:52:18.610, 1, 88649, 97871
2026/09/22 21:52:18.610, 2, 88649, 97871
2026/09/22 21:52:18.610, 3, 88649, 97871
2026/09/22 21:52:18.810, 0, 88649, 97871
2026/09/22 21:52:18.810, 1, 88649, 97871
2026/09/22 21:52:18.810, 2, 88649, 97871
2026/09/22 21:52:18.810, 3, 88649, 97871
2026/09/22 21:52:19.010, 0, 88649, 97871
2026/09/22 21:52:19.010, 1, 88649, 97871
2026/09/22 21:52:19.010, 2, 88649, 97871
2026/09/22 21:52:19.010, 3, 88649, 97871
2026/09/22 21:52:19.210, 0, 88649, 97871
2026/09/22 21:52:19.210, 1, 88649, 97871
2026/09/22 21:52:19.210, 2, 88649, 97871
2026/09/22 21:52:19.211, 3, 88649, 97871
2026/09/22 21:52:19.411, 0, 88649, 97871
2026/09/22 21:52:19.411, 1, 88649, 97871
2026/09/22 21:52:19.411, 2, 88649, 97871
2026/09/22 21:52:19.411, 3, 88649, 97871
2026/09/22 21:52:19.611, 0, 88649, 97871
2026/09/22 21:52:19.611, 1, 88649, 97871
2026/09/22 21:52:19.611, 2, 88649, 97871
2026/09/22 21:52:19.611, 3, 88649, 97871
2026/09/22 21:52:19.811, 0, 88649, 97871
2026/09/22 21:52:19.811, 1, 88649, 97871
2026/09/22 21:52:19.811, 2, 88649, 97871
2026/09/22 21:52:19.811, 3, 88649, 97871
2026/09/22 21:52:20.011, 0, 88649, 97871
2026/09/22 21:52:20.011, 1, 88649, 97871
2026/09/22 21:52:20.011, 2, 88649, 97871
2026/09/22 21:52:20.011, 3, 88649, 97871
2026/09/22 21:52:20.211, 0, 88649, 97871
2026/09/22 21:52:20.211, 1, 88649, 97871
2026/09/22 21:52:20.212, 2, 88649, 97871
2026/09/22 21:52:20.212, 3, 88649, 97871
2026/09/22 21:52:20.412, 0, 88649, 97871
2026/09/22 21:52:20.412, 1, 88649, 97871
2026/09/22 21:52:20.412, 2, 88649, 97871
2026/09/22 21:52:20.412, 3, 88649, 97871
2026/09/22 21:52:20.612, 0, 88649, 97871
2026/09/22 21:52:20.612, 1, 88649, 97871
2026/09/22 21:52:20.612, 2, 88649, 97871
2026/09/22 21:52:20.612, 3, 88649, 97871
2026/09/22 21:52:20.812, 0, 88649, 97871
2026/09/22 21:52:20.812, 1, 88649, 97871
2026/09/22 21:52:20.812, 2, 88649, 97871
2026/09/22 21:52:20.812, 3, 88649, 97871
2026/09/22 21:52:21.012, 0, 88649, 97871
2026/09/22 21:52:21.012, 1, 88649, 97871
2026/09/22 21:52:21.012, 2, 88649, 97871
2026/09/22 21:52:21.012, 3, 88649, 97871
2026/09/22 21:52:21.213, 0, 88649, 97871
2026/09/22 21:52:21.213, 1, 88649, 97871
2026/09/22 21:52:21.213, 2, 88649, 97871
2026/09/22 21:52:21.213, 3, 88649, 97871
2026/09/22 21:52:21.413, 0, 88649, 97871
2026/09/22 21:52:21.413, 1, 88649, 97871
2026/09/22 21:52:21.413, 2, 88649, 97871
2026/09/22 21:52:21.413, 3, 88649, 97871
2026/09/22 21:52:21.613, 0, 88649, 97871
2026/09/22 21:52:21.613, 1, 88649, 97871
2026/09/22 21:52:21.613, 2, 88649, 97871
2026/09/22 21:52:21.613, 3, 88649, 97871
2026/09/22 21:52:21.813, 0, 88649, 97871
2026/09/22 21:52:21.813, 1, 88649, 97871
2026/09/22 21:52:21.813, 2, 88649, 97871
2026/09/22 21:52:21.814, 3, 88649, 97871
2026/09/22 21:52:22.014, 0, 88649, 97871
2026/09/22 21:52:22.014, 1, 88649, 97871
2026/09/22 21:52:22.014, 2, 88649, 97871
2026/09/22 21:52:22.014, 3, 88649, 97871
2026/09/22 21:52:22.214, 0, 88649, 97871
2026/09/22 21:52:22.214, 1, 88649, 97871
2026/09/22 21:52:22.214, 2, 88649, 97871
2026/09/22 21:52:22.214, 3, 88649, 97871
2026/09/22 21:52:22.414, 0, 88649, 97871
2026/09/22 21:52:22.414, 1, 88649, 97871
2026/09/22 21:52:22.414, 2, 88649, 97871
2026/09/22 21:52:22.414, 3, 88649, 97871
2026/09/22 21:52:22.614, 0, 88649, 97871
2026/09/22 21:52:22.614, 1, 88649, 97871
2026/09/22 21:52:22.615, 2, 88649, 97871
2026/09/22 21:52:22.615, 3, 88649, 97871
2026/09/22 21:52:22.815, 0, 88649, 97871
2026/09/22 21:52:22.815, 1, 88649, 97871
2026/09/22 21:52:22.815, 2, 88649, 97871
2026/09/22 21:52:22.815, 3, 88649, 97871
2026/09/22 21:52:23.015, 0, 88649, 97871
2026/09/22 21:52:23.015, 1, 88649, 97871
2026/09/22 21:52:23.015, 2, 88649, 97871
2026/09/22 21:52:23.015, 3, 88649, 97871
2026/09/22 21:52:23.215, 0, 88649, 97871
2026/09/22 21:52:23.215, 1, 88649, 97871
2026/09/22 21:52:23.215, 2, 88649, 97871
2026/09/22 21:52:23.215, 3, 88649, 97871
2026/09/22 21:52:23.415, 0, 88649, 97871
2026/09/22 21:52:23.415, 1, 88649, 97871
2026/09/22 21:52:23.415, 2, 88649, 97871
2026/09/22 21:52:23.416, 3, 88649, 97871
2026/09/22 21:52:23.616, 0, 88649, 97871
2026/09/22 21:52:23.616, 1, 88649, 97871
2026/09/22 21:52:23.616, 2, 88649, 97871
2026/09/22 21:52:23.616, 3, 88649, 97871
2026/09/22 21:52:23.816, 0, 88649, 97871
2026/09/22 21:52:23.816, 1, 88649, 97871
2026/09/22 21:52:23.816, 2, 88649, 97871
2026/09/22 21:52:23.816, 3, 88649, 97871
2026/09/22 21:52:24.016, 0, 88649, 97871
2026/09/22 21:52:24.016, 1, 88649, 97871
2026/09/22 21:52:24.016, 2, 88649, 97871
2026/09/22 21:52:24.016, 3, 88649, 97871
2026/09/22 21:52:24.216, 0, 88649, 97871
2026/09/22 21:52:24.216, 1, 88649, 97871
2026/09/22 21:52:24.216, 2, 88649, 97871
2026/09/22 21:52:24.216, 3, 88649, 97871
2026/09/22 21:52:24.416, 0, 88649, 97871
2026/09/22 21:52:24.417, 1, 88649, 97871
2026/09/22 21:52:24.417, 2, 88649, 97871
2026/09/22 21:52:24.417, 3, 88649, 97871
2026/09/22 21:52:24.617, 0, 88649, 97871
2026/09/22 21:52:24.617, 1, 88649, 97871
2026/09/22 21:52:24.617, 2, 88649, 97871
2026/09/22 21:52:24.617, 3, 88649, 97871
2026/09/22 21:52:24.817, 0, 88649, 97871
2026/09/22 21:52:24.817, 1, 88649, 97871
2026/09/22 21:52:24.817, 2, 88649, 97871
2026/09/22 21:52:24.817, 3, 88649, 97871
2026/09/22 21:52:25.017, 0, 88649, 97871
2026/09/22 21:52:25.017, 1, 88649, 97871
2026/09/22 21:52:25.017, 2, 88649, 97871
2026/09/22 21:52:25.017, 3, 88649, 97871
2026/09/22 21:52:25.217, 0, 88649, 97871
2026/09/22 21:52:25.217, 1, 88649, 97871
2026/09/22 21:52:25.217, 2, 88649, 97871
2026/09/22 21:52:25.217, 3, 88649, 97871
2026/09/22 21:52:25.418, 0, 88649, 97871
2026/09/22 21:52:25.418, 1, 88649, 97871
2026/09/22 21:52:25.418, 2, 88649, 97871
2026/09/22 21:52:25.418, 3, 88649, 97871
2026/09/22 21:52:25.618, 0, 88649, 97871
2026/09/22 21:52:25.618, 1, 88649, 97871
2026/09/22 21:52:25.618, 2, 88649, 97871
2026/09/22 21:52:25.618, 3, 88649, 97871
2026/09/22 21:52:25.818, 0, 88649, 97871
2026/09/22 21:52:25.818, 1, 88649, 97871
2026/09/22 21:52:25.818, 2, 88649, 97871
2026/09/22 21:52:25.818, 3, 88649, 97871
2026/09/22 21:52:26.018, 0, 88649, 97871
2026/09/22 21:52:26.018, 1, 88649, 97871
2026/09/22 21:52:26.018, 2, 88649, 97871
2026/09/22 21:52:26.022, 3, 88649, 97871
2026/09/22 21:52:26.222, 0, 88649, 97871
2026/09/22 21:52:26.222, 1, 88649, 97871
2026/09/22 21:52:26.222, 2, 88649, 97871
2026/09/22 21:52:26.222, 3, 88649, 97871
2026/09/22 21:52:26.422, 0, 88649, 97871
2026/09/22 21:52:26.422, 1, 88649, 97871
2026/09/22 21:52:26.422, 2, 88649, 97871
2026/09/22 21:52:26.422, 3, 88649, 97871
2026/09/22 21:52:26.622, 0, 88649, 97871
2026/09/22 21:52:26.622, 1, 88649, 97871
2026/09/22 21:52:26.622, 2, 88649, 97871
2026/09/22 21:52:26.622, 3, 88649, 97871
2026/09/22 21:52:26.823, 0, 88649, 97871
2026/09/22 21:52:26.823, 1, 88649, 97871
2026/09/22 21:52:26.823, 2, 88649, 97871
2026/09/22 21:52:26.823, 3, 88649, 97871
2026/09/22 21:52:27.023, 0, 88649, 97871
2026/09/22 21:52:27.023, 1, 88649, 97871
2026/09/22 21:52:27.023, 2, 88649, 97871
2026/09/22 21:52:27.023, 3, 88649, 97871
2026/09/22 21:52:27.223, 0, 88649, 97871
2026/09/22 21:52:27.223, 1, 88649, 97871
2026/09/22 21:52:27.223, 2, 88649, 97871
2026/09/22 21:52:27.223, 3, 88649, 97871
2026/09/22 21:52:27.423, 0, 88649, 97871
2026/09/22 21:52:27.423, 1, 88649, 97871
2026/09/22 21:52:27.423, 2, 88649, 97871
2026/09/22 21:52:27.423, 3, 88649, 97871
2026/09/22 21:52:27.623, 0, 88649, 97871
2026/09/22 21:52:27.623, 1, 88649, 97871
2026/09/22 21:52:27.624, 2, 88649, 97871
2026/09/22 21:52:27.624, 3, 88649, 97871
2026/09/22 21:52:27.824, 0, 88649, 97871
2026/09/22 21:52:27.824, 1, 88649, 97871
2026/09/22 21:52:27.824, 2, 88649, 97871
2026/09/22 21:52:27.824, 3, 88649, 97871
2026/09/22 21:52:28.024, 0, 88649, 97871
2026/09/22 21:52:28.024, 1, 88649, 97871
2026/09/22 21:52:28.024, 2, 88649, 97871
2026/09/22 21:52:28.024, 3, 88649, 97871
2026/09/22 21:52:28.224, 0, 88649, 97871
2026/09/22 21:52:28.224, 1, 88649, 97871
2026/09/22 21:52:28.224, 2, 88649, 97871
2026/09/22 21:52:28.224, 3, 88649, 97871
2026/09/22 21:52:28.424, 0, 88649, 97871
2026/09/22 21:52:28.424, 1, 88649, 97871
2026/09/22 21:52:28.424, 2, 88649, 97871
2026/09/22 21:52:28.425, 3, 88649, 97871
2026/09/22 21:52:28.625, 0, 88649, 97871
2026/09/22 21:52:28.625, 1, 88649, 97871
2026/09/22 21:52:28.625, 2, 88649, 97871
2026/09/22 21:52:28.625, 3, 88649, 97871
2026/09/22 21:52:28.825, 0, 88649, 97871
2026/09/22 21:52:28.825, 1, 88649, 97871
2026/09/22 21:52:28.825, 2, 88649, 97871
2026/09/22 21:52:28.825, 3, 88649, 97871
2026/09/22 21:52:29.025, 0, 88649, 97871
2026/09/22 21:52:29.025, 1, 88649, 97871
2026/09/22 21:52:29.025, 2, 88649, 97871
2026/09/22 21:52:29.025, 3, 88649, 97871
2026/09/22 21:52:29.225, 0, 88649, 97871
2026/09/22 21:52:29.225, 1, 88649, 97871
2026/09/22 21:52:29.225, 2, 88649, 97871
2026/09/22 21:52:29.225, 3, 88649, 97871
2026/09/22 21:52:29.425, 0, 88649, 97871
2026/09/22 21:52:29.425, 1, 88649, 97871
2026/09/22 21:52:29.425, 2, 88649, 97871
2026/09/22 21:52:29.425, 3, 88649, 97871
2026/09/22 21:52:29.626, 0, 88649, 97871
2026/09/22 21:52:29.626, 1, 88649, 97871
2026/09/22 21:52:29.626, 2, 88649, 97871
2026/09/22 21:52:29.626, 3, 88649, 97871
2026/09/22 21:52:29.826, 0, 88649, 97871
2026/09/22 21:52:29.826, 1, 88649, 97871
2026/09/22 21:52:29.826, 2, 88649, 97871
2026/09/22 21:52:29.826, 3, 88649, 97871
2026/09/22 21:52:30.026, 0, 88649, 97871
2026/09/22 21:52:30.026, 1, 88649, 97871
2026/09/22 21:52:30.026, 2, 88649, 97871
2026/09/22 21:52:30.026, 3, 88649, 97871
2026/09/22 21:52:30.226, 0, 88649, 97871
2026/09/22 21:52:30.226, 1, 88649, 97871
2026/09/22 21:52:30.226, 2, 88649, 97871
2026/09/22 21:52:30.226, 3, 88649, 97871
2026/09/22 21:52:30.426, 0, 88649, 97871
2026/09/22 21:52:30.426, 1, 88649, 97871
2026/09/22 21:52:30.426, 2, 88649, 97871
2026/09/22 21:52:30.427, 3, 88649, 97871
2026/09/22 21:52:30.627, 0, 88649, 97871
2026/09/22 21:52:30.627, 1, 88649, 97871
2026/09/22 21:52:30.627, 2, 88649, 97871
2026/09/22 21:52:30.627, 3, 88649, 97871
2026/09/22 21:52:30.827, 0, 88649, 97871
2026/09/22 21:52:30.827, 1, 88649, 97871
2026/09/22 21:52:30.827, 2, 88649, 97871
2026/09/22 21:52:30.827, 3, 88649, 97871
2026/09/22 21:52:31.027, 0, 88649, 97871
2026/09/22 21:52:31.027, 1, 88649, 97871
2026/09/22 21:52:31.027, 2, 88649, 97871
2026/09/22 21:52:31.027, 3, 88649, 97871
2026/09/22 21:52:31.227, 0, 88649, 97871
2026/09/22 21:52:31.227, 1, 88649, 97871
2026/09/22 21:52:31.227, 2, 88649, 97871
2026/09/22 21:52:31.227, 3, 88649, 97871
2026/09/22 21:52:31.428, 0, 88649, 97871
2026/09/22 21:52:31.428, 1, 88649, 97871
2026/09/22 21:52:31.428, 2, 88649, 97871
2026/09/22 21:52:31.428, 3, 88649, 97871
2026/09/22 21:52:31.628, 0, 88649, 97871
2026/09/22 21:52:31.628, 1, 88649, 97871
2026/09/22 21:52:31.628, 2, 88649, 97871
2026/09/22 21:52:31.628, 3, 88649, 97871
2026/09/22 21:52:31.828, 0, 88649, 97871
2026/09/22 21:52:31.828, 1, 88649, 97871
2026/09/22 21:52:31.828, 2, 88649, 97871
2026/09/22 21:52:31.828, 3, 88649, 97871
2026/09/22 21:52:32.028, 0, 88649, 97871
2026/09/22 21:52:32.028, 1, 88649, 97871
2026/09/22 21:52:32.028, 2, 88649, 97871
2026/09/22 21:52:32.028, 3, 88649, 97871
2026/09/22 21:52:32.229, 0, 88649, 97871
2026/09/22 21:52:32.229, 1, 88649, 97871
2026/09/22 21:52:32.229, 2, 88649, 97871
2026/09/22 21:52:32.229, 3, 88649, 97871
2026/09/22 21:52:32.429, 0, 88649, 97871
2026/09/22 21:52:32.429, 1, 88649, 97871
2026/09/22 21:52:32.429, 2, 88649, 97871
2026/09/22 21:52:32.429, 3, 88649, 97871
2026/09/22 21:52:32.629, 0, 88649, 97871
2026/09/22 21:52:32.629, 1, 88649, 97871
2026/09/22 21:52:32.629, 2, 88649, 97871
2026/09/22 21:52:32.629, 3, 88649, 97871
2026/09/22 21:52:32.829, 0, 88649, 97871
2026/09/22 21:52:32.829, 1, 88649, 97871
2026/09/22 21:52:32.829, 2, 88649, 97871
2026/09/22 21:52:32.829, 3, 88649, 97871
2026/09/22 21:52:33.029, 0, 88649, 97871
2026/09/22 21:52:33.029, 1, 88649, 97871
2026/09/22 21:52:33.030, 2, 88649, 97871
2026/09/22 21:52:33.030, 3, 88649, 97871
2026/09/22 21:52:33.230, 0, 88649, 97871
2026/09/22 21:52:33.230, 1, 88649, 97871
2026/09/22 21:52:33.230, 2, 88649, 97871
2026/09/22 21:52:33.230, 3, 88649, 97871
2026/09/22 21:52:33.430, 0, 88649, 97871
2026/09/22 21:52:33.430, 1, 88649, 97871
2026/09/22 21:52:33.430, 2, 88649, 97871
2026/09/22 21:52:33.430, 3, 88649, 97871
2026/09/22 21:52:33.630, 0, 88649, 97871
2026/09/22 21:52:33.630, 1, 88649, 97871
2026/09/22 21:52:33.630, 2, 88649, 97871
2026/09/22 21:52:33.630, 3, 88649, 97871
2026/09/22 21:52:33.831, 0, 88649, 97871
2026/09/22 21:52:33.831, 1, 88649, 97871
2026/09/22 21:52:33.831, 2, 88649, 97871
2026/09/22 21:52:33.831, 3, 88649, 97871
2026/09/22 21:52:34.031, 0, 88649, 97871
2026/09/22 21:52:34.031, 1, 88649, 97871
2026/09/22 21:52:34.031, 2, 88649, 97871
2026/09/22 21:52:34.031, 3, 88649, 97871
2026/09/22 21:52:34.231, 0, 88649, 97871
2026/09/22 21:52:34.231, 1, 88649, 97871
2026/09/22 21:52:34.231, 2, 88649, 97871
2026/09/22 21:52:34.231, 3, 88649, 97871
2026/09/22 21:52:34.431, 0, 88649, 97871
2026/09/22 21:52:34.431, 1, 88649, 97871
2026/09/22 21:52:34.431, 2, 88649, 97871
2026/09/22 21:52:34.431, 3, 88649, 97871
2026/09/22 21:52:34.632, 0, 88649, 97871
2026/09/22 21:52:34.632, 1, 88649, 97871
2026/09/22 21:52:34.632, 2, 88649, 97871
2026/09/22 21:52:34.632, 3, 88649, 97871
2026/09/22 21:52:34.832, 0, 88649, 97871
2026/09/22 21:52:34.832, 1, 88649, 97871
2026/09/22 21:52:34.832, 2, 88649, 97871
2026/09/22 21:52:34.832, 3, 88649, 97871
2026/09/22 21:52:35.032, 0, 88649, 97871
2026/09/22 21:52:35.032, 1, 88649, 97871
2026/09/22 21:52:35.032, 2, 88649, 97871
2026/09/22 21:52:35.032, 3, 88649, 97871
2026/09/22 21:52:35.232, 0, 88649, 97871
2026/09/22 21:52:35.232, 1, 88649, 97871
2026/09/22 21:52:35.232, 2, 88649, 97871
2026/09/22 21:52:35.232, 3, 88649, 97871
2026/09/22 21:52:35.432, 0, 88649, 97871
2026/09/22 21:52:35.432, 1, 88649, 97871
2026/09/22 21:52:35.433, 2, 88649, 97871
2026/09/22 21:52:35.433, 3, 88649, 97871
2026/09/22 21:52:35.633, 0, 88649, 97871
2026/09/22 21:52:35.633, 1, 88649, 97871
2026/09/22 21:52:35.633, 2, 88649, 97871
2026/09/22 21:52:35.633, 3, 88649, 97871
2026/09/22 21:52:35.833, 0, 88649, 97871
2026/09/22 21:52:35.833, 1, 88649, 97871
2026/09/22 21:52:35.833, 2, 88649, 97871
2026/09/22 21:52:35.833, 3, 88649, 97871
2026/09/22 21:52:36.033, 0, 88649, 97871
2026/09/22 21:52:36.033, 1, 88649, 97871
2026/09/22 21:52:36.033, 2, 88649, 97871
2026/09/22 21:52:36.033, 3, 88649, 97871
2026/09/22 21:52:36.234, 0, 88649, 97871
2026/09/22 21:52:36.234, 1, 88649, 97871
2026/09/22 21:52:36.234, 2, 88649, 97871
2026/09/22 21:52:36.234, 3, 88649, 97871
2026/09/22 21:52:36.434, 0, 88649, 97871
2026/09/22 21:52:36.434, 1, 88649, 97871
2026/09/22 21:52:36.434, 2, 88649, 97871
2026/09/22 21:52:36.434, 3, 88649, 97871
2026/09/22 21:52:36.634, 0, 88649, 97871
2026/09/22 21:52:36.634, 1, 88649, 97871
2026/09/22 21:52:36.634, 2, 88649, 97871
2026/09/22 21:52:36.634, 3, 88649, 97871
2026/09/22 21:52:36.834, 0, 88649, 97871
2026/09/22 21:52:36.834, 1, 88649, 97871
2026/09/22 21:52:36.834, 2, 88649, 97871
2026/09/22 21:52:36.834, 3, 88649, 97871
2026/09/22 21:52:37.035, 0, 88649, 97871
2026/09/22 21:52:37.035, 1, 88649, 97871
2026/09/22 21:52:37.035, 2, 88649, 97871
2026/09/22 21:52:37.035, 3, 88649, 97871
2026/09/22 21:52:37.235, 0, 88649, 97871
2026/09/22 21:52:37.235, 1, 88649, 97871
2026/09/22 21:52:37.235, 2, 88649, 97871
2026/09/22 21:52:37.235, 3, 88649, 97871
2026/09/22 21:52:37.435, 0, 88649, 97871
2026/09/22 21:52:37.435, 1, 88649, 97871
2026/09/22 21:52:37.435, 2, 88649, 97871
2026/09/22 21:52:37.435, 3, 88649, 97871
2026/09/22 21:52:37.635, 0, 88649, 97871
2026/09/22 21:52:37.635, 1, 88649, 97871
2026/09/22 21:52:37.635, 2, 88649, 97871
2026/09/22 21:52:37.635, 3, 88649, 97871
2026/09/22 21:52:37.835, 0, 88649, 97871
2026/09/22 21:52:37.835, 1, 88649, 97871
2026/09/22 21:52:37.836, 2, 88649, 97871
2026/09/22 21:52:37.836, 3, 88649, 97871
2026/09/22 21:52:38.036, 0, 88649, 97871
2026/09/22 21:52:38.036, 1, 88649, 97871
2026/09/22 21:52:38.036, 2, 88649, 97871
2026/09/22 21:52:38.036, 3, 88649, 97871
2026/09/22 21:52:38.236, 0, 88649, 97871
2026/09/22 21:52:38.236, 1, 88649, 97871
2026/09/22 21:52:38.236, 2, 88649, 97871
2026/09/22 21:52:38.236, 3, 88649, 97871
2026/09/22 21:52:38.436, 0, 88649, 97871
2026/09/22 21:52:38.436, 1, 88649, 97871
2026/09/22 21:52:38.436, 2, 88649, 97871
2026/09/22 21:52:38.436, 3, 88649, 97871
2026/09/22 21:52:38.636, 0, 88649, 97871
2026/09/22 21:52:38.636, 1, 88649, 97871
2026/09/22 21:52:38.636, 2, 88649, 97871
2026/09/22 21:52:38.636, 3, 88649, 97871
2026/09/22 21:52:38.837, 0, 88649, 97871
2026/09/22 21:52:38.837, 1, 88649, 97871
2026/09/22 21:52:38.837, 2, 88649, 97871
2026/09/22 21:52:38.837, 3, 88649, 97871
2026/09/22 21:52:39.037, 0, 88649, 97871
2026/09/22 21:52:39.037, 1, 88649, 97871
2026/09/22 21:52:39.037, 2, 88649, 97871
2026/09/22 21:52:39.037, 3, 88649, 97871
2026/09/22 21:52:39.237, 0, 88649, 97871
2026/09/22 21:52:39.237, 1, 88649, 97871
2026/09/22 21:52:39.237, 2, 88649, 97871
2026/09/22 21:52:39.237, 3, 88649, 97871
2026/09/22 21:52:39.437, 0, 88649, 97871
2026/09/22 21:52:39.437, 1, 88649, 97871
2026/09/22 21:52:39.437, 2, 88649, 97871
2026/09/22 21:52:39.437, 3, 88649, 97871
2026/09/22 21:52:39.637, 0, 88649, 97871
2026/09/22 21:52:39.637, 1, 88649, 97871
2026/09/22 21:52:39.637, 2, 88649, 97871
2026/09/22 21:52:39.637, 3, 88649, 97871
2026/09/22 21:52:39.838, 0, 88649, 97871
2026/09/22 21:52:39.838, 1, 88649, 97871
2026/09/22 21:52:39.838, 2, 88649, 97871
2026/09/22 21:52:39.838, 3, 88649, 97871
2026/09/22 21:52:40.038, 0, 88649, 97871
2026/09/22 21:52:40.038, 1, 88649, 97871
2026/09/22 21:52:40.038, 2, 88649, 97871
2026/09/22 21:52:40.038, 3, 88649, 97871
2026/09/22 21:52:40.238, 0, 88649, 97871
2026/09/22 21:52:40.238, 1, 88649, 97871
2026/09/22 21:52:40.238, 2, 88649, 97871
2026/09/22 21:52:40.238, 3, 88649, 97871
2026/09/22 21:52:40.438, 0, 88649, 97871
2026/09/22 21:52:40.438, 1, 88649, 97871
2026/09/22 21:52:40.438, 2, 88649, 97871
2026/09/22 21:52:40.438, 3, 88649, 97871
2026/09/22 21:52:40.638, 0, 88649, 97871
2026/09/22 21:52:40.638, 1, 88649, 97871
2026/09/22 21:52:40.639, 2, 88649, 97871
2026/09/22 21:52:40.639, 3, 88649, 97871
2026/09/22 21:52:40.839, 0, 88649, 97871
2026/09/22 21:52:40.839, 1, 88649, 97871
2026/09/22 21:52:40.839, 2, 88649, 97871
2026/09/22 21:52:40.839, 3, 88649, 97871
2026/09/22 21:52:41.039, 0, 88649, 97871
2026/09/22 21:52:41.039, 1, 88649, 97871
2026/09/22 21:52:41.039, 2, 88649, 97871
2026/09/22 21:52:41.039, 3, 88649, 97871
2026/09/22 21:52:41.239, 0, 88649, 97871
2026/09/22 21:52:41.239, 1, 88649, 97871
2026/09/22 21:52:41.239, 2, 88649, 97871
2026/09/22 21:52:41.239, 3, 88649, 97871
2026/09/22 21:52:41.439, 0, 88649, 97871
2026/09/22 21:52:41.439, 1, 88649, 97871
2026/09/22 21:52:41.439, 2, 88649, 97871
2026/09/22 21:52:41.439, 3, 88649, 97871
2026/09/22 21:52:41.640, 0, 88649, 97871
2026/09/22 21:52:41.640, 1, 88649, 97871
2026/09/22 21:52:41.640, 2, 88649, 97871
2026/09/22 21:52:41.640, 3, 88649, 97871
2026/09/22 21:52:41.840, 0, 88649, 97871
2026/09/22 21:52:41.840, 1, 88649, 97871
2026/09/22 21:52:41.840, 2, 88649, 97871
2026/09/22 21:52:41.840, 3, 88649, 97871
2026/09/22 21:52:42.040, 0, 88649, 97871
2026/09/22 21:52:42.040, 1, 88649, 97871
2026/09/22 21:52:42.040, 2, 88649, 97871
2026/09/22 21:52:42.040, 3, 88649, 97871
2026/09/22 21:52:42.240, 0, 88649, 97871
2026/09/22 21:52:42.240, 1, 88649, 97871
2026/09/22 21:52:42.240, 2, 88649, 97871
2026/09/22 21:52:42.241, 3, 88649, 97871
2026/09/22 21:52:42.441, 0, 88649, 97871
2026/09/22 21:52:42.441, 1, 88649, 97871
2026/09/22 21:52:42.441, 2, 88649, 97871
2026/09/22 21:52:42.441, 3, 88649, 97871
2026/09/22 21:52:42.641, 0, 88649, 97871
2026/09/22 21:52:42.641, 1, 88649, 97871
2026/09/22 21:52:42.641, 2, 88649, 97871
2026/09/22 21:52:42.641, 3, 88649, 97871
2026/09/22 21:52:42.841, 0, 88649, 97871
2026/09/22 21:52:42.841, 1, 88649, 97871
2026/09/22 21:52:42.841, 2, 88649, 97871
2026/09/22 21:52:42.841, 3, 88649, 97871
2026/09/22 21:52:43.041, 0, 88649, 97871
2026/09/22 21:52:43.041, 1, 88649, 97871
2026/09/22 21:52:43.041, 2, 88649, 97871
2026/09/22 21:52:43.042, 3, 88649, 97871
2026/09/22 21:52:43.242, 0, 88649, 97871
2026/09/22 21:52:43.242, 1, 88649, 97871
2026/09/22 21:52:43.242, 2, 88649, 97871
2026/09/22 21:52:43.242, 3, 88649, 97871
2026/09/22 21:52:43.442, 0, 88649, 97871
2026/09/22 21:52:43.442, 1, 88649, 97871
2026/09/22 21:52:43.442, 2, 88649, 97871
2026/09/22 21:52:43.442, 3, 88649, 97871
2026/09/22 21:52:43.642, 0, 88649, 97871
2026/09/22 21:52:43.642, 1, 88649, 97871
2026/09/22 21:52:43.642, 2, 88649, 97871
2026/09/22 21:52:43.642, 3, 88649, 97871
2026/09/22 21:52:43.842, 0, 88649, 97871
2026/09/22 21:52:43.842, 1, 88649, 97871
2026/09/22 21:52:43.843, 2, 88649, 97871
2026/09/22 21:52:43.843, 3, 88649, 97871
2026/09/22 21:52:44.043, 0, 88649, 97871
2026/09/22 21:52:44.043, 1, 88649, 97871
2026/09/22 21:52:44.043, 2, 88649, 97871
2026/09/22 21:52:44.043, 3, 88649, 97871
2026/09/22 21:52:44.243, 0, 88649, 97871
2026/09/22 21:52:44.243, 1, 88649, 97871
2026/09/22 21:52:44.243, 2, 88649, 97871
2026/09/22 21:52:44.243, 3, 88649, 97871
2026/09/22 21:52:44.443, 0, 88649, 97871
2026/09/22 21:52:44.443, 1, 88649, 97871
2026/09/22 21:52:44.443, 2, 88649, 97871
2026/09/22 21:52:44.443, 3, 88649, 97871
2026/09/22 21:52:44.643, 0, 88649, 97871
2026/09/22 21:52:44.643, 1, 88649, 97871
2026/09/22 21:52:44.643, 2, 88649, 97871
2026/09/22 21:52:44.643, 3, 88649, 97871
2026/09/22 21:52:44.844, 0, 88649, 97871
2026/09/22 21:52:44.844, 1, 88649, 97871
2026/09/22 21:52:44.844, 2, 88649, 97871
2026/09/22 21:52:44.844, 3, 88649, 97871
2026/09/22 21:52:45.044, 0, 88649, 97871
2026/09/22 21:52:45.044, 1, 88649, 97871
2026/09/22 21:52:45.044, 2, 88649, 97871
2026/09/22 21:52:45.044, 3, 88649, 97871
2026/09/22 21:52:45.244, 0, 88649, 97871
2026/09/22 21:52:45.244, 1, 88649, 97871
2026/09/22 21:52:45.244, 2, 88649, 97871
2026/09/22 21:52:45.244, 3, 88649, 97871
2026/09/22 21:52:45.444, 0, 88649, 97871
2026/09/22 21:52:45.444, 1, 88649, 97871
2026/09/22 21:52:45.444, 2, 88649, 97871
2026/09/22 21:52:45.444, 3, 88649, 97871
2026/09/22 21:52:45.644, 0, 88649, 97871
2026/09/22 21:52:45.645, 1, 88649, 97871
2026/09/22 21:52:45.645, 2, 88649, 97871
2026/09/22 21:52:45.645, 3, 88649, 97871
2026/09/22 21:52:45.845, 0, 88649, 97871
2026/09/22 21:52:45.845, 1, 88649, 97871
2026/09/22 21:52:45.845, 2, 88649, 97871
2026/09/22 21:52:45.845, 3, 88649, 97871
2026/09/22 21:52:46.045, 0, 88649, 97871
2026/09/22 21:52:46.045, 1, 88649, 97871
2026/09/22 21:52:46.045, 2, 88649, 97871
2026/09/22 21:52:46.045, 3, 88649, 97871
2026/09/22 21:52:46.245, 0, 88649, 97871
2026/09/22 21:52:46.245, 1, 88649, 97871
2026/09/22 21:52:46.245, 2, 88649, 97871
2026/09/22 21:52:46.245, 3, 88649, 97871
2026/09/22 21:52:46.445, 0, 88649, 97871
2026/09/22 21:52:46.445, 1, 88649, 97871
2026/09/22 21:52:46.445, 2, 88649, 97871
2026/09/22 21:52:46.445, 3, 88649, 97871
2026/09/22 21:52:46.645, 0, 88649, 97871
2026/09/22 21:52:46.646, 1, 88649, 97871
2026/09/22 21:52:46.646, 2, 88649, 97871
2026/09/22 21:52:46.646, 3, 88649, 97871
2026/09/22 21:52:46.846, 0, 88649, 97871
2026/09/22 21:52:46.846, 1, 88649, 97871
2026/09/22 21:52:46.846, 2, 88649, 97871
2026/09/22 21:52:46.846, 3, 88649, 97871
2026/09/22 21:52:47.046, 0, 88649, 97871
2026/09/22 21:52:47.046, 1, 88649, 97871
2026/09/22 21:52:47.046, 2, 88649, 97871
2026/09/22 21:52:47.046, 3, 88649, 97871
2026/09/22 21:52:47.246, 0, 88649, 97871
2026/09/22 21:52:47.246, 1, 88649, 97871
2026/09/22 21:52:47.246, 2, 88649, 97871
2026/09/22 21:52:47.246, 3, 88649, 97871
2026/09/22 21:52:47.446, 0, 88649, 97871
2026/09/22 21:52:47.446, 1, 88649, 97871
2026/09/22 21:52:47.447, 2, 88649, 97871
2026/09/22 21:52:47.447, 3, 88649, 97871
2026/09/22 21:52:47.647, 0, 88649, 97871
2026/09/22 21:52:47.647, 1, 88649, 97871
2026/09/22 21:52:47.647, 2, 88649, 97871
2026/09/22 21:52:47.647, 3, 88649, 97871
2026/09/22 21:52:47.847, 0, 88649, 97871
2026/09/22 21:52:47.847, 1, 88649, 97871
2026/09/22 21:52:47.847, 2, 88649, 97871
2026/09/22 21:52:47.847, 3, 88649, 97871
2026/09/22 21:52:48.047, 0, 88649, 97871
2026/09/22 21:52:48.047, 1, 88649, 97871
2026/09/22 21:52:48.047, 2, 88649, 97871
2026/09/22 21:52:48.047, 3, 88649, 97871
2026/09/22 21:52:48.247, 0, 88649, 97871
2026/09/22 21:52:48.247, 1, 88649, 97871
2026/09/22 21:52:48.248, 2, 88649, 97871
2026/09/22 21:52:48.248, 3, 88649, 97871
2026/09/22 21:52:48.448, 0, 88649, 97871
2026/09/22 21:52:48.448, 1, 88649, 97871
2026/09/22 21:52:48.448, 2, 88649, 97871
2026/09/22 21:52:48.448, 3, 88649, 97871
2026/09/22 21:52:48.648, 0, 88649, 97871
2026/09/22 21:52:48.648, 1, 88649, 97871
2026/09/22 21:52:48.648, 2, 88649, 97871
2026/09/22 21:52:48.648, 3, 88649, 97871
2026/09/22 21:52:48.848, 0, 88649, 97871
2026/09/22 21:52:48.848, 1, 88649, 97871
2026/09/22 21:52:48.848, 2, 88649, 97871
2026/09/22 21:52:48.848, 3, 88649, 97871
2026/09/22 21:52:49.048, 0, 88649, 97871
2026/09/22 21:52:49.048, 1, 88649, 97871
2026/09/22 21:52:49.048, 2, 88649, 97871
2026/09/22 21:52:49.048, 3, 88649, 97871
2026/09/22 21:52:49.248, 0, 88649, 97871
2026/09/22 21:52:49.249, 1, 88649, 97871
2026/09/22 21:52:49.249, 2, 88649, 97871
2026/09/22 21:52:49.249, 3, 88649, 97871
2026/09/22 21:52:49.449, 0, 88649, 97871
2026/09/22 21:52:49.449, 1, 88649, 97871
2026/09/22 21:52:49.449, 2, 88649, 97871
2026/09/22 21:52:49.449, 3, 88649, 97871
2026/09/22 21:52:49.649, 0, 88649, 97871
2026/09/22 21:52:49.649, 1, 88649, 97871
2026/09/22 21:52:49.649, 2, 88649, 97871
2026/09/22 21:52:49.649, 3, 88649, 97871
2026/09/22 21:52:49.849, 0, 88649, 97871
2026/09/22 21:52:49.849, 1, 88649, 97871
2026/09/22 21:52:49.849, 2, 88649, 97871
2026/09/22 21:52:49.849, 3, 88649, 97871
2026/09/22 21:52:50.049, 0, 88649, 97871
2026/09/22 21:52:50.049, 1, 88649, 97871
2026/09/22 21:52:50.050, 2, 88649, 97871
2026/09/22 21:52:50.050, 3, 88649, 97871
2026/09/22 21:52:50.250, 0, 88649, 97871
2026/09/22 21:52:50.250, 1, 88649, 97871
2026/09/22 21:52:50.250, 2, 88649, 97871
2026/09/22 21:52:50.250, 3, 88649, 97871
2026/09/22 21:52:50.450, 0, 88649, 97871
2026/09/22 21:52:50.450, 1, 88649, 97871
2026/09/22 21:52:50.450, 2, 88649, 97871
2026/09/22 21:52:50.450, 3, 88649, 97871
2026/09/22 21:52:50.650, 0, 88649, 97871
2026/09/22 21:52:50.650, 1, 88649, 97871
2026/09/22 21:52:50.650, 2, 88649, 97871
2026/09/22 21:52:50.650, 3, 88649, 97871
2026/09/22 21:52:50.850, 0, 88649, 97871
2026/09/22 21:52:50.850, 1, 88649, 97871
2026/09/22 21:52:50.850, 2, 88649, 97871
2026/09/22 21:52:50.850, 3, 88649, 97871
2026/09/22 21:52:51.051, 0, 88649, 97871
2026/09/22 21:52:51.051, 1, 88649, 97871
2026/09/22 21:52:51.051, 2, 88649, 97871
2026/09/22 21:52:51.051, 3, 88649, 97871
2026/09/22 21:52:51.251, 0, 88649, 97871
2026/09/22 21:52:51.251, 1, 88649, 97871
2026/09/22 21:52:51.251, 2, 88649, 97871
2026/09/22 21:52:51.251, 3, 88649, 97871
2026/09/22 21:52:51.451, 0, 88649, 97871
2026/09/22 21:52:51.451, 1, 88649, 97871
2026/09/22 21:52:51.451, 2, 88649, 97871
2026/09/22 21:52:51.451, 3, 88649, 97871
2026/09/22 21:52:51.651, 0, 88649, 97871
2026/09/22 21:52:51.651, 1, 88649, 97871
2026/09/22 21:52:51.651, 2, 88649, 97871
2026/09/22 21:52:51.651, 3, 88649, 97871
2026/09/22 21:52:51.851, 0, 88649, 97871
2026/09/22 21:52:51.852, 1, 88649, 97871
2026/09/22 21:52:51.852, 2, 88649, 97871
2026/09/22 21:52:51.852, 3, 88649, 97871
2026/09/22 21:52:52.052, 0, 88649, 97871
2026/09/22 21:52:52.052, 1, 88649, 97871
2026/09/22 21:52:52.052, 2, 88649, 97871
2026/09/22 21:52:52.052, 3, 88649, 97871
2026/09/22 21:52:52.252, 0, 88649, 97871
2026/09/22 21:52:52.252, 1, 88649, 97871
2026/09/22 21:52:52.252, 2, 88649, 97871
2026/09/22 21:52:52.252, 3, 88649, 97871
2026/09/22 21:52:52.452, 0, 88649, 97871
2026/09/22 21:52:52.452, 1, 88649, 97871
2026/09/22 21:52:52.452, 2, 88649, 97871
2026/09/22 21:52:52.452, 3, 88649, 97871
2026/09/22 21:52:52.652, 0, 88649, 97871
2026/09/22 21:52:52.653, 1, 88649, 97871
2026/09/22 21:52:52.653, 2, 88649, 97871
2026/09/22 21:52:52.653, 3, 88649, 97871
2026/09/22 21:52:52.853, 0, 88649, 97871
2026/09/22 21:52:52.853, 1, 88649, 97871
2026/09/22 21:52:52.853, 2, 88649, 97871
2026/09/22 21:52:52.853, 3, 88649, 97871
2026/09/22 21:52:53.053, 0, 88649, 97871
2026/09/22 21:52:53.053, 1, 88649, 97871
2026/09/22 21:52:53.053, 2, 88649, 97871
2026/09/22 21:52:53.053, 3, 88649, 97871
2026/09/22 21:52:53.253, 0, 88649, 97871
2026/09/22 21:52:53.253, 1, 88649, 97871
2026/09/22 21:52:53.253, 2, 88649, 97871
2026/09/22 21:52:53.253, 3, 88649, 97871
2026/09/22 21:52:53.454, 0, 88649, 97871
2026/09/22 21:52:53.454, 1, 88649, 97871
2026/09/22 21:52:53.454, 2, 88649, 97871
2026/09/22 21:52:53.454, 3, 88649, 97871
2026/09/22 21:52:53.654, 0, 88649, 97871
2026/09/22 21:52:53.654, 1, 88649, 97871
2026/09/22 21:52:53.654, 2, 88649, 97871
2026/09/22 21:52:53.654, 3, 88649, 97871
2026/09/22 21:52:53.854, 0, 88649, 97871
2026/09/22 21:52:53.854, 1, 88649, 97871
2026/09/22 21:52:53.854, 2, 88649, 97871
2026/09/22 21:52:53.854, 3, 88649, 97871
2026/09/22 21:52:54.054, 0, 88649, 97871
2026/09/22 21:52:54.054, 1, 88649, 97871
2026/09/22 21:52:54.054, 2, 88649, 97871
2026/09/22 21:52:54.054, 3, 88649, 97871
2026/09/22 21:52:54.254, 0, 88649, 97871
2026/09/22 21:52:54.254, 1, 88649, 97871
2026/09/22 21:52:54.255, 2, 88649, 97871
2026/09/22 21:52:54.255, 3, 88649, 97871
2026/09/22 21:52:54.455, 0, 88649, 97871
2026/09/22 21:52:54.455, 1, 88649, 97871
2026/09/22 21:52:54.455, 2, 88649, 97871
2026/09/22 21:52:54.455, 3, 88649, 97871
2026/09/22 21:52:54.655, 0, 88649, 97871
2026/09/22 21:52:54.655, 1, 88649, 97871
2026/09/22 21:52:54.655, 2, 88649, 97871
2026/09/22 21:52:54.655, 3, 88649, 97871
2026/09/22 21:52:54.855, 0, 88649, 97871
2026/09/22 21:52:54.855, 1, 88649, 97871
2026/09/22 21:52:54.855, 2, 88649, 97871
2026/09/22 21:52:54.855, 3, 88649, 97871
2026/09/22 21:52:55.055, 0, 88649, 97871
2026/09/22 21:52:55.055, 1, 88649, 97871
2026/09/22 21:52:55.055, 2, 88649, 97871
2026/09/22 21:52:55.055, 3, 88649, 97871
2026/09/22 21:52:55.256, 0, 88649, 97871
2026/09/22 21:52:55.256, 1, 88649, 97871
2026/09/22 21:52:55.256, 2, 88649, 97871
2026/09/22 21:52:55.256, 3, 88649, 97871
2026/09/22 21:52:55.456, 0, 88649, 97871
2026/09/22 21:52:55.456, 1, 88649, 97871
2026/09/22 21:52:55.456, 2, 88649, 97871
2026/09/22 21:52:55.456, 3, 88649, 97871
2026/09/22 21:52:55.656, 0, 88649, 97871
2026/09/22 21:52:55.656, 1, 88649, 97871
2026/09/22 21:52:55.656, 2, 88649, 97871
2026/09/22 21:52:55.656, 3, 88649, 97871
2026/09/22 21:52:55.856, 0, 88649, 97871
2026/09/22 21:52:55.856, 1, 88649, 97871
2026/09/22 21:52:55.856, 2, 88649, 97871
2026/09/22 21:52:55.856, 3, 88649, 97871
2026/09/22 21:52:56.057, 0, 88649, 97871
2026/09/22 21:52:56.057, 1, 88649, 97871
2026/09/22 21:52:56.057, 2, 88649, 97871
2026/09/22 21:52:56.057, 3, 88649, 97871
2026/09/22 21:52:56.257, 0, 88649, 97871
2026/09/22 21:52:56.257, 1, 88649, 97871
2026/09/22 21:52:56.257, 2, 88649, 97871
2026/09/22 21:52:56.257, 3, 88649, 97871
2026/09/22 21:52:56.457, 0, 88649, 97871
2026/09/22 21:52:56.457, 1, 88649, 97871
2026/09/22 21:52:56.457, 2, 88649, 97871
2026/09/22 21:52:56.457, 3, 88649, 97871
2026/09/22 21:52:56.657, 0, 88649, 97871
2026/09/22 21:52:56.657, 1, 88649, 97871
2026/09/22 21:52:56.657, 2, 88649, 97871
2026/09/22 21:52:56.657, 3, 88649, 97871
2026/09/22 21:52:56.858, 0, 88649, 97871
2026/09/22 21:52:56.858, 1, 88649, 97871
2026/09/22 21:52:56.858, 2, 88649, 97871
2026/09/22 21:52:56.858, 3, 88649, 97871
2026/09/22 21:52:57.058, 0, 88649, 97871
2026/09/22 21:52:57.058, 1, 88649, 97871
2026/09/22 21:52:57.058, 2, 88649, 97871
2026/09/22 21:52:57.058, 3, 88649, 97871
2026/09/22 21:52:57.258, 0, 88649, 97871
2026/09/22 21:52:57.258, 1, 88649, 97871
2026/09/22 21:52:57.258, 2, 88649, 97871
2026/09/22 21:52:57.258, 3, 88649, 97871
2026/09/22 21:52:57.458, 0, 88649, 97871
2026/09/22 21:52:57.458, 1, 88649, 97871
2026/09/22 21:52:57.458, 2, 88649, 97871
2026/09/22 21:52:57.458, 3, 88649, 97871
2026/09/22 21:52:57.658, 0, 88649, 97871
2026/09/22 21:52:57.659, 1, 88649, 97871
2026/09/22 21:52:57.659, 2, 88649, 97871
2026/09/22 21:52:57.659, 3, 88649, 97871
2026/09/22 21:52:57.859, 0, 88649, 97871
2026/09/22 21:52:57.859, 1, 88649, 97871
2026/09/22 21:52:57.859, 2, 88649, 97871
2026/09/22 21:52:57.859, 3, 88649, 97871
2026/09/22 21:52:58.059, 0, 88649, 97871
2026/09/22 21:52:58.059, 1, 88649, 97871
2026/09/22 21:52:58.059, 2, 88649, 97871
2026/09/22 21:52:58.059, 3, 88649, 97871
2026/09/22 21:52:58.259, 0, 88649, 97871
2026/09/22 21:52:58.259, 1, 88649, 97871
2026/09/22 21:52:58.259, 2, 88649, 97871
2026/09/22 21:52:58.259, 3, 88649, 97871
2026/09/22 21:52:58.460, 0, 88649, 97871
2026/09/22 21:52:58.460, 1, 88649, 97871
2026/09/22 21:52:58.460, 2, 88649, 97871
2026/09/22 21:52:58.460, 3, 88649, 97871
2026/09/22 21:52:58.660, 0, 88649, 97871
2026/09/22 21:52:58.660, 1, 88649, 97871
2026/09/22 21:52:58.660, 2, 88649, 97871
2026/09/22 21:52:58.660, 3, 88649, 97871
2026/09/22 21:52:58.860, 0, 88649, 97871
2026/09/22 21:52:58.860, 1, 88649, 97871
2026/09/22 21:52:58.860, 2, 88649, 97871
2026/09/22 21:52:58.860, 3, 88649, 97871
2026/09/22 21:52:59.060, 0, 88649, 97871
2026/09/22 21:52:59.060, 1, 88649, 97871
2026/09/22 21:52:59.060, 2, 88649, 97871
2026/09/22 21:52:59.060, 3, 88649, 97871
2026/09/22 21:52:59.260, 0, 88649, 97871
2026/09/22 21:52:59.261, 1, 88649, 97871
2026/09/22 21:52:59.261, 2, 88649, 97871
2026/09/22 21:52:59.261, 3, 88649, 97871
2026/09/22 21:52:59.461, 0, 88649, 97871
2026/09/22 21:52:59.461, 1, 88649, 97871
2026/09/22 21:52:59.461, 2, 88649, 97871
2026/09/22 21:52:59.461, 3, 88649, 97871
2026/09/22 21:52:59.661, 0, 88649, 97871
2026/09/22 21:52:59.661, 1, 88649, 97871
2026/09/22 21:52:59.661, 2, 88649, 97871
2026/09/22 21:52:59.661, 3, 88649, 97871
2026/09/22 21:52:59.861, 0, 88649, 97871
2026/09/22 21:52:59.861, 1, 88649, 97871
2026/09/22 21:52:59.861, 2, 88649, 97871
2026/09/22 21:52:59.861, 3, 88649, 97871
2026/09/22 21:53:00.061, 0, 88649, 97871
2026/09/22 21:53:00.061, 1, 88649, 97871
2026/09/22 21:53:00.061, 2, 88649, 97871
2026/09/22 21:53:00.062, 3, 88649, 97871
2026/09/22 21:53:00.262, 0, 88649, 97871
2026/09/22 21:53:00.262, 1, 88649, 97871
2026/09/22 21:53:00.262, 2, 88649, 97871
2026/09/22 21:53:00.262, 3, 88649, 97871
2026/09/22 21:53:00.462, 0, 88649, 97871
2026/09/22 21:53:00.462, 1, 88649, 97871
2026/09/22 21:53:00.462, 2, 88649, 97871
2026/09/22 21:53:00.462, 3, 88649, 97871
2026/09/22 21:53:00.662, 0, 88649, 97871
2026/09/22 21:53:00.662, 1, 88649, 97871
2026/09/22 21:53:00.662, 2, 88649, 97871
2026/09/22 21:53:00.662, 3, 88649, 97871
2026/09/22 21:53:00.862, 0, 88649, 97871
2026/09/22 21:53:00.862, 1, 88649, 97871
2026/09/22 21:53:00.862, 2, 88649, 97871
2026/09/22 21:53:00.862, 3, 88649, 97871
2026/09/22 21:53:01.062, 0, 88649, 97871
2026/09/22 21:53:01.062, 1, 88649, 97871
2026/09/22 21:53:01.062, 2, 88649, 97871
2026/09/22 21:53:01.062, 3, 88649, 97871
2026/09/22 21:53:01.263, 0, 88649, 97871
2026/09/22 21:53:01.263, 1, 88649, 97871
2026/09/22 21:53:01.263, 2, 88649, 97871
2026/09/22 21:53:01.263, 3, 88649, 97871
2026/09/22 21:53:01.463, 0, 88649, 97871
2026/09/22 21:53:01.466, 1, 88649, 97871
2026/09/22 21:53:01.502, 2, 88649, 97871
2026/09/22 21:53:01.502, 3, 88649, 97871
2026/09/22 21:53:01.703, 0, 88649, 97871
2026/09/22 21:53:01.703, 1, 88649, 97871
2026/09/22 21:53:01.703, 2, 88649, 97871
2026/09/22 21:53:01.703, 3, 88649, 97871
2026/09/22 21:53:01.903, 0, 88649, 97871
2026/09/22 21:53:01.903, 1, 88649, 97871
2026/09/22 21:53:01.903, 2, 88649, 97871
2026/09/22 21:53:01.903, 3, 88649, 97871
2026/09/22 21:53:02.103, 0, 88649, 97871
2026/09/22 21:53:02.103, 1, 88649, 97871
2026/09/22 21:53:02.103, 2, 88649, 97871
2026/09/22 21:53:02.103, 3, 88649, 97871
2026/09/22 21:53:02.303, 0, 88649, 97871
2026/09/22 21:53:02.303, 1, 88649, 97871
2026/09/22 21:53:02.303, 2, 88649, 97871
2026/09/22 21:53:02.303, 3, 88649, 97871
2026/09/22 21:53:02.503, 0, 88649, 97871
2026/09/22 21:53:02.503, 1, 88649, 97871
2026/09/22 21:53:02.503, 2, 88649, 97871
2026/09/22 21:53:02.503, 3, 88649, 97871
2026/09/22 21:53:02.704, 0, 88649, 97871
2026/09/22 21:53:02.704, 1, 88649, 97871
2026/09/22 21:53:02.704, 2, 88649, 97871
2026/09/22 21:53:02.704, 3, 88649, 97871
2026/09/22 21:53:02.904, 0, 88649, 97871
2026/09/22 21:53:02.904, 1, 88649, 97871
2026/09/22 21:53:02.904, 2, 88649, 97871
2026/09/22 21:53:02.904, 3, 88649, 97871
2026/09/22 21:53:03.104, 0, 88649, 97871
2026/09/22 21:53:03.104, 1, 88649, 97871
2026/09/22 21:53:03.104, 2, 88649, 97871
2026/09/22 21:53:03.104, 3, 88649, 97871
2026/09/22 21:53:03.304, 0, 88649, 97871
2026/09/22 21:53:03.304, 1, 88649, 97871
2026/09/22 21:53:03.304, 2, 88649, 97871
2026/09/22 21:53:03.304, 3, 88649, 97871
2026/09/22 21:53:03.504, 0, 88649, 97871
2026/09/22 21:53:03.504, 1, 88649, 97871
2026/09/22 21:53:03.504, 2, 88649, 97871
2026/09/22 21:53:03.504, 3, 88649, 97871
2026/09/22 21:53:03.704, 0, 88649, 97871
2026/09/22 21:53:03.705, 1, 88649, 97871
2026/09/22 21:53:03.705, 2, 88649, 97871
2026/09/22 21:53:03.705, 3, 88649, 97871
2026/09/22 21:53:03.905, 0, 88649, 97871
2026/09/22 21:53:03.905, 1, 88649, 97871
2026/09/22 21:53:03.905, 2, 88649, 97871
2026/09/22 21:53:03.905, 3, 88649, 97871
2026/09/22 21:53:04.105, 0, 88649, 97871
2026/09/22 21:53:04.105, 1, 88649, 97871
2026/09/22 21:53:04.105, 2, 88649, 97871
2026/09/22 21:53:04.105, 3, 88649, 97871
2026/09/22 21:53:04.305, 0, 88649, 97871
2026/09/22 21:53:04.305, 1, 88649, 97871
2026/09/22 21:53:04.305, 2, 88649, 97871
2026/09/22 21:53:04.305, 3, 88649, 97871
2026/09/22 21:53:04.505, 0, 88649, 97871
2026/09/22 21:53:04.505, 1, 88649, 97871
2026/09/22 21:53:04.505, 2, 88649, 97871
2026/09/22 21:53:04.505, 3, 88649, 97871
2026/09/22 21:53:04.705, 0, 88649, 97871
2026/09/22 21:53:04.705, 1, 88649, 97871
2026/09/22 21:53:04.705, 2, 88649, 97871
2026/09/22 21:53:04.706, 3, 88649, 97871
2026/09/22 21:53:04.906, 0, 88649, 97871
2026/09/22 21:53:04.906, 1, 88649, 97871
2026/09/22 21:53:04.906, 2, 88649, 97871
2026/09/22 21:53:04.906, 3, 88649, 97871
2026/09/22 21:53:05.106, 0, 88649, 97871
2026/09/22 21:53:05.106, 1, 88649, 97871
2026/09/22 21:53:05.106, 2, 88649, 97871
2026/09/22 21:53:05.106, 3, 88649, 97871
2026/09/22 21:53:05.306, 0, 88649, 97871
2026/09/22 21:53:05.306, 1, 88649, 97871
2026/09/22 21:53:05.306, 2, 88649, 97871
2026/09/22 21:53:05.306, 3, 88649, 97871
2026/09/22 21:53:05.506, 0, 88649, 97871
2026/09/22 21:53:05.506, 1, 88649, 97871
2026/09/22 21:53:05.506, 2, 88649, 97871
2026/09/22 21:53:05.506, 3, 88649, 97871
2026/09/22 21:53:05.706, 0, 88649, 97871
2026/09/22 21:53:05.706, 1, 88649, 97871
2026/09/22 21:53:05.706, 2, 88649, 97871
2026/09/22 21:53:05.706, 3, 88649, 97871
2026/09/22 21:53:05.907, 0, 88649, 97871
2026/09/22 21:53:05.907, 1, 88649, 97871
2026/09/22 21:53:05.907, 2, 88649, 97871
2026/09/22 21:53:05.907, 3, 88649, 97871
2026/09/22 21:53:06.107, 0, 88649, 97871
2026/09/22 21:53:06.107, 1, 88649, 97871
2026/09/22 21:53:06.107, 2, 88649, 97871
2026/09/22 21:53:06.107, 3, 88649, 97871
2026/09/22 21:53:06.307, 0, 88649, 97871
2026/09/22 21:53:06.307, 1, 88649, 97871
2026/09/22 21:53:06.307, 2, 88649, 97871
2026/09/22 21:53:06.307, 3, 88649, 97871
2026/09/22 21:53:06.507, 0, 88649, 97871
2026/09/22 21:53:06.507, 1, 88649, 97871
2026/09/22 21:53:06.507, 2, 88649, 97871
2026/09/22 21:53:06.507, 3, 88649, 97871
2026/09/22 21:53:06.707, 0, 88649, 97871
2026/09/22 21:53:06.707, 1, 88649, 97871
2026/09/22 21:53:06.707, 2, 88649, 97871
2026/09/22 21:53:06.707, 3, 88649, 97871
2026/09/22 21:53:06.908, 0, 88649, 97871
2026/09/22 21:53:06.908, 1, 88649, 97871
2026/09/22 21:53:06.908, 2, 88649, 97871
2026/09/22 21:53:06.908, 3, 88649, 97871
2026/09/22 21:53:07.108, 0, 88649, 97871
2026/09/22 21:53:07.108, 1, 88649, 97871
2026/09/22 21:53:07.108, 2, 88649, 97871
2026/09/22 21:53:07.108, 3, 88649, 97871
2026/09/22 21:53:07.308, 0, 88649, 97871
2026/09/22 21:53:07.308, 1, 88649, 97871
2026/09/22 21:53:07.308, 2, 88649, 97871
2026/09/22 21:53:07.308, 3, 88649, 97871
2026/09/22 21:53:07.508, 0, 88649, 97871
2026/09/22 21:53:07.508, 1, 88649, 97871
2026/09/22 21:53:07.508, 2, 88649, 97871
2026/09/22 21:53:07.508, 3, 88649, 97871
2026/09/22 21:53:07.708, 0, 88649, 97871
2026/09/22 21:53:07.708, 1, 88649, 97871
2026/09/22 21:53:07.708, 2, 88649, 97871
2026/09/22 21:53:07.708, 3, 88649, 97871
2026/09/22 21:53:07.908, 0, 88649, 97871
2026/09/22 21:53:07.908, 1, 88649, 97871
2026/09/22 21:53:07.908, 2, 88649, 97871
2026/09/22 21:53:07.908, 3, 88649, 97871
2026/09/22 21:53:08.109, 0, 88649, 97871
2026/09/22 21:53:08.109, 1, 88649, 97871
2026/09/22 21:53:08.109, 2, 88649, 97871
2026/09/22 21:53:08.109, 3, 88649, 97871
2026/09/22 21:53:08.309, 0, 88649, 97871
2026/09/22 21:53:08.309, 1, 88649, 97871
2026/09/22 21:53:08.309, 2, 88649, 97871
2026/09/22 21:53:08.309, 3, 88649, 97871
2026/09/22 21:53:08.509, 0, 88649, 97871
2026/09/22 21:53:08.509, 1, 88649, 97871
2026/09/22 21:53:08.509, 2, 88649, 97871
2026/09/22 21:53:08.509, 3, 88649, 97871
2026/09/22 21:53:08.709, 0, 88649, 97871
2026/09/22 21:53:08.709, 1, 88649, 97871
2026/09/22 21:53:08.709, 2, 88649, 97871
2026/09/22 21:53:08.709, 3, 88649, 97871
2026/09/22 21:53:08.909, 0, 88649, 97871
2026/09/22 21:53:08.909, 1, 88649, 97871
2026/09/22 21:53:08.909, 2, 88649, 97871
2026/09/22 21:53:08.909, 3, 88649, 97871
2026/09/22 21:53:09.109, 0, 88649, 97871
2026/09/22 21:53:09.110, 1, 88649, 97871
2026/09/22 21:53:09.110, 2, 88649, 97871
2026/09/22 21:53:09.110, 3, 88649, 97871
2026/09/22 21:53:09.310, 0, 88649, 97871
2026/09/22 21:53:09.310, 1, 88649, 97871
2026/09/22 21:53:09.310, 2, 88649, 97871
2026/09/22 21:53:09.310, 3, 88649, 97871
2026/09/22 21:53:09.510, 0, 88649, 97871
2026/09/22 21:53:09.510, 1, 88649, 97871
2026/09/22 21:53:09.510, 2, 88649, 97871
2026/09/22 21:53:09.510, 3, 88649, 97871
2026/09/22 21:53:09.710, 0, 88649, 97871
2026/09/22 21:53:09.710, 1, 88649, 97871
2026/09/22 21:53:09.710, 2, 88649, 97871
2026/09/22 21:53:09.710, 3, 88649, 97871
2026/09/22 21:53:09.910, 0, 88649, 97871
2026/09/22 21:53:09.910, 1, 88649, 97871
2026/09/22 21:53:09.910, 2, 88649, 97871
2026/09/22 21:53:09.910, 3, 88649, 97871
2026/09/22 21:53:10.110, 0, 88649, 97871
2026/09/22 21:53:10.110, 1, 88649, 97871
2026/09/22 21:53:10.110, 2, 88649, 97871
2026/09/22 21:53:10.110, 3, 88649, 97871
2026/09/22 21:53:10.311, 0, 88649, 97871
2026/09/22 21:53:10.311, 1, 88649, 97871
2026/09/22 21:53:10.311, 2, 88649, 97871
2026/09/22 21:53:10.311, 3, 88649, 97871
2026/09/22 21:53:10.511, 0, 88649, 97871
2026/09/22 21:53:10.511, 1, 88649, 97871
2026/09/22 21:53:10.511, 2, 88649, 97871
2026/09/22 21:53:10.511, 3, 88649, 97871
2026/09/22 21:53:10.711, 0, 88649, 97871
2026/09/22 21:53:10.711, 1, 88649, 97871
2026/09/22 21:53:10.711, 2, 88649, 97871
2026/09/22 21:53:10.711, 3, 88649, 97871
2026/09/22 21:53:10.911, 0, 88649, 97871
2026/09/22 21:53:10.911, 1, 88649, 97871
2026/09/22 21:53:10.911, 2, 88649, 97871
2026/09/22 21:53:10.911, 3, 88649, 97871
2026/09/22 21:53:11.111, 0, 88649, 97871
2026/09/22 21:53:11.111, 1, 88649, 97871
2026/09/22 21:53:11.111, 2, 88649, 97871
2026/09/22 21:53:11.111, 3, 88649, 97871
2026/09/22 21:53:11.312, 0, 88649, 97871
2026/09/22 21:53:11.312, 1, 88649, 97871
2026/09/22 21:53:11.312, 2, 88649, 97871
2026/09/22 21:53:11.312, 3, 88649, 97871
2026/09/22 21:53:11.512, 0, 88649, 97871
2026/09/22 21:53:11.512, 1, 88649, 97871
2026/09/22 21:53:11.512, 2, 88649, 97871
2026/09/22 21:53:11.512, 3, 88649, 97871
2026/09/22 21:53:11.712, 0, 88649, 97871
2026/09/22 21:53:11.712, 1, 88649, 97871
2026/09/22 21:53:11.712, 2, 88649, 97871
2026/09/22 21:53:11.712, 3, 88649, 97871
2026/09/22 21:53:11.912, 0, 88649, 97871
2026/09/22 21:53:11.912, 1, 88649, 97871
2026/09/22 21:53:11.912, 2, 88649, 97871
2026/09/22 21:53:11.912, 3, 88649, 97871
2026/09/22 21:53:12.112, 0, 88649, 97871
2026/09/22 21:53:12.112, 1, 88649, 97871
2026/09/22 21:53:12.112, 2, 88649, 97871
2026/09/22 21:53:12.112, 3, 88649, 97871
2026/09/22 21:53:12.312, 0, 88649, 97871
2026/09/22 21:53:12.313, 1, 88649, 97871
2026/09/22 21:53:12.313, 2, 88649, 97871
2026/09/22 21:53:12.313, 3, 88649, 97871
2026/09/22 21:53:12.513, 0, 88649, 97871
2026/09/22 21:53:12.513, 1, 88649, 97871
2026/09/22 21:53:12.513, 2, 88649, 97871
2026/09/22 21:53:12.513, 3, 88649, 97871
2026/09/22 21:53:12.713, 0, 89425, 97871
2026/09/22 21:53:12.713, 1, 89425, 97871
2026/09/22 21:53:12.713, 2, 89425, 97871
2026/09/22 21:53:12.713, 3, 89425, 97871
2026/09/22 21:53:12.913, 0, 89425, 97871
2026/09/22 21:53:12.913, 1, 89425, 97871
2026/09/22 21:53:12.913, 2, 89425, 97871
2026/09/22 21:53:12.913, 3, 89425, 97871
2026/09/22 21:53:13.113, 0, 89425, 97871
2026/09/22 21:53:13.113, 1, 89425, 97871
2026/09/22 21:53:13.113, 2, 89425, 97871
2026/09/22 21:53:13.113, 3, 89425, 97871
2026/09/22 21:53:13.314, 0, 89425, 97871
2026/09/22 21:53:13.314, 1, 89425, 97871
2026/09/22 21:53:13.314, 2, 89425, 97871
2026/09/22 21:53:13.314, 3, 89425, 97871
2026/09/22 21:53:13.514, 0, 89425, 97871
2026/09/22 21:53:13.514, 1, 89425, 97871
2026/09/22 21:53:13.514, 2, 89425, 97871
2026/09/22 21:53:13.514, 3, 89425, 97871
2026/09/22 21:53:13.714, 0, 89425, 97871
2026/09/22 21:53:13.714, 1, 89425, 97871
2026/09/22 21:53:13.714, 2, 89425, 97871
2026/09/22 21:53:13.714, 3, 89425, 97871
2026/09/22 21:53:13.914, 0, 89425, 97871
2026/09/22 21:53:13.914, 1, 89425, 97871
2026/09/22 21:53:13.914, 2, 89425, 97871
2026/09/22 21:53:13.914, 3, 89425, 97871
2026/09/22 21:53:14.114, 0, 89425, 97871
2026/09/22 21:53:14.114, 1, 89425, 97871
2026/09/22 21:53:14.114, 2, 89425, 97871
2026/09/22 21:53:14.114, 3, 89425, 97871
2026/09/22 21:53:14.315, 0, 89425, 97871
2026/09/22 21:53:14.315, 1, 89425, 97871
2026/09/22 21:53:14.315, 2, 89425, 97871
2026/09/22 21:53:14.315, 3, 89425, 97871
2026/09/22 21:53:14.515, 0, 89425, 97871
2026/09/22 21:53:14.515, 1, 89425, 97871
2026/09/22 21:53:14.515, 2, 89425, 97871
2026/09/22 21:53:14.515, 3, 89425, 97871
2026/09/22 21:53:14.715, 0, 89425, 97871
2026/09/22 21:53:14.715, 1, 89425, 97871
2026/09/22 21:53:14.715, 2, 89425, 97871
2026/09/22 21:53:14.715, 3, 89425, 97871
2026/09/22 21:53:14.915, 0, 89425, 97871
2026/09/22 21:53:14.915, 1, 89425, 97871
2026/09/22 21:53:14.915, 2, 89425, 97871
2026/09/22 21:53:14.915, 3, 89425, 97871
2026/09/22 21:53:15.116, 0, 89425, 97871
2026/09/22 21:53:15.116, 1, 89425, 97871
2026/09/22 21:53:15.116, 2, 89425, 97871
2026/09/22 21:53:15.116, 3, 89425, 97871
2026/09/22 21:53:15.316, 0, 89425, 97871
2026/09/22 21:53:15.316, 1, 89425, 97871
2026/09/22 21:53:15.316, 2, 89425, 97871
2026/09/22 21:53:15.316, 3, 89425, 97871
2026/09/22 21:53:15.516, 0, 89425, 97871
2026/09/22 21:53:15.516, 1, 89425, 97871
2026/09/22 21:53:15.516, 2, 89425, 97871
2026/09/22 21:53:15.516, 3, 89425, 97871
2026/09/22 21:53:15.716, 0, 89425, 97871
2026/09/22 21:53:15.716, 1, 89425, 97871
2026/09/22 21:53:15.716, 2, 89425, 97871
2026/09/22 21:53:15.716, 3, 89425, 97871
2026/09/22 21:53:15.916, 0, 89425, 97871
2026/09/22 21:53:15.916, 1, 89425, 97871
2026/09/22 21:53:15.916, 2, 89425, 97871
2026/09/22 21:53:15.916, 3, 89425, 97871
2026/09/22 21:53:16.117, 0, 89425, 97871
2026/09/22 21:53:16.117, 1, 89425, 97871
2026/09/22 21:53:16.117, 2, 89425, 97871
2026/09/22 21:53:16.117, 3, 89425, 97871
2026/09/22 21:53:16.317, 0, 89425, 97871
2026/09/22 21:53:16.317, 1, 89425, 97871
2026/09/22 21:53:16.317, 2, 89425, 97871
2026/09/22 21:53:16.317, 3, 89425, 97871
2026/09/22 21:53:16.517, 0, 89425, 97871
2026/09/22 21:53:16.517, 1, 89425, 97871
2026/09/22 21:53:16.517, 2, 89425, 97871
2026/09/22 21:53:16.517, 3, 89425, 97871
2026/09/22 21:53:16.717, 0, 89425, 97871
2026/09/22 21:53:16.717, 1, 89425, 97871
2026/09/22 21:53:16.717, 2, 89425, 97871
2026/09/22 21:53:16.717, 3, 89425, 97871
2026/09/22 21:53:16.918, 0, 89425, 97871
2026/09/22 21:53:16.918, 1, 89425, 97871
2026/09/22 21:53:16.918, 2, 89425, 97871
2026/09/22 21:53:16.918, 3, 89425, 97871
2026/09/22 21:53:17.118, 0, 89425, 97871
2026/09/22 21:53:17.118, 1, 89425, 97871
2026/09/22 21:53:17.118, 2, 89425, 97871
2026/09/22 21:53:17.118, 3, 89425, 97871
2026/09/22 21:53:17.318, 0, 89425, 97871
2026/09/22 21:53:17.318, 1, 89425, 97871
2026/09/22 21:53:17.318, 2, 89425, 97871
2026/09/22 21:53:17.318, 3, 89425, 97871
2026/09/22 21:53:17.518, 0, 89425, 97871
2026/09/22 21:53:17.518, 1, 89425, 97871
2026/09/22 21:53:17.518, 2, 89425, 97871
2026/09/22 21:53:17.518, 3, 89425, 97871
2026/09/22 21:53:17.718, 0, 89425, 97871
2026/09/22 21:53:17.718, 1, 89425, 97871
2026/09/22 21:53:17.718, 2, 89425, 97871
2026/09/22 21:53:17.719, 3, 89425, 97871
2026/09/22 21:53:17.919, 0, 89425, 97871
2026/09/22 21:53:17.919, 1, 89425, 97871
2026/09/22 21:53:17.919, 2, 89425, 97871
2026/09/22 21:53:17.919, 3, 89425, 97871
2026/09/22 21:53:18.119, 0, 89425, 97871
2026/09/22 21:53:18.119, 1, 89425, 97871
2026/09/22 21:53:18.119, 2, 89425, 97871
2026/09/22 21:53:18.119, 3, 89425, 97871
2026/09/22 21:53:18.319, 0, 89425, 97871
2026/09/22 21:53:18.319, 1, 89425, 97871
2026/09/22 21:53:18.319, 2, 89425, 97871
2026/09/22 21:53:18.319, 3, 89425, 97871
2026/09/22 21:53:18.519, 0, 89425, 97871
2026/09/22 21:53:18.519, 1, 89425, 97871
2026/09/22 21:53:18.519, 2, 89425, 97871
2026/09/22 21:53:18.519, 3, 89425, 97871
2026/09/22 21:53:18.719, 0, 89425, 97871
2026/09/22 21:53:18.719, 1, 89425, 97871
2026/09/22 21:53:18.720, 2, 89425, 97871
2026/09/22 21:53:18.720, 3, 89425, 97871
2026/09/22 21:53:18.920, 0, 89425, 97871
2026/09/22 21:53:18.920, 1, 89425, 97871
2026/09/22 21:53:18.920, 2, 89425, 97871
2026/09/22 21:53:18.920, 3, 89425, 97871
2026/09/22 21:53:19.120, 0, 89425, 97871
2026/09/22 21:53:19.120, 1, 89425, 97871
2026/09/22 21:53:19.120, 2, 89425, 97871
2026/09/22 21:53:19.120, 3, 89425, 97871
2026/09/22 21:53:19.320, 0, 89425, 97871
2026/09/22 21:53:19.320, 1, 89425, 97871
2026/09/22 21:53:19.320, 2, 89425, 97871
2026/09/22 21:53:19.320, 3, 89425, 97871
2026/09/22 21:53:19.521, 0, 89425, 97871
2026/09/22 21:53:19.521, 1, 89425, 97871
2026/09/22 21:53:19.521, 2, 89425, 97871
2026/09/22 21:53:19.521, 3, 89425, 97871
2026/09/22 21:53:19.721, 0, 89425, 97871
2026/09/22 21:53:19.721, 1, 89425, 97871
2026/09/22 21:53:19.721, 2, 89425, 97871
2026/09/22 21:53:19.721, 3, 89425, 97871
2026/09/22 21:53:19.921, 0, 89425, 97871
2026/09/22 21:53:19.921, 1, 89425, 97871
2026/09/22 21:53:19.921, 2, 89425, 97871
2026/09/22 21:53:19.921, 3, 89425, 97871
2026/09/22 21:53:20.121, 0, 89425, 97871
2026/09/22 21:53:20.121, 1, 89425, 97871
2026/09/22 21:53:20.121, 2, 89425, 97871
2026/09/22 21:53:20.121, 3, 89425, 97871
2026/09/22 21:53:20.321, 0, 89425, 97871
2026/09/22 21:53:20.321, 1, 89425, 97871
2026/09/22 21:53:20.321, 2, 89425, 97871
2026/09/22 21:53:20.322, 3, 89425, 97871
2026/09/22 21:53:20.522, 0, 89425, 97871
2026/09/22 21:53:20.522, 1, 89425, 97871
2026/09/22 21:53:20.522, 2, 89425, 97871
2026/09/22 21:53:20.522, 3, 89425, 97871
2026/09/22 21:53:20.722, 0, 89425, 97871
2026/09/22 21:53:20.722, 1, 89425, 97871
2026/09/22 21:53:20.722, 2, 89425, 97871
2026/09/22 21:53:20.722, 3, 89425, 97871
2026/09/22 21:53:20.922, 0, 89425, 97871
2026/09/22 21:53:20.922, 1, 89425, 97871
2026/09/22 21:53:20.922, 2, 89425, 97871
2026/09/22 21:53:20.922, 3, 89425, 97871
2026/09/22 21:53:21.122, 0, 89425, 97871
2026/09/22 21:53:21.122, 1, 89425, 97871
2026/09/22 21:53:21.122, 2, 89425, 97871
2026/09/22 21:53:21.122, 3, 89425, 97871
2026/09/22 21:53:21.322, 0, 89425, 97871
2026/09/22 21:53:21.322, 1, 89425, 97871
2026/09/22 21:53:21.323, 2, 89425, 97871
2026/09/22 21:53:21.323, 3, 89425, 97871
2026/09/22 21:53:21.523, 0, 89425, 97871
2026/09/22 21:53:21.523, 1, 89425, 97871
2026/09/22 21:53:21.523, 2, 89425, 97871
2026/09/22 21:53:21.523, 3, 89425, 97871
2026/09/22 21:53:21.723, 0, 89425, 97871
2026/09/22 21:53:21.723, 1, 89425, 97871
2026/09/22 21:53:21.723, 2, 89425, 97871
2026/09/22 21:53:21.723, 3, 89425, 97871
2026/09/22 21:53:21.923, 0, 89425, 97871
2026/09/22 21:53:21.923, 1, 89425, 97871
2026/09/22 21:53:21.923, 2, 89425, 97871
2026/09/22 21:53:21.923, 3, 89425, 97871
2026/09/22 21:53:22.123, 0, 89425, 97871
2026/09/22 21:53:22.123, 1, 89425, 97871
2026/09/22 21:53:22.123, 2, 89425, 97871
2026/09/22 21:53:22.124, 3, 89425, 97871
2026/09/22 21:53:22.324, 0, 89425, 97871
2026/09/22 21:53:22.324, 1, 89425, 97871
2026/09/22 21:53:22.324, 2, 89425, 97871
2026/09/22 21:53:22.324, 3, 89425, 97871
2026/09/22 21:53:22.524, 0, 89425, 97871
2026/09/22 21:53:22.524, 1, 89425, 97871
2026/09/22 21:53:22.524, 2, 89425, 97871
2026/09/22 21:53:22.524, 3, 89425, 97871
2026/09/22 21:53:22.724, 0, 89425, 97871
2026/09/22 21:53:22.724, 1, 89425, 97871
2026/09/22 21:53:22.724, 2, 89425, 97871
2026/09/22 21:53:22.724, 3, 89425, 97871
2026/09/22 21:53:22.924, 0, 89425, 97871
2026/09/22 21:53:22.924, 1, 89425, 97871
2026/09/22 21:53:22.924, 2, 89425, 97871
2026/09/22 21:53:22.924, 3, 89425, 97871
2026/09/22 21:53:23.125, 0, 89425, 97871
2026/09/22 21:53:23.125, 1, 89425, 97871
2026/09/22 21:53:23.125, 2, 89425, 97871
2026/09/22 21:53:23.125, 3, 89425, 97871
2026/09/22 21:53:23.325, 0, 89425, 97871
2026/09/22 21:53:23.325, 1, 89425, 97871
2026/09/22 21:53:23.325, 2, 89425, 97871
2026/09/22 21:53:23.325, 3, 89425, 97871
2026/09/22 21:53:23.525, 0, 89425, 97871
2026/09/22 21:53:23.525, 1, 89425, 97871
2026/09/22 21:53:23.525, 2, 89425, 97871
2026/09/22 21:53:23.525, 3, 89425, 97871
2026/09/22 21:53:23.725, 0, 89425, 97871
2026/09/22 21:53:23.725, 1, 89425, 97871
2026/09/22 21:53:23.725, 2, 89425, 97871
2026/09/22 21:53:23.725, 3, 89425, 97871
2026/09/22 21:53:23.925, 0, 89425, 97871
2026/09/22 21:53:23.925, 1, 89425, 97871
2026/09/22 21:53:23.925, 2, 89425, 97871
2026/09/22 21:53:23.925, 3, 89425, 97871
2026/09/22 21:53:24.126, 0, 89425, 97871
2026/09/22 21:53:24.126, 1, 89425, 97871
2026/09/22 21:53:24.126, 2, 89425, 97871
2026/09/22 21:53:24.126, 3, 89425, 97871
2026/09/22 21:53:24.326, 0, 89425, 97871
2026/09/22 21:53:24.326, 1, 89425, 97871
2026/09/22 21:53:24.326, 2, 89425, 97871
2026/09/22 21:53:24.326, 3, 89425, 97871
2026/09/22 21:53:24.526, 0, 89425, 97871
2026/09/22 21:53:24.526, 1, 89425, 97871
2026/09/22 21:53:24.526, 2, 89425, 97871
2026/09/22 21:53:24.526, 3, 89425, 97871
2026/09/22 21:53:24.726, 0, 89425, 97871
2026/09/22 21:53:24.726, 1, 89425, 97871
2026/09/22 21:53:24.726, 2, 89425, 97871
2026/09/22 21:53:24.726, 3, 89425, 97871
2026/09/22 21:53:24.927, 0, 89425, 97871
2026/09/22 21:53:24.927, 1, 89425, 97871
2026/09/22 21:53:24.927, 2, 89425, 97871
2026/09/22 21:53:24.927, 3, 89425, 97871
2026/09/22 21:53:25.127, 0, 89425, 97871
2026/09/22 21:53:25.127, 1, 89425, 97871
2026/09/22 21:53:25.127, 2, 89425, 97871
2026/09/22 21:53:25.127, 3, 89425, 97871
2026/09/22 21:53:25.327, 0, 89425, 97871
2026/09/22 21:53:25.327, 1, 89425, 97871
2026/09/22 21:53:25.327, 2, 89425, 97871
2026/09/22 21:53:25.327, 3, 89425, 97871
2026/09/22 21:53:25.527, 0, 89425, 97871
2026/09/22 21:53:25.527, 1, 89425, 97871
2026/09/22 21:53:25.527, 2, 89425, 97871
2026/09/22 21:53:25.527, 3, 89425, 97871
2026/09/22 21:53:25.727, 0, 89425, 97871
2026/09/22 21:53:25.727, 1, 89425, 97871
2026/09/22 21:53:25.728, 2, 89425, 97871
2026/09/22 21:53:25.728, 3, 89425, 97871
2026/09/22 21:53:25.928, 0, 89425, 97871
2026/09/22 21:53:25.928, 1, 89425, 97871
2026/09/22 21:53:25.928, 2, 89425, 97871
2026/09/22 21:53:25.928, 3, 89425, 97871
2026/09/22 21:53:26.128, 0, 89425, 97871
2026/09/22 21:53:26.128, 1, 89425, 97871
2026/09/22 21:53:26.128, 2, 89425, 97871
2026/09/22 21:53:26.128, 3, 89425, 97871
2026/09/22 21:53:26.328, 0, 89425, 97871
2026/09/22 21:53:26.328, 1, 89425, 97871
2026/09/22 21:53:26.328, 2, 89425, 97871
2026/09/22 21:53:26.328, 3, 89425, 97871
2026/09/22 21:53:26.528, 0, 89425, 97871
2026/09/22 21:53:26.528, 1, 89425, 97871
2026/09/22 21:53:26.528, 2, 89425, 97871
2026/09/22 21:53:26.529, 3, 89425, 97871
2026/09/22 21:53:26.729, 0, 89425, 97871
2026/09/22 21:53:26.729, 1, 89425, 97871
2026/09/22 21:53:26.729, 2, 89425, 97871
2026/09/22 21:53:26.729, 3, 89425, 97871
2026/09/22 21:53:26.929, 0, 89425, 97871
2026/09/22 21:53:26.929, 1, 89425, 97871
2026/09/22 21:53:26.929, 2, 89425, 97871
2026/09/22 21:53:26.929, 3, 89425, 97871
2026/09/22 21:53:27.129, 0, 89425, 97871
2026/09/22 21:53:27.129, 1, 89425, 97871
2026/09/22 21:53:27.129, 2, 89425, 97871
2026/09/22 21:53:27.129, 3, 89425, 97871
2026/09/22 21:53:27.329, 0, 89425, 97871
2026/09/22 21:53:27.356, 1, 89425, 97871
2026/09/22 21:53:27.392, 2, 89425, 97871
2026/09/22 21:53:27.392, 3, 89425, 97871
2026/09/22 21:53:27.592, 0, 89425, 97871
2026/09/22 21:53:27.592, 1, 89425, 97871
2026/09/22 21:53:27.592, 2, 89425, 97871
2026/09/22 21:53:27.592, 3, 89425, 97871
2026/09/22 21:53:27.792, 0, 89425, 97871
2026/09/22 21:53:27.792, 1, 89425, 97871
2026/09/22 21:53:27.792, 2, 89425, 97871
2026/09/22 21:53:27.792, 3, 89425, 97871
2026/09/22 21:53:27.992, 0, 89425, 97871
2026/09/22 21:53:27.992, 1, 89425, 97871
2026/09/22 21:53:27.992, 2, 89425, 97871
2026/09/22 21:53:27.992, 3, 89425, 97871
2026/09/22 21:53:28.192, 0, 89425, 97871
2026/09/22 21:53:28.192, 1, 89425, 97871
2026/09/22 21:53:28.192, 2, 89425, 97871
2026/09/22 21:53:28.192, 3, 89425, 97871
2026/09/22 21:53:28.393, 0, 89425, 97871
2026/09/22 21:53:28.412, 1, 89425, 97871
2026/09/22 21:53:28.446, 2, 89425, 97871
2026/09/22 21:53:28.481, 3, 89425, 97871
2026/09/22 21:53:28.681, 0, 89425, 97871
2026/09/22 21:53:28.681, 1, 89425, 97871
2026/09/22 21:53:28.681, 2, 89425, 97871
2026/09/22 21:53:28.681, 3, 89425, 97871
2026/09/22 21:53:28.881, 0, 89425, 97871
2026/09/22 21:53:28.881, 1, 89425, 97871
2026/09/22 21:53:28.881, 2, 89425, 97871
2026/09/22 21:53:28.881, 3, 89425, 97871
2026/09/22 21:53:29.081, 0, 89425, 97871
2026/09/22 21:53:29.081, 1, 89425, 97871
2026/09/22 21:53:29.081, 2, 89425, 97871
2026/09/22 21:53:29.081, 3, 89425, 97871
2026/09/22 21:53:29.281, 0, 89425, 97871
2026/09/22 21:53:29.281, 1, 89425, 97871
2026/09/22 21:53:29.281, 2, 89425, 97871
2026/09/22 21:53:29.282, 3, 89425, 97871
2026/09/22 21:53:29.482, 0, 89425, 97871
2026/09/22 21:53:29.482, 1, 89425, 97871
2026/09/22 21:53:29.482, 2, 89425, 97871
2026/09/22 21:53:29.482, 3, 89425, 97871
2026/09/22 21:53:29.682, 0, 89425, 97871
2026/09/22 21:53:29.682, 1, 89425, 97871
2026/09/22 21:53:29.682, 2, 89425, 97871
2026/09/22 21:53:29.682, 3, 89425, 97871
2026/09/22 21:53:29.882, 0, 89425, 97871
2026/09/22 21:53:29.882, 1, 89425, 97871
2026/09/22 21:53:29.882, 2, 89425, 97871
2026/09/22 21:53:29.882, 3, 89425, 97871
2026/09/22 21:53:30.082, 0, 89425, 97871
2026/09/22 21:53:30.082, 1, 89425, 97871
2026/09/22 21:53:30.082, 2, 89425, 97871
2026/09/22 21:53:30.082, 3, 89425, 97871
2026/09/22 21:53:30.282, 0, 89425, 97871
2026/09/22 21:53:30.282, 1, 89425, 97871
2026/09/22 21:53:30.282, 2, 89425, 97871
2026/09/22 21:53:30.282, 3, 89425, 97871
2026/09/22 21:53:30.483, 0, 89425, 97871
2026/09/22 21:53:30.483, 1, 89425, 97871
2026/09/22 21:53:30.483, 2, 89425, 97871
2026/09/22 21:53:30.483, 3, 89425, 97871
2026/09/22 21:53:30.683, 0, 89425, 97871
2026/09/22 21:53:30.683, 1, 89425, 97871
2026/09/22 21:53:30.683, 2, 89425, 97871
2026/09/22 21:53:30.683, 3, 89425, 97871
2026/09/22 21:53:30.883, 0, 89425, 97871
2026/09/22 21:53:30.883, 1, 89425, 97871
2026/09/22 21:53:30.883, 2, 89425, 97871
2026/09/22 21:53:30.883, 3, 89425, 97871
2026/09/22 21:53:31.083, 0, 89425, 97871
2026/09/22 21:53:31.083, 1, 89425, 97871
2026/09/22 21:53:31.083, 2, 89425, 97871
2026/09/22 21:53:31.083, 3, 89425, 97871
2026/09/22 21:53:31.283, 0, 89425, 97871
2026/09/22 21:53:31.283, 1, 89425, 97871
2026/09/22 21:53:31.283, 2, 89425, 97871
2026/09/22 21:53:31.283, 3, 89425, 97871
2026/09/22 21:53:31.483, 0, 89425, 97871
2026/09/22 21:53:31.483, 1, 89425, 97871
2026/09/22 21:53:31.484, 2, 89425, 97871
2026/09/22 21:53:31.484, 3, 89425, 97871
2026/09/22 21:53:31.684, 0, 89425, 97871
2026/09/22 21:53:31.684, 1, 89425, 97871
2026/09/22 21:53:31.684, 2, 89425, 97871
2026/09/22 21:53:31.684, 3, 89425, 97871
2026/09/22 21:53:31.884, 0, 89425, 97871
2026/09/22 21:53:31.884, 1, 89425, 97871
2026/09/22 21:53:31.884, 2, 89425, 97871
2026/09/22 21:53:31.884, 3, 89425, 97871
2026/09/22 21:53:32.084, 0, 89425, 97871
2026/09/22 21:53:32.084, 1, 89425, 97871
2026/09/22 21:53:32.084, 2, 89425, 97871
2026/09/22 21:53:32.084, 3, 89425, 97871
2026/09/22 21:53:32.284, 0, 89425, 97871
2026/09/22 21:53:32.284, 1, 89425, 97871
2026/09/22 21:53:32.284, 2, 89425, 97871
2026/09/22 21:53:32.284, 3, 89425, 97871
2026/09/22 21:53:32.484, 0, 89425, 97871
2026/09/22 21:53:32.484, 1, 89425, 97871
2026/09/22 21:53:32.485, 2, 89425, 97871
2026/09/22 21:53:32.485, 3, 89425, 97871
2026/09/22 21:53:32.685, 0, 89425, 97871
2026/09/22 21:53:32.685, 1, 89425, 97871
2026/09/22 21:53:32.685, 2, 89425, 97871
2026/09/22 21:53:32.685, 3, 89425, 97871
2026/09/22 21:53:32.885, 0, 89425, 97871
2026/09/22 21:53:32.885, 1, 89425, 97871
2026/09/22 21:53:32.885, 2, 89425, 97871
2026/09/22 21:53:32.885, 3, 89425, 97871
2026/09/22 21:53:33.085, 0, 89425, 97871
2026/09/22 21:53:33.085, 1, 89425, 97871
2026/09/22 21:53:33.085, 2, 89425, 97871
2026/09/22 21:53:33.085, 3, 89425, 97871
2026/09/22 21:53:33.285, 0, 89425, 97871
2026/09/22 21:53:33.285, 1, 89425, 97871
2026/09/22 21:53:33.285, 2, 89425, 97871
2026/09/22 21:53:33.285, 3, 89425, 97871
2026/09/22 21:53:33.485, 0, 89425, 97871
2026/09/22 21:53:33.485, 1, 89425, 97871
2026/09/22 21:53:33.485, 2, 89425, 97871
2026/09/22 21:53:33.485, 3, 89425, 97871
2026/09/22 21:53:33.686, 0, 89425, 97871
2026/09/22 21:53:33.686, 1, 89425, 97871
2026/09/22 21:53:33.686, 2, 89425, 97871
2026/09/22 21:53:33.686, 3, 89425, 97871
2026/09/22 21:53:33.886, 0, 89425, 97871
2026/09/22 21:53:33.886, 1, 89425, 97871
2026/09/22 21:53:33.886, 2, 89425, 97871
2026/09/22 21:53:33.886, 3, 89425, 97871
2026/09/22 21:53:34.086, 0, 89425, 97871
2026/09/22 21:53:34.086, 1, 89425, 97871
2026/09/22 21:53:34.086, 2, 89425, 97871
2026/09/22 21:53:34.086, 3, 89425, 97871
2026/09/22 21:53:34.286, 0, 89425, 97871
2026/09/22 21:53:34.286, 1, 89425, 97871
2026/09/22 21:53:34.286, 2, 89425, 97871
2026/09/22 21:53:34.286, 3, 89425, 97871
2026/09/22 21:53:34.486, 0, 89425, 97871
2026/09/22 21:53:34.486, 1, 89425, 97871
2026/09/22 21:53:34.486, 2, 89425, 97871
2026/09/22 21:53:34.486, 3, 89425, 97871
2026/09/22 21:53:34.686, 0, 89425, 97871
2026/09/22 21:53:34.687, 1, 89425, 97871
2026/09/22 21:53:34.687, 2, 89425, 97871
2026/09/22 21:53:34.687, 3, 89425, 97871
2026/09/22 21:53:34.887, 0, 89425, 97871
2026/09/22 21:53:34.887, 1, 89425, 97871
2026/09/22 21:53:34.887, 2, 89425, 97871
2026/09/22 21:53:34.887, 3, 89425, 97871
2026/09/22 21:53:35.087, 0, 89425, 97871
2026/09/22 21:53:35.087, 1, 89425, 97871
2026/09/22 21:53:35.087, 2, 89425, 97871
2026/09/22 21:53:35.087, 3, 89425, 97871
2026/09/22 21:53:35.287, 0, 89425, 97871
2026/09/22 21:53:35.287, 1, 89425, 97871
2026/09/22 21:53:35.287, 2, 89425, 97871
2026/09/22 21:53:35.287, 3, 89425, 97871
2026/09/22 21:53:35.487, 0, 89425, 97871
2026/09/22 21:53:35.487, 1, 89425, 97871
2026/09/22 21:53:35.487, 2, 89425, 97871
2026/09/22 21:53:35.487, 3, 89425, 97871
2026/09/22 21:53:35.688, 0, 89425, 97871
2026/09/22 21:53:35.688, 1, 89425, 97871
2026/09/22 21:53:35.688, 2, 89425, 97871
2026/09/22 21:53:35.688, 3, 89425, 97871
2026/09/22 21:53:35.888, 0, 89425, 97871
2026/09/22 21:53:35.888, 1, 89425, 97871
2026/09/22 21:53:35.888, 2, 89425, 97871
2026/09/22 21:53:35.888, 3, 89425, 97871
2026/09/22 21:53:36.088, 0, 89425, 97871
2026/09/22 21:53:36.088, 1, 89425, 97871
2026/09/22 21:53:36.088, 2, 89425, 97871
2026/09/22 21:53:36.088, 3, 89425, 97871
2026/09/22 21:53:36.288, 0, 89425, 97871
2026/09/22 21:53:36.288, 1, 89425, 97871
2026/09/22 21:53:36.288, 2, 89425, 97871
2026/09/22 21:53:36.288, 3, 89425, 97871
2026/09/22 21:53:36.488, 0, 89425, 97871
2026/09/22 21:53:36.488, 1, 89425, 97871
2026/09/22 21:53:36.488, 2, 89425, 97871
2026/09/22 21:53:36.488, 3, 89425, 97871
2026/09/22 21:53:36.689, 0, 89425, 97871
2026/09/22 21:53:36.689, 1, 89425, 97871
2026/09/22 21:53:36.689, 2, 89425, 97871
2026/09/22 21:53:36.689, 3, 89425, 97871
2026/09/22 21:53:36.889, 0, 89425, 97871
2026/09/22 21:53:36.889, 1, 89425, 97871
2026/09/22 21:53:36.889, 2, 89425, 97871
2026/09/22 21:53:36.889, 3, 89425, 97871
2026/09/22 21:53:37.089, 0, 89425, 97871
2026/09/22 21:53:37.089, 1, 89425, 97871
2026/09/22 21:53:37.089, 2, 89425, 97871
2026/09/22 21:53:37.089, 3, 89425, 97871
2026/09/22 21:53:37.289, 0, 89425, 97871
2026/09/22 21:53:37.289, 1, 89425, 97871
2026/09/22 21:53:37.289, 2, 89425, 97871
2026/09/22 21:53:37.289, 3, 89425, 97871
2026/09/22 21:53:37.489, 0, 89425, 97871
2026/09/22 21:53:37.489, 1, 89425, 97871
2026/09/22 21:53:37.489, 2, 89425, 97871
2026/09/22 21:53:37.489, 3, 89425, 97871
2026/09/22 21:53:37.690, 0, 89425, 97871
2026/09/22 21:53:37.690, 1, 89425, 97871
2026/09/22 21:53:37.690, 2, 89425, 97871
2026/09/22 21:53:37.690, 3, 89425, 97871
2026/09/22 21:53:37.890, 0, 89425, 97871
2026/09/22 21:53:37.890, 1, 89425, 97871
2026/09/22 21:53:37.890, 2, 89425, 97871
2026/09/22 21:53:37.890, 3, 89425, 97871
2026/09/22 21:53:38.090, 0, 89425, 97871
2026/09/22 21:53:38.090, 1, 89425, 97871
2026/09/22 21:53:38.090, 2, 89425, 97871
2026/09/22 21:53:38.090, 3, 89425, 97871
2026/09/22 21:53:38.290, 0, 89425, 97871
2026/09/22 21:53:38.290, 1, 89425, 97871
2026/09/22 21:53:38.290, 2, 89425, 97871
2026/09/22 21:53:38.290, 3, 89425, 97871
2026/09/22 21:53:38.490, 0, 89425, 97871
2026/09/22 21:53:38.490, 1, 89425, 97871
2026/09/22 21:53:38.490, 2, 89425, 97871
2026/09/22 21:53:38.490, 3, 89425, 97871
2026/09/22 21:53:38.690, 0, 89425, 97871
2026/09/22 21:53:38.691, 1, 89425, 97871
2026/09/22 21:53:38.691, 2, 89425, 97871
2026/09/22 21:53:38.691, 3, 89425, 97871
2026/09/22 21:53:38.891, 0, 89425, 97871
2026/09/22 21:53:38.891, 1, 89425, 97871
2026/09/22 21:53:38.891, 2, 89425, 97871
2026/09/22 21:53:38.891, 3, 89425, 97871
2026/09/22 21:53:39.091, 0, 89425, 97871
2026/09/22 21:53:39.091, 1, 89425, 97871
2026/09/22 21:53:39.091, 2, 89425, 97871
2026/09/22 21:53:39.091, 3, 89425, 97871
2026/09/22 21:53:39.291, 0, 89425, 97871
2026/09/22 21:53:39.291, 1, 89425, 97871
2026/09/22 21:53:39.291, 2, 89425, 97871
2026/09/22 21:53:39.291, 3, 89425, 97871
2026/09/22 21:53:39.491, 0, 89425, 97871
2026/09/22 21:53:39.491, 1, 89425, 97871
2026/09/22 21:53:39.491, 2, 89425, 97871
2026/09/22 21:53:39.491, 3, 89425, 97871
2026/09/22 21:53:39.692, 0, 89425, 97871
2026/09/22 21:53:39.692, 1, 89425, 97871
2026/09/22 21:53:39.692, 2, 89425, 97871
2026/09/22 21:53:39.692, 3, 89425, 97871
2026/09/22 21:53:39.892, 0, 89425, 97871
2026/09/22 21:53:39.892, 1, 89425, 97871
2026/09/22 21:53:39.892, 2, 89425, 97871
2026/09/22 21:53:39.892, 3, 89425, 97871
2026/09/22 21:53:40.092, 0, 89425, 97871
2026/09/22 21:53:40.092, 1, 89425, 97871
2026/09/22 21:53:40.092, 2, 89425, 97871
2026/09/22 21:53:40.092, 3, 89425, 97871
2026/09/22 21:53:40.292, 0, 89425, 97871
2026/09/22 21:53:40.292, 1, 89425, 97871
2026/09/22 21:53:40.292, 2, 89425, 97871
2026/09/22 21:53:40.292, 3, 89425, 97871
2026/09/22 21:53:40.492, 0, 89425, 97871
2026/09/22 21:53:40.492, 1, 89425, 97871
2026/09/22 21:53:40.492, 2, 89425, 97871
2026/09/22 21:53:40.493, 3, 89425, 97871
2026/09/22 21:53:40.693, 0, 89425, 97871
2026/09/22 21:53:40.693, 1, 89425, 97871
2026/09/22 21:53:40.693, 2, 89425, 97871
2026/09/22 21:53:40.693, 3, 89425, 97871
2026/09/22 21:53:40.893, 0, 89425, 97871
2026/09/22 21:53:40.893, 1, 89425, 97871
2026/09/22 21:53:40.893, 2, 89425, 97871
2026/09/22 21:53:40.893, 3, 89425, 97871
2026/09/22 21:53:41.093, 0, 89425, 97871
2026/09/22 21:53:41.093, 1, 89425, 97871
2026/09/22 21:53:41.093, 2, 89425, 97871
2026/09/22 21:53:41.093, 3, 89425, 97871
2026/09/22 21:53:41.293, 0, 89425, 97871
2026/09/22 21:53:41.293, 1, 89425, 97871
2026/09/22 21:53:41.293, 2, 89425, 97871
2026/09/22 21:53:41.293, 3, 89425, 97871
2026/09/22 21:53:41.493, 0, 89425, 97871
2026/09/22 21:53:41.493, 1, 89425, 97871
2026/09/22 21:53:41.494, 2, 89425, 97871
2026/09/22 21:53:41.494, 3, 89425, 97871
2026/09/22 21:53:41.694, 0, 89425, 97871
2026/09/22 21:53:41.694, 1, 89425, 97871
2026/09/22 21:53:41.694, 2, 89425, 97871
2026/09/22 21:53:41.694, 3, 89425, 97871
2026/09/22 21:53:41.894, 0, 89425, 97871
2026/09/22 21:53:41.894, 1, 89425, 97871
2026/09/22 21:53:41.894, 2, 89425, 97871
2026/09/22 21:53:41.894, 3, 89425, 97871
2026/09/22 21:53:42.094, 0, 89425, 97871
2026/09/22 21:53:42.094, 1, 89425, 97871
2026/09/22 21:53:42.094, 2, 89425, 97871
2026/09/22 21:53:42.094, 3, 89425, 97871
2026/09/22 21:53:42.294, 0, 89425, 97871
2026/09/22 21:53:42.294, 1, 89425, 97871
2026/09/22 21:53:42.294, 2, 89425, 97871
2026/09/22 21:53:42.294, 3, 89425, 97871
2026/09/22 21:53:42.494, 0, 89425, 97871
2026/09/22 21:53:42.495, 1, 89425, 97871
2026/09/22 21:53:42.495, 2, 89425, 97871
2026/09/22 21:53:42.495, 3, 89425, 97871
2026/09/22 21:53:42.695, 0, 89425, 97871
2026/09/22 21:53:42.695, 1, 89425, 97871
2026/09/22 21:53:42.695, 2, 89425, 97871
2026/09/22 21:53:42.695, 3, 89425, 97871
2026/09/22 21:53:42.895, 0, 89425, 97871
2026/09/22 21:53:42.895, 1, 89425, 97871
2026/09/22 21:53:42.895, 2, 89425, 97871
2026/09/22 21:53:42.895, 3, 89425, 97871
2026/09/22 21:53:43.095, 0, 89425, 97871
2026/09/22 21:53:43.095, 1, 89425, 97871
2026/09/22 21:53:43.095, 2, 89425, 97871
2026/09/22 21:53:43.095, 3, 89425, 97871
2026/09/22 21:53:43.295, 0, 89425, 97871
2026/09/22 21:53:43.295, 1, 89425, 97871
2026/09/22 21:53:43.295, 2, 89425, 97871
2026/09/22 21:53:43.295, 3, 89425, 97871
2026/09/22 21:53:43.496, 0, 89425, 97871
2026/09/22 21:53:43.496, 1, 89425, 97871
2026/09/22 21:53:43.496, 2, 89425, 97871
2026/09/22 21:53:43.496, 3, 89425, 97871
2026/09/22 21:53:43.696, 0, 89425, 97871
2026/09/22 21:53:43.696, 1, 89425, 97871
2026/09/22 21:53:43.696, 2, 89425, 97871
2026/09/22 21:53:43.696, 3, 89425, 97871
2026/09/22 21:53:43.896, 0, 89425, 97871
2026/09/22 21:53:43.896, 1, 89425, 97871
2026/09/22 21:53:43.896, 2, 89425, 97871
2026/09/22 21:53:43.896, 3, 89425, 97871
2026/09/22 21:53:44.096, 0, 89425, 97871
2026/09/22 21:53:44.096, 1, 89425, 97871
2026/09/22 21:53:44.096, 2, 89425, 97871
2026/09/22 21:53:44.096, 3, 89425, 97871
2026/09/22 21:53:44.296, 0, 89425, 97871
2026/09/22 21:53:44.296, 1, 89425, 97871
2026/09/22 21:53:44.296, 2, 89425, 97871
2026/09/22 21:53:44.296, 3, 89425, 97871
2026/09/22 21:53:44.497, 0, 89425, 97871
2026/09/22 21:53:44.497, 1, 89425, 97871
2026/09/22 21:53:44.497, 2, 89425, 97871
2026/09/22 21:53:44.497, 3, 89425, 97871
2026/09/22 21:53:44.697, 0, 89425, 97871
2026/09/22 21:53:44.697, 1, 89425, 97871
2026/09/22 21:53:44.697, 2, 89425, 97871
2026/09/22 21:53:44.697, 3, 89425, 97871
2026/09/22 21:53:44.897, 0, 89425, 97871
2026/09/22 21:53:44.897, 1, 89425, 97871
2026/09/22 21:53:44.897, 2, 89425, 97871
2026/09/22 21:53:44.897, 3, 89425, 97871
2026/09/22 21:53:45.097, 0, 89425, 97871
2026/09/22 21:53:45.097, 1, 89425, 97871
2026/09/22 21:53:45.097, 2, 89425, 97871
2026/09/22 21:53:45.097, 3, 89425, 97871
2026/09/22 21:53:45.297, 0, 89425, 97871
2026/09/22 21:53:45.297, 1, 89425, 97871
2026/09/22 21:53:45.297, 2, 89425, 97871
2026/09/22 21:53:45.297, 3, 89425, 97871
2026/09/22 21:53:45.498, 0, 89425, 97871
2026/09/22 21:53:45.498, 1, 89425, 97871
2026/09/22 21:53:45.498, 2, 89425, 97871
2026/09/22 21:53:45.498, 3, 89425, 97871
2026/09/22 21:53:45.698, 0, 89425, 97871
2026/09/22 21:53:45.698, 1, 89425, 97871
2026/09/22 21:53:45.698, 2, 89425, 97871
2026/09/22 21:53:45.698, 3, 89425, 97871
2026/09/22 21:53:45.898, 0, 89425, 97871
2026/09/22 21:53:45.898, 1, 89425, 97871
2026/09/22 21:53:45.898, 2, 89425, 97871
2026/09/22 21:53:45.898, 3, 89425, 97871
2026/09/22 21:53:46.098, 0, 89425, 97871
2026/09/22 21:53:46.098, 1, 89425, 97871
2026/09/22 21:53:46.098, 2, 89425, 97871
2026/09/22 21:53:46.098, 3, 89425, 97871
2026/09/22 21:53:46.298, 0, 89425, 97871
2026/09/22 21:53:46.298, 1, 89425, 97871
2026/09/22 21:53:46.298, 2, 89425, 97871
2026/09/22 21:53:46.299, 3, 89425, 97871
2026/09/22 21:53:46.499, 0, 89425, 97871
2026/09/22 21:53:46.499, 1, 89425, 97871
2026/09/22 21:53:46.499, 2, 89425, 97871
2026/09/22 21:53:46.499, 3, 89425, 97871
2026/09/22 21:53:46.699, 0, 89425, 97871
2026/09/22 21:53:46.699, 1, 89425, 97871
2026/09/22 21:53:46.699, 2, 89425, 97871
2026/09/22 21:53:46.699, 3, 89425, 97871
2026/09/22 21:53:46.899, 0, 89425, 97871
2026/09/22 21:53:46.899, 1, 89425, 97871
2026/09/22 21:53:46.899, 2, 89425, 97871
2026/09/22 21:53:46.899, 3, 89425, 97871
2026/09/22 21:53:47.099, 0, 89425, 97871
2026/09/22 21:53:47.099, 1, 89425, 97871
2026/09/22 21:53:47.099, 2, 89425, 97871
2026/09/22 21:53:47.099, 3, 89425, 97871
2026/09/22 21:53:47.299, 0, 89425, 97871
2026/09/22 21:53:47.299, 1, 89425, 97871
2026/09/22 21:53:47.299, 2, 89425, 97871
2026/09/22 21:53:47.300, 3, 89425, 97871
2026/09/22 21:53:47.500, 0, 89425, 97871
2026/09/22 21:53:47.500, 1, 89425, 97871
2026/09/22 21:53:47.500, 2, 89425, 97871
2026/09/22 21:53:47.500, 3, 89425, 97871
2026/09/22 21:53:47.700, 0, 89425, 97871
2026/09/22 21:53:47.700, 1, 89425, 97871
2026/09/22 21:53:47.700, 2, 89425, 97871
2026/09/22 21:53:47.700, 3, 89425, 97871
2026/09/22 21:53:47.900, 0, 89425, 97871
2026/09/22 21:53:47.900, 1, 89425, 97871
2026/09/22 21:53:47.900, 2, 89425, 97871
2026/09/22 21:53:47.900, 3, 89425, 97871
2026/09/22 21:53:48.100, 0, 89425, 97871
2026/09/22 21:53:48.100, 1, 89425, 97871
2026/09/22 21:53:48.100, 2, 89425, 97871
2026/09/22 21:53:48.100, 3, 89425, 97871
2026/09/22 21:53:48.300, 0, 89425, 97871
2026/09/22 21:53:48.300, 1, 89425, 97871
2026/09/22 21:53:48.300, 2, 89425, 97871
2026/09/22 21:53:48.300, 3, 89425, 97871
2026/09/22 21:53:48.501, 0, 89425, 97871
2026/09/22 21:53:48.501, 1, 89425, 97871
2026/09/22 21:53:48.501, 2, 89425, 97871
2026/09/22 21:53:48.501, 3, 89425, 97871
2026/09/22 21:53:48.701, 0, 89425, 97871
2026/09/22 21:53:48.701, 1, 89425, 97871
2026/09/22 21:53:48.701, 2, 89425, 97871
2026/09/22 21:53:48.701, 3, 89425, 97871
2026/09/22 21:53:48.901, 0, 89425, 97871
2026/09/22 21:53:48.901, 1, 89425, 97871
2026/09/22 21:53:48.901, 2, 89425, 97871
2026/09/22 21:53:48.901, 3, 89425, 97871
2026/09/22 21:53:49.101, 0, 89425, 97871
2026/09/22 21:53:49.101, 1, 89425, 97871
2026/09/22 21:53:49.101, 2, 89425, 97871
2026/09/22 21:53:49.101, 3, 89425, 97871
2026/09/22 21:53:49.301, 0, 89425, 97871
2026/09/22 21:53:49.301, 1, 89425, 97871
2026/09/22 21:53:49.301, 2, 89425, 97871
2026/09/22 21:53:49.301, 3, 89425, 97871
2026/09/22 21:53:49.502, 0, 89425, 97871
2026/09/22 21:53:49.502, 1, 89425, 97871
2026/09/22 21:53:49.502, 2, 89425, 97871
2026/09/22 21:53:49.502, 3, 89425, 97871
2026/09/22 21:53:49.702, 0, 89425, 97871
2026/09/22 21:53:49.702, 1, 89425, 97871
2026/09/22 21:53:49.702, 2, 89425, 97871
2026/09/22 21:53:49.702, 3, 89425, 97871
2026/09/22 21:53:49.902, 0, 89425, 97871
2026/09/22 21:53:49.902, 1, 89425, 97871
2026/09/22 21:53:49.902, 2, 89425, 97871
2026/09/22 21:53:49.902, 3, 89425, 97871
2026/09/22 21:53:50.102, 0, 89425, 97871
2026/09/22 21:53:50.102, 1, 89425, 97871
2026/09/22 21:53:50.102, 2, 89425, 97871
2026/09/22 21:53:50.102, 3, 89425, 97871
2026/09/22 21:53:50.302, 0, 89425, 97871
2026/09/22 21:53:50.302, 1, 89425, 97871
2026/09/22 21:53:50.303, 2, 89425, 97871
2026/09/22 21:53:50.303, 3, 89425, 97871
2026/09/22 21:53:50.503, 0, 89425, 97871
2026/09/22 21:53:50.503, 1, 89425, 97871
2026/09/22 21:53:50.503, 2, 89425, 97871
2026/09/22 21:53:50.503, 3, 89425, 97871
2026/09/22 21:53:50.703, 0, 89425, 97871
2026/09/22 21:53:50.703, 1, 89425, 97871
2026/09/22 21:53:50.703, 2, 89425, 97871
2026/09/22 21:53:50.703, 3, 89425, 97871
2026/09/22 21:53:50.903, 0, 89425, 97871
2026/09/22 21:53:50.903, 1, 89425, 97871
2026/09/22 21:53:50.903, 2, 89425, 97871
2026/09/22 21:53:50.903, 3, 89425, 97871
2026/09/22 21:53:51.103, 0, 89425, 97871
2026/09/22 21:53:51.103, 1, 89425, 97871
2026/09/22 21:53:51.103, 2, 89425, 97871
2026/09/22 21:53:51.103, 3, 89425, 97871
2026/09/22 21:53:51.303, 0, 89425, 97871
2026/09/22 21:53:51.303, 1, 89425, 97871
2026/09/22 21:53:51.303, 2, 89425, 97871
2026/09/22 21:53:51.303, 3, 89425, 97871
2026/09/22 21:53:51.504, 0, 89425, 97871
2026/09/22 21:53:51.504, 1, 89425, 97871
2026/09/22 21:53:51.504, 2, 89425, 97871
2026/09/22 21:53:51.504, 3, 89425, 97871
2026/09/22 21:53:51.704, 0, 89425, 97871
2026/09/22 21:53:51.704, 1, 89425, 97871
2026/09/22 21:53:51.704, 2, 89425, 97871
2026/09/22 21:53:51.704, 3, 89425, 97871
2026/09/22 21:53:51.904, 0, 89425, 97871
2026/09/22 21:53:51.904, 1, 89425, 97871
2026/09/22 21:53:51.904, 2, 89425, 97871
2026/09/22 21:53:51.904, 3, 89425, 97871
2026/09/22 21:53:52.104, 0, 89425, 97871
2026/09/22 21:53:52.104, 1, 89425, 97871
2026/09/22 21:53:52.104, 2, 89425, 97871
2026/09/22 21:53:52.104, 3, 89425, 97871
2026/09/22 21:53:52.304, 0, 89425, 97871
2026/09/22 21:53:52.304, 1, 89425, 97871
2026/09/22 21:53:52.304, 2, 89425, 97871
2026/09/22 21:53:52.305, 3, 89425, 97871
2026/09/22 21:53:52.505, 0, 89425, 97871
2026/09/22 21:53:52.505, 1, 89425, 97871
2026/09/22 21:53:52.505, 2, 89425, 97871
2026/09/22 21:53:52.505, 3, 89425, 97871
2026/09/22 21:53:52.705, 0, 89425, 97871
2026/09/22 21:53:52.705, 1, 89425, 97871
2026/09/22 21:53:52.705, 2, 89425, 97871
2026/09/22 21:53:52.705, 3, 89425, 97871
2026/09/22 21:53:52.905, 0, 89425, 97871
2026/09/22 21:53:52.905, 1, 89425, 97871
2026/09/22 21:53:52.905, 2, 89425, 97871
2026/09/22 21:53:52.905, 3, 89425, 97871
2026/09/22 21:53:53.105, 0, 89425, 97871
2026/09/22 21:53:53.105, 1, 89425, 97871
2026/09/22 21:53:53.105, 2, 89425, 97871
2026/09/22 21:53:53.105, 3, 89425, 97871
2026/09/22 21:53:53.305, 0, 89425, 97871
2026/09/22 21:53:53.305, 1, 89425, 97871
2026/09/22 21:53:53.305, 2, 89425, 97871
2026/09/22 21:53:53.305, 3, 89425, 97871
2026/09/22 21:53:53.506, 0, 89425, 97871
2026/09/22 21:53:53.506, 1, 89425, 97871
2026/09/22 21:53:53.506, 2, 89425, 97871
2026/09/22 21:53:53.506, 3, 89425, 97871
2026/09/22 21:53:53.706, 0, 89425, 97871
2026/09/22 21:53:53.706, 1, 89425, 97871
2026/09/22 21:53:53.706, 2, 89425, 97871
2026/09/22 21:53:53.706, 3, 89425, 97871
2026/09/22 21:53:53.906, 0, 89425, 97871
2026/09/22 21:53:53.906, 1, 89425, 97871
2026/09/22 21:53:53.906, 2, 89425, 97871
2026/09/22 21:53:53.906, 3, 89425, 97871
2026/09/22 21:53:54.106, 0, 89425, 97871
2026/09/22 21:53:54.106, 1, 89425, 97871
2026/09/22 21:53:54.106, 2, 89425, 97871
2026/09/22 21:53:54.107, 3, 89425, 97871
2026/09/22 21:53:54.307, 0, 89425, 97871
2026/09/22 21:53:54.307, 1, 89425, 97871
2026/09/22 21:53:54.307, 2, 89425, 97871
2026/09/22 21:53:54.307, 3, 89425, 97871
2026/09/22 21:53:54.507, 0, 89425, 97871
2026/09/22 21:53:54.507, 1, 89425, 97871
2026/09/22 21:53:54.507, 2, 89425, 97871
2026/09/22 21:53:54.507, 3, 89425, 97871
2026/09/22 21:53:54.707, 0, 89425, 97871
2026/09/22 21:53:54.707, 1, 89425, 97871
2026/09/22 21:53:54.707, 2, 89425, 97871
2026/09/22 21:53:54.707, 3, 89425, 97871
2026/09/22 21:53:54.907, 0, 89425, 97871
2026/09/22 21:53:54.907, 1, 89425, 97871
2026/09/22 21:53:54.907, 2, 89425, 97871
2026/09/22 21:53:54.907, 3, 89425, 97871
2026/09/22 21:53:55.107, 0, 89425, 97871
2026/09/22 21:53:55.107, 1, 89425, 97871
2026/09/22 21:53:55.107, 2, 89425, 97871
2026/09/22 21:53:55.107, 3, 89425, 97871
2026/09/22 21:53:55.308, 0, 89425, 97871
2026/09/22 21:53:55.308, 1, 89425, 97871
2026/09/22 21:53:55.308, 2, 89425, 97871
2026/09/22 21:53:55.308, 3, 89425, 97871
2026/09/22 21:53:55.508, 0, 89425, 97871
2026/09/22 21:53:55.508, 1, 89425, 97871
2026/09/22 21:53:55.508, 2, 89425, 97871
2026/09/22 21:53:55.508, 3, 89425, 97871
2026/09/22 21:53:55.708, 0, 89425, 97871
2026/09/22 21:53:55.708, 1, 89425, 97871
2026/09/22 21:53:55.708, 2, 89425, 97871
2026/09/22 21:53:55.708, 3, 89425, 97871
2026/09/22 21:53:55.908, 0, 89425, 97871
2026/09/22 21:53:55.908, 1, 89425, 97871
2026/09/22 21:53:55.908, 2, 89425, 97871
2026/09/22 21:53:55.908, 3, 89425, 97871
2026/09/22 21:53:56.108, 0, 89425, 97871
2026/09/22 21:53:56.108, 1, 89425, 97871
2026/09/22 21:53:56.108, 2, 89425, 97871
2026/09/22 21:53:56.108, 3, 89425, 97871
2026/09/22 21:53:56.309, 0, 89425, 97871
2026/09/22 21:53:56.309, 1, 89425, 97871
2026/09/22 21:53:56.309, 2, 89425, 97871
2026/09/22 21:53:56.309, 3, 89425, 97871
2026/09/22 21:53:56.509, 0, 89425, 97871
2026/09/22 21:53:56.509, 1, 89425, 97871
2026/09/22 21:53:56.509, 2, 89425, 97871
2026/09/22 21:53:56.509, 3, 89425, 97871
2026/09/22 21:53:56.709, 0, 89425, 97871
2026/09/22 21:53:56.709, 1, 89425, 97871
2026/09/22 21:53:56.709, 2, 89425, 97871
2026/09/22 21:53:56.709, 3, 89425, 97871
2026/09/22 21:53:56.909, 0, 89425, 97871
2026/09/22 21:53:56.909, 1, 89425, 97871
2026/09/22 21:53:56.909, 2, 89425, 97871
2026/09/22 21:53:56.909, 3, 89425, 97871
2026/09/22 21:53:57.109, 0, 89425, 97871
2026/09/22 21:53:57.109, 1, 89425, 97871
2026/09/22 21:53:57.109, 2, 89425, 97871
2026/09/22 21:53:57.110, 3, 89425, 97871
2026/09/22 21:53:57.310, 0, 89425, 97871
2026/09/22 21:53:57.310, 1, 89425, 97871
2026/09/22 21:53:57.310, 2, 89425, 97871
2026/09/22 21:53:57.310, 3, 89425, 97871
2026/09/22 21:53:57.510, 0, 89425, 97871
2026/09/22 21:53:57.510, 1, 89425, 97871
2026/09/22 21:53:57.510, 2, 89425, 97871
2026/09/22 21:53:57.510, 3, 89425, 97871
2026/09/22 21:53:57.710, 0, 89425, 97871
2026/09/22 21:53:57.710, 1, 89425, 97871
2026/09/22 21:53:57.710, 2, 89425, 97871
2026/09/22 21:53:57.710, 3, 89425, 97871
2026/09/22 21:53:57.910, 0, 89425, 97871
2026/09/22 21:53:57.910, 1, 89425, 97871
2026/09/22 21:53:57.910, 2, 89425, 97871
2026/09/22 21:53:57.910, 3, 89425, 97871
2026/09/22 21:53:58.111, 0, 89425, 97871
2026/09/22 21:53:58.111, 1, 89425, 97871
2026/09/22 21:53:58.111, 2, 89425, 97871
2026/09/22 21:53:58.111, 3, 89425, 97871
2026/09/22 21:53:58.311, 0, 89425, 97871
2026/09/22 21:53:58.311, 1, 89425, 97871
2026/09/22 21:53:58.311, 2, 89425, 97871
2026/09/22 21:53:58.311, 3, 89425, 97871
2026/09/22 21:53:58.511, 0, 89425, 97871
2026/09/22 21:53:58.511, 1, 89425, 97871
2026/09/22 21:53:58.511, 2, 89425, 97871
2026/09/22 21:53:58.511, 3, 89425, 97871
2026/09/22 21:53:58.711, 0, 89425, 97871
2026/09/22 21:53:58.711, 1, 89425, 97871
2026/09/22 21:53:58.711, 2, 89425, 97871
2026/09/22 21:53:58.711, 3, 89425, 97871
2026/09/22 21:53:58.912, 0, 89425, 97871
2026/09/22 21:53:58.912, 1, 89425, 97871
2026/09/22 21:53:58.912, 2, 89425, 97871
2026/09/22 21:53:58.912, 3, 89425, 97871
2026/09/22 21:53:59.112, 0, 89425, 97871
2026/09/22 21:53:59.112, 1, 89425, 97871
2026/09/22 21:53:59.112, 2, 89425, 97871
2026/09/22 21:53:59.112, 3, 89425, 97871
2026/09/22 21:53:59.312, 0, 89425, 97871
2026/09/22 21:53:59.312, 1, 89425, 97871
2026/09/22 21:53:59.312, 2, 89425, 97871
2026/09/22 21:53:59.312, 3, 89425, 97871
2026/09/22 21:53:59.512, 0, 89425, 97871
2026/09/22 21:53:59.512, 1, 89425, 97871
2026/09/22 21:53:59.512, 2, 89425, 97871
2026/09/22 21:53:59.512, 3, 89425, 97871
2026/09/22 21:53:59.712, 0, 89425, 97871
2026/09/22 21:53:59.712, 1, 89425, 97871
2026/09/22 21:53:59.712, 2, 89425, 97871
2026/09/22 21:53:59.712, 3, 89425, 97871
2026/09/22 21:53:59.913, 0, 89425, 97871
2026/09/22 21:53:59.913, 1, 89425, 97871
2026/09/22 21:53:59.913, 2, 89425, 97871
2026/09/22 21:53:59.913, 3, 89425, 97871
2026/09/22 21:54:00.113, 0, 89425, 97871
2026/09/22 21:54:00.113, 1, 89425, 97871
2026/09/22 21:54:00.113, 2, 89425, 97871
2026/09/22 21:54:00.113, 3, 89425, 97871
2026/09/22 21:54:00.313, 0, 89425, 97871
2026/09/22 21:54:00.313, 1, 89425, 97871
2026/09/22 21:54:00.313, 2, 89425, 97871
2026/09/22 21:54:00.313, 3, 89425, 97871
2026/09/22 21:54:00.513, 0, 89425, 97871
2026/09/22 21:54:00.513, 1, 89425, 97871
2026/09/22 21:54:00.513, 2, 89425, 97871
2026/09/22 21:54:00.513, 3, 89425, 97871
2026/09/22 21:54:00.713, 0, 89425, 97871
2026/09/22 21:54:00.714, 1, 89425, 97871
2026/09/22 21:54:00.714, 2, 89425, 97871
2026/09/22 21:54:00.714, 3, 89425, 97871
2026/09/22 21:54:00.914, 0, 89425, 97871
2026/09/22 21:54:00.914, 1, 89425, 97871
2026/09/22 21:54:00.914, 2, 89425, 97871
2026/09/22 21:54:00.914, 3, 89425, 97871
2026/09/22 21:54:01.114, 0, 89425, 97871
2026/09/22 21:54:01.114, 1, 89425, 97871
2026/09/22 21:54:01.114, 2, 89425, 97871
2026/09/22 21:54:01.114, 3, 89425, 97871
2026/09/22 21:54:01.314, 0, 89425, 97871
2026/09/22 21:54:01.314, 1, 89425, 97871
2026/09/22 21:54:01.314, 2, 89425, 97871
2026/09/22 21:54:01.314, 3, 89425, 97871
2026/09/22 21:54:01.514, 0, 89425, 97871
2026/09/22 21:54:01.514, 1, 89425, 97871
2026/09/22 21:54:01.514, 2, 89425, 97871
2026/09/22 21:54:01.514, 3, 89425, 97871
2026/09/22 21:54:01.714, 0, 89425, 97871
2026/09/22 21:54:01.714, 1, 89425, 97871
2026/09/22 21:54:01.715, 2, 89425, 97871
2026/09/22 21:54:01.715, 3, 89425, 97871
2026/09/22 21:54:01.915, 0, 89425, 97871
2026/09/22 21:54:01.915, 1, 89425, 97871
2026/09/22 21:54:01.915, 2, 89425, 97871
2026/09/22 21:54:01.915, 3, 89425, 97871
2026/09/22 21:54:02.115, 0, 89425, 97871
2026/09/22 21:54:02.115, 1, 89425, 97871
2026/09/22 21:54:02.115, 2, 89425, 97871
2026/09/22 21:54:02.115, 3, 89425, 97871
2026/09/22 21:54:02.315, 0, 89425, 97871
2026/09/22 21:54:02.315, 1, 89425, 97871
2026/09/22 21:54:02.315, 2, 89425, 97871
2026/09/22 21:54:02.315, 3, 89425, 97871
2026/09/22 21:54:02.515, 0, 89425, 97871
2026/09/22 21:54:02.515, 1, 89425, 97871
2026/09/22 21:54:02.515, 2, 89425, 97871
2026/09/22 21:54:02.516, 3, 89425, 97871
2026/09/22 21:54:02.716, 0, 89425, 97871
2026/09/22 21:54:02.716, 1, 89425, 97871
2026/09/22 21:54:02.716, 2, 89425, 97871
2026/09/22 21:54:02.716, 3, 89425, 97871
2026/09/22 21:54:02.916, 0, 89425, 97871
2026/09/22 21:54:02.916, 1, 89425, 97871
2026/09/22 21:54:02.916, 2, 89425, 97871
2026/09/22 21:54:02.916, 3, 89425, 97871
2026/09/22 21:54:03.116, 0, 89425, 97871
2026/09/22 21:54:03.116, 1, 89425, 97871
2026/09/22 21:54:03.116, 2, 89425, 97871
2026/09/22 21:54:03.116, 3, 89425, 97871
2026/09/22 21:54:03.316, 0, 89425, 97871
2026/09/22 21:54:03.316, 1, 89425, 97871
2026/09/22 21:54:03.316, 2, 89425, 97871
2026/09/22 21:54:03.316, 3, 89425, 97871
2026/09/22 21:54:03.517, 0, 89425, 97871
2026/09/22 21:54:03.517, 1, 89425, 97871
2026/09/22 21:54:03.517, 2, 89425, 97871
2026/09/22 21:54:03.517, 3, 89425, 97871
2026/09/22 21:54:03.717, 0, 89425, 97871
2026/09/22 21:54:03.717, 1, 89425, 97871
2026/09/22 21:54:03.717, 2, 89425, 97871
2026/09/22 21:54:03.717, 3, 89425, 97871
2026/09/22 21:54:03.917, 0, 89425, 97871
2026/09/22 21:54:03.917, 1, 89425, 97871
2026/09/22 21:54:03.917, 2, 89425, 97871
2026/09/22 21:54:03.917, 3, 89425, 97871
2026/09/22 21:54:04.117, 0, 89425, 97871
2026/09/22 21:54:04.117, 1, 89425, 97871
2026/09/22 21:54:04.117, 2, 89425, 97871
2026/09/22 21:54:04.117, 3, 89425, 97871
2026/09/22 21:54:04.317, 0, 89425, 97871
2026/09/22 21:54:04.317, 1, 89425, 97871
2026/09/22 21:54:04.317, 2, 89425, 97871
2026/09/22 21:54:04.317, 3, 89425, 97871
2026/09/22 21:54:04.518, 0, 89425, 97871
2026/09/22 21:54:04.518, 1, 89425, 97871
2026/09/22 21:54:04.518, 2, 89425, 97871
2026/09/22 21:54:04.518, 3, 89425, 97871
2026/09/22 21:54:04.718, 0, 89425, 97871
2026/09/22 21:54:04.718, 1, 89425, 97871
2026/09/22 21:54:04.718, 2, 89425, 97871
2026/09/22 21:54:04.718, 3, 89425, 97871
2026/09/22 21:54:04.918, 0, 89425, 97871
2026/09/22 21:54:04.918, 1, 89425, 97871
2026/09/22 21:54:04.918, 2, 89425, 97871
2026/09/22 21:54:04.918, 3, 89425, 97871
2026/09/22 21:54:05.118, 0, 89425, 97871
2026/09/22 21:54:05.118, 1, 89425, 97871
2026/09/22 21:54:05.118, 2, 89425, 97871
2026/09/22 21:54:05.118, 3, 89425, 97871
2026/09/22 21:54:05.318, 0, 89425, 97871
2026/09/22 21:54:05.318, 1, 89425, 97871
2026/09/22 21:54:05.319, 2, 89425, 97871
2026/09/22 21:54:05.319, 3, 89425, 97871
2026/09/22 21:54:05.519, 0, 89425, 97871
2026/09/22 21:54:05.519, 1, 89425, 97871
2026/09/22 21:54:05.519, 2, 89425, 97871
2026/09/22 21:54:05.519, 3, 89425, 97871
2026/09/22 21:54:05.719, 0, 89425, 97871
2026/09/22 21:54:05.719, 1, 89425, 97871
2026/09/22 21:54:05.719, 2, 89425, 97871
2026/09/22 21:54:05.719, 3, 89425, 97871
2026/09/22 21:54:05.919, 0, 89425, 97871
2026/09/22 21:54:05.919, 1, 89425, 97871
2026/09/22 21:54:05.919, 2, 89425, 97871
2026/09/22 21:54:05.919, 3, 89425, 97871
2026/09/22 21:54:06.119, 0, 89425, 97871
2026/09/22 21:54:06.119, 1, 89425, 97871
2026/09/22 21:54:06.119, 2, 89425, 97871
2026/09/22 21:54:06.120, 3, 89425, 97871
2026/09/22 21:54:06.320, 0, 89425, 97871
2026/09/22 21:54:06.320, 1, 89425, 97871
2026/09/22 21:54:06.320, 2, 89425, 97871
2026/09/22 21:54:06.320, 3, 89425, 97871
2026/09/22 21:54:06.520, 0, 89425, 97871
2026/09/22 21:54:06.520, 1, 89425, 97871
2026/09/22 21:54:06.520, 2, 89425, 97871
2026/09/22 21:54:06.520, 3, 89425, 97871
2026/09/22 21:54:06.720, 0, 89425, 97871
2026/09/22 21:54:06.720, 1, 89425, 97871
2026/09/22 21:54:06.720, 2, 89425, 97871
2026/09/22 21:54:06.720, 3, 89425, 97871
2026/09/22 21:54:06.920, 0, 89425, 97871
2026/09/22 21:54:06.920, 1, 89425, 97871
2026/09/22 21:54:06.920, 2, 89425, 97871
2026/09/22 21:54:06.920, 3, 89425, 97871
2026/09/22 21:54:07.121, 0, 89425, 97871
2026/09/22 21:54:07.121, 1, 89425, 97871
2026/09/22 21:54:07.121, 2, 89425, 97871
2026/09/22 21:54:07.121, 3, 89425, 97871
2026/09/22 21:54:07.321, 0, 89425, 97871
2026/09/22 21:54:07.321, 1, 89425, 97871
2026/09/22 21:54:07.321, 2, 89425, 97871
2026/09/22 21:54:07.321, 3, 89425, 97871
2026/09/22 21:54:07.521, 0, 89425, 97871
2026/09/22 21:54:07.521, 1, 89425, 97871
2026/09/22 21:54:07.521, 2, 89425, 97871
2026/09/22 21:54:07.521, 3, 89425, 97871
2026/09/22 21:54:07.721, 0, 89425, 97871
2026/09/22 21:54:07.721, 1, 89425, 97871
2026/09/22 21:54:07.721, 2, 89425, 97871
2026/09/22 21:54:07.721, 3, 89425, 97871
2026/09/22 21:54:07.921, 0, 89425, 97871
2026/09/22 21:54:07.922, 1, 89425, 97871
2026/09/22 21:54:07.922, 2, 89425, 97871
2026/09/22 21:54:07.922, 3, 89425, 97871
2026/09/22 21:54:08.122, 0, 89425, 97871
2026/09/22 21:54:08.122, 1, 89425, 97871
2026/09/22 21:54:08.122, 2, 89425, 97871
2026/09/22 21:54:08.122, 3, 89425, 97871
2026/09/22 21:54:08.322, 0, 89425, 97871
2026/09/22 21:54:08.322, 1, 89425, 97871
2026/09/22 21:54:08.322, 2, 89425, 97871
2026/09/22 21:54:08.322, 3, 89425, 97871
2026/09/22 21:54:08.522, 0, 89425, 97871
2026/09/22 21:54:08.522, 1, 89425, 97871
2026/09/22 21:54:08.522, 2, 89425, 97871
2026/09/22 21:54:08.522, 3, 89425, 97871
2026/09/22 21:54:08.722, 0, 89425, 97871
2026/09/22 21:54:08.722, 1, 89425, 97871
2026/09/22 21:54:08.722, 2, 89425, 97871
2026/09/22 21:54:08.722, 3, 89425, 97871
2026/09/22 21:54:08.922, 0, 89425, 97871
2026/09/22 21:54:08.922, 1, 89425, 97871
2026/09/22 21:54:08.923, 2, 89425, 97871
2026/09/22 21:54:08.923, 3, 89425, 97871
2026/09/22 21:54:09.123, 0, 89425, 97871
2026/09/22 21:54:09.123, 1, 89425, 97871
2026/09/22 21:54:09.123, 2, 89425, 97871
2026/09/22 21:54:09.123, 3, 89425, 97871
2026/09/22 21:54:09.323, 0, 89425, 97871
2026/09/22 21:54:09.323, 1, 89425, 97871
2026/09/22 21:54:09.323, 2, 89425, 97871
2026/09/22 21:54:09.323, 3, 89425, 97871
2026/09/22 21:54:09.523, 0, 89425, 97871
2026/09/22 21:54:09.523, 1, 89425, 97871
2026/09/22 21:54:09.523, 2, 89425, 97871
2026/09/22 21:54:09.523, 3, 89425, 97871
2026/09/22 21:54:09.723, 0, 89425, 97871
2026/09/22 21:54:09.723, 1, 89425, 97871
2026/09/22 21:54:09.723, 2, 89425, 97871
2026/09/22 21:54:09.723, 3, 89425, 97871
2026/09/22 21:54:09.923, 0, 89425, 97871
2026/09/22 21:54:09.924, 1, 89425, 97871
2026/09/22 21:54:09.924, 2, 89425, 97871
2026/09/22 21:54:09.924, 3, 89425, 97871
2026/09/22 21:54:10.124, 0, 89425, 97871
2026/09/22 21:54:10.124, 1, 89425, 97871
2026/09/22 21:54:10.124, 2, 89425, 97871
2026/09/22 21:54:10.124, 3, 89425, 97871
2026/09/22 21:54:10.324, 0, 89425, 97871
2026/09/22 21:54:10.324, 1, 89425, 97871
2026/09/22 21:54:10.324, 2, 89425, 97871
2026/09/22 21:54:10.324, 3, 89425, 97871
2026/09/22 21:54:10.524, 0, 89425, 97871
2026/09/22 21:54:10.524, 1, 89425, 97871
2026/09/22 21:54:10.524, 2, 89425, 97871
2026/09/22 21:54:10.524, 3, 89425, 97871
2026/09/22 21:54:10.724, 0, 89425, 97871
2026/09/22 21:54:10.724, 1, 89425, 97871
2026/09/22 21:54:10.724, 2, 89425, 97871
2026/09/22 21:54:10.724, 3, 89425, 97871
2026/09/22 21:54:10.924, 0, 89425, 97871
2026/09/22 21:54:10.924, 1, 89425, 97871
2026/09/22 21:54:10.925, 2, 89425, 97871
2026/09/22 21:54:10.925, 3, 89425, 97871
2026/09/22 21:54:11.125, 0, 89425, 97871
2026/09/22 21:54:11.125, 1, 89425, 97871
2026/09/22 21:54:11.125, 2, 89425, 97871
2026/09/22 21:54:11.125, 3, 89425, 97871
2026/09/22 21:54:11.325, 0, 89425, 97871
2026/09/22 21:54:11.325, 1, 89425, 97871
2026/09/22 21:54:11.325, 2, 89425, 97871
2026/09/22 21:54:11.325, 3, 89425, 97871
2026/09/22 21:54:11.525, 0, 89425, 97871
2026/09/22 21:54:11.525, 1, 89425, 97871
2026/09/22 21:54:11.525, 2, 89425, 97871
2026/09/22 21:54:11.525, 3, 89425, 97871
2026/09/22 21:54:11.725, 0, 89425, 97871
2026/09/22 21:54:11.725, 1, 89425, 97871
2026/09/22 21:54:11.725, 2, 89425, 97871
2026/09/22 21:54:11.725, 3, 89425, 97871
2026/09/22 21:54:11.925, 0, 89425, 97871
2026/09/22 21:54:11.925, 1, 89425, 97871
2026/09/22 21:54:11.926, 2, 89425, 97871
2026/09/22 21:54:11.926, 3, 89425, 97871
2026/09/22 21:54:12.126, 0, 89425, 97871
2026/09/22 21:54:12.126, 1, 89425, 97871
2026/09/22 21:54:12.126, 2, 89425, 97871
2026/09/22 21:54:12.126, 3, 89425, 97871
2026/09/22 21:54:12.326, 0, 89425, 97871
2026/09/22 21:54:12.326, 1, 89425, 97871
2026/09/22 21:54:12.326, 2, 89425, 97871
2026/09/22 21:54:12.326, 3, 89425, 97871
2026/09/22 21:54:12.526, 0, 89425, 97871
2026/09/22 21:54:12.526, 1, 89425, 97871
2026/09/22 21:54:12.526, 2, 89425, 97871
2026/09/22 21:54:12.526, 3, 89425, 97871
2026/09/22 21:54:12.726, 0, 89425, 97871
2026/09/22 21:54:12.726, 1, 89425, 97871
2026/09/22 21:54:12.726, 2, 89425, 97871
2026/09/22 21:54:12.726, 3, 89425, 97871
2026/09/22 21:54:12.926, 0, 89425, 97871
2026/09/22 21:54:12.927, 1, 89425, 97871
2026/09/22 21:54:12.927, 2, 89425, 97871
2026/09/22 21:54:12.927, 3, 89425, 97871
2026/09/22 21:54:13.127, 0, 89425, 97871
2026/09/22 21:54:13.127, 1, 89425, 97871
2026/09/22 21:54:13.127, 2, 89425, 97871
2026/09/22 21:54:13.127, 3, 89425, 97871
2026/09/22 21:54:13.327, 0, 89425, 97871
2026/09/22 21:54:13.327, 1, 89425, 97871
2026/09/22 21:54:13.327, 2, 89425, 97871
2026/09/22 21:54:13.327, 3, 89425, 97871
2026/09/22 21:54:13.527, 0, 89425, 97871
2026/09/22 21:54:13.527, 1, 89425, 97871
2026/09/22 21:54:13.527, 2, 89425, 97871
2026/09/22 21:54:13.527, 3, 89425, 97871
2026/09/22 21:54:13.728, 0, 89425, 97871
2026/09/22 21:54:13.728, 1, 89425, 97871
2026/09/22 21:54:13.728, 2, 89425, 97871
2026/09/22 21:54:13.728, 3, 89425, 97871
2026/09/22 21:54:13.928, 0, 89425, 97871
2026/09/22 21:54:13.928, 1, 89425, 97871
2026/09/22 21:54:13.928, 2, 89425, 97871
2026/09/22 21:54:13.928, 3, 89425, 97871
2026/09/22 21:54:14.128, 0, 89425, 97871
2026/09/22 21:54:14.128, 1, 89425, 97871
2026/09/22 21:54:14.128, 2, 89425, 97871
2026/09/22 21:54:14.128, 3, 89425, 97871
2026/09/22 21:54:14.328, 0, 89425, 97871
2026/09/22 21:54:14.328, 1, 89425, 97871
2026/09/22 21:54:14.328, 2, 89425, 97871
2026/09/22 21:54:14.328, 3, 89425, 97871
2026/09/22 21:54:14.528, 0, 89425, 97871
2026/09/22 21:54:14.528, 1, 89425, 97871
2026/09/22 21:54:14.528, 2, 89425, 97871
2026/09/22 21:54:14.529, 3, 89425, 97871
2026/09/22 21:54:14.729, 0, 89425, 97871
2026/09/22 21:54:14.729, 1, 89425, 97871
2026/09/22 21:54:14.729, 2, 89425, 97871
2026/09/22 21:54:14.729, 3, 89425, 97871
2026/09/22 21:54:14.929, 0, 89425, 97871
2026/09/22 21:54:14.929, 1, 89425, 97871
2026/09/22 21:54:14.929, 2, 89425, 97871
2026/09/22 21:54:14.929, 3, 89425, 97871
2026/09/22 21:54:15.129, 0, 89425, 97871
2026/09/22 21:54:15.129, 1, 89425, 97871
2026/09/22 21:54:15.129, 2, 89425, 97871
2026/09/22 21:54:15.129, 3, 89425, 97871
2026/09/22 21:54:15.329, 0, 89425, 97871
2026/09/22 21:54:15.329, 1, 89425, 97871
2026/09/22 21:54:15.329, 2, 89425, 97871
2026/09/22 21:54:15.329, 3, 89425, 97871
2026/09/22 21:54:15.529, 0, 89425, 97871
2026/09/22 21:54:15.529, 1, 89425, 97871
2026/09/22 21:54:15.529, 2, 89425, 97871
2026/09/22 21:54:15.530, 3, 89425, 97871
2026/09/22 21:54:15.730, 0, 89425, 97871
2026/09/22 21:54:15.730, 1, 89425, 97871
2026/09/22 21:54:15.730, 2, 89425, 97871
2026/09/22 21:54:15.730, 3, 89425, 97871
2026/09/22 21:54:15.930, 0, 89425, 97871
2026/09/22 21:54:15.930, 1, 89425, 97871
2026/09/22 21:54:15.930, 2, 89425, 97871
2026/09/22 21:54:15.930, 3, 89425, 97871
2026/09/22 21:54:16.130, 0, 89425, 97871
2026/09/22 21:54:16.130, 1, 89425, 97871
2026/09/22 21:54:16.130, 2, 89425, 97871
2026/09/22 21:54:16.130, 3, 89425, 97871
2026/09/22 21:54:16.330, 0, 89425, 97871
2026/09/22 21:54:16.330, 1, 89425, 97871
2026/09/22 21:54:16.330, 2, 89425, 97871
2026/09/22 21:54:16.330, 3, 89425, 97871
2026/09/22 21:54:16.531, 0, 89425, 97871
2026/09/22 21:54:16.531, 1, 89425, 97871
2026/09/22 21:54:16.531, 2, 89425, 97871
2026/09/22 21:54:16.531, 3, 89425, 97871
2026/09/22 21:54:16.731, 0, 89425, 97871
2026/09/22 21:54:16.731, 1, 89425, 97871
2026/09/22 21:54:16.731, 2, 89425, 97871
2026/09/22 21:54:16.731, 3, 89425, 97871
2026/09/22 21:54:16.931, 0, 89425, 97871
2026/09/22 21:54:16.931, 1, 89425, 97871
2026/09/22 21:54:16.931, 2, 89425, 97871
2026/09/22 21:54:16.931, 3, 89425, 97871
2026/09/22 21:54:17.131, 0, 89425, 97871
2026/09/22 21:54:17.131, 1, 89425, 97871
2026/09/22 21:54:17.131, 2, 89425, 97871
2026/09/22 21:54:17.131, 3, 89425, 97871
2026/09/22 21:54:17.331, 0, 89425, 97871
2026/09/22 21:54:17.331, 1, 89425, 97871
2026/09/22 21:54:17.331, 2, 89425, 97871
2026/09/22 21:54:17.331, 3, 89425, 97871
2026/09/22 21:54:17.532, 0, 89425, 97871
2026/09/22 21:54:17.532, 1, 89425, 97871
2026/09/22 21:54:17.532, 2, 89425, 97871
2026/09/22 21:54:17.532, 3, 89425, 97871
2026/09/22 21:54:17.732, 0, 89425, 97871
2026/09/22 21:54:17.732, 1, 89425, 97871
2026/09/22 21:54:17.732, 2, 89425, 97871
2026/09/22 21:54:17.732, 3, 89425, 97871
2026/09/22 21:54:17.932, 0, 89425, 97871
2026/09/22 21:54:17.932, 1, 89425, 97871
2026/09/22 21:54:17.932, 2, 89425, 97871
2026/09/22 21:54:17.932, 3, 89425, 97871
2026/09/22 21:54:18.132, 0, 89425, 97871
2026/09/22 21:54:18.132, 1, 89425, 97871
2026/09/22 21:54:18.132, 2, 89425, 97871
2026/09/22 21:54:18.132, 3, 89425, 97871
2026/09/22 21:54:18.332, 0, 89425, 97871
2026/09/22 21:54:18.332, 1, 89425, 97871
2026/09/22 21:54:18.332, 2, 89425, 97871
2026/09/22 21:54:18.332, 3, 89425, 97871
2026/09/22 21:54:18.532, 0, 89425, 97871
2026/09/22 21:54:18.533, 1, 89425, 97871
2026/09/22 21:54:18.533, 2, 89425, 97871
2026/09/22 21:54:18.533, 3, 89425, 97871
2026/09/22 21:54:18.733, 0, 89425, 97871
2026/09/22 21:54:18.733, 1, 89425, 97871
2026/09/22 21:54:18.733, 2, 89425, 97871
2026/09/22 21:54:18.733, 3, 89425, 97871
2026/09/22 21:54:18.933, 0, 89425, 97871
2026/09/22 21:54:18.933, 1, 89425, 97871
2026/09/22 21:54:18.933, 2, 89425, 97871
2026/09/22 21:54:18.933, 3, 89425, 97871
2026/09/22 21:54:19.133, 0, 89425, 97871
2026/09/22 21:54:19.133, 1, 89425, 97871
2026/09/22 21:54:19.133, 2, 89425, 97871
2026/09/22 21:54:19.133, 3, 89425, 97871
2026/09/22 21:54:19.333, 0, 89425, 97871
2026/09/22 21:54:19.333, 1, 89425, 97871
2026/09/22 21:54:19.333, 2, 89425, 97871
2026/09/22 21:54:19.333, 3, 89425, 97871
2026/09/22 21:54:19.534, 0, 89425, 97871
2026/09/22 21:54:19.534, 1, 89425, 97871
2026/09/22 21:54:19.534, 2, 89425, 97871
2026/09/22 21:54:19.534, 3, 89425, 97871
2026/09/22 21:54:19.734, 0, 89425, 97871
2026/09/22 21:54:19.734, 1, 89425, 97871
2026/09/22 21:54:19.734, 2, 89425, 97871
2026/09/22 21:54:19.734, 3, 89425, 97871
2026/09/22 21:54:19.934, 0, 89425, 97871
2026/09/22 21:54:19.934, 1, 89425, 97871
2026/09/22 21:54:19.934, 2, 89425, 97871
2026/09/22 21:54:19.934, 3, 89425, 97871
2026/09/22 21:54:20.134, 0, 89425, 97871
2026/09/22 21:54:20.134, 1, 89425, 97871
2026/09/22 21:54:20.134, 2, 89425, 97871
2026/09/22 21:54:20.134, 3, 89425, 97871
2026/09/22 21:54:20.334, 0, 89425, 97871
2026/09/22 21:54:20.334, 1, 89425, 97871
2026/09/22 21:54:20.334, 2, 89425, 97871
2026/09/22 21:54:20.334, 3, 89425, 97871
2026/09/22 21:54:20.534, 0, 89425, 97871
2026/09/22 21:54:20.534, 1, 89425, 97871
2026/09/22 21:54:20.535, 2, 89425, 97871
2026/09/22 21:54:20.535, 3, 89425, 97871
2026/09/22 21:54:20.735, 0, 89425, 97871
2026/09/22 21:54:20.735, 1, 89425, 97871
2026/09/22 21:54:20.735, 2, 89425, 97871
2026/09/22 21:54:20.735, 3, 89425, 97871
2026/09/22 21:54:20.935, 0, 89425, 97871
2026/09/22 21:54:20.935, 1, 89425, 97871
2026/09/22 21:54:20.935, 2, 89425, 97871
2026/09/22 21:54:20.935, 3, 89425, 97871
2026/09/22 21:54:21.135, 0, 89425, 97871
2026/09/22 21:54:21.135, 1, 89425, 97871
2026/09/22 21:54:21.135, 2, 89425, 97871
2026/09/22 21:54:21.135, 3, 89425, 97871
2026/09/22 21:54:21.335, 0, 89425, 97871
2026/09/22 21:54:21.335, 1, 89425, 97871
2026/09/22 21:54:21.335, 2, 89425, 97871
2026/09/22 21:54:21.335, 3, 89425, 97871
2026/09/22 21:54:21.535, 0, 89425, 97871
2026/09/22 21:54:21.535, 1, 89425, 97871
2026/09/22 21:54:21.536, 2, 89425, 97871
2026/09/22 21:54:21.536, 3, 89425, 97871
2026/09/22 21:54:21.736, 0, 89425, 97871
2026/09/22 21:54:21.736, 1, 89425, 97871
2026/09/22 21:54:21.736, 2, 89425, 97871
2026/09/22 21:54:21.736, 3, 89425, 97871
2026/09/22 21:54:21.936, 0, 89425, 97871
2026/09/22 21:54:21.936, 1, 89425, 97871
2026/09/22 21:54:21.936, 2, 89425, 97871
2026/09/22 21:54:21.936, 3, 89425, 97871
2026/09/22 21:54:22.136, 0, 89425, 97871
2026/09/22 21:54:22.136, 1, 89425, 97871
2026/09/22 21:54:22.136, 2, 89425, 97871
2026/09/22 21:54:22.136, 3, 89425, 97871
2026/09/22 21:54:22.336, 0, 89425, 97871
2026/09/22 21:54:22.336, 1, 89425, 97871
2026/09/22 21:54:22.336, 2, 89425, 97871
2026/09/22 21:54:22.336, 3, 89425, 97871
2026/09/22 21:54:22.537, 0, 89425, 97871
2026/09/22 21:54:22.537, 1, 89425, 97871
2026/09/22 21:54:22.537, 2, 89425, 97871
2026/09/22 21:54:22.537, 3, 89425, 97871
2026/09/22 21:54:22.737, 0, 89425, 97871
2026/09/22 21:54:22.737, 1, 89425, 97871
2026/09/22 21:54:22.737, 2, 89425, 97871
2026/09/22 21:54:22.737, 3, 89425, 97871
2026/09/22 21:54:22.937, 0, 89425, 97871
2026/09/22 21:54:22.937, 1, 89425, 97871
2026/09/22 21:54:22.937, 2, 89425, 97871
2026/09/22 21:54:22.937, 3, 89425, 97871
2026/09/22 21:54:23.137, 0, 89425, 97871
2026/09/22 21:54:23.137, 1, 89425, 97871
2026/09/22 21:54:23.137, 2, 89425, 97871
2026/09/22 21:54:23.137, 3, 89425, 97871
2026/09/22 21:54:23.337, 0, 89425, 97871
2026/09/22 21:54:23.337, 1, 89425, 97871
2026/09/22 21:54:23.337, 2, 89425, 97871
2026/09/22 21:54:23.337, 3, 89425, 97871
2026/09/22 21:54:23.538, 0, 89425, 97871
2026/09/22 21:54:23.538, 1, 89425, 97871
2026/09/22 21:54:23.538, 2, 89425, 97871
2026/09/22 21:54:23.538, 3, 89425, 97871
2026/09/22 21:54:23.738, 0, 89425, 97871
2026/09/22 21:54:23.738, 1, 89425, 97871
2026/09/22 21:54:23.738, 2, 89425, 97871
2026/09/22 21:54:23.738, 3, 89425, 97871
2026/09/22 21:54:23.938, 0, 89425, 97871
2026/09/22 21:54:23.938, 1, 89425, 97871
2026/09/22 21:54:23.938, 2, 89425, 97871
2026/09/22 21:54:23.938, 3, 89425, 97871
2026/09/22 21:54:24.138, 0, 89425, 97871
2026/09/22 21:54:24.138, 1, 89425, 97871
2026/09/22 21:54:24.138, 2, 89425, 97871
2026/09/22 21:54:24.138, 3, 89425, 97871
2026/09/22 21:54:24.338, 0, 89425, 97871
2026/09/22 21:54:24.338, 1, 89425, 97871
2026/09/22 21:54:24.339, 2, 89425, 97871
2026/09/22 21:54:24.339, 3, 89425, 97871
2026/09/22 21:54:24.539, 0, 89425, 97871
2026/09/22 21:54:24.539, 1, 89425, 97871
2026/09/22 21:54:24.539, 2, 89425, 97871
2026/09/22 21:54:24.539, 3, 89425, 97871
2026/09/22 21:54:24.739, 0, 89425, 97871
2026/09/22 21:54:24.739, 1, 89425, 97871
2026/09/22 21:54:24.739, 2, 89425, 97871
2026/09/22 21:54:24.739, 3, 89425, 97871
2026/09/22 21:54:24.939, 0, 89425, 97871
2026/09/22 21:54:24.939, 1, 89425, 97871
2026/09/22 21:54:24.939, 2, 89425, 97871
2026/09/22 21:54:24.939, 3, 89425, 97871
2026/09/22 21:54:25.139, 0, 89425, 97871
2026/09/22 21:54:25.167, 1, 89425, 97871
2026/09/22 21:54:25.185, 2, 89425, 97871
2026/09/22 21:54:25.185, 3, 89425, 97871
2026/09/22 21:54:25.403, 0, 89425, 97871
2026/09/22 21:54:25.420, 1, 89425, 97871
2026/09/22 21:54:25.455, 2, 89425, 97871
2026/09/22 21:54:25.472, 3, 89425, 97871
2026/09/22 21:54:25.672, 0, 89425, 97871
2026/09/22 21:54:25.672, 1, 89425, 97871
2026/09/22 21:54:25.672, 2, 89425, 97871
2026/09/22 21:54:25.672, 3, 89425, 97871
2026/09/22 21:54:25.872, 0, 89425, 97871
2026/09/22 21:54:25.872, 1, 89425, 97871
2026/09/22 21:54:25.872, 2, 89425, 97871
2026/09/22 21:54:25.872, 3, 89425, 97871
2026/09/22 21:54:26.072, 0, 89425, 97871
2026/09/22 21:54:26.072, 1, 89425, 97871
2026/09/22 21:54:26.072, 2, 89425, 97871
2026/09/22 21:54:26.072, 3, 89425, 97871
2026/09/22 21:54:26.272, 0, 89425, 97871
2026/09/22 21:54:26.272, 1, 89425, 97871
2026/09/22 21:54:26.272, 2, 89425, 97871
2026/09/22 21:54:26.272, 3, 89425, 97871
2026/09/22 21:54:26.472, 0, 89425, 97871
2026/09/22 21:54:26.490, 1, 89425, 97871
2026/09/22 21:54:26.505, 2, 89425, 97871
2026/09/22 21:54:26.542, 3, 89425, 97871
2026/09/22 21:54:26.760, 0, 89425, 97871
2026/09/22 21:54:26.760, 1, 89425, 97871
2026/09/22 21:54:26.760, 2, 89425, 97871
2026/09/22 21:54:26.760, 3, 89425, 97871
2026/09/22 21:54:26.960, 0, 89425, 97871
2026/09/22 21:54:26.960, 1, 89425, 97871
2026/09/22 21:54:26.960, 2, 89425, 97871
2026/09/22 21:54:26.960, 3, 89425, 97871
2026/09/22 21:54:27.160, 0, 89425, 97871
2026/09/22 21:54:27.160, 1, 89425, 97871
2026/09/22 21:54:27.160, 2, 89425, 97871
2026/09/22 21:54:27.160, 3, 89425, 97871
2026/09/22 21:54:27.360, 0, 89425, 97871
2026/09/22 21:54:27.361, 1, 89425, 97871
2026/09/22 21:54:27.361, 2, 89425, 97871
2026/09/22 21:54:27.361, 3, 89425, 97871
2026/09/22 21:54:27.561, 0, 89425, 97871
2026/09/22 21:54:27.561, 1, 89425, 97871
2026/09/22 21:54:27.561, 2, 89425, 97871
2026/09/22 21:54:27.561, 3, 89425, 97871
2026/09/22 21:54:27.761, 0, 89425, 97871
2026/09/22 21:54:27.761, 1, 89425, 97871
2026/09/22 21:54:27.761, 2, 89425, 97871
2026/09/22 21:54:27.761, 3, 89425, 97871
2026/09/22 21:54:27.961, 0, 89425, 97871
2026/09/22 21:54:27.961, 1, 89425, 97871
2026/09/22 21:54:27.961, 2, 89425, 97871
2026/09/22 21:54:27.961, 3, 89425, 97871
2026/09/22 21:54:28.161, 0, 89425, 97871
2026/09/22 21:54:28.161, 1, 89425, 97871
2026/09/22 21:54:28.161, 2, 89425, 97871
2026/09/22 21:54:28.161, 3, 89425, 97871
2026/09/22 21:54:28.362, 0, 89425, 97871
2026/09/22 21:54:28.362, 1, 89425, 97871
2026/09/22 21:54:28.362, 2, 89425, 97871
2026/09/22 21:54:28.362, 3, 89425, 97871
2026/09/22 21:54:28.562, 0, 89425, 97871
2026/09/22 21:54:28.562, 1, 89425, 97871
2026/09/22 21:54:28.562, 2, 89425, 97871
2026/09/22 21:54:28.562, 3, 89425, 97871
2026/09/22 21:54:28.762, 0, 89425, 97871
2026/09/22 21:54:28.762, 1, 89425, 97871
2026/09/22 21:54:28.762, 2, 89425, 97871
2026/09/22 21:54:28.762, 3, 89425, 97871
2026/09/22 21:54:28.962, 0, 89425, 97871
2026/09/22 21:54:28.962, 1, 89425, 97871
2026/09/22 21:54:28.962, 2, 89425, 97871
2026/09/22 21:54:28.962, 3, 89425, 97871
2026/09/22 21:54:29.162, 0, 89425, 97871
2026/09/22 21:54:29.162, 1, 89425, 97871
2026/09/22 21:54:29.162, 2, 89425, 97871
2026/09/22 21:54:29.162, 3, 89425, 97871
2026/09/22 21:54:29.362, 0, 89425, 97871
2026/09/22 21:54:29.363, 1, 89425, 97871
2026/09/22 21:54:29.363, 2, 89425, 97871
2026/09/22 21:54:29.363, 3, 89425, 97871
2026/09/22 21:54:29.563, 0, 89425, 97871
2026/09/22 21:54:29.563, 1, 89425, 97871
2026/09/22 21:54:29.563, 2, 89425, 97871
2026/09/22 21:54:29.563, 3, 89425, 97871
2026/09/22 21:54:29.763, 0, 89425, 97871
2026/09/22 21:54:29.763, 1, 89425, 97871
2026/09/22 21:54:29.763, 2, 89425, 97871
2026/09/22 21:54:29.763, 3, 89425, 97871
2026/09/22 21:54:29.963, 0, 89425, 97871
2026/09/22 21:54:29.963, 1, 89425, 97871
2026/09/22 21:54:29.963, 2, 89425, 97871
2026/09/22 21:54:29.963, 3, 89425, 97871
2026/09/22 21:54:30.163, 0, 89425, 97871
2026/09/22 21:54:30.163, 1, 89425, 97871
2026/09/22 21:54:30.163, 2, 89425, 97871
2026/09/22 21:54:30.163, 3, 89425, 97871
2026/09/22 21:54:30.363, 0, 89425, 97871
2026/09/22 21:54:30.363, 1, 89425, 97871
2026/09/22 21:54:30.363, 2, 89425, 97871
2026/09/22 21:54:30.364, 3, 89425, 97871
2026/09/22 21:54:30.564, 0, 89425, 97871
2026/09/22 21:54:30.564, 1, 89425, 97871
2026/09/22 21:54:30.564, 2, 89425, 97871
2026/09/22 21:54:30.564, 3, 89425, 97871
2026/09/22 21:54:30.764, 0, 89425, 97871
2026/09/22 21:54:30.764, 1, 89425, 97871
2026/09/22 21:54:30.764, 2, 89425, 97871
2026/09/22 21:54:30.764, 3, 89425, 97871
2026/09/22 21:54:30.964, 0, 89425, 97871
2026/09/22 21:54:30.964, 1, 89425, 97871
2026/09/22 21:54:30.964, 2, 89425, 97871
2026/09/22 21:54:30.964, 3, 89425, 97871
2026/09/22 21:54:31.164, 0, 89425, 97871
2026/09/22 21:54:31.164, 1, 89425, 97871
2026/09/22 21:54:31.164, 2, 89425, 97871
2026/09/22 21:54:31.164, 3, 89425, 97871
2026/09/22 21:54:31.364, 0, 89425, 97871
2026/09/22 21:54:31.364, 1, 89425, 97871
2026/09/22 21:54:31.364, 2, 89425, 97871
2026/09/22 21:54:31.364, 3, 89425, 97871
2026/09/22 21:54:31.565, 0, 89425, 97871
2026/09/22 21:54:31.565, 1, 89425, 97871
2026/09/22 21:54:31.565, 2, 89425, 97871
2026/09/22 21:54:31.565, 3, 89425, 97871
2026/09/22 21:54:31.765, 0, 89425, 97871
2026/09/22 21:54:31.765, 1, 89425, 97871
2026/09/22 21:54:31.765, 2, 89425, 97871
2026/09/22 21:54:31.765, 3, 89425, 97871
2026/09/22 21:54:31.965, 0, 89425, 97871
2026/09/22 21:54:31.965, 1, 89425, 97871
2026/09/22 21:54:31.965, 2, 89425, 97871
2026/09/22 21:54:31.965, 3, 89425, 97871
2026/09/22 21:54:32.165, 0, 89425, 97871
2026/09/22 21:54:32.165, 1, 89425, 97871
2026/09/22 21:54:32.165, 2, 89425, 97871
2026/09/22 21:54:32.165, 3, 89425, 97871
2026/09/22 21:54:32.365, 0, 89425, 97871
2026/09/22 21:54:32.365, 1, 89425, 97871
2026/09/22 21:54:32.365, 2, 89425, 97871
2026/09/22 21:54:32.365, 3, 89425, 97871
2026/09/22 21:54:32.565, 0, 89425, 97871
2026/09/22 21:54:32.566, 1, 89425, 97871
2026/09/22 21:54:32.566, 2, 89425, 97871
2026/09/22 21:54:32.566, 3, 89425, 97871
2026/09/22 21:54:32.766, 0, 89425, 97871
2026/09/22 21:54:32.766, 1, 89425, 97871
2026/09/22 21:54:32.766, 2, 89425, 97871
2026/09/22 21:54:32.766, 3, 89425, 97871
2026/09/22 21:54:32.966, 0, 89425, 97871
2026/09/22 21:54:32.966, 1, 89425, 97871
2026/09/22 21:54:32.966, 2, 89425, 97871
2026/09/22 21:54:32.966, 3, 89425, 97871
2026/09/22 21:54:33.166, 0, 89425, 97871
2026/09/22 21:54:33.166, 1, 89425, 97871
2026/09/22 21:54:33.166, 2, 89425, 97871
2026/09/22 21:54:33.166, 3, 89425, 97871
2026/09/22 21:54:33.366, 0, 89425, 97871
2026/09/22 21:54:33.366, 1, 89425, 97871
2026/09/22 21:54:33.366, 2, 89425, 97871
2026/09/22 21:54:33.366, 3, 89425, 97871
2026/09/22 21:54:33.567, 0, 89425, 97871
2026/09/22 21:54:33.567, 1, 89425, 97871
2026/09/22 21:54:33.567, 2, 89425, 97871
2026/09/22 21:54:33.567, 3, 89425, 97871
2026/09/22 21:54:33.767, 0, 89425, 97871
2026/09/22 21:54:33.767, 1, 89425, 97871
2026/09/22 21:54:33.767, 2, 89425, 97871
2026/09/22 21:54:33.767, 3, 89425, 97871
2026/09/22 21:54:33.967, 0, 89425, 97871
2026/09/22 21:54:33.967, 1, 89425, 97871
2026/09/22 21:54:33.967, 2, 89425, 97871
2026/09/22 21:54:33.967, 3, 89425, 97871
2026/09/22 21:54:34.167, 0, 89425, 97871
2026/09/22 21:54:34.167, 1, 89425, 97871
2026/09/22 21:54:34.167, 2, 89425, 97871
2026/09/22 21:54:34.167, 3, 89425, 97871
2026/09/22 21:54:34.368, 0, 89425, 97871
2026/09/22 21:54:34.368, 1, 89425, 97871
2026/09/22 21:54:34.368, 2, 89425, 97871
2026/09/22 21:54:34.368, 3, 89425, 97871
2026/09/22 21:54:34.568, 0, 89425, 97871
2026/09/22 21:54:34.568, 1, 89425, 97871
2026/09/22 21:54:34.568, 2, 89425, 97871
2026/09/22 21:54:34.568, 3, 89425, 97871
2026/09/22 21:54:34.768, 0, 89425, 97871
2026/09/22 21:54:34.768, 1, 89425, 97871
2026/09/22 21:54:34.768, 2, 89425, 97871
2026/09/22 21:54:34.768, 3, 89425, 97871
2026/09/22 21:54:34.968, 0, 89425, 97871
2026/09/22 21:54:34.968, 1, 89425, 97871
2026/09/22 21:54:34.968, 2, 89425, 97871
2026/09/22 21:54:34.968, 3, 89425, 97871
2026/09/22 21:54:35.168, 0, 89425, 97871
2026/09/22 21:54:35.169, 1, 89425, 97871
2026/09/22 21:54:35.169, 2, 89425, 97871
2026/09/22 21:54:35.169, 3, 89425, 97871
2026/09/22 21:54:35.369, 0, 89425, 97871
2026/09/22 21:54:35.369, 1, 89425, 97871
2026/09/22 21:54:35.369, 2, 89425, 97871
2026/09/22 21:54:35.369, 3, 89425, 97871
2026/09/22 21:54:35.569, 0, 89425, 97871
2026/09/22 21:54:35.569, 1, 89425, 97871
2026/09/22 21:54:35.569, 2, 89425, 97871
2026/09/22 21:54:35.569, 3, 89425, 97871
2026/09/22 21:54:35.769, 0, 89425, 97871
2026/09/22 21:54:35.769, 1, 89425, 97871
2026/09/22 21:54:35.769, 2, 89425, 97871
2026/09/22 21:54:35.769, 3, 89425, 97871
2026/09/22 21:54:35.969, 0, 89425, 97871
2026/09/22 21:54:35.969, 1, 89425, 97871
2026/09/22 21:54:35.969, 2, 89425, 97871
2026/09/22 21:54:35.969, 3, 89425, 97871
2026/09/22 21:54:36.169, 0, 89425, 97871
2026/09/22 21:54:36.169, 1, 89425, 97871
2026/09/22 21:54:36.169, 2, 89425, 97871
2026/09/22 21:54:36.169, 3, 89425, 97871
2026/09/22 21:54:36.370, 0, 89425, 97871
2026/09/22 21:54:36.370, 1, 89425, 97871
2026/09/22 21:54:36.370, 2, 89425, 97871
2026/09/22 21:54:36.370, 3, 89425, 97871
2026/09/22 21:54:36.570, 0, 89425, 97871
2026/09/22 21:54:36.570, 1, 89425, 97871
2026/09/22 21:54:36.570, 2, 89425, 97871
2026/09/22 21:54:36.570, 3, 89425, 97871
2026/09/22 21:54:36.770, 0, 89425, 97871
2026/09/22 21:54:36.770, 1, 89425, 97871
2026/09/22 21:54:36.770, 2, 89425, 97871
2026/09/22 21:54:36.770, 3, 89425, 97871
2026/09/22 21:54:36.970, 0, 89425, 97871
2026/09/22 21:54:36.970, 1, 89425, 97871
2026/09/22 21:54:36.970, 2, 89425, 97871
2026/09/22 21:54:36.970, 3, 89425, 97871
2026/09/22 21:54:37.170, 0, 89425, 97871
2026/09/22 21:54:37.170, 1, 89425, 97871
2026/09/22 21:54:37.170, 2, 89425, 97871
2026/09/22 21:54:37.170, 3, 89425, 97871
2026/09/22 21:54:37.370, 0, 89425, 97871
2026/09/22 21:54:37.371, 1, 89425, 97871
2026/09/22 21:54:37.371, 2, 89425, 97871
2026/09/22 21:54:37.371, 3, 89425, 97871
2026/09/22 21:54:37.571, 0, 89425, 97871
2026/09/22 21:54:37.571, 1, 89425, 97871
2026/09/22 21:54:37.571, 2, 89425, 97871
2026/09/22 21:54:37.571, 3, 89425, 97871
2026/09/22 21:54:37.771, 0, 89425, 97871
2026/09/22 21:54:37.771, 1, 89425, 97871
2026/09/22 21:54:37.771, 2, 89425, 97871
2026/09/22 21:54:37.771, 3, 89425, 97871
2026/09/22 21:54:37.971, 0, 89425, 97871
2026/09/22 21:54:37.971, 1, 89425, 97871
2026/09/22 21:54:37.971, 2, 89425, 97871
2026/09/22 21:54:37.971, 3, 89425, 97871
2026/09/22 21:54:38.171, 0, 89425, 97871
2026/09/22 21:54:38.171, 1, 89425, 97871
2026/09/22 21:54:38.171, 2, 89425, 97871
2026/09/22 21:54:38.171, 3, 89425, 97871
2026/09/22 21:54:38.372, 0, 89425, 97871
2026/09/22 21:54:38.372, 1, 89425, 97871
2026/09/22 21:54:38.372, 2, 89425, 97871
2026/09/22 21:54:38.372, 3, 89425, 97871
2026/09/22 21:54:38.572, 0, 89425, 97871
2026/09/22 21:54:38.572, 1, 89425, 97871
2026/09/22 21:54:38.572, 2, 89425, 97871
2026/09/22 21:54:38.572, 3, 89425, 97871
2026/09/22 21:54:38.772, 0, 89425, 97871
2026/09/22 21:54:38.772, 1, 89425, 97871
2026/09/22 21:54:38.772, 2, 89425, 97871
2026/09/22 21:54:38.772, 3, 89425, 97871
2026/09/22 21:54:38.972, 0, 89425, 97871
2026/09/22 21:54:38.972, 1, 89425, 97871
2026/09/22 21:54:38.972, 2, 89425, 97871
2026/09/22 21:54:38.972, 3, 89425, 97871
2026/09/22 21:54:39.173, 0, 89425, 97871
2026/09/22 21:54:39.173, 1, 89425, 97871
2026/09/22 21:54:39.173, 2, 89425, 97871
2026/09/22 21:54:39.173, 3, 89425, 97871
2026/09/22 21:54:39.373, 0, 89425, 97871
2026/09/22 21:54:39.373, 1, 89425, 97871
2026/09/22 21:54:39.373, 2, 89425, 97871
2026/09/22 21:54:39.373, 3, 89425, 97871
2026/09/22 21:54:39.573, 0, 89425, 97871
2026/09/22 21:54:39.573, 1, 89425, 97871
2026/09/22 21:54:39.573, 2, 89425, 97871
2026/09/22 21:54:39.573, 3, 89425, 97871
2026/09/22 21:54:39.773, 0, 89425, 97871
2026/09/22 21:54:39.773, 1, 89425, 97871
2026/09/22 21:54:39.773, 2, 89425, 97871
2026/09/22 21:54:39.773, 3, 89425, 97871
2026/09/22 21:54:39.973, 0, 89425, 97871
2026/09/22 21:54:39.973, 1, 89425, 97871
2026/09/22 21:54:39.973, 2, 89425, 97871
2026/09/22 21:54:39.974, 3, 89425, 97871
2026/09/22 21:54:40.174, 0, 89425, 97871
2026/09/22 21:54:40.174, 1, 89425, 97871
2026/09/22 21:54:40.174, 2, 89425, 97871
2026/09/22 21:54:40.174, 3, 89425, 97871
2026/09/22 21:54:40.374, 0, 89425, 97871
2026/09/22 21:54:40.374, 1, 89425, 97871
2026/09/22 21:54:40.374, 2, 89425, 97871
2026/09/22 21:54:40.374, 3, 89425, 97871
2026/09/22 21:54:40.574, 0, 89425, 97871
2026/09/22 21:54:40.574, 1, 89425, 97871
2026/09/22 21:54:40.574, 2, 89425, 97871
2026/09/22 21:54:40.574, 3, 89425, 97871
2026/09/22 21:54:40.774, 0, 89425, 97871
2026/09/22 21:54:40.774, 1, 89425, 97871
2026/09/22 21:54:40.774, 2, 89425, 97871
2026/09/22 21:54:40.774, 3, 89425, 97871
2026/09/22 21:54:40.974, 0, 89425, 97871
2026/09/22 21:54:40.974, 1, 89425, 97871
2026/09/22 21:54:40.975, 2, 89425, 97871
2026/09/22 21:54:40.975, 3, 89425, 97871
2026/09/22 21:54:41.175, 0, 89425, 97871
2026/09/22 21:54:41.175, 1, 89425, 97871
2026/09/22 21:54:41.175, 2, 89425, 97871
2026/09/22 21:54:41.175, 3, 89425, 97871
2026/09/22 21:54:41.375, 0, 89425, 97871
2026/09/22 21:54:41.375, 1, 89425, 97871
2026/09/22 21:54:41.375, 2, 89425, 97871
2026/09/22 21:54:41.375, 3, 89425, 97871
2026/09/22 21:54:41.575, 0, 89425, 97871
2026/09/22 21:54:41.575, 1, 89425, 97871
2026/09/22 21:54:41.575, 2, 89425, 97871
2026/09/22 21:54:41.575, 3, 89425, 97871
2026/09/22 21:54:41.775, 0, 89425, 97871
2026/09/22 21:54:41.775, 1, 89425, 97871
2026/09/22 21:54:41.775, 2, 89425, 97871
2026/09/22 21:54:41.776, 3, 89425, 97871
2026/09/22 21:54:41.976, 0, 89425, 97871
2026/09/22 21:54:41.976, 1, 89425, 97871
2026/09/22 21:54:41.976, 2, 89425, 97871
2026/09/22 21:54:41.976, 3, 89425, 97871
2026/09/22 21:54:42.176, 0, 89425, 97871
2026/09/22 21:54:42.176, 1, 89425, 97871
2026/09/22 21:54:42.176, 2, 89425, 97871
2026/09/22 21:54:42.176, 3, 89425, 97871
2026/09/22 21:54:42.376, 0, 89425, 97871
2026/09/22 21:54:42.376, 1, 89425, 97871
2026/09/22 21:54:42.376, 2, 89425, 97871
2026/09/22 21:54:42.376, 3, 89425, 97871
2026/09/22 21:54:42.576, 0, 89425, 97871
2026/09/22 21:54:42.576, 1, 89425, 97871
2026/09/22 21:54:42.576, 2, 89425, 97871
2026/09/22 21:54:42.576, 3, 89425, 97871
2026/09/22 21:54:42.776, 0, 89425, 97871
2026/09/22 21:54:42.777, 1, 89425, 97871
2026/09/22 21:54:42.777, 2, 89425, 97871
2026/09/22 21:54:42.777, 3, 89425, 97871
2026/09/22 21:54:42.977, 0, 89425, 97871
2026/09/22 21:54:42.977, 1, 89425, 97871
2026/09/22 21:54:42.977, 2, 89425, 97871
2026/09/22 21:54:42.977, 3, 89425, 97871
2026/09/22 21:54:43.177, 0, 89425, 97871
2026/09/22 21:54:43.177, 1, 89425, 97871
2026/09/22 21:54:43.177, 2, 89425, 97871
2026/09/22 21:54:43.177, 3, 89425, 97871
2026/09/22 21:54:43.377, 0, 89425, 97871
2026/09/22 21:54:43.377, 1, 89425, 97871
2026/09/22 21:54:43.377, 2, 89425, 97871
2026/09/22 21:54:43.377, 3, 89425, 97871
2026/09/22 21:54:43.577, 0, 89425, 97871
2026/09/22 21:54:43.577, 1, 89425, 97871
2026/09/22 21:54:43.577, 2, 89425, 97871
2026/09/22 21:54:43.577, 3, 89425, 97871
2026/09/22 21:54:43.778, 0, 89425, 97871
2026/09/22 21:54:43.778, 1, 89425, 97871
2026/09/22 21:54:43.778, 2, 89425, 97871
2026/09/22 21:54:43.778, 3, 89425, 97871
2026/09/22 21:54:43.978, 0, 89425, 97871
2026/09/22 21:54:43.978, 1, 89425, 97871
2026/09/22 21:54:43.978, 2, 89425, 97871
2026/09/22 21:54:43.978, 3, 89425, 97871
2026/09/22 21:54:44.178, 0, 89425, 97871
2026/09/22 21:54:44.178, 1, 89425, 97871
2026/09/22 21:54:44.178, 2, 89425, 97871
2026/09/22 21:54:44.178, 3, 89425, 97871
2026/09/22 21:54:44.378, 0, 89425, 97871
2026/09/22 21:54:44.378, 1, 89425, 97871
2026/09/22 21:54:44.378, 2, 89425, 97871
2026/09/22 21:54:44.378, 3, 89425, 97871
2026/09/22 21:54:44.578, 0, 89425, 97871
2026/09/22 21:54:44.578, 1, 89425, 97871
2026/09/22 21:54:44.578, 2, 89425, 97871
2026/09/22 21:54:44.579, 3, 89425, 97871
2026/09/22 21:54:44.779, 0, 89425, 97871
2026/09/22 21:54:44.779, 1, 89425, 97871
2026/09/22 21:54:44.779, 2, 89425, 97871
2026/09/22 21:54:44.779, 3, 89425, 97871
2026/09/22 21:54:44.979, 0, 89425, 97871
2026/09/22 21:54:44.979, 1, 89425, 97871
2026/09/22 21:54:44.979, 2, 89425, 97871
2026/09/22 21:54:44.979, 3, 89425, 97871
2026/09/22 21:54:45.179, 0, 89425, 97871
2026/09/22 21:54:45.179, 1, 89425, 97871
2026/09/22 21:54:45.179, 2, 89425, 97871
2026/09/22 21:54:45.179, 3, 89425, 97871
2026/09/22 21:54:45.379, 0, 89425, 97871
2026/09/22 21:54:45.379, 1, 89425, 97871
2026/09/22 21:54:45.379, 2, 89425, 97871
2026/09/22 21:54:45.379, 3, 89425, 97871
2026/09/22 21:54:45.579, 0, 89425, 97871
2026/09/22 21:54:45.579, 1, 89425, 97871
2026/09/22 21:54:45.580, 2, 89425, 97871
2026/09/22 21:54:45.580, 3, 89425, 97871
2026/09/22 21:54:45.780, 0, 89425, 97871
2026/09/22 21:54:45.780, 1, 89425, 97871
2026/09/22 21:54:45.780, 2, 89425, 97871
2026/09/22 21:54:45.780, 3, 89425, 97871
2026/09/22 21:54:45.980, 0, 89425, 97871
2026/09/22 21:54:45.980, 1, 89425, 97871
2026/09/22 21:54:45.980, 2, 89425, 97871
2026/09/22 21:54:45.980, 3, 89425, 97871
2026/09/22 21:54:46.180, 0, 89425, 97871
2026/09/22 21:54:46.180, 1, 89425, 97871
2026/09/22 21:54:46.180, 2, 89425, 97871
2026/09/22 21:54:46.180, 3, 89425, 97871
2026/09/22 21:54:46.380, 0, 89425, 97871
2026/09/22 21:54:46.380, 1, 89425, 97871
2026/09/22 21:54:46.380, 2, 89425, 97871
2026/09/22 21:54:46.380, 3, 89425, 97871
2026/09/22 21:54:46.580, 0, 89425, 97871
2026/09/22 21:54:46.580, 1, 89425, 97871
2026/09/22 21:54:46.581, 2, 89425, 97871
2026/09/22 21:54:46.581, 3, 89425, 97871
2026/09/22 21:54:46.781, 0, 89425, 97871
2026/09/22 21:54:46.781, 1, 89425, 97871
2026/09/22 21:54:46.781, 2, 89425, 97871
2026/09/22 21:54:46.781, 3, 89425, 97871
2026/09/22 21:54:46.981, 0, 89425, 97871
2026/09/22 21:54:46.981, 1, 89425, 97871
2026/09/22 21:54:46.981, 2, 89425, 97871
2026/09/22 21:54:46.981, 3, 89425, 97871
2026/09/22 21:54:47.181, 0, 89425, 97871
2026/09/22 21:54:47.181, 1, 89425, 97871
2026/09/22 21:54:47.181, 2, 89425, 97871
2026/09/22 21:54:47.181, 3, 89425, 97871
2026/09/22 21:54:47.381, 0, 89425, 97871
2026/09/22 21:54:47.381, 1, 89425, 97871
2026/09/22 21:54:47.381, 2, 89425, 97871
2026/09/22 21:54:47.381, 3, 89425, 97871
2026/09/22 21:54:47.582, 0, 89425, 97871
2026/09/22 21:54:47.582, 1, 89425, 97871
2026/09/22 21:54:47.582, 2, 89425, 97871
2026/09/22 21:54:47.582, 3, 89425, 97871
2026/09/22 21:54:47.782, 0, 89425, 97871
2026/09/22 21:54:47.782, 1, 89425, 97871
2026/09/22 21:54:47.782, 2, 89425, 97871
2026/09/22 21:54:47.782, 3, 89425, 97871
2026/09/22 21:54:47.982, 0, 89425, 97871
2026/09/22 21:54:47.982, 1, 89425, 97871
2026/09/22 21:54:47.982, 2, 89425, 97871
2026/09/22 21:54:47.982, 3, 89425, 97871
2026/09/22 21:54:48.182, 0, 89425, 97871
2026/09/22 21:54:48.182, 1, 89425, 97871
2026/09/22 21:54:48.182, 2, 89425, 97871
2026/09/22 21:54:48.182, 3, 89425, 97871
2026/09/22 21:54:48.382, 0, 89425, 97871
2026/09/22 21:54:48.382, 1, 89425, 97871
2026/09/22 21:54:48.382, 2, 89425, 97871
2026/09/22 21:54:48.382, 3, 89425, 97871
2026/09/22 21:54:48.583, 0, 89425, 97871
2026/09/22 21:54:48.583, 1, 89425, 97871
2026/09/22 21:54:48.583, 2, 89425, 97871
2026/09/22 21:54:48.583, 3, 89425, 97871
2026/09/22 21:54:48.783, 0, 89425, 97871
2026/09/22 21:54:48.783, 1, 89425, 97871
2026/09/22 21:54:48.783, 2, 89425, 97871
2026/09/22 21:54:48.783, 3, 89425, 97871
2026/09/22 21:54:48.983, 0, 89425, 97871
2026/09/22 21:54:48.983, 1, 89425, 97871
2026/09/22 21:54:48.983, 2, 89425, 97871
2026/09/22 21:54:48.983, 3, 89425, 97871
2026/09/22 21:54:49.183, 0, 89425, 97871
2026/09/22 21:54:49.183, 1, 89425, 97871
2026/09/22 21:54:49.183, 2, 89425, 97871
2026/09/22 21:54:49.183, 3, 89425, 97871
2026/09/22 21:54:49.383, 0, 89425, 97871
2026/09/22 21:54:49.383, 1, 89425, 97871
2026/09/22 21:54:49.383, 2, 89425, 97871
2026/09/22 21:54:49.383, 3, 89425, 97871
2026/09/22 21:54:49.583, 0, 89425, 97871
2026/09/22 21:54:49.584, 1, 89425, 97871
2026/09/22 21:54:49.584, 2, 89425, 97871
2026/09/22 21:54:49.584, 3, 89425, 97871
2026/09/22 21:54:49.784, 0, 89425, 97871
2026/09/22 21:54:49.784, 1, 89425, 97871
2026/09/22 21:54:49.784, 2, 89425, 97871
2026/09/22 21:54:49.784, 3, 89425, 97871
2026/09/22 21:54:49.984, 0, 89425, 97871
2026/09/22 21:54:49.984, 1, 89425, 97871
2026/09/22 21:54:49.984, 2, 89425, 97871
2026/09/22 21:54:49.984, 3, 89425, 97871
2026/09/22 21:54:50.184, 0, 89425, 97871
2026/09/22 21:54:50.184, 1, 89425, 97871
2026/09/22 21:54:50.184, 2, 89425, 97871
2026/09/22 21:54:50.184, 3, 89425, 97871
2026/09/22 21:54:50.384, 0, 89425, 97871
2026/09/22 21:54:50.384, 1, 89425, 97871
2026/09/22 21:54:50.384, 2, 89425, 97871
2026/09/22 21:54:50.384, 3, 89425, 97871
2026/09/22 21:54:50.584, 0, 89425, 97871
2026/09/22 21:54:50.585, 1, 89425, 97871
2026/09/22 21:54:50.585, 2, 89425, 97871
2026/09/22 21:54:50.585, 3, 89425, 97871
2026/09/22 21:54:50.785, 0, 89425, 97871
2026/09/22 21:54:50.785, 1, 89425, 97871
2026/09/22 21:54:50.785, 2, 89425, 97871
2026/09/22 21:54:50.785, 3, 89425, 97871
2026/09/22 21:54:50.985, 0, 89425, 97871
2026/09/22 21:54:50.985, 1, 89425, 97871
2026/09/22 21:54:50.985, 2, 89425, 97871
2026/09/22 21:54:50.985, 3, 89425, 97871
2026/09/22 21:54:51.185, 0, 89425, 97871
2026/09/22 21:54:51.185, 1, 89425, 97871
2026/09/22 21:54:51.185, 2, 89425, 97871
2026/09/22 21:54:51.185, 3, 89425, 97871
2026/09/22 21:54:51.385, 0, 89425, 97871
2026/09/22 21:54:51.385, 1, 89425, 97871
2026/09/22 21:54:51.385, 2, 89425, 97871
2026/09/22 21:54:51.385, 3, 89425, 97871
2026/09/22 21:54:51.586, 0, 89425, 97871
2026/09/22 21:54:51.586, 1, 89425, 97871
2026/09/22 21:54:51.586, 2, 89425, 97871
2026/09/22 21:54:51.586, 3, 89425, 97871
2026/09/22 21:54:51.786, 0, 89425, 97871
2026/09/22 21:54:51.786, 1, 89425, 97871
2026/09/22 21:54:51.786, 2, 89425, 97871
2026/09/22 21:54:51.786, 3, 89425, 97871
2026/09/22 21:54:51.986, 0, 89425, 97871
2026/09/22 21:54:51.986, 1, 89425, 97871
2026/09/22 21:54:51.986, 2, 89425, 97871
2026/09/22 21:54:51.986, 3, 89425, 97871
2026/09/22 21:54:52.186, 0, 89425, 97871
2026/09/22 21:54:52.186, 1, 89425, 97871
2026/09/22 21:54:52.186, 2, 89425, 97871
2026/09/22 21:54:52.187, 3, 89425, 97871
2026/09/22 21:54:52.387, 0, 89425, 97871
2026/09/22 21:54:52.387, 1, 89425, 97871
2026/09/22 21:54:52.387, 2, 89425, 97871
2026/09/22 21:54:52.387, 3, 89425, 97871
2026/09/22 21:54:52.587, 0, 89425, 97871
2026/09/22 21:54:52.587, 1, 89425, 97871
2026/09/22 21:54:52.587, 2, 89425, 97871
2026/09/22 21:54:52.587, 3, 89425, 97871
2026/09/22 21:54:52.787, 0, 89425, 97871
2026/09/22 21:54:52.787, 1, 89425, 97871
2026/09/22 21:54:52.787, 2, 89425, 97871
2026/09/22 21:54:52.787, 3, 89425, 97871
2026/09/22 21:54:52.987, 0, 89425, 97871
2026/09/22 21:54:52.987, 1, 89425, 97871
2026/09/22 21:54:52.987, 2, 89425, 97871
2026/09/22 21:54:52.987, 3, 89425, 97871
2026/09/22 21:54:53.188, 0, 89425, 97871
2026/09/22 21:54:53.188, 1, 89425, 97871
2026/09/22 21:54:53.188, 2, 89425, 97871
2026/09/22 21:54:53.188, 3, 89425, 97871
2026/09/22 21:54:53.388, 0, 89425, 97871
2026/09/22 21:54:53.388, 1, 89425, 97871
2026/09/22 21:54:53.388, 2, 89425, 97871
2026/09/22 21:54:53.388, 3, 89425, 97871
2026/09/22 21:54:53.588, 0, 89425, 97871
2026/09/22 21:54:53.588, 1, 89425, 97871
2026/09/22 21:54:53.588, 2, 89425, 97871
2026/09/22 21:54:53.588, 3, 89425, 97871
2026/09/22 21:54:53.788, 0, 89425, 97871
2026/09/22 21:54:53.788, 1, 89425, 97871
2026/09/22 21:54:53.788, 2, 89425, 97871
2026/09/22 21:54:53.788, 3, 89425, 97871
2026/09/22 21:54:53.988, 0, 89425, 97871
2026/09/22 21:54:53.988, 1, 89425, 97871
2026/09/22 21:54:53.988, 2, 89425, 97871
2026/09/22 21:54:53.988, 3, 89425, 97871
2026/09/22 21:54:54.188, 0, 89425, 97871
2026/09/22 21:54:54.188, 1, 89425, 97871
2026/09/22 21:54:54.189, 2, 89425, 97871
2026/09/22 21:54:54.189, 3, 89425, 97871
2026/09/22 21:54:54.389, 0, 89425, 97871
2026/09/22 21:54:54.389, 1, 89425, 97871
2026/09/22 21:54:54.389, 2, 89425, 97871
2026/09/22 21:54:54.389, 3, 89425, 97871
2026/09/22 21:54:54.589, 0, 89425, 97871
2026/09/22 21:54:54.589, 1, 89425, 97871
2026/09/22 21:54:54.589, 2, 89425, 97871
2026/09/22 21:54:54.589, 3, 89425, 97871
2026/09/22 21:54:54.789, 0, 89425, 97871
2026/09/22 21:54:54.789, 1, 89425, 97871
2026/09/22 21:54:54.789, 2, 89425, 97871
2026/09/22 21:54:54.789, 3, 89425, 97871
2026/09/22 21:54:54.989, 0, 89425, 97871
2026/09/22 21:54:54.989, 1, 89425, 97871
2026/09/22 21:54:54.989, 2, 89425, 97871
2026/09/22 21:54:54.989, 3, 89425, 97871
2026/09/22 21:54:55.190, 0, 89425, 97871
2026/09/22 21:54:55.190, 1, 89425, 97871
2026/09/22 21:54:55.190, 2, 89425, 97871
2026/09/22 21:54:55.190, 3, 89425, 97871
2026/09/22 21:54:55.390, 0, 89425, 97871
2026/09/22 21:54:55.390, 1, 89425, 97871
2026/09/22 21:54:55.390, 2, 89425, 97871
2026/09/22 21:54:55.390, 3, 89425, 97871
2026/09/22 21:54:55.590, 0, 89425, 97871
2026/09/22 21:54:55.590, 1, 89425, 97871
2026/09/22 21:54:55.590, 2, 89425, 97871
2026/09/22 21:54:55.590, 3, 89425, 97871
2026/09/22 21:54:55.790, 0, 89425, 97871
2026/09/22 21:54:55.790, 1, 89425, 97871
2026/09/22 21:54:55.790, 2, 89425, 97871
2026/09/22 21:54:55.791, 3, 89425, 97871
2026/09/22 21:54:55.991, 0, 89425, 97871
2026/09/22 21:54:55.991, 1, 89425, 97871
2026/09/22 21:54:55.991, 2, 89425, 97871
2026/09/22 21:54:55.991, 3, 89425, 97871
2026/09/22 21:54:56.191, 0, 89425, 97871
2026/09/22 21:54:56.191, 1, 89425, 97871
2026/09/22 21:54:56.191, 2, 89425, 97871
2026/09/22 21:54:56.191, 3, 89425, 97871
2026/09/22 21:54:56.391, 0, 89425, 97871
2026/09/22 21:54:56.391, 1, 89425, 97871
2026/09/22 21:54:56.391, 2, 89425, 97871
2026/09/22 21:54:56.391, 3, 89425, 97871
2026/09/22 21:54:56.591, 0, 89425, 97871
2026/09/22 21:54:56.591, 1, 89425, 97871
2026/09/22 21:54:56.591, 2, 89425, 97871
2026/09/22 21:54:56.591, 3, 89425, 97871
2026/09/22 21:54:56.792, 0, 89425, 97871
2026/09/22 21:54:56.792, 1, 89425, 97871
2026/09/22 21:54:56.792, 2, 89425, 97871
2026/09/22 21:54:56.792, 3, 89425, 97871
2026/09/22 21:54:56.992, 0, 89425, 97871
2026/09/22 21:54:56.992, 1, 89425, 97871
2026/09/22 21:54:56.992, 2, 89425, 97871
2026/09/22 21:54:56.992, 3, 89425, 97871
2026/09/22 21:54:57.192, 0, 89425, 97871
2026/09/22 21:54:57.192, 1, 89425, 97871
2026/09/22 21:54:57.192, 2, 89425, 97871
2026/09/22 21:54:57.192, 3, 89425, 97871
2026/09/22 21:54:57.392, 0, 89425, 97871
2026/09/22 21:54:57.392, 1, 89425, 97871
2026/09/22 21:54:57.392, 2, 89425, 97871
2026/09/22 21:54:57.392, 3, 89425, 97871
2026/09/22 21:54:57.592, 0, 89425, 97871
2026/09/22 21:54:57.592, 1, 89425, 97871
2026/09/22 21:54:57.593, 2, 89425, 97871
2026/09/22 21:54:57.593, 3, 89425, 97871
2026/09/22 21:54:57.793, 0, 89425, 97871
2026/09/22 21:54:57.793, 1, 89425, 97871
2026/09/22 21:54:57.793, 2, 89425, 97871
2026/09/22 21:54:57.793, 3, 89425, 97871
2026/09/22 21:54:57.993, 0, 89425, 97871
2026/09/22 21:54:57.993, 1, 89425, 97871
2026/09/22 21:54:57.993, 2, 89425, 97871
2026/09/22 21:54:57.993, 3, 89425, 97871
2026/09/22 21:54:58.193, 0, 89425, 97871
2026/09/22 21:54:58.193, 1, 89425, 97871
2026/09/22 21:54:58.193, 2, 89425, 97871
2026/09/22 21:54:58.193, 3, 89425, 97871
2026/09/22 21:54:58.393, 0, 89425, 97871
2026/09/22 21:54:58.393, 1, 89425, 97871
2026/09/22 21:54:58.393, 2, 89425, 97871
2026/09/22 21:54:58.394, 3, 89425, 97871
2026/09/22 21:54:58.594, 0, 89425, 97871
2026/09/22 21:54:58.594, 1, 89425, 97871
2026/09/22 21:54:58.594, 2, 89425, 97871
2026/09/22 21:54:58.594, 3, 89425, 97871
2026/09/22 21:54:58.794, 0, 89425, 97871
2026/09/22 21:54:58.794, 1, 89425, 97871
2026/09/22 21:54:58.794, 2, 89425, 97871
2026/09/22 21:54:58.794, 3, 89425, 97871
2026/09/22 21:54:58.994, 0, 89425, 97871
2026/09/22 21:54:58.994, 1, 89425, 97871
2026/09/22 21:54:58.994, 2, 89425, 97871
2026/09/22 21:54:58.994, 3, 89425, 97871
2026/09/22 21:54:59.194, 0, 89425, 97871
2026/09/22 21:54:59.194, 1, 89425, 97871
2026/09/22 21:54:59.194, 2, 89425, 97871
2026/09/22 21:54:59.194, 3, 89425, 97871
2026/09/22 21:54:59.395, 0, 89425, 97871
2026/09/22 21:54:59.395, 1, 89425, 97871
2026/09/22 21:54:59.395, 2, 89425, 97871
2026/09/22 21:54:59.395, 3, 89425, 97871
2026/09/22 21:54:59.595, 0, 89425, 97871
2026/09/22 21:54:59.595, 1, 89425, 97871
2026/09/22 21:54:59.595, 2, 89425, 97871
2026/09/22 21:54:59.595, 3, 89425, 97871
2026/09/22 21:54:59.795, 0, 89425, 97871
2026/09/22 21:54:59.795, 1, 89425, 97871
2026/09/22 21:54:59.795, 2, 89425, 97871
2026/09/22 21:54:59.795, 3, 89425, 97871
2026/09/22 21:54:59.995, 0, 89425, 97871
2026/09/22 21:54:59.995, 1, 89425, 97871
2026/09/22 21:54:59.995, 2, 89425, 97871
2026/09/22 21:54:59.995, 3, 89425, 97871
2026/09/22 21:55:00.195, 0, 89425, 97871
2026/09/22 21:55:00.195, 1, 89425, 97871
2026/09/22 21:55:00.195, 2, 89425, 97871
2026/09/22 21:55:00.195, 3, 89425, 97871
2026/09/22 21:55:00.396, 0, 89425, 97871
2026/09/22 21:55:00.396, 1, 89425, 97871
2026/09/22 21:55:00.396, 2, 89425, 97871
2026/09/22 21:55:00.396, 3, 89425, 97871
2026/09/22 21:55:00.596, 0, 89425, 97871
2026/09/22 21:55:00.596, 1, 89425, 97871
2026/09/22 21:55:00.596, 2, 89425, 97871
2026/09/22 21:55:00.596, 3, 89425, 97871
2026/09/22 21:55:00.796, 0, 89425, 97871
2026/09/22 21:55:00.796, 1, 89425, 97871
2026/09/22 21:55:00.796, 2, 89425, 97871
2026/09/22 21:55:00.796, 3, 89425, 97871
2026/09/22 21:55:00.996, 0, 89425, 97871
2026/09/22 21:55:00.996, 1, 89425, 97871
2026/09/22 21:55:00.996, 2, 89425, 97871
2026/09/22 21:55:00.996, 3, 89425, 97871
2026/09/22 21:55:01.196, 0, 89425, 97871
2026/09/22 21:55:01.196, 1, 89425, 97871
2026/09/22 21:55:01.196, 2, 89425, 97871
2026/09/22 21:55:01.196, 3, 89425, 97871
2026/09/22 21:55:01.396, 0, 89425, 97871
2026/09/22 21:55:01.397, 1, 89425, 97871
2026/09/22 21:55:01.397, 2, 89425, 97871
2026/09/22 21:55:01.397, 3, 89425, 97871
2026/09/22 21:55:01.597, 0, 89425, 97871
2026/09/22 21:55:01.597, 1, 89425, 97871
2026/09/22 21:55:01.597, 2, 89425, 97871
2026/09/22 21:55:01.597, 3, 89425, 97871
2026/09/22 21:55:01.797, 0, 89425, 97871
2026/09/22 21:55:01.797, 1, 89425, 97871
2026/09/22 21:55:01.797, 2, 89425, 97871
2026/09/22 21:55:01.797, 3, 89425, 97871
2026/09/22 21:55:01.997, 0, 89425, 97871
2026/09/22 21:55:01.997, 1, 89425, 97871
2026/09/22 21:55:01.997, 2, 89425, 97871
2026/09/22 21:55:01.997, 3, 89425, 97871
2026/09/22 21:55:02.198, 0, 89425, 97871
2026/09/22 21:55:02.198, 1, 89425, 97871
2026/09/22 21:55:02.198, 2, 89425, 97871
2026/09/22 21:55:02.198, 3, 89425, 97871
2026/09/22 21:55:02.398, 0, 89425, 97871
2026/09/22 21:55:02.398, 1, 89425, 97871
2026/09/22 21:55:02.398, 2, 89425, 97871
2026/09/22 21:55:02.398, 3, 89425, 97871
2026/09/22 21:55:02.598, 0, 89425, 97871
2026/09/22 21:55:02.598, 1, 89425, 97871
2026/09/22 21:55:02.598, 2, 89425, 97871
2026/09/22 21:55:02.598, 3, 89425, 97871
2026/09/22 21:55:02.798, 0, 89425, 97871
2026/09/22 21:55:02.798, 1, 89425, 97871
2026/09/22 21:55:02.798, 2, 89425, 97871
2026/09/22 21:55:02.798, 3, 89425, 97871
2026/09/22 21:55:02.998, 0, 89425, 97871
2026/09/22 21:55:02.999, 1, 89425, 97871
2026/09/22 21:55:02.999, 2, 89425, 97871
2026/09/22 21:55:02.999, 3, 89425, 97871
2026/09/22 21:55:03.199, 0, 89425, 97871
2026/09/22 21:55:03.199, 1, 89425, 97871
2026/09/22 21:55:03.199, 2, 89425, 97871
2026/09/22 21:55:03.199, 3, 89425, 97871
2026/09/22 21:55:03.399, 0, 89425, 97871
2026/09/22 21:55:03.399, 1, 89425, 97871
2026/09/22 21:55:03.399, 2, 89425, 97871
2026/09/22 21:55:03.399, 3, 89425, 97871
2026/09/22 21:55:03.599, 0, 89425, 97871
2026/09/22 21:55:03.599, 1, 89425, 97871
2026/09/22 21:55:03.599, 2, 89425, 97871
2026/09/22 21:55:03.599, 3, 89425, 97871
2026/09/22 21:55:03.799, 0, 89425, 97871
2026/09/22 21:55:03.799, 1, 89425, 97871
2026/09/22 21:55:03.799, 2, 89425, 97871
2026/09/22 21:55:03.799, 3, 89425, 97871
2026/09/22 21:55:03.999, 0, 89425, 97871
2026/09/22 21:55:03.999, 1, 89425, 97871
2026/09/22 21:55:04.000, 2, 89425, 97871
2026/09/22 21:55:04.000, 3, 89425, 97871
2026/09/22 21:55:04.200, 0, 89425, 97871
2026/09/22 21:55:04.200, 1, 89425, 97871
2026/09/22 21:55:04.200, 2, 89425, 97871
2026/09/22 21:55:04.200, 3, 89425, 97871
2026/09/22 21:55:04.400, 0, 89425, 97871
2026/09/22 21:55:04.400, 1, 89425, 97871
2026/09/22 21:55:04.400, 2, 89425, 97871
2026/09/22 21:55:04.400, 3, 89425, 97871
2026/09/22 21:55:04.600, 0, 89425, 97871
2026/09/22 21:55:04.600, 1, 89425, 97871
2026/09/22 21:55:04.600, 2, 89425, 97871
2026/09/22 21:55:04.600, 3, 89425, 97871
2026/09/22 21:55:04.800, 0, 89425, 97871
2026/09/22 21:55:04.800, 1, 89425, 97871
2026/09/22 21:55:04.800, 2, 89425, 97871
2026/09/22 21:55:04.800, 3, 89425, 97871
2026/09/22 21:55:05.000, 0, 89425, 97871
2026/09/22 21:55:05.000, 1, 89425, 97871
2026/09/22 21:55:05.000, 2, 89425, 97871
2026/09/22 21:55:05.000, 3, 89425, 97871
2026/09/22 21:55:05.201, 0, 89425, 97871
2026/09/22 21:55:05.201, 1, 89425, 97871
2026/09/22 21:55:05.201, 2, 89425, 97871
2026/09/22 21:55:05.201, 3, 89425, 97871
2026/09/22 21:55:05.401, 0, 89425, 97871
2026/09/22 21:55:05.401, 1, 89425, 97871
2026/09/22 21:55:05.401, 2, 89425, 97871
2026/09/22 21:55:05.401, 3, 89425, 97871
2026/09/22 21:55:05.601, 0, 89425, 97871
2026/09/22 21:55:05.601, 1, 89425, 97871
2026/09/22 21:55:05.601, 2, 89425, 97871
2026/09/22 21:55:05.601, 3, 89425, 97871
2026/09/22 21:55:05.801, 0, 89425, 97871
2026/09/22 21:55:05.801, 1, 89425, 97871
2026/09/22 21:55:05.801, 2, 89425, 97871
2026/09/22 21:55:05.801, 3, 89425, 97871
2026/09/22 21:55:06.001, 0, 89425, 97871
2026/09/22 21:55:06.001, 1, 89425, 97871
2026/09/22 21:55:06.001, 2, 89425, 97871
2026/09/22 21:55:06.001, 3, 89425, 97871
2026/09/22 21:55:06.202, 0, 89425, 97871
2026/09/22 21:55:06.202, 1, 89425, 97871
2026/09/22 21:55:06.202, 2, 89425, 97871
2026/09/22 21:55:06.202, 3, 89425, 97871
2026/09/22 21:55:06.402, 0, 89425, 97871
2026/09/22 21:55:06.402, 1, 89425, 97871
2026/09/22 21:55:06.402, 2, 89425, 97871
2026/09/22 21:55:06.402, 3, 89425, 97871
2026/09/22 21:55:06.602, 0, 89425, 97871
2026/09/22 21:55:06.602, 1, 89425, 97871
2026/09/22 21:55:06.602, 2, 89425, 97871
2026/09/22 21:55:06.603, 3, 89425, 97871
2026/09/22 21:55:06.803, 0, 89425, 97871
2026/09/22 21:55:06.803, 1, 89425, 97871
2026/09/22 21:55:06.803, 2, 89425, 97871
2026/09/22 21:55:06.803, 3, 89425, 97871
2026/09/22 21:55:07.003, 0, 89425, 97871
2026/09/22 21:55:07.003, 1, 89425, 97871
2026/09/22 21:55:07.003, 2, 89425, 97871
2026/09/22 21:55:07.003, 3, 89425, 97871
2026/09/22 21:55:07.203, 0, 89425, 97871
2026/09/22 21:55:07.203, 1, 89425, 97871
2026/09/22 21:55:07.203, 2, 89425, 97871
2026/09/22 21:55:07.203, 3, 89425, 97871
2026/09/22 21:55:07.403, 0, 89425, 97871
2026/09/22 21:55:07.403, 1, 89425, 97871
2026/09/22 21:55:07.403, 2, 89425, 97871
2026/09/22 21:55:07.403, 3, 89425, 97871
2026/09/22 21:55:07.603, 0, 89425, 97871
2026/09/22 21:55:07.603, 1, 89425, 97871
2026/09/22 21:55:07.604, 2, 89425, 97871
2026/09/22 21:55:07.604, 3, 89425, 97871
2026/09/22 21:55:07.804, 0, 89425, 97871
2026/09/22 21:55:07.804, 1, 89425, 97871
2026/09/22 21:55:07.804, 2, 89425, 97871
2026/09/22 21:55:07.804, 3, 89425, 97871
2026/09/22 21:55:08.004, 0, 89425, 97871
2026/09/22 21:55:08.004, 1, 89425, 97871
2026/09/22 21:55:08.004, 2, 89425, 97871
2026/09/22 21:55:08.004, 3, 89425, 97871
2026/09/22 21:55:08.204, 0, 89425, 97871
2026/09/22 21:55:08.204, 1, 89425, 97871
2026/09/22 21:55:08.204, 2, 89425, 97871
2026/09/22 21:55:08.204, 3, 89425, 97871
2026/09/22 21:55:08.404, 0, 89425, 97871
2026/09/22 21:55:08.404, 1, 89425, 97871
2026/09/22 21:55:08.404, 2, 89425, 97871
2026/09/22 21:55:08.404, 3, 89425, 97871
2026/09/22 21:55:08.605, 0, 89425, 97871
2026/09/22 21:55:08.605, 1, 89425, 97871
2026/09/22 21:55:08.605, 2, 89425, 97871
2026/09/22 21:55:08.605, 3, 89425, 97871
2026/09/22 21:55:08.805, 0, 89425, 97871
2026/09/22 21:55:08.805, 1, 89425, 97871
2026/09/22 21:55:08.805, 2, 89425, 97871
2026/09/22 21:55:08.805, 3, 89425, 97871
2026/09/22 21:55:09.005, 0, 89425, 97871
2026/09/22 21:55:09.005, 1, 89425, 97871
2026/09/22 21:55:09.005, 2, 89425, 97871
2026/09/22 21:55:09.005, 3, 89425, 97871
2026/09/22 21:55:09.205, 0, 89425, 97871
2026/09/22 21:55:09.205, 1, 89425, 97871
2026/09/22 21:55:09.205, 2, 89425, 97871
2026/09/22 21:55:09.205, 3, 89425, 97871
2026/09/22 21:55:09.406, 0, 89425, 97871
2026/09/22 21:55:09.406, 1, 89425, 97871
2026/09/22 21:55:09.406, 2, 89425, 97871
2026/09/22 21:55:09.406, 3, 89425, 97871
2026/09/22 21:55:09.606, 0, 89425, 97871
2026/09/22 21:55:09.606, 1, 89425, 97871
2026/09/22 21:55:09.606, 2, 89425, 97871
2026/09/22 21:55:09.606, 3, 89425, 97871
2026/09/22 21:55:09.806, 0, 89425, 97871
2026/09/22 21:55:09.806, 1, 89425, 97871
2026/09/22 21:55:09.806, 2, 89425, 97871
2026/09/22 21:55:09.806, 3, 89425, 97871
2026/09/22 21:55:10.006, 0, 89425, 97871
2026/09/22 21:55:10.006, 1, 89425, 97871
2026/09/22 21:55:10.006, 2, 89425, 97871
2026/09/22 21:55:10.006, 3, 89425, 97871
2026/09/22 21:55:10.206, 0, 89425, 97871
2026/09/22 21:55:10.206, 1, 89425, 97871
2026/09/22 21:55:10.206, 2, 89425, 97871
2026/09/22 21:55:10.206, 3, 89425, 97871
2026/09/22 21:55:10.406, 0, 89425, 97871
2026/09/22 21:55:10.407, 1, 89425, 97871
2026/09/22 21:55:10.407, 2, 89425, 97871
2026/09/22 21:55:10.407, 3, 89425, 97871
2026/09/22 21:55:10.607, 0, 89425, 97871
2026/09/22 21:55:10.607, 1, 89425, 97871
2026/09/22 21:55:10.607, 2, 89425, 97871
2026/09/22 21:55:10.607, 3, 89425, 97871
2026/09/22 21:55:10.807, 0, 89425, 97871
2026/09/22 21:55:10.807, 1, 89425, 97871
2026/09/22 21:55:10.807, 2, 89425, 97871
2026/09/22 21:55:10.807, 3, 89425, 97871
2026/09/22 21:55:11.007, 0, 89425, 97871
2026/09/22 21:55:11.007, 1, 89425, 97871
2026/09/22 21:55:11.007, 2, 89425, 97871
2026/09/22 21:55:11.007, 3, 89425, 97871
2026/09/22 21:55:11.207, 0, 89425, 97871
2026/09/22 21:55:11.207, 1, 89425, 97871
2026/09/22 21:55:11.207, 2, 89425, 97871
2026/09/22 21:55:11.207, 3, 89425, 97871
2026/09/22 21:55:11.408, 0, 89425, 97871
2026/09/22 21:55:11.408, 1, 89425, 97871
2026/09/22 21:55:11.408, 2, 89425, 97871
2026/09/22 21:55:11.408, 3, 89425, 97871
2026/09/22 21:55:11.608, 0, 89425, 97871
2026/09/22 21:55:11.608, 1, 89425, 97871
2026/09/22 21:55:11.608, 2, 89425, 97871
2026/09/22 21:55:11.608, 3, 89425, 97871
2026/09/22 21:55:11.808, 0, 89425, 97871
2026/09/22 21:55:11.808, 1, 89425, 97871
2026/09/22 21:55:11.808, 2, 89425, 97871
2026/09/22 21:55:11.808, 3, 89425, 97871
2026/09/22 21:55:12.008, 0, 89425, 97871
2026/09/22 21:55:12.008, 1, 89425, 97871
2026/09/22 21:55:12.008, 2, 89425, 97871
2026/09/22 21:55:12.008, 3, 89425, 97871
2026/09/22 21:55:12.208, 0, 89425, 97871
2026/09/22 21:55:12.208, 1, 89425, 97871
2026/09/22 21:55:12.208, 2, 89425, 97871
2026/09/22 21:55:12.209, 3, 89425, 97871
2026/09/22 21:55:12.409, 0, 89425, 97871
2026/09/22 21:55:12.409, 1, 89425, 97871
2026/09/22 21:55:12.409, 2, 89425, 97871
2026/09/22 21:55:12.409, 3, 89425, 97871
2026/09/22 21:55:12.609, 0, 89425, 97871
2026/09/22 21:55:12.609, 1, 89425, 97871
2026/09/22 21:55:12.609, 2, 89425, 97871
2026/09/22 21:55:12.609, 3, 89425, 97871
2026/09/22 21:55:12.809, 0, 89425, 97871
2026/09/22 21:55:12.809, 1, 89425, 97871
2026/09/22 21:55:12.809, 2, 89425, 97871
2026/09/22 21:55:12.809, 3, 89425, 97871
2026/09/22 21:55:13.009, 0, 89425, 97871
2026/09/22 21:55:13.009, 1, 89425, 97871
2026/09/22 21:55:13.009, 2, 89425, 97871
2026/09/22 21:55:13.009, 3, 89425, 97871
2026/09/22 21:55:13.210, 0, 89425, 97871
2026/09/22 21:55:13.210, 1, 89425, 97871
2026/09/22 21:55:13.210, 2, 89425, 97871
2026/09/22 21:55:13.210, 3, 89425, 97871
2026/09/22 21:55:13.410, 0, 89425, 97871
2026/09/22 21:55:13.410, 1, 89425, 97871
2026/09/22 21:55:13.410, 2, 89425, 97871
2026/09/22 21:55:13.410, 3, 89425, 97871
2026/09/22 21:55:13.610, 0, 89425, 97871
2026/09/22 21:55:13.610, 1, 89425, 97871
2026/09/22 21:55:13.610, 2, 89425, 97871
2026/09/22 21:55:13.610, 3, 89425, 97871
2026/09/22 21:55:13.810, 0, 89425, 97871
2026/09/22 21:55:13.810, 1, 89425, 97871
2026/09/22 21:55:13.810, 2, 89425, 97871
2026/09/22 21:55:13.810, 3, 89425, 97871
2026/09/22 21:55:14.010, 0, 89425, 97871
2026/09/22 21:55:14.010, 1, 89425, 97871
2026/09/22 21:55:14.010, 2, 89425, 97871
2026/09/22 21:55:14.010, 3, 89425, 97871
2026/09/22 21:55:14.210, 0, 89425, 97871
2026/09/22 21:55:14.210, 1, 89425, 97871
2026/09/22 21:55:14.210, 2, 89425, 97871
2026/09/22 21:55:14.211, 3, 89425, 97871
2026/09/22 21:55:14.411, 0, 89425, 97871
2026/09/22 21:55:14.411, 1, 89425, 97871
2026/09/22 21:55:14.411, 2, 89425, 97871
2026/09/22 21:55:14.411, 3, 89425, 97871
2026/09/22 21:55:14.611, 0, 89425, 97871
2026/09/22 21:55:14.611, 1, 89425, 97871
2026/09/22 21:55:14.611, 2, 89425, 97871
2026/09/22 21:55:14.611, 3, 89425, 97871
2026/09/22 21:55:14.811, 0, 89425, 97871
2026/09/22 21:55:14.811, 1, 89425, 97871
2026/09/22 21:55:14.811, 2, 89425, 97871
2026/09/22 21:55:14.811, 3, 89425, 97871
2026/09/22 21:55:15.011, 0, 89425, 97871
2026/09/22 21:55:15.011, 1, 89425, 97871
2026/09/22 21:55:15.011, 2, 89425, 97871
2026/09/22 21:55:15.011, 3, 89425, 97871
2026/09/22 21:55:15.211, 0, 89425, 97871
2026/09/22 21:55:15.211, 1, 89425, 97871
2026/09/22 21:55:15.211, 2, 89425, 97871
2026/09/22 21:55:15.211, 3, 89425, 97871
2026/09/22 21:55:15.412, 0, 89425, 97871
2026/09/22 21:55:15.412, 1, 89425, 97871
2026/09/22 21:55:15.412, 2, 89425, 97871
2026/09/22 21:55:15.412, 3, 89425, 97871
2026/09/22 21:55:15.612, 0, 89425, 97871
2026/09/22 21:55:15.612, 1, 89425, 97871
2026/09/22 21:55:15.612, 2, 89425, 97871
2026/09/22 21:55:15.612, 3, 89425, 97871
2026/09/22 21:55:15.812, 0, 89425, 97871
2026/09/22 21:55:15.812, 1, 89425, 97871
2026/09/22 21:55:15.812, 2, 89425, 97871
2026/09/22 21:55:15.812, 3, 89425, 97871
2026/09/22 21:55:16.012, 0, 89425, 97871
2026/09/22 21:55:16.012, 1, 89425, 97871
2026/09/22 21:55:16.012, 2, 89425, 97871
2026/09/22 21:55:16.012, 3, 89425, 97871
2026/09/22 21:55:16.212, 0, 89425, 97871
2026/09/22 21:55:16.213, 1, 89425, 97871
2026/09/22 21:55:16.213, 2, 89425, 97871
2026/09/22 21:55:16.213, 3, 89425, 97871
2026/09/22 21:55:16.413, 0, 89425, 97871
2026/09/22 21:55:16.413, 1, 89425, 97871
2026/09/22 21:55:16.413, 2, 89425, 97871
2026/09/22 21:55:16.413, 3, 89425, 97871
2026/09/22 21:55:16.613, 0, 89425, 97871
2026/09/22 21:55:16.613, 1, 89425, 97871
2026/09/22 21:55:16.613, 2, 89425, 97871
2026/09/22 21:55:16.613, 3, 89425, 97871
2026/09/22 21:55:16.813, 0, 89425, 97871
2026/09/22 21:55:16.813, 1, 89425, 97871
2026/09/22 21:55:16.813, 2, 89425, 97871
2026/09/22 21:55:16.813, 3, 89425, 97871
2026/09/22 21:55:17.013, 0, 89425, 97871
2026/09/22 21:55:17.013, 1, 89425, 97871
2026/09/22 21:55:17.013, 2, 89425, 97871
2026/09/22 21:55:17.013, 3, 89425, 97871
2026/09/22 21:55:17.213, 0, 89425, 97871
2026/09/22 21:55:17.213, 1, 89425, 97871
2026/09/22 21:55:17.214, 2, 89425, 97871
2026/09/22 21:55:17.214, 3, 89425, 97871
2026/09/22 21:55:17.414, 0, 89425, 97871
2026/09/22 21:55:17.414, 1, 89425, 97871
2026/09/22 21:55:17.414, 2, 89425, 97871
2026/09/22 21:55:17.414, 3, 89425, 97871
2026/09/22 21:55:17.614, 0, 89425, 97871
2026/09/22 21:55:17.614, 1, 89425, 97871
2026/09/22 21:55:17.614, 2, 89425, 97871
2026/09/22 21:55:17.614, 3, 89425, 97871
2026/09/22 21:55:17.814, 0, 89425, 97871
2026/09/22 21:55:17.814, 1, 89425, 97871
2026/09/22 21:55:17.814, 2, 89425, 97871
2026/09/22 21:55:17.814, 3, 89425, 97871
2026/09/22 21:55:18.014, 0, 89425, 97871
2026/09/22 21:55:18.014, 1, 89425, 97871
2026/09/22 21:55:18.014, 2, 89425, 97871
2026/09/22 21:55:18.014, 3, 89425, 97871
2026/09/22 21:55:18.214, 0, 89425, 97871
2026/09/22 21:55:18.214, 1, 89425, 97871
2026/09/22 21:55:18.214, 2, 89425, 97871
2026/09/22 21:55:18.215, 3, 89425, 97871
2026/09/22 21:55:18.415, 0, 89425, 97871
2026/09/22 21:55:18.415, 1, 89425, 97871
2026/09/22 21:55:18.415, 2, 89425, 97871
2026/09/22 21:55:18.415, 3, 89425, 97871
2026/09/22 21:55:18.615, 0, 89425, 97871
2026/09/22 21:55:18.615, 1, 89425, 97871
2026/09/22 21:55:18.615, 2, 89425, 97871
2026/09/22 21:55:18.615, 3, 89425, 97871
2026/09/22 21:55:18.815, 0, 89425, 97871
2026/09/22 21:55:18.815, 1, 89425, 97871
2026/09/22 21:55:18.815, 2, 89425, 97871
2026/09/22 21:55:18.815, 3, 89425, 97871
2026/09/22 21:55:19.015, 0, 89425, 97871
2026/09/22 21:55:19.015, 1, 89425, 97871
2026/09/22 21:55:19.015, 2, 89425, 97871
2026/09/22 21:55:19.015, 3, 89425, 97871
2026/09/22 21:55:19.215, 0, 89425, 97871
2026/09/22 21:55:19.215, 1, 89425, 97871
2026/09/22 21:55:19.216, 2, 89425, 97871
2026/09/22 21:55:19.216, 3, 89425, 97871
2026/09/22 21:55:19.416, 0, 89425, 97871
2026/09/22 21:55:19.416, 1, 89425, 97871
2026/09/22 21:55:19.416, 2, 89425, 97871
2026/09/22 21:55:19.416, 3, 89425, 97871
2026/09/22 21:55:19.616, 0, 89425, 97871
2026/09/22 21:55:19.616, 1, 89425, 97871
2026/09/22 21:55:19.616, 2, 89425, 97871
2026/09/22 21:55:19.616, 3, 89425, 97871
2026/09/22 21:55:19.816, 0, 89425, 97871
2026/09/22 21:55:19.816, 1, 89425, 97871
2026/09/22 21:55:19.816, 2, 89425, 97871
2026/09/22 21:55:19.816, 3, 89425, 97871
2026/09/22 21:55:20.016, 0, 89425, 97871
2026/09/22 21:55:20.016, 1, 89425, 97871
2026/09/22 21:55:20.016, 2, 89425, 97871
2026/09/22 21:55:20.016, 3, 89425, 97871
2026/09/22 21:55:20.216, 0, 89425, 97871
2026/09/22 21:55:20.216, 1, 89425, 97871
2026/09/22 21:55:20.216, 2, 89425, 97871
2026/09/22 21:55:20.216, 3, 89425, 97871
2026/09/22 21:55:20.417, 0, 89425, 97871
2026/09/22 21:55:20.417, 1, 89425, 97871
2026/09/22 21:55:20.417, 2, 89425, 97871
2026/09/22 21:55:20.417, 3, 89425, 97871
2026/09/22 21:55:20.617, 0, 89425, 97871
2026/09/22 21:55:20.617, 1, 89425, 97871
2026/09/22 21:55:20.617, 2, 89425, 97871
2026/09/22 21:55:20.617, 3, 89425, 97871
2026/09/22 21:55:20.817, 0, 89425, 97871
2026/09/22 21:55:20.817, 1, 89425, 97871
2026/09/22 21:55:20.817, 2, 89425, 97871
2026/09/22 21:55:20.817, 3, 89425, 97871
2026/09/22 21:55:21.017, 0, 89425, 97871
2026/09/22 21:55:21.017, 1, 89425, 97871
2026/09/22 21:55:21.017, 2, 89425, 97871
2026/09/22 21:55:21.017, 3, 89425, 97871
2026/09/22 21:55:21.217, 0, 89425, 97871
2026/09/22 21:55:21.217, 1, 89425, 97871
2026/09/22 21:55:21.217, 2, 89425, 97871
2026/09/22 21:55:21.218, 3, 89425, 97871
2026/09/22 21:55:21.418, 0, 89425, 97871
2026/09/22 21:55:21.418, 1, 89425, 97871
2026/09/22 21:55:21.418, 2, 89425, 97871
2026/09/22 21:55:21.418, 3, 89425, 97871
2026/09/22 21:55:21.618, 0, 89425, 97871
2026/09/22 21:55:21.618, 1, 89425, 97871
2026/09/22 21:55:21.618, 2, 89425, 97871
2026/09/22 21:55:21.618, 3, 89425, 97871
2026/09/22 21:55:21.818, 0, 89425, 97871
2026/09/22 21:55:21.818, 1, 89425, 97871
2026/09/22 21:55:21.818, 2, 89425, 97871
2026/09/22 21:55:21.818, 3, 89425, 97871
2026/09/22 21:55:22.018, 0, 89425, 97871
2026/09/22 21:55:22.018, 1, 89425, 97871
2026/09/22 21:55:22.018, 2, 89425, 97871
2026/09/22 21:55:22.018, 3, 89425, 97871
2026/09/22 21:55:22.218, 0, 89425, 97871
2026/09/22 21:55:22.218, 1, 89425, 97871
2026/09/22 21:55:22.218, 2, 89425, 97871
2026/09/22 21:55:22.219, 3, 89425, 97871
2026/09/22 21:55:22.419, 0, 89425, 97871
2026/09/22 21:55:22.419, 1, 89425, 97871
2026/09/22 21:55:22.419, 2, 89425, 97871
2026/09/22 21:55:22.419, 3, 89425, 97871
2026/09/22 21:55:22.619, 0, 89425, 97871
2026/09/22 21:55:22.619, 1, 89425, 97871
2026/09/22 21:55:22.619, 2, 89425, 97871
2026/09/22 21:55:22.619, 3, 89425, 97871
2026/09/22 21:55:22.819, 0, 89425, 97871
2026/09/22 21:55:22.819, 1, 89425, 97871
2026/09/22 21:55:22.819, 2, 89425, 97871
2026/09/22 21:55:22.819, 3, 89425, 97871
2026/09/22 21:55:23.019, 0, 89425, 97871
2026/09/22 21:55:23.019, 1, 89425, 97871
2026/09/22 21:55:23.019, 2, 89425, 97871
2026/09/22 21:55:23.019, 3, 89425, 97871
2026/09/22 21:55:23.219, 0, 89425, 97871
2026/09/22 21:55:23.219, 1, 89425, 97871
2026/09/22 21:55:23.219, 2, 89425, 97871
2026/09/22 21:55:23.219, 3, 89425, 97871
2026/09/22 21:55:23.420, 0, 89425, 97871
2026/09/22 21:55:23.420, 1, 89425, 97871
2026/09/22 21:55:23.420, 2, 89425, 97871
2026/09/22 21:55:23.420, 3, 89425, 97871
2026/09/22 21:55:23.620, 0, 89425, 97871
2026/09/22 21:55:23.620, 1, 89425, 97871
2026/09/22 21:55:23.620, 2, 89425, 97871
2026/09/22 21:55:23.620, 3, 89425, 97871
2026/09/22 21:55:23.820, 0, 89425, 97871
2026/09/22 21:55:23.820, 1, 89425, 97871
2026/09/22 21:55:23.820, 2, 89425, 97871
2026/09/22 21:55:23.820, 3, 89425, 97871
2026/09/22 21:55:24.020, 0, 89425, 97871
2026/09/22 21:55:24.020, 1, 89425, 97871
2026/09/22 21:55:24.020, 2, 89425, 97871
2026/09/22 21:55:24.020, 3, 89425, 97871
2026/09/22 21:55:24.220, 0, 89425, 97871
2026/09/22 21:55:24.220, 1, 89425, 97871
2026/09/22 21:55:24.220, 2, 89425, 97871
2026/09/22 21:55:24.221, 3, 89425, 97871
2026/09/22 21:55:24.421, 0, 89425, 97871
2026/09/22 21:55:24.421, 1, 89425, 97871
2026/09/22 21:55:24.421, 2, 89425, 97871
2026/09/22 21:55:24.421, 3, 89425, 97871
2026/09/22 21:55:24.621, 0, 89425, 97871
2026/09/22 21:55:24.621, 1, 89425, 97871
2026/09/22 21:55:24.621, 2, 89425, 97871
2026/09/22 21:55:24.621, 3, 89425, 97871
2026/09/22 21:55:24.821, 0, 89425, 97871
2026/09/22 21:55:24.821, 1, 89425, 97871
2026/09/22 21:55:24.821, 2, 89425, 97871
2026/09/22 21:55:24.821, 3, 89425, 97871
2026/09/22 21:55:25.021, 0, 89425, 97871
2026/09/22 21:55:25.021, 1, 89425, 97871
2026/09/22 21:55:25.021, 2, 89425, 97871
2026/09/22 21:55:25.021, 3, 89425, 97871
2026/09/22 21:55:25.221, 0, 89425, 97871
2026/09/22 21:55:25.221, 1, 89425, 97871
2026/09/22 21:55:25.221, 2, 89425, 97871
2026/09/22 21:55:25.221, 3, 89425, 97871
2026/09/22 21:55:25.422, 0, 89425, 97871
2026/09/22 21:55:25.422, 1, 89425, 97871
2026/09/22 21:55:25.422, 2, 89425, 97871
2026/09/22 21:55:25.422, 3, 89425, 97871
2026/09/22 21:55:25.622, 0, 89425, 97871
2026/09/22 21:55:25.622, 1, 89425, 97871
2026/09/22 21:55:25.622, 2, 89425, 97871
2026/09/22 21:55:25.622, 3, 89425, 97871
2026/09/22 21:55:25.822, 0, 89425, 97871
2026/09/22 21:55:25.822, 1, 89425, 97871
2026/09/22 21:55:25.822, 2, 89425, 97871
2026/09/22 21:55:25.822, 3, 89425, 97871
2026/09/22 21:55:26.022, 0, 89425, 97871
2026/09/22 21:55:26.022, 1, 89425, 97871
2026/09/22 21:55:26.022, 2, 89425, 97871
2026/09/22 21:55:26.022, 3, 89425, 97871
2026/09/22 21:55:26.222, 0, 89425, 97871
2026/09/22 21:55:26.222, 1, 89425, 97871
2026/09/22 21:55:26.223, 2, 89425, 97871
2026/09/22 21:55:26.223, 3, 89425, 97871
2026/09/22 21:55:26.423, 0, 89425, 97871
2026/09/22 21:55:26.423, 1, 89425, 97871
2026/09/22 21:55:26.423, 2, 89425, 97871
2026/09/22 21:55:26.423, 3, 89425, 97871
2026/09/22 21:55:26.623, 0, 89425, 97871
2026/09/22 21:55:26.623, 1, 89425, 97871
2026/09/22 21:55:26.623, 2, 89425, 97871
2026/09/22 21:55:26.623, 3, 89425, 97871
2026/09/22 21:55:26.823, 0, 89425, 97871
2026/09/22 21:55:26.823, 1, 89425, 97871
2026/09/22 21:55:26.823, 2, 89425, 97871
2026/09/22 21:55:26.823, 3, 89425, 97871
2026/09/22 21:55:27.023, 0, 89425, 97871
2026/09/22 21:55:27.023, 1, 89425, 97871
2026/09/22 21:55:27.023, 2, 89425, 97871
2026/09/22 21:55:27.023, 3, 89425, 97871
2026/09/22 21:55:27.223, 0, 89425, 97871
2026/09/22 21:55:27.223, 1, 89425, 97871
2026/09/22 21:55:27.224, 2, 89425, 97871
2026/09/22 21:55:27.224, 3, 89425, 97871
2026/09/22 21:55:27.424, 0, 89425, 97871
2026/09/22 21:55:27.424, 1, 89425, 97871
2026/09/22 21:55:27.424, 2, 89425, 97871
2026/09/22 21:55:27.424, 3, 89425, 97871
2026/09/22 21:55:27.624, 0, 89425, 97871
2026/09/22 21:55:27.624, 1, 89425, 97871
2026/09/22 21:55:27.624, 2, 89425, 97871
2026/09/22 21:55:27.624, 3, 89425, 97871
2026/09/22 21:55:27.824, 0, 89425, 97871
2026/09/22 21:55:27.824, 1, 89425, 97871
2026/09/22 21:55:27.824, 2, 89425, 97871
2026/09/22 21:55:27.824, 3, 89425, 97871
2026/09/22 21:55:28.024, 0, 89425, 97871
2026/09/22 21:55:28.024, 1, 89425, 97871
2026/09/22 21:55:28.024, 2, 89425, 97871
2026/09/22 21:55:28.024, 3, 89425, 97871
2026/09/22 21:55:28.224, 0, 89425, 97871
2026/09/22 21:55:28.224, 1, 89425, 97871
2026/09/22 21:55:28.224, 2, 89425, 97871
2026/09/22 21:55:28.225, 3, 89425, 97871
2026/09/22 21:55:28.425, 0, 89425, 97871
2026/09/22 21:55:28.425, 1, 89425, 97871
2026/09/22 21:55:28.425, 2, 89425, 97871
2026/09/22 21:55:28.425, 3, 89425, 97871
2026/09/22 21:55:28.625, 0, 89425, 97871
2026/09/22 21:55:28.625, 1, 89425, 97871
2026/09/22 21:55:28.625, 2, 89425, 97871
2026/09/22 21:55:28.625, 3, 89425, 97871
2026/09/22 21:55:28.825, 0, 89425, 97871
2026/09/22 21:55:28.825, 1, 89425, 97871
2026/09/22 21:55:28.825, 2, 89425, 97871
2026/09/22 21:55:28.825, 3, 89425, 97871
2026/09/22 21:55:29.025, 0, 89425, 97871
2026/09/22 21:55:29.025, 1, 89425, 97871
2026/09/22 21:55:29.025, 2, 89425, 97871
2026/09/22 21:55:29.025, 3, 89425, 97871
2026/09/22 21:55:29.225, 0, 89425, 97871
2026/09/22 21:55:29.226, 1, 89425, 97871
2026/09/22 21:55:29.226, 2, 89425, 97871
2026/09/22 21:55:29.226, 3, 89425, 97871
2026/09/22 21:55:29.426, 0, 89425, 97871
2026/09/22 21:55:29.426, 1, 89425, 97871
2026/09/22 21:55:29.426, 2, 89425, 97871
2026/09/22 21:55:29.426, 3, 89425, 97871
2026/09/22 21:55:29.626, 0, 89425, 97871
2026/09/22 21:55:29.626, 1, 89425, 97871
2026/09/22 21:55:29.626, 2, 89425, 97871
2026/09/22 21:55:29.626, 3, 89425, 97871
2026/09/22 21:55:29.826, 0, 89425, 97871
2026/09/22 21:55:29.826, 1, 89425, 97871
2026/09/22 21:55:29.826, 2, 89425, 97871
2026/09/22 21:55:29.826, 3, 89425, 97871
2026/09/22 21:55:30.026, 0, 89425, 97871
2026/09/22 21:55:30.026, 1, 89425, 97871
2026/09/22 21:55:30.026, 2, 89425, 97871
2026/09/22 21:55:30.027, 3, 89425, 97871
2026/09/22 21:55:30.227, 0, 89425, 97871
2026/09/22 21:55:30.227, 1, 89425, 97871
2026/09/22 21:55:30.227, 2, 89425, 97871
2026/09/22 21:55:30.227, 3, 89425, 97871
2026/09/22 21:55:30.427, 0, 89425, 97871
2026/09/22 21:55:30.427, 1, 89425, 97871
2026/09/22 21:55:30.427, 2, 89425, 97871
2026/09/22 21:55:30.427, 3, 89425, 97871
2026/09/22 21:55:30.627, 0, 89425, 97871
2026/09/22 21:55:30.627, 1, 89425, 97871
2026/09/22 21:55:30.627, 2, 89425, 97871
2026/09/22 21:55:30.627, 3, 89425, 97871
2026/09/22 21:55:30.827, 0, 89425, 97871
2026/09/22 21:55:30.827, 1, 89425, 97871
2026/09/22 21:55:30.827, 2, 89425, 97871
2026/09/22 21:55:30.827, 3, 89425, 97871
2026/09/22 21:55:31.027, 0, 89425, 97871
2026/09/22 21:55:31.028, 1, 89425, 97871
2026/09/22 21:55:31.028, 2, 89425, 97871
2026/09/22 21:55:31.028, 3, 89425, 97871
2026/09/22 21:55:31.228, 0, 89425, 97871
2026/09/22 21:55:31.228, 1, 89425, 97871
2026/09/22 21:55:31.228, 2, 89425, 97871
2026/09/22 21:55:31.228, 3, 89425, 97871
2026/09/22 21:55:31.428, 0, 89425, 97871
2026/09/22 21:55:31.428, 1, 89425, 97871
2026/09/22 21:55:31.428, 2, 89425, 97871
2026/09/22 21:55:31.428, 3, 89425, 97871
2026/09/22 21:55:31.628, 0, 89425, 97871
2026/09/22 21:55:31.628, 1, 89425, 97871
2026/09/22 21:55:31.628, 2, 89425, 97871
2026/09/22 21:55:31.628, 3, 89425, 97871
2026/09/22 21:55:31.828, 0, 89425, 97871
2026/09/22 21:55:31.828, 1, 89425, 97871
2026/09/22 21:55:31.828, 2, 89425, 97871
2026/09/22 21:55:31.828, 3, 89425, 97871
2026/09/22 21:55:32.029, 0, 89425, 97871
2026/09/22 21:55:32.029, 1, 89425, 97871
2026/09/22 21:55:32.029, 2, 89425, 97871
2026/09/22 21:55:32.029, 3, 89425, 97871
2026/09/22 21:55:32.229, 0, 89425, 97871
2026/09/22 21:55:32.229, 1, 89425, 97871
2026/09/22 21:55:32.229, 2, 89425, 97871
2026/09/22 21:55:32.229, 3, 89425, 97871
2026/09/22 21:55:32.429, 0, 89425, 97871
2026/09/22 21:55:32.429, 1, 89425, 97871
2026/09/22 21:55:32.429, 2, 89425, 97871
2026/09/22 21:55:32.429, 3, 89425, 97871
2026/09/22 21:55:32.629, 0, 89425, 97871
2026/09/22 21:55:32.629, 1, 89425, 97871
2026/09/22 21:55:32.629, 2, 89425, 97871
2026/09/22 21:55:32.629, 3, 89425, 97871
2026/09/22 21:55:32.829, 0, 89425, 97871
2026/09/22 21:55:32.829, 1, 89425, 97871
2026/09/22 21:55:32.830, 2, 89425, 97871
2026/09/22 21:55:32.830, 3, 89425, 97871
2026/09/22 21:55:33.030, 0, 89425, 97871
2026/09/22 21:55:33.030, 1, 89425, 97871
2026/09/22 21:55:33.030, 2, 89425, 97871
2026/09/22 21:55:33.030, 3, 89425, 97871
2026/09/22 21:55:33.230, 0, 89425, 97871
2026/09/22 21:55:33.230, 1, 89425, 97871
2026/09/22 21:55:33.230, 2, 89425, 97871
2026/09/22 21:55:33.230, 3, 89425, 97871
2026/09/22 21:55:33.430, 0, 89425, 97871
2026/09/22 21:55:33.430, 1, 89425, 97871
2026/09/22 21:55:33.430, 2, 89425, 97871
2026/09/22 21:55:33.430, 3, 89425, 97871
2026/09/22 21:55:33.630, 0, 89425, 97871
2026/09/22 21:55:33.630, 1, 89425, 97871
2026/09/22 21:55:33.630, 2, 89425, 97871
2026/09/22 21:55:33.631, 3, 89425, 97871
2026/09/22 21:55:33.831, 0, 89425, 97871
2026/09/22 21:55:33.831, 1, 89425, 97871
2026/09/22 21:55:33.831, 2, 89425, 97871
2026/09/22 21:55:33.831, 3, 89425, 97871
2026/09/22 21:55:34.031, 0, 89425, 97871
2026/09/22 21:55:34.031, 1, 89425, 97871
2026/09/22 21:55:34.031, 2, 89425, 97871
2026/09/22 21:55:34.031, 3, 89425, 97871
2026/09/22 21:55:34.231, 0, 89425, 97871
2026/09/22 21:55:34.231, 1, 89425, 97871
2026/09/22 21:55:34.231, 2, 89425, 97871
2026/09/22 21:55:34.231, 3, 89425, 97871
2026/09/22 21:55:34.431, 0, 89425, 97871
2026/09/22 21:55:34.431, 1, 89425, 97871
2026/09/22 21:55:34.431, 2, 89425, 97871
2026/09/22 21:55:34.431, 3, 89425, 97871
2026/09/22 21:55:34.631, 0, 89425, 97871
2026/09/22 21:55:34.631, 1, 89425, 97871
2026/09/22 21:55:34.632, 2, 89425, 97871
2026/09/22 21:55:34.632, 3, 89425, 97871
2026/09/22 21:55:34.832, 0, 89425, 97871
2026/09/22 21:55:34.832, 1, 89425, 97871
2026/09/22 21:55:34.832, 2, 89425, 97871
2026/09/22 21:55:34.832, 3, 89425, 97871
2026/09/22 21:55:35.032, 0, 89425, 97871
2026/09/22 21:55:35.032, 1, 89425, 97871
2026/09/22 21:55:35.032, 2, 89425, 97871
2026/09/22 21:55:35.032, 3, 89425, 97871
2026/09/22 21:55:35.232, 0, 89425, 97871
2026/09/22 21:55:35.232, 1, 89425, 97871
2026/09/22 21:55:35.232, 2, 89425, 97871
2026/09/22 21:55:35.232, 3, 89425, 97871
2026/09/22 21:55:35.432, 0, 89425, 97871
2026/09/22 21:55:35.432, 1, 89425, 97871
2026/09/22 21:55:35.432, 2, 89425, 97871
2026/09/22 21:55:35.432, 3, 89425, 97871
2026/09/22 21:55:35.633, 0, 89425, 97871
2026/09/22 21:55:35.633, 1, 89425, 97871
2026/09/22 21:55:35.633, 2, 89425, 97871
2026/09/22 21:55:35.633, 3, 89425, 97871
2026/09/22 21:55:35.833, 0, 89425, 97871
2026/09/22 21:55:35.833, 1, 89425, 97871
2026/09/22 21:55:35.833, 2, 89425, 97871
2026/09/22 21:55:35.833, 3, 89425, 97871
2026/09/22 21:55:36.033, 0, 89425, 97871
2026/09/22 21:55:36.033, 1, 89425, 97871
2026/09/22 21:55:36.033, 2, 89425, 97871
2026/09/22 21:55:36.033, 3, 89425, 97871
2026/09/22 21:55:36.233, 0, 89425, 97871
2026/09/22 21:55:36.233, 1, 89425, 97871
2026/09/22 21:55:36.233, 2, 89425, 97871
2026/09/22 21:55:36.233, 3, 89425, 97871
2026/09/22 21:55:36.433, 0, 89425, 97871
2026/09/22 21:55:36.433, 1, 89425, 97871
2026/09/22 21:55:36.433, 2, 89425, 97871
2026/09/22 21:55:36.433, 3, 89425, 97871
2026/09/22 21:55:36.634, 0, 89425, 97871
2026/09/22 21:55:36.634, 1, 89425, 97871
2026/09/22 21:55:36.634, 2, 89425, 97871
2026/09/22 21:55:36.634, 3, 89425, 97871
2026/09/22 21:55:36.834, 0, 89425, 97871
2026/09/22 21:55:36.834, 1, 89425, 97871
2026/09/22 21:55:36.834, 2, 89425, 97871
2026/09/22 21:55:36.834, 3, 89425, 97871
2026/09/22 21:55:37.034, 0, 89425, 97871
2026/09/22 21:55:37.034, 1, 89425, 97871
2026/09/22 21:55:37.034, 2, 89425, 97871
2026/09/22 21:55:37.034, 3, 89425, 97871
2026/09/22 21:55:37.234, 0, 89425, 97871
2026/09/22 21:55:37.234, 1, 89425, 97871
2026/09/22 21:55:37.234, 2, 89425, 97871
2026/09/22 21:55:37.234, 3, 89425, 97871
2026/09/22 21:55:37.435, 0, 89425, 97871
2026/09/22 21:55:37.435, 1, 89425, 97871
2026/09/22 21:55:37.435, 2, 89425, 97871
2026/09/22 21:55:37.435, 3, 89425, 97871
2026/09/22 21:55:37.635, 0, 89425, 97871
2026/09/22 21:55:37.635, 1, 89425, 97871
2026/09/22 21:55:37.635, 2, 89425, 97871
2026/09/22 21:55:37.635, 3, 89425, 97871
2026/09/22 21:55:37.835, 0, 89425, 97871
2026/09/22 21:55:37.835, 1, 89425, 97871
2026/09/22 21:55:37.835, 2, 89425, 97871
2026/09/22 21:55:37.835, 3, 89425, 97871
2026/09/22 21:55:38.035, 0, 89425, 97871
2026/09/22 21:55:38.035, 1, 89425, 97871
2026/09/22 21:55:38.035, 2, 89425, 97871
2026/09/22 21:55:38.035, 3, 89425, 97871
2026/09/22 21:55:38.235, 0, 89425, 97871
2026/09/22 21:55:38.235, 1, 89425, 97871
2026/09/22 21:55:38.235, 2, 89425, 97871
2026/09/22 21:55:38.235, 3, 89425, 97871
2026/09/22 21:55:38.435, 0, 89425, 97871
2026/09/22 21:55:38.436, 1, 89425, 97871
2026/09/22 21:55:38.436, 2, 89425, 97871
2026/09/22 21:55:38.436, 3, 89425, 97871
2026/09/22 21:55:38.636, 0, 89425, 97871
2026/09/22 21:55:38.636, 1, 89425, 97871
2026/09/22 21:55:38.636, 2, 89425, 97871
2026/09/22 21:55:38.636, 3, 89425, 97871
2026/09/22 21:55:38.836, 0, 89425, 97871
2026/09/22 21:55:38.836, 1, 89425, 97871
2026/09/22 21:55:38.836, 2, 89425, 97871
2026/09/22 21:55:38.836, 3, 89425, 97871
2026/09/22 21:55:39.036, 0, 89425, 97871
2026/09/22 21:55:39.036, 1, 89425, 97871
2026/09/22 21:55:39.036, 2, 89425, 97871
2026/09/22 21:55:39.036, 3, 89425, 97871
2026/09/22 21:55:39.236, 0, 89425, 97871
2026/09/22 21:55:39.236, 1, 89425, 97871
2026/09/22 21:55:39.236, 2, 89425, 97871
2026/09/22 21:55:39.236, 3, 89425, 97871
2026/09/22 21:55:39.437, 0, 89425, 97871
2026/09/22 21:55:39.437, 1, 89425, 97871
2026/09/22 21:55:39.437, 2, 89425, 97871
2026/09/22 21:55:39.437, 3, 89425, 97871
2026/09/22 21:55:39.637, 0, 89425, 97871
2026/09/22 21:55:39.637, 1, 89425, 97871
2026/09/22 21:55:39.637, 2, 89425, 97871
2026/09/22 21:55:39.637, 3, 89425, 97871
2026/09/22 21:55:39.837, 0, 89425, 97871
2026/09/22 21:55:39.837, 1, 89425, 97871
2026/09/22 21:55:39.837, 2, 89425, 97871
2026/09/22 21:55:39.837, 3, 89425, 97871
2026/09/22 21:55:40.037, 0, 89425, 97871
2026/09/22 21:55:40.037, 1, 89425, 97871
2026/09/22 21:55:40.037, 2, 89425, 97871
2026/09/22 21:55:40.037, 3, 89425, 97871
2026/09/22 21:55:40.237, 0, 89425, 97871
2026/09/22 21:55:40.237, 1, 89425, 97871
2026/09/22 21:55:40.237, 2, 89425, 97871
2026/09/22 21:55:40.237, 3, 89425, 97871
2026/09/22 21:55:40.437, 0, 89425, 97871
2026/09/22 21:55:40.438, 1, 89425, 97871
2026/09/22 21:55:40.438, 2, 89425, 97871
2026/09/22 21:55:40.438, 3, 89425, 97871
2026/09/22 21:55:40.638, 0, 89425, 97871
2026/09/22 21:55:40.638, 1, 89425, 97871
2026/09/22 21:55:40.638, 2, 89425, 97871
2026/09/22 21:55:40.638, 3, 89425, 97871
2026/09/22 21:55:40.838, 0, 89425, 97871
2026/09/22 21:55:40.838, 1, 89425, 97871
2026/09/22 21:55:40.838, 2, 89425, 97871
2026/09/22 21:55:40.838, 3, 89425, 97871
2026/09/22 21:55:41.038, 0, 89425, 97871
2026/09/22 21:55:41.038, 1, 89425, 97871
2026/09/22 21:55:41.038, 2, 89425, 97871
2026/09/22 21:55:41.038, 3, 89425, 97871
2026/09/22 21:55:41.238, 0, 89425, 97871
2026/09/22 21:55:41.239, 1, 89425, 97871
2026/09/22 21:55:41.239, 2, 89425, 97871
2026/09/22 21:55:41.239, 3, 89425, 97871
2026/09/22 21:55:41.439, 0, 89425, 97871
2026/09/22 21:55:41.439, 1, 89425, 97871
2026/09/22 21:55:41.439, 2, 89425, 97871
2026/09/22 21:55:41.439, 3, 89425, 97871
2026/09/22 21:55:41.639, 0, 89425, 97871
2026/09/22 21:55:41.639, 1, 89425, 97871
2026/09/22 21:55:41.639, 2, 89425, 97871
2026/09/22 21:55:41.639, 3, 89425, 97871
2026/09/22 21:55:41.839, 0, 89425, 97871
2026/09/22 21:55:41.839, 1, 89425, 97871
2026/09/22 21:55:41.839, 2, 89425, 97871
2026/09/22 21:55:41.839, 3, 89425, 97871
2026/09/22 21:55:42.039, 0, 89425, 97871
2026/09/22 21:55:42.039, 1, 89425, 97871
2026/09/22 21:55:42.039, 2, 89425, 97871
2026/09/22 21:55:42.040, 3, 89425, 97871
2026/09/22 21:55:42.240, 0, 89425, 97871
2026/09/22 21:55:42.240, 1, 89425, 97871
2026/09/22 21:55:42.240, 2, 89425, 97871
2026/09/22 21:55:42.240, 3, 89425, 97871
2026/09/22 21:55:42.440, 0, 89425, 97871
2026/09/22 21:55:42.440, 1, 89425, 97871
2026/09/22 21:55:42.440, 2, 89425, 97871
2026/09/22 21:55:42.440, 3, 89425, 97871
2026/09/22 21:55:42.640, 0, 89425, 97871
2026/09/22 21:55:42.640, 1, 89425, 97871
2026/09/22 21:55:42.640, 2, 89425, 97871
2026/09/22 21:55:42.640, 3, 89425, 97871
2026/09/22 21:55:42.840, 0, 89425, 97871
2026/09/22 21:55:42.840, 1, 89425, 97871
2026/09/22 21:55:42.840, 2, 89425, 97871
2026/09/22 21:55:42.840, 3, 89425, 97871
2026/09/22 21:55:43.041, 0, 89425, 97871
2026/09/22 21:55:43.041, 1, 89425, 97871
2026/09/22 21:55:43.041, 2, 89425, 97871
2026/09/22 21:55:43.041, 3, 89425, 97871
2026/09/22 21:55:43.241, 0, 89425, 97871
2026/09/22 21:55:43.241, 1, 89425, 97871
2026/09/22 21:55:43.241, 2, 89425, 97871
2026/09/22 21:55:43.241, 3, 89425, 97871
2026/09/22 21:55:43.441, 0, 89425, 97871
2026/09/22 21:55:43.441, 1, 89425, 97871
2026/09/22 21:55:43.441, 2, 89425, 97871
2026/09/22 21:55:43.441, 3, 89425, 97871
2026/09/22 21:55:43.641, 0, 89425, 97871
2026/09/22 21:55:43.641, 1, 89425, 97871
2026/09/22 21:55:43.641, 2, 89425, 97871
2026/09/22 21:55:43.641, 3, 89425, 97871
2026/09/22 21:55:43.841, 0, 89425, 97871
2026/09/22 21:55:43.841, 1, 89425, 97871
2026/09/22 21:55:43.841, 2, 89425, 97871
2026/09/22 21:55:43.841, 3, 89425, 97871
2026/09/22 21:55:44.041, 0, 89425, 97871
2026/09/22 21:55:44.042, 1, 89425, 97871
2026/09/22 21:55:44.042, 2, 89425, 97871
2026/09/22 21:55:44.042, 3, 89425, 97871
2026/09/22 21:55:44.242, 0, 89425, 97871
2026/09/22 21:55:44.242, 1, 89425, 97871
2026/09/22 21:55:44.242, 2, 89425, 97871
2026/09/22 21:55:44.242, 3, 89425, 97871
2026/09/22 21:55:44.442, 0, 89425, 97871
2026/09/22 21:55:44.442, 1, 89425, 97871
2026/09/22 21:55:44.442, 2, 89425, 97871
2026/09/22 21:55:44.442, 3, 89425, 97871
2026/09/22 21:55:44.642, 0, 89425, 97871
2026/09/22 21:55:44.642, 1, 89425, 97871
2026/09/22 21:55:44.642, 2, 89425, 97871
2026/09/22 21:55:44.642, 3, 89425, 97871
2026/09/22 21:55:44.842, 0, 89425, 97871
2026/09/22 21:55:44.842, 1, 89425, 97871
2026/09/22 21:55:44.842, 2, 89425, 97871
2026/09/22 21:55:44.842, 3, 89425, 97871
2026/09/22 21:55:45.042, 0, 89425, 97871
2026/09/22 21:55:45.042, 1, 89425, 97871
2026/09/22 21:55:45.043, 2, 89425, 97871
2026/09/22 21:55:45.043, 3, 89425, 97871
2026/09/22 21:55:45.243, 0, 89425, 97871
2026/09/22 21:55:45.243, 1, 89425, 97871
2026/09/22 21:55:45.243, 2, 89425, 97871
2026/09/22 21:55:45.243, 3, 89425, 97871
2026/09/22 21:55:45.443, 0, 89425, 97871
2026/09/22 21:55:45.443, 1, 89425, 97871
2026/09/22 21:55:45.443, 2, 89425, 97871
2026/09/22 21:55:45.443, 3, 89425, 97871
2026/09/22 21:55:45.643, 0, 89425, 97871
2026/09/22 21:55:45.643, 1, 89425, 97871
2026/09/22 21:55:45.643, 2, 89425, 97871
2026/09/22 21:55:45.643, 3, 89425, 97871
2026/09/22 21:55:45.843, 0, 89425, 97871
2026/09/22 21:55:45.843, 1, 89425, 97871
2026/09/22 21:55:45.843, 2, 89425, 97871
2026/09/22 21:55:45.843, 3, 89425, 97871
2026/09/22 21:55:46.044, 0, 89425, 97871
2026/09/22 21:55:46.044, 1, 89425, 97871
2026/09/22 21:55:46.044, 2, 89425, 97871
2026/09/22 21:55:46.044, 3, 89425, 97871
2026/09/22 21:55:46.244, 0, 89425, 97871
2026/09/22 21:55:46.244, 1, 89425, 97871
2026/09/22 21:55:46.244, 2, 89425, 97871
2026/09/22 21:55:46.244, 3, 89425, 97871
2026/09/22 21:55:46.444, 0, 89425, 97871
2026/09/22 21:55:46.444, 1, 89425, 97871
2026/09/22 21:55:46.444, 2, 89425, 97871
2026/09/22 21:55:46.444, 3, 89425, 97871
2026/09/22 21:55:46.644, 0, 89425, 97871
2026/09/22 21:55:46.644, 1, 89425, 97871
2026/09/22 21:55:46.644, 2, 89425, 97871
2026/09/22 21:55:46.644, 3, 89425, 97871
2026/09/22 21:55:46.844, 0, 89425, 97871
2026/09/22 21:55:46.844, 1, 89425, 97871
2026/09/22 21:55:46.845, 2, 89425, 97871
2026/09/22 21:55:46.845, 3, 89425, 97871
2026/09/22 21:55:47.045, 0, 89425, 97871
2026/09/22 21:55:47.045, 1, 89425, 97871
2026/09/22 21:55:47.045, 2, 89425, 97871
2026/09/22 21:55:47.045, 3, 89425, 97871
2026/09/22 21:55:47.245, 0, 89425, 97871
2026/09/22 21:55:47.245, 1, 89425, 97871
2026/09/22 21:55:47.245, 2, 89425, 97871
2026/09/22 21:55:47.245, 3, 89425, 97871
2026/09/22 21:55:47.445, 0, 89425, 97871
2026/09/22 21:55:47.445, 1, 89425, 97871
2026/09/22 21:55:47.445, 2, 89425, 97871
2026/09/22 21:55:47.445, 3, 89425, 97871
2026/09/22 21:55:47.645, 0, 89425, 97871
2026/09/22 21:55:47.645, 1, 89425, 97871
2026/09/22 21:55:47.645, 2, 89425, 97871
2026/09/22 21:55:47.645, 3, 89425, 97871
2026/09/22 21:55:47.846, 0, 89425, 97871
2026/09/22 21:55:47.846, 1, 89425, 97871
2026/09/22 21:55:47.846, 2, 89425, 97871
2026/09/22 21:55:47.846, 3, 89425, 97871
2026/09/22 21:55:48.046, 0, 89425, 97871
2026/09/22 21:55:48.046, 1, 89425, 97871
2026/09/22 21:55:48.046, 2, 89425, 97871
2026/09/22 21:55:48.046, 3, 89425, 97871
2026/09/22 21:55:48.246, 0, 89425, 97871
2026/09/22 21:55:48.246, 1, 89425, 97871
2026/09/22 21:55:48.246, 2, 89425, 97871
2026/09/22 21:55:48.246, 3, 89425, 97871
2026/09/22 21:55:48.446, 0, 89425, 97871
2026/09/22 21:55:48.446, 1, 89425, 97871
2026/09/22 21:55:48.446, 2, 89425, 97871
2026/09/22 21:55:48.446, 3, 89425, 97871
2026/09/22 21:55:48.646, 0, 89425, 97871
2026/09/22 21:55:48.646, 1, 89425, 97871
2026/09/22 21:55:48.646, 2, 89425, 97871
2026/09/22 21:55:48.646, 3, 89425, 97871
2026/09/22 21:55:48.847, 0, 89425, 97871
2026/09/22 21:55:48.847, 1, 89425, 97871
2026/09/22 21:55:48.847, 2, 89425, 97871
2026/09/22 21:55:48.847, 3, 89425, 97871
2026/09/22 21:55:49.047, 0, 89425, 97871
2026/09/22 21:55:49.047, 1, 89425, 97871
2026/09/22 21:55:49.047, 2, 89425, 97871
2026/09/22 21:55:49.047, 3, 89425, 97871
2026/09/22 21:55:49.247, 0, 89425, 97871
2026/09/22 21:55:49.247, 1, 89425, 97871
2026/09/22 21:55:49.247, 2, 89425, 97871
2026/09/22 21:55:49.247, 3, 89425, 97871
2026/09/22 21:55:49.447, 0, 89425, 97871
2026/09/22 21:55:49.447, 1, 89425, 97871
2026/09/22 21:55:49.447, 2, 89425, 97871
2026/09/22 21:55:49.447, 3, 89425, 97871
2026/09/22 21:55:49.647, 0, 89425, 97871
2026/09/22 21:55:49.647, 1, 89425, 97871
2026/09/22 21:55:49.647, 2, 89425, 97871
2026/09/22 21:55:49.647, 3, 89425, 97871
2026/09/22 21:55:49.847, 0, 89425, 97871
2026/09/22 21:55:49.848, 1, 89425, 97871
2026/09/22 21:55:49.848, 2, 89425, 97871
2026/09/22 21:55:49.848, 3, 89425, 97871
2026/09/22 21:55:50.048, 0, 89425, 97871
2026/09/22 21:55:50.048, 1, 89425, 97871
2026/09/22 21:55:50.048, 2, 89425, 97871
2026/09/22 21:55:50.048, 3, 89425, 97871
2026/09/22 21:55:50.248, 0, 89425, 97871
2026/09/22 21:55:50.248, 1, 89425, 97871
2026/09/22 21:55:50.248, 2, 89425, 97871
2026/09/22 21:55:50.248, 3, 89425, 97871
2026/09/22 21:55:50.448, 0, 89425, 97871
2026/09/22 21:55:50.448, 1, 89425, 97871
2026/09/22 21:55:50.448, 2, 89425, 97871
2026/09/22 21:55:50.448, 3, 89425, 97871
2026/09/22 21:55:50.648, 0, 89425, 97871
2026/09/22 21:55:50.648, 1, 89425, 97871
2026/09/22 21:55:50.649, 2, 89425, 97871
2026/09/22 21:55:50.649, 3, 89425, 97871
2026/09/22 21:55:50.849, 0, 89425, 97871
2026/09/22 21:55:50.849, 1, 89425, 97871
2026/09/22 21:55:50.849, 2, 89425, 97871
2026/09/22 21:55:50.849, 3, 89425, 97871
2026/09/22 21:55:51.049, 0, 89425, 97871
2026/09/22 21:55:51.049, 1, 89425, 97871
2026/09/22 21:55:51.049, 2, 89425, 97871
2026/09/22 21:55:51.049, 3, 89425, 97871
2026/09/22 21:55:51.249, 0, 89425, 97871
2026/09/22 21:55:51.249, 1, 89425, 97871
2026/09/22 21:55:51.249, 2, 89425, 97871
2026/09/22 21:55:51.249, 3, 89425, 97871
2026/09/22 21:55:51.449, 0, 89425, 97871
2026/09/22 21:55:51.449, 1, 89425, 97871
2026/09/22 21:55:51.449, 2, 89425, 97871
2026/09/22 21:55:51.449, 3, 89425, 97871
2026/09/22 21:55:51.649, 0, 89425, 97871
2026/09/22 21:55:51.649, 1, 89425, 97871
2026/09/22 21:55:51.650, 2, 89425, 97871
2026/09/22 21:55:51.650, 3, 89425, 97871
2026/09/22 21:55:51.850, 0, 89425, 97871
2026/09/22 21:55:51.850, 1, 89425, 97871
2026/09/22 21:55:51.850, 2, 89425, 97871
2026/09/22 21:55:51.850, 3, 89425, 97871
2026/09/22 21:55:52.050, 0, 89425, 97871
2026/09/22 21:55:52.050, 1, 89425, 97871
2026/09/22 21:55:52.050, 2, 89425, 97871
2026/09/22 21:55:52.050, 3, 89425, 97871
2026/09/22 21:55:52.250, 0, 89425, 97871
2026/09/22 21:55:52.250, 1, 89425, 97871
2026/09/22 21:55:52.250, 2, 89425, 97871
2026/09/22 21:55:52.250, 3, 89425, 97871
2026/09/22 21:55:52.450, 0, 89425, 97871
2026/09/22 21:55:52.450, 1, 89425, 97871
2026/09/22 21:55:52.450, 2, 89425, 97871
2026/09/22 21:55:52.450, 3, 89425, 97871
2026/09/22 21:55:52.651, 0, 89425, 97871
2026/09/22 21:55:52.651, 1, 89425, 97871
2026/09/22 21:55:52.651, 2, 89425, 97871
2026/09/22 21:55:52.651, 3, 89425, 97871
2026/09/22 21:55:52.851, 0, 89425, 97871
2026/09/22 21:55:52.851, 1, 89425, 97871
2026/09/22 21:55:52.851, 2, 89425, 97871
2026/09/22 21:55:52.851, 3, 89425, 97871
2026/09/22 21:55:53.051, 0, 89425, 97871
2026/09/22 21:55:53.051, 1, 89425, 97871
2026/09/22 21:55:53.051, 2, 89425, 97871
2026/09/22 21:55:53.051, 3, 89425, 97871
2026/09/22 21:55:53.251, 0, 89425, 97871
2026/09/22 21:55:53.251, 1, 89425, 97871
2026/09/22 21:55:53.251, 2, 89425, 97871
2026/09/22 21:55:53.251, 3, 89425, 97871
2026/09/22 21:55:53.451, 0, 89425, 97871
2026/09/22 21:55:53.451, 1, 89425, 97871
2026/09/22 21:55:53.451, 2, 89425, 97871
2026/09/22 21:55:53.452, 3, 89425, 97871
2026/09/22 21:55:53.652, 0, 89425, 97871
2026/09/22 21:55:53.652, 1, 89425, 97871
2026/09/22 21:55:53.652, 2, 89425, 97871
2026/09/22 21:55:53.652, 3, 89425, 97871
2026/09/22 21:55:53.852, 0, 89425, 97871
2026/09/22 21:55:53.852, 1, 89425, 97871
2026/09/22 21:55:53.852, 2, 89425, 97871
2026/09/22 21:55:53.852, 3, 89425, 97871
2026/09/22 21:55:54.052, 0, 89425, 97871
2026/09/22 21:55:54.052, 1, 89425, 97871
2026/09/22 21:55:54.052, 2, 89425, 97871
2026/09/22 21:55:54.052, 3, 89425, 97871
2026/09/22 21:55:54.252, 0, 89425, 97871
2026/09/22 21:55:54.252, 1, 89425, 97871
2026/09/22 21:55:54.252, 2, 89425, 97871
2026/09/22 21:55:54.252, 3, 89425, 97871
2026/09/22 21:55:54.452, 0, 89425, 97871
2026/09/22 21:55:54.452, 1, 89425, 97871
2026/09/22 21:55:54.453, 2, 89425, 97871
2026/09/22 21:55:54.453, 3, 89425, 97871
2026/09/22 21:55:54.653, 0, 89425, 97871
2026/09/22 21:55:54.653, 1, 89425, 97871
2026/09/22 21:55:54.653, 2, 89425, 97871
2026/09/22 21:55:54.653, 3, 89425, 97871
2026/09/22 21:55:54.853, 0, 89425, 97871
2026/09/22 21:55:54.853, 1, 89425, 97871
2026/09/22 21:55:54.853, 2, 89425, 97871
2026/09/22 21:55:54.853, 3, 89425, 97871
2026/09/22 21:55:55.053, 0, 89425, 97871
2026/09/22 21:55:55.053, 1, 89425, 97871
2026/09/22 21:55:55.053, 2, 89425, 97871
2026/09/22 21:55:55.053, 3, 89425, 97871
2026/09/22 21:55:55.253, 0, 89425, 97871
2026/09/22 21:55:55.253, 1, 89425, 97871
2026/09/22 21:55:55.253, 2, 89425, 97871
2026/09/22 21:55:55.253, 3, 89425, 97871
2026/09/22 21:55:55.453, 0, 89425, 97871
2026/09/22 21:55:55.453, 1, 89425, 97871
2026/09/22 21:55:55.453, 2, 89425, 97871
2026/09/22 21:55:55.454, 3, 89425, 97871
2026/09/22 21:55:55.654, 0, 89425, 97871
2026/09/22 21:55:55.654, 1, 89425, 97871
2026/09/22 21:55:55.654, 2, 89425, 97871
2026/09/22 21:55:55.654, 3, 89425, 97871
2026/09/22 21:55:55.854, 0, 89425, 97871
2026/09/22 21:55:55.854, 1, 89425, 97871
2026/09/22 21:55:55.854, 2, 89425, 97871
2026/09/22 21:55:55.854, 3, 89425, 97871
2026/09/22 21:55:56.054, 0, 89425, 97871
2026/09/22 21:55:56.054, 1, 89425, 97871
2026/09/22 21:55:56.054, 2, 89425, 97871
2026/09/22 21:55:56.054, 3, 89425, 97871
2026/09/22 21:55:56.254, 0, 89425, 97871
2026/09/22 21:55:56.254, 1, 89425, 97871
2026/09/22 21:55:56.254, 2, 89425, 97871
2026/09/22 21:55:56.254, 3, 89425, 97871
2026/09/22 21:55:56.454, 0, 89425, 97871
2026/09/22 21:55:56.454, 1, 89425, 97871
2026/09/22 21:55:56.455, 2, 89425, 97871
2026/09/22 21:55:56.455, 3, 89425, 97871
2026/09/22 21:55:56.655, 0, 89425, 97871
2026/09/22 21:55:56.655, 1, 89425, 97871
2026/09/22 21:55:56.655, 2, 89425, 97871
2026/09/22 21:55:56.655, 3, 89425, 97871
2026/09/22 21:55:56.855, 0, 89425, 97871
2026/09/22 21:55:56.855, 1, 89425, 97871
2026/09/22 21:55:56.855, 2, 89425, 97871
2026/09/22 21:55:56.855, 3, 89425, 97871
2026/09/22 21:55:57.055, 0, 89425, 97871
2026/09/22 21:55:57.055, 1, 89425, 97871
2026/09/22 21:55:57.055, 2, 89425, 97871
2026/09/22 21:55:57.055, 3, 89425, 97871
2026/09/22 21:55:57.255, 0, 89425, 97871
2026/09/22 21:55:57.255, 1, 89425, 97871
2026/09/22 21:55:57.255, 2, 89425, 97871
2026/09/22 21:55:57.255, 3, 89425, 97871
2026/09/22 21:55:57.455, 0, 89425, 97871
2026/09/22 21:55:57.455, 1, 89425, 97871
2026/09/22 21:55:57.456, 2, 89425, 97871
2026/09/22 21:55:57.456, 3, 89425, 97871
2026/09/22 21:55:57.656, 0, 89425, 97871
2026/09/22 21:55:57.656, 1, 89425, 97871
2026/09/22 21:55:57.656, 2, 89425, 97871
2026/09/22 21:55:57.656, 3, 89425, 97871
2026/09/22 21:55:57.856, 0, 89425, 97871
2026/09/22 21:55:57.856, 1, 89425, 97871
2026/09/22 21:55:57.856, 2, 89425, 97871
2026/09/22 21:55:57.856, 3, 89425, 97871
2026/09/22 21:55:58.056, 0, 89425, 97871
2026/09/22 21:55:58.056, 1, 89425, 97871
2026/09/22 21:55:58.056, 2, 89425, 97871
2026/09/22 21:55:58.056, 3, 89425, 97871
2026/09/22 21:55:58.256, 0, 89425, 97871
2026/09/22 21:55:58.256, 1, 89425, 97871
2026/09/22 21:55:58.256, 2, 89425, 97871
2026/09/22 21:55:58.256, 3, 89425, 97871
2026/09/22 21:55:58.456, 0, 89425, 97871
2026/09/22 21:55:58.456, 1, 89425, 97871
2026/09/22 21:55:58.457, 2, 89425, 97871
2026/09/22 21:55:58.457, 3, 89425, 97871
2026/09/22 21:55:58.657, 0, 89425, 97871
2026/09/22 21:55:58.657, 1, 89425, 97871
2026/09/22 21:55:58.657, 2, 89425, 97871
2026/09/22 21:55:58.657, 3, 89425, 97871
2026/09/22 21:55:58.857, 0, 89425, 97871
2026/09/22 21:55:58.857, 1, 89425, 97871
2026/09/22 21:55:58.857, 2, 89425, 97871
2026/09/22 21:55:58.857, 3, 89425, 97871
2026/09/22 21:55:59.057, 0, 89425, 97871
2026/09/22 21:55:59.057, 1, 89425, 97871
2026/09/22 21:55:59.057, 2, 89425, 97871
2026/09/22 21:55:59.057, 3, 89425, 97871
2026/09/22 21:55:59.257, 0, 89425, 97871
2026/09/22 21:55:59.257, 1, 89425, 97871
2026/09/22 21:55:59.257, 2, 89425, 97871
2026/09/22 21:55:59.257, 3, 89425, 97871
2026/09/22 21:55:59.457, 0, 89425, 97871
2026/09/22 21:55:59.458, 1, 89425, 97871
2026/09/22 21:55:59.458, 2, 89425, 97871
2026/09/22 21:55:59.458, 3, 89425, 97871
2026/09/22 21:55:59.658, 0, 89425, 97871
2026/09/22 21:55:59.658, 1, 89425, 97871
2026/09/22 21:55:59.658, 2, 89425, 97871
2026/09/22 21:55:59.658, 3, 89425, 97871
2026/09/22 21:55:59.858, 0, 89425, 97871
2026/09/22 21:55:59.858, 1, 89425, 97871
2026/09/22 21:55:59.858, 2, 89425, 97871
2026/09/22 21:55:59.858, 3, 89425, 97871
2026/09/22 21:56:00.058, 0, 89425, 97871
2026/09/22 21:56:00.058, 1, 89425, 97871
2026/09/22 21:56:00.058, 2, 89425, 97871
2026/09/22 21:56:00.058, 3, 89425, 97871
2026/09/22 21:56:00.258, 0, 89425, 97871
2026/09/22 21:56:00.258, 1, 89425, 97871
2026/09/22 21:56:00.258, 2, 89425, 97871
2026/09/22 21:56:00.258, 3, 89425, 97871
2026/09/22 21:56:00.458, 0, 89425, 97871
2026/09/22 21:56:00.458, 1, 89425, 97871
2026/09/22 21:56:00.458, 2, 89425, 97871
2026/09/22 21:56:00.459, 3, 89425, 97871
2026/09/22 21:56:00.659, 0, 89425, 97871
2026/09/22 21:56:00.659, 1, 89425, 97871
2026/09/22 21:56:00.659, 2, 89425, 97871
2026/09/22 21:56:00.659, 3, 89425, 97871
2026/09/22 21:56:00.859, 0, 89425, 97871
2026/09/22 21:56:00.859, 1, 89425, 97871
2026/09/22 21:56:00.859, 2, 89425, 97871
2026/09/22 21:56:00.859, 3, 89425, 97871
2026/09/22 21:56:01.059, 0, 89425, 97871
2026/09/22 21:56:01.059, 1, 89425, 97871
2026/09/22 21:56:01.059, 2, 89425, 97871
2026/09/22 21:56:01.059, 3, 89425, 97871
2026/09/22 21:56:01.259, 0, 89425, 97871
2026/09/22 21:56:01.259, 1, 89425, 97871
2026/09/22 21:56:01.259, 2, 89425, 97871
2026/09/22 21:56:01.259, 3, 89425, 97871
2026/09/22 21:56:01.459, 0, 89425, 97871
2026/09/22 21:56:01.460, 1, 89425, 97871
2026/09/22 21:56:01.460, 2, 89425, 97871
2026/09/22 21:56:01.460, 3, 89425, 97871
2026/09/22 21:56:01.660, 0, 89425, 97871
2026/09/22 21:56:01.660, 1, 89425, 97871
2026/09/22 21:56:01.660, 2, 89425, 97871
2026/09/22 21:56:01.660, 3, 89425, 97871
2026/09/22 21:56:01.860, 0, 89425, 97871
2026/09/22 21:56:01.860, 1, 89425, 97871
2026/09/22 21:56:01.860, 2, 89425, 97871
2026/09/22 21:56:01.860, 3, 89425, 97871
2026/09/22 21:56:02.060, 0, 89425, 97871
2026/09/22 21:56:02.060, 1, 89425, 97871
2026/09/22 21:56:02.060, 2, 89425, 97871
2026/09/22 21:56:02.060, 3, 89425, 97871
2026/09/22 21:56:02.260, 0, 89425, 97871
2026/09/22 21:56:02.260, 1, 89425, 97871
2026/09/22 21:56:02.260, 2, 89425, 97871
2026/09/22 21:56:02.261, 3, 89425, 97871
2026/09/22 21:56:02.461, 0, 89425, 97871
2026/09/22 21:56:02.461, 1, 89425, 97871
2026/09/22 21:56:02.461, 2, 89425, 97871
2026/09/22 21:56:02.461, 3, 89425, 97871
2026/09/22 21:56:02.661, 0, 89425, 97871
2026/09/22 21:56:02.661, 1, 89425, 97871
2026/09/22 21:56:02.661, 2, 89425, 97871
2026/09/22 21:56:02.661, 3, 89425, 97871
2026/09/22 21:56:02.861, 0, 89425, 97871
2026/09/22 21:56:02.861, 1, 89425, 97871
2026/09/22 21:56:02.861, 2, 89425, 97871
2026/09/22 21:56:02.861, 3, 89425, 97871
2026/09/22 21:56:03.061, 0, 89425, 97871
2026/09/22 21:56:03.061, 1, 89425, 97871
2026/09/22 21:56:03.061, 2, 89425, 97871
2026/09/22 21:56:03.061, 3, 89425, 97871
2026/09/22 21:56:03.261, 0, 89425, 97871
2026/09/22 21:56:03.261, 1, 89425, 97871
2026/09/22 21:56:03.261, 2, 89425, 97871
2026/09/22 21:56:03.261, 3, 89425, 97871
2026/09/22 21:56:03.462, 0, 89425, 97871
2026/09/22 21:56:03.462, 1, 89425, 97871
2026/09/22 21:56:03.462, 2, 89425, 97871
2026/09/22 21:56:03.462, 3, 89425, 97871
2026/09/22 21:56:03.662, 0, 89425, 97871
2026/09/22 21:56:03.662, 1, 89425, 97871
2026/09/22 21:56:03.662, 2, 89425, 97871
2026/09/22 21:56:03.662, 3, 89425, 97871
2026/09/22 21:56:03.862, 0, 89425, 97871
2026/09/22 21:56:03.862, 1, 89425, 97871
2026/09/22 21:56:03.862, 2, 89425, 97871
2026/09/22 21:56:03.862, 3, 89425, 97871
2026/09/22 21:56:04.062, 0, 89425, 97871
2026/09/22 21:56:04.062, 1, 89425, 97871
2026/09/22 21:56:04.062, 2, 89425, 97871
2026/09/22 21:56:04.062, 3, 89425, 97871
2026/09/22 21:56:04.262, 0, 89425, 97871
2026/09/22 21:56:04.262, 1, 89425, 97871
2026/09/22 21:56:04.262, 2, 89425, 97871
2026/09/22 21:56:04.262, 3, 89425, 97871
2026/09/22 21:56:04.463, 0, 89425, 97871
2026/09/22 21:56:04.463, 1, 89425, 97871
2026/09/22 21:56:04.463, 2, 89425, 97871
2026/09/22 21:56:04.463, 3, 89425, 97871
2026/09/22 21:56:04.663, 0, 89425, 97871
2026/09/22 21:56:04.663, 1, 89425, 97871
2026/09/22 21:56:04.663, 2, 89425, 97871
2026/09/22 21:56:04.663, 3, 89425, 97871
2026/09/22 21:56:04.863, 0, 89425, 97871
2026/09/22 21:56:04.863, 1, 89425, 97871
2026/09/22 21:56:04.863, 2, 89425, 97871
2026/09/22 21:56:04.863, 3, 89425, 97871
2026/09/22 21:56:05.063, 0, 89425, 97871
2026/09/22 21:56:05.063, 1, 89425, 97871
2026/09/22 21:56:05.063, 2, 89425, 97871
2026/09/22 21:56:05.063, 3, 89425, 97871
2026/09/22 21:56:05.263, 0, 89425, 97871
2026/09/22 21:56:05.263, 1, 89425, 97871
2026/09/22 21:56:05.263, 2, 89425, 97871
2026/09/22 21:56:05.263, 3, 89425, 97871
2026/09/22 21:56:05.463, 0, 89425, 97871
2026/09/22 21:56:05.463, 1, 89425, 97871
2026/09/22 21:56:05.464, 2, 89425, 97871
2026/09/22 21:56:05.464, 3, 89425, 97871
2026/09/22 21:56:05.664, 0, 89425, 97871
2026/09/22 21:56:05.664, 1, 89425, 97871
2026/09/22 21:56:05.664, 2, 89425, 97871
2026/09/22 21:56:05.664, 3, 89425, 97871
2026/09/22 21:56:05.864, 0, 89425, 97871
2026/09/22 21:56:05.864, 1, 89425, 97871
2026/09/22 21:56:05.864, 2, 89425, 97871
2026/09/22 21:56:05.864, 3, 89425, 97871
2026/09/22 21:56:06.064, 0, 89425, 97871
2026/09/22 21:56:06.064, 1, 89425, 97871
2026/09/22 21:56:06.064, 2, 89425, 97871
2026/09/22 21:56:06.064, 3, 89425, 97871
2026/09/22 21:56:06.264, 0, 89425, 97871
2026/09/22 21:56:06.264, 1, 89425, 97871
2026/09/22 21:56:06.264, 2, 89425, 97871
2026/09/22 21:56:06.264, 3, 89425, 97871
2026/09/22 21:56:06.464, 0, 89425, 97871
2026/09/22 21:56:06.465, 1, 89425, 97871
2026/09/22 21:56:06.465, 2, 89425, 97871
2026/09/22 21:56:06.465, 3, 89425, 97871
2026/09/22 21:56:06.665, 0, 89425, 97871
2026/09/22 21:56:06.665, 1, 89425, 97871
2026/09/22 21:56:06.665, 2, 89425, 97871
2026/09/22 21:56:06.665, 3, 89425, 97871
2026/09/22 21:56:06.865, 0, 89425, 97871
2026/09/22 21:56:06.865, 1, 89425, 97871
2026/09/22 21:56:06.865, 2, 89425, 97871
2026/09/22 21:56:06.865, 3, 89425, 97871
2026/09/22 21:56:07.065, 0, 89425, 97871
2026/09/22 21:56:07.065, 1, 89425, 97871
2026/09/22 21:56:07.065, 2, 89425, 97871
2026/09/22 21:56:07.065, 3, 89425, 97871
2026/09/22 21:56:07.265, 0, 89425, 97871
2026/09/22 21:56:07.265, 1, 89425, 97871
2026/09/22 21:56:07.266, 2, 89425, 97871
2026/09/22 21:56:07.266, 3, 89425, 97871
2026/09/22 21:56:07.466, 0, 89425, 97871
2026/09/22 21:56:07.466, 1, 89425, 97871
2026/09/22 21:56:07.466, 2, 89425, 97871
2026/09/22 21:56:07.466, 3, 89425, 97871
2026/09/22 21:56:07.666, 0, 89425, 97871
2026/09/22 21:56:07.666, 1, 89425, 97871
2026/09/22 21:56:07.666, 2, 89425, 97871
2026/09/22 21:56:07.666, 3, 89425, 97871
2026/09/22 21:56:07.866, 0, 89425, 97871
2026/09/22 21:56:07.866, 1, 89425, 97871
2026/09/22 21:56:07.866, 2, 89425, 97871
2026/09/22 21:56:07.866, 3, 89425, 97871
2026/09/22 21:56:08.066, 0, 89425, 97871
2026/09/22 21:56:08.066, 1, 89425, 97871
2026/09/22 21:56:08.066, 2, 89425, 97871
2026/09/22 21:56:08.066, 3, 89425, 97871
2026/09/22 21:56:08.266, 0, 89425, 97871
2026/09/22 21:56:08.267, 1, 89425, 97871
2026/09/22 21:56:08.267, 2, 89425, 97871
2026/09/22 21:56:08.267, 3, 89425, 97871
2026/09/22 21:56:08.467, 0, 89425, 97871
2026/09/22 21:56:08.467, 1, 89425, 97871
2026/09/22 21:56:08.467, 2, 89425, 97871
2026/09/22 21:56:08.467, 3, 89425, 97871
2026/09/22 21:56:08.667, 0, 89425, 97871
2026/09/22 21:56:08.667, 1, 89425, 97871
2026/09/22 21:56:08.667, 2, 89425, 97871
2026/09/22 21:56:08.667, 3, 89425, 97871
2026/09/22 21:56:08.867, 0, 89425, 97871
2026/09/22 21:56:08.867, 1, 89425, 97871
2026/09/22 21:56:08.867, 2, 89425, 97871
2026/09/22 21:56:08.867, 3, 89425, 97871
2026/09/22 21:56:09.067, 0, 89425, 97871
2026/09/22 21:56:09.067, 1, 89425, 97871
2026/09/22 21:56:09.067, 2, 89425, 97871
2026/09/22 21:56:09.067, 3, 89425, 97871
2026/09/22 21:56:09.267, 0, 89425, 97871
2026/09/22 21:56:09.267, 1, 89425, 97871
2026/09/22 21:56:09.267, 2, 89425, 97871
2026/09/22 21:56:09.268, 3, 89425, 97871
2026/09/22 21:56:09.468, 0, 89425, 97871
2026/09/22 21:56:09.468, 1, 89425, 97871
2026/09/22 21:56:09.468, 2, 89425, 97871
2026/09/22 21:56:09.468, 3, 89425, 97871
2026/09/22 21:56:09.668, 0, 89425, 97871
2026/09/22 21:56:09.668, 1, 89425, 97871
2026/09/22 21:56:09.668, 2, 89425, 97871
2026/09/22 21:56:09.668, 3, 89425, 97871
2026/09/22 21:56:09.868, 0, 89425, 97871
2026/09/22 21:56:09.868, 1, 89425, 97871
2026/09/22 21:56:09.868, 2, 89425, 97871
2026/09/22 21:56:09.868, 3, 89425, 97871
2026/09/22 21:56:10.068, 0, 89425, 97871
2026/09/22 21:56:10.068, 1, 89425, 97871
2026/09/22 21:56:10.068, 2, 89425, 97871
2026/09/22 21:56:10.068, 3, 89425, 97871
2026/09/22 21:56:10.268, 0, 89425, 97871
2026/09/22 21:56:10.268, 1, 89425, 97871
2026/09/22 21:56:10.269, 2, 89425, 97871
2026/09/22 21:56:10.269, 3, 89425, 97871
2026/09/22 21:56:10.469, 0, 89425, 97871
2026/09/22 21:56:10.469, 1, 89425, 97871
2026/09/22 21:56:10.469, 2, 89425, 97871
2026/09/22 21:56:10.469, 3, 89425, 97871
2026/09/22 21:56:10.669, 0, 89425, 97871
2026/09/22 21:56:10.669, 1, 89425, 97871
2026/09/22 21:56:10.669, 2, 89425, 97871
2026/09/22 21:56:10.669, 3, 89425, 97871
2026/09/22 21:56:10.869, 0, 89425, 97871
2026/09/22 21:56:10.869, 1, 89425, 97871
2026/09/22 21:56:10.869, 2, 89425, 97871
2026/09/22 21:56:10.869, 3, 89425, 97871
2026/09/22 21:56:11.069, 0, 89425, 97871
2026/09/22 21:56:11.069, 1, 89425, 97871
2026/09/22 21:56:11.069, 2, 89425, 97871
2026/09/22 21:56:11.069, 3, 89425, 97871
2026/09/22 21:56:11.269, 0, 89425, 97871
2026/09/22 21:56:11.270, 1, 89425, 97871
2026/09/22 21:56:11.270, 2, 89425, 97871
2026/09/22 21:56:11.270, 3, 89425, 97871
2026/09/22 21:56:11.470, 0, 89425, 97871
2026/09/22 21:56:11.470, 1, 89425, 97871
2026/09/22 21:56:11.470, 2, 89425, 97871
2026/09/22 21:56:11.470, 3, 89425, 97871
2026/09/22 21:56:11.670, 0, 89425, 97871
2026/09/22 21:56:11.670, 1, 89425, 97871
2026/09/22 21:56:11.670, 2, 89425, 97871
2026/09/22 21:56:11.670, 3, 89425, 97871
2026/09/22 21:56:11.870, 0, 89425, 97871
2026/09/22 21:56:11.870, 1, 89425, 97871
2026/09/22 21:56:11.870, 2, 89425, 97871
2026/09/22 21:56:11.870, 3, 89425, 97871
2026/09/22 21:56:12.070, 0, 89425, 97871
2026/09/22 21:56:12.070, 1, 89425, 97871
2026/09/22 21:56:12.070, 2, 89425, 97871
2026/09/22 21:56:12.070, 3, 89425, 97871
2026/09/22 21:56:12.271, 0, 89425, 97871
2026/09/22 21:56:12.271, 1, 89425, 97871
2026/09/22 21:56:12.271, 2, 89425, 97871
2026/09/22 21:56:12.271, 3, 89425, 97871
2026/09/22 21:56:12.471, 0, 89425, 97871
2026/09/22 21:56:12.471, 1, 89425, 97871
2026/09/22 21:56:12.471, 2, 89425, 97871
2026/09/22 21:56:12.471, 3, 89425, 97871
2026/09/22 21:56:12.671, 0, 89425, 97871
2026/09/22 21:56:12.671, 1, 89425, 97871
2026/09/22 21:56:12.671, 2, 89425, 97871
2026/09/22 21:56:12.671, 3, 89425, 97871
2026/09/22 21:56:12.871, 0, 89425, 97871
2026/09/22 21:56:12.871, 1, 89425, 97871
2026/09/22 21:56:12.871, 2, 89425, 97871
2026/09/22 21:56:12.872, 3, 89425, 97871
2026/09/22 21:56:13.072, 0, 89425, 97871
2026/09/22 21:56:13.072, 1, 89425, 97871
2026/09/22 21:56:13.072, 2, 89425, 97871
2026/09/22 21:56:13.072, 3, 89425, 97871
2026/09/22 21:56:13.272, 0, 89425, 97871
2026/09/22 21:56:13.272, 1, 89425, 97871
2026/09/22 21:56:13.272, 2, 89425, 97871
2026/09/22 21:56:13.272, 3, 89425, 97871
2026/09/22 21:56:13.472, 0, 89425, 97871
2026/09/22 21:56:13.472, 1, 89425, 97871
2026/09/22 21:56:13.472, 2, 89425, 97871
2026/09/22 21:56:13.472, 3, 89425, 97871
2026/09/22 21:56:13.672, 0, 89425, 97871
2026/09/22 21:56:13.672, 1, 89425, 97871
2026/09/22 21:56:13.672, 2, 89425, 97871
2026/09/22 21:56:13.672, 3, 89425, 97871
2026/09/22 21:56:13.872, 0, 89425, 97871
2026/09/22 21:56:13.872, 1, 89425, 97871
2026/09/22 21:56:13.872, 2, 89425, 97871
2026/09/22 21:56:13.872, 3, 89425, 97871
2026/09/22 21:56:14.073, 0, 89425, 97871
2026/09/22 21:56:14.073, 1, 89425, 97871
2026/09/22 21:56:14.073, 2, 89425, 97871
2026/09/22 21:56:14.073, 3, 89425, 97871
2026/09/22 21:56:14.273, 0, 89425, 97871
2026/09/22 21:56:14.273, 1, 89425, 97871
2026/09/22 21:56:14.273, 2, 89425, 97871
2026/09/22 21:56:14.273, 3, 89425, 97871
2026/09/22 21:56:14.473, 0, 89425, 97871
2026/09/22 21:56:14.473, 1, 89425, 97871
2026/09/22 21:56:14.473, 2, 89425, 97871
2026/09/22 21:56:14.473, 3, 89425, 97871
2026/09/22 21:56:14.673, 0, 89425, 97871
2026/09/22 21:56:14.673, 1, 89425, 97871
2026/09/22 21:56:14.673, 2, 89425, 97871
2026/09/22 21:56:14.673, 3, 89425, 97871
2026/09/22 21:56:14.873, 0, 89425, 97871
2026/09/22 21:56:14.873, 1, 89425, 97871
2026/09/22 21:56:14.873, 2, 89425, 97871
2026/09/22 21:56:14.873, 3, 89425, 97871
2026/09/22 21:56:15.074, 0, 89425, 97871
2026/09/22 21:56:15.074, 1, 89425, 97871
2026/09/22 21:56:15.074, 2, 89425, 97871
2026/09/22 21:56:15.074, 3, 89425, 97871
2026/09/22 21:56:15.274, 0, 89425, 97871
2026/09/22 21:56:15.274, 1, 89425, 97871
2026/09/22 21:56:15.274, 2, 89425, 97871
2026/09/22 21:56:15.274, 3, 89425, 97871
2026/09/22 21:56:15.474, 0, 89425, 97871
2026/09/22 21:56:15.474, 1, 89425, 97871
2026/09/22 21:56:15.474, 2, 89425, 97871
2026/09/22 21:56:15.474, 3, 89425, 97871
2026/09/22 21:56:15.674, 0, 89425, 97871
2026/09/22 21:56:15.674, 1, 89425, 97871
2026/09/22 21:56:15.674, 2, 89425, 97871
2026/09/22 21:56:15.674, 3, 89425, 97871
2026/09/22 21:56:15.874, 0, 89425, 97871
2026/09/22 21:56:15.874, 1, 89425, 97871
2026/09/22 21:56:15.874, 2, 89425, 97871
2026/09/22 21:56:15.874, 3, 89425, 97871
2026/09/22 21:56:16.074, 0, 89425, 97871
2026/09/22 21:56:16.075, 1, 89425, 97871
2026/09/22 21:56:16.075, 2, 89425, 97871
2026/09/22 21:56:16.075, 3, 89425, 97871
2026/09/22 21:56:16.275, 0, 89425, 97871
2026/09/22 21:56:16.275, 1, 89425, 97871
2026/09/22 21:56:16.275, 2, 89425, 97871
2026/09/22 21:56:16.275, 3, 89425, 97871
2026/09/22 21:56:16.475, 0, 89425, 97871
2026/09/22 21:56:16.475, 1, 89425, 97871
2026/09/22 21:56:16.475, 2, 89425, 97871
2026/09/22 21:56:16.475, 3, 89425, 97871
2026/09/22 21:56:16.675, 0, 89425, 97871
2026/09/22 21:56:16.675, 1, 89425, 97871
2026/09/22 21:56:16.675, 2, 89425, 97871
2026/09/22 21:56:16.675, 3, 89425, 97871
2026/09/22 21:56:16.875, 0, 89425, 97871
2026/09/22 21:56:16.875, 1, 89425, 97871
2026/09/22 21:56:16.875, 2, 89425, 97871
2026/09/22 21:56:16.875, 3, 89425, 97871
2026/09/22 21:56:17.075, 0, 89425, 97871
2026/09/22 21:56:17.076, 1, 89425, 97871
2026/09/22 21:56:17.076, 2, 89425, 97871
2026/09/22 21:56:17.076, 3, 89425, 97871
2026/09/22 21:56:17.276, 0, 89425, 97871
2026/09/22 21:56:17.276, 1, 89425, 97871
2026/09/22 21:56:17.276, 2, 89425, 97871
2026/09/22 21:56:17.276, 3, 89425, 97871
2026/09/22 21:56:17.476, 0, 89425, 97871
2026/09/22 21:56:17.476, 1, 89425, 97871
2026/09/22 21:56:17.476, 2, 89425, 97871
2026/09/22 21:56:17.476, 3, 89425, 97871
2026/09/22 21:56:17.676, 0, 89425, 97871
2026/09/22 21:56:17.676, 1, 89425, 97871
2026/09/22 21:56:17.676, 2, 89425, 97871
2026/09/22 21:56:17.676, 3, 89425, 97871
2026/09/22 21:56:17.876, 0, 89425, 97871
2026/09/22 21:56:17.876, 1, 89425, 97871
2026/09/22 21:56:17.877, 2, 89425, 97871
2026/09/22 21:56:17.877, 3, 89425, 97871
2026/09/22 21:56:18.077, 0, 89425, 97871
2026/09/22 21:56:18.077, 1, 89425, 97871
2026/09/22 21:56:18.077, 2, 89425, 97871
2026/09/22 21:56:18.077, 3, 89425, 97871
2026/09/22 21:56:18.277, 0, 89425, 97871
2026/09/22 21:56:18.277, 1, 89425, 97871
2026/09/22 21:56:18.277, 2, 89425, 97871
2026/09/22 21:56:18.277, 3, 89425, 97871
2026/09/22 21:56:18.477, 0, 89425, 97871
2026/09/22 21:56:18.477, 1, 89425, 97871
2026/09/22 21:56:18.477, 2, 89425, 97871
2026/09/22 21:56:18.477, 3, 89425, 97871
2026/09/22 21:56:18.677, 0, 89425, 97871
2026/09/22 21:56:18.677, 1, 89425, 97871
2026/09/22 21:56:18.677, 2, 89425, 97871
2026/09/22 21:56:18.677, 3, 89425, 97871
2026/09/22 21:56:18.877, 0, 89425, 97871
2026/09/22 21:56:18.877, 1, 89425, 97871
2026/09/22 21:56:18.878, 2, 89425, 97871
2026/09/22 21:56:18.878, 3, 89425, 97871
2026/09/22 21:56:19.078, 0, 89425, 97871
2026/09/22 21:56:19.078, 1, 89425, 97871
2026/09/22 21:56:19.078, 2, 89425, 97871
2026/09/22 21:56:19.078, 3, 89425, 97871
2026/09/22 21:56:19.278, 0, 89425, 97871
2026/09/22 21:56:19.278, 1, 89425, 97871
2026/09/22 21:56:19.278, 2, 89425, 97871
2026/09/22 21:56:19.278, 3, 89425, 97871
2026/09/22 21:56:19.478, 0, 89425, 97871
2026/09/22 21:56:19.478, 1, 89425, 97871
2026/09/22 21:56:19.478, 2, 89425, 97871
2026/09/22 21:56:19.478, 3, 89425, 97871
2026/09/22 21:56:19.678, 0, 89425, 97871
2026/09/22 21:56:19.678, 1, 89425, 97871
2026/09/22 21:56:19.678, 2, 89425, 97871
2026/09/22 21:56:19.678, 3, 89425, 97871
2026/09/22 21:56:19.878, 0, 89425, 97871
2026/09/22 21:56:19.879, 1, 89425, 97871
2026/09/22 21:56:19.879, 2, 89425, 97871
2026/09/22 21:56:19.879, 3, 89425, 97871
2026/09/22 21:56:20.079, 0, 89425, 97871
2026/09/22 21:56:20.079, 1, 89425, 97871
2026/09/22 21:56:20.079, 2, 89425, 97871
2026/09/22 21:56:20.079, 3, 89425, 97871
2026/09/22 21:56:20.279, 0, 89425, 97871
2026/09/22 21:56:20.279, 1, 89425, 97871
2026/09/22 21:56:20.279, 2, 89425, 97871
2026/09/22 21:56:20.279, 3, 89425, 97871
2026/09/22 21:56:20.479, 0, 89425, 97871
2026/09/22 21:56:20.479, 1, 89425, 97871
2026/09/22 21:56:20.479, 2, 89425, 97871
2026/09/22 21:56:20.479, 3, 89425, 97871
2026/09/22 21:56:20.680, 0, 89425, 97871
2026/09/22 21:56:20.680, 1, 89425, 97871
2026/09/22 21:56:20.680, 2, 89425, 97871
2026/09/22 21:56:20.680, 3, 89425, 97871
2026/09/22 21:56:20.880, 0, 89425, 97871
2026/09/22 21:56:20.880, 1, 89425, 97871
2026/09/22 21:56:20.880, 2, 89425, 97871
2026/09/22 21:56:20.880, 3, 89425, 97871
2026/09/22 21:56:21.080, 0, 89425, 97871
2026/09/22 21:56:21.080, 1, 89425, 97871
2026/09/22 21:56:21.080, 2, 89425, 97871
2026/09/22 21:56:21.080, 3, 89425, 97871
2026/09/22 21:56:21.280, 0, 89425, 97871
2026/09/22 21:56:21.280, 1, 89425, 97871
2026/09/22 21:56:21.280, 2, 89425, 97871
2026/09/22 21:56:21.280, 3, 89425, 97871
2026/09/22 21:56:21.480, 0, 89425, 97871
2026/09/22 21:56:21.481, 1, 89425, 97871
2026/09/22 21:56:21.481, 2, 89425, 97871
2026/09/22 21:56:21.481, 3, 89425, 97871
2026/09/22 21:56:21.681, 0, 89425, 97871
2026/09/22 21:56:21.681, 1, 89425, 97871
2026/09/22 21:56:21.681, 2, 89425, 97871
2026/09/22 21:56:21.681, 3, 89425, 97871
2026/09/22 21:56:21.881, 0, 89425, 97871
2026/09/22 21:56:21.881, 1, 89425, 97871
2026/09/22 21:56:21.881, 2, 89425, 97871
2026/09/22 21:56:21.881, 3, 89425, 97871
